2022-03-29T00:00:32,47091.09,3332.72,105.85,0.2701,16,66.3,21.94,97.11,6.712,168.27,0.6282,0.02601,0.008606,2.55,1.672,2.934,1.657,3.053,192.42,16.34,1.29,1.231,0.6,2.577,429.88,1.168,66.37,0.8638,14.01,2.649e-05,0.2627,3.459,1.4,2.676,0.2296,10.03,0.5796,8.006
2022-03-29T00:01:03,47142.27,3334.46,105.94,0.2709,16,66.3,21.99,97.14,6.715,168.67,0.6277,0.026,0.008606,2.552,1.671,2.941,1.658,3.053,192.88,16.34,1.29,1.229,0.6,2.58,430.29,1.17,66.37,0.8645,14.04,2.66e-05,0.2637,3.467,1.402,2.679,0.2298,10.05,0.5802,8.01
2022-03-29T00:01:33,47115.92,3334.78,106.03,0.2705,15.98,66.4,21.98,97.33,6.716,168.71,0.6284,0.02605,0.00862,2.547,1.671,2.939,1.656,3.053,192.98,16.34,1.29,1.229,0.6,2.582,430.44,1.169,66.35,0.8645,14.08,2.657e-05,0.264,3.463,1.403,2.677,0.2297,10.05,0.5849,8.011
2022-03-29T00:02:03,47164.13,3339.34,106.03,0.2707,15.98,66.4,21.99,97.4,6.712,168.9,0.6287,0.02608,0.008661,2.55,1.679,2.942,1.657,3.053,193.61,16.33,1.289,1.229,0.6,2.594,430.54,1.173,66.37,0.8658,14.12,2.659e-05,0.2634,3.464,1.404,2.679,0.2299,10.05,0.585,8.01
2022-03-29T00:02:33,47162.37,3339.47,106.04,0.2711,15.98,66.4,22.02,97.48,6.715,168.91,0.6287,0.02611,0.008708,2.55,1.683,2.942,1.658,3.053,193.85,16.33,1.289,1.229,0.6,2.592,430.89,1.173,66.58,0.8651,14.12,2.666e-05,0.2643,3.472,1.405,2.682,0.23,10.07,0.5868,8.035
2022-03-29T00:03:03,47151.3,3339.25,106.35,0.2714,15.98,66.4,22.02,97.57,6.711,168.97,0.6349,0.0262,0.008708,2.549,1.683,2.941,1.663,3.053,193.84,16.33,1.289,1.228,0.6,2.591,430.87,1.173,66.6,0.8652,14.13,2.667e-05,0.2644,3.474,1.406,2.684,0.2301,10.07,0.587,8.036
2022-03-29T00:03:33,47148.1,3338.76,106.32,0.2714,15.89,66.4,22.02,97.59,6.707,168.97,0.6321,0.02623,0.008704,2.549,1.685,2.933,1.663,3.051,193.81,16.33,1.289,1.228,0.6,2.59,430.81,1.173,66.61,0.8648,14.02,2.666e-05,0.2641,3.472,1.406,2.683,0.2301,10.06,0.5874,8.046
2022-03-29T00:04:03,47150.57,3338.44,106.34,0.2717,15.88,66.4,22.02,97.68,6.708,169,0.6329,0.02632,0.008675,2.549,1.688,2.933,1.663,3.051,193.87,16.33,1.289,1.228,0.6,2.591,430.75,1.174,66.74,0.8659,14.01,2.668e-05,0.2644,3.475,1.406,2.686,0.2301,10.07,0.5874,8.052
2022-03-29T00:04:34,47153.84,3339.04,106.37,0.2717,15.88,66.4,22.03,97.85,6.708,169.09,0.6329,0.02633,0.008712,2.549,1.688,2.933,1.663,3.051,193.95,16.33,1.29,1.23,0.6,2.59,430.79,1.173,66.79,0.8673,14.01,2.67e-05,0.2645,3.479,1.407,2.69,0.2304,10.08,0.5875,8.059
2022-03-29T00:05:04,47149.43,3339.76,106.68,0.2718,15.88,66.6,22.06,97.98,6.72,169.11,0.6358,0.02637,0.008712,2.549,1.689,2.925,1.663,3.055,194.09,16.33,1.29,1.23,0.6,2.594,430.98,1.173,66.84,0.8666,13.94,2.67e-05,0.2648,3.479,1.406,2.691,0.2303,10.1,0.587,8.066
2022-03-29T00:05:34,47166.79,3340.14,106.81,0.2719,15.87,66.6,22.05,97.98,6.737,169.09,0.6364,0.02641,0.008741,2.545,1.688,2.926,1.663,3.053,194.11,16.32,1.29,1.23,0.6,2.594,431.18,1.173,66.9,0.8666,13.96,2.671e-05,0.2649,3.48,1.407,2.695,0.2303,10.11,0.5869,8.072
2022-03-29T00:06:04,47174.17,3340.26,106.82,0.2718,15.86,66.7,22.05,97.95,6.734,169.28,0.6366,0.02636,0.00872,2.546,1.69,2.927,1.663,3.053,194.24,16.32,1.29,1.227,0.6,2.595,431.12,1.174,67,0.8671,13.95,2.67e-05,0.2653,3.481,1.407,2.696,0.2304,10.13,0.5871,8.068
2022-03-29T00:06:34,47150.32,3338.91,106.52,0.2715,15.86,66.7,22.02,97.88,6.753,168.96,0.6389,0.02636,0.008691,2.545,1.692,2.925,1.662,3.055,194.02,16.32,1.285,1.227,0.6,2.59,430.97,1.173,66.86,0.867,13.91,2.667e-05,0.2646,3.475,1.404,2.695,0.2303,10.13,0.5878,8.064
2022-03-29T00:07:04,47154.55,3337.9,106.55,0.2714,15.82,66.7,22.01,97.85,6.765,169.06,0.6393,0.02631,0.008684,2.527,1.695,2.925,1.661,3.054,193.94,16.32,1.285,1.227,0.6,2.59,430.83,1.172,66.89,0.8664,13.8,2.664e-05,0.264,3.471,1.402,2.695,0.2302,10.13,0.5869,8.069
2022-03-29T00:07:34,47160.06,3338.48,106.57,0.2713,15.79,66.7,22.02,97.96,6.776,169.2,0.64,0.02636,0.008667,2.523,1.694,2.925,1.662,3.054,194.13,16.32,1.285,1.222,0.6,2.591,431.03,1.173,66.88,0.8662,13.69,2.667e-05,0.2647,3.475,1.403,2.696,0.2302,10.2,0.5869,8.065
2022-03-29T00:08:04,47140.72,3337.65,106.55,0.2715,15.79,66.6,22.01,97.95,6.782,169.07,0.64,0.02638,0.008667,2.521,1.693,2.924,1.661,3.054,193.89,16.36,1.285,1.222,0.6,2.591,430.98,1.17,66.87,0.8657,13.79,2.665e-05,0.264,3.478,1.403,2.696,0.2302,10.2,0.5868,8.065
2022-03-29T00:08:35,47152.47,3336.78,106.81,0.2716,15.79,66.6,22.03,97.98,6.784,169.31,0.6403,0.02639,0.008667,2.519,1.693,2.924,1.662,3.054,193.97,16.36,1.285,1.225,0.6,2.592,430.84,1.172,66.92,0.8657,13.79,2.663e-05,0.2645,3.479,1.403,2.696,0.2305,10.19,0.5882,8.067
2022-03-29T00:09:05,47171.29,3337.82,106.83,0.2717,15.79,66.7,22.06,98.13,6.8,169.72,0.6425,0.0264,0.008667,2.52,1.691,2.926,1.662,3.063,194.2,16.36,1.285,1.223,0.6,2.596,430.99,1.175,67.13,0.8663,13.88,2.666e-05,0.2648,3.488,1.406,2.701,0.2307,10.2,0.5885,8.068
2022-03-29T00:09:35,47230.21,3339.11,107.03,0.2728,15.79,66.7,22.07,98.35,6.8,169.8,0.6416,0.02644,0.008667,2.519,1.691,2.929,1.667,3.061,194.34,16.36,1.285,1.227,0.6,2.599,431.68,1.176,67.14,0.8669,13.92,2.674e-05,0.2652,3.493,1.407,2.705,0.2308,10.21,0.5895,8.078
2022-03-29T00:10:05,47240.61,3340.31,107.09,0.273,15.79,66.7,22.14,98.48,6.805,169.95,0.6416,0.02651,0.008667,2.52,1.692,2.929,1.667,3.061,194.45,16.36,1.285,1.229,0.6,2.6,432.17,1.177,67.13,0.8682,13.97,2.677e-05,0.2658,3.494,1.408,2.705,0.2309,10.21,0.591,8.082
2022-03-29T00:10:36,47293.91,3345.24,107.11,0.2729,15.79,67.2,22.14,98.74,6.813,170.16,0.6421,0.02658,0.008667,2.523,1.695,2.933,1.668,3.061,194.64,16.36,1.285,1.229,0.6,2.602,432.38,1.178,67.18,0.8686,13.97,2.68e-05,0.2658,3.495,1.408,2.705,0.2314,10.22,0.591,8.083
2022-03-29T00:11:06,47297.09,3345.2,107.23,0.2729,15.79,67.2,22.13,98.88,6.808,170.17,0.6434,0.02664,0.00871,2.521,1.695,2.933,1.67,3.072,194.66,16.35,1.285,1.229,0.6,2.603,432.64,1.177,67.2,0.8686,13.96,2.685e-05,0.2664,3.495,1.409,2.706,0.2314,10.29,0.5903,8.089
2022-03-29T00:11:36,47296.04,3344.29,107.24,0.273,15.79,67.2,22.12,98.93,6.811,170.15,0.6451,0.02665,0.008735,2.521,1.696,2.933,1.67,3.072,194.47,16.35,1.285,1.229,0.6,2.604,432.7,1.177,67.19,0.8686,13.96,2.684e-05,0.266,3.495,1.414,2.706,0.2313,10.29,0.5899,8.097
2022-03-29T00:12:07,47326.47,3347.42,107.28,0.2738,15.79,67.2,22.13,99.07,6.816,170.39,0.6451,0.02666,0.008781,2.523,1.697,2.935,1.67,3.073,194.29,16.35,1.285,1.23,0.6,2.609,433.12,1.178,67.21,0.8687,13.99,2.685e-05,0.2662,3.499,1.415,2.711,0.2316,10.28,0.5899,8.094
2022-03-29T00:12:37,47319.81,3348.34,107.32,0.2737,15.79,67.2,22.14,99.33,6.826,170.27,0.6452,0.0267,0.008781,2.523,1.697,2.931,1.671,3.074,194.22,16.35,1.285,1.23,0.6,2.608,433.23,1.179,67.24,0.8687,13.97,2.683e-05,0.2662,3.499,1.414,2.712,0.2316,10.28,0.5913,8.096
2022-03-29T00:13:07,47318.93,3348.94,107.4,0.2738,15.79,67.2,22.15,99.34,6.831,170.26,0.6454,0.02669,0.008767,2.519,1.697,2.93,1.672,3.074,194.08,16.35,1.285,1.233,0.6,2.609,433.24,1.179,67.31,0.8687,13.98,2.684e-05,0.2662,3.498,1.414,2.711,0.2317,10.28,0.5913,8.119
2022-03-29T00:13:37,47304.16,3348.56,107.39,0.2739,15.82,67.2,22.15,99.29,6.82,170.18,0.6444,0.02668,0.008782,2.518,1.703,2.929,1.671,3.073,193.95,16.35,1.285,1.232,0.6,2.608,433.15,1.178,67.29,0.8685,13.99,2.683e-05,0.2661,3.499,1.414,2.711,0.2316,10.27,0.5909,8.124
2022-03-29T00:14:07,47292.28,3346.63,107.37,0.274,15.82,67.1,22.15,99.35,6.822,170.05,0.6444,0.02668,0.008782,2.518,1.705,2.928,1.67,3.073,194,16.34,1.285,1.228,0.6,2.607,433.03,1.178,67.25,0.8681,13.98,2.682e-05,0.2662,3.498,1.414,2.711,0.2315,10.27,0.5908,8.119
2022-03-29T00:14:37,47272.16,3346.2,107.38,0.274,15.82,67.1,22.15,99.36,6.82,169.86,0.6439,0.02667,0.008751,2.517,1.704,2.927,1.67,3.076,193.92,16.34,1.285,1.231,0.6,2.607,432.78,1.177,67.2,0.868,13.98,2.681e-05,0.2656,3.498,1.414,2.709,0.2315,10.25,0.591,8.122
2022-03-29T00:15:07,47260.25,3346.28,107.38,0.2744,15.82,67.1,22.14,99.28,6.821,169.84,0.644,0.02664,0.008751,2.519,1.705,2.926,1.67,3.076,193.92,16.34,1.285,1.231,0.6,2.606,432.53,1.177,67.16,0.8674,13.99,2.679e-05,0.2656,3.497,1.413,2.708,0.2316,10.24,0.591,8.124
2022-03-29T00:15:38,47272.65,3346.68,107.41,0.2745,15.82,67.1,22.15,99.3,6.822,170.2,0.6425,0.0267,0.008754,2.519,1.705,2.927,1.67,3.076,194.06,16.34,1.285,1.228,0.6,2.607,432.6,1.178,67.16,0.8674,13.99,2.681e-05,0.2656,3.499,1.411,2.709,0.2318,10.24,0.5915,8.119
2022-03-29T00:16:08,47331.53,3347.91,107.47,0.2752,15.82,67,22.16,99.4,6.823,170.45,0.6425,0.02672,0.008754,2.52,1.705,2.931,1.673,3.081,194.28,16.34,1.285,1.228,0.6,2.608,433.09,1.178,67.21,0.8677,13.97,2.686e-05,0.2666,3.502,1.413,2.713,0.2319,10.26,0.5919,8.127
2022-03-29T00:16:38,47323.41,3348.73,107.47,0.2752,15.82,67,22.18,99.54,6.823,170.49,0.6425,0.02676,0.008754,2.519,1.705,2.93,1.673,3.082,194.66,16.34,1.285,1.228,0.6,2.612,433.37,1.18,67.34,0.8679,13.98,2.688e-05,0.2671,3.505,1.416,2.714,0.2319,10.27,0.592,8.125
2022-03-29T00:17:08,47381.86,3352.3,107.64,0.2754,15.87,67,22.2,99.57,6.827,170.64,0.6425,0.0268,0.008754,2.523,1.707,2.934,1.674,3.082,194.9,16.38,1.285,1.234,0.6,2.615,433.41,1.18,67.35,0.8682,14.01,2.692e-05,0.267,3.506,1.417,2.717,0.232,10.31,0.592,8.126
2022-03-29T00:17:38,47402.41,3350.95,107.62,0.2752,15.87,67.3,22.19,99.6,6.836,170.52,0.6426,0.02683,0.008754,2.519,1.708,2.935,1.674,3.082,194.82,16.38,1.285,1.235,0.6,2.611,433.52,1.18,67.47,0.8696,14,2.691e-05,0.2668,3.506,1.417,2.716,0.232,10.31,0.5921,8.13
2022-03-29T00:18:08,47358.38,3348.31,107.59,0.2749,15.89,67.3,22.19,99.62,6.838,170.49,0.6426,0.02673,0.008741,2.52,1.706,2.932,1.672,3.082,194.73,16.38,1.285,1.235,0.6,2.613,433.44,1.179,67.38,0.8695,13.9,2.687e-05,0.267,3.503,1.416,2.713,0.2318,10.31,0.5921,8.129
2022-03-29T00:18:38,47336.99,3348.8,107.39,0.2749,15.89,67.3,22.19,99.59,6.833,170.3,0.6462,0.02664,0.008741,2.519,1.705,2.935,1.67,3.082,194.71,16.38,1.285,1.234,0.6,2.614,433.36,1.179,67.28,0.8692,13.91,2.682e-05,0.2669,3.502,1.414,2.711,0.2318,10.31,0.5915,8.127
2022-03-29T00:19:09,47337.02,3347.85,107.39,0.2745,15.89,67.1,22.17,99.56,6.831,170.32,0.6462,0.02663,0.008721,2.523,1.705,2.935,1.67,3.083,194.69,16.38,1.285,1.234,0.6,2.613,433.25,1.179,67.24,0.869,13.91,2.68e-05,0.2667,3.501,1.414,2.71,0.2318,10.28,0.5914,8.123
2022-03-29T00:19:39,47326,3347.5,107.38,0.274,15.6,67.1,22.17,99.46,6.831,170.21,0.6459,0.0266,0.008709,2.522,1.705,2.935,1.67,3.083,194.59,16.38,1.285,1.234,0.6,2.613,432.83,1.179,67.2,0.8688,13.88,2.678e-05,0.2663,3.497,1.413,2.708,0.232,10.28,0.5904,8.12
2022-03-29T00:20:09,47266.63,3347.33,107.38,0.2739,15.6,67.1,22.16,99.5,6.834,170.1,0.646,0.0266,0.008724,2.519,1.705,2.931,1.67,3.091,194.48,16.38,1.285,1.234,0.6,2.615,432.73,1.179,67.21,0.8687,13.79,2.675e-05,0.2665,3.497,1.412,2.708,0.2323,10.27,0.5901,8.116
2022-03-29T00:20:39,47262.94,3346.86,107.37,0.2737,15.6,67.1,22.16,99.35,6.835,170.02,0.6466,0.02664,0.008724,2.521,1.706,2.931,1.67,3.091,194.42,16.38,1.285,1.234,0.6,2.614,432.51,1.179,67.2,0.8678,13.82,2.673e-05,0.2663,3.496,1.411,2.706,0.2322,10.27,0.5877,8.12
2022-03-29T00:21:09,47254.73,3345.5,107.27,0.2739,15.6,67.1,22.15,99.3,6.834,169.96,0.6452,0.0267,0.008703,2.52,1.707,2.93,1.669,3.091,194.23,16.39,1.285,1.238,0.6,2.614,432.45,1.179,67.19,0.8677,13.81,2.668e-05,0.2663,3.495,1.411,2.707,0.2322,10.27,0.5866,8.117
2022-03-29T00:21:39,47267.91,3344.22,107.26,0.2739,15.6,67,22.14,99.27,6.835,169.95,0.6438,0.02675,0.008703,2.521,1.707,2.931,1.669,3.09,194.24,16.39,1.285,1.238,0.6,2.615,432.38,1.179,67.2,0.8677,13.87,2.67e-05,0.2662,3.494,1.411,2.706,0.2322,10.27,0.5866,8.112
2022-03-29T00:22:09,47318.83,3347.32,107.28,0.2745,15.6,67,22.16,99.36,6.85,170.36,0.6438,0.02681,0.008725,2.524,1.709,2.934,1.671,3.09,194.43,16.39,1.285,1.238,0.6,2.616,432.52,1.179,67.29,0.8691,13.89,2.675e-05,0.2665,3.501,1.411,2.709,0.2323,10.26,0.5875,8.115
2022-03-29T00:22:39,47317.62,3346.96,107.47,0.2747,15.6,67,22.16,99.78,6.85,170.41,0.6464,0.02684,0.008725,2.524,1.709,2.934,1.671,3.09,194.48,16.39,1.285,1.239,0.6,2.619,432.65,1.182,67.32,0.8696,13.9,2.679e-05,0.2668,3.506,1.415,2.71,0.2324,10.27,0.5877,8.124
2022-03-29T00:23:09,47340.18,3347.73,107.47,0.2748,15.6,67,22.18,99.8,6.839,170.33,0.6448,0.02687,0.00873,2.523,1.712,2.944,1.671,3.098,194.46,16.39,1.285,1.244,0.6,2.623,432.92,1.182,67.32,0.8699,13.9,2.679e-05,0.2666,3.507,1.416,2.712,0.2324,10.27,0.5877,8.124
2022-03-29T00:23:40,47332.27,3348.17,107.56,0.2749,15.6,67,22.19,99.75,6.838,170.36,0.6449,0.02685,0.008763,2.521,1.716,2.94,1.672,3.098,194.71,16.39,1.285,1.244,0.6,2.625,432.95,1.182,67.31,0.8698,13.91,2.681e-05,0.2667,3.507,1.416,2.712,0.2325,10.27,0.5874,8.127
2022-03-29T00:24:10,47326.5,3349.19,107.54,0.2747,15.6,67.1,22.18,99.48,6.84,170.44,0.6448,0.02685,0.008748,2.521,1.722,2.94,1.672,3.098,194.95,16.39,1.285,1.244,0.6,2.625,432.74,1.182,67.26,0.8696,13.9,2.68e-05,0.2664,3.506,1.414,2.712,0.2325,10.26,0.5869,8.128
2022-03-29T00:24:40,47328.86,3350.8,107.55,0.2747,15.6,67,22.2,99.44,6.84,170.55,0.6434,0.02685,0.008748,2.521,1.735,2.94,1.672,3.102,195.09,16.39,1.285,1.241,0.6,2.627,432.73,1.182,67.26,0.8696,13.94,2.682e-05,0.2667,3.508,1.414,2.716,0.2327,10.26,0.5869,8.128
2022-03-29T00:25:10,47340.54,3352.06,107.88,0.2751,15.6,67,22.2,99.38,6.845,170.52,0.6414,0.02688,0.008742,2.521,1.738,2.94,1.674,3.102,195.18,16.39,1.285,1.241,0.6,2.629,432.98,1.182,67.29,0.8699,13.97,2.688e-05,0.267,3.509,1.415,2.716,0.233,10.28,0.5869,8.129
2022-03-29T00:25:40,47377.07,3355.7,107.87,0.2752,15.57,67.1,22.2,99.38,6.845,170.65,0.6426,0.02689,0.008738,2.523,1.741,2.94,1.675,3.111,195.52,16.39,1.285,1.241,0.6,2.637,433.21,1.183,67.31,0.8707,13.95,2.689e-05,0.2673,3.511,1.418,2.716,0.2331,10.28,0.5871,8.131
2022-03-29T00:26:10,47377.57,3355.73,107.87,0.2752,15.57,67.1,22.2,99.37,6.848,170.66,0.6426,0.02689,0.008752,2.521,1.742,2.95,1.675,3.121,195.66,16.39,1.285,1.242,0.6,2.635,433.21,1.183,67.31,0.8707,13.98,2.689e-05,0.2676,3.511,1.419,2.717,0.2332,10.29,0.5873,8.136
2022-03-29T00:26:40,47337.43,3353.66,107.85,0.2751,15.57,67.1,22.19,99.33,6.849,170.53,0.6427,0.0269,0.008752,2.519,1.742,2.95,1.675,3.121,195.6,16.39,1.285,1.243,0.6,2.629,432.93,1.183,67.3,0.8705,13.94,2.686e-05,0.2672,3.508,1.418,2.717,0.2332,10.28,0.5872,8.135
2022-03-29T00:27:11,47337.15,3353.95,107.85,0.2748,15.57,67.1,22.18,99.4,6.851,170.55,0.642,0.02684,0.008752,2.519,1.746,2.95,1.676,3.117,195.53,16.39,1.285,1.243,0.6,2.633,432.97,1.183,67.29,0.8705,13.94,2.687e-05,0.2674,3.508,1.418,2.717,0.2332,10.28,0.5872,8.136
2022-03-29T00:27:41,47332.39,3354.34,107.81,0.2747,15.57,67.1,22.18,99.42,6.852,170.47,0.642,0.02684,0.008752,2.532,1.748,2.96,1.675,3.117,195.4,16.39,1.285,1.24,0.6,2.635,432.89,1.183,67.22,0.8704,13.92,2.69e-05,0.2673,3.508,1.416,2.717,0.2333,10.27,0.5865,8.135
2022-03-29T00:28:11,47338.42,3354.46,107.81,0.2743,15.57,67.1,22.18,99.39,6.845,170.46,0.642,0.02684,0.008752,2.533,1.75,2.96,1.675,3.117,195.37,16.39,1.285,1.239,0.6,2.637,432.97,1.183,67.19,0.8708,13.92,2.691e-05,0.2673,3.507,1.416,2.717,0.2333,10.27,0.5863,8.135
2022-03-29T00:28:41,47344.18,3355.1,107.82,0.2744,15.57,67.3,22.19,99.19,6.845,170.52,0.6421,0.02685,0.008752,2.536,1.751,2.96,1.675,3.117,195.27,16.39,1.285,1.237,0.6,2.637,432.95,1.183,67.15,0.8709,13.94,2.692e-05,0.2675,3.508,1.416,2.717,0.2333,10.26,0.5864,8.132
2022-03-29T00:29:11,47355.65,3356.51,107.97,0.2744,15.6,67.3,22.21,99.13,6.844,170.55,0.6433,0.02684,0.008732,2.539,1.752,2.96,1.675,3.114,195.37,16.39,1.285,1.237,0.6,2.643,433.43,1.184,67.2,0.8709,13.96,2.692e-05,0.2676,3.509,1.418,2.717,0.2334,10.26,0.5864,8.132
2022-03-29T00:29:41,47351.53,3356.44,107.87,0.2743,15.6,67.3,22.22,99.12,6.844,170.54,0.6433,0.02683,0.008755,2.539,1.753,2.96,1.675,3.114,195.34,16.39,1.285,1.237,0.6,2.642,433.45,1.184,67.17,0.8715,13.97,2.692e-05,0.2673,3.511,1.418,2.717,0.2337,10.26,0.5886,8.132
2022-03-29T00:30:11,47351.59,3356.08,107.86,0.2742,15.6,67.5,22.22,99.12,6.844,170.61,0.6418,0.02683,0.008732,2.539,1.756,2.96,1.675,3.114,195.39,16.39,1.285,1.244,0.6,2.641,433.37,1.184,67.18,0.8715,13.99,2.692e-05,0.2673,3.514,1.418,2.717,0.2337,10.26,0.5889,8.136
2022-03-29T00:30:41,47362.22,3358.58,107.93,0.2752,15.6,67.5,22.23,99.12,6.846,170.77,0.6407,0.02683,0.008732,2.54,1.757,2.96,1.676,3.111,195.64,16.39,1.285,1.247,0.6,2.644,433.28,1.184,67.2,0.8716,13.99,2.693e-05,0.2673,3.515,1.418,2.717,0.2337,10.27,0.5889,8.136
2022-03-29T00:31:12,47366.58,3358.81,107.95,0.2752,15.6,67.5,22.23,99.06,6.848,170.82,0.6414,0.02684,0.008747,2.54,1.759,2.96,1.676,3.111,195.78,16.39,1.285,1.247,0.6,2.649,433.32,1.184,67.25,0.8717,13.98,2.692e-05,0.2672,3.515,1.418,2.718,0.2336,10.28,0.5874,8.138
2022-03-29T00:31:42,47381.33,3359.17,107.96,0.2754,15.6,67.5,22.23,99.08,6.848,170.87,0.6414,0.02684,0.008747,2.539,1.758,2.96,1.678,3.111,195.87,16.39,1.285,1.247,0.6,2.65,433.42,1.185,67.25,0.8717,13.98,2.693e-05,0.2674,3.515,1.419,2.718,0.2335,10.3,0.5874,8.137
2022-03-29T00:32:12,47381.76,3359.02,107.9,0.2754,15.6,67.5,22.23,99.08,6.848,171.03,0.641,0.02685,0.008747,2.537,1.764,2.97,1.678,3.112,195.85,16.39,1.285,1.248,0.6,2.652,433.4,1.185,67.25,0.8715,14,2.696e-05,0.2671,3.514,1.419,2.718,0.2335,10.31,0.5874,8.137
2022-03-29T00:32:42,47372.86,3357.85,107.89,0.2754,15.6,67.5,22.23,99.13,6.845,171.01,0.641,0.02684,0.008747,2.537,1.767,2.97,1.678,3.111,195.83,16.39,1.285,1.245,0.6,2.652,433.25,1.184,67.24,0.8713,14,2.696e-05,0.267,3.514,1.421,2.718,0.2335,10.31,0.587,8.137
2022-03-29T00:33:12,47367.51,3358.05,107.9,0.2754,15.6,67.5,22.23,99.14,6.838,171.03,0.641,0.02683,0.008747,2.539,1.767,2.97,1.679,3.111,195.83,16.39,1.285,1.245,0.6,2.653,433.2,1.184,67.23,0.8711,14.02,2.696e-05,0.2671,3.513,1.421,2.717,0.2335,10.31,0.587,8.137
2022-03-29T00:33:42,47370.88,3357.92,107.81,0.2754,15.6,67.6,22.23,99.13,6.841,171.05,0.641,0.02681,0.008732,2.539,1.769,2.97,1.679,3.104,195.87,16.39,1.285,1.244,0.6,2.653,433.2,1.185,67.19,0.8711,14,2.696e-05,0.2671,3.514,1.42,2.717,0.2336,10.31,0.5868,8.137
2022-03-29T00:34:12,47395.26,3358.21,107.84,0.2755,15.66,67.6,22.23,99.07,6.845,171.15,0.641,0.02682,0.008751,2.54,1.779,2.97,1.679,3.105,195.91,16.39,1.285,1.244,0.6,2.654,433.17,1.185,67.23,0.8712,14.01,2.698e-05,0.2673,3.516,1.421,2.719,0.2336,10.31,0.5868,8.136
2022-03-29T00:34:43,47388.26,3358.05,107.84,0.2752,15.66,67.6,22.23,99.05,6.852,171.21,0.6412,0.02681,0.008751,2.54,1.779,2.97,1.679,3.107,195.93,16.39,1.285,1.243,0.6,2.651,433.21,1.184,67.24,0.8712,14.01,2.699e-05,0.2672,3.516,1.421,2.719,0.2336,10.32,0.5873,8.136
2022-03-29T00:35:13,47381.3,3356.57,107.89,0.2751,15.66,67.6,22.23,98.81,6.862,171.16,0.6425,0.02676,0.00875,2.539,1.782,2.97,1.678,3.107,195.83,16.36,1.285,1.243,0.6,2.639,433.07,1.183,67.25,0.8711,14.01,2.695e-05,0.2671,3.516,1.421,2.718,0.2336,10.31,0.5873,8.136
2022-03-29T00:35:43,47387.08,3358.37,107.9,0.2751,15.66,67.6,22.24,98.87,6.858,171.32,0.6425,0.02675,0.008732,2.539,1.782,2.97,1.678,3.107,195.84,16.36,1.285,1.243,0.6,2.638,433.13,1.184,67.25,0.871,13.99,2.695e-05,0.2675,3.516,1.42,2.719,0.2336,10.31,0.5873,8.136
2022-03-29T00:36:13,47393.53,3358.66,107.9,0.2754,15.66,67.6,22.24,98.88,6.858,171.33,0.6428,0.02692,0.008732,2.535,1.782,2.97,1.678,3.107,195.76,16.36,1.285,1.242,0.6,2.638,433.18,1.184,67.27,0.8712,13.99,2.694e-05,0.2673,3.517,1.418,2.721,0.2336,10.33,0.5875,8.137
2022-03-29T00:36:43,47392.81,3359.9,107.9,0.2755,15.66,67.6,22.24,98.87,6.859,171.22,0.6425,0.02694,0.008732,2.535,1.783,2.97,1.678,3.107,195.86,16.36,1.29,1.243,0.6,2.639,433.2,1.185,67.31,0.8713,13.99,2.695e-05,0.2672,3.523,1.418,2.723,0.2337,10.33,0.5877,8.137
2022-03-29T00:37:13,47390.8,3363.36,107.9,0.2755,15.66,67.6,22.24,98.86,6.861,171.32,0.642,0.02696,0.008732,2.535,1.784,2.97,1.68,3.107,195.82,16.36,1.29,1.248,0.6,2.641,433.33,1.185,67.38,0.8713,13.99,2.696e-05,0.2671,3.525,1.418,2.723,0.2336,10.34,0.5878,8.132
2022-03-29T00:37:43,47412.52,3363.96,107.9,0.2759,15.66,67.6,22.25,98.88,6.862,171.33,0.642,0.02701,0.008732,2.536,1.788,2.97,1.68,3.107,195.85,16.37,1.29,1.248,0.6,2.641,433.44,1.186,67.46,0.8714,14.01,2.697e-05,0.2673,3.527,1.419,2.725,0.2337,10.34,0.5882,8.133
2022-03-29T00:38:13,47414.92,3363.95,107.9,0.2758,15.66,67.6,22.26,98.89,6.862,171.34,0.6417,0.027,0.008732,2.536,1.789,2.97,1.679,3.089,195.88,16.38,1.29,1.248,0.6,2.643,433.58,1.186,67.48,0.8717,14.03,2.697e-05,0.2674,3.528,1.419,2.725,0.2337,10.36,0.5878,8.133
2022-03-29T00:38:43,47400.62,3364.06,107.9,0.2758,15.66,67.8,22.25,98.88,6.861,171.34,0.6418,0.02695,0.008732,2.535,1.786,2.97,1.679,3.089,195.88,16.38,1.29,1.248,0.6,2.644,433.5,1.186,67.48,0.8716,14.06,2.702e-05,0.2673,3.526,1.42,2.725,0.2337,10.36,0.5877,8.131
2022-03-29T00:39:14,47398.96,3363.98,107.9,0.2759,15.66,67.8,22.26,98.81,6.854,171.32,0.6418,0.02696,0.008751,2.535,1.784,2.97,1.679,3.089,195.97,16.4,1.29,1.252,0.6,2.644,433.43,1.186,67.5,0.8712,14.04,2.705e-05,0.2673,3.532,1.42,2.725,0.2336,10.36,0.5874,8.132
2022-03-29T00:39:44,47391.68,3363.77,107.92,0.276,15.66,67.7,22.26,98.78,6.854,171.42,0.6418,0.02697,0.008755,2.535,1.78,2.97,1.679,3.09,196.16,16.4,1.29,1.254,0.6,2.645,433.5,1.186,67.51,0.8713,14.07,2.708e-05,0.2673,3.532,1.422,2.725,0.2337,10.35,0.587,8.142
2022-03-29T00:40:14,47388.24,3363.6,107.92,0.276,15.66,67.8,22.27,98.75,6.854,171.45,0.6421,0.02701,0.008755,2.535,1.779,2.97,1.679,3.09,196.16,16.4,1.29,1.254,0.6,2.65,433.49,1.186,67.51,0.8712,14.1,2.706e-05,0.2673,3.532,1.423,2.725,0.2336,10.34,0.5872,8.142
2022-03-29T00:40:44,47399.58,3364.14,107.94,0.276,15.66,67.8,22.27,98.75,6.859,171.45,0.6417,0.02701,0.008773,2.535,1.78,2.97,1.679,3.086,196.09,16.4,1.29,1.254,0.6,2.651,433.52,1.186,67.51,0.8713,14.1,2.705e-05,0.268,3.532,1.423,2.725,0.2337,10.34,0.588,8.143
2022-03-29T00:41:14,47395.35,3364.18,107.88,0.276,15.66,67.8,22.27,98.78,6.859,171.45,0.6422,0.027,0.008755,2.536,1.78,2.97,1.679,3.089,196.03,16.4,1.29,1.254,0.6,2.652,433.51,1.186,67.51,0.8713,14.1,2.702e-05,0.2676,3.53,1.424,2.725,0.2337,10.34,0.5879,8.138
2022-03-29T00:41:44,47391.96,3363.44,107.82,0.2761,15.66,67.8,22.26,98.92,6.864,171.5,0.6422,0.02697,0.008755,2.536,1.781,2.97,1.679,3.089,195.99,16.4,1.29,1.254,0.6,2.653,433.51,1.186,67.52,0.8713,14.1,2.701e-05,0.2675,3.527,1.424,2.725,0.2337,10.31,0.5879,8.141
2022-03-29T00:42:14,47371.85,3362.64,107.8,0.2761,15.66,67.7,22.26,98.91,6.861,171.43,0.6431,0.02696,0.008755,2.535,1.783,2.97,1.679,3.093,195.91,16.4,1.29,1.256,0.6,2.647,433.16,1.186,67.5,0.8713,14.1,2.699e-05,0.2669,3.525,1.423,2.725,0.2336,10.3,0.5882,8.14
2022-03-29T00:42:44,47366.71,3360.39,107.47,0.276,15.66,67.8,22.22,98.84,6.863,171.14,0.6418,0.0269,0.008755,2.536,1.786,2.97,1.677,3.093,195.92,16.4,1.29,1.256,0.6,2.648,432.9,1.186,67.48,0.8711,14.12,2.698e-05,0.2667,3.519,1.423,2.722,0.2333,10.31,0.5876,8.132
2022-03-29T00:43:15,47346.14,3360.32,107.56,0.276,15.66,67.8,22.23,98.73,6.859,171.09,0.6421,0.0269,0.008755,2.535,1.787,2.97,1.677,3.093,195.91,16.4,1.29,1.257,0.6,2.651,432.87,1.186,67.43,0.8698,14.12,2.699e-05,0.2663,3.52,1.423,2.722,0.2333,10.31,0.5876,8.132
2022-03-29T00:43:45,47354.52,3361.22,107.58,0.2761,15.66,67.8,22.24,98.77,6.857,171.19,0.6421,0.02695,0.008755,2.534,1.787,2.97,1.677,3.095,196.04,16.41,1.29,1.257,0.6,2.654,432.96,1.186,67.37,0.8698,14.12,2.701e-05,0.2666,3.523,1.423,2.724,0.2332,10.31,0.5875,8.13
2022-03-29T00:44:15,47362.84,3365.01,107.59,0.2761,15.66,67.8,22.25,98.78,6.857,171.2,0.6428,0.02697,0.008755,2.534,1.787,2.97,1.679,3.095,196.1,16.44,1.29,1.257,0.6,2.655,433.36,1.189,67.36,0.8705,14.14,2.703e-05,0.2669,3.524,1.423,2.725,0.2331,10.31,0.5875,8.134
2022-03-29T00:44:45,47370.78,3365.46,107.82,0.276,15.66,67.8,22.27,98.81,6.859,171.45,0.6428,0.02698,0.008755,2.535,1.787,2.97,1.68,3.095,196.37,16.44,1.29,1.257,0.6,2.661,433.42,1.191,67.49,0.8713,14.13,2.704e-05,0.2673,3.526,1.423,2.728,0.2333,10.31,0.5895,8.134
2022-03-29T00:45:15,47383.64,3365.74,107.83,0.276,15.66,67.8,22.27,99.13,6.86,171.67,0.6428,0.02698,0.008773,2.533,1.787,2.97,1.68,3.095,196.48,16.67,1.295,1.257,0.6,2.663,433.57,1.193,67.52,0.8714,14.15,2.704e-05,0.2673,3.527,1.426,2.728,0.2336,10.31,0.5898,8.135
2022-03-29T00:45:46,47507.48,3367.91,107.87,0.2762,15.66,67.8,22.3,99.22,6.86,171.74,0.6428,0.02699,0.008778,2.536,1.79,2.97,1.682,3.095,196.49,17.38,1.298,1.258,0.6,2.665,433.89,1.193,67.53,0.8723,14.15,2.708e-05,0.2673,3.529,1.428,2.729,0.2337,10.32,0.5898,8.139
2022-03-29T00:46:16,47523.69,3371.16,108.12,0.2762,15.71,67.8,22.31,99.29,6.878,171.78,0.6428,0.02716,0.008784,2.537,1.786,2.97,1.682,3.105,196.92,17.06,1.298,1.258,0.6,2.67,433.91,1.194,67.51,0.8725,14.18,2.712e-05,0.2678,3.529,1.428,2.73,0.2336,10.33,0.5906,8.142
2022-03-29T00:46:46,47496.58,3370.64,108.08,0.2762,15.71,67.8,22.31,99.39,6.885,171.88,0.6414,0.02714,0.008784,2.535,1.783,2.99,1.682,3.105,196.81,17.03,1.298,1.258,0.6,2.67,433.93,1.195,67.44,0.8726,14.18,2.71e-05,0.268,3.532,1.427,2.731,0.2336,10.33,0.5905,8.127
2022-03-29T00:47:16,47498.7,3368.84,108.1,0.2762,15.73,67.8,22.3,99.36,6.882,171.88,0.6449,0.02714,0.008751,2.534,1.779,2.99,1.683,3.105,196.99,17.12,1.298,1.258,0.6,2.671,433.93,1.195,67.45,0.8732,14.18,2.712e-05,0.2681,3.532,1.428,2.731,0.2336,10.33,0.5904,8.122
2022-03-29T00:47:46,47475.88,3368.29,108.16,0.2762,15.73,67.9,22.29,99.39,6.879,171.76,0.6449,0.02713,0.008751,2.533,1.774,2.99,1.682,3.105,197.31,17.05,1.298,1.259,0.6,2.671,433.85,1.192,67.46,0.8733,14.18,2.711e-05,0.2681,3.533,1.428,2.733,0.2336,10.33,0.5904,8.12
2022-03-29T00:48:16,47455.68,3366.64,108.11,0.2766,15.73,67.9,22.28,99.31,6.885,171.62,0.6447,0.02714,0.008751,2.535,1.774,2.99,1.681,3.104,197.3,17.05,1.298,1.259,0.6,2.672,433.52,1.192,67.42,0.8732,14.14,2.71e-05,0.268,3.532,1.427,2.732,0.2335,10.31,0.5904,8.124
2022-03-29T00:48:46,47450.94,3367.66,108.15,0.2766,15.73,67.9,22.27,99.29,6.874,171.6,0.6428,0.02713,0.008751,2.534,1.77,2.99,1.682,3.104,197.01,17.05,1.298,1.259,0.6,2.674,433.57,1.192,67.42,0.8731,14.19,2.71e-05,0.268,3.532,1.427,2.732,0.2336,10.31,0.5899,8.123
2022-03-29T00:49:16,47431.39,3367.44,108.15,0.2765,15.75,67.9,22.27,99.24,6.875,171.65,0.6428,0.02712,0.008751,2.533,1.769,2.99,1.682,3.107,196.88,17.05,1.298,1.258,0.6,2.676,433.78,1.192,67.4,0.873,14.17,2.71e-05,0.268,3.532,1.427,2.732,0.2336,10.32,0.5898,8.116
2022-03-29T00:49:46,47424.21,3367.18,108.29,0.2765,15.75,67.9,22.27,99.21,6.868,171.71,0.6428,0.02717,0.008767,2.533,1.768,2.99,1.682,3.107,196.8,17.05,1.298,1.258,0.6,2.679,433.82,1.192,67.38,0.873,14.17,2.711e-05,0.268,3.531,1.427,2.732,0.2337,10.32,0.5899,8.12
2022-03-29T00:50:17,47418.73,3367.05,108.29,0.2765,15.75,67.9,22.27,99.15,6.871,171.67,0.6431,0.02717,0.008766,2.533,1.768,2.99,1.682,3.107,196.78,17.12,1.298,1.255,0.6,2.682,433.61,1.191,67.38,0.8732,14.22,2.71e-05,0.268,3.529,1.427,2.732,0.2337,10.31,0.5895,8.12
2022-03-29T00:50:47,47412.8,3366.51,108.28,0.2767,15.75,67.7,22.25,99.03,6.869,171.76,0.6431,0.02719,0.008766,2.532,1.768,2.99,1.682,3.108,196.7,17.12,1.298,1.257,0.6,2.685,433.52,1.191,67.29,0.8731,14.15,2.707e-05,0.2677,3.529,1.426,2.731,0.2337,10.31,0.5894,8.121
2022-03-29T00:51:17,47398.73,3364.18,108.11,0.2765,15.84,67.6,22.24,98.96,6.866,171.6,0.6439,0.02718,0.008766,2.532,1.768,3,1.682,3.108,196.55,17.12,1.298,1.257,0.6,2.692,433.4,1.191,67.23,0.873,14.1,2.704e-05,0.2672,3.525,1.425,2.729,0.2336,10.31,0.5888,8.118
2022-03-29T00:51:47,47403.4,3363.49,108.14,0.2764,15.92,67.7,22.25,98.94,6.865,171.62,0.6439,0.02718,0.008766,2.532,1.767,3,1.682,3.111,196.4,17.12,1.298,1.255,0.6,2.696,433.43,1.191,67.23,0.8735,14.17,2.706e-05,0.2675,3.526,1.423,2.729,0.2336,10.31,0.5872,8.109
2022-03-29T00:52:17,47387.24,3364.97,108.15,0.2762,15.92,67.7,22.26,98.93,6.866,171.66,0.6424,0.02718,0.008766,2.533,1.765,3.01,1.681,3.112,196.3,16.91,1.298,1.255,0.6,2.694,433.41,1.19,67.23,0.8735,14.14,2.706e-05,0.2675,3.526,1.423,2.729,0.2337,10.29,0.5876,8.109
2022-03-29T00:52:47,47387.91,3364.97,108.21,0.2763,15.99,67.6,22.25,98.88,6.867,171.82,0.6422,0.02716,0.008766,2.533,1.765,3.01,1.682,3.113,196.24,16.91,1.298,1.255,0.6,2.703,433.21,1.19,67.22,0.8735,14.14,2.706e-05,0.2673,3.526,1.423,2.729,0.2336,10.29,0.5873,8.11
2022-03-29T00:53:17,47356.74,3362.2,108.2,0.2763,16.12,67.6,22.24,98.77,6.864,171.76,0.6422,0.02716,0.008711,2.531,1.765,3.01,1.682,3.113,196.18,16.99,1.298,1.256,0.6,2.694,433.18,1.189,67.15,0.8732,14.09,2.704e-05,0.2669,3.525,1.422,2.728,0.2335,10.29,0.5868,8.11
2022-03-29T00:53:48,47353.66,3362.11,108.1,0.2762,16.12,67.6,22.25,98.74,6.86,171.72,0.6422,0.02713,0.008711,2.532,1.761,3.01,1.682,3.113,196.19,16.99,1.298,1.254,0.6,2.694,433.08,1.189,67.07,0.873,14.07,2.704e-05,0.2669,3.522,1.421,2.725,0.2335,10.27,0.5865,8.108
2022-03-29T00:54:18,47362.19,3362.14,108.1,0.2762,16.1,67.7,22.25,98.71,6.859,171.74,0.6422,0.02707,0.008711,2.532,1.758,3.01,1.681,3.115,196.16,16.99,1.298,1.254,0.6,2.696,433.05,1.189,67.05,0.8732,14.07,2.704e-05,0.2673,3.523,1.421,2.725,0.2336,10.26,0.5865,8.106
2022-03-29T00:54:48,47365.77,3362.31,108.1,0.2762,16.1,67.7,22.25,98.6,6.864,171.75,0.6431,0.02706,0.008711,2.532,1.756,3.01,1.681,3.115,196.18,16.99,1.298,1.254,0.6,2.696,433.03,1.189,66.99,0.8731,14.07,2.704e-05,0.267,3.523,1.421,2.725,0.2335,10.26,0.5862,8.107
2022-03-29T00:55:18,47361.27,3361.75,108.09,0.2759,16.28,67.7,22.24,98.51,6.862,171.56,0.6431,0.02705,0.008711,2.531,1.755,3.01,1.681,3.115,196.15,16.99,1.298,1.254,0.6,2.698,432.99,1.188,66.91,0.8725,14.06,2.704e-05,0.267,3.521,1.421,2.726,0.2334,10.25,0.5882,8.107
2022-03-29T00:55:48,47361.21,3361.29,108.15,0.2759,16.28,67.8,22.24,98.51,6.862,171.51,0.6431,0.02707,0.008723,2.531,1.755,3.01,1.681,3.112,196.02,16.91,1.298,1.254,0.6,2.699,432.93,1.189,66.92,0.8724,14.06,2.705e-05,0.2668,3.521,1.421,2.724,0.2333,10.26,0.5886,8.106
2022-03-29T00:56:18,47362.45,3361.33,108.15,0.2759,16.26,67.7,22.24,98.49,6.862,171.43,0.6431,0.02706,0.008723,2.531,1.755,3.01,1.681,3.112,195.97,16.91,1.298,1.254,0.6,2.7,432.96,1.189,66.91,0.8723,14.06,2.706e-05,0.2668,3.52,1.421,2.723,0.2333,10.26,0.5894,8.103
2022-03-29T00:56:48,47370.81,3361.56,108.15,0.2758,16.26,67.7,22.24,98.4,6.862,171.35,0.6431,0.02706,0.008723,2.531,1.755,3.01,1.681,3.112,195.74,16.91,1.298,1.247,0.6,2.702,432.97,1.189,66.93,0.8716,14.06,2.707e-05,0.2667,3.517,1.421,2.723,0.2333,10.25,0.5898,8.107
2022-03-29T00:57:18,47382.86,3362.05,108.27,0.2759,16.37,67.7,22.24,98.49,6.862,171.36,0.6422,0.02706,0.008723,2.532,1.755,3.01,1.683,3.113,195.73,16.91,1.298,1.249,0.6,2.691,432.97,1.189,66.97,0.8719,14.03,2.71e-05,0.2667,3.518,1.421,2.724,0.2333,10.25,0.5905,8.107
2022-03-29T00:57:49,47384.76,3362.63,108.28,0.2759,16.37,67.7,22.24,98.48,6.862,171.35,0.6422,0.02708,0.008723,2.531,1.757,3.01,1.682,3.113,195.76,16.91,1.298,1.249,0.6,2.691,433.05,1.188,67.01,0.8719,14.03,2.71e-05,0.267,3.518,1.422,2.724,0.2332,10.25,0.5906,8.109
2022-03-29T00:58:19,47399.32,3362.93,108.29,0.276,16.37,67.9,22.24,98.36,6.86,171.29,0.6422,0.02708,0.008723,2.531,1.757,3.01,1.682,3.113,195.79,16.91,1.298,1.251,0.6,2.69,432.96,1.188,67.01,0.8722,14.06,2.712e-05,0.2675,3.517,1.422,2.724,0.2332,10.26,0.5909,8.109
2022-03-29T00:58:49,47389.27,3362.61,108.29,0.276,16.37,67.7,22.24,98.3,6.832,171.27,0.6422,0.02708,0.008728,2.531,1.756,3.01,1.682,3.113,195.81,16.91,1.308,1.251,0.6,2.69,432.99,1.188,66.97,0.8723,14.06,2.712e-05,0.2675,3.516,1.421,2.723,0.2332,10.26,0.5911,8.111
2022-03-29T00:59:19,47395.88,3363.15,108.31,0.2761,16.37,67.7,22.25,98.29,6.83,171.21,0.6422,0.02708,0.008728,2.531,1.756,3.01,1.683,3.114,195.89,16.91,1.308,1.251,0.6,2.691,432.94,1.188,66.97,0.8725,14.04,2.713e-05,0.2671,3.516,1.421,2.723,0.2332,10.26,0.5906,8.111
2022-03-29T00:59:49,47396.4,3363.07,108.31,0.276,16.37,67.7,22.25,98.25,6.825,171.21,0.6422,0.02705,0.008728,2.531,1.755,3.01,1.683,3.11,195.91,16.91,1.308,1.255,0.6,2.69,432.9,1.188,66.96,0.8724,14.04,2.713e-05,0.2671,3.516,1.421,2.722,0.2331,10.26,0.5906,8.116
2022-03-29T01:00:19,47395.98,3362.96,108.43,0.2761,16.37,67.7,22.24,98.19,6.822,171.23,0.6422,0.02703,0.008728,2.531,1.756,3.006,1.681,3.11,195.9,16.91,1.308,1.255,0.6,2.685,432.98,1.188,66.87,0.872,14.04,2.711e-05,0.267,3.516,1.421,2.722,0.233,10.25,0.5905,8.116
2022-03-29T01:00:49,47401.06,3363.32,108.48,0.2761,16.34,67.7,22.24,98.22,6.82,171.29,0.6412,0.02705,0.008728,2.53,1.757,3.006,1.681,3.115,196.03,16.91,1.308,1.255,0.6,2.691,432.86,1.189,66.88,0.8716,14.04,2.709e-05,0.267,3.517,1.421,2.723,0.233,10.25,0.5905,8.115
2022-03-29T01:01:20,47407,3365.93,108.55,0.2763,16.34,67.7,22.25,98.28,6.821,171.36,0.6419,0.02704,0.008731,2.53,1.76,3.007,1.682,3.115,196.19,16.91,1.308,1.25,0.6,2.694,432.87,1.19,66.9,0.8717,14.11,2.707e-05,0.2671,3.522,1.422,2.724,0.2331,10.25,0.5907,8.108
2022-03-29T01:01:50,47420.96,3367.35,108.52,0.2764,16.34,67.7,22.26,98.36,6.821,171.37,0.6419,0.02708,0.008731,2.531,1.761,3.007,1.683,3.115,196.21,16.91,1.308,1.25,0.6,2.692,433.04,1.189,67.02,0.8718,14.1,2.703e-05,0.2673,3.522,1.423,2.724,0.2332,10.26,0.5909,8.107
2022-03-29T01:02:20,47406.75,3366.38,108.38,0.2759,16.34,69.6,22.25,98.35,6.821,171.35,0.6422,0.02709,0.008731,2.531,1.761,3.007,1.683,3.115,196.17,16.91,1.308,1.253,0.6,2.693,432.98,1.189,67.1,0.8714,14.12,2.701e-05,0.2673,3.521,1.423,2.722,0.2331,10.26,0.5909,8.106
2022-03-29T01:02:50,47381.16,3364.57,108.36,0.2758,16.34,69.6,22.24,98.28,6.822,171.36,0.6422,0.02709,0.008731,2.53,1.764,3.005,1.682,3.115,196.1,16.91,1.308,1.255,0.6,2.693,432.62,1.188,67.1,0.8713,14.12,2.696e-05,0.2673,3.521,1.421,2.723,0.2331,10.27,0.59,8.106
2022-03-29T01:03:20,47372.54,3363.92,108.36,0.2758,16.34,69.7,22.22,98.12,6.817,171.14,0.6422,0.02709,0.008731,2.529,1.764,3.004,1.679,3.115,195.95,16.91,1.308,1.255,0.6,2.69,432.54,1.189,67.11,0.8712,14.09,2.695e-05,0.2667,3.52,1.421,2.723,0.233,10.27,0.59,8.105
2022-03-29T01:03:50,47358.76,3363.49,108.09,0.2756,16.34,69.7,22.21,98.04,6.817,171,0.6422,0.02709,0.008731,2.528,1.763,3.007,1.678,3.113,195.64,16.83,1.308,1.253,0.6,2.684,432.35,1.188,67.12,0.871,14.07,2.693e-05,0.2667,3.52,1.42,2.723,0.2329,10.25,0.59,8.106
2022-03-29T01:04:20,47351.77,3360.85,108.09,0.2747,16.34,69.7,22.2,98.07,6.812,170.92,0.6422,0.02709,0.008731,2.53,1.763,3.007,1.677,3.112,195.65,16.83,1.308,1.249,0.6,2.681,432.16,1.187,67.12,0.8701,14.06,2.692e-05,0.2663,3.517,1.42,2.723,0.2328,10.23,0.5897,8.106
2022-03-29T01:04:50,47341.62,3360.88,108.03,0.2747,16.34,69.6,22.18,98.16,6.811,170.91,0.6402,0.02708,0.008738,2.53,1.764,3.006,1.676,3.112,195.68,16.83,1.308,1.249,0.6,2.679,432.19,1.187,67.13,0.8705,14.03,2.693e-05,0.2663,3.518,1.42,2.723,0.2329,10.23,0.5892,8.097
2022-03-29T01:05:20,47347.84,3360.84,108.03,0.2747,16.34,69.6,22.18,98.18,6.813,170.87,0.6405,0.02712,0.008748,2.53,1.763,3.007,1.676,3.112,195.73,16.83,1.308,1.252,0.6,2.679,432.17,1.187,67.17,0.8705,14.03,2.693e-05,0.2663,3.518,1.42,2.722,0.2328,10.22,0.5894,8.098
2022-03-29T01:05:51,47351.48,3359.91,108.03,0.2744,16.34,69.6,22.18,98.19,6.813,170.96,0.6405,0.02711,0.008754,2.53,1.763,3.011,1.676,3.105,195.92,16.83,1.308,1.254,0.6,2.678,432.21,1.189,67.2,0.8702,14.03,2.696e-05,0.2665,3.518,1.419,2.723,0.2327,10.22,0.5906,8.098
2022-03-29T01:06:21,47365.05,3361.5,108.01,0.2746,16.34,69.7,22.19,98.3,6.812,171.02,0.64,0.02713,0.008754,2.531,1.764,3.011,1.676,3.105,196.08,16.84,1.308,1.254,0.6,2.678,432.37,1.189,67.26,0.8707,14.09,2.699e-05,0.2668,3.52,1.419,2.725,0.2329,10.23,0.5911,8.098
2022-03-29T01:06:51,47369.75,3362.07,107.99,0.2747,16.34,69.7,22.19,98.32,6.81,171.1,0.64,0.02714,0.008754,2.531,1.765,3,1.676,3.1,196.15,16.84,1.308,1.252,0.6,2.673,432.53,1.19,67.29,0.8708,14.11,2.698e-05,0.2669,3.52,1.42,2.725,0.2331,10.25,0.5914,8.099
2022-03-29T01:07:21,47377.88,3362.53,108.02,0.2747,16.37,69.7,22.2,98.34,6.812,171.21,0.64,0.02714,0.008754,2.532,1.765,3.001,1.677,3.1,196.17,16.84,1.308,1.252,0.6,2.673,432.56,1.19,67.3,0.8717,14.11,2.701e-05,0.2669,3.52,1.42,2.726,0.233,10.25,0.592,8.097
2022-03-29T01:07:51,47397.08,3362.89,108.02,0.2749,16.37,69.7,22.21,98.46,6.812,171.26,0.641,0.02712,0.008754,2.529,1.766,3.002,1.678,3.1,196.37,16.84,1.308,1.252,0.6,2.672,432.63,1.19,67.45,0.8719,14.1,2.703e-05,0.2669,3.522,1.421,2.727,0.233,10.25,0.5922,8.106
2022-03-29T01:08:21,47387.79,3363.29,108.02,0.275,16.37,69.6,22.21,98.46,6.811,171.26,0.6404,0.02712,0.008754,2.528,1.766,3.002,1.678,3.1,196.43,16.84,1.308,1.252,0.6,2.67,432.65,1.19,67.46,0.8721,14.13,2.704e-05,0.2671,3.522,1.422,2.727,0.2331,10.27,0.5922,8.105
2022-03-29T01:08:51,47379.65,3362.68,107.96,0.275,16.37,69.6,22.2,98.47,6.812,171.21,0.6398,0.02711,0.008809,2.528,1.766,3.001,1.678,3.1,196.44,16.84,1.308,1.252,0.6,2.669,432.67,1.189,67.44,0.8719,14.1,2.701e-05,0.2665,3.523,1.422,2.726,0.2331,10.28,0.5916,8.105
2022-03-29T01:09:21,47374.37,3362.57,107.96,0.275,16.37,69.6,22.2,98.47,6.812,171.27,0.6398,0.02712,0.00882,2.531,1.765,3.001,1.677,3.1,196.51,16.84,1.308,1.258,0.6,2.668,432.63,1.189,67.39,0.8717,14.08,2.701e-05,0.2665,3.523,1.422,2.724,0.2331,10.28,0.5916,8.106
2022-03-29T01:09:52,47356.52,3362.69,107.97,0.275,16.37,69.6,22.19,98.51,6.811,171.21,0.6398,0.02711,0.008766,2.53,1.764,3,1.677,3.1,196.69,16.84,1.308,1.258,0.6,2.674,432.55,1.189,67.31,0.8717,14.12,2.705e-05,0.2665,3.524,1.421,2.725,0.2331,10.27,0.5912,8.106
2022-03-29T01:10:22,47370.27,3363.6,107.99,0.2751,16.37,69.6,22.21,98.66,6.814,171.4,0.6397,0.02714,0.008791,2.529,1.765,3,1.678,3.093,196.94,16.84,1.308,1.258,0.6,2.674,432.55,1.19,67.31,0.8717,14.14,2.707e-05,0.2667,3.525,1.421,2.727,0.2332,10.28,0.5922,8.106
2022-03-29T01:10:52,47390.42,3364.49,108,0.2752,16.37,69.6,22.21,98.68,6.814,171.51,0.6413,0.02716,0.008791,2.53,1.766,3.002,1.678,3.095,196.98,16.84,1.308,1.258,0.6,2.674,432.91,1.191,67.33,0.8726,14.16,2.708e-05,0.2667,3.529,1.422,2.728,0.2333,10.28,0.5922,8.102
2022-03-29T01:11:22,47393.9,3365.54,108.25,0.2759,16.37,69.6,22.21,98.69,6.814,171.54,0.6413,0.02717,0.008833,2.53,1.766,3.002,1.68,3.095,197.42,16.87,1.308,1.258,0.6,2.671,432.96,1.191,67.39,0.8731,14.17,2.71e-05,0.2667,3.53,1.423,2.728,0.2334,10.28,0.5926,8.102
2022-03-29T01:11:52,47404.6,3366.22,108.27,0.276,16.37,69.6,22.22,98.69,6.814,171.71,0.6405,0.02716,0.008865,2.531,1.767,2.998,1.681,3.096,197.49,16.9,1.308,1.259,0.6,2.674,433.12,1.191,67.39,0.8732,14.18,2.712e-05,0.2667,3.531,1.424,2.729,0.2334,10.29,0.5931,8.101
2022-03-29T01:12:22,47418.08,3366.41,108.28,0.2761,16.37,69.6,22.22,98.71,6.814,171.82,0.6413,0.02716,0.008865,2.531,1.767,2.999,1.681,3.096,197.68,16.9,1.308,1.259,0.6,2.674,433.23,1.193,67.4,0.8732,14.18,2.714e-05,0.2667,3.532,1.425,2.729,0.2335,10.3,0.5935,8.104
2022-03-29T01:12:52,47437.17,3366.64,108.36,0.2761,16.37,69.6,22.22,98.7,6.833,171.93,0.6413,0.02717,0.008857,2.531,1.767,3,1.681,3.099,197.69,16.9,1.308,1.259,0.6,2.674,433.25,1.193,67.41,0.8739,14.19,2.718e-05,0.2667,3.538,1.427,2.73,0.2335,10.32,0.5935,8.104
2022-03-29T01:13:22,47432.68,3367.94,108.36,0.2764,16.37,69.6,22.24,98.71,6.832,171.98,0.6413,0.02718,0.008872,2.53,1.768,3,1.681,3.099,197.72,16.9,1.308,1.257,0.6,2.675,433.23,1.193,67.42,0.8739,14.19,2.718e-05,0.2675,3.535,1.427,2.73,0.2334,10.32,0.5935,8.109
2022-03-29T01:13:53,47421.77,3368.2,108.55,0.2765,16.37,69.6,22.24,98.71,6.833,172.03,0.6413,0.02717,0.00888,2.528,1.767,2.998,1.682,3.099,197.84,16.9,1.308,1.259,0.6,2.68,433.33,1.194,67.45,0.8742,14.19,2.72e-05,0.2675,3.537,1.427,2.73,0.2335,10.32,0.5942,8.106
2022-03-29T01:14:23,47425.75,3368.33,108.5,0.2765,16.47,69.7,22.26,98.71,6.836,172.07,0.6413,0.02717,0.00888,2.528,1.766,2.999,1.684,3.099,197.94,16.97,1.308,1.259,0.6,2.68,433.54,1.195,67.48,0.8743,14.22,2.723e-05,0.2675,3.538,1.427,2.732,0.2337,10.35,0.5943,8.107
2022-03-29T01:14:53,47420.91,3368.37,108.51,0.2765,16.48,69.7,22.27,98.72,6.836,172.06,0.6413,0.02717,0.008906,2.528,1.763,3.002,1.684,3.099,197.92,16.97,1.308,1.259,0.6,2.678,433.58,1.194,67.47,0.8747,14.23,2.725e-05,0.268,3.539,1.429,2.733,0.2337,10.34,0.5942,8.112
2022-03-29T01:15:23,47421.98,3369.35,108.54,0.2767,16.48,69.7,22.27,98.65,6.839,172.08,0.6413,0.02717,0.008907,2.528,1.764,3.002,1.683,3.099,197.98,16.9,1.308,1.259,0.6,2.675,433.71,1.195,67.47,0.8747,14.23,2.725e-05,0.2681,3.539,1.429,2.734,0.2336,10.34,0.5931,8.111
2022-03-29T01:15:53,47429.52,3369.7,108.54,0.2767,16.48,69.8,22.27,98.65,6.84,172.17,0.6413,0.0272,0.008907,2.528,1.764,3.003,1.683,3.118,198.05,16.9,1.308,1.26,0.6,2.677,433.71,1.195,67.46,0.8747,14.23,2.725e-05,0.2681,3.541,1.429,2.734,0.2336,10.38,0.5927,8.111
2022-03-29T01:16:24,47434.65,3369.74,108.53,0.2767,16.47,69.8,22.27,98.67,6.847,172.32,0.6413,0.0272,0.00891,2.531,1.764,3.003,1.683,3.118,198.06,16.9,1.308,1.26,0.6,2.678,433.73,1.195,67.47,0.8747,14.24,2.724e-05,0.2684,3.543,1.429,2.735,0.2336,10.39,0.5929,8.118
2022-03-29T01:16:54,47433.74,3370.06,108.49,0.2766,16.47,69.8,22.27,98.55,6.841,172.35,0.6419,0.02722,0.008902,2.531,1.764,3.003,1.684,3.118,198.02,16.9,1.308,1.258,0.6,2.679,433.57,1.195,67.47,0.8747,14.21,2.723e-05,0.2684,3.544,1.429,2.736,0.2338,10.4,0.5943,8.117
2022-03-29T01:17:24,47421.3,3368.57,108.44,0.2765,16.41,69.8,22.27,98.5,6.839,172.33,0.6419,0.02725,0.00891,2.532,1.764,3.002,1.683,3.115,197.82,16.9,1.314,1.258,0.6,2.679,433.38,1.194,67.47,0.8739,14.17,2.721e-05,0.2683,3.543,1.428,2.735,0.2338,10.4,0.5942,8.118
2022-03-29T01:17:54,47400.11,3367.87,108.41,0.2762,16.38,69.8,22.26,98.36,6.838,172.18,0.6413,0.02716,0.008901,2.533,1.764,3.001,1.681,3.115,197.56,16.97,1.314,1.258,0.6,2.678,433.15,1.194,67.43,0.8734,14.15,2.717e-05,0.2673,3.538,1.427,2.732,0.2337,10.36,0.5938,8.115
2022-03-29T01:18:24,47402.7,3366.91,108.22,0.2762,16.35,69.6,22.24,98.36,6.83,172.18,0.641,0.02721,0.008901,2.533,1.762,3.001,1.681,3.115,197.65,16.97,1.314,1.257,0.6,2.677,433.14,1.193,67.42,0.8736,14.16,2.717e-05,0.2671,3.541,1.426,2.733,0.2337,10.36,0.5938,8.118
2022-03-29T01:18:54,47396.35,3367.15,108.26,0.2759,16.32,69.6,22.23,98.37,6.83,172.21,0.641,0.02723,0.008901,2.533,1.761,3.001,1.681,3.105,197.71,16.97,1.302,1.257,0.6,2.678,433.07,1.193,67.32,0.8736,14.16,2.716e-05,0.2673,3.54,1.424,2.732,0.2337,10.36,0.5933,8.119
2022-03-29T01:19:24,47394.38,3367.23,108.26,0.2757,16.32,69.7,22.24,98.47,6.838,172.27,0.641,0.02715,0.008901,2.53,1.757,3,1.681,3.105,197.77,16.92,1.302,1.257,0.6,2.677,433.08,1.193,67.32,0.8736,14.17,2.717e-05,0.2673,3.54,1.425,2.731,0.2336,10.35,0.593,8.114
2022-03-29T01:19:55,47397.46,3366.64,108.26,0.2757,16.32,69.7,22.23,98.48,6.843,172.28,0.641,0.02713,0.00891,2.53,1.756,2.996,1.681,3.105,197.8,16.92,1.302,1.26,0.6,2.676,433.07,1.193,67.32,0.8735,14.17,2.716e-05,0.2671,3.538,1.425,2.73,0.2336,10.35,0.5928,8.114
2022-03-29T01:20:25,47385.57,3366.54,108.19,0.2756,16.32,69.7,22.22,98.48,6.841,172.23,0.641,0.02713,0.00891,2.529,1.756,2.996,1.681,3.104,197.78,16.92,1.302,1.258,0.6,2.676,433.07,1.193,67.25,0.8735,14.17,2.715e-05,0.2669,3.537,1.424,2.728,0.2335,10.35,0.5932,8.113
2022-03-29T01:20:55,47387.6,3366.18,108.18,0.2754,16.32,69.7,22.22,98.41,6.84,172.24,0.6453,0.02711,0.008901,2.529,1.757,2.996,1.681,3.111,197.72,16.92,1.302,1.258,0.6,2.675,433,1.192,67.23,0.8735,14.17,2.713e-05,0.2669,3.533,1.424,2.727,0.2335,10.35,0.5931,8.117
2022-03-29T01:21:25,47389.95,3366.19,108.22,0.2754,16.32,69.7,22.23,98.41,6.837,172.3,0.6453,0.02711,0.008901,2.53,1.757,2.996,1.682,3.111,197.59,16.92,1.302,1.258,0.6,2.675,432.99,1.193,67.21,0.8734,14.17,2.714e-05,0.2671,3.533,1.425,2.727,0.2335,10.35,0.5939,8.119
2022-03-29T01:21:55,47378.48,3365.88,108.23,0.2753,16.32,69.6,22.21,98.4,6.836,172.26,0.6442,0.02711,0.008901,2.529,1.76,2.995,1.682,3.111,197.39,16.92,1.302,1.257,0.6,2.67,432.87,1.192,67.22,0.8733,14.14,2.713e-05,0.2671,3.532,1.425,2.727,0.2335,10.35,0.5943,8.119
2022-03-29T01:22:25,47376.38,3365.01,108.21,0.2752,16.32,69.6,22.21,98.38,6.835,172.25,0.6442,0.02711,0.008901,2.529,1.762,2.995,1.683,3.106,197.24,16.92,1.302,1.258,0.6,2.668,432.87,1.191,67.23,0.8731,14.13,2.712e-05,0.2668,3.531,1.425,2.727,0.2334,10.35,0.5943,8.117
2022-03-29T01:22:55,47364.02,3364.66,108.06,0.2752,16.32,69.6,22.21,98.45,6.834,172.23,0.6442,0.0271,0.008901,2.53,1.763,2.994,1.682,3.107,196.99,16.92,1.302,1.257,0.6,2.669,432.87,1.191,67.18,0.8733,14.12,2.71e-05,0.2668,3.531,1.423,2.728,0.2335,10.34,0.5949,8.117
2022-03-29T01:23:26,47358.72,3363.36,108.05,0.2752,16.32,69.6,22.19,98.48,6.838,172.19,0.6442,0.02705,0.0089,2.53,1.763,2.994,1.681,3.107,196.96,16.92,1.302,1.258,0.6,2.668,432.93,1.19,67.1,0.8732,14.13,2.709e-05,0.2666,3.531,1.423,2.726,0.2335,10.34,0.5948,8.111
2022-03-29T01:23:56,47343.42,3363.23,108.06,0.2751,16.36,69.6,22.19,98.48,6.838,172.11,0.6442,0.02702,0.008921,2.524,1.761,2.993,1.681,3.107,197.07,16.92,1.302,1.258,0.6,2.665,432.87,1.19,67.1,0.8733,14.13,2.708e-05,0.2667,3.531,1.423,2.726,0.2335,10.33,0.5948,8.117
2022-03-29T01:24:26,47348.81,3365.15,108.26,0.2753,16.36,69.6,22.19,98.51,6.84,172.18,0.6448,0.02702,0.008921,2.523,1.762,2.993,1.682,3.107,197.07,16.97,1.302,1.258,0.6,2.665,432.79,1.191,67.11,0.8736,14.13,2.71e-05,0.267,3.532,1.424,2.726,0.2335,10.33,0.5948,8.119
2022-03-29T01:24:56,47353.93,3365.41,108.28,0.2753,16.26,69.6,22.19,98.5,6.84,172.15,0.6448,0.02702,0.008921,2.524,1.762,2.994,1.682,3.11,197.12,16.97,1.302,1.25,0.6,2.664,432.78,1.19,67.2,0.8736,14.14,2.713e-05,0.2671,3.531,1.424,2.727,0.2335,10.33,0.5946,8.118
2022-03-29T01:25:26,47351.96,3365.02,108.22,0.275,16.26,69.6,22.18,98.49,6.839,172.14,0.6448,0.02702,0.008921,2.523,1.761,2.994,1.681,3.11,197.26,16.97,1.302,1.25,0.6,2.665,432.76,1.19,67.2,0.8734,14.14,2.711e-05,0.2668,3.531,1.424,2.724,0.2335,10.32,0.5946,8.112
2022-03-29T01:25:56,47356.27,3365.27,108.22,0.2751,16.26,69.6,22.19,98.55,6.838,172.23,0.6448,0.02701,0.008921,2.524,1.76,2.994,1.682,3.11,197.36,16.97,1.302,1.25,0.6,2.665,432.51,1.191,67.21,0.8734,14.14,2.713e-05,0.2668,3.532,1.424,2.726,0.2335,10.32,0.5946,8.11
2022-03-29T01:26:26,47346.13,3365.25,108.23,0.2751,16.26,69.6,22.18,98.48,6.838,172.22,0.6448,0.02701,0.008921,2.523,1.76,2.993,1.681,3.11,197.37,16.97,1.302,1.26,0.6,2.664,432.53,1.19,67.22,0.8734,14.15,2.711e-05,0.2668,3.532,1.424,2.725,0.2335,10.32,0.5948,8.108
2022-03-29T01:26:57,47352.34,3366.05,108.38,0.275,16.25,69.6,22.19,98.5,6.838,172.24,0.6436,0.027,0.008921,2.521,1.761,2.994,1.681,3.11,197.4,16.97,1.302,1.26,0.6,2.665,432.57,1.191,67.24,0.8738,14.15,2.711e-05,0.2673,3.533,1.424,2.726,0.2336,10.33,0.595,8.108
2022-03-29T01:27:27,47354.15,3366.53,108.42,0.2751,16.25,69.7,22.18,98.49,6.838,172.38,0.6436,0.027,0.008905,2.521,1.761,2.994,1.681,3.11,197.37,16.97,1.302,1.26,0.6,2.665,432.58,1.189,67.26,0.8738,14.15,2.709e-05,0.2671,3.533,1.424,2.726,0.2335,10.33,0.595,8.111
2022-03-29T01:27:57,47386.66,3368.61,108.43,0.2751,16.25,69.7,22.2,98.49,6.838,172.42,0.6436,0.027,0.008955,2.523,1.762,2.996,1.681,3.112,197.45,16.97,1.302,1.257,0.6,2.664,432.73,1.19,67.28,0.8744,14.18,2.712e-05,0.2674,3.541,1.426,2.728,0.2336,10.33,0.5954,8.109
2022-03-29T01:28:27,47389.37,3368.99,108.58,0.2755,16.25,69.8,22.2,98.48,6.84,172.38,0.6436,0.027,0.008955,2.521,1.76,2.996,1.683,3.112,197.44,16.89,1.302,1.254,0.6,2.665,432.82,1.19,67.35,0.8746,14.18,2.712e-05,0.2673,3.54,1.426,2.728,0.2336,10.34,0.5953,8.11
2022-03-29T01:28:57,47397.67,3369.42,108.53,0.2755,16.25,69.8,22.2,98.4,6.84,172.4,0.6436,0.027,0.008981,2.522,1.76,2.996,1.683,3.112,197.58,16.89,1.302,1.254,0.6,2.664,432.82,1.19,67.36,0.8745,14.18,2.712e-05,0.2671,3.539,1.426,2.727,0.2336,10.34,0.5949,8.111
2022-03-29T01:29:27,47399.97,3370.24,108.53,0.2756,16.25,69.8,22.21,98.4,6.848,172.43,0.6436,0.027,0.009002,2.515,1.76,2.997,1.683,3.119,197.58,16.89,1.302,1.254,0.6,2.665,432.8,1.19,67.38,0.8744,14.16,2.713e-05,0.2672,3.538,1.426,2.726,0.2335,10.34,0.5949,8.106
2022-03-29T01:29:57,47397.14,3371.12,108.55,0.2756,16.25,69.7,22.22,98.41,6.846,172.43,0.6436,0.02701,0.009009,2.514,1.76,2.996,1.684,3.119,197.68,16.89,1.302,1.251,0.6,2.667,432.82,1.191,67.44,0.8744,14.15,2.714e-05,0.2672,3.538,1.427,2.727,0.2336,10.34,0.5949,8.107
2022-03-29T01:30:27,47415.91,3372.82,108.55,0.2756,16.25,69.7,22.22,98.56,6.834,172.42,0.6436,0.02701,0.009009,2.515,1.759,2.998,1.684,3.118,197.61,16.89,1.302,1.251,0.6,2.667,432.87,1.19,67.41,0.8743,14.15,2.714e-05,0.2672,3.538,1.427,2.727,0.2336,10.35,0.5942,8.118
2022-03-29T01:30:58,47399.18,3372.18,108.54,0.2757,16.25,69.6,22.21,98.55,6.834,172.21,0.6436,0.02698,0.009009,2.514,1.758,2.997,1.683,3.116,197.53,16.89,1.302,1.255,0.6,2.666,432.76,1.19,67.39,0.8736,14.15,2.714e-05,0.267,3.537,1.427,2.726,0.2334,10.37,0.5942,8.119
2022-03-29T01:31:30,47374.97,3373.11,108.56,0.2757,16.25,69.7,22.2,98.55,6.834,172.09,0.6428,0.02697,0.009003,2.512,1.754,2.995,1.682,3.115,197.44,16.93,1.302,1.255,0.6,2.662,432.75,1.19,67.32,0.8737,14.09,2.712e-05,0.2672,3.534,1.427,2.726,0.2333,10.35,0.5925,8.118
2022-03-29T01:32:00,47381.8,3373.57,108.57,0.2757,16.25,69.7,22.21,98.49,6.825,172.14,0.6428,0.02697,0.009003,2.515,1.751,2.995,1.68,3.115,197.41,16.94,1.302,1.255,0.6,2.663,432.72,1.189,67.31,0.8738,14.12,2.713e-05,0.2671,3.537,1.426,2.726,0.2333,10.33,0.5929,8.117
2022-03-29T01:32:30,47389.52,3374.13,108.61,0.2758,16.25,69.6,22.2,98.51,6.826,172.29,0.6428,0.02698,0.009003,2.516,1.75,2.995,1.68,3.115,197.51,16.93,1.302,1.256,0.6,2.663,432.7,1.19,67.31,0.8743,14.12,2.715e-05,0.2672,3.539,1.426,2.729,0.2334,10.33,0.5929,8.118
2022-03-29T01:33:00,47390.13,3374.47,108.61,0.2759,16.3,69.7,22.23,98.56,6.826,172.45,0.6428,0.02698,0.009003,2.516,1.749,2.996,1.681,3.115,197.55,16.93,1.302,1.256,0.6,2.665,432.86,1.19,67.31,0.8744,14.12,2.717e-05,0.2671,3.542,1.427,2.729,0.2335,10.33,0.5928,8.117
2022-03-29T01:33:30,47405.69,3374.64,108.6,0.2759,16.3,69.7,22.23,98.62,6.826,172.39,0.6428,0.02698,0.009003,2.513,1.751,2.997,1.682,3.115,197.55,16.93,1.302,1.256,0.6,2.664,432.92,1.191,67.3,0.8745,14.09,2.718e-05,0.2671,3.54,1.427,2.729,0.2336,10.33,0.5922,8.113
2022-03-29T01:34:00,47404.1,3374.57,108.6,0.2759,16.3,69.7,22.22,98.69,6.826,172.43,0.6428,0.02695,0.009003,2.513,1.751,2.996,1.682,3.115,197.56,16.93,1.302,1.256,0.6,2.665,432.86,1.191,67.27,0.8745,14.09,2.72e-05,0.2675,3.54,1.428,2.729,0.2336,10.33,0.5924,8.112
2022-03-29T01:34:30,47407.32,3375.01,108.61,0.2759,16.3,69.7,22.23,98.74,6.827,172.45,0.6438,0.02691,0.009003,2.513,1.75,2.991,1.682,3.115,197.59,16.93,1.302,1.256,0.6,2.665,432.83,1.19,67.27,0.8746,14.08,2.721e-05,0.2675,3.541,1.428,2.729,0.2337,10.33,0.5924,8.113
2022-03-29T01:35:01,47407.82,3375.03,108.61,0.2759,16.3,69.7,22.23,98.86,6.84,172.46,0.6431,0.02681,0.009003,2.512,1.75,2.991,1.682,3.125,197.57,16.93,1.302,1.256,0.6,2.665,432.81,1.191,67.26,0.8747,14.08,2.723e-05,0.2676,3.541,1.428,2.73,0.2337,10.34,0.5926,8.113
2022-03-29T01:35:31,47430.08,3375.75,108.65,0.2759,16.3,69.7,22.23,98.88,6.844,172.48,0.645,0.02678,0.009038,2.512,1.751,2.993,1.682,3.132,197.57,16.94,1.302,1.257,0.6,2.664,432.95,1.191,67.27,0.8753,14.12,2.724e-05,0.2678,3.541,1.43,2.729,0.2336,10.35,0.5925,8.114
2022-03-29T01:36:01,47433.64,3376.79,108.63,0.276,16.3,69.3,22.23,98.89,6.844,172.49,0.645,0.02678,0.009037,2.512,1.754,2.993,1.683,3.131,197.6,16.94,1.315,1.254,0.6,2.666,433.1,1.191,67.27,0.8754,14.1,2.725e-05,0.2679,3.541,1.43,2.73,0.2336,10.35,0.5925,8.125
2022-03-29T01:36:31,47437.21,3376.69,108.63,0.276,16.3,69.3,22.24,98.91,6.843,172.55,0.6445,0.02678,0.009037,2.512,1.754,2.993,1.683,3.131,197.71,16.94,1.315,1.254,0.6,2.671,433.09,1.193,67.3,0.8753,14.1,2.725e-05,0.2679,3.541,1.431,2.731,0.2338,10.36,0.593,8.127
2022-03-29T01:37:01,47442.05,3377.24,108.71,0.276,16.3,69.3,22.24,98.96,6.846,172.49,0.6445,0.02677,0.009037,2.518,1.758,2.994,1.683,3.135,197.89,16.94,1.317,1.254,0.6,2.672,433.13,1.193,67.32,0.8757,14.11,2.725e-05,0.2682,3.542,1.431,2.732,0.2338,10.36,0.593,8.128
2022-03-29T01:37:31,47438.14,3377.44,108.85,0.2762,16.3,69.3,22.25,99.06,6.855,172.53,0.6445,0.02678,0.009037,2.518,1.758,2.993,1.685,3.134,198.29,16.94,1.317,1.25,0.6,2.679,433.11,1.194,67.33,0.8757,14.12,2.729e-05,0.268,3.542,1.433,2.733,0.234,10.37,0.5943,8.128
2022-03-29T01:38:01,47442.73,3378.59,108.85,0.2763,16.3,69.3,22.26,99.06,6.854,172.56,0.6445,0.0268,0.009037,2.518,1.758,2.994,1.685,3.134,198.31,16.94,1.317,1.25,0.6,2.678,433.18,1.194,67.38,0.8756,14.13,2.73e-05,0.2682,3.543,1.433,2.735,0.234,10.37,0.5942,8.128
2022-03-29T01:38:31,47463.96,3381.28,108.87,0.2763,16.3,69.3,22.26,99.07,6.858,172.56,0.6445,0.02689,0.009037,2.519,1.76,2.995,1.687,3.134,198.34,16.94,1.317,1.251,0.6,2.677,433.17,1.194,67.39,0.8756,14.13,2.733e-05,0.2682,3.543,1.434,2.735,0.234,10.37,0.5942,8.135
2022-03-29T01:39:01,47474.08,3381.55,108.98,0.2764,16.3,69.4,22.27,99.12,6.875,172.6,0.6445,0.02693,0.009037,2.517,1.76,2.996,1.688,3.134,198.48,16.94,1.317,1.251,0.6,2.679,433.53,1.195,67.42,0.8758,14.13,2.736e-05,0.2683,3.548,1.435,2.736,0.2341,10.39,0.5942,8.137
2022-03-29T01:39:32,47483.61,3382.87,109.04,0.2765,16.3,69.4,22.29,99.15,6.869,172.72,0.6445,0.02694,0.008968,2.512,1.761,3.001,1.688,3.134,198.45,16.94,1.317,1.252,0.6,2.682,433.64,1.194,67.44,0.8759,14.13,2.734e-05,0.2683,3.548,1.436,2.737,0.234,10.39,0.5941,8.137
2022-03-29T01:40:02,47482.73,3382.93,109.04,0.2765,16.3,69.3,22.29,99.2,6.869,172.77,0.6445,0.02696,0.008968,2.512,1.759,3.001,1.688,3.134,198.41,16.94,1.317,1.252,0.6,2.683,433.67,1.194,67.45,0.876,14.11,2.735e-05,0.2687,3.549,1.436,2.737,0.2341,10.42,0.5941,8.137
2022-03-29T01:40:32,47486.52,3384.29,109.06,0.2769,16.3,69.3,22.3,99.36,6.87,173,0.6445,0.02696,0.008946,2.512,1.759,3.001,1.689,3.139,198.51,16.94,1.317,1.252,0.6,2.685,433.72,1.196,67.45,0.876,14.16,2.732e-05,0.2687,3.551,1.437,2.738,0.2342,10.46,0.5949,8.137
2022-03-29T01:41:02,47492.3,3384.17,109.22,0.277,16.3,69.3,22.31,99.38,6.873,172.87,0.6455,0.027,0.008947,2.513,1.759,3.002,1.688,3.139,198.6,16.94,1.317,1.256,0.6,2.685,433.86,1.197,67.45,0.8763,14.15,2.731e-05,0.2687,3.552,1.437,2.74,0.2342,10.46,0.5947,8.137
2022-03-29T01:41:32,47481.57,3383.05,109.23,0.277,16.3,69.4,22.31,99.32,6.872,172.86,0.6455,0.02715,0.008969,2.512,1.758,3.001,1.688,3.139,198.64,16.94,1.317,1.256,0.6,2.685,433.74,1.197,67.48,0.8761,14.15,2.728e-05,0.2685,3.552,1.435,2.74,0.2344,10.46,0.5947,8.137
2022-03-29T01:42:02,47475.64,3383.07,109.24,0.277,16.21,69.4,22.31,99.19,6.869,172.87,0.6455,0.02723,0.008872,2.512,1.758,3.001,1.689,3.139,198.64,16.93,1.317,1.258,0.6,2.684,433.75,1.198,67.48,0.876,14.19,2.728e-05,0.2686,3.552,1.435,2.741,0.2344,10.47,0.5948,8.138
2022-03-29T01:42:32,47481.93,3383.74,109.34,0.2769,16.16,69.4,22.31,99.21,6.872,173.07,0.6455,0.02722,0.008872,2.512,1.758,3.001,1.69,3.139,198.86,16.93,1.317,1.258,0.6,2.685,434,1.199,67.55,0.8761,14.18,2.728e-05,0.2692,3.553,1.435,2.742,0.2344,10.47,0.5953,8.138
2022-03-29T01:43:03,47504.19,3383.85,109.34,0.2771,16.15,69.4,22.31,99.21,6.875,173.14,0.6455,0.02724,0.008887,2.514,1.758,3.003,1.689,3.139,198.88,16.89,1.317,1.258,0.6,2.685,434.11,1.2,67.61,0.8762,14.18,2.731e-05,0.2692,3.553,1.435,2.742,0.2344,10.48,0.5956,8.139
2022-03-29T01:43:33,47512.94,3383.86,109.33,0.277,16.1,69.4,22.3,99.23,6.875,173.18,0.6462,0.02726,0.009012,2.511,1.757,3.003,1.69,3.149,198.86,16.89,1.317,1.253,0.6,2.684,434.12,1.199,67.61,0.8762,14.22,2.731e-05,0.2692,3.552,1.435,2.745,0.2344,10.48,0.5952,8.139
2022-03-29T01:44:03,47520.03,3384.03,109.42,0.277,16.11,69.4,22.31,99.26,6.876,173.2,0.6462,0.02729,0.009,2.511,1.757,3.004,1.69,3.147,198.84,16.89,1.317,1.257,0.6,2.685,434.15,1.199,67.65,0.8768,14.22,2.731e-05,0.2695,3.553,1.436,2.745,0.2344,10.5,0.5954,8.144
2022-03-29T01:44:33,47531.25,3384.1,109.41,0.277,16.11,69.4,22.31,99.33,6.878,173.2,0.6477,0.02728,0.009,2.512,1.757,3.004,1.69,3.147,198.76,16.89,1.317,1.257,0.6,2.684,434.13,1.2,67.64,0.8768,14.17,2.731e-05,0.2692,3.553,1.436,2.745,0.2344,10.51,0.5955,8.145
2022-03-29T01:45:03,47480.96,3383.05,109.38,0.2771,16.11,69.3,22.31,99.28,6.874,173.18,0.6484,0.02729,0.009026,2.509,1.757,3.001,1.69,3.147,198.67,16.89,1.317,1.253,0.6,2.683,433.76,1.199,67.67,0.8767,14.17,2.73e-05,0.269,3.551,1.435,2.744,0.2343,10.51,0.5954,8.145
2022-03-29T01:45:34,47448.6,3383.17,109.4,0.277,16.11,69.3,22.31,99.24,6.874,173.16,0.6482,0.02727,0.009002,2.51,1.756,2.999,1.69,3.147,198.7,16.94,1.317,1.253,0.6,2.681,433.59,1.199,67.63,0.8767,14.17,2.729e-05,0.269,3.55,1.435,2.743,0.2345,10.5,0.5949,8.139
2022-03-29T01:46:04,47467.98,3383.56,109.47,0.2769,16.11,69.3,22.31,99.23,6.872,173.23,0.6481,0.02727,0.009002,2.511,1.756,3,1.69,3.148,198.71,16.89,1.317,1.253,0.6,2.682,433.64,1.201,67.64,0.8768,14.2,2.732e-05,0.2691,3.552,1.436,2.744,0.2345,10.5,0.5949,8.139
2022-03-29T01:46:34,47540.76,3385.18,109.6,0.277,16.11,69.3,22.34,99.37,6.873,173.4,0.6468,0.02731,0.00904,2.515,1.757,3.014,1.691,3.148,198.81,16.89,1.317,1.253,0.6,2.686,434.12,1.202,67.66,0.8774,14.23,2.735e-05,0.2694,3.555,1.437,2.748,0.2346,10.51,0.5954,8.14
2022-03-29T01:47:04,47546.19,3385.31,109.55,0.2773,16.11,69.3,22.35,99.39,6.882,173.43,0.6468,0.02734,0.00904,2.51,1.757,3.015,1.691,3.148,198.81,16.93,1.317,1.253,0.6,2.688,434.35,1.201,67.65,0.8774,14.24,2.736e-05,0.2691,3.555,1.438,2.748,0.2346,10.51,0.5958,8.15
2022-03-29T01:47:34,47568.71,3385.23,109.55,0.2773,16.11,69.3,22.35,99.39,6.882,173.44,0.6468,0.02754,0.00904,2.512,1.758,3.017,1.693,3.152,198.79,16.93,1.317,1.253,0.6,2.69,434.35,1.201,67.64,0.8774,14.23,2.738e-05,0.269,3.553,1.438,2.748,0.2348,10.52,0.5958,8.151
2022-03-29T01:48:04,47574.96,3385.84,109.55,0.2772,16.15,69.3,22.35,99.44,6.884,173.5,0.6468,0.02747,0.00904,2.512,1.758,3.017,1.693,3.152,198.76,16.93,1.317,1.256,0.6,2.692,434.4,1.202,67.62,0.8775,14.23,2.74e-05,0.269,3.553,1.439,2.748,0.2348,10.55,0.5959,8.156
2022-03-29T01:48:34,47588.36,3386.55,109.56,0.2774,16.15,69.3,22.36,99.46,6.887,173.48,0.6468,0.02747,0.00904,2.511,1.76,3.018,1.693,3.154,198.89,16.93,1.319,1.256,0.6,2.693,434.78,1.202,67.62,0.878,14.24,2.741e-05,0.269,3.553,1.439,2.748,0.2348,10.55,0.5959,8.155
2022-03-29T01:49:04,47585.56,3388,109.56,0.2775,16.15,69.3,22.36,99.5,6.889,173.5,0.6474,0.02748,0.009036,2.511,1.76,3.018,1.693,3.156,198.94,16.93,1.319,1.256,0.6,2.693,434.78,1.202,67.62,0.8782,14.24,2.742e-05,0.269,3.553,1.439,2.748,0.2348,10.57,0.5959,8.156
2022-03-29T01:49:34,47577.79,3388.11,109.56,0.2775,16.15,69.3,22.36,99.56,6.892,173.52,0.6475,0.02747,0.009036,2.51,1.76,3.016,1.692,3.156,198.92,16.94,1.319,1.258,0.6,2.692,434.72,1.202,67.62,0.8782,14.25,2.741e-05,0.2696,3.552,1.438,2.748,0.2348,10.6,0.5959,8.156
2022-03-29T01:50:05,47567.13,3389.48,109.57,0.2773,16.15,69.3,22.36,99.57,6.895,173.51,0.6481,0.02751,0.009012,2.511,1.76,3.015,1.692,3.152,198.75,16.94,1.319,1.258,0.6,2.692,434.59,1.202,67.62,0.8782,14.24,2.74e-05,0.2697,3.553,1.437,2.749,0.2348,10.59,0.596,8.157
2022-03-29T01:50:35,47569.01,3390.69,109.58,0.2773,16.15,69.3,22.36,99.54,6.895,173.53,0.6466,0.02751,0.009012,2.51,1.76,3.017,1.693,3.151,198.82,16.94,1.319,1.255,0.6,2.691,434.45,1.202,67.61,0.8779,14.24,2.739e-05,0.2698,3.552,1.438,2.749,0.2348,10.58,0.5961,8.157
2022-03-29T01:51:05,47574.04,3391.12,109.59,0.2777,16.15,69.4,22.37,99.6,6.896,173.62,0.647,0.02756,0.009012,2.51,1.761,3.017,1.693,3.151,198.84,16.94,1.319,1.255,0.6,2.691,434.41,1.202,67.62,0.8779,14.24,2.739e-05,0.2698,3.553,1.438,2.749,0.2349,10.58,0.5962,8.157
2022-03-29T01:51:35,47575.68,3391.2,109.57,0.2777,16.15,69.4,22.37,99.67,6.896,173.63,0.647,0.02761,0.009012,2.51,1.761,3.017,1.693,3.151,198.88,16.94,1.319,1.256,0.6,2.69,434.43,1.202,67.64,0.8779,14.24,2.74e-05,0.2697,3.555,1.438,2.75,0.2349,10.57,0.5963,8.153
2022-03-29T01:52:05,47573.02,3391.21,109.72,0.2777,16.23,69.4,22.37,99.65,6.902,173.6,0.6479,0.02762,0.009012,2.51,1.762,3.019,1.694,3.159,198.89,16.96,1.319,1.256,0.6,2.689,434.42,1.202,67.64,0.878,14.25,2.74e-05,0.2696,3.556,1.437,2.749,0.235,10.57,0.5962,8.152
2022-03-29T01:52:35,47559.51,3391.09,109.5,0.2775,16.25,69.4,22.37,99.64,6.897,173.51,0.6485,0.02756,0.009012,2.509,1.761,3.019,1.694,3.155,198.87,16.96,1.318,1.257,0.6,2.688,434.36,1.202,67.62,0.8776,14.25,2.739e-05,0.2695,3.556,1.436,2.748,0.235,10.53,0.5965,8.158
2022-03-29T01:53:06,47579.83,3391.29,109.53,0.2775,16.25,69.3,22.38,99.72,6.897,173.54,0.6485,0.02755,0.00914,2.51,1.761,3.02,1.694,3.155,198.93,16.99,1.313,1.257,0.6,2.688,434.25,1.202,67.61,0.8777,14.25,2.743e-05,0.27,3.557,1.436,2.749,0.2352,10.55,0.5964,8.158
2022-03-29T01:53:36,47565.68,3390.53,109.51,0.2775,16.25,69.3,22.37,99.66,6.897,173.31,0.6486,0.02756,0.00914,2.513,1.761,3.019,1.692,3.154,198.81,16.99,1.313,1.257,0.6,2.684,434.22,1.202,67.59,0.8776,14.24,2.741e-05,0.2697,3.557,1.436,2.749,0.2351,10.57,0.5959,8.158
2022-03-29T01:54:06,47554.62,3390.63,109.51,0.2777,16.25,69.3,22.38,99.66,6.902,173.38,0.6486,0.02756,0.009138,2.511,1.761,3.014,1.693,3.154,198.79,16.99,1.317,1.257,0.6,2.684,434.18,1.202,67.55,0.8776,14.24,2.74e-05,0.2697,3.559,1.435,2.749,0.2351,10.57,0.5964,8.154
2022-03-29T01:54:36,47553.23,3389.71,109.51,0.2778,16.25,69.3,22.39,99.65,6.9,173.4,0.6486,0.02756,0.009138,2.511,1.761,3.014,1.693,3.156,198.75,16.99,1.317,1.257,0.6,2.684,434.26,1.202,67.55,0.8777,14.26,2.74e-05,0.2696,3.559,1.436,2.749,0.2351,10.57,0.5964,8.159
2022-03-29T01:55:06,47554.43,3389.88,109.73,0.2778,16.25,69.4,22.38,99.65,6.903,173.47,0.6486,0.02763,0.009152,2.51,1.761,3.014,1.695,3.158,198.78,16.99,1.317,1.257,0.6,2.685,434.23,1.202,67.55,0.8777,14.28,2.739e-05,0.2697,3.56,1.436,2.75,0.2351,10.58,0.5964,8.159
2022-03-29T01:55:37,47554.73,3389.68,109.72,0.2778,16.25,69.4,22.38,99.63,6.903,173.46,0.6486,0.02762,0.009134,2.511,1.76,3.014,1.695,3.158,198.73,16.99,1.317,1.258,0.6,2.684,434.18,1.202,67.57,0.8773,14.28,2.738e-05,0.2698,3.559,1.436,2.749,0.2351,10.55,0.5968,8.158
2022-03-29T01:56:07,47555.71,3391.04,109.74,0.2778,16.16,69.4,22.38,99.58,6.903,173.48,0.6488,0.02762,0.009123,2.511,1.761,3.015,1.695,3.158,198.82,17.01,1.317,1.258,0.6,2.685,434.09,1.202,67.59,0.8772,14.3,2.738e-05,0.2699,3.558,1.436,2.749,0.2351,10.54,0.5968,8.158
2022-03-29T01:56:37,47550.81,3391.05,109.83,0.2778,16.16,69.4,22.38,99.55,6.939,173.48,0.6486,0.02763,0.009123,2.51,1.761,3.014,1.695,3.157,198.84,17.01,1.317,1.256,0.6,2.685,434.05,1.202,67.6,0.8773,14.33,2.738e-05,0.27,3.558,1.436,2.749,0.2352,10.53,0.5975,8.158
2022-03-29T01:57:07,47540.83,3390.8,109.84,0.2778,16.16,69.4,22.37,99.55,6.939,173.47,0.6486,0.02763,0.0092,2.509,1.765,3.014,1.694,3.157,198.82,17.01,1.317,1.254,0.6,2.686,434.09,1.202,67.6,0.8774,14.33,2.739e-05,0.27,3.555,1.437,2.749,0.2352,10.53,0.5988,8.155
2022-03-29T01:57:37,47540.4,3389.76,109.83,0.2777,16.16,69.4,22.37,99.45,6.936,173.47,0.6487,0.02763,0.009214,2.509,1.765,3.014,1.694,3.156,198.72,17.01,1.317,1.254,0.6,2.686,433.97,1.202,67.58,0.8775,14.34,2.739e-05,0.2698,3.554,1.437,2.749,0.2352,10.53,0.5985,8.156
2022-03-29T01:58:07,47550.94,3389.9,109.85,0.2777,16.16,69.4,22.37,99.42,6.933,173.47,0.6487,0.02764,0.009214,2.51,1.769,3.014,1.695,3.155,198.7,17.01,1.317,1.254,0.6,2.686,433.98,1.201,67.58,0.8775,14.32,2.741e-05,0.2698,3.554,1.437,2.748,0.2351,10.53,0.5983,8.156
2022-03-29T01:58:37,47550.93,3389.27,109.85,0.2777,16.16,69.4,22.38,99.41,6.934,173.43,0.6487,0.02763,0.009218,2.51,1.771,3.01,1.695,3.159,198.69,17.01,1.317,1.254,0.6,2.686,433.99,1.201,67.54,0.8774,14.32,2.741e-05,0.2697,3.554,1.437,2.748,0.2351,10.53,0.5982,8.156
2022-03-29T01:59:07,47536.61,3389.11,109.83,0.2777,16.16,69.4,22.37,99.34,6.937,173.47,0.6497,0.02761,0.0092,2.51,1.775,3.009,1.695,3.159,198.66,17.01,1.317,1.254,0.6,2.686,433.94,1.201,67.53,0.8774,14.28,2.742e-05,0.2693,3.555,1.437,2.748,0.2352,10.53,0.5981,8.157
2022-03-29T01:59:38,47532.21,3388.22,109.83,0.2778,16.16,69.5,22.36,99.21,6.937,173.44,0.6497,0.02756,0.009213,2.509,1.776,3.009,1.695,3.154,198.7,17.02,1.317,1.254,0.6,2.686,433.86,1.201,67.52,0.8774,14.27,2.74e-05,0.2695,3.554,1.437,2.749,0.2351,10.53,0.5982,8.157
2022-03-29T02:00:08,47537.03,3388.26,109.83,0.2778,16.16,69.5,22.36,99.16,6.937,173.46,0.6497,0.02754,0.009213,2.51,1.775,3.009,1.695,3.152,198.69,17.02,1.317,1.255,0.6,2.687,433.98,1.201,67.53,0.878,14.28,2.74e-05,0.2692,3.554,1.437,2.749,0.2352,10.54,0.5977,8.157
2022-03-29T02:00:38,47540.17,3388.54,109.63,0.2778,16.16,69.5,22.36,99.25,6.935,173.49,0.6497,0.02754,0.009213,2.511,1.776,3.01,1.695,3.151,198.68,17.02,1.317,1.256,0.6,2.687,433.96,1.201,67.58,0.878,14.29,2.739e-05,0.2692,3.555,1.437,2.75,0.2352,10.55,0.5977,8.156
2022-03-29T02:01:08,47547.68,3389.71,109.73,0.2778,16.16,69.7,22.35,99.26,6.936,173.52,0.6497,0.02753,0.009213,2.511,1.777,3.01,1.695,3.151,198.68,17.02,1.317,1.256,0.6,2.691,434.04,1.201,67.59,0.8781,14.29,2.74e-05,0.2696,3.555,1.438,2.751,0.2351,10.55,0.5977,8.152
2022-03-29T02:01:38,47559.55,3390,109.74,0.2779,16.16,69.7,22.35,99.26,6.936,173.6,0.6497,0.02756,0.009213,2.512,1.779,3.011,1.697,3.151,198.73,17.02,1.317,1.256,0.6,2.692,434.1,1.202,67.65,0.878,14.29,2.741e-05,0.2696,3.558,1.439,2.751,0.2351,10.55,0.5985,8.152
2022-03-29T02:02:08,47557.72,3390.88,109.65,0.2778,16.16,69.7,22.34,99.19,6.935,173.6,0.6487,0.02754,0.009213,2.511,1.782,3.011,1.695,3.146,198.6,17.02,1.322,1.255,0.6,2.691,434.09,1.201,67.63,0.8779,14.31,2.74e-05,0.2696,3.557,1.438,2.75,0.2351,10.55,0.5985,8.152
2022-03-29T02:02:38,47537.57,3390.19,109.55,0.2778,16.16,69.7,22.33,99.17,6.937,173.56,0.6484,0.02748,0.00921,2.51,1.784,3.01,1.694,3.146,198.48,17.02,1.322,1.255,0.6,2.688,433.65,1.201,67.62,0.8778,14.29,2.736e-05,0.2692,3.556,1.438,2.748,0.235,10.55,0.5992,8.151
2022-03-29T02:03:09,47527.97,3390.1,109.54,0.2778,16.16,69.6,22.31,99.13,6.934,173.53,0.6481,0.02735,0.00921,2.512,1.788,3.009,1.694,3.147,198.19,17.02,1.322,1.255,0.6,2.69,433.55,1.2,67.6,0.8775,14.28,2.732e-05,0.2689,3.552,1.437,2.747,0.235,10.55,0.5989,8.15
2022-03-29T02:03:39,47512.88,3387.55,109.52,0.2774,16.16,69.6,22.3,99.07,6.934,173.55,0.6481,0.02736,0.00921,2.511,1.79,3.009,1.694,3.145,198.19,17.02,1.322,1.255,0.6,2.689,433.53,1.2,67.58,0.8774,14.27,2.733e-05,0.2689,3.551,1.437,2.746,0.235,10.54,0.5989,8.15
2022-03-29T02:04:09,47506.07,3387.34,109.31,0.2774,16.16,69.6,22.31,99.03,6.936,173.58,0.6481,0.02735,0.00921,2.511,1.791,3.008,1.694,3.141,198.08,17.02,1.322,1.255,0.6,2.688,433.47,1.2,67.57,0.8774,14.27,2.732e-05,0.2689,3.551,1.436,2.745,0.2349,10.53,0.5991,8.15
2022-03-29T02:04:39,47510.62,3386.18,109.31,0.2774,16.16,69.6,22.31,99.02,6.938,173.63,0.6481,0.02735,0.00921,2.511,1.793,3.008,1.694,3.141,198.09,17.02,1.322,1.257,0.6,2.685,433.5,1.201,67.57,0.877,14.3,2.73e-05,0.2686,3.551,1.436,2.746,0.2349,10.52,0.5988,8.152
2022-03-29T02:05:09,47512.4,3386.12,109.3,0.2772,16.16,69.6,22.31,99,6.938,173.62,0.6481,0.02734,0.0092,2.511,1.794,3.008,1.694,3.141,198.05,17.02,1.322,1.257,0.6,2.684,433.54,1.201,67.57,0.8769,14.3,2.728e-05,0.2688,3.551,1.435,2.746,0.2348,10.51,0.5988,8.152
2022-03-29T02:05:39,47509.45,3385.41,109.27,0.2772,16.16,69.6,22.31,99,6.937,173.58,0.6481,0.02735,0.0092,2.507,1.796,3.008,1.693,3.128,198.1,17.02,1.322,1.257,0.6,2.683,433.5,1.201,67.56,0.8767,14.26,2.729e-05,0.2686,3.549,1.435,2.746,0.2348,10.51,0.5986,8.151
2022-03-29T02:06:09,47514.42,3386.36,109.29,0.2774,16.16,69.7,22.32,99.02,6.94,173.59,0.646,0.02735,0.0092,2.507,1.796,3.009,1.694,3.128,198.08,17.02,1.322,1.256,0.6,2.682,433.5,1.201,67.54,0.8771,14.24,2.73e-05,0.2686,3.549,1.436,2.746,0.2348,10.51,0.5984,8.156
2022-03-29T02:06:39,47524.5,3387.32,109.48,0.2774,16.16,69.7,22.32,99.08,6.947,173.6,0.6469,0.02735,0.0092,2.508,1.797,3.009,1.694,3.132,198.06,17.02,1.322,1.256,0.6,2.682,433.63,1.202,67.56,0.8771,14.26,2.731e-05,0.2686,3.549,1.437,2.747,0.2348,10.52,0.5987,8.157
2022-03-29T02:07:10,47546.76,3387.65,109.51,0.2775,16.16,69.7,22.34,99.08,6.947,173.6,0.649,0.02746,0.0092,2.509,1.797,3.011,1.694,3.132,198.13,17.04,1.322,1.256,0.6,2.683,433.77,1.202,67.56,0.8772,14.26,2.734e-05,0.2691,3.552,1.437,2.747,0.2348,10.51,0.5986,8.156
2022-03-29T02:07:40,47544.57,3388.65,109.5,0.2774,16.16,69.7,22.32,99.02,6.949,173.6,0.649,0.02747,0.009201,2.505,1.798,3.011,1.694,3.129,198.13,17.04,1.322,1.256,0.6,2.683,433.76,1.202,67.56,0.8767,14.28,2.734e-05,0.2688,3.552,1.437,2.748,0.2348,10.51,0.5986,8.151
2022-03-29T02:08:10,47542.07,3388.41,109.44,0.2774,16.16,69.7,22.32,98.99,6.948,173.44,0.6491,0.02747,0.009201,2.505,1.798,3.01,1.693,3.129,198.07,17.04,1.322,1.256,0.6,2.682,433.76,1.202,67.54,0.8766,14.27,2.733e-05,0.2688,3.552,1.436,2.748,0.2347,10.51,0.5984,8.152
2022-03-29T02:08:40,47537.38,3386.72,109.45,0.2774,16.16,69.7,22.32,99,6.945,173.63,0.6491,0.02747,0.009201,2.504,1.798,3.01,1.693,3.129,198.07,17.04,1.322,1.259,0.6,2.68,433.73,1.201,67.54,0.8766,14.27,2.732e-05,0.2689,3.551,1.436,2.748,0.2347,10.5,0.5983,8.152
2022-03-29T02:09:10,47525.18,3386.88,109.46,0.2774,16.16,69.7,22.32,99.02,6.946,173.72,0.65,0.02746,0.009201,2.504,1.797,3.009,1.694,3.129,198.08,17.04,1.322,1.259,0.6,2.684,433.66,1.201,67.56,0.8762,14.28,2.731e-05,0.2691,3.552,1.436,2.748,0.2347,10.5,0.5983,8.152
2022-03-29T02:09:40,47527.04,3386.56,109.45,0.2774,16.16,69.7,22.32,98.98,6.953,173.72,0.65,0.0274,0.009201,2.502,1.797,3.008,1.694,3.126,198.06,17.04,1.322,1.258,0.6,2.683,433.71,1.201,67.55,0.8762,14.3,2.731e-05,0.2689,3.552,1.436,2.748,0.2345,10.49,0.5985,8.152
2022-03-29T02:10:10,47518.66,3384.97,109.45,0.2774,16.16,69.7,22.32,98.98,6.953,173.77,0.6488,0.02738,0.009201,2.501,1.786,3.008,1.694,3.125,198.05,17.04,1.322,1.256,0.6,2.683,433.72,1.202,67.55,0.8761,14.3,2.731e-05,0.2686,3.552,1.436,2.748,0.2346,10.49,0.5986,8.156
2022-03-29T02:10:41,47511.23,3384.55,109.31,0.2774,16.16,69.8,22.32,98.96,6.95,173.74,0.6488,0.02741,0.00921,2.501,1.783,3.007,1.693,3.125,198.05,17.04,1.322,1.256,0.6,2.681,433.66,1.202,67.55,0.8759,14.3,2.731e-05,0.2686,3.552,1.436,2.747,0.2346,10.49,0.5986,8.158
2022-03-29T02:11:11,47510.63,3384.76,109.31,0.2775,16.16,69.8,22.33,98.94,6.95,173.75,0.6488,0.02742,0.0092,2.501,1.783,3.007,1.694,3.127,198.09,17.04,1.322,1.259,0.6,2.681,433.59,1.202,67.54,0.8761,14.3,2.731e-05,0.2686,3.552,1.436,2.747,0.2348,10.48,0.5987,8.156
2022-03-29T02:11:41,47514.46,3385.46,109.31,0.2775,16.16,69.8,22.33,98.93,6.95,173.83,0.6489,0.02742,0.009214,2.501,1.783,3.008,1.694,3.127,198.11,17.06,1.322,1.259,0.6,2.68,433.6,1.201,67.55,0.876,14.3,2.73e-05,0.2686,3.553,1.436,2.747,0.2347,10.49,0.5986,8.15
2022-03-29T02:12:11,47510.12,3385.65,109.39,0.2775,16.16,69.8,22.33,98.95,6.946,173.87,0.6489,0.0274,0.009214,2.501,1.783,3.007,1.694,3.127,198.09,17.06,1.322,1.256,0.6,2.678,433.58,1.202,67.57,0.8759,14.28,2.73e-05,0.2686,3.552,1.436,2.747,0.2348,10.48,0.5985,8.15
2022-03-29T02:12:41,47504.34,3385.1,109.37,0.2775,16.16,69.8,22.33,98.9,6.947,173.83,0.6494,0.02741,0.009214,2.504,1.782,3.007,1.693,3.123,198,17.06,1.322,1.256,0.6,2.675,433.59,1.202,67.55,0.8753,14.26,2.729e-05,0.2685,3.549,1.436,2.747,0.2348,10.44,0.5975,8.149
2022-03-29T02:13:12,47504.09,3383.6,109.27,0.2774,16.16,69.7,22.33,98.87,6.951,173.81,0.6494,0.02742,0.009214,2.504,1.782,3.008,1.693,3.123,197.86,17.06,1.322,1.256,0.6,2.675,433.58,1.203,67.55,0.8753,14.24,2.727e-05,0.2682,3.548,1.436,2.746,0.2347,10.43,0.597,8.148
2022-03-29T02:13:42,47481.43,3383.2,109.26,0.2774,16.16,69.7,22.32,98.92,6.95,173.73,0.6494,0.02737,0.009214,2.503,1.782,3.007,1.69,3.123,197.74,17.06,1.322,1.256,0.6,2.673,433.54,1.203,67.45,0.8752,14.22,2.724e-05,0.268,3.547,1.433,2.745,0.2347,10.43,0.5969,8.147
2022-03-29T02:14:12,47479.15,3382.98,109.27,0.2774,16.16,69.7,22.31,98.87,6.95,173.57,0.6494,0.02737,0.009214,2.503,1.781,3.014,1.689,3.115,197.72,17.06,1.322,1.256,0.6,2.673,433.49,1.203,67.41,0.8752,14.22,2.717e-05,0.2679,3.544,1.431,2.742,0.2348,10.41,0.5971,8.149
2022-03-29T02:14:42,47477.47,3383.18,109.15,0.2774,16.16,69.7,22.31,98.92,6.95,173.59,0.6494,0.02738,0.0092,2.503,1.781,3.014,1.691,3.12,197.74,17.06,1.322,1.257,0.6,2.672,433.53,1.203,67.41,0.8753,14.24,2.716e-05,0.268,3.545,1.431,2.743,0.2347,10.41,0.5971,8.148
2022-03-29T02:15:12,47479.49,3383.07,109.18,0.2774,16.16,69.7,22.31,99.06,6.95,173.59,0.6481,0.02738,0.0092,2.503,1.781,3.014,1.694,3.12,197.68,17.06,1.322,1.257,0.6,2.671,433.56,1.201,67.42,0.8752,14.24,2.716e-05,0.268,3.544,1.43,2.742,0.2347,10.42,0.5972,8.148
2022-03-29T02:15:42,47482.97,3383.45,109.18,0.2774,16.16,69.7,22.32,99.18,6.95,173.6,0.6481,0.02738,0.009209,2.503,1.782,3.015,1.695,3.116,197.7,17.06,1.322,1.258,0.6,2.672,433.5,1.202,67.44,0.875,14.24,2.717e-05,0.268,3.543,1.43,2.741,0.2346,10.42,0.5973,8.147
2022-03-29T02:16:12,47481.64,3384.9,109.23,0.2774,16.16,69.8,22.32,99.16,6.95,173.62,0.6481,0.02738,0.009209,2.503,1.782,3.015,1.696,3.119,197.68,17.06,1.323,1.258,0.6,2.673,433.62,1.202,67.47,0.8752,14.23,2.717e-05,0.2679,3.543,1.43,2.74,0.2346,10.42,0.5973,8.148
2022-03-29T02:16:43,47469.12,3384.86,109.23,0.2772,16.16,69.8,22.32,99.13,6.95,173.61,0.6481,0.02738,0.009217,2.502,1.782,3.014,1.696,3.119,197.61,17.06,1.323,1.259,0.6,2.671,433.6,1.202,67.47,0.8752,14.21,2.719e-05,0.2676,3.541,1.43,2.739,0.2346,10.43,0.5973,8.146
2022-03-29T02:17:13,47460.55,3385.04,109.22,0.2772,16.16,69.8,22.3,99.03,6.95,173.55,0.6473,0.02738,0.009218,2.505,1.782,3.013,1.696,3.115,197.54,17.06,1.323,1.259,0.6,2.67,433.54,1.2,67.37,0.8747,14.22,2.718e-05,0.2676,3.538,1.429,2.737,0.2345,10.42,0.5973,8.144
2022-03-29T02:17:43,47477.09,3386.01,109.28,0.2772,16.16,69.9,22.31,99.14,6.95,173.51,0.6473,0.0274,0.009219,2.506,1.782,3.01,1.697,3.118,197.37,17.06,1.323,1.259,0.6,2.67,433.55,1.201,67.39,0.875,14.18,2.718e-05,0.2676,3.538,1.429,2.739,0.2346,10.41,0.597,8.142
2022-03-29T02:18:13,47516.64,3388.47,109.29,0.2776,16.16,69.8,22.31,99.21,6.953,173.57,0.6478,0.0274,0.009219,2.508,1.784,3.008,1.698,3.118,197.48,17.06,1.323,1.259,0.6,2.673,433.61,1.202,67.42,0.8751,14.21,2.722e-05,0.2679,3.545,1.43,2.739,0.2346,10.41,0.5969,8.143
2022-03-29T02:18:44,47539.6,3391.38,109.51,0.2776,16.16,69.8,22.34,99.32,6.953,173.63,0.6473,0.02754,0.00922,2.507,1.785,3.01,1.698,3.118,197.71,17.06,1.323,1.256,0.6,2.675,433.62,1.203,67.48,0.8753,14.22,2.724e-05,0.2684,3.546,1.43,2.74,0.2347,10.41,0.5969,8.144
2022-03-29T02:19:15,47570.06,3394.23,109.52,0.2777,16.16,69.8,22.35,99.36,6.953,173.72,0.6477,0.02754,0.00922,2.509,1.785,3.012,1.698,3.121,197.73,17.06,1.332,1.256,0.6,2.675,434.23,1.203,67.5,0.876,14.22,2.727e-05,0.2684,3.546,1.431,2.74,0.2347,10.43,0.5969,8.156
2022-03-29T02:19:45,47567.1,3394.19,109.52,0.2779,16.16,69.9,22.35,99.41,6.951,173.84,0.6477,0.02751,0.009229,2.509,1.783,3.011,1.698,3.121,197.71,17.06,1.336,1.259,0.6,2.677,434.31,1.203,67.49,0.8761,14.22,2.726e-05,0.2684,3.548,1.432,2.74,0.2347,10.42,0.5968,8.155
2022-03-29T02:20:15,47567.56,3394.41,109.54,0.2779,16.16,69.9,22.35,99.59,6.953,173.76,0.6477,0.0275,0.009229,2.505,1.783,3.012,1.699,3.114,197.72,17.06,1.336,1.259,0.6,2.677,434.54,1.204,67.49,0.876,14.22,2.727e-05,0.2684,3.549,1.433,2.74,0.2347,10.42,0.5975,8.157
2022-03-29T02:20:45,47567.16,3394.3,109.67,0.278,16.16,69.9,22.35,99.63,6.953,173.77,0.6478,0.02751,0.00923,2.506,1.783,3.011,1.7,3.118,197.7,17.06,1.342,1.259,0.6,2.677,434.64,1.205,67.54,0.8761,14.22,2.726e-05,0.2684,3.549,1.433,2.74,0.2348,10.43,0.5976,8.159
2022-03-29T02:21:15,47567.43,3393.96,109.67,0.278,16.16,69.8,22.35,99.63,6.953,173.77,0.6479,0.02752,0.00923,2.506,1.783,3.011,1.701,3.118,197.67,17.06,1.342,1.256,0.6,2.676,434.68,1.205,67.55,0.8761,14.23,2.725e-05,0.2685,3.547,1.433,2.74,0.2348,10.42,0.5969,8.158
2022-03-29T02:21:45,47559.91,3393.91,109.76,0.278,16.16,69.9,22.35,99.63,6.951,173.8,0.6479,0.02749,0.00923,2.505,1.784,3.011,1.701,3.117,197.66,17.06,1.342,1.256,0.6,2.676,434.61,1.204,67.61,0.8761,14.26,2.725e-05,0.2685,3.546,1.433,2.74,0.2348,10.42,0.5966,8.157
2022-03-29T02:22:15,47559.34,3393.96,109.8,0.2781,16.16,69.9,22.35,99.88,6.951,173.84,0.653,0.02749,0.00923,2.505,1.783,3.011,1.701,3.115,197.79,17.06,1.342,1.256,0.6,2.676,434.71,1.204,67.63,0.8761,14.28,2.725e-05,0.2685,3.548,1.433,2.742,0.2347,10.42,0.5965,8.157
2022-03-29T02:22:46,47557.34,3393.61,109.79,0.2781,16.16,69.9,22.34,99.88,6.95,173.84,0.6544,0.02749,0.00923,2.506,1.783,3.011,1.701,3.115,197.74,17.06,1.342,1.258,0.6,2.675,434.69,1.204,67.65,0.8761,14.28,2.726e-05,0.2685,3.551,1.433,2.743,0.2347,10.41,0.5965,8.157
2022-03-29T02:23:16,47561.04,3393.38,109.79,0.2783,16.16,69.8,22.33,99.92,6.95,173.81,0.6521,0.02749,0.009229,2.506,1.784,3.011,1.701,3.11,197.69,17.06,1.342,1.258,0.6,2.676,434.72,1.204,67.65,0.8763,14.28,2.726e-05,0.2686,3.551,1.434,2.743,0.2347,10.42,0.5964,8.157
2022-03-29T02:23:46,47563.96,3393.97,109.79,0.2783,16.21,69.8,22.33,100.02,6.947,173.86,0.6521,0.0275,0.009229,2.507,1.785,3.025,1.7,3.11,197.76,17.06,1.342,1.258,0.6,2.676,434.85,1.204,67.68,0.8763,14.26,2.728e-05,0.269,3.553,1.433,2.744,0.2347,10.43,0.5961,8.158
2022-03-29T02:24:16,47574.51,3394.01,109.79,0.2783,16.21,70,22.33,100.11,6.946,173.87,0.6531,0.0275,0.009229,2.507,1.787,3.025,1.7,3.12,197.82,17.06,1.342,1.258,0.6,2.677,434.9,1.204,67.74,0.8764,14.26,2.729e-05,0.2692,3.557,1.433,2.745,0.2347,10.43,0.5961,8.153
2022-03-29T02:24:46,47576.29,3395.77,109.85,0.2783,16.21,70,22.33,100.22,6.948,173.88,0.6521,0.0275,0.009215,2.503,1.788,3.025,1.702,3.12,197.81,17.06,1.342,1.258,0.6,2.679,435.36,1.205,67.87,0.8767,14.26,2.729e-05,0.2691,3.559,1.433,2.746,0.2347,10.43,0.5962,8.152
2022-03-29T02:25:16,47574.98,3395.8,109.82,0.2783,16.21,70,22.34,100.37,6.948,173.89,0.6522,0.02751,0.009196,2.503,1.789,3.025,1.702,3.114,197.92,17.06,1.342,1.259,0.6,2.68,435.42,1.205,67.88,0.8768,14.29,2.732e-05,0.2691,3.56,1.433,2.746,0.2347,10.44,0.5962,8.152
2022-03-29T02:25:46,47573.59,3395.41,109.83,0.2783,16.21,69.9,22.34,100.36,6.948,173.94,0.6522,0.02751,0.00928,2.503,1.791,3.025,1.702,3.111,197.94,17.09,1.342,1.259,0.6,2.679,435.44,1.205,67.86,0.8768,14.28,2.733e-05,0.2694,3.564,1.432,2.747,0.2348,10.43,0.5961,8.153
2022-03-29T02:26:16,47566.24,3395.57,109.82,0.2783,16.21,69.9,22.34,100.36,6.947,173.99,0.6518,0.02751,0.00928,2.502,1.793,3.029,1.702,3.111,198.04,17.09,1.342,1.259,0.6,2.678,435.48,1.206,67.85,0.8767,14.27,2.735e-05,0.2695,3.572,1.432,2.748,0.2348,10.43,0.5963,8.152
2022-03-29T02:26:47,47566.24,3395.87,109.84,0.2783,16.21,69.9,22.34,100.44,6.948,173.98,0.6518,0.02751,0.009267,2.502,1.794,3.029,1.702,3.114,198.13,17.09,1.342,1.258,0.6,2.679,435.54,1.206,67.86,0.8768,14.27,2.738e-05,0.2696,3.573,1.432,2.749,0.2349,10.44,0.5963,8.15
2022-03-29T02:27:17,47565.39,3396.76,109.84,0.2783,16.21,69.9,22.34,100.52,6.948,173.99,0.6518,0.02752,0.009252,2.503,1.794,3.028,1.702,3.117,198.16,17.09,1.342,1.258,0.6,2.681,435.52,1.206,67.86,0.8771,14.29,2.742e-05,0.2697,3.573,1.433,2.751,0.2348,10.44,0.5962,8.147
2022-03-29T02:27:47,47576,3397.69,109.79,0.2786,16.21,69.9,22.35,100.54,6.948,174.13,0.6518,0.02756,0.009252,2.503,1.794,3.029,1.702,3.117,198.24,17.09,1.342,1.258,0.6,2.683,435.57,1.206,67.84,0.8771,14.3,2.741e-05,0.2695,3.572,1.433,2.751,0.2348,10.44,0.5965,8.151
2022-03-29T02:28:17,47571.32,3398.8,109.82,0.2786,16.21,69.9,22.35,100.56,6.948,174.24,0.6518,0.02755,0.009252,2.502,1.795,3.029,1.703,3.118,198.38,17.09,1.342,1.26,0.6,2.682,435.52,1.206,67.86,0.8769,14.3,2.742e-05,0.2696,3.572,1.433,2.751,0.2347,10.43,0.5966,8.153
2022-03-29T02:28:47,47565.95,3398.52,109.75,0.2785,16.21,69.9,22.35,100.6,6.947,174.26,0.6518,0.02764,0.009252,2.501,1.795,3.029,1.701,3.119,198.31,17.09,1.342,1.26,0.6,2.681,435.54,1.205,67.87,0.8768,14.31,2.74e-05,0.2696,3.568,1.432,2.753,0.2347,10.43,0.5966,8.158
2022-03-29T02:29:17,47567.29,3396.94,109.74,0.2785,16.21,69.9,22.35,100.89,6.948,174.24,0.6525,0.02759,0.009252,2.505,1.795,3.029,1.701,3.119,198.28,17.09,1.342,1.26,0.6,2.68,435.54,1.205,67.82,0.8765,14.3,2.736e-05,0.2697,3.568,1.431,2.752,0.2347,10.43,0.5966,8.158
2022-03-29T02:29:48,47566.6,3395.9,109.73,0.2783,16.21,69.9,22.35,100.79,6.948,174.19,0.6525,0.0276,0.009278,2.507,1.795,3.029,1.701,3.118,198.22,17.09,1.33,1.259,0.6,2.677,435.39,1.204,67.76,0.8764,14.3,2.735e-05,0.2697,3.565,1.43,2.753,0.2347,10.41,0.5967,8.154
2022-03-29T02:30:18,47575.48,3396.13,109.73,0.2782,16.21,69.9,22.35,100.88,6.948,174.12,0.6525,0.0276,0.009278,2.507,1.794,3.03,1.701,3.118,198.2,17.12,1.33,1.259,0.6,2.681,435.47,1.204,67.76,0.8765,14.27,2.737e-05,0.2697,3.568,1.431,2.755,0.2347,10.42,0.5968,8.154
2022-03-29T02:30:48,47589.08,3397.16,109.76,0.2783,16.21,69.9,22.36,101.09,6.947,174.18,0.6525,0.0276,0.009252,2.508,1.795,3.038,1.702,3.118,198.38,17.08,1.33,1.259,0.6,2.682,435.69,1.204,67.82,0.8767,14.27,2.738e-05,0.2697,3.569,1.433,2.756,0.2348,10.42,0.5973,8.156
2022-03-29T02:31:18,47589.36,3397.53,109.76,0.2783,16.21,69.9,22.36,101.11,6.947,174.24,0.6525,0.02763,0.009225,2.508,1.796,3.038,1.703,3.122,198.55,17.08,1.33,1.259,0.6,2.683,435.65,1.204,67.84,0.8767,14.3,2.741e-05,0.27,3.569,1.433,2.756,0.2349,10.42,0.5978,8.156
2022-03-29T02:31:48,47445.65,3393.35,109.5,0.2784,16.14,69.9,22.34,101.11,6.947,174,0.6525,0.02753,0.009225,2.5,1.788,3.031,1.702,3.114,198.32,17.08,1.33,1.259,0.6,2.676,435.46,1.202,67.85,0.8765,14.24,2.734e-05,0.2686,3.564,1.432,2.749,0.2345,10.41,0.5978,8.155
2022-03-29T02:32:18,47448.26,3393.33,109.41,0.2777,16.14,69.6,22.28,101.22,6.938,173.99,0.6513,0.02749,0.009206,2.501,1.787,3.031,1.701,3.114,198.27,17.08,1.33,1.258,0.6,2.671,434.71,1.202,67.84,0.8755,14.26,2.725e-05,0.269,3.564,1.428,2.749,0.2345,10.38,0.5977,8.139
2022-03-29T02:32:48,47465.01,3390.4,109.39,0.2776,16.14,69.6,22.28,101.1,6.928,173.55,0.6505,0.02749,0.009198,2.503,1.786,3.032,1.694,3.118,197.49,17.08,1.33,1.258,0.6,2.67,434.72,1.202,67.76,0.8752,14.21,2.722e-05,0.2689,3.553,1.425,2.746,0.2343,10.37,0.5934,8.139
2022-03-29T02:33:18,47501.56,3391.44,109.45,0.2778,16.14,69.6,22.28,101.46,6.927,173.7,0.6516,0.02758,0.0092,2.505,1.786,3.034,1.695,3.123,197.74,17.08,1.33,1.258,0.6,2.672,434.91,1.203,67.71,0.8753,14.21,2.726e-05,0.2693,3.556,1.427,2.749,0.2344,10.4,0.594,8.134
2022-03-29T02:33:49,47512.29,3390.96,109.91,0.2778,16.14,69.6,22.32,101.76,6.93,173.75,0.6516,0.0276,0.0092,2.505,1.786,3.035,1.696,3.123,197.77,17.06,1.33,1.259,0.6,2.674,435.18,1.203,67.77,0.8759,14.28,2.731e-05,0.2697,3.564,1.428,2.75,0.2345,10.41,0.594,8.15
2022-03-29T02:34:19,47548.72,3394.92,109.95,0.278,16.14,69.9,22.35,102.24,6.927,173.85,0.6505,0.02764,0.009197,2.502,1.789,3.037,1.699,3.123,198.28,17.06,1.33,1.259,0.6,2.675,435.49,1.203,67.84,0.876,14.28,2.732e-05,0.2698,3.565,1.432,2.752,0.2346,10.42,0.5948,8.154
2022-03-29T02:34:49,47550.17,3395.01,109.9,0.2784,16.14,69.9,22.34,102.35,6.927,173.9,0.6505,0.02766,0.009197,2.502,1.79,3.038,1.699,3.12,198.31,17.06,1.33,1.259,0.6,2.676,435.53,1.203,67.85,0.8757,14.26,2.731e-05,0.2698,3.565,1.433,2.753,0.2345,10.44,0.5948,8.155
2022-03-29T02:35:19,47539.55,3395.03,110.01,0.2784,16.14,69.9,22.32,102.36,6.929,173.87,0.6505,0.02765,0.009197,2.503,1.79,3.037,1.7,3.12,198.36,17.06,1.33,1.258,0.6,2.675,435.41,1.203,67.85,0.8758,14.26,2.729e-05,0.2698,3.562,1.433,2.75,0.2345,10.45,0.5963,8.159
2022-03-29T02:35:49,47537.23,3394.59,110,0.2784,16.14,69.9,22.31,102.13,6.93,173.77,0.6505,0.02764,0.009197,2.502,1.789,3.036,1.698,3.12,198.33,17.06,1.33,1.258,0.6,2.674,435.31,1.203,67.84,0.8756,14.24,2.728e-05,0.2698,3.561,1.433,2.749,0.2344,10.43,0.5957,8.158
2022-03-29T02:36:19,47537.47,3394.82,110.02,0.2784,16.14,69.9,22.31,102.22,6.927,173.77,0.6505,0.02763,0.009197,2.502,1.789,3.028,1.699,3.121,198.34,17.06,1.326,1.258,0.6,2.675,435.21,1.204,67.85,0.8755,14.22,2.729e-05,0.2694,3.561,1.433,2.748,0.2345,10.43,0.5952,8.158
2022-03-29T02:36:49,47532.79,3394.5,110.05,0.2782,16.14,69.9,22.29,102.43,6.931,173.63,0.6505,0.02767,0.009175,2.503,1.788,3.039,1.699,3.121,198.37,17.06,1.326,1.258,0.6,2.673,435.23,1.203,67.86,0.8752,14.21,2.728e-05,0.2693,3.56,1.433,2.747,0.2344,10.42,0.596,8.153
2022-03-29T02:37:20,47526.49,3394.22,110.05,0.2781,16.14,69.9,22.28,102.34,6.931,173.58,0.6493,0.02765,0.009149,2.502,1.788,3.039,1.699,3.121,198.13,17.06,1.326,1.258,0.6,2.671,435.03,1.203,67.85,0.8749,14.19,2.727e-05,0.2693,3.56,1.433,2.744,0.2343,10.41,0.596,8.149
2022-03-29T02:37:50,47530.34,3393.78,110.29,0.2782,16.14,69.9,22.28,102.37,6.93,173.54,0.6493,0.02766,0.009149,2.504,1.788,3.039,1.698,3.122,197.99,17.06,1.326,1.258,0.6,2.676,434.87,1.203,67.86,0.8749,14.21,2.727e-05,0.2692,3.557,1.433,2.744,0.2343,10.39,0.596,8.149
2022-03-29T02:38:21,47513.87,3393.29,110.29,0.2779,16.14,70,22.28,102.13,6.925,173.49,0.6493,0.02766,0.009147,2.504,1.788,3.038,1.698,3.122,197.89,17.13,1.326,1.262,0.6,2.675,434.92,1.202,67.83,0.8748,14.18,2.728e-05,0.2695,3.556,1.434,2.744,0.2343,10.39,0.596,8.148
2022-03-29T02:38:51,47513.16,3393.24,110.4,0.2779,16.14,70,22.28,102.24,6.924,173.48,0.6493,0.02767,0.009167,2.504,1.788,3.039,1.698,3.118,197.96,17.13,1.326,1.26,0.6,2.675,434.89,1.202,67.85,0.8747,14.21,2.727e-05,0.2695,3.556,1.434,2.744,0.2342,10.38,0.5957,8.149
2022-03-29T02:39:21,47510.12,3392.11,110.39,0.2779,16.14,70,22.28,102.28,6.924,173.47,0.6493,0.02766,0.009148,2.503,1.787,3.039,1.695,3.118,198.01,17.13,1.326,1.26,0.6,2.674,434.93,1.202,67.85,0.8745,14.21,2.727e-05,0.2693,3.555,1.434,2.743,0.2342,10.38,0.5952,8.15
2022-03-29T02:39:51,47509.24,3392.07,110.4,0.2784,16.14,70,22.29,102.5,6.925,173.72,0.6493,0.0276,0.009148,2.503,1.788,3.038,1.698,3.118,198.08,17.13,1.326,1.258,0.6,2.676,434.95,1.203,67.87,0.8748,14.18,2.729e-05,0.2693,3.556,1.434,2.744,0.2342,10.39,0.5954,8.15
2022-03-29T02:40:21,47511.49,3391.33,110.41,0.2783,16.14,70,22.3,102.55,6.923,173.65,0.6504,0.02761,0.009148,2.504,1.788,3.038,1.697,3.119,198.18,17.13,1.326,1.26,0.6,2.677,434.99,1.202,67.97,0.875,14.18,2.73e-05,0.2696,3.557,1.434,2.745,0.2343,10.39,0.5959,8.148
2022-03-29T02:40:52,47497.45,3389.1,110.36,0.2782,16.2,70,22.29,102.76,6.922,173.58,0.6494,0.02756,0.009148,2.504,1.787,3.037,1.696,3.119,198.01,17.13,1.326,1.26,0.6,2.675,435.01,1.202,67.97,0.8747,14.12,2.726e-05,0.2691,3.554,1.433,2.744,0.2341,10.39,0.5953,8.145
2022-03-29T02:41:22,47494.8,3389.38,110.36,0.2773,16.2,70,22.28,102.68,6.921,173.54,0.6494,0.02752,0.009148,2.503,1.787,3.037,1.696,3.119,197.89,17.13,1.326,1.258,0.6,2.674,434.72,1.202,67.95,0.8748,14.16,2.727e-05,0.2691,3.554,1.433,2.743,0.2341,10.38,0.5953,8.145
2022-03-29T02:41:52,47496.39,3389.26,110.22,0.2773,16.2,70,22.27,102.63,6.906,173.58,0.6494,0.02753,0.009127,2.504,1.787,3.037,1.696,3.119,197.81,17.17,1.326,1.257,0.6,2.671,434.78,1.201,67.88,0.8747,14.18,2.726e-05,0.2691,3.554,1.433,2.743,0.2341,10.38,0.5953,8.145
2022-03-29T02:42:22,47489.25,3389.67,110.21,0.2772,16.2,70,22.27,102.5,6.891,173.62,0.6506,0.02752,0.009125,2.504,1.785,3.037,1.696,3.119,197.87,17.17,1.326,1.257,0.6,2.672,434.73,1.201,67.87,0.8747,14.18,2.727e-05,0.2692,3.552,1.432,2.743,0.2341,10.38,0.5953,8.149
2022-03-29T02:42:52,47494.97,3388.93,110.19,0.2772,16.2,70,22.27,102.45,6.887,173.62,0.6506,0.02752,0.009125,2.504,1.785,3.038,1.696,3.119,197.87,17.17,1.326,1.257,0.6,2.672,434.75,1.201,67.86,0.8748,14.19,2.727e-05,0.2692,3.552,1.433,2.742,0.2341,10.38,0.5954,8.149
2022-03-29T02:43:22,47498.6,3388.79,110.26,0.2773,16.2,70,22.26,102.52,6.89,173.59,0.6506,0.02753,0.009125,2.504,1.784,3.038,1.696,3.119,197.91,17.17,1.326,1.256,0.6,2.672,434.82,1.2,67.77,0.8749,14.18,2.727e-05,0.2693,3.551,1.432,2.742,0.2342,10.39,0.5952,8.15
2022-03-29T02:43:52,47493.5,3388.32,110.26,0.2773,16.2,70,22.26,102.49,6.889,173.56,0.6506,0.02754,0.009125,2.505,1.784,3.038,1.695,3.119,197.91,17.17,1.326,1.256,0.6,2.671,434.9,1.2,67.77,0.8747,14.18,2.726e-05,0.2692,3.551,1.432,2.741,0.2342,10.39,0.5952,8.151
2022-03-29T02:44:22,47489.35,3387.4,110.24,0.2772,16.2,70,22.26,102.45,6.887,173.42,0.6506,0.02765,0.009125,2.505,1.783,3.037,1.695,3.112,197.78,17.13,1.326,1.256,0.6,2.67,434.81,1.2,67.71,0.8745,14.17,2.725e-05,0.2691,3.547,1.431,2.74,0.2341,10.39,0.5946,8.15
2022-03-29T02:44:52,47492.13,3387.37,110.23,0.2775,16.2,70.5,22.26,102.46,6.872,173.45,0.6517,0.02769,0.009109,2.505,1.783,3.038,1.695,3.115,197.81,17.11,1.326,1.256,0.6,2.666,434.83,1.2,67.73,0.8744,14.17,2.726e-05,0.2693,3.549,1.431,2.742,0.2341,10.39,0.5948,8.148
2022-03-29T02:45:23,47491.86,3387.32,110.22,0.2775,16.2,70.5,22.26,102.5,6.872,173.5,0.6517,0.02769,0.009109,2.504,1.783,3.038,1.695,3.114,197.8,17.11,1.326,1.256,0.6,2.667,434.83,1.2,67.75,0.8738,14.17,2.726e-05,0.2693,3.548,1.432,2.741,0.2341,10.39,0.5948,8.143
2022-03-29T02:45:53,47490.42,3386.66,110.02,0.2775,16.2,70.5,22.26,102.56,6.873,173.52,0.6516,0.02773,0.009109,2.504,1.786,3.038,1.695,3.116,197.82,17.25,1.326,1.256,0.6,2.668,434.72,1.2,67.78,0.8737,14.17,2.725e-05,0.2693,3.549,1.432,2.741,0.234,10.39,0.5947,8.142
2022-03-29T02:46:23,47490.66,3386.66,109.98,0.2775,16.2,70.8,22.26,102.75,6.87,173.49,0.6504,0.02773,0.009109,2.504,1.786,3.038,1.694,3.116,197.82,17.3,1.326,1.261,0.6,2.669,434.67,1.2,67.76,0.8737,14.14,2.725e-05,0.2691,3.548,1.432,2.741,0.2341,10.39,0.5944,8.142
2022-03-29T02:46:53,47486.41,3386.53,109.96,0.2772,16.2,70.8,22.25,102.83,6.869,173.44,0.6504,0.02774,0.009109,2.504,1.787,3.038,1.694,3.116,197.69,17.31,1.326,1.256,0.6,2.667,434.67,1.2,67.72,0.8729,14.14,2.721e-05,0.269,3.547,1.431,2.739,0.2341,10.38,0.594,8.147
2022-03-29T02:47:23,47485.42,3385.92,109.7,0.2775,16.2,70.8,22.25,102.77,6.869,173.36,0.6504,0.0277,0.009109,2.505,1.787,3.038,1.694,3.116,197.56,17.31,1.328,1.256,0.6,2.667,434.64,1.199,67.66,0.8727,14.13,2.721e-05,0.269,3.546,1.43,2.739,0.234,10.38,0.5934,8.145
2022-03-29T02:47:53,47483.72,3385.86,109.66,0.2775,16.2,70.6,22.25,102.68,6.869,173.41,0.6504,0.02767,0.009109,2.505,1.789,3.038,1.693,3.117,197.57,17.25,1.328,1.257,0.6,2.665,434.67,1.199,67.61,0.8726,14.13,2.72e-05,0.2686,3.541,1.43,2.738,0.2339,10.38,0.5933,8.146
2022-03-29T02:48:23,47482.79,3385.81,109.64,0.2776,16.2,70.6,22.25,102.6,6.86,173.36,0.6504,0.02765,0.009109,2.505,1.789,3.038,1.693,3.113,197.57,17.23,1.328,1.257,0.6,2.666,434.57,1.199,67.61,0.8723,14.15,2.721e-05,0.2682,3.541,1.43,2.738,0.2339,10.38,0.5935,8.146
2022-03-29T02:48:53,47481.86,3385.7,109.64,0.278,16.14,70.3,22.24,102.54,6.855,173.28,0.6493,0.02765,0.009109,2.504,1.79,3.034,1.692,3.113,197.61,17.23,1.328,1.257,0.6,2.666,434.61,1.199,67.6,0.8724,14.15,2.721e-05,0.2686,3.541,1.429,2.739,0.234,10.38,0.5935,8.148
2022-03-29T02:49:24,47474.14,3384.08,109.47,0.278,16.14,70.1,22.22,102.31,6.854,173.26,0.6493,0.02767,0.00911,2.505,1.79,3.033,1.692,3.113,197.55,17.23,1.331,1.257,0.6,2.661,434.62,1.199,67.56,0.8724,14.14,2.719e-05,0.2686,3.537,1.429,2.738,0.2339,10.38,0.5929,8.148
2022-03-29T02:49:54,47471.26,3383.63,109.55,0.2781,16.14,70.1,22.22,102.33,6.854,173.17,0.6484,0.02765,0.00911,2.505,1.79,3.033,1.692,3.115,197.64,17.23,1.331,1.257,0.6,2.66,434.52,1.197,67.55,0.8724,14.14,2.718e-05,0.2682,3.54,1.429,2.737,0.234,10.38,0.5932,8.149
2022-03-29T02:50:24,47457.19,3380.65,109.53,0.2778,16.14,69.9,22.21,102.4,6.854,173.07,0.648,0.02763,0.00911,2.505,1.793,3.032,1.69,3.115,197.65,17.23,1.331,1.257,0.6,2.658,434.48,1.196,67.56,0.8722,14.12,2.715e-05,0.2681,3.54,1.428,2.737,0.2339,10.37,0.5931,8.149
2022-03-29T02:50:54,47456.1,3380,109.54,0.2778,16.14,69.9,22.21,102.44,6.854,173.08,0.6478,0.02758,0.009086,2.504,1.793,3.032,1.689,3.115,197.65,17.23,1.331,1.26,0.6,2.657,434.22,1.196,67.55,0.8722,14.11,2.714e-05,0.2678,3.539,1.428,2.736,0.2339,10.39,0.5928,8.148
2022-03-29T02:51:24,47450.36,3378.61,109.47,0.2777,16.14,69.9,22.21,102.47,6.854,173.06,0.6478,0.02758,0.009086,2.504,1.795,3.032,1.689,3.109,197.65,17.23,1.331,1.26,0.6,2.666,434.17,1.196,67.54,0.8721,14.11,2.712e-05,0.2677,3.538,1.426,2.736,0.2339,10.39,0.5928,8.148
2022-03-29T02:51:54,47440.79,3377.15,109.44,0.2777,16.14,69.9,22.21,102.52,6.854,172.89,0.6477,0.02759,0.009086,2.505,1.795,3.027,1.687,3.109,197.53,17.22,1.329,1.261,0.6,2.663,434.1,1.196,67.52,0.8712,14.12,2.709e-05,0.2677,3.531,1.424,2.733,0.2337,10.39,0.5931,8.149
2022-03-29T02:52:24,47435.25,3376.2,109.44,0.2773,16.14,69.9,22.2,102.56,6.853,172.85,0.6471,0.02757,0.009115,2.504,1.796,3.027,1.688,3.109,197.45,17.22,1.329,1.261,0.6,2.658,433.93,1.195,67.53,0.8712,14.11,2.707e-05,0.2677,3.534,1.424,2.733,0.2337,10.39,0.593,8.15
2022-03-29T02:52:54,47434.35,3376,109.44,0.2774,16.14,69.9,22.19,102.59,6.853,172.78,0.6471,0.02754,0.009115,2.503,1.796,3.027,1.688,3.109,197.45,17.28,1.323,1.261,0.6,2.658,433.84,1.195,67.53,0.8711,14.11,2.707e-05,0.2677,3.533,1.424,2.732,0.2337,10.39,0.5929,8.145
2022-03-29T02:53:25,47442.33,3376.6,109.45,0.2775,16.14,70.3,22.21,102.84,6.853,172.75,0.6471,0.02756,0.009115,2.504,1.796,3.027,1.688,3.109,197.5,17.28,1.323,1.26,0.6,2.659,433.96,1.195,67.61,0.8711,14.14,2.708e-05,0.2677,3.534,1.425,2.732,0.2336,10.38,0.5928,8.144
2022-03-29T02:53:55,47450.39,3376.51,109.44,0.2775,16.14,70.5,22.2,102.8,6.858,172.71,0.6471,0.02754,0.009115,2.504,1.796,3.028,1.687,3.107,197.44,17.36,1.323,1.26,0.6,2.658,434.05,1.194,67.56,0.8709,14.15,2.708e-05,0.2677,3.535,1.425,2.733,0.2336,10.38,0.5931,8.143
2022-03-29T02:54:25,47440.46,3376.1,109.14,0.2771,16.14,70.5,22.19,102.57,6.857,172.67,0.6471,0.02754,0.009115,2.503,1.798,3.027,1.687,3.107,197.37,17.36,1.323,1.26,0.6,2.658,434.04,1.194,67.53,0.8706,14.13,2.704e-05,0.2678,3.533,1.424,2.731,0.2336,10.38,0.5933,8.144
2022-03-29T02:54:55,47440.34,3376.24,109.14,0.2772,16.19,70.5,22.19,102.5,6.857,172.72,0.6471,0.02754,0.00912,2.503,1.798,3.027,1.687,3.112,197.51,17.36,1.323,1.26,0.6,2.658,434.12,1.194,67.56,0.8709,14.15,2.703e-05,0.2679,3.534,1.423,2.732,0.2336,10.37,0.5933,8.148
2022-03-29T02:55:25,47446.28,3377.33,109.16,0.2772,16.19,70.6,22.22,102.69,6.853,172.7,0.6471,0.02757,0.00912,2.505,1.797,3.028,1.686,3.112,197.59,17.36,1.323,1.259,0.6,2.661,434.17,1.194,67.62,0.8714,14.15,2.705e-05,0.2682,3.54,1.422,2.735,0.2337,10.37,0.5932,8.148
2022-03-29T02:55:55,47474.34,3377.75,109.37,0.2778,16.19,70.5,22.23,102.88,6.86,172.82,0.6469,0.02755,0.00912,2.507,1.796,3.028,1.687,3.112,197.66,17.36,1.323,1.259,0.6,2.661,434.22,1.195,67.68,0.8714,14.18,2.709e-05,0.2682,3.541,1.423,2.735,0.2338,10.4,0.5931,8.143
2022-03-29T02:56:25,47472.55,3379.08,109.37,0.2778,16.19,70.5,22.23,103.13,6.859,172.66,0.6478,0.02757,0.00912,2.503,1.793,3.028,1.687,3.106,197.55,17.32,1.323,1.259,0.6,2.661,434.22,1.195,67.67,0.8711,14.18,2.706e-05,0.2683,3.537,1.424,2.733,0.2336,10.39,0.5931,8.149
2022-03-29T02:56:55,47442.63,3377.96,109.16,0.2778,16.19,70.5,22.22,103.31,6.858,172.67,0.6478,0.02754,0.00912,2.503,1.793,3.026,1.687,3.105,197.44,17.32,1.323,1.259,0.6,2.66,434.06,1.194,67.67,0.871,14.18,2.705e-05,0.2677,3.537,1.424,2.732,0.2335,10.38,0.5932,8.148
2022-03-29T02:57:25,47408.88,3375.43,109.14,0.2772,16.19,70.5,22.22,103.34,6.854,172.65,0.6478,0.02752,0.009105,2.501,1.793,3.025,1.687,3.105,197.42,17.32,1.323,1.26,0.6,2.658,433.86,1.194,67.62,0.8707,14.13,2.704e-05,0.2674,3.535,1.423,2.731,0.2336,10.34,0.593,8.149
2022-03-29T02:57:56,47413.62,3375.37,109.15,0.2771,16.19,70.5,22.22,103.36,6.853,172.53,0.6469,0.02752,0.009105,2.503,1.792,3.025,1.686,3.111,197.17,17.32,1.323,1.26,0.6,2.655,433.71,1.193,67.62,0.8702,14.13,2.703e-05,0.2672,3.533,1.423,2.731,0.2336,10.32,0.5929,8.143
2022-03-29T02:58:26,47411.88,3375.48,109.14,0.2771,16.19,70.5,22.21,103.31,6.853,172.5,0.6469,0.02753,0.009105,2.503,1.791,3.025,1.685,3.105,197.2,17.32,1.323,1.26,0.6,2.655,433.66,1.194,67.64,0.8702,14.14,2.704e-05,0.2672,3.533,1.423,2.731,0.2335,10.31,0.5928,8.143
2022-03-29T02:58:56,47417.69,3376.07,109.15,0.2773,16.19,70.5,22.22,103.24,6.855,172.6,0.6469,0.02753,0.009105,2.503,1.792,3.025,1.686,3.105,197.22,17.32,1.323,1.261,0.6,2.66,433.82,1.194,67.64,0.8707,14.14,2.704e-05,0.2673,3.533,1.423,2.731,0.2336,10.32,0.5923,8.142
2022-03-29T02:59:26,47411.96,3375.93,109.23,0.2773,16.19,70.5,22.22,103.55,6.855,172.63,0.6469,0.02754,0.009105,2.504,1.792,3.024,1.686,3.105,197.17,17.32,1.323,1.261,0.6,2.658,433.83,1.194,67.57,0.8706,14.13,2.703e-05,0.2673,3.533,1.423,2.73,0.2336,10.32,0.5923,8.142
2022-03-29T02:59:56,47408.75,3374.74,109.23,0.2772,16.19,70.5,22.21,103.54,6.854,172.64,0.6469,0.02754,0.009105,2.504,1.792,3.024,1.685,3.105,197.18,17.32,1.323,1.261,0.6,2.658,433.79,1.193,67.55,0.8705,14.13,2.703e-05,0.2672,3.532,1.423,2.73,0.2334,10.32,0.5923,8.134
2022-03-29T03:00:26,47411.08,3373.29,109.24,0.2773,16.19,70.8,22.21,103.52,6.852,172.61,0.6469,0.02754,0.009105,2.504,1.792,3.024,1.684,3.105,197.1,17.32,1.323,1.257,0.6,2.655,433.61,1.193,67.55,0.8702,14.13,2.702e-05,0.2672,3.532,1.422,2.729,0.2334,10.33,0.5923,8.133
2022-03-29T03:00:56,47398.39,3372.95,109.2,0.2773,16.19,70.7,22.22,103.46,6.852,172.67,0.6469,0.0275,0.009105,2.503,1.772,3.024,1.684,3.107,197.11,17.32,1.323,1.257,0.6,2.654,433.57,1.193,67.59,0.8701,14.14,2.704e-05,0.2675,3.532,1.422,2.729,0.2335,10.33,0.5923,8.123
2022-03-29T03:01:27,47397.92,3373.76,109.21,0.2777,16.19,70.7,22.23,103.44,6.851,172.71,0.6469,0.0275,0.009105,2.503,1.768,3.024,1.684,3.107,197.3,17.33,1.323,1.257,0.6,2.656,433.72,1.193,67.59,0.8703,14.14,2.705e-05,0.2672,3.533,1.423,2.73,0.2335,10.33,0.5931,8.122
2022-03-29T03:01:57,47388.38,3373.95,109.15,0.2777,16.19,70.7,22.23,103.25,6.85,172.63,0.6468,0.0275,0.009105,2.523,1.768,3.023,1.684,3.108,197.28,17.31,1.323,1.258,0.6,2.656,433.69,1.193,67.55,0.8703,14.14,2.706e-05,0.2676,3.533,1.422,2.729,0.2334,10.35,0.5934,8.117
2022-03-29T03:02:27,47377.41,3373.73,109.09,0.2773,16.19,70.8,22.22,103.12,6.849,172.59,0.6469,0.02746,0.009105,2.523,1.766,3.022,1.684,3.111,197.22,17.31,1.323,1.256,0.6,2.656,433.44,1.193,67.5,0.8701,14.14,2.703e-05,0.2674,3.533,1.422,2.729,0.2335,10.34,0.5929,8.112
2022-03-29T03:02:57,47378.97,3372.46,109.08,0.2771,16.15,70.8,22.22,102.95,6.849,172.58,0.6452,0.02746,0.009139,2.52,1.766,3.022,1.684,3.111,197.1,17.31,1.323,1.256,0.6,2.654,433.48,1.193,67.5,0.8701,14.11,2.697e-05,0.2673,3.532,1.422,2.729,0.2333,10.34,0.5921,8.114
2022-03-29T03:03:27,47382.25,3372.95,109.07,0.2771,16.21,70.5,22.22,102.97,6.848,172.62,0.6452,0.0275,0.009139,2.52,1.767,3.023,1.683,3.108,197.16,17.31,1.323,1.257,0.6,2.657,433.42,1.194,67.51,0.8702,14.1,2.696e-05,0.2673,3.535,1.422,2.73,0.2334,10.35,0.5926,8.118
2022-03-29T03:03:57,47383.35,3373.77,109.08,0.2772,16.21,70.5,22.22,102.96,6.848,172.6,0.6461,0.0275,0.009139,2.52,1.767,3.023,1.683,3.108,197.18,17.31,1.323,1.257,0.6,2.658,433.42,1.194,67.54,0.8702,14.1,2.697e-05,0.2677,3.535,1.421,2.73,0.2334,10.35,0.5926,8.114
2022-03-29T03:04:28,47382.04,3373.42,109.07,0.2772,16.21,70.6,22.21,102.9,6.849,172.66,0.6465,0.02749,0.009139,2.521,1.77,3.023,1.683,3.108,197.23,17.31,1.323,1.257,0.6,2.658,433.58,1.194,67.54,0.8702,14.08,2.696e-05,0.2677,3.534,1.421,2.73,0.2335,10.36,0.5924,8.105
2022-03-29T03:04:58,47378.77,3373.55,109.07,0.2773,16.21,70.6,22.22,102.86,6.849,172.64,0.6465,0.02747,0.009139,2.521,1.77,3.022,1.684,3.11,197.17,17.31,1.323,1.255,0.6,2.658,433.53,1.194,67.53,0.8703,14.08,2.696e-05,0.2674,3.532,1.42,2.729,0.2335,10.38,0.5924,8.106
2022-03-29T03:05:28,47381.36,3376.31,109.11,0.2776,16.21,70.6,22.22,102.99,6.848,172.66,0.6465,0.02751,0.009139,2.52,1.77,3.022,1.684,3.11,197.16,17.31,1.323,1.254,0.6,2.66,433.69,1.194,67.55,0.8708,14.08,2.697e-05,0.2674,3.534,1.419,2.73,0.2335,10.38,0.5924,8.108
2022-03-29T03:05:58,47379.18,3377.24,109.24,0.2774,16.21,70.5,22.22,102.99,6.849,172.64,0.6465,0.02751,0.009121,2.522,1.77,3.022,1.684,3.11,197.22,17.31,1.323,1.254,0.6,2.66,433.75,1.194,67.55,0.8707,14.14,2.698e-05,0.2675,3.534,1.419,2.73,0.2334,10.38,0.5924,8.113
2022-03-29T03:06:28,47381.07,3379.7,109.27,0.2774,16.15,70,22.22,102.97,6.849,172.65,0.6465,0.02747,0.009105,2.522,1.772,3.03,1.684,3.108,197.19,17.3,1.323,1.254,0.6,2.661,433.72,1.195,67.55,0.8707,14.17,2.698e-05,0.2675,3.537,1.419,2.731,0.2334,10.39,0.5924,8.113
2022-03-29T03:06:58,47388.06,3379.97,109.29,0.2774,16.15,70,22.23,102.94,6.849,172.69,0.6458,0.02747,0.009105,2.529,1.772,3.03,1.684,3.108,197.22,17.3,1.323,1.252,0.6,2.661,433.71,1.195,67.54,0.8711,14.16,2.697e-05,0.2677,3.536,1.42,2.731,0.2334,10.4,0.5926,8.112
2022-03-29T03:07:28,47389.3,3379.97,109.41,0.2774,16.15,70,22.25,102.93,6.852,172.68,0.6458,0.02747,0.009105,2.529,1.772,3.03,1.684,3.105,197.3,17.3,1.323,1.252,0.6,2.661,433.71,1.197,67.54,0.8712,14.19,2.699e-05,0.2677,3.536,1.42,2.731,0.2335,10.4,0.5926,8.112
2022-03-29T03:07:59,47383.33,3379.85,109.41,0.2774,16.15,70,22.24,102.93,6.86,172.69,0.6458,0.02745,0.009105,2.529,1.772,3.03,1.685,3.105,197.29,17.3,1.323,1.25,0.6,2.662,433.63,1.197,67.51,0.8712,14.17,2.697e-05,0.2677,3.536,1.419,2.731,0.2334,10.4,0.5929,8.113
2022-03-29T03:08:29,47379.32,3379.37,109.41,0.2774,16.15,70,22.24,102.85,6.862,172.66,0.6458,0.02744,0.009105,2.522,1.774,3.03,1.684,3.105,197.11,17.3,1.323,1.25,0.6,2.661,433.61,1.197,67.51,0.8712,14.18,2.692e-05,0.2677,3.536,1.418,2.731,0.2334,10.38,0.5928,8.113
2022-03-29T03:08:59,47366.06,3377.81,109.28,0.2774,16.15,70,22.23,102.76,6.862,172.64,0.6458,0.0274,0.009105,2.522,1.773,3.03,1.684,3.105,197.1,17.3,1.323,1.25,0.6,2.661,433.5,1.196,67.5,0.8712,14.17,2.692e-05,0.2676,3.532,1.418,2.731,0.2334,10.38,0.5928,8.113
2022-03-29T03:09:29,47363.58,3377.29,109.26,0.2772,16.15,69.9,22.23,102.78,6.862,172.65,0.6458,0.02738,0.009105,2.521,1.773,3.03,1.684,3.102,197.12,17.3,1.323,1.25,0.6,2.66,433.48,1.196,67.5,0.8712,14.15,2.692e-05,0.2678,3.535,1.418,2.731,0.2334,10.37,0.5924,8.112
2022-03-29T03:09:59,47362.86,3376.15,109.25,0.2772,16.15,69.9,22.24,102.86,6.864,172.6,0.6457,0.02737,0.009105,2.521,1.771,3.03,1.684,3.102,197.1,17.3,1.323,1.25,0.6,2.66,433.39,1.196,67.5,0.8714,14.14,2.693e-05,0.2678,3.535,1.418,2.731,0.2333,10.36,0.5917,8.114
2022-03-29T03:10:29,47370.02,3376.44,109.25,0.2772,16.15,70.7,22.23,103.01,6.863,172.64,0.6457,0.02735,0.009105,2.521,1.771,3.03,1.684,3.102,197.1,17.3,1.323,1.251,0.6,2.66,433.5,1.196,67.49,0.8714,14.16,2.694e-05,0.268,3.537,1.418,2.732,0.2334,10.37,0.5917,8.113
2022-03-29T03:10:59,47368.88,3376.13,109.19,0.2775,16.15,70.7,22.24,103.11,6.863,172.49,0.6449,0.02734,0.009105,2.521,1.769,3.03,1.684,3.102,197.11,17.3,1.323,1.251,0.6,2.661,433.61,1.196,67.48,0.8712,14.14,2.695e-05,0.268,3.536,1.418,2.732,0.2334,10.37,0.5918,8.113
2022-03-29T03:11:29,47365.49,3375.75,109.18,0.2775,16.15,70.7,22.24,103.14,6.864,172.45,0.6449,0.02731,0.009105,2.521,1.769,3.03,1.684,3.102,196.99,17.3,1.323,1.251,0.6,2.659,433.59,1.196,67.39,0.8708,14.13,2.694e-05,0.2678,3.536,1.417,2.732,0.2334,10.36,0.5914,8.114
2022-03-29T03:11:59,47358.28,3374.94,109.18,0.2773,16.15,70.4,22.24,103.32,6.863,172.44,0.6457,0.02727,0.009105,2.521,1.769,3.03,1.684,3.101,196.93,17.35,1.323,1.251,0.6,2.659,433.36,1.195,67.33,0.8708,14.13,2.693e-05,0.2679,3.534,1.416,2.73,0.2332,10.36,0.5912,8.113
2022-03-29T03:12:30,47358.3,3374.64,109.07,0.2773,16.15,70.4,22.24,103.37,6.862,172.44,0.6457,0.02728,0.009105,2.51,1.766,3.03,1.684,3.101,196.87,17.35,1.323,1.25,0.6,2.658,433.3,1.195,67.32,0.8709,14.13,2.693e-05,0.2679,3.533,1.416,2.727,0.2332,10.36,0.591,8.114
2022-03-29T03:13:00,47343.7,3373.28,109.04,0.2773,16.15,70.4,22.24,103.39,6.861,172.38,0.6457,0.02726,0.009105,2.509,1.766,3.03,1.683,3.101,196.83,17.35,1.319,1.25,0.6,2.658,433.24,1.195,67.31,0.8709,14.13,2.692e-05,0.2679,3.531,1.416,2.726,0.2332,10.36,0.5905,8.112
2022-03-29T03:13:30,47351.21,3373.59,109.05,0.2773,16.15,70.7,22.24,103.81,6.861,172.47,0.6457,0.02724,0.009105,2.51,1.765,3.03,1.683,3.101,196.88,17.35,1.319,1.25,0.6,2.657,433.24,1.196,67.32,0.871,14.14,2.692e-05,0.2679,3.533,1.416,2.726,0.2331,10.36,0.5914,8.105
2022-03-29T03:14:00,47339.89,3372.09,109.02,0.2772,16.15,70.7,22.24,103.87,6.861,172.43,0.6458,0.02723,0.009105,2.511,1.767,3.03,1.683,3.101,196.84,17.35,1.319,1.25,0.6,2.656,433.26,1.196,67.32,0.8711,14.11,2.691e-05,0.2679,3.532,1.416,2.726,0.2332,10.36,0.5914,8.102
2022-03-29T03:14:30,47329.97,3370.27,108.96,0.2771,16.15,70.7,22.22,103.89,6.859,172.07,0.6458,0.0272,0.009105,2.511,1.767,3.03,1.683,3.1,196.6,17.37,1.318,1.25,0.6,2.653,432.97,1.194,67.25,0.8707,14.1,2.687e-05,0.2676,3.526,1.416,2.723,0.233,10.36,0.591,8.092
2022-03-29T03:15:00,47330.68,3370.09,108.76,0.2771,16.15,70.7,22.22,103.84,6.859,172.12,0.6438,0.02715,0.009113,2.51,1.767,3.03,1.683,3.1,196.46,17.37,1.318,1.252,0.6,2.648,432.99,1.193,67.02,0.8707,14.12,2.681e-05,0.2672,3.521,1.414,2.722,0.2329,10.35,0.591,8.088
2022-03-29T03:15:30,47335.79,3370.24,108.77,0.2771,16.15,70.7,22.19,103.79,6.845,172.12,0.6431,0.02716,0.009081,2.51,1.767,3.03,1.682,3.097,196.54,17.37,1.315,1.252,0.6,2.648,432.82,1.194,67.04,0.8704,14.12,2.679e-05,0.2672,3.522,1.415,2.721,0.2329,10.34,0.5903,8.086
2022-03-29T03:16:00,47336.55,3369.73,108.76,0.2771,16.15,70.7,22.12,103.7,6.845,172.05,0.6436,0.02715,0.009081,2.51,1.768,3.03,1.681,3.099,196.62,17.37,1.315,1.252,0.6,2.647,432.58,1.195,67.05,0.8704,14.12,2.682e-05,0.2671,3.522,1.414,2.721,0.2329,10.34,0.5901,8.08
2022-03-29T03:16:31,47330.7,3368.97,108.71,0.2771,16.15,70.5,22.11,103.42,6.846,171.83,0.6431,0.02714,0.009145,2.51,1.768,3.03,1.681,3.099,196.67,17.37,1.315,1.25,0.6,2.643,432.64,1.194,67.03,0.8704,14.12,2.681e-05,0.2671,3.524,1.414,2.721,0.2329,10.33,0.5903,8.08
2022-03-29T03:17:01,47328.49,3368.32,108.69,0.2771,16.15,70.5,22.11,103.37,6.846,171.81,0.6431,0.02716,0.009134,2.51,1.768,3.03,1.681,3.095,196.62,17.37,1.315,1.25,0.6,2.642,432.32,1.194,67.02,0.8703,14.11,2.681e-05,0.2671,3.523,1.414,2.721,0.2328,10.33,0.5904,8.084
2022-03-29T03:17:31,47333.19,3368.16,108.69,0.2771,16.15,70.5,22.11,103.38,6.845,171.83,0.6431,0.02716,0.009134,2.508,1.768,3.03,1.682,3.095,196.63,17.37,1.315,1.245,0.6,2.642,432.19,1.194,67.14,0.8703,14.12,2.681e-05,0.2668,3.522,1.415,2.72,0.2328,10.33,0.59,8.087
2022-03-29T03:18:02,47340.6,3369.29,108.79,0.2772,16.15,70.5,22.12,103.38,6.845,171.83,0.6431,0.02715,0.009134,2.509,1.768,3.03,1.681,3.095,196.64,17.37,1.315,1.245,0.6,2.646,432.52,1.195,67.15,0.8704,14.14,2.683e-05,0.2668,3.522,1.415,2.72,0.2328,10.33,0.59,8.087
2022-03-29T03:18:32,47341.99,3369.23,108.79,0.2772,16.15,70.6,22.12,103.28,6.843,171.78,0.6431,0.02717,0.009134,2.509,1.769,3.03,1.681,3.095,196.66,17.37,1.315,1.245,0.6,2.648,432.72,1.195,67.17,0.8705,14.14,2.684e-05,0.2668,3.522,1.415,2.719,0.2328,10.33,0.59,8.082
2022-03-29T03:19:02,47341.14,3368.82,108.85,0.2772,16.15,70.6,22.12,103.15,6.842,171.77,0.6429,0.02717,0.009134,2.509,1.769,3.03,1.68,3.096,196.66,17.37,1.315,1.245,0.6,2.648,432.73,1.195,67.15,0.8705,14.16,2.684e-05,0.2668,3.523,1.414,2.717,0.2328,10.33,0.5904,8.087
2022-03-29T03:19:32,47340.24,3368.7,108.85,0.2772,16.15,70.6,22.12,103.12,6.842,171.79,0.6427,0.02717,0.009137,2.509,1.769,3.03,1.68,3.096,196.71,17.37,1.315,1.245,0.6,2.647,432.67,1.194,67.18,0.8706,14.17,2.686e-05,0.267,3.527,1.414,2.718,0.2328,10.33,0.5904,8.087
2022-03-29T03:20:02,47354.49,3369.48,108.86,0.2772,16.15,70.6,22.12,103.06,6.843,171.83,0.6427,0.02716,0.009137,2.51,1.769,3.03,1.68,3.095,196.74,17.37,1.315,1.256,0.6,2.648,432.63,1.195,67.18,0.8711,14.22,2.687e-05,0.2673,3.526,1.415,2.719,0.2328,10.33,0.5911,8.082
2022-03-29T03:20:32,47355.99,3369.73,108.91,0.2775,16.15,70.6,22.13,103.06,6.843,171.88,0.6427,0.02717,0.009137,2.506,1.771,3.03,1.681,3.092,196.81,17.37,1.322,1.256,0.6,2.649,432.59,1.196,67.23,0.8711,14.23,2.69e-05,0.2677,3.528,1.417,2.719,0.2329,10.35,0.5911,8.082
2022-03-29T03:21:03,47369.89,3370.39,108.93,0.2778,16.15,70.6,22.14,103.07,6.843,171.96,0.6427,0.02717,0.009137,2.508,1.773,3.03,1.681,3.092,196.87,17.37,1.322,1.256,0.6,2.65,432.74,1.196,67.26,0.8719,14.23,2.693e-05,0.2677,3.528,1.418,2.72,0.2329,10.35,0.5912,8.082
2022-03-29T03:21:33,47377.52,3372.7,109.01,0.2778,16.15,70.7,22.19,103.14,6.844,172.1,0.6427,0.02718,0.009137,2.508,1.773,3.03,1.682,3.092,196.91,17.37,1.322,1.256,0.6,2.65,432.82,1.196,67.27,0.8719,14.23,2.693e-05,0.2677,3.53,1.418,2.721,0.2329,10.35,0.5922,8.086
2022-03-29T03:22:03,47376.08,3373.22,109.06,0.278,16.15,70.6,22.19,103.13,6.842,172.47,0.6428,0.02722,0.009137,2.508,1.773,3.03,1.682,3.092,196.94,17.37,1.322,1.256,0.6,2.65,432.85,1.197,67.3,0.8718,14.27,2.695e-05,0.268,3.53,1.418,2.722,0.2329,10.38,0.5929,8.088
2022-03-29T03:22:33,47370.61,3373.11,109.06,0.278,16.15,70.6,22.19,103.06,6.841,172.37,0.6425,0.02728,0.009137,2.508,1.774,3.03,1.682,3.092,197.02,17.37,1.315,1.256,0.6,2.651,432.82,1.197,67.3,0.8719,14.26,2.694e-05,0.268,3.533,1.418,2.722,0.233,10.38,0.5929,8.083
2022-03-29T03:23:03,47366.01,3371.75,109.03,0.2779,16.15,70.6,22.19,102.92,6.841,172.36,0.6425,0.02736,0.009137,2.506,1.774,3.03,1.681,3.093,197,17.37,1.315,1.256,0.6,2.65,432.84,1.197,67.3,0.8715,14.24,2.692e-05,0.2677,3.53,1.418,2.721,0.2329,10.38,0.5914,8.087
2022-03-29T03:23:33,47371.85,3371.97,109.04,0.2781,16.15,70.6,22.19,103.02,6.83,172.43,0.6425,0.02734,0.009137,2.507,1.774,3.03,1.681,3.093,197.3,17.26,1.315,1.255,0.6,2.651,432.79,1.197,67.31,0.8717,14.21,2.693e-05,0.2677,3.53,1.418,2.721,0.2329,10.38,0.5913,8.086
2022-03-29T03:24:04,47383.21,3373.41,109.05,0.2781,16.15,70.6,22.19,103.11,6.835,172.42,0.6425,0.02737,0.009137,2.507,1.774,3.03,1.681,3.093,197.43,17.26,1.315,1.255,0.6,2.651,432.83,1.197,67.31,0.8717,14.21,2.694e-05,0.2674,3.531,1.418,2.722,0.2329,10.38,0.5913,8.081
2022-03-29T03:24:34,47392.4,3374.25,109.02,0.2781,16.15,70.5,22.2,103.29,6.835,172.44,0.6425,0.02738,0.009137,2.508,1.774,3.03,1.682,3.092,197.51,17.26,1.315,1.258,0.6,2.651,432.97,1.197,67.34,0.8721,14.23,2.695e-05,0.2673,3.531,1.418,2.723,0.233,10.38,0.592,8.082
2022-03-29T03:25:04,47378.55,3373.9,108.98,0.2782,16.15,70.5,22.19,103.28,6.835,172.38,0.6425,0.02738,0.009137,2.508,1.774,3.03,1.682,3.092,197.44,17.26,1.315,1.257,0.6,2.65,433.01,1.197,67.34,0.8717,14.23,2.694e-05,0.2673,3.531,1.418,2.721,0.2329,10.4,0.5917,8.084
2022-03-29T03:25:34,47379.52,3373.99,108.97,0.2782,16.15,70.5,22.19,103.31,6.835,172.39,0.6425,0.02737,0.009137,2.508,1.774,3.03,1.682,3.092,197.49,17.26,1.315,1.257,0.6,2.65,432.85,1.197,67.34,0.8717,14.22,2.694e-05,0.2674,3.531,1.418,2.721,0.2329,10.4,0.5917,8.088
2022-03-29T03:26:04,47392.1,3373.74,108.98,0.2782,16.15,70.5,22.19,103.41,6.835,172.44,0.6425,0.02737,0.00911,2.508,1.774,3.03,1.682,3.09,197.49,17.26,1.315,1.258,0.6,2.648,432.85,1.197,67.34,0.8718,14.23,2.693e-05,0.2674,3.531,1.418,2.721,0.2329,10.39,0.5921,8.088
2022-03-29T03:26:34,47400.66,3374.69,109.04,0.2785,16.15,70.5,22.22,103.4,6.835,172.44,0.6425,0.02739,0.00911,2.507,1.776,3.03,1.683,3.09,197.49,17.26,1.315,1.258,0.6,2.649,432.82,1.197,67.39,0.8718,14.23,2.695e-05,0.2677,3.533,1.418,2.723,0.233,10.39,0.5923,8.088
2022-03-29T03:27:04,47400.66,3377.01,109.06,0.2785,16.15,70.5,22.23,103.44,6.835,172.44,0.6431,0.02745,0.00911,2.507,1.776,3.03,1.684,3.094,197.51,17.26,1.315,1.258,0.6,2.651,433.13,1.198,67.42,0.8718,14.23,2.699e-05,0.2677,3.533,1.42,2.722,0.233,10.41,0.593,8.091
2022-03-29T03:27:35,47399.52,3376.91,109.17,0.2784,16.15,70.5,22.24,103.32,6.837,172.51,0.6431,0.02745,0.00911,2.505,1.776,3.03,1.684,3.094,197.49,17.26,1.314,1.258,0.6,2.651,433.15,1.198,67.4,0.872,14.25,2.698e-05,0.2678,3.533,1.42,2.722,0.233,10.41,0.593,8.095
2022-03-29T03:28:05,47397.9,3375.82,109.17,0.2786,16.15,70.5,22.25,103.38,6.833,172.54,0.6431,0.02746,0.00911,2.505,1.777,3.03,1.684,3.094,197.54,17.26,1.314,1.258,0.6,2.654,432.98,1.198,67.4,0.872,14.27,2.698e-05,0.2681,3.535,1.42,2.722,0.233,10.41,0.593,8.095
2022-03-29T03:28:35,47399.22,3375.9,109.16,0.2786,16.15,70.6,22.26,103.43,6.833,172.58,0.6431,0.02748,0.009129,2.505,1.777,3.03,1.684,3.094,197.57,17.26,1.314,1.258,0.6,2.653,432.98,1.198,67.42,0.8718,14.26,2.698e-05,0.2679,3.535,1.42,2.725,0.233,10.43,0.5928,8.096
2022-03-29T03:29:05,47392.72,3375.62,109.16,0.2786,16.15,70.6,22.27,103.6,6.834,172.66,0.6431,0.02749,0.009129,2.507,1.777,3.03,1.684,3.094,197.56,17.26,1.314,1.257,0.6,2.654,432.98,1.198,67.45,0.8716,14.26,2.697e-05,0.2683,3.534,1.419,2.725,0.2331,10.43,0.5928,8.097
2022-03-29T03:29:35,47392.22,3375.46,109.16,0.278,16.15,70.6,22.27,103.75,6.834,172.66,0.6431,0.02749,0.009129,2.507,1.774,3.03,1.684,3.094,197.55,17.26,1.314,1.257,0.6,2.654,432.96,1.198,67.44,0.8715,14.25,2.697e-05,0.2681,3.533,1.419,2.726,0.2331,10.43,0.5929,8.097
2022-03-29T03:30:05,47388.61,3375.33,109.1,0.278,16.15,70.5,22.27,103.79,6.834,172.69,0.6429,0.02749,0.009129,2.509,1.773,3.03,1.684,3.094,197.58,17.26,1.314,1.257,0.6,2.654,432.96,1.198,67.45,0.8716,14.23,2.698e-05,0.268,3.533,1.419,2.725,0.2331,10.42,0.5929,8.097
2022-03-29T03:30:35,47394.75,3375,109.1,0.278,16.15,70.5,22.26,103.79,6.834,172.64,0.6427,0.02747,0.009129,2.509,1.774,3.03,1.683,3.092,197.63,17.26,1.314,1.254,0.6,2.652,432.97,1.198,67.46,0.8714,14.23,2.697e-05,0.268,3.533,1.42,2.727,0.2332,10.42,0.593,8.093
2022-03-29T03:31:06,47390.1,3374.48,109.19,0.2783,16.15,70.6,22.27,103.66,6.834,172.68,0.6427,0.02748,0.009129,2.509,1.773,3.03,1.683,3.092,197.55,17.26,1.314,1.256,0.6,2.652,433,1.197,67.46,0.8715,14.24,2.697e-05,0.2678,3.529,1.42,2.727,0.2332,10.4,0.5932,8.096
2022-03-29T03:31:36,47383.17,3374.51,109.17,0.2783,16.15,70.6,22.26,103.66,6.833,172.64,0.6427,0.02748,0.009129,2.509,1.773,3.03,1.682,3.092,197.46,17.25,1.314,1.256,0.6,2.651,432.97,1.197,67.45,0.8713,14.24,2.697e-05,0.2677,3.528,1.42,2.725,0.233,10.4,0.5932,8.097
2022-03-29T03:32:06,47390.37,3375.04,109.19,0.2783,16.15,70.6,22.28,103.72,6.833,172.75,0.6427,0.02748,0.009129,2.509,1.773,3.03,1.685,3.092,197.32,17.25,1.314,1.257,0.6,2.651,433,1.197,67.46,0.8715,14.23,2.7e-05,0.2681,3.529,1.42,2.727,0.2331,10.4,0.5931,8.099
2022-03-29T03:32:36,47415.47,3377.21,109.19,0.2783,16.15,70.3,22.28,103.85,6.833,172.83,0.6427,0.02747,0.009129,2.508,1.773,3.03,1.685,3.094,197.4,17.25,1.314,1.255,0.6,2.653,433.11,1.198,67.5,0.872,14.23,2.7e-05,0.2683,3.531,1.42,2.728,0.2332,10.41,0.5931,8.104
2022-03-29T03:33:06,47417.85,3378.16,109.2,0.2783,16.15,70.1,22.29,104.12,6.836,172.94,0.6421,0.02745,0.009111,2.508,1.773,3.03,1.685,3.094,197.58,17.25,1.314,1.255,0.6,2.655,433.06,1.198,67.51,0.8721,14.23,2.701e-05,0.2683,3.532,1.42,2.73,0.2332,10.41,0.5931,8.111
2022-03-29T03:33:36,47410.88,3377.78,109.2,0.2781,16.15,70.1,22.29,104.16,6.837,173.02,0.6421,0.02744,0.009111,2.507,1.773,3.03,1.685,3.092,197.51,17.25,1.314,1.255,0.6,2.656,433.27,1.199,67.51,0.8721,14.25,2.701e-05,0.2685,3.532,1.419,2.73,0.2332,10.41,0.5933,8.112
2022-03-29T03:34:06,47409.92,3377.84,109.22,0.2781,16.15,70.1,22.29,104,6.837,173.1,0.6419,0.02743,0.009111,2.507,1.773,3.03,1.685,3.092,197.52,17.23,1.314,1.255,0.6,2.653,433.23,1.199,67.52,0.8721,14.28,2.701e-05,0.2685,3.536,1.419,2.73,0.2331,10.41,0.5933,8.112
2022-03-29T03:34:36,47405.28,3376.96,109.21,0.2781,16.15,70.1,22.29,103.86,6.832,173.12,0.6418,0.02744,0.009111,2.507,1.774,3.03,1.686,3.092,197.46,17.23,1.314,1.255,0.6,2.653,433.11,1.199,67.54,0.8721,14.28,2.701e-05,0.2685,3.536,1.418,2.731,0.2331,10.4,0.593,8.114
2022-03-29T03:35:07,47402.72,3376.18,109.18,0.2781,16.17,70,22.3,103.88,6.832,173.12,0.6418,0.02744,0.009111,2.507,1.773,3.03,1.686,3.091,197.49,17.23,1.314,1.255,0.6,2.654,433.03,1.199,67.54,0.8721,14.29,2.702e-05,0.2684,3.536,1.418,2.73,0.2332,10.4,0.5934,8.118
2022-03-29T03:35:37,47404.94,3376.04,109.19,0.278,16.17,70.1,22.31,103.87,6.836,172.99,0.6418,0.02742,0.009118,2.507,1.773,3.03,1.686,3.091,197.51,17.23,1.314,1.255,0.6,2.654,433.01,1.2,67.53,0.872,14.33,2.7e-05,0.2684,3.536,1.418,2.73,0.2333,10.4,0.5938,8.118
2022-03-29T03:36:07,47398.82,3375.89,109.19,0.2781,16.17,70.1,22.35,103.87,6.836,173,0.6418,0.02743,0.009118,2.508,1.773,3.03,1.685,3.091,197.51,17.23,1.314,1.255,0.6,2.654,433.1,1.2,67.54,0.872,14.33,2.7e-05,0.2684,3.536,1.418,2.729,0.2333,10.4,0.5938,8.117
2022-03-29T03:36:37,47395.13,3375.18,109.19,0.2781,16.17,70.2,22.35,103.76,6.836,172.99,0.6418,0.02742,0.009079,2.508,1.775,3.03,1.686,3.094,197.51,17.23,1.314,1.253,0.6,2.654,433.12,1.2,67.54,0.872,14.34,2.699e-05,0.2686,3.536,1.418,2.729,0.2333,10.39,0.5935,8.117
2022-03-29T03:37:07,47395.54,3375.22,109.28,0.2781,16.17,70.2,22.33,103.81,6.835,173.03,0.6417,0.02739,0.009079,2.508,1.776,3.03,1.686,3.094,197.58,17.23,1.314,1.253,0.6,2.653,433.11,1.2,67.54,0.8719,14.34,2.7e-05,0.2686,3.537,1.418,2.73,0.2333,10.38,0.594,8.123
2022-03-29T03:37:37,47396.22,3375.48,109.16,0.2779,16.17,70.2,22.33,103.99,6.837,173.13,0.6417,0.02739,0.009079,2.508,1.776,3.03,1.686,3.094,197.6,17.24,1.314,1.253,0.6,2.653,433.25,1.2,67.55,0.8717,14.34,2.699e-05,0.2686,3.537,1.418,2.73,0.2332,10.38,0.5941,8.147
2022-03-29T03:38:07,47384.21,3375.21,109.12,0.278,16.17,70.2,22.33,104.05,6.833,173.08,0.6414,0.0274,0.009079,2.509,1.776,3.03,1.685,3.095,197.57,17.24,1.314,1.251,0.6,2.654,433.31,1.201,67.56,0.8716,14.35,2.699e-05,0.2685,3.536,1.418,2.73,0.2333,10.38,0.5935,8.147
2022-03-29T03:38:37,47381.01,3374.98,109.13,0.278,16.17,70.4,22.3,104.22,6.833,173.09,0.6414,0.02741,0.009079,2.509,1.775,3.03,1.684,3.095,197.55,17.24,1.314,1.249,0.6,2.654,433.34,1.2,67.58,0.8716,14.34,2.697e-05,0.2685,3.534,1.418,2.73,0.2333,10.39,0.5933,8.157
2022-03-29T03:39:08,47386.35,3374.98,109.19,0.278,16.17,70.8,22.3,104.31,6.835,173.08,0.6414,0.02741,0.009079,2.51,1.774,3.03,1.685,3.095,197.52,17.24,1.314,1.249,0.6,2.653,433.27,1.201,67.58,0.8716,14.37,2.696e-05,0.2685,3.534,1.418,2.729,0.2333,10.39,0.5932,8.158
2022-03-29T03:39:38,47382.24,3373.6,109.2,0.278,16.17,70.8,22.29,104.31,6.835,173.11,0.6414,0.0274,0.009079,2.51,1.774,3.03,1.685,3.095,197.55,17.24,1.314,1.249,0.6,2.653,433.39,1.2,67.59,0.8717,14.38,2.696e-05,0.2686,3.535,1.418,2.729,0.2332,10.39,0.5931,8.161
2022-03-29T03:40:08,47379.03,3373.49,109.19,0.278,16.17,70.8,22.29,104.29,6.835,173.08,0.6414,0.02741,0.009079,2.509,1.774,3.03,1.686,3.095,197.55,17.23,1.314,1.247,0.6,2.653,433.35,1.2,67.58,0.8717,14.37,2.695e-05,0.2686,3.534,1.418,2.728,0.2333,10.4,0.5931,8.17
2022-03-29T03:40:38,47367.78,3371.73,109.22,0.2777,16.17,70.8,22.27,104.12,6.833,173.06,0.6423,0.0274,0.009084,2.509,1.774,3.03,1.684,3.095,197.53,17.23,1.314,1.247,0.6,2.651,433.13,1.199,67.59,0.8717,14.37,2.694e-05,0.2686,3.534,1.418,2.727,0.2332,10.4,0.5932,8.173
2022-03-29T03:41:08,47372.45,3371.62,109.23,0.2777,16.17,70.8,22.28,104.05,6.834,173.02,0.6423,0.02739,0.009084,2.509,1.774,3.03,1.684,3.094,197.51,17.23,1.314,1.247,0.6,2.652,433.1,1.2,67.59,0.8718,14.39,2.694e-05,0.2683,3.535,1.418,2.728,0.2333,10.4,0.5933,8.164
2022-03-29T03:41:38,47379.68,3372.06,109.25,0.2778,16.17,70.8,22.28,104.05,6.833,173.08,0.6423,0.02738,0.009084,2.509,1.771,3.03,1.684,3.094,197.54,17.23,1.314,1.249,0.6,2.653,433.26,1.201,67.63,0.8719,14.4,2.696e-05,0.2683,3.536,1.419,2.729,0.2333,10.4,0.5938,8.164
2022-03-29T03:42:08,47380.57,3374.1,109.51,0.278,16.17,70.8,22.31,104.08,6.833,173.15,0.6423,0.02741,0.009084,2.509,1.771,3.03,1.685,3.093,197.65,17.23,1.314,1.247,0.6,2.656,433.22,1.201,67.79,0.8721,14.43,2.699e-05,0.269,3.538,1.42,2.731,0.2334,10.4,0.5941,8.165
2022-03-29T03:42:38,47387.28,3375.18,109.58,0.278,16.17,70.8,22.31,104.04,6.833,173.19,0.6423,0.02744,0.009084,2.508,1.771,3.03,1.686,3.093,197.63,17.23,1.314,1.247,0.6,2.659,433.29,1.203,67.86,0.8733,14.43,2.7e-05,0.269,3.544,1.421,2.732,0.2334,10.42,0.5946,8.165
2022-03-29T03:43:09,47388.76,3375.39,109.54,0.278,16.17,70.8,22.33,104.06,6.83,173.28,0.6425,0.02744,0.009084,2.508,1.772,3.03,1.686,3.093,197.67,17.23,1.314,1.247,0.6,2.658,433.69,1.203,67.86,0.8731,14.43,2.702e-05,0.269,3.544,1.423,2.734,0.2334,10.42,0.5949,8.171
2022-03-29T03:43:39,47406.51,3375.59,109.57,0.278,16.17,70.8,22.32,104.03,6.83,173.42,0.6425,0.02748,0.009084,2.51,1.773,3.03,1.687,3.094,197.64,17.21,1.314,1.247,0.6,2.658,433.69,1.203,67.8,0.8732,14.42,2.701e-05,0.269,3.544,1.424,2.735,0.2335,10.43,0.5949,8.172
2022-03-29T03:44:09,47402.62,3375.71,109.59,0.278,16.17,70.8,22.32,104.03,6.829,173.43,0.6425,0.02748,0.009084,2.509,1.773,3.03,1.688,3.095,197.69,17.21,1.342,1.247,0.6,2.659,433.63,1.203,67.79,0.8732,14.4,2.701e-05,0.269,3.545,1.424,2.736,0.2335,10.43,0.5948,8.172
2022-03-29T03:44:39,47401.96,3375.43,109.57,0.2782,16.17,70.8,22.31,103.98,6.829,173.43,0.6425,0.02749,0.009084,2.509,1.772,3.03,1.688,3.095,197.66,17.21,1.339,1.247,0.6,2.659,433.65,1.203,67.76,0.8733,14.4,2.701e-05,0.269,3.546,1.423,2.736,0.2335,10.44,0.595,8.172
2022-03-29T03:45:09,47399.85,3375.54,109.58,0.2781,16.17,70.8,22.31,103.91,6.829,173.45,0.6425,0.0275,0.009084,2.509,1.772,3.03,1.688,3.094,197.7,17.21,1.34,1.247,0.6,2.66,433.61,1.203,67.76,0.8735,14.38,2.704e-05,0.2694,3.546,1.423,2.736,0.2335,10.44,0.5947,8.178
2022-03-29T03:45:39,47387.93,3375.54,109.58,0.278,16.17,70.8,22.32,103.87,6.83,173.4,0.6425,0.02748,0.00908,2.509,1.772,3.03,1.689,3.095,197.67,17.21,1.34,1.247,0.6,2.659,433.65,1.203,67.74,0.8734,14.38,2.703e-05,0.2694,3.542,1.424,2.736,0.2336,10.43,0.5948,8.185
2022-03-29T03:46:09,47370.16,3375.06,109.45,0.2775,16.17,70.5,22.31,103.61,6.83,173.21,0.6425,0.02748,0.00908,2.508,1.771,3.03,1.688,3.095,197.54,17.24,1.34,1.245,0.6,2.657,433.69,1.202,67.73,0.8731,14.33,2.698e-05,0.2693,3.541,1.424,2.736,0.2335,10.42,0.5947,8.189
2022-03-29T03:46:39,47359.19,3372.52,109.41,0.2774,16.17,70.5,22.3,103.57,6.83,173.1,0.6411,0.02745,0.00908,2.508,1.771,3.03,1.688,3.094,197.4,17.22,1.34,1.245,0.6,2.654,433.48,1.202,67.73,0.8731,14.32,2.697e-05,0.2693,3.54,1.424,2.734,0.2334,10.42,0.594,8.183
2022-03-29T03:47:10,47358.74,3372.16,109.21,0.2773,16.17,70.6,22.29,103.43,6.83,173.07,0.641,0.02745,0.00908,2.511,1.771,3.03,1.685,3.094,197.28,17.22,1.34,1.245,0.6,2.653,433.21,1.201,67.72,0.8721,14.32,2.696e-05,0.2685,3.535,1.423,2.733,0.2334,10.39,0.5927,8.189
2022-03-29T03:47:40,47342.93,3372.43,109.21,0.2774,16.17,70.6,22.3,103.43,6.831,173.09,0.641,0.02742,0.00908,2.51,1.771,3.03,1.687,3.094,197.28,17.35,1.34,1.245,0.6,2.651,433.21,1.201,67.7,0.8724,14.34,2.698e-05,0.2687,3.536,1.423,2.735,0.2334,10.39,0.5929,8.187
2022-03-29T03:48:10,47337.83,3372.27,109.21,0.2774,16.17,70.5,22.3,103.46,6.829,173.04,0.641,0.02742,0.00908,2.51,1.771,3.03,1.687,3.091,197.23,17.35,1.34,1.245,0.6,2.652,433.23,1.202,67.7,0.8723,14.33,2.697e-05,0.2687,3.536,1.421,2.734,0.2334,10.39,0.5918,8.185
2022-03-29T03:48:40,47334.7,3371.84,109.26,0.2774,16.17,70.5,22.29,103.49,6.829,173.02,0.641,0.02743,0.009071,2.509,1.771,3.03,1.687,3.091,197.16,17.35,1.34,1.245,0.6,2.653,433.29,1.202,67.69,0.8722,14.28,2.696e-05,0.2687,3.536,1.421,2.734,0.2334,10.38,0.5919,8.186
2022-03-29T03:49:10,47327.75,3370.22,109.26,0.2774,16.17,70.6,22.28,103.49,6.828,172.89,0.641,0.02742,0.009093,2.509,1.771,3.03,1.686,3.091,197.11,17.35,1.34,1.245,0.6,2.65,433.25,1.201,67.67,0.8721,14.26,2.693e-05,0.2684,3.536,1.421,2.733,0.2334,10.37,0.5919,8.186
2022-03-29T03:49:40,47324.83,3369.37,109.26,0.2772,16.17,70.6,22.27,103.49,6.828,172.84,0.641,0.02741,0.009093,2.509,1.771,3.03,1.686,3.091,196.92,17.35,1.34,1.245,0.6,2.65,433.11,1.2,67.6,0.872,14.27,2.692e-05,0.268,3.534,1.42,2.732,0.2334,10.37,0.5916,8.185
2022-03-29T03:50:10,47325.18,3368.93,109.26,0.2772,16.17,70.6,22.27,103.49,6.828,172.67,0.641,0.02741,0.009093,2.509,1.771,3.03,1.685,3.091,196.97,17.35,1.34,1.245,0.6,2.65,433.08,1.2,67.57,0.8718,14.28,2.692e-05,0.2689,3.535,1.42,2.732,0.2334,10.36,0.5916,8.182
2022-03-29T03:50:40,47324.22,3368.97,109.27,0.2772,16.17,70.6,22.26,103.49,6.828,172.65,0.6408,0.02744,0.009093,2.509,1.771,3.03,1.686,3.094,196.95,17.35,1.34,1.245,0.6,2.65,433.01,1.199,67.56,0.8718,14.25,2.693e-05,0.2694,3.536,1.419,2.732,0.2333,10.35,0.5917,8.181
2022-03-29T03:51:11,47350.9,3370.66,109.26,0.2772,16.17,70.6,22.28,103.53,6.829,172.83,0.6408,0.02742,0.009093,2.508,1.771,3.03,1.686,3.094,197.04,17.35,1.34,1.247,0.6,2.651,433.15,1.2,67.56,0.8719,14.27,2.695e-05,0.27,3.539,1.419,2.733,0.2334,10.36,0.592,8.186
2022-03-29T03:51:41,47348.93,3370.93,109.26,0.2773,16.17,70.6,22.28,103.54,6.829,172.83,0.6408,0.02744,0.009093,2.509,1.771,3.03,1.687,3.088,197.17,17.35,1.34,1.247,0.6,2.652,433.19,1.2,67.57,0.872,14.23,2.695e-05,0.2701,3.539,1.42,2.733,0.2334,10.36,0.592,8.182
2022-03-29T03:52:11,47350.23,3371.12,109.36,0.2773,16.17,70.6,22.28,103.52,6.829,172.82,0.6408,0.02743,0.009093,2.509,1.771,3.03,1.687,3.088,197.22,17.38,1.34,1.248,0.6,2.651,433.16,1.201,67.58,0.872,14.26,2.696e-05,0.2701,3.538,1.42,2.733,0.2334,10.36,0.592,8.181
2022-03-29T03:52:41,47340.08,3370.87,109.35,0.2771,16.17,70.6,22.27,103.51,6.829,172.78,0.6408,0.02743,0.009092,2.508,1.771,3.03,1.687,3.088,197.21,17.38,1.34,1.248,0.6,2.649,433.16,1.201,67.54,0.8718,14.26,2.694e-05,0.2702,3.537,1.419,2.731,0.2334,10.34,0.5924,8.18
2022-03-29T03:53:11,47336.42,3370.59,109.26,0.2771,16.17,70.6,22.26,103.51,6.829,172.72,0.6408,0.02743,0.009092,2.508,1.771,3.03,1.686,3.087,197.05,17.38,1.34,1.247,0.6,2.649,433.15,1.201,67.53,0.8711,14.23,2.692e-05,0.2702,3.534,1.419,2.731,0.2333,10.34,0.5924,8.185
2022-03-29T03:53:41,47334.64,3369,109.2,0.2771,16.17,70.6,22.24,103.46,6.83,172.75,0.6408,0.02742,0.009092,2.508,1.771,3.03,1.686,3.087,196.94,17.38,1.34,1.247,0.6,2.647,432.99,1.2,67.41,0.8711,14.22,2.689e-05,0.2699,3.534,1.418,2.73,0.2333,10.34,0.5917,8.185
2022-03-29T03:54:11,47331.66,3368.91,109.2,0.2773,16.17,70.6,22.24,103.49,6.826,172.68,0.6411,0.0274,0.009092,2.509,1.771,3.03,1.686,3.087,196.95,17.38,1.34,1.247,0.6,2.645,432.75,1.2,67.4,0.871,14.21,2.688e-05,0.2694,3.534,1.417,2.729,0.2333,10.34,0.5917,8.184
2022-03-29T03:54:41,47329.41,3369.43,109.18,0.2773,16.17,70.5,22.23,103.67,6.825,172.71,0.6411,0.02738,0.009092,2.51,1.771,3.03,1.685,3.088,197.05,17.35,1.34,1.246,0.6,2.646,432.8,1.199,67.42,0.8712,14.22,2.687e-05,0.2694,3.535,1.418,2.73,0.2335,10.34,0.5914,8.183
2022-03-29T03:55:11,47324.09,3369.13,109.15,0.2773,16.17,70.6,22.22,103.68,6.825,172.63,0.6411,0.02735,0.009092,2.51,1.77,3.03,1.685,3.088,197.03,17.35,1.34,1.246,0.6,2.646,432.8,1.2,67.42,0.8712,14.21,2.684e-05,0.2694,3.535,1.418,2.731,0.2335,10.34,0.5922,8.174
2022-03-29T03:55:42,47325.38,3369.43,109.14,0.2773,16.17,70.6,22.23,103.73,6.824,172.64,0.6411,0.0273,0.009099,2.51,1.772,3.03,1.685,3.088,197.03,17.35,1.34,1.246,0.6,2.645,432.88,1.199,67.45,0.8712,14.22,2.685e-05,0.2692,3.534,1.417,2.73,0.2336,10.34,0.5925,8.173
2022-03-29T03:56:12,47330.77,3369.92,109.23,0.2773,16.17,70.6,22.23,103.98,6.824,172.68,0.6411,0.02728,0.009099,2.508,1.772,3.03,1.686,3.088,197.07,17.35,1.34,1.246,0.6,2.645,432.86,1.2,67.44,0.8712,14.25,2.685e-05,0.269,3.534,1.418,2.73,0.2335,10.34,0.5925,8.178
2022-03-29T03:56:42,47346.06,3370.06,109.25,0.2773,16.17,70.6,22.23,103.89,6.83,172.75,0.6405,0.02717,0.009099,2.508,1.773,3.03,1.686,3.088,197.1,17.35,1.34,1.245,0.6,2.646,432.91,1.2,67.43,0.8713,14.25,2.686e-05,0.2692,3.534,1.419,2.731,0.2335,10.35,0.5923,8.183
2022-03-29T03:57:12,47336.9,3369.71,109.25,0.2774,16.17,70.6,22.24,103.86,6.826,172.76,0.6405,0.02719,0.009099,2.507,1.773,3.03,1.686,3.088,197.03,17.35,1.34,1.256,0.6,2.645,432.96,1.2,67.43,0.8714,14.24,2.686e-05,0.2691,3.537,1.42,2.731,0.2336,10.35,0.5929,8.183
2022-03-29T03:57:42,47337.39,3369.59,109.34,0.2774,16.17,70.6,22.23,103.78,6.826,172.77,0.6405,0.02717,0.009099,2.509,1.773,3.03,1.686,3.088,197.07,17.35,1.34,1.256,0.6,2.645,432.91,1.2,67.41,0.8715,14.24,2.685e-05,0.2689,3.536,1.42,2.731,0.2336,10.35,0.5928,8.179
2022-03-29T03:58:12,47342.55,3369.43,109.34,0.2774,16.17,70.6,22.22,103.79,6.826,172.73,0.6425,0.02717,0.009099,2.509,1.773,3.03,1.685,3.088,197.06,17.35,1.34,1.254,0.6,2.644,432.91,1.199,67.41,0.8714,14.24,2.684e-05,0.269,3.536,1.42,2.731,0.2336,10.35,0.5922,8.174
2022-03-29T03:58:42,47331.92,3369.33,109.33,0.2774,16.17,70.6,22.22,103.78,6.826,172.73,0.6412,0.02717,0.009133,2.509,1.773,3.03,1.685,3.087,197.07,17.35,1.34,1.254,0.6,2.645,432.76,1.198,67.4,0.8714,14.22,2.683e-05,0.269,3.535,1.42,2.731,0.2336,10.35,0.5921,8.179
2022-03-29T03:59:12,47332.42,3369.07,109.32,0.2774,16.21,70.6,22.21,103.81,6.824,172.71,0.6412,0.02716,0.009133,2.509,1.773,3.03,1.683,3.087,197.08,17.35,1.34,1.254,0.6,2.646,432.77,1.198,67.4,0.8713,14.23,2.683e-05,0.2686,3.532,1.42,2.73,0.2334,10.35,0.5919,8.179
2022-03-29T03:59:42,47328.73,3368.56,109.09,0.2774,16.21,70.6,22.19,103.86,6.823,172.71,0.6412,0.02712,0.009133,2.51,1.773,3.03,1.683,3.087,196.94,17.35,1.34,1.253,0.6,2.645,432.71,1.197,67.37,0.8712,14.23,2.679e-05,0.2682,3.531,1.419,2.729,0.2332,10.35,0.5909,8.178
2022-03-29T04:00:13,47335.28,3369.05,109.1,0.2774,16.21,70.6,22.2,103.93,6.823,172.72,0.6412,0.02712,0.009133,2.511,1.772,3.03,1.683,3.084,196.99,17.35,1.34,1.253,0.6,2.65,432.32,1.197,67.36,0.8709,14.22,2.681e-05,0.2685,3.531,1.419,2.729,0.2333,10.35,0.5909,8.177
2022-03-29T04:00:43,47337.95,3369.69,109.1,0.2771,16.21,70.6,22.21,103.91,6.821,172.72,0.6412,0.02713,0.009133,2.509,1.773,3.03,1.683,3.084,197.01,17.35,1.34,1.253,0.6,2.648,432.37,1.198,67.38,0.8709,14.22,2.682e-05,0.2685,3.531,1.42,2.729,0.2333,10.35,0.5918,8.177
2022-03-29T04:01:13,47347.42,3370.02,109.12,0.2771,16.21,70.6,22.21,103.91,6.82,172.78,0.6427,0.02711,0.009129,2.509,1.773,3.03,1.683,3.084,197.2,17.35,1.34,1.251,0.6,2.65,432.64,1.198,67.43,0.8711,14.23,2.684e-05,0.2688,3.534,1.422,2.73,0.2333,10.35,0.5921,8.175
2022-03-29T04:01:43,47349.09,3373.04,109.12,0.2771,16.21,70.7,22.21,103.84,6.82,172.93,0.6427,0.02712,0.009144,2.509,1.773,3.03,1.683,3.084,197.44,17.35,1.34,1.251,0.6,2.651,432.61,1.198,67.46,0.8715,14.23,2.687e-05,0.2688,3.534,1.422,2.73,0.2333,10.36,0.5922,8.172
2022-03-29T04:02:13,47359.95,3374.58,109.37,0.2776,16.21,70.7,22.21,103.82,6.82,172.95,0.6427,0.02713,0.009144,2.508,1.773,3.03,1.684,3.087,197.49,17.35,1.34,1.251,0.6,2.65,432.78,1.198,67.45,0.8716,14.24,2.69e-05,0.2688,3.536,1.423,2.73,0.2334,10.38,0.5927,8.174
2022-03-29T04:02:43,47353.93,3374.13,109.37,0.2775,16.21,70.7,22.21,103.75,6.822,172.89,0.6427,0.02713,0.009144,2.507,1.772,3.03,1.684,3.086,197.58,17.35,1.342,1.252,0.6,2.651,432.72,1.198,67.44,0.8716,14.24,2.691e-05,0.2693,3.537,1.423,2.73,0.2333,10.38,0.5927,8.176
2022-03-29T04:03:13,47358.95,3373.93,109.37,0.2775,16.21,70.7,22.22,103.76,6.822,172.94,0.6427,0.02713,0.009129,2.508,1.773,3.03,1.682,3.082,197.59,17.35,1.342,1.252,0.6,2.653,432.72,1.198,67.44,0.8715,14.24,2.692e-05,0.2693,3.536,1.423,2.73,0.2332,10.37,0.5925,8.18
2022-03-29T04:03:44,47353.04,3373.56,109.32,0.2775,16.21,70.7,22.22,103.73,6.822,172.88,0.6427,0.02713,0.009129,2.507,1.773,3.03,1.682,3.082,197.59,17.35,1.342,1.252,0.6,2.653,432.59,1.198,67.33,0.8715,14.24,2.692e-05,0.2692,3.534,1.423,2.729,0.2332,10.37,0.5928,8.182
2022-03-29T04:04:14,47354.48,3373.24,109.32,0.2775,16.21,70.7,22.22,103.45,6.822,172.89,0.6421,0.02709,0.00913,2.51,1.772,3.03,1.682,3.082,197.77,17.4,1.342,1.252,0.6,2.654,432.5,1.198,67.31,0.8713,14.25,2.691e-05,0.2692,3.534,1.422,2.729,0.2333,10.35,0.5929,8.182
2022-03-29T04:04:44,47356.9,3373.54,109.33,0.2776,16.21,70.7,22.22,103.41,6.822,172.87,0.6421,0.02708,0.00913,2.51,1.772,3.03,1.683,3.082,197.79,17.4,1.342,1.253,0.6,2.655,432.65,1.198,67.32,0.8713,14.25,2.694e-05,0.2695,3.535,1.423,2.73,0.2333,10.35,0.5932,8.187
2022-03-29T04:05:14,47355.29,3374.17,109.33,0.2776,16.21,70.7,22.22,103.41,6.819,172.88,0.6421,0.02708,0.00913,2.51,1.772,3.03,1.684,3.082,197.9,17.4,1.342,1.253,0.6,2.656,432.71,1.198,67.38,0.8716,14.25,2.694e-05,0.2695,3.536,1.423,2.73,0.2333,10.35,0.5932,8.188
2022-03-29T04:05:44,47357.49,3374.1,109.33,0.2776,16.21,70.7,22.22,103.45,6.818,172.92,0.6421,0.0271,0.00913,2.51,1.772,3.03,1.684,3.082,198.31,17.28,1.342,1.253,0.6,2.658,432.7,1.198,67.36,0.8716,14.25,2.695e-05,0.2696,3.539,1.423,2.73,0.2333,10.35,0.5932,8.195
2022-03-29T04:06:14,47353.74,3372.75,109.34,0.2774,16.21,70.7,22.21,103.38,6.818,172.87,0.6421,0.0271,0.00913,2.509,1.772,3.03,1.683,3.073,198.25,17.29,1.34,1.253,0.6,2.657,432.56,1.197,67.35,0.8713,14.25,2.692e-05,0.2691,3.536,1.423,2.728,0.2333,10.35,0.5932,8.185
2022-03-29T04:06:44,47334.91,3372.46,109.33,0.2773,16.21,70.7,22.19,103.32,6.818,172.77,0.6418,0.02707,0.00913,2.508,1.772,3.03,1.682,3.075,197.75,17.29,1.34,1.253,0.6,2.654,432.46,1.197,67.34,0.871,14.25,2.688e-05,0.2691,3.533,1.422,2.727,0.2333,10.34,0.593,8.184
2022-03-29T04:07:14,47337.92,3372.55,109.16,0.2772,16.21,70.6,22.17,103.24,6.818,172.78,0.6418,0.02704,0.00913,2.509,1.771,3.03,1.682,3.075,197.62,17.29,1.34,1.258,0.6,2.654,432.23,1.197,67.3,0.8709,14.21,2.687e-05,0.2689,3.53,1.422,2.722,0.2336,10.34,0.593,8.184
2022-03-29T04:07:45,47350.45,3372.68,109.11,0.2772,16.21,70.6,22.17,103.29,6.818,172.78,0.6418,0.02703,0.00913,2.51,1.771,3.03,1.683,3.077,197.54,17.29,1.34,1.258,0.6,2.654,432.27,1.197,67.26,0.8709,14.22,2.687e-05,0.2689,3.53,1.422,2.72,0.2336,10.34,0.5926,8.183
2022-03-29T04:08:15,47344.06,3372.49,109.09,0.2772,16.21,70.6,22.17,103.25,6.818,172.54,0.6418,0.02702,0.00913,2.51,1.773,3.03,1.683,3.077,197.51,17.29,1.34,1.256,0.6,2.652,432.2,1.197,67.21,0.8708,14.2,2.687e-05,0.2685,3.527,1.419,2.719,0.2335,10.32,0.5924,8.182
2022-03-29T04:08:45,47339.13,3371.36,109.08,0.2773,16.21,70.6,22.17,103.26,6.818,172.5,0.6425,0.02687,0.009143,2.509,1.772,3.03,1.682,3.067,197.47,17.27,1.34,1.256,0.6,2.651,431.9,1.196,67.2,0.8706,14.19,2.686e-05,0.2682,3.527,1.419,2.719,0.2335,10.3,0.5923,8.181
2022-03-29T04:09:15,47331.49,3371.41,109.08,0.2773,16.21,70.6,22.17,103.33,6.816,172.51,0.6425,0.02683,0.009143,2.509,1.772,3.03,1.682,3.066,197.45,17.27,1.34,1.256,0.6,2.651,431.95,1.196,67.19,0.8699,14.18,2.687e-05,0.2682,3.527,1.419,2.72,0.2335,10.3,0.5925,8.182
2022-03-29T04:09:45,47331.29,3371.33,108.84,0.2772,16.21,70.4,22.17,103.29,6.815,172.44,0.6418,0.02685,0.009143,2.509,1.772,3.03,1.682,3.066,197.4,17.27,1.34,1.252,0.6,2.649,432.02,1.195,67.13,0.8689,14.18,2.685e-05,0.2682,3.525,1.419,2.719,0.2334,10.29,0.5925,8.182
2022-03-29T04:10:15,47322.18,3371.26,108.8,0.2772,16.21,70.4,22.17,103.28,6.815,172.51,0.6418,0.02692,0.009143,2.509,1.772,3.03,1.682,3.07,197.46,17.27,1.34,1.252,0.6,2.65,432.04,1.195,67.16,0.869,14.18,2.683e-05,0.2685,3.525,1.418,2.718,0.2335,10.29,0.5925,8.187
2022-03-29T04:10:45,47330.16,3370.87,108.8,0.2771,16.21,70.4,22.17,103.2,6.815,172.53,0.6418,0.02693,0.009143,2.51,1.772,3.03,1.681,3.07,197.5,17.27,1.34,1.252,0.6,2.65,432.04,1.196,67.17,0.8694,14.23,2.685e-05,0.2686,3.526,1.418,2.719,0.2335,10.28,0.5926,8.186
2022-03-29T04:11:15,47325.35,3370.84,108.74,0.2772,16.21,70.4,22.16,103.22,6.815,172.5,0.6418,0.02697,0.009127,2.509,1.771,3.03,1.681,3.07,197.47,17.27,1.34,1.252,0.6,2.652,432.09,1.196,67.2,0.8692,14.22,2.681e-05,0.2684,3.526,1.419,2.718,0.2335,10.31,0.5928,8.186
2022-03-29T04:11:45,47328.77,3370.94,108.75,0.2772,16.21,70.5,22.16,103.26,6.815,172.51,0.6418,0.02701,0.009127,2.509,1.771,3.03,1.681,3.072,197.44,17.27,1.34,1.252,0.6,2.652,432.02,1.195,67.2,0.8693,14.22,2.681e-05,0.2684,3.526,1.419,2.718,0.2335,10.31,0.5933,8.188
2022-03-29T04:12:16,47335.5,3370.92,108.77,0.2772,16.21,70.5,22.16,103.22,6.815,172.52,0.6418,0.027,0.009127,2.508,1.771,3.03,1.681,3.072,197.43,17.27,1.34,1.252,0.6,2.653,431.99,1.195,67.19,0.8694,14.22,2.681e-05,0.2684,3.524,1.419,2.716,0.2334,10.31,0.5934,8.192
2022-03-29T04:12:46,47336.12,3370.96,108.84,0.2771,16.21,70.5,22.16,103.16,6.817,172.53,0.6418,0.02703,0.009127,2.508,1.77,3.03,1.681,3.064,197.38,17.27,1.34,1.252,0.6,2.653,431.98,1.195,67.18,0.8693,14.21,2.681e-05,0.2684,3.521,1.419,2.715,0.2334,10.3,0.5937,8.192
2022-03-29T04:13:16,47349.86,3371.65,108.95,0.2775,16.21,70.5,22.16,103.29,6.817,172.6,0.6418,0.02706,0.009127,2.509,1.771,3.03,1.681,3.066,197.47,17.27,1.34,1.253,0.6,2.655,432.06,1.196,67.19,0.8694,14.22,2.683e-05,0.2685,3.523,1.42,2.717,0.2335,10.3,0.5939,8.194
2022-03-29T04:13:46,47361.5,3372.04,108.96,0.2775,16.23,70.5,22.17,103.39,6.817,172.77,0.6418,0.02705,0.009127,2.51,1.771,3.03,1.682,3.07,197.53,17.27,1.34,1.253,0.6,2.655,432.24,1.196,67.21,0.8706,14.22,2.687e-05,0.2683,3.527,1.421,2.719,0.2335,10.33,0.594,8.2
2022-03-29T04:14:16,47364.68,3374.57,109.19,0.2776,16.23,70.5,22.19,103.49,6.82,172.86,0.6424,0.02711,0.009127,2.51,1.771,3.03,1.682,3.07,197.8,17.27,1.34,1.253,0.6,2.659,432.54,1.197,67.27,0.8707,14.25,2.691e-05,0.268,3.529,1.423,2.721,0.2336,10.33,0.5941,8.205
2022-03-29T04:14:47,47378.79,3375.9,109.27,0.278,16.23,70.5,22.2,103.6,6.82,173.04,0.6435,0.02712,0.009127,2.51,1.771,3.03,1.683,3.07,198.01,17.27,1.34,1.25,0.6,2.66,432.58,1.197,67.28,0.8711,14.27,2.692e-05,0.2681,3.531,1.424,2.722,0.2337,10.34,0.5947,8.205
2022-03-29T04:15:17,47379.54,3376.92,109.35,0.278,16.23,70.5,22.2,103.67,6.82,173.16,0.6434,0.02711,0.009127,2.509,1.771,3.03,1.684,3.066,198.17,17.27,1.34,1.25,0.6,2.663,432.64,1.197,67.31,0.8714,14.28,2.693e-05,0.2681,3.535,1.425,2.723,0.2338,10.36,0.5954,8.204
2022-03-29T04:15:47,47386.84,3377.21,109.45,0.278,16.23,70.6,22.21,103.71,6.822,173.19,0.6434,0.02712,0.009127,2.509,1.771,3.03,1.684,3.071,198.18,17.27,1.34,1.252,0.6,2.662,432.93,1.198,67.31,0.8715,14.28,2.694e-05,0.2682,3.538,1.426,2.725,0.234,10.35,0.5956,8.204
2022-03-29T04:16:17,47385.92,3377.22,109.45,0.2782,16.23,70.6,22.22,103.68,6.82,173.19,0.6434,0.02711,0.009127,2.51,1.771,3.03,1.684,3.071,198.11,17.27,1.34,1.252,0.6,2.664,432.9,1.199,67.3,0.8718,14.29,2.695e-05,0.2683,3.537,1.427,2.724,0.2339,10.35,0.5956,8.205
2022-03-29T04:16:47,47387.07,3378.5,109.67,0.2782,16.23,70.6,22.24,103.69,6.82,173.37,0.6434,0.02712,0.009127,2.51,1.772,3.03,1.684,3.071,198.37,17.27,1.34,1.25,0.6,2.666,433.15,1.2,67.32,0.872,14.31,2.699e-05,0.2682,3.541,1.427,2.727,0.2339,10.35,0.5959,8.204
2022-03-29T04:17:17,47390.07,3379.49,109.67,0.2783,16.23,70.6,22.24,103.7,6.821,173.54,0.6434,0.02715,0.00917,2.51,1.773,3.03,1.684,3.077,198.42,17.27,1.34,1.25,0.6,2.666,433.14,1.2,67.32,0.8721,14.31,2.7e-05,0.2682,3.543,1.427,2.728,0.234,10.36,0.5967,8.214
2022-03-29T04:17:47,47393.81,3380.37,109.71,0.2784,16.23,70.5,22.27,103.71,6.822,173.57,0.6434,0.02717,0.00917,2.508,1.772,3.03,1.685,3.077,198.53,17.27,1.34,1.25,0.6,2.667,433.31,1.202,67.34,0.873,14.32,2.701e-05,0.2686,3.544,1.429,2.73,0.2341,10.35,0.5968,8.215
2022-03-29T04:18:17,47412.78,3382.88,109.98,0.2785,16.23,70.5,22.28,103.73,6.824,173.86,0.6427,0.02718,0.00917,2.509,1.772,3.03,1.686,3.077,198.6,17.27,1.34,1.251,0.6,2.669,433.5,1.202,67.35,0.8731,14.32,2.701e-05,0.269,3.545,1.43,2.731,0.2342,10.37,0.5972,8.217
2022-03-29T04:18:47,47423.86,3383.37,109.9,0.2789,16.23,70.5,22.29,103.83,6.821,173.98,0.6434,0.02719,0.00917,2.51,1.772,3.03,1.686,3.077,198.87,17.27,1.34,1.251,0.6,2.671,433.77,1.202,67.49,0.873,14.33,2.704e-05,0.2695,3.546,1.43,2.733,0.2342,10.38,0.5976,8.217
2022-03-29T04:19:18,47460.24,3383.9,109.91,0.2789,16.23,70.5,22.34,104.33,6.827,174.15,0.6434,0.02719,0.00917,2.512,1.773,3.03,1.686,3.077,199.07,17.27,1.34,1.251,0.6,2.671,433.95,1.202,67.58,0.873,14.35,2.707e-05,0.2697,3.551,1.431,2.736,0.2343,10.39,0.5979,8.22
2022-03-29T04:19:48,47466.31,3385.03,110.1,0.279,16.23,70.4,22.34,104.43,6.84,174.37,0.6435,0.02723,0.00917,2.512,1.773,3.03,1.686,3.077,199.03,17.27,1.34,1.251,0.6,2.68,434,1.205,67.62,0.8732,14.35,2.707e-05,0.2697,3.551,1.432,2.737,0.2343,10.39,0.598,8.229
2022-03-29T04:20:18,47504.1,3385.04,110.12,0.2792,16.22,70.5,22.35,104.89,6.838,174.55,0.6434,0.02727,0.009166,2.509,1.773,3.03,1.686,3.077,199.13,17.27,1.34,1.251,0.6,2.682,434.24,1.206,67.66,0.8731,14.34,2.709e-05,0.27,3.552,1.432,2.738,0.2344,10.4,0.5975,8.229
2022-03-29T04:20:48,47512.67,3385.83,110.12,0.2792,16.22,70.5,22.35,105.03,6.846,174.53,0.6435,0.02729,0.009149,2.51,1.773,3.03,1.686,3.077,199.17,17.27,1.34,1.251,0.6,2.681,434.45,1.206,67.68,0.8732,14.31,2.711e-05,0.27,3.552,1.433,2.739,0.2345,10.42,0.5975,8.23
2022-03-29T04:21:18,47469.74,3384.85,110.08,0.2791,16.22,70.5,22.34,105.07,6.842,174.35,0.6435,0.02732,0.009154,2.507,1.772,3.03,1.686,3.075,199.12,17.27,1.34,1.255,0.6,2.681,434.41,1.205,67.66,0.873,14.28,2.708e-05,0.2695,3.553,1.433,2.739,0.2344,10.42,0.5977,8.227
2022-03-29T04:21:48,47461.79,3381.56,110.09,0.2791,16.22,70.6,22.33,105.06,6.846,174.33,0.6429,0.02734,0.009167,2.507,1.771,3.03,1.686,3.075,199.05,17.33,1.34,1.254,0.6,2.682,433.98,1.205,67.65,0.8728,14.28,2.708e-05,0.2695,3.553,1.433,2.739,0.2343,10.42,0.5978,8.224
2022-03-29T04:22:18,47466.09,3382.19,109.94,0.2791,16.23,70.6,22.32,104.98,6.841,174.44,0.6429,0.02733,0.009167,2.509,1.772,3.03,1.687,3.075,199,17.25,1.34,1.252,0.6,2.684,434.06,1.205,67.64,0.8732,14.27,2.711e-05,0.2698,3.554,1.433,2.74,0.2343,10.41,0.5981,8.224
2022-03-29T04:22:48,47505.18,3382.88,109.95,0.2792,16.23,70.6,22.35,105.05,6.843,174.52,0.6429,0.02734,0.009155,2.511,1.771,3.03,1.687,3.08,199,17.25,1.34,1.253,0.6,2.688,434.34,1.206,67.67,0.8735,14.27,2.712e-05,0.2704,3.556,1.433,2.743,0.2344,10.41,0.5981,8.238
2022-03-29T04:23:19,47507.68,3384.37,110.06,0.2792,16.23,70.6,22.34,105.12,6.846,174.55,0.6429,0.02737,0.009147,2.51,1.772,3.03,1.687,3.08,199.04,17.25,1.34,1.253,0.6,2.691,434.43,1.206,67.68,0.8735,14.31,2.712e-05,0.2705,3.556,1.434,2.744,0.2345,10.43,0.5981,8.241
2022-03-29T04:23:49,47506.2,3384.03,110.03,0.2793,16.23,70.6,22.34,105.25,6.846,174.47,0.6429,0.02737,0.009147,2.511,1.771,3.03,1.687,3.079,198.93,17.25,1.34,1.253,0.6,2.692,434.36,1.207,67.74,0.8735,14.3,2.713e-05,0.2704,3.557,1.434,2.742,0.2344,10.42,0.5985,8.245
2022-03-29T04:24:19,47508.84,3383.79,110.09,0.2794,16.23,70.4,22.33,105.12,6.845,174.52,0.6423,0.02737,0.009168,2.511,1.772,3.03,1.688,3.08,198.91,17.25,1.34,1.252,0.6,2.692,434.47,1.207,67.76,0.874,14.31,2.714e-05,0.2703,3.557,1.434,2.742,0.2345,10.42,0.5989,8.252
2022-03-29T04:24:49,47507.72,3384.02,110.11,0.2794,16.23,70.4,22.33,105.5,6.847,174.71,0.6423,0.02739,0.00915,2.511,1.772,3.03,1.688,3.08,198.99,17.25,1.34,1.254,0.6,2.693,434.49,1.206,67.74,0.8741,14.31,2.714e-05,0.2703,3.558,1.434,2.743,0.2345,10.42,0.5994,8.252
2022-03-29T04:25:19,47520.13,3384.41,110.11,0.2797,16.23,70.4,22.33,105.52,6.847,174.67,0.6423,0.02739,0.009151,2.511,1.77,3.03,1.688,3.08,199.04,17.25,1.34,1.254,0.6,2.693,434.61,1.207,67.76,0.8742,14.33,2.717e-05,0.2708,3.559,1.435,2.744,0.2346,10.43,0.5992,8.248
2022-03-29T04:25:49,47519.74,3384.46,110.09,0.2797,16.23,70.4,22.33,105.51,6.847,174.73,0.6423,0.02739,0.009151,2.511,1.769,3.03,1.688,3.084,198.99,17.25,1.34,1.254,0.6,2.696,434.65,1.206,67.77,0.8742,14.34,2.717e-05,0.2708,3.558,1.436,2.742,0.2346,10.43,0.5992,8.254
2022-03-29T04:26:19,47516.32,3384.99,110.09,0.2794,16.23,70.4,22.33,105.49,6.845,174.65,0.6423,0.02741,0.009151,2.51,1.769,3.03,1.689,3.083,199,17.25,1.34,1.254,0.6,2.697,434.73,1.206,67.78,0.8742,14.34,2.717e-05,0.2706,3.558,1.436,2.742,0.2346,10.43,0.5992,8.254
2022-03-29T04:26:49,47516.05,3385.75,110.11,0.2795,16.23,70.4,22.33,105.44,6.846,174.65,0.643,0.02742,0.009151,2.51,1.77,3.03,1.689,3.083,199.01,17.25,1.34,1.254,0.6,2.692,434.65,1.206,67.8,0.8743,14.36,2.717e-05,0.2707,3.555,1.436,2.742,0.2345,10.44,0.5995,8.256
2022-03-29T04:27:20,47538.93,3386.43,110.14,0.2795,16.23,70.4,22.33,105.45,6.846,174.65,0.643,0.02747,0.009151,2.511,1.77,3.03,1.689,3.084,199.08,17.25,1.34,1.253,0.6,2.694,434.71,1.206,67.81,0.8748,14.38,2.719e-05,0.2716,3.556,1.435,2.744,0.2348,10.44,0.5997,8.256
2022-03-29T04:27:50,47550.79,3389.14,110.13,0.2798,16.23,70.5,22.33,105.67,6.848,174.74,0.6428,0.02749,0.009166,2.511,1.771,3.03,1.69,3.087,199.06,17.3,1.34,1.255,0.6,2.695,434.8,1.207,67.84,0.8748,14.41,2.724e-05,0.2708,3.557,1.436,2.744,0.2347,10.44,0.6,8.26
2022-03-29T04:28:20,47555.66,3391.48,110.25,0.2799,16.23,70.5,22.34,105.7,6.855,174.82,0.6435,0.02752,0.009166,2.509,1.77,3.03,1.691,3.087,199.23,17.3,1.34,1.255,0.6,2.694,434.89,1.208,67.88,0.875,14.37,2.724e-05,0.2711,3.56,1.437,2.743,0.2348,10.44,0.6002,8.26
2022-03-29T04:28:50,47617.97,3391.72,110.25,0.28,16.23,70.5,22.34,105.7,6.855,174.82,0.6425,0.02752,0.009169,2.512,1.77,3.03,1.692,3.089,199.25,17.3,1.34,1.254,0.6,2.696,434.91,1.208,67.91,0.8756,14.38,2.725e-05,0.2711,3.562,1.437,2.742,0.2348,10.44,0.6006,8.259
2022-03-29T04:29:20,47617.88,3391.95,110.24,0.28,16.23,70.6,22.34,105.66,6.855,174.85,0.6425,0.02757,0.009167,2.512,1.77,3.03,1.692,3.093,199.24,17.3,1.34,1.254,0.6,2.699,434.97,1.21,67.92,0.8757,14.36,2.725e-05,0.2711,3.562,1.438,2.742,0.2348,10.46,0.6005,8.266
2022-03-29T04:29:50,47617.69,3391.63,110.37,0.28,16.23,70.6,22.34,105.67,6.853,174.89,0.643,0.02765,0.00917,2.512,1.77,3.03,1.692,3.093,199.23,17.3,1.34,1.254,0.6,2.701,435.04,1.21,67.92,0.8758,14.4,2.725e-05,0.2715,3.562,1.437,2.742,0.2349,10.46,0.6005,8.267
2022-03-29T04:30:20,47606.09,3389.58,110.35,0.28,16.23,70.6,22.35,105.59,6.853,174.86,0.6435,0.02764,0.00917,2.511,1.77,3.03,1.691,3.093,199.26,17.29,1.34,1.254,0.6,2.699,435,1.209,67.98,0.8752,14.4,2.725e-05,0.2716,3.561,1.437,2.742,0.2348,10.5,0.5999,8.268
2022-03-29T04:30:50,47583.65,3389.8,110.27,0.28,16.23,70.5,22.37,105.6,6.853,174.88,0.6437,0.02765,0.00917,2.51,1.77,3.03,1.691,3.091,199.51,17.29,1.34,1.254,0.6,2.699,434.91,1.209,68.02,0.875,14.4,2.725e-05,0.2715,3.561,1.436,2.741,0.2349,10.52,0.6,8.266
2022-03-29T04:31:21,47587.76,3390.02,110.28,0.2801,16.23,70.5,22.38,105.6,6.854,174.89,0.6437,0.02764,0.009193,2.51,1.771,3.05,1.692,3.091,199.48,17.29,1.34,1.254,0.6,2.702,434.92,1.21,68.02,0.875,14.38,2.725e-05,0.2719,3.561,1.437,2.738,0.2349,10.52,0.6,8.267
2022-03-29T04:31:51,47570.28,3390.31,110.27,0.28,16.23,70.4,22.38,105.54,6.86,174.87,0.6437,0.02762,0.009178,2.51,1.771,3.05,1.692,3.095,199.44,17.29,1.34,1.259,0.6,2.7,434.93,1.209,67.89,0.8751,14.38,2.722e-05,0.2713,3.56,1.437,2.738,0.2348,10.53,0.6004,8.264
2022-03-29T04:32:21,47571.11,3389.82,110.26,0.28,16.23,70.4,22.38,105.54,6.853,174.88,0.6437,0.02765,0.009178,2.51,1.77,3.05,1.692,3.095,199.36,17.29,1.34,1.259,0.6,2.704,434.75,1.209,67.86,0.8751,14.37,2.721e-05,0.2715,3.562,1.437,2.738,0.2349,10.54,0.6004,8.265
2022-03-29T04:32:51,47576.21,3388.6,110.26,0.28,16.23,70.4,22.37,105.56,6.858,175,0.6437,0.02768,0.009174,2.51,1.769,3.05,1.692,3.095,199.4,17.21,1.34,1.259,0.6,2.706,434.74,1.208,67.84,0.875,14.37,2.72e-05,0.2715,3.563,1.437,2.736,0.2348,10.56,0.6007,8.254
2022-03-29T04:33:21,47570.19,3388.82,110.22,0.2802,16.23,70.4,22.37,105.5,6.853,175.08,0.6437,0.02769,0.009174,2.509,1.77,3.05,1.693,3.095,199.4,17.21,1.34,1.255,0.6,2.706,434.69,1.208,67.83,0.8748,14.38,2.72e-05,0.2718,3.562,1.437,2.735,0.2348,10.56,0.6006,8.254
2022-03-29T04:33:51,47575.86,3387.97,110.27,0.2802,16.23,70.4,22.41,105.61,6.857,175.2,0.6438,0.02771,0.009174,2.509,1.77,3.05,1.693,3.098,199.53,17.21,1.34,1.256,0.6,2.696,434.77,1.208,67.83,0.8747,14.38,2.72e-05,0.272,3.563,1.438,2.734,0.2348,10.54,0.6005,8.253
2022-03-29T04:34:21,47593.72,3388.45,110.27,0.2803,16.23,70.4,22.43,105.68,6.86,175.39,0.6438,0.02776,0.009174,2.51,1.77,3.05,1.693,3.098,199.54,17.21,1.34,1.256,0.6,2.7,435.02,1.209,67.85,0.8747,14.38,2.722e-05,0.2724,3.564,1.438,2.736,0.2349,10.53,0.6007,8.256
2022-03-29T04:34:51,47594.81,3388.52,110.4,0.2802,16.23,70.4,22.49,105.84,6.859,175.37,0.6438,0.02778,0.009174,2.51,1.771,3.05,1.691,3.098,199.53,17.21,1.34,1.256,0.6,2.701,434.98,1.208,67.91,0.8747,14.38,2.721e-05,0.2721,3.564,1.438,2.736,0.235,10.53,0.6008,8.257
2022-03-29T04:35:22,47595.16,3388.56,110.46,0.2802,16.23,70.4,22.48,105.99,6.866,175.41,0.6438,0.02783,0.009157,2.51,1.771,3.05,1.69,3.098,199.59,17.21,1.34,1.256,0.6,2.702,435.2,1.21,67.93,0.8748,14.42,2.721e-05,0.2723,3.566,1.439,2.738,0.2352,10.51,0.6007,8.257
2022-03-29T04:35:52,47596.29,3390.59,110.47,0.2806,16.23,70.4,22.49,106.16,6.861,175.46,0.6438,0.02788,0.009157,2.51,1.771,3.05,1.69,3.098,199.66,17.21,1.341,1.256,0.6,2.703,435.27,1.21,67.95,0.8751,14.42,2.721e-05,0.2723,3.567,1.44,2.739,0.2353,10.49,0.6006,8.263
2022-03-29T04:36:22,47587.75,3390.58,110.54,0.2805,16.23,70.4,22.49,106.22,6.868,175.58,0.6467,0.02788,0.009155,2.51,1.773,3.05,1.69,3.098,199.61,17.21,1.341,1.266,0.6,2.704,435.3,1.21,68.04,0.8751,14.42,2.72e-05,0.2722,3.567,1.441,2.739,0.2355,10.49,0.6006,8.264
2022-03-29T04:36:52,47599.84,3391.45,110.67,0.2807,16.23,70.9,22.5,106.24,6.871,175.58,0.6498,0.02786,0.00915,2.51,1.771,3.05,1.691,3.102,199.64,17.3,1.341,1.267,0.6,2.704,435.33,1.21,68.03,0.8751,14.43,2.722e-05,0.2727,3.566,1.441,2.738,0.2356,10.49,0.6008,8.265
2022-03-29T04:37:22,47594.22,3391.17,110.68,0.2807,16.23,70.9,22.5,106.2,6.875,175.6,0.6498,0.02785,0.009161,2.509,1.769,3.05,1.691,3.1,199.64,17.3,1.341,1.267,0.6,2.703,435.43,1.21,68.04,0.8751,14.43,2.727e-05,0.2725,3.567,1.442,2.738,0.2355,10.49,0.6014,8.265
2022-03-29T04:37:52,47584.86,3390.77,110.55,0.2806,16.24,70.9,22.46,106.04,6.875,175.58,0.6478,0.02781,0.009161,2.51,1.768,3.05,1.691,3.098,199.6,17.24,1.341,1.266,0.6,2.699,435.34,1.209,68.05,0.875,14.45,2.728e-05,0.2716,3.566,1.442,2.737,0.2355,10.49,0.6014,8.266
2022-03-29T04:38:22,47572.32,3390.8,110.69,0.2806,16.25,70.9,22.45,106.03,6.873,175.66,0.6476,0.02786,0.009161,2.509,1.768,3.05,1.691,3.098,199.58,17.23,1.341,1.266,0.6,2.698,435.35,1.21,68.04,0.8748,14.41,2.727e-05,0.2718,3.563,1.443,2.738,0.2354,10.49,0.6014,8.266
2022-03-29T04:38:52,47571.95,3391.43,110.71,0.2807,16.25,70.9,22.45,105.79,6.882,175.68,0.6476,0.02788,0.009161,2.509,1.769,3.05,1.691,3.099,199.55,17.23,1.341,1.266,0.6,2.698,435.32,1.21,68.04,0.8747,14.41,2.726e-05,0.2718,3.565,1.443,2.738,0.2354,10.49,0.6008,8.269
2022-03-29T04:39:23,47558.7,3391.32,110.69,0.2805,16.23,70.7,22.45,105.71,6.88,175.68,0.6476,0.02789,0.009161,2.51,1.77,3.05,1.691,3.099,199.53,17.23,1.341,1.266,0.6,2.696,435.33,1.21,68.02,0.8747,14.38,2.725e-05,0.2718,3.564,1.443,2.738,0.2353,10.49,0.6006,8.272
2022-03-29T04:39:53,47563.25,3391.47,110.78,0.2805,16.23,70.7,22.46,105.68,6.88,175.56,0.6477,0.0279,0.009161,2.51,1.769,3.05,1.692,3.099,199.5,17.23,1.341,1.266,0.6,2.695,435.25,1.21,68.02,0.8747,14.38,2.724e-05,0.2718,3.564,1.442,2.738,0.2352,10.5,0.6004,8.277
2022-03-29T04:40:23,47564.79,3391.93,110.82,0.2805,16.23,70.7,22.46,105.86,6.881,175.6,0.6477,0.02791,0.009161,2.51,1.769,3.05,1.692,3.101,199.46,17.23,1.341,1.266,0.6,2.694,435.22,1.21,68.03,0.8746,14.38,2.723e-05,0.2719,3.564,1.441,2.739,0.2352,10.51,0.6004,8.272
2022-03-29T04:40:53,47564.75,3391.9,110.83,0.2805,16.23,70.7,22.47,105.89,6.882,175.66,0.6476,0.02792,0.00915,2.51,1.768,3.05,1.692,3.103,199.46,17.23,1.341,1.268,0.6,2.694,435.08,1.21,68.04,0.8746,14.38,2.721e-05,0.2718,3.566,1.441,2.739,0.2352,10.52,0.6003,8.271
2022-03-29T04:41:23,47562.17,3391.76,110.81,0.2805,16.23,70.8,22.46,105.96,6.878,175.66,0.6476,0.02793,0.009161,2.51,1.768,3.05,1.691,3.103,199.45,17.22,1.341,1.27,0.6,2.694,435.03,1.209,68.03,0.8745,14.38,2.719e-05,0.2716,3.565,1.441,2.74,0.2352,10.52,0.6002,8.272
2022-03-29T04:41:53,47560.58,3391.52,110.81,0.2802,16.21,70.8,22.46,106.01,6.878,175.74,0.6476,0.02792,0.009161,2.512,1.768,3.05,1.692,3.107,199.49,17.22,1.341,1.27,0.6,2.695,435.06,1.209,68.03,0.8745,14.38,2.719e-05,0.2717,3.566,1.441,2.742,0.2352,10.51,0.6005,8.272
2022-03-29T04:42:23,47563.16,3391.55,110.71,0.2801,16.21,70.8,22.45,106.15,6.88,175.73,0.6476,0.02792,0.009161,2.512,1.768,3.05,1.692,3.107,199.49,17.22,1.341,1.27,0.6,2.697,435.12,1.209,68.05,0.8746,14.38,2.718e-05,0.2714,3.566,1.441,2.743,0.2353,10.51,0.6006,8.277
2022-03-29T04:42:54,47567.31,3390.94,110.69,0.2801,16.21,70.8,22.44,106.13,6.882,175.6,0.6476,0.02792,0.00915,2.512,1.768,3.05,1.691,3.107,199.37,17.22,1.341,1.263,0.6,2.697,435.12,1.21,68.05,0.8747,14.36,2.718e-05,0.2712,3.567,1.441,2.744,0.2352,10.51,0.6006,8.276
2022-03-29T04:43:24,47566.18,3390.91,110.64,0.2801,16.17,70.8,22.44,106.09,6.883,175.69,0.6476,0.02791,0.00915,2.512,1.767,3.05,1.691,3.104,199.39,17.22,1.341,1.263,0.6,2.694,435.1,1.209,68.06,0.8747,14.34,2.717e-05,0.2708,3.568,1.44,2.744,0.2352,10.51,0.6008,8.271
2022-03-29T04:43:54,47562.64,3390.47,110.63,0.2802,16.21,70.8,22.44,105.98,6.883,175.57,0.6476,0.02791,0.00915,2.512,1.766,3.05,1.691,3.106,199.37,17.22,1.341,1.263,0.6,2.693,435.07,1.21,68.06,0.8747,14.34,2.716e-05,0.2709,3.567,1.44,2.743,0.2352,10.5,0.6008,8.272
2022-03-29T04:44:24,47560.72,3389.4,110.62,0.2802,16.21,70.8,22.44,105.84,6.884,175.6,0.6476,0.02791,0.00915,2.512,1.766,3.05,1.691,3.106,199.35,17.22,1.341,1.263,0.6,2.694,434.95,1.211,68.02,0.8747,14.34,2.715e-05,0.2709,3.567,1.44,2.743,0.2352,10.49,0.6009,8.272
2022-03-29T04:44:54,47568.06,3389.57,110.63,0.2806,16.21,70.8,22.43,105.8,6.885,175.62,0.648,0.02784,0.00915,2.512,1.767,3.05,1.691,3.104,199.39,17.22,1.341,1.263,0.6,2.703,434.92,1.211,68.02,0.8749,14.34,2.715e-05,0.2709,3.567,1.442,2.743,0.2351,10.5,0.6009,8.276
2022-03-29T04:45:24,47566.38,3389.87,110.65,0.2805,16.21,70.8,22.44,105.81,6.885,175.64,0.648,0.02775,0.00915,2.512,1.767,3.05,1.691,3.104,199.42,17.22,1.341,1.263,0.6,2.702,435.14,1.211,68.03,0.8751,14.34,2.717e-05,0.271,3.567,1.444,2.743,0.2352,10.5,0.6014,8.277
2022-03-29T04:45:54,47565.59,3389.55,110.64,0.2804,16.22,70.8,22.43,105.79,6.884,175.68,0.648,0.02767,0.00915,2.512,1.767,3.05,1.691,3.104,199.38,17.3,1.341,1.268,0.6,2.7,435.22,1.212,68.03,0.8752,14.34,2.718e-05,0.2712,3.566,1.443,2.742,0.2352,10.49,0.6014,8.273
2022-03-29T04:46:24,47566,3388.71,110.75,0.2805,16.22,70.8,22.43,105.62,6.885,175.66,0.648,0.02765,0.00915,2.512,1.767,3.05,1.691,3.104,199.46,17.3,1.341,1.268,0.6,2.701,435.04,1.212,68.02,0.8753,14.36,2.72e-05,0.2717,3.566,1.444,2.742,0.2352,10.5,0.6011,8.274
2022-03-29T04:46:55,47564.82,3388.54,110.69,0.2804,16.16,70.9,22.43,105.56,6.884,175.64,0.648,0.02765,0.00915,2.512,1.767,3.05,1.691,3.107,199.42,17.3,1.341,1.27,0.6,2.699,435.13,1.212,68.01,0.8753,14.36,2.723e-05,0.2717,3.56,1.442,2.742,0.2352,10.49,0.6006,8.272
2022-03-29T04:47:25,47563.51,3388.4,110.7,0.2803,16.16,70.9,22.43,105.54,6.884,175.69,0.6481,0.02767,0.00915,2.512,1.767,3.05,1.691,3.11,199.41,17.3,1.341,1.271,0.6,2.7,435.05,1.212,67.97,0.8756,14.38,2.724e-05,0.2715,3.559,1.44,2.74,0.2352,10.5,0.6004,8.272
2022-03-29T04:47:55,47563.5,3388.7,110.71,0.2804,16.16,70.9,22.42,105.53,6.885,175.74,0.649,0.02764,0.00915,2.512,1.767,3.05,1.691,3.11,199.45,17.3,1.341,1.271,0.6,2.696,435.08,1.212,67.95,0.8758,14.38,2.725e-05,0.2718,3.559,1.44,2.741,0.2352,10.51,0.6003,8.271
2022-03-29T04:48:25,47564.72,3388.75,110.91,0.2804,16.16,71,22.42,105.55,6.889,175.76,0.6517,0.02762,0.00915,2.512,1.767,3.05,1.692,3.11,199.49,17.3,1.341,1.277,0.6,2.695,435.12,1.212,67.96,0.8758,14.36,2.725e-05,0.2718,3.559,1.441,2.741,0.2352,10.51,0.6019,8.272
2022-03-29T04:48:55,47568.4,3389.21,110.92,0.2804,16.17,71,22.43,105.45,6.889,175.89,0.6492,0.02764,0.009161,2.512,1.767,3.05,1.692,3.11,199.52,17.24,1.341,1.275,0.6,2.695,435.26,1.213,67.98,0.8765,14.36,2.726e-05,0.272,3.559,1.44,2.742,0.2354,10.52,0.6021,8.273
2022-03-29T04:49:25,47578.72,3389.24,110.92,0.2808,16.17,71,22.49,105.34,6.889,175.9,0.6492,0.02765,0.009161,2.513,1.767,3.05,1.692,3.112,199.6,17.24,1.341,1.275,0.6,2.696,435.3,1.214,68.01,0.8767,14.36,2.728e-05,0.2724,3.561,1.44,2.743,0.2354,10.52,0.6021,8.277
2022-03-29T04:49:55,47579.67,3389.18,110.99,0.2808,16.17,71,22.5,105.3,6.889,175.97,0.6482,0.02764,0.009161,2.517,1.767,3.05,1.692,3.112,199.67,17.24,1.341,1.275,0.6,2.696,435.39,1.215,68.01,0.8767,14.36,2.735e-05,0.2723,3.561,1.44,2.744,0.2355,10.55,0.602,8.273
2022-03-29T04:50:25,47583.01,3389.24,110.98,0.2808,16.22,71,22.5,105.1,6.889,176,0.6492,0.02763,0.00915,2.517,1.767,3.05,1.691,3.112,199.68,17.24,1.341,1.278,0.6,2.696,435.43,1.215,68.06,0.8771,14.36,2.735e-05,0.2723,3.561,1.44,2.744,0.2355,10.55,0.6018,8.273
2022-03-29T04:50:56,47537.76,3388.09,110.71,0.2808,16.22,71,22.48,105.2,6.883,175.92,0.6492,0.02751,0.00916,2.515,1.766,3.05,1.689,3.112,199.59,17.24,1.341,1.278,0.6,2.694,435.09,1.215,67.96,0.8768,14.36,2.733e-05,0.2716,3.556,1.439,2.742,0.2355,10.56,0.6014,8.272
2022-03-29T04:51:26,47535.4,3386.69,110.67,0.2803,16.2,71,22.47,105.22,6.877,175.87,0.6494,0.02751,0.00916,2.515,1.768,3.05,1.69,3.112,199.59,17.24,1.341,1.278,0.6,2.693,434.7,1.214,67.91,0.876,14.34,2.729e-05,0.2714,3.556,1.437,2.742,0.2354,10.54,0.601,8.27
2022-03-29T04:51:56,47491.34,3386.51,110.66,0.2802,16.2,71,22.45,105.26,6.877,175.82,0.6479,0.02754,0.00916,2.516,1.768,3.05,1.69,3.104,199.63,17.32,1.341,1.278,0.6,2.689,434.47,1.213,67.9,0.8759,14.31,2.727e-05,0.2714,3.556,1.436,2.742,0.2354,10.54,0.6004,8.268
2022-03-29T04:52:26,47491.09,3386.07,110.62,0.2802,16.21,71,22.44,105.24,6.889,175.85,0.6478,0.02758,0.009151,2.518,1.769,3.05,1.689,3.104,199.78,17.32,1.341,1.278,0.6,2.691,434.53,1.215,67.88,0.8759,14.32,2.728e-05,0.2713,3.556,1.436,2.741,0.2355,10.54,0.6004,8.268
2022-03-29T04:52:56,47502.58,3386.2,110.59,0.2806,16.21,71,22.43,105.25,6.883,175.88,0.6478,0.02763,0.009151,2.517,1.768,3.05,1.69,3.104,199.83,17.32,1.341,1.28,0.6,2.692,434.54,1.215,67.86,0.8759,14.32,2.728e-05,0.2715,3.556,1.436,2.742,0.2355,10.55,0.6006,8.263
2022-03-29T04:53:26,47505.87,3386.05,110.58,0.2807,16.2,71,22.43,105.03,6.882,175.89,0.647,0.02768,0.009151,2.517,1.768,3.05,1.69,3.107,199.82,17.32,1.345,1.28,0.6,2.69,434.65,1.215,67.87,0.8764,14.32,2.728e-05,0.2715,3.556,1.436,2.743,0.2356,10.56,0.6007,8.264
2022-03-29T04:53:56,47509.14,3385.37,110.58,0.2807,16.2,71,22.43,104.95,6.882,175.97,0.6473,0.0277,0.009151,2.517,1.768,3.05,1.69,3.107,199.85,17.32,1.345,1.28,0.6,2.69,434.85,1.215,67.88,0.8762,14.32,2.728e-05,0.2715,3.557,1.437,2.743,0.2356,10.57,0.6004,8.262
2022-03-29T04:54:26,47509.11,3386.3,110.54,0.2808,16.2,71,22.43,104.8,6.887,176.01,0.6473,0.0277,0.009151,2.517,1.768,3.05,1.69,3.111,199.87,17.3,1.345,1.28,0.6,2.691,434.87,1.215,67.89,0.8762,14.34,2.728e-05,0.2715,3.557,1.437,2.743,0.2355,10.58,0.6004,8.266
2022-03-29T04:54:56,47529.12,3386.39,110.54,0.2808,16.2,71,22.44,104.85,6.892,176.01,0.6473,0.02769,0.009142,2.516,1.768,3.05,1.69,3.112,199.88,17.3,1.345,1.278,0.6,2.687,434.93,1.215,67.94,0.8761,14.34,2.728e-05,0.2715,3.559,1.437,2.742,0.2356,10.66,0.6006,8.266
2022-03-29T04:55:27,47531.35,3386.32,110.6,0.2806,16.2,71,22.43,104.98,6.89,176.03,0.6473,0.02774,0.009142,2.516,1.769,3.06,1.691,3.116,200.13,17.3,1.345,1.278,0.6,2.687,434.99,1.215,67.94,0.876,14.35,2.728e-05,0.2715,3.559,1.436,2.743,0.2356,10.71,0.6008,8.266
2022-03-29T04:55:57,47536.49,3386.2,110.67,0.2803,16.2,71,22.44,104.97,6.892,176.04,0.6473,0.0278,0.009142,2.516,1.769,3.06,1.691,3.117,200.12,17.3,1.347,1.278,0.6,2.688,435.03,1.216,67.96,0.876,14.37,2.728e-05,0.2716,3.56,1.436,2.743,0.2356,10.71,0.6008,8.263
2022-03-29T04:56:27,47544.48,3386.76,110.69,0.2804,16.2,71,22.45,104.92,6.886,176.09,0.6473,0.02782,0.009153,2.513,1.769,3.06,1.691,3.117,200.17,17.3,1.347,1.279,0.6,2.691,434.95,1.216,68.01,0.876,14.37,2.729e-05,0.2716,3.56,1.436,2.744,0.2356,10.75,0.6013,8.264
2022-03-29T04:56:57,47548.24,3387,110.71,0.281,16.2,71.1,22.46,104.96,6.89,176.1,0.6473,0.02785,0.009152,2.513,1.769,3.06,1.692,3.117,200.27,17.23,1.347,1.279,0.6,2.692,435.01,1.216,68.04,0.8761,14.38,2.729e-05,0.2716,3.56,1.438,2.744,0.2357,10.76,0.6017,8.262
2022-03-29T04:57:27,47572.65,3387.42,110.95,0.2809,16.2,71.1,22.48,104.91,6.89,176.21,0.6487,0.02784,0.009152,2.515,1.771,3.06,1.692,3.117,200.27,17.23,1.347,1.279,0.6,2.694,435.06,1.216,68.04,0.8762,14.4,2.731e-05,0.2716,3.56,1.438,2.744,0.2358,10.76,0.6017,8.264
2022-03-29T04:57:57,47577.1,3387.86,111.03,0.2809,16.2,71.1,22.47,104.92,6.891,176.25,0.6477,0.02783,0.009152,2.515,1.772,3.06,1.691,3.122,200.28,17.17,1.347,1.282,0.6,2.693,435.11,1.216,68.06,0.8765,14.4,2.732e-05,0.2716,3.561,1.438,2.744,0.2358,10.81,0.6016,8.266
2022-03-29T04:58:27,47582.9,3388,111.04,0.2809,16.2,71.1,22.47,104.82,6.891,176.25,0.6479,0.02789,0.009152,2.513,1.772,3.06,1.691,3.13,200.29,17.17,1.347,1.282,0.6,2.693,435.05,1.217,68.04,0.8765,14.4,2.731e-05,0.2722,3.563,1.438,2.744,0.2358,10.83,0.6019,8.27
2022-03-29T04:58:57,47578.44,3388,111.21,0.2809,16.2,71.1,22.47,104.86,6.891,176.27,0.6479,0.02788,0.009152,2.514,1.772,3.06,1.691,3.132,200.34,17.17,1.347,1.282,0.6,2.693,435.11,1.217,68.04,0.8765,14.4,2.732e-05,0.2724,3.565,1.439,2.744,0.2358,10.84,0.6017,8.264
2022-03-29T04:59:27,47578.92,3388.4,111.15,0.281,16.2,71.1,22.46,104.85,6.891,176.26,0.6479,0.02785,0.009152,2.514,1.772,3.06,1.691,3.132,200.32,17.17,1.347,1.282,0.6,2.7,435.04,1.217,68.05,0.8765,14.4,2.732e-05,0.2723,3.565,1.439,2.745,0.2358,10.85,0.602,8.259
2022-03-29T04:59:58,47603.79,3388.41,111.18,0.281,16.2,71.1,22.47,104.73,6.891,176.13,0.6479,0.02791,0.009156,2.515,1.772,3.06,1.691,3.132,200.37,17.17,1.347,1.282,0.6,2.696,435.1,1.217,68.06,0.877,14.46,2.732e-05,0.2723,3.566,1.439,2.745,0.2358,10.88,0.6019,8.258
2022-03-29T05:00:28,47603.62,3388.85,111.32,0.2812,16.2,71,22.48,104.86,6.891,176.26,0.6479,0.02793,0.009156,2.515,1.771,3.06,1.692,3.13,200.45,17.14,1.347,1.287,0.6,2.699,435.23,1.218,68.07,0.877,14.45,2.731e-05,0.2723,3.569,1.44,2.746,0.2358,10.88,0.602,8.258
2022-03-29T05:00:58,47602.25,3388.96,111.39,0.2812,16.2,71,22.5,104.86,6.883,176.25,0.6479,0.02795,0.009156,2.515,1.772,3.06,1.692,3.129,200.58,17.14,1.347,1.285,0.6,2.699,435.29,1.218,68.09,0.8772,14.45,2.73e-05,0.273,3.57,1.44,2.746,0.2359,10.88,0.602,8.258
2022-03-29T05:01:28,47601.44,3389.12,111.39,0.2812,16.2,71,22.51,104.89,6.884,176.27,0.6465,0.02796,0.009156,2.514,1.772,3.06,1.692,3.129,200.65,17.14,1.347,1.285,0.6,2.699,435.35,1.218,68.07,0.8779,14.44,2.732e-05,0.273,3.571,1.44,2.748,0.2359,10.87,0.602,8.26
2022-03-29T05:01:58,47600.93,3389.38,111.4,0.2813,16.2,71.1,22.52,104.9,6.895,176.44,0.6465,0.02796,0.009156,2.514,1.772,3.06,1.692,3.134,200.68,17.14,1.347,1.286,0.6,2.699,435.5,1.217,68.07,0.878,14.44,2.734e-05,0.2727,3.572,1.44,2.748,0.236,10.82,0.6036,8.259
2022-03-29T05:02:28,47601.91,3389.82,111.38,0.2811,16.2,71.3,22.52,104.89,6.889,176.35,0.6465,0.02798,0.009137,2.514,1.773,3.06,1.692,3.13,200.69,17.14,1.347,1.286,0.6,2.701,435.48,1.216,68.04,0.878,14.45,2.732e-05,0.2725,3.573,1.441,2.749,0.2359,10.83,0.6036,8.26
2022-03-29T05:02:58,47590.71,3390.27,111.25,0.2811,16.2,71.3,22.53,104.8,6.89,176.32,0.6465,0.02795,0.009147,2.515,1.773,3.06,1.693,3.13,200.76,17.14,1.347,1.285,0.6,2.702,435.53,1.216,68.04,0.8778,14.45,2.733e-05,0.2724,3.57,1.441,2.747,0.2358,10.86,0.6037,8.257
2022-03-29T05:03:28,47595.41,3390.61,111.27,0.2811,16.2,71.2,22.54,104.72,6.89,176.34,0.6465,0.02795,0.009137,2.515,1.772,3.06,1.693,3.13,200.93,17.02,1.347,1.285,0.6,2.704,435.6,1.216,68.05,0.8778,14.45,2.734e-05,0.2727,3.569,1.442,2.747,0.2358,10.9,0.6037,8.258
2022-03-29T05:03:59,47594.19,3393.01,111.29,0.2815,16.2,71.2,22.54,104.73,6.89,176.35,0.6471,0.02798,0.009137,2.515,1.773,3.06,1.693,3.128,200.98,17.03,1.347,1.282,0.6,2.708,435.82,1.216,68.13,0.8779,14.46,2.736e-05,0.2727,3.569,1.442,2.747,0.2358,10.9,0.6037,8.258
2022-03-29T05:04:29,47604.93,3393.94,111.32,0.2815,16.2,71.2,22.56,104.73,6.892,176.38,0.6471,0.02799,0.009144,2.513,1.773,3.06,1.694,3.13,201.15,17.03,1.347,1.285,0.6,2.707,435.8,1.217,68.21,0.8781,14.46,2.735e-05,0.2733,3.571,1.444,2.749,0.2359,10.92,0.6044,8.26
2022-03-29T05:04:59,47603.1,3395.33,111.31,0.2815,16.2,71.3,22.56,104.77,6.895,176.46,0.6471,0.02797,0.009144,2.513,1.774,3.07,1.694,3.13,201.42,17.03,1.347,1.285,0.6,2.707,435.78,1.217,68.21,0.8781,14.47,2.736e-05,0.2734,3.574,1.444,2.752,0.2359,10.94,0.6045,8.259
2022-03-29T05:05:29,47592.45,3395.32,111.54,0.2814,16.2,71.3,22.56,104.79,6.895,176.5,0.6471,0.02797,0.009144,2.514,1.774,3.07,1.694,3.13,201.55,17.03,1.347,1.285,0.6,2.709,435.84,1.217,68.25,0.8782,14.46,2.735e-05,0.2727,3.573,1.444,2.751,0.2359,10.9,0.6046,8.265
2022-03-29T05:05:59,47591.02,3396.53,111.46,0.2815,16.2,71.3,22.56,104.79,6.895,176.55,0.6471,0.02797,0.009144,2.517,1.775,3.07,1.693,3.131,201.67,17.03,1.347,1.287,0.6,2.71,435.72,1.217,68.25,0.8784,14.46,2.735e-05,0.273,3.573,1.445,2.751,0.2359,10.86,0.6046,8.266
2022-03-29T05:06:29,47583.65,3398.18,111.47,0.2815,16.2,71.3,22.56,104.8,6.895,176.62,0.6471,0.02799,0.009144,2.516,1.775,3.07,1.694,3.131,201.38,17.09,1.347,1.287,0.6,2.71,435.8,1.218,68.28,0.8785,14.45,2.735e-05,0.2731,3.575,1.445,2.753,0.2359,10.84,0.6045,8.269
2022-03-29T05:06:59,47572.92,3397.46,111.45,0.2815,16.2,71.3,22.57,104.86,6.893,176.57,0.6471,0.02798,0.009144,2.516,1.775,3.07,1.694,3.131,200.84,17.09,1.347,1.285,0.6,2.709,435.77,1.218,68.28,0.8781,14.44,2.734e-05,0.2732,3.574,1.445,2.753,0.2359,10.84,0.6045,8.268
2022-03-29T05:07:30,47569.28,3394.52,111.29,0.2815,16.2,71.3,22.57,105.07,6.894,176.59,0.6459,0.02795,0.009144,2.516,1.775,3.07,1.694,3.132,200.8,17.09,1.347,1.285,0.6,2.704,435.69,1.218,68.24,0.8776,14.42,2.734e-05,0.273,3.569,1.443,2.752,0.2359,10.83,0.6046,8.268
2022-03-29T05:08:00,47557.26,3392.76,111.29,0.2814,16.16,71.3,22.56,105.12,6.9,176.65,0.6473,0.02797,0.009144,2.515,1.775,3.07,1.694,3.132,200.84,17.09,1.347,1.285,0.6,2.7,435.6,1.218,68.09,0.8775,14.42,2.734e-05,0.2731,3.569,1.442,2.751,0.2358,10.8,0.6044,8.268
2022-03-29T05:08:30,47557.34,3393.02,111.3,0.2811,16.2,71.2,22.56,105.01,6.896,176.74,0.6473,0.02797,0.009144,2.515,1.775,3.07,1.694,3.133,200.81,17.09,1.347,1.281,0.6,2.702,435.57,1.218,68.09,0.8781,14.43,2.734e-05,0.2731,3.57,1.442,2.751,0.2358,10.8,0.6038,8.268
2022-03-29T05:09:00,47558.66,3393.33,111.41,0.2811,16.2,71.2,22.56,105.01,6.899,176.74,0.6473,0.02797,0.009144,2.515,1.777,3.07,1.693,3.133,200.74,17.09,1.347,1.281,0.6,2.702,435.55,1.219,68.07,0.8781,14.43,2.734e-05,0.2731,3.571,1.441,2.752,0.2357,10.76,0.6035,8.264
2022-03-29T05:09:30,47555.13,3393.3,111.44,0.2811,16.2,71.2,22.57,105.02,6.899,176.71,0.6473,0.02799,0.009144,2.515,1.776,3.07,1.693,3.132,200.79,17.09,1.347,1.283,0.6,2.702,435.54,1.219,68.14,0.8782,14.43,2.734e-05,0.2731,3.571,1.441,2.752,0.2357,10.76,0.6039,8.263
2022-03-29T05:10:00,47554.61,3393.81,111.43,0.2811,16.28,71.1,22.57,104.94,6.904,176.71,0.6473,0.02799,0.009144,2.515,1.776,3.07,1.695,3.132,200.86,17.09,1.347,1.283,0.6,2.703,435.59,1.22,68.14,0.8785,14.43,2.735e-05,0.2734,3.571,1.44,2.753,0.2358,10.76,0.6039,8.263
2022-03-29T05:10:30,47550.54,3393.39,111.24,0.2814,16.28,71.1,22.57,104.96,6.908,176.73,0.6479,0.02798,0.009144,2.516,1.777,3.07,1.695,3.132,200.93,17.09,1.347,1.283,0.6,2.701,435.58,1.221,68.17,0.8784,14.43,2.733e-05,0.2732,3.571,1.44,2.752,0.2358,10.77,0.6037,8.267
2022-03-29T05:11:00,47534.13,3392.91,111.24,0.2816,16.28,71.1,22.55,104.96,6.908,176.76,0.6479,0.02797,0.009144,2.514,1.778,3.07,1.695,3.129,201,17.09,1.353,1.283,0.6,2.701,435.48,1.221,68.18,0.8784,14.46,2.733e-05,0.273,3.572,1.44,2.751,0.2359,10.77,0.6037,8.267
2022-03-29T05:11:31,47534.57,3392.91,111.21,0.2817,16.32,71.1,22.55,104.97,6.917,176.77,0.6486,0.02797,0.009129,2.514,1.778,3.07,1.695,3.129,200.98,17.09,1.353,1.283,0.6,2.702,435.5,1.221,68.18,0.8785,14.46,2.732e-05,0.273,3.573,1.44,2.751,0.2358,10.78,0.6039,8.267
2022-03-29T05:12:01,47529.89,3392.31,111.24,0.2817,16.32,71.1,22.56,104.93,6.912,176.73,0.6476,0.02796,0.009129,2.514,1.778,3.07,1.694,3.132,200.59,17.09,1.353,1.283,0.6,2.701,435.6,1.22,68.17,0.8782,14.45,2.728e-05,0.273,3.57,1.439,2.75,0.2358,10.79,0.6039,8.263
2022-03-29T05:12:31,47528.29,3392.73,111.32,0.2818,16.32,71.1,22.56,104.92,6.916,176.8,0.6487,0.02797,0.009129,2.514,1.778,3.07,1.694,3.132,200.6,17.09,1.353,1.281,0.6,2.7,435.57,1.219,68.17,0.8782,14.45,2.728e-05,0.2732,3.571,1.44,2.75,0.2359,10.79,0.6035,8.263
2022-03-29T05:13:01,47524.85,3392.48,111.3,0.2819,16.27,71.1,22.56,104.89,6.919,176.88,0.6487,0.02798,0.009129,2.514,1.781,3.07,1.694,3.132,200.59,17.09,1.353,1.281,0.6,2.7,435.61,1.219,68.17,0.8782,14.45,2.727e-05,0.2733,3.57,1.439,2.75,0.2359,10.79,0.6036,8.263
2022-03-29T05:13:31,47523.21,3391.14,111.29,0.2819,16.28,71.1,22.54,104.88,6.915,176.81,0.6482,0.02796,0.009129,2.514,1.781,3.07,1.695,3.132,200.62,17.09,1.353,1.281,0.6,2.7,435.55,1.218,68.17,0.8781,14.45,2.725e-05,0.2733,3.57,1.439,2.75,0.2359,10.79,0.6033,8.268
2022-03-29T05:14:01,47517.45,3390.03,111.16,0.2815,16.28,71.2,22.54,104.85,6.927,176.75,0.6487,0.02798,0.009129,2.514,1.782,3.07,1.695,3.134,200.56,17.03,1.353,1.283,0.6,2.696,435.58,1.217,68.16,0.8778,14.45,2.724e-05,0.2728,3.566,1.439,2.75,0.2359,10.76,0.603,8.267
2022-03-29T05:14:32,47516.87,3390.04,111.13,0.2816,16.28,71.2,22.54,104.91,6.926,176.72,0.6487,0.02797,0.009115,2.514,1.782,3.07,1.695,3.133,200.44,17.03,1.353,1.281,0.6,2.696,435.51,1.217,68.15,0.8774,14.45,2.725e-05,0.2732,3.568,1.44,2.75,0.2359,10.77,0.603,8.267
2022-03-29T05:15:02,47519.29,3389.77,110.94,0.2816,16.28,71.3,22.55,104.91,6.926,176.72,0.6487,0.02794,0.00911,2.515,1.783,3.07,1.695,3.133,200.41,17.03,1.353,1.281,0.6,2.695,435.49,1.217,68.15,0.8775,14.45,2.725e-05,0.2731,3.568,1.44,2.75,0.2359,10.77,0.603,8.268
2022-03-29T05:15:32,47534.9,3390.42,110.95,0.2818,16.32,71.3,22.55,105,6.926,176.73,0.6487,0.02797,0.00911,2.516,1.783,3.07,1.695,3.141,200.47,17.03,1.352,1.281,0.6,2.696,435.53,1.217,68.16,0.8778,14.45,2.729e-05,0.2731,3.568,1.44,2.752,0.236,10.81,0.6024,8.268
2022-03-29T05:16:03,47533.49,3391.3,110.94,0.2817,16.32,71.3,22.56,105.05,6.927,176.78,0.6487,0.02798,0.009114,2.516,1.785,3.07,1.696,3.14,200.44,17.03,1.352,1.282,0.6,2.696,435.68,1.217,68.17,0.8779,14.5,2.729e-05,0.2734,3.571,1.443,2.752,0.236,10.83,0.6024,8.269
2022-03-29T05:16:33,47532.02,3392.25,111.06,0.2817,16.32,71.3,22.56,105.08,6.921,176.8,0.6492,0.02797,0.009107,2.514,1.785,3.07,1.696,3.14,200.49,17,1.352,1.282,0.6,2.696,435.71,1.216,68.18,0.8783,14.54,2.731e-05,0.2732,3.572,1.443,2.751,0.236,10.85,0.6024,8.271
2022-03-29T05:17:03,47530.73,3392.17,111.02,0.2815,16.32,71.3,22.56,105.11,6.923,176.9,0.6492,0.02797,0.009107,2.514,1.785,3.07,1.696,3.142,200.47,17,1.352,1.28,0.6,2.696,435.66,1.215,68.17,0.8783,14.52,2.731e-05,0.2728,3.571,1.443,2.752,0.236,10.84,0.6026,8.283
2022-03-29T05:17:34,47534.02,3392.32,111.02,0.2815,16.27,71.2,22.56,105.13,6.922,176.96,0.6477,0.02797,0.009107,2.514,1.785,3.07,1.696,3.142,200.59,17,1.352,1.28,0.6,2.696,435.52,1.215,68.16,0.8784,14.52,2.732e-05,0.2728,3.572,1.443,2.752,0.2361,10.84,0.6026,8.283
2022-03-29T05:18:04,47534.35,3392.23,110.88,0.2816,16.27,71.2,22.56,105.19,6.922,176.99,0.6488,0.02797,0.009107,2.514,1.785,3.07,1.695,3.14,200.62,17,1.352,1.28,0.6,2.696,435.52,1.215,68.16,0.8784,14.52,2.733e-05,0.2728,3.571,1.443,2.751,0.236,10.79,0.6037,8.283
2022-03-29T05:18:34,47531.82,3392.47,110.9,0.2816,16.27,71.2,22.57,105.09,6.923,177.01,0.6488,0.02797,0.009107,2.514,1.785,3.07,1.695,3.14,200.59,17,1.352,1.28,0.6,2.696,435.59,1.216,68.16,0.8785,14.54,2.733e-05,0.2728,3.571,1.443,2.751,0.236,10.79,0.6035,8.284
2022-03-29T05:19:04,47532,3391.82,110.89,0.2816,16.27,71,22.57,105.06,6.923,177.04,0.6488,0.02798,0.009104,2.514,1.786,3.07,1.695,3.14,200.54,17,1.352,1.282,0.6,2.695,435.53,1.215,68.15,0.8785,14.54,2.734e-05,0.2728,3.57,1.443,2.751,0.2361,10.77,0.6035,8.284
2022-03-29T05:19:34,47529.08,3391.44,110.83,0.2815,16.27,71,22.56,104.79,6.923,177,0.6488,0.02797,0.009107,2.514,1.786,3.07,1.696,3.14,200.4,17,1.352,1.28,0.6,2.695,435.46,1.215,68.11,0.8784,14.53,2.734e-05,0.2725,3.569,1.443,2.751,0.236,10.77,0.6035,8.284
2022-03-29T05:20:04,47529.28,3390.87,110.82,0.2815,16.27,71,22.56,104.8,6.921,177.2,0.6488,0.02798,0.009107,2.514,1.786,3.07,1.695,3.141,200.3,17.02,1.352,1.28,0.6,2.697,435.38,1.215,68.11,0.8783,14.53,2.733e-05,0.2725,3.572,1.443,2.751,0.2359,10.75,0.6035,8.284
2022-03-29T05:20:34,47538.14,3391.23,110.83,0.2817,16.33,71,22.56,105,6.918,177.29,0.6497,0.028,0.009107,2.514,1.792,3.07,1.695,3.14,200.28,17.02,1.352,1.28,0.6,2.702,435.42,1.217,68.09,0.8783,14.55,2.731e-05,0.2725,3.573,1.444,2.752,0.2359,10.76,0.6041,8.284
2022-03-29T05:21:04,47534.32,3389.97,110.82,0.2816,16.33,71,22.56,104.94,6.922,177.34,0.6497,0.02797,0.009107,2.514,1.795,3.07,1.695,3.14,200.24,17.02,1.352,1.28,0.6,2.702,435.47,1.217,68.1,0.8782,14.55,2.729e-05,0.2724,3.573,1.444,2.752,0.236,10.76,0.6041,8.286
2022-03-29T05:21:35,47527.36,3390.2,110.82,0.2816,16.33,71.1,22.56,105,6.919,177.26,0.6497,0.02799,0.009107,2.514,1.797,3.07,1.695,3.14,200.25,17.02,1.352,1.282,0.6,2.703,435.47,1.216,68.1,0.8782,14.54,2.725e-05,0.2725,3.572,1.444,2.752,0.236,10.76,0.6046,8.286
2022-03-29T05:22:05,47532.5,3390.23,110.8,0.2816,16.33,71.1,22.56,105.08,6.922,177.29,0.6497,0.02797,0.009107,2.515,1.798,3.07,1.695,3.14,200.28,17.02,1.352,1.282,0.6,2.706,435.32,1.216,68.11,0.8782,14.5,2.724e-05,0.2727,3.573,1.444,2.754,0.236,10.77,0.6042,8.286
2022-03-29T05:22:35,47529.42,3390.94,110.8,0.2816,16.33,71.1,22.57,105.09,6.925,177.35,0.6497,0.02796,0.009104,2.515,1.798,3.07,1.696,3.146,200.27,17.01,1.352,1.282,0.6,2.706,435.24,1.216,68.09,0.8782,14.49,2.724e-05,0.2727,3.574,1.444,2.755,0.2359,10.77,0.6042,8.287
2022-03-29T05:23:05,47527.2,3390.94,110.77,0.2816,16.33,71.1,22.58,105.12,6.924,177.39,0.6497,0.02799,0.009104,2.515,1.797,3.07,1.696,3.146,200.21,17.01,1.352,1.285,0.6,2.707,435.23,1.216,68.07,0.8781,14.47,2.726e-05,0.2728,3.575,1.442,2.754,0.2359,10.78,0.6045,8.286
2022-03-29T05:23:35,47531.87,3391.51,110.8,0.2815,16.33,71.1,22.57,105.16,6.924,177.44,0.6499,0.02799,0.009114,2.515,1.796,3.07,1.696,3.146,200.18,17.01,1.352,1.285,0.6,2.708,435.28,1.217,68.05,0.8781,14.47,2.726e-05,0.2728,3.576,1.443,2.755,0.2359,10.78,0.6045,8.286
2022-03-29T05:24:05,47526.05,3392.22,110.8,0.2815,16.33,71.1,22.57,105.16,6.925,177.48,0.65,0.02798,0.009114,2.515,1.797,3.07,1.695,3.142,200.18,17.01,1.352,1.285,0.6,2.707,435.27,1.217,68.05,0.8779,14.47,2.725e-05,0.2728,3.575,1.442,2.754,0.236,10.78,0.6046,8.285
2022-03-29T05:24:35,47513.43,3392.23,110.89,0.2816,16.27,71.1,22.57,105.16,6.925,177.48,0.6504,0.02799,0.009135,2.514,1.798,3.07,1.695,3.147,200.23,17.01,1.352,1.285,0.6,2.709,435.25,1.218,68.05,0.8779,14.47,2.724e-05,0.2728,3.574,1.442,2.754,0.2359,10.78,0.6052,8.286
2022-03-29T05:25:05,47514.53,3392.17,110.85,0.2816,16.27,71.1,22.56,105.15,6.924,177.49,0.6504,0.02797,0.009121,2.516,1.798,3.07,1.695,3.147,200.22,17.01,1.352,1.285,0.6,2.706,435.09,1.218,68.04,0.8776,14.47,2.723e-05,0.2733,3.574,1.441,2.754,0.236,10.78,0.6052,8.286
2022-03-29T05:25:35,47511.11,3391.98,110.98,0.2816,16.27,71.1,22.56,105.22,6.926,177.51,0.6507,0.02798,0.009121,2.516,1.797,3.07,1.695,3.147,200.24,17.01,1.352,1.285,0.6,2.707,435.11,1.219,68.06,0.8775,14.47,2.722e-05,0.2736,3.574,1.441,2.756,0.236,10.8,0.6053,8.286
2022-03-29T05:26:06,47514.02,3392.21,110.98,0.2816,16.27,71.1,22.56,105.22,6.925,177.52,0.6507,0.02798,0.009121,2.516,1.797,3.07,1.695,3.147,200.27,17.01,1.352,1.284,0.6,2.706,435.18,1.22,68.08,0.8776,14.47,2.724e-05,0.2738,3.576,1.442,2.756,0.2361,10.8,0.6053,8.287
2022-03-29T05:26:36,47516.54,3393.34,110.88,0.2816,16.27,71.1,22.58,105.25,6.926,177.52,0.6506,0.02799,0.009121,2.515,1.797,3.07,1.696,3.147,200.27,17.01,1.352,1.284,0.6,2.706,435.16,1.219,68.09,0.8776,14.47,2.724e-05,0.274,3.575,1.442,2.756,0.2361,10.81,0.6053,8.288
2022-03-29T05:27:06,47522.75,3393.4,110.88,0.2817,16.27,71.1,22.58,105.35,6.926,177.54,0.6506,0.02798,0.009121,2.516,1.798,3.07,1.696,3.146,200.38,17.01,1.352,1.284,0.6,2.707,435.2,1.219,68.11,0.8777,14.47,2.726e-05,0.2742,3.575,1.443,2.757,0.2361,10.83,0.6057,8.288
2022-03-29T05:27:36,47520.09,3394.57,110.88,0.2818,16.27,71.1,22.58,105.4,6.926,177.51,0.65,0.02799,0.009138,2.515,1.797,3.07,1.696,3.149,200.49,17.01,1.352,1.285,0.6,2.706,435.23,1.219,68.12,0.8777,14.47,2.727e-05,0.2745,3.576,1.445,2.757,0.2361,10.82,0.6062,8.294
2022-03-29T05:28:06,47522.97,3394.64,110.88,0.282,16.27,71.1,22.59,105.38,6.927,177.61,0.6506,0.02807,0.009138,2.515,1.797,3.07,1.696,3.151,200.54,17.01,1.352,1.285,0.6,2.707,435.31,1.22,68.14,0.8779,14.47,2.73e-05,0.2737,3.575,1.445,2.756,0.2361,10.82,0.606,8.294
2022-03-29T05:28:36,47526.71,3394.94,110.87,0.2819,16.27,71.1,22.59,105.29,6.923,177.61,0.6508,0.02808,0.009125,2.516,1.798,3.07,1.696,3.147,200.57,17.01,1.352,1.285,0.6,2.707,435.24,1.219,68.14,0.8777,14.47,2.731e-05,0.2736,3.574,1.445,2.756,0.2361,10.8,0.606,8.294
2022-03-29T05:29:06,47524.83,3394.85,110.87,0.2818,16.27,71.1,22.6,105.24,6.926,177.65,0.6508,0.02816,0.009139,2.515,1.798,3.07,1.696,3.147,200.59,17.01,1.352,1.283,0.6,2.708,435.22,1.219,68.15,0.8776,14.47,2.73e-05,0.2737,3.573,1.446,2.755,0.2361,10.79,0.6053,8.295
2022-03-29T05:29:36,47526.08,3395.14,110.83,0.2818,16.27,71.2,22.6,105.16,6.925,177.66,0.65,0.02815,0.009143,2.515,1.798,3.07,1.696,3.15,200.64,17.01,1.352,1.283,0.6,2.707,435.12,1.219,68.23,0.8776,14.47,2.731e-05,0.2738,3.574,1.446,2.756,0.2361,10.8,0.6051,8.295
2022-03-29T05:30:06,47527.71,3395.26,110.82,0.2818,16.27,71.2,22.6,105.09,6.927,177.66,0.6501,0.02816,0.009143,2.517,1.798,3.07,1.696,3.152,200.7,17,1.352,1.283,0.6,2.707,435.09,1.218,68.24,0.8775,14.45,2.732e-05,0.2738,3.579,1.446,2.758,0.2361,10.8,0.605,8.29
2022-03-29T05:30:37,47527.41,3395.89,110.82,0.2818,16.27,71.2,22.61,105.04,6.925,177.58,0.6501,0.02816,0.009143,2.516,1.798,3.07,1.698,3.152,200.85,17,1.352,1.283,0.6,2.708,435.06,1.218,68.28,0.8775,14.45,2.733e-05,0.2738,3.58,1.447,2.759,0.2362,10.8,0.6052,8.29
2022-03-29T05:31:07,47531.64,3395.98,110.81,0.282,16.3,71.3,22.62,104.98,6.931,177.54,0.6501,0.02817,0.009143,2.516,1.798,3.07,1.699,3.159,200.89,17,1.352,1.283,0.6,2.711,435.01,1.218,68.28,0.8773,14.42,2.734e-05,0.2738,3.58,1.448,2.758,0.2361,10.84,0.6052,8.291
2022-03-29T05:31:37,47536.44,3397.08,110.79,0.282,16.3,71.3,22.62,104.97,6.932,177.48,0.6501,0.02819,0.009143,2.517,1.798,3.07,1.699,3.173,200.91,17,1.352,1.283,0.6,2.713,434.98,1.218,68.28,0.8771,14.43,2.734e-05,0.274,3.579,1.448,2.757,0.2361,10.87,0.605,8.297
2022-03-29T05:32:07,47535.85,3397.29,110.78,0.2818,16.3,71.3,22.61,105.12,6.933,177.57,0.6501,0.02822,0.009143,2.516,1.799,3.07,1.699,3.17,200.94,17,1.352,1.283,0.6,2.714,435.01,1.218,68.29,0.8775,14.42,2.734e-05,0.2743,3.579,1.448,2.757,0.2362,10.9,0.6052,8.297
2022-03-29T05:32:37,47538.6,3397.54,110.65,0.2818,16.3,71.4,22.63,105.15,6.93,177.76,0.6504,0.02823,0.009143,2.514,1.799,3.07,1.699,3.17,200.93,17,1.352,1.284,0.6,2.714,435.04,1.218,68.29,0.8787,14.41,2.735e-05,0.2744,3.579,1.448,2.756,0.2362,10.9,0.6052,8.296
2022-03-29T05:33:07,47536.94,3396.63,110.67,0.2819,16.3,71.4,22.63,105.2,6.93,177.77,0.6504,0.02836,0.009159,2.514,1.799,3.07,1.7,3.17,201,17,1.352,1.284,0.6,2.716,435,1.218,68.29,0.8787,14.41,2.735e-05,0.2741,3.579,1.448,2.758,0.2362,10.98,0.6059,8.297
2022-03-29T05:33:37,47538.54,3396.56,110.67,0.2818,16.3,71.4,22.63,105.21,6.935,177.8,0.6504,0.02839,0.009159,2.516,1.798,3.07,1.701,3.189,200.84,17,1.352,1.284,0.6,2.716,434.98,1.217,68.26,0.8785,14.4,2.733e-05,0.2737,3.579,1.447,2.757,0.2363,10.98,0.6064,8.295
2022-03-29T05:34:07,47537.54,3397.64,110.74,0.2818,16.33,71.2,22.62,105.16,6.93,177.85,0.6504,0.02841,0.009084,2.516,1.798,3.07,1.701,3.189,200.8,17,1.352,1.282,0.6,2.716,434.83,1.217,68.26,0.8786,14.38,2.733e-05,0.2737,3.578,1.447,2.757,0.2363,11.04,0.6064,8.294
2022-03-29T05:34:38,47537.99,3398.22,110.74,0.2819,16.37,71.2,22.62,105.14,6.929,177.82,0.6504,0.02842,0.009089,2.516,1.798,3.07,1.701,3.189,200.75,17,1.352,1.282,0.6,2.717,434.87,1.217,68.26,0.8786,14.38,2.736e-05,0.2739,3.578,1.447,2.758,0.2363,11.07,0.6064,8.29
2022-03-29T05:35:08,47540.47,3398.46,110.74,0.2819,16.37,71.2,22.62,105.13,6.926,177.84,0.6504,0.02842,0.009089,2.516,1.799,3.07,1.702,3.189,200.77,17,1.352,1.282,0.6,2.718,434.85,1.216,68.26,0.8789,14.38,2.738e-05,0.274,3.577,1.448,2.759,0.2363,11.07,0.6059,8.29
2022-03-29T05:35:38,47540.8,3398.26,110.74,0.2818,16.37,71.3,22.62,105.23,6.928,177.89,0.6504,0.02846,0.009089,2.516,1.799,3.07,1.701,3.189,200.83,17,1.352,1.282,0.6,2.716,434.85,1.217,68.27,0.879,14.41,2.743e-05,0.274,3.577,1.448,2.759,0.2363,11.07,0.6057,8.285
2022-03-29T05:36:08,47546.75,3398.3,110.78,0.2818,16.37,71.3,22.62,105.36,6.927,178.02,0.6503,0.0285,0.009089,2.516,1.798,3.07,1.701,3.2,200.89,17,1.352,1.285,0.6,2.716,435.09,1.217,68.32,0.8802,14.41,2.748e-05,0.2742,3.578,1.448,2.759,0.2363,11.09,0.6057,8.285
2022-03-29T05:36:38,47549.58,3398.37,110.78,0.282,16.37,71.3,22.62,105.39,6.927,178.01,0.6508,0.0285,0.009089,2.516,1.799,3.07,1.702,3.2,200.98,17,1.347,1.285,0.6,2.712,435.05,1.218,68.31,0.8803,14.41,2.758e-05,0.2742,3.578,1.447,2.758,0.2363,11.09,0.6068,8.286
2022-03-29T05:37:08,47540.35,3398.28,110.77,0.282,16.29,71.2,22.62,105.45,6.927,178.07,0.6508,0.0285,0.009089,2.517,1.799,3.07,1.702,3.2,200.99,17,1.347,1.284,0.6,2.713,435.04,1.218,68.34,0.8803,14.41,2.763e-05,0.2742,3.578,1.447,2.758,0.2363,11.2,0.6071,8.294
2022-03-29T05:37:38,47538.16,3397.78,110.77,0.282,16.29,71.2,22.62,105.48,6.931,178.4,0.6508,0.02852,0.009105,2.517,1.799,3.07,1.702,3.2,200.99,17.05,1.347,1.284,0.6,2.711,435.08,1.217,68.34,0.8799,14.43,2.76e-05,0.2741,3.577,1.447,2.758,0.2362,11.22,0.6071,8.294
2022-03-29T05:38:09,47538.19,3397.82,110.69,0.282,16.29,71.2,22.61,105.49,6.932,178.44,0.6502,0.02849,0.009105,2.517,1.799,3.07,1.702,3.2,200.97,17.05,1.347,1.284,0.6,2.71,435.08,1.217,68.35,0.8796,14.43,2.762e-05,0.2741,3.578,1.446,2.757,0.2364,11.23,0.6059,8.297
2022-03-29T05:38:39,47532.71,3397.51,110.6,0.282,16.29,71.2,22.6,105.49,6.931,178.46,0.65,0.0285,0.009105,2.517,1.799,3.07,1.701,3.2,200.83,17.05,1.347,1.283,0.6,2.709,435.11,1.217,68.36,0.8793,14.42,2.76e-05,0.2741,3.578,1.446,2.757,0.2363,11.17,0.6058,8.297
2022-03-29T05:39:09,47525.98,3397.55,110.63,0.282,16.37,71.4,22.6,105.51,6.929,178.74,0.65,0.02841,0.009105,2.515,1.799,3.07,1.701,3.202,200.8,17.05,1.347,1.283,0.6,2.71,435.08,1.217,68.36,0.8794,14.42,2.757e-05,0.2746,3.578,1.446,2.756,0.2364,11.15,0.6058,8.296
2022-03-29T05:39:39,47527.62,3397.95,110.63,0.2817,16.37,71.2,22.6,105.5,6.932,178.93,0.6493,0.02849,0.009105,2.517,1.798,3.07,1.7,3.204,200.75,17.05,1.347,1.283,0.6,2.709,434.97,1.218,68.39,0.8795,14.42,2.756e-05,0.2747,3.578,1.445,2.755,0.2364,11.15,0.6059,8.296
2022-03-29T05:40:09,47526.92,3397.49,110.63,0.2817,16.37,71.2,22.59,105.42,6.93,178.9,0.6497,0.0285,0.009086,2.516,1.798,3.07,1.7,3.204,200.75,17.05,1.347,1.282,0.6,2.708,434.95,1.218,68.43,0.8795,14.42,2.756e-05,0.2748,3.578,1.445,2.756,0.2364,11.19,0.606,8.296
2022-03-29T05:40:39,47525.36,3397.46,110.6,0.2817,16.37,71.2,22.59,105.46,6.926,179.14,0.6497,0.02848,0.009093,2.516,1.797,3.07,1.7,3.204,200.74,17.05,1.347,1.283,0.6,2.708,434.94,1.217,68.46,0.8795,14.42,2.757e-05,0.275,3.578,1.445,2.756,0.2364,11.24,0.606,8.296
2022-03-29T05:41:10,47524.8,3396.89,110.57,0.2811,16.37,71.2,22.6,105.46,6.926,179.5,0.6497,0.02851,0.009093,2.516,1.798,3.07,1.7,3.204,200.73,17.05,1.347,1.283,0.6,2.709,434.97,1.217,68.44,0.8799,14.42,2.757e-05,0.2748,3.578,1.445,2.755,0.2364,11.28,0.606,8.292
2022-03-29T05:41:40,47522.72,3396.86,110.56,0.281,16.37,71.3,22.61,105.51,6.926,179.26,0.6497,0.02853,0.009093,2.517,1.798,3.07,1.7,3.204,200.74,17.05,1.347,1.281,0.6,2.709,435.05,1.217,68.55,0.8799,14.41,2.762e-05,0.2744,3.578,1.445,2.754,0.2364,11.23,0.6063,8.292
2022-03-29T05:42:10,47526.16,3397.3,110.55,0.281,16.37,71.2,22.6,105.46,6.926,178.82,0.6497,0.02855,0.009093,2.517,1.798,3.07,1.701,3.211,200.69,17.05,1.347,1.281,0.6,2.709,435.04,1.217,68.56,0.8799,14.41,2.762e-05,0.2745,3.579,1.445,2.755,0.2364,11.22,0.6064,8.297
2022-03-29T05:42:40,47524.92,3397.31,110.54,0.281,16.37,71.2,22.56,105.24,6.93,178.94,0.6496,0.02855,0.009093,2.517,1.797,3.07,1.701,3.211,200.67,17.06,1.347,1.281,0.6,2.708,435,1.217,68.57,0.8798,14.41,2.764e-05,0.2745,3.581,1.445,2.755,0.2364,11.23,0.6064,8.297
2022-03-29T05:43:10,47520.53,3395.46,110.21,0.2807,16.36,71.2,22.56,105.13,6.931,178.86,0.6496,0.02854,0.009093,2.516,1.798,3.07,1.701,3.205,200.65,17.06,1.347,1.278,0.6,2.706,434.89,1.217,68.57,0.8797,14.41,2.76e-05,0.2735,3.581,1.445,2.754,0.2363,11.22,0.6058,8.295
2022-03-29T05:43:40,47519.03,3395.27,110.23,0.2806,16.36,70.9,22.56,105.1,6.932,178.84,0.6496,0.02851,0.009058,2.516,1.797,3.07,1.702,3.2,200.61,17.06,1.347,1.279,0.6,2.706,434.75,1.217,68.46,0.8796,14.4,2.759e-05,0.2736,3.578,1.444,2.754,0.2363,11.22,0.6058,8.289
2022-03-29T05:44:11,47514.09,3394.89,110.24,0.2806,16.36,70.9,22.56,105.07,6.929,178.78,0.6485,0.02853,0.009076,2.516,1.798,3.07,1.702,3.2,200.52,17.06,1.347,1.279,0.6,2.707,434.71,1.217,68.43,0.8797,14.4,2.759e-05,0.2736,3.577,1.443,2.753,0.2363,11.3,0.6052,8.288
2022-03-29T05:44:41,47518.97,3395.84,110.38,0.2805,16.31,70.9,22.56,104.98,6.929,178.63,0.6485,0.02854,0.00907,2.516,1.798,3.07,1.702,3.203,200.62,17.06,1.347,1.279,0.6,2.707,434.66,1.217,68.41,0.8797,14.4,2.76e-05,0.2732,3.577,1.444,2.754,0.2363,11.27,0.6052,8.291
2022-03-29T05:45:11,47550.17,3398.38,110.43,0.2806,16.31,70.9,22.6,104.99,6.929,178.77,0.6485,0.02859,0.00907,2.518,1.799,3.07,1.703,3.2,200.73,17.06,1.347,1.279,0.6,2.709,434.9,1.218,68.47,0.8799,14.41,2.769e-05,0.2733,3.582,1.445,2.755,0.2364,11.26,0.6052,8.298
2022-03-29T05:45:41,47558.89,3399.24,110.67,0.2808,16.31,70.9,22.62,105.09,6.934,178.74,0.6485,0.02868,0.00907,2.516,1.798,3.07,1.704,3.2,201.33,17,1.347,1.279,0.6,2.71,435.01,1.22,68.58,0.8802,14.41,2.777e-05,0.2733,3.583,1.446,2.755,0.2364,11.26,0.6061,8.299
2022-03-29T05:46:11,47587.83,3399.23,110.61,0.2808,16.31,71,22.63,105.07,6.938,178.87,0.6485,0.02865,0.00907,2.518,1.799,3.09,1.704,3.213,201.32,17,1.347,1.277,0.6,2.711,435.19,1.221,68.6,0.8804,14.41,2.778e-05,0.2739,3.582,1.447,2.755,0.2365,11.23,0.6061,8.305
2022-03-29T05:46:41,47595.03,3407.08,110.62,0.2808,16.31,71,22.65,105.01,6.938,178.89,0.6485,0.02865,0.00907,2.518,1.799,3.09,1.704,3.216,201.38,17,1.347,1.279,0.6,2.709,435.18,1.221,68.65,0.8811,14.37,2.779e-05,0.2739,3.582,1.449,2.755,0.2365,11.21,0.6049,8.305
2022-03-29T05:47:11,47604.08,3408,110.62,0.2809,16.32,71,22.65,104.78,6.938,179.01,0.649,0.02868,0.009084,2.52,1.799,3.09,1.704,3.216,201.37,17,1.347,1.279,0.6,2.71,435.75,1.222,68.66,0.8812,14.38,2.779e-05,0.2739,3.582,1.449,2.755,0.2367,11.23,0.6051,8.308
2022-03-29T05:47:41,47590.64,3407.9,110.61,0.2808,16.35,71,22.65,104.55,6.937,178.92,0.649,0.02857,0.009084,2.519,1.8,3.09,1.704,3.215,201.26,17,1.347,1.279,0.6,2.708,435.73,1.221,68.65,0.8813,14.38,2.775e-05,0.2742,3.581,1.447,2.753,0.2368,11.23,0.6051,8.303
2022-03-29T05:48:11,47599.99,3407.59,110.6,0.2808,16.35,71,22.64,104.4,6.938,178.89,0.6481,0.02839,0.00907,2.52,1.799,3.09,1.703,3.211,201.09,17.07,1.347,1.281,0.6,2.709,435.43,1.222,68.64,0.8812,14.36,2.771e-05,0.2737,3.58,1.446,2.752,0.2367,11.23,0.6049,8.3
2022-03-29T05:48:42,47567.18,3404.36,110.58,0.2805,16.33,70.9,22.63,104.42,6.944,178.85,0.6481,0.02845,0.009082,2.519,1.801,3.09,1.701,3.211,201.07,17.06,1.347,1.281,0.6,2.709,435.39,1.221,68.58,0.8807,14.34,2.768e-05,0.2733,3.58,1.446,2.75,0.2365,11.23,0.6037,8.299
2022-03-29T05:49:12,47570.93,3403.63,110.38,0.2805,16.33,71,22.62,104.4,6.944,178.91,0.6481,0.02845,0.009067,2.52,1.801,3.09,1.701,3.214,201.01,17.06,1.347,1.281,0.6,2.709,435.26,1.221,68.55,0.8806,14.36,2.768e-05,0.2733,3.576,1.446,2.749,0.2367,11.26,0.6038,8.295
2022-03-29T05:49:42,47574.22,3405.77,110.39,0.2805,16.33,71,22.61,104.42,6.947,178.96,0.6494,0.02853,0.009067,2.52,1.801,3.09,1.701,3.214,201.04,17.06,1.347,1.278,0.6,2.709,435.29,1.222,68.51,0.8805,14.36,2.768e-05,0.2733,3.576,1.446,2.749,0.2366,11.3,0.6033,8.297
2022-03-29T05:50:12,47578.51,3406.48,110.39,0.2809,16.33,71,22.6,104.35,6.945,178.95,0.6494,0.02852,0.009082,2.52,1.801,3.09,1.701,3.216,201.03,17.06,1.347,1.278,0.6,2.71,435.25,1.222,68.51,0.8805,14.38,2.77e-05,0.2733,3.577,1.446,2.749,0.2367,11.3,0.6033,8.297
2022-03-29T05:50:42,47590.27,3406.34,110.44,0.2809,16.33,71,22.59,104.29,6.949,178.93,0.6494,0.02853,0.009082,2.521,1.801,3.09,1.702,3.216,201.04,17.06,1.347,1.278,0.6,2.71,435.39,1.222,68.5,0.8805,14.41,2.77e-05,0.2732,3.577,1.446,2.749,0.2367,11.41,0.6034,8.298
2022-03-29T05:51:12,47603.68,3407.69,110.45,0.2808,16.33,70.9,22.6,104.31,6.949,178.89,0.6505,0.02857,0.009082,2.521,1.8,3.09,1.702,3.216,201.09,17.06,1.347,1.278,0.6,2.71,435.54,1.222,68.51,0.8808,14.4,2.769e-05,0.2737,3.578,1.446,2.748,0.2368,11.4,0.6036,8.293
2022-03-29T05:51:42,47605.61,3407.85,110.5,0.2808,16.33,71,22.62,104.37,6.949,178.93,0.6504,0.02857,0.009082,2.521,1.801,3.09,1.704,3.216,201.07,17.08,1.347,1.276,0.6,2.711,435.54,1.223,68.52,0.8808,14.4,2.762e-05,0.2738,3.581,1.447,2.748,0.2369,11.4,0.6045,8.294
2022-03-29T05:52:12,47623.76,3408.75,110.51,0.2808,16.33,71,22.63,104.42,6.949,178.97,0.6504,0.02859,0.009082,2.522,1.801,3.09,1.704,3.22,201.2,16.98,1.347,1.277,0.6,2.711,435.71,1.223,68.52,0.8822,14.4,2.763e-05,0.2741,3.582,1.448,2.749,0.2369,11.37,0.6045,8.293
2022-03-29T05:52:43,47630.11,3409.36,110.53,0.2811,16.33,71,22.63,104.42,6.947,178.98,0.6504,0.02865,0.009078,2.523,1.802,3.09,1.706,3.22,201.24,16.98,1.347,1.277,0.6,2.711,435.84,1.224,68.52,0.8825,14.44,2.763e-05,0.2743,3.583,1.448,2.749,0.2369,11.4,0.6045,8.293
2022-03-29T05:53:13,47623.05,3408.99,110.54,0.2811,16.33,71,22.63,104.42,6.948,179.11,0.6505,0.02863,0.009078,2.522,1.803,3.09,1.705,3.23,201.25,16.98,1.355,1.279,0.6,2.71,435.78,1.225,68.53,0.8825,14.44,2.764e-05,0.2745,3.587,1.449,2.75,0.2369,11.41,0.6049,8.295
2022-03-29T05:53:43,47625.27,3408.62,110.54,0.2812,16.33,71,22.63,104.52,6.952,179.23,0.6505,0.02858,0.009078,2.518,1.806,3.09,1.705,3.23,201.23,16.98,1.355,1.279,0.6,2.711,435.78,1.225,68.54,0.8826,14.45,2.764e-05,0.2745,3.588,1.449,2.751,0.237,11.36,0.6057,8.294
2022-03-29T05:54:13,47634.65,3408.74,110.5,0.2814,16.33,71,22.63,104.66,6.952,179.24,0.6492,0.02861,0.009078,2.519,1.807,3.09,1.705,3.23,201.27,16.98,1.355,1.276,0.6,2.715,435.8,1.224,68.54,0.8829,14.43,2.765e-05,0.2746,3.587,1.449,2.752,0.2369,11.32,0.6055,8.293
2022-03-29T05:54:43,47644.42,3408.37,110.5,0.2814,16.36,71,22.63,104.68,6.952,179.23,0.6492,0.02862,0.009078,2.519,1.806,3.09,1.705,3.23,201.26,17.03,1.355,1.275,0.5755,2.712,435.8,1.224,68.53,0.8824,14.43,2.774e-05,0.2744,3.587,1.45,2.751,0.2368,11.32,0.6051,8.297
2022-03-29T05:55:13,47651.38,3408.5,110.48,0.2815,16.36,71,22.64,104.61,6.953,179.23,0.6492,0.02862,0.009078,2.52,1.806,3.09,1.705,3.23,201.27,17.03,1.355,1.275,0.5755,2.714,435.86,1.224,68.52,0.8824,14.44,2.774e-05,0.2744,3.587,1.451,2.752,0.2368,11.31,0.6051,8.297
2022-03-29T05:55:44,47645.08,3408.26,110.51,0.2816,16.34,71,22.65,104.52,6.953,179.23,0.6492,0.02861,0.009107,2.519,1.807,3.09,1.707,3.23,201.22,17.04,1.355,1.279,0.5755,2.714,435.81,1.224,68.51,0.8826,14.44,2.772e-05,0.2741,3.585,1.451,2.752,0.2369,11.34,0.6052,8.297
2022-03-29T05:56:14,47650.4,3409.13,110.53,0.2816,16.34,71,22.66,104.56,6.956,179.32,0.6492,0.02862,0.009118,2.519,1.808,3.09,1.707,3.23,201.23,17.04,1.355,1.277,0.5755,2.715,435.86,1.224,68.53,0.8827,14.44,2.768e-05,0.2744,3.586,1.451,2.753,0.237,11.33,0.6052,8.288
2022-03-29T05:56:44,47654.85,3409.24,110.56,0.2816,16.37,71,22.66,104.55,6.964,179.37,0.6492,0.02859,0.009123,2.52,1.81,3.09,1.707,3.23,201.31,17.04,1.355,1.277,0.5755,2.717,435.82,1.225,68.56,0.8827,14.45,2.769e-05,0.2746,3.587,1.451,2.754,0.237,11.34,0.6056,8.288
2022-03-29T05:57:14,47655.67,3409.73,110.73,0.2818,16.35,71,22.66,104.52,6.972,179.47,0.6501,0.0286,0.009123,2.519,1.81,3.09,1.706,3.23,201.43,17.04,1.355,1.276,0.5755,2.717,435.75,1.225,68.56,0.8835,14.44,2.77e-05,0.2749,3.588,1.452,2.755,0.237,11.47,0.6061,8.288
2022-03-29T05:57:44,47649.81,3409.52,110.73,0.2817,16.37,71,22.66,104.5,6.976,179.45,0.6507,0.02859,0.009123,2.519,1.811,3.09,1.706,3.229,201.37,17.04,1.355,1.277,0.5755,2.717,435.71,1.225,68.54,0.883,14.44,2.77e-05,0.2749,3.588,1.451,2.755,0.237,11.48,0.6061,8.293
2022-03-29T05:58:14,47639.59,3409.31,110.72,0.2817,16.35,71,22.66,104.18,6.973,179.54,0.6504,0.02853,0.009123,2.518,1.811,3.09,1.706,3.227,201.38,17.06,1.355,1.277,0.5755,2.716,435.35,1.224,68.53,0.883,14.44,2.77e-05,0.2749,3.587,1.451,2.755,0.2369,11.48,0.6063,8.29
2022-03-29T05:58:44,47628.41,3406.88,110.6,0.282,16.37,70.9,22.66,104.2,6.973,179.56,0.6504,0.02855,0.009123,2.523,1.811,3.09,1.706,3.227,201.31,17.02,1.355,1.277,0.5755,2.717,435.16,1.224,68.49,0.8828,14.43,2.778e-05,0.2747,3.583,1.451,2.755,0.2369,11.39,0.6061,8.286
2022-03-29T05:59:14,47634.98,3406.76,110.56,0.282,16.35,70.9,22.66,104.22,6.97,179.59,0.6504,0.02851,0.009121,2.523,1.811,3.09,1.706,3.227,201.17,17.02,1.355,1.276,0.5755,2.716,435.17,1.224,68.46,0.8827,14.42,2.778e-05,0.2749,3.581,1.451,2.755,0.237,11.38,0.6062,8.285
2022-03-29T05:59:44,47624.84,3405.67,110.56,0.282,16.33,70.9,22.66,104.39,6.97,179.59,0.6504,0.02857,0.009121,2.523,1.811,3.09,1.706,3.227,201.06,17.02,1.355,1.276,0.5755,2.716,435.22,1.224,68.46,0.8826,14.42,2.773e-05,0.2748,3.58,1.451,2.755,0.2369,11.39,0.6064,8.286
2022-03-29T06:00:15,47626.94,3405.66,110.47,0.2818,16.35,70.9,22.66,104.41,6.977,179.57,0.6504,0.02858,0.009121,2.521,1.811,3.09,1.706,3.232,201.05,17.02,1.355,1.276,0.5755,2.713,435.22,1.224,68.41,0.8827,14.42,2.777e-05,0.2748,3.58,1.45,2.755,0.2369,11.4,0.6063,8.287
2022-03-29T06:00:45,47619.99,3405.23,110.45,0.2818,16.35,70.9,22.67,104.43,6.977,179.61,0.6504,0.02856,0.009121,2.522,1.812,3.09,1.706,3.233,201.12,17.02,1.355,1.275,0.5755,2.713,435.22,1.223,68.37,0.8826,14.42,2.774e-05,0.2748,3.582,1.451,2.755,0.237,11.42,0.6062,8.284
2022-03-29T06:01:15,47633.94,3405.34,110.47,0.2818,16.35,70.9,22.67,104.4,6.976,179.61,0.6507,0.02858,0.009121,2.523,1.817,3.09,1.707,3.232,201.21,17.02,1.35,1.275,0.5755,2.714,435.4,1.224,68.38,0.8829,14.41,2.777e-05,0.2756,3.583,1.452,2.756,0.2371,11.41,0.6068,8.284
2022-03-29T06:01:45,47660.74,3406.32,110.65,0.2818,16.35,71,22.67,104.43,6.978,179.79,0.6481,0.02859,0.009121,2.524,1.829,3.09,1.707,3.232,201.23,17.06,1.347,1.275,0.5755,2.713,435.63,1.226,68.47,0.883,14.43,2.778e-05,0.2758,3.583,1.452,2.756,0.2371,11.39,0.6069,8.283
2022-03-29T06:02:15,47657.4,3406.29,110.64,0.2819,16.35,71,22.69,104.5,6.978,179.78,0.649,0.02858,0.009121,2.524,1.836,3.09,1.708,3.232,201.46,17.06,1.347,1.274,0.5755,2.712,435.65,1.227,68.48,0.8838,14.43,2.777e-05,0.2758,3.582,1.452,2.756,0.2371,11.38,0.6069,8.288
2022-03-29T06:02:45,47651.89,3405.38,110.63,0.2818,16.35,70.9,22.69,104.58,6.978,179.59,0.649,0.02858,0.00912,2.524,1.835,3.09,1.708,3.232,201.47,17.06,1.347,1.273,0.5755,2.712,435.5,1.227,68.47,0.884,14.43,2.77e-05,0.2757,3.582,1.452,2.757,0.2371,11.42,0.607,8.283
2022-03-29T06:03:15,47645.78,3404.75,110.51,0.2817,16.35,70.9,22.69,104.6,6.979,179.46,0.6469,0.02857,0.00912,2.524,1.837,3.09,1.708,3.232,201.42,17.06,1.347,1.273,0.5755,2.71,435.47,1.226,68.41,0.884,14.43,2.769e-05,0.2757,3.581,1.452,2.756,0.2371,11.42,0.607,8.287
2022-03-29T06:03:46,47617.49,3404.53,110.5,0.2817,16.35,70.9,22.67,104.57,6.978,179.46,0.6484,0.02855,0.00912,2.522,1.829,3.09,1.707,3.216,201.27,17.06,1.347,1.273,0.5755,2.71,435.36,1.225,68.34,0.8838,14.38,2.768e-05,0.2755,3.58,1.452,2.756,0.237,11.41,0.6071,8.286
2022-03-29T06:04:16,47615.85,3404.26,110.5,0.2818,16.35,71,22.66,104.52,6.972,179.42,0.6486,0.02851,0.00912,2.522,1.829,3.09,1.707,3.21,201.25,17.03,1.347,1.273,0.5755,2.709,435.31,1.225,68.37,0.8836,14.37,2.766e-05,0.275,3.58,1.451,2.756,0.237,11.41,0.6071,8.288
2022-03-29T06:04:46,47611.28,3404.06,110.32,0.2818,16.37,70.9,22.65,104.57,6.974,179.37,0.6486,0.02852,0.00912,2.521,1.836,3.09,1.707,3.21,201.09,17.03,1.347,1.273,0.5755,2.708,435.25,1.224,68.38,0.8834,14.35,2.762e-05,0.2748,3.58,1.45,2.756,0.237,11.42,0.607,8.288
2022-03-29T06:05:16,47604.86,3403.37,110.33,0.2818,16.37,70.9,22.65,104.58,6.971,179.48,0.6487,0.0285,0.009104,2.521,1.837,3.09,1.707,3.203,201.08,17.03,1.347,1.275,0.5755,2.71,435.21,1.224,68.37,0.8834,14.37,2.764e-05,0.2748,3.583,1.449,2.757,0.2369,11.43,0.6069,8.284
2022-03-29T06:05:46,47609.12,3403.38,110.42,0.2821,16.37,70.9,22.64,104.66,6.973,179.52,0.6487,0.02851,0.009104,2.522,1.836,3.09,1.707,3.203,201.04,17.03,1.347,1.275,0.5755,2.712,435.22,1.224,68.35,0.8841,14.39,2.764e-05,0.2748,3.583,1.449,2.757,0.237,11.43,0.6071,8.284
2022-03-29T06:06:16,47606.51,3404.14,110.38,0.2822,16.37,71,22.64,104.7,6.978,179.5,0.6487,0.02852,0.0091,2.521,1.838,3.09,1.707,3.203,201.04,17.03,1.347,1.275,0.5755,2.715,435.3,1.224,68.36,0.8844,14.35,2.767e-05,0.2745,3.583,1.448,2.757,0.237,11.49,0.6069,8.285
2022-03-29T06:06:46,47597.15,3404.04,110.38,0.2821,16.37,71,22.63,104.79,6.977,179.34,0.6487,0.02852,0.0091,2.521,1.839,3.09,1.707,3.202,200.92,17.03,1.347,1.276,0.5755,2.717,435.23,1.224,68.36,0.8845,14.38,2.768e-05,0.2743,3.582,1.448,2.757,0.237,11.51,0.6067,8.282
2022-03-29T06:07:17,47598.44,3403.64,110.45,0.2822,16.37,71.1,22.62,104.81,6.978,179.24,0.6487,0.02848,0.0091,2.52,1.84,3.09,1.706,3.202,200.92,17.07,1.347,1.274,0.5755,2.718,435.31,1.223,68.39,0.8846,14.38,2.768e-05,0.2743,3.582,1.448,2.757,0.2371,11.53,0.6066,8.28
2022-03-29T06:07:47,47605.34,3403.96,110.44,0.2822,16.37,71.1,22.63,104.89,6.977,179.29,0.6493,0.02847,0.0091,2.522,1.84,3.09,1.707,3.202,201,17.07,1.347,1.274,0.5755,2.718,435.37,1.223,68.42,0.8847,14.38,2.771e-05,0.2748,3.581,1.447,2.757,0.2372,11.56,0.6066,8.28
2022-03-29T06:08:17,47607.36,3405.55,110.45,0.2822,16.37,71.1,22.65,104.9,6.976,179.33,0.6497,0.02848,0.0091,2.522,1.842,3.09,1.707,3.193,201.04,17.07,1.347,1.274,0.5755,2.72,435.48,1.223,68.5,0.8847,14.4,2.773e-05,0.2751,3.581,1.447,2.757,0.2373,11.55,0.6073,8.282
2022-03-29T06:08:47,47614.3,3405.84,110.51,0.2823,16.37,71.1,22.64,104.9,6.976,179.33,0.6497,0.0285,0.009122,2.522,1.841,3.09,1.706,3.218,201.07,17.07,1.347,1.269,0.5755,2.72,435.6,1.222,68.58,0.8845,14.39,2.772e-05,0.2752,3.581,1.447,2.757,0.2372,11.54,0.6073,8.282
2022-03-29T06:09:17,47617.44,3405.66,110.64,0.2825,16.37,71.1,22.64,104.96,6.976,179.41,0.6497,0.02854,0.009122,2.522,1.843,3.09,1.707,3.218,201.2,17.07,1.347,1.269,0.5755,2.72,435.57,1.221,68.6,0.8841,14.42,2.774e-05,0.2755,3.581,1.448,2.758,0.2372,11.51,0.6076,8.286
2022-03-29T06:09:47,47628.46,3405.76,110.64,0.2824,16.37,71.1,22.63,104.94,6.981,179.43,0.6504,0.02857,0.009122,2.522,1.844,3.09,1.707,3.217,201.14,17.07,1.347,1.269,0.5755,2.725,435.52,1.221,68.62,0.8844,14.4,2.776e-05,0.2755,3.581,1.448,2.758,0.2373,11.5,0.608,8.288
2022-03-29T06:10:17,47625.52,3406.94,110.65,0.2824,16.37,71.1,22.63,104.94,6.981,179.46,0.6506,0.02861,0.00911,2.522,1.846,3.09,1.709,3.212,201.16,17.08,1.347,1.269,0.5755,2.725,435.51,1.221,68.63,0.8844,14.4,2.776e-05,0.2755,3.582,1.448,2.757,0.2372,11.49,0.608,8.288
2022-03-29T06:10:48,47627.27,3407.75,110.68,0.2824,16.37,70.8,22.64,104.94,6.984,179.44,0.6506,0.02861,0.009109,2.522,1.849,3.09,1.709,3.212,201.22,17.08,1.347,1.269,0.5755,2.725,435.42,1.22,68.63,0.8842,14.41,2.777e-05,0.2757,3.582,1.449,2.757,0.2372,11.46,0.607,8.287
2022-03-29T06:11:18,47630.21,3408.1,110.69,0.2824,16.37,70.8,22.64,104.94,6.984,179.5,0.6501,0.02861,0.009109,2.521,1.854,3.09,1.709,3.212,201.19,17.08,1.347,1.27,0.5755,2.727,435.46,1.22,68.66,0.8829,14.41,2.78e-05,0.2757,3.582,1.449,2.757,0.2373,11.46,0.6065,8.288
2022-03-29T06:11:48,47635.34,3409.4,110.73,0.2825,16.37,70.8,22.63,104.93,6.982,179.54,0.6515,0.02857,0.009126,2.522,1.865,3.09,1.709,3.218,201.19,17.08,1.347,1.271,0.5755,2.729,435.42,1.22,68.71,0.8828,14.41,2.782e-05,0.2757,3.582,1.449,2.757,0.2372,11.45,0.6064,8.29
2022-03-29T06:12:18,47636.83,3409.67,110.73,0.2825,16.37,70.8,22.63,104.95,6.98,179.54,0.652,0.02857,0.0091,2.522,1.867,3.09,1.709,3.22,201.21,17.08,1.347,1.271,0.5755,2.733,435.53,1.22,68.72,0.8825,14.43,2.788e-05,0.2757,3.583,1.449,2.757,0.2371,11.41,0.6069,8.29
2022-03-29T06:12:48,47628.83,3409.43,110.72,0.2824,16.37,70.8,22.63,104.97,6.982,179.64,0.652,0.02855,0.009104,2.521,1.869,3.09,1.709,3.22,201.19,17.08,1.347,1.271,0.5755,2.733,435.52,1.22,68.73,0.8824,14.43,2.787e-05,0.2757,3.585,1.449,2.757,0.237,11.42,0.6066,8.286
2022-03-29T06:13:18,47629.41,3408.9,110.75,0.2824,16.37,70.8,22.63,104.98,6.988,179.66,0.6514,0.02856,0.009104,2.521,1.874,3.09,1.709,3.22,201.24,17.08,1.347,1.271,0.5755,2.733,435.5,1.221,68.78,0.8824,14.45,2.785e-05,0.276,3.586,1.451,2.758,0.237,11.43,0.6073,8.287
2022-03-29T06:13:48,47629.28,3409.08,110.75,0.2824,16.37,70.8,22.63,105.06,6.984,179.7,0.6509,0.02857,0.009104,2.521,1.879,3.09,1.709,3.217,201.24,17.08,1.347,1.273,0.5755,2.731,435.5,1.221,68.79,0.8826,14.44,2.786e-05,0.276,3.586,1.451,2.758,0.2372,11.45,0.6076,8.287
2022-03-29T06:14:19,47627.54,3410.58,110.71,0.2824,16.37,70.8,22.63,105.08,6.99,179.73,0.6509,0.02858,0.009104,2.523,1.881,3.09,1.709,3.222,201.24,17.08,1.347,1.273,0.5755,2.731,435.53,1.22,68.78,0.8826,14.45,2.787e-05,0.2765,3.586,1.451,2.758,0.2372,11.45,0.6077,8.293
2022-03-29T06:14:49,47610.58,3410.44,110.71,0.2824,16.37,70.8,22.62,105.11,6.985,179.72,0.6509,0.02859,0.009104,2.522,1.882,3.09,1.709,3.222,201.18,17.08,1.347,1.273,0.5755,2.732,435.67,1.22,68.73,0.8825,14.41,2.797e-05,0.2765,3.583,1.451,2.758,0.2372,11.46,0.6082,8.291
2022-03-29T06:15:19,47610.19,3409.94,110.7,0.2823,16.37,70.8,22.61,105.15,6.995,179.65,0.6509,0.02857,0.009104,2.522,1.878,3.09,1.71,3.211,201.14,17.08,1.347,1.273,0.5755,2.732,435.63,1.22,68.7,0.8819,14.41,2.795e-05,0.2765,3.583,1.451,2.758,0.2372,11.44,0.6077,8.291
2022-03-29T06:15:49,47594.57,3408.87,110.7,0.2823,16.37,70.8,22.59,105.15,6.994,179.64,0.6509,0.02855,0.009104,2.521,1.878,3.09,1.71,3.213,201.11,17.08,1.347,1.274,0.5755,2.729,435.42,1.22,68.71,0.8818,14.41,2.793e-05,0.2762,3.581,1.45,2.757,0.2372,11.43,0.6073,8.288
2022-03-29T06:16:19,47591.52,3408.54,110.67,0.2823,16.37,70.8,22.59,105.17,6.99,179.61,0.6509,0.02854,0.009099,2.521,1.877,3.09,1.71,3.213,201.13,17.08,1.347,1.274,0.5755,2.726,435.38,1.22,68.67,0.8818,14.38,2.792e-05,0.2759,3.582,1.45,2.757,0.2373,11.43,0.6073,8.283
2022-03-29T06:16:49,47601.62,3410.3,110.68,0.2823,16.37,70.9,22.61,105.32,6.99,179.62,0.651,0.02857,0.009105,2.521,1.877,3.09,1.71,3.215,201.39,17.08,1.347,1.277,0.5755,2.727,435.41,1.22,68.7,0.882,14.4,2.792e-05,0.2759,3.583,1.451,2.757,0.2373,11.42,0.6071,8.285
2022-03-29T06:17:19,47625.53,3411.81,110.69,0.2823,16.37,70.9,22.67,105.38,6.993,179.65,0.6508,0.02858,0.009105,2.522,1.88,3.09,1.711,3.221,201.62,17.08,1.347,1.278,0.5755,2.728,435.46,1.221,68.71,0.8822,14.42,2.789e-05,0.2766,3.587,1.452,2.757,0.2375,11.42,0.6074,8.286
2022-03-29T06:17:49,47636.32,3413.44,110.69,0.2824,16.37,70.9,22.69,105.44,6.993,179.85,0.6521,0.02859,0.009105,2.521,1.88,3.09,1.711,3.221,201.65,17.09,1.347,1.278,0.5755,2.733,435.72,1.223,68.79,0.8835,14.39,2.793e-05,0.2766,3.587,1.453,2.758,0.2376,11.43,0.608,8.296
2022-03-29T06:18:19,47642.84,3415.95,110.69,0.2825,16.37,70.6,22.69,105.43,6.996,179.8,0.6521,0.02858,0.009105,2.522,1.882,3.09,1.711,3.221,201.81,17.09,1.347,1.279,0.5755,2.733,435.75,1.222,68.82,0.8834,14.4,2.792e-05,0.2765,3.587,1.453,2.758,0.2375,11.45,0.609,8.298
2022-03-29T06:18:50,47639.79,3415.06,110.8,0.2825,16.37,70.6,22.7,105.37,6.998,179.8,0.6522,0.02859,0.009105,2.522,1.882,3.09,1.712,3.228,201.79,17.09,1.347,1.279,0.5755,2.735,435.69,1.223,68.84,0.8837,14.39,2.79e-05,0.2764,3.588,1.453,2.759,0.2375,11.45,0.609,8.298
2022-03-29T06:19:20,47636.78,3414.69,110.8,0.2825,16.41,70.6,22.7,105.11,6.998,179.85,0.6524,0.02858,0.009114,2.522,1.883,3.09,1.712,3.228,201.86,17.09,1.347,1.279,0.5755,2.735,435.7,1.222,68.86,0.8837,14.39,2.789e-05,0.2761,3.587,1.454,2.758,0.2376,11.5,0.6091,8.297
2022-03-29T06:19:50,47634.62,3414.4,110.78,0.2825,16.41,70.7,22.69,105.08,6.998,179.79,0.6521,0.02859,0.009114,2.522,1.893,3.09,1.712,3.233,201.87,17.09,1.347,1.279,0.5755,2.736,435.67,1.222,68.87,0.8831,14.39,2.787e-05,0.2759,3.587,1.453,2.758,0.2375,11.52,0.6085,8.295
2022-03-29T06:20:20,47626.12,3414.26,110.76,0.2825,16.42,70.7,22.69,105.08,6.997,179.77,0.6521,0.02857,0.009114,2.521,1.895,3.09,1.713,3.23,201.86,17.09,1.347,1.279,0.5755,2.736,435.61,1.222,68.86,0.8832,14.38,2.785e-05,0.2758,3.587,1.453,2.758,0.2376,11.53,0.6078,8.294
2022-03-29T06:20:50,47633.96,3415.25,110.77,0.2825,16.42,70.7,22.69,105.24,6.998,179.82,0.6521,0.02858,0.009114,2.522,1.896,3.09,1.715,3.23,201.88,17.09,1.347,1.279,0.5755,2.737,435.7,1.222,68.93,0.8834,14.38,2.786e-05,0.2762,3.588,1.454,2.759,0.2376,11.55,0.6075,8.293
2022-03-29T06:21:20,47639.92,3415.85,110.79,0.2825,16.45,70.7,22.7,105.26,7,179.89,0.6521,0.02866,0.009114,2.523,1.901,3.09,1.715,3.232,201.95,17.09,1.347,1.279,0.5915,2.739,435.83,1.223,68.96,0.8838,14.38,2.791e-05,0.2762,3.592,1.454,2.76,0.2377,11.54,0.6074,8.298
2022-03-29T06:21:50,47644.43,3416.63,110.9,0.2824,16.45,70.7,22.7,105.31,7.003,179.97,0.6521,0.02867,0.009114,2.523,1.904,3.09,1.715,3.235,202.02,17.09,1.347,1.279,0.5919,2.738,435.99,1.223,68.94,0.8843,14.38,2.792e-05,0.2762,3.592,1.454,2.76,0.2378,11.52,0.6077,8.298
2022-03-29T06:22:20,47653.04,3417.19,110.89,0.2824,16.45,70.7,22.71,105.36,7.003,179.96,0.6521,0.02868,0.009119,2.524,1.912,3.09,1.715,3.236,201.95,17.09,1.347,1.279,0.5919,2.739,435.99,1.223,68.89,0.8845,14.39,2.791e-05,0.2762,3.592,1.453,2.76,0.2378,11.51,0.6078,8.292
2022-03-29T06:22:51,47652.8,3418.66,110.9,0.2824,16.45,70.7,22.71,105.36,7.006,180.13,0.6532,0.02867,0.009119,2.524,1.898,3.09,1.715,3.236,201.77,17.09,1.347,1.279,0.5919,2.739,436.07,1.223,68.89,0.8845,14.39,2.789e-05,0.2763,3.593,1.454,2.762,0.238,11.51,0.6078,8.292
2022-03-29T06:23:21,47657.73,3418.69,110.94,0.2824,16.45,70.8,22.71,105.31,7.008,180.13,0.6531,0.02867,0.009119,2.522,1.894,3.09,1.715,3.236,201.73,17.09,1.347,1.277,0.5919,2.739,436.19,1.223,69.01,0.8844,14.39,2.789e-05,0.2763,3.593,1.454,2.764,0.238,11.51,0.6072,8.293
2022-03-29T06:23:51,47666.29,3419.07,110.94,0.2825,16.54,70.8,22.68,105.24,7.017,180.19,0.6537,0.0287,0.009119,2.523,1.887,3.09,1.715,3.236,201.78,17.09,1.347,1.277,0.5919,2.74,436.48,1.223,69.03,0.8845,14.4,2.789e-05,0.2765,3.589,1.455,2.764,0.238,11.53,0.6072,8.297
2022-03-29T06:24:21,47663.35,3419.38,110.95,0.2825,16.48,70.8,22.67,105.24,7.018,180.18,0.6537,0.02869,0.009133,2.523,1.889,3.09,1.715,3.236,201.71,17.09,1.347,1.277,0.5919,2.74,436.56,1.223,69.04,0.8846,14.4,2.791e-05,0.2765,3.59,1.455,2.764,0.2381,11.55,0.6073,8.296
2022-03-29T06:24:51,47656.37,3418.67,110.94,0.2826,16.48,70.8,22.66,105.16,7.026,180.17,0.6537,0.02867,0.009133,2.523,1.894,3.09,1.715,3.236,201.67,17.07,1.347,1.277,0.5919,2.741,436.48,1.223,69.04,0.8845,14.4,2.79e-05,0.276,3.589,1.455,2.764,0.2381,11.56,0.6074,8.293
2022-03-29T06:25:21,47657.7,3417.11,110.94,0.2826,16.48,70.8,22.66,105.1,7.031,180.22,0.6537,0.02868,0.009133,2.524,1.892,3.09,1.715,3.236,201.68,17.07,1.355,1.277,0.5919,2.741,436.34,1.223,69.06,0.8841,14.4,2.789e-05,0.276,3.59,1.454,2.763,0.238,11.58,0.6074,8.293
2022-03-29T06:25:51,47660.89,3417.64,110.95,0.2826,16.54,70.8,22.68,105.1,7.03,180.28,0.6537,0.02868,0.009133,2.524,1.9,3.09,1.715,3.236,201.78,17.07,1.355,1.278,0.5919,2.744,436.34,1.223,69.08,0.8842,14.39,2.788e-05,0.2763,3.59,1.454,2.764,0.2381,11.59,0.6078,8.295
2022-03-29T06:26:21,47663.62,3419.93,110.95,0.2827,16.54,70.8,22.69,105.12,7.037,180.41,0.6537,0.02865,0.009133,2.524,1.905,3.1,1.715,3.253,201.74,17.07,1.355,1.278,0.5919,2.746,436.63,1.224,69.09,0.8843,14.39,2.788e-05,0.2763,3.592,1.454,2.765,0.2382,11.59,0.608,8.294
2022-03-29T06:26:52,47710.78,3420.53,111.02,0.2827,16.54,70.8,22.69,105.17,7.046,180.34,0.6549,0.02869,0.009156,2.527,1.908,3.1,1.715,3.256,201.81,17.07,1.355,1.278,0.5919,2.746,436.7,1.225,69.11,0.8847,14.39,2.79e-05,0.2766,3.591,1.454,2.765,0.2382,11.64,0.6084,8.298
2022-03-29T06:27:22,47680.97,3421.18,111.01,0.2828,16.54,70.9,22.69,105.14,7.045,180.22,0.6538,0.02866,0.009156,2.525,1.906,3.1,1.714,3.256,202.09,17.07,1.355,1.278,0.5919,2.745,436.7,1.225,69.1,0.8845,14.39,2.791e-05,0.2762,3.59,1.454,2.764,0.2383,11.63,0.6085,8.3
2022-03-29T06:27:52,47683.19,3422.06,111.01,0.2829,16.54,70.9,22.69,105.14,7.046,180.27,0.6541,0.02867,0.009167,2.524,1.897,3.1,1.714,3.256,202.15,17.07,1.355,1.278,0.5919,2.745,436.74,1.225,69.09,0.8842,14.39,2.797e-05,0.2762,3.591,1.453,2.765,0.2383,11.62,0.6087,8.3
2022-03-29T06:28:22,47681.98,3421.95,110.99,0.2828,16.54,70.9,22.7,105.11,7.045,180.42,0.6541,0.02867,0.009184,2.524,1.891,3.1,1.715,3.256,202.25,17.07,1.355,1.278,0.5919,2.745,436.76,1.224,69.08,0.8843,14.39,2.805e-05,0.2762,3.59,1.453,2.764,0.2383,11.6,0.6087,8.295
2022-03-29T06:28:52,47684.01,3421.76,110.99,0.2828,16.54,70.9,22.7,105.11,7.054,180.74,0.6531,0.02866,0.009184,2.524,1.889,3.1,1.714,3.253,202.19,17.07,1.355,1.278,0.5919,2.741,436.88,1.224,69.07,0.8844,14.37,2.806e-05,0.2762,3.591,1.453,2.764,0.2383,11.6,0.6087,8.295
2022-03-29T06:29:22,47670.73,3421.35,110.74,0.2827,16.54,70.9,22.7,105.05,7.048,180.64,0.6531,0.02868,0.009184,2.525,1.89,3.1,1.714,3.253,202.1,17.07,1.355,1.278,0.5919,2.736,436.86,1.225,69.03,0.8843,14.37,2.804e-05,0.2762,3.59,1.453,2.764,0.2383,11.59,0.6076,8.294
2022-03-29T06:29:52,47666.01,3418.97,110.74,0.2827,16.54,70.8,22.68,104.96,7.048,180.62,0.6531,0.02865,0.009184,2.525,1.888,3.1,1.713,3.253,202.2,17.18,1.355,1.278,0.5919,2.738,436.86,1.225,68.97,0.8845,14.35,2.806e-05,0.2764,3.592,1.452,2.763,0.2382,11.62,0.6075,8.295
2022-03-29T06:30:22,47664.01,3418.91,110.65,0.2827,16.54,70.8,22.68,104.96,7.048,180.51,0.6531,0.02864,0.009184,2.525,1.892,3.1,1.712,3.255,202.28,17.18,1.355,1.278,0.5919,2.738,436.45,1.225,68.97,0.8845,14.31,2.803e-05,0.2764,3.592,1.452,2.762,0.2382,11.67,0.6075,8.295
2022-03-29T06:30:52,47663.83,3418.75,110.58,0.2827,16.54,70.8,22.69,104.97,7.053,180.47,0.6531,0.02865,0.009184,2.525,1.886,3.1,1.711,3.254,202.24,17.18,1.355,1.277,0.5919,2.735,436.49,1.225,69,0.8844,14.31,2.8e-05,0.2759,3.591,1.452,2.761,0.2382,11.67,0.6071,8.298
2022-03-29T06:31:23,47668.61,3418.92,110.61,0.2827,16.54,70.7,22.69,105.07,7.05,180.33,0.6546,0.02859,0.009184,2.524,1.885,3.1,1.712,3.254,202.24,17.18,1.355,1.277,0.5919,2.737,436.48,1.226,69.01,0.8844,14.34,2.8e-05,0.276,3.591,1.452,2.761,0.2382,11.66,0.6071,8.297
2022-03-29T06:31:53,47672.13,3419,110.62,0.2827,16.54,70.7,22.72,105.1,7.049,180.2,0.6546,0.02861,0.009183,2.524,1.884,3.1,1.712,3.255,202.26,17.18,1.357,1.277,0.5919,2.734,436.51,1.226,69.01,0.8844,14.35,2.801e-05,0.2762,3.591,1.453,2.76,0.2382,11.57,0.6071,8.297
2022-03-29T06:32:23,47673.19,3419.41,110.68,0.2827,16.54,70.7,22.73,105.09,7.052,180.18,0.6546,0.0286,0.009183,2.524,1.884,3.1,1.712,3.254,202.28,17.24,1.361,1.276,0.5919,2.736,436.49,1.225,68.96,0.8844,14.38,2.801e-05,0.2761,3.589,1.453,2.759,0.2379,11.56,0.6073,8.298
2022-03-29T06:32:54,47675.49,3420.94,110.68,0.2827,16.52,70.9,22.74,105.1,7.051,180.21,0.6546,0.02862,0.009183,2.526,1.883,3.1,1.712,3.254,202.2,17.24,1.361,1.276,0.5919,2.736,436.53,1.225,68.96,0.8844,14.38,2.806e-05,0.2761,3.589,1.454,2.757,0.2379,11.56,0.6073,8.293
2022-03-29T06:33:25,47668.96,3420.46,110.62,0.2825,16.52,70.9,22.76,105.13,7.046,180.17,0.6546,0.02861,0.009183,2.526,1.883,3.1,1.712,3.254,202.21,17.24,1.355,1.277,0.5919,2.733,436.49,1.224,68.98,0.8844,14.38,2.81e-05,0.2757,3.589,1.455,2.755,0.2379,11.56,0.608,8.294
2022-03-29T06:33:55,47632.1,3419.53,110.59,0.2824,16.5,70.7,22.74,105.14,7.048,180.08,0.6516,0.02856,0.009183,2.524,1.883,3.1,1.711,3.263,201.74,17.24,1.356,1.277,0.5919,2.731,435.57,1.222,68.91,0.8834,14.31,2.809e-05,0.2753,3.587,1.454,2.753,0.2375,11.55,0.6079,8.292
2022-03-29T06:34:25,47625.05,3417.53,110.59,0.2823,16.5,70.7,22.74,105.2,7.049,180.09,0.6516,0.02852,0.009205,2.527,1.884,3.1,1.708,3.263,201.74,17.24,1.356,1.277,0.5919,2.731,435.54,1.223,68.9,0.8833,14.3,2.808e-05,0.2753,3.587,1.454,2.754,0.2374,11.54,0.6079,8.288
2022-03-29T06:34:55,47628.9,3417.46,110.49,0.282,16.5,70.7,22.73,105.25,7.047,180.07,0.6538,0.02857,0.00921,2.526,1.881,3.1,1.708,3.263,201.49,17.24,1.356,1.277,0.5919,2.73,435.61,1.222,68.9,0.8831,14.27,2.808e-05,0.2747,3.586,1.454,2.754,0.2374,11.54,0.6077,8.286
2022-03-29T06:35:25,47621.79,3415.41,110.49,0.282,16.48,70.7,22.73,105.2,7.041,180.06,0.6517,0.02874,0.00921,2.526,1.878,3.1,1.708,3.263,201.21,17.24,1.36,1.277,0.5919,2.729,435.5,1.22,68.86,0.8825,14.28,2.808e-05,0.2745,3.581,1.451,2.754,0.2372,11.54,0.6077,8.286
2022-03-29T06:35:55,47615.63,3415.26,110.48,0.2819,16.48,70.7,22.72,105.16,7.023,180.03,0.6513,0.02871,0.009201,2.525,1.871,3.1,1.707,3.263,201.02,17.24,1.36,1.28,0.5919,2.729,435.44,1.22,68.85,0.8823,14.27,2.806e-05,0.2742,3.58,1.45,2.752,0.2371,11.54,0.6077,8.286
2022-03-29T06:36:25,47612.28,3415.27,110.41,0.2816,16.52,70.7,22.71,104.92,7.008,179.8,0.6513,0.02866,0.009185,2.526,1.868,3.1,1.707,3.263,200.99,17.24,1.36,1.28,0.5919,2.728,435.45,1.22,68.84,0.8819,14.27,2.796e-05,0.2738,3.58,1.45,2.752,0.2371,11.55,0.607,8.282
2022-03-29T06:36:56,47597.43,3414.4,110.4,0.2815,16.52,70.8,22.71,104.83,6.998,179.62,0.6537,0.02863,0.00918,2.526,1.869,3.1,1.705,3.268,200.82,17.24,1.36,1.277,0.5919,2.727,435.39,1.22,68.81,0.8818,14.27,2.794e-05,0.2738,3.577,1.45,2.75,0.2368,11.53,0.6066,8.282
2022-03-29T06:37:26,47596.98,3414.71,110.33,0.2815,16.52,70.8,22.69,104.76,6.993,179.64,0.6535,0.02859,0.00918,2.525,1.858,3.1,1.706,3.269,200.86,17.24,1.36,1.279,0.5919,2.73,435.35,1.219,68.81,0.8817,14.29,2.794e-05,0.2741,3.579,1.449,2.751,0.2368,11.53,0.6065,8.285
2022-03-29T06:37:56,47587.16,3414.2,110.16,0.2814,16.52,70.8,22.69,104.61,6.992,179.56,0.6512,0.02856,0.00918,2.525,1.854,3.1,1.706,3.269,200.61,17.24,1.36,1.279,0.5919,2.727,435.18,1.219,68.71,0.8814,14.29,2.793e-05,0.2736,3.578,1.448,2.749,0.2367,11.53,0.6059,8.29
2022-03-29T06:38:26,47572.62,3413.74,110.11,0.2809,16.5,70.7,22.67,104.56,6.994,179.57,0.6512,0.02855,0.009169,2.524,1.853,3.1,1.706,3.269,200.56,17.24,1.36,1.279,0.5919,2.728,435.18,1.219,68.69,0.8816,14.27,2.793e-05,0.2736,3.577,1.447,2.747,0.2368,11.57,0.6055,8.294
2022-03-29T06:38:56,47564.13,3412.24,110.09,0.2808,16.5,70.7,22.68,104.55,6.993,179.39,0.6512,0.02848,0.009206,2.524,1.848,3.1,1.705,3.255,200.51,17.22,1.36,1.279,0.5919,2.73,435.08,1.219,68.68,0.8813,14.27,2.792e-05,0.2736,3.574,1.447,2.746,0.2368,11.59,0.6051,8.292
2022-03-29T06:39:26,47559.66,3412.27,110.09,0.2808,16.5,70.7,22.68,104.46,6.992,179.38,0.6503,0.02839,0.009206,2.524,1.848,3.1,1.705,3.255,200.44,17.22,1.36,1.278,0.5919,2.73,435.07,1.219,68.66,0.8811,14.23,2.785e-05,0.2735,3.575,1.447,2.747,0.2367,11.61,0.6057,8.292
2022-03-29T06:39:56,47565.67,3412.66,110.05,0.2811,16.5,70.7,22.68,104.52,6.989,179.38,0.651,0.02838,0.009206,2.524,1.849,3.1,1.705,3.255,200.47,17.22,1.36,1.278,0.5919,2.729,435.08,1.219,68.68,0.8812,14.23,2.786e-05,0.2735,3.576,1.447,2.747,0.2367,11.61,0.6058,8.299
2022-03-29T06:40:26,47556.68,3412.08,109.97,0.281,16.43,70.7,22.68,104.52,6.989,179.38,0.651,0.02841,0.009206,2.523,1.848,3.1,1.705,3.255,200.45,17.22,1.36,1.27,0.5919,2.731,435.01,1.219,68.67,0.881,14.21,2.783e-05,0.2738,3.575,1.446,2.746,0.2367,11.62,0.6058,8.299
2022-03-29T06:40:57,47548.91,3411.78,109.97,0.2807,16.43,70.7,22.68,104.5,6.995,179.43,0.651,0.0284,0.009206,2.524,1.848,3.1,1.705,3.255,200.44,17.22,1.36,1.271,0.5919,2.731,435.08,1.218,68.66,0.8803,14.21,2.782e-05,0.2735,3.573,1.447,2.743,0.2366,11.62,0.6048,8.3
2022-03-29T06:41:27,47553.2,3413.11,110.13,0.2805,16.45,70.6,22.7,104.5,6.989,179.46,0.651,0.02845,0.009206,2.524,1.851,3.1,1.705,3.243,200.57,17.22,1.36,1.271,0.5919,2.733,435.04,1.218,68.68,0.8803,14.25,2.783e-05,0.2735,3.574,1.448,2.744,0.2366,11.64,0.6051,8.305
2022-03-29T06:41:57,47546.48,3413.29,110.13,0.2806,16.41,70.5,22.69,104.63,6.982,179.51,0.651,0.02847,0.009189,2.522,1.851,3.1,1.705,3.243,200.68,17.18,1.36,1.271,0.5919,2.734,435.1,1.218,68.68,0.8801,14.27,2.783e-05,0.2735,3.574,1.448,2.745,0.2367,11.65,0.6051,8.301
2022-03-29T06:42:27,47550.78,3414.12,110.13,0.2807,16.41,70.5,22.71,104.73,6.987,179.66,0.651,0.0285,0.009189,2.523,1.851,3.1,1.705,3.243,200.76,17.18,1.36,1.273,0.5919,2.736,435.13,1.219,68.7,0.8802,14.29,2.786e-05,0.2735,3.577,1.448,2.747,0.2368,11.65,0.6063,8.301
2022-03-29T06:42:57,47548.18,3414.1,110.14,0.2807,16.41,70.5,22.72,104.74,6.987,179.69,0.651,0.02847,0.009208,2.523,1.853,3.1,1.705,3.243,200.82,17.18,1.36,1.273,0.5919,2.736,435.22,1.219,68.7,0.88,14.29,2.785e-05,0.2737,3.578,1.448,2.747,0.2369,11.65,0.6058,8.306
2022-03-29T06:43:27,47550.22,3414.1,110.11,0.2807,16.41,70.6,22.72,104.7,6.981,179.9,0.6502,0.02848,0.009208,2.523,1.854,3.1,1.705,3.243,200.86,17.18,1.36,1.273,0.5919,2.733,435.32,1.22,68.69,0.88,14.28,2.785e-05,0.2737,3.577,1.448,2.747,0.2369,11.63,0.606,8.31
2022-03-29T06:43:57,47550.61,3414.33,110.1,0.2807,16.41,70.5,22.71,104.7,6.978,179.92,0.6502,0.02849,0.009208,2.523,1.853,3.1,1.707,3.243,200.78,17.18,1.36,1.27,0.5919,2.731,435.34,1.219,68.67,0.8799,14.27,2.785e-05,0.2737,3.578,1.447,2.747,0.2369,11.64,0.6058,8.31
2022-03-29T06:44:27,47557.67,3414.02,110.09,0.2806,16.41,70.5,22.71,104.59,6.977,179.97,0.651,0.0285,0.009208,2.523,1.852,3.1,1.706,3.24,200.65,17.17,1.36,1.27,0.5919,2.727,435.33,1.219,68.67,0.879,14.28,2.785e-05,0.2737,3.577,1.447,2.746,0.2367,11.69,0.6058,8.316
2022-03-29T06:44:58,47557.58,3413.3,110.02,0.2806,16.41,70.5,22.71,104.61,6.976,180.04,0.6538,0.02849,0.009208,2.523,1.854,3.1,1.706,3.24,200.6,17.16,1.36,1.27,0.5919,2.727,435.27,1.218,68.67,0.8788,14.28,2.784e-05,0.2738,3.577,1.447,2.746,0.2367,11.68,0.6059,8.312
2022-03-29T06:45:28,47552.29,3413.4,110.01,0.2804,16.41,70.7,22.69,104.56,6.974,179.92,0.6534,0.02852,0.009208,2.522,1.856,3.1,1.706,3.24,200.49,17.16,1.36,1.27,0.5919,2.727,435.29,1.217,68.65,0.8784,14.28,2.783e-05,0.2738,3.575,1.447,2.746,0.2367,11.67,0.605,8.312
2022-03-29T06:45:58,47550.91,3414,110.03,0.2804,16.41,70.7,22.67,104.45,6.986,179.87,0.6534,0.02852,0.009169,2.522,1.859,3.1,1.707,3.241,200.42,17.16,1.36,1.27,0.5919,2.726,435.36,1.218,68.67,0.8784,14.28,2.782e-05,0.2737,3.574,1.446,2.745,0.2367,11.62,0.6044,8.312
2022-03-29T06:46:28,47548.03,3414.03,110.03,0.2805,16.41,70.7,22.67,104.46,6.985,179.83,0.6534,0.0285,0.009163,2.522,1.858,3.1,1.707,3.241,200.37,17.16,1.36,1.271,0.5919,2.726,435.39,1.218,68.68,0.8785,14.26,2.777e-05,0.2737,3.574,1.446,2.745,0.2367,11.62,0.6031,8.312
2022-03-29T06:46:58,47556.9,3415.24,110.03,0.2806,16.41,70.7,22.68,104.47,6.986,179.86,0.6534,0.0285,0.009163,2.523,1.859,3.1,1.707,3.241,200.41,17.16,1.357,1.271,0.5919,2.726,435.31,1.218,68.72,0.8786,14.28,2.779e-05,0.2734,3.574,1.446,2.745,0.2367,11.62,0.6037,8.316
2022-03-29T06:47:28,47561.44,3415.16,110.03,0.2809,16.41,70.7,22.68,104.53,6.983,179.84,0.6534,0.02851,0.009163,2.523,1.86,3.1,1.707,3.246,200.41,17.16,1.357,1.271,0.5919,2.726,435.29,1.218,68.73,0.8786,14.3,2.782e-05,0.2731,3.575,1.446,2.746,0.2367,11.68,0.6039,8.316
2022-03-29T06:47:58,47548.56,3415.44,109.99,0.2809,16.41,70.7,22.67,104.52,6.974,179.8,0.6535,0.02851,0.009163,2.522,1.859,3.1,1.707,3.249,200.37,17.16,1.357,1.272,0.5919,2.726,435.26,1.218,68.74,0.8788,14.3,2.783e-05,0.2725,3.574,1.445,2.746,0.2367,11.69,0.6038,8.316
2022-03-29T06:48:28,47540.87,3414.67,109.92,0.2808,16.41,70.7,22.67,104.5,6.975,179.74,0.6534,0.02851,0.009163,2.522,1.857,3.1,1.705,3.248,200.09,17.16,1.357,1.272,0.5919,2.725,435.16,1.218,68.73,0.8783,14.31,2.781e-05,0.272,3.571,1.443,2.746,0.2366,11.73,0.6038,8.312
2022-03-29T06:48:59,47535.3,3411.84,109.91,0.2801,16.41,70.6,22.65,104.49,6.962,179.39,0.654,0.02834,0.009163,2.522,1.856,3.1,1.705,3.248,200.04,17.16,1.362,1.272,0.5919,2.724,434.86,1.216,68.68,0.878,14.3,2.779e-05,0.2723,3.571,1.443,2.745,0.2365,11.74,0.6021,8.31
2022-03-29T06:49:29,47535.99,3411.46,109.92,0.2801,16.42,70.6,22.64,104.5,6.935,179.39,0.6541,0.02834,0.009163,2.522,1.854,3.1,1.705,3.244,199.92,17.16,1.35,1.271,0.5919,2.724,434.89,1.216,68.53,0.8781,14.3,2.774e-05,0.2729,3.572,1.442,2.746,0.2366,11.74,0.6029,8.304
2022-03-29T06:49:59,47534.74,3411.4,109.93,0.2804,16.41,70.6,22.66,104.67,6.946,179.49,0.6545,0.02836,0.009178,2.522,1.854,3.1,1.705,3.244,200.05,17.2,1.35,1.272,0.5919,2.725,435,1.216,68.51,0.8788,14.28,2.774e-05,0.273,3.572,1.443,2.747,0.2366,11.71,0.6031,8.305
2022-03-29T06:50:29,47540.72,3411.44,109.93,0.2803,16.42,70.6,22.65,104.68,6.948,179.48,0.6545,0.02836,0.009163,2.522,1.852,3.1,1.706,3.244,200.01,17.2,1.35,1.271,0.5919,2.726,434.98,1.216,68.49,0.8786,14.29,2.773e-05,0.2732,3.575,1.443,2.747,0.2366,11.73,0.6031,8.305
2022-03-29T06:50:59,47539.04,3411.35,109.87,0.2803,16.43,70.6,22.64,104.63,6.941,179.43,0.6548,0.02836,0.009163,2.522,1.852,3.1,1.705,3.225,199.94,17.2,1.35,1.271,0.5919,2.726,434.91,1.216,68.39,0.8785,14.28,2.773e-05,0.2731,3.574,1.443,2.747,0.2366,11.73,0.603,8.31
2022-03-29T06:51:29,47532.8,3412.06,109.81,0.2802,16.45,70.6,22.63,104.54,6.939,179.28,0.655,0.02831,0.009163,2.522,1.851,3.1,1.705,3.225,199.89,17.2,1.35,1.27,0.5919,2.725,434.67,1.216,68.33,0.8781,14.27,2.773e-05,0.273,3.573,1.442,2.745,0.2366,11.74,0.6023,8.31
2022-03-29T06:51:59,47534.65,3412.66,109.82,0.2802,16.45,70.6,22.63,104.46,6.941,179.19,0.655,0.02834,0.009163,2.519,1.852,3.1,1.706,3.225,199.85,17.2,1.35,1.27,0.5919,2.727,434.72,1.216,68.28,0.8781,14.27,2.776e-05,0.2733,3.57,1.442,2.745,0.2366,11.74,0.6019,8.309
2022-03-29T06:52:30,47540.65,3413.58,109.91,0.2802,16.44,70.6,22.64,104.4,6.934,179.04,0.6549,0.02836,0.009163,2.52,1.852,3.1,1.707,3.216,200.31,17.14,1.35,1.27,0.5919,2.727,434.89,1.216,68.22,0.8779,14.24,2.777e-05,0.2733,3.57,1.442,2.746,0.2366,11.74,0.6018,8.307
2022-03-29T06:53:00,47541.44,3413.41,109.92,0.2803,16.42,70.6,22.65,104.45,6.933,179.15,0.6549,0.02834,0.009163,2.52,1.853,3.1,1.706,3.216,201.1,17.14,1.35,1.265,0.5919,2.729,434.84,1.216,68.23,0.8779,14.23,2.777e-05,0.2733,3.572,1.442,2.747,0.2367,11.74,0.6018,8.314
2022-03-29T06:53:30,47541.53,3413.13,109.93,0.2803,16.41,70.6,22.65,104.47,6.933,179.2,0.6549,0.02834,0.009163,2.52,1.855,3.1,1.707,3.216,201.31,17.14,1.35,1.264,0.5919,2.732,434.91,1.216,68.28,0.878,14.25,2.777e-05,0.2735,3.573,1.441,2.748,0.2367,11.73,0.6019,8.314
2022-03-29T06:54:00,47541.55,3413.41,110.03,0.2805,16.41,70.7,22.65,104.53,6.933,179.11,0.6549,0.02842,0.009138,2.52,1.855,3.1,1.707,3.216,201.26,17.14,1.35,1.264,0.5919,2.731,434.99,1.215,68.28,0.8777,14.25,2.776e-05,0.2735,3.572,1.442,2.747,0.2367,11.73,0.6028,8.314
2022-03-29T06:54:30,47544.2,3413.5,110.05,0.2805,16.41,70.7,22.66,104.52,6.933,179.21,0.6545,0.02845,0.009138,2.52,1.862,3.1,1.707,3.213,201.34,17.14,1.35,1.265,0.5919,2.734,435.23,1.216,68.34,0.8778,14.26,2.776e-05,0.2735,3.572,1.443,2.747,0.2366,11.73,0.6027,8.31
2022-03-29T06:55:01,47551.94,3413.91,110.08,0.2807,16.41,70.6,22.65,104.53,6.935,179.18,0.6546,0.02848,0.009138,2.52,1.864,3.1,1.708,3.22,201.41,17.2,1.35,1.265,0.5919,2.732,435.41,1.217,68.37,0.8781,14.28,2.78e-05,0.2735,3.573,1.443,2.748,0.2367,11.72,0.6027,8.316
2022-03-29T06:55:31,47564.2,3415.91,110.08,0.2808,16.41,70.6,22.65,104.56,6.934,179.1,0.6546,0.02849,0.009138,2.521,1.874,3.1,1.708,3.22,201.51,17.2,1.35,1.265,0.5919,2.734,436.06,1.217,68.38,0.8782,14.3,2.78e-05,0.2737,3.573,1.443,2.748,0.2368,11.72,0.6028,8.317
2022-03-29T06:56:01,47563.5,3416.2,110.08,0.2809,16.44,70.7,22.65,104.55,6.934,179.23,0.6546,0.02848,0.009138,2.521,1.889,3.1,1.709,3.235,201.53,17.2,1.35,1.264,0.5919,2.733,436.06,1.217,68.4,0.8783,14.31,2.781e-05,0.2737,3.573,1.443,2.748,0.2368,11.7,0.6032,8.321
2022-03-29T06:56:31,47556.98,3415.21,110.07,0.2809,16.44,70.8,22.63,104.52,6.934,179.17,0.6546,0.02846,0.009158,2.522,1.89,3.1,1.709,3.228,201.5,17.2,1.35,1.264,0.5919,2.734,435.87,1.217,68.42,0.8782,14.31,2.78e-05,0.2737,3.571,1.443,2.746,0.2367,11.7,0.6032,8.324
2022-03-29T06:57:01,47545.64,3413.73,109.91,0.2808,16.48,70.8,22.63,104.39,6.934,179.13,0.6546,0.0284,0.009158,2.521,1.882,3.1,1.709,3.228,201.49,17.2,1.35,1.264,0.5919,2.731,435.59,1.215,68.44,0.8782,14.31,2.78e-05,0.2737,3.57,1.442,2.746,0.2367,11.7,0.6031,8.315
2022-03-29T06:57:31,47541.79,3413.77,109.96,0.2808,16.48,70.8,22.63,104.37,6.935,179.1,0.6546,0.02838,0.009158,2.524,1.88,3.1,1.709,3.23,201.5,17.2,1.35,1.264,0.5919,2.731,435.56,1.215,68.44,0.8782,14.29,2.779e-05,0.2737,3.57,1.442,2.745,0.2367,11.78,0.6034,8.314
2022-03-29T06:58:01,47533.45,3413.49,109.97,0.2808,16.48,70.8,22.63,104.33,6.936,179.1,0.6546,0.02834,0.009158,2.523,1.882,3.12,1.709,3.228,201.59,17.27,1.35,1.264,0.5919,2.732,435.58,1.216,68.45,0.8781,14.29,2.777e-05,0.2737,3.57,1.44,2.745,0.2367,11.78,0.6034,8.314
2022-03-29T06:58:32,47531.58,3413.93,109.95,0.2811,16.48,70.8,22.63,104.35,6.936,179.11,0.6551,0.02833,0.009158,2.523,1.874,3.13,1.708,3.228,201.65,17.27,1.35,1.264,0.5919,2.732,435.67,1.216,68.46,0.8781,14.27,2.777e-05,0.2737,3.569,1.44,2.743,0.2367,11.78,0.6036,8.319
2022-03-29T06:59:02,47537.11,3414.1,109.95,0.2812,16.48,70.8,22.63,104.5,6.936,179.12,0.6549,0.02842,0.009144,2.524,1.874,3.13,1.708,3.227,201.72,17.27,1.35,1.264,0.5919,2.732,435.66,1.216,68.47,0.8784,14.28,2.776e-05,0.2737,3.57,1.44,2.744,0.2367,11.79,0.6049,8.319
2022-03-29T06:59:32,47563.23,3415.14,109.87,0.2818,16.48,70.8,22.64,104.54,6.936,179.17,0.6548,0.02847,0.009144,2.525,1.873,3.13,1.71,3.227,201.69,17.27,1.35,1.264,0.5919,2.732,435.68,1.217,68.44,0.8785,14.32,2.779e-05,0.2736,3.57,1.442,2.743,0.2368,11.78,0.6054,8.321
2022-03-29T07:00:02,47567.85,3415.72,109.87,0.2816,16.48,70.8,22.65,104.54,6.937,179.32,0.6548,0.02847,0.009144,2.534,1.872,3.13,1.71,3.227,201.7,17.27,1.35,1.265,0.5919,2.729,435.84,1.217,68.43,0.8786,14.33,2.78e-05,0.2736,3.57,1.443,2.743,0.2368,11.76,0.6055,8.325
2022-03-29T07:00:32,47560.8,3413.42,109.93,0.2817,16.48,70.8,22.65,104.53,6.936,179.29,0.6548,0.02845,0.009144,2.53,1.874,3.13,1.71,3.227,201.55,17.27,1.35,1.265,0.5919,2.729,435.65,1.216,68.41,0.8777,14.33,2.78e-05,0.2738,3.569,1.442,2.742,0.2368,11.76,0.6055,8.328
2022-03-29T07:01:02,47538.58,3413.23,109.82,0.2813,16.48,70.8,22.64,104.48,6.942,179.22,0.6548,0.02841,0.009144,2.53,1.873,3.13,1.708,3.227,201.39,17.27,1.35,1.266,0.5919,2.728,435.57,1.216,68.41,0.8773,14.33,2.779e-05,0.2737,3.569,1.441,2.742,0.2365,11.77,0.6058,8.323
2022-03-29T07:01:32,47544.68,3413.1,109.82,0.2812,16.42,70.8,22.64,104.49,6.942,179.15,0.6551,0.02841,0.009144,2.53,1.873,3.13,1.709,3.228,201.53,17.27,1.35,1.266,0.5919,2.728,435.63,1.216,68.4,0.8773,14.32,2.775e-05,0.274,3.57,1.441,2.742,0.2367,11.76,0.6058,8.327
2022-03-29T07:02:02,47533.29,3412.46,109.82,0.2812,16.47,70.8,22.64,104.49,6.942,179.18,0.6551,0.02838,0.009137,2.53,1.87,3.13,1.709,3.229,201.42,17.27,1.35,1.266,0.5919,2.73,435.47,1.215,68.34,0.8772,14.31,2.774e-05,0.274,3.569,1.439,2.742,0.2366,11.76,0.6056,8.327
2022-03-29T07:02:33,47533.94,3412.2,109.85,0.2815,16.42,70.8,22.64,104.51,6.943,179.2,0.6568,0.02835,0.009137,2.53,1.869,3.13,1.709,3.229,201.36,17.2,1.35,1.266,0.5919,2.73,435.53,1.214,68.28,0.8771,14.31,2.773e-05,0.274,3.569,1.439,2.741,0.2367,11.75,0.6059,8.325
2022-03-29T07:03:03,47557.67,3410.91,109.9,0.2816,16.42,70.8,22.64,104.53,6.941,179.21,0.6552,0.02836,0.009137,2.538,1.87,3.13,1.708,3.223,201.41,17.2,1.35,1.266,0.5919,2.731,435.72,1.214,68.27,0.877,14.31,2.773e-05,0.2738,3.569,1.439,2.742,0.2367,11.75,0.6059,8.327
2022-03-29T07:03:33,47536.22,3409.64,109.87,0.2815,16.41,70.8,22.63,104.51,6.94,179.23,0.6552,0.02837,0.009137,2.534,1.87,3.14,1.708,3.223,201.37,17.2,1.35,1.266,0.5919,2.73,435.65,1.214,68.26,0.8766,14.31,2.77e-05,0.273,3.564,1.439,2.742,0.2367,11.72,0.6059,8.328
2022-03-29T07:04:03,47540.57,3407.35,109.88,0.2813,16.41,70.8,22.63,104.44,6.94,179.23,0.6552,0.02838,0.009137,2.534,1.871,3.14,1.708,3.217,201.3,17.19,1.35,1.265,0.5919,2.731,435.45,1.214,68.25,0.8765,14.31,2.771e-05,0.2729,3.564,1.439,2.742,0.2367,11.72,0.6059,8.328
2022-03-29T07:04:33,47536.01,3406.69,109.65,0.2812,16.41,70.8,22.6,104.37,6.94,179.17,0.6551,0.02801,0.00915,2.534,1.869,3.14,1.707,3.217,200.92,17.24,1.35,1.265,0.5919,2.73,435.48,1.214,68.21,0.8765,14.31,2.77e-05,0.2728,3.562,1.438,2.741,0.2367,11.73,0.604,8.329
2022-03-29T07:05:03,47540.88,3406.68,109.65,0.2809,16.41,70.8,22.59,104.21,6.939,179.09,0.6562,0.02801,0.00915,2.534,1.873,3.14,1.707,3.217,200.95,17.24,1.35,1.265,0.5919,2.73,435.4,1.213,68.18,0.8767,14.27,2.763e-05,0.2722,3.562,1.437,2.74,0.2366,11.73,0.6034,8.334
2022-03-29T07:05:34,47535.65,3406.29,109.64,0.2809,16.41,70.8,22.56,104.2,6.941,179.08,0.6562,0.0281,0.00915,2.534,1.871,3.14,1.707,3.216,200.91,17.24,1.35,1.265,0.5919,2.731,435.35,1.213,68.17,0.8766,14.23,2.762e-05,0.2722,3.561,1.437,2.739,0.2366,11.73,0.6034,8.334
2022-03-29T07:06:04,47527.91,3404.35,109.56,0.2807,16.41,70.8,22.56,104.1,6.941,178.82,0.6562,0.0281,0.00915,2.534,1.868,3.14,1.706,3.216,200.85,17.24,1.35,1.266,0.5919,2.731,435.35,1.213,68.16,0.8765,14.23,2.762e-05,0.2722,3.559,1.437,2.738,0.2362,11.72,0.6035,8.335
2022-03-29T07:06:34,47512.26,3404.11,109.56,0.2801,16.41,70.8,22.56,103.84,6.939,178.54,0.6539,0.02812,0.00915,2.534,1.865,3.14,1.705,3.216,200.68,17.24,1.35,1.266,0.5919,2.73,435.16,1.213,68.17,0.8762,14.22,2.762e-05,0.2722,3.559,1.436,2.737,0.2362,11.72,0.6035,8.333
2022-03-29T07:07:04,47508.81,3404.21,109.56,0.2802,16.47,70.8,22.55,103.86,6.939,178.55,0.654,0.02817,0.009133,2.534,1.862,3.14,1.705,3.216,200.51,17.19,1.35,1.265,0.5919,2.729,434.75,1.212,68.15,0.876,14.22,2.763e-05,0.2716,3.559,1.435,2.736,0.2363,11.72,0.6031,8.332
2022-03-29T07:07:34,47505.9,3405.98,109.56,0.2802,16.47,70.8,22.58,103.87,6.941,178.52,0.6521,0.02817,0.009133,2.534,1.864,3.14,1.704,3.216,200.4,17.19,1.35,1.265,0.5919,2.729,434.87,1.212,68.15,0.8751,14.22,2.764e-05,0.2721,3.557,1.437,2.735,0.2364,11.78,0.6031,8.329
2022-03-29T07:08:04,47504.09,3406.2,109.6,0.2802,16.47,70.8,22.58,103.86,6.941,178.82,0.6521,0.02819,0.009133,2.534,1.863,3.14,1.704,3.209,200.42,17.19,1.35,1.266,0.5919,2.729,434.97,1.212,68.16,0.8752,14.2,2.766e-05,0.272,3.557,1.437,2.735,0.2364,11.79,0.6031,8.328
2022-03-29T07:08:34,47491.45,3404.92,109.56,0.2802,16.47,70.8,22.57,103.84,6.94,178.89,0.6531,0.02818,0.00913,2.534,1.862,3.14,1.704,3.209,200.43,17.19,1.35,1.266,0.5919,2.73,435,1.212,68.21,0.8752,14.17,2.766e-05,0.2718,3.557,1.436,2.735,0.2363,11.8,0.6032,8.325
2022-03-29T07:09:04,47486.32,3404.6,109.56,0.2798,16.47,70.6,22.56,103.8,6.936,178.84,0.6522,0.02811,0.00913,2.534,1.861,3.14,1.704,3.212,200.17,17.19,1.347,1.263,0.5919,2.73,434.71,1.212,68.21,0.8751,14.17,2.765e-05,0.272,3.555,1.435,2.735,0.2363,11.8,0.6032,8.328
2022-03-29T07:09:34,47477.4,3403.22,109.54,0.2794,16.47,70.6,22.56,103.75,6.938,178.82,0.6522,0.02812,0.00913,2.534,1.859,3.11,1.704,3.212,200.08,17.19,1.347,1.263,0.5919,2.73,434.75,1.211,68.17,0.8749,14.16,2.762e-05,0.272,3.555,1.435,2.732,0.2363,11.8,0.6031,8.328
2022-03-29T07:10:05,47464.33,3401.83,109.53,0.279,16.44,70.6,22.55,103.71,6.938,178.76,0.6522,0.02808,0.00913,2.53,1.86,3.11,1.7,3.212,199.76,17.19,1.347,1.263,0.5919,2.726,434.66,1.211,68.02,0.8747,14.15,2.757e-05,0.2714,3.551,1.432,2.731,0.2359,11.81,0.6022,8.322
2022-03-29T07:10:35,47456.51,3401.75,109.52,0.2789,16.49,70.4,22.54,103.67,6.936,178.27,0.6522,0.02804,0.009121,2.53,1.859,3.09,1.699,3.204,199.53,17.19,1.347,1.261,0.5919,2.723,434.46,1.211,67.96,0.873,14.15,2.757e-05,0.2706,3.55,1.431,2.73,0.2359,11.78,0.6021,8.321
2022-03-29T07:11:05,47453,3402.39,109.36,0.2784,16.49,70.4,22.51,103.68,6.937,178.27,0.6522,0.02806,0.009121,2.53,1.857,3.09,1.699,3.204,199.46,17.19,1.347,1.261,0.5919,2.721,434.34,1.209,67.96,0.8728,14.14,2.756e-05,0.2712,3.55,1.431,2.729,0.2359,11.73,0.5997,8.317
2022-03-29T07:11:35,47461.12,3402.44,109.38,0.2784,16.41,70.4,22.51,103.48,6.907,178.29,0.6519,0.02808,0.009121,2.53,1.856,3.09,1.699,3.203,199.32,17.19,1.347,1.26,0.5919,2.716,434.54,1.21,68.01,0.873,14.14,2.761e-05,0.2715,3.55,1.431,2.728,0.2359,11.75,0.6006,8.316
2022-03-29T07:12:05,47460.25,3402.63,109.38,0.2785,16.48,70.4,22.53,103.25,6.915,178.3,0.6519,0.02814,0.009121,2.53,1.853,3.09,1.7,3.203,199.43,17.16,1.347,1.26,0.5818,2.717,434.55,1.21,67.96,0.8732,14.12,2.762e-05,0.2716,3.55,1.431,2.728,0.2358,11.73,0.6005,8.317
2022-03-29T07:12:35,47473.96,3403.82,109.6,0.2786,16.41,70.4,22.55,103.31,6.909,178.35,0.6524,0.02816,0.009121,2.534,1.853,3.09,1.7,3.203,199.49,17.16,1.347,1.26,0.5818,2.717,434.61,1.21,68.01,0.8735,14.12,2.762e-05,0.2717,3.55,1.432,2.73,0.2357,11.72,0.6008,8.322
2022-03-29T07:13:05,47474.6,3403.57,109.53,0.2786,16.41,70.4,22.55,103.4,6.903,178.39,0.6523,0.02815,0.009121,2.534,1.853,3.09,1.7,3.21,199.45,17.16,1.347,1.257,0.5818,2.717,434.64,1.21,68.09,0.8736,14.19,2.763e-05,0.2717,3.552,1.432,2.732,0.2358,11.67,0.6008,8.323
2022-03-29T07:13:36,47502.67,3404.11,109.53,0.2786,16.41,70.4,22.56,103.48,6.906,178.45,0.6523,0.02824,0.009121,2.534,1.854,3.09,1.7,3.211,199.64,17.16,1.347,1.258,0.5818,2.72,434.6,1.21,68.18,0.8739,14.18,2.767e-05,0.2717,3.553,1.434,2.732,0.2359,11.67,0.6026,8.329
2022-03-29T07:14:06,47493.58,3404.01,109.63,0.2786,16.41,70.4,22.57,103.52,6.91,178.46,0.6523,0.02825,0.009121,2.534,1.853,3.09,1.701,3.211,199.91,17.16,1.347,1.258,0.5818,2.72,434.79,1.21,68.32,0.8738,14.19,2.767e-05,0.272,3.553,1.434,2.732,0.2359,11.67,0.6026,8.333
2022-03-29T07:14:36,47494.76,3403.37,109.58,0.2786,16.41,70.4,22.56,103.65,6.912,178.49,0.6523,0.02825,0.00911,2.534,1.853,3.09,1.701,3.219,199.85,17.16,1.347,1.257,0.5818,2.72,434.74,1.211,68.45,0.8737,14.19,2.767e-05,0.2721,3.552,1.435,2.732,0.236,11.68,0.6024,8.335
2022-03-29T07:15:06,47476.8,3403.71,109.58,0.2786,16.41,70.4,22.56,103.6,6.911,178.46,0.6523,0.02825,0.00911,2.534,1.854,3.09,1.701,3.219,199.66,17.16,1.347,1.257,0.5818,2.719,434.73,1.212,68.43,0.8731,14.18,2.765e-05,0.2719,3.552,1.435,2.732,0.2359,11.68,0.602,8.331
2022-03-29T07:15:36,47497.12,3404.54,109.71,0.2791,16.41,70.3,22.57,103.61,6.91,178.56,0.6524,0.02828,0.00911,2.534,1.854,3.09,1.701,3.219,199.76,17.16,1.347,1.259,0.5818,2.721,435.01,1.212,68.49,0.8734,14.18,2.771e-05,0.2719,3.554,1.435,2.733,0.2359,11.67,0.6022,8.332
2022-03-29T07:16:06,47494.03,3404.54,109.71,0.2791,16.41,70.3,22.58,103.75,6.91,178.54,0.6524,0.02829,0.00911,2.534,1.852,3.09,1.701,3.221,199.77,17.16,1.347,1.259,0.5818,2.722,435.11,1.213,68.62,0.8734,14.18,2.771e-05,0.2721,3.556,1.438,2.733,0.236,11.67,0.6023,8.331
2022-03-29T07:16:36,47494.19,3404.83,109.71,0.2789,16.41,70.3,22.58,103.8,6.91,178.55,0.6522,0.02828,0.00911,2.534,1.851,3.09,1.702,3.221,199.78,17.16,1.347,1.259,0.5818,2.723,434.92,1.213,68.71,0.8734,14.18,2.771e-05,0.2721,3.556,1.438,2.732,0.236,11.67,0.6023,8.336
2022-03-29T07:17:07,47490.06,3403.56,109.75,0.2789,16.41,70.3,22.57,103.82,6.913,178.6,0.6522,0.02826,0.00911,2.534,1.851,3.09,1.701,3.221,199.78,17.16,1.347,1.259,0.5818,2.726,434.89,1.213,68.74,0.8733,14.2,2.769e-05,0.2721,3.556,1.439,2.732,0.236,11.68,0.6019,8.336
2022-03-29T07:17:37,47471.41,3403.24,109.72,0.2789,16.41,70.3,22.57,103.82,6.911,178.57,0.6522,0.02824,0.009103,2.534,1.85,3.09,1.701,3.221,199.78,17.14,1.347,1.257,0.5818,2.724,434.86,1.213,68.87,0.8729,14.18,2.768e-05,0.2718,3.556,1.44,2.732,0.236,11.66,0.6018,8.335
2022-03-29T07:18:07,47462.38,3402.66,109.72,0.2789,16.41,70.3,22.56,103.79,6.912,178.54,0.6522,0.02824,0.009103,2.534,1.846,3.09,1.701,3.221,199.75,17.14,1.347,1.257,0.5818,2.724,434.76,1.213,68.86,0.8728,14.16,2.764e-05,0.2718,3.557,1.44,2.732,0.236,11.67,0.6018,8.333
2022-03-29T07:18:37,47474.38,3403.1,109.74,0.2786,16.41,70.3,22.58,103.81,6.912,178.55,0.6522,0.02828,0.009103,2.534,1.847,3.09,1.701,3.221,200.07,17.14,1.347,1.26,0.5818,2.724,434.68,1.213,69.01,0.8728,14.16,2.764e-05,0.2722,3.557,1.44,2.732,0.2361,11.66,0.6018,8.337
2022-03-29T07:19:07,47469.86,3401.86,109.83,0.2787,16.41,70.3,22.58,103.88,6.904,178.57,0.6522,0.02825,0.009103,2.53,1.845,3.09,1.701,3.212,200.04,17.14,1.347,1.26,0.5818,2.724,434.85,1.214,69.33,0.8731,14.16,2.764e-05,0.2719,3.557,1.441,2.734,0.2361,11.66,0.601,8.336
2022-03-29T07:19:38,47466.51,3401.69,110.2,0.2786,16.41,70.3,22.58,103.92,6.908,178.71,0.6522,0.02827,0.009103,2.53,1.851,3.09,1.701,3.212,200.26,17.14,1.347,1.26,0.5818,2.724,434.89,1.213,69.52,0.8731,14.16,2.765e-05,0.2722,3.558,1.441,2.733,0.236,11.66,0.6009,8.336
2022-03-29T07:20:08,47479.79,3402.33,110.21,0.2794,16.41,70.4,22.61,103.96,6.907,178.8,0.6522,0.02835,0.009103,2.53,1.856,3.09,1.701,3.208,200.45,17.14,1.347,1.26,0.5818,2.73,434.9,1.214,69.58,0.8732,14.18,2.766e-05,0.2727,3.559,1.442,2.734,0.2362,11.66,0.6021,8.335
2022-03-29T07:20:38,47491.54,3401.9,110.22,0.2793,16.41,70.4,22.61,103.94,6.908,178.81,0.6527,0.02836,0.009103,2.53,1.857,3.09,1.702,3.208,200.45,17.14,1.347,1.26,0.5818,2.728,434.88,1.214,69.58,0.8733,14.17,2.767e-05,0.2729,3.562,1.443,2.735,0.2364,11.66,0.6021,8.34
2022-03-29T07:21:08,47488.42,3403.13,110.58,0.2793,16.41,70.4,22.6,103.95,6.909,178.85,0.6527,0.02835,0.009103,2.53,1.858,3.09,1.701,3.207,200.58,17.14,1.347,1.26,0.5818,2.727,435.09,1.214,69.56,0.8734,14.17,2.767e-05,0.2729,3.562,1.443,2.734,0.2364,11.65,0.6019,8.34
2022-03-29T07:21:38,47496.91,3403.51,110.68,0.2794,16.41,70.4,22.62,103.94,6.909,178.91,0.6527,0.02836,0.009103,2.53,1.86,3.09,1.701,3.204,200.56,17.14,1.347,1.258,0.5818,2.727,435.08,1.216,69.59,0.8739,14.17,2.769e-05,0.2729,3.562,1.444,2.735,0.2363,11.66,0.6014,8.335
2022-03-29T07:22:08,47494.48,3403.71,110.69,0.2796,16.41,70.4,22.62,103.91,6.91,178.93,0.6528,0.02835,0.009121,2.53,1.861,3.09,1.703,3.204,200.55,17.14,1.347,1.258,0.5818,2.727,435.14,1.215,69.6,0.8739,14.15,2.77e-05,0.2729,3.563,1.444,2.736,0.2364,11.66,0.6015,8.336
2022-03-29T07:22:38,47496.25,3403.71,110.87,0.2795,16.41,70.4,22.63,103.85,6.91,178.84,0.6528,0.02832,0.009121,2.53,1.861,3.09,1.701,3.192,200.53,17.14,1.347,1.262,0.5818,2.727,435.14,1.215,69.71,0.8737,14.15,2.771e-05,0.2728,3.563,1.444,2.736,0.2363,11.67,0.6022,8.336
2022-03-29T07:23:09,47486.72,3403.07,110.84,0.2793,16.41,70.4,22.63,103.82,6.91,178.87,0.654,0.02834,0.009121,2.53,1.867,3.09,1.702,3.197,200.54,17.14,1.356,1.26,0.5818,2.724,435.04,1.216,69.71,0.8737,14.16,2.77e-05,0.2726,3.561,1.443,2.737,0.2363,11.67,0.6022,8.341
2022-03-29T07:23:39,47498.77,3403.49,110.85,0.2793,16.41,70.4,22.64,103.68,6.909,178.93,0.6554,0.02835,0.009121,2.53,1.873,3.09,1.702,3.197,200.58,17.14,1.357,1.26,0.5818,2.725,435.27,1.216,69.68,0.8738,14.16,2.77e-05,0.2729,3.562,1.442,2.737,0.2363,11.71,0.6022,8.341
2022-03-29T07:24:09,47511.96,3405.41,111.05,0.2794,16.4,70.4,22.64,103.67,6.906,179.02,0.6553,0.02833,0.009121,2.53,1.876,3.09,1.703,3.193,200.66,17.14,1.357,1.259,0.5818,2.726,435.28,1.216,69.65,0.8739,14.16,2.773e-05,0.2731,3.563,1.443,2.738,0.2362,11.73,0.6026,8.342
2022-03-29T07:24:39,47502.41,3405.17,110.97,0.2794,16.38,70.4,22.64,103.63,6.911,179.02,0.656,0.02832,0.009121,2.53,1.877,3.09,1.703,3.193,200.65,17.13,1.357,1.257,0.5818,2.726,435.26,1.216,69.57,0.8741,14.16,2.771e-05,0.2728,3.564,1.443,2.738,0.2362,11.74,0.6027,8.341
2022-03-29T07:25:09,47473.18,3404.87,110.96,0.2793,16.4,70.4,22.65,103.62,6.905,179,0.6561,0.02829,0.009121,2.53,1.877,3.09,1.703,3.193,200.63,17.13,1.357,1.257,0.5818,2.726,435.27,1.216,69.57,0.874,14.16,2.771e-05,0.2728,3.563,1.442,2.737,0.2362,11.74,0.6027,8.344
2022-03-29T07:25:40,47476.73,3403.62,110.98,0.2794,16.4,70.4,22.64,103.61,6.901,178.93,0.6555,0.02826,0.00913,2.53,1.883,3.09,1.703,3.187,200.58,17.13,1.357,1.257,0.5818,2.726,435.29,1.216,69.56,0.874,14.15,2.767e-05,0.2727,3.563,1.443,2.737,0.2363,11.75,0.6023,8.338
2022-03-29T07:26:10,47492.02,3404.03,110.98,0.2794,16.44,70.4,22.65,103.61,6.902,178.94,0.6555,0.02826,0.009128,2.53,1.884,3.09,1.703,3.188,200.62,17.13,1.357,1.261,0.5818,2.726,435.29,1.216,69.39,0.8742,14.16,2.767e-05,0.2727,3.562,1.443,2.738,0.2362,11.76,0.6021,8.34
2022-03-29T07:26:40,47501.3,3405.96,110.99,0.2797,16.44,70,22.67,103.59,6.9,178.99,0.6557,0.02831,0.009128,2.53,1.897,3.09,1.706,3.188,200.65,17.13,1.357,1.261,0.5818,2.726,435.48,1.217,69.41,0.8743,14.16,2.768e-05,0.2728,3.564,1.444,2.738,0.2363,11.79,0.602,8.344
2022-03-29T07:27:10,47508.5,3408.04,111,0.2797,16.39,70,22.68,103.59,6.899,179.01,0.6556,0.02831,0.009128,2.53,1.902,3.09,1.706,3.188,200.66,17.13,1.357,1.261,0.5818,2.727,435.86,1.217,69.41,0.8744,14.16,2.771e-05,0.2731,3.564,1.445,2.74,0.2364,11.83,0.6029,8.354
2022-03-29T07:27:40,47513.53,3408.04,110.99,0.2797,16.39,70,22.68,103.54,6.894,179.22,0.6556,0.02831,0.009128,2.53,1.908,3.09,1.706,3.19,200.8,17.13,1.357,1.261,0.5818,2.727,435.84,1.217,69.47,0.875,14.16,2.771e-05,0.2731,3.568,1.445,2.74,0.2363,11.82,0.6029,8.36
2022-03-29T07:28:10,47506.69,3407.75,110.87,0.2796,16.39,70,22.67,103.39,6.893,179.22,0.6556,0.02833,0.009128,2.53,1.926,3.09,1.706,3.188,200.78,17.13,1.357,1.259,0.5818,2.726,435.76,1.217,69.5,0.8749,14.16,2.771e-05,0.2731,3.567,1.446,2.739,0.2363,11.82,0.6029,8.359
2022-03-29T07:28:40,47509.39,3408.16,110.88,0.2796,16.39,70.2,22.67,103.36,6.89,179.23,0.6557,0.02831,0.009134,2.53,1.931,3.09,1.706,3.188,200.83,17.13,1.357,1.259,0.5818,2.726,435.76,1.218,69.52,0.8748,14.16,2.772e-05,0.273,3.569,1.446,2.74,0.2363,11.8,0.6028,8.357
2022-03-29T07:29:11,47504.42,3408.12,110.89,0.2796,16.44,70.1,22.67,103.45,6.89,179.34,0.6559,0.0283,0.009134,2.53,1.936,3.09,1.707,3.188,200.86,17.13,1.357,1.259,0.5818,2.724,435.82,1.218,69.53,0.875,14.17,2.771e-05,0.273,3.57,1.445,2.741,0.2363,11.79,0.6029,8.358
2022-03-29T07:29:41,47503.31,3407.43,110.86,0.2798,16.44,70.1,22.67,103.4,6.89,179.32,0.656,0.0283,0.009149,2.53,1.926,3.09,1.707,3.188,200.84,17.13,1.357,1.259,0.5818,2.722,435.88,1.218,69.54,0.8749,14.18,2.77e-05,0.273,3.57,1.445,2.741,0.2363,11.8,0.6032,8.364
2022-03-29T07:30:11,47501.11,3407.51,110.96,0.2797,16.44,70.1,22.68,103.39,6.89,179.52,0.6572,0.02831,0.009149,2.53,1.932,3.09,1.707,3.188,200.88,17.13,1.357,1.259,0.5818,2.723,435.87,1.218,69.57,0.875,14.22,2.768e-05,0.2732,3.57,1.444,2.74,0.2363,11.78,0.6034,8.366
2022-03-29T07:30:41,47505.2,3406.81,110.91,0.2797,16.44,70.1,22.67,103.44,6.889,179.58,0.6565,0.02831,0.009149,2.53,1.916,3.09,1.709,3.196,200.8,17.13,1.357,1.26,0.5818,2.723,435.87,1.218,69.52,0.8749,14.22,2.767e-05,0.2732,3.568,1.444,2.738,0.2363,11.79,0.6037,8.363
2022-03-29T07:31:11,47502.8,3406.9,110.91,0.2797,16.44,70.1,22.66,103.46,6.889,179.78,0.6553,0.0283,0.009149,2.53,1.922,3.11,1.709,3.196,200.66,17.13,1.357,1.259,0.5818,2.722,435.9,1.218,69.39,0.8746,14.21,2.766e-05,0.2732,3.568,1.444,2.737,0.2363,11.79,0.6034,8.364
2022-03-29T07:31:41,47489.21,3406.48,110.84,0.2796,16.44,70.1,22.66,103.31,6.887,179.71,0.6553,0.02829,0.009149,2.53,1.923,3.11,1.708,3.196,200.61,17.19,1.357,1.259,0.5818,2.723,435.87,1.217,69.38,0.8747,14.21,2.765e-05,0.273,3.566,1.444,2.735,0.2363,11.79,0.6034,8.361
2022-03-29T07:32:11,47489.21,3406.42,110.89,0.2796,16.44,70.1,22.65,103.22,6.887,179.54,0.6563,0.02831,0.009139,2.526,1.916,3.11,1.707,3.196,200.56,17.1,1.357,1.259,0.5818,2.723,435.86,1.218,69.41,0.8748,14.2,2.765e-05,0.2732,3.565,1.443,2.734,0.2362,11.81,0.6034,8.364
2022-03-29T07:32:42,47493.44,3406.5,110.89,0.2796,16.44,70.1,22.64,103.17,6.888,179.47,0.6563,0.02831,0.009139,2.526,1.909,3.11,1.708,3.197,200.56,17.09,1.357,1.261,0.5818,2.722,435.86,1.218,69.62,0.8747,14.18,2.763e-05,0.2732,3.566,1.443,2.734,0.2363,11.82,0.6036,8.365
2022-03-29T07:33:12,47488.72,3405.6,110.77,0.2797,16.44,70.1,22.64,103.09,6.888,179.31,0.6563,0.02831,0.009139,2.526,1.909,3.11,1.708,3.197,200.56,17.09,1.357,1.261,0.5818,2.721,435.96,1.217,69.65,0.8745,14.18,2.762e-05,0.2732,3.565,1.443,2.734,0.2363,11.82,0.6036,8.366
2022-03-29T07:33:42,47477.65,3405.01,110.68,0.2792,16.44,70.1,22.6,102.93,6.882,179.12,0.6563,0.02828,0.009139,2.526,1.9,3.11,1.708,3.197,200.34,17.09,1.357,1.26,0.5818,2.719,435.71,1.217,69.67,0.8742,14.15,2.761e-05,0.2729,3.561,1.443,2.733,0.2361,11.81,0.6038,8.367
2022-03-29T07:34:12,47467.15,3402.89,110.64,0.2792,16.44,70.1,22.59,102.74,6.884,179.08,0.6565,0.02828,0.009139,2.528,1.908,3.11,1.708,3.193,200.32,17.09,1.357,1.26,0.5818,2.716,435.68,1.217,69.68,0.8742,14.15,2.76e-05,0.2727,3.559,1.443,2.731,0.2361,11.79,0.6037,8.365
2022-03-29T07:34:42,47464.07,3402.11,110.61,0.2792,16.4,70.1,22.58,102.67,6.886,178.79,0.6545,0.02826,0.009126,2.528,1.935,3.11,1.707,3.191,200.05,17.09,1.357,1.26,0.5818,2.714,435.58,1.215,69.64,0.8728,14.15,2.755e-05,0.2721,3.556,1.441,2.729,0.2359,11.78,0.6032,8.361
2022-03-29T07:35:12,47452.92,3400.08,110.36,0.2789,16.4,70.1,22.56,102.83,6.882,178.48,0.6538,0.02826,0.009126,2.527,1.941,3.11,1.705,3.191,200.01,17.09,1.357,1.257,0.5818,2.713,435.46,1.214,69.61,0.8727,14.15,2.754e-05,0.272,3.556,1.439,2.728,0.236,11.78,0.6015,8.366
2022-03-29T07:35:42,47455,3400.05,110.35,0.279,16.4,70.1,22.56,102.85,6.882,178.49,0.6538,0.02826,0.009126,2.529,1.922,3.11,1.705,3.191,199.95,17.09,1.357,1.257,0.5818,2.714,435.42,1.215,69.66,0.8727,13.93,2.755e-05,0.272,3.556,1.439,2.728,0.236,11.77,0.6015,8.365
2022-03-29T07:36:12,47453.65,3399.86,110.29,0.2789,16.4,70,22.55,102.6,6.886,178.38,0.6542,0.02824,0.009126,2.528,1.901,3.11,1.705,3.187,199.67,17.09,1.357,1.257,0.5818,2.712,435.38,1.214,69.68,0.8722,13.98,2.755e-05,0.2718,3.554,1.438,2.728,0.2359,11.77,0.6019,8.357
2022-03-29T07:36:43,47461.53,3400.28,110.31,0.279,16.4,70,22.57,102.66,6.882,178.35,0.6542,0.02824,0.009126,2.528,1.904,3.11,1.705,3.187,199.73,17.09,1.357,1.257,0.5818,2.711,435.3,1.214,69.78,0.8722,14.01,2.756e-05,0.2718,3.556,1.438,2.728,0.2357,11.72,0.6014,8.354
2022-03-29T07:37:13,47456.67,3400.02,110.3,0.279,16.4,70.1,22.56,102.7,6.882,178.4,0.6542,0.02826,0.009126,2.528,1.898,3.11,1.705,3.187,199.76,17.09,1.357,1.256,0.5818,2.713,435.22,1.214,69.91,0.872,14.03,2.757e-05,0.2717,3.556,1.437,2.728,0.2357,11.72,0.6011,8.35
2022-03-29T07:37:43,47463.45,3401.74,110.31,0.279,16.4,70.1,22.56,102.8,6.882,178.44,0.6542,0.02826,0.009153,2.528,1.901,3.11,1.705,3.194,199.8,17.09,1.366,1.256,0.5818,2.714,435.32,1.214,69.95,0.8721,14.02,2.758e-05,0.2716,3.556,1.438,2.729,0.2357,11.72,0.6012,8.354
2022-03-29T07:38:13,47458.87,3401.14,110.26,0.2788,16.4,70.1,22.57,102.71,6.882,178.34,0.6542,0.02822,0.009153,2.529,1.899,3.11,1.704,3.195,199.76,17.09,1.366,1.256,0.5818,2.713,435.31,1.214,69.97,0.8721,14.01,2.758e-05,0.2716,3.555,1.437,2.728,0.2356,11.74,0.6016,8.353
2022-03-29T07:38:43,47438.28,3398.68,110.23,0.2787,16.4,70,22.55,102.68,6.879,178.21,0.6565,0.02822,0.009153,2.528,1.893,3.09,1.704,3.195,199.75,17.09,1.366,1.256,0.5818,2.711,435.25,1.213,69.9,0.8718,14.01,2.756e-05,0.2713,3.554,1.436,2.727,0.2355,11.74,0.6015,8.354
2022-03-29T07:39:13,47434.93,3398.1,110.22,0.2787,16.4,70,22.55,102.7,6.88,178.18,0.6549,0.02823,0.009153,2.527,1.891,3.07,1.704,3.194,199.73,17.09,1.366,1.257,0.5818,2.71,435.07,1.213,69.83,0.8709,14.01,2.756e-05,0.271,3.553,1.434,2.726,0.2353,11.74,0.6015,8.357
2022-03-29T07:39:44,47433.19,3396.5,110.19,0.2785,16.4,70,22.54,102.72,6.88,178.17,0.6548,0.02821,0.009153,2.529,1.879,3.07,1.704,3.191,199.64,17.09,1.366,1.257,0.5818,2.709,435.05,1.213,69.77,0.8709,14.02,2.755e-05,0.271,3.553,1.434,2.727,0.2352,11.71,0.6012,8.357
2022-03-29T07:40:14,47442.52,3398.65,110.3,0.2785,16.4,70,22.55,102.76,6.877,178.24,0.6548,0.02819,0.009136,2.529,1.887,3.07,1.703,3.19,199.71,17.09,1.366,1.257,0.5818,2.713,435.05,1.213,69.8,0.8714,14.04,2.758e-05,0.2714,3.555,1.435,2.728,0.2353,11.72,0.601,8.36
2022-03-29T07:40:44,47438.16,3398.2,110.31,0.2785,16.4,70,22.54,102.88,6.877,178.23,0.6548,0.02816,0.009148,2.527,1.889,3.07,1.703,3.19,199.85,17.09,1.366,1.257,0.5818,2.712,435.21,1.213,69.82,0.8717,14.04,2.758e-05,0.2713,3.555,1.435,2.728,0.2354,11.72,0.601,8.364
2022-03-29T07:41:14,47437.68,3397.87,110.31,0.2785,16.4,70,22.54,102.96,6.877,178.23,0.6548,0.02817,0.009148,2.527,1.897,3.07,1.703,3.184,199.91,17.09,1.366,1.256,0.5818,2.712,435.18,1.213,69.97,0.8716,14.07,2.759e-05,0.2713,3.556,1.437,2.728,0.2355,11.73,0.6011,8.365
2022-03-29T07:41:44,47435.96,3396.91,110.15,0.2785,16.4,70,22.54,102.76,6.877,177.92,0.6548,0.02816,0.009148,2.527,1.897,3.07,1.702,3.184,199.85,17.09,1.366,1.256,0.5818,2.712,435.19,1.212,70.01,0.8706,14.07,2.758e-05,0.2713,3.554,1.437,2.727,0.2356,11.73,0.6011,8.366
2022-03-29T07:42:14,47430.27,3396.8,110.17,0.2783,16.4,70,22.54,102.74,6.876,177.89,0.6567,0.02816,0.009148,2.527,1.895,3.07,1.702,3.184,199.89,17.09,1.366,1.256,0.5818,2.713,435.13,1.212,70.09,0.8706,14.06,2.758e-05,0.2713,3.555,1.436,2.728,0.2355,11.73,0.6008,8.36
2022-03-29T07:42:44,47427.29,3397.09,110.19,0.2784,16.4,70,22.53,102.68,6.879,177.78,0.6567,0.02814,0.009148,2.527,1.898,3.07,1.701,3.185,199.91,17.09,1.366,1.256,0.5818,2.714,435,1.212,70.23,0.8707,14.04,2.756e-05,0.2713,3.556,1.435,2.728,0.2354,11.72,0.6004,8.367
2022-03-29T07:43:15,47428.55,3396.59,110.44,0.2785,16.38,70,22.53,102.69,6.877,177.88,0.6551,0.02807,0.009148,2.527,1.899,3.07,1.701,3.185,199.9,17.09,1.366,1.256,0.5818,2.714,435.07,1.211,70.22,0.8708,14.04,2.754e-05,0.2713,3.556,1.435,2.728,0.2354,11.72,0.6004,8.366
2022-03-29T07:43:45,47421.59,3396.75,110.44,0.2785,16.4,70,22.53,102.75,6.877,177.87,0.6551,0.02809,0.009069,2.527,1.9,3.07,1.702,3.185,199.88,17.09,1.366,1.256,0.5818,2.715,435.06,1.211,70.28,0.8707,14.03,2.754e-05,0.271,3.556,1.435,2.728,0.2354,11.71,0.5993,8.365
2022-03-29T07:44:15,47421.61,3397.02,110.47,0.2786,16.4,70,22.52,102.8,6.877,177.9,0.6534,0.02814,0.00907,2.527,1.9,3.07,1.701,3.176,199.87,17.09,1.366,1.256,0.5818,2.717,435.08,1.211,70.45,0.8707,14.04,2.755e-05,0.271,3.556,1.435,2.728,0.2354,11.71,0.5994,8.365
2022-03-29T07:44:45,47427,3398.37,110.48,0.2785,16.35,70.1,22.53,102.87,6.878,177.92,0.6534,0.02818,0.00907,2.524,1.902,3.07,1.702,3.177,199.96,17.08,1.366,1.257,0.5818,2.722,435.11,1.212,70.58,0.8712,14.08,2.758e-05,0.271,3.56,1.436,2.729,0.2354,11.72,0.5995,8.373
2022-03-29T07:45:15,47427.98,3398.28,110.41,0.2786,16.35,70.1,22.54,102.9,6.878,177.9,0.6542,0.0282,0.009063,2.526,1.9,3.07,1.701,3.177,199.96,17.08,1.366,1.257,0.5818,2.72,435.19,1.212,70.57,0.8712,14.04,2.757e-05,0.2709,3.559,1.436,2.729,0.2354,11.71,0.6001,8.369
2022-03-29T07:45:45,47414.72,3396.85,110.27,0.2785,16.35,70.1,22.53,102.88,6.876,177.31,0.6542,0.02819,0.00908,2.525,1.898,3.07,1.7,3.177,199.92,17.08,1.366,1.256,0.5818,2.716,435.02,1.211,70.57,0.8705,14.04,2.756e-05,0.2709,3.558,1.436,2.727,0.2353,11.71,0.5996,8.367
2022-03-29T07:46:15,47414.58,3396.22,110.26,0.2785,16.35,70.1,22.53,102.9,6.876,177.17,0.6542,0.02821,0.009042,2.525,1.879,3.07,1.7,3.177,199.86,17.08,1.366,1.254,0.5818,2.716,435,1.211,70.6,0.8706,14.04,2.742e-05,0.2705,3.555,1.435,2.727,0.2353,11.71,0.5993,8.366
2022-03-29T07:46:45,47413.55,3394.08,110.13,0.2783,16.35,70.1,22.53,102.85,6.874,177.01,0.6542,0.02822,0.009089,2.525,1.881,3.07,1.7,3.177,199.81,17.08,1.366,1.254,0.5818,2.714,434.99,1.211,70.65,0.8706,14.06,2.74e-05,0.2705,3.555,1.434,2.728,0.2353,11.75,0.5995,8.368
2022-03-29T07:47:16,47404.66,3393.78,110.1,0.2781,16.36,70.1,22.53,102.83,6.874,176.78,0.6542,0.02822,0.009089,2.524,1.877,3.07,1.699,3.177,199.72,17.08,1.366,1.252,0.5818,2.713,434.83,1.21,70.58,0.8703,14.06,2.731e-05,0.2702,3.554,1.434,2.728,0.2352,11.74,0.5994,8.372
2022-03-29T07:47:46,47403.17,3393.63,110.12,0.2781,16.36,70,22.53,102.8,6.872,176.72,0.6542,0.02816,0.009028,2.525,1.876,3.07,1.699,3.173,199.46,17.08,1.366,1.252,0.5818,2.709,434.69,1.209,70.26,0.87,14.06,2.733e-05,0.2692,3.551,1.433,2.728,0.2351,11.72,0.5986,8.372
2022-03-29T07:48:16,47407.17,3393.44,110.12,0.2781,16.36,70,22.52,102.8,6.871,176.72,0.6543,0.02819,0.009031,2.524,1.875,3.07,1.698,3.173,199.38,17.08,1.366,1.252,0.5818,2.709,434.63,1.209,70.22,0.8699,14.07,2.736e-05,0.2698,3.55,1.432,2.727,0.2351,11.72,0.5988,8.37
2022-03-29T07:48:46,47404.31,3393.62,110.04,0.2764,16.36,70,22.52,102.79,6.871,176.75,0.6543,0.02818,0.009031,2.524,1.875,3.07,1.698,3.173,199.34,17.06,1.366,1.253,0.5818,2.709,434.65,1.208,70.11,0.8694,14.05,2.737e-05,0.2693,3.549,1.432,2.726,0.235,11.71,0.5989,8.371
2022-03-29T07:49:16,47402.73,3393.49,110.04,0.2764,16.36,70,22.52,102.64,6.872,176.6,0.6544,0.02814,0.009031,2.525,1.875,3.07,1.698,3.172,199.29,17.06,1.366,1.253,0.5818,2.708,434.62,1.207,70.07,0.8693,14.04,2.737e-05,0.2696,3.545,1.43,2.724,0.235,11.69,0.5989,8.37
2022-03-29T07:49:46,47401.72,3392.36,110.04,0.2764,16.36,70,22.51,102.55,6.872,176.55,0.6544,0.02815,0.009031,2.528,1.871,3.07,1.697,3.172,199.18,17.01,1.366,1.25,0.5818,2.709,434.53,1.207,70.03,0.8693,14.04,2.739e-05,0.2696,3.544,1.43,2.724,0.235,11.69,0.5987,8.371
2022-03-29T07:50:16,47401.55,3392.87,110.11,0.2761,16.36,70,22.51,102.53,6.873,176.64,0.6544,0.02816,0.009031,2.528,1.871,3.07,1.698,3.172,199.2,17.01,1.366,1.25,0.5818,2.709,434.58,1.208,70.03,0.8695,14.06,2.74e-05,0.2701,3.545,1.431,2.724,0.235,11.69,0.5987,8.374
2022-03-29T07:50:46,47403.92,3394.05,110.14,0.2761,16.36,70.1,22.52,102.54,6.87,176.65,0.655,0.02817,0.009031,2.526,1.872,3.07,1.697,3.18,199.24,17.01,1.366,1.25,0.5818,2.709,434.66,1.207,70.02,0.8701,14.06,2.74e-05,0.27,3.545,1.432,2.726,0.235,11.7,0.5993,8.373
2022-03-29T07:51:17,47407.99,3393.56,110.12,0.2759,16.36,70.1,22.52,102.59,6.87,176.68,0.655,0.02818,0.009031,2.527,1.867,3.07,1.697,3.18,199.24,17.01,1.366,1.25,0.5818,2.705,434.66,1.207,69.99,0.8701,14.07,2.74e-05,0.2697,3.543,1.432,2.725,0.235,11.7,0.5995,8.376
2022-03-29T07:51:47,47415.38,3393.95,110.17,0.2763,16.37,70.1,22.53,102.63,6.869,176.77,0.655,0.02819,0.009031,2.526,1.864,3.07,1.697,3.18,199.23,17.01,1.366,1.249,0.5818,2.707,434.68,1.208,69.92,0.8703,14.07,2.741e-05,0.2701,3.542,1.432,2.725,0.2351,11.71,0.5999,8.381
2022-03-29T07:52:17,47412.42,3393.91,110.17,0.2766,16.37,70,22.52,102.73,6.869,176.76,0.6549,0.02822,0.009019,2.526,1.863,3.07,1.697,3.18,199.34,17.01,1.356,1.249,0.5818,2.708,434.59,1.208,69.89,0.8704,14.07,2.74e-05,0.2701,3.541,1.432,2.725,0.2352,11.73,0.5999,8.382
2022-03-29T07:52:47,47408.64,3393.05,110.08,0.2766,16.37,70,22.5,102.71,6.869,176.9,0.6565,0.02819,0.009019,2.526,1.853,3.07,1.697,3.18,199.29,17.01,1.356,1.249,0.5818,2.709,434.61,1.208,69.82,0.8703,14.07,2.742e-05,0.2699,3.542,1.432,2.725,0.2352,11.73,0.5999,8.384
2022-03-29T07:53:17,47407.9,3393.3,110.08,0.2766,16.37,70,22.5,102.73,6.869,176.91,0.6555,0.02817,0.009019,2.527,1.852,3.07,1.698,3.18,199.29,17.01,1.36,1.249,0.5818,2.709,434.69,1.207,69.68,0.8703,14.1,2.742e-05,0.2699,3.543,1.432,2.725,0.2353,11.73,0.5999,8.381
2022-03-29T07:53:47,47407.9,3392.88,110.02,0.2766,16.37,70,22.49,102.76,6.872,176.9,0.6555,0.02821,0.009001,2.527,1.855,3.07,1.697,3.178,199.26,17.01,1.36,1.249,0.5818,2.707,434.81,1.206,69.52,0.8703,14.08,2.742e-05,0.2698,3.543,1.432,2.725,0.2352,11.72,0.6002,8.379
2022-03-29T07:54:17,47405.01,3393.12,110.05,0.2766,16.37,70,22.48,102.86,6.869,177.07,0.6555,0.02822,0.009025,2.528,1.854,3.07,1.697,3.178,199.32,17.01,1.36,1.248,0.5818,2.709,434.81,1.207,69.52,0.8703,14.09,2.745e-05,0.2698,3.543,1.431,2.725,0.2352,11.71,0.6003,8.385
2022-03-29T07:54:48,47408.65,3393.91,110.05,0.2767,16.36,70,22.48,102.84,6.869,177.04,0.6545,0.02822,0.009025,2.528,1.856,3.07,1.697,3.177,199.37,17.01,1.36,1.247,0.5818,2.709,434.9,1.207,69.47,0.8703,14.09,2.744e-05,0.2696,3.543,1.432,2.725,0.2352,11.72,0.6003,8.386
2022-03-29T07:55:18,47399.55,3393.11,110.05,0.2767,16.36,70,22.48,102.82,6.869,177.07,0.6542,0.02823,0.009025,2.528,1.864,3.07,1.698,3.174,199.33,17.01,1.36,1.247,0.5818,2.709,434.97,1.207,69.48,0.8696,14.09,2.744e-05,0.27,3.543,1.431,2.724,0.2352,11.72,0.6003,8.385
2022-03-29T07:55:48,47393.74,3392.89,110.05,0.2767,16.36,69.8,22.47,102.82,6.869,176.89,0.6542,0.02815,0.009025,2.527,1.865,3.07,1.698,3.174,199.27,17.01,1.36,1.247,0.5818,2.71,434.96,1.207,69.51,0.8698,14.07,2.743e-05,0.27,3.548,1.432,2.724,0.2352,11.72,0.6003,8.393
2022-03-29T07:56:18,47384.06,3391.96,110.04,0.2768,16.36,69.8,22.46,102.87,6.867,176.89,0.6543,0.02817,0.009025,2.527,1.867,3.07,1.698,3.174,199.18,17.07,1.36,1.247,0.5818,2.709,434.91,1.207,69.57,0.8697,14.07,2.741e-05,0.27,3.547,1.432,2.725,0.2352,11.73,0.6003,8.392
2022-03-29T07:56:48,47382.21,3391.9,110.04,0.2767,16.36,69.8,22.46,102.91,6.866,176.75,0.6543,0.02815,0.009023,2.527,1.867,3.07,1.697,3.174,199.1,17.02,1.36,1.246,0.5818,2.706,434.91,1.206,69.56,0.8697,14.07,2.739e-05,0.27,3.547,1.432,2.725,0.2351,11.73,0.6004,8.392
2022-03-29T07:57:18,47376.28,3390.7,109.96,0.2768,16.36,69.7,22.48,102.95,6.867,176.8,0.6542,0.02817,0.009023,2.526,1.862,3.07,1.697,3.174,199.09,17.02,1.36,1.248,0.5818,2.706,434.8,1.206,69.55,0.8694,14.07,2.738e-05,0.2696,3.547,1.431,2.724,0.2351,11.73,0.5998,8.392
2022-03-29T07:57:48,47382.25,3390.65,110,0.2767,16.36,69.7,22.47,102.93,6.866,176.79,0.6542,0.02815,0.009005,2.526,1.86,3.07,1.697,3.174,199.11,17.02,1.36,1.245,0.5818,2.706,434.79,1.206,69.53,0.8694,14.07,2.738e-05,0.2696,3.547,1.431,2.723,0.235,11.73,0.5994,8.389
2022-03-29T07:58:18,47376.93,3390.57,109.99,0.2767,16.36,69.9,22.47,102.89,6.866,176.75,0.6533,0.02817,0.009005,2.526,1.856,3.07,1.697,3.179,199.06,17.02,1.36,1.245,0.5818,2.708,434.73,1.206,69.54,0.8694,14.07,2.738e-05,0.2696,3.548,1.431,2.723,0.2349,11.74,0.5992,8.382
2022-03-29T07:58:48,47366.23,3390.25,109.93,0.2767,16.36,69.9,22.46,102.88,6.867,176.54,0.6502,0.02811,0.009005,2.526,1.858,3.07,1.697,3.175,198.86,17.02,1.36,1.245,0.5818,2.705,434.8,1.205,69.46,0.8693,14.04,2.737e-05,0.2696,3.547,1.43,2.723,0.2348,11.73,0.5985,8.381
2022-03-29T07:59:19,47370.81,3389.83,109.95,0.2767,16.36,69.9,22.46,102.82,6.865,176.55,0.6512,0.02813,0.009005,2.525,1.857,3.07,1.697,3.171,198.66,17.02,1.36,1.245,0.5818,2.706,434.68,1.206,69.44,0.8693,14.06,2.737e-05,0.2696,3.546,1.429,2.722,0.2348,11.73,0.5986,8.382
2022-03-29T07:59:49,47368.25,3389.09,109.94,0.2767,16.36,69.9,22.45,102.69,6.866,176.53,0.6512,0.02809,0.009005,2.525,1.856,3.07,1.696,3.171,198.52,17.02,1.36,1.245,0.5818,2.704,434.69,1.205,69.37,0.8691,14.06,2.733e-05,0.2695,3.547,1.429,2.722,0.2348,11.73,0.5988,8.387
2022-03-29T08:00:19,47353.84,3388.84,109.9,0.2766,16.36,69.9,22.45,102.68,6.861,176.54,0.6518,0.02805,0.009023,2.524,1.856,3.07,1.696,3.174,198.45,17.02,1.36,1.245,0.5818,2.701,434.61,1.206,69.39,0.8689,14.04,2.733e-05,0.2695,3.547,1.428,2.721,0.2348,11.75,0.5966,8.385
2022-03-29T08:00:49,47350.43,3386.88,109.89,0.2766,16.36,69.9,22.44,102.72,6.861,176.6,0.6502,0.02798,0.009023,2.529,1.863,3.07,1.696,3.174,198.45,17.02,1.36,1.245,0.5818,2.702,434.29,1.205,69.43,0.8686,14.04,2.733e-05,0.2695,3.544,1.428,2.721,0.2346,11.75,0.5965,8.387
2022-03-29T08:01:19,47376.44,3387.67,109.93,0.2767,16.36,69.8,22.44,102.84,6.861,176.77,0.6496,0.028,0.009023,2.527,1.861,3.07,1.697,3.174,198.88,17.02,1.36,1.245,0.5818,2.703,434.36,1.207,69.45,0.869,14.03,2.741e-05,0.2701,3.546,1.43,2.722,0.2349,11.76,0.597,8.39
2022-03-29T08:01:49,47391.45,3390.47,110.2,0.2766,16.36,69.9,22.44,102.88,6.86,176.85,0.6496,0.02798,0.009023,2.528,1.861,3.07,1.699,3.182,199.01,17.1,1.36,1.245,0.5818,2.706,434.47,1.207,69.61,0.8695,14.1,2.742e-05,0.2705,3.546,1.431,2.723,0.235,11.78,0.5987,8.391
2022-03-29T08:02:19,47387.39,3391.58,110.18,0.2767,16.37,69.9,22.45,102.94,6.861,177.13,0.6496,0.02799,0.009023,2.528,1.858,3.07,1.698,3.181,199.14,17.1,1.36,1.245,0.5818,2.707,434.48,1.208,69.72,0.8697,14.1,2.743e-05,0.2703,3.548,1.431,2.723,0.2349,11.79,0.5991,8.394
2022-03-29T08:02:49,47400.03,3393.44,110.2,0.2772,16.37,69.9,22.45,103.05,6.873,177.48,0.6496,0.02799,0.00904,2.528,1.858,3.07,1.699,3.182,199.31,17.1,1.36,1.248,0.5818,2.708,434.5,1.209,69.8,0.8712,14.12,2.749e-05,0.2709,3.549,1.431,2.724,0.2351,11.8,0.5991,8.392
2022-03-29T08:03:20,47416.22,3394.85,110.22,0.2773,16.37,69.9,22.46,103.02,6.876,177.51,0.6496,0.02813,0.00904,2.529,1.858,3.07,1.699,3.182,199.33,17.1,1.352,1.248,0.5818,2.709,434.51,1.209,69.84,0.8717,14.12,2.75e-05,0.2709,3.549,1.431,2.725,0.2351,11.8,0.5998,8.393
2022-03-29T08:03:50,47420.03,3395.95,110.37,0.2773,16.38,69.8,22.48,103.05,6.877,177.57,0.6496,0.02824,0.00904,2.527,1.862,3.07,1.7,3.182,199.36,17.1,1.352,1.248,0.5818,2.71,434.74,1.21,69.87,0.8718,14.09,2.75e-05,0.271,3.553,1.431,2.726,0.2352,11.79,0.5997,8.394
2022-03-29T08:04:20,47409.39,3395.84,110.38,0.2773,16.38,69.8,22.47,103.04,6.889,177.65,0.6496,0.02827,0.00904,2.527,1.863,3.07,1.7,3.197,199.4,17.07,1.352,1.25,0.5818,2.713,434.72,1.209,69.87,0.8716,14.12,2.749e-05,0.2709,3.554,1.431,2.727,0.2353,11.76,0.5997,8.394
2022-03-29T08:04:51,47412.98,3395.72,110.5,0.2773,16.37,69.8,22.47,103.07,6.948,177.78,0.6496,0.02825,0.00904,2.527,1.864,3.07,1.701,3.197,199.49,17.07,1.352,1.25,0.5818,2.72,434.64,1.209,70.09,0.8717,14.1,2.749e-05,0.2709,3.554,1.431,2.729,0.2352,11.76,0.5997,8.393
2022-03-29T08:05:21,47390.07,3393.58,110.49,0.2776,16.36,69.8,22.47,103.06,6.941,177.74,0.6496,0.02815,0.00904,2.527,1.866,3.11,1.702,3.198,199.66,17.07,1.352,1.25,0.5818,2.72,434.66,1.21,70.1,0.8718,14.1,2.747e-05,0.271,3.549,1.431,2.728,0.2352,11.76,0.6004,8.396
2022-03-29T08:05:51,47375.21,3393.25,110.47,0.2777,16.36,69.8,22.44,103.05,6.927,177.66,0.6496,0.02803,0.009087,2.527,1.864,3.11,1.702,3.195,199.66,17.07,1.352,1.247,0.5818,2.719,434.56,1.209,70.04,0.8716,14.1,2.747e-05,0.2708,3.548,1.43,2.727,0.2352,11.76,0.6004,8.395
2022-03-29T08:06:21,47391.62,3393.85,110.44,0.2777,16.36,69.7,22.44,103,6.923,177.68,0.6512,0.02806,0.009087,2.527,1.864,3.11,1.702,3.202,199.68,17.07,1.352,1.247,0.5818,2.719,434.59,1.209,70.04,0.872,14.1,2.747e-05,0.271,3.55,1.43,2.728,0.2352,11.77,0.6,8.396
2022-03-29T08:06:52,47404.14,3394.54,110.45,0.2779,16.36,69.7,22.45,103.01,6.918,177.68,0.6512,0.02805,0.009087,2.528,1.866,3.11,1.703,3.202,199.81,17.1,1.352,1.247,0.5818,2.718,434.77,1.209,70.09,0.8724,14.14,2.748e-05,0.2712,3.555,1.431,2.73,0.2353,11.77,0.6003,8.396
2022-03-29T08:07:22,47414.38,3396.57,110.59,0.2779,16.36,69.7,22.45,103.07,6.916,177.67,0.6512,0.02808,0.009087,2.526,1.87,3.11,1.703,3.2,199.88,17.1,1.352,1.246,0.5818,2.717,434.84,1.211,70.09,0.8728,14.14,2.751e-05,0.2712,3.555,1.431,2.732,0.2352,11.77,0.6008,8.396
2022-03-29T08:07:52,47447.61,3397.54,110.65,0.2785,16.36,69.9,22.45,103.24,6.932,177.77,0.6512,0.02809,0.009087,2.527,1.873,3.11,1.704,3.191,199.88,17.1,1.352,1.247,0.5818,2.719,435.11,1.211,69.99,0.8731,14.15,2.752e-05,0.2714,3.556,1.432,2.732,0.2353,11.77,0.6018,8.399
2022-03-29T08:08:22,47450.36,3399.29,110.65,0.2785,16.36,69.9,22.46,103.23,6.926,177.96,0.6512,0.02811,0.009116,2.528,1.874,3.12,1.705,3.191,199.87,17.1,1.352,1.247,0.5818,2.721,435.3,1.211,69.95,0.8732,14.16,2.752e-05,0.2716,3.557,1.433,2.732,0.2354,11.77,0.6018,8.401
2022-03-29T08:08:52,47452.6,3399.82,110.67,0.2787,16.36,69.9,22.47,103.27,6.934,178.04,0.653,0.02808,0.009107,2.527,1.876,3.12,1.705,3.184,199.95,17.1,1.352,1.25,0.5818,2.727,435.26,1.211,69.94,0.8733,14.17,2.753e-05,0.2716,3.558,1.435,2.734,0.2355,11.76,0.6019,8.401
2022-03-29T08:09:22,47451.04,3401.7,110.7,0.2788,16.36,69.9,22.47,103.27,6.934,178.18,0.6521,0.02808,0.009107,2.527,1.88,3.12,1.705,3.183,199.98,17.1,1.352,1.25,0.5818,2.727,435.31,1.212,69.99,0.874,14.17,2.759e-05,0.2719,3.558,1.436,2.735,0.2355,11.77,0.6022,8.4
2022-03-29T08:09:52,47450.37,3401.49,110.93,0.2788,16.36,69.9,22.47,103.31,6.939,178.24,0.6519,0.02809,0.009109,2.525,1.88,3.12,1.705,3.183,200.04,17.1,1.352,1.25,0.5818,2.729,435.41,1.212,69.98,0.8738,14.17,2.76e-05,0.272,3.558,1.435,2.735,0.2355,11.77,0.6028,8.404
2022-03-29T08:10:22,47452.68,3402.59,111.22,0.279,16.36,69.9,22.47,103.38,6.941,178.25,0.6519,0.02808,0.00876,2.525,1.881,3.12,1.705,3.176,200.16,17.1,1.366,1.259,0.5818,2.729,435.5,1.212,70.01,0.8739,14.19,2.76e-05,0.272,3.559,1.436,2.736,0.2359,11.77,0.6029,8.407
2022-03-29T08:10:53,47451.65,3401.98,111.21,0.2791,16.36,69.9,22.47,103.41,6.941,178.34,0.6521,0.0281,0.00845,2.525,1.881,3.12,1.707,3.172,200.14,17.1,1.362,1.259,0.5818,2.731,435.56,1.212,70.01,0.8738,14.19,2.76e-05,0.2722,3.563,1.437,2.737,0.2359,11.77,0.6034,8.415
2022-03-29T08:11:23,47469.28,3402.36,111.19,0.279,16.37,69.9,22.48,103.6,6.937,178.34,0.6521,0.02809,0.00845,2.524,1.88,3.12,1.707,3.178,200.31,17.1,1.37,1.259,0.5818,2.731,435.55,1.212,70.03,0.8739,14.19,2.76e-05,0.2722,3.563,1.437,2.737,0.2359,11.77,0.6034,8.418
2022-03-29T08:11:53,47457.43,3401.94,110.98,0.2788,16.37,69.9,22.47,103.52,6.932,178.35,0.6521,0.02816,0.008245,2.524,1.879,3.12,1.706,3.179,200.32,17.1,1.37,1.259,0.5818,2.729,435.51,1.212,70.08,0.8738,14.19,2.759e-05,0.2718,3.562,1.436,2.737,0.2359,11.82,0.6035,8.416
2022-03-29T08:12:24,47462.2,3402.78,110.98,0.2788,16.36,69.9,22.47,103.54,6.936,178.25,0.653,0.02818,0.008297,2.524,1.879,3.12,1.706,3.181,200.28,17.1,1.37,1.259,0.5818,2.734,435.65,1.21,70.1,0.8737,14.2,2.76e-05,0.2718,3.564,1.436,2.737,0.2359,11.83,0.6037,8.418
2022-03-29T08:12:54,47465.94,3403.17,111,0.279,16.36,69.9,22.47,103.5,6.939,178.31,0.6531,0.02823,0.008285,2.526,1.879,3.12,1.705,3.179,200.28,17.09,1.37,1.259,0.5818,2.736,435.63,1.211,70.11,0.8738,14.2,2.761e-05,0.2721,3.564,1.436,2.737,0.2359,11.85,0.6036,8.416
2022-03-29T08:13:24,47473.4,3404.52,111.07,0.2792,16.36,69.9,22.49,103.48,6.941,178.28,0.6546,0.02828,0.008285,2.527,1.886,3.12,1.705,3.181,200.31,17.09,1.37,1.257,0.5818,2.737,435.7,1.212,70.11,0.8743,14.2,2.761e-05,0.2722,3.565,1.437,2.737,0.2359,11.84,0.6036,8.422
2022-03-29T08:13:54,47481.67,3405.04,111.09,0.2792,16.36,70,22.5,103.46,6.939,178.32,0.6546,0.02833,0.008362,2.527,1.886,3.12,1.707,3.181,200.35,17.09,1.37,1.257,0.5818,2.738,435.74,1.212,70.05,0.8743,14.2,2.763e-05,0.2722,3.567,1.438,2.737,0.236,11.84,0.6042,8.425
2022-03-29T08:14:24,47479.9,3404.78,111.07,0.2793,16.36,70,22.49,103.44,6.939,178.29,0.6545,0.02835,0.008421,2.525,1.886,3.12,1.707,3.181,200.33,17.09,1.37,1.259,0.5818,2.739,435.73,1.212,70.02,0.8744,14.17,2.763e-05,0.2722,3.567,1.438,2.738,0.2359,11.84,0.6042,8.425
2022-03-29T08:14:54,47478.68,3405.92,111.08,0.2793,16.36,69.9,22.51,103.43,6.939,178.33,0.6545,0.02833,0.008421,2.525,1.881,3.12,1.707,3.184,200.34,17.09,1.37,1.259,0.5818,2.739,435.75,1.212,70,0.8743,14.19,2.764e-05,0.272,3.567,1.438,2.738,0.236,11.83,0.6041,8.426
2022-03-29T08:15:24,47484.1,3406.23,111.07,0.2793,16.38,70,22.52,103.32,6.939,178.29,0.6545,0.02833,0.008487,2.525,1.881,3.12,1.707,3.183,200.47,17.09,1.37,1.259,0.5818,2.741,435.83,1.212,69.82,0.8748,14.19,2.763e-05,0.272,3.567,1.439,2.738,0.236,11.83,0.6042,8.422
2022-03-29T08:15:54,47516.86,3409.25,111.21,0.2796,16.39,70,22.52,103.32,6.941,178.39,0.6545,0.02838,0.008606,2.524,1.88,3.12,1.707,3.183,200.58,17.09,1.37,1.259,0.5818,2.746,435.83,1.212,69.83,0.8751,14.19,2.768e-05,0.2723,3.568,1.439,2.74,0.2361,11.83,0.6042,8.421
2022-03-29T08:16:25,47524.25,3409.5,111.21,0.2796,16.39,70,22.55,103.35,6.943,178.5,0.6545,0.02838,0.008622,2.525,1.88,3.12,1.709,3.181,200.7,17.07,1.37,1.259,0.5818,2.748,435.91,1.212,69.88,0.8752,14.22,2.769e-05,0.2725,3.572,1.439,2.74,0.2362,11.82,0.6039,8.432
2022-03-29T08:16:55,47533.52,3409.83,111.23,0.2797,16.39,70,22.55,103.34,6.946,178.53,0.6552,0.02838,0.008622,2.527,1.88,3.12,1.709,3.187,200.72,17.07,1.37,1.259,0.5818,2.752,436.15,1.213,69.98,0.8754,14.21,2.769e-05,0.273,3.573,1.441,2.743,0.2362,11.82,0.6042,8.43
2022-03-29T08:17:25,47529.59,3409.66,111,0.2796,16.39,70,22.55,103.35,6.942,178.51,0.6552,0.02838,0.00865,2.526,1.879,3.12,1.709,3.187,200.66,17.07,1.37,1.259,0.5818,2.752,436.08,1.212,69.99,0.8751,14.21,2.768e-05,0.2731,3.572,1.441,2.741,0.2362,11.85,0.6034,8.431
2022-03-29T08:17:55,47522.88,3409.51,111,0.2796,16.39,70,22.53,103.33,6.939,178.58,0.6552,0.02837,0.008675,2.526,1.88,3.12,1.708,3.188,200.65,17.07,1.37,1.256,0.5818,2.756,435.95,1.212,69.85,0.875,14.21,2.765e-05,0.2729,3.571,1.44,2.741,0.2363,11.86,0.6033,8.429
2022-03-29T08:18:25,47522.35,3407.09,110.96,0.2794,16.42,70,22.53,103.3,6.938,178.51,0.6552,0.02834,0.008673,2.525,1.879,3.12,1.708,3.188,200.63,17.07,1.37,1.256,0.5818,2.755,435.97,1.212,69.82,0.875,14.18,2.765e-05,0.2728,3.571,1.439,2.741,0.2365,11.86,0.6033,8.43
2022-03-29T08:18:55,47495.02,3406.61,110.93,0.2794,16.38,70,22.51,103.22,6.942,178.56,0.6552,0.02828,0.008673,2.524,1.876,3.12,1.708,3.188,200.51,17.14,1.37,1.258,0.5716,2.757,435.67,1.212,69.76,0.8749,14.18,2.761e-05,0.2728,3.568,1.437,2.74,0.2364,11.85,0.603,8.425
2022-03-29T08:19:25,47494.46,3406.62,110.93,0.2794,16.38,69.9,22.52,103.23,6.944,178.48,0.6552,0.02827,0.008681,2.526,1.876,3.12,1.708,3.185,200.51,17.14,1.37,1.259,0.5716,2.758,435.53,1.211,69.8,0.8744,14.18,2.761e-05,0.2727,3.57,1.437,2.74,0.2364,11.84,0.6025,8.426
2022-03-29T08:19:55,47494.82,3405.86,111.02,0.2792,16.38,69.9,22.5,103.2,6.944,178.48,0.6552,0.02825,0.008725,2.527,1.876,3.12,1.708,3.185,200.41,17.14,1.37,1.259,0.5716,2.762,435.56,1.211,69.92,0.8747,14.18,2.761e-05,0.2727,3.571,1.438,2.743,0.2364,11.83,0.6026,8.425
2022-03-29T08:20:26,47494.86,3406.32,111.09,0.2793,16.38,69.9,22.52,103.11,6.938,178.49,0.6546,0.02823,0.008725,2.527,1.877,3.12,1.708,3.185,200.47,17.14,1.37,1.259,0.5716,2.763,435.61,1.212,69.93,0.8747,14.2,2.763e-05,0.2729,3.576,1.438,2.743,0.2365,11.84,0.6022,8.427
2022-03-29T08:20:57,47508.78,3407.05,111.62,0.2794,16.38,69.9,22.52,103.17,6.938,178.53,0.6547,0.02829,0.008727,2.528,1.877,3.12,1.709,3.185,200.61,17.14,1.37,1.259,0.5716,2.765,435.81,1.213,69.94,0.8755,14.2,2.766e-05,0.2731,3.576,1.439,2.745,0.2365,11.84,0.6024,8.428
2022-03-29T08:21:27,47506.72,3406.41,111.67,0.2794,16.38,69.9,22.52,103.16,6.939,178.52,0.6551,0.02832,0.008728,2.525,1.876,3.12,1.709,3.193,200.64,17.14,1.37,1.259,0.5716,2.759,435.86,1.213,69.93,0.8755,14.21,2.766e-05,0.2731,3.575,1.439,2.745,0.2366,11.83,0.602,8.433
2022-03-29T08:21:57,47505.98,3405.72,111.74,0.2794,16.38,70,22.52,103.15,6.942,178.52,0.6551,0.02834,0.008727,2.526,1.871,3.11,1.709,3.195,200.64,17.07,1.37,1.257,0.5716,2.759,435.75,1.214,69.93,0.8756,14.21,2.768e-05,0.2732,3.575,1.441,2.745,0.2366,11.83,0.602,8.433
2022-03-29T08:22:27,47496.71,3405.98,111.72,0.2796,16.38,70,22.51,103.14,6.945,178.45,0.6551,0.02834,0.008714,2.526,1.867,3.11,1.709,3.195,200.52,17.07,1.37,1.259,0.5716,2.756,435.8,1.213,69.98,0.8756,14.19,2.767e-05,0.2732,3.575,1.441,2.745,0.2366,11.83,0.6017,8.433
2022-03-29T08:22:57,47502.2,3406.76,111.77,0.2796,16.38,69.9,22.53,103.17,6.945,178.51,0.6551,0.02836,0.008714,2.526,1.872,3.11,1.709,3.195,200.58,17.07,1.37,1.259,0.5716,2.755,435.84,1.214,70.04,0.876,14.17,2.768e-05,0.2736,3.576,1.442,2.745,0.2368,11.86,0.6018,8.436
2022-03-29T08:23:27,47497.65,3405.44,111.72,0.2792,16.38,69.9,22.52,103.15,6.946,178.48,0.6551,0.02835,0.00874,2.526,1.871,3.11,1.711,3.199,200.58,17.07,1.37,1.259,0.5716,2.753,435.83,1.215,70.02,0.876,14.18,2.767e-05,0.2731,3.572,1.441,2.743,0.2367,11.86,0.6018,8.434
2022-03-29T08:23:57,47485.72,3405.37,111.73,0.2791,16.38,69.9,22.52,103.12,6.946,178.39,0.6551,0.02831,0.008717,2.525,1.872,3.11,1.71,3.199,200.51,17.07,1.37,1.258,0.5716,2.753,435.78,1.214,69.93,0.8759,14.19,2.766e-05,0.273,3.572,1.441,2.744,0.2367,11.84,0.6018,8.436
2022-03-29T08:24:27,47478.09,3404.85,111.84,0.2791,16.37,69.9,22.49,103.15,6.947,178.37,0.6555,0.02832,0.008741,2.525,1.876,3.11,1.708,3.199,200.47,17.07,1.37,1.258,0.5716,2.752,435.58,1.214,69.92,0.8759,14.18,2.765e-05,0.2726,3.568,1.44,2.743,0.2367,11.86,0.6017,8.436
2022-03-29T08:24:58,47479.41,3404.71,111.53,0.2791,16.37,69.9,22.48,103.27,6.945,178.37,0.6556,0.02831,0.008741,2.526,1.879,3.11,1.708,3.199,200.39,17.07,1.37,1.258,0.5716,2.753,435.58,1.214,69.87,0.8759,14.18,2.762e-05,0.2724,3.568,1.44,2.742,0.2366,11.87,0.6018,8.439
2022-03-29T08:25:28,47481.06,3404.87,111.55,0.2791,16.38,69.9,22.49,103.3,6.945,178.39,0.6555,0.02824,0.008741,2.528,1.883,3.11,1.708,3.205,200.39,17.07,1.37,1.258,0.5716,2.754,435.67,1.214,69.86,0.8759,14.2,2.762e-05,0.2727,3.569,1.439,2.742,0.2366,11.88,0.6019,8.413
2022-03-29T08:25:58,47493.22,3405.39,111.61,0.2791,16.38,69.8,22.5,103.29,6.941,178.4,0.6555,0.02827,0.008735,2.526,1.886,3.11,1.708,3.208,200.37,17.07,1.37,1.258,0.5716,2.759,435.67,1.214,69.83,0.8763,14.2,2.764e-05,0.2727,3.568,1.44,2.742,0.2366,11.91,0.6019,8.419
2022-03-29T08:26:28,47494.3,3406.29,111.61,0.279,16.38,69.8,22.5,103.17,6.945,178.37,0.6556,0.02827,0.008731,2.525,1.887,3.11,1.708,3.208,200.38,17.07,1.37,1.258,0.5716,2.758,435.76,1.214,69.8,0.8763,14.2,2.765e-05,0.2724,3.569,1.44,2.742,0.2367,11.88,0.6019,8.419
2022-03-29T08:26:58,47496.45,3406.14,111.49,0.279,16.42,69.8,22.5,103.17,6.945,178.37,0.6558,0.02826,0.008731,2.525,1.904,3.11,1.708,3.211,200.36,17.07,1.37,1.26,0.5716,2.759,435.79,1.213,69.79,0.8762,14.2,2.765e-05,0.2723,3.569,1.44,2.742,0.2366,11.88,0.6019,8.419
2022-03-29T08:27:28,47495.27,3406.16,111.51,0.279,16.42,69.9,22.5,103.18,6.944,178.38,0.6568,0.02824,0.008723,2.528,1.904,3.11,1.708,3.212,200.38,17.07,1.37,1.258,0.5716,2.757,435.76,1.214,69.8,0.8762,14.19,2.765e-05,0.2725,3.569,1.441,2.742,0.2366,11.85,0.602,8.426
2022-03-29T08:27:59,47490.54,3405.81,111.49,0.279,16.42,69.9,22.5,103.21,6.946,178.35,0.6569,0.02823,0.008711,2.526,1.907,3.11,1.708,3.212,200.34,17.07,1.37,1.258,0.5716,2.758,435.67,1.214,69.75,0.8762,14.19,2.764e-05,0.2723,3.568,1.44,2.742,0.2366,11.84,0.6021,8.425
2022-03-29T08:28:29,47484.33,3405.53,111.44,0.2792,16.4,69.9,22.5,103.21,6.946,178.36,0.6576,0.02823,0.008711,2.526,1.889,3.11,1.708,3.224,200.34,17.07,1.37,1.258,0.5716,2.759,435.7,1.214,69.72,0.8762,14.2,2.764e-05,0.2723,3.571,1.44,2.743,0.2366,11.84,0.6023,8.425
2022-03-29T08:28:59,47483.7,3405.4,111.43,0.2792,16.36,69.8,22.49,103.18,6.945,178.31,0.6576,0.02821,0.008723,2.527,1.886,3.08,1.706,3.224,200.35,17.07,1.37,1.258,0.5716,2.763,435.64,1.214,69.71,0.8757,14.2,2.763e-05,0.2723,3.569,1.438,2.742,0.2364,11.84,0.6022,8.427
2022-03-29T08:29:29,47480.31,3404.91,111.54,0.2792,16.36,69.9,22.49,103.18,6.941,178.28,0.6576,0.02818,0.008723,2.526,1.885,3.08,1.706,3.224,200.36,17.07,1.37,1.258,0.5716,2.763,435.52,1.213,69.67,0.8756,14.2,2.763e-05,0.2723,3.569,1.438,2.743,0.2365,11.84,0.6022,8.425
2022-03-29T08:29:59,47495.98,3405.18,111.64,0.2792,16.36,69.9,22.5,103.19,6.936,178.32,0.6576,0.02821,0.008723,2.527,1.894,3.08,1.706,3.232,200.4,17.07,1.37,1.257,0.5716,2.763,435.68,1.213,69.69,0.8756,14.22,2.764e-05,0.2725,3.569,1.438,2.743,0.2365,11.84,0.6024,8.427
2022-03-29T08:30:29,47493.25,3405.49,111.66,0.2795,16.36,69.9,22.49,103.22,6.933,178.34,0.6575,0.02822,0.008723,2.524,1.894,3.08,1.706,3.232,200.37,17.07,1.37,1.257,0.5716,2.76,435.77,1.213,69.7,0.8759,14.22,2.764e-05,0.2725,3.568,1.438,2.743,0.2365,11.83,0.6025,8.431
2022-03-29T08:30:59,47490.26,3405.46,111.69,0.2795,16.36,69.9,22.49,103.22,6.937,178.4,0.6575,0.02821,0.008723,2.526,1.893,3.08,1.706,3.232,200.36,17.07,1.37,1.257,0.5716,2.763,435.89,1.213,69.67,0.8759,14.23,2.764e-05,0.2726,3.567,1.438,2.742,0.2366,11.84,0.6031,8.431
2022-03-29T08:31:29,47495.38,3405.05,111.75,0.2797,16.36,69.9,22.47,103.29,6.931,178.43,0.6575,0.02821,0.008723,2.526,1.896,3.08,1.708,3.258,200.48,17.07,1.37,1.257,0.5716,2.766,435.89,1.214,69.63,0.8759,14.23,2.764e-05,0.2727,3.567,1.438,2.742,0.2366,11.84,0.6031,8.431
2022-03-29T08:32:00,47487.19,3404.97,111.74,0.2797,16.36,69.7,22.47,103.32,6.929,178.35,0.6575,0.02821,0.008745,2.526,1.896,3.08,1.708,3.252,200.46,17.07,1.37,1.257,0.5716,2.767,435.86,1.213,69.64,0.8759,14.23,2.764e-05,0.2727,3.568,1.437,2.742,0.2366,11.86,0.6029,8.433
2022-03-29T08:32:30,47487.6,3404.51,111.71,0.2796,16.36,69.7,22.47,103.33,6.927,178.25,0.6575,0.02819,0.008732,2.526,1.895,3.07,1.708,3.252,200.45,17.07,1.37,1.258,0.5716,2.765,435.82,1.213,69.6,0.8758,14.2,2.763e-05,0.2727,3.568,1.437,2.742,0.2364,11.87,0.6032,8.434
2022-03-29T08:33:00,47481.29,3403.91,111.28,0.2796,16.41,69.7,22.46,103.32,6.927,178.24,0.6575,0.0282,0.008732,2.527,1.894,3.07,1.706,3.252,200.36,17.07,1.37,1.258,0.5716,2.761,435.77,1.212,69.57,0.8757,14.21,2.756e-05,0.2727,3.568,1.434,2.742,0.2365,11.87,0.6031,8.433
2022-03-29T08:33:30,47470.58,3403.7,110.99,0.2796,16.41,69.7,22.46,103.24,6.927,178.22,0.6575,0.02815,0.008723,2.526,1.894,3.07,1.704,3.252,200.3,17.07,1.37,1.258,0.5716,2.757,435.59,1.212,69.57,0.8753,14.2,2.755e-05,0.272,3.565,1.435,2.74,0.2365,11.89,0.6023,8.434
2022-03-29T08:34:00,47464.16,3402.16,111.01,0.2793,16.41,69.7,22.46,103.19,6.927,178.05,0.6564,0.0281,0.008706,2.526,1.893,3.04,1.704,3.257,199.92,17.07,1.37,1.258,0.5716,2.757,435.53,1.212,69.47,0.8751,14.2,2.751e-05,0.272,3.561,1.434,2.737,0.2362,11.87,0.6022,8.433
2022-03-29T08:34:30,47463.61,3402.75,110.96,0.2794,16.41,69.7,22.47,103.03,6.923,178.07,0.6565,0.0281,0.008721,2.524,1.888,3.02,1.704,3.257,199.92,17.07,1.37,1.257,0.5716,2.753,435.51,1.212,69.45,0.8751,14.23,2.754e-05,0.2722,3.561,1.434,2.736,0.2362,11.87,0.6019,8.429
2022-03-29T08:35:00,47464.7,3404.52,111,0.2794,16.41,69.9,22.47,102.94,6.92,178.07,0.6565,0.02807,0.008721,2.524,1.883,3.01,1.704,3.257,199.89,17.07,1.37,1.257,0.5716,2.749,435.57,1.212,69.38,0.8746,14.24,2.754e-05,0.2722,3.559,1.434,2.735,0.2362,11.9,0.6012,8.406
2022-03-29T08:35:31,47463.99,3404.42,110.93,0.2794,16.42,69.9,22.47,102.85,6.931,177.99,0.6565,0.02808,0.00872,2.524,1.879,3.01,1.702,3.257,199.8,17.07,1.37,1.256,0.5716,2.751,435.57,1.212,69.35,0.8745,14.23,2.755e-05,0.2718,3.559,1.434,2.734,0.2362,11.91,0.6017,8.398
2022-03-29T08:36:01,47461.44,3404.11,110.93,0.2792,16.42,69.9,22.47,102.8,6.928,177.95,0.6565,0.02809,0.00872,2.526,1.872,3.01,1.702,3.257,199.69,17.07,1.365,1.258,0.5716,2.749,435.53,1.211,69.35,0.8742,14.23,2.754e-05,0.2716,3.558,1.433,2.732,0.236,11.91,0.6017,8.398
2022-03-29T08:36:32,47463.21,3404.56,110.92,0.2795,16.42,69.8,22.47,102.81,6.928,177.94,0.6571,0.02811,0.008721,2.527,1.873,3.01,1.703,3.257,199.7,17.08,1.365,1.258,0.5716,2.748,435.29,1.211,69.41,0.874,14.2,2.754e-05,0.2714,3.555,1.433,2.732,0.2361,11.92,0.6017,8.394
2022-03-29T08:37:02,47472.54,3404.95,110.94,0.2795,16.42,69.8,22.48,102.83,6.923,178.01,0.6571,0.02812,0.008721,2.527,1.874,3.01,1.703,3.278,199.76,17.08,1.365,1.258,0.5716,2.751,435.3,1.211,69.41,0.8741,14.2,2.754e-05,0.2714,3.556,1.435,2.733,0.2362,11.93,0.6018,8.392
2022-03-29T08:37:32,47485.97,3405.96,110.92,0.2796,16.42,69.8,22.48,102.88,6.924,178.3,0.6571,0.02814,0.008721,2.527,1.873,3.01,1.703,3.276,200.03,17.08,1.365,1.257,0.5716,2.752,435.47,1.211,69.44,0.8747,14.2,2.755e-05,0.2714,3.56,1.436,2.735,0.2362,11.94,0.6015,8.399
2022-03-29T08:38:02,47487.32,3406.25,110.98,0.28,16.45,69.8,22.51,103.08,6.922,178.41,0.6571,0.02815,0.008721,2.527,1.877,3.01,1.704,3.276,200.16,17.08,1.365,1.257,0.5716,2.754,435.6,1.212,69.56,0.8749,14.2,2.755e-05,0.2714,3.561,1.438,2.735,0.2364,11.96,0.6016,8.407
2022-03-29T08:38:32,47489.74,3406.92,110.98,0.2799,16.46,69.8,22.51,103.11,6.92,178.68,0.6571,0.02819,0.008721,2.527,1.879,3.01,1.704,3.274,200.34,17.08,1.365,1.257,0.5716,2.759,435.6,1.213,69.54,0.875,14.2,2.756e-05,0.2725,3.56,1.438,2.735,0.2364,11.95,0.6024,8.406
2022-03-29T08:39:03,47499.46,3407.55,111.06,0.28,16.47,69.8,22.52,103.16,6.92,178.75,0.6603,0.02823,0.008721,2.527,1.879,3.01,1.704,3.283,200.46,17.08,1.365,1.257,0.5716,2.762,435.74,1.213,69.49,0.8754,14.2,2.765e-05,0.2727,3.564,1.439,2.735,0.2366,11.94,0.6027,8.406
2022-03-29T08:39:33,47518.64,3409.42,111.06,0.2801,16.47,69.8,22.52,103.23,6.92,178.85,0.6603,0.02827,0.008749,2.529,1.883,3.01,1.706,3.278,200.51,17.08,1.365,1.257,0.5716,2.767,435.93,1.214,69.48,0.8757,14.26,2.765e-05,0.2727,3.565,1.44,2.736,0.2367,11.96,0.6036,8.411
2022-03-29T08:40:03,47528.46,3408.99,111.06,0.2803,16.47,69.8,22.53,103.12,6.915,179.03,0.6607,0.02827,0.00876,2.529,1.883,3.01,1.706,3.278,200.74,17.08,1.365,1.257,0.5716,2.767,436.05,1.214,69.46,0.8757,14.25,2.766e-05,0.2727,3.565,1.441,2.738,0.2368,11.97,0.6041,8.415
2022-03-29T08:40:33,47525.3,3409.54,111.06,0.2803,16.48,69.9,22.53,103.14,6.912,179.32,0.6607,0.02831,0.00876,2.529,1.882,3.01,1.706,3.275,200.87,17.08,1.365,1.259,0.5716,2.772,436.1,1.214,69.52,0.8765,14.28,2.77e-05,0.2732,3.566,1.441,2.738,0.2368,11.97,0.6041,8.414
2022-03-29T08:41:03,47533.46,3410.04,111.1,0.2806,16.48,69.9,22.54,103.21,6.903,179.46,0.6607,0.02838,0.00876,2.533,1.882,3.01,1.708,3.276,201.04,17.08,1.365,1.259,0.5716,2.775,436.19,1.215,69.52,0.8765,14.28,2.772e-05,0.2732,3.568,1.441,2.741,0.2368,11.98,0.6046,8.435
2022-03-29T08:41:33,47536.25,3412.59,111.1,0.2806,16.48,69.9,22.54,103.25,6.905,179.55,0.6607,0.02837,0.00876,2.533,1.883,3.01,1.711,3.278,201.14,17.08,1.365,1.258,0.5716,2.775,436.42,1.216,69.62,0.8768,14.28,2.772e-05,0.2733,3.568,1.443,2.741,0.2369,11.97,0.6046,8.443
2022-03-29T08:42:03,47541.92,3413.1,111.15,0.2807,16.48,69.8,22.55,103.26,6.904,179.55,0.6607,0.02836,0.00876,2.533,1.882,3.01,1.715,3.276,201.14,17.08,1.365,1.258,0.5713,2.774,436.48,1.216,69.62,0.8768,14.28,2.77e-05,0.2734,3.57,1.444,2.741,0.237,11.97,0.6046,8.443
2022-03-29T08:42:33,47541.28,3413.04,111.16,0.2807,16.48,69.8,22.54,103.27,6.903,179.48,0.6607,0.02836,0.008742,2.533,1.882,3.01,1.716,3.276,201.12,17.08,1.365,1.26,0.5713,2.771,436.45,1.217,69.67,0.8768,14.26,2.769e-05,0.2732,3.57,1.444,2.741,0.237,11.94,0.605,8.444
2022-03-29T08:43:04,47539.02,3412.66,111.1,0.2808,16.48,69.9,22.55,103.25,6.904,179.34,0.6616,0.02834,0.008742,2.533,1.881,3.01,1.716,3.276,201.07,17.08,1.365,1.258,0.5713,2.765,436.46,1.217,69.68,0.8768,14.26,2.769e-05,0.2732,3.57,1.443,2.74,0.237,11.94,0.6047,8.448
2022-03-29T08:43:34,47541.36,3412.29,111.11,0.2808,16.48,69.9,22.56,103.17,6.908,179.21,0.6616,0.02836,0.00874,2.539,1.882,3.01,1.717,3.276,201.09,17.08,1.365,1.258,0.5713,2.762,436.42,1.217,69.74,0.8769,14.26,2.769e-05,0.2732,3.57,1.443,2.741,0.2371,11.94,0.6047,8.45
2022-03-29T08:44:04,47541.92,3412.54,111.14,0.2809,16.48,69.9,22.56,103.15,6.905,179.12,0.6599,0.02834,0.00874,2.539,1.881,3.01,1.717,3.276,201.04,17.15,1.365,1.258,0.5713,2.761,436.42,1.217,69.87,0.8778,14.25,2.769e-05,0.2731,3.572,1.443,2.741,0.2371,11.92,0.6047,8.453
2022-03-29T08:44:34,47549.53,3412.95,111.14,0.281,16.48,70,22.57,103.17,6.908,179.13,0.6616,0.02834,0.008757,2.539,1.881,3.01,1.718,3.269,201.01,17.15,1.365,1.257,0.5713,2.76,436.58,1.217,69.83,0.8779,14.27,2.768e-05,0.2734,3.573,1.443,2.744,0.2371,11.93,0.6048,8.448
2022-03-29T08:45:04,47547.71,3413.59,111.14,0.281,16.5,70,22.57,103.29,6.908,179.09,0.6616,0.02831,0.008757,2.543,1.88,3.01,1.719,3.27,200.98,17.15,1.365,1.257,0.5713,2.757,436.53,1.216,69.83,0.878,14.29,2.768e-05,0.2731,3.572,1.444,2.743,0.2371,11.93,0.6049,8.455
2022-03-29T08:45:34,47541.06,3413.5,111.05,0.281,16.5,70,22.57,103.39,6.909,179.31,0.6616,0.02829,0.008757,2.543,1.882,3.01,1.719,3.27,201.03,17.15,1.365,1.257,0.5713,2.759,436.5,1.216,69.8,0.8773,14.29,2.768e-05,0.2731,3.572,1.443,2.743,0.2374,11.93,0.6046,8.455
2022-03-29T08:46:04,47540.61,3413.25,111.04,0.281,16.5,70,22.57,103.4,6.911,179.29,0.6616,0.02829,0.00877,2.543,1.882,3.01,1.719,3.27,201.04,17.15,1.365,1.257,0.5713,2.76,436.49,1.215,69.81,0.8773,14.28,2.766e-05,0.2733,3.572,1.443,2.744,0.2374,11.92,0.6045,8.454
2022-03-29T08:46:34,47527.89,3412.93,111.05,0.2808,16.5,70.1,22.57,103.36,6.915,179.29,0.6616,0.02829,0.00876,2.542,1.882,3.01,1.719,3.27,201.02,17.21,1.365,1.257,0.5713,2.761,436.47,1.216,69.78,0.8773,14.27,2.765e-05,0.2733,3.572,1.443,2.745,0.2374,11.91,0.6046,8.454
2022-03-29T08:47:05,47530.18,3412.69,111.05,0.2805,16.5,70.1,22.56,103.35,6.909,179.29,0.6617,0.02824,0.00876,2.542,1.882,3.01,1.717,3.263,200.99,17.09,1.365,1.258,0.5713,2.761,436.51,1.216,69.66,0.8772,14.24,2.765e-05,0.2733,3.572,1.442,2.746,0.2373,11.91,0.605,8.455
2022-03-29T08:47:35,47553.88,3413.39,111.26,0.2805,16.5,70.1,22.57,103.36,6.906,179.25,0.6617,0.02823,0.008773,2.552,1.882,3.01,1.718,3.263,201.02,17.09,1.37,1.258,0.5713,2.768,436.54,1.216,69.62,0.8772,14.25,2.766e-05,0.2737,3.573,1.442,2.747,0.2374,11.9,0.6054,8.456
2022-03-29T08:48:05,47568.34,3415.47,111.27,0.2812,16.5,70.1,22.59,103.4,6.906,179.25,0.6619,0.02824,0.008773,2.553,1.888,3.01,1.719,3.263,201.07,17.09,1.375,1.258,0.5713,2.768,436.59,1.216,69.65,0.878,14.24,2.769e-05,0.2737,3.574,1.444,2.747,0.2374,11.89,0.6053,8.458
2022-03-29T08:48:35,47574.15,3415.97,111.29,0.2812,16.5,70,22.59,103.43,6.914,179.39,0.6596,0.02831,0.008773,2.552,1.889,3.01,1.719,3.273,201.18,17.09,1.375,1.258,0.5713,2.77,436.82,1.216,69.66,0.8784,14.24,2.77e-05,0.2737,3.576,1.444,2.749,0.2376,11.89,0.6053,8.458
2022-03-29T08:49:05,47583.64,3417.82,111.29,0.2812,16.5,70,22.59,103.62,6.918,179.36,0.6596,0.02836,0.008773,2.552,1.889,3.01,1.719,3.273,201.21,17.09,1.375,1.26,0.5713,2.77,436.93,1.216,69.68,0.8784,14.24,2.772e-05,0.2738,3.577,1.445,2.748,0.2376,11.88,0.6053,8.472
2022-03-29T08:49:35,47588.22,3417.38,111.29,0.2816,16.5,69.9,22.6,103.64,6.917,179.36,0.6598,0.0284,0.008773,2.552,1.88,3.01,1.72,3.277,201.23,17.09,1.375,1.258,0.5713,2.769,437.12,1.217,69.7,0.8786,14.21,2.77e-05,0.2741,3.581,1.446,2.748,0.2376,11.88,0.6053,8.473
2022-03-29T08:50:05,47583.32,3415.27,111.3,0.2817,16.5,69.9,22.6,103.65,6.916,179.34,0.6598,0.02838,0.008765,2.552,1.876,3.01,1.72,3.28,201.18,17.09,1.375,1.258,0.5713,2.768,437.1,1.217,69.77,0.8784,14.21,2.77e-05,0.2744,3.582,1.446,2.748,0.2376,11.92,0.6056,8.474
2022-03-29T08:50:35,47570.2,3415.12,111.28,0.2816,16.46,69.9,22.59,103.57,6.92,179.27,0.6598,0.02836,0.008765,2.551,1.877,3.01,1.721,3.28,201.12,17.09,1.375,1.258,0.5713,2.766,436.88,1.217,69.72,0.8779,14.23,2.77e-05,0.2745,3.581,1.445,2.748,0.2375,11.92,0.6057,8.474
2022-03-29T08:51:06,47570.13,3415.3,111.28,0.2817,16.46,70,22.59,103.6,6.925,179.26,0.6623,0.02836,0.008774,2.552,1.878,3.01,1.721,3.276,201.13,17.09,1.375,1.258,0.5713,2.766,436.8,1.217,69.73,0.8781,14.2,2.768e-05,0.2747,3.581,1.445,2.749,0.2375,11.92,0.6064,8.469
2022-03-29T08:51:36,47595.05,3415.3,111.32,0.282,16.49,70,22.59,103.53,6.928,179.25,0.6623,0.02839,0.008774,2.553,1.878,3.01,1.721,3.277,201.21,17.09,1.375,1.258,0.5713,2.762,436.79,1.217,69.75,0.8782,14.22,2.768e-05,0.2742,3.581,1.445,2.749,0.2376,11.92,0.6066,8.472
2022-03-29T08:52:06,47599.93,3415.04,111.32,0.2817,16.49,70,22.59,103.49,6.925,179.31,0.6623,0.0284,0.008774,2.553,1.886,3.01,1.721,3.277,201.22,17.09,1.377,1.259,0.5713,2.762,436.87,1.218,69.76,0.8785,14.22,2.769e-05,0.2743,3.581,1.445,2.749,0.2376,11.92,0.6066,8.474
2022-03-29T08:52:36,47587.99,3415.09,111.32,0.2815,16.49,69.9,22.59,103.44,6.928,179.34,0.6623,0.02839,0.008774,2.553,1.899,3.01,1.72,3.278,201.2,17.07,1.377,1.259,0.5713,2.762,436.87,1.217,69.8,0.878,14.22,2.772e-05,0.2741,3.581,1.445,2.749,0.2376,11.92,0.6074,8.473
2022-03-29T08:53:06,47589.29,3415.52,111.33,0.2816,16.49,69.9,22.59,103.37,6.928,179.33,0.6623,0.0284,0.008774,2.553,1.9,3.01,1.72,3.278,201.24,17.07,1.367,1.266,0.5713,2.76,436.87,1.217,69.82,0.878,14.23,2.773e-05,0.2741,3.581,1.446,2.75,0.2375,11.95,0.6075,8.472
2022-03-29T08:53:36,47581.63,3414.67,111.32,0.2816,16.49,69.9,22.59,103.36,6.929,179.27,0.6625,0.02836,0.00877,2.552,1.907,3.04,1.72,3.278,201.21,17.07,1.367,1.266,0.5713,2.759,436.95,1.217,69.81,0.8779,14.23,2.772e-05,0.2741,3.58,1.446,2.75,0.2376,11.96,0.6075,8.475
2022-03-29T08:54:06,47574.78,3413.95,111.31,0.2816,16.46,69.9,22.59,103.32,6.928,179.06,0.6625,0.0283,0.00877,2.554,1.917,3.04,1.72,3.272,201.13,17.07,1.367,1.266,0.5713,2.76,436.87,1.217,69.77,0.8778,14.21,2.772e-05,0.2745,3.58,1.445,2.749,0.2376,11.97,0.6071,8.474
2022-03-29T08:54:37,47577.28,3413.8,111.29,0.2811,16.46,70,22.59,103.38,6.928,179.1,0.6601,0.02826,0.00877,2.554,1.889,3.04,1.72,3.275,201.1,17.07,1.367,1.264,0.5713,2.767,436.69,1.217,69.77,0.8778,14.21,2.772e-05,0.2743,3.58,1.444,2.75,0.2376,11.96,0.6077,8.474
2022-03-29T08:55:07,47573.18,3413.71,111.29,0.281,16.46,70,22.58,103.32,6.928,179.06,0.66,0.02824,0.008772,2.554,1.892,3.04,1.72,3.276,201.05,17.14,1.367,1.264,0.5713,2.767,436.69,1.217,69.75,0.8775,14.21,2.772e-05,0.2742,3.58,1.444,2.75,0.2375,11.96,0.6074,8.475
2022-03-29T08:55:37,47552.19,3411.39,111.28,0.2809,16.49,70,22.58,103.28,6.915,178.93,0.66,0.02814,0.00877,2.556,1.89,3.04,1.719,3.276,200.73,17.14,1.367,1.265,0.5713,2.765,436.59,1.215,69.71,0.8772,14.19,2.77e-05,0.2737,3.578,1.442,2.747,0.2371,11.96,0.6071,8.471
2022-03-29T08:56:07,47547.76,3410.47,111.27,0.281,16.49,70,22.56,103.25,6.922,178.96,0.66,0.02812,0.008756,2.556,1.888,3.04,1.719,3.276,200.87,17.14,1.367,1.265,0.5713,2.765,436.47,1.215,69.74,0.8771,14.19,2.769e-05,0.274,3.581,1.441,2.747,0.2371,11.96,0.6071,8.471
2022-03-29T08:56:37,47548.93,3410.4,111.28,0.2809,16.49,70,22.57,103.25,6.922,178.88,0.66,0.02813,0.008756,2.555,1.887,3.04,1.718,3.242,200.89,17.14,1.367,1.265,0.5713,2.764,436.5,1.215,69.79,0.8771,14.19,2.761e-05,0.274,3.583,1.441,2.749,0.2372,11.96,0.6068,8.47
2022-03-29T08:57:07,47531.99,3409.79,111.26,0.2809,16.49,70,22.56,103.22,6.906,178.85,0.66,0.02816,0.008756,2.554,1.886,3.04,1.716,3.253,200.83,17.14,1.367,1.269,0.5713,2.761,436.42,1.215,69.77,0.8771,14.22,2.759e-05,0.2741,3.581,1.441,2.748,0.237,11.97,0.6068,8.47
2022-03-29T08:57:37,47526.97,3409.66,111.25,0.2809,16.49,70,22.56,103.17,6.908,178.8,0.66,0.02816,0.008756,2.554,1.885,3.04,1.716,3.249,200.53,17.14,1.367,1.269,0.5713,2.762,436.29,1.215,69.73,0.8763,14.22,2.758e-05,0.2741,3.581,1.44,2.746,0.237,11.97,0.6069,8.47
2022-03-29T08:58:07,47525.85,3409.5,111.14,0.2809,16.49,70,22.56,103.21,6.906,178.82,0.661,0.02816,0.008756,2.554,1.885,3.04,1.717,3.249,200.59,17.14,1.367,1.276,0.5713,2.761,436.2,1.214,69.74,0.8763,14.23,2.758e-05,0.274,3.58,1.44,2.745,0.237,11.97,0.606,8.468
2022-03-29T08:58:37,47531.25,3409.73,111.09,0.2807,16.49,70,22.55,103.2,6.906,178.82,0.6603,0.02818,0.008756,2.555,1.886,3.04,1.715,3.241,200.53,17.14,1.367,1.279,0.5713,2.762,436.22,1.214,69.79,0.8763,14.23,2.76e-05,0.2738,3.579,1.44,2.74,0.237,11.99,0.606,8.466
2022-03-29T08:59:08,47534.78,3411.77,111.21,0.2807,16.49,70,22.56,103.21,6.904,178.74,0.6622,0.02821,0.008756,2.553,1.886,3.04,1.716,3.241,200.56,17.14,1.367,1.279,0.5713,2.763,436.39,1.214,69.87,0.8762,14.25,2.761e-05,0.2741,3.58,1.441,2.741,0.237,12.02,0.6061,8.47
2022-03-29T08:59:38,47534.01,3411.55,111.21,0.2808,16.49,70,22.56,103.16,6.904,178.71,0.6622,0.02821,0.008756,2.553,1.886,3.04,1.716,3.241,200.52,17.14,1.367,1.279,0.5713,2.761,436.37,1.214,69.86,0.876,14.26,2.761e-05,0.2741,3.58,1.441,2.74,0.237,12.02,0.6065,8.468
2022-03-29T09:00:08,47535,3412.02,111.21,0.2808,16.48,70,22.58,103.2,6.903,178.75,0.6609,0.02822,0.008756,2.553,1.883,3.04,1.716,3.246,200.74,17.14,1.367,1.279,0.5713,2.763,436.33,1.214,69.86,0.8761,14.26,2.758e-05,0.2741,3.578,1.441,2.74,0.237,12.05,0.6065,8.462
2022-03-29T09:00:38,47528.94,3411.72,111.17,0.281,16.48,70,22.58,103.24,6.906,178.6,0.6617,0.02823,0.008756,2.552,1.883,3.04,1.717,3.246,200.68,17.14,1.367,1.285,0.5713,2.76,436.32,1.214,69.8,0.876,14.26,2.758e-05,0.2741,3.578,1.441,2.739,0.2369,12.02,0.6065,8.462
2022-03-29T09:01:08,47525.59,3409.36,111.14,0.2809,16.48,70,22.57,103.23,6.904,178.55,0.661,0.02823,0.008756,2.55,1.885,3.04,1.715,3.239,200.58,17.14,1.37,1.287,0.5713,2.753,436.31,1.214,69.79,0.8759,14.24,2.757e-05,0.2738,3.576,1.44,2.737,0.2369,12.01,0.6065,8.455
2022-03-29T09:01:38,47532.26,3410.34,111.08,0.2809,16.48,70,22.58,103.26,6.904,178.54,0.661,0.02822,0.008756,2.55,1.886,3.04,1.716,3.239,200.53,17.14,1.37,1.287,0.5713,2.758,436.29,1.214,69.79,0.8756,14.24,2.755e-05,0.2741,3.575,1.439,2.737,0.2368,11.98,0.6062,8.461
2022-03-29T09:02:09,47541.98,3411.05,111.19,0.2813,16.48,70,22.61,103.35,6.902,178.83,0.6598,0.02834,0.008756,2.556,1.886,3.04,1.716,3.239,200.64,17.14,1.374,1.285,0.5713,2.758,436.55,1.215,69.84,0.8757,14.26,2.758e-05,0.2745,3.581,1.441,2.738,0.2369,12,0.6067,8.46
2022-03-29T09:02:39,47565.93,3415.3,111.21,0.2813,16.48,70,22.61,103.38,6.906,178.82,0.661,0.02837,0.008756,2.557,1.886,3.04,1.718,3.239,200.8,17.11,1.374,1.287,0.5713,2.757,436.62,1.215,69.9,0.8761,14.26,2.758e-05,0.2748,3.586,1.443,2.741,0.237,12.02,0.6069,8.467
2022-03-29T09:03:09,47568.24,3416.02,111.22,0.2813,16.48,70,22.62,103.4,6.906,178.82,0.6613,0.02838,0.008756,2.557,1.887,3.04,1.718,3.258,200.8,17.11,1.374,1.285,0.5713,2.758,436.83,1.215,69.9,0.8764,14.28,2.761e-05,0.2749,3.586,1.444,2.741,0.2371,11.96,0.607,8.462
2022-03-29T09:03:39,47570.51,3416.88,111.23,0.2809,16.48,70,22.62,103.42,6.903,178.77,0.6613,0.0284,0.008657,2.557,1.885,3.04,1.718,3.256,200.77,17.11,1.374,1.285,0.5713,2.755,436.8,1.215,69.91,0.8764,14.29,2.761e-05,0.2747,3.586,1.444,2.741,0.2372,11.96,0.6067,8.467
2022-03-29T09:04:09,47568.66,3416.78,111.35,0.281,16.48,70,22.59,103.41,6.905,178.77,0.6613,0.02838,0.008657,2.557,1.886,3.04,1.718,3.256,200.78,17.11,1.374,1.287,0.5713,2.755,436.84,1.215,69.92,0.8763,14.28,2.759e-05,0.2746,3.585,1.443,2.741,0.2371,11.9,0.6065,8.462
2022-03-29T09:04:39,47576.41,3418.1,111.39,0.281,16.47,70,22.6,103.45,6.911,178.83,0.6613,0.02838,0.008657,2.557,1.887,3.04,1.718,3.256,200.8,17.11,1.374,1.287,0.5713,2.757,436.85,1.215,69.97,0.8764,14.29,2.759e-05,0.2747,3.585,1.443,2.74,0.2371,11.9,0.6065,8.47
2022-03-29T09:05:09,47587.16,3419.15,111.4,0.281,16.47,70,22.61,103.47,6.912,178.82,0.6613,0.02841,0.008682,2.555,1.889,3.04,1.719,3.256,200.79,17.11,1.374,1.287,0.5713,2.756,436.85,1.216,70,0.8765,14.29,2.76e-05,0.2749,3.585,1.444,2.74,0.2372,11.9,0.6064,8.468
2022-03-29T09:05:40,47584.95,3419.28,111.4,0.281,16.47,70,22.61,103.48,6.92,178.83,0.6613,0.02841,0.008657,2.555,1.889,3.04,1.719,3.256,200.75,17.11,1.374,1.287,0.5713,2.756,436.89,1.215,70,0.8765,14.34,2.761e-05,0.2749,3.586,1.444,2.74,0.2372,11.9,0.6065,8.47
2022-03-29T09:06:10,47585.37,3418.97,111.4,0.281,16.47,70,22.61,103.48,6.922,178.88,0.6606,0.02839,0.008657,2.555,1.889,3.04,1.719,3.256,200.75,17.11,1.374,1.287,0.5713,2.758,436.92,1.216,69.99,0.8764,14.31,2.76e-05,0.2748,3.585,1.444,2.741,0.2372,11.9,0.6065,8.472
2022-03-29T09:06:40,47595.89,3419.09,111.4,0.2811,16.48,70,22.61,103.5,6.926,178.88,0.6606,0.02839,0.008657,2.555,1.889,3.04,1.719,3.256,200.78,17.11,1.374,1.287,0.5713,2.757,436.87,1.216,70,0.8764,14.33,2.761e-05,0.2748,3.585,1.444,2.741,0.2372,11.9,0.6061,8.471
2022-03-29T09:07:10,47595.83,3419,111.4,0.2811,16.52,70,22.61,103.51,6.922,178.91,0.6606,0.02835,0.008657,2.555,1.889,3.04,1.719,3.256,200.79,17,1.374,1.287,0.5713,2.758,436.97,1.216,70,0.8764,14.33,2.762e-05,0.2746,3.585,1.445,2.742,0.2372,11.91,0.6061,8.47
2022-03-29T09:07:40,47602.24,3419.64,111.43,0.2811,16.52,70,22.62,103.56,6.929,178.97,0.6606,0.02831,0.008657,2.554,1.889,3.04,1.719,3.256,200.83,17,1.374,1.287,0.5713,2.757,437.05,1.216,69.99,0.8765,14.33,2.762e-05,0.2746,3.586,1.445,2.743,0.2372,11.92,0.606,8.47
2022-03-29T09:08:10,47612.6,3420.38,111.45,0.2812,16.52,70,22.63,103.59,6.925,178.98,0.6606,0.02834,0.008657,2.552,1.892,3.04,1.719,3.256,200.99,17,1.374,1.287,0.5713,2.758,437.3,1.216,70,0.8768,14.31,2.763e-05,0.2747,3.586,1.445,2.746,0.2373,11.91,0.6063,8.47
2022-03-29T09:08:41,47622.19,3421.57,111.49,0.2813,16.52,70,22.64,103.62,6.932,179.07,0.6614,0.02834,0.008741,2.553,1.89,3.04,1.72,3.256,200.98,17,1.374,1.287,0.5713,2.759,437.34,1.217,70,0.8769,14.31,2.764e-05,0.2748,3.586,1.445,2.747,0.2374,11.92,0.6063,8.471
2022-03-29T09:09:11,47629.84,3422.49,111.5,0.2813,16.52,70,22.63,103.72,6.926,179.07,0.663,0.02834,0.008743,2.553,1.89,3.04,1.72,3.256,201.01,17,1.374,1.287,0.5713,2.76,437.51,1.217,69.98,0.8769,14.32,2.765e-05,0.2748,3.587,1.446,2.747,0.2374,11.93,0.6061,8.47
2022-03-29T09:09:41,47620.72,3422.21,111.52,0.2813,16.52,70,22.64,103.72,6.928,179.09,0.663,0.0282,0.008729,2.553,1.891,3.04,1.72,3.256,201.24,17,1.374,1.287,0.5713,2.762,437.54,1.217,70.02,0.8769,14.32,2.765e-05,0.2748,3.586,1.446,2.747,0.2375,11.93,0.6061,8.469
2022-03-29T09:10:11,47624.88,3422.27,111.53,0.2814,16.52,70,22.64,103.69,6.925,179.09,0.6629,0.0282,0.008729,2.551,1.889,3.04,1.72,3.256,201.35,17,1.374,1.287,0.5713,2.762,437.59,1.217,70.08,0.8769,14.33,2.766e-05,0.2748,3.587,1.446,2.749,0.2375,11.93,0.6062,8.47
2022-03-29T09:10:41,47629.3,3422.33,111.53,0.2814,16.52,70,22.63,103.63,6.925,179.14,0.6627,0.02825,0.008729,2.551,1.889,3.04,1.72,3.256,201.54,17,1.374,1.287,0.5713,2.762,437.54,1.217,70.18,0.877,14.33,2.767e-05,0.2748,3.587,1.446,2.749,0.2375,11.94,0.6061,8.469
2022-03-29T09:11:11,47631.77,3423.63,111.53,0.2814,16.52,70,22.63,103.62,6.923,179.1,0.6621,0.02829,0.008729,2.551,1.89,3.04,1.72,3.256,201.56,17,1.374,1.287,0.5713,2.763,437.57,1.218,70.19,0.877,14.33,2.767e-05,0.2743,3.587,1.446,2.749,0.2375,11.94,0.6061,8.47
2022-03-29T09:11:42,47638.13,3424.5,111.53,0.2814,16.52,70,22.63,103.63,6.929,179.1,0.6621,0.02831,0.008729,2.552,1.89,3.04,1.72,3.256,201.5,17,1.374,1.287,0.5713,2.767,437.72,1.218,70.25,0.8771,14.34,2.768e-05,0.2743,3.587,1.446,2.749,0.2375,11.94,0.6061,8.47
2022-03-29T09:12:12,47640.83,3424.61,111.53,0.2814,16.52,70,22.63,103.59,6.929,179.09,0.6621,0.02834,0.008725,2.552,1.893,3.04,1.72,3.256,201.49,17,1.374,1.287,0.5713,2.766,437.73,1.218,70.23,0.8771,14.34,2.769e-05,0.2743,3.587,1.445,2.749,0.2374,11.94,0.6061,8.47
2022-03-29T09:12:42,47627.87,3424.5,111.52,0.2813,16.52,70,22.63,103.55,6.933,178.94,0.6621,0.02835,0.008725,2.551,1.892,3.04,1.72,3.256,201.47,17.01,1.374,1.287,0.5713,2.768,437.71,1.218,70.25,0.8771,14.34,2.77e-05,0.2738,3.586,1.445,2.749,0.2373,11.92,0.6059,8.472
2022-03-29T09:13:12,47636.54,3424.67,111.52,0.2813,16.52,70,22.63,103.52,6.929,178.94,0.6621,0.02836,0.008743,2.552,1.892,3.04,1.72,3.256,201.49,17.01,1.374,1.287,0.5713,2.77,437.71,1.218,70.22,0.8771,14.34,2.77e-05,0.275,3.586,1.445,2.749,0.2374,11.94,0.6057,8.47
2022-03-29T09:13:42,47643.56,3425.46,111.52,0.2813,16.52,70,22.63,103.51,6.929,178.92,0.6621,0.02837,0.008722,2.552,1.894,3.04,1.721,3.256,201.51,17.01,1.374,1.287,0.5713,2.771,437.85,1.218,70.18,0.8771,14.37,2.771e-05,0.2747,3.586,1.445,2.749,0.2374,11.94,0.6057,8.471
2022-03-29T09:14:12,47641.22,3425.06,111.51,0.2813,16.52,70,22.63,103.5,6.93,178.84,0.6626,0.02838,0.008743,2.552,1.897,3.04,1.721,3.256,201.48,17.01,1.374,1.287,0.5713,2.768,437.86,1.218,70.11,0.8771,14.39,2.773e-05,0.2747,3.583,1.446,2.748,0.2374,11.95,0.6058,8.471
2022-03-29T09:14:42,47646.18,3424.39,111.53,0.2812,16.53,70,22.64,103.47,6.929,178.83,0.6624,0.02837,0.008743,2.554,1.897,3.04,1.721,3.256,201.51,17.01,1.374,1.287,0.5713,2.765,437.81,1.218,70.09,0.8772,14.37,2.771e-05,0.2746,3.582,1.446,2.747,0.2374,11.96,0.6058,8.471
2022-03-29T09:15:12,47649.7,3423.67,111.51,0.2812,16.52,70,22.63,103.44,6.931,178.88,0.6624,0.02838,0.008743,2.554,1.9,3.04,1.72,3.256,201.46,17.01,1.374,1.287,0.5713,2.767,437.88,1.218,70.09,0.8772,14.37,2.77e-05,0.2746,3.58,1.445,2.747,0.2374,11.97,0.6056,8.472
2022-03-29T09:15:43,47650.4,3424.21,111.52,0.2813,16.52,70,22.64,103.42,6.93,178.86,0.6624,0.02836,0.008743,2.554,1.901,3.04,1.72,3.256,201.34,17.01,1.374,1.287,0.5713,2.77,437.71,1.218,70.09,0.8773,14.37,2.77e-05,0.2746,3.584,1.445,2.748,0.2373,11.97,0.6059,8.469
2022-03-29T09:16:13,47646.6,3424.46,111.52,0.2812,16.52,70,22.64,103.42,6.93,178.87,0.6624,0.02837,0.008743,2.554,1.896,3.05,1.72,3.256,201.38,17.02,1.374,1.287,0.5713,2.768,437.65,1.218,70.08,0.8774,14.4,2.77e-05,0.2746,3.584,1.445,2.748,0.2373,11.96,0.6059,8.469
2022-03-29T09:16:43,47667.44,3428.33,111.6,0.2812,16.52,70,22.66,103.48,6.93,179,0.6624,0.0284,0.008743,2.555,1.896,3.05,1.721,3.256,201.5,17.02,1.374,1.287,0.5713,2.772,437.58,1.218,70.05,0.8777,14.43,2.772e-05,0.2752,3.585,1.445,2.75,0.2376,11.95,0.6056,8.467
2022-03-29T09:17:13,47670.81,3428.24,111.59,0.2814,16.52,70,22.66,103.49,6.934,179.04,0.6634,0.02841,0.008724,2.555,1.899,3.05,1.722,3.256,201.57,17.02,1.374,1.287,0.5713,2.769,437.74,1.218,70.03,0.8781,14.46,2.773e-05,0.2751,3.588,1.446,2.751,0.2375,11.95,0.6056,8.468
2022-03-29T09:17:43,47670.32,3429.58,111.57,0.2814,16.5,70,22.68,103.48,6.936,179.05,0.6634,0.02842,0.008724,2.552,1.899,3.05,1.721,3.256,201.7,17.02,1.374,1.287,0.5713,2.765,437.63,1.218,70.08,0.8779,14.44,2.775e-05,0.275,3.589,1.445,2.75,0.2374,11.92,0.6067,8.465
2022-03-29T09:18:13,47669.03,3429.76,111.56,0.2814,16.5,70,22.68,103.46,6.932,178.96,0.664,0.02839,0.008724,2.552,1.898,3.05,1.721,3.256,201.7,17.02,1.374,1.287,0.5713,2.766,437.53,1.218,70.08,0.878,14.41,2.775e-05,0.2755,3.589,1.445,2.75,0.2376,11.93,0.6067,8.465
2022-03-29T09:18:43,47680.68,3431.09,111.56,0.2815,16.5,70,22.68,103.38,6.934,178.98,0.6639,0.02839,0.008724,2.552,1.899,3.05,1.721,3.256,201.71,17.07,1.374,1.287,0.5713,2.767,437.61,1.219,70.03,0.8781,14.4,2.777e-05,0.2757,3.59,1.445,2.751,0.2375,11.94,0.6067,8.464
2022-03-29T09:19:13,47670.1,3431.56,111.56,0.2816,16.5,70,22.67,103.35,6.941,178.92,0.6639,0.02838,0.008724,2.552,1.899,3.05,1.721,3.256,201.71,17.07,1.374,1.287,0.5713,2.767,437.79,1.218,70.01,0.8781,14.4,2.78e-05,0.2759,3.591,1.445,2.75,0.2376,11.94,0.6069,8.465
2022-03-29T09:19:44,47688.36,3433.79,111.52,0.2816,16.5,70,22.69,103.36,6.946,178.93,0.6639,0.02835,0.008715,2.553,1.899,3.05,1.721,3.256,201.73,17.07,1.374,1.287,0.5713,2.764,438.03,1.219,69.99,0.8784,14.36,2.78e-05,0.2758,3.591,1.445,2.751,0.2377,11.95,0.6069,8.462
2022-03-29T09:20:14,47678.6,3435.64,111.52,0.2816,16.5,70,22.69,103.29,6.939,178.92,0.6627,0.02831,0.008715,2.553,1.9,3.05,1.721,3.256,201.74,17.07,1.374,1.287,0.5713,2.765,438.03,1.218,69.97,0.8784,14.37,2.779e-05,0.2758,3.59,1.446,2.751,0.2376,11.95,0.6065,8.46
2022-03-29T09:20:44,47684.62,3434.88,111.5,0.2815,16.5,70,22.69,103.18,6.938,178.92,0.6627,0.02833,0.008715,2.552,1.901,3.05,1.72,3.256,201.68,17.07,1.374,1.287,0.5713,2.763,438.11,1.218,69.95,0.8782,14.35,2.776e-05,0.2758,3.59,1.446,2.751,0.2375,11.95,0.606,8.46
2022-03-29T09:21:14,47650.22,3430.82,111.42,0.2814,16.5,70,22.68,103.1,6.937,178.64,0.6627,0.02826,0.008715,2.55,1.903,3.05,1.719,3.256,201.42,17.09,1.374,1.287,0.5713,2.76,437.92,1.217,69.9,0.8775,14.32,2.774e-05,0.2749,3.588,1.445,2.745,0.2375,11.95,0.606,8.46
2022-03-29T09:21:44,47639.02,3431.04,111.38,0.2812,16.5,70,22.67,102.97,6.929,178.44,0.6637,0.02826,0.008715,2.557,1.9,3.05,1.718,3.256,201.24,17.09,1.374,1.287,0.5713,2.757,437.69,1.217,69.77,0.8775,14.32,2.771e-05,0.2748,3.585,1.443,2.745,0.2375,11.95,0.606,8.455
2022-03-29T09:22:14,47649.02,3431.05,111.4,0.2812,16.5,70,22.67,102.93,6.929,178.5,0.6624,0.02824,0.008686,2.556,1.899,3.05,1.718,3.256,201.26,17.09,1.374,1.287,0.5713,2.762,437.69,1.217,69.83,0.8775,14.32,2.771e-05,0.2748,3.585,1.442,2.744,0.2374,11.95,0.606,8.454
2022-03-29T09:22:44,47643.29,3431.59,111.42,0.2813,16.5,70,22.68,102.89,6.922,178.52,0.6624,0.02826,0.008686,2.556,1.899,3.05,1.718,3.256,201.43,17.09,1.374,1.287,0.5713,2.763,437.71,1.217,69.89,0.8777,14.32,2.771e-05,0.2748,3.584,1.442,2.745,0.2375,11.96,0.6052,8.454
2022-03-29T09:23:14,47656.23,3431.45,111.43,0.2813,16.5,70,22.68,102.9,6.919,178.54,0.6624,0.02829,0.008687,2.556,1.899,3.05,1.718,3.256,201.43,17.09,1.374,1.287,0.5713,2.763,437.77,1.217,69.97,0.8777,14.32,2.771e-05,0.2748,3.585,1.442,2.746,0.2375,11.99,0.6059,8.453
2022-03-29T09:23:45,47668.41,3433.24,111.44,0.2813,16.5,70,22.68,102.82,6.921,178.54,0.6624,0.0283,0.00867,2.555,1.901,3.05,1.718,3.256,201.5,17.09,1.374,1.287,0.5713,2.764,437.96,1.218,69.98,0.8778,14.32,2.77e-05,0.2748,3.584,1.442,2.747,0.2375,11.99,0.6059,8.455
2022-03-29T09:24:15,47668.91,3433.24,111.45,0.2814,16.5,70,22.68,102.86,6.921,178.64,0.6627,0.02832,0.00867,2.555,1.901,3.05,1.718,3.256,201.56,17.05,1.374,1.287,0.5713,2.764,437.94,1.217,69.99,0.8779,14.32,2.773e-05,0.2748,3.584,1.442,2.748,0.2376,12.02,0.6059,8.455
2022-03-29T09:24:45,47667.84,3433.23,111.49,0.2814,16.49,70.1,22.69,102.89,6.926,178.66,0.6694,0.02833,0.00867,2.555,1.899,3.05,1.718,3.247,201.73,17.05,1.374,1.301,0.5713,2.764,437.91,1.218,69.95,0.8783,14.32,2.772e-05,0.2748,3.584,1.442,2.748,0.2376,12.04,0.6059,8.453
2022-03-29T09:25:15,47664.93,3431.43,111.47,0.2816,16.49,70.2,22.69,103.05,6.935,178.76,0.6694,0.02834,0.00867,2.553,1.894,3.05,1.719,3.297,201.84,17.05,1.374,1.305,0.5713,2.763,437.85,1.218,69.93,0.878,14.32,2.774e-05,0.2748,3.584,1.443,2.748,0.2376,11.99,0.6058,8.454
2022-03-29T09:25:45,47702.62,3433.19,111.71,0.2816,16.49,70.6,22.68,103.17,6.935,178.8,0.6686,0.02836,0.00867,2.555,1.896,3.05,1.72,3.305,201.87,17.05,1.374,1.301,0.5713,2.766,438.12,1.219,69.96,0.8785,14.32,2.781e-05,0.2748,3.585,1.444,2.749,0.2376,12.02,0.6055,8.454
2022-03-29T09:26:15,47690.53,3435.7,111.75,0.2813,16.49,70.5,22.7,103.1,6.936,178.72,0.6701,0.02833,0.00867,2.555,1.896,3.05,1.717,3.311,201.94,17.05,1.374,1.305,0.5713,2.765,437.99,1.218,69.88,0.8788,14.31,2.779e-05,0.2735,3.584,1.443,2.75,0.2377,12.02,0.6053,8.451
2022-03-29T09:26:45,47693.95,3435.94,111.55,0.2814,16.49,70.6,22.72,102.86,6.937,178.9,0.6702,0.02832,0.00867,2.558,1.897,3.05,1.717,3.311,202.05,17.09,1.374,1.305,0.5713,2.766,438.02,1.217,69.84,0.8788,14.31,2.78e-05,0.2735,3.585,1.443,2.749,0.2377,12.01,0.6061,8.449
2022-03-29T09:27:16,47683.95,3435.26,111.55,0.2814,16.49,70.6,22.71,102.84,6.936,179.07,0.6702,0.02832,0.008705,2.558,1.896,3.05,1.718,3.324,202.07,17.09,1.374,1.305,0.5713,2.771,437.88,1.217,69.83,0.8784,14.32,2.777e-05,0.2735,3.585,1.443,2.749,0.2377,12.01,0.6061,8.446
2022-03-29T09:27:46,47673.94,3432.85,111.54,0.2813,16.49,70.6,22.7,102.82,6.937,179.08,0.6711,0.02845,0.008701,2.558,1.897,3.05,1.718,3.324,202.03,17.09,1.374,1.305,0.5713,2.77,437.61,1.216,69.81,0.8773,14.32,2.776e-05,0.2733,3.583,1.443,2.748,0.2374,12.01,0.6052,8.447
2022-03-29T09:28:16,47668.27,3432.4,111.48,0.2811,16.49,70.6,22.68,102.79,6.934,178.8,0.6707,0.02852,0.008701,2.557,1.898,3.05,1.717,3.348,201.99,17.09,1.374,1.319,0.5713,2.769,437.44,1.216,69.79,0.8772,14.28,2.773e-05,0.2733,3.582,1.443,2.748,0.2372,12,0.605,8.444
2022-03-29T09:28:46,47686,3433.27,111.5,0.2811,16.49,70.6,22.71,102.82,6.936,178.77,0.6702,0.02872,0.008701,2.559,1.899,3.05,1.717,3.357,202,17.09,1.374,1.319,0.5713,2.77,437.45,1.216,69.79,0.8773,14.28,2.774e-05,0.273,3.582,1.443,2.749,0.2372,12,0.605,8.439
2022-03-29T09:29:16,47682.2,3432.66,111.48,0.2811,16.49,70.6,22.71,102.86,6.937,178.77,0.6702,0.02855,0.008701,2.558,1.899,3.05,1.718,3.357,201.9,17.09,1.374,1.319,0.5713,2.769,437.61,1.215,69.81,0.8772,14.28,2.773e-05,0.2727,3.582,1.443,2.749,0.2372,12.01,0.6052,8.439
2022-03-29T09:29:46,47672.13,3432.22,111.31,0.281,16.48,70.6,22.69,102.75,6.934,178.73,0.668,0.02864,0.008701,2.558,1.898,3.05,1.716,3.345,201.82,17.09,1.374,1.316,0.5713,2.768,437.5,1.215,69.78,0.8767,14.31,2.774e-05,0.2727,3.581,1.443,2.748,0.2369,12,0.6049,8.439
2022-03-29T09:30:16,47637.83,3429.94,111.32,0.2809,16.48,70.6,22.69,102.73,6.935,178.72,0.6702,0.02867,0.008701,2.558,1.896,3.05,1.716,3.345,201.65,17.09,1.374,1.316,0.5713,2.767,437.25,1.215,69.77,0.8767,14.29,2.773e-05,0.2723,3.58,1.442,2.748,0.2369,12.01,0.6044,8.439
2022-03-29T09:30:47,47639.91,3430.42,111.32,0.2808,16.48,70.4,22.69,102.73,6.933,178.76,0.6702,0.02869,0.008701,2.557,1.898,3.05,1.716,3.345,201.89,17.09,1.374,1.316,0.5713,2.766,437.27,1.215,69.8,0.8768,14.29,2.773e-05,0.2725,3.58,1.441,2.749,0.2369,12.02,0.6045,8.433
2022-03-29T09:31:17,47627.23,3430.05,111.38,0.2809,16.49,70.4,22.68,102.73,6.933,178.77,0.6702,0.02867,0.008701,2.556,1.896,3.05,1.716,3.344,201.82,17.09,1.374,1.312,0.5713,2.764,437.27,1.215,69.79,0.8767,14.26,2.771e-05,0.2725,3.578,1.441,2.747,0.2367,12.02,0.6045,8.433
2022-03-29T09:31:47,47616.92,3429.59,111.36,0.2808,16.49,70.4,22.67,102.73,6.933,178.6,0.6702,0.02861,0.008688,2.565,1.896,3.05,1.715,3.344,201.66,17.09,1.374,1.312,0.5713,2.762,437.22,1.215,69.77,0.8764,14.21,2.771e-05,0.2728,3.572,1.44,2.745,0.2367,12.01,0.6045,8.429
2022-03-29T09:32:17,47597.69,3427.64,111.21,0.2803,16.49,70.3,22.67,102.73,6.913,178.32,0.668,0.02861,0.008685,2.564,1.894,3.05,1.713,3.344,201.43,17.04,1.374,1.312,0.5713,2.76,437.15,1.215,69.77,0.8762,14.22,2.771e-05,0.2728,3.571,1.439,2.743,0.2366,12.01,0.6038,8.428
2022-03-29T09:32:47,47602.36,3427.72,111.31,0.2804,16.49,70.4,22.67,102.76,6.918,178.32,0.6681,0.0287,0.008685,2.564,1.896,3.05,1.714,3.32,201.33,17.04,1.374,1.308,0.5713,2.753,436.99,1.214,69.79,0.8757,14.22,2.774e-05,0.2728,3.572,1.439,2.744,0.2365,12.04,0.6033,8.429
2022-03-29T09:33:18,47612.51,3429.03,111.33,0.2804,16.49,70.3,22.68,102.84,6.923,178.28,0.6681,0.02873,0.008685,2.584,1.895,3.05,1.714,3.319,201.35,17.04,1.374,1.308,0.5713,2.755,436.98,1.216,69.9,0.8759,14.21,2.773e-05,0.2734,3.575,1.441,2.744,0.2364,12.03,0.6032,8.435
2022-03-29T09:33:48,47635.08,3429.21,111.43,0.28,16.49,70.3,22.69,102.84,6.917,178.29,0.6697,0.02877,0.008685,2.588,1.893,3.05,1.714,3.319,201.43,17.04,1.374,1.308,0.5713,2.754,437.1,1.216,69.93,0.8761,14.21,2.773e-05,0.2734,3.575,1.441,2.744,0.2365,12.03,0.6029,8.436
2022-03-29T09:34:18,47634.66,3429.68,111.43,0.2802,16.49,70.3,22.69,102.86,6.917,178.19,0.6684,0.02889,0.008685,2.598,1.894,3.05,1.715,3.332,201.43,17.04,1.374,1.308,0.5713,2.752,437.23,1.216,69.96,0.876,14.21,2.775e-05,0.2734,3.574,1.441,2.744,0.2365,12.02,0.6028,8.442
2022-03-29T09:34:48,47653.43,3428.74,111.44,0.2802,16.49,70.3,22.69,102.89,6.922,178.25,0.6684,0.02892,0.008685,2.599,1.894,3.05,1.715,3.332,201.42,17.04,1.374,1.308,0.5713,2.754,437.21,1.215,69.96,0.8763,14.21,2.777e-05,0.2731,3.574,1.442,2.743,0.2366,12,0.6028,8.443
2022-03-29T09:35:18,47674.35,3430.95,111.33,0.2802,16.49,70.3,22.69,102.88,6.912,178.26,0.6684,0.02888,0.008685,2.6,1.896,3.05,1.716,3.332,201.39,17.04,1.374,1.303,0.5713,2.753,437.36,1.216,69.95,0.8763,14.21,2.779e-05,0.2731,3.569,1.442,2.743,0.2366,12,0.6028,8.439
2022-03-29T09:35:48,47676.6,3431.25,111.44,0.2802,16.49,70.4,22.7,102.92,6.919,178.36,0.6703,0.02887,0.00868,2.6,1.896,3.05,1.716,3.323,201.4,17.04,1.374,1.303,0.5713,2.758,437.38,1.216,69.95,0.8764,14.21,2.779e-05,0.2736,3.573,1.443,2.743,0.2366,12.01,0.6028,8.441
2022-03-29T09:36:18,47675.06,3431.06,111.39,0.2805,16.49,70.4,22.7,103.02,6.922,178.36,0.672,0.02885,0.00868,2.6,1.896,3.05,1.717,3.322,201.6,17.04,1.374,1.303,0.5713,2.761,437.46,1.216,69.96,0.8763,14.21,2.78e-05,0.274,3.573,1.443,2.744,0.2366,12.04,0.6029,8.446
2022-03-29T09:36:49,47671.06,3431.69,111.39,0.2804,16.49,70.4,22.71,102.99,6.912,178.33,0.67,0.02883,0.00868,2.609,1.895,3.05,1.719,3.322,201.73,17.04,1.376,1.303,0.5713,2.759,437.57,1.216,69.97,0.8764,14.21,2.781e-05,0.274,3.574,1.443,2.743,0.2366,12.05,0.6033,8.448
2022-03-29T09:37:19,47681.52,3432.03,111.53,0.2805,16.49,70.5,22.71,102.95,6.913,178.35,0.67,0.02884,0.008692,2.61,1.895,3.05,1.72,3.321,201.75,17.04,1.376,1.306,0.5713,2.759,437.6,1.217,69.97,0.8766,14.21,2.781e-05,0.274,3.574,1.443,2.742,0.2366,12.07,0.6033,8.445
2022-03-29T09:37:49,47686.4,3432.43,111.53,0.2805,16.49,70.5,22.71,102.93,6.922,178.35,0.6696,0.02881,0.008692,2.61,1.894,3.05,1.72,3.321,201.77,17.04,1.376,1.306,0.5713,2.76,437.66,1.216,69.99,0.8765,14.22,2.786e-05,0.274,3.574,1.443,2.744,0.2366,12.1,0.6044,8.442
2022-03-29T09:38:19,47693.54,3432.4,111.53,0.2807,16.5,70.5,22.71,102.93,6.919,178.37,0.6696,0.02876,0.008692,2.618,1.893,3.05,1.72,3.321,201.97,17.04,1.376,1.306,0.5713,2.761,437.67,1.216,69.99,0.8764,14.22,2.786e-05,0.274,3.576,1.444,2.744,0.2366,12.1,0.6044,8.437
2022-03-29T09:38:49,47693.09,3432.76,111.54,0.2807,16.5,70.5,22.71,102.93,6.914,178.39,0.6696,0.02871,0.008692,2.617,1.893,3.05,1.72,3.33,201.99,17.04,1.376,1.304,0.5713,2.761,437.7,1.217,70.01,0.8761,14.22,2.787e-05,0.2742,3.578,1.444,2.743,0.2366,12.11,0.6045,8.437
2022-03-29T09:39:19,47682.65,3431.75,111.53,0.2809,16.5,70.5,22.71,102.93,6.914,178.41,0.6696,0.02869,0.008692,2.616,1.893,3.05,1.72,3.33,201.95,17.04,1.376,1.307,0.5713,2.76,437.63,1.218,70.03,0.8761,14.22,2.792e-05,0.2742,3.577,1.443,2.742,0.2366,12.11,0.6044,8.434
2022-03-29T09:39:49,47685.18,3432.49,111.54,0.2809,16.5,70.5,22.71,102.9,6.921,178.5,0.6696,0.02866,0.008692,2.629,1.894,3.05,1.72,3.345,201.99,17.04,1.376,1.307,0.5713,2.76,437.6,1.218,70.08,0.8761,14.22,2.792e-05,0.2742,3.578,1.444,2.742,0.2366,12.12,0.6044,8.435
2022-03-29T09:40:20,47685.21,3432.91,111.55,0.2809,16.5,70.5,22.72,102.85,6.912,178.52,0.6701,0.02868,0.008692,2.629,1.893,3.05,1.72,3.342,202.04,17.04,1.376,1.307,0.5713,2.76,437.58,1.218,70.07,0.8761,14.22,2.792e-05,0.2742,3.578,1.444,2.741,0.2366,12.16,0.6037,8.434
2022-03-29T09:40:50,47683.82,3432.11,111.5,0.2808,16.5,70.6,22.7,102.81,6.915,178.49,0.6702,0.02864,0.008685,2.629,1.893,3.05,1.72,3.344,201.99,17.04,1.376,1.307,0.5713,2.759,437.54,1.218,70.09,0.876,14.22,2.786e-05,0.2741,3.575,1.445,2.74,0.2366,12.16,0.6036,8.434
2022-03-29T09:41:20,47662.74,3431.88,111.51,0.2808,16.5,70.6,22.7,102.81,6.913,178.4,0.6702,0.02865,0.008714,2.636,1.893,3.05,1.72,3.344,201.97,17.03,1.376,1.304,0.5713,2.759,437.57,1.218,70.1,0.8755,14.23,2.786e-05,0.274,3.574,1.445,2.741,0.2366,12.15,0.6037,8.425
2022-03-29T09:41:50,47655.99,3432.06,111.41,0.2808,16.49,70.5,22.7,102.77,6.909,178.41,0.6697,0.02863,0.008712,2.636,1.893,3.05,1.72,3.354,201.91,17.03,1.376,1.299,0.5713,2.76,437.62,1.218,70.08,0.8755,14.23,2.782e-05,0.274,3.574,1.445,2.742,0.2366,12.14,0.6037,8.424
2022-03-29T09:42:20,47629.25,3432.3,111.41,0.2808,16.49,70.5,22.7,102.76,6.911,178.33,0.6699,0.02855,0.008712,2.634,1.892,3.05,1.72,3.357,201.89,17.03,1.376,1.297,0.5713,2.76,437.54,1.217,70.09,0.8754,14.23,2.782e-05,0.274,3.574,1.445,2.741,0.2366,12.14,0.6037,8.424
2022-03-29T09:42:50,47631.71,3432.36,111.41,0.2808,16.5,70.5,22.7,102.77,6.915,178.46,0.6702,0.02855,0.008712,2.635,1.892,3.05,1.719,3.357,201.97,17.03,1.376,1.298,0.5713,2.761,437.59,1.217,70.04,0.8754,14.23,2.78e-05,0.274,3.574,1.445,2.741,0.2366,12.14,0.6034,8.423
2022-03-29T09:43:20,47646.11,3433.59,111.39,0.2806,16.5,70.6,22.67,102.76,6.925,178.5,0.6702,0.02856,0.008712,2.635,1.893,3.05,1.719,3.369,202.29,17.03,1.376,1.298,0.5713,2.761,437.73,1.218,70.04,0.8756,14.22,2.779e-05,0.274,3.573,1.444,2.741,0.2366,12.14,0.6026,8.423
2022-03-29T09:43:51,47649.42,3433.93,111.33,0.2804,16.5,70.6,22.67,102.71,6.931,178.49,0.6702,0.02856,0.008712,2.636,1.893,3.05,1.719,3.378,202.37,17.03,1.376,1.292,0.5713,2.76,437.62,1.218,70,0.8756,14.22,2.78e-05,0.2744,3.573,1.444,2.741,0.2366,12.12,0.6025,8.424
2022-03-29T09:44:21,47641.34,3433.49,111.32,0.2804,16.48,70.5,22.66,102.65,6.934,178.67,0.6702,0.02856,0.008712,2.635,1.893,3.05,1.719,3.378,202.29,17.09,1.376,1.292,0.5713,2.758,437.67,1.218,69.95,0.8755,14.2,2.778e-05,0.2744,3.568,1.443,2.739,0.2364,12.1,0.602,8.421
2022-03-29T09:44:51,47645.04,3433.15,111.27,0.2804,16.48,70.4,22.63,102.65,6.934,178.65,0.6702,0.02859,0.00871,2.63,1.893,3.05,1.719,3.385,202.28,17.09,1.376,1.292,0.5713,2.756,437.61,1.218,69.92,0.8748,14.2,2.777e-05,0.2744,3.569,1.442,2.74,0.2364,12.1,0.6021,8.422
2022-03-29T09:45:21,47654.13,3433.23,111.27,0.2804,16.5,70.4,22.63,102.51,6.936,178.62,0.6702,0.02856,0.00871,2.63,1.89,3.05,1.72,3.388,202.15,17.09,1.376,1.29,0.5713,2.756,437.62,1.218,69.84,0.8751,14.2,2.777e-05,0.2744,3.57,1.441,2.74,0.2365,12.11,0.602,8.423
2022-03-29T09:45:51,47651.19,3432.93,111.27,0.2804,16.47,70.4,22.63,102.53,6.935,178.64,0.6701,0.02857,0.00871,2.63,1.89,3.05,1.719,3.388,201.96,17.09,1.376,1.29,0.5713,2.752,437.62,1.218,69.82,0.8751,14.2,2.773e-05,0.2735,3.569,1.441,2.74,0.2364,12.13,0.6019,8.422
2022-03-29T09:46:21,47659.43,3433.41,111.33,0.2801,16.48,70.4,22.64,102.53,6.926,178.63,0.6701,0.02862,0.00871,2.629,1.888,3.05,1.72,3.367,201.95,17.09,1.376,1.29,0.5713,2.754,437.69,1.217,69.72,0.8752,14.2,2.774e-05,0.2735,3.568,1.441,2.74,0.2365,12.13,0.6014,8.421
2022-03-29T09:46:51,47654.75,3433.27,111.32,0.2802,16.48,70.4,22.64,102.39,6.925,178.6,0.6701,0.02865,0.00871,2.629,1.888,3.05,1.72,3.367,201.85,17.09,1.374,1.302,0.5713,2.753,437.61,1.216,69.7,0.8752,14.2,2.776e-05,0.2735,3.568,1.441,2.74,0.2365,12.13,0.6016,8.422
2022-03-29T09:47:21,47648.23,3433.42,111.31,0.2802,16.48,70.4,22.63,102.38,6.929,178.29,0.6701,0.02865,0.008729,2.628,1.886,3.05,1.719,3.367,201.81,17.09,1.374,1.305,0.5713,2.75,437.51,1.216,69.68,0.8751,14.2,2.774e-05,0.2733,3.568,1.439,2.74,0.2365,12.09,0.6017,8.422
2022-03-29T09:47:52,47624.67,3432.26,111.21,0.2801,16.48,70.4,22.62,102.34,6.922,178.31,0.6701,0.02862,0.008711,2.633,1.887,3.05,1.717,3.369,201.44,17.09,1.374,1.316,0.5713,2.75,437.46,1.216,69.58,0.8751,14.2,2.773e-05,0.2732,3.568,1.439,2.738,0.2365,12.12,0.6019,8.42
2022-03-29T09:48:22,47623.8,3432.57,111.21,0.2799,16.48,70.5,22.61,102.37,6.911,178.31,0.6683,0.02861,0.008711,2.633,1.886,3.05,1.717,3.368,201.35,17.09,1.374,1.315,0.5713,2.751,437.42,1.216,69.41,0.8755,14.2,2.773e-05,0.2732,3.564,1.439,2.738,0.2365,12.13,0.6019,8.419
2022-03-29T09:48:52,47615.1,3431.44,111.01,0.2798,16.48,70.4,22.59,102.37,6.915,178.22,0.6683,0.0286,0.008711,2.633,1.887,3.05,1.717,3.368,201.25,17.02,1.374,1.315,0.5713,2.75,437.39,1.215,69.28,0.8756,14.22,2.77e-05,0.2732,3.564,1.439,2.737,0.2364,12.15,0.6014,8.419
2022-03-29T09:49:22,47599.29,3430.73,110.99,0.2797,16.47,70.4,22.58,102.39,6.92,178.17,0.6683,0.02861,0.008711,2.632,1.888,3.05,1.717,3.368,201.12,17.02,1.374,1.299,0.5713,2.743,437.31,1.214,69.24,0.8754,14.22,2.768e-05,0.2732,3.563,1.437,2.736,0.2363,12.15,0.6014,8.416
2022-03-29T09:49:52,47598.77,3428.18,110.99,0.2792,16.47,70.4,22.58,102.38,6.916,178.01,0.6673,0.02858,0.008711,2.632,1.887,3.05,1.715,3.368,201.08,17.02,1.374,1.295,0.5713,2.741,436.84,1.214,69.25,0.8749,14.22,2.763e-05,0.2732,3.562,1.436,2.735,0.2361,12.15,0.6014,8.406
2022-03-29T09:50:22,47594.31,3427.46,110.92,0.2791,16.47,70.4,22.56,102.4,6.915,177.99,0.6672,0.02853,0.008711,2.632,1.886,3.05,1.714,3.339,200.87,17.02,1.374,1.296,0.5713,2.74,436.89,1.214,69.2,0.875,14.22,2.763e-05,0.2731,3.562,1.436,2.736,0.2361,12.18,0.6013,8.41
2022-03-29T09:50:52,47584.68,3427.32,110.91,0.279,16.47,70.4,22.55,102.39,6.915,177.9,0.6672,0.02852,0.008711,2.632,1.886,3.05,1.713,3.335,200.77,17.02,1.374,1.295,0.5713,2.732,436.86,1.214,69.19,0.875,14.22,2.761e-05,0.2731,3.561,1.435,2.736,0.236,12.15,0.601,8.406
2022-03-29T09:51:22,47580.58,3426.28,110.9,0.279,16.47,70.4,22.56,102.35,6.917,177.72,0.6672,0.02853,0.0087,2.632,1.886,3.05,1.713,3.335,200.69,17.07,1.374,1.295,0.5713,2.734,436.79,1.214,69.19,0.8749,14.15,2.76e-05,0.2731,3.561,1.435,2.734,0.2359,12.14,0.601,8.401
2022-03-29T09:51:53,47578.57,3426.15,110.9,0.2791,16.54,70.4,22.56,102.34,6.916,177.66,0.6672,0.02853,0.008706,2.632,1.885,3.05,1.713,3.335,200.64,17.07,1.374,1.295,0.5713,2.734,436.85,1.214,69.24,0.8749,14.15,2.76e-05,0.2731,3.561,1.435,2.734,0.2359,12.14,0.6003,8.402
2022-03-29T09:52:23,47582.21,3425.98,110.9,0.2791,16.57,70.4,22.56,102.34,6.91,177.69,0.6668,0.02852,0.008706,2.632,1.885,3.05,1.711,3.33,200.65,17.07,1.374,1.295,0.5713,2.735,436.48,1.214,69.24,0.8751,14.15,2.762e-05,0.2731,3.559,1.435,2.734,0.2358,12.14,0.6003,8.402
2022-03-29T09:52:53,47568.86,3424.95,110.9,0.279,16.57,70.4,22.56,102.38,6.911,177.66,0.6668,0.02853,0.0087,2.632,1.885,3.05,1.711,3.33,200.7,17.07,1.374,1.294,0.5713,2.736,436.52,1.214,69.3,0.875,14.16,2.761e-05,0.2731,3.552,1.434,2.733,0.2358,12.14,0.6006,8.403
2022-03-29T09:53:23,47566.68,3425.82,111.04,0.2791,16.56,70.4,22.56,102.4,6.913,177.65,0.6668,0.02853,0.008703,2.632,1.884,3.05,1.711,3.33,200.89,17.07,1.37,1.294,0.5713,2.736,436.39,1.214,69.31,0.875,14.16,2.761e-05,0.2731,3.552,1.436,2.733,0.2358,12.13,0.6002,8.402
2022-03-29T09:53:54,47560.33,3425.84,111.07,0.279,16.56,70.4,22.55,102.43,6.917,177.66,0.6668,0.02851,0.008703,2.631,1.884,3.05,1.711,3.33,201.01,17.07,1.37,1.294,0.5713,2.739,436.45,1.214,69.33,0.875,14.16,2.762e-05,0.2731,3.552,1.439,2.733,0.2359,12.13,0.6002,8.403
2022-03-29T09:54:24,47560.5,3426.46,111.08,0.2794,16.56,70.4,22.56,102.58,6.912,177.8,0.6669,0.0286,0.008703,2.631,1.884,3.05,1.711,3.33,201.18,17.06,1.37,1.295,0.5713,2.741,436.54,1.215,69.36,0.8756,14.16,2.763e-05,0.272,3.553,1.443,2.734,0.2359,12.16,0.6013,8.403
2022-03-29T09:54:54,47567.74,3427.09,111.3,0.2793,16.56,70.4,22.56,102.55,6.912,177.82,0.6652,0.02855,0.008703,2.628,1.884,3.05,1.711,3.33,201.14,17.06,1.37,1.295,0.5713,2.741,436.63,1.215,69.36,0.8756,14.2,2.763e-05,0.2718,3.554,1.443,2.735,0.236,12.16,0.6013,8.402
2022-03-29T09:55:24,47566.38,3426.45,111.28,0.2793,16.56,70.4,22.56,102.54,6.913,177.93,0.6652,0.02859,0.008703,2.628,1.883,3.05,1.71,3.33,201.22,17.06,1.37,1.304,0.5713,2.74,436.6,1.216,69.35,0.8757,14.2,2.762e-05,0.2718,3.556,1.443,2.735,0.236,12.18,0.6011,8.402
2022-03-29T09:55:54,47565.39,3425.39,111.29,0.2792,16.56,70.4,22.56,102.52,6.912,177.93,0.6649,0.02859,0.0087,2.628,1.884,3.05,1.71,3.33,201.22,17.06,1.37,1.304,0.5713,2.74,436.49,1.217,69.34,0.8755,14.2,2.762e-05,0.2718,3.558,1.443,2.736,0.2359,12.17,0.6009,8.402
2022-03-29T09:56:24,47569.03,3425.31,111.41,0.2792,16.56,70.4,22.56,102.51,6.916,177.94,0.6655,0.02858,0.0087,2.629,1.882,3.05,1.711,3.33,201.21,17.06,1.37,1.304,0.5713,2.742,436.52,1.216,69.36,0.8758,14.19,2.762e-05,0.2718,3.559,1.443,2.736,0.2359,12.17,0.6012,8.401
2022-03-29T09:56:55,47567.25,3425.36,111.43,0.2792,16.56,70.4,22.56,102.56,6.915,177.9,0.6658,0.02861,0.0087,2.632,1.883,3.05,1.71,3.317,201.14,17.1,1.37,1.309,0.5713,2.741,436.46,1.216,69.35,0.8757,14.19,2.762e-05,0.272,3.558,1.442,2.736,0.2358,12.17,0.6015,8.415
2022-03-29T09:57:25,47573.22,3426.85,111.46,0.2795,16.56,70.4,22.57,102.56,6.911,177.95,0.6658,0.02861,0.0087,2.632,1.883,3.05,1.711,3.317,201.18,17.06,1.37,1.309,0.5713,2.742,436.78,1.216,69.35,0.8757,14.2,2.763e-05,0.2719,3.559,1.444,2.736,0.2359,12.16,0.6015,8.492
2022-03-29T09:57:55,47574.54,3427.05,111.46,0.2793,16.57,70.4,22.57,102.56,6.913,178.02,0.6649,0.02857,0.0087,2.632,1.884,3.05,1.711,3.317,201.17,17.06,1.37,1.309,0.5713,2.744,436.76,1.216,69.35,0.8756,14.2,2.763e-05,0.2719,3.559,1.445,2.736,0.2359,12.15,0.6018,8.517
2022-03-29T09:58:25,47573.07,3426.35,111.46,0.2793,16.57,70.4,22.58,102.53,6.916,177.98,0.6652,0.02858,0.0087,2.632,1.883,3.05,1.712,3.317,201.19,17.06,1.37,1.308,0.5713,2.748,436.88,1.216,69.38,0.8756,14.2,2.764e-05,0.2722,3.56,1.445,2.736,0.2359,12.15,0.6018,8.532
2022-03-29T09:58:55,47563.32,3425.73,111.47,0.2792,16.57,70.4,22.57,102.53,6.915,177.98,0.6648,0.0286,0.008703,2.631,1.883,3.05,1.712,3.317,201.17,17.06,1.37,1.308,0.5713,2.748,436.95,1.216,69.39,0.8752,14.2,2.763e-05,0.2721,3.56,1.446,2.736,0.2359,12.17,0.6018,8.529
2022-03-29T09:59:25,47558.83,3424.73,111.52,0.2791,16.57,70.4,22.57,102.55,6.914,177.98,0.6648,0.02861,0.008699,2.63,1.882,3.05,1.712,3.307,201.16,17.06,1.37,1.308,0.5713,2.747,437.43,1.217,69.42,0.8752,14.2,2.764e-05,0.2721,3.56,1.445,2.737,0.236,12.15,0.6019,8.52
2022-03-29T09:59:55,47564.36,3424.9,111.53,0.2796,16.57,70.4,22.57,102.57,6.914,178,0.6645,0.0286,0.008719,2.629,1.881,3.02,1.712,3.307,201.1,17.06,1.37,1.305,0.5713,2.753,437.5,1.217,69.43,0.8751,14.21,2.766e-05,0.2721,3.561,1.446,2.737,0.2359,12.15,0.6021,8.52
2022-03-29T10:00:25,47575.7,3425.25,111.57,0.2797,16.57,70.4,22.57,102.66,6.914,178.15,0.6652,0.0286,0.008719,2.624,1.883,3.02,1.713,3.304,201.18,17.02,1.37,1.304,0.5713,2.753,437.64,1.216,69.49,0.8755,14.22,2.767e-05,0.2721,3.562,1.448,2.737,0.2361,12.15,0.6025,8.526
2022-03-29T10:00:56,47560.37,3425.34,111.55,0.2796,16.57,70.4,22.57,102.64,6.913,178.07,0.6652,0.02858,0.00873,2.624,1.881,3.02,1.712,3.285,201.08,17.02,1.37,1.304,0.5713,2.751,437.7,1.216,69.49,0.8755,14.22,2.766e-05,0.2721,3.561,1.447,2.735,0.236,12.16,0.6025,8.532
2022-03-29T10:01:26,47556.09,3425.16,111.54,0.2793,16.57,70.4,22.56,102.61,6.908,178.03,0.6661,0.02858,0.008708,2.624,1.88,3.02,1.712,3.285,201.01,17.02,1.37,1.304,0.5713,2.749,437.65,1.216,69.5,0.8743,14.22,2.76e-05,0.2716,3.558,1.446,2.735,0.2356,12.16,0.6012,8.527
2022-03-29T10:01:56,47555.42,3423.96,111.3,0.2792,16.57,70.3,22.55,102.57,6.908,178.02,0.6661,0.02859,0.0087,2.624,1.878,3.02,1.71,3.271,200.84,17.02,1.372,1.303,0.5713,2.747,437.7,1.214,69.44,0.8743,14.18,2.758e-05,0.2716,3.557,1.445,2.734,0.2357,12.04,0.6007,8.519
2022-03-29T10:02:26,47552.16,3423.66,111.29,0.2792,16.57,70.4,22.55,102.55,6.91,178.07,0.6654,0.02856,0.0087,2.625,1.878,3.02,1.709,3.275,200.82,17.02,1.372,1.3,0.5713,2.746,437.68,1.215,69.45,0.8742,14.11,2.758e-05,0.2716,3.56,1.444,2.734,0.2357,11.99,0.6007,8.496
2022-03-29T10:02:56,47554.13,3424.54,111.27,0.2792,16.57,70.4,22.55,102.4,6.909,178.06,0.6654,0.02859,0.0087,2.625,1.877,3.02,1.71,3.275,200.89,17.02,1.372,1.295,0.5713,2.746,437.71,1.215,69.45,0.8745,14.11,2.758e-05,0.2719,3.559,1.444,2.734,0.2357,11.93,0.6011,8.51
2022-03-29T10:03:26,47553.63,3425.82,111.28,0.279,16.57,70.4,22.55,102.42,6.911,178.09,0.6654,0.02863,0.0087,2.625,1.877,3.02,1.709,3.267,200.85,17.02,1.372,1.294,0.5713,2.748,437.84,1.215,69.45,0.8745,14.1,2.758e-05,0.2719,3.558,1.444,2.734,0.2356,11.94,0.601,8.506
2022-03-29T10:03:56,47559.74,3426.16,111.28,0.279,16.57,70.4,22.55,102.43,6.912,178.15,0.6654,0.02868,0.0087,2.625,1.877,3.02,1.709,3.269,200.87,17.02,1.372,1.294,0.5713,2.748,438,1.215,69.47,0.8746,14.13,2.758e-05,0.2719,3.559,1.444,2.734,0.2356,11.94,0.601,8.501
2022-03-29T10:04:27,47566.79,3428.67,111.45,0.2791,16.57,70.4,22.56,102.52,6.906,178.17,0.6654,0.02869,0.0087,2.625,1.877,3.02,1.709,3.266,200.92,17.02,1.372,1.298,0.5713,2.751,437.98,1.215,69.48,0.8751,14.13,2.759e-05,0.2719,3.56,1.444,2.734,0.2356,11.94,0.601,8.504
2022-03-29T10:04:57,47566.77,3428.36,111.45,0.2793,16.62,70.4,22.55,102.57,6.91,178.28,0.6654,0.02868,0.008731,2.625,1.878,3.02,1.712,3.266,200.96,17.02,1.372,1.299,0.5713,2.751,438,1.215,69.48,0.8752,14.18,2.759e-05,0.2719,3.56,1.444,2.735,0.2356,11.91,0.601,8.515
2022-03-29T10:05:27,47576.54,3428.99,111.48,0.2794,16.64,70.2,22.56,102.8,6.909,178.32,0.666,0.02868,0.008711,2.625,1.88,3.02,1.713,3.288,201.18,17.02,1.372,1.298,0.5713,2.752,438.1,1.215,69.51,0.8752,14.18,2.759e-05,0.2719,3.563,1.445,2.736,0.2356,11.9,0.6017,8.515
2022-03-29T10:05:57,47573.99,3428.71,111.61,0.2794,16.64,70.2,22.56,102.86,6.909,178.35,0.6666,0.02866,0.008711,2.625,1.879,3.02,1.713,3.285,201.14,17.02,1.372,1.298,0.5713,2.75,438.03,1.215,69.52,0.8756,14.14,2.76e-05,0.2727,3.562,1.446,2.736,0.2356,11.9,0.6016,8.517
2022-03-29T10:06:27,47572.26,3429.61,111.61,0.2795,16.64,70.2,22.56,102.93,6.908,178.36,0.6632,0.02867,0.008711,2.627,1.879,3.02,1.713,3.285,201.12,17.02,1.372,1.298,0.5713,2.749,438.02,1.216,69.53,0.8757,14.14,2.76e-05,0.2728,3.563,1.446,2.737,0.2357,11.9,0.6017,8.515
2022-03-29T10:06:57,47573.39,3428.5,111.62,0.2795,16.64,70.6,22.56,102.92,6.908,178.44,0.6631,0.02865,0.008711,2.631,1.879,3.02,1.712,3.272,201.18,17.02,1.372,1.298,0.5713,2.749,437.67,1.216,69.55,0.8758,14.14,2.759e-05,0.2728,3.566,1.447,2.739,0.2357,11.91,0.6014,8.516
2022-03-29T10:07:27,47567.89,3428.39,111.57,0.2796,16.64,70.6,22.56,102.91,6.905,178.44,0.6623,0.02865,0.008711,2.631,1.878,3.02,1.712,3.273,201.2,17.05,1.372,1.303,0.5713,2.748,437.67,1.216,69.55,0.8757,14.14,2.759e-05,0.2729,3.565,1.447,2.739,0.2357,11.91,0.6017,8.506
2022-03-29T10:07:57,47568.82,3428.31,111.57,0.2797,16.62,70.6,22.56,102.93,6.902,178.41,0.6609,0.02872,0.008699,2.631,1.878,3.02,1.712,3.273,201.22,17.05,1.372,1.303,0.5713,2.747,437.47,1.216,69.54,0.8757,14.16,2.76e-05,0.2729,3.565,1.447,2.739,0.2357,11.91,0.6015,8.504
2022-03-29T10:08:27,47568.73,3428.39,111.57,0.2797,16.62,70.6,22.56,102.94,6.904,178.41,0.6612,0.02873,0.008699,2.631,1.877,3.02,1.712,3.27,201.12,17.05,1.372,1.303,0.5713,2.748,437.44,1.216,69.56,0.8757,14.16,2.761e-05,0.2729,3.565,1.447,2.741,0.2357,11.93,0.6014,8.505
2022-03-29T10:08:58,47565.06,3428.27,111.48,0.2799,16.62,70.5,22.55,102.97,6.905,178.41,0.6612,0.0287,0.008699,2.631,1.876,3.02,1.712,3.265,201.1,17.05,1.372,1.306,0.5713,2.747,437.36,1.215,69.61,0.8758,14.16,2.76e-05,0.2729,3.564,1.446,2.74,0.2356,11.93,0.601,8.505
2022-03-29T10:09:28,47555.93,3428.3,111.5,0.2802,16.62,70.5,22.54,102.98,6.905,178.39,0.6601,0.02869,0.008748,2.63,1.875,3.02,1.712,3.265,201.12,17.05,1.372,1.308,0.5713,2.747,437.34,1.216,69.62,0.8758,14.16,2.76e-05,0.2729,3.566,1.446,2.741,0.2356,11.93,0.6009,8.506
2022-03-29T10:09:58,47553.77,3428.14,111.6,0.2801,16.62,70.5,22.54,102.99,6.905,178.41,0.6602,0.02865,0.008748,2.629,1.877,3.02,1.712,3.265,201.05,17.05,1.372,1.308,0.5713,2.746,437.18,1.216,69.61,0.8758,14.15,2.759e-05,0.2729,3.566,1.446,2.741,0.2356,11.93,0.6009,8.507
2022-03-29T10:10:28,47549.75,3428.14,111.66,0.2801,16.62,70.5,22.55,103.03,6.902,178.59,0.6605,0.02867,0.0087,2.629,1.877,3.02,1.712,3.264,200.96,17.05,1.372,1.308,0.5713,2.745,437.15,1.216,69.61,0.876,14.15,2.759e-05,0.2729,3.567,1.446,2.741,0.2357,11.93,0.6015,8.514
2022-03-29T10:10:58,47547.26,3427.86,111.65,0.28,16.62,70.5,22.54,103.07,6.904,178.53,0.6605,0.02867,0.008707,2.629,1.877,3.02,1.711,3.264,200.93,17.05,1.372,1.305,0.5713,2.744,437.15,1.216,69.6,0.8765,14.15,2.761e-05,0.2731,3.567,1.447,2.741,0.2357,11.93,0.6014,8.514
2022-03-29T10:11:28,47548.2,3427.76,111.64,0.2802,16.62,70.5,22.54,103.08,6.906,178.64,0.6613,0.02868,0.008699,2.629,1.875,3.02,1.711,3.264,200.77,17.05,1.372,1.305,0.5713,2.744,437.18,1.216,69.59,0.8766,14.16,2.762e-05,0.2731,3.567,1.447,2.742,0.2357,11.94,0.6013,8.513
2022-03-29T10:11:58,47540.2,3427.51,111.63,0.2801,16.62,70.5,22.54,103.03,6.904,178.56,0.6607,0.02865,0.008699,2.645,1.873,3.02,1.71,3.264,200.63,17.05,1.372,1.311,0.5713,2.738,437.19,1.215,69.56,0.8766,14.16,2.764e-05,0.2731,3.565,1.447,2.741,0.2357,11.94,0.6017,8.508
2022-03-29T10:12:28,47534.73,3427.07,111.63,0.2799,16.62,70.5,22.54,102.96,6.902,178.54,0.6612,0.02867,0.008699,2.643,1.869,3.02,1.71,3.264,200.6,17.05,1.372,1.311,0.5713,2.738,437.06,1.215,69.45,0.8762,14.15,2.764e-05,0.2729,3.564,1.446,2.74,0.2356,11.94,0.6014,8.504
2022-03-29T10:12:59,47532.18,3426.99,111.5,0.28,16.62,70.5,22.51,102.95,6.906,178.56,0.6612,0.02868,0.008699,2.642,1.862,3.02,1.71,3.259,200.53,17.07,1.372,1.311,0.5713,2.737,437.03,1.215,69.37,0.8763,14.15,2.764e-05,0.2726,3.562,1.446,2.74,0.2357,11.88,0.6015,8.487
2022-03-29T10:13:29,47520.49,3425.31,111.49,0.28,16.62,70.5,22.5,102.93,6.906,178.56,0.6611,0.02868,0.008697,2.642,1.862,3.02,1.71,3.259,200.39,17.06,1.372,1.309,0.5713,2.735,436.91,1.214,69.35,0.8764,14.15,2.76e-05,0.2726,3.56,1.445,2.739,0.2357,11.87,0.6016,8.487
2022-03-29T10:13:59,47524.94,3424.76,111.47,0.2801,16.62,70.3,22.51,102.9,6.903,178.58,0.6605,0.0287,0.008702,2.645,1.861,3.02,1.71,3.254,200.27,17.06,1.372,1.305,0.5713,2.735,436.89,1.214,69.29,0.8765,14.15,2.76e-05,0.2726,3.559,1.444,2.738,0.2356,11.9,0.601,8.482
2022-03-29T10:14:30,47520.7,3423.88,111.36,0.28,16.62,70.3,22.51,102.91,6.903,178.59,0.6584,0.0287,0.008702,2.644,1.859,3.02,1.709,3.254,200.12,17.17,1.372,1.305,0.5713,2.732,436.89,1.214,69.24,0.8766,14.12,2.76e-05,0.2726,3.559,1.444,2.739,0.2356,11.91,0.6008,8.477
2022-03-29T10:15:00,47515.72,3424.1,111.36,0.2802,16.62,70.5,22.51,102.94,6.903,178.65,0.6584,0.02872,0.008702,2.644,1.86,3.02,1.709,3.254,200.11,17.17,1.372,1.308,0.5713,2.733,436.87,1.214,69.21,0.8767,14.12,2.76e-05,0.2726,3.56,1.444,2.739,0.2357,11.91,0.6008,8.48
2022-03-29T10:15:30,47515.94,3422.42,111.22,0.2802,16.62,70.5,22.51,103.01,6.903,178.71,0.6598,0.02873,0.008702,2.644,1.858,3.02,1.709,3.254,200.03,17.17,1.372,1.307,0.5713,2.733,436.67,1.214,69.21,0.8764,14.12,2.759e-05,0.2725,3.559,1.443,2.738,0.2356,11.91,0.6008,8.485
2022-03-29T10:16:00,47519.07,3422.83,111.22,0.2803,16.62,70.5,22.5,103.02,6.906,178.79,0.6589,0.02867,0.008702,2.644,1.858,3.02,1.709,3.27,200.14,17.17,1.372,1.312,0.5713,2.739,436.58,1.214,69.21,0.8764,14.14,2.761e-05,0.2725,3.561,1.443,2.739,0.2356,11.91,0.6006,8.511
2022-03-29T10:16:30,47519.09,3424.32,111.23,0.2807,16.64,70.5,22.51,103.04,6.902,178.86,0.6583,0.02871,0.008702,2.642,1.859,3.02,1.71,3.27,200.26,17.17,1.372,1.31,0.5713,2.74,436.75,1.214,69.28,0.8765,14.14,2.762e-05,0.2725,3.563,1.443,2.741,0.2357,11.91,0.6007,8.511
2022-03-29T10:17:01,47517.07,3423.93,111.2,0.2808,16.64,70.5,22.51,102.93,6.904,178.89,0.6583,0.0287,0.008712,2.642,1.859,3.02,1.709,3.27,200.35,17.09,1.372,1.31,0.5713,2.738,436.93,1.215,69.3,0.8769,14.14,2.764e-05,0.2725,3.562,1.444,2.74,0.2361,11.9,0.6013,8.516
2022-03-29T10:17:31,47508.16,3422.65,111.2,0.2807,16.57,70.5,22.49,102.96,6.904,178.92,0.6582,0.0287,0.008712,2.642,1.861,3.02,1.709,3.27,200.4,17.09,1.372,1.31,0.5713,2.732,436.77,1.214,69.27,0.8767,14.14,2.764e-05,0.2725,3.562,1.444,2.74,0.2362,11.87,0.6019,8.516
2022-03-29T10:18:01,47490.14,3419.38,111.2,0.2806,16.62,70.5,22.49,102.93,6.907,178.97,0.6582,0.02869,0.008712,2.642,1.859,3.02,1.709,3.27,200.44,17.09,1.372,1.325,0.5713,2.731,436.73,1.214,69.25,0.8767,14.14,2.763e-05,0.2725,3.562,1.444,2.739,0.2362,11.87,0.6019,8.519
2022-03-29T10:18:31,47491.35,3419.2,111.16,0.2804,16.62,70.5,22.49,102.89,6.906,178.97,0.6582,0.0287,0.008712,2.642,1.857,3.02,1.709,3.263,200.43,17.09,1.372,1.325,0.5713,2.731,436.67,1.214,69.22,0.8763,14.12,2.76e-05,0.2725,3.558,1.443,2.738,0.2362,11.87,0.6011,8.523
2022-03-29T10:19:01,47497.04,3419.47,111.16,0.2805,16.61,70.5,22.49,102.88,6.905,178.93,0.6582,0.02869,0.008712,2.642,1.857,3.02,1.709,3.263,200.41,17.09,1.372,1.308,0.5713,2.731,436.62,1.214,69.12,0.8763,14.12,2.759e-05,0.2725,3.558,1.443,2.738,0.2362,11.87,0.601,8.523
2022-03-29T10:19:31,47500.91,3419.77,111.17,0.2807,16.61,70.4,22.49,102.81,6.904,178.93,0.6582,0.02869,0.008715,2.643,1.857,3.02,1.709,3.263,200.37,17.09,1.372,1.309,0.5713,2.733,436.59,1.213,69.12,0.8762,14.12,2.759e-05,0.2725,3.558,1.444,2.738,0.2361,11.83,0.601,8.526
2022-03-29T10:20:01,47503.48,3420.06,111.17,0.2806,16.6,70.4,22.49,102.82,6.906,178.92,0.6579,0.0287,0.0087,2.643,1.857,3.02,1.708,3.265,200.35,17.09,1.372,1.309,0.5713,2.732,436.68,1.213,69.12,0.8759,14.11,2.759e-05,0.2729,3.558,1.445,2.738,0.236,11.82,0.601,8.526
2022-03-29T10:20:32,47497.44,3419.18,111.15,0.2807,16.53,70.4,22.49,102.85,6.906,178.94,0.6577,0.02874,0.0087,2.644,1.853,3.02,1.709,3.25,200.33,17.09,1.372,1.307,0.5713,2.73,436.65,1.213,69.14,0.8751,14.11,2.753e-05,0.2729,3.558,1.446,2.738,0.2359,11.82,0.6015,8.52
2022-03-29T10:21:02,47458.22,3416.71,111.1,0.2806,16.53,70.4,22.48,102.85,6.905,178.93,0.6577,0.02873,0.0087,2.643,1.852,3.02,1.709,3.25,200.16,17.09,1.372,1.307,0.5713,2.722,436.56,1.212,69.12,0.8745,14.12,2.75e-05,0.2729,3.558,1.445,2.737,0.2358,11.81,0.6013,8.518
2022-03-29T10:21:32,47449.22,3416.3,111.08,0.2803,16.52,70.4,22.48,102.79,6.905,178.81,0.6575,0.02872,0.0087,2.643,1.852,3.02,1.709,3.254,200.12,17.09,1.372,1.307,0.5713,2.724,436.41,1.211,69.06,0.8742,14.11,2.749e-05,0.2727,3.555,1.444,2.735,0.2358,11.8,0.6006,8.513
2022-03-29T10:22:02,47466.62,3417.95,111.09,0.2803,16.52,70.4,22.48,102.8,6.905,178.82,0.6574,0.02874,0.0087,2.644,1.852,3.02,1.709,3.26,200.02,17.09,1.372,1.307,0.5713,2.726,436.34,1.212,69.05,0.8742,14.11,2.749e-05,0.2727,3.555,1.442,2.735,0.2357,11.82,0.6002,8.516
2022-03-29T10:22:32,47471.15,3419.06,111.23,0.2804,16.55,70.4,22.48,102.79,6.902,178.87,0.6579,0.02878,0.0087,2.645,1.851,3.02,1.709,3.259,200.05,17.09,1.372,1.307,0.5713,2.728,436.53,1.212,69.09,0.8741,14.06,2.749e-05,0.2727,3.556,1.442,2.735,0.2357,11.81,0.6002,8.521
2022-03-29T10:23:02,47519.5,3421.25,111.24,0.2805,16.47,70.4,22.49,102.83,6.904,179.27,0.658,0.02882,0.0087,2.647,1.853,3.02,1.709,3.259,200.13,17.09,1.372,1.308,0.5713,2.729,436.74,1.212,69.13,0.8741,14.06,2.753e-05,0.2725,3.558,1.442,2.737,0.2358,11.81,0.6013,8.537
2022-03-29T10:23:32,47512.55,3421.17,111.21,0.2804,16.47,70.3,22.5,102.88,6.907,179.34,0.6589,0.02887,0.0087,2.645,1.853,3.02,1.709,3.274,200.39,17.09,1.372,1.309,0.5713,2.734,436.72,1.212,69.19,0.8728,14.06,2.753e-05,0.2725,3.56,1.444,2.737,0.2358,11.84,0.6015,8.537
2022-03-29T10:24:02,47503.13,3420.86,111.19,0.2805,16.47,70.3,22.49,102.88,6.91,179.41,0.6585,0.02882,0.0087,2.644,1.853,3.02,1.71,3.268,200.37,17.09,1.372,1.309,0.5713,2.735,436.71,1.212,69.2,0.8727,14.13,2.755e-05,0.2727,3.56,1.444,2.737,0.2358,11.86,0.6016,8.537
2022-03-29T10:24:33,47503.58,3419.82,110.93,0.2804,16.47,70.2,22.49,103,6.909,179.68,0.6586,0.02883,0.0087,2.644,1.852,3.02,1.709,3.269,200.36,17.09,1.372,1.317,0.5713,2.736,436.64,1.212,69.2,0.8727,14.14,2.755e-05,0.2727,3.559,1.443,2.737,0.2358,11.86,0.6018,8.538
2022-03-29T10:25:03,47506.32,3419.53,110.92,0.2805,16.47,70.2,22.49,103.04,6.91,179.67,0.6586,0.02883,0.0087,2.639,1.852,3.02,1.709,3.269,200.4,17.09,1.372,1.317,0.5713,2.738,436.71,1.212,69.21,0.8728,14.14,2.755e-05,0.2727,3.559,1.443,2.737,0.2358,11.86,0.6018,8.538
2022-03-29T10:25:33,47504.76,3420.08,110.94,0.2807,16.41,70.2,22.5,103.06,6.909,179.68,0.6586,0.02884,0.008714,2.639,1.852,3.02,1.709,3.273,200.44,17.09,1.372,1.317,0.5713,2.739,436.71,1.213,69.26,0.8727,14.14,2.757e-05,0.273,3.56,1.444,2.737,0.2358,11.85,0.6022,8.539
2022-03-29T10:26:03,47508.24,3420.03,110.93,0.2807,16.41,70.2,22.49,103.1,6.908,179.75,0.6586,0.02886,0.0087,2.638,1.85,3.02,1.71,3.273,200.42,17.09,1.372,1.324,0.5713,2.742,436.67,1.212,69.26,0.8727,14.16,2.757e-05,0.2732,3.56,1.445,2.737,0.236,11.85,0.6021,8.536
2022-03-29T10:26:33,47510.03,3419.97,110.92,0.2807,16.39,70.2,22.5,103.09,6.913,179.8,0.6574,0.02886,0.0087,2.638,1.849,3.02,1.71,3.273,200.3,17.2,1.372,1.324,0.5713,2.738,436.69,1.212,69.29,0.8726,14.16,2.756e-05,0.2732,3.56,1.444,2.737,0.236,11.85,0.6024,8.529
2022-03-29T10:27:03,47503.68,3419.8,110.86,0.2806,16.39,70.2,22.5,103.05,6.916,179.78,0.6574,0.02882,0.008713,2.638,1.849,3.02,1.71,3.3,200.27,17.2,1.372,1.316,0.5713,2.738,436.67,1.213,69.29,0.8725,14.16,2.756e-05,0.2732,3.562,1.443,2.737,0.2359,11.85,0.6023,8.529
2022-03-29T10:27:33,47504.63,3420.99,110.98,0.2806,16.39,70.2,22.49,102.98,6.919,179.77,0.6571,0.0288,0.008713,2.64,1.85,3.02,1.71,3.3,200.32,17.2,1.372,1.324,0.5713,2.742,436.72,1.213,69.27,0.8725,14.14,2.757e-05,0.2731,3.564,1.443,2.737,0.2359,11.85,0.6024,8.529
2022-03-29T10:28:03,47509.79,3421.8,110.98,0.281,16.39,70.2,22.5,102.98,6.921,179.74,0.6562,0.02875,0.008713,2.638,1.849,3.02,1.71,3.301,200.3,17.2,1.372,1.327,0.5713,2.742,436.68,1.214,69.27,0.8726,14.14,2.76e-05,0.2731,3.565,1.445,2.738,0.236,11.88,0.6027,8.529
2022-03-29T10:28:34,47537.17,3423.62,111.19,0.2811,16.39,70.2,22.51,103.01,6.924,179.79,0.6562,0.0288,0.008713,2.64,1.849,3.02,1.713,3.301,200.37,17.2,1.372,1.327,0.5713,2.743,436.8,1.214,69.29,0.8729,14.14,2.761e-05,0.274,3.567,1.446,2.739,0.2361,11.89,0.6045,8.529
2022-03-29T10:29:04,47541.22,3423.55,111.25,0.2811,16.39,70.1,22.52,103.02,6.926,179.77,0.6562,0.02883,0.008713,2.64,1.849,3.02,1.713,3.301,200.41,17.2,1.372,1.335,0.5713,2.743,436.88,1.214,69.3,0.8728,14.18,2.762e-05,0.274,3.571,1.446,2.741,0.236,11.9,0.6046,8.524
2022-03-29T10:29:34,47552.32,3424.23,111.25,0.2814,16.39,70.1,22.52,103.02,6.926,179.69,0.6562,0.02884,0.008726,2.641,1.854,3.02,1.714,3.303,200.43,17.24,1.372,1.337,0.5713,2.742,436.88,1.214,69.37,0.8724,14.19,2.767e-05,0.274,3.571,1.446,2.742,0.236,11.9,0.6048,8.523
2022-03-29T10:30:04,47551,3425.85,111.25,0.2814,16.36,70,22.52,103.03,6.928,179.82,0.6562,0.02883,0.008726,2.637,1.854,3.02,1.714,3.303,200.42,17.24,1.372,1.344,0.5713,2.744,436.94,1.214,69.37,0.8722,14.19,2.767e-05,0.274,3.572,1.446,2.742,0.236,11.9,0.6042,8.523
2022-03-29T10:30:34,47543.98,3424.88,111.13,0.2816,16.39,69.9,22.53,103.11,6.922,179.8,0.6584,0.02884,0.008726,2.636,1.853,3.02,1.714,3.303,200.4,17.24,1.372,1.344,0.5713,2.745,437.08,1.214,69.37,0.8722,14.19,2.768e-05,0.274,3.573,1.446,2.743,0.236,11.92,0.604,8.528
2022-03-29T10:31:04,47543.77,3425.08,111.13,0.2815,16.38,69.9,22.53,103.1,6.923,179.78,0.6584,0.02885,0.008726,2.636,1.855,3.02,1.714,3.307,200.41,17.24,1.372,1.344,0.5713,2.745,437.02,1.214,69.39,0.8723,14.2,2.769e-05,0.274,3.574,1.446,2.744,0.236,11.94,0.6041,8.532
2022-03-29T10:31:34,47533.83,3424.67,111.13,0.2814,16.41,70,22.53,102.99,6.923,179.62,0.6589,0.02883,0.008726,2.636,1.855,3.02,1.713,3.307,200.36,17.24,1.372,1.351,0.5713,2.744,437.05,1.214,69.41,0.8722,14.2,2.772e-05,0.274,3.574,1.446,2.745,0.236,11.94,0.604,8.533
2022-03-29T10:32:04,47532.86,3424.06,111.16,0.2814,16.41,70,22.52,102.96,6.923,179.55,0.6589,0.02883,0.008726,2.636,1.853,3.02,1.713,3.296,200.36,17.24,1.372,1.351,0.5713,2.744,436.96,1.214,69.41,0.8723,14.2,2.771e-05,0.2737,3.574,1.446,2.745,0.236,11.94,0.604,8.535
2022-03-29T10:32:35,47521.32,3423.68,111.16,0.2813,16.41,70,22.52,102.88,6.923,179.41,0.6589,0.02883,0.008726,2.635,1.852,3.02,1.713,3.296,200.31,17.24,1.372,1.366,0.5713,2.744,436.94,1.214,69.44,0.8725,14.2,2.771e-05,0.2737,3.574,1.446,2.744,0.2361,11.94,0.604,8.535
2022-03-29T10:33:05,47526.84,3422.21,111.07,0.2812,16.41,70,22.52,102.82,6.926,179.41,0.6589,0.02882,0.008716,2.635,1.853,3.02,1.713,3.296,200.27,17.24,1.37,1.355,0.5713,2.74,436.87,1.213,69.51,0.8731,14.2,2.771e-05,0.2737,3.57,1.445,2.741,0.236,11.94,0.6036,8.536
2022-03-29T10:33:35,47525.42,3422.46,111.09,0.281,16.44,70,22.52,102.83,6.926,179.37,0.6589,0.02882,0.008717,2.635,1.853,3.02,1.713,3.296,200.25,17.24,1.37,1.355,0.5713,2.74,436.83,1.213,69.52,0.8732,14.2,2.772e-05,0.2737,3.57,1.444,2.741,0.236,11.94,0.6037,8.537
2022-03-29T10:34:05,47529.5,3423.09,111.09,0.2811,16.44,70,22.52,102.83,6.926,179.36,0.6591,0.02883,0.008717,2.635,1.854,3.02,1.714,3.296,200.24,17.24,1.37,1.355,0.5713,2.741,436.93,1.214,69.5,0.8732,14.2,2.773e-05,0.2737,3.569,1.444,2.741,0.2359,11.94,0.6037,8.537
2022-03-29T10:34:35,47537.29,3423.72,111.09,0.2811,16.44,69.9,22.52,102.85,6.928,179.39,0.6591,0.02882,0.008717,2.636,1.852,3.02,1.714,3.295,200.25,17.23,1.37,1.355,0.5713,2.742,436.87,1.213,69.49,0.8733,14.21,2.773e-05,0.2735,3.572,1.444,2.741,0.236,11.93,0.6037,8.537
2022-03-29T10:35:05,47531.58,3424.32,111.09,0.2809,16.44,69.9,22.52,102.85,6.928,179.36,0.6591,0.02877,0.008717,2.635,1.852,3.02,1.713,3.295,200.23,17.23,1.37,1.359,0.5713,2.741,436.8,1.213,69.5,0.8732,14.21,2.773e-05,0.2735,3.572,1.444,2.741,0.236,11.93,0.6034,8.536
2022-03-29T10:35:35,47523.69,3424.15,111.06,0.2808,16.44,69.9,22.51,102.84,6.928,179.34,0.6591,0.02872,0.008717,2.635,1.853,3.02,1.712,3.295,200.16,17.23,1.37,1.345,0.5713,2.74,436.63,1.212,69.49,0.8731,14.26,2.774e-05,0.2735,3.571,1.443,2.741,0.236,11.94,0.603,8.536
2022-03-29T10:36:06,47528.7,3424.76,110.82,0.2808,16.44,69.9,22.52,102.83,6.923,179.42,0.6591,0.02872,0.008717,2.635,1.853,3.02,1.713,3.295,200.13,17.23,1.37,1.345,0.5713,2.739,436.66,1.213,69.52,0.8731,14.26,2.776e-05,0.2731,3.571,1.443,2.74,0.2359,11.94,0.603,8.531
2022-03-29T10:36:36,47531.99,3424.96,110.8,0.2808,16.44,69.9,22.53,102.94,6.932,179.5,0.6591,0.02872,0.008717,2.636,1.853,3.02,1.714,3.295,200.11,17.23,1.37,1.354,0.5713,2.74,436.77,1.212,69.59,0.8734,14.26,2.776e-05,0.2731,3.571,1.443,2.74,0.2359,11.96,0.6042,8.532
2022-03-29T10:37:06,47536.06,3425.26,110.87,0.2808,16.44,69.9,22.53,103,6.931,179.96,0.6601,0.02874,0.008717,2.636,1.852,3.02,1.713,3.295,200.18,17.23,1.378,1.34,0.5713,2.742,436.84,1.212,69.64,0.8735,14.26,2.786e-05,0.2731,3.572,1.444,2.741,0.236,11.97,0.6047,8.533
2022-03-29T10:37:36,47533.85,3425.52,110.88,0.281,16.44,69.8,22.54,103,6.93,180.02,0.6593,0.02874,0.008717,2.636,1.853,3.02,1.713,3.3,200.2,17.23,1.378,1.344,0.5713,2.743,436.92,1.212,69.74,0.8735,14.27,2.784e-05,0.273,3.572,1.444,2.74,0.2359,11.96,0.6047,8.543
2022-03-29T10:38:06,47539.24,3425.58,110.84,0.281,16.44,69.8,22.54,103.01,6.931,179.96,0.6593,0.02873,0.008717,2.636,1.851,3.02,1.713,3.299,200.22,17.23,1.378,1.344,0.5713,2.742,436.9,1.212,69.74,0.8736,14.27,2.783e-05,0.273,3.568,1.444,2.739,0.236,11.97,0.6043,8.546
2022-03-29T10:38:36,47533.67,3426.39,110.84,0.2809,16.44,69.9,22.54,103.02,6.932,179.81,0.6593,0.02873,0.008717,2.636,1.851,3.02,1.713,3.299,200.23,17.23,1.378,1.347,0.5713,2.738,436.95,1.212,69.8,0.8736,14.27,2.784e-05,0.273,3.567,1.444,2.738,0.2359,11.95,0.6044,8.545
2022-03-29T10:39:06,47532.57,3426.77,110.84,0.281,16.44,69.8,22.55,103.02,6.932,179.83,0.6593,0.02873,0.008733,2.636,1.852,3.02,1.713,3.291,200.2,17.15,1.378,1.347,0.5713,2.737,436.88,1.212,69.77,0.8737,14.28,2.784e-05,0.2731,3.564,1.444,2.739,0.2359,11.94,0.6044,8.54
2022-03-29T10:39:36,47533.61,3427.42,110.89,0.281,16.44,69.8,22.55,103.01,6.922,179.83,0.6593,0.02873,0.008733,2.636,1.852,3.02,1.713,3.292,200.18,17.05,1.378,1.347,0.5713,2.737,436.94,1.212,69.79,0.8738,14.28,2.784e-05,0.2731,3.563,1.443,2.738,0.236,11.94,0.6043,8.54
2022-03-29T10:40:06,47527.14,3427.13,110.87,0.2808,16.44,69.8,22.55,102.92,6.923,179.7,0.6593,0.02872,0.008717,2.635,1.85,3.02,1.711,3.292,200.11,17.05,1.378,1.342,0.5713,2.737,436.66,1.212,69.77,0.8737,14.26,2.779e-05,0.2731,3.563,1.443,2.738,0.2359,11.93,0.6046,8.539
2022-03-29T10:40:37,47523.73,3426.49,110.88,0.2808,16.44,70,22.55,102.81,6.927,179.82,0.6593,0.02872,0.008717,2.635,1.85,3.02,1.711,3.292,200.11,17.05,1.378,1.338,0.5713,2.737,436.65,1.211,69.76,0.874,14.27,2.778e-05,0.2733,3.563,1.445,2.738,0.236,11.92,0.6045,8.537
2022-03-29T10:41:07,47524.16,3426.7,110.9,0.2809,16.44,70,22.55,102.82,6.925,179.81,0.6582,0.02873,0.008717,2.635,1.851,3.02,1.713,3.293,200.13,17.05,1.378,1.338,0.5713,2.736,436.84,1.211,69.78,0.8739,14.27,2.778e-05,0.2733,3.563,1.445,2.738,0.236,11.93,0.6045,8.536
2022-03-29T10:41:37,47526.51,3428.03,111.02,0.2813,16.44,70,22.55,102.87,6.923,179.9,0.6589,0.02873,0.008717,2.635,1.849,3.02,1.714,3.294,200.27,17.05,1.378,1.338,0.5713,2.736,436.83,1.212,69.8,0.874,14.25,2.779e-05,0.2733,3.563,1.446,2.739,0.236,11.94,0.6049,8.537
2022-03-29T10:42:07,47536.25,3428.33,111,0.2816,16.42,70,22.55,102.87,6.927,180.02,0.6589,0.02874,0.008717,2.636,1.851,3.02,1.714,3.294,200.57,17.05,1.378,1.339,0.5713,2.736,436.87,1.212,69.82,0.8739,14.25,2.78e-05,0.2741,3.565,1.447,2.74,0.236,11.95,0.6053,8.536
2022-03-29T10:42:37,47529.61,3428.23,110.92,0.2814,16.42,69.9,22.55,102.85,6.925,180.03,0.6589,0.02872,0.008717,2.635,1.851,3.02,1.714,3.284,200.59,17.09,1.378,1.339,0.5713,2.736,436.88,1.212,69.86,0.8737,14.25,2.779e-05,0.2741,3.564,1.447,2.739,0.236,11.93,0.6053,8.536
2022-03-29T10:43:07,47528.78,3427.57,110.91,0.2814,16.42,69.9,22.55,102.8,6.931,180.26,0.6593,0.02872,0.008731,2.635,1.851,3.02,1.714,3.276,200.64,17.12,1.378,1.339,0.5713,2.735,436.85,1.212,69.84,0.8737,14.22,2.779e-05,0.2741,3.562,1.447,2.738,0.236,11.92,0.6052,8.537
2022-03-29T10:43:37,47525.59,3427.43,110.92,0.2814,16.42,69.9,22.55,102.77,6.932,180.19,0.6592,0.02872,0.008727,2.635,1.849,3.02,1.714,3.276,200.61,17.12,1.378,1.335,0.5713,2.736,436.86,1.212,69.84,0.8737,14.22,2.774e-05,0.2743,3.563,1.447,2.738,0.236,11.91,0.6047,8.531
2022-03-29T10:44:08,47527.67,3427.64,110.92,0.2814,16.42,69.9,22.55,102.74,6.933,180.05,0.6592,0.02872,0.008719,2.635,1.849,3.02,1.714,3.268,200.63,17.12,1.378,1.335,0.5713,2.735,436.85,1.212,69.82,0.8732,14.22,2.774e-05,0.2743,3.564,1.447,2.739,0.236,11.91,0.6043,8.533
2022-03-29T10:44:38,47524.43,3427.68,110.94,0.2814,16.42,69.9,22.56,102.77,6.932,180.09,0.6592,0.02873,0.008719,2.635,1.849,3.02,1.713,3.268,200.64,17.12,1.378,1.335,0.5713,2.733,436.89,1.212,69.8,0.8731,14.22,2.773e-05,0.2743,3.565,1.447,2.738,0.236,11.93,0.6045,8.532
2022-03-29T10:45:08,47523.1,3427.86,110.94,0.2814,16.42,69.9,22.56,102.81,6.939,180.2,0.6581,0.02872,0.008719,2.635,1.847,3.02,1.714,3.268,200.69,17.12,1.378,1.335,0.5713,2.734,436.86,1.213,69.8,0.8731,14.22,2.773e-05,0.2742,3.566,1.447,2.737,0.236,11.95,0.6045,8.532
2022-03-29T10:45:38,47537.16,3431.06,110.96,0.2817,16.44,69.9,22.57,102.96,6.945,180.21,0.6581,0.02872,0.008719,2.636,1.847,3.02,1.714,3.27,200.75,17.14,1.378,1.335,0.5713,2.737,436.91,1.213,69.75,0.8737,14.22,2.777e-05,0.2741,3.571,1.448,2.74,0.2361,11.95,0.6049,8.532
2022-03-29T10:46:08,47537.93,3430.63,111,0.2818,16.42,69.9,22.59,102.98,6.953,180.2,0.6592,0.02874,0.008719,2.636,1.848,3.02,1.715,3.27,200.78,17.14,1.378,1.342,0.5713,2.736,436.9,1.213,69.74,0.8739,14.22,2.776e-05,0.2741,3.571,1.45,2.74,0.2362,11.95,0.6049,8.541
2022-03-29T10:46:38,47540.33,3431.34,111.01,0.2818,16.42,69.9,22.59,102.98,6.953,180.22,0.6592,0.02873,0.008719,2.636,1.85,3.02,1.715,3.265,200.78,17.05,1.378,1.342,0.5713,2.736,436.98,1.213,69.7,0.8739,14.22,2.78e-05,0.2741,3.571,1.45,2.74,0.2362,11.97,0.6056,8.541
2022-03-29T10:47:08,47552.63,3431.28,111,0.2818,16.42,69.9,22.59,102.96,6.955,180.22,0.6577,0.02872,0.008748,2.637,1.851,3.02,1.715,3.265,200.82,17.05,1.378,1.342,0.5713,2.734,436.97,1.213,69.59,0.8738,14.22,2.779e-05,0.2745,3.571,1.451,2.74,0.2362,11.97,0.6055,8.544
2022-03-29T10:47:38,47551.34,3431.46,111.06,0.2818,16.42,69.9,22.59,102.96,6.957,180.25,0.6571,0.02871,0.008731,2.637,1.852,3.02,1.715,3.265,200.82,17.05,1.378,1.341,0.5713,2.736,437.04,1.214,69.57,0.8738,14.22,2.779e-05,0.2745,3.569,1.451,2.738,0.2362,11.97,0.6058,8.54
2022-03-29T10:48:09,47542.41,3430.91,111.05,0.2816,16.42,69.9,22.58,102.87,6.959,180.14,0.6571,0.02871,0.00873,2.636,1.851,3.02,1.715,3.276,200.81,17.05,1.378,1.343,0.5713,2.734,437.08,1.214,69.56,0.8738,14.24,2.779e-05,0.2745,3.568,1.453,2.738,0.2361,11.97,0.6058,8.541
2022-03-29T10:48:39,47546.12,3430.75,111.06,0.2815,16.42,70,22.57,102.83,6.959,180.06,0.6571,0.02872,0.00873,2.636,1.851,3.02,1.715,3.279,200.82,17.05,1.378,1.343,0.5713,2.734,437.03,1.213,69.51,0.8738,14.24,2.779e-05,0.2745,3.568,1.453,2.739,0.2361,11.97,0.6059,8.543
2022-03-29T10:49:09,47537.26,3430.6,111.07,0.2814,16.42,70,22.57,102.76,6.961,179.99,0.6571,0.02871,0.00873,2.636,1.85,3.02,1.714,3.279,200.84,17.05,1.378,1.343,0.5713,2.733,437.05,1.213,69.48,0.8736,14.24,2.779e-05,0.2745,3.568,1.452,2.738,0.2361,11.97,0.6059,8.546
2022-03-29T10:49:39,47541.59,3431.14,111.09,0.2814,16.42,70,22.56,102.76,6.959,179.97,0.6571,0.0287,0.00873,2.636,1.85,3.02,1.715,3.279,200.85,17.05,1.378,1.345,0.5713,2.728,436.96,1.214,69.45,0.8735,14.26,2.779e-05,0.2745,3.569,1.451,2.738,0.2361,11.94,0.6058,8.543
2022-03-29T10:50:09,47542.7,3432.42,111.11,0.2816,16.42,70,22.56,102.77,6.959,179.93,0.6583,0.0287,0.00873,2.636,1.85,3.02,1.715,3.275,200.84,17.05,1.378,1.345,0.5713,2.73,437.08,1.214,69.44,0.8734,14.26,2.78e-05,0.2746,3.571,1.451,2.738,0.2361,11.94,0.6055,8.542
2022-03-29T10:50:39,47550.58,3432.42,111.1,0.2817,16.42,70,22.56,102.76,6.962,179.89,0.6583,0.02869,0.00873,2.637,1.852,3.02,1.715,3.276,200.65,17.05,1.378,1.344,0.5713,2.729,437.04,1.214,69.41,0.8734,14.26,2.779e-05,0.2746,3.57,1.45,2.738,0.2361,11.93,0.6055,8.543
2022-03-29T10:51:09,47555.03,3433.85,111.15,0.2817,16.42,70.1,22.56,102.77,6.961,179.9,0.6583,0.0287,0.008728,2.637,1.852,3.02,1.715,3.278,200.66,17.05,1.378,1.344,0.5713,2.727,437.02,1.214,69.37,0.8735,14.23,2.78e-05,0.2746,3.57,1.451,2.738,0.2361,11.92,0.6051,8.538
2022-03-29T10:51:40,47561.61,3433.31,111.15,0.2816,16.45,70.1,22.56,102.7,6.962,179.8,0.6583,0.0287,0.008745,2.637,1.853,3.03,1.715,3.278,200.6,17.05,1.378,1.336,0.5713,2.727,437.11,1.214,69.36,0.8735,14.23,2.78e-05,0.2745,3.568,1.451,2.74,0.2361,11.92,0.6048,8.537
2022-03-29T10:52:10,47559.77,3433.11,111.23,0.2816,16.45,70.1,22.55,102.71,6.962,179.63,0.6583,0.02868,0.008745,2.637,1.854,3.03,1.715,3.273,200.56,17.05,1.378,1.329,0.5713,2.728,437.07,1.214,69.33,0.8735,14.23,2.78e-05,0.2745,3.568,1.451,2.739,0.2361,11.87,0.6047,8.536
2022-03-29T10:52:40,47557.1,3433.52,111.26,0.2816,16.45,70,22.54,102.73,6.96,179.59,0.6583,0.02868,0.008745,2.637,1.854,3.03,1.715,3.27,200.54,17.05,1.378,1.327,0.5713,2.729,437.11,1.214,69.3,0.8734,14.23,2.782e-05,0.2745,3.567,1.453,2.739,0.2361,11.87,0.6053,8.538
2022-03-29T10:53:10,47561.62,3433.79,111.26,0.2816,16.45,70,22.55,102.79,6.944,179.54,0.6569,0.02868,0.008745,2.637,1.855,3.03,1.715,3.27,200.63,17.05,1.37,1.327,0.5713,2.73,437.14,1.214,69.31,0.8735,14.21,2.785e-05,0.2745,3.568,1.453,2.74,0.2361,11.87,0.6059,8.542
2022-03-29T10:53:40,47551,3433.67,111.17,0.2817,16.43,70,22.54,102.83,6.941,179.56,0.6569,0.02867,0.008745,2.637,1.854,3.03,1.715,3.29,200.62,17.05,1.37,1.327,0.5713,2.732,437.11,1.214,69.33,0.8732,14.24,2.786e-05,0.2745,3.568,1.453,2.74,0.2361,11.88,0.6063,8.543
2022-03-29T10:54:10,47560.04,3434.77,111.18,0.2817,16.43,70,22.55,102.84,6.934,179.61,0.6569,0.02865,0.008745,2.637,1.855,3.03,1.714,3.285,200.69,17.05,1.37,1.327,0.5713,2.733,437.14,1.215,69.38,0.8731,14.24,2.786e-05,0.2745,3.57,1.454,2.741,0.2361,11.89,0.6063,8.541
2022-03-29T10:54:40,47571.73,3435.95,111.18,0.282,16.43,70.1,22.56,102.85,6.937,179.65,0.6569,0.02866,0.008745,2.638,1.858,3.03,1.715,3.285,200.75,17.05,1.37,1.328,0.5713,2.735,437.1,1.215,69.39,0.8732,14.24,2.786e-05,0.2743,3.569,1.454,2.743,0.2361,11.89,0.6066,8.548
2022-03-29T10:55:10,47567.97,3435.54,111.18,0.282,16.43,70.1,22.58,102.85,6.937,179.65,0.6569,0.02887,0.008745,2.638,1.859,3.03,1.715,3.285,200.74,17.14,1.37,1.328,0.5713,2.735,437.12,1.215,69.38,0.8734,14.23,2.786e-05,0.2743,3.569,1.455,2.743,0.2361,11.88,0.6067,8.547
2022-03-29T10:55:41,47577.25,3435.43,111.23,0.282,16.44,70.1,22.59,102.85,6.939,179.64,0.6569,0.029,0.008745,2.638,1.86,3.03,1.715,3.289,200.73,17.14,1.37,1.325,0.5713,2.735,437.09,1.215,69.29,0.8736,14.23,2.786e-05,0.2742,3.57,1.456,2.744,0.2361,11.88,0.6067,8.549
2022-03-29T10:56:11,47576.6,3434.74,111.26,0.2822,16.44,70,22.6,102.75,6.94,179.71,0.6569,0.02899,0.008745,2.638,1.861,3.03,1.715,3.289,200.75,17.14,1.37,1.325,0.5713,2.735,437.04,1.215,69.29,0.8736,14.23,2.782e-05,0.2742,3.573,1.456,2.745,0.2361,11.87,0.6069,8.544
2022-03-29T10:56:41,47573.99,3434.45,111.27,0.2821,16.44,70,22.6,102.75,6.94,179.72,0.6569,0.02913,0.008745,2.638,1.861,3.03,1.715,3.289,200.81,17.14,1.37,1.325,0.5713,2.735,436.98,1.215,69.31,0.8737,14.19,2.782e-05,0.2742,3.573,1.456,2.746,0.2361,11.89,0.6069,8.543
2022-03-29T10:57:11,47575.61,3434.49,111.46,0.2822,16.42,70,22.6,102.73,6.937,179.7,0.658,0.02928,0.008745,2.638,1.861,3.03,1.715,3.289,200.86,17.14,1.37,1.323,0.5713,2.735,436.92,1.216,69.34,0.8737,14.19,2.782e-05,0.2742,3.572,1.456,2.745,0.2362,11.9,0.6071,8.543
2022-03-29T10:57:41,47577.83,3434.43,111.45,0.2825,16.44,69.9,22.61,102.72,6.943,179.7,0.658,0.02933,0.008745,2.638,1.863,3.03,1.715,3.289,200.9,17.18,1.37,1.323,0.5713,2.736,436.97,1.216,69.39,0.8734,14.18,2.782e-05,0.2742,3.572,1.456,2.746,0.2362,11.9,0.6075,8.542
2022-03-29T10:58:11,47591.32,3434.8,111.46,0.2825,16.44,70,22.61,102.74,6.942,179.8,0.6585,0.02967,0.008745,2.639,1.864,3.03,1.716,3.289,200.94,17.18,1.37,1.323,0.5713,2.737,436.95,1.216,69.39,0.8735,14.18,2.782e-05,0.2746,3.573,1.456,2.747,0.2362,11.9,0.6074,8.546
2022-03-29T10:58:41,47588.29,3435.19,111.46,0.2825,16.44,70,22.61,102.73,6.948,179.85,0.6585,0.02963,0.008745,2.639,1.865,3.03,1.716,3.287,201.06,17.18,1.37,1.33,0.5713,2.738,437.11,1.216,69.4,0.8734,14.18,2.786e-05,0.2746,3.574,1.457,2.747,0.2363,11.91,0.6075,8.549
2022-03-29T10:59:12,47604.44,3435.14,111.46,0.2825,16.44,70,22.61,102.74,6.948,179.86,0.6585,0.02967,0.008736,2.681,1.865,3.03,1.716,3.287,201.04,17.18,1.37,1.33,0.5713,2.74,437.15,1.216,69.39,0.8734,14.22,2.787e-05,0.2746,3.574,1.457,2.747,0.2363,11.92,0.6077,8.548
2022-03-29T10:59:42,47607.7,3433.37,111.39,0.2824,16.39,70,22.62,102.71,6.948,179.82,0.6585,0.02946,0.008733,2.681,1.864,3.03,1.715,3.291,201.07,17.18,1.37,1.342,0.5713,2.74,437.12,1.216,69.43,0.8735,14.22,2.783e-05,0.2746,3.574,1.458,2.746,0.2363,11.92,0.608,8.559
2022-03-29T11:00:12,47604.13,3433.23,111.4,0.2825,16.39,70,22.62,102.75,6.948,179.84,0.6585,0.02949,0.008733,2.682,1.864,3.03,1.715,3.291,201.07,17.18,1.37,1.347,0.5713,2.744,437.29,1.216,69.39,0.8735,14.22,2.781e-05,0.2746,3.574,1.458,2.747,0.2364,11.91,0.6084,8.558
2022-03-29T11:00:42,47606.99,3433.37,111.4,0.2827,16.44,70,22.64,102.79,6.947,179.9,0.6585,0.02952,0.008733,2.707,1.864,3.03,1.715,3.291,201.12,17.2,1.37,1.347,0.5713,2.742,437.55,1.217,69.4,0.8736,14.23,2.78e-05,0.2746,3.575,1.458,2.748,0.2366,11.92,0.6082,8.564
2022-03-29T11:01:12,47590.69,3432.99,111.29,0.2826,16.44,70,22.64,102.79,6.95,179.81,0.6572,0.0296,0.008733,2.707,1.864,3.03,1.715,3.291,200.92,17.2,1.37,1.347,0.5713,2.742,437.95,1.216,69.37,0.8738,14.23,2.78e-05,0.2746,3.574,1.457,2.746,0.2364,11.91,0.6082,8.582
2022-03-29T11:01:42,47578.85,3431.43,111.17,0.2826,16.44,70.1,22.64,102.75,6.941,179.76,0.6572,0.0296,0.008733,2.707,1.864,3.03,1.712,3.291,200.86,17.2,1.37,1.355,0.5713,2.741,437.96,1.216,69.32,0.8732,14.23,2.777e-05,0.2739,3.573,1.456,2.745,0.2362,11.91,0.6068,8.583
2022-03-29T11:02:12,47580.3,3431.15,111.17,0.2824,16.44,70.1,22.62,102.71,6.942,179.72,0.6572,0.02953,0.008733,2.719,1.865,3.03,1.712,3.315,200.76,17.2,1.37,1.355,0.5713,2.737,437.88,1.216,69.18,0.8731,14.22,2.777e-05,0.2739,3.574,1.453,2.745,0.2362,11.88,0.6069,8.585
2022-03-29T11:02:42,47592.89,3432.3,111.26,0.2829,16.43,70.1,22.62,102.72,6.929,179.97,0.6572,0.0295,0.008728,2.72,1.864,3.03,1.714,3.315,200.72,17.2,1.37,1.355,0.5713,2.737,437.98,1.216,69.17,0.8733,14.22,2.778e-05,0.2737,3.575,1.453,2.745,0.2363,11.88,0.6069,8.584
2022-03-29T11:03:13,47616.69,3433.07,111.34,0.2832,16.43,70.1,22.64,102.77,6.936,180.15,0.6572,0.02955,0.008728,2.728,1.865,3.03,1.716,3.315,200.8,17.14,1.37,1.37,0.5713,2.742,438.1,1.218,69.25,0.8739,14.22,2.783e-05,0.2737,3.58,1.453,2.749,0.2363,11.88,0.6073,8.588
2022-03-29T11:03:43,47625.8,3436.15,111.36,0.2833,16.43,70.1,22.66,102.79,6.946,180.15,0.6589,0.02956,0.008744,2.732,1.865,3.03,1.716,3.319,200.84,17.14,1.37,1.37,0.5713,2.744,438.24,1.218,69.26,0.8741,14.22,2.785e-05,0.2737,3.582,1.455,2.75,0.2366,11.87,0.6076,8.592
2022-03-29T11:04:13,47642.11,3436.19,111.57,0.2834,16.4,70.1,22.65,102.99,6.943,180.21,0.6592,0.02958,0.008744,2.734,1.867,3.03,1.716,3.319,200.97,17.14,1.37,1.37,0.5713,2.744,438.32,1.219,69.3,0.8747,14.25,2.786e-05,0.2737,3.583,1.455,2.754,0.2366,11.87,0.6075,8.599
2022-03-29T11:04:43,47660.28,3438.4,111.69,0.2835,16.4,70,22.66,103.07,6.941,180.32,0.6592,0.0296,0.008744,2.739,1.868,3.03,1.718,3.319,201.21,17.14,1.361,1.367,0.5713,2.75,438.65,1.22,69.34,0.8755,14.25,2.798e-05,0.2743,3.585,1.456,2.754,0.2368,11.88,0.6076,8.604
2022-03-29T11:05:13,47665.24,3437.78,111.68,0.2836,16.4,70,22.66,103.1,6.944,180.34,0.6592,0.02967,0.008744,2.743,1.868,3.03,1.718,3.319,201.11,17.14,1.362,1.369,0.5713,2.75,438.66,1.22,69.33,0.8755,14.26,2.798e-05,0.2743,3.584,1.456,2.755,0.2366,11.92,0.6076,8.605
2022-03-29T11:05:43,47659.06,3438.6,111.65,0.2837,16.4,70.1,22.67,103.3,6.946,180.27,0.6585,0.02974,0.008744,2.746,1.867,3.03,1.717,3.319,201.17,17.14,1.362,1.369,0.5713,2.75,438.67,1.22,69.36,0.8755,14.26,2.797e-05,0.2743,3.583,1.455,2.754,0.2366,11.94,0.6083,8.605
2022-03-29T11:06:13,47657.98,3438.57,111.61,0.2836,16.4,70.1,22.67,103.32,6.947,180.35,0.6592,0.02973,0.008744,2.752,1.867,3.03,1.717,3.336,201.13,17.14,1.362,1.371,0.5713,2.748,438.65,1.22,69.32,0.8754,14.26,2.792e-05,0.2743,3.582,1.455,2.755,0.2368,11.94,0.6083,8.604
2022-03-29T11:06:44,47647.51,3438.14,111.62,0.2832,16.4,70.1,22.66,103.33,6.948,180.35,0.6592,0.02969,0.008744,2.759,1.868,3.03,1.718,3.336,201.11,17.14,1.362,1.371,0.5713,2.749,438.64,1.22,69.31,0.8754,14.27,2.792e-05,0.2743,3.582,1.455,2.754,0.2367,11.94,0.6083,8.605
2022-03-29T11:07:14,47649.65,3438.86,111.64,0.2832,16.4,70.1,22.65,103.4,6.945,180.53,0.6592,0.02963,0.008802,2.769,1.867,3.03,1.718,3.336,201.2,17.14,1.362,1.371,0.5713,2.749,438.64,1.221,69.31,0.8755,14.27,2.793e-05,0.2743,3.582,1.455,2.754,0.2367,11.96,0.6085,8.605
2022-03-29T11:07:44,47651.61,3438.81,111.9,0.2832,16.43,70.1,22.65,103.42,6.94,180.5,0.6592,0.0296,0.008794,2.769,1.867,3.03,1.718,3.336,201.22,17.14,1.362,1.367,0.5713,2.747,438.73,1.221,69.32,0.8756,14.28,2.79e-05,0.2746,3.583,1.455,2.754,0.2367,11.96,0.6085,8.604
2022-03-29T11:08:14,47648.12,3438.4,111.93,0.2828,16.43,70.1,22.62,103.57,6.935,180.5,0.6592,0.0296,0.008794,2.788,1.871,3.03,1.718,3.336,201.22,17.14,1.362,1.366,0.5713,2.748,438.74,1.221,69.33,0.8756,14.28,2.789e-05,0.2746,3.582,1.454,2.754,0.2368,11.97,0.6086,8.605
2022-03-29T11:08:44,47649.25,3438.46,111.95,0.2829,16.43,70,22.62,103.67,6.934,180.5,0.6592,0.02962,0.008779,2.788,1.872,3.03,1.718,3.338,201.29,17.14,1.362,1.366,0.5713,2.749,438.73,1.221,69.32,0.8755,14.28,2.786e-05,0.2746,3.582,1.454,2.754,0.2368,11.97,0.6089,8.604
2022-03-29T11:09:14,47654.83,3438.82,111.99,0.2831,16.4,70,22.62,103.67,6.935,180.43,0.6601,0.02968,0.008754,2.788,1.872,3.03,1.719,3.341,201.28,17.14,1.362,1.35,0.5713,2.75,438.74,1.221,69.34,0.8756,14.28,2.785e-05,0.275,3.581,1.454,2.754,0.2368,11.97,0.6089,8.605
2022-03-29T11:09:45,47650.77,3438.95,112.01,0.2831,16.4,70,22.62,103.66,6.935,180.44,0.6602,0.02967,0.008747,2.788,1.871,3.03,1.718,3.341,201.27,17.14,1.376,1.35,0.5713,2.747,438.84,1.222,69.35,0.8756,14.27,2.785e-05,0.2749,3.582,1.454,2.754,0.2368,11.97,0.6087,8.605
2022-03-29T11:10:15,47646.02,3438.78,112.06,0.2829,16.4,70.2,22.61,103.57,6.943,180.44,0.6602,0.02964,0.008747,2.788,1.87,3.03,1.718,3.331,201.26,17.14,1.376,1.35,0.5713,2.747,438.78,1.222,69.35,0.8756,14.27,2.785e-05,0.2749,3.582,1.453,2.753,0.2368,11.97,0.6085,8.604
2022-03-29T11:10:46,47647.37,3438.73,111.99,0.2829,16.4,70.2,22.6,103.52,6.942,180.46,0.6602,0.02964,0.008746,2.759,1.87,3.03,1.718,3.336,201.28,17.14,1.376,1.355,0.5713,2.747,438.81,1.223,69.34,0.8756,14.28,2.786e-05,0.2753,3.583,1.453,2.753,0.2368,11.98,0.6081,8.605
2022-03-29T11:11:16,47651.34,3439.66,111.99,0.2829,16.4,70.2,22.6,103.54,6.943,180.48,0.6599,0.02964,0.008746,2.759,1.87,3.03,1.718,3.339,201.31,17.14,1.376,1.355,0.5713,2.749,438.79,1.224,69.34,0.8756,14.27,2.787e-05,0.2757,3.584,1.453,2.754,0.2368,11.98,0.6084,8.606
2022-03-29T11:11:46,47656.78,3440.61,111.85,0.283,16.45,70.2,22.62,103.55,6.937,180.54,0.6599,0.0296,0.008746,2.759,1.871,3.03,1.719,3.339,201.36,17.14,1.378,1.349,0.5713,2.753,438.84,1.224,69.35,0.876,14.27,2.789e-05,0.2758,3.586,1.453,2.754,0.2369,12.01,0.6084,8.606
2022-03-29T11:12:16,47666.81,3442.02,112.07,0.2834,16.45,70.2,22.63,103.61,6.944,180.63,0.6602,0.02959,0.008746,2.759,1.871,3.03,1.719,3.339,201.37,17.14,1.378,1.348,0.5713,2.753,438.86,1.224,69.36,0.8761,14.27,2.79e-05,0.2758,3.586,1.453,2.754,0.237,12.03,0.6084,8.604
2022-03-29T11:12:46,47672.63,3441.99,112.07,0.2832,16.45,70.1,22.62,103.63,6.944,180.68,0.6602,0.0296,0.008746,2.759,1.871,3.04,1.72,3.341,201.42,17.14,1.38,1.349,0.5713,2.753,438.88,1.224,69.37,0.8762,14.29,2.79e-05,0.2757,3.587,1.454,2.754,0.237,12.04,0.6084,8.6
2022-03-29T11:13:16,47675.1,3443.13,112.01,0.2833,16.45,70.2,22.63,103.58,6.949,180.74,0.6603,0.02956,0.008769,2.758,1.871,3.04,1.72,3.341,201.48,17.14,1.378,1.349,0.5713,2.753,438.87,1.224,69.44,0.8763,14.29,2.79e-05,0.2757,3.585,1.454,2.755,0.2372,12.03,0.6085,8.56
2022-03-29T11:13:46,47690.35,3441.82,111.98,0.2833,16.4,70.2,22.62,103.53,6.945,180.83,0.6604,0.02957,0.008769,2.758,1.871,3.04,1.72,3.341,201.45,17.14,1.388,1.348,0.5713,2.754,438.78,1.224,69.41,0.8763,14.29,2.789e-05,0.2757,3.584,1.453,2.755,0.2372,12.03,0.6085,8.555
2022-03-29T11:14:16,47693.1,3442.99,111.98,0.2833,16.4,70.2,22.62,103.51,6.952,180.75,0.6604,0.02959,0.008769,2.758,1.87,3.04,1.72,3.335,201.47,17.14,1.388,1.35,0.5713,2.757,438.81,1.225,69.38,0.8768,14.27,2.789e-05,0.2769,3.584,1.454,2.754,0.2372,12.03,0.6085,8.557
2022-03-29T11:14:47,47693.28,3445.65,111.93,0.2836,16.4,70.2,22.63,103.6,6.956,180.76,0.6604,0.0296,0.008769,2.758,1.866,3.04,1.719,3.335,201.48,17.14,1.388,1.348,0.5713,2.756,439.01,1.224,69.41,0.878,14.27,2.791e-05,0.2769,3.583,1.454,2.754,0.2372,12.01,0.6086,8.558
2022-03-29T11:15:17,47706.48,3445.56,111.92,0.2837,16.45,70.2,22.63,103.62,6.96,180.73,0.6594,0.02963,0.008769,2.758,1.866,3.04,1.719,3.335,201.41,17.14,1.388,1.348,0.5713,2.757,439.1,1.224,69.43,0.878,14.27,2.791e-05,0.2776,3.583,1.454,2.754,0.2374,12.02,0.6083,8.557
2022-03-29T11:15:47,47697.35,3444.55,111.9,0.2835,16.39,70,22.63,103.54,6.955,180.81,0.6603,0.02963,0.008811,2.758,1.865,3.04,1.718,3.313,201.37,17.14,1.388,1.348,0.5713,2.754,439.06,1.223,69.43,0.8778,14.27,2.788e-05,0.2763,3.581,1.454,2.753,0.2374,12.03,0.6077,8.558
2022-03-29T11:16:17,47698.02,3444.53,111.82,0.2836,16.44,70,22.63,103.51,6.956,180.82,0.6603,0.02962,0.008811,2.758,1.864,3.04,1.718,3.313,201.35,17.1,1.388,1.35,0.5713,2.756,439.08,1.223,69.43,0.8772,14.23,2.79e-05,0.2766,3.579,1.454,2.752,0.2375,12.03,0.6077,8.561
2022-03-29T11:16:47,47706.92,3442.7,111.8,0.2836,16.44,70,22.62,103.53,6.956,180.79,0.6603,0.0296,0.008806,2.758,1.865,3.04,1.718,3.302,201.28,17.1,1.388,1.35,0.5713,2.755,439.05,1.223,69.41,0.8776,14.23,2.789e-05,0.2766,3.577,1.454,2.752,0.2375,12.03,0.607,8.556
2022-03-29T11:17:17,47703.36,3442.76,111.79,0.2836,16.39,70,22.61,103.53,6.955,180.54,0.6603,0.0296,0.008811,2.758,1.862,3.04,1.717,3.305,201.2,17.1,1.388,1.353,0.5713,2.756,439.01,1.22,69.35,0.8779,14.23,2.788e-05,0.2757,3.577,1.453,2.752,0.2376,12.03,0.6068,8.555
2022-03-29T11:17:47,47705.2,3442.83,111.7,0.2837,16.39,70,22.61,103.53,6.956,180.52,0.6603,0.0296,0.008811,2.758,1.862,3.04,1.717,3.293,201.22,17.1,1.388,1.354,0.5713,2.759,438.75,1.221,69.34,0.8779,14.26,2.784e-05,0.2756,3.577,1.453,2.751,0.2376,12.02,0.6068,8.553
2022-03-29T11:18:17,47695.98,3441.29,111.71,0.2837,16.39,70,22.61,103.55,6.961,180.52,0.6603,0.02959,0.008811,2.758,1.863,3.04,1.716,3.293,201.23,17.1,1.388,1.354,0.5713,2.76,438.64,1.221,69.34,0.8778,14.26,2.783e-05,0.2756,3.577,1.452,2.751,0.2375,12.03,0.6074,8.55
2022-03-29T11:18:47,47694.12,3441.14,111.78,0.2837,16.39,70,22.62,103.56,6.963,180.52,0.6593,0.02958,0.008811,2.758,1.863,3.04,1.716,3.291,201.61,17.21,1.388,1.356,0.5713,2.762,438.78,1.221,69.36,0.8778,14.26,2.786e-05,0.2761,3.578,1.452,2.751,0.2375,12.03,0.6074,8.551
2022-03-29T11:19:18,47686.67,3440.2,111.82,0.2839,16.39,70,22.62,103.54,6.962,180.49,0.6586,0.02955,0.008811,2.758,1.863,3.04,1.717,3.287,201.73,17.21,1.391,1.357,0.5713,2.763,438.68,1.222,69.36,0.8777,14.26,2.786e-05,0.2761,3.578,1.453,2.752,0.2375,11.99,0.6075,8.549
2022-03-29T11:19:48,47671.87,3438.77,111.8,0.2837,16.39,70.1,22.62,103.37,6.969,180.3,0.6586,0.02951,0.008809,2.758,1.862,3.04,1.717,3.287,201.62,17.21,1.391,1.357,0.5713,2.762,438.55,1.221,69.39,0.8768,14.27,2.785e-05,0.2761,3.579,1.453,2.751,0.2375,11.98,0.6076,8.548
2022-03-29T11:20:18,47675.05,3439.18,111.81,0.2837,16.39,70.1,22.62,103.32,6.967,180.26,0.6586,0.02951,0.008809,2.758,1.863,3.04,1.717,3.287,201.63,17.21,1.391,1.357,0.5713,2.763,438.49,1.221,69.39,0.8768,14.27,2.785e-05,0.2761,3.579,1.454,2.752,0.2375,11.98,0.6076,8.548
2022-03-29T11:20:48,47666.39,3438.72,111.66,0.2834,16.39,70.1,22.61,103.25,6.962,180.25,0.6586,0.02946,0.008794,2.758,1.863,3.04,1.716,3.267,201.4,17.21,1.388,1.35,0.5713,2.765,438.49,1.22,69.39,0.8767,14.27,2.784e-05,0.2752,3.577,1.453,2.752,0.2375,11.98,0.6079,8.549
2022-03-29T11:21:18,47661.16,3438.33,111.65,0.2829,16.39,70,22.62,103.12,6.963,180.29,0.6586,0.02934,0.008794,2.751,1.863,3.04,1.715,3.267,201.79,17.21,1.388,1.35,0.5713,2.765,438.36,1.22,69.3,0.8766,14.27,2.778e-05,0.2754,3.573,1.452,2.751,0.2374,11.98,0.6078,8.548
2022-03-29T11:21:48,47643.22,3437.69,111.64,0.2828,16.39,70,22.62,103.09,6.965,180.34,0.6587,0.02926,0.008794,2.746,1.862,3.04,1.715,3.267,201.75,17.21,1.385,1.336,0.5713,2.765,438.39,1.22,69.3,0.8764,14.27,2.777e-05,0.2754,3.573,1.451,2.751,0.2374,11.98,0.6077,8.549
2022-03-29T11:22:18,47638.73,3436.99,111.7,0.2825,16.39,70,22.61,103.08,6.962,180.47,0.6587,0.0293,0.008794,2.746,1.86,3.04,1.714,3.267,201.78,17.21,1.385,1.336,0.5713,2.766,438.35,1.22,69.29,0.8766,14.27,2.777e-05,0.2754,3.573,1.45,2.751,0.2375,11.97,0.6065,8.548
2022-03-29T11:22:49,47647.62,3437.18,111.74,0.2825,16.34,70.1,22.61,103.07,6.964,180.44,0.6585,0.02931,0.008794,2.746,1.862,3.04,1.716,3.284,201.7,17.21,1.385,1.337,0.5713,2.766,438.48,1.221,69.3,0.8767,14.27,2.778e-05,0.2754,3.576,1.451,2.752,0.2375,11.97,0.6064,8.551
2022-03-29T11:23:19,47648.94,3436.77,111.74,0.2828,16.34,70.1,22.62,103.1,6.963,180.52,0.6571,0.02936,0.008794,2.746,1.859,3.04,1.716,3.291,201.5,17.19,1.388,1.337,0.5713,2.766,438.62,1.221,69.3,0.8768,14.27,2.778e-05,0.2757,3.577,1.451,2.752,0.2375,11.97,0.6066,8.55
2022-03-29T11:23:49,47651.7,3436.6,111.7,0.2826,16.34,70.1,22.62,103.19,6.965,180.76,0.658,0.0294,0.008794,2.746,1.859,3.04,1.716,3.292,201.46,17.19,1.386,1.342,0.5713,2.766,438.65,1.22,69.3,0.8774,14.27,2.776e-05,0.2756,3.577,1.451,2.752,0.2375,11.98,0.6066,8.549
2022-03-29T11:24:19,47651.7,3436.63,111.69,0.2827,16.34,70.1,22.62,103.18,6.969,180.9,0.658,0.02935,0.008778,2.746,1.859,3.04,1.716,3.291,201.46,17.19,1.388,1.342,0.5713,2.767,438.66,1.22,69.29,0.8776,14.25,2.776e-05,0.2756,3.577,1.451,2.752,0.2376,11.99,0.607,8.555
2022-03-29T11:24:49,47650.87,3436.23,111.68,0.2827,16.33,70.1,22.62,103.18,6.966,181.31,0.658,0.02935,0.008778,2.746,1.86,3.04,1.716,3.291,201.45,17.19,1.388,1.342,0.5713,2.767,438.59,1.22,69.28,0.8777,14.22,2.774e-05,0.2751,3.577,1.45,2.751,0.2375,12.03,0.6067,8.557
2022-03-29T11:25:20,47651.81,3434.9,111.68,0.2825,16.34,70.1,22.62,103.13,6.969,181.48,0.6575,0.02934,0.008778,2.746,1.86,3.04,1.715,3.291,201.47,17.19,1.388,1.339,0.5713,2.764,438.54,1.22,69.3,0.8777,14.22,2.775e-05,0.2746,3.577,1.45,2.749,0.2376,12.02,0.6067,8.558
2022-03-29T11:25:50,47647.42,3435.1,111.65,0.2824,16.34,70.2,22.64,103.17,6.971,181.49,0.6575,0.02935,0.008778,2.746,1.86,3.03,1.714,3.295,201.43,17.19,1.393,1.338,0.5713,2.763,438.53,1.22,69.31,0.8777,14.22,2.775e-05,0.275,3.577,1.449,2.75,0.2376,12.03,0.6067,8.556
2022-03-29T11:26:20,47639.26,3434.38,111.64,0.2822,16.34,70.2,22.63,103.19,6.967,181.17,0.6574,0.02933,0.008778,2.746,1.859,3.03,1.714,3.295,201.41,17.19,1.393,1.338,0.5713,2.762,438.39,1.219,69.31,0.8779,14.21,2.775e-05,0.275,3.577,1.448,2.75,0.2376,12.03,0.6066,8.557
2022-03-29T11:26:50,47644.64,3434.59,111.93,0.2821,16.34,70.1,22.63,103.2,6.967,181.11,0.6574,0.02934,0.008779,2.746,1.86,3.03,1.714,3.281,201.43,17.19,1.393,1.331,0.5713,2.762,438.52,1.22,69.29,0.8778,14.23,2.776e-05,0.275,3.579,1.448,2.751,0.2376,12.01,0.6063,8.559
2022-03-29T11:27:20,47647.83,3434.28,112.1,0.2821,16.34,70.1,22.63,103.23,6.972,181.11,0.6575,0.0293,0.008792,2.746,1.858,3.03,1.714,3.28,201.52,17.19,1.393,1.332,0.5713,2.761,438.59,1.22,69.3,0.878,14.23,2.776e-05,0.2753,3.581,1.448,2.752,0.2376,12.02,0.6064,8.556
2022-03-29T11:27:50,47649.99,3434.19,112.09,0.2826,16.34,70.1,22.63,103.25,6.975,180.97,0.6585,0.0293,0.008792,2.746,1.858,3.03,1.714,3.29,201.51,17.19,1.393,1.332,0.5713,2.76,438.65,1.22,69.33,0.8791,14.22,2.78e-05,0.2753,3.582,1.448,2.753,0.2377,12.02,0.6064,8.556
2022-03-29T11:28:20,47657.98,3434.72,112.11,0.2828,16.34,70.1,22.63,103.28,6.975,180.91,0.6585,0.02928,0.008792,2.746,1.858,3.03,1.713,3.29,201.53,17.21,1.393,1.35,0.5713,2.76,438.67,1.22,69.35,0.8792,14.22,2.78e-05,0.2753,3.582,1.449,2.753,0.2378,12.02,0.6076,8.56
2022-03-29T11:28:50,47665.11,3435.91,112.14,0.2828,16.34,70.1,22.64,103.33,6.976,180.96,0.6573,0.02928,0.008792,2.746,1.859,3.03,1.714,3.309,201.67,17.21,1.393,1.353,0.5713,2.76,438.66,1.22,69.39,0.8796,14.22,2.783e-05,0.2752,3.584,1.451,2.754,0.2378,12.06,0.608,8.562
2022-03-29T11:29:21,47672.12,3438.08,112.47,0.2829,16.34,70,22.64,103.33,6.98,181.16,0.6573,0.02913,0.008792,2.751,1.859,3.03,1.716,3.31,201.78,17.21,1.393,1.352,0.5713,2.762,438.72,1.222,69.43,0.8797,14.22,2.784e-05,0.2757,3.585,1.452,2.754,0.2378,12.06,0.608,8.562
2022-03-29T11:29:51,47669.58,3437.72,112.12,0.2829,16.34,70,22.64,103.3,6.985,181.02,0.6573,0.02908,0.008825,2.751,1.859,3.03,1.716,3.31,201.73,17.21,1.393,1.352,0.5713,2.76,438.82,1.221,69.4,0.8796,14.27,2.782e-05,0.2757,3.584,1.452,2.753,0.2379,12.06,0.6069,8.564
2022-03-29T11:30:21,47662.38,3436.27,112.25,0.2829,16.34,70,22.63,103.15,6.986,181.12,0.6573,0.02897,0.008825,2.743,1.857,3.03,1.716,3.321,201.68,17.21,1.393,1.352,0.5713,2.76,438.81,1.222,69.4,0.8793,14.27,2.782e-05,0.2761,3.583,1.452,2.753,0.238,12.06,0.6072,8.57
2022-03-29T11:30:51,47651.58,3435.9,112.24,0.2829,16.34,70,22.63,103.09,6.983,181.23,0.6573,0.02905,0.008825,2.743,1.857,3.03,1.716,3.32,201.67,17.21,1.393,1.352,0.5713,2.759,438.67,1.222,69.41,0.8793,14.28,2.781e-05,0.2761,3.582,1.453,2.753,0.2379,12.07,0.6071,8.572
2022-03-29T11:31:21,47652.53,3435.06,112.23,0.2829,16.39,70,22.63,103.08,6.982,181.22,0.6585,0.02913,0.008825,2.743,1.857,3.03,1.716,3.32,201.62,17.1,1.393,1.352,0.5713,2.76,438.86,1.222,69.37,0.8793,14.27,2.78e-05,0.2761,3.582,1.453,2.752,0.2379,12.07,0.6071,8.581
2022-03-29T11:31:51,47651.9,3434.37,112.23,0.283,16.39,70,22.63,103.15,6.982,181.25,0.6585,0.02917,0.008825,2.743,1.857,3.03,1.716,3.32,201.69,17.1,1.393,1.352,0.5713,2.76,438.98,1.222,69.37,0.8793,14.27,2.779e-05,0.2757,3.58,1.452,2.753,0.2383,12.09,0.6078,8.581
2022-03-29T11:32:21,47649.23,3433.73,112.02,0.2829,16.39,70,22.62,103.13,6.974,181.25,0.6583,0.02924,0.008825,2.743,1.856,3.03,1.716,3.301,201.65,17.1,1.394,1.362,0.5713,2.759,438.93,1.221,69.32,0.8791,14.28,2.771e-05,0.2753,3.58,1.452,2.753,0.2382,12.09,0.6079,8.585
2022-03-29T11:32:51,47620.92,3431.76,111.88,0.2826,16.39,70,22.61,103.05,6.979,181.23,0.66,0.02924,0.0088,2.752,1.855,3.03,1.716,3.301,201.49,17.1,1.395,1.362,0.5713,2.756,438.77,1.22,69.26,0.8786,14.28,2.77e-05,0.2751,3.579,1.451,2.752,0.2381,12.08,0.6079,8.585
2022-03-29T11:33:22,47615.43,3431.68,111.88,0.2826,16.39,70,22.57,103.02,6.974,181.12,0.6584,0.02922,0.008788,2.752,1.855,3.03,1.715,3.301,201.41,17.1,1.395,1.353,0.5713,2.752,438.73,1.22,69.24,0.8783,14.28,2.77e-05,0.2751,3.577,1.448,2.751,0.2378,12.04,0.6053,8.572
2022-03-29T11:33:52,47595.54,3430.92,111.71,0.2817,16.36,70,22.55,102.94,6.977,180.97,0.6583,0.02918,0.008788,2.752,1.854,3.03,1.713,3.289,201.25,17.16,1.395,1.353,0.5713,2.751,438.55,1.22,69.24,0.8772,14.28,2.766e-05,0.2744,3.576,1.448,2.75,0.2377,12.01,0.6037,8.573
2022-03-29T11:34:22,47588.83,3427.94,111.62,0.2818,16.4,70,22.54,102.93,6.977,180.61,0.6583,0.02908,0.008752,2.752,1.852,3.03,1.712,3.288,200.85,17.16,1.395,1.353,0.5713,2.749,438.46,1.219,69.22,0.8771,14.28,2.766e-05,0.274,3.573,1.446,2.748,0.2376,12,0.6031,8.577
2022-03-29T11:34:53,47587.34,3428.26,111.64,0.2818,16.4,70,22.54,102.94,6.979,180.55,0.6583,0.02916,0.008751,2.752,1.85,3.03,1.712,3.288,200.74,17.16,1.395,1.353,0.5713,2.751,438.11,1.218,69.21,0.8771,14.22,2.766e-05,0.274,3.574,1.445,2.749,0.2375,12,0.6037,8.575
2022-03-29T11:35:23,47584.4,3429.24,111.63,0.2818,16.37,70,22.53,102.89,6.968,180.5,0.6577,0.0292,0.00874,2.752,1.85,3.03,1.712,3.292,200.74,17.16,1.395,1.353,0.5713,2.75,438.09,1.218,69.21,0.8769,14.22,2.766e-05,0.2743,3.574,1.444,2.748,0.2375,12,0.6036,8.576
2022-03-29T11:35:53,47606.43,3429.67,111.44,0.2819,16.37,69.9,22.54,102.92,6.977,180.57,0.6591,0.02924,0.00874,2.752,1.851,3.03,1.71,3.292,201.08,17.16,1.389,1.353,0.5713,2.752,438.14,1.218,69.22,0.8771,14.22,2.767e-05,0.2743,3.574,1.444,2.749,0.2376,12,0.6033,8.576
2022-03-29T11:36:23,47605.35,3430.62,111.45,0.282,16.37,69.9,22.55,102.95,6.977,180.62,0.6591,0.02936,0.008729,2.748,1.851,3.03,1.711,3.292,201.05,17.16,1.389,1.347,0.5713,2.753,438.18,1.219,69.27,0.8772,14.22,2.771e-05,0.2743,3.576,1.447,2.751,0.2376,12.04,0.6044,8.584
2022-03-29T11:36:53,47615.19,3430.95,111.54,0.2819,16.37,69.9,22.55,102.95,6.978,180.6,0.6591,0.02937,0.008752,2.748,1.851,3.03,1.711,3.292,201.03,17.16,1.389,1.347,0.5713,2.752,438.27,1.22,69.28,0.8773,14.25,2.771e-05,0.2742,3.576,1.446,2.75,0.2376,12.05,0.6047,8.584
2022-03-29T11:37:23,47625.28,3431.15,111.57,0.282,16.42,70,22.55,103.01,6.978,180.57,0.6591,0.02936,0.008752,2.748,1.851,3.03,1.712,3.292,201.28,17.16,1.389,1.347,0.5713,2.752,438.4,1.22,69.27,0.8776,14.25,2.771e-05,0.2742,3.576,1.447,2.75,0.2376,12.05,0.6046,8.583
2022-03-29T11:37:53,47610.37,3429.68,111.56,0.2819,16.42,70,22.53,102.94,6.971,180.46,0.6591,0.0293,0.008752,2.748,1.851,3.03,1.712,3.295,201.15,17.16,1.389,1.347,0.5713,2.749,438.4,1.22,69.25,0.8775,14.24,2.767e-05,0.275,3.573,1.446,2.748,0.2375,12.05,0.6042,8.582
2022-03-29T11:38:24,47605.41,3429.85,111.39,0.2819,16.42,69.9,22.52,102.9,6.97,180.5,0.6591,0.02924,0.008752,2.748,1.851,3.03,1.71,3.295,201.12,17.16,1.389,1.334,0.5713,2.749,438.27,1.219,69.27,0.8775,14.24,2.768e-05,0.275,3.573,1.446,2.749,0.2376,12.07,0.6039,8.581
2022-03-29T11:38:54,47586.81,3429.65,111.38,0.282,16.39,69.9,22.52,102.91,6.976,180.47,0.6591,0.02915,0.008752,2.748,1.849,3.03,1.71,3.289,201.05,17.14,1.389,1.334,0.5713,2.749,438.06,1.219,69.26,0.8766,14.22,2.769e-05,0.2746,3.573,1.446,2.749,0.2375,12.06,0.6041,8.581
2022-03-29T11:39:24,47587.12,3429.4,111.43,0.2818,16.42,69.9,22.52,102.91,6.976,180.41,0.6592,0.02918,0.008729,2.748,1.85,3.03,1.71,3.298,201.1,17.14,1.389,1.335,0.5713,2.75,438.04,1.219,69.29,0.8765,14.22,2.77e-05,0.2746,3.576,1.447,2.75,0.2377,12.06,0.6041,8.587
2022-03-29T11:39:54,47591.55,3429.58,111.43,0.2818,16.42,69.9,22.52,102.88,6.977,180.48,0.658,0.02916,0.008745,2.748,1.85,3.03,1.71,3.295,201.11,17.14,1.389,1.333,0.5713,2.752,438.12,1.219,69.3,0.8769,14.22,2.77e-05,0.2746,3.576,1.447,2.75,0.2377,12.06,0.6041,8.587
2022-03-29T11:40:24,47597.9,3429.58,111.4,0.2818,16.42,69.9,22.52,102.87,6.977,180.45,0.658,0.02915,0.008745,2.748,1.85,3.03,1.71,3.295,201.06,17.14,1.389,1.335,0.5713,2.752,438.11,1.219,69.25,0.8769,14.22,2.77e-05,0.2745,3.576,1.447,2.75,0.2376,12.06,0.6041,8.587
2022-03-29T11:40:55,47594.77,3429.18,111.39,0.2817,16.43,70,22.51,102.86,6.977,180.42,0.6586,0.02912,0.008745,2.748,1.849,3.03,1.712,3.291,201.04,17.14,1.389,1.335,0.5713,2.752,438,1.219,69.05,0.8769,14.21,2.772e-05,0.2745,3.574,1.448,2.75,0.2377,12.04,0.6044,8.58
2022-03-29T11:41:25,47628.15,3432.53,111.41,0.2821,16.41,70,22.52,103.02,6.977,180.55,0.6585,0.02915,0.008745,2.748,1.85,3.03,1.714,3.291,201.3,17.16,1.389,1.335,0.5713,2.755,438.04,1.22,69.05,0.8775,14.21,2.777e-05,0.2745,3.58,1.449,2.75,0.2377,12.04,0.6044,8.583
2022-03-29T11:41:55,47632.76,3435.7,111.73,0.2823,16.43,70,22.53,103.05,6.976,180.64,0.6587,0.02922,0.008745,2.748,1.849,3.03,1.715,3.291,201.34,17.16,1.395,1.336,0.5704,2.758,438.42,1.22,68.95,0.8782,14.21,2.778e-05,0.2748,3.581,1.45,2.752,0.2378,12.05,0.6047,8.588
2022-03-29T11:42:25,47688.96,3439.73,111.8,0.2823,16.43,70,22.54,103.08,6.977,180.78,0.6587,0.02935,0.008745,2.75,1.85,3.03,1.715,3.304,201.83,17.16,1.395,1.336,0.5704,2.76,438.54,1.222,69.03,0.8784,14.21,2.779e-05,0.2748,3.583,1.451,2.752,0.2381,12.06,0.6055,8.597
2022-03-29T11:42:55,47684.97,3439.6,111.81,0.2826,16.46,70,22.54,103.07,6.977,180.73,0.659,0.0293,0.008751,2.75,1.85,3.03,1.716,3.304,201.89,17.16,1.395,1.34,0.5704,2.759,438.6,1.222,69.08,0.8786,14.23,2.785e-05,0.2753,3.585,1.451,2.753,0.2383,12.05,0.6055,8.596
2022-03-29T11:43:25,47668.84,3439.29,111.76,0.2826,16.46,70,22.54,103.07,6.975,180.76,0.6598,0.02923,0.008751,2.75,1.85,3.03,1.715,3.307,201.93,17.16,1.395,1.336,0.5704,2.76,438.49,1.222,69.14,0.8787,14.23,2.786e-05,0.2748,3.585,1.452,2.753,0.2384,12.05,0.6046,8.595
2022-03-29T11:43:55,47681.96,3440.68,111.87,0.2827,16.46,70,22.53,103.07,6.978,180.83,0.6594,0.02923,0.008751,2.75,1.85,3.03,1.715,3.307,201.99,17.17,1.395,1.336,0.5704,2.76,438.48,1.223,69.15,0.8788,14.24,2.789e-05,0.2748,3.587,1.453,2.754,0.2385,12.04,0.6046,8.59
2022-03-29T11:44:25,47814.36,3448.85,111.96,0.2828,16.43,70,22.58,103.15,6.983,181.18,0.6594,0.02929,0.008751,2.75,1.851,3.03,1.72,3.307,202.11,17.17,1.399,1.344,0.5704,2.765,439.13,1.224,69.34,0.8807,14.24,2.794e-05,0.2748,3.59,1.454,2.758,0.2386,12.05,0.6042,8.602
2022-03-29T11:44:56,47820.49,3449.11,112.52,0.2828,16.43,70.1,22.59,103.34,6.989,181.08,0.6577,0.02927,0.008751,2.75,1.852,3.03,1.72,3.316,202.22,17.18,1.399,1.34,0.5704,2.768,439.45,1.224,69.41,0.8807,14.24,2.795e-05,0.2763,3.589,1.456,2.757,0.2385,12.06,0.6056,8.601
2022-03-29T11:45:26,47835.81,3448.72,112.53,0.2832,16.43,70.2,22.59,103.39,6.989,181.16,0.659,0.02943,0.008793,2.75,1.853,3.03,1.72,3.318,202.11,17.18,1.399,1.34,0.5704,2.768,439.52,1.225,69.43,0.8806,14.27,2.796e-05,0.2761,3.592,1.455,2.758,0.2385,12.1,0.6058,8.602
2022-03-29T11:45:56,47834.9,3450.33,112.57,0.2832,16.47,70.2,22.6,103.44,6.99,181.16,0.6599,0.0294,0.008776,2.75,1.853,3.03,1.72,3.318,202.07,17.18,1.399,1.34,0.5704,2.769,439.5,1.225,69.52,0.8804,14.27,2.804e-05,0.2761,3.591,1.455,2.759,0.2385,12.09,0.6058,8.609
2022-03-29T11:46:26,47854.02,3450.35,112.67,0.2829,16.47,70.2,22.6,103.51,6.99,181.01,0.6599,0.02941,0.008776,2.754,1.858,3.03,1.723,3.326,202.08,17.18,1.406,1.34,0.5704,2.77,439.51,1.225,69.5,0.8806,14.27,2.806e-05,0.2761,3.592,1.455,2.759,0.2384,12.06,0.6057,8.616
2022-03-29T11:46:56,47851.14,3451.77,112.91,0.2827,16.47,70.2,22.6,103.51,6.992,181.05,0.6599,0.02942,0.008776,2.754,1.859,3.03,1.723,3.323,202.07,17.18,1.406,1.342,0.5704,2.771,439.14,1.225,69.47,0.8802,14.27,2.798e-05,0.2761,3.592,1.454,2.757,0.2384,12.06,0.6061,8.614
2022-03-29T11:47:26,47853.37,3450.51,112.9,0.2827,16.47,70.2,22.6,103.54,6.991,181.01,0.6552,0.02942,0.008776,2.754,1.864,3.03,1.723,3.323,202.08,17.18,1.41,1.34,0.5704,2.771,439.02,1.225,69.48,0.8806,14.27,2.798e-05,0.2761,3.591,1.455,2.757,0.2383,12.04,0.6066,8.612
2022-03-29T11:47:57,47847.71,3451.78,112.87,0.2829,16.5,70.2,22.6,103.55,6.992,181.05,0.658,0.02943,0.008776,2.754,1.862,3.03,1.723,3.323,202.25,17.18,1.41,1.34,0.5704,2.77,439.25,1.225,69.48,0.8804,14.27,2.798e-05,0.2761,3.591,1.454,2.756,0.2383,12.01,0.6067,8.612
2022-03-29T11:48:27,47863.79,3452.79,112.91,0.283,16.5,70.2,22.61,103.58,6.989,181.07,0.658,0.02944,0.008776,2.754,1.863,3.03,1.723,3.326,202.28,17.18,1.41,1.341,0.5704,2.771,439.42,1.225,69.61,0.8805,14.27,2.8e-05,0.2765,3.592,1.454,2.757,0.2382,12.02,0.6066,8.616
2022-03-29T11:48:57,47902.29,3455.35,112.9,0.283,16.5,70.2,22.61,103.7,6.989,181.22,0.6603,0.02944,0.008792,2.754,1.862,3.03,1.724,3.329,202.32,17.18,1.41,1.341,0.5704,2.772,439.57,1.225,69.61,0.8807,14.27,2.8e-05,0.2769,3.595,1.455,2.759,0.2383,12.04,0.6066,8.621
2022-03-29T11:49:27,47903.74,3456.07,113.04,0.283,16.48,70.2,22.64,103.72,6.996,181.15,0.6603,0.02945,0.008792,2.761,1.864,3.03,1.726,3.332,202.4,17.18,1.41,1.341,0.5704,2.773,439.79,1.227,69.66,0.8809,14.28,2.806e-05,0.2769,3.597,1.455,2.76,0.2384,12.03,0.6063,8.621
2022-03-29T11:49:58,47932.59,3461.02,112.97,0.2832,16.55,70.2,22.64,103.6,6.995,181.12,0.6603,0.02946,0.008792,2.765,1.863,3.03,1.726,3.332,202.43,17.18,1.41,1.338,0.5704,2.772,439.9,1.226,69.63,0.8813,14.28,2.809e-05,0.2769,3.601,1.457,2.761,0.2384,12.04,0.6066,8.621
2022-03-29T11:50:28,47936.12,3459.06,113.23,0.2831,16.59,70.3,22.65,103.56,6.993,181.11,0.6603,0.02946,0.008792,2.765,1.865,3.03,1.726,3.332,202.44,17.18,1.41,1.337,0.5704,2.771,440.45,1.226,69.63,0.8812,14.29,2.808e-05,0.2772,3.601,1.457,2.761,0.2384,12.03,0.6071,8.621
2022-03-29T11:50:58,47934.96,3460.05,113.22,0.2831,16.59,70.3,22.66,103.51,6.995,181.15,0.6603,0.0295,0.008827,2.765,1.868,3.03,1.728,3.339,202.49,17.27,1.41,1.337,0.5704,2.773,440.32,1.226,69.63,0.8812,14.33,2.813e-05,0.2772,3.601,1.456,2.761,0.2384,12.03,0.6069,8.621
2022-03-29T11:51:28,47948.6,3462.54,112.87,0.2831,16.59,70.3,22.69,103.53,6.999,181.11,0.6608,0.02949,0.008809,2.765,1.872,3.03,1.728,3.339,202.47,17.27,1.41,1.337,0.5704,2.772,440.4,1.225,69.64,0.8812,14.33,2.812e-05,0.2776,3.601,1.457,2.761,0.2385,12.02,0.6069,8.624
2022-03-29T11:51:58,47906.91,3461.53,112.89,0.2832,16.59,70.3,22.69,103.61,6.999,181.05,0.6634,0.02946,0.008808,2.769,1.872,3.03,1.726,3.339,202.46,17.27,1.41,1.333,0.5704,2.772,440.27,1.225,69.58,0.8814,14.33,2.802e-05,0.2774,3.599,1.455,2.76,0.2384,12,0.607,8.625
2022-03-29T11:52:29,47880.68,3457.96,112.73,0.2831,16.57,70.4,22.7,103.6,6.997,180.98,0.6634,0.02941,0.008808,2.775,1.87,3.03,1.726,3.317,202.41,17.27,1.41,1.333,0.5704,2.77,439.88,1.225,69.5,0.8813,14.33,2.801e-05,0.2774,3.596,1.454,2.759,0.2384,11.99,0.6069,8.623
2022-03-29T11:52:59,47891.43,3457.44,112.76,0.283,16.57,70.4,22.7,103.44,7.001,180.7,0.6647,0.02943,0.008803,2.775,1.871,3.03,1.726,3.334,202.26,17.27,1.41,1.333,0.5704,2.772,439.87,1.224,69.51,0.8813,14.34,2.802e-05,0.2774,3.595,1.454,2.758,0.2383,12.01,0.6063,8.625
2022-03-29T11:53:29,47907.32,3457.3,112.94,0.283,16.57,70.4,22.71,103.4,7.004,180.77,0.6656,0.0294,0.008795,2.775,1.873,3.03,1.727,3.334,202.12,17.27,1.407,1.333,0.5704,2.772,439.95,1.225,69.51,0.8812,14.34,2.807e-05,0.2772,3.595,1.455,2.758,0.2383,12,0.6061,8.633
2022-03-29T11:53:59,47931.02,3461.2,112.98,0.283,16.57,70.4,22.77,103.48,7.009,180.76,0.6656,0.02935,0.008795,2.769,1.873,3.03,1.727,3.334,202.08,17.3,1.407,1.333,0.5704,2.774,440.27,1.225,69.56,0.8813,14.34,2.808e-05,0.277,3.596,1.455,2.758,0.2383,12,0.6061,8.637
2022-03-29T11:54:29,47933.88,3461.77,113,0.2831,16.57,70.4,22.78,103.6,7.007,180.94,0.6648,0.02933,0.008795,2.769,1.874,3.03,1.727,3.338,202.11,17.3,1.407,1.333,0.5704,2.773,440.24,1.225,69.6,0.8817,14.36,2.811e-05,0.277,3.598,1.455,2.759,0.2383,12.03,0.6061,8.64
2022-03-29T11:54:59,47946.54,3465.99,113.01,0.2831,16.59,70.4,22.79,103.56,7.017,181.08,0.6686,0.02934,0.008795,2.769,1.875,3.03,1.728,3.338,202.15,17.3,1.407,1.339,0.5704,2.773,440.4,1.226,69.59,0.8819,14.36,2.811e-05,0.277,3.6,1.458,2.764,0.2384,12.04,0.6061,8.644
2022-03-29T11:55:29,47946.61,3467.59,113.47,0.2832,16.64,70.4,22.79,103.54,7.014,181.03,0.6698,0.02931,0.008795,2.772,1.875,3.03,1.728,3.338,202.05,17.3,1.407,1.337,0.5704,2.774,440.56,1.226,69.6,0.882,14.36,2.812e-05,0.277,3.607,1.457,2.767,0.2384,12.04,0.6065,8.65
2022-03-29T11:55:59,47943.99,3467.6,113.51,0.2835,16.64,70.4,22.79,103.47,7.019,181.06,0.6699,0.02932,0.008795,2.772,1.874,3.03,1.728,3.338,202.14,17.3,1.407,1.337,0.5704,2.772,440.49,1.226,69.7,0.8824,14.37,2.813e-05,0.277,3.608,1.458,2.769,0.2384,12.07,0.6066,8.645
2022-03-29T11:56:29,47934.31,3464.66,113.48,0.2835,16.64,70.4,22.8,103.46,7.019,180.99,0.6688,0.02929,0.008795,2.772,1.873,3.03,1.728,3.338,202.23,17.3,1.407,1.332,0.5704,2.772,440.53,1.226,69.74,0.8823,14.37,2.812e-05,0.2766,3.608,1.457,2.769,0.2384,12.07,0.6072,8.646
2022-03-29T11:57:00,47905.1,3463.02,113.38,0.2837,16.64,70.4,22.8,103.45,7.027,180.94,0.6712,0.02928,0.008795,2.77,1.873,3.03,1.727,3.333,202.22,17.2,1.407,1.334,0.5704,2.77,440.43,1.225,69.69,0.882,14.37,2.807e-05,0.2768,3.607,1.457,2.768,0.2384,12.07,0.6076,8.636
2022-03-29T11:57:30,47878.65,3459.97,113.29,0.2833,16.64,70.3,22.78,103.35,7.023,180.89,0.6684,0.02924,0.008818,2.77,1.873,3.03,1.726,3.333,202.14,17.2,1.407,1.334,0.5704,2.764,440.31,1.225,69.63,0.8811,14.37,2.805e-05,0.2768,3.605,1.456,2.767,0.2383,12.05,0.6077,8.632
2022-03-29T11:58:00,47887.5,3460.43,113.3,0.2832,16.64,70.3,22.79,103.38,7.016,180.84,0.6684,0.02927,0.008818,2.77,1.873,3.03,1.726,3.333,202.16,17.2,1.407,1.33,0.5704,2.766,440.37,1.225,69.62,0.881,14.37,2.806e-05,0.2768,3.605,1.456,2.768,0.2383,12.05,0.6071,8.633
2022-03-29T11:58:30,47902.28,3462.29,113.15,0.2832,16.64,70.3,22.81,103.39,7.008,180.62,0.67,0.02929,0.008818,2.77,1.873,3.03,1.726,3.333,202.59,17.2,1.407,1.33,0.5704,2.767,440.18,1.226,69.61,0.8814,14.31,2.813e-05,0.2771,3.604,1.456,2.77,0.2384,12.05,0.6068,8.653
2022-03-29T11:59:00,47920.32,3464.18,113.23,0.2835,16.64,70.4,22.82,103.4,7.008,180.78,0.6711,0.02929,0.008818,2.764,1.873,3.03,1.727,3.346,202.91,17.2,1.407,1.33,0.5704,2.768,440.22,1.226,69.62,0.8817,14.31,2.814e-05,0.2771,3.605,1.458,2.771,0.2384,12.05,0.6071,8.656
2022-03-29T11:59:30,47908.99,3464.92,113.23,0.2835,16.64,70.4,22.82,103.43,7.001,180.77,0.6711,0.02926,0.008818,2.764,1.873,3.03,1.727,3.342,202.8,17.15,1.407,1.332,0.5704,2.772,440.3,1.226,69.62,0.8817,14.31,2.813e-05,0.2769,3.607,1.458,2.77,0.2385,12.05,0.6073,8.649
2022-03-29T12:00:01,47904.16,3464.82,113.36,0.2835,16.64,70.4,22.83,103.44,6.998,180.72,0.6711,0.02922,0.008818,2.764,1.873,3.03,1.727,3.342,202.6,17.15,1.407,1.332,0.5704,2.772,440.33,1.227,69.59,0.881,14.31,2.809e-05,0.2766,3.601,1.458,2.769,0.2385,12.06,0.6071,8.647
2022-03-29T12:00:31,47893.81,3464.3,113.46,0.2835,16.64,70.4,22.83,103.44,7.001,180.76,0.6711,0.02923,0.008814,2.764,1.872,3.03,1.727,3.342,202.6,17.15,1.407,1.332,0.5704,2.774,440.29,1.226,69.58,0.8815,14.32,2.808e-05,0.2766,3.602,1.458,2.769,0.2386,12.06,0.6077,8.646
2022-03-29T12:01:01,47881.34,3461.91,113.44,0.2834,16.64,70.4,22.84,103.37,6.997,180.84,0.6711,0.0292,0.008814,2.764,1.872,3.03,1.726,3.342,202.48,17.15,1.398,1.332,0.5704,2.775,440.04,1.226,69.56,0.8814,14.32,2.803e-05,0.2766,3.601,1.457,2.769,0.2386,12.05,0.6075,8.642
2022-03-29T12:01:31,47867.15,3461.57,113.4,0.2834,16.64,70.4,22.83,103.38,6.995,180.95,0.6693,0.02911,0.008814,2.764,1.871,3.03,1.725,3.335,202.48,17.15,1.398,1.331,0.5704,2.775,439.88,1.225,69.54,0.8805,14.28,2.8e-05,0.2766,3.597,1.457,2.769,0.2384,12.02,0.6075,8.645
2022-03-29T12:02:01,47884.65,3463.35,112.95,0.2833,16.64,70.4,22.84,103.38,6.995,181.02,0.6693,0.02914,0.008814,2.764,1.871,3.03,1.725,3.337,202.54,17.15,1.398,1.331,0.5704,2.774,439.98,1.226,69.43,0.8803,14.26,2.8e-05,0.2766,3.598,1.456,2.768,0.2384,12.03,0.6079,8.641
2022-03-29T12:02:31,47897.21,3467.43,113,0.2833,16.64,70.4,22.87,103.42,6.993,181.02,0.6678,0.02909,0.008827,2.761,1.871,3.03,1.728,3.337,202.69,17.15,1.398,1.331,0.5704,2.775,440.11,1.226,69.45,0.8805,14.28,2.805e-05,0.277,3.6,1.456,2.77,0.2386,12.03,0.608,8.646
2022-03-29T12:03:01,47898.13,3467.29,113.01,0.2837,16.64,70.5,22.87,103.46,6.997,181,0.6677,0.02909,0.008827,2.761,1.871,3.03,1.727,3.343,202.57,17.19,1.398,1.33,0.5704,2.775,440.31,1.227,69.54,0.8814,14.28,2.801e-05,0.2769,3.6,1.456,2.77,0.2386,12.03,0.608,8.645
2022-03-29T12:03:31,47880.6,3465.68,113.21,0.2837,16.64,70.6,22.86,103.59,6.994,181.03,0.6677,0.0291,0.008827,2.761,1.872,3.03,1.727,3.343,202.74,17.26,1.398,1.33,0.5704,2.775,440.24,1.227,69.6,0.8814,14.28,2.8e-05,0.2769,3.6,1.457,2.77,0.2386,12.05,0.6097,8.651
2022-03-29T12:04:02,47879.74,3465.65,113.2,0.2837,16.64,70.6,22.85,103.63,6.997,181.01,0.6677,0.02905,0.008827,2.761,1.872,3.03,1.727,3.34,202.83,17.18,1.398,1.33,0.5704,2.776,440.07,1.226,69.61,0.8813,14.27,2.8e-05,0.2769,3.602,1.456,2.771,0.2386,12.07,0.6097,8.651
2022-03-29T12:04:32,47884.53,3465.94,113.14,0.2838,16.64,70.6,22.86,103.59,6.994,180.99,0.6677,0.02903,0.008827,2.761,1.872,3.03,1.726,3.338,202.94,17.18,1.398,1.332,0.5704,2.779,440.1,1.227,69.67,0.8815,14.27,2.8e-05,0.2769,3.603,1.456,2.771,0.2388,12.07,0.6099,8.649
2022-03-29T12:05:02,47892.49,3466.33,113.14,0.2838,16.64,70.6,22.86,103.6,6.997,180.98,0.6677,0.02883,0.00883,2.761,1.872,3.03,1.727,3.338,202.87,17.18,1.398,1.33,0.5704,2.78,440.03,1.226,69.66,0.8815,14.27,2.8e-05,0.2769,3.603,1.456,2.77,0.2387,12.1,0.6097,8.648
2022-03-29T12:05:32,47877.45,3465.83,113.12,0.2837,16.64,70.6,22.87,103.58,6.997,180.96,0.6695,0.02863,0.00883,2.761,1.873,3.03,1.726,3.338,202.79,17.18,1.398,1.33,0.5704,2.779,440.17,1.226,69.67,0.8814,14.27,2.8e-05,0.2771,3.601,1.456,2.77,0.2387,12.19,0.609,8.647
2022-03-29T12:06:02,47877.36,3465.85,113,0.2839,16.64,70.8,22.86,103.59,6.993,181.05,0.6695,0.02877,0.00883,2.761,1.873,3.03,1.726,3.339,202.77,17.18,1.398,1.33,0.5704,2.78,440.14,1.226,69.68,0.8813,14.27,2.8e-05,0.2771,3.601,1.456,2.77,0.2387,12.23,0.6086,8.647
2022-03-29T12:06:32,47878.66,3465.84,113.05,0.284,16.64,70.7,22.86,103.66,6.991,181.08,0.6702,0.02881,0.008808,2.758,1.873,3.03,1.728,3.339,202.74,17.18,1.398,1.33,0.5704,2.781,440.06,1.227,69.68,0.8813,14.28,2.8e-05,0.2771,3.602,1.457,2.77,0.2388,12.3,0.6088,8.651
2022-03-29T12:07:02,47885.71,3466.34,113.06,0.2839,16.64,70.7,22.86,103.65,6.992,181.12,0.6702,0.02893,0.008823,2.758,1.873,3.03,1.728,3.339,202.75,17.18,1.398,1.33,0.5704,2.781,440.11,1.228,69.71,0.8812,14.28,2.8e-05,0.2771,3.607,1.457,2.772,0.2387,12.4,0.6093,8.652
2022-03-29T12:07:32,47888.82,3467.63,113.05,0.2841,16.64,70.7,22.85,103.68,6.991,181.12,0.6701,0.02906,0.0088,2.758,1.873,3.03,1.728,3.337,202.68,17.18,1.401,1.33,0.5704,2.788,440.07,1.229,69.81,0.8812,14.28,2.801e-05,0.2776,3.607,1.457,2.773,0.2388,12.36,0.6098,8.65
2022-03-29T12:08:03,47940.12,3468.59,113.32,0.2842,16.68,70.8,22.87,103.7,6.995,181.14,0.6702,0.02917,0.0088,2.758,1.875,3.03,1.729,3.337,202.71,17.18,1.401,1.33,0.5704,2.789,440.3,1.23,69.81,0.8813,14.28,2.802e-05,0.2782,3.61,1.459,2.775,0.2388,12.33,0.6098,8.65
2022-03-29T12:08:33,47948.11,3472.06,113.36,0.2842,16.68,70.8,22.88,103.75,6.998,181.12,0.6702,0.02906,0.008846,2.758,1.875,3.03,1.729,3.356,202.76,17.18,1.401,1.328,0.5704,2.798,440.31,1.23,69.83,0.8817,14.28,2.808e-05,0.2782,3.613,1.46,2.775,0.2389,12.34,0.6094,8.65
2022-03-29T12:09:03,47957.28,3472.54,113.33,0.2842,16.64,71,22.89,103.96,7,181.17,0.6722,0.02903,0.008846,2.758,1.876,3.03,1.729,3.357,202.82,17.21,1.401,1.328,0.5704,2.801,440.49,1.23,69.84,0.8821,14.34,2.809e-05,0.2781,3.612,1.46,2.776,0.239,12.38,0.6094,8.639
2022-03-29T12:09:33,47951.34,3473.03,113.32,0.2841,16.68,71.2,22.89,104.01,6.999,181.2,0.6727,0.02899,0.008846,2.758,1.876,3.03,1.729,3.357,202.78,17.21,1.401,1.328,0.5704,2.803,440.41,1.231,69.87,0.8822,14.34,2.809e-05,0.2781,3.614,1.461,2.777,0.2391,12.42,0.6094,8.638
2022-03-29T12:10:03,47952.41,3473.38,113.34,0.284,16.65,71.2,22.89,104.1,7.003,181.18,0.6727,0.02905,0.008846,2.758,1.876,3.03,1.729,3.357,202.85,17.21,1.401,1.328,0.5704,2.806,440.47,1.231,69.9,0.8826,14.39,2.815e-05,0.2781,3.618,1.462,2.778,0.239,12.4,0.6098,8.633
2022-03-29T12:10:33,47956.55,3473.39,113.42,0.284,16.65,71.2,22.89,104.22,7.005,181.16,0.6709,0.02902,0.008846,2.758,1.874,3.03,1.73,3.357,202.86,17.21,1.401,1.328,0.5704,2.803,440.45,1.231,69.85,0.8827,14.39,2.816e-05,0.2785,3.617,1.463,2.777,0.239,12.4,0.6098,8.637
2022-03-29T12:11:03,47958.51,3473.6,113.38,0.284,16.65,71.1,22.89,104.16,7.006,181.11,0.672,0.02905,0.00884,2.758,1.875,3.03,1.73,3.357,202.96,17.21,1.401,1.328,0.5704,2.796,440.42,1.231,69.85,0.8829,14.39,2.818e-05,0.2783,3.618,1.463,2.777,0.2391,12.39,0.6113,8.638
2022-03-29T12:11:33,47970.89,3474.88,113.41,0.2845,16.68,71.1,22.89,104.21,7.006,181.12,0.672,0.02906,0.00884,2.754,1.875,3.03,1.73,3.357,203.29,17.21,1.401,1.328,0.5704,2.789,440.52,1.231,69.86,0.8832,14.42,2.819e-05,0.2783,3.615,1.463,2.777,0.2392,12.43,0.6113,8.637
2022-03-29T12:12:04,48000.44,3478.27,113.61,0.2846,16.68,71.1,22.9,104.22,7.011,181.2,0.6723,0.0291,0.008823,2.754,1.875,3.03,1.731,3.346,203.33,17.21,1.401,1.328,0.5704,2.788,440.74,1.232,69.86,0.8829,14.42,2.829e-05,0.2786,3.615,1.464,2.778,0.2392,12.37,0.6118,8.638
2022-03-29T12:12:34,47993.55,3478.7,113.63,0.2846,16.66,71.2,22.91,104.2,7.017,181.19,0.6731,0.02913,0.008816,2.754,1.876,3.03,1.731,3.346,203.29,17.21,1.401,1.327,0.5704,2.793,441.02,1.233,69.84,0.883,14.42,2.83e-05,0.2786,3.618,1.466,2.78,0.2391,12.32,0.6121,8.637
2022-03-29T12:13:04,48001.75,3478.79,113.76,0.2847,16.66,71.5,22.91,104.22,7.018,181.18,0.6731,0.02919,0.008837,2.754,1.875,3.03,1.731,3.346,203.28,16.99,1.401,1.327,0.5704,2.794,441.45,1.233,69.84,0.8836,14.47,2.834e-05,0.2786,3.624,1.466,2.782,0.2392,12.31,0.6121,8.638
2022-03-29T12:13:34,47996.44,3477.96,113.69,0.2845,16.66,71.5,22.9,104.2,7.018,181.21,0.6732,0.02912,0.008837,2.754,1.874,3.03,1.724,3.342,203.27,17,1.401,1.327,0.5704,2.792,441.44,1.235,69.82,0.8836,14.47,2.833e-05,0.2788,3.625,1.465,2.784,0.2392,12.32,0.6122,8.643
2022-03-29T12:14:04,47974.45,3475.55,113.66,0.2842,16.66,71.5,22.86,104.23,7.017,181.15,0.6732,0.0291,0.008837,2.754,1.871,3.03,1.722,3.342,203.25,17,1.401,1.327,0.5704,2.793,441.36,1.233,69.77,0.8836,14.41,2.831e-05,0.2785,3.624,1.464,2.782,0.2391,12.32,0.612,8.646
2022-03-29T12:14:34,47985.07,3475.9,113.7,0.2842,16.66,71.6,22.86,104.37,7.014,181.18,0.6732,0.02907,0.008837,2.754,1.869,3.03,1.723,3.317,203.47,16.8,1.401,1.327,0.5704,2.79,441.43,1.233,69.78,0.884,14.41,2.826e-05,0.2785,3.624,1.464,2.779,0.2391,12.36,0.6119,8.649
2022-03-29T12:15:04,47991.5,3475.97,113.71,0.2843,16.66,71.6,22.86,104.34,7.016,181.13,0.6739,0.02909,0.008837,2.754,1.87,3.03,1.723,3.306,203.54,16.8,1.401,1.334,0.5704,2.789,441.48,1.234,69.79,0.8843,14.41,2.826e-05,0.2785,3.624,1.464,2.779,0.2392,12.35,0.6121,8.654
2022-03-29T12:15:35,47988.29,3474.82,113.81,0.2843,16.66,71.4,22.84,104.28,7.016,181,0.674,0.02907,0.008837,2.754,1.868,3.03,1.723,3.303,203.45,16.8,1.401,1.334,0.5704,2.781,441.43,1.232,69.8,0.8843,14.41,2.822e-05,0.2788,3.622,1.464,2.78,0.2393,12.35,0.6128,8.65
2022-03-29T12:16:05,47978.5,3471.64,113.76,0.284,16.66,71.6,22.81,104.04,7.016,180.73,0.6755,0.02905,0.008837,2.754,1.868,3.03,1.723,3.3,203.2,16.8,1.401,1.334,0.5704,2.78,441.31,1.231,69.81,0.884,14.38,2.817e-05,0.2788,3.617,1.462,2.772,0.2392,12.34,0.6114,8.649
2022-03-29T12:16:35,47936.75,3471.41,113.74,0.284,16.66,71.6,22.79,104.09,7.006,180.66,0.6742,0.02894,0.00881,2.754,1.866,3.03,1.721,3.297,203.24,16.8,1.401,1.334,0.5704,2.781,441.33,1.231,69.8,0.8837,14.38,2.817e-05,0.2788,3.611,1.461,2.771,0.2391,12.32,0.6114,8.644
2022-03-29T12:17:05,47958.87,3473.89,113.79,0.2843,16.68,71.7,22.8,104.17,7,180.68,0.6748,0.02879,0.008827,2.754,1.867,3.03,1.722,3.297,203.16,16.5,1.401,1.334,0.5704,2.784,441.11,1.232,69.81,0.8827,14.4,2.819e-05,0.2777,3.616,1.462,2.772,0.2392,12.31,0.6122,8.649
2022-03-29T12:17:35,47946.94,3473.58,113.48,0.2843,16.7,71.7,22.78,104.25,7,180.64,0.6749,0.02879,0.008827,2.754,1.867,3.03,1.722,3.292,203.24,16.56,1.401,1.325,0.5704,2.785,441.2,1.232,69.78,0.8827,14.38,2.819e-05,0.2777,3.615,1.46,2.772,0.239,12.26,0.6122,8.652
2022-03-29T12:18:05,47945.4,3473.18,113.37,0.2842,16.72,71.7,22.78,104.39,6.998,180.53,0.6744,0.02888,0.008827,2.754,1.867,3.03,1.722,3.29,203.23,16.56,1.401,1.325,0.5704,2.785,441.11,1.231,69.75,0.8826,14.38,2.817e-05,0.2777,3.614,1.46,2.772,0.2389,12.29,0.6122,8.651
2022-03-29T12:18:35,47958.27,3474.42,113.4,0.2841,16.76,71.5,22.78,104.39,6.997,180.3,0.6744,0.02895,0.008827,2.754,1.866,3.03,1.723,3.291,203.25,16.6,1.401,1.328,0.5704,2.786,441.18,1.232,69.73,0.8826,14.38,2.817e-05,0.2786,3.615,1.46,2.772,0.2389,12.29,0.6102,8.653
2022-03-29T12:19:05,47964.71,3475.03,113.41,0.2841,16.78,71.5,22.79,104.39,6.998,180.32,0.6743,0.02922,0.008827,2.754,1.867,3.03,1.723,3.291,203.19,16.55,1.401,1.329,0.5704,2.79,441.05,1.231,69.72,0.8826,14.37,2.817e-05,0.2786,3.615,1.46,2.772,0.2389,12.3,0.6097,8.665
2022-03-29T12:19:36,47977.93,3475.47,113.61,0.2841,16.77,71.5,22.79,104.27,6.993,180.39,0.6743,0.02926,0.00884,2.754,1.866,3.03,1.724,3.29,203.15,16.58,1.401,1.329,0.5704,2.79,441.32,1.231,69.73,0.8831,14.37,2.823e-05,0.2786,3.616,1.461,2.774,0.2389,12.38,0.6103,8.672
2022-03-29T12:20:06,47956.75,3472.88,113.58,0.2837,16.78,71.5,22.78,104.19,6.988,180.32,0.675,0.02917,0.00884,2.754,1.865,3.03,1.726,3.29,203.07,16.58,1.401,1.329,0.5704,2.789,441.27,1.231,69.7,0.8829,14.36,2.82e-05,0.2786,3.614,1.46,2.773,0.2387,12.38,0.6102,8.667
2022-03-29T12:20:36,47987,3474.84,113.74,0.2838,16.78,71.6,22.82,104.21,6.99,180.32,0.6737,0.02918,0.00884,2.754,1.864,3.03,1.727,3.3,203.07,16.61,1.401,1.33,0.5704,2.795,441.21,1.231,69.73,0.8828,14.36,2.821e-05,0.2783,3.618,1.461,2.776,0.2389,12.38,0.6109,8.658
2022-03-29T12:21:06,48027.25,3478.44,113.77,0.2838,16.78,71.4,22.85,104.25,6.992,180.32,0.6754,0.02923,0.008842,2.754,1.861,3.03,1.727,3.3,203.14,16.49,1.401,1.33,0.5704,2.798,441.3,1.232,69.77,0.8829,14.34,2.825e-05,0.2787,3.619,1.461,2.778,0.2389,12.38,0.6109,8.669
2022-03-29T12:21:36,48072.2,3480.03,113.76,0.2846,16.78,71.4,22.86,104.24,6.993,180.41,0.6754,0.02923,0.008842,2.754,1.861,3.03,1.728,3.3,203.18,16.5,1.401,1.331,0.5704,2.797,441.51,1.233,69.81,0.8829,14.34,2.829e-05,0.2787,3.621,1.462,2.781,0.239,12.36,0.6109,8.669
2022-03-29T12:22:06,48052.48,3479.85,113.81,0.2846,16.78,72,22.87,104.14,6.994,180.35,0.6763,0.0292,0.008842,2.754,1.861,3.03,1.73,3.3,203.42,16.5,1.401,1.331,0.5704,2.798,441.44,1.233,69.86,0.8828,14.34,2.839e-05,0.2787,3.624,1.462,2.781,0.2389,12.36,0.6108,8.668
2022-03-29T12:22:36,48007.38,3478.26,113.74,0.2845,16.78,72.1,22.88,104.01,6.991,180.32,0.6746,0.02907,0.008842,2.754,1.86,3.03,1.73,3.3,203.47,16.48,1.401,1.331,0.5704,2.798,441.36,1.232,69.8,0.8825,14.4,2.832e-05,0.2791,3.624,1.462,2.78,0.2388,12.31,0.611,8.673
2022-03-29T12:23:07,47935.06,3476.42,113.7,0.2839,16.78,72.1,22.85,103.99,6.989,180.26,0.6739,0.02893,0.008842,2.751,1.86,3.03,1.729,3.3,203.28,16.39,1.39,1.331,0.5704,2.797,440.97,1.23,69.8,0.8823,14.4,2.823e-05,0.2791,3.622,1.46,2.776,0.2387,12.31,0.6109,8.665
2022-03-29T12:23:37,47944.36,3471.71,113.42,0.2838,16.78,71.9,22.84,103.73,6.989,180.01,0.6739,0.02893,0.008843,2.748,1.857,3.03,1.727,3.3,202.48,16.46,1.39,1.331,0.5704,2.794,440.88,1.23,69.73,0.8821,14.35,2.823e-05,0.2791,3.614,1.459,2.775,0.2388,12.31,0.6103,8.665
2022-03-29T12:24:07,47936.69,3472.49,113.41,0.2838,16.78,71.8,22.83,103.69,6.987,180,0.6757,0.02892,0.008843,2.748,1.856,3.03,1.727,3.295,202.51,16.46,1.39,1.331,0.5704,2.795,440.79,1.23,69.66,0.8822,14.35,2.824e-05,0.2791,3.614,1.459,2.772,0.2386,12.31,0.6102,8.666
2022-03-29T12:24:37,47953.09,3473.56,113.3,0.2838,16.8,71.8,22.84,103.32,6.989,179.98,0.6766,0.02895,0.008843,2.748,1.857,3.03,1.727,3.296,202.55,16.49,1.39,1.331,0.5704,2.794,440.89,1.23,69.68,0.8821,14.35,2.825e-05,0.2795,3.614,1.459,2.774,0.2387,12.31,0.6101,8.669
2022-03-29T12:25:07,47963.79,3473.57,113.31,0.2838,16.8,71.9,22.84,103.14,6.989,180.05,0.6766,0.02897,0.008818,2.748,1.857,3.03,1.727,3.296,202.56,16.49,1.39,1.332,0.5704,2.794,440.75,1.231,69.69,0.8821,14.37,2.824e-05,0.2793,3.613,1.459,2.774,0.2387,12.31,0.6099,8.668
2022-03-29T12:25:37,47987.32,3475.05,113.34,0.2841,16.76,71.9,22.87,103.15,6.988,180.08,0.6766,0.02902,0.008818,2.748,1.855,3.04,1.728,3.297,202.61,16.49,1.39,1.332,0.5704,2.799,440.83,1.231,69.68,0.8822,14.37,2.825e-05,0.2797,3.615,1.461,2.776,0.2389,12.31,0.6099,8.674
2022-03-29T12:26:07,47979.07,3474.19,113.42,0.2842,16.76,71.9,22.87,103.27,6.987,180.09,0.6766,0.02902,0.008839,2.744,1.851,3.04,1.728,3.297,202.47,16.49,1.39,1.333,0.5704,2.801,440.86,1.231,69.67,0.8822,14.37,2.826e-05,0.2797,3.615,1.462,2.777,0.2389,12.38,0.6098,8.673
2022-03-29T12:26:37,47986.05,3472.34,113.41,0.2843,16.76,71.9,22.87,103.28,6.987,180.26,0.6766,0.02897,0.008856,2.744,1.852,3.04,1.728,3.293,202.67,16.49,1.39,1.332,0.5704,2.801,440.64,1.232,69.65,0.8823,14.36,2.826e-05,0.2797,3.616,1.462,2.778,0.2388,12.38,0.6115,8.673
2022-03-29T12:27:08,47972.77,3472.04,113.41,0.2845,16.78,71.9,22.87,103.26,6.989,180.4,0.6766,0.02896,0.008883,2.744,1.852,3.04,1.728,3.293,202.67,16.55,1.39,1.332,0.5704,2.802,440.67,1.232,69.63,0.882,14.36,2.829e-05,0.2797,3.616,1.462,2.779,0.2388,12.38,0.6115,8.672
2022-03-29T12:27:38,47955.04,3471.14,113.25,0.2844,16.78,71.8,22.87,103.22,6.989,180.54,0.6766,0.02883,0.00887,2.744,1.851,3.04,1.73,3.293,202.68,16.45,1.39,1.33,0.5704,2.804,440.46,1.232,69.59,0.8816,14.35,2.827e-05,0.2796,3.615,1.462,2.778,0.2388,12.39,0.6114,8.673
2022-03-29T12:28:08,47953.84,3469.43,113.29,0.2843,16.78,71.8,22.87,103.25,6.987,180.57,0.6749,0.02887,0.00887,2.744,1.852,3.04,1.73,3.301,202.67,16.45,1.39,1.335,0.5704,2.806,440.4,1.232,69.55,0.8817,14.35,2.824e-05,0.2796,3.61,1.462,2.778,0.2387,12.39,0.6109,8.674
2022-03-29T12:28:38,47954.11,3469.61,113.3,0.2845,16.78,71.8,22.88,103.3,6.989,180.51,0.6758,0.02894,0.00886,2.744,1.85,3.04,1.729,3.301,202.64,16.52,1.39,1.335,0.5704,2.806,440.61,1.233,69.53,0.8818,14.35,2.824e-05,0.2796,3.61,1.461,2.778,0.2388,12.42,0.6111,8.675
2022-03-29T12:29:08,47937.48,3469.45,113.25,0.2845,16.78,71.8,22.88,103.27,6.982,180.36,0.676,0.02897,0.00886,2.741,1.851,3.04,1.729,3.301,202.67,16.53,1.39,1.34,0.5704,2.806,440.55,1.232,69.51,0.8818,14.35,2.823e-05,0.2787,3.611,1.461,2.777,0.2387,12.46,0.6112,8.674
2022-03-29T12:29:38,47947.98,3469.53,113.19,0.2845,16.78,71.6,22.88,103.29,6.984,180.3,0.676,0.02892,0.00886,2.741,1.852,3.04,1.729,3.301,202.84,16.53,1.389,1.34,0.5704,2.804,440.45,1.232,69.51,0.8819,14.35,2.823e-05,0.2787,3.612,1.462,2.777,0.2388,12.45,0.6112,8.674
2022-03-29T12:30:08,47934.79,3468.7,113.21,0.2845,16.78,71.6,22.85,103.3,6.968,180.24,0.675,0.02891,0.00886,2.741,1.851,3.04,1.729,3.312,202.78,16.53,1.389,1.356,0.5704,2.805,439.64,1.231,69.49,0.8818,14.35,2.823e-05,0.2784,3.61,1.461,2.775,0.2387,12.44,0.6112,8.67
2022-03-29T12:30:39,47913.97,3467.7,113.09,0.2844,16.78,71.6,22.83,103.19,6.964,180.27,0.6748,0.02888,0.00886,2.741,1.851,3.04,1.728,3.315,202.72,16.53,1.389,1.349,0.5704,2.801,439.45,1.231,69.36,0.881,14.35,2.817e-05,0.2784,3.608,1.46,2.773,0.2384,12.45,0.6111,8.672
2022-03-29T12:31:09,47991.93,3469.47,113.12,0.2842,16.77,71.6,22.87,103.3,6.965,180.33,0.6762,0.02893,0.00886,2.741,1.851,3.04,1.729,3.318,202.91,16.53,1.385,1.349,0.5704,2.802,439.53,1.232,69.44,0.8822,14.36,2.826e-05,0.2784,3.607,1.461,2.777,0.2388,12.45,0.6111,8.674
2022-03-29T12:31:39,47990.19,3469.64,113.17,0.2843,16.77,71.9,22.87,103.34,6.97,180.49,0.6762,0.02891,0.008843,2.73,1.852,3.04,1.729,3.316,202.97,16.53,1.385,1.35,0.5704,2.802,439.44,1.232,69.45,0.8823,14.36,2.827e-05,0.2783,3.607,1.461,2.776,0.2389,12.48,0.6111,8.672
2022-03-29T12:32:09,47972.79,3469.06,113.06,0.2843,16.77,71.7,22.87,103.34,6.976,180.49,0.6735,0.02892,0.008843,2.73,1.852,3.04,1.728,3.314,203.02,16.53,1.385,1.351,0.5704,2.8,439.3,1.233,69.43,0.8817,14.36,2.827e-05,0.2783,3.606,1.461,2.777,0.2389,12.46,0.6111,8.676
2022-03-29T12:32:39,47983.4,3467.29,113.08,0.2844,16.77,71.7,22.87,103.44,6.979,180.52,0.6745,0.02892,0.008843,2.73,1.865,3.04,1.728,3.331,203.2,16.53,1.385,1.351,0.5704,2.801,439.32,1.233,69.42,0.8817,14.36,2.828e-05,0.2783,3.607,1.462,2.778,0.239,12.46,0.6114,8.692
2022-03-29T12:33:09,47984.32,3467.51,113.07,0.2844,16.77,71.7,22.87,103.51,6.979,180.57,0.6745,0.02888,0.008843,2.73,1.866,3.04,1.729,3.316,203.39,16.37,1.385,1.358,0.5704,2.8,439.51,1.233,69.41,0.8817,14.41,2.828e-05,0.2783,3.608,1.462,2.779,0.2391,12.41,0.6123,8.679
2022-03-29T12:33:40,47982.98,3470.5,113.07,0.2844,16.81,71.7,22.87,103.55,6.979,180.57,0.6745,0.02889,0.008843,2.73,1.868,3.04,1.73,3.316,203.48,16.36,1.385,1.36,0.5704,2.797,439.7,1.233,69.38,0.8818,14.44,2.829e-05,0.2783,3.613,1.462,2.78,0.2392,12.39,0.6129,8.683
2022-03-29T12:34:10,47964.64,3469.83,113.06,0.2844,16.81,71.7,22.86,103.53,6.974,180.56,0.6745,0.02888,0.008843,2.729,1.882,3.04,1.728,3.313,203.53,16.36,1.385,1.36,0.5704,2.799,439.68,1.233,69.38,0.8817,14.46,2.826e-05,0.2807,3.613,1.462,2.78,0.2392,12.39,0.6129,8.685
2022-03-29T12:34:40,47969.12,3469.17,113.03,0.2846,16.77,71.6,22.86,103.5,6.98,180.53,0.6745,0.02885,0.00886,2.724,1.868,3.04,1.728,3.319,203.51,16.31,1.378,1.36,0.5704,2.8,439.65,1.233,69.33,0.8812,14.46,2.827e-05,0.2813,3.613,1.462,2.779,0.239,12.39,0.6127,8.683
2022-03-29T12:35:10,47966.73,3468.26,112.99,0.2846,16.78,71.7,22.85,103.48,6.977,180.56,0.6728,0.02885,0.008844,2.724,1.866,3.04,1.728,3.319,203.39,16.19,1.378,1.36,0.5704,2.797,439.61,1.232,69.3,0.8809,14.46,2.827e-05,0.2815,3.613,1.462,2.779,0.2389,12.39,0.6127,8.683
2022-03-29T12:35:40,47976.79,3468.65,113.01,0.2846,16.78,71.7,22.83,103.49,6.984,180.52,0.6728,0.02894,0.00886,2.724,1.866,3.04,1.729,3.319,203.38,16.17,1.378,1.36,0.5704,2.798,439.66,1.232,69.29,0.8806,14.46,2.828e-05,0.2815,3.616,1.461,2.778,0.2388,12.41,0.6119,8.686
2022-03-29T12:36:10,47978.25,3469.01,112.88,0.2847,16.78,71.7,22.82,103.49,6.979,180.53,0.6745,0.02894,0.00886,2.724,1.866,3.04,1.727,3.319,203.44,16.22,1.39,1.36,0.5704,2.8,439.62,1.232,69.28,0.8802,14.49,2.828e-05,0.2815,3.617,1.462,2.78,0.2387,12.43,0.6125,8.684
2022-03-29T12:36:41,48011.19,3470,112.89,0.2852,16.78,71.7,22.82,103.48,6.98,180.53,0.6732,0.02889,0.00882,2.724,1.866,3.04,1.725,3.319,203.46,16.21,1.39,1.368,0.5704,2.803,439.88,1.233,69.31,0.8804,14.51,2.831e-05,0.2815,3.616,1.462,2.78,0.2388,12.43,0.6124,8.687
2022-03-29T12:37:11,47993.49,3469.22,112.96,0.2852,16.81,71.6,22.82,103.42,6.976,180.56,0.6734,0.02884,0.008819,2.72,1.866,3.04,1.722,3.304,203.49,16.24,1.39,1.368,0.5704,2.802,439.82,1.233,69.32,0.8804,14.51,2.828e-05,0.2815,3.616,1.462,2.779,0.2388,12.44,0.6124,8.691
2022-03-29T12:37:41,47914.94,3467.88,112.96,0.2852,16.81,71.6,22.8,103.43,6.971,180.41,0.6734,0.02884,0.008819,2.719,1.865,3.04,1.72,3.304,203.31,16.24,1.39,1.368,0.5704,2.802,439.8,1.233,69.3,0.8802,14.49,2.825e-05,0.2813,3.612,1.461,2.779,0.2387,12.44,0.6125,8.691
2022-03-29T12:38:11,47910.25,3466.5,113.04,0.2849,16.78,71.6,22.81,103.49,6.968,180.43,0.6737,0.02883,0.008824,2.719,1.862,3.04,1.719,3.304,203.27,16.16,1.39,1.359,0.5704,2.797,439.77,1.233,69.3,0.8799,14.47,2.819e-05,0.2806,3.61,1.461,2.773,0.2386,12.44,0.6122,8.693
2022-03-29T12:38:41,47920.22,3467.18,113.45,0.285,16.78,71.6,22.82,103.53,6.963,180.34,0.6749,0.02884,0.008805,2.719,1.864,3.04,1.719,3.301,203.32,16,1.39,1.36,0.5704,2.801,439.55,1.233,69.3,0.8798,14.47,2.82e-05,0.2806,3.614,1.461,2.774,0.2386,12.43,0.6119,8.697
2022-03-29T12:39:11,47919.89,3467.02,113.52,0.285,16.78,72,22.83,103.49,6.97,180.33,0.6749,0.02884,0.008803,2.719,1.863,3.04,1.72,3.301,203.38,16,1.39,1.356,0.5704,2.801,439.53,1.234,69.28,0.8799,14.46,2.819e-05,0.2808,3.615,1.461,2.777,0.2386,12.42,0.6119,8.691
2022-03-29T12:39:41,47926.71,3467.25,113.58,0.2852,16.78,72,22.85,103.48,6.977,180.33,0.6749,0.02885,0.008803,2.719,1.863,3.04,1.72,3.306,203.48,16.04,1.39,1.356,0.5704,2.801,439.53,1.234,69.26,0.88,14.46,2.812e-05,0.2812,3.616,1.461,2.777,0.2386,12.42,0.6115,8.69
2022-03-29T12:40:11,47940.74,3467.76,113.59,0.2853,16.78,72,22.84,103.47,6.985,180.42,0.6749,0.02885,0.008803,2.73,1.864,3.04,1.724,3.301,203.35,16.05,1.39,1.358,0.5704,2.8,439.66,1.233,69.2,0.8801,14.46,2.81e-05,0.2812,3.616,1.462,2.777,0.2385,12.42,0.6114,8.698
2022-03-29T12:40:42,47946.28,3469.48,113.75,0.2854,16.78,72,22.84,103.52,6.981,180.44,0.6744,0.02888,0.008803,2.73,1.864,3.04,1.725,3.301,203.45,16.03,1.39,1.358,0.5704,2.8,439.79,1.234,69.18,0.8803,14.47,2.82e-05,0.2812,3.616,1.462,2.777,0.2385,12.42,0.6114,8.702
2022-03-29T12:41:12,47952.32,3471.43,113.75,0.2854,16.78,72,22.86,103.54,6.983,180.57,0.6744,0.02894,0.008803,2.723,1.864,3.04,1.726,3.3,203.84,16.06,1.39,1.358,0.5704,2.803,439.89,1.234,69.56,0.8805,14.47,2.822e-05,0.2812,3.618,1.463,2.778,0.2387,12.42,0.6114,8.703
2022-03-29T12:41:42,47920,3472.59,113.5,0.2854,16.78,72,22.85,103.56,6.983,180.56,0.6763,0.02894,0.008803,2.723,1.864,3.04,1.726,3.298,203.74,16.06,1.39,1.358,0.5704,2.806,440.07,1.235,69.64,0.8809,14.53,2.821e-05,0.2801,3.618,1.464,2.778,0.2386,12.39,0.6123,8.702
2022-03-29T12:42:12,47888.94,3471.78,113.39,0.2846,16.78,72,22.85,103.46,6.977,180.41,0.6744,0.02885,0.008804,2.723,1.862,3.04,1.726,3.292,203.71,16.1,1.39,1.36,0.5704,2.812,439.89,1.234,69.82,0.8802,14.53,2.815e-05,0.2801,3.618,1.465,2.778,0.2386,12.4,0.6123,8.703
2022-03-29T12:42:43,47900.37,3471.65,113.41,0.2844,16.78,72,22.85,103.36,6.977,180.48,0.6734,0.02892,0.0088,2.723,1.863,3.04,1.729,3.292,203.74,16.15,1.39,1.36,0.5704,2.813,439.76,1.235,69.88,0.8806,14.53,2.815e-05,0.2801,3.619,1.465,2.778,0.2386,12.4,0.6126,8.707
2022-03-29T12:43:13,47902.52,3472.13,113.77,0.2844,16.78,72,22.86,103.36,6.983,180.55,0.6734,0.02897,0.008795,2.723,1.864,3.04,1.729,3.292,203.78,16.17,1.379,1.36,0.5704,2.813,439.63,1.238,69.88,0.8806,14.53,2.815e-05,0.2798,3.621,1.466,2.776,0.2387,12.39,0.612,8.702
2022-03-29T12:43:43,47900.07,3472.07,113.76,0.2841,16.78,72.1,22.87,103.35,6.985,180.68,0.6724,0.02896,0.008795,2.723,1.863,3.04,1.73,3.295,203.87,16.17,1.38,1.36,0.5704,2.818,439.65,1.238,70.04,0.8807,14.48,2.814e-05,0.2798,3.622,1.467,2.775,0.2388,12.38,0.6121,8.701
2022-03-29T12:44:13,47905.79,3472.22,113.76,0.2842,16.78,72.1,22.9,103.29,6.985,180.69,0.6724,0.02896,0.008795,2.723,1.862,3.04,1.732,3.295,203.96,16.21,1.38,1.36,0.5704,2.819,439.67,1.239,70.02,0.8807,14.49,2.813e-05,0.2798,3.621,1.468,2.775,0.2388,12.34,0.6125,8.705
2022-03-29T12:44:43,47908.13,3472.39,114.23,0.2842,16.78,72.1,22.92,103.3,6.985,180.73,0.6724,0.02893,0.008795,2.723,1.862,3.04,1.732,3.295,204.17,16.1,1.38,1.364,0.5704,2.828,439.66,1.24,70.28,0.8807,14.49,2.813e-05,0.2798,3.622,1.471,2.775,0.2389,12.35,0.6124,8.704
2022-03-29T12:45:13,47927.38,3472.99,114.32,0.2847,16.78,72.1,22.93,103.32,6.997,180.84,0.6724,0.02892,0.008795,2.719,1.862,3.04,1.732,3.272,204.24,16,1.38,1.358,0.5704,2.827,439.77,1.242,70.3,0.8814,14.49,2.816e-05,0.28,3.624,1.476,2.776,0.2392,12.37,0.6125,8.719
2022-03-29T12:45:43,47936.99,3474.14,114.31,0.2845,16.78,72.1,22.93,103.36,6.988,181.05,0.6724,0.02892,0.008795,2.719,1.862,3.04,1.732,3.272,204.28,16,1.38,1.36,0.5704,2.821,439.82,1.241,70.24,0.8816,14.49,2.814e-05,0.28,3.625,1.475,2.776,0.2391,12.37,0.6125,8.715
2022-03-29T12:46:14,47932.18,3474.71,114.38,0.2843,16.78,72.3,22.92,103.37,6.991,181.15,0.676,0.02891,0.00881,2.719,1.862,3.04,1.732,3.275,204.17,16.12,1.38,1.362,0.5704,2.819,439.84,1.239,70.17,0.8817,14.5,2.814e-05,0.28,3.625,1.472,2.776,0.2391,12.38,0.6125,8.711
2022-03-29T12:46:44,47924.33,3474.32,114.61,0.2842,16.78,72.3,22.91,103.38,6.993,180.93,0.6753,0.02892,0.008843,2.719,1.861,3.04,1.735,3.275,204.07,16.12,1.38,1.362,0.5704,2.812,439.84,1.24,69.97,0.8816,14.5,2.81e-05,0.2799,3.624,1.472,2.777,0.2391,12.37,0.6131,8.709
2022-03-29T12:47:14,47921.89,3473.94,114.61,0.2841,16.84,72.3,22.9,103.35,6.989,180.95,0.6753,0.02889,0.008827,2.719,1.862,3.04,1.735,3.275,203.76,16.09,1.38,1.362,0.5704,2.81,440.11,1.239,70.01,0.8816,14.5,2.809e-05,0.2799,3.623,1.472,2.776,0.2391,12.37,0.6138,8.714
2022-03-29T12:47:44,47909.71,3473.75,114.59,0.284,16.84,72.3,22.89,103.28,6.986,180.95,0.6753,0.02892,0.008827,2.719,1.861,3.04,1.734,3.274,203.56,16.09,1.38,1.358,0.5704,2.807,440.09,1.238,70.1,0.8816,14.45,2.807e-05,0.2799,3.623,1.472,2.777,0.2391,12.37,0.6139,8.714
2022-03-29T12:48:14,47888.74,3472.91,114.39,0.2839,16.82,72.4,22.86,103.27,6.994,181.02,0.6754,0.02888,0.008829,2.719,1.86,3.04,1.732,3.274,203.48,16.08,1.38,1.357,0.5704,2.802,440.04,1.237,70.16,0.8806,14.46,2.804e-05,0.2786,3.618,1.472,2.776,0.239,12.35,0.6134,8.709
2022-03-29T12:48:45,47855.93,3469.53,114.28,0.2832,16.82,72.3,22.85,102.98,6.99,180.85,0.6737,0.02887,0.008828,2.716,1.86,3.04,1.729,3.27,203.21,16,1.38,1.357,0.5704,2.8,440.03,1.234,69.97,0.8806,14.46,2.799e-05,0.2786,3.617,1.469,2.774,0.2389,12.34,0.6125,8.708
2022-03-29T12:49:15,47886.06,3469.6,114.26,0.2832,16.84,72.3,22.84,103.03,6.99,180.7,0.6737,0.02888,0.008824,2.716,1.86,3.04,1.729,3.27,203.35,16.07,1.38,1.355,0.5704,2.801,439.83,1.234,69.94,0.88,14.45,2.795e-05,0.2782,3.617,1.468,2.771,0.2387,12.32,0.6125,8.709
2022-03-29T12:49:45,47881.63,3470.07,114.27,0.2831,16.84,72.3,22.81,103.1,6.991,180.7,0.6736,0.02888,0.008824,2.716,1.861,3.04,1.729,3.27,203.47,16.07,1.38,1.352,0.5704,2.795,439.93,1.234,69.83,0.8805,14.47,2.795e-05,0.2785,3.618,1.466,2.769,0.2387,12.29,0.6122,8.71
2022-03-29T12:50:15,47874.77,3469.58,114.25,0.2831,16.84,72.3,22.81,103.23,6.992,180.53,0.6742,0.02884,0.008824,2.716,1.861,3.04,1.729,3.272,203.71,16.07,1.38,1.352,0.5704,2.798,439.98,1.233,69.84,0.8805,14.47,2.796e-05,0.2785,3.618,1.466,2.769,0.2387,12.29,0.6124,8.713
2022-03-29T12:50:45,47876.97,3468.21,114.2,0.283,16.84,72.3,22.81,103.27,6.983,180.57,0.6732,0.02885,0.008824,2.716,1.86,3.04,1.73,3.272,203.69,16.07,1.38,1.355,0.5704,2.793,440.05,1.233,69.83,0.8804,14.44,2.797e-05,0.2789,3.617,1.466,2.77,0.2387,12.29,0.6124,8.714
2022-03-29T12:51:15,47851.66,3467.15,114.18,0.2827,16.84,72.3,22.79,103.26,6.972,180.5,0.6732,0.02882,0.008824,2.712,1.86,3.04,1.729,3.272,203.57,16.07,1.38,1.355,0.5704,2.79,439.93,1.233,69.69,0.8801,14.44,2.792e-05,0.2789,3.616,1.463,2.768,0.2385,12.28,0.6126,8.712
2022-03-29T12:51:45,47850.7,3465.71,114.17,0.2826,16.78,72.3,22.79,103.21,6.968,180.48,0.6726,0.02884,0.008824,2.712,1.86,3.04,1.727,3.272,203.39,16.07,1.38,1.355,0.5704,2.792,439.78,1.233,69.65,0.88,14.44,2.792e-05,0.2789,3.617,1.463,2.768,0.2385,12.28,0.6126,8.713
2022-03-29T12:52:16,47851.31,3465.83,113.94,0.2826,16.82,72.3,22.79,103.22,6.97,180.5,0.6726,0.02883,0.008826,2.712,1.86,3.04,1.727,3.272,203.33,16.19,1.38,1.355,0.5704,2.795,439.54,1.233,69.64,0.8795,14.44,2.796e-05,0.2789,3.617,1.463,2.766,0.2385,12.28,0.614,8.709
2022-03-29T12:52:46,47849.44,3465.86,113.94,0.2826,16.82,72.1,22.8,103.18,6.972,180.49,0.6714,0.02882,0.008826,2.712,1.86,3.04,1.727,3.27,203.38,16.19,1.38,1.354,0.5704,2.795,439.53,1.233,69.65,0.8796,14.41,2.796e-05,0.279,3.617,1.464,2.766,0.2385,12.3,0.6136,8.717
2022-03-29T12:53:16,47857.12,3466.18,113.94,0.2827,16.82,72.1,22.81,103.19,6.975,180.47,0.6714,0.02884,0.008826,2.712,1.86,3.04,1.727,3.27,203.45,16.19,1.379,1.355,0.5704,2.797,439.59,1.233,69.66,0.8797,14.41,2.797e-05,0.279,3.618,1.464,2.767,0.2385,12.29,0.6125,8.717
2022-03-29T12:53:46,47857.88,3466.27,114.18,0.2826,16.82,72.3,22.82,103.2,6.977,180.49,0.6724,0.02882,0.008826,2.712,1.86,3.04,1.729,3.275,203.48,16.19,1.379,1.355,0.5704,2.804,439.63,1.233,69.56,0.8796,14.41,2.799e-05,0.279,3.621,1.466,2.765,0.2386,12.29,0.6123,8.717
2022-03-29T12:54:16,47862.27,3467,114.46,0.2826,16.82,72.2,22.83,103.2,6.977,180.6,0.6726,0.02879,0.008826,2.712,1.86,3.04,1.73,3.278,203.45,16.19,1.379,1.355,0.5704,2.805,439.73,1.233,69.58,0.8796,14.44,2.798e-05,0.279,3.62,1.466,2.76,0.2386,12.29,0.6125,8.712
2022-03-29T12:54:46,47867.83,3466.89,114.62,0.2826,16.82,72.3,22.83,103.2,6.977,180.58,0.6733,0.02874,0.008826,2.712,1.86,3.06,1.732,3.273,203.55,16.19,1.379,1.355,0.5704,2.805,439.97,1.233,69.59,0.8796,14.45,2.799e-05,0.279,3.62,1.467,2.758,0.2384,12.3,0.6127,8.713
2022-03-29T12:55:16,47852,3465.94,114.36,0.2822,16.83,72.2,22.82,103.16,6.981,180.48,0.6733,0.02873,0.008826,2.712,1.86,3.06,1.732,3.273,203.51,16.04,1.379,1.355,0.5704,2.804,439.66,1.233,69.52,0.8794,14.45,2.797e-05,0.279,3.619,1.467,2.757,0.2381,12.3,0.6119,8.712
2022-03-29T12:55:47,47849,3465.73,114.38,0.2824,16.82,72.2,22.82,103.13,6.984,180.55,0.6716,0.02872,0.008826,2.712,1.859,3.06,1.733,3.273,203.58,16.04,1.368,1.355,0.5704,2.805,439.64,1.233,69.53,0.8786,14.45,2.797e-05,0.2786,3.618,1.467,2.759,0.238,12.3,0.6119,8.716
2022-03-29T12:56:17,47848.82,3466.1,114.65,0.2826,16.84,72.2,22.83,103.1,6.98,180.56,0.6723,0.02869,0.008826,2.712,1.862,3.06,1.732,3.279,203.66,16.08,1.368,1.355,0.5704,2.81,439.73,1.233,69.59,0.8788,14.41,2.798e-05,0.2786,3.619,1.467,2.762,0.238,12.3,0.6121,8.72
2022-03-29T12:56:47,47852.29,3466.39,114.96,0.2826,16.82,72.2,22.85,103.1,6.98,180.56,0.6735,0.02865,0.008826,2.712,1.862,3.06,1.732,3.277,203.75,16.12,1.368,1.355,0.5704,2.812,439.85,1.234,69.72,0.8789,14.41,2.8e-05,0.2786,3.624,1.466,2.765,0.238,12.31,0.6132,8.721
2022-03-29T12:57:18,47848.89,3465.82,114.93,0.2831,16.82,72.1,22.85,103.1,6.979,180.55,0.6735,0.02862,0.008826,2.712,1.862,3.06,1.735,3.277,203.9,16.12,1.367,1.348,0.5704,2.82,439.91,1.234,69.73,0.8792,14.41,2.8e-05,0.2793,3.626,1.466,2.767,0.238,12.33,0.6132,8.723
2022-03-29T12:57:48,47852.83,3466.17,114.92,0.283,16.83,72.1,22.85,103.06,6.976,180.57,0.6734,0.02861,0.008826,2.712,1.862,3.06,1.735,3.273,203.95,16.1,1.367,1.348,0.5704,2.815,440.21,1.234,69.84,0.879,14.41,2.8e-05,0.2793,3.626,1.467,2.767,0.2381,12.31,0.6134,8.725
2022-03-29T12:58:18,47839.8,3465.44,114.94,0.283,16.82,72.1,22.88,103.05,6.977,180.5,0.672,0.02864,0.00881,2.712,1.861,3.06,1.734,3.275,203.9,16.05,1.37,1.348,0.5704,2.816,440.08,1.234,69.84,0.8788,14.41,2.799e-05,0.2793,3.628,1.466,2.767,0.238,12.31,0.613,8.738
2022-03-29T12:58:48,47835.6,3465.37,114.93,0.283,16.82,72,22.9,103.06,6.981,180.48,0.6754,0.02866,0.00881,2.712,1.861,3.06,1.735,3.275,204.06,16.05,1.37,1.348,0.5704,2.813,439.94,1.234,69.86,0.8787,14.39,2.799e-05,0.2789,3.628,1.466,2.767,0.238,12.29,0.6132,8.739
2022-03-29T12:59:18,47821.44,3464.15,114.87,0.2828,16.76,72,22.91,103.05,6.978,180.41,0.6754,0.02864,0.008788,2.708,1.861,3.06,1.735,3.272,203.98,16.04,1.37,1.348,0.5704,2.806,439.93,1.234,69.7,0.8784,14.35,2.799e-05,0.2789,3.623,1.466,2.766,0.2379,12.28,0.6125,8.739
2022-03-29T12:59:49,47829.66,3464.32,114.66,0.2827,16.75,72,22.91,103.04,6.964,180.33,0.6729,0.02862,0.008788,2.708,1.861,3.06,1.732,3.273,203.95,16.04,1.37,1.347,0.5704,2.806,439.82,1.233,69.63,0.8782,14.35,2.799e-05,0.2789,3.622,1.464,2.766,0.2377,12.28,0.6126,8.738
2022-03-29T13:00:19,47831.33,3464.92,114.66,0.2828,16.8,71.9,22.91,103.09,6.96,180.43,0.6724,0.02861,0.008805,2.708,1.861,3.06,1.732,3.273,203.99,15.78,1.372,1.348,0.5704,2.806,439.81,1.232,69.63,0.8783,14.35,2.8e-05,0.2789,3.622,1.463,2.767,0.2377,12.29,0.6122,8.74
2022-03-29T13:00:49,47824.59,3463.68,114.64,0.2825,16.75,71.9,22.88,103.08,6.96,180.31,0.6742,0.02858,0.008787,2.708,1.863,3.06,1.732,3.271,203.9,15.8,1.372,1.348,0.5704,2.804,439.86,1.231,69.61,0.8773,14.37,2.798e-05,0.2787,3.624,1.463,2.767,0.2376,12.29,0.6122,8.736
2022-03-29T13:01:19,47788.74,3458.74,114.59,0.2821,16.8,71.7,22.85,103.08,6.959,180.09,0.6742,0.02857,0.008766,2.708,1.863,3.06,1.728,3.271,203.6,15.84,1.372,1.348,0.5704,2.801,439.51,1.228,69.55,0.8758,14.37,2.789e-05,0.2787,3.617,1.459,2.762,0.2371,12.27,0.6088,8.737
2022-03-29T13:01:49,47788.74,3459.05,114.59,0.2815,16.74,71.6,22.79,103.11,6.956,179.76,0.6718,0.02857,0.008766,2.708,1.862,3.06,1.726,3.273,203.54,15.84,1.372,1.346,0.5704,2.794,439.21,1.227,69.52,0.8753,14.37,2.782e-05,0.2761,3.616,1.457,2.76,0.237,12.27,0.6075,8.741
2022-03-29T13:02:19,47783.04,3459.28,114.56,0.2814,16.74,71.6,22.78,103.16,6.954,179.77,0.6718,0.02858,0.008795,2.708,1.862,3.06,1.725,3.275,203.17,15.9,1.372,1.346,0.5704,2.796,439.15,1.227,69.51,0.8749,14.29,2.781e-05,0.2761,3.615,1.457,2.76,0.2368,12.26,0.6075,8.74
2022-03-29T13:02:49,47787.28,3460.28,114.57,0.2815,16.74,71.6,22.78,103.26,6.955,179.74,0.6718,0.02858,0.008754,2.708,1.861,3.06,1.727,3.275,203.1,15.77,1.372,1.346,0.5704,2.798,439.21,1.228,69.56,0.8756,14.29,2.782e-05,0.2761,3.614,1.458,2.762,0.2368,12.25,0.6079,8.74
2022-03-29T13:03:20,47795.62,3459.12,114.86,0.2808,16.79,71.5,22.78,103.27,6.959,179.77,0.6718,0.0286,0.008754,2.708,1.859,3.04,1.728,3.275,203.26,15.8,1.372,1.346,0.5704,2.805,439.54,1.228,69.58,0.8759,14.29,2.783e-05,0.2769,3.615,1.459,2.763,0.2369,12.25,0.6078,8.736
2022-03-29T13:03:50,47799.62,3459.62,115.03,0.2809,16.79,71.5,22.78,103.34,6.958,179.8,0.6718,0.0286,0.008754,2.708,1.859,3.04,1.729,3.275,203.35,15.8,1.372,1.347,0.5704,2.809,439.61,1.228,69.61,0.8765,14.31,2.787e-05,0.2768,3.617,1.46,2.765,0.2372,12.3,0.6084,8.736
2022-03-29T13:04:20,47819.66,3460.64,115.25,0.2809,16.79,71.2,22.78,103.54,6.957,179.86,0.6711,0.02876,0.008732,2.708,1.861,3.04,1.729,3.275,203.64,15.68,1.372,1.347,0.5704,2.808,439.94,1.229,69.7,0.8769,14.3,2.788e-05,0.2768,3.617,1.462,2.768,0.2376,12.32,0.6093,8.739
2022-03-29T13:04:50,47837.54,3461.82,115.25,0.281,16.79,71.2,22.78,103.55,6.96,180.09,0.6713,0.0289,0.008748,2.708,1.861,3.04,1.73,3.275,203.81,15.68,1.371,1.347,0.5704,2.808,440.02,1.229,69.7,0.8769,14.31,2.792e-05,0.2778,3.624,1.461,2.774,0.2376,12.32,0.6093,8.756
2022-03-29T13:05:20,47856.88,3463.86,115.24,0.2811,16.79,71.1,22.8,103.57,6.962,180.16,0.6713,0.02895,0.008743,2.708,1.861,3.04,1.73,3.274,203.86,15.68,1.371,1.34,0.5704,2.81,440.27,1.23,69.73,0.8773,14.31,2.792e-05,0.2778,3.625,1.462,2.776,0.2378,12.32,0.6095,8.761
2022-03-29T13:05:50,47857.91,3465.08,115.26,0.2812,16.74,71.2,22.81,103.67,6.96,180.26,0.6701,0.02896,0.008743,2.708,1.861,3.04,1.732,3.274,203.89,15.61,1.371,1.34,0.5704,2.814,440.42,1.23,69.74,0.8774,14.31,2.792e-05,0.2781,3.628,1.464,2.779,0.2379,12.32,0.6102,8.762
2022-03-29T13:06:20,47856.98,3465.16,115.26,0.2813,16.74,71.1,22.81,103.7,6.959,180.23,0.664,0.02898,0.008734,2.708,1.86,3.04,1.732,3.274,203.94,15.6,1.371,1.34,0.5704,2.814,440.49,1.23,69.76,0.8774,14.35,2.793e-05,0.2781,3.629,1.464,2.779,0.238,12.39,0.6102,8.761
2022-03-29T13:06:51,47860.63,3466.29,115.31,0.2817,16.75,71.1,22.82,103.71,6.958,180.2,0.6642,0.02894,0.008734,2.708,1.86,3.04,1.733,3.279,203.96,15.6,1.371,1.342,0.5704,2.817,440.51,1.23,69.83,0.8772,14.35,2.795e-05,0.2781,3.627,1.465,2.777,0.2381,12.39,0.6106,8.761
2022-03-29T13:07:21,47861.36,3466.69,115.4,0.2819,16.75,71.2,22.83,103.7,6.959,180.25,0.6642,0.02891,0.008734,2.708,1.86,3.04,1.733,3.279,204.04,15.6,1.371,1.344,0.5704,2.818,440.59,1.227,69.83,0.8772,14.35,2.795e-05,0.2783,3.645,1.465,2.778,0.2381,12.39,0.6107,8.762
2022-03-29T13:07:51,47855.51,3466.18,115.37,0.2818,16.75,71.2,22.82,103.66,6.955,180.3,0.6643,0.02881,0.008734,2.708,1.86,3.04,1.729,3.279,204.04,15.49,1.371,1.344,0.5704,2.819,440.57,1.227,69.79,0.8772,14.32,2.794e-05,0.2781,3.638,1.464,2.777,0.2381,12.38,0.6109,8.768
2022-03-29T13:08:21,47855.22,3466.63,115.54,0.2822,16.75,71.2,22.82,103.74,6.955,180.46,0.6646,0.02871,0.008734,2.708,1.861,3.04,1.729,3.279,204.13,15.42,1.371,1.344,0.5704,2.824,440.59,1.227,69.79,0.8775,14.31,2.795e-05,0.2781,3.639,1.465,2.78,0.2382,12.36,0.6109,8.77
2022-03-29T13:08:51,47866.01,3467.23,115.5,0.2822,16.75,71.3,22.86,103.81,6.956,180.45,0.6648,0.0287,0.008793,2.708,1.86,3.04,1.732,3.279,204.1,15.42,1.371,1.338,0.5704,2.829,440.65,1.228,69.78,0.8776,14.31,2.796e-05,0.2781,3.64,1.466,2.78,0.2383,12.36,0.6109,8.779
2022-03-29T13:09:21,47874.6,3467.38,115.5,0.2823,16.75,71.3,22.87,103.83,6.967,180.5,0.6648,0.02869,0.008793,2.708,1.861,3.04,1.731,3.272,204.04,15.42,1.371,1.338,0.5704,2.824,440.96,1.227,69.78,0.8778,14.31,2.796e-05,0.2781,3.638,1.467,2.782,0.2383,12.38,0.6109,8.78
2022-03-29T13:09:51,47857.72,3468.36,115.39,0.2823,16.78,71.3,22.88,103.99,6.965,180.49,0.6654,0.02869,0.008793,2.708,1.861,3.04,1.731,3.27,204.26,15.49,1.371,1.338,0.5704,2.827,440.9,1.227,69.78,0.8776,14.33,2.796e-05,0.2789,3.644,1.467,2.782,0.2383,12.36,0.6109,8.786
2022-03-29T13:10:21,47868.89,3468.46,115.5,0.2824,16.78,71.1,22.87,104.04,6.965,180.45,0.6649,0.02873,0.008793,2.708,1.86,3.04,1.73,3.27,204.25,15.5,1.371,1.338,0.5704,2.826,440.74,1.227,69.78,0.8777,14.35,2.796e-05,0.2786,3.642,1.467,2.782,0.2383,12.35,0.6103,8.787
2022-03-29T13:10:51,47856.6,3467.84,115.49,0.282,16.78,71.1,22.86,104.03,6.965,180.09,0.6649,0.02887,0.008793,2.708,1.86,3.04,1.729,3.277,204,15.58,1.371,1.351,0.5704,2.822,440.68,1.227,69.76,0.8777,14.35,2.795e-05,0.2786,3.634,1.466,2.781,0.2382,12.34,0.6103,8.786
2022-03-29T13:11:21,47854.26,3467.78,115.25,0.2819,16.78,71.1,22.86,104.07,6.958,180.09,0.6649,0.0289,0.008778,2.708,1.86,3.04,1.729,3.277,203.89,15.58,1.371,1.351,0.5704,2.82,440.63,1.227,69.75,0.8778,14.35,2.795e-05,0.2786,3.635,1.466,2.78,0.2382,12.33,0.6092,8.785
2022-03-29T13:11:52,47847.09,3467.64,115.2,0.2818,16.75,71.1,22.88,104.08,6.959,180.09,0.6649,0.0289,0.008778,2.708,1.86,3.04,1.728,3.281,203.83,15.5,1.371,1.354,0.5704,2.819,440.5,1.227,69.76,0.8777,14.33,2.795e-05,0.2787,3.635,1.465,2.779,0.2381,12.34,0.6091,8.781
2022-03-29T13:12:22,47847.28,3467.96,115.2,0.2819,16.75,71.3,22.89,104.08,6.96,180.13,0.6649,0.02889,0.008793,2.708,1.86,3.04,1.728,3.281,203.65,15.7,1.371,1.353,0.5704,2.819,440.49,1.226,69.8,0.8775,14.33,2.797e-05,0.2787,3.637,1.466,2.78,0.2381,12.35,0.6091,8.775
2022-03-29T13:12:52,47857.65,3468.41,114.91,0.282,16.75,71.3,22.89,104.05,6.96,180.18,0.6649,0.02897,0.008793,2.708,1.86,3.04,1.728,3.281,203.68,15.66,1.37,1.353,0.5704,2.82,440.53,1.226,69.8,0.8774,14.33,2.797e-05,0.2787,3.635,1.466,2.779,0.2381,12.36,0.6074,8.775
2022-03-29T13:13:22,47856.07,3469.05,114.88,0.282,16.75,71.4,22.89,104.01,6.96,180.27,0.664,0.02899,0.008753,2.708,1.86,3.04,1.727,3.281,203.69,15.66,1.37,1.358,0.5704,2.823,440.44,1.226,69.81,0.8779,14.4,2.797e-05,0.2784,3.634,1.466,2.778,0.2381,12.37,0.6077,8.777
2022-03-29T13:13:52,47863.93,3468.98,114.85,0.2821,16.75,71.4,22.88,104,6.96,180.22,0.664,0.02898,0.008753,2.708,1.86,3.04,1.729,3.282,203.63,15.7,1.37,1.354,0.5704,2.821,440.58,1.226,69.79,0.8779,14.4,2.8e-05,0.2784,3.635,1.466,2.779,0.2381,12.43,0.6077,8.773
2022-03-29T13:14:22,47853.36,3468.72,114.9,0.2822,16.75,71.4,22.88,103.91,6.96,180.33,0.664,0.02892,0.008754,2.708,1.86,3.04,1.729,3.281,203.68,15.45,1.37,1.354,0.5704,2.823,440.54,1.226,69.78,0.8781,14.4,2.8e-05,0.2783,3.635,1.466,2.78,0.2383,12.43,0.6077,8.775
2022-03-29T13:14:52,47856.2,3468.48,114.9,0.2823,16.75,71.8,22.88,103.91,6.959,180.3,0.664,0.02895,0.008728,2.708,1.861,3.04,1.729,3.281,203.72,15.49,1.377,1.354,0.5704,2.821,440.67,1.226,69.79,0.8791,14.43,2.8e-05,0.2779,3.636,1.466,2.781,0.2383,12.41,0.6079,8.781
2022-03-29T13:15:22,47858.83,3469.54,114.9,0.2823,16.75,71.8,22.88,104.09,6.96,180.32,0.664,0.02889,0.008728,2.708,1.86,3.04,1.729,3.281,203.92,15.49,1.377,1.354,0.5704,2.822,440.8,1.226,69.94,0.8791,14.43,2.801e-05,0.2782,3.639,1.467,2.782,0.2384,12.39,0.6085,8.785
2022-03-29T13:15:53,47838.36,3468.9,114.67,0.2819,16.75,71.8,22.87,104.08,6.962,180.29,0.6647,0.02879,0.008725,2.708,1.861,3.04,1.728,3.283,203.93,15.5,1.377,1.354,0.5704,2.82,440.51,1.226,69.93,0.8788,14.43,2.8e-05,0.2782,3.635,1.465,2.778,0.2385,12.39,0.6082,8.781
2022-03-29T13:16:23,47824.76,3468.75,114.68,0.2819,16.75,71.8,22.86,104.05,6.964,180.32,0.664,0.02877,0.008725,2.708,1.86,3.04,1.728,3.283,203.6,15.5,1.377,1.354,0.5704,2.821,440.5,1.227,69.92,0.8779,14.38,2.799e-05,0.2779,3.634,1.464,2.777,0.2385,12.43,0.6082,8.795
2022-03-29T13:16:53,47823.38,3466.74,114.68,0.282,16.75,72.2,22.84,103.97,6.963,180.24,0.664,0.02877,0.008729,2.708,1.86,3.04,1.728,3.283,203.52,15.56,1.377,1.358,0.5704,2.818,440.76,1.226,69.89,0.8769,14.38,2.795e-05,0.2779,3.628,1.464,2.776,0.2382,12.44,0.6076,8.798
2022-03-29T13:17:23,47825.65,3466.51,114.61,0.2822,16.75,72.2,22.84,104.01,6.962,180.08,0.664,0.02883,0.008729,2.708,1.86,3.04,1.728,3.284,203.39,15.56,1.377,1.358,0.5704,2.818,441.04,1.226,69.92,0.8771,14.37,2.795e-05,0.2779,3.626,1.463,2.775,0.2381,12.44,0.6076,8.799
2022-03-29T13:17:53,47822.24,3466.34,114.74,0.2822,16.75,72.1,22.82,103.99,6.96,180.11,0.664,0.02883,0.00871,2.708,1.86,3.04,1.727,3.285,203.3,15.69,1.377,1.358,0.5704,2.816,441.02,1.226,69.92,0.8772,14.38,2.794e-05,0.2772,3.625,1.464,2.771,0.2382,12.45,0.6072,8.822
2022-03-29T13:18:23,47801.23,3464.34,114.58,0.2821,16.75,72.1,22.79,103.83,6.958,180.02,0.664,0.0288,0.00871,2.708,1.861,3.04,1.727,3.283,203.11,15.69,1.377,1.355,0.5704,2.814,441.02,1.225,69.9,0.8768,14.38,2.79e-05,0.2768,3.617,1.462,2.768,0.238,12.44,0.607,8.822
2022-03-29T13:18:53,47805.81,3465.45,114.58,0.2822,16.75,72.1,22.79,103.82,6.955,180.07,0.664,0.02877,0.008728,2.708,1.86,3.04,1.727,3.283,203.03,15.84,1.377,1.355,0.5704,2.814,441.06,1.225,69.91,0.877,14.35,2.79e-05,0.2768,3.619,1.461,2.769,0.2381,12.46,0.6072,8.825
2022-03-29T13:19:23,47803.46,3465.55,114.56,0.2822,16.75,72.1,22.8,103.82,6.957,180.07,0.6634,0.02877,0.008728,2.708,1.86,3.04,1.726,3.279,203,15.84,1.377,1.353,0.5704,2.815,440.84,1.224,69.89,0.8771,14.35,2.79e-05,0.2768,3.618,1.461,2.768,0.2381,12.47,0.6072,8.832
2022-03-29T13:19:54,47808.48,3465.49,114.55,0.2822,16.75,72.1,22.79,103.9,6.953,180.08,0.6635,0.02877,0.008717,2.708,1.86,3.04,1.726,3.279,203.05,15.91,1.377,1.351,0.5704,2.813,440.87,1.224,69.89,0.877,14.36,2.79e-05,0.2768,3.615,1.461,2.767,0.2381,12.46,0.6069,8.831
2022-03-29T13:20:24,47811.58,3465.29,114.56,0.2822,16.75,72.1,22.8,103.91,6.953,180.08,0.6635,0.02874,0.008733,2.708,1.861,3.04,1.727,3.267,202.94,15.77,1.377,1.351,0.5704,2.811,440.89,1.224,69.93,0.877,14.36,2.792e-05,0.2772,3.616,1.461,2.765,0.2381,12.46,0.6066,8.834
2022-03-29T13:20:54,47810.93,3464.86,114.61,0.2822,16.75,72,22.8,103.91,6.954,180.12,0.6635,0.02873,0.00874,2.708,1.861,3.04,1.728,3.267,202.95,15.75,1.377,1.351,0.5704,2.814,441.04,1.224,69.95,0.877,14.36,2.792e-05,0.2774,3.616,1.461,2.766,0.2382,12.45,0.6067,8.835
2022-03-29T13:21:24,47804.64,3464.32,114.56,0.2821,16.75,72,22.8,103.79,6.954,180.11,0.6635,0.02871,0.00874,2.708,1.86,3.04,1.727,3.27,202.91,15.75,1.377,1.349,0.5704,2.813,440.94,1.223,69.96,0.877,14.36,2.791e-05,0.2774,3.612,1.461,2.764,0.2381,12.45,0.6067,8.827
2022-03-29T13:21:54,47790.77,3458.46,114.29,0.2819,16.75,71.9,22.8,103.72,6.952,180.03,0.6635,0.02871,0.008723,2.704,1.86,3.04,1.727,3.267,202.86,15.75,1.377,1.349,0.5704,2.811,440.74,1.223,69.95,0.8762,14.36,2.788e-05,0.2774,3.612,1.46,2.762,0.238,12.44,0.6066,8.827
2022-03-29T13:22:24,47785.59,3458.89,114.36,0.2818,16.75,71.9,22.78,103.69,6.951,180.03,0.6628,0.02869,0.00875,2.704,1.86,3.04,1.724,3.267,202.57,15.75,1.377,1.349,0.5704,2.812,440.62,1.222,69.9,0.876,14.31,2.789e-05,0.2764,3.613,1.458,2.762,0.2379,12.4,0.6062,8.823
2022-03-29T13:22:54,47791.62,3458.82,114.39,0.2819,16.78,71.9,22.79,103.67,6.95,180.05,0.6628,0.02865,0.008753,2.704,1.86,3.04,1.724,3.269,202.56,15.75,1.365,1.349,0.5704,2.812,440.37,1.222,69.92,0.8764,14.31,2.789e-05,0.2764,3.612,1.458,2.763,0.2379,12.4,0.6066,8.82
2022-03-29T13:23:25,47787.9,3458.68,114.39,0.2819,16.75,72,22.79,103.68,6.951,180.1,0.6628,0.02867,0.008753,2.704,1.859,3.04,1.724,3.269,202.57,15.75,1.365,1.349,0.5704,2.815,440.4,1.222,69.91,0.8766,14.31,2.79e-05,0.2764,3.613,1.459,2.765,0.238,12.4,0.6066,8.821
2022-03-29T13:23:55,47791.26,3458.43,114.47,0.2819,16.75,72,22.79,103.76,6.954,180.09,0.6628,0.02864,0.008753,2.704,1.859,3.04,1.724,3.269,202.64,15.57,1.365,1.353,0.5704,2.816,440.34,1.222,69.91,0.8767,14.31,2.796e-05,0.2769,3.617,1.459,2.766,0.238,12.43,0.6066,8.826
2022-03-29T13:24:25,47793.24,3457.75,114.5,0.282,16.75,72,22.79,103.79,6.962,180.11,0.6628,0.02866,0.008743,2.704,1.86,3.04,1.724,3.267,202.72,15.58,1.365,1.353,0.5704,2.816,440.43,1.222,69.87,0.8768,14.31,2.797e-05,0.2769,3.617,1.459,2.768,0.2379,12.43,0.6066,8.826
2022-03-29T13:24:55,47784.01,3457.31,114.5,0.282,16.78,71.9,22.8,103.78,6.962,180.27,0.6628,0.02864,0.008743,2.709,1.86,3.04,1.723,3.267,202.74,15.65,1.365,1.353,0.5704,2.821,440.34,1.222,69.86,0.8764,14.31,2.797e-05,0.2769,3.616,1.459,2.768,0.2379,12.43,0.6069,8.819
2022-03-29T13:25:25,47786.3,3457.5,114.5,0.2822,16.78,71.9,22.79,103.82,6.965,180.39,0.6627,0.02865,0.008743,2.709,1.861,3.04,1.723,3.267,202.92,15.65,1.365,1.354,0.5704,2.821,440.19,1.222,69.85,0.8764,14.31,2.797e-05,0.2768,3.614,1.46,2.768,0.2381,12.45,0.6068,8.816
2022-03-29T13:25:55,47783.07,3457.49,114.46,0.282,16.78,71.9,22.79,103.89,6.963,180.53,0.6627,0.02861,0.008743,2.709,1.861,3.04,1.723,3.267,202.88,15.65,1.365,1.354,0.5704,2.823,440.17,1.223,69.8,0.8763,14.32,2.796e-05,0.2768,3.614,1.46,2.768,0.2381,12.47,0.6063,8.816
2022-03-29T13:26:25,47786.8,3457.52,114.46,0.282,16.78,71.9,22.8,103.96,6.967,180.58,0.6626,0.02864,0.008743,2.705,1.863,3.04,1.724,3.269,202.87,15.65,1.365,1.354,0.5704,2.829,440.14,1.223,69.77,0.8764,14.31,2.797e-05,0.2775,3.614,1.46,2.767,0.2381,12.47,0.6057,8.817
2022-03-29T13:26:55,47788.5,3458.13,114.49,0.282,16.78,71.9,22.8,103.98,6.968,180.63,0.6626,0.02869,0.008735,2.705,1.862,3.04,1.724,3.266,202.91,15.65,1.365,1.356,0.5704,2.831,440.16,1.223,69.77,0.8765,14.31,2.797e-05,0.2775,3.614,1.461,2.767,0.2381,12.45,0.6059,8.814
2022-03-29T13:27:26,47803.52,3458.99,114.51,0.2824,16.78,71.9,22.8,104.07,6.973,180.69,0.6626,0.0287,0.008735,2.705,1.863,3.04,1.725,3.266,202.87,15.65,1.365,1.356,0.5704,2.831,440.18,1.224,69.96,0.8771,14.36,2.801e-05,0.2775,3.615,1.462,2.77,0.2381,12.45,0.6065,8.812
2022-03-29T13:27:56,47801.68,3458,114.65,0.2822,16.72,71.8,22.81,104.06,6.97,180.7,0.6626,0.0287,0.008735,2.705,1.862,3.04,1.726,3.266,202.87,15.58,1.365,1.356,0.5704,2.828,440.18,1.224,70.02,0.877,14.36,2.799e-05,0.2775,3.614,1.462,2.769,0.2381,12.45,0.6066,8.812
2022-03-29T13:28:26,47778.82,3456.81,114.53,0.2822,16.71,71.9,22.8,104.04,6.97,180.68,0.6623,0.02869,0.008735,2.705,1.862,3.04,1.725,3.264,202.63,15.66,1.365,1.354,0.5704,2.821,439.78,1.224,70,0.8766,14.36,2.798e-05,0.2771,3.613,1.461,2.768,0.238,12.42,0.6066,8.811
2022-03-29T13:28:56,47768.43,3453.52,114.5,0.2818,16.78,71.9,22.79,103.9,6.972,180.55,0.6623,0.0287,0.008735,2.703,1.862,3.04,1.725,3.264,202.47,15.53,1.365,1.353,0.5704,2.821,439.65,1.221,69.91,0.8764,14.3,2.791e-05,0.2768,3.612,1.458,2.767,0.238,12.41,0.6048,8.809
2022-03-29T13:29:26,47781.2,3454.38,114.29,0.2819,16.75,71.9,22.81,103.95,6.966,180.61,0.6616,0.02873,0.008735,2.703,1.863,3.04,1.725,3.268,202.49,15.5,1.365,1.363,0.5704,2.824,439.73,1.222,69.92,0.8766,14.3,2.793e-05,0.2772,3.612,1.459,2.765,0.238,12.45,0.605,8.811
2022-03-29T13:29:56,47777.6,3456.99,114.3,0.2819,16.63,72,22.82,103.99,6.968,180.69,0.6624,0.02873,0.008733,2.703,1.863,3.04,1.725,3.267,202.51,15.58,1.365,1.363,0.5704,2.83,440.02,1.223,69.89,0.8765,14.3,2.794e-05,0.2772,3.612,1.459,2.765,0.238,12.45,0.6052,8.828
2022-03-29T13:30:26,47776.04,3456.65,114.47,0.2823,16.61,72.1,22.82,104.12,6.966,180.67,0.662,0.02873,0.008733,2.703,1.864,3.04,1.725,3.267,202.41,15.59,1.365,1.363,0.5704,2.829,440.04,1.223,69.89,0.8765,14.32,2.793e-05,0.2772,3.612,1.461,2.766,0.238,12.48,0.6054,8.833
2022-03-29T13:30:56,47800.7,3455.15,114.45,0.2824,16.61,72,22.82,104.1,6.969,180.82,0.662,0.02872,0.008754,2.703,1.864,3.04,1.725,3.264,202.46,15.59,1.365,1.365,0.5704,2.831,440.14,1.223,69.89,0.8766,14.32,2.794e-05,0.2772,3.612,1.461,2.767,0.2381,12.48,0.6054,8.838
2022-03-29T13:31:27,47814.4,3456.24,114.32,0.2826,16.62,72,22.82,104.06,6.968,180.89,0.6622,0.02879,0.008754,2.698,1.866,3.04,1.727,3.264,202.44,15.63,1.365,1.365,0.5704,2.834,440.2,1.224,69.91,0.8773,14.32,2.799e-05,0.2772,3.612,1.461,2.767,0.2382,12.54,0.6057,8.84
2022-03-29T13:31:57,47824.83,3457.02,114.33,0.2826,16.62,71.9,22.83,104.07,6.968,181,0.6621,0.02879,0.008754,2.698,1.866,3.04,1.727,3.264,202.5,15.66,1.365,1.365,0.5704,2.835,440.47,1.225,69.9,0.8773,14.32,2.8e-05,0.2787,3.613,1.462,2.768,0.2382,12.52,0.6066,8.834
2022-03-29T13:32:27,47883.63,3459.8,114.36,0.2827,16.65,72.1,22.83,104.09,6.972,181.17,0.6624,0.02884,0.008738,2.698,1.867,3.04,1.728,3.266,202.68,15.69,1.365,1.365,0.5704,2.841,440.61,1.225,69.92,0.8776,14.32,2.803e-05,0.2787,3.62,1.463,2.772,0.2383,12.51,0.6067,8.833
2022-03-29T13:32:57,47876.63,3459.13,114.44,0.2831,16.69,72.1,22.83,104.13,6.98,181.12,0.6624,0.02884,0.008738,2.698,1.867,3.04,1.727,3.266,202.7,15.69,1.365,1.365,0.5704,2.841,440.57,1.225,69.93,0.8777,14.35,2.809e-05,0.2787,3.62,1.463,2.771,0.2383,12.49,0.6069,8.833
2022-03-29T13:33:27,47859.91,3459.24,114.44,0.2831,16.69,72.2,22.83,104.14,6.978,181.11,0.6623,0.02884,0.008738,2.698,1.866,3.04,1.728,3.266,202.74,15.7,1.365,1.369,0.5704,2.84,440.67,1.225,69.94,0.8776,14.34,2.809e-05,0.2796,3.623,1.463,2.773,0.2383,12.48,0.6068,8.835
2022-03-29T13:33:57,47854.18,3458.03,114.43,0.283,16.69,72.2,22.84,104.21,6.978,180.98,0.6619,0.02889,0.008738,2.698,1.866,3.04,1.728,3.264,202.73,15.7,1.365,1.369,0.5704,2.841,440.47,1.225,69.96,0.8778,14.32,2.807e-05,0.2794,3.634,1.463,2.774,0.2382,12.47,0.6069,8.843
2022-03-29T13:34:27,47854.93,3458.96,114.57,0.2831,16.69,72.2,22.85,104.44,6.974,181.09,0.6616,0.02889,0.008738,2.698,1.865,3.04,1.728,3.264,202.85,15.69,1.37,1.369,0.5704,2.842,440.57,1.225,70,0.878,14.32,2.808e-05,0.2794,3.637,1.463,2.776,0.2383,12.47,0.6086,8.845
2022-03-29T13:34:57,47852.56,3459.25,114.6,0.2832,16.62,72.2,22.87,104.68,6.971,181.15,0.6615,0.02887,0.008738,2.696,1.867,3.04,1.729,3.267,203.04,15.69,1.37,1.369,0.5704,2.841,440.65,1.226,70.01,0.8784,14.32,2.808e-05,0.2794,3.637,1.463,2.776,0.2385,12.47,0.608,8.847
2022-03-29T13:35:28,47846.58,3458.42,114.59,0.2835,16.62,72.2,22.87,104.9,6.974,181.9,0.6612,0.02886,0.008748,2.696,1.866,3.04,1.729,3.267,203.18,15.66,1.37,1.369,0.5704,2.841,440.62,1.226,70.04,0.8784,14.32,2.808e-05,0.2794,3.637,1.464,2.776,0.2385,12.49,0.6085,8.851
2022-03-29T13:35:58,47856.13,3458.9,114.49,0.2836,16.66,72.2,22.88,105.08,6.973,181.85,0.6612,0.02881,0.008748,2.696,1.866,3.04,1.73,3.267,203.26,15.7,1.37,1.365,0.5704,2.841,440.89,1.227,70.06,0.8782,14.33,2.808e-05,0.2793,3.637,1.464,2.776,0.2385,12.49,0.6093,8.851
2022-03-29T13:36:28,47866.6,3459.27,114.52,0.2836,16.62,72.2,22.9,105.27,6.971,181.86,0.6612,0.02879,0.008748,2.696,1.868,3.04,1.731,3.269,203.35,15.77,1.37,1.365,0.5704,2.842,441.09,1.227,70.08,0.8781,14.33,2.811e-05,0.2799,3.638,1.465,2.775,0.2385,12.49,0.6095,8.854
2022-03-29T13:36:58,47872.92,3459.29,114.53,0.2836,16.68,72.2,22.89,105.23,6.973,181.85,0.6612,0.02881,0.008732,2.696,1.869,3.03,1.733,3.269,203.5,15.77,1.37,1.365,0.5704,2.842,441.24,1.226,70.03,0.8782,14.33,2.811e-05,0.2799,3.638,1.465,2.774,0.2386,12.49,0.6098,8.864
2022-03-29T13:37:28,47869.94,3458.11,114.55,0.2836,16.62,72.1,22.9,105.35,6.973,181.9,0.6612,0.02881,0.008732,2.696,1.868,3.03,1.733,3.269,203.5,15.79,1.37,1.364,0.5704,2.841,441.21,1.226,70.02,0.8789,14.33,2.812e-05,0.2799,3.638,1.466,2.774,0.2385,12.48,0.6095,8.865
2022-03-29T13:37:58,47857.98,3458.53,114.56,0.2835,16.69,72.1,22.89,105.47,6.976,181.85,0.6622,0.02881,0.008732,2.694,1.868,3.03,1.733,3.271,203.48,15.83,1.37,1.363,0.5704,2.842,441.21,1.226,70.05,0.8789,14.35,2.81e-05,0.2799,3.638,1.466,2.775,0.2385,12.48,0.609,8.868
2022-03-29T13:38:28,47870.83,3458.96,114.8,0.2836,16.69,72.1,22.88,105.48,6.976,181.85,0.6622,0.02881,0.008732,2.694,1.867,3.03,1.735,3.269,203.42,15.8,1.37,1.364,0.5704,2.843,441.09,1.226,70.05,0.8792,14.35,2.81e-05,0.2799,3.639,1.465,2.774,0.2385,12.48,0.609,8.863
2022-03-29T13:38:58,47853.41,3457.81,114.78,0.2838,16.69,72,22.88,105.52,6.973,181.8,0.6622,0.02839,0.008732,2.694,1.868,3.03,1.735,3.269,203.34,15.8,1.37,1.364,0.5704,2.842,440.98,1.226,70.06,0.8791,14.35,2.808e-05,0.28,3.638,1.466,2.772,0.2386,12.53,0.6093,8.867
2022-03-29T13:39:29,47851.46,3457.9,114.78,0.2839,16.69,72.2,22.87,105.61,6.977,181.87,0.6622,0.02806,0.008732,2.694,1.867,3.03,1.734,3.271,203.18,15.8,1.37,1.356,0.5704,2.84,441.05,1.226,70.08,0.8791,14.34,2.809e-05,0.28,3.635,1.465,2.768,0.2385,12.55,0.6089,8.867
2022-03-29T13:39:59,47830.39,3454.19,114.28,0.2838,16.63,72.2,22.86,105.61,6.973,181.44,0.6622,0.02791,0.008727,2.694,1.867,3.03,1.731,3.271,202.86,15.8,1.37,1.36,0.5704,2.833,440.89,1.224,70.06,0.8783,14.34,2.807e-05,0.28,3.63,1.462,2.766,0.2383,12.54,0.6086,8.863
2022-03-29T13:40:29,47791.22,3453.54,114.25,0.2839,16.69,71.9,22.82,105.49,6.978,181.36,0.6622,0.0279,0.008706,2.695,1.867,3.03,1.731,3.272,202.42,15.8,1.37,1.36,0.5704,2.828,440.48,1.225,70.02,0.8784,14.3,2.806e-05,0.2784,3.629,1.461,2.766,0.2382,12.53,0.608,8.859
2022-03-29T13:40:59,47789.4,3453.63,114.29,0.2839,16.64,71.9,22.82,105.63,6.977,181.13,0.6614,0.02789,0.008706,2.695,1.865,3.03,1.73,3.273,202.5,15.8,1.368,1.359,0.5704,2.828,440.57,1.223,70.01,0.8783,14.3,2.803e-05,0.2784,3.624,1.461,2.766,0.2381,12.53,0.608,8.846
2022-03-29T13:41:29,47772.45,3449.56,114.34,0.2837,16.64,71.9,22.79,105.62,6.979,181.06,0.6614,0.02787,0.008706,2.695,1.865,3.03,1.73,3.273,202.63,15.86,1.368,1.361,0.5704,2.827,440.52,1.223,69.99,0.8774,14.3,2.802e-05,0.2784,3.621,1.459,2.764,0.2379,12.54,0.6072,8.84
2022-03-29T13:41:59,47773.34,3449.6,114.35,0.283,16.63,72,22.78,105.74,6.978,181.01,0.6614,0.02788,0.008706,2.695,1.865,3.03,1.729,3.284,202.64,15.89,1.368,1.361,0.5704,2.825,439.92,1.223,69.99,0.8774,14.28,2.802e-05,0.2784,3.62,1.458,2.764,0.2379,12.53,0.6076,8.837
2022-03-29T13:42:29,47762.86,3446.01,114.35,0.2829,16.63,72,22.78,105.77,6.974,180.87,0.6614,0.02803,0.008706,2.695,1.864,3.03,1.726,3.282,202.75,15.89,1.368,1.353,0.5704,2.821,439.54,1.222,69.94,0.8773,14.28,2.801e-05,0.2784,3.619,1.458,2.763,0.2379,12.52,0.6072,8.791
2022-03-29T13:42:59,47763.49,3446.99,114.52,0.2829,16.66,71.8,22.78,105.72,6.974,180.84,0.6614,0.02814,0.008706,2.695,1.863,3.03,1.726,3.282,202.75,15.83,1.368,1.353,0.5704,2.818,439.46,1.221,69.82,0.8774,14.27,2.798e-05,0.2782,3.612,1.458,2.762,0.2379,12.51,0.6074,8.788
2022-03-29T13:43:29,47783.6,3447.85,114.8,0.283,16.66,71.8,22.78,105.9,6.974,180.67,0.6614,0.02833,0.0087,2.695,1.86,3.03,1.728,3.292,202.84,15.87,1.368,1.353,0.5704,2.82,439.6,1.221,69.85,0.8781,14.27,2.798e-05,0.2782,3.612,1.457,2.763,0.2379,12.51,0.6079,8.788
2022-03-29T13:44:00,47775.67,3447.01,114.71,0.283,16.63,71.8,22.78,106.03,6.976,180.61,0.6614,0.02833,0.0087,2.695,1.859,3.03,1.727,3.292,202.86,15.84,1.368,1.356,0.5704,2.822,439.55,1.221,69.84,0.8781,14.22,2.798e-05,0.2782,3.613,1.457,2.765,0.2379,12.49,0.6085,8.792
2022-03-29T13:44:30,47766.9,3446.77,114.67,0.283,16.62,71.8,22.77,105.81,6.977,180.47,0.6614,0.02836,0.008718,2.695,1.859,3.03,1.727,3.3,202.83,15.84,1.368,1.36,0.5704,2.821,439.24,1.22,69.75,0.8781,14.22,2.796e-05,0.2782,3.612,1.456,2.765,0.2379,12.5,0.6085,8.791
2022-03-29T13:45:00,47748.63,3442.18,114.63,0.2824,16.62,71.8,22.77,105.74,6.976,180.22,0.6616,0.0283,0.008718,2.695,1.858,3.03,1.726,3.3,202.44,15.81,1.368,1.36,0.5704,2.819,439.16,1.219,69.75,0.8773,14.15,2.794e-05,0.2778,3.611,1.455,2.763,0.2377,12.51,0.6069,8.798
2022-03-29T13:45:30,47750.26,3442.54,114.47,0.2823,16.62,71.8,22.76,105.08,6.972,180.21,0.6605,0.02825,0.008718,2.695,1.858,3.03,1.724,3.3,202.34,15.81,1.368,1.359,0.5704,2.82,439.29,1.219,69.74,0.8768,14.15,2.79e-05,0.2774,3.609,1.454,2.763,0.2377,12.51,0.6068,8.794
2022-03-29T13:46:00,47714.54,3443.77,114.45,0.2823,16.62,71.8,22.76,105.07,6.971,180.24,0.6601,0.02832,0.008718,2.695,1.858,3.03,1.723,3.296,202.32,15.81,1.368,1.359,0.5704,2.823,439.21,1.219,69.65,0.8764,14.15,2.789e-05,0.2774,3.609,1.453,2.762,0.2376,12.52,0.6068,8.793
2022-03-29T13:46:31,47721.77,3443.78,114.45,0.2823,16.62,71.8,22.73,104.97,6.969,179.91,0.66,0.02835,0.008718,2.695,1.856,3.03,1.723,3.295,202.27,15.81,1.368,1.359,0.5704,2.823,439.25,1.218,69.62,0.8764,14.2,2.787e-05,0.277,3.609,1.452,2.763,0.2373,12.53,0.6068,8.793
2022-03-29T13:47:01,47709.9,3443.69,114.46,0.2822,16.62,71.8,22.7,105.01,6.97,179.83,0.659,0.02836,0.008718,2.695,1.856,3.03,1.722,3.295,202.28,15.81,1.368,1.355,0.5704,2.823,439.25,1.218,69.51,0.8761,14.2,2.773e-05,0.2771,3.609,1.452,2.764,0.2372,12.52,0.6063,8.797
2022-03-29T13:47:31,47701.67,3440.7,114.43,0.2818,16.62,71.8,22.68,104.93,6.968,179.8,0.6585,0.0282,0.0087,2.691,1.856,3.03,1.722,3.295,202.26,15.7,1.368,1.355,0.5704,2.822,439.21,1.218,69.52,0.8757,14.2,2.773e-05,0.2771,3.609,1.451,2.763,0.2372,12.52,0.6061,8.793
2022-03-29T13:48:01,47686.99,3439.85,114.37,0.2817,16.62,71.8,22.67,105.02,6.968,179.73,0.6577,0.02816,0.0087,2.689,1.854,3.03,1.722,3.295,202.14,15.77,1.368,1.355,0.5704,2.82,438.82,1.218,69.45,0.8756,14.19,2.773e-05,0.2774,3.609,1.451,2.762,0.2374,12.49,0.6061,8.789
2022-03-29T13:48:31,47668.59,3436.11,114.34,0.2814,16.62,71.8,22.67,105.01,6.968,179.69,0.6577,0.02813,0.0087,2.689,1.855,3.03,1.721,3.295,201.95,15.77,1.368,1.353,0.5704,2.819,438.76,1.217,69.34,0.875,14.19,2.772e-05,0.2774,3.608,1.451,2.761,0.2373,12.49,0.6052,8.787
2022-03-29T13:49:01,47627.02,3434.75,114.3,0.2811,16.61,71.8,22.64,104.57,6.968,178.99,0.6577,0.02809,0.0087,2.689,1.855,3.03,1.719,3.284,201.06,15.78,1.368,1.353,0.5704,2.814,437.99,1.216,69.33,0.874,14.19,2.758e-05,0.277,3.604,1.449,2.755,0.2371,12.48,0.6044,8.772
2022-03-29T13:49:31,47618.52,3431.44,114.29,0.281,16.61,71.6,22.61,103.92,6.968,178.65,0.6569,0.02813,0.0087,2.691,1.849,3.03,1.718,3.284,201.02,15.72,1.368,1.353,0.5704,2.807,437.6,1.214,69.24,0.8738,14.11,2.758e-05,0.277,3.602,1.446,2.751,0.2366,12.44,0.6031,8.774
2022-03-29T13:50:01,47583.59,3430.95,114.24,0.2795,16.62,71.7,22.59,103.91,6.96,178.35,0.6566,0.02806,0.0087,2.697,1.848,3.03,1.713,3.284,200.7,15.72,1.368,1.353,0.5704,2.79,437.11,1.212,69.05,0.8733,14.06,2.753e-05,0.2739,3.579,1.443,2.742,0.2362,12.4,0.5998,8.705
2022-03-29T13:50:32,47588.06,3430.66,114.21,0.2789,16.57,71.7,22.56,103.95,6.957,178.08,0.6566,0.02807,0.0087,2.697,1.847,3.02,1.712,3.28,200.8,15.72,1.368,1.353,0.5704,2.788,436.86,1.212,68.87,0.8717,14.06,2.752e-05,0.2737,3.576,1.442,2.743,0.2363,12.38,0.598,8.703
2022-03-29T13:51:02,47606.35,3433.83,114.22,0.279,16.57,70.9,22.55,104.03,6.954,178.15,0.6577,0.028,0.0087,2.697,1.847,3.02,1.709,3.282,200.82,15.72,1.368,1.353,0.5704,2.793,437.19,1.213,68.92,0.8714,14.11,2.755e-05,0.2737,3.58,1.443,2.747,0.2363,12.4,0.5978,8.703
2022-03-29T13:51:32,47609.11,3434.05,113.63,0.2795,16.57,70.9,22.56,104.01,6.954,178.22,0.6577,0.02806,0.0087,2.697,1.847,3.02,1.709,3.282,201.07,15.72,1.368,1.353,0.5704,2.803,437.49,1.212,68.99,0.8718,14.11,2.758e-05,0.2747,3.58,1.444,2.748,0.2363,12.4,0.599,8.696
2022-03-29T13:52:02,47597.68,3434.28,113.59,0.2795,16.57,70.9,22.55,103.91,6.953,178.2,0.6573,0.02809,0.0087,2.697,1.846,3.02,1.709,3.282,200.89,15.72,1.368,1.353,0.5704,2.802,437.54,1.212,69,0.8718,14.11,2.76e-05,0.2747,3.58,1.444,2.747,0.2364,12.4,0.5984,8.697
2022-03-29T13:52:32,47602.66,3433.99,113.6,0.2802,16.61,70.9,22.57,103.88,6.956,178.12,0.6573,0.02812,0.0087,2.697,1.847,3.02,1.709,3.282,200.95,15.72,1.368,1.354,0.5704,2.802,437.45,1.213,69.07,0.8722,14.13,2.763e-05,0.2741,3.582,1.445,2.747,0.2364,12.4,0.5984,8.696
2022-03-29T13:53:02,47601.7,3433.81,113.61,0.2802,16.61,70.9,22.57,103.87,6.955,178.06,0.6567,0.02811,0.0087,2.699,1.847,3.02,1.709,3.268,200.99,15.85,1.368,1.354,0.5704,2.807,437.45,1.213,69.11,0.8723,14.1,2.762e-05,0.2741,3.584,1.446,2.75,0.2365,12.48,0.5993,8.695
2022-03-29T13:53:33,47608.79,3433.58,113.7,0.2802,16.61,71.1,22.57,103.89,6.952,177.8,0.6568,0.02812,0.0087,2.699,1.845,3.02,1.709,3.269,201.02,15.78,1.365,1.353,0.5704,2.81,437.51,1.213,69.1,0.8722,14.12,2.763e-05,0.2741,3.583,1.446,2.752,0.2365,12.49,0.6008,8.694
2022-03-29T13:54:03,47602.97,3434.09,113.69,0.2803,16.61,71,22.55,103.9,6.955,177.85,0.6568,0.02811,0.0087,2.699,1.844,3.02,1.707,3.268,200.91,15.78,1.365,1.353,0.5704,2.805,437.53,1.213,69.1,0.872,14.12,2.763e-05,0.2747,3.583,1.446,2.752,0.2365,12.49,0.601,8.691
2022-03-29T13:54:33,47594.59,3433.59,113.69,0.2802,16.61,71,22.54,103.92,6.954,177.61,0.6568,0.02806,0.008719,2.699,1.843,3.02,1.707,3.268,200.66,15.78,1.365,1.349,0.5704,2.799,437.16,1.211,68.98,0.8717,14.12,2.761e-05,0.2747,3.581,1.446,2.749,0.2364,12.45,0.6002,8.69
2022-03-29T13:55:03,47603.69,3432.71,113.63,0.2799,16.61,71.2,22.54,104.01,6.953,177.72,0.6569,0.02807,0.008719,2.699,1.844,3.02,1.706,3.265,200.61,15.78,1.365,1.349,0.5704,2.8,437.35,1.212,68.93,0.8717,14.12,2.759e-05,0.2747,3.586,1.446,2.748,0.2364,12.47,0.6001,8.69
2022-03-29T13:55:33,47622.11,3433.98,113.64,0.2801,16.62,71.2,22.53,104.05,6.951,177.76,0.6569,0.02811,0.008719,2.703,1.844,3.02,1.707,3.265,200.97,15.9,1.365,1.349,0.5704,2.801,437.53,1.212,69.06,0.8727,14.12,2.761e-05,0.2743,3.589,1.446,2.751,0.2364,12.48,0.6007,8.69
2022-03-29T13:56:03,47649.96,3434.96,113.85,0.2802,16.62,71.2,22.54,104.05,6.952,178.15,0.658,0.02821,0.00872,2.703,1.844,3.02,1.707,3.265,201.4,15.67,1.365,1.349,0.5704,2.812,438.15,1.213,69.08,0.8736,14.12,2.763e-05,0.2743,3.591,1.447,2.752,0.2365,12.49,0.6022,8.689
2022-03-29T13:56:33,47682.38,3438.42,113.92,0.2809,16.62,71.3,22.55,104.1,6.951,178.25,0.658,0.02828,0.008734,2.703,1.844,3.02,1.711,3.268,201.54,15.67,1.365,1.347,0.5704,2.814,438.34,1.214,69.14,0.8737,14.11,2.769e-05,0.2743,3.591,1.449,2.752,0.2367,12.6,0.6028,8.691
2022-03-29T13:57:03,47707.53,3438.99,113.92,0.281,16.62,71.3,22.55,104.17,6.955,178.36,0.6584,0.02844,0.008734,2.703,1.843,3.02,1.711,3.268,201.54,15.81,1.365,1.347,0.5704,2.814,438.38,1.214,69.22,0.8742,14.11,2.77e-05,0.2756,3.592,1.45,2.754,0.2367,12.6,0.6028,8.687
2022-03-29T13:57:34,47709.76,3439.35,114.06,0.2815,16.62,71.3,22.57,104.26,6.952,178.52,0.659,0.02856,0.008745,2.703,1.844,3.02,1.711,3.268,201.64,15.83,1.365,1.347,0.5704,2.816,438.57,1.214,69.32,0.8743,14.11,2.77e-05,0.2756,3.599,1.45,2.758,0.2368,12.64,0.603,8.691
2022-03-29T13:58:04,47698.25,3439.58,114.07,0.2815,16.62,71.5,22.57,104.38,6.95,178.55,0.658,0.02852,0.00876,2.703,1.843,3.02,1.712,3.268,201.62,15.75,1.365,1.343,0.5704,2.815,438.52,1.215,69.34,0.8744,14.15,2.771e-05,0.2756,3.598,1.451,2.758,0.2365,12.64,0.6043,8.691
2022-03-29T13:58:34,47687.85,3439.34,114.06,0.2814,16.62,71.5,22.57,104.18,6.957,178.56,0.658,0.02853,0.008762,2.703,1.842,3.02,1.712,3.268,201.59,15.75,1.365,1.343,0.5704,2.815,438.38,1.214,69.31,0.8742,14.15,2.77e-05,0.2756,3.596,1.451,2.758,0.2365,12.65,0.6043,8.693
2022-03-29T13:59:04,47691.13,3439.5,114.07,0.2812,16.62,71.5,22.57,104.08,6.953,178.72,0.658,0.02846,0.008762,2.703,1.843,3.02,1.712,3.268,201.49,15.82,1.365,1.342,0.5704,2.815,438.4,1.215,69.17,0.8747,14.13,2.769e-05,0.2756,3.598,1.451,2.757,0.2364,12.64,0.6038,8.691
2022-03-29T13:59:34,47694.91,3441.3,114.07,0.2811,16.62,71.5,22.58,104.05,6.952,178.72,0.6584,0.02846,0.008762,2.703,1.843,3.02,1.712,3.268,201.53,15.87,1.365,1.344,0.5704,2.815,438.34,1.215,69.17,0.8747,14.13,2.766e-05,0.2756,3.598,1.45,2.756,0.2364,12.64,0.6033,8.691
2022-03-29T14:00:04,47691.93,3441.48,113.95,0.2809,16.62,71.5,22.57,104.01,6.952,178.68,0.6573,0.02837,0.008762,2.703,1.843,3.02,1.712,3.268,201.54,15.83,1.365,1.342,0.5704,2.815,438.23,1.215,69.15,0.8747,14.13,2.766e-05,0.2751,3.595,1.45,2.755,0.2363,12.63,0.6033,8.696
2022-03-29T14:00:34,47694.07,3441.53,113.97,0.281,16.61,71.7,22.59,103.97,6.953,178.81,0.6573,0.02832,0.008762,2.703,1.842,3.02,1.712,3.272,201.51,15.83,1.365,1.342,0.5704,2.815,438.25,1.215,69.09,0.8749,14.13,2.766e-05,0.2751,3.595,1.449,2.756,0.2363,12.6,0.6031,8.692
2022-03-29T14:01:04,47688.97,3440.11,114.09,0.2809,16.61,71.7,22.59,103.91,6.96,178.78,0.6574,0.02828,0.008762,2.703,1.842,3.02,1.712,3.272,201.46,15.87,1.368,1.343,0.5704,2.814,438.28,1.215,69.09,0.875,14.13,2.766e-05,0.2751,3.595,1.449,2.755,0.2363,12.6,0.6026,8.692
2022-03-29T14:01:35,47697.14,3441.69,114.1,0.2807,16.61,71.7,22.61,103.85,6.96,179.13,0.6593,0.02835,0.008756,2.703,1.842,3.02,1.712,3.272,201.57,15.87,1.368,1.343,0.5704,2.818,438.54,1.215,69.09,0.8752,14.13,2.768e-05,0.2751,3.595,1.45,2.755,0.2364,12.6,0.6024,8.693
2022-03-29T14:02:05,47708.17,3442.18,114.12,0.2814,16.61,71.6,22.62,103.79,6.96,179.29,0.6596,0.02841,0.00874,2.703,1.843,3.02,1.713,3.27,201.84,15.87,1.37,1.343,0.5704,2.823,438.88,1.216,69.24,0.8755,14.13,2.78e-05,0.2765,3.602,1.452,2.759,0.2366,12.61,0.6042,8.693
2022-03-29T14:02:35,47706.24,3443.17,114.11,0.2813,16.61,71.6,22.64,103.78,6.961,179.23,0.6596,0.02844,0.00874,2.703,1.841,3.02,1.716,3.27,202.07,15.87,1.37,1.341,0.5704,2.82,438.81,1.216,69.26,0.8756,14.19,2.78e-05,0.2761,3.602,1.453,2.76,0.2366,12.65,0.6052,8.694
2022-03-29T14:03:05,47713.17,3443.23,114.18,0.2813,16.61,71.6,22.64,103.79,6.959,179.24,0.6589,0.02849,0.00874,2.706,1.841,3.02,1.716,3.268,202.51,15.81,1.365,1.341,0.5704,2.819,438.67,1.216,69.23,0.8757,14.2,2.78e-05,0.2761,3.603,1.452,2.76,0.2366,12.64,0.6052,8.697
2022-03-29T14:03:35,47712.9,3442.84,114.1,0.2809,16.62,71.6,22.64,103.85,6.959,179.23,0.6595,0.02852,0.00874,2.706,1.842,3.02,1.716,3.268,202.38,15.81,1.365,1.348,0.5704,2.821,438.64,1.216,69.17,0.8757,14.2,2.781e-05,0.2761,3.604,1.452,2.761,0.2365,12.64,0.6053,8.692
2022-03-29T14:04:05,47701.1,3441.78,114.08,0.2809,16.62,71.6,22.64,103.91,6.962,179.12,0.6607,0.02849,0.00874,2.706,1.842,3.02,1.715,3.268,202.35,15.81,1.361,1.344,0.5704,2.82,438.55,1.215,69.15,0.8756,14.18,2.78e-05,0.2761,3.605,1.451,2.761,0.2365,12.65,0.6045,8.693
2022-03-29T14:04:36,47693.92,3438.45,113.83,0.2806,16.62,71.8,22.62,103.85,6.959,178.94,0.6607,0.0285,0.00874,2.706,1.839,3.02,1.715,3.268,202.13,15.66,1.361,1.344,0.5704,2.818,438.46,1.214,68.97,0.8753,14.14,2.779e-05,0.2761,3.603,1.45,2.758,0.2363,12.64,0.6045,8.694
2022-03-29T14:05:06,47665.31,3437.48,113.78,0.2803,16.66,71.7,22.61,103.82,6.959,178.88,0.6602,0.02848,0.00874,2.706,1.838,3.02,1.714,3.268,201.97,15.67,1.361,1.344,0.5704,2.816,438.47,1.214,68.97,0.8752,14.14,2.772e-05,0.2759,3.6,1.45,2.757,0.2363,12.63,0.6041,8.697
2022-03-29T14:05:36,47662.75,3438.01,113.78,0.28,16.63,71.7,22.61,103.88,6.959,178.65,0.6602,0.02836,0.00874,2.706,1.835,3.02,1.711,3.27,201.92,15.67,1.361,1.343,0.5704,2.809,437.96,1.214,68.94,0.8752,14.14,2.771e-05,0.2759,3.599,1.449,2.756,0.2363,12.63,0.6032,8.694
2022-03-29T14:06:06,47676.46,3439.23,113.8,0.28,16.63,71.7,22.63,104.01,6.961,178.72,0.6602,0.02841,0.00874,2.709,1.835,3.02,1.713,3.27,202.06,15.67,1.361,1.343,0.5704,2.809,438.13,1.214,68.94,0.8752,14.12,2.772e-05,0.2757,3.6,1.449,2.757,0.2364,12.61,0.6031,8.693
2022-03-29T14:06:36,47678.71,3439.6,113.81,0.2801,16.63,71.7,22.63,104.02,6.969,178.75,0.6602,0.0284,0.00874,2.709,1.835,3.02,1.712,3.27,202.11,15.69,1.361,1.343,0.5704,2.81,438.04,1.214,68.94,0.8754,14.12,2.772e-05,0.2757,3.601,1.45,2.757,0.2365,12.61,0.6036,8.693
2022-03-29T14:07:06,47672.03,3439.11,113.77,0.2801,16.63,71.8,22.61,103.76,6.969,178.72,0.6602,0.02835,0.008771,2.709,1.833,3.02,1.712,3.264,201.94,15.74,1.361,1.343,0.5704,2.802,437.55,1.213,68.81,0.8751,14.12,2.77e-05,0.2757,3.595,1.448,2.755,0.2363,12.61,0.6037,8.692
2022-03-29T14:07:36,47641.84,3439.42,113.76,0.2796,16.63,71.8,22.6,103.75,6.959,178.62,0.6589,0.02826,0.008762,2.709,1.834,3.02,1.707,3.264,201.47,15.78,1.361,1.336,0.5704,2.799,437.46,1.213,68.78,0.8747,14.11,2.764e-05,0.2744,3.593,1.446,2.753,0.2361,12.62,0.6036,8.686
2022-03-29T14:08:07,47645.39,3437.98,113.77,0.2796,16.66,71.7,22.59,103.73,6.959,178.52,0.6578,0.02819,0.008764,2.709,1.833,3.02,1.707,3.264,201.27,15.78,1.361,1.336,0.5704,2.792,437.39,1.213,68.73,0.874,14.11,2.764e-05,0.2744,3.59,1.445,2.752,0.2361,12.62,0.6016,8.682
2022-03-29T14:08:37,47630.47,3437.19,113.62,0.2796,16.66,71.7,22.59,103.73,6.959,178.42,0.6578,0.02815,0.008724,2.709,1.832,3.02,1.706,3.263,201.16,15.78,1.361,1.336,0.5704,2.795,437.24,1.213,68.56,0.8739,14.1,2.763e-05,0.2749,3.586,1.445,2.75,0.2361,12.62,0.6009,8.682
2022-03-29T14:09:07,47638.04,3437.4,113.63,0.2796,16.66,71.7,22.56,103.75,6.95,178.5,0.6578,0.02816,0.008724,2.712,1.832,3.02,1.707,3.263,201.05,15.78,1.36,1.332,0.5704,2.795,437.29,1.213,68.51,0.8736,14.1,2.763e-05,0.2749,3.586,1.445,2.75,0.2362,12.67,0.6007,8.678
2022-03-29T14:09:37,47660.05,3439.8,113.81,0.2797,16.63,72.8,22.57,103.97,6.951,178.68,0.6578,0.02816,0.008724,2.71,1.831,3.01,1.708,3.263,201.13,15.78,1.359,1.332,0.5704,2.801,437.48,1.213,68.66,0.8745,14.1,2.764e-05,0.2749,3.592,1.445,2.752,0.2362,12.67,0.6007,8.682
2022-03-29T14:10:07,47679.92,3440.25,113.81,0.2798,16.66,73.5,22.58,104.03,6.954,178.83,0.6578,0.02816,0.008746,2.71,1.83,3.01,1.711,3.263,201.32,15.78,1.359,1.332,0.5704,2.801,437.66,1.213,68.74,0.8744,14.1,2.767e-05,0.2749,3.593,1.447,2.753,0.2365,12.71,0.6016,8.683
2022-03-29T14:10:37,47682.61,3442.71,113.94,0.2803,16.66,73.5,22.6,104.14,6.954,179.09,0.6578,0.02825,0.008746,2.71,1.829,3.01,1.713,3.263,201.39,15.78,1.359,1.332,0.5704,2.804,437.79,1.213,68.83,0.8746,14.18,2.768e-05,0.2749,3.593,1.448,2.754,0.2365,12.72,0.6036,8.684
2022-03-29T14:11:07,47691.26,3442.74,113.93,0.2802,16.63,72.9,22.6,104.35,6.958,179.3,0.6595,0.02828,0.008746,2.71,1.83,3.01,1.713,3.263,201.44,15.82,1.359,1.332,0.5704,2.804,437.92,1.213,68.87,0.8752,14.17,2.771e-05,0.2756,3.592,1.448,2.756,0.2366,12.72,0.6039,8.689
2022-03-29T14:11:38,47706.43,3443.33,113.93,0.2803,16.63,73.4,22.62,104.35,6.955,179.31,0.6585,0.02842,0.008746,2.716,1.83,3.01,1.713,3.263,201.5,15.77,1.359,1.332,0.5704,2.805,437.91,1.214,68.9,0.8758,14.17,2.773e-05,0.2756,3.592,1.449,2.758,0.2367,12.78,0.6043,8.69
2022-03-29T14:12:08,47683.29,3442.65,113.77,0.2804,16.63,73.4,22.62,104.33,6.96,179.25,0.6597,0.02841,0.008746,2.716,1.829,3.01,1.712,3.263,201.42,15.77,1.359,1.331,0.5704,2.804,437.7,1.214,68.88,0.8756,14.16,2.773e-05,0.2756,3.589,1.449,2.757,0.2366,12.78,0.6043,8.689
2022-03-29T14:12:38,47673.17,3439.86,113.7,0.2803,16.63,73.4,22.62,104.33,6.95,179.11,0.6597,0.02834,0.008746,2.716,1.829,3.01,1.711,3.263,201.18,15.71,1.359,1.331,0.5704,2.804,437.59,1.213,68.84,0.8746,14.16,2.769e-05,0.2758,3.589,1.446,2.757,0.2364,12.77,0.6043,8.679
2022-03-29T14:13:08,47653.15,3439.83,113.7,0.2805,16.63,74.6,22.61,104.33,6.95,179.08,0.6595,0.02824,0.008736,2.716,1.83,3.01,1.71,3.263,201.24,15.89,1.359,1.331,0.5704,2.804,437.34,1.211,68.81,0.8747,14.11,2.769e-05,0.2758,3.588,1.446,2.758,0.2365,12.75,0.6037,8.678
2022-03-29T14:13:38,47650.53,3439.34,113.7,0.2804,16.63,74.5,22.62,104.24,6.952,179,0.6595,0.02829,0.008725,2.716,1.829,3.01,1.709,3.263,201.08,15.8,1.359,1.33,0.5704,2.798,437.22,1.211,68.78,0.8745,14.09,2.767e-05,0.2749,3.587,1.446,2.754,0.2365,12.74,0.6037,8.676
2022-03-29T14:14:08,47649.25,3436.96,113.71,0.2805,16.63,74.5,22.62,104.25,6.95,178.78,0.6595,0.02837,0.008712,2.716,1.828,3.01,1.709,3.263,200.98,15.8,1.359,1.33,0.5704,2.799,437.16,1.21,68.68,0.8746,14.09,2.764e-05,0.2757,3.587,1.445,2.753,0.2365,12.73,0.6036,8.676
2022-03-29T14:14:38,47629.06,3436.07,113.69,0.2804,16.63,74.6,22.61,104.21,6.95,178.48,0.6595,0.02834,0.008712,2.733,1.829,3.01,1.707,3.26,200.85,15.8,1.359,1.33,0.5704,2.797,436.74,1.21,68.61,0.8741,14.08,2.759e-05,0.2757,3.585,1.444,2.751,0.2364,12.7,0.6021,8.675
2022-03-29T14:15:09,47626.93,3436.1,113.82,0.2804,16.63,73.5,22.57,104.09,6.952,178.33,0.6595,0.02838,0.00872,2.733,1.829,3.01,1.708,3.26,200.82,15.75,1.359,1.33,0.5704,2.799,436.87,1.21,68.62,0.8741,14.09,2.758e-05,0.2749,3.586,1.444,2.75,0.2363,12.7,0.6021,8.67
2022-03-29T14:15:39,47637.08,3436,113.82,0.2803,16.63,73.4,22.58,104.07,6.952,178.19,0.6582,0.02834,0.008734,2.733,1.829,3.01,1.707,3.254,200.92,15.81,1.359,1.333,0.5704,2.824,436.94,1.21,68.58,0.8741,14.09,2.758e-05,0.2752,3.585,1.444,2.749,0.2363,12.7,0.6015,8.659
2022-03-29T14:16:09,47658.6,3437.18,113.7,0.2803,16.63,73.4,22.58,104.12,6.952,178.41,0.6581,0.02835,0.008734,2.733,1.829,3.01,1.707,3.259,201.02,15.81,1.355,1.332,0.5704,2.834,437.33,1.211,68.61,0.875,14.11,2.762e-05,0.2753,3.587,1.444,2.751,0.2365,12.73,0.6026,8.66
2022-03-29T14:16:39,47646,3437.03,113.64,0.2803,16.63,73.6,22.62,104.24,6.953,178.39,0.6592,0.02836,0.008734,2.733,1.829,3.01,1.709,3.259,200.95,15.85,1.355,1.332,0.5704,2.837,437.33,1.211,68.64,0.8749,14.11,2.762e-05,0.2753,3.586,1.446,2.749,0.2365,12.74,0.6029,8.66
2022-03-29T14:17:09,47646.12,3436.85,113.65,0.2803,16.7,73.5,22.61,104.23,6.953,178.49,0.6592,0.02838,0.008734,2.733,1.828,3.01,1.708,3.259,200.87,15.85,1.355,1.332,0.5704,2.844,437.25,1.211,68.65,0.8746,14.11,2.763e-05,0.2752,3.584,1.445,2.747,0.2365,12.69,0.6023,8.655
2022-03-29T14:17:39,47658.21,3437.7,113.67,0.2806,16.68,73.5,22.63,104.28,6.951,178.66,0.6592,0.02849,0.008734,2.733,1.828,3.01,1.709,3.26,200.99,15.85,1.355,1.326,0.5704,2.841,437.29,1.211,68.73,0.8753,14.12,2.765e-05,0.2752,3.582,1.446,2.747,0.2366,12.68,0.6022,8.655
2022-03-29T14:18:09,47676.32,3440.72,113.8,0.2806,16.75,73.5,22.64,104.56,6.952,178.66,0.6592,0.02856,0.008734,2.733,1.828,3.01,1.71,3.255,201.18,15.85,1.355,1.326,0.5704,2.84,437.44,1.212,68.77,0.8752,14.12,2.766e-05,0.276,3.584,1.448,2.747,0.2365,12.69,0.6025,8.661
2022-03-29T14:18:39,47678.43,3440.55,113.81,0.2807,16.75,73.6,22.63,104.64,6.952,178.74,0.6605,0.02857,0.008734,2.733,1.829,3.01,1.71,3.255,201.27,15.85,1.355,1.327,0.5704,2.839,437.68,1.212,68.79,0.8752,14.12,2.768e-05,0.276,3.584,1.448,2.748,0.2367,12.69,0.6025,8.66
2022-03-29T14:19:10,47673.02,3439.28,113.81,0.2807,16.69,73.6,22.65,104.63,6.953,178.66,0.6595,0.02855,0.008734,2.733,1.831,3.01,1.71,3.254,201.31,15.86,1.355,1.324,0.5704,2.837,437.68,1.212,68.84,0.8751,14.12,2.767e-05,0.276,3.583,1.448,2.748,0.2367,12.69,0.6028,8.661
2022-03-29T14:19:40,47648.99,3440.57,113.92,0.2807,16.69,73.6,22.64,104.63,6.952,178.62,0.6579,0.02851,0.008745,2.733,1.829,3.01,1.71,3.248,201.14,15.87,1.355,1.324,0.5704,2.834,437.47,1.213,68.77,0.8748,14.12,2.766e-05,0.2759,3.583,1.446,2.747,0.2366,12.68,0.6028,8.66
2022-03-29T14:20:10,47665.07,3441.39,113.94,0.2811,16.68,73.6,22.65,104.72,6.951,178.64,0.6578,0.0285,0.008745,2.733,1.827,3.01,1.71,3.248,201.17,15.87,1.355,1.324,0.5704,2.831,437.62,1.213,68.8,0.8748,14.15,2.767e-05,0.276,3.584,1.447,2.749,0.2367,12.67,0.6023,8.665
2022-03-29T14:20:40,47675.77,3441.46,113.94,0.281,16.68,73.7,22.66,104.63,6.949,178.6,0.6592,0.02852,0.008745,2.733,1.828,3.01,1.711,3.252,201.21,15.78,1.355,1.327,0.5704,2.828,437.7,1.213,68.87,0.8755,14.15,2.769e-05,0.276,3.584,1.449,2.75,0.2367,12.67,0.6041,8.666
2022-03-29T14:21:10,47679.53,3442.06,113.92,0.2811,16.68,74.5,22.67,104.63,6.946,178.66,0.6592,0.02848,0.008745,2.733,1.827,3.01,1.712,3.252,201.41,15.78,1.355,1.327,0.5704,2.831,437.68,1.214,68.89,0.8756,14.15,2.77e-05,0.276,3.585,1.449,2.75,0.2367,12.67,0.6039,8.678
2022-03-29T14:21:40,47690.47,3442.24,113.72,0.2812,16.69,74.5,22.71,104.56,6.946,178.66,0.6592,0.0285,0.008745,2.733,1.828,3.01,1.712,3.252,201.56,15.87,1.355,1.327,0.5704,2.831,437.49,1.214,68.9,0.8757,14.15,2.77e-05,0.276,3.59,1.449,2.751,0.2368,12.68,0.604,8.684
2022-03-29T14:22:10,47709.87,3441.69,113.72,0.2813,16.69,74.5,22.71,104.57,6.95,178.64,0.6592,0.0285,0.008726,2.733,1.828,3.01,1.712,3.252,201.73,15.87,1.355,1.324,0.5704,2.834,437.41,1.214,68.93,0.8758,14.15,2.771e-05,0.276,3.593,1.45,2.753,0.2368,12.7,0.6045,8.686
2022-03-29T14:22:40,47720.94,3442.63,113.44,0.2815,16.69,75,22.72,104.6,6.948,178.73,0.6592,0.0285,0.008726,2.733,1.831,3.01,1.713,3.253,201.98,15.93,1.355,1.324,0.5704,2.834,437.47,1.214,68.95,0.8759,14.15,2.771e-05,0.2763,3.593,1.451,2.754,0.2369,12.69,0.6044,8.697
2022-03-29T14:23:11,47720.76,3442.66,113.58,0.2814,16.69,75,22.73,104.68,6.949,178.83,0.66,0.02849,0.008732,2.733,1.831,3.01,1.713,3.253,202.14,15.93,1.353,1.324,0.5704,2.833,437.59,1.214,69.04,0.8763,14.15,2.772e-05,0.2763,3.597,1.452,2.756,0.2369,12.69,0.605,8.7
2022-03-29T14:23:41,47709.1,3441.97,113.57,0.2812,16.67,75,22.72,104.7,6.945,178.74,0.6601,0.02844,0.008732,2.729,1.832,3.01,1.713,3.253,202.1,15.93,1.353,1.324,0.5704,2.831,437.48,1.214,69,0.8762,14.15,2.773e-05,0.2763,3.597,1.451,2.757,0.2369,12.68,0.6046,8.701
2022-03-29T14:24:11,47707.07,3442.42,113.6,0.2812,16.69,74.8,22.71,104.7,6.944,178.76,0.6601,0.02844,0.008732,2.729,1.833,3.01,1.714,3.253,202.19,15.91,1.354,1.324,0.5704,2.832,437.5,1.214,69,0.8762,14.15,2.773e-05,0.2763,3.597,1.452,2.757,0.2371,12.69,0.6048,8.712
2022-03-29T14:24:41,47710.1,3443.08,113.52,0.2813,16.67,74.9,22.71,104.71,6.945,178.75,0.6601,0.02844,0.008732,2.729,1.833,3.01,1.714,3.25,202.27,15.91,1.354,1.324,0.5704,2.829,437.59,1.214,68.96,0.8761,14.15,2.774e-05,0.2763,3.598,1.453,2.757,0.2372,12.71,0.6052,8.714
2022-03-29T14:25:11,47713.68,3443.21,113.51,0.2812,16.67,74.9,22.71,104.92,6.949,178.75,0.6602,0.02842,0.008732,2.729,1.834,3.01,1.714,3.25,202.31,15.91,1.354,1.324,0.5704,2.828,437.69,1.214,68.97,0.8762,14.15,2.772e-05,0.2764,3.598,1.454,2.756,0.2371,12.73,0.6052,8.715
2022-03-29T14:25:41,47708.6,3443.14,113.52,0.2812,16.67,75.9,22.71,105,6.95,178.73,0.6601,0.02839,0.008749,2.729,1.837,3.01,1.714,3.25,202.19,15.91,1.354,1.324,0.5704,2.828,437.75,1.214,69.02,0.8762,14.15,2.772e-05,0.2764,3.598,1.454,2.757,0.2373,12.73,0.6052,8.714
2022-03-29T14:26:11,47701.95,3442.82,113.5,0.2811,16.67,76.4,22.69,104.98,6.946,178.71,0.6601,0.0284,0.008735,2.729,1.836,3.01,1.714,3.25,202.2,15.91,1.354,1.322,0.5704,2.826,437.76,1.214,69.06,0.8761,14.15,2.771e-05,0.2764,3.597,1.453,2.756,0.2373,12.71,0.6048,8.714
2022-03-29T14:26:41,47703.38,3443.22,113.53,0.2812,16.67,76.8,22.69,105.3,6.951,178.69,0.6601,0.02841,0.008735,2.733,1.833,3.01,1.714,3.25,202.32,15.97,1.354,1.325,0.5704,2.828,437.83,1.214,69.05,0.8761,14.15,2.771e-05,0.2761,3.598,1.453,2.757,0.2374,12.71,0.6051,8.72
2022-03-29T14:27:11,47734.04,3443.44,113.55,0.2812,16.67,76.8,22.7,105.38,6.946,178.88,0.6601,0.0284,0.008735,2.733,1.834,3.01,1.714,3.255,202.34,15.97,1.354,1.325,0.5704,2.826,437.77,1.214,69.07,0.8765,14.17,2.771e-05,0.2761,3.602,1.454,2.758,0.2376,12.72,0.6052,8.726
2022-03-29T14:27:42,47746.63,3446.92,113.58,0.2818,16.67,76.8,22.71,105.51,6.949,178.9,0.6601,0.02842,0.008735,2.733,1.834,3.01,1.716,3.254,202.42,15.97,1.341,1.325,0.5704,2.826,438.15,1.216,69.12,0.8766,14.17,2.772e-05,0.2767,3.603,1.455,2.76,0.2378,12.71,0.6049,8.731
2022-03-29T14:28:12,47755.75,3447.23,113.87,0.2819,16.67,77.2,22.73,105.61,6.949,178.86,0.6601,0.02843,0.008735,2.733,1.834,3.01,1.717,3.254,202.4,15.97,1.341,1.325,0.5704,2.827,438.37,1.216,69.13,0.877,14.17,2.775e-05,0.2767,3.604,1.456,2.761,0.2382,12.71,0.6052,8.731
2022-03-29T14:28:42,47759.65,3447.52,113.86,0.2818,16.69,77.2,22.73,105.64,6.949,179.1,0.6604,0.02848,0.008735,2.733,1.834,3.01,1.717,3.254,202.48,15.97,1.341,1.325,0.5704,2.834,438.68,1.217,69.19,0.877,14.23,2.775e-05,0.2767,3.606,1.456,2.763,0.2382,12.77,0.6052,8.747
2022-03-29T14:29:12,47757.63,3448.15,113.86,0.282,16.67,77.2,22.73,105.64,6.951,179.09,0.6609,0.02846,0.00878,2.733,1.835,3.01,1.719,3.254,202.66,15.97,1.341,1.324,0.5704,2.836,438.74,1.216,69.22,0.877,14.23,2.776e-05,0.2771,3.607,1.457,2.764,0.2385,12.78,0.6048,8.747
2022-03-29T14:29:42,47758.37,3447.56,113.86,0.282,16.69,76.8,22.75,105.79,6.953,179.07,0.661,0.02842,0.008791,2.729,1.832,3.01,1.719,3.263,202.78,15.97,1.341,1.328,0.5704,2.837,438.73,1.216,69.25,0.8767,14.17,2.776e-05,0.277,3.609,1.456,2.765,0.2384,12.79,0.6048,8.752
2022-03-29T14:30:12,47768.09,3447.23,113.87,0.282,16.69,76.4,22.76,105.82,6.967,179.1,0.661,0.02843,0.008794,2.729,1.832,3.01,1.717,3.263,202.93,15.97,1.341,1.328,0.5704,2.838,438.75,1.217,69.4,0.8767,14.2,2.777e-05,0.277,3.609,1.457,2.764,0.2384,12.75,0.6048,8.754
2022-03-29T14:30:42,47771.04,3447.51,113.88,0.282,16.69,76.4,22.75,105.7,6.959,178.84,0.661,0.02842,0.008794,2.729,1.832,3.01,1.716,3.263,203.1,15.97,1.341,1.328,0.5704,2.835,438.58,1.216,69.36,0.8769,14.2,2.776e-05,0.277,3.608,1.457,2.763,0.2384,12.72,0.6044,8.759
2022-03-29T14:31:12,47780.13,3447.47,114.03,0.282,16.69,75,22.75,105.64,6.966,178.83,0.661,0.02842,0.008805,2.729,1.838,3.01,1.716,3.267,203.11,15.97,1.341,1.328,0.5704,2.832,438.63,1.216,69.38,0.8769,14.21,2.779e-05,0.277,3.609,1.457,2.763,0.2384,12.72,0.6037,8.762
2022-03-29T14:31:43,47792.4,3449.29,114.08,0.2821,16.77,74.9,22.75,105.7,6.964,178.96,0.661,0.02844,0.008805,2.729,1.844,3.01,1.716,3.272,203.3,15.97,1.341,1.328,0.5704,2.83,438.78,1.217,69.39,0.877,14.21,2.78e-05,0.2771,3.609,1.458,2.765,0.2384,12.71,0.603,8.763
2022-03-29T14:32:13,47793.21,3449.59,114.09,0.2821,16.77,74.9,22.78,106.01,6.963,179.04,0.661,0.02846,0.008805,2.729,1.844,3.01,1.717,3.272,203.35,15.97,1.341,1.329,0.5704,2.831,439.04,1.217,69.41,0.8775,14.21,2.781e-05,0.2775,3.609,1.46,2.766,0.2384,12.71,0.6039,8.766
2022-03-29T14:32:43,47820.11,3450.37,114.23,0.2824,16.85,74.8,22.78,106.43,6.96,179.09,0.6614,0.02845,0.008805,2.729,1.845,3.01,1.718,3.272,203.47,15.97,1.341,1.329,0.5704,2.835,439.09,1.219,69.61,0.8776,14.23,2.786e-05,0.2775,3.611,1.46,2.767,0.2384,12.71,0.6044,8.769
2022-03-29T14:33:13,47790.89,3449.52,114.22,0.2824,16.85,74.8,22.78,106.39,6.96,179.16,0.6627,0.02842,0.008805,2.729,1.844,3.01,1.718,3.272,203.52,15.97,1.341,1.329,0.5704,2.836,438.96,1.218,69.6,0.8775,14.22,2.785e-05,0.2775,3.611,1.46,2.766,0.2383,12.74,0.6045,8.782
2022-03-29T14:33:43,47781.41,3448.04,114.2,0.2824,16.85,74.8,22.77,106.5,6.961,179.22,0.6623,0.0284,0.008794,2.729,1.843,3.01,1.718,3.295,203.51,15.97,1.341,1.333,0.5704,2.834,438.78,1.217,69.57,0.8762,14.22,2.783e-05,0.2777,3.607,1.459,2.764,0.2383,12.75,0.6043,8.78
2022-03-29T14:34:14,47787.62,3449.01,114.21,0.2825,16.87,74.9,22.74,106.51,6.958,179.16,0.6623,0.02844,0.008794,2.729,1.83,3.01,1.718,3.302,203.44,15.97,1.333,1.333,0.5704,2.832,438.62,1.217,69.49,0.8762,14.18,2.781e-05,0.2777,3.607,1.458,2.764,0.2382,12.75,0.6033,8.781
2022-03-29T14:34:44,47783.84,3449.42,114.1,0.2825,16.87,74.9,22.75,106.36,6.953,179.12,0.662,0.02845,0.008794,2.726,1.822,3.01,1.719,3.302,203.47,15.9,1.333,1.333,0.5704,2.832,438.64,1.218,69.47,0.8762,14.17,2.781e-05,0.2777,3.608,1.458,2.764,0.2383,12.75,0.6033,8.782
2022-03-29T14:35:14,47793.08,3450.58,114.12,0.2828,16.87,74.9,22.75,106.35,6.956,179.28,0.6627,0.02846,0.008794,2.726,1.822,3.01,1.72,3.302,203.52,15.9,1.333,1.337,0.5704,2.839,438.69,1.219,69.48,0.8765,14.17,2.781e-05,0.2778,3.613,1.46,2.766,0.2383,12.75,0.6031,8.776
2022-03-29T14:35:44,47815.65,3451.3,114.12,0.2829,16.87,74.9,22.77,106.62,6.953,179.41,0.6609,0.02846,0.008794,2.726,1.823,3.01,1.72,3.314,203.42,15.9,1.333,1.337,0.5704,2.838,438.9,1.219,69.54,0.8766,14.17,2.783e-05,0.2781,3.614,1.46,2.767,0.2383,12.75,0.6043,8.778
2022-03-29T14:36:15,47815.38,3451.05,114.12,0.2829,16.87,74.9,22.77,106.68,6.958,179.5,0.6609,0.02847,0.008791,2.726,1.823,3.01,1.72,3.316,203.42,15.9,1.333,1.336,0.5704,2.837,438.96,1.219,69.53,0.8764,14.21,2.783e-05,0.2781,3.613,1.461,2.766,0.2383,12.77,0.6043,8.778
2022-03-29T14:36:45,47816.98,3451.73,114.13,0.283,16.87,74.9,22.76,106.86,6.958,179.57,0.6615,0.02849,0.008791,2.726,1.821,3.01,1.721,3.316,203.54,15.9,1.349,1.336,0.5704,2.838,438.94,1.219,69.62,0.8768,14.21,2.786e-05,0.2777,3.614,1.461,2.765,0.2384,12.77,0.6041,8.783
2022-03-29T14:37:15,47825.93,3452.62,114.13,0.283,16.87,75,22.77,107.01,6.954,179.61,0.6616,0.0285,0.008791,2.726,1.821,3.01,1.721,3.316,203.55,15.9,1.349,1.336,0.5704,2.839,439,1.22,69.61,0.8768,14.21,2.786e-05,0.2777,3.615,1.462,2.766,0.2384,12.81,0.604,8.784
2022-03-29T14:37:45,47822.57,3452.82,114.4,0.2836,16.91,75.1,22.77,107.02,6.957,179.68,0.6616,0.0285,0.008791,2.726,1.821,3.01,1.723,3.314,203.51,15.9,1.349,1.341,0.5704,2.843,439.19,1.219,69.62,0.877,14.21,2.787e-05,0.2779,3.615,1.462,2.767,0.2384,12.82,0.604,8.782
2022-03-29T14:38:15,47822.19,3454.42,114.39,0.2838,16.89,75.1,22.76,107.08,6.953,179.65,0.6616,0.02852,0.008791,2.726,1.822,3.01,1.723,3.314,203.34,15.65,1.349,1.341,0.5704,2.844,439.34,1.22,69.64,0.8772,14.21,2.784e-05,0.2779,3.616,1.462,2.767,0.2385,12.81,0.6049,8.784
2022-03-29T14:38:45,47811.22,3453.44,114.38,0.2836,16.89,74.8,22.76,107.09,6.953,179.73,0.6616,0.02852,0.008791,2.726,1.823,3.01,1.721,3.314,203.3,15.62,1.349,1.341,0.5704,2.843,439.31,1.219,69.64,0.8771,14.22,2.784e-05,0.2779,3.614,1.462,2.767,0.2385,12.79,0.6048,8.784
2022-03-29T14:39:15,47802.53,3452.87,114.38,0.2835,16.89,74.8,22.75,107.04,6.956,179.7,0.6616,0.02851,0.008857,2.726,1.823,3.01,1.721,3.314,203.25,15.65,1.349,1.341,0.5704,2.841,439.3,1.219,69.63,0.877,14.22,2.78e-05,0.2779,3.614,1.461,2.766,0.2385,12.76,0.605,8.784
2022-03-29T14:39:45,47756.56,3450.28,114.37,0.2829,16.91,74.8,22.74,107.27,6.95,179.52,0.6613,0.02847,0.008848,2.722,1.822,3,1.718,3.314,203.13,15.65,1.349,1.341,0.5704,2.841,439.21,1.218,69.63,0.8761,14.22,2.778e-05,0.2779,3.611,1.46,2.764,0.2384,12.76,0.6043,8.784
2022-03-29T14:40:16,47757.24,3450.39,114.16,0.2829,16.88,74.7,22.73,107.06,6.948,179.55,0.6613,0.02844,0.008848,2.722,1.821,3,1.718,3.317,202.96,15.65,1.349,1.341,0.5704,2.843,439.17,1.218,69.6,0.8761,14.18,2.776e-05,0.2773,3.612,1.46,2.762,0.2384,12.75,0.6045,8.792
2022-03-29T14:40:46,47761.13,3452.25,114.21,0.2829,16.88,74.7,22.73,107,6.949,179.52,0.6626,0.0285,0.008847,2.722,1.821,3,1.718,3.319,202.84,15.62,1.349,1.339,0.5704,2.843,439.18,1.217,69.6,0.8765,14.18,2.772e-05,0.2773,3.607,1.458,2.763,0.2384,12.76,0.6044,8.79
2022-03-29T14:41:16,47771.31,3452.09,114.21,0.2828,16.88,74.7,22.73,107.01,6.953,179.42,0.6623,0.0285,0.008854,2.722,1.821,3,1.716,3.319,202.84,15.65,1.349,1.339,0.5704,2.84,439.22,1.218,69.51,0.8765,14.15,2.772e-05,0.2773,3.61,1.458,2.764,0.2383,12.76,0.6043,8.791
2022-03-29T14:41:46,47778.36,3452.15,114.21,0.2829,16.88,74.7,22.73,107.15,6.954,179.45,0.6608,0.0285,0.008854,2.722,1.82,3,1.716,3.319,202.92,15.65,1.349,1.339,0.5704,2.84,439.23,1.218,69.46,0.8765,14.15,2.774e-05,0.2779,3.609,1.458,2.764,0.2383,12.77,0.6043,8.8
2022-03-29T14:42:16,47757.51,3451.55,114.19,0.2824,16.88,74.7,22.71,107.35,6.954,179.3,0.6608,0.02845,0.008854,2.722,1.82,3,1.715,3.319,202.86,15.65,1.349,1.339,0.5704,2.836,439.2,1.217,69.44,0.8756,14.15,2.77e-05,0.2776,3.608,1.458,2.763,0.2382,12.8,0.6043,8.79
2022-03-29T14:42:46,47767.72,3451.54,114.2,0.2827,16.88,74.5,22.72,107.25,6.951,179.27,0.6624,0.02848,0.008854,2.729,1.82,3,1.714,3.319,202.82,15.7,1.349,1.343,0.5704,2.833,439.14,1.216,69.32,0.8757,14.15,2.771e-05,0.2776,3.607,1.457,2.763,0.238,12.79,0.6043,8.794
2022-03-29T14:43:16,47776.21,3451.94,114.25,0.2826,16.88,74.5,22.73,107,6.955,179.35,0.6616,0.02849,0.008854,2.729,1.82,2.99,1.713,3.319,202.88,15.76,1.349,1.343,0.5704,2.833,439.17,1.216,69.27,0.8758,14.15,2.775e-05,0.2784,3.607,1.457,2.764,0.238,12.8,0.6041,8.793
2022-03-29T14:43:46,47778.01,3451.47,114.23,0.2826,16.88,74.5,22.74,106.89,6.956,179.37,0.6616,0.02849,0.008854,2.729,1.82,2.99,1.713,3.319,202.9,15.76,1.349,1.343,0.5704,2.832,439.21,1.216,69.28,0.8755,14.15,2.775e-05,0.2783,3.606,1.457,2.764,0.238,12.8,0.6042,8.799
2022-03-29T14:44:17,47770.65,3450.16,114.22,0.2825,16.88,74.8,22.74,106.97,6.951,179.38,0.6621,0.0285,0.008851,2.729,1.819,2.99,1.712,3.319,202.9,15.75,1.349,1.343,0.5704,2.829,439.23,1.216,69.36,0.8752,14.13,2.775e-05,0.2783,3.606,1.456,2.764,0.238,12.8,0.6051,8.798
2022-03-29T14:44:47,47761.95,3449.63,114.11,0.2823,16.88,74.8,22.73,107.1,6.951,179.34,0.6623,0.02846,0.008851,2.729,1.819,2.98,1.712,3.32,202.87,15.76,1.349,1.344,0.5704,2.826,439.22,1.215,69.39,0.8752,14.15,2.774e-05,0.2783,3.605,1.455,2.763,0.238,12.84,0.6051,8.793
2022-03-29T14:45:18,47778.95,3450.51,114.13,0.2823,16.88,75,22.73,107.11,6.952,179.32,0.6627,0.0285,0.008851,2.724,1.82,2.98,1.712,3.32,202.79,15.82,1.349,1.342,0.5704,2.822,439.11,1.215,69.43,0.8753,14.14,2.774e-05,0.2779,3.605,1.454,2.765,0.238,12.83,0.6051,8.796
2022-03-29T14:45:48,47800.05,3450.82,114.14,0.2824,16.88,75.3,22.75,107.3,6.956,179.45,0.6625,0.02851,0.008851,2.716,1.826,2.98,1.712,3.323,202.75,15.82,1.349,1.342,0.5704,2.82,439.1,1.216,69.58,0.8752,14.14,2.775e-05,0.2779,3.605,1.454,2.766,0.2379,12.83,0.6052,8.793
2022-03-29T14:46:18,47791.3,3451.51,114.27,0.2824,16.88,75.2,22.76,107.25,6.954,179.44,0.6625,0.02849,0.008851,2.716,1.827,2.98,1.712,3.323,202.73,15.82,1.349,1.342,0.5704,2.82,439.17,1.216,69.58,0.8754,14.14,2.777e-05,0.2779,3.606,1.454,2.765,0.2381,12.8,0.6052,8.794
2022-03-29T14:46:49,47797.6,3451.61,114.19,0.2824,16.88,75.2,22.76,107.19,6.954,179.53,0.6611,0.0285,0.008851,2.716,1.826,2.98,1.712,3.336,202.6,15.82,1.349,1.342,0.5704,2.819,439.18,1.215,69.59,0.8754,14.14,2.778e-05,0.2779,3.606,1.455,2.764,0.2381,12.78,0.6047,8.793
2022-03-29T14:47:19,47791.3,3451.73,114.2,0.2826,16.88,75.2,22.75,107.05,6.955,179.6,0.6623,0.0285,0.00886,2.716,1.826,2.98,1.712,3.341,202.61,15.82,1.349,1.342,0.5704,2.821,439.25,1.215,69.57,0.8755,14.13,2.778e-05,0.2779,3.606,1.455,2.764,0.2381,12.78,0.6049,8.792
2022-03-29T14:47:49,47796.19,3452.15,114.2,0.2826,16.92,75.2,22.76,107,6.955,179.61,0.6623,0.02851,0.00886,2.716,1.827,2.98,1.711,3.341,202.57,15.82,1.349,1.342,0.5704,2.817,439.32,1.215,69.58,0.8757,14.14,2.778e-05,0.2777,3.607,1.455,2.764,0.2382,12.78,0.6049,8.798
2022-03-29T14:48:19,47818.93,3452.62,114.17,0.2827,16.88,75,22.77,107.09,6.954,179.78,0.6621,0.02851,0.008881,2.724,1.827,2.98,1.711,3.349,202.79,15.82,1.349,1.342,0.5704,2.822,439.39,1.216,69.62,0.8757,14.14,2.779e-05,0.2775,3.606,1.457,2.764,0.238,12.76,0.605,8.798
2022-03-29T14:48:49,47824.13,3453.23,114.18,0.2831,16.88,75,22.78,107.23,6.954,179.84,0.6621,0.02855,0.008881,2.719,1.829,2.98,1.712,3.36,202.78,15.82,1.349,1.342,0.5704,2.825,439.37,1.217,69.64,0.8757,14.14,2.783e-05,0.2775,3.607,1.459,2.765,0.238,12.73,0.6057,8.798
2022-03-29T14:49:19,47806.69,3453.19,114.18,0.283,16.89,75,22.8,107.32,6.95,179.91,0.6623,0.02858,0.008879,2.719,1.826,2.98,1.711,3.36,202.84,15.83,1.351,1.341,0.5704,2.825,439.29,1.216,69.66,0.8755,14.14,2.781e-05,0.2775,3.613,1.46,2.765,0.238,12.73,0.6058,8.796
2022-03-29T14:49:49,47804.79,3452.93,114.31,0.283,16.92,75,22.82,107.35,6.95,179.97,0.6623,0.02869,0.008879,2.719,1.827,2.98,1.711,3.36,202.84,15.83,1.351,1.344,0.5704,2.827,439.37,1.217,69.75,0.8754,14.14,2.78e-05,0.2775,3.614,1.46,2.767,0.2381,12.72,0.6062,8.797
2022-03-29T14:50:19,47812.41,3453.07,114.34,0.283,16.92,75,22.82,107.53,6.95,180.23,0.6621,0.02871,0.008879,2.719,1.825,2.98,1.712,3.368,202.99,15.88,1.351,1.344,0.5704,2.831,439.36,1.217,69.78,0.8756,14.14,2.781e-05,0.2782,3.614,1.461,2.768,0.2382,12.72,0.6062,8.798
2022-03-29T14:50:49,47807.98,3453.48,114.36,0.2829,16.9,74.8,22.82,107.5,6.949,180.26,0.6617,0.02867,0.008879,2.719,1.825,2.98,1.713,3.368,202.98,15.86,1.351,1.345,0.5704,2.832,439.31,1.218,69.78,0.8755,14.08,2.78e-05,0.2786,3.616,1.463,2.768,0.2382,12.72,0.6061,8.801
2022-03-29T14:51:20,47817.22,3453.62,114.44,0.2829,16.91,75,22.82,107.49,6.95,180.24,0.6617,0.0287,0.008879,2.719,1.827,2.98,1.713,3.37,202.98,15.89,1.351,1.345,0.5704,2.832,439.4,1.217,69.85,0.8755,14.08,2.781e-05,0.2786,3.616,1.463,2.768,0.2383,12.71,0.6068,8.802
2022-03-29T14:51:50,47829.3,3453.94,114.46,0.2831,16.91,75,22.83,107.34,6.948,180.29,0.6617,0.02865,0.00886,2.726,1.826,2.98,1.713,3.37,202.99,15.89,1.351,1.344,0.5704,2.832,439.42,1.217,69.86,0.8755,14.08,2.781e-05,0.2786,3.617,1.464,2.768,0.2384,12.7,0.6068,8.813
2022-03-29T14:52:20,47821.51,3453.63,114.45,0.283,16.89,74.8,22.83,107.26,6.949,180.19,0.6617,0.02864,0.00886,2.726,1.826,2.98,1.712,3.372,202.93,15.89,1.351,1.344,0.5704,2.826,439.38,1.217,69.85,0.8755,14.08,2.781e-05,0.2786,3.617,1.463,2.767,0.2384,12.7,0.6068,8.807
2022-03-29T14:52:50,47816.38,3452.75,114.45,0.2831,16.9,74.8,22.83,107.2,6.953,180.22,0.6617,0.02858,0.00886,2.726,1.827,2.98,1.712,3.372,202.95,15.89,1.351,1.344,0.5704,2.825,439.38,1.218,69.94,0.8755,14.13,2.781e-05,0.2786,3.617,1.463,2.768,0.2384,12.69,0.6057,8.804
2022-03-29T14:53:20,47813.31,3452.31,114.27,0.283,16.88,74.8,22.8,107.49,6.953,180.06,0.6622,0.02857,0.00886,2.726,1.827,2.98,1.712,3.372,202.91,15.89,1.351,1.344,0.5704,2.823,439.29,1.217,69.98,0.8755,14.14,2.78e-05,0.2786,3.613,1.462,2.767,0.2383,12.67,0.6056,8.794
2022-03-29T14:53:50,47819.9,3452.33,114.27,0.283,16.88,74.4,22.79,107.43,6.957,180.13,0.6622,0.02859,0.00886,2.726,1.827,2.98,1.713,3.372,202.89,15.89,1.351,1.344,0.5704,2.824,439.13,1.217,69.98,0.8754,14.14,2.78e-05,0.2786,3.614,1.463,2.767,0.2383,12.67,0.6056,8.798
2022-03-29T14:54:20,47815.48,3452.04,114.27,0.2829,16.88,74.3,22.79,107.37,6.959,180.1,0.6611,0.02864,0.008851,2.723,1.827,2.98,1.713,3.38,202.81,15.93,1.351,1.344,0.5704,2.822,439.18,1.217,70.08,0.8753,14.14,2.78e-05,0.2786,3.614,1.463,2.768,0.2383,12.67,0.6059,8.794
2022-03-29T14:54:50,47814.22,3452.12,114.27,0.283,16.89,74.3,22.81,107.41,6.947,180.11,0.6622,0.02866,0.008851,2.723,1.827,2.98,1.714,3.38,202.78,15.93,1.351,1.345,0.5704,2.824,439.13,1.217,70.09,0.8753,14.15,2.78e-05,0.2781,3.615,1.463,2.767,0.2383,12.67,0.6059,8.795
2022-03-29T14:55:21,47822.13,3452.58,114.28,0.2831,16.89,74.4,22.81,107.44,6.946,180.42,0.6612,0.02868,0.00886,2.723,1.826,2.98,1.715,3.38,202.74,15.93,1.351,1.345,0.5704,2.824,439.12,1.217,70.08,0.8754,14.15,2.781e-05,0.2781,3.616,1.463,2.768,0.2383,12.68,0.6059,8.794
2022-03-29T14:55:51,47818.25,3452.36,114.21,0.2831,16.91,74.4,22.81,107.46,6.949,180.46,0.6612,0.02869,0.00886,2.723,1.827,2.98,1.715,3.38,202.76,15.93,1.351,1.345,0.5704,2.825,439.16,1.218,70.11,0.8754,14.15,2.781e-05,0.2781,3.615,1.463,2.767,0.2383,12.67,0.606,8.797
2022-03-29T14:56:21,47838.21,3453.18,114.23,0.2833,16.91,74.4,22.82,107.51,6.949,180.49,0.6612,0.02869,0.00886,2.723,1.827,2.98,1.717,3.38,202.84,15.93,1.351,1.346,0.5704,2.825,439.29,1.218,70.17,0.8754,14.17,2.782e-05,0.2781,3.616,1.464,2.768,0.2383,12.66,0.606,8.793
2022-03-29T14:56:51,47836.72,3452.94,114.3,0.283,16.91,75,22.83,107.41,6.95,180.51,0.6612,0.02869,0.00886,2.723,1.827,2.98,1.718,3.382,202.9,15.94,1.351,1.346,0.5704,2.826,439.26,1.218,70.15,0.8754,14.18,2.782e-05,0.2781,3.616,1.465,2.768,0.2383,12.67,0.6059,8.793
2022-03-29T14:57:21,47840.6,3451.7,114.3,0.2831,16.91,74.9,22.82,107.37,6.954,180.52,0.6611,0.02868,0.00886,2.723,1.828,2.98,1.718,3.38,202.9,15.91,1.351,1.346,0.5704,2.828,439.23,1.218,70.16,0.8754,14.18,2.782e-05,0.2786,3.615,1.465,2.768,0.2384,12.66,0.6059,8.793
2022-03-29T14:57:51,47815.63,3450.9,114.24,0.2821,16.91,74.9,22.81,107.1,6.949,180.35,0.6611,0.02867,0.008855,2.723,1.827,2.98,1.718,3.38,202.93,15.91,1.351,1.348,0.5704,2.829,439.09,1.218,70.2,0.8753,14.13,2.781e-05,0.2786,3.615,1.465,2.768,0.2383,12.66,0.606,8.799
2022-03-29T14:58:21,47808.22,3450.35,114.23,0.2822,16.91,74.9,22.81,107.09,6.949,180.4,0.662,0.02867,0.008855,2.723,1.828,2.98,1.718,3.38,202.81,15.91,1.351,1.349,0.5704,2.828,439.05,1.218,70.19,0.875,14.13,2.779e-05,0.2786,3.614,1.466,2.768,0.2382,12.66,0.6066,8.799
2022-03-29T14:58:51,47794.5,3450.07,114.21,0.2822,16.91,74.6,22.81,107.08,6.953,180.35,0.6623,0.02868,0.008855,2.723,1.827,2.98,1.718,3.39,202.58,15.91,1.351,1.349,0.5704,2.829,439.09,1.218,70.1,0.8747,14.13,2.779e-05,0.278,3.613,1.469,2.767,0.238,12.68,0.6066,8.8
2022-03-29T14:59:22,47797.12,3449.09,114.09,0.2821,16.91,74.6,22.79,107.21,6.949,180.38,0.6622,0.02866,0.008855,2.723,1.826,2.98,1.718,3.391,202.47,15.9,1.351,1.349,0.5704,2.829,439.04,1.217,70.11,0.8747,14.13,2.778e-05,0.278,3.613,1.47,2.767,0.238,12.67,0.6066,8.796
2022-03-29T14:59:52,47798.66,3448.95,114.1,0.2818,16.91,74.6,22.79,107.24,6.949,180.39,0.6622,0.02865,0.008855,2.723,1.826,2.98,1.718,3.394,202.47,15.9,1.35,1.35,0.5704,2.827,438.97,1.217,70.06,0.8747,14.13,2.779e-05,0.2781,3.613,1.47,2.767,0.2382,12.67,0.6066,8.795
2022-03-29T15:00:22,47800.86,3449.06,114.09,0.2818,16.91,74.5,22.8,107.33,6.947,180.41,0.6622,0.02866,0.008855,2.72,1.826,2.98,1.718,3.394,202.42,15.9,1.35,1.349,0.5704,2.823,438.93,1.217,70.07,0.8748,14.13,2.779e-05,0.2778,3.614,1.47,2.765,0.2381,12.68,0.6066,8.791
2022-03-29T15:00:52,47798.49,3448.14,114.08,0.282,16.91,74.5,22.79,107.25,6.947,180.43,0.6622,0.02867,0.008887,2.72,1.831,2.98,1.717,3.394,202.36,15.9,1.349,1.349,0.5704,2.822,438.93,1.216,70.13,0.8749,14.08,2.781e-05,0.2778,3.614,1.475,2.764,0.2381,12.68,0.6056,8.763
2022-03-29T15:01:23,47807.49,3447.89,114.1,0.2821,16.91,74.5,22.79,107.32,6.948,180.4,0.6622,0.02866,0.008887,2.72,1.831,2.98,1.718,3.394,202.52,15.9,1.349,1.349,0.5704,2.825,438.91,1.216,70.12,0.8748,14.09,2.784e-05,0.2778,3.616,1.475,2.765,0.2381,12.68,0.6056,8.761
2022-03-29T15:01:53,47809.61,3448.46,114.16,0.2821,16.91,74.8,22.8,107.69,6.947,180.5,0.6622,0.02865,0.008887,2.72,1.83,2.98,1.719,3.424,202.78,15.9,1.349,1.348,0.5704,2.824,438.98,1.216,70.09,0.8748,14.09,2.785e-05,0.2782,3.616,1.476,2.765,0.238,12.64,0.6075,8.745
2022-03-29T15:02:23,47803.84,3448.16,114.16,0.2821,16.91,74.8,22.79,107.68,6.947,180.45,0.662,0.02857,0.008887,2.72,1.832,2.98,1.718,3.405,202.77,15.9,1.349,1.348,0.5704,2.817,438.95,1.217,69.97,0.8749,14.09,2.786e-05,0.2782,3.611,1.476,2.762,0.238,12.64,0.6075,8.747
2022-03-29T15:02:53,47785.04,3445.31,114.06,0.2813,16.91,74.7,22.77,107.63,6.946,180.31,0.6607,0.02856,0.008887,2.72,1.831,2.98,1.718,3.405,202.5,15.9,1.349,1.349,0.5704,2.811,438.68,1.216,69.88,0.8746,14.07,2.785e-05,0.2772,3.607,1.475,2.757,0.2379,12.66,0.6069,8.747
2022-03-29T15:03:23,47744.42,3444.32,113.97,0.2812,16.91,74.7,22.74,107.46,6.948,179.89,0.6603,0.02851,0.008868,2.72,1.833,2.98,1.716,3.434,202.1,15.9,1.344,1.348,0.5704,2.809,438.48,1.213,69.65,0.8744,14.07,2.78e-05,0.2772,3.606,1.47,2.755,0.2378,12.66,0.6051,8.742
2022-03-29T15:03:53,47774.1,3444.63,114.12,0.2811,16.91,74.7,22.75,107.5,6.948,180.07,0.6602,0.0285,0.008868,2.72,1.833,2.97,1.715,3.434,202.2,15.9,1.344,1.351,0.5704,2.81,438.69,1.215,69.72,0.8736,14.07,2.785e-05,0.277,3.609,1.471,2.757,0.2379,12.67,0.6063,8.733
2022-03-29T15:04:23,47807.03,3445.68,114.13,0.2811,16.91,74.7,22.78,107.47,6.948,180.36,0.6614,0.02851,0.008868,2.72,1.833,2.97,1.715,3.434,202.34,15.9,1.344,1.348,0.5704,2.81,438.72,1.215,69.77,0.8739,14.11,2.786e-05,0.277,3.609,1.473,2.759,0.2379,12.67,0.6065,8.73
2022-03-29T15:04:54,47801.72,3446.37,114.13,0.2809,16.91,74.7,22.78,107.23,6.946,180.38,0.6614,0.02851,0.008868,2.721,1.834,2.97,1.715,3.434,202.26,15.87,1.344,1.348,0.5704,2.809,438.79,1.215,69.76,0.8748,14.11,2.787e-05,0.277,3.607,1.475,2.76,0.2376,12.71,0.6065,8.736
2022-03-29T15:05:24,47801.28,3445.91,114.13,0.2813,16.91,74.7,22.78,107.22,6.946,180.45,0.6614,0.02859,0.008868,2.721,1.835,2.97,1.713,3.425,202.3,15.87,1.345,1.346,0.5704,2.81,438.72,1.215,69.76,0.8748,14.11,2.791e-05,0.2772,3.608,1.475,2.76,0.2377,12.73,0.6068,8.734
2022-03-29T15:05:54,47795.87,3444.16,114.37,0.2811,16.91,74.7,22.75,107.17,6.946,180.41,0.6614,0.02855,0.008869,2.721,1.835,2.97,1.713,3.425,202.17,15.87,1.345,1.346,0.5704,2.81,438.67,1.215,69.75,0.8747,14.11,2.79e-05,0.2768,3.605,1.474,2.759,0.2376,12.74,0.6071,8.729
2022-03-29T15:06:24,47792.26,3443.71,114.36,0.281,16.91,74.7,22.74,107.17,6.945,180.39,0.6614,0.02849,0.008869,2.721,1.834,2.97,1.712,3.409,202.21,15.87,1.345,1.346,0.5704,2.81,438.44,1.215,69.76,0.8743,14.1,2.785e-05,0.2766,3.603,1.472,2.759,0.2373,12.74,0.6065,8.73
2022-03-29T15:06:54,47761.45,3440.81,114.35,0.2803,16.91,75,22.72,107.16,6.952,180.31,0.6614,0.02847,0.008869,2.721,1.834,2.97,1.711,3.399,202.14,15.87,1.345,1.348,0.5704,2.807,438.34,1.215,69.78,0.874,14.1,2.78e-05,0.2766,3.601,1.468,2.758,0.2371,12.72,0.606,8.726
2022-03-29T15:07:24,47754.77,3441.03,113.84,0.2805,16.91,75,22.71,107.07,6.952,180.23,0.6613,0.02843,0.008869,2.721,1.834,2.97,1.71,3.404,202.08,15.8,1.345,1.349,0.5704,2.806,438.14,1.214,69.68,0.8738,14.1,2.778e-05,0.2762,3.6,1.468,2.758,0.237,12.72,0.6045,8.726
2022-03-29T15:07:54,47758.11,3441.7,113.84,0.2807,16.91,75,22.69,107.09,6.954,180.3,0.6613,0.02846,0.008869,2.721,1.834,2.97,1.711,3.404,202.06,15.8,1.345,1.347,0.5704,2.806,438.17,1.214,69.69,0.8737,14.14,2.782e-05,0.2766,3.601,1.468,2.76,0.2369,12.72,0.6048,8.727
2022-03-29T15:08:24,47778.12,3443.77,113.85,0.2808,16.91,74.8,22.69,107.05,6.957,180.36,0.6612,0.02847,0.008845,2.721,1.834,2.97,1.711,3.408,202.12,15.8,1.345,1.347,0.5704,2.81,438.36,1.214,69.73,0.8744,14.14,2.783e-05,0.2766,3.603,1.469,2.76,0.237,12.72,0.605,8.728
2022-03-29T15:08:55,47796.46,3442.96,113.98,0.2807,16.91,74.9,22.69,106.97,6.958,180.41,0.6619,0.02846,0.008845,2.721,1.834,2.97,1.711,3.408,202.33,15.8,1.345,1.346,0.5704,2.808,438.38,1.214,69.7,0.8745,14.14,2.784e-05,0.2766,3.602,1.469,2.761,0.237,12.72,0.6051,8.723
2022-03-29T15:09:25,47794.03,3442.67,114,0.2807,16.91,74.9,22.67,106.91,6.965,180.57,0.6608,0.02845,0.008845,2.725,1.833,2.97,1.711,3.408,202.49,15.8,1.345,1.345,0.5704,2.807,438.38,1.214,69.69,0.8746,14.14,2.784e-05,0.2768,3.601,1.469,2.761,0.237,12.72,0.6052,8.722
2022-03-29T15:09:55,47796.61,3443.43,114.01,0.281,16.91,74.8,22.69,106.88,6.962,180.63,0.6608,0.02846,0.008845,2.725,1.834,2.97,1.711,3.417,202.66,15.8,1.345,1.345,0.5704,2.808,438.39,1.214,69.75,0.8746,14.14,2.784e-05,0.2767,3.602,1.47,2.762,0.2371,12.72,0.6056,8.726
2022-03-29T15:10:25,47809.31,3445.61,113.94,0.2809,16.91,74.8,22.69,106.84,6.964,180.7,0.6608,0.02849,0.008845,2.725,1.834,2.97,1.711,3.417,202.72,15.8,1.345,1.347,0.5704,2.808,438.55,1.215,69.79,0.8746,14.14,2.785e-05,0.2767,3.605,1.47,2.763,0.2372,12.73,0.6056,8.734
2022-03-29T15:10:55,47814.2,3446.46,113.96,0.2808,16.91,74.8,22.7,106.88,6.966,180.8,0.6607,0.0285,0.008845,2.725,1.835,2.97,1.715,3.417,202.76,15.8,1.345,1.347,0.5704,2.809,438.74,1.216,70.09,0.8749,14.14,2.796e-05,0.2767,3.606,1.472,2.764,0.2372,12.73,0.607,8.741
2022-03-29T15:11:25,47823.33,3449.17,114.15,0.2809,16.91,74.7,22.72,106.9,6.965,180.81,0.6618,0.02848,0.008845,2.725,1.836,2.97,1.715,3.417,203.07,15.8,1.345,1.347,0.5704,2.816,438.72,1.216,70.1,0.8749,14.14,2.798e-05,0.277,3.607,1.472,2.766,0.2372,12.73,0.6062,8.766
2022-03-29T15:11:55,47828.67,3449.3,114.25,0.2808,16.91,74.7,22.73,106.95,6.965,180.81,0.6618,0.02853,0.008842,2.725,1.837,2.97,1.715,3.417,203.51,15.8,1.345,1.347,0.5704,2.817,438.87,1.216,70.14,0.875,14.14,2.798e-05,0.277,3.608,1.473,2.766,0.2373,12.73,0.6068,8.771
2022-03-29T15:12:25,47826.3,3448.37,114.25,0.2807,16.91,76.2,22.72,106.98,6.968,180.83,0.6618,0.02855,0.008842,2.724,1.841,2.97,1.716,3.438,203.52,15.8,1.345,1.347,0.5704,2.815,438.78,1.217,70.14,0.875,14.17,2.798e-05,0.277,3.61,1.473,2.768,0.2375,12.73,0.6069,8.778
2022-03-29T15:12:56,47835.3,3448.66,114.25,0.2808,16.91,76.2,22.72,106.96,6.969,180.9,0.6617,0.02863,0.008822,2.724,1.84,2.97,1.717,3.432,203.59,15.85,1.345,1.347,0.5704,2.815,438.76,1.217,70.18,0.875,14.17,2.801e-05,0.2772,3.611,1.472,2.772,0.2375,12.74,0.6068,8.773
2022-03-29T15:13:26,47828.94,3449.66,114.2,0.2808,16.91,76.2,22.72,106.9,6.968,180.91,0.6617,0.02864,0.008806,2.724,1.842,2.97,1.717,3.433,203.63,15.85,1.345,1.344,0.5704,2.815,438.82,1.217,70.2,0.875,14.17,2.801e-05,0.2774,3.611,1.472,2.772,0.2375,12.74,0.6069,8.775
2022-03-29T15:13:56,47864.09,3450.23,114.2,0.2807,16.91,75.9,22.73,106.96,6.968,181,0.6617,0.02875,0.008806,2.724,1.841,2.97,1.718,3.433,203.66,15.85,1.345,1.344,0.5704,2.816,439,1.217,70.23,0.8751,14.17,2.809e-05,0.277,3.613,1.472,2.772,0.2375,12.74,0.6066,8.799
2022-03-29T15:14:26,47873.26,3450.8,114.17,0.2805,16.87,75.9,22.74,106.98,6.971,181.15,0.6615,0.02875,0.008806,2.724,1.842,2.97,1.718,3.431,203.77,15.85,1.345,1.344,0.5704,2.817,439.13,1.219,70.29,0.8751,14.17,2.812e-05,0.277,3.613,1.473,2.773,0.2375,12.75,0.6065,8.802
2022-03-29T15:14:56,47887.09,3452,114.19,0.2806,16.91,75.6,22.74,107,6.971,181.12,0.6615,0.02866,0.008806,2.721,1.842,2.97,1.718,3.431,203.76,15.85,1.345,1.344,0.5704,2.817,439.35,1.218,70.3,0.875,14.2,2.811e-05,0.277,3.614,1.474,2.774,0.2375,12.76,0.6069,8.787
2022-03-29T15:15:26,47891.41,3452.18,114.19,0.2805,16.91,75.7,22.75,107.02,6.985,181.13,0.6615,0.02869,0.008806,2.721,1.846,2.97,1.718,3.431,203.76,15.48,1.345,1.344,0.5704,2.817,439.39,1.218,70.28,0.875,14.19,2.81e-05,0.277,3.614,1.474,2.775,0.2376,12.75,0.607,8.787
2022-03-29T15:15:56,47869.84,3450.51,114.01,0.2804,16.9,75.7,22.74,107,6.985,180.96,0.6615,0.02869,0.008809,2.721,1.844,2.97,1.717,3.425,203.53,15.48,1.354,1.344,0.5704,2.817,439.33,1.218,70.26,0.8748,14.18,2.808e-05,0.277,3.612,1.474,2.772,0.2376,12.75,0.607,8.792
2022-03-29T15:16:26,47878.29,3451.06,114.01,0.2801,16.9,75.8,22.74,107.03,6.981,180.98,0.6609,0.02874,0.008809,2.721,1.844,2.97,1.717,3.422,203.28,15.55,1.354,1.344,0.5704,2.818,439.27,1.218,70.26,0.8748,14.18,2.802e-05,0.2779,3.613,1.474,2.771,0.2376,12.72,0.6069,8.792
2022-03-29T15:16:57,47907.55,3451.39,114.03,0.2802,16.9,75.8,22.73,107.2,6.983,180.98,0.6615,0.02877,0.008781,2.721,1.844,2.97,1.717,3.422,203.37,15.51,1.354,1.343,0.5704,2.819,439.34,1.218,70.22,0.8748,14.21,2.803e-05,0.2779,3.616,1.474,2.772,0.2376,12.7,0.6067,8.808
2022-03-29T15:17:27,47906.63,3452.7,114.04,0.2802,16.9,75.8,22.73,107.23,6.988,180.99,0.6616,0.02876,0.008781,2.721,1.846,2.97,1.718,3.422,203.34,15.37,1.356,1.343,0.5704,2.819,439.66,1.219,70.16,0.8753,14.21,2.803e-05,0.2783,3.614,1.474,2.772,0.2376,12.7,0.6067,8.81
2022-03-29T15:17:57,47908.45,3452.8,114.05,0.2802,16.9,75.5,22.74,107.29,6.991,181.04,0.6616,0.02878,0.008781,2.721,1.846,2.97,1.717,3.464,203.34,15.46,1.356,1.343,0.5704,2.826,439.68,1.219,70.13,0.8756,14.22,2.802e-05,0.2783,3.615,1.474,2.773,0.2375,12.75,0.6072,8.816
2022-03-29T15:18:27,47911.61,3452.21,114.41,0.2801,16.9,75.5,22.74,107.4,6.991,181.16,0.6616,0.02877,0.008781,2.721,1.851,2.97,1.717,3.472,203.36,15.49,1.356,1.344,0.5704,2.824,439.66,1.219,70.16,0.8757,14.22,2.802e-05,0.2783,3.618,1.475,2.773,0.2376,12.78,0.607,8.816
2022-03-29T15:18:57,47913.21,3452.02,114.4,0.2801,16.9,75.3,22.73,107.38,6.989,181.14,0.6616,0.02878,0.008781,2.721,1.853,2.97,1.717,3.469,203.36,15.51,1.356,1.344,0.5704,2.825,439.75,1.219,70.16,0.8763,14.22,2.801e-05,0.2788,3.618,1.475,2.773,0.2375,12.78,0.6072,8.817
2022-03-29T15:19:27,47916.18,3451.9,114.41,0.28,16.91,75.5,22.73,107.34,6.986,181.09,0.6616,0.02877,0.008809,2.721,1.854,2.97,1.717,3.469,203.47,15.51,1.356,1.342,0.5704,2.824,439.77,1.219,70.11,0.8764,14.22,2.799e-05,0.2788,3.618,1.475,2.773,0.2375,12.78,0.6072,8.832
2022-03-29T15:19:57,47944.33,3452.42,114.4,0.28,16.91,75.5,22.73,107.34,6.99,181.23,0.6633,0.0288,0.008814,2.722,1.854,3,1.718,3.494,203.66,15.53,1.356,1.342,0.5704,2.825,439.94,1.22,70.11,0.8765,14.22,2.801e-05,0.2788,3.618,1.475,2.775,0.2376,12.77,0.6072,8.835
2022-03-29T15:20:27,47960.19,3451.88,114.37,0.2798,16.91,75.6,22.72,107.31,6.983,181.2,0.6622,0.0288,0.008814,2.727,1.855,3,1.717,3.494,203.7,15.56,1.356,1.342,0.5704,2.824,439.91,1.22,70.06,0.8767,14.25,2.8e-05,0.2783,3.618,1.475,2.774,0.2376,12.77,0.6078,8.832
2022-03-29T15:20:58,47959.3,3452.17,114.36,0.2798,16.91,75.6,22.69,107.23,6.98,181.06,0.6622,0.02876,0.008821,2.727,1.853,3,1.717,3.486,203.64,15.56,1.356,1.343,0.5704,2.823,439.7,1.22,69.99,0.8769,14.25,2.797e-05,0.2785,3.618,1.475,2.773,0.2374,12.77,0.6073,8.837
2022-03-29T15:21:28,47903.85,3451.71,114.35,0.2798,16.91,75.6,22.68,107.08,6.983,180.93,0.6622,0.02874,0.008819,2.727,1.851,3,1.717,3.486,203.64,15.56,1.356,1.343,0.5704,2.821,439.67,1.219,69.98,0.877,14.25,2.796e-05,0.2785,3.617,1.473,2.771,0.2373,12.76,0.6073,8.836
2022-03-29T15:21:58,47911.1,3449.84,114.34,0.2798,16.91,75.8,22.67,107.07,6.981,180.97,0.6622,0.02873,0.008819,2.727,1.851,3,1.716,3.486,203.52,15.58,1.385,1.343,0.5704,2.821,439.63,1.219,69.96,0.877,14.23,2.796e-05,0.2786,3.616,1.472,2.771,0.2373,12.74,0.6074,8.835
2022-03-29T15:22:28,47900.72,3449.73,114.24,0.2798,16.91,75.8,22.67,107.06,6.973,180.9,0.6622,0.02873,0.008819,2.727,1.847,3,1.717,3.485,203.45,15.53,1.382,1.343,0.5704,2.817,439.65,1.219,69.98,0.8769,14.23,2.794e-05,0.2786,3.614,1.469,2.77,0.2373,12.74,0.607,8.836
2022-03-29T15:22:58,47907.23,3450.12,114.1,0.2797,16.91,75.6,22.67,107.04,6.974,180.76,0.6621,0.02873,0.008819,2.727,1.849,3,1.717,3.485,203.23,15.53,1.382,1.343,0.5704,2.817,439.59,1.219,70,0.877,14.23,2.794e-05,0.2786,3.614,1.469,2.77,0.2372,12.74,0.607,8.836
2022-03-29T15:23:28,47908.19,3450.1,114.14,0.2794,16.91,75.7,22.68,107.18,6.973,180.75,0.6621,0.02873,0.008819,2.741,1.852,3,1.716,3.485,203.12,15.53,1.382,1.337,0.5704,2.816,439.64,1.22,70.07,0.8769,14.23,2.794e-05,0.2786,3.614,1.47,2.77,0.2371,12.76,0.6074,8.837
2022-03-29T15:23:58,47910.46,3449.36,114.3,0.2794,16.91,75.7,22.68,107.14,6.975,180.74,0.6635,0.02872,0.008805,2.735,1.852,3,1.716,3.485,203.14,15.58,1.382,1.343,0.5704,2.815,439.62,1.22,70.04,0.8769,14.28,2.796e-05,0.2786,3.614,1.47,2.77,0.2371,12.76,0.6073,8.837
2022-03-29T15:24:28,47897.15,3449.22,114.25,0.2792,16.91,75.7,22.67,107.07,6.974,180.73,0.6624,0.02872,0.008805,2.735,1.85,3,1.715,3.485,203.11,15.61,1.387,1.343,0.5704,2.814,439.57,1.219,70.02,0.8767,14.28,2.795e-05,0.2782,3.611,1.469,2.767,0.237,12.76,0.607,8.836
2022-03-29T15:24:59,47887.13,3448.31,114.23,0.2791,16.91,75.7,22.67,107.06,6.971,180.73,0.6622,0.02874,0.008805,2.735,1.853,3,1.715,3.493,202.91,15.54,1.387,1.338,0.5704,2.811,439.31,1.219,70.01,0.8763,14.28,2.795e-05,0.2782,3.61,1.469,2.766,0.237,12.75,0.6071,8.836
2022-03-29T15:25:29,47887.26,3448.15,114.22,0.2791,16.88,75.7,22.67,106.89,6.969,180.79,0.6622,0.02876,0.008805,2.735,1.856,3,1.715,3.493,202.77,15.54,1.387,1.338,0.5704,2.811,439.36,1.219,69.98,0.8765,14.24,2.793e-05,0.2782,3.611,1.469,2.766,0.2369,12.74,0.6067,8.837
2022-03-29T15:25:59,47878.38,3446.44,113.98,0.2791,16.88,75,22.67,106.84,6.969,180.77,0.6622,0.02875,0.008805,2.735,1.856,3.01,1.715,3.535,202.74,15.48,1.387,1.338,0.5704,2.81,439.36,1.218,69.94,0.8765,14.24,2.793e-05,0.2782,3.61,1.467,2.765,0.2369,12.74,0.6067,8.837
2022-03-29T15:26:29,47881.09,3446.28,113.99,0.279,16.88,75,22.67,106.91,6.969,180.71,0.6622,0.02876,0.008805,2.741,1.856,3.01,1.715,3.557,202.69,15.48,1.387,1.34,0.5704,2.81,439.22,1.219,69.95,0.8763,14.23,2.796e-05,0.2782,3.61,1.468,2.765,0.2368,12.7,0.6062,8.833
2022-03-29T15:26:59,47901.12,3448.32,114,0.2791,16.91,75,22.67,107.25,6.97,180.81,0.6622,0.02876,0.008805,2.738,1.856,3.01,1.715,3.568,202.71,15.48,1.387,1.34,0.5704,2.811,439.37,1.218,70.14,0.8765,14.26,2.796e-05,0.2782,3.612,1.468,2.767,0.2369,12.69,0.6062,8.832
2022-03-29T15:27:29,47924.95,3447.77,114.19,0.2791,16.91,75.2,22.68,107.23,6.968,180.8,0.6622,0.02878,0.00877,2.738,1.855,3.01,1.717,3.568,202.75,15.48,1.387,1.335,0.5704,2.81,439.52,1.218,70.16,0.8764,14.26,2.796e-05,0.2782,3.611,1.468,2.767,0.237,12.69,0.6062,8.837
2022-03-29T15:27:59,47926.63,3448.26,114.17,0.2791,16.91,75.2,22.68,107.1,6.97,180.8,0.6625,0.02877,0.008797,2.738,1.855,3.01,1.717,3.568,202.9,15.48,1.387,1.335,0.5704,2.811,439.56,1.218,70.2,0.8766,14.27,2.798e-05,0.2782,3.612,1.47,2.768,0.237,12.68,0.6063,8.839
2022-03-29T15:28:29,47925.57,3448.74,114.18,0.2792,16.91,75.2,22.68,107.02,6.961,180.95,0.6621,0.02876,0.008797,2.738,1.854,3.01,1.717,3.568,203.04,15.6,1.387,1.335,0.5704,2.81,439.73,1.218,70.2,0.8766,14.27,2.798e-05,0.2782,3.614,1.47,2.768,0.2371,12.64,0.6065,8.837
2022-03-29T15:29:00,47916.16,3447.57,114.17,0.2791,16.91,75.1,22.68,107,6.965,180.94,0.6621,0.02876,0.008775,2.738,1.855,3.01,1.716,3.575,203.03,15.55,1.387,1.335,0.5704,2.808,439.63,1.218,70.21,0.8765,14.28,2.797e-05,0.2782,3.614,1.47,2.768,0.2371,12.64,0.6076,8.836
2022-03-29T15:29:30,47916.9,3447.06,114.11,0.2791,16.91,75.1,22.67,106.99,6.965,180.94,0.6621,0.02876,0.008779,2.744,1.855,3.01,1.716,3.578,202.99,15.55,1.387,1.335,0.5704,2.808,439.71,1.218,70.2,0.8766,14.28,2.794e-05,0.278,3.614,1.47,2.768,0.2371,12.64,0.6075,8.834
2022-03-29T15:30:00,47914.8,3447.22,114.08,0.2792,16.91,75.1,22.67,107.02,6.964,180.94,0.6622,0.02876,0.008794,2.744,1.856,3.01,1.717,3.578,203.04,15.66,1.387,1.335,0.5704,2.808,439.62,1.218,70.13,0.8765,14.26,2.794e-05,0.278,3.614,1.47,2.768,0.2371,12.63,0.6075,8.833
2022-03-29T15:30:30,47940.44,3448.03,114.08,0.2795,16.91,75.1,22.68,107.14,6.96,180.95,0.6629,0.02876,0.008794,2.744,1.856,3.01,1.718,3.636,203.03,15.5,1.387,1.335,0.5704,2.808,439.64,1.218,69.98,0.8769,14.26,2.795e-05,0.2783,3.615,1.471,2.768,0.2371,12.62,0.6077,8.832
2022-03-29T15:31:00,47946.41,3449.79,114.15,0.2793,16.91,75.1,22.7,107.15,6.959,180.89,0.6629,0.02877,0.008793,2.744,1.856,3.01,1.718,3.636,203.05,15.66,1.382,1.337,0.5704,2.808,439.83,1.218,70.02,0.8769,14.26,2.796e-05,0.2783,3.621,1.471,2.77,0.2372,12.61,0.6079,8.837
2022-03-29T15:31:30,47959.97,3449.72,114.15,0.2794,16.9,75.4,22.7,107.12,6.956,180.9,0.6629,0.02876,0.008793,2.744,1.856,3.01,1.718,3.636,202.98,15.66,1.382,1.337,0.5704,2.809,439.94,1.218,70,0.8771,14.25,2.798e-05,0.2783,3.62,1.472,2.771,0.2373,12.6,0.6079,8.838
2022-03-29T15:32:01,47967.89,3450.12,114.16,0.279,16.9,75.4,22.71,107.12,6.956,180.87,0.6633,0.02877,0.008793,2.744,1.855,3.01,1.719,3.615,203.03,15.73,1.382,1.334,0.5704,2.809,439.91,1.218,69.96,0.8772,14.25,2.8e-05,0.2781,3.621,1.472,2.771,0.2374,12.6,0.6077,8.845
2022-03-29T15:32:31,47985.14,3450.14,114.16,0.2787,16.91,75.4,22.71,107.15,6.954,180.88,0.6631,0.02876,0.008794,2.743,1.854,3.01,1.719,3.615,203.1,15.73,1.387,1.334,0.5704,2.81,439.98,1.217,69.93,0.8773,14.25,2.8e-05,0.2779,3.621,1.472,2.771,0.2375,12.59,0.6078,8.847
2022-03-29T15:33:01,47981.04,3450.3,114.18,0.2786,16.91,75.4,22.71,107.16,6.955,180.98,0.6624,0.02874,0.008804,2.743,1.854,3.01,1.719,3.615,203.26,15.74,1.387,1.334,0.5704,2.811,440.01,1.219,69.56,0.8775,14.25,2.8e-05,0.2784,3.623,1.473,2.77,0.2376,12.6,0.6084,8.846
2022-03-29T15:33:31,47975.26,3450.33,114.35,0.2789,16.9,75.4,22.71,107.07,6.958,181,0.6624,0.02876,0.008804,2.743,1.853,3.01,1.719,3.615,203.27,15.74,1.387,1.334,0.5704,2.811,440.03,1.218,69.28,0.8777,14.25,2.799e-05,0.2784,3.621,1.473,2.77,0.2377,12.59,0.6083,8.846
2022-03-29T15:34:01,47982.72,3450.43,114.35,0.2789,16.9,75.4,22.72,107.06,6.961,180.98,0.6617,0.02877,0.008822,2.743,1.854,3.01,1.719,3.615,203.27,15.74,1.387,1.335,0.5704,2.812,440.04,1.219,69.24,0.8777,14.23,2.799e-05,0.2784,3.62,1.473,2.769,0.2377,12.6,0.6083,8.841
2022-03-29T15:34:33,47966.84,3450.39,114.34,0.2789,16.91,75.4,22.74,107.08,6.963,180.93,0.6617,0.02877,0.008822,2.743,1.855,3.01,1.719,3.532,203.1,15.74,1.387,1.335,0.5704,2.811,440.02,1.218,68.56,0.8773,14.23,2.799e-05,0.2784,3.616,1.471,2.769,0.2377,12.61,0.6075,8.84
2022-03-29T15:35:03,47958.83,3449.88,114.31,0.279,16.91,75.4,22.72,107.1,6.964,180.76,0.6617,0.02877,0.008824,2.743,1.854,3.01,1.718,3.537,203.09,15.74,1.382,1.335,0.5704,2.811,439.81,1.218,68.62,0.8773,14.23,2.799e-05,0.2781,3.614,1.471,2.769,0.2376,12.61,0.608,8.848
2022-03-29T15:35:33,47951.23,3448.77,114.15,0.279,16.91,75.3,22.71,107.16,6.967,180.56,0.6617,0.02875,0.008824,2.74,1.852,3.01,1.715,3.54,202.84,15.74,1.382,1.335,0.5704,2.809,439.73,1.216,68.38,0.8762,14.25,2.795e-05,0.2781,3.613,1.469,2.767,0.2376,12.61,0.6078,8.841
2022-03-29T15:36:03,47928.89,3448.06,113.99,0.2791,16.91,75.3,22.7,107.12,6.966,180.47,0.6627,0.02874,0.008824,2.74,1.849,3.01,1.713,3.534,202.7,15.66,1.378,1.335,0.5704,2.805,439.33,1.215,68.05,0.8761,14.22,2.793e-05,0.2781,3.612,1.469,2.766,0.2375,12.59,0.6061,8.842
2022-03-29T15:36:34,47910.61,3443.17,113.95,0.2791,16.91,75.4,22.68,107.09,6.957,180.22,0.6604,0.02869,0.008824,2.74,1.847,3.01,1.713,3.534,202.58,15.66,1.378,1.337,0.5704,2.799,439.24,1.215,67.95,0.876,14.22,2.788e-05,0.2781,3.601,1.468,2.763,0.2372,12.59,0.6061,8.842
2022-03-29T15:37:04,47872.66,3441.74,113.91,0.279,16.9,75.4,22.67,107.05,6.957,180.05,0.6617,0.02865,0.008824,2.74,1.847,3.01,1.71,3.519,202.25,15.66,1.378,1.331,0.5704,2.797,439.11,1.214,67.67,0.8751,14.22,2.783e-05,0.2781,3.598,1.467,2.761,0.2369,12.59,0.6047,8.845
2022-03-29T15:37:34,47864.93,3438.61,113.56,0.2783,16.9,75.4,22.62,106.97,6.957,179.85,0.6617,0.02857,0.008804,2.74,1.844,3.01,1.709,3.519,202.19,15.66,1.378,1.331,0.5704,2.794,438.94,1.213,67.56,0.8747,14.17,2.783e-05,0.2766,3.595,1.465,2.76,0.2369,12.59,0.6047,8.846
2022-03-29T15:38:04,47862.44,3437.58,113.53,0.2783,16.91,75.4,22.6,106.96,6.957,179.65,0.6603,0.02857,0.008804,2.732,1.843,3.01,1.708,3.519,202.04,15.66,1.378,1.332,0.5704,2.793,438.38,1.213,67.11,0.8743,14.15,2.782e-05,0.2766,3.594,1.464,2.758,0.2367,12.57,0.6044,8.847
2022-03-29T15:38:34,47869.73,3436.95,113.55,0.2781,16.88,75.4,22.61,106.92,6.958,179.58,0.6614,0.02859,0.008803,2.732,1.842,3.01,1.708,3.55,201.92,15.66,1.378,1.33,0.5704,2.792,438.53,1.212,66.79,0.8735,14.15,2.783e-05,0.2766,3.593,1.463,2.757,0.2369,12.57,0.6026,8.847
2022-03-29T15:39:05,47861.32,3437.07,113.59,0.2773,16.88,75.5,22.61,106.92,6.958,179.63,0.6614,0.0286,0.008798,2.732,1.841,3.01,1.707,3.55,201.98,15.63,1.378,1.33,0.5704,2.793,438.52,1.212,66.82,0.8738,14.16,2.783e-05,0.2757,3.594,1.463,2.757,0.2366,12.57,0.6025,8.852
2022-03-29T15:39:35,47855.97,3437.06,113.6,0.2772,16.88,75.5,22.6,106.93,6.956,179.79,0.6614,0.0286,0.008787,2.732,1.841,3.01,1.707,3.569,202.08,15.63,1.378,1.33,0.5704,2.795,438.51,1.211,67.11,0.8739,14.16,2.783e-05,0.2757,3.594,1.463,2.757,0.2366,12.57,0.6025,8.853
2022-03-29T15:40:05,47857.45,3436.87,113.56,0.2773,16.88,75.5,22.6,106.97,6.955,179.82,0.6614,0.0286,0.008787,2.732,1.842,3.01,1.706,3.588,202.06,15.63,1.378,1.33,0.5704,2.796,438.49,1.212,67.07,0.8734,14.16,2.782e-05,0.2762,3.593,1.463,2.756,0.2367,12.56,0.6023,8.85
2022-03-29T15:40:35,47858.27,3435.36,113.56,0.2776,16.88,76.9,22.6,106.95,6.955,179.76,0.6614,0.02858,0.008787,2.732,1.845,3.01,1.706,3.591,202.1,15.63,1.378,1.33,0.5704,2.795,438.51,1.211,67.11,0.8737,14.16,2.78e-05,0.2756,3.593,1.463,2.756,0.2366,12.56,0.6021,8.848
2022-03-29T15:41:05,47837.25,3434.48,113.33,0.2775,16.91,76.9,22.58,106.95,6.955,179.68,0.6606,0.02856,0.008787,2.732,1.845,3.01,1.707,3.576,201.95,15.63,1.378,1.33,0.5704,2.794,438.24,1.212,66.33,0.8735,14.16,2.776e-05,0.2757,3.59,1.463,2.754,0.2365,12.55,0.6015,8.848
2022-03-29T15:41:35,47823.27,3433.46,113.22,0.2776,16.91,76.9,22.57,106.94,6.955,179.44,0.6606,0.02856,0.008787,2.732,1.844,3.01,1.705,3.576,201.83,15.63,1.378,1.33,0.5704,2.79,438.2,1.211,66.18,0.8724,14.16,2.773e-05,0.2757,3.588,1.462,2.752,0.2362,12.55,0.6005,8.848
2022-03-29T15:42:06,47824.78,3432.43,113.21,0.2774,16.91,76,22.56,106.8,6.95,179.57,0.6597,0.02852,0.008749,2.732,1.843,3.01,1.705,3.574,201.73,15.77,1.378,1.33,0.5704,2.786,438.15,1.21,65.85,0.8726,14.16,2.774e-05,0.2757,3.582,1.46,2.751,0.2362,12.42,0.6007,8.845
2022-03-29T15:42:36,47819.27,3433.46,113.02,0.2775,16.88,76,22.59,106.84,6.951,179.67,0.6596,0.02852,0.008749,2.732,1.843,3.01,1.703,3.574,201.89,15.71,1.378,1.333,0.5704,2.787,438.26,1.211,65.93,0.8726,14.11,2.774e-05,0.2748,3.583,1.461,2.752,0.2365,12.43,0.6019,8.845
2022-03-29T15:43:06,47823.32,3434.66,113,0.2775,16.91,76.1,22.6,106.9,6.951,179.82,0.6604,0.02867,0.008741,2.732,1.843,3.01,1.703,3.574,202.22,15.76,1.378,1.333,0.5704,2.787,438.21,1.211,65.87,0.8733,14.11,2.774e-05,0.2748,3.583,1.461,2.754,0.2365,12.48,0.6011,8.847
2022-03-29T15:43:36,47808.54,3433.01,112.94,0.2775,16.88,75.8,22.59,107.18,6.951,179.41,0.6604,0.02867,0.008749,2.732,1.842,3.01,1.702,3.574,202.1,15.76,1.378,1.333,0.5704,2.782,438.31,1.211,65.68,0.8731,14.1,2.774e-05,0.2746,3.581,1.461,2.752,0.2364,12.48,0.6011,8.849
2022-03-29T15:44:06,47817.66,3431.75,112.97,0.2775,16.88,75.8,22.6,107.2,6.948,179.61,0.6598,0.02872,0.008749,2.728,1.841,3.01,1.699,3.574,202.17,15.7,1.378,1.333,0.5704,2.784,438.33,1.211,65.69,0.8729,14.11,2.777e-05,0.2746,3.581,1.461,2.752,0.2364,12.48,0.6015,8.85
2022-03-29T15:44:36,47791.95,3430.09,112.8,0.2772,16.91,75.1,22.58,107.18,6.95,179.56,0.659,0.02872,0.008749,2.728,1.84,3.01,1.698,3.51,201.94,15.7,1.378,1.333,0.5704,2.777,438.22,1.21,65.46,0.8728,14.11,2.776e-05,0.2746,3.58,1.46,2.751,0.2362,12.53,0.602,8.848
2022-03-29T15:45:06,47778.34,3429.14,112.64,0.2771,16.91,75.1,22.58,106.97,6.948,179.18,0.6585,0.0286,0.008749,2.728,1.84,3.01,1.696,3.518,201.86,15.7,1.378,1.334,0.5704,2.771,437.91,1.209,65.52,0.8722,14.11,2.773e-05,0.2736,3.579,1.457,2.747,0.2361,12.53,0.602,8.846
2022-03-29T15:45:37,47783.58,3427.35,112.68,0.2772,16.91,75.1,22.56,106.91,6.948,179.3,0.6585,0.02863,0.008749,2.728,1.84,3.01,1.696,3.518,201.8,15.7,1.378,1.334,0.5704,2.772,437.71,1.209,65.53,0.8722,14.11,2.773e-05,0.2736,3.58,1.458,2.748,0.2362,12.53,0.601,8.849
2022-03-29T15:46:07,47778.02,3427.19,112.68,0.2772,16.91,75.1,22.57,106.79,6.948,179.36,0.6593,0.02861,0.008749,2.728,1.839,3.01,1.697,3.518,201.82,15.7,1.378,1.334,0.5704,2.771,437.82,1.209,65.69,0.8722,14.09,2.773e-05,0.2736,3.58,1.458,2.749,0.2361,12.55,0.6005,8.849
2022-03-29T15:46:37,47759.36,3424.88,112.78,0.2774,16.9,75.1,22.55,106.75,6.948,179.54,0.6591,0.02861,0.008705,2.734,1.835,3.01,1.696,3.518,201.69,15.75,1.367,1.334,0.5704,2.767,437.42,1.21,65.83,0.8717,14.09,2.764e-05,0.2737,3.578,1.458,2.748,0.236,12.58,0.598,8.848
2022-03-29T15:47:07,47721.55,3423.24,112.79,0.2772,16.9,75.1,22.54,106.64,6.948,179.39,0.6585,0.02852,0.008703,2.734,1.834,3.01,1.696,3.518,201.25,15.7,1.367,1.336,0.5704,2.767,437.32,1.209,65.47,0.8708,14.06,2.76e-05,0.2737,3.576,1.456,2.746,0.2355,12.58,0.598,8.849
2022-03-29T15:47:37,47686.86,3412.66,112.66,0.2768,16.9,75.1,22.49,106.12,6.947,179.12,0.6585,0.02849,0.0087,2.725,1.833,3.01,1.69,3.518,200.98,15.7,1.361,1.336,0.5704,2.748,436.77,1.204,65.3,0.8669,14.06,2.757e-05,0.2737,3.569,1.454,2.739,0.235,12.57,0.5937,8.847
2022-03-29T15:48:07,47614.29,3411.32,112.64,0.2768,16.9,74.6,22.47,106.05,6.946,178.58,0.6581,0.02839,0.0087,2.725,1.831,3.01,1.689,3.518,200.72,15.7,1.361,1.328,0.5704,2.745,436.11,1.204,64.99,0.8653,14.06,2.742e-05,0.2737,3.544,1.449,2.732,0.2342,12.58,0.5908,8.798
2022-03-29T15:48:38,47554.66,3406.18,112.58,0.2753,16.91,74.6,22.42,105.48,6.943,178.44,0.657,0.02836,0.0087,2.725,1.828,2.99,1.687,3.483,200.51,15.74,1.361,1.328,0.5704,2.743,435.3,1.202,64.58,0.8645,13.76,2.725e-05,0.2737,3.537,1.442,2.727,0.2341,12.54,0.5912,8.765
2022-03-29T15:49:08,47490.65,3407.4,111.77,0.2752,16.91,74.6,22.3,105.5,6.943,178.52,0.6553,0.0283,0.0087,2.725,1.826,2.99,1.683,3.458,200.36,15.66,1.361,1.32,0.5704,2.744,434.8,1.202,64.63,0.8616,13.76,2.729e-05,0.2697,3.538,1.441,2.726,0.2333,12.49,0.5916,8.765
2022-03-29T15:49:38,47498.82,3406.91,111.76,0.2746,16.88,74.6,22.3,105.56,6.947,178.48,0.6553,0.02828,0.0087,2.708,1.824,2.97,1.683,3.458,200.23,15.66,1.358,1.317,0.5704,2.742,434.73,1.2,64.59,0.8612,13.76,2.727e-05,0.2693,3.537,1.441,2.724,0.2333,12.5,0.5916,8.754
2022-03-29T15:50:08,47516.05,3406.05,111.75,0.2746,16.88,74.6,22.3,105.64,6.947,178.17,0.6551,0.02828,0.0087,2.708,1.824,2.97,1.681,3.425,200.16,15.7,1.358,1.315,0.5704,2.743,434.47,1.2,64.44,0.8598,13.76,2.721e-05,0.2685,3.537,1.441,2.718,0.2334,12.5,0.5907,8.752
2022-03-29T15:50:38,47505.94,3405.5,111.75,0.2747,16.87,75.5,22.32,105.7,6.947,178.36,0.6552,0.02831,0.0087,2.708,1.825,2.97,1.683,3.44,200.06,15.71,1.358,1.309,0.5704,2.745,434.56,1.2,64.81,0.86,13.76,2.722e-05,0.2684,3.537,1.44,2.718,0.2335,12.52,0.5921,8.734
2022-03-29T15:51:08,47469.71,3405.77,111.75,0.2745,16.83,75.5,22.32,105.71,6.946,178.29,0.6552,0.02825,0.0087,2.699,1.818,2.97,1.684,3.43,199.85,15.71,1.358,1.302,0.5704,2.746,434.5,1.2,64.82,0.8602,13.76,2.723e-05,0.2684,3.537,1.44,2.717,0.2335,12.5,0.5927,8.745
2022-03-29T15:51:38,47439.12,3408.36,111.88,0.2742,16.82,75.5,22.28,105.5,6.943,177.94,0.6551,0.02813,0.008747,2.699,1.818,2.97,1.683,3.406,199.41,15.59,1.358,1.302,0.5704,2.737,434.36,1.2,64.81,0.8605,13.76,2.715e-05,0.268,3.527,1.437,2.712,0.2332,12.49,0.5926,8.743
2022-03-29T15:52:09,47379.16,3406.87,111.31,0.2738,16.81,75.3,22.25,105.39,6.941,177.45,0.6558,0.02797,0.008747,2.696,1.813,2.97,1.679,3.461,199.15,15.63,1.358,1.302,0.5704,2.736,433.99,1.199,64.41,0.8604,13.76,2.712e-05,0.268,3.521,1.434,2.706,0.2331,12.45,0.588,8.745
2022-03-29T15:52:39,47445.98,3405.63,111.37,0.2729,16.76,75.1,22.27,105.66,6.942,177.91,0.6554,0.02804,0.008734,2.697,1.81,2.96,1.681,3.461,199.47,15.63,1.348,1.297,0.5704,2.736,434.17,1.199,64.27,0.8603,13.82,2.717e-05,0.2688,3.523,1.435,2.705,0.2336,12.45,0.5891,8.748
2022-03-29T15:53:09,47442.51,3404.09,111.65,0.2708,16.75,75.1,22.25,105.68,6.94,177.71,0.6554,0.02807,0.008746,2.697,1.809,2.96,1.681,3.416,199.36,15.63,1.343,1.297,0.5704,2.737,434.18,1.198,64.63,0.861,13.83,2.717e-05,0.2688,3.524,1.438,2.708,0.2335,12.45,0.5908,8.757
2022-03-29T15:53:39,47439.24,3404.58,111.56,0.271,16.75,75.1,22.26,105.61,6.943,177.76,0.6534,0.02809,0.008746,2.697,1.808,2.96,1.683,3.424,199.27,15.63,1.343,1.292,0.5704,2.742,434.31,1.198,64.59,0.8613,13.83,2.717e-05,0.2692,3.523,1.436,2.706,0.2336,12.47,0.5902,8.758
2022-03-29T15:54:09,47474.99,3405.68,111.58,0.2718,16.75,74.9,22.27,105.63,6.941,177.68,0.6542,0.02811,0.008746,2.697,1.805,2.96,1.682,3.424,199.13,15.63,1.343,1.288,0.5704,2.739,434.62,1.199,64.62,0.8616,13.85,2.718e-05,0.2688,3.532,1.437,2.71,0.2337,12.48,0.5906,8.752
2022-03-29T15:54:39,47502.21,3406.73,111.62,0.272,16.75,74.3,22.3,105.73,6.931,178.04,0.654,0.02821,0.008746,2.699,1.803,2.96,1.683,3.434,199.34,15.65,1.346,1.288,0.5704,2.742,434.65,1.199,64.56,0.862,13.85,2.723e-05,0.2688,3.538,1.438,2.714,0.2337,12.49,0.6055,8.756
2022-03-29T15:55:09,47502.71,3413.06,111.62,0.2721,16.77,74.3,22.32,105.85,6.931,178.05,0.654,0.02823,0.008746,2.699,1.812,2.96,1.685,3.434,199.43,15.59,1.346,1.293,0.5704,2.747,434.92,1.199,64.94,0.8624,13.89,2.723e-05,0.2698,3.539,1.439,2.717,0.2338,12.5,0.6049,8.758
2022-03-29T15:55:40,47488.63,3412.87,111.94,0.2721,16.77,74.2,22.31,106.01,6.931,177.85,0.654,0.02823,0.008764,2.698,1.811,2.96,1.685,3.434,199.51,15.59,1.346,1.295,0.5704,2.748,434.95,1.199,65.12,0.8623,13.89,2.724e-05,0.2706,3.54,1.44,2.718,0.2341,12.54,0.6051,8.767
2022-03-29T15:56:10,47473.21,3409.79,111.93,0.2722,16.75,74.2,22.3,105.82,6.927,177.52,0.6543,0.02812,0.008764,2.697,1.813,2.96,1.684,3.45,199.53,15.64,1.346,1.295,0.5704,2.747,434.93,1.199,65.06,0.8617,13.89,2.719e-05,0.2706,3.534,1.439,2.714,0.234,12.54,0.6022,8.767
2022-03-29T15:56:40,47464.99,3410.32,111.92,0.2729,16.78,74.2,22.3,105.81,6.919,177.64,0.654,0.02807,0.008755,2.695,1.815,2.96,1.683,3.45,199.28,15.64,1.345,1.295,0.5704,2.74,434.92,1.198,64.84,0.8611,13.89,2.72e-05,0.2706,3.529,1.439,2.711,0.2341,12.54,0.6021,8.761
2022-03-29T15:57:10,47482.17,3410.71,111.93,0.2728,16.75,74.2,22.3,105.85,6.916,177.54,0.654,0.028,0.008758,2.696,1.816,2.96,1.683,3.45,199.12,15.64,1.345,1.296,0.5704,2.74,435.02,1.198,64.74,0.86,13.89,2.721e-05,0.2706,3.534,1.437,2.714,0.2341,12.54,0.6023,8.761
2022-03-29T15:57:41,47489.85,3411.44,111.94,0.2729,16.75,74.2,22.29,105.92,6.896,177.87,0.6533,0.028,0.008759,2.693,1.816,2.96,1.683,3.417,199.14,15.64,1.34,1.296,0.5704,2.743,435.14,1.199,64.71,0.8603,13.89,2.722e-05,0.2706,3.536,1.437,2.717,0.234,12.54,0.6044,8.764
2022-03-29T15:58:11,47482.3,3410.84,111.87,0.2729,16.75,74.2,22.29,106.07,6.876,177.92,0.655,0.02801,0.008759,2.696,1.815,2.96,1.684,3.417,199.09,15.64,1.338,1.295,0.5704,2.743,435.21,1.2,64.68,0.8602,13.93,2.722e-05,0.2706,3.536,1.438,2.716,0.234,12.55,0.6044,8.782
2022-03-29T15:58:41,47483.24,3409.42,111.86,0.273,16.75,74.2,22.26,106.06,6.847,177.86,0.6544,0.02791,0.008759,2.695,1.815,2.96,1.684,3.375,198.95,15.65,1.338,1.295,0.5704,2.742,435.18,1.2,64.55,0.8597,13.93,2.721e-05,0.2706,3.535,1.437,2.714,0.2338,12.55,0.6029,8.783
2022-03-29T15:59:11,47466.56,3407.63,111.82,0.2727,16.75,74.2,22.25,106.04,6.847,177.78,0.6544,0.02788,0.008759,2.694,1.815,2.96,1.682,3.375,198.84,15.61,1.338,1.295,0.5704,2.738,434.99,1.201,64.38,0.8597,13.91,2.719e-05,0.2706,3.528,1.436,2.713,0.2339,12.54,0.5979,8.783
2022-03-29T15:59:41,47453.94,3406.04,111.64,0.2725,16.75,74,22.24,105.83,6.849,177.69,0.6542,0.02787,0.008759,2.693,1.815,2.96,1.682,3.376,198.48,15.61,1.338,1.295,0.5704,2.735,434.9,1.2,64.42,0.8591,13.9,2.719e-05,0.2706,3.526,1.436,2.711,0.2338,12.53,0.5965,8.771
2022-03-29T16:00:11,47445.33,3406,111.63,0.2724,16.72,74,22.25,105.83,6.844,177.76,0.6542,0.02771,0.008759,2.681,1.816,2.96,1.681,3.369,198.44,15.61,1.338,1.294,0.5704,2.734,434.4,1.2,64.58,0.8589,13.9,2.719e-05,0.2693,3.526,1.436,2.712,0.2338,12.53,0.5965,8.77
2022-03-29T16:00:42,47444.61,3402.91,111.68,0.2713,16.73,73.7,22.24,105.87,6.857,177.83,0.6542,0.02781,0.00876,2.681,1.815,2.96,1.68,3.369,198.32,15.61,1.338,1.296,0.5704,2.739,434.33,1.201,64.75,0.8592,13.86,2.718e-05,0.2693,3.528,1.436,2.712,0.2338,12.53,0.5971,8.763
2022-03-29T16:01:12,47452.38,3403.53,111.72,0.2715,16.75,73.7,22.27,106,6.862,178.16,0.6542,0.02782,0.008762,2.681,1.816,2.94,1.681,3.368,198.5,15.61,1.338,1.296,0.5704,2.741,434.47,1.201,64.7,0.8594,13.86,2.721e-05,0.2701,3.53,1.437,2.713,0.234,12.54,0.5959,8.777
2022-03-29T16:01:42,47449.83,3403.56,111.86,0.2715,16.75,73.7,22.24,106.27,6.87,178.18,0.6512,0.02789,0.008736,2.681,1.815,2.94,1.682,3.368,198.59,15.61,1.338,1.296,0.5704,2.74,434.93,1.201,64.66,0.8593,13.86,2.726e-05,0.2701,3.531,1.437,2.714,0.2339,12.58,0.5939,8.775
2022-03-29T16:02:12,47415.96,3400.7,111.37,0.2706,16.7,73.7,22.21,106.15,6.863,177.89,0.6513,0.02794,0.008736,2.681,1.811,2.94,1.678,3.368,198.35,15.64,1.338,1.296,0.5704,2.734,434.71,1.197,64.75,0.8574,13.86,2.717e-05,0.2701,3.53,1.434,2.708,0.2336,12.56,0.5942,8.771
2022-03-29T16:02:43,47349.23,3399.17,111.27,0.2704,16.72,73.7,22.17,105.91,6.855,177.23,0.6513,0.02781,0.00876,2.681,1.808,2.94,1.677,3.333,198.01,15.66,1.338,1.289,0.5704,2.727,434.37,1.194,64.71,0.8553,13.76,2.713e-05,0.2682,3.515,1.431,2.706,0.2334,12.49,0.594,8.724
2022-03-29T16:03:13,47365.03,3394.58,111.22,0.2703,16.69,73.5,22.13,105.58,6.839,177.24,0.6501,0.02777,0.0087,2.676,1.807,2.94,1.676,3.333,197.05,15.59,1.344,1.29,0.5704,2.718,434.4,1.194,64.55,0.855,13.81,2.691e-05,0.2687,3.514,1.43,2.702,0.2334,12.5,0.5884,8.704
2022-03-29T16:03:43,47347.19,3393.39,111.11,0.2695,16.66,73.6,22.13,105.51,6.836,177.15,0.6513,0.02772,0.0087,2.676,1.797,2.94,1.676,3.333,196.84,15.59,1.344,1.29,0.5704,2.715,433.23,1.192,64.04,0.8546,13.81,2.686e-05,0.2687,3.508,1.428,2.701,0.2325,12.48,0.5893,8.689
2022-03-29T16:04:13,47309.31,3392.18,111.06,0.2693,16.52,73.6,22.13,105.45,6.835,176.98,0.6508,0.02764,0.0087,2.676,1.786,2.93,1.675,3.306,196.68,15.56,1.344,1.28,0.5704,2.718,432.92,1.191,64,0.8547,13.81,2.682e-05,0.2683,3.506,1.428,2.696,0.2322,12.48,0.5877,8.682
2022-03-29T16:04:43,47304.51,3392.09,110.97,0.269,16.57,73.4,22.14,105.44,6.834,177.16,0.6509,0.02766,0.0087,2.676,1.787,2.93,1.675,3.306,196.6,15.59,1.344,1.282,0.5704,2.717,432.96,1.191,63.86,0.8548,13.77,2.689e-05,0.2683,3.504,1.428,2.695,0.2321,12.44,0.5897,8.679
2022-03-29T16:05:13,47336.92,3395.38,111.12,0.2691,16.56,73.1,22.16,105.45,6.834,177.3,0.6509,0.02771,0.0087,2.656,1.786,2.93,1.675,3.322,196.67,15.59,1.337,1.282,0.5704,2.719,433.07,1.193,63.86,0.8554,13.77,2.691e-05,0.2683,3.505,1.429,2.697,0.2325,12.38,0.5897,8.668
2022-03-29T16:05:43,47357.44,3397.94,111.17,0.2694,16.5,73,22.17,105.51,6.836,178.12,0.6502,0.02777,0.008693,2.652,1.785,2.93,1.674,3.326,196.92,15.59,1.337,1.284,0.5704,2.728,433.7,1.194,64.07,0.8563,13.77,2.693e-05,0.2694,3.507,1.431,2.704,0.233,12.38,0.5923,8.674
2022-03-29T16:06:13,47367.67,3399.95,111.21,0.2694,16.5,73,22.23,105.54,6.837,178.06,0.6508,0.02774,0.008693,2.652,1.783,2.93,1.676,3.343,197.13,15.59,1.337,1.283,0.5704,2.726,434.13,1.195,64.51,0.8568,13.86,2.701e-05,0.2694,3.521,1.434,2.704,0.233,12.43,0.593,8.683
2022-03-29T16:06:44,47366.32,3397.91,111.16,0.2693,16.5,73.4,22.22,105.56,6.835,178,0.6508,0.02776,0.0087,2.652,1.783,2.93,1.676,3.343,197.1,15.59,1.337,1.283,0.5704,2.73,434.08,1.195,64.62,0.8563,13.84,2.701e-05,0.2694,3.517,1.433,2.704,0.233,12.46,0.593,8.681
2022-03-29T16:07:14,47332.31,3393.34,111.11,0.2694,16.5,73,22.18,105.57,6.832,177.46,0.6501,0.02772,0.008693,2.652,1.783,2.93,1.671,3.343,196.95,15.59,1.337,1.279,0.5704,2.724,433.77,1.194,64.58,0.8559,13.84,2.699e-05,0.2694,3.51,1.43,2.7,0.2328,12.45,0.5905,8.67
2022-03-29T16:07:44,47315.87,3393.5,111.12,0.2697,16.5,73.2,22.17,105.61,6.825,177.46,0.6501,0.02777,0.00868,2.652,1.782,2.93,1.672,3.343,196.95,15.57,1.343,1.28,0.5704,2.724,433.83,1.193,64.72,0.8565,13.83,2.7e-05,0.2689,3.51,1.431,2.7,0.2327,12.45,0.5908,8.661
2022-03-29T16:08:14,47297.93,3391.91,110.86,0.2696,16.5,73.2,22.16,105.32,6.826,177.38,0.6507,0.02778,0.00868,2.652,1.779,2.93,1.672,3.343,197,15.57,1.343,1.277,0.5704,2.717,433.63,1.193,64.77,0.8562,13.83,2.697e-05,0.2689,3.501,1.429,2.696,0.2325,12.45,0.5908,8.663
2022-03-29T16:08:44,47267.07,3391.23,110.83,0.2694,16.5,73.2,22.14,105.23,6.821,177.25,0.6507,0.02776,0.008682,2.642,1.777,2.93,1.669,3.321,196.56,15.57,1.343,1.277,0.5704,2.712,433.49,1.192,64.81,0.8547,13.77,2.696e-05,0.2672,3.501,1.424,2.693,0.2324,12.44,0.5891,8.652
2022-03-29T16:09:14,47263.97,3390.92,110.62,0.2689,16.5,72.8,22.1,105.18,6.821,177,0.6482,0.02743,0.00868,2.642,1.777,2.93,1.669,3.321,196.52,15.57,1.343,1.274,0.5704,2.709,432.97,1.191,64.78,0.8545,13.77,2.695e-05,0.2666,3.499,1.424,2.689,0.2321,12.36,0.5892,8.618
2022-03-29T16:09:44,47252.42,3387.4,110.57,0.2687,16.5,72.8,22.08,104.76,6.816,177.03,0.6483,0.02721,0.00868,2.642,1.776,2.93,1.667,3.321,196.17,15.57,1.343,1.275,0.5704,2.698,432.87,1.19,64.56,0.8544,13.77,2.684e-05,0.2666,3.486,1.422,2.686,0.2318,12.35,0.5877,8.613
2022-03-29T16:10:15,47254.59,3387.6,110.48,0.2682,16.5,72.8,22.06,104.76,6.808,177.01,0.6484,0.02712,0.00868,2.642,1.777,2.93,1.666,3.293,196.11,15.54,1.343,1.275,0.5704,2.697,432.52,1.189,64.52,0.854,13.77,2.682e-05,0.2665,3.483,1.42,2.684,0.2317,12.35,0.5859,8.602
2022-03-29T16:10:45,47246.24,3386.44,110.46,0.268,16.43,71.9,22.06,104.67,6.805,176.73,0.6484,0.02715,0.00868,2.642,1.774,2.93,1.666,3.293,195.86,15.5,1.343,1.275,0.5704,2.694,431.88,1.188,64.4,0.8539,13.76,2.68e-05,0.2655,3.483,1.417,2.681,0.2316,12.35,0.5857,8.565
2022-03-29T16:11:15,47213.71,3385.47,110.29,0.2675,16.42,71.7,22.06,104.47,6.797,176.41,0.6472,0.02715,0.00868,2.639,1.772,2.93,1.664,3.293,195.51,15.5,1.343,1.268,0.5704,2.685,431.75,1.188,64.37,0.8531,13.76,2.671e-05,0.2659,3.481,1.416,2.677,0.2314,12.35,0.5851,8.558
2022-03-29T16:11:45,47206.09,3382.03,110.29,0.2674,16.42,71.7,22.05,104.4,6.793,176.26,0.6463,0.02715,0.00868,2.639,1.763,2.93,1.663,3.292,195.38,15.46,1.336,1.268,0.5704,2.689,430.92,1.187,64.27,0.853,13.76,2.671e-05,0.2653,3.476,1.416,2.674,0.2312,12.34,0.5833,8.557
2022-03-29T16:12:15,47211.85,3382.4,110.26,0.2674,16.36,70.8,22.05,104.41,6.787,175.75,0.645,0.02714,0.00868,2.639,1.761,2.93,1.663,3.286,195.25,15.51,1.336,1.268,0.5704,2.69,431.18,1.188,63.79,0.853,13.6,2.674e-05,0.2653,3.48,1.416,2.674,0.2313,12.33,0.5833,8.557
2022-03-29T16:12:45,47189.27,3381.5,110.25,0.267,16.31,70.3,22.04,104.54,6.782,175.69,0.645,0.02717,0.00868,2.639,1.761,2.92,1.662,3.286,195.06,15.51,1.332,1.266,0.5704,2.689,431.2,1.187,63.77,0.852,13.6,2.671e-05,0.2653,3.479,1.414,2.668,0.2311,12.3,0.5841,8.554
2022-03-29T16:13:15,47183.69,3379.58,110.25,0.2671,16.31,70.5,22.03,104.56,6.778,175.53,0.6442,0.02715,0.008631,2.639,1.759,2.92,1.662,3.299,194.78,15.51,1.332,1.266,0.5704,2.683,431.21,1.186,63.96,0.8521,13.6,2.671e-05,0.2653,3.477,1.413,2.668,0.2311,12.25,0.5841,8.551
2022-03-29T16:13:45,47171.87,3377.37,109.81,0.2667,16.25,70.5,21.99,104.49,6.759,174.54,0.6444,0.02713,0.008626,2.639,1.758,2.92,1.659,3.285,194.37,15.51,1.332,1.266,0.5704,2.672,430.89,1.186,63.9,0.8514,13.6,2.669e-05,0.2649,3.467,1.411,2.662,0.2308,12.22,0.5843,8.546
2022-03-29T16:14:15,47163.22,3376.98,109.71,0.2665,16.16,70.1,21.97,104.47,6.744,174.11,0.6433,0.02704,0.008626,2.631,1.755,2.91,1.659,3.279,194.36,15.51,1.332,1.266,0.5704,2.672,430.52,1.183,63.93,0.8512,13.6,2.67e-05,0.2648,3.465,1.41,2.656,0.2308,12.21,0.5838,8.536
2022-03-29T16:14:46,47150.03,3373.59,109.66,0.2663,16.16,70.2,21.94,104.13,6.737,173.33,0.6433,0.02707,0.008619,2.63,1.753,2.91,1.658,3.279,194.2,15.52,1.332,1.266,0.5704,2.67,430.36,1.182,64.04,0.8497,13.42,2.668e-05,0.2634,3.454,1.41,2.656,0.2304,12.17,0.5843,8.515
2022-03-29T16:15:16,47124.04,3372.11,109.64,0.2661,16.16,69.8,21.88,104.03,6.736,174.08,0.643,0.02703,0.008599,2.618,1.753,2.91,1.658,3.249,194.18,15.52,1.332,1.264,0.5704,2.683,430.01,1.182,63.9,0.8464,13.42,2.668e-05,0.2636,3.449,1.409,2.642,0.2304,12.11,0.584,8.511
2022-03-29T16:15:46,47176.49,3378.12,109.45,0.2666,16.16,70.4,21.9,104.07,6.736,174.42,0.6407,0.02704,0.008627,2.618,1.756,2.9,1.66,3.249,194.85,15.58,1.332,1.262,0.5704,2.693,430.49,1.186,63.91,0.8478,13.42,2.671e-05,0.2636,3.456,1.412,2.653,0.2311,12.1,0.5852,8.479
2022-03-29T16:16:16,47201.01,3380.35,109.49,0.2668,16.22,70.4,21.95,104.44,6.751,175.45,0.6426,0.02718,0.008627,2.618,1.755,2.9,1.666,3.249,195.44,15.61,1.332,1.262,0.5704,2.702,430.6,1.188,64.52,0.8492,13.42,2.67e-05,0.2663,3.459,1.416,2.658,0.2311,12.12,0.586,8.491
2022-03-29T16:16:46,47220.71,3381.58,110.16,0.2669,16.28,70.4,21.99,104.75,6.763,175.77,0.6425,0.02723,0.00865,2.613,1.761,2.9,1.67,3.3,195.66,15.56,1.332,1.27,0.5704,2.702,431.26,1.19,64.54,0.853,13.42,2.672e-05,0.2663,3.462,1.417,2.665,0.2315,12.12,0.586,8.495
2022-03-29T16:17:16,47239.49,3384.8,110.04,0.2671,16.41,70.4,22.01,104.79,6.766,175.98,0.643,0.02731,0.00864,2.613,1.761,2.9,1.669,3.3,196.1,15.56,1.332,1.27,0.5704,2.716,431.96,1.19,64.68,0.853,13.55,2.672e-05,0.2663,3.477,1.421,2.666,0.2315,12.15,0.5867,8.568
2022-03-29T16:17:46,47278.56,3387.36,110.03,0.2687,16.42,71.1,22.05,104.86,6.776,176.19,0.6429,0.02731,0.008711,2.613,1.764,2.9,1.671,3.319,196.15,15.56,1.332,1.274,0.5704,2.719,432.31,1.192,64.61,0.854,13.57,2.687e-05,0.2663,3.48,1.423,2.672,0.2316,12.28,0.5892,8.57
2022-03-29T16:18:17,47279.63,3385.57,110.05,0.2691,16.41,71.3,22.11,104.82,6.784,176.28,0.6429,0.02738,0.008711,2.613,1.766,2.9,1.671,3.33,196.23,15.67,1.34,1.277,0.5704,2.721,432.43,1.191,64.6,0.854,13.57,2.688e-05,0.2677,3.487,1.423,2.675,0.2316,12.31,0.5889,8.583
2022-03-29T16:18:47,47287.82,3384.88,110.34,0.2692,16.41,71.3,22.08,104.92,6.791,176.39,0.6422,0.02742,0.008682,2.613,1.767,2.9,1.672,3.33,196,15.56,1.33,1.286,0.5704,2.729,432.57,1.19,64.9,0.854,13.57,2.688e-05,0.2676,3.49,1.423,2.675,0.2316,12.31,0.5872,8.585
2022-03-29T16:19:17,47294.05,3387.48,110.36,0.2699,16.45,71.4,22.09,105.08,6.796,176.44,0.6419,0.0275,0.008671,2.613,1.77,2.9,1.673,3.33,196.05,15.56,1.33,1.286,0.5704,2.733,432.88,1.192,64.93,0.8544,13.55,2.691e-05,0.2676,3.493,1.424,2.681,0.2319,12.3,0.5872,8.588
2022-03-29T16:19:47,47297.36,3388.49,110.35,0.2698,16.45,71.3,22.09,105.17,6.798,176.51,0.6425,0.02749,0.008671,2.612,1.77,2.9,1.673,3.313,195.94,15.55,1.33,1.286,0.5704,2.736,433.06,1.192,65,0.8566,13.55,2.692e-05,0.2676,3.493,1.424,2.68,0.2318,12.3,0.5873,8.592
2022-03-29T16:20:17,47297.22,3389.11,110.5,0.2698,16.46,71.3,22.11,105.14,6.794,176.48,0.6439,0.02756,0.008662,2.612,1.77,2.9,1.673,3.31,195.92,15.64,1.33,1.29,0.5704,2.735,433.06,1.193,64.92,0.856,13.58,2.694e-05,0.2677,3.496,1.424,2.683,0.2319,12.29,0.5872,8.602
2022-03-29T16:20:48,47302.98,3391.44,110.5,0.2698,16.46,71.3,22.11,105.17,6.792,176.41,0.6439,0.02762,0.008664,2.612,1.776,2.9,1.673,3.31,195.88,15.64,1.33,1.29,0.5704,2.734,432.99,1.192,64.92,0.8561,13.6,2.695e-05,0.2682,3.497,1.423,2.682,0.2318,12.3,0.5872,8.599
2022-03-29T16:21:18,47341.76,3392.74,110.55,0.2698,16.46,71.7,22.14,105.33,6.793,176.8,0.644,0.02768,0.008664,2.612,1.783,2.9,1.676,3.357,196.24,15.59,1.33,1.29,0.5704,2.741,432.94,1.193,64.9,0.8573,13.6,2.698e-05,0.2682,3.498,1.425,2.685,0.2319,12.28,0.5885,8.602
2022-03-29T16:21:48,47344.88,3394.47,110.76,0.2696,16.46,71.7,22.16,105.34,6.785,176.87,0.6458,0.02772,0.008664,2.612,1.785,2.9,1.677,3.357,196.37,15.5,1.33,1.29,0.5704,2.746,432.96,1.193,64.95,0.8571,13.63,2.698e-05,0.2684,3.502,1.426,2.694,0.232,12.28,0.5883,8.601
2022-03-29T16:22:18,47389.32,3395.17,110.74,0.2697,16.46,71.7,22.15,105.46,6.785,177.01,0.6461,0.02776,0.008664,2.619,1.788,2.9,1.677,3.357,196.69,15.56,1.33,1.29,0.5704,2.745,433.47,1.194,64.99,0.8571,13.63,2.703e-05,0.2684,3.505,1.428,2.696,0.2322,12.29,0.589,8.603
2022-03-29T16:22:48,47419.95,3400.61,110.77,0.2697,16.46,71.7,22.16,105.52,6.796,177.27,0.6461,0.02777,0.008664,2.619,1.792,2.91,1.678,3.412,196.97,15.57,1.33,1.29,0.5704,2.751,433.63,1.196,65.1,0.8573,13.7,2.705e-05,0.2692,3.505,1.429,2.697,0.2327,12.3,0.5897,8.61
2022-03-29T16:23:19,47380,3399.25,110.95,0.2698,16.51,71.8,22.18,105.54,6.795,177.39,0.6461,0.0277,0.0087,2.619,1.794,2.91,1.678,3.412,196.96,15.57,1.33,1.29,0.5704,2.753,433.57,1.195,65.11,0.8566,13.7,2.704e-05,0.2692,3.507,1.429,2.699,0.2327,12.31,0.5898,8.635
2022-03-29T16:23:49,47370.84,3398.97,110.9,0.27,16.51,71.8,22.17,105.54,6.794,177.39,0.645,0.02756,0.0087,2.619,1.797,2.91,1.678,3.413,197.02,15.57,1.326,1.29,0.5704,2.756,433.29,1.195,65.09,0.8561,13.66,2.701e-05,0.2691,3.508,1.428,2.7,0.2326,12.31,0.5889,8.637
2022-03-29T16:24:19,47365.32,3398.7,110.9,0.27,16.51,71.9,22.17,105.55,6.793,177.34,0.6431,0.02746,0.0087,2.619,1.796,2.91,1.677,3.412,197.05,15.57,1.326,1.29,0.5704,2.754,433.24,1.195,65.09,0.856,13.66,2.701e-05,0.2691,3.507,1.428,2.698,0.2325,12.27,0.5889,8.635
2022-03-29T16:24:49,47351.46,3397.81,110.64,0.27,16.51,72,22.15,105.55,6.793,177.03,0.6431,0.02744,0.0087,2.619,1.796,2.91,1.677,3.412,197.03,15.57,1.326,1.29,0.5704,2.74,432.88,1.195,65,0.856,13.66,2.7e-05,0.2678,3.505,1.427,2.693,0.2324,12.27,0.5892,8.625
2022-03-29T16:25:19,47346.12,3394.74,110.67,0.2698,16.51,72,22.13,105.33,6.782,177.05,0.6444,0.02742,0.0087,2.631,1.795,2.91,1.676,3.412,196.76,15.57,1.326,1.292,0.5704,2.738,432.56,1.193,64.93,0.8551,13.68,2.697e-05,0.2678,3.501,1.426,2.687,0.2324,12.27,0.5893,8.626
2022-03-29T16:25:49,47348.54,3394.61,110.67,0.2695,16.45,71.8,22.07,105.24,6.786,177.17,0.6446,0.02738,0.0087,2.631,1.795,2.91,1.676,3.412,196.68,15.57,1.326,1.292,0.5704,2.737,432.52,1.193,64.8,0.8548,13.63,2.696e-05,0.2678,3.494,1.426,2.69,0.2323,12.26,0.5889,8.623
2022-03-29T16:26:19,47348.39,3394.41,110.67,0.2696,16.45,71.8,22.09,105.26,6.788,177.07,0.6451,0.02736,0.00872,2.631,1.794,2.91,1.675,3.393,196.67,15.57,1.326,1.292,0.5704,2.732,432.66,1.193,64.83,0.8555,13.63,2.697e-05,0.2676,3.495,1.426,2.691,0.2323,12.26,0.5891,8.627
2022-03-29T16:26:49,47341.55,3395.28,110.65,0.2696,16.49,71.8,22.08,105.36,6.791,177.14,0.6451,0.02736,0.00872,2.631,1.794,2.91,1.673,3.389,196.62,15.57,1.326,1.289,0.5704,2.734,432.68,1.193,64.81,0.8554,13.63,2.695e-05,0.2678,3.495,1.425,2.691,0.2326,12.27,0.5905,8.622
2022-03-29T16:27:19,47346.45,3395.31,110.65,0.2693,16.49,72.2,22.08,105.38,6.791,177.33,0.6447,0.02738,0.00872,2.631,1.794,2.91,1.673,3.389,196.84,15.57,1.326,1.289,0.5704,2.734,432.67,1.193,64.79,0.8553,13.63,2.695e-05,0.2679,3.494,1.425,2.691,0.2327,12.27,0.5903,8.621
2022-03-29T16:27:50,47347.25,3395,110.65,0.269,16.49,72.2,22.08,105.38,6.792,177.44,0.645,0.02739,0.00872,2.631,1.792,2.91,1.673,3.422,196.89,15.57,1.326,1.29,0.5704,2.733,432.67,1.193,64.45,0.8554,13.72,2.696e-05,0.2679,3.493,1.425,2.69,0.2327,12.27,0.5903,8.619
2022-03-29T16:28:20,47334.82,3395.04,110.48,0.269,16.49,72.2,22.07,105.38,6.794,177.37,0.645,0.0274,0.00872,2.626,1.791,2.91,1.674,3.414,196.79,15.65,1.326,1.29,0.5704,2.733,432.44,1.193,64.43,0.8547,13.72,2.694e-05,0.2679,3.493,1.425,2.69,0.2327,12.27,0.5901,8.619
2022-03-29T16:28:50,47331.27,3395.46,110.49,0.2695,16.49,72.4,22.08,105.33,6.796,177.45,0.6456,0.0274,0.008701,2.626,1.791,2.91,1.673,3.414,196.8,15.65,1.326,1.29,0.5704,2.735,432.36,1.192,64.41,0.8549,13.7,2.695e-05,0.2681,3.495,1.425,2.691,0.2327,12.27,0.5904,8.618
2022-03-29T16:29:20,47342.42,3396.02,110.61,0.2698,16.49,72.5,22.08,105.38,6.798,177.84,0.6455,0.02742,0.008704,2.633,1.791,2.91,1.673,3.416,197.23,15.65,1.326,1.29,0.5704,2.746,432.72,1.193,64.51,0.8557,13.73,2.698e-05,0.2681,3.499,1.425,2.694,0.2328,12.28,0.5904,8.619
2022-03-29T16:29:50,47373.4,3396.36,110.67,0.2697,16.49,72.5,22.09,105.44,6.798,178.02,0.6457,0.02749,0.008704,2.634,1.793,2.91,1.675,3.424,197.52,15.65,1.326,1.29,0.5704,2.747,432.79,1.193,64.67,0.8561,13.73,2.7e-05,0.2681,3.5,1.427,2.695,0.2329,12.3,0.5912,8.639
2022-03-29T16:30:20,47377.13,3397.51,110.66,0.2696,16.49,72.5,22.1,105.47,6.802,178.08,0.6457,0.02748,0.008704,2.636,1.792,2.91,1.675,3.423,197.55,15.65,1.326,1.29,0.5704,2.753,432.76,1.193,64.75,0.8562,13.73,2.7e-05,0.2681,3.501,1.43,2.695,0.2329,12.3,0.5923,8.634
2022-03-29T16:30:50,47323.02,3393.71,110.42,0.2697,16.49,72.4,22.08,105.34,6.801,178.15,0.6447,0.02745,0.008704,2.633,1.794,2.91,1.675,3.413,197.36,15.65,1.329,1.29,0.5704,2.749,432.57,1.192,64.68,0.8548,13.73,2.696e-05,0.2681,3.497,1.428,2.692,0.2328,12.3,0.5914,8.631
2022-03-29T16:31:21,47321.73,3393,110.39,0.269,16.49,72.4,22.08,105.24,6.797,178.05,0.6447,0.02745,0.008704,2.64,1.794,2.91,1.674,3.413,197.16,15.65,1.329,1.287,0.5704,2.744,432.43,1.191,64.68,0.8547,13.73,2.693e-05,0.2679,3.496,1.428,2.689,0.2325,12.29,0.5908,8.622
2022-03-29T16:31:51,47318.21,3393.91,110.39,0.2689,16.49,72.4,22.09,105.24,6.796,177.94,0.6441,0.02741,0.008704,2.632,1.793,2.91,1.673,3.413,197.05,15.69,1.329,1.287,0.5704,2.745,432.06,1.19,64.69,0.8546,13.73,2.695e-05,0.2679,3.496,1.425,2.687,0.2325,12.31,0.5905,8.622
2022-03-29T16:32:21,47298.59,3393.15,110.32,0.2686,16.49,72.5,22.08,105.24,6.794,177.9,0.6441,0.02745,0.008717,2.631,1.792,2.91,1.673,3.408,197.09,15.71,1.329,1.287,0.5704,2.745,432.09,1.19,64.63,0.8548,13.73,2.693e-05,0.2682,3.494,1.424,2.686,0.2326,12.32,0.5894,8.619
2022-03-29T16:32:52,47310.78,3392.13,110.33,0.2687,16.45,72.5,22.09,105.23,6.799,177.92,0.6428,0.02745,0.008717,2.632,1.788,2.89,1.673,3.408,197.03,15.71,1.323,1.287,0.5704,2.746,432.05,1.19,64.65,0.8552,13.71,2.693e-05,0.2681,3.493,1.424,2.684,0.2325,12.32,0.5897,8.617
2022-03-29T16:33:22,47309.24,3391.44,110.32,0.2687,16.45,72.5,22.08,105.28,6.795,177.93,0.6428,0.02745,0.008717,2.635,1.789,2.89,1.673,3.408,197.16,15.71,1.323,1.287,0.5704,2.743,432.07,1.19,64.74,0.8557,13.7,2.693e-05,0.2681,3.488,1.425,2.684,0.2325,12.32,0.5894,8.617
2022-03-29T16:33:52,47322.96,3392.92,110.33,0.2687,16.49,72.1,22.1,105.37,6.795,178.15,0.6428,0.02748,0.008717,2.636,1.791,2.89,1.673,3.41,197.34,15.71,1.323,1.287,0.5704,2.747,432.24,1.191,64.82,0.8559,13.7,2.696e-05,0.2683,3.49,1.426,2.685,0.2327,12.35,0.5892,8.616
2022-03-29T16:34:22,47305.22,3391.19,110.29,0.2682,16.49,71.9,22.09,105.37,6.793,178.02,0.6428,0.02745,0.008717,2.636,1.79,2.89,1.671,3.41,197.19,15.71,1.323,1.287,0.5704,2.744,432.12,1.188,64.81,0.855,13.7,2.695e-05,0.2681,3.487,1.423,2.681,0.2326,12.35,0.5892,8.614
2022-03-29T16:34:52,47292.4,3388.77,109.93,0.2682,16.46,71.9,22.08,105.31,6.791,177.77,0.6428,0.02747,0.008696,2.636,1.788,2.89,1.67,3.411,196.71,15.71,1.323,1.287,0.5704,2.742,432.07,1.188,64.75,0.8547,13.65,2.692e-05,0.2681,3.478,1.422,2.679,0.2324,12.35,0.5878,8.6
2022-03-29T16:35:22,47286.1,3388.35,109.91,0.2681,16.46,71.7,22.03,105.3,6.786,177.31,0.643,0.02741,0.00868,2.635,1.789,2.89,1.669,3.409,196.6,15.71,1.326,1.284,0.5704,2.741,431.58,1.187,64.84,0.8541,13.65,2.692e-05,0.2669,3.478,1.42,2.677,0.2324,12.32,0.5878,8.59
2022-03-29T16:35:52,47294.21,3387.74,109.89,0.2682,16.46,71.6,22.03,105.33,6.788,177.35,0.643,0.02741,0.00868,2.63,1.787,2.89,1.669,3.409,196.49,15.68,1.326,1.284,0.5704,2.741,431.73,1.187,64.88,0.8542,13.66,2.691e-05,0.2667,3.478,1.42,2.678,0.2322,12.31,0.5871,8.586
2022-03-29T16:36:23,47296.03,3388.5,109.92,0.2687,16.46,71.6,22.05,105.45,6.789,177.52,0.643,0.02741,0.008627,2.63,1.786,2.89,1.669,3.408,196.72,15.74,1.329,1.283,0.57,2.741,431.38,1.187,64.98,0.8546,13.7,2.692e-05,0.2667,3.48,1.421,2.68,0.2323,12.3,0.5873,8.584
2022-03-29T16:36:53,47334.4,3389.52,110.14,0.2688,16.46,71.6,22.08,105.55,6.786,177.92,0.643,0.0274,0.00864,2.629,1.788,2.89,1.67,3.402,196.88,15.7,1.329,1.283,0.57,2.743,431.62,1.187,65,0.8552,13.7,2.693e-05,0.2667,3.49,1.424,2.683,0.2323,12.32,0.5873,8.591
2022-03-29T16:37:23,47332.07,3389.52,110.15,0.2688,16.45,71.6,22.1,105.59,6.79,178.16,0.6429,0.0275,0.00864,2.627,1.788,2.89,1.67,3.402,197.05,15.7,1.329,1.283,0.57,2.745,431.76,1.189,65.13,0.8559,13.7,2.693e-05,0.2667,3.49,1.424,2.682,0.2326,12.34,0.5903,8.596
2022-03-29T16:37:53,47361.45,3399.27,110.2,0.2689,16.45,71.6,22.14,105.65,6.793,178.79,0.6421,0.02749,0.00864,2.629,1.792,2.89,1.673,3.415,197.64,15.69,1.329,1.284,0.57,2.76,431.94,1.19,65.37,0.8576,13.71,2.695e-05,0.2681,3.494,1.425,2.689,0.2329,12.35,0.5903,8.596
2022-03-29T16:38:23,47421.08,3401.37,110.25,0.2692,16.45,72.2,22.21,106,6.805,178.95,0.6421,0.0276,0.00864,2.634,1.797,2.89,1.674,3.429,197.77,15.69,1.329,1.284,0.57,2.762,432.87,1.192,65.36,0.8581,13.71,2.699e-05,0.2681,3.508,1.431,2.694,0.2332,12.47,0.5913,8.604
2022-03-29T16:38:53,47453.72,3404.03,110.83,0.2707,16.41,72.2,22.24,106.19,6.812,179.21,0.6459,0.02769,0.00864,2.635,1.797,2.89,1.679,3.429,198.26,15.69,1.329,1.284,0.57,2.767,433.56,1.195,65.38,0.8595,13.71,2.714e-05,0.2697,3.51,1.433,2.697,0.2332,12.49,0.5925,8.624
2022-03-29T16:39:23,47464.58,3407.85,110.84,0.2706,16.41,72.2,22.24,106.38,6.814,179.43,0.6458,0.02775,0.00868,2.635,1.799,2.9,1.679,3.429,198.2,15.69,1.329,1.294,0.57,2.783,433.63,1.195,65.44,0.8596,13.81,2.715e-05,0.2696,3.511,1.433,2.699,0.2332,12.48,0.5925,8.629
2022-03-29T16:39:53,47476.5,3408.85,110.87,0.2708,16.47,72.2,22.25,106.51,6.814,179.58,0.6458,0.02781,0.00868,2.635,1.799,2.9,1.68,3.463,198.36,15.69,1.329,1.294,0.57,2.782,433.96,1.196,65.46,0.8598,13.81,2.716e-05,0.2696,3.515,1.436,2.701,0.2332,12.47,0.5932,8.645
2022-03-29T16:40:24,47475.53,3408.25,110.86,0.2705,16.47,72.2,22.21,106.53,6.814,179.61,0.6459,0.02777,0.008691,2.638,1.799,2.9,1.679,3.463,198.32,15.69,1.329,1.293,0.57,2.773,433.86,1.195,65.47,0.8598,13.81,2.715e-05,0.2698,3.514,1.436,2.7,0.2333,12.47,0.5934,8.646
2022-03-29T16:40:54,47487.53,3412.02,110.9,0.2706,16.47,72,22.21,106.56,6.815,179.69,0.6459,0.0278,0.00871,2.638,1.799,2.9,1.68,3.426,198.41,15.72,1.329,1.291,0.57,2.764,433.93,1.197,65.37,0.8601,13.81,2.716e-05,0.2698,3.517,1.438,2.703,0.2334,12.5,0.5933,8.65
2022-03-29T16:41:24,47470.59,3411.68,110.91,0.2706,16.41,72,22.2,106.54,6.81,179.73,0.645,0.02767,0.008712,2.634,1.799,2.91,1.68,3.433,198.38,15.72,1.329,1.291,0.57,2.764,433.98,1.197,65.28,0.86,13.81,2.712e-05,0.2698,3.516,1.437,2.7,0.2333,12.52,0.597,8.655
2022-03-29T16:41:54,47488.46,3416.54,110.92,0.2711,16.41,72,22.21,106.57,6.809,179.83,0.6444,0.02765,0.008712,2.634,1.799,2.91,1.681,3.457,198.41,15.72,1.329,1.291,0.57,2.766,434.04,1.197,65.27,0.8604,13.81,2.713e-05,0.2705,3.517,1.438,2.7,0.2333,12.52,0.5978,8.656
2022-03-29T16:42:24,47476.41,3416.02,110.91,0.2711,16.41,72,22.21,106.57,6.806,179.46,0.6444,0.02765,0.008713,2.634,1.797,2.91,1.681,3.457,198.4,15.72,1.329,1.291,0.57,2.765,434.03,1.195,65.21,0.8602,13.8,2.714e-05,0.2705,3.517,1.438,2.7,0.2333,12.52,0.5976,8.659
2022-03-29T16:42:54,47480.63,3415.67,110.93,0.2712,16.4,72,22.22,106.57,6.809,179.61,0.6442,0.02767,0.008695,2.634,1.798,2.91,1.683,3.462,198.43,15.72,1.329,1.294,0.57,2.768,434.09,1.196,65.24,0.8605,13.8,2.714e-05,0.2703,3.518,1.438,2.7,0.2333,12.52,0.5973,8.653
2022-03-29T16:43:24,47495.45,3416.36,110.94,0.2712,16.4,72,22.24,106.65,6.813,179.62,0.644,0.02773,0.008695,2.634,1.798,2.91,1.683,3.461,198.48,15.72,1.329,1.294,0.57,2.772,434.23,1.196,65.31,0.8607,13.8,2.716e-05,0.2707,3.521,1.438,2.7,0.2334,12.61,0.5984,8.653
2022-03-29T16:43:54,47516.82,3418.45,110.96,0.2713,16.4,72,22.26,106.75,6.821,179.61,0.644,0.02778,0.008695,2.644,1.796,2.91,1.684,3.461,198.73,15.75,1.329,1.294,0.57,2.777,434.54,1.197,65.18,0.8607,13.84,2.718e-05,0.2709,3.523,1.44,2.701,0.2334,12.64,0.5986,8.652
2022-03-29T16:44:24,47516.39,3419.51,111.14,0.2719,16.41,72,22.26,106.8,6.822,179.74,0.644,0.0278,0.008695,2.644,1.796,2.91,1.685,3.475,198.89,15.75,1.329,1.293,0.57,2.779,434.5,1.197,65.16,0.8612,13.84,2.718e-05,0.2709,3.527,1.44,2.702,0.2334,12.63,0.5987,8.657
2022-03-29T16:44:55,47516.3,3419.83,111.16,0.2719,16.41,72.4,22.26,107.04,6.835,179.73,0.6442,0.02784,0.008695,2.644,1.794,2.91,1.685,3.475,198.99,15.75,1.329,1.293,0.57,2.783,434.63,1.198,65.21,0.8613,13.84,2.719e-05,0.2715,3.528,1.441,2.703,0.2335,12.62,0.6012,8.656
2022-03-29T16:45:25,47519.95,3421.45,111.17,0.272,16.41,72.4,22.26,107.05,6.836,179.8,0.6442,0.02797,0.008695,2.644,1.796,2.91,1.686,3.475,199.02,15.75,1.33,1.293,0.57,2.784,434.68,1.197,65.34,0.8621,13.85,2.721e-05,0.2715,3.528,1.442,2.704,0.2334,12.62,0.6012,8.657
2022-03-29T16:45:55,47518.51,3420.27,111.17,0.2719,16.41,72.4,22.25,107.05,6.837,179.66,0.6442,0.028,0.008726,2.644,1.796,2.91,1.685,3.464,198.97,15.75,1.33,1.293,0.57,2.787,434.64,1.196,65.24,0.8617,13.85,2.716e-05,0.2715,3.523,1.441,2.701,0.2333,12.61,0.6014,8.647
2022-03-29T16:46:25,47520.69,3420.3,111.17,0.2719,16.45,72.3,22.25,106.79,6.839,179.68,0.6442,0.02796,0.008726,2.644,1.809,2.91,1.685,3.47,198.8,15.75,1.33,1.294,0.57,2.788,434.56,1.196,65.24,0.8613,13.85,2.716e-05,0.2707,3.523,1.441,2.7,0.2333,12.6,0.5985,8.646
2022-03-29T16:46:55,47497.39,3418.13,111.15,0.2716,16.45,72.3,22.25,106.73,6.837,179.71,0.6442,0.02793,0.008726,2.644,1.832,2.91,1.682,3.47,198.64,15.75,1.33,1.294,0.57,2.786,434.31,1.196,65.14,0.8614,13.85,2.716e-05,0.2707,3.522,1.441,2.699,0.2333,12.6,0.5985,8.646
2022-03-29T16:47:25,47514.11,3418.89,111.1,0.2713,16.41,72.3,22.26,106.72,6.838,179.84,0.6473,0.02793,0.008726,2.644,1.842,2.91,1.683,3.473,198.68,15.75,1.33,1.294,0.57,2.789,434.11,1.196,65.06,0.8615,13.82,2.716e-05,0.2707,3.522,1.443,2.7,0.2334,12.56,0.598,8.647
2022-03-29T16:47:55,47491.72,3418.99,111.09,0.2712,16.41,72.3,22.26,106.72,6.836,179.78,0.6469,0.02777,0.008726,2.639,1.839,2.91,1.682,3.473,198.29,15.75,1.33,1.296,0.57,2.786,434.03,1.196,65.03,0.8614,13.8,2.715e-05,0.2705,3.521,1.443,2.698,0.2331,12.55,0.5979,8.642
2022-03-29T16:48:25,47507.18,3419.42,111.11,0.2712,16.41,72.3,22.27,106.69,6.839,179.96,0.6469,0.02779,0.008732,2.639,1.839,2.91,1.681,3.472,198.25,15.75,1.33,1.296,0.57,2.792,434,1.196,64.95,0.8614,13.8,2.714e-05,0.2705,3.521,1.443,2.7,0.2331,12.53,0.5975,8.637
2022-03-29T16:48:56,47511.42,3419.88,111.1,0.2713,16.41,72.2,22.28,106.68,6.841,179.66,0.6496,0.02785,0.008729,2.639,1.839,2.91,1.681,3.469,198.19,15.75,1.33,1.296,0.57,2.792,433.96,1.196,64.97,0.8612,13.8,2.714e-05,0.2705,3.521,1.443,2.7,0.2329,12.52,0.5976,8.621
2022-03-29T16:49:26,47498.55,3419.65,110.95,0.2713,16.41,72.3,22.27,106.55,6.844,179.63,0.649,0.02791,0.008746,2.639,1.834,2.91,1.681,3.469,198.07,15.74,1.33,1.295,0.57,2.79,433.97,1.196,65.07,0.8611,13.8,2.713e-05,0.2705,3.516,1.442,2.699,0.2329,12.52,0.5961,8.621
2022-03-29T16:49:56,47486.21,3419.37,110.93,0.2708,16.41,72.3,22.24,106.41,6.844,179.43,0.647,0.02793,0.008746,2.639,1.83,2.91,1.68,3.47,197.97,15.76,1.33,1.294,0.57,2.789,433.81,1.195,65.03,0.8605,13.8,2.711e-05,0.2705,3.512,1.438,2.695,0.2328,12.5,0.5942,8.626
2022-03-29T16:50:26,47468.83,3419.37,110.94,0.2705,16.41,72.3,22.25,106.52,6.843,179.47,0.647,0.02794,0.008733,2.646,1.831,2.91,1.68,3.47,197.87,15.76,1.33,1.294,0.57,2.791,433.51,1.195,65.05,0.8604,13.75,2.712e-05,0.2697,3.515,1.438,2.694,0.2328,12.49,0.5941,8.624
2022-03-29T16:50:56,47470.08,3419.24,110.94,0.2705,16.46,72.3,22.25,106.47,6.845,179.44,0.6482,0.02797,0.008734,2.646,1.83,2.91,1.679,3.47,197.78,15.76,1.33,1.293,0.57,2.795,433.46,1.195,64.95,0.8604,13.76,2.71e-05,0.2697,3.514,1.437,2.693,0.2328,12.49,0.5934,8.621
2022-03-29T16:51:26,47476.67,3419.64,111.01,0.2707,16.46,72.3,22.26,106.47,6.843,179.62,0.6483,0.02795,0.008734,2.646,1.829,2.91,1.679,3.47,197.93,15.76,1.33,1.291,0.57,2.797,433.52,1.194,64.92,0.8603,13.76,2.709e-05,0.2695,3.514,1.438,2.693,0.2328,12.49,0.594,8.62
2022-03-29T16:51:56,47462.22,3419.28,111,0.2707,16.46,72,22.25,106.48,6.844,179.64,0.6469,0.02773,0.008734,2.646,1.829,2.91,1.679,3.47,197.92,15.76,1.33,1.291,0.57,2.796,433.46,1.194,64.91,0.8602,13.76,2.709e-05,0.2697,3.513,1.437,2.692,0.2326,12.49,0.5946,8.611
2022-03-29T16:52:26,47464.05,3419.22,111.02,0.2707,16.46,72,22.26,106.44,6.845,179.77,0.6469,0.02772,0.008734,2.646,1.829,2.91,1.68,3.438,198.03,15.68,1.33,1.292,0.57,2.796,433.51,1.194,64.99,0.86,13.76,2.71e-05,0.2697,3.515,1.438,2.694,0.2326,12.48,0.5947,8.605
2022-03-29T16:52:57,47462.11,3419.35,111.07,0.2707,16.47,72,22.26,106.57,6.845,179.98,0.6456,0.02775,0.008734,2.641,1.828,2.91,1.68,3.437,197.72,15.68,1.33,1.292,0.57,2.806,433.51,1.195,64.98,0.8601,13.79,2.712e-05,0.2697,3.515,1.439,2.694,0.2326,12.48,0.5948,8.609
2022-03-29T16:53:27,47460.12,3419.03,111.06,0.2709,16.47,72,22.27,106.61,6.843,180.1,0.6458,0.02773,0.008747,2.641,1.829,2.91,1.68,3.437,197.49,15.73,1.338,1.292,0.57,2.803,433.5,1.195,64.98,0.8601,13.78,2.712e-05,0.2697,3.514,1.439,2.694,0.2326,12.49,0.5952,8.601
2022-03-29T16:53:57,47467.83,3419.74,111.06,0.2709,16.43,72,22.27,106.65,6.845,180.27,0.6458,0.02772,0.008747,2.641,1.829,2.91,1.68,3.437,197.55,15.78,1.338,1.292,0.57,2.804,433.23,1.195,64.96,0.8601,13.78,2.712e-05,0.2697,3.515,1.439,2.694,0.2327,12.46,0.5954,8.598
2022-03-29T16:54:27,47461.45,3419.87,111.02,0.2707,16.43,72,22.26,106.69,6.845,180.5,0.6458,0.02774,0.008737,2.641,1.831,2.91,1.68,3.437,197.54,15.8,1.338,1.292,0.57,2.815,433.16,1.194,65.01,0.86,13.78,2.713e-05,0.2696,3.512,1.438,2.694,0.2326,12.45,0.5956,8.599
2022-03-29T16:54:57,47439.11,3419.3,111.01,0.2703,16.43,72,22.24,106.64,6.845,180.58,0.6452,0.02773,0.00875,2.641,1.829,2.91,1.679,3.437,197.37,15.8,1.338,1.282,0.57,2.82,433.01,1.193,65.01,0.8596,13.72,2.713e-05,0.2692,3.51,1.438,2.692,0.2326,12.44,0.5959,8.592
2022-03-29T16:55:27,47447.08,3419.87,110.86,0.2704,16.3,72,22.25,106.66,6.842,181.02,0.6446,0.0277,0.008733,2.641,1.831,2.91,1.68,3.41,197.4,15.8,1.338,1.28,0.57,2.823,433.05,1.194,65.01,0.8598,13.74,2.714e-05,0.2692,3.511,1.438,2.693,0.2326,12.43,0.5967,8.597
2022-03-29T16:55:57,47445.2,3419.57,110.86,0.2702,16.3,71.9,22.25,106.66,6.846,181.04,0.6446,0.02772,0.008733,2.641,1.833,2.91,1.68,3.427,197.37,15.74,1.338,1.28,0.57,2.824,433.2,1.193,64.99,0.86,13.74,2.712e-05,0.2692,3.511,1.438,2.694,0.2326,12.45,0.597,8.6
2022-03-29T16:56:27,47448.03,3419.49,110.86,0.2701,16.3,71.9,22.25,106.64,6.846,181.18,0.6446,0.02771,0.008749,2.641,1.834,2.91,1.681,3.427,197.42,15.8,1.338,1.272,0.57,2.828,433.14,1.194,64.96,0.86,13.75,2.712e-05,0.2692,3.511,1.438,2.693,0.2326,12.44,0.5968,8.599
2022-03-29T16:56:58,47461.71,3420.33,110.87,0.2702,16.3,71.9,22.26,106.6,6.846,181.27,0.6446,0.02769,0.008749,2.641,1.833,2.91,1.681,3.429,197.58,15.8,1.338,1.272,0.57,2.83,433.19,1.194,64.92,0.8606,13.75,2.713e-05,0.2694,3.516,1.439,2.694,0.2326,12.45,0.5972,8.6
2022-03-29T16:57:28,47470.27,3421.61,110.95,0.2705,16.3,71.8,22.29,106.65,6.846,181.42,0.6458,0.02772,0.008749,2.641,1.835,2.91,1.681,3.439,197.98,15.84,1.338,1.272,0.57,2.829,433.52,1.194,64.96,0.8605,13.75,2.713e-05,0.2697,3.517,1.439,2.695,0.2326,12.45,0.5978,8.601
2022-03-29T16:57:58,47492.57,3422.83,111.04,0.2705,16.3,71.8,22.29,106.71,6.844,181.54,0.6458,0.02771,0.008749,2.641,1.836,2.91,1.683,3.439,198.07,15.84,1.338,1.278,0.57,2.827,433.68,1.194,64.97,0.8608,13.81,2.714e-05,0.2697,3.519,1.44,2.698,0.2326,12.46,0.5978,8.603
2022-03-29T16:58:28,47476.16,3421.76,111.02,0.2704,16.3,71.8,22.29,106.69,6.846,181.63,0.6458,0.02771,0.008749,2.641,1.835,2.91,1.682,3.449,197.85,15.84,1.338,1.278,0.57,2.827,433.66,1.193,65.02,0.8604,13.81,2.714e-05,0.2699,3.516,1.439,2.696,0.2325,12.45,0.5976,8.606
2022-03-29T16:58:58,47432.93,3418.34,110.99,0.2703,16.3,71.8,22.26,106.64,6.84,181.43,0.6455,0.02767,0.008737,2.641,1.832,2.91,1.68,3.461,197.49,15.84,1.338,1.279,0.57,2.833,433.46,1.193,64.96,0.8601,13.81,2.714e-05,0.2699,3.516,1.439,2.695,0.2326,12.42,0.5969,8.604
2022-03-29T16:59:28,47441.48,3418.61,111.01,0.2703,16.3,71.8,22.29,106.65,6.84,181.54,0.6455,0.02769,0.008737,2.641,1.832,2.91,1.68,3.461,197.51,15.84,1.338,1.279,0.57,2.844,433.26,1.193,64.91,0.8602,13.79,2.711e-05,0.2694,3.515,1.439,2.695,0.2326,12.42,0.5969,8.598
2022-03-29T16:59:58,47464.52,3418.94,110.82,0.2705,16.3,71.8,22.29,106.68,6.841,181.6,0.6455,0.02767,0.008737,2.646,1.834,2.91,1.681,3.466,197.58,15.88,1.338,1.279,0.57,2.849,433.29,1.195,65.02,0.8603,13.78,2.713e-05,0.2694,3.516,1.439,2.696,0.2326,12.43,0.597,8.599
2022-03-29T17:00:28,47471.21,3420.42,110.72,0.2703,16.3,71.8,22.29,106.69,6.849,181.77,0.6455,0.02768,0.008736,2.646,1.835,2.91,1.68,3.469,197.49,15.91,1.338,1.278,0.57,2.851,433.32,1.193,64.92,0.86,13.79,2.713e-05,0.2694,3.515,1.439,2.696,0.2326,12.41,0.5962,8.599
2022-03-29T17:00:58,47457.07,3420.54,110.67,0.2702,16.3,72.2,22.26,106.68,6.851,181.86,0.6455,0.02769,0.008736,2.646,1.838,2.91,1.68,3.454,197.4,15.91,1.338,1.277,0.57,2.876,433.38,1.193,64.95,0.8598,13.79,2.712e-05,0.2692,3.515,1.439,2.695,0.2321,12.42,0.5963,8.599
2022-03-29T17:01:29,47425.35,3413.96,110.64,0.2701,16.3,72.2,22.21,106.43,6.844,182.06,0.6446,0.0276,0.008733,2.646,1.835,2.91,1.678,3.435,197.27,15.91,1.338,1.277,0.57,2.879,432.71,1.19,64.91,0.8594,13.74,2.704e-05,0.2692,3.512,1.435,2.692,0.2317,12.4,0.5959,8.605
2022-03-29T17:01:59,47437.2,3414.65,110.71,0.2703,16.3,72.1,22.22,106.43,6.844,182.24,0.645,0.02752,0.008733,2.646,1.826,2.91,1.68,3.433,197.29,15.91,1.338,1.275,0.57,2.865,432.86,1.19,64.91,0.8589,13.74,2.704e-05,0.2692,3.51,1.436,2.69,0.2318,12.4,0.5939,8.606
2022-03-29T17:02:29,47407.27,3414.76,110.95,0.2704,16.3,72.1,22.22,106.43,6.843,182.37,0.645,0.02753,0.008733,2.646,1.825,2.91,1.68,3.433,197.01,15.91,1.338,1.274,0.57,2.843,432.73,1.191,64.89,0.8593,13.75,2.702e-05,0.2686,3.51,1.435,2.69,0.2318,12.4,0.5932,8.609
2022-03-29T17:02:59,47402.87,3413.13,110.97,0.2705,16.3,72.1,22.22,106.43,6.843,182.4,0.645,0.02751,0.008733,2.641,1.826,2.91,1.68,3.433,196.93,15.91,1.338,1.274,0.57,2.835,432.76,1.191,64.89,0.8595,13.74,2.701e-05,0.2686,3.51,1.436,2.69,0.2317,12.39,0.5936,8.613
2022-03-29T17:03:29,47436.55,3413.2,111.17,0.2707,16.3,72,22.22,106.42,6.843,182.58,0.645,0.02752,0.008733,2.641,1.826,2.91,1.68,3.433,196.84,15.91,1.338,1.277,0.57,2.845,432.77,1.191,64.91,0.8596,13.74,2.701e-05,0.269,3.515,1.437,2.69,0.2317,12.4,0.5937,8.62
2022-03-29T17:03:59,47421.62,3412.92,111.18,0.2707,16.3,72,22.25,106.37,6.843,183.3,0.645,0.02752,0.008733,2.641,1.826,2.91,1.68,3.433,196.71,15.95,1.332,1.277,0.57,2.839,432.84,1.191,64.93,0.8597,13.74,2.7e-05,0.2689,3.515,1.437,2.692,0.2318,12.44,0.5941,8.619
2022-03-29T17:04:29,47408.77,3411.46,111.16,0.2707,16.3,72,22.25,106.34,6.842,183.56,0.645,0.02749,0.008719,2.64,1.823,2.91,1.68,3.435,196.61,15.95,1.332,1.277,0.57,2.839,432.81,1.19,64.93,0.8597,13.73,2.698e-05,0.2689,3.515,1.436,2.69,0.2317,12.43,0.594,8.619
2022-03-29T17:05:00,47416.31,3411.4,111.28,0.2705,16.3,72,22.25,106.32,6.842,183.97,0.6426,0.02751,0.008721,2.64,1.818,2.91,1.68,3.432,196.59,15.95,1.332,1.277,0.57,2.842,432.74,1.19,64.96,0.8594,13.73,2.697e-05,0.269,3.514,1.435,2.69,0.2317,12.43,0.5939,8.619
2022-03-29T17:05:30,47414.62,3410.99,111.29,0.2707,16.3,72,22.25,106.33,6.843,185.08,0.6442,0.02749,0.008721,2.64,1.814,2.91,1.68,3.432,196.57,15.92,1.332,1.277,0.57,2.831,432.85,1.19,64.98,0.8593,13.73,2.699e-05,0.269,3.515,1.434,2.691,0.2318,12.43,0.5939,8.619
2022-03-29T17:06:00,47431.79,3411.41,111.43,0.2708,16.3,72.1,22.25,106.3,6.843,185.46,0.6442,0.02747,0.008721,2.64,1.81,2.91,1.68,3.429,196.64,15.92,1.332,1.277,0.57,2.833,432.95,1.19,65.02,0.86,13.74,2.702e-05,0.269,3.515,1.435,2.693,0.2318,12.42,0.5945,8.621
2022-03-29T17:06:30,47420.93,3409.97,111.41,0.2707,16.3,72.1,22.26,106.23,6.844,184.9,0.6442,0.02751,0.008721,2.64,1.809,2.91,1.68,3.429,196.34,15.88,1.332,1.277,0.57,2.83,432.97,1.19,65.07,0.8599,13.74,2.701e-05,0.269,3.514,1.435,2.692,0.2318,12.44,0.5948,8.62
2022-03-29T17:07:00,47405.37,3409.51,111.36,0.2706,16.3,72,22.25,106.21,6.844,183.99,0.6442,0.02749,0.008721,2.64,1.809,2.91,1.678,3.429,196.22,15.88,1.332,1.274,0.57,2.823,432.8,1.19,65.05,0.8596,13.74,2.701e-05,0.269,3.509,1.434,2.689,0.2317,12.54,0.5948,8.62
2022-03-29T17:07:30,47400.81,3409.08,110.96,0.2704,16.3,72,22.23,106.15,6.847,183.85,0.6442,0.02749,0.008721,2.64,1.81,2.91,1.676,3.424,196.1,15.88,1.332,1.274,0.57,2.819,432.77,1.189,65,0.8588,13.67,2.691e-05,0.2682,3.508,1.433,2.687,0.2315,12.56,0.593,8.618
2022-03-29T17:08:00,47393.01,3409.11,111.1,0.2704,16.3,71.9,22.22,105.94,6.847,184.12,0.6443,0.02749,0.008721,2.64,1.81,2.91,1.676,3.424,196.09,15.86,1.332,1.274,0.57,2.817,432.68,1.189,65,0.8587,13.65,2.691e-05,0.2682,3.507,1.431,2.687,0.2316,12.56,0.5931,8.615
2022-03-29T17:08:31,47399.82,3407.02,111.14,0.2704,16.3,72,22.23,105.91,6.842,183.82,0.6443,0.02751,0.008721,2.64,1.81,2.91,1.676,3.418,196.03,15.85,1.332,1.273,0.57,2.812,432.72,1.189,64.97,0.8589,13.68,2.691e-05,0.2682,3.509,1.431,2.688,0.2316,12.55,0.5934,8.609
2022-03-29T17:09:01,47399.71,3406.77,111.13,0.2704,16.3,71.8,22.23,105.91,6.838,183.63,0.6426,0.02756,0.008721,2.64,1.808,2.91,1.676,3.409,196.02,15.85,1.332,1.27,0.57,2.815,432.68,1.188,64.87,0.8588,13.67,2.691e-05,0.2682,3.505,1.431,2.687,0.2316,12.54,0.5933,8.591
2022-03-29T17:09:31,47398.26,3407.02,110.91,0.2703,16.3,71.8,22.22,105.88,6.844,183.37,0.6426,0.02754,0.008721,2.64,1.806,2.9,1.675,3.409,195.79,15.85,1.332,1.27,0.57,2.815,432.54,1.188,64.86,0.8588,13.66,2.69e-05,0.2682,3.504,1.431,2.685,0.2316,12.54,0.5936,8.591
2022-03-29T17:10:01,47361.44,3406.5,110.84,0.2702,16.3,71.4,22.21,105.8,6.843,183.19,0.6426,0.02763,0.008721,2.64,1.807,2.9,1.676,3.409,195.71,15.85,1.332,1.27,0.57,2.813,432.56,1.188,64.85,0.8579,13.66,2.687e-05,0.2682,3.498,1.431,2.682,0.2315,12.45,0.5932,8.587
2022-03-29T17:10:31,47380.21,3406.85,110.82,0.2702,16.3,71.5,22.22,105.79,6.83,183,0.6426,0.02767,0.008732,2.64,1.807,2.9,1.676,3.405,195.74,15.85,1.332,1.27,0.57,2.815,432.59,1.188,64.93,0.8586,13.67,2.688e-05,0.2682,3.503,1.432,2.683,0.2316,12.45,0.5932,8.593
2022-03-29T17:11:01,47371.79,3406.82,110.82,0.2702,16.28,71.5,22.22,105.81,6.835,183.05,0.6426,0.02763,0.008743,2.64,1.807,2.9,1.677,3.405,195.76,15.85,1.332,1.27,0.57,2.815,432.56,1.189,64.96,0.8585,13.67,2.691e-05,0.2682,3.502,1.431,2.681,0.2316,12.45,0.5936,8.593
2022-03-29T17:11:31,47383.59,3408.22,110.83,0.2703,16.26,71.5,22.23,105.84,6.833,183.22,0.6427,0.02759,0.008743,2.643,1.805,2.9,1.677,3.405,195.81,16,1.332,1.27,0.57,2.814,432.63,1.189,64.89,0.8584,13.67,2.691e-05,0.2682,3.503,1.431,2.682,0.2315,12.46,0.5936,8.594
2022-03-29T17:12:01,47380.73,3407.95,110.82,0.2703,16.26,71.5,22.23,105.95,6.834,183.57,0.6447,0.02762,0.008689,2.643,1.805,2.9,1.677,3.392,195.84,16,1.332,1.269,0.57,2.815,432.64,1.188,64.9,0.8583,13.66,2.691e-05,0.2681,3.501,1.432,2.683,0.2315,12.45,0.5936,8.592
2022-03-29T17:12:32,47382.61,3407.7,110.84,0.2703,16.26,71.5,22.23,105.96,6.841,183.73,0.6447,0.02761,0.008689,2.643,1.804,2.89,1.676,3.392,195.88,16.01,1.332,1.273,0.57,2.815,432.69,1.188,64.92,0.8582,13.66,2.692e-05,0.2679,3.501,1.432,2.684,0.2316,12.46,0.5945,8.59
2022-03-29T17:13:02,47381.62,3407.36,110.84,0.2703,16.23,71.6,22.23,105.8,6.837,183.57,0.6431,0.02761,0.008689,2.643,1.804,2.89,1.676,3.396,195.9,16.01,1.332,1.273,0.57,2.808,432.53,1.188,64.94,0.8584,13.66,2.691e-05,0.2679,3.5,1.432,2.682,0.2316,12.48,0.5957,8.586
2022-03-29T17:13:32,47388.6,3408.37,110.86,0.2703,16.23,71.6,22.23,105.78,6.841,183.56,0.6421,0.02758,0.008689,2.643,1.805,2.89,1.677,3.399,195.9,16.01,1.332,1.272,0.57,2.81,432.39,1.188,64.91,0.8584,13.66,2.689e-05,0.2679,3.502,1.433,2.682,0.2316,12.48,0.5958,8.588
2022-03-29T17:14:02,47384.7,3408.21,110.85,0.2702,16.23,71.4,22.23,105.78,6.841,183.1,0.6421,0.02757,0.008689,2.643,1.805,2.89,1.676,3.399,196.04,16.01,1.323,1.27,0.57,2.824,432.41,1.188,64.94,0.8583,13.66,2.689e-05,0.2679,3.502,1.431,2.682,0.2316,12.51,0.596,8.587
2022-03-29T17:14:32,47363.77,3406.8,110.83,0.2702,16.24,71.4,22.23,105.77,6.834,183.1,0.6434,0.0275,0.00871,2.638,1.803,2.89,1.676,3.412,195.94,16.01,1.323,1.27,0.57,2.818,432.41,1.188,64.88,0.8578,13.68,2.689e-05,0.2679,3.499,1.431,2.682,0.2319,12.52,0.5955,8.587
2022-03-29T17:15:02,47357.83,3406.32,110.69,0.2702,16.21,71.4,22.21,105.72,6.828,182.93,0.6425,0.02746,0.00871,2.642,1.802,2.89,1.676,3.412,195.79,16.01,1.323,1.271,0.57,2.816,432.33,1.187,64.84,0.8576,13.68,2.687e-05,0.2679,3.496,1.429,2.681,0.2318,12.52,0.5947,8.584
2022-03-29T17:15:33,47383.27,3407.73,110.7,0.2701,16.21,71.4,22.2,105.72,6.828,183.02,0.6415,0.02747,0.00871,2.642,1.803,2.89,1.675,3.412,195.83,15.96,1.323,1.271,0.57,2.812,432.21,1.185,64.81,0.8574,13.69,2.688e-05,0.2678,3.496,1.429,2.682,0.2318,12.51,0.5947,8.583
2022-03-29T17:16:03,47376.93,3407.02,110.68,0.27,16.16,71.5,22.21,105.76,6.826,182.89,0.6415,0.0275,0.00871,2.642,1.814,2.89,1.675,3.415,195.91,15.96,1.323,1.271,0.57,2.807,432.25,1.186,64.73,0.8575,13.7,2.687e-05,0.2678,3.496,1.428,2.681,0.2318,12.52,0.5965,8.582
2022-03-29T17:16:33,47356.07,3404.68,110.54,0.2699,16.16,71.5,22.2,105.74,6.819,182.69,0.6414,0.02743,0.00871,2.642,1.807,2.89,1.673,3.415,195.57,15.96,1.323,1.269,0.57,2.806,432.28,1.186,64.69,0.8572,13.7,2.683e-05,0.2672,3.495,1.427,2.679,0.2316,12.51,0.5947,8.582
2022-03-29T17:17:03,47341.11,3403.26,110.52,0.2688,16.16,71.5,22.19,105.66,6.806,182.25,0.6412,0.02745,0.008707,2.642,1.804,2.89,1.672,3.399,195.56,15.96,1.323,1.269,0.57,2.802,431.98,1.185,64.68,0.8571,13.62,2.682e-05,0.2671,3.494,1.426,2.679,0.2316,12.51,0.5947,8.579
2022-03-29T17:17:33,47335.13,3403.08,110.33,0.269,16.16,71.1,22.17,105.63,6.808,182.04,0.642,0.02739,0.008707,2.642,1.804,2.89,1.672,3.396,195.51,15.96,1.323,1.269,0.57,2.793,431.95,1.185,64.65,0.8563,13.63,2.677e-05,0.2671,3.492,1.425,2.675,0.2314,12.5,0.5928,8.576
2022-03-29T17:18:04,47292.89,3399.49,110.24,0.2689,16.16,70.8,22.12,105.6,6.795,181.19,0.642,0.02737,0.008691,2.611,1.8,2.89,1.671,3.397,195.24,15.95,1.323,1.268,0.57,2.788,431.83,1.183,64.51,0.8555,13.63,2.674e-05,0.2662,3.482,1.422,2.669,0.231,12.42,0.5928,8.571
2022-03-29T17:18:34,47253.91,3399.33,110.21,0.269,16.16,70.8,22.11,105.57,6.79,180.71,0.6407,0.02731,0.008653,2.613,1.799,2.89,1.67,3.397,195.04,15.95,1.323,1.268,0.57,2.785,431.74,1.183,64.46,0.8554,13.58,2.67e-05,0.2662,3.48,1.42,2.664,0.231,12.42,0.5926,8.546
2022-03-29T17:19:04,47215.37,3398.3,109.83,0.2681,16.15,70.8,22.07,105.53,6.783,180.32,0.6401,0.02712,0.008632,2.609,1.794,2.89,1.666,3.385,194.8,15.95,1.323,1.268,0.57,2.779,431.62,1.18,64.33,0.8547,13.58,2.663e-05,0.2662,3.476,1.416,2.66,0.2309,12.39,0.5859,8.538
2022-03-29T17:19:34,47227.75,3397.16,109.81,0.2682,16.14,70.8,22.07,105.52,6.776,181.1,0.6403,0.02715,0.008632,2.609,1.795,2.89,1.667,3.386,194.94,15.95,1.323,1.268,0.57,2.778,431.5,1.182,64.37,0.8547,13.58,2.667e-05,0.2663,3.477,1.417,2.662,0.2308,12.37,0.5868,8.524
2022-03-29T17:20:04,47225.86,3396.78,109.65,0.2683,16.11,70.8,22.07,105.37,6.77,181.23,0.6403,0.02717,0.008626,2.609,1.79,2.89,1.667,3.386,194.91,15.95,1.323,1.266,0.57,2.786,430.52,1.182,64.38,0.8546,13.6,2.669e-05,0.2663,3.477,1.417,2.661,0.2309,12.37,0.5879,8.528
2022-03-29T17:20:35,47193.71,3393.48,109.61,0.2683,16.08,70.8,22.06,105.35,6.763,181.08,0.6402,0.02712,0.008626,2.609,1.792,2.89,1.665,3.371,194.52,15.95,1.317,1.265,0.57,2.778,430.38,1.18,64.37,0.8544,13.6,2.667e-05,0.2654,3.468,1.414,2.66,0.2308,12.34,0.5874,8.535
2022-03-29T17:21:05,47172.22,3393.23,109.58,0.2683,16.08,70.8,22.04,105.24,6.762,180.68,0.6387,0.02712,0.008626,2.609,1.792,2.89,1.663,3.371,194.44,15.95,1.317,1.265,0.57,2.772,430.25,1.179,64.37,0.8543,13.56,2.664e-05,0.2653,3.465,1.412,2.659,0.2308,12.35,0.5868,8.539
2022-03-29T17:21:35,47171.05,3391.18,109.29,0.2684,16.05,70.8,22.02,104.97,6.764,180.14,0.6385,0.027,0.008626,2.599,1.789,2.89,1.662,3.365,194.38,15.95,1.311,1.265,0.57,2.771,430.24,1.178,64.31,0.8508,13.57,2.658e-05,0.2651,3.464,1.411,2.658,0.2307,12.34,0.5863,8.54
2022-03-29T17:22:05,47176.43,3389.14,109.26,0.2683,16.07,70.7,22.02,104.98,6.759,180.45,0.6384,0.027,0.008626,2.603,1.789,2.89,1.662,3.365,194.37,16.03,1.311,1.265,0.57,2.771,430.12,1.177,64.36,0.8508,13.57,2.657e-05,0.2651,3.463,1.41,2.657,0.2303,12.31,0.5856,8.544
2022-03-29T17:22:35,47188.4,3390.02,109.24,0.2685,16.08,70.6,22,105.07,6.763,180.75,0.6356,0.02709,0.008605,2.603,1.79,2.88,1.663,3.365,194.44,16.02,1.311,1.261,0.57,2.773,430.28,1.18,64.4,0.8511,13.57,2.66e-05,0.2651,3.466,1.412,2.66,0.2304,12.33,0.5881,8.539
2022-03-29T17:23:05,47194.48,3391.59,109.35,0.2685,16.08,70.6,22.02,105.13,6.762,181.21,0.6371,0.02701,0.008628,2.603,1.79,2.88,1.664,3.365,194.52,16.02,1.311,1.262,0.57,2.776,430.48,1.18,64.43,0.8517,13.57,2.663e-05,0.2651,3.466,1.412,2.663,0.2304,12.34,0.5881,8.538
2022-03-29T17:23:35,47191.96,3392.49,109.35,0.2686,16.08,70.5,22.04,105.18,6.759,181.48,0.6369,0.02706,0.008628,2.603,1.789,2.88,1.664,3.365,194.71,16.02,1.311,1.262,0.57,2.778,430.74,1.18,64.45,0.8519,13.57,2.67e-05,0.2651,3.474,1.416,2.664,0.2305,12.36,0.5882,8.532
2022-03-29T17:24:05,47189.23,3391.85,109.32,0.2687,16.08,70.5,22.06,105.18,6.761,181.39,0.6369,0.02707,0.008628,2.603,1.788,2.88,1.663,3.368,194.6,16.02,1.311,1.262,0.57,2.782,430.85,1.18,64.48,0.8518,13.57,2.671e-05,0.2651,3.473,1.414,2.663,0.2305,12.32,0.5889,8.527
2022-03-29T17:24:35,47190.65,3390.5,109.17,0.2686,16.08,70.5,22.06,105.21,6.761,181.63,0.6368,0.02702,0.008628,2.603,1.791,2.88,1.663,3.365,194.66,16.02,1.311,1.265,0.57,2.784,430.71,1.18,64.5,0.8519,13.61,2.672e-05,0.2656,3.474,1.414,2.664,0.2305,12.32,0.589,8.529
2022-03-29T17:25:06,47189.85,3390.27,109.17,0.2686,16.08,70.6,22.06,105.16,6.76,181.7,0.6366,0.02703,0.008628,2.603,1.791,2.88,1.664,3.365,194.54,16.02,1.311,1.265,0.57,2.783,430.64,1.181,64.52,0.8517,13.61,2.672e-05,0.2658,3.473,1.414,2.662,0.2305,12.31,0.589,8.531
2022-03-29T17:25:36,47214.38,3389.2,109.29,0.2687,16.08,70.5,22.08,105.19,6.764,182.06,0.6366,0.02712,0.008628,2.6,1.79,2.87,1.664,3.365,194.64,16.02,1.311,1.265,0.57,2.791,430.8,1.181,64.55,0.8516,13.61,2.673e-05,0.2658,3.476,1.414,2.668,0.2303,12.32,0.5892,8.536
2022-03-29T17:26:06,47222.38,3390.99,109.32,0.269,16.08,70.4,22.07,105.22,6.775,182.04,0.6366,0.02714,0.008608,2.6,1.793,2.87,1.665,3.365,194.72,16.02,1.311,1.267,0.57,2.789,430.94,1.182,64.59,0.8517,13.65,2.675e-05,0.2668,3.478,1.415,2.67,0.2303,12.32,0.5896,8.538
2022-03-29T17:26:36,47205.83,3390.02,109.32,0.269,16.08,70.4,22.07,105.2,6.765,181.74,0.6354,0.02715,0.008606,2.6,1.791,2.87,1.664,3.349,194.69,16.02,1.311,1.267,0.57,2.785,430.97,1.182,64.58,0.8515,13.65,2.675e-05,0.2668,3.477,1.415,2.669,0.2303,12.32,0.5893,8.538
2022-03-29T17:27:06,47210.22,3387.8,109.32,0.269,16.08,70.3,22.06,105.17,6.768,181.65,0.6356,0.02713,0.008605,2.6,1.791,2.87,1.664,3.349,194.72,16.02,1.311,1.265,0.57,2.782,430.86,1.182,64.67,0.8514,13.65,2.673e-05,0.2668,3.476,1.415,2.667,0.2303,12.31,0.5899,8.533
2022-03-29T17:27:36,47223.82,3388.02,109.34,0.2691,16.08,70.3,22.06,105.2,6.768,181.58,0.6352,0.02714,0.008605,2.6,1.792,2.87,1.665,3.349,194.74,16.02,1.311,1.265,0.57,2.782,430.77,1.182,64.68,0.8516,13.62,2.674e-05,0.2668,3.48,1.415,2.667,0.2304,12.31,0.59,8.532
2022-03-29T17:28:06,47236.31,3388.04,109.42,0.2693,16.08,70.3,22.05,105.17,6.78,181.66,0.6352,0.02716,0.008605,2.6,1.792,2.87,1.665,3.349,194.78,15.83,1.311,1.267,0.57,2.782,430.83,1.182,64.72,0.8519,13.63,2.674e-05,0.2668,3.482,1.415,2.668,0.2304,12.31,0.59,8.533
2022-03-29T17:28:37,47227.71,3387.63,109.42,0.2691,16.08,70.4,22.05,105.17,6.771,181.58,0.6351,0.02711,0.008618,2.592,1.792,2.87,1.664,3.349,194.72,15.83,1.311,1.267,0.57,2.78,430.82,1.182,64.7,0.8519,13.63,2.674e-05,0.2668,3.48,1.415,2.668,0.2304,12.33,0.5897,8.532
2022-03-29T17:29:07,47232.92,3387.68,109.4,0.2691,16.08,70.4,22.05,105.19,6.772,181.65,0.6349,0.02713,0.008604,2.595,1.792,2.87,1.665,3.34,194.81,15.83,1.311,1.267,0.57,2.78,430.75,1.182,64.74,0.8524,13.64,2.674e-05,0.2668,3.482,1.416,2.669,0.2304,12.36,0.5904,8.534
2022-03-29T17:29:37,47236.87,3389.09,109.47,0.2696,16.08,70.4,22.05,105.2,6.771,181.65,0.6349,0.02711,0.008604,2.595,1.791,2.87,1.666,3.34,194.87,15.83,1.311,1.269,0.57,2.78,430.73,1.182,64.77,0.8523,13.64,2.678e-05,0.2674,3.488,1.416,2.67,0.2306,12.36,0.5904,8.546
2022-03-29T17:30:07,47214.99,3387.79,109.45,0.2695,16.14,70.4,22.04,105.16,6.771,181.51,0.6349,0.02708,0.008589,2.595,1.791,2.87,1.664,3.34,194.69,15.83,1.311,1.267,0.57,2.779,430.88,1.181,64.9,0.8521,13.64,2.676e-05,0.2674,3.482,1.416,2.668,0.2304,12.36,0.5894,8.548
2022-03-29T17:30:37,47212.71,3385.24,109.35,0.2694,16.12,70.5,22.02,105.15,6.769,181.55,0.635,0.02703,0.008589,2.593,1.792,2.87,1.664,3.363,194.66,15.9,1.311,1.267,0.57,2.778,430.73,1.181,64.89,0.8511,13.6,2.676e-05,0.2674,3.483,1.415,2.667,0.2304,12.36,0.5898,8.547
2022-03-29T17:31:07,47193.98,3384.86,109.19,0.2693,16.12,70.5,21.98,105.24,6.769,180.95,0.6324,0.02701,0.008607,2.593,1.791,2.87,1.663,3.367,194.65,15.9,1.311,1.267,0.57,2.769,430.25,1.18,64.82,0.8508,13.6,2.665e-05,0.2659,3.473,1.415,2.662,0.2302,12.31,0.5891,8.527
2022-03-29T17:31:37,47198.3,3385.15,109.19,0.2693,16.12,70.5,21.98,105.32,6.768,180.85,0.6316,0.02698,0.008607,2.593,1.79,2.87,1.662,3.367,194.63,15.9,1.311,1.267,0.57,2.769,430.07,1.18,64.79,0.8509,13.6,2.667e-05,0.2659,3.475,1.414,2.662,0.2302,12.29,0.5866,8.537
2022-03-29T17:32:07,47254.56,3386.51,109.22,0.2684,16.12,70.7,21.99,105.36,6.768,180.93,0.6316,0.02701,0.008607,2.593,1.79,2.87,1.663,3.367,194.62,15.9,1.311,1.267,0.57,2.772,430.5,1.181,64.8,0.8514,13.6,2.669e-05,0.2663,3.476,1.416,2.665,0.2302,12.29,0.5866,8.537
2022-03-29T17:32:38,47260.71,3393.58,109.56,0.2685,16.12,70.7,22.07,105.47,6.774,181.76,0.6334,0.02706,0.00859,2.591,1.79,2.87,1.666,3.386,194.77,15.9,1.311,1.27,0.57,2.786,430.96,1.181,64.82,0.8518,13.65,2.679e-05,0.2675,3.48,1.42,2.668,0.2306,12.37,0.5866,8.54
2022-03-29T17:33:08,47340.48,3396.84,109.59,0.2699,16.12,70.8,22.09,105.81,6.766,182.04,0.6342,0.02715,0.00861,2.591,1.791,2.87,1.672,3.38,194.91,15.9,1.311,1.272,0.57,2.791,431.28,1.182,64.82,0.8544,13.7,2.68e-05,0.2675,3.482,1.423,2.673,0.231,12.4,0.5887,8.542
2022-03-29T17:33:38,47331.79,3394.83,109.59,0.2699,16.08,70.9,22.13,105.86,6.768,182.19,0.6343,0.02722,0.00861,2.591,1.791,2.87,1.673,3.38,195.11,15.8,1.313,1.272,0.57,2.791,431.62,1.182,64.87,0.8546,13.68,2.682e-05,0.2675,3.495,1.425,2.676,0.2313,12.4,0.5898,8.546
2022-03-29T17:34:08,47367.42,3395.65,109.91,0.2698,16.08,70.9,22.14,105.96,6.763,182.28,0.6341,0.02733,0.008656,2.591,1.791,2.87,1.673,3.38,195.53,15.8,1.313,1.267,0.57,2.795,431.76,1.184,64.87,0.8549,13.68,2.682e-05,0.2683,3.497,1.426,2.676,0.2314,12.4,0.59,8.548
2022-03-29T17:34:38,47353.26,3394.97,109.88,0.2696,16.13,70.9,22.14,105.9,6.761,182.19,0.6364,0.02733,0.008668,2.591,1.791,2.87,1.673,3.38,195.36,15.8,1.313,1.271,0.57,2.794,431.81,1.184,64.92,0.855,13.68,2.682e-05,0.2678,3.497,1.425,2.676,0.2314,12.4,0.5895,8.558
2022-03-29T17:35:08,47337.69,3394.39,109.77,0.2696,16.13,70.9,22.1,105.89,6.754,181.98,0.6352,0.0273,0.008669,2.593,1.792,2.87,1.671,3.38,195.17,15.8,1.314,1.273,0.57,2.803,431.66,1.184,64.93,0.8551,13.64,2.681e-05,0.2678,3.495,1.424,2.675,0.2314,12.39,0.5893,8.559
2022-03-29T17:35:38,47315.18,3393.37,109.9,0.2696,16.08,70.9,22.1,105.93,6.748,181.98,0.6352,0.02726,0.008669,2.596,1.792,2.87,1.671,3.38,195.12,15.8,1.314,1.271,0.57,2.799,431.83,1.184,64.93,0.8557,13.64,2.683e-05,0.2681,3.496,1.424,2.675,0.2316,12.39,0.5896,8.558
2022-03-29T17:36:08,47312.92,3393.57,109.9,0.2697,16.08,71.3,22.11,106.02,6.744,182.18,0.6352,0.02714,0.008661,2.596,1.792,2.87,1.671,3.401,195.12,15.84,1.314,1.271,0.57,2.791,431.79,1.184,64.87,0.8554,13.64,2.683e-05,0.268,3.496,1.424,2.673,0.2316,12.39,0.589,8.559
2022-03-29T17:36:39,47316.25,3393.56,109.83,0.2698,16.08,71.4,22.09,106.02,6.744,182.2,0.6355,0.02707,0.008647,2.596,1.792,2.87,1.671,3.396,195.09,15.84,1.314,1.275,0.57,2.791,431.75,1.184,64.81,0.8555,13.66,2.683e-05,0.268,3.496,1.424,2.673,0.2317,12.35,0.5893,8.559
2022-03-29T17:37:09,47312.91,3392.88,109.73,0.2698,16.08,71.5,22.09,106.01,6.743,182.2,0.6355,0.02708,0.008647,2.596,1.792,2.87,1.67,3.396,195.07,15.84,1.314,1.275,0.57,2.786,431.76,1.183,64.79,0.855,13.66,2.682e-05,0.268,3.495,1.424,2.672,0.2317,12.34,0.5893,8.56
2022-03-29T17:37:39,47323.5,3392.58,109.62,0.2694,16.08,71.5,22.09,105.93,6.743,182.26,0.6355,0.02711,0.008647,2.596,1.792,2.87,1.67,3.396,194.91,15.84,1.314,1.275,0.57,2.787,431.63,1.183,64.78,0.8552,13.64,2.683e-05,0.2678,3.495,1.422,2.671,0.2317,12.34,0.589,8.558
2022-03-29T17:38:09,47317.1,3389.71,109.6,0.2694,16.08,71.4,22.08,105.92,6.747,182.13,0.6355,0.02708,0.008647,2.596,1.792,2.87,1.669,3.396,194.8,15.84,1.314,1.276,0.57,2.787,431.45,1.183,64.72,0.8551,13.64,2.682e-05,0.2678,3.49,1.42,2.671,0.2316,12.35,0.589,8.558
2022-03-29T17:38:39,47314.35,3389.37,109.57,0.2694,16.08,71.5,22.08,105.76,6.747,182.06,0.6355,0.02706,0.008647,2.596,1.792,2.87,1.669,3.413,194.79,15.84,1.314,1.28,0.57,2.787,431.34,1.183,64.67,0.8551,13.64,2.682e-05,0.2678,3.491,1.42,2.671,0.2315,12.34,0.5889,8.559
2022-03-29T17:39:09,47318.94,3389.26,109.57,0.2694,16.08,71.5,22.09,105.75,6.748,182.07,0.6341,0.02704,0.008647,2.593,1.791,2.87,1.669,3.413,194.84,15.84,1.314,1.28,0.57,2.787,431.3,1.183,64.66,0.8549,13.69,2.681e-05,0.2678,3.491,1.42,2.67,0.2316,12.34,0.589,8.553
2022-03-29T17:39:40,47320.07,3391.95,109.58,0.2695,16.08,71.3,22.09,105.77,6.751,182.23,0.6341,0.02704,0.008665,2.596,1.792,2.87,1.67,3.413,194.98,15.84,1.314,1.28,0.57,2.789,431.44,1.183,64.76,0.8554,13.71,2.682e-05,0.2678,3.492,1.421,2.673,0.2317,12.37,0.5893,8.554
2022-03-29T17:40:10,47336.89,3391.35,109.57,0.2695,16.08,71.3,22.1,105.84,6.744,182.2,0.6346,0.02709,0.008664,2.596,1.791,2.87,1.67,3.392,195.01,15.84,1.314,1.279,0.57,2.787,431.67,1.184,64.8,0.8554,13.71,2.682e-05,0.2678,3.496,1.421,2.672,0.2316,12.38,0.5897,8.558
2022-03-29T17:40:40,47328.22,3390.73,109.5,0.2696,16.08,71.3,22.07,105.81,6.746,181.96,0.6358,0.02706,0.008664,2.596,1.792,2.87,1.668,3.391,194.98,15.84,1.314,1.279,0.57,2.777,431.58,1.182,64.8,0.8548,13.71,2.683e-05,0.268,3.495,1.42,2.672,0.2316,12.38,0.5897,8.561
2022-03-29T17:41:10,47334.87,3390,109.52,0.27,16.08,71.2,22.1,105.78,6.741,181.97,0.6346,0.02707,0.008664,2.596,1.792,2.87,1.669,3.391,194.93,15.89,1.314,1.28,0.57,2.778,431.6,1.183,64.79,0.8548,13.7,2.683e-05,0.268,3.495,1.42,2.671,0.2316,12.35,0.5897,8.562
2022-03-29T17:41:40,47336.74,3390.59,109.58,0.27,16.08,71.2,22.1,105.79,6.743,181.86,0.6346,0.02708,0.008664,2.596,1.792,2.87,1.669,3.391,195.05,15.87,1.314,1.28,0.57,2.782,431.65,1.183,64.85,0.855,13.7,2.683e-05,0.2681,3.497,1.421,2.673,0.2317,12.35,0.5891,8.562
2022-03-29T17:42:10,47389.41,3393.94,109.73,0.2707,16.08,71.2,22.11,105.85,6.748,182.24,0.6365,0.0272,0.008664,2.59,1.792,2.87,1.67,3.41,195.36,15.86,1.314,1.28,0.57,2.786,431.97,1.185,64.86,0.8561,13.7,2.684e-05,0.2681,3.498,1.421,2.676,0.2318,12.36,0.5891,8.568
2022-03-29T17:42:40,47384.3,3393.9,109.72,0.2707,16.08,71.2,22.14,106,6.745,182.01,0.6362,0.02722,0.008664,2.595,1.793,2.87,1.67,3.41,195.4,15.86,1.314,1.279,0.57,2.785,432.02,1.184,64.91,0.8561,13.7,2.684e-05,0.2681,3.499,1.424,2.676,0.2316,12.36,0.5907,8.57
2022-03-29T17:43:10,47379.22,3393.64,109.73,0.2709,16.08,71.8,22.14,105.97,6.745,182.08,0.6362,0.02717,0.008653,2.595,1.793,2.87,1.672,3.415,195.39,15.85,1.314,1.279,0.57,2.784,431.89,1.185,64.93,0.8561,13.7,2.685e-05,0.2686,3.501,1.424,2.678,0.2315,12.36,0.5906,8.568
2022-03-29T17:43:40,47357.95,3394.06,109.72,0.2706,16.08,71.7,22.14,105.98,6.747,182.14,0.6361,0.02705,0.008653,2.595,1.792,2.87,1.672,3.425,195.35,15.85,1.314,1.279,0.57,2.782,431.86,1.184,64.93,0.8554,13.7,2.685e-05,0.2686,3.499,1.424,2.677,0.2313,12.33,0.5904,8.567
2022-03-29T17:44:11,47365.23,3394.17,109.86,0.2706,16.08,71.7,22.14,105.96,6.739,182.11,0.6356,0.02699,0.008653,2.595,1.792,2.87,1.672,3.425,195.36,15.9,1.314,1.278,0.57,2.786,431.71,1.185,64.94,0.856,13.71,2.685e-05,0.2686,3.502,1.423,2.678,0.2313,12.33,0.5904,8.571
2022-03-29T17:44:41,47371.19,3394.59,109.86,0.271,16.16,71.7,22.16,105.83,6.741,182.19,0.6371,0.02702,0.008667,2.595,1.789,2.87,1.672,3.427,195.36,15.9,1.314,1.282,0.57,2.786,431.71,1.185,65.08,0.8563,13.7,2.687e-05,0.2687,3.503,1.424,2.679,0.2313,12.33,0.5897,8.575
2022-03-29T17:45:11,47373.57,3394.86,109.86,0.2709,16.16,71.7,22.19,105.8,6.741,182.27,0.6374,0.02701,0.008667,2.595,1.79,2.87,1.674,3.447,195.44,15.95,1.314,1.282,0.57,2.788,431.85,1.185,65.1,0.8564,13.71,2.688e-05,0.2687,3.504,1.424,2.678,0.2314,12.33,0.59,8.575
2022-03-29T17:45:41,47362.23,3393.96,109.83,0.2708,16.16,71.7,22.17,105.68,6.744,181.85,0.6374,0.02701,0.008667,2.595,1.789,2.87,1.672,3.441,195.32,15.9,1.314,1.282,0.57,2.782,431.68,1.184,65.08,0.856,13.71,2.684e-05,0.2687,3.503,1.423,2.677,0.2312,12.32,0.59,8.569
2022-03-29T17:46:11,47372.03,3394.53,109.85,0.2708,16.16,71.7,22.17,105.6,6.743,181.84,0.6375,0.02703,0.008667,2.595,1.789,2.87,1.673,3.441,195.51,15.92,1.314,1.282,0.57,2.782,431.78,1.184,65.04,0.8561,13.71,2.683e-05,0.2678,3.502,1.422,2.677,0.2313,12.31,0.5888,8.571
2022-03-29T17:46:41,47382.22,3394.3,109.89,0.2706,16.16,71.7,22.2,105.7,6.755,181.7,0.6378,0.02712,0.008667,2.595,1.788,2.87,1.673,3.443,195.54,15.92,1.314,1.282,0.57,2.787,431.83,1.184,65.06,0.8563,13.71,2.683e-05,0.2689,3.504,1.423,2.679,0.2313,12.34,0.5893,8.571
2022-03-29T17:47:11,47389.98,3393.98,109.89,0.2707,16.16,71.7,22.2,105.88,6.746,181.74,0.6378,0.0271,0.008667,2.601,1.789,2.87,1.673,3.446,195.61,15.92,1.314,1.282,0.57,2.788,432.12,1.185,65.06,0.8564,13.71,2.684e-05,0.2689,3.504,1.423,2.681,0.2314,12.36,0.5905,8.574
2022-03-29T17:47:41,47407.1,3394.14,109.95,0.2707,16.18,71.7,22.2,106.01,6.751,181.48,0.6378,0.02718,0.008693,2.601,1.789,2.87,1.673,3.445,195.73,15.93,1.314,1.282,0.57,2.787,432.16,1.185,65.12,0.8563,13.73,2.688e-05,0.2689,3.504,1.424,2.682,0.2313,12.36,0.5905,8.577
2022-03-29T17:48:12,47404.22,3395.63,109.95,0.2709,16.18,71.7,22.2,106.03,6.75,181.03,0.6385,0.02723,0.008668,2.601,1.789,2.87,1.674,3.445,195.74,15.93,1.314,1.279,0.57,2.789,432.29,1.186,65.3,0.8565,13.73,2.688e-05,0.2689,3.505,1.424,2.683,0.2314,12.36,0.5905,8.578
2022-03-29T17:48:42,47404.14,3395.16,109.96,0.2711,16.18,71.6,22.2,106.14,6.75,181.14,0.6352,0.02723,0.008654,2.601,1.789,2.87,1.675,3.434,195.79,15.93,1.313,1.279,0.57,2.791,432.32,1.186,65.3,0.8566,13.73,2.689e-05,0.2689,3.506,1.425,2.685,0.2315,12.37,0.5906,8.578
2022-03-29T17:49:12,47407.11,3395.22,110.05,0.2712,16.18,71.6,22.19,106.2,6.753,181.02,0.6374,0.02724,0.008653,2.601,1.789,2.87,1.675,3.438,195.8,15.93,1.313,1.279,0.57,2.795,432.44,1.187,65.42,0.857,13.73,2.689e-05,0.2691,3.506,1.425,2.684,0.2315,12.36,0.5906,8.58
2022-03-29T17:49:42,47390.79,3393.86,110.03,0.2711,16.18,71.6,22.18,106.22,6.749,181.07,0.6374,0.02719,0.008653,2.593,1.788,2.87,1.675,3.438,195.78,15.93,1.313,1.282,0.57,2.801,432.3,1.187,65.42,0.8568,13.74,2.689e-05,0.2691,3.507,1.425,2.684,0.2315,12.36,0.591,8.585
2022-03-29T17:50:12,47397.29,3394.21,109.98,0.2711,16.18,71.7,22.19,106.19,6.753,181.12,0.6374,0.02718,0.008653,2.593,1.789,2.87,1.675,3.443,195.78,15.9,1.313,1.278,0.57,2.803,432.35,1.187,65.4,0.8571,13.74,2.687e-05,0.2691,3.509,1.425,2.684,0.2316,12.35,0.591,8.581
2022-03-29T17:50:42,47390.88,3393.72,109.97,0.2711,16.23,71.7,22.19,106.17,6.755,181.09,0.6371,0.02716,0.008653,2.593,1.789,2.87,1.675,3.441,195.77,15.9,1.313,1.278,0.57,2.808,432.2,1.186,65.39,0.8569,13.74,2.686e-05,0.2691,3.508,1.425,2.684,0.2316,12.35,0.591,8.58
2022-03-29T17:51:12,47402.44,3394.18,109.99,0.2714,16.22,71.7,22.2,106.15,6.755,181.3,0.6351,0.02719,0.008653,2.593,1.789,2.87,1.673,3.441,195.87,15.9,1.313,1.278,0.57,2.809,432.17,1.186,65.44,0.8572,13.78,2.686e-05,0.2691,3.508,1.425,2.684,0.2316,12.34,0.5912,8.585
2022-03-29T17:51:43,47430.64,3395.73,110.25,0.2714,16.22,71.7,22.23,106.19,6.754,181.33,0.6351,0.02727,0.008653,2.599,1.79,2.87,1.674,3.441,196.09,15.9,1.313,1.278,0.57,2.812,432.31,1.187,65.46,0.8579,13.8,2.69e-05,0.2691,3.512,1.429,2.685,0.2319,12.35,0.5913,8.59
2022-03-29T17:52:13,47435.85,3395.79,110.3,0.2714,16.22,71.7,22.28,106.32,6.761,181.32,0.6376,0.02731,0.008665,2.603,1.79,2.87,1.677,3.441,196.3,15.9,1.313,1.282,0.57,2.817,432.53,1.187,65.46,0.8581,13.8,2.69e-05,0.2691,3.514,1.429,2.687,0.232,12.3,0.5913,8.591
2022-03-29T17:52:43,47439.93,3396.38,110.3,0.2714,16.22,71.8,22.29,106.4,6.757,181.44,0.6356,0.02733,0.008687,2.603,1.79,2.87,1.677,3.441,196.4,15.9,1.316,1.284,0.57,2.819,432.95,1.187,65.46,0.8585,13.83,2.702e-05,0.2698,3.514,1.429,2.687,0.232,12.31,0.5926,8.596
2022-03-29T17:53:13,47441.64,3396.57,110.37,0.2715,16.22,71.8,22.29,106.42,6.758,181.43,0.6356,0.02738,0.008687,2.603,1.791,2.87,1.677,3.469,196.51,15.9,1.317,1.284,0.57,2.818,433,1.188,65.43,0.8586,13.84,2.702e-05,0.2698,3.515,1.43,2.688,0.2321,12.31,0.5926,8.596
2022-03-29T17:53:43,47435.54,3398.21,110.44,0.2719,16.22,71.8,22.29,106.47,6.76,181.37,0.6356,0.02741,0.008687,2.603,1.791,2.87,1.676,3.473,196.89,15.93,1.317,1.284,0.57,2.816,432.99,1.187,65.43,0.8585,13.84,2.702e-05,0.2701,3.515,1.43,2.689,0.2321,12.35,0.5921,8.597
2022-03-29T17:54:14,47438.82,3398.31,110.44,0.2719,16.22,71.7,22.28,106.56,6.762,181.36,0.6356,0.02743,0.008687,2.603,1.79,2.87,1.676,3.473,196.93,15.93,1.317,1.286,0.57,2.815,433.11,1.188,65.45,0.8588,13.83,2.7e-05,0.2701,3.515,1.431,2.689,0.2321,12.34,0.5922,8.591
2022-03-29T17:54:44,47449.84,3398.81,110.39,0.2719,16.22,71.7,22.29,106.57,6.762,181.29,0.6356,0.02745,0.008687,2.606,1.793,2.87,1.677,3.489,197.42,15.93,1.317,1.286,0.57,2.816,433.1,1.188,65.49,0.8589,13.83,2.7e-05,0.2701,3.518,1.431,2.69,0.2322,12.37,0.5922,8.604
2022-03-29T17:55:14,47440.92,3398.35,110.39,0.2717,16.22,71.7,22.29,106.63,6.762,181.24,0.6385,0.02745,0.008687,2.612,1.794,2.87,1.675,3.489,197.17,15.93,1.317,1.286,0.57,2.815,433.13,1.188,65.49,0.8588,13.83,2.699e-05,0.2701,3.518,1.431,2.69,0.2322,12.35,0.5922,8.607
2022-03-29T17:55:44,47431.93,3400.99,110.39,0.2718,16.22,71.7,22.29,106.63,6.762,181.29,0.6386,0.0274,0.008671,2.612,1.793,2.87,1.674,3.489,197.18,15.93,1.317,1.286,0.57,2.814,433.05,1.188,65.41,0.8586,13.8,2.699e-05,0.2701,3.518,1.43,2.691,0.2322,12.35,0.5919,8.608
2022-03-29T17:56:14,47433.6,3400.85,110.22,0.2717,16.22,71.7,22.27,106.63,6.764,181.21,0.6378,0.02729,0.008671,2.612,1.793,2.87,1.674,3.502,197.01,15.7,1.31,1.286,0.57,2.811,433.02,1.187,65.36,0.8586,13.8,2.699e-05,0.2698,3.517,1.43,2.691,0.2322,12.35,0.5918,8.603
2022-03-29T17:56:44,47428.93,3400.31,110.22,0.2718,16.23,71.7,22.26,106.46,6.764,181.18,0.6406,0.02717,0.008671,2.612,1.793,2.87,1.673,3.502,196.8,15.7,1.31,1.289,0.57,2.808,432.91,1.188,65.33,0.8586,13.81,2.698e-05,0.2697,3.515,1.429,2.689,0.2321,12.31,0.5917,8.602
2022-03-29T17:57:14,47425.75,3398.66,110.23,0.2718,16.23,71.6,22.26,106.47,6.767,181.17,0.6395,0.02716,0.008671,2.612,1.794,2.87,1.673,3.502,196.81,15.7,1.31,1.289,0.57,2.808,432.95,1.187,65.32,0.8586,13.81,2.698e-05,0.2697,3.514,1.427,2.687,0.2321,12.31,0.5917,8.602
2022-03-29T17:57:44,47435.77,3399.13,110.35,0.2719,16.21,71.6,22.27,106.49,6.769,181.18,0.6395,0.02719,0.008671,2.612,1.793,2.87,1.673,3.49,196.78,15.7,1.31,1.28,0.57,2.809,432.87,1.187,65.37,0.8586,13.81,2.699e-05,0.2697,3.515,1.428,2.687,0.2322,12.31,0.5919,8.601
2022-03-29T17:58:15,47434.9,3399.52,110.35,0.2719,16.21,71.7,22.27,106.5,6.771,181.15,0.6391,0.02721,0.008682,2.607,1.792,2.87,1.673,3.49,196.76,15.7,1.31,1.281,0.57,2.808,432.89,1.188,65.37,0.8587,13.82,2.7e-05,0.2697,3.514,1.428,2.687,0.2322,12.31,0.5913,8.601
2022-03-29T17:58:45,47446.09,3399.9,110.35,0.2719,16.21,71.7,22.28,106.67,6.768,181.13,0.6396,0.02723,0.008681,2.611,1.79,2.89,1.673,3.485,196.82,15.7,1.31,1.281,0.57,2.808,432.9,1.187,65.37,0.8589,13.82,2.7e-05,0.2697,3.514,1.428,2.688,0.2322,12.31,0.5918,8.601
2022-03-29T17:59:16,47447.14,3399.98,110.22,0.2718,16.21,71.7,22.28,106.67,6.767,180.99,0.6409,0.0273,0.008681,2.611,1.791,2.89,1.673,3.494,196.77,15.72,1.31,1.287,0.57,2.808,432.93,1.187,65.34,0.8589,13.82,2.7e-05,0.2697,3.515,1.427,2.688,0.2322,12.31,0.5913,8.604
2022-03-29T17:59:46,47450.1,3400.39,110.23,0.2719,16.21,71.7,22.28,106.68,6.769,181.1,0.6409,0.02726,0.008681,2.611,1.791,2.89,1.674,3.494,196.75,15.72,1.31,1.285,0.57,2.811,432.85,1.187,65.39,0.859,13.83,2.7e-05,0.2695,3.516,1.428,2.687,0.2323,12.33,0.5915,8.609
2022-03-29T18:00:16,47446.75,3400.42,110.22,0.2719,16.21,71.8,22.28,106.68,6.763,180.92,0.6416,0.02726,0.008681,2.604,1.792,2.89,1.674,3.494,196.79,15.72,1.31,1.285,0.57,2.811,432.86,1.187,65.41,0.859,13.83,2.7e-05,0.2695,3.515,1.428,2.688,0.2323,12.35,0.5914,8.607
2022-03-29T18:00:47,47446.03,3399.86,110.19,0.2719,16.21,71.8,22.27,106.63,6.767,180.93,0.6412,0.02727,0.008681,2.604,1.791,2.89,1.671,3.438,196.67,15.72,1.32,1.282,0.57,2.809,432.6,1.187,65.34,0.859,13.78,2.699e-05,0.2695,3.509,1.427,2.685,0.2322,12.35,0.5914,8.613
2022-03-29T18:01:17,47434.31,3398.88,110.17,0.2716,16.21,71.6,22.27,106.52,6.765,180.77,0.6418,0.02722,0.008681,2.603,1.791,2.89,1.671,3.438,196.57,15.72,1.32,1.283,0.57,2.806,432.64,1.186,65.28,0.8587,13.76,2.693e-05,0.2683,3.509,1.426,2.684,0.232,12.3,0.5914,8.609
2022-03-29T18:01:47,47451.14,3400.91,110.16,0.2718,16.21,74.9,22.27,106.52,6.756,181.17,0.6418,0.02725,0.008671,2.604,1.791,2.89,1.672,3.438,196.57,15.65,1.32,1.336,0.57,2.81,432.61,1.187,65.2,0.8587,13.76,2.697e-05,0.2683,3.513,1.427,2.685,0.2322,12.31,0.5913,8.611
2022-03-29T18:02:17,47454.59,3401.18,110.19,0.272,16.21,74.6,22.26,106.59,6.753,181.11,0.642,0.02724,0.008671,2.603,1.791,2.89,1.673,3.458,196.61,15.65,1.326,1.328,0.57,2.811,432.65,1.187,65.2,0.859,13.76,2.699e-05,0.2683,3.514,1.427,2.687,0.2321,12.31,0.5916,8.612
2022-03-29T18:02:47,47458.55,3401.77,110.21,0.2721,16.21,75.5,22.28,106.77,6.75,181.15,0.642,0.02724,0.008671,2.603,1.79,2.89,1.673,3.44,196.7,15.71,1.326,1.306,0.57,2.819,432.77,1.187,65.24,0.8591,13.82,2.7e-05,0.2693,3.517,1.428,2.689,0.2322,12.31,0.5922,8.611
2022-03-29T18:03:17,47463.07,3402.29,110.23,0.2723,16.21,75.2,22.28,106.77,6.758,181.44,0.642,0.02724,0.008671,2.603,1.79,2.89,1.674,3.461,196.7,15.72,1.326,1.297,0.5723,2.826,432.9,1.188,65.26,0.8591,13.82,2.703e-05,0.2693,3.515,1.428,2.69,0.2323,12.31,0.5924,8.614
2022-03-29T18:03:47,47472.81,3404.74,110.26,0.2722,16.23,75,22.29,106.85,6.757,181.64,0.642,0.02725,0.008671,2.604,1.79,2.88,1.675,3.424,196.91,15.72,1.326,1.288,0.5723,2.829,432.95,1.188,65.4,0.8592,13.86,2.706e-05,0.2695,3.519,1.428,2.691,0.2323,12.32,0.5932,8.614
2022-03-29T18:04:17,47474.91,3404.78,110.3,0.2724,16.28,74,22.3,106.87,6.759,181.64,0.642,0.02726,0.008671,2.603,1.791,2.88,1.675,3.375,196.91,15.72,1.326,1.295,0.5723,2.83,433.19,1.188,65.39,0.8595,13.86,2.706e-05,0.2695,3.519,1.429,2.692,0.2323,12.33,0.5932,8.616
2022-03-29T18:04:47,47474.91,3404.78,110.3,0.2724,16.28,73.5,22.3,106.87,6.759,181.64,0.642,0.02726,0.008671,2.603,1.791,2.88,1.675,3.333,196.91,15.72,1.326,1.291,0.5723,2.83,433.19,1.188,65.39,0.8595,13.86,2.706e-05,0.2695,3.519,1.429,2.692,0.2323,12.33,0.5932,8.616
2022-03-29T18:05:18,47474.91,3404.78,110.3,0.2724,16.23,73.2,22.3,106.87,6.759,181.64,0.642,0.02726,0.008671,2.603,1.791,2.88,1.675,3.306,196.91,15.72,1.326,1.282,0.5723,2.83,433.19,1.188,65.39,0.8595,13.86,2.706e-05,0.2699,3.519,1.429,2.692,0.2323,12.33,0.5932,8.616
2022-03-29T18:05:48,47474.91,3404.78,110.3,0.2724,16.23,73.4,22.3,106.87,6.759,181.64,0.642,0.02726,0.008671,2.603,1.791,2.88,1.675,3.343,196.91,15.72,1.326,1.277,0.5723,2.83,433.19,1.188,65.39,0.8595,13.86,2.706e-05,0.2699,3.519,1.429,2.692,0.2323,12.33,0.5932,8.616
2022-03-29T18:06:18,47474.91,3404.78,110.3,0.2724,16.29,71.8,22.3,106.87,6.759,181.64,0.642,0.02726,0.008671,2.602,1.791,2.88,1.675,3.293,196.91,15.72,1.326,1.275,0.5723,2.83,433.19,1.188,65.39,0.8595,13.86,2.706e-05,0.2699,3.519,1.429,2.692,0.2323,12.33,0.5932,8.616
2022-03-29T18:06:48,47483.6,3405.06,110.3,0.2724,16.29,70.7,22.32,107.05,6.759,181.75,0.642,0.02726,0.008671,2.602,1.791,2.88,1.675,3.286,197.1,15.72,1.326,1.268,0.5723,2.83,433.25,1.188,65.41,0.8597,13.86,2.707e-05,0.2698,3.52,1.431,2.692,0.2326,12.34,0.5931,8.623
2022-03-29T18:07:18,47488.8,3406.3,110.34,0.2727,16.23,70.5,22.33,107.75,6.776,182.68,0.6422,0.02742,0.008677,2.603,1.793,2.88,1.676,3.279,197.07,15.72,1.327,1.266,0.5723,2.825,433.34,1.189,65.36,0.8598,13.84,2.706e-05,0.2698,3.522,1.432,2.692,0.2327,12.36,0.5938,8.63
2022-03-29T18:07:48,47489.83,3407.42,110.6,0.2729,16.28,70.4,22.33,107.91,6.773,182.76,0.6434,0.02746,0.008677,2.601,1.799,2.88,1.677,3.249,197.22,15.73,1.327,1.262,0.5723,2.827,433.52,1.189,65.39,0.8598,13.84,2.705e-05,0.2702,3.523,1.433,2.694,0.2327,12.38,0.5937,8.631
2022-03-29T18:08:18,47512.43,3408.72,110.77,0.2731,16.28,70.4,22.35,108.12,6.775,182.98,0.6437,0.0276,0.00869,2.602,1.8,2.88,1.679,3.3,197.28,15.73,1.327,1.27,0.5723,2.824,433.63,1.191,65.38,0.8602,13.84,2.705e-05,0.2702,3.525,1.434,2.695,0.2328,12.38,0.5938,8.632
2022-03-29T18:08:48,47527.82,3409.98,110.79,0.273,16.29,71.3,22.35,108.46,6.777,183.62,0.6435,0.02758,0.008676,2.603,1.802,2.88,1.679,3.31,197.58,15.73,1.327,1.29,0.5723,2.82,433.72,1.191,65.35,0.8604,13.84,2.707e-05,0.2702,3.526,1.434,2.696,0.2327,12.41,0.5939,8.636
2022-03-29T18:09:19,47529.9,3409.95,110.78,0.2732,16.29,71.7,22.36,108.51,6.778,183.93,0.6435,0.02758,0.008676,2.603,1.804,2.88,1.679,3.412,197.62,15.73,1.327,1.29,0.5723,2.813,433.65,1.191,65.34,0.8604,13.84,2.707e-05,0.2702,3.527,1.434,2.696,0.2328,12.41,0.594,8.637
2022-03-29T18:09:49,47522.41,3410.19,110.79,0.2731,16.29,72.2,22.36,108.63,6.781,184.01,0.6438,0.02757,0.008695,2.602,1.808,2.88,1.679,3.389,197.68,15.74,1.327,1.29,0.5723,2.815,433.78,1.191,65.27,0.8606,13.84,2.708e-05,0.2711,3.527,1.435,2.697,0.2328,12.39,0.5939,8.642
2022-03-29T18:10:19,47534.08,3410.73,110.8,0.2735,16.3,72.1,22.37,108.58,6.782,183.83,0.6438,0.02755,0.008695,2.602,1.808,2.9,1.68,3.41,197.53,15.74,1.327,1.287,0.5723,2.819,433.89,1.191,65.31,0.8606,13.84,2.707e-05,0.2712,3.527,1.434,2.697,0.2327,12.39,0.5938,8.641
2022-03-29T18:10:49,47520.71,3409.98,110.72,0.2734,16.27,72.2,22.36,108.47,6.782,183.64,0.645,0.02754,0.008704,2.602,1.811,2.9,1.678,3.429,197.46,15.74,1.327,1.291,0.5723,2.824,433.89,1.191,65.25,0.8605,13.84,2.705e-05,0.271,3.526,1.433,2.695,0.2327,12.38,0.5938,8.642
2022-03-29T18:11:19,47528.95,3409.61,110.68,0.2734,16.27,72,22.35,108.4,6.782,183.45,0.645,0.02756,0.008704,2.603,1.811,2.9,1.679,3.469,197.41,15.74,1.327,1.294,0.5723,2.819,433.87,1.19,65.28,0.8604,13.84,2.702e-05,0.271,3.524,1.432,2.694,0.2326,12.36,0.5941,8.64
2022-03-29T18:11:49,47521.33,3409.74,110.62,0.2734,16.27,72.2,22.35,108.48,6.784,183.38,0.6438,0.02755,0.008721,2.602,1.807,2.9,1.678,3.466,197.4,15.74,1.327,1.294,0.5723,2.823,433.93,1.19,65.23,0.8604,13.84,2.702e-05,0.2706,3.524,1.429,2.694,0.2326,12.36,0.594,8.642
2022-03-29T18:12:19,47526.76,3409.02,110.7,0.2736,16.27,71.9,22.35,108.65,6.782,183.45,0.6439,0.02753,0.008721,2.604,1.806,2.91,1.679,3.437,197.28,15.74,1.327,1.272,0.5723,2.822,433.62,1.19,65.14,0.8604,13.86,2.701e-05,0.2707,3.525,1.429,2.695,0.2326,12.35,0.5941,8.642
2022-03-29T18:12:49,47509.21,3405.6,110.69,0.2733,16.23,72,22.34,108.59,6.784,183.23,0.6439,0.02745,0.008721,2.603,1.803,2.91,1.678,3.433,197.12,15.88,1.322,1.273,0.5723,2.817,433.73,1.189,65.13,0.8597,13.86,2.701e-05,0.2707,3.523,1.429,2.694,0.2324,12.35,0.5943,8.633
2022-03-29T18:13:20,47515.12,3408.84,110.51,0.2726,16.23,71.9,22.32,107.98,6.781,183.17,0.6439,0.02739,0.008721,2.603,1.804,2.91,1.678,3.409,197.13,15.82,1.322,1.27,0.5723,2.813,433.49,1.189,65.21,0.8596,13.87,2.7e-05,0.2702,3.52,1.429,2.692,0.2324,12.36,0.5933,8.628
2022-03-29T18:13:50,47519.16,3408.01,110.37,0.2734,16.22,71.5,22.34,108.29,6.781,183.1,0.6439,0.02739,0.008721,2.605,1.802,2.91,1.679,3.396,197.07,15.82,1.322,1.269,0.5723,2.814,433.75,1.189,65.19,0.8601,13.87,2.696e-05,0.27,3.517,1.43,2.692,0.2325,12.35,0.5943,8.629
2022-03-29T18:14:20,47521.79,3408.42,110.79,0.2735,16.22,70.8,22.33,108.53,6.775,184.08,0.6428,0.02743,0.008695,2.604,1.805,2.91,1.679,3.371,197.08,15.88,1.322,1.265,0.5723,2.818,433.7,1.19,65.19,0.8601,13.87,2.702e-05,0.2701,3.524,1.43,2.692,0.2325,12.34,0.5934,8.63
2022-03-29T18:14:50,47523.43,3408.31,110.71,0.2735,16.22,70.5,22.34,108.55,6.771,184.1,0.6428,0.0274,0.008692,2.604,1.805,2.91,1.679,3.365,197.28,15.88,1.322,1.265,0.5723,2.817,433.69,1.19,65.22,0.8601,13.9,2.702e-05,0.2699,3.525,1.43,2.692,0.2325,12.34,0.5933,8.63
2022-03-29T18:15:20,47536.28,3408.91,110.71,0.2735,16.23,70.7,22.34,108.58,6.774,184.28,0.6428,0.02741,0.008692,2.603,1.808,2.91,1.679,3.367,197.35,15.88,1.322,1.267,0.5782,2.815,433.72,1.19,65.25,0.8602,13.92,2.704e-05,0.2699,3.523,1.43,2.693,0.2326,12.34,0.5935,8.629
2022-03-29T18:15:50,47536.21,3408.45,110.78,0.2733,16.23,70.9,22.34,108.51,6.776,184.18,0.6428,0.02743,0.008692,2.605,1.808,2.91,1.679,3.392,197.3,15.88,1.322,1.275,0.5782,2.809,433.71,1.189,65.27,0.8601,13.88,2.704e-05,0.2697,3.522,1.43,2.692,0.2324,12.34,0.5935,8.624
2022-03-29T18:16:21,47516.61,3408.11,110.63,0.2732,16.24,71.7,22.33,108.09,6.778,183.48,0.6403,0.02744,0.008692,2.604,1.809,2.91,1.678,3.447,197.14,15.82,1.322,1.282,0.5782,2.808,433.71,1.188,65.2,0.8597,13.88,2.704e-05,0.2697,3.522,1.429,2.69,0.2324,12.33,0.5933,8.628
2022-03-29T18:16:51,47506.14,3404.74,110.62,0.273,16.24,71.8,22.33,107.94,6.77,183.48,0.6415,0.02744,0.008692,2.607,1.81,2.91,1.677,3.441,197.01,15.82,1.322,1.284,0.5782,2.807,433.42,1.189,65.2,0.8596,13.88,2.699e-05,0.2697,3.521,1.429,2.689,0.2324,12.33,0.5933,8.625
2022-03-29T18:17:21,47505.19,3406.06,110.65,0.2731,16.24,71.6,22.34,108,6.777,183.41,0.6415,0.02749,0.008692,2.607,1.81,2.91,1.677,3.49,197.03,15.82,1.322,1.285,0.5782,2.806,433.4,1.188,65.15,0.8596,13.87,2.701e-05,0.2697,3.52,1.429,2.689,0.2325,12.32,0.5926,8.625
2022-03-29T18:17:51,47520.19,3406.71,110.78,0.2733,16.24,71.8,22.36,108.13,6.774,183.43,0.6427,0.02751,0.008692,2.608,1.811,2.91,1.677,3.431,197.07,15.82,1.322,1.288,0.5782,2.808,433.47,1.189,65.11,0.8599,13.87,2.702e-05,0.2697,3.522,1.43,2.691,0.2325,12.33,0.5928,8.626
2022-03-29T18:18:21,47523.7,3409.41,110.78,0.2733,16.24,71.9,22.37,108.25,6.771,183.74,0.6424,0.02762,0.008692,2.604,1.812,2.91,1.679,3.437,197.09,15.82,1.322,1.286,0.5782,2.807,433.61,1.189,65.11,0.8601,13.88,2.703e-05,0.2697,3.522,1.43,2.691,0.2326,12.33,0.5929,8.627
2022-03-29T18:18:51,47516.09,3408.93,110.77,0.2733,16.24,71.8,22.39,108.24,6.772,183.52,0.6431,0.02762,0.008692,2.604,1.812,2.91,1.679,3.434,197.01,15.82,1.322,1.283,0.5782,2.805,433.74,1.189,65.12,0.8602,13.89,2.703e-05,0.2702,3.522,1.43,2.691,0.2326,12.33,0.5929,8.636
2022-03-29T18:19:22,47509.5,3406.84,110.65,0.2731,16.27,71.9,22.36,108.12,6.773,183.66,0.6431,0.02763,0.008692,2.603,1.811,2.91,1.679,3.434,197.01,15.82,1.322,1.283,0.5782,2.801,433.55,1.189,65.14,0.8602,13.89,2.701e-05,0.2702,3.524,1.43,2.69,0.2325,12.32,0.5928,8.63
2022-03-29T18:19:52,47515.08,3407.47,110.66,0.2731,16.27,71.9,22.37,108.19,6.775,183.63,0.6424,0.02763,0.008692,2.605,1.811,2.91,1.678,3.431,197.01,15.82,1.322,1.283,0.5782,2.802,433.59,1.189,65.17,0.8602,13.87,2.701e-05,0.2702,3.524,1.43,2.691,0.2325,12.32,0.5924,8.629
2022-03-29T18:20:22,47509.75,3407.33,110.66,0.2731,16.27,71.9,22.37,108.2,6.776,183.47,0.6424,0.02764,0.008691,2.604,1.814,2.92,1.678,3.43,196.84,15.82,1.322,1.283,0.5782,2.802,433.62,1.189,65.15,0.86,13.87,2.701e-05,0.2702,3.523,1.429,2.691,0.2325,12.33,0.5924,8.621
2022-03-29T18:20:52,47508.12,3407.25,110.59,0.2731,16.27,71.9,22.37,108.06,6.776,183.5,0.6425,0.02763,0.008691,2.607,1.817,2.92,1.678,3.43,196.83,15.82,1.322,1.281,0.5782,2.798,433.63,1.189,65.14,0.8599,13.87,2.701e-05,0.2697,3.523,1.429,2.69,0.2325,12.33,0.5924,8.626
2022-03-29T18:21:22,47509.46,3406.58,110.55,0.273,16.27,71.9,22.35,108.06,6.774,183.53,0.6425,0.02765,0.008691,2.606,1.817,2.92,1.677,3.43,196.79,15.82,1.322,1.281,0.5782,2.796,433.67,1.189,65.08,0.8596,13.85,2.701e-05,0.2697,3.521,1.429,2.69,0.2324,12.3,0.5921,8.626
2022-03-29T18:21:52,47503.15,3403.83,110.52,0.2729,16.27,71.6,22.34,108.02,6.774,183.68,0.6425,0.02756,0.008691,2.606,1.817,2.92,1.677,3.424,196.56,15.82,1.322,1.281,0.5782,2.795,433.5,1.189,65.07,0.8589,13.85,2.696e-05,0.2697,3.52,1.429,2.687,0.2323,12.3,0.5917,8.625
2022-03-29T18:22:22,47495.3,3404.09,110.39,0.2723,16.27,71.7,22.34,108.04,6.774,183.94,0.6425,0.02757,0.008691,2.605,1.817,2.92,1.675,3.424,196.52,15.82,1.322,1.281,0.5782,2.795,433.32,1.188,65.08,0.859,13.85,2.697e-05,0.2697,3.516,1.429,2.687,0.2324,12.29,0.5918,8.622
2022-03-29T18:22:52,47508.76,3407.07,110.4,0.2723,16.27,71.7,22.35,108.12,6.781,183.99,0.6425,0.02756,0.008708,2.606,1.817,2.92,1.675,3.424,196.56,15.82,1.329,1.281,0.5782,2.798,433.53,1.189,65.07,0.8598,13.85,2.698e-05,0.2697,3.512,1.43,2.687,0.2324,12.28,0.5914,8.617
2022-03-29T18:23:23,47514.2,3406.91,110.4,0.2723,16.27,71.7,22.36,108.12,6.78,184.33,0.6425,0.02755,0.008708,2.606,1.818,2.92,1.675,3.424,196.55,15.82,1.329,1.28,0.5782,2.798,433.69,1.189,65.08,0.8598,13.85,2.698e-05,0.2696,3.512,1.431,2.689,0.2323,12.28,0.5912,8.618
2022-03-29T18:23:53,47510.26,3406.6,110.41,0.2723,16.32,71.7,22.36,108.1,6.779,184.27,0.6453,0.02757,0.008762,2.606,1.819,2.92,1.675,3.424,196.52,15.87,1.329,1.28,0.5782,2.796,433.67,1.189,65.14,0.8597,13.85,2.7e-05,0.2696,3.514,1.432,2.69,0.2323,12.28,0.5913,8.621
2022-03-29T18:24:23,47511.86,3406.72,110.41,0.2723,16.32,71.8,22.37,108.16,6.779,184.25,0.6433,0.02756,0.008777,2.608,1.819,2.92,1.674,3.44,196.54,15.87,1.329,1.28,0.5782,2.793,433.66,1.188,65.13,0.8596,13.85,2.7e-05,0.2696,3.514,1.433,2.69,0.2323,12.28,0.5913,8.622
2022-03-29T18:24:53,47514.21,3408.14,110.41,0.2723,16.32,71.8,22.38,108.18,6.78,184.34,0.6433,0.02755,0.00877,2.607,1.823,2.92,1.674,3.44,196.58,15.87,1.33,1.28,0.5782,2.79,433.64,1.189,65.15,0.8597,13.88,2.701e-05,0.2696,3.515,1.433,2.69,0.2325,12.28,0.5915,8.621
2022-03-29T18:25:23,47515.63,3408.58,110.42,0.2723,16.32,71.9,22.38,108.21,6.778,184.36,0.6433,0.02756,0.00877,2.608,1.831,2.92,1.675,3.436,196.63,15.87,1.332,1.28,0.5782,2.79,433.62,1.189,65.14,0.8596,13.88,2.704e-05,0.2696,3.516,1.434,2.691,0.2325,12.29,0.5917,8.621
2022-03-29T18:25:53,47512.53,3408.44,110.4,0.2724,16.32,71.9,22.39,108.19,6.783,184.43,0.6433,0.02754,0.008777,2.607,1.831,2.93,1.675,3.437,196.64,15.87,1.332,1.28,0.5782,2.793,433.65,1.188,65.14,0.8594,13.88,2.701e-05,0.2696,3.516,1.434,2.691,0.2325,12.28,0.5917,8.621
2022-03-29T18:26:23,47507.63,3407.71,110.36,0.2723,16.32,71.9,22.38,108.18,6.783,184.43,0.6433,0.02755,0.008787,2.607,1.832,2.93,1.675,3.437,196.62,15.88,1.332,1.28,0.5782,2.799,433.65,1.188,65.08,0.8594,13.86,2.701e-05,0.2696,3.516,1.435,2.691,0.2325,12.29,0.5917,8.622
2022-03-29T18:26:53,47491.12,3407.18,110.34,0.2723,16.32,71.8,22.37,108,6.778,183.8,0.6425,0.02753,0.008794,2.609,1.83,2.93,1.674,3.437,196.45,15.88,1.332,1.28,0.5782,2.796,433.57,1.187,65.06,0.859,13.86,2.698e-05,0.2696,3.515,1.434,2.69,0.2324,12.28,0.5909,8.618
2022-03-29T18:27:23,47502.7,3407.87,110.34,0.2723,16.32,71.8,22.38,108.05,6.777,184.25,0.6425,0.02751,0.008794,2.608,1.83,2.93,1.674,3.441,196.52,15.88,1.332,1.28,0.5782,2.796,433.63,1.188,65.02,0.8591,13.86,2.699e-05,0.2696,3.515,1.434,2.69,0.2323,12.28,0.5912,8.618
2022-03-29T18:27:54,47552.27,3408.52,110.36,0.2727,16.3,71.8,22.4,108.13,6.781,184.34,0.6436,0.02763,0.008725,2.61,1.83,2.93,1.675,3.441,196.58,15.88,1.332,1.278,0.5782,2.796,433.72,1.188,64.91,0.8593,13.87,2.702e-05,0.2697,3.519,1.436,2.692,0.2324,12.29,0.5913,8.618
2022-03-29T18:28:24,47551.45,3410.82,110.57,0.2731,16.3,71.8,22.41,108.23,6.784,184.41,0.6431,0.02762,0.00872,2.608,1.831,2.93,1.675,3.441,196.81,15.88,1.332,1.278,0.5782,2.797,433.8,1.189,64.9,0.8595,13.87,2.702e-05,0.2697,3.52,1.436,2.694,0.2324,12.29,0.5926,8.623
2022-03-29T18:28:54,47550.23,3411.33,110.54,0.2734,16.3,72,22.42,108.18,6.781,184.41,0.6434,0.02763,0.00872,2.608,1.831,2.93,1.675,3.443,197.02,15.88,1.332,1.279,0.5782,2.795,433.83,1.188,64.88,0.8597,13.86,2.703e-05,0.2697,3.52,1.437,2.695,0.2325,12.31,0.5929,8.62
2022-03-29T18:29:24,47559.01,3411.41,110.55,0.2734,16.3,72,22.42,108.22,6.784,184.48,0.6434,0.02761,0.00872,2.608,1.832,2.93,1.676,3.449,197.17,15.88,1.332,1.279,0.5782,2.799,433.99,1.188,64.98,0.8597,13.86,2.704e-05,0.2697,3.522,1.437,2.696,0.2326,12.31,0.5929,8.621
2022-03-29T18:29:54,47569.61,3412.18,110.57,0.2737,16.3,72.2,22.42,108.23,6.783,184.56,0.6434,0.0276,0.00872,2.611,1.832,2.93,1.678,3.446,197.3,15.88,1.332,1.279,0.5782,2.8,433.95,1.189,65.01,0.8597,13.86,2.704e-05,0.2697,3.523,1.438,2.697,0.2326,12.31,0.5926,8.621
2022-03-29T18:30:24,47563.1,3411.88,110.56,0.2737,16.31,72.2,22.42,108.22,6.786,184.51,0.6434,0.02758,0.00872,2.61,1.833,2.93,1.677,3.446,197.39,15.88,1.332,1.279,0.5782,2.799,433.99,1.189,65.05,0.8597,13.87,2.704e-05,0.2697,3.523,1.438,2.696,0.2326,12.31,0.5927,8.626
2022-03-29T18:30:55,47530.62,3409.54,110.55,0.2734,16.31,72.3,22.41,108.02,6.787,184.53,0.6434,0.02752,0.00872,2.608,1.833,2.93,1.677,3.449,197.29,15.88,1.332,1.279,0.5782,2.798,433.73,1.187,65,0.8595,13.85,2.703e-05,0.2697,3.52,1.437,2.695,0.2326,12.31,0.5927,8.627
2022-03-29T18:31:25,47530.43,3409.5,110.55,0.2729,16.31,72.3,22.4,107.94,6.783,184.65,0.6434,0.02753,0.00872,2.609,1.832,2.93,1.675,3.449,197.21,15.88,1.332,1.279,0.5782,2.796,433.73,1.187,64.97,0.8589,13.85,2.703e-05,0.2697,3.52,1.436,2.693,0.2325,12.3,0.5922,8.627
2022-03-29T18:31:55,47525.91,3409.08,110.54,0.2729,16.31,72.2,22.41,107.73,6.782,184.53,0.6436,0.02755,0.008737,2.609,1.824,2.93,1.675,3.449,197.15,15.76,1.332,1.281,0.5782,2.795,433.7,1.187,64.97,0.8588,13.85,2.699e-05,0.2695,3.52,1.434,2.694,0.2324,12.28,0.592,8.626
2022-03-29T18:32:25,47525.52,3408.81,110.54,0.2729,16.29,72.2,22.41,107.71,6.779,184.08,0.6432,0.02755,0.008737,2.609,1.827,2.93,1.675,3.422,197.07,15.76,1.332,1.281,0.5782,2.804,433.67,1.187,65.01,0.8587,13.85,2.699e-05,0.2695,3.52,1.433,2.694,0.2324,12.28,0.592,8.626
2022-03-29T18:32:55,47517.98,3408.21,110.42,0.2726,16.29,72.2,22.4,107.58,6.781,183.99,0.6431,0.02754,0.008737,2.608,1.827,2.93,1.674,3.423,196.66,15.76,1.324,1.281,0.5782,2.8,433.4,1.187,64.99,0.8586,13.85,2.697e-05,0.2695,3.516,1.433,2.693,0.2323,12.24,0.5914,8.62
2022-03-29T18:33:25,47468.31,3407.09,110.31,0.2725,16.28,72.2,22.39,107.55,6.78,183.63,0.6431,0.02751,0.008737,2.608,1.823,2.93,1.673,3.423,196.61,15.76,1.324,1.284,0.5782,2.805,433.27,1.186,64.9,0.8578,13.85,2.69e-05,0.2686,3.512,1.432,2.69,0.2319,12.22,0.5913,8.618
2022-03-29T18:33:55,47449.59,3406.49,110.28,0.2717,16.28,72.2,22.38,107.28,6.774,183.56,0.643,0.02738,0.008737,2.607,1.814,2.93,1.672,3.408,196.34,15.76,1.324,1.284,0.5782,2.805,433.28,1.185,64.81,0.8576,13.78,2.688e-05,0.2684,3.51,1.429,2.686,0.2317,12.21,0.5909,8.604
2022-03-29T18:34:25,47416.7,3402.53,109.78,0.2713,16.28,71.9,22.36,107.32,6.772,183.41,0.6406,0.02741,0.008696,2.605,1.813,2.92,1.669,3.402,196.03,15.77,1.324,1.284,0.5782,2.805,433.29,1.185,64.79,0.8574,13.76,2.682e-05,0.2684,3.51,1.428,2.684,0.2315,12.22,0.5883,8.6
2022-03-29T18:34:56,47388.87,3400.5,109.74,0.2709,16.28,71.9,22.35,107.27,6.77,183.35,0.6417,0.02737,0.008697,2.604,1.813,2.92,1.669,3.402,196.03,15.77,1.324,1.284,0.5782,2.804,433.28,1.184,64.75,0.857,13.76,2.679e-05,0.2672,3.5,1.428,2.68,0.2314,12.19,0.5883,8.6
2022-03-29T18:35:26,47413.43,3400.93,109.76,0.271,16.28,71.9,22.35,107.26,6.771,183.42,0.6417,0.02736,0.008697,2.605,1.81,2.92,1.67,3.401,196.02,15.73,1.324,1.284,0.5782,2.802,433.21,1.185,64.74,0.8571,13.75,2.68e-05,0.2672,3.503,1.428,2.682,0.2315,12.18,0.5888,8.597
2022-03-29T18:35:56,47427.5,3401.03,109.76,0.271,16.22,72,22.36,107.33,6.777,183.47,0.6429,0.02743,0.008697,2.606,1.811,2.92,1.671,3.411,196.11,15.73,1.326,1.28,0.5782,2.803,433.31,1.185,64.78,0.8581,13.75,2.682e-05,0.2672,3.503,1.426,2.684,0.2315,12.18,0.5888,8.592
2022-03-29T18:36:26,47439.72,3402.5,109.88,0.271,16.22,72,22.37,107.44,6.774,183.59,0.643,0.02742,0.0087,2.607,1.809,2.92,1.671,3.411,196.23,15.73,1.326,1.28,0.5782,2.801,433.36,1.187,64.76,0.8581,13.77,2.683e-05,0.2672,3.506,1.427,2.685,0.2316,12.22,0.5892,8.59
2022-03-29T18:36:56,47511.6,3403.11,109.9,0.2719,16.27,72,22.4,107.51,6.785,183.58,0.6432,0.0274,0.008712,2.609,1.809,2.92,1.672,3.411,196.58,15.73,1.326,1.28,0.5782,2.801,433.41,1.187,64.81,0.8581,13.77,2.684e-05,0.2672,3.507,1.428,2.686,0.2316,12.24,0.5908,8.592
2022-03-29T18:37:26,47531.19,3406.83,109.92,0.2722,16.27,72,22.4,107.51,6.787,183.68,0.6432,0.02752,0.008712,2.607,1.808,2.92,1.674,3.411,196.66,15.73,1.326,1.279,0.5782,2.806,433.63,1.187,64.91,0.8588,13.77,2.684e-05,0.2672,3.509,1.428,2.688,0.2319,12.24,0.5908,8.594
2022-03-29T18:37:56,47528.89,3406.86,110.33,0.2722,16.27,72,22.41,107.54,6.792,183.76,0.6433,0.02753,0.008715,2.606,1.807,2.92,1.674,3.432,196.79,15.74,1.326,1.279,0.5782,2.813,433.75,1.188,64.92,0.8589,13.77,2.685e-05,0.2685,3.512,1.429,2.688,0.2318,12.27,0.5918,8.596
2022-03-29T18:38:26,47526.47,3406.61,110.33,0.2722,16.27,72,22.41,107.51,6.789,183.66,0.6447,0.02752,0.008715,2.606,1.808,2.92,1.672,3.432,196.79,15.74,1.326,1.279,0.5782,2.812,433.68,1.188,64.92,0.8587,13.77,2.689e-05,0.2685,3.512,1.428,2.688,0.2318,12.26,0.5916,8.595
2022-03-29T18:38:57,47504.94,3404.38,110.32,0.2721,16.27,72.1,22.41,107.44,6.792,183.5,0.6447,0.02743,0.008715,2.608,1.806,2.92,1.672,3.432,196.72,15.74,1.326,1.279,0.5782,2.812,433.56,1.187,64.94,0.8581,13.77,2.687e-05,0.2681,3.51,1.428,2.688,0.2317,12.27,0.5916,8.6
2022-03-29T18:39:27,47489,3403.76,110.18,0.2721,16.27,71.9,22.38,107.3,6.789,183.47,0.6454,0.02739,0.008715,2.607,1.806,2.92,1.672,3.418,196.81,15.74,1.326,1.279,0.5782,2.813,433.49,1.188,64.97,0.8581,13.76,2.687e-05,0.2681,3.507,1.426,2.688,0.2318,12.27,0.591,8.591
2022-03-29T18:39:57,47491.04,3403.7,110.13,0.2721,16.27,71.9,22.38,107.31,6.789,183.45,0.645,0.02742,0.008715,2.607,1.806,2.92,1.672,3.418,196.81,15.74,1.326,1.282,0.5782,2.812,433.54,1.188,64.98,0.8581,13.76,2.688e-05,0.2682,3.507,1.426,2.687,0.2317,12.28,0.591,8.593
2022-03-29T18:40:27,47501.62,3403.68,110.14,0.2721,16.27,71.9,22.38,107.32,6.792,183.31,0.645,0.02742,0.008696,2.609,1.806,2.92,1.672,3.418,196.87,15.8,1.326,1.283,0.5782,2.814,433.58,1.188,64.99,0.8584,13.76,2.689e-05,0.2684,3.507,1.427,2.689,0.2317,12.28,0.591,8.598
2022-03-29T18:40:57,47509.46,3403.6,110.14,0.2721,16.27,71.8,22.4,107.34,6.79,183.25,0.645,0.02743,0.008722,2.607,1.808,2.93,1.672,3.418,196.9,15.8,1.326,1.283,0.5782,2.813,433.59,1.189,65.1,0.8588,13.77,2.689e-05,0.2682,3.508,1.427,2.689,0.2318,12.28,0.591,8.598
2022-03-29T18:41:27,47487.97,3402.84,110.12,0.2723,16.27,71.8,22.39,107.37,6.789,183.16,0.645,0.02747,0.008722,2.609,1.807,2.93,1.672,3.404,196.78,15.85,1.326,1.279,0.5782,2.814,433.52,1.188,65.05,0.8584,13.77,2.688e-05,0.2682,3.506,1.426,2.689,0.2317,12.29,0.5911,8.598
2022-03-29T18:41:57,47474.62,3400.04,110.1,0.2722,16.27,71.8,22.38,107.38,6.788,183.01,0.645,0.02747,0.008722,2.608,1.806,2.93,1.671,3.405,196.72,15.8,1.326,1.279,0.5782,2.813,433.42,1.188,64.94,0.8584,13.77,2.686e-05,0.2682,3.506,1.425,2.688,0.2318,12.29,0.5907,8.594
2022-03-29T18:42:27,47432.36,3399.44,110.08,0.272,16.27,71.7,22.35,107.4,6.782,182.93,0.6433,0.0274,0.008722,2.605,1.805,2.93,1.671,3.398,196.69,15.8,1.326,1.279,0.5782,2.812,433.13,1.188,64.93,0.8577,13.73,2.685e-05,0.2674,3.504,1.425,2.685,0.2315,12.28,0.5907,8.593
2022-03-29T18:42:58,47444.99,3399.34,110.09,0.2721,16.27,71.7,22.35,107.42,6.781,182.87,0.6433,0.02741,0.008722,2.605,1.804,2.93,1.671,3.403,196.74,15.8,1.326,1.28,0.5782,2.813,433.14,1.187,64.93,0.858,13.73,2.684e-05,0.2674,3.506,1.425,2.686,0.2316,12.28,0.5907,8.592
2022-03-29T18:43:28,47480.11,3405.59,110.12,0.2721,16.27,71.7,22.37,107.49,6.774,183.16,0.6433,0.02745,0.008722,2.607,1.805,2.93,1.672,3.403,196.95,15.8,1.326,1.282,0.5782,2.818,433.11,1.188,64.99,0.8586,13.73,2.69e-05,0.2685,3.511,1.426,2.688,0.2318,12.32,0.5912,8.593
2022-03-29T18:43:58,47487.75,3406.12,110.28,0.2725,16.29,71.8,22.42,107.56,6.78,183.22,0.6433,0.02754,0.008722,2.607,1.808,2.93,1.674,3.396,197.06,15.8,1.326,1.282,0.5782,2.819,433.45,1.188,64.93,0.8587,13.78,2.691e-05,0.2686,3.512,1.428,2.69,0.2319,12.33,0.5917,8.595
2022-03-29T18:44:28,47496.21,3406.38,110.29,0.2729,16.29,71.8,22.42,107.57,6.779,183.22,0.6433,0.02756,0.008658,2.607,1.809,2.93,1.674,3.396,197.41,15.8,1.326,1.282,0.5782,2.831,433.62,1.189,64.98,0.8595,13.78,2.692e-05,0.2686,3.513,1.429,2.692,0.232,12.34,0.592,8.598
2022-03-29T18:44:58,47496.05,3405.46,110.28,0.2729,16.29,71.8,22.42,107.47,6.779,183.22,0.6433,0.02757,0.008658,2.607,1.807,2.93,1.674,3.396,197.39,15.8,1.326,1.281,0.5782,2.83,433.64,1.189,64.98,0.8592,13.78,2.695e-05,0.2687,3.513,1.429,2.691,0.2319,12.32,0.592,8.593
2022-03-29T18:45:28,47490.64,3405.72,110.22,0.2728,16.23,71.8,22.44,107.11,6.777,183.17,0.6436,0.02756,0.008652,2.606,1.807,2.9,1.673,3.396,197.36,15.81,1.326,1.281,0.5782,2.83,433.56,1.189,64.99,0.8592,13.75,2.694e-05,0.2687,3.513,1.428,2.69,0.2319,12.31,0.5917,8.592
2022-03-29T18:45:58,47501.5,3407.31,110.33,0.2728,16.23,71.7,22.45,107.11,6.777,183.43,0.643,0.02755,0.008669,2.607,1.807,2.9,1.674,3.396,197.34,15.81,1.326,1.28,0.5782,2.828,433.52,1.189,64.99,0.8592,13.75,2.695e-05,0.2687,3.514,1.43,2.69,0.232,12.31,0.5917,8.591
2022-03-29T18:46:28,47509.45,3407.53,110.33,0.2728,16.23,71.7,22.48,107.08,6.777,183.46,0.6435,0.02761,0.008663,2.606,1.807,2.9,1.673,3.396,197.35,15.81,1.326,1.28,0.5782,2.825,433.59,1.19,64.98,0.8595,13.75,2.697e-05,0.2688,3.516,1.43,2.691,0.2319,12.32,0.5918,8.585
2022-03-29T18:46:58,47523.39,3407.85,110.42,0.2729,16.23,71.8,22.48,107.09,6.775,183.42,0.6435,0.02764,0.008663,2.606,1.808,2.9,1.673,3.396,197.39,15.81,1.326,1.28,0.5782,2.824,433.82,1.19,65.01,0.8596,13.78,2.697e-05,0.2688,3.513,1.43,2.69,0.2319,12.31,0.5925,8.59
2022-03-29T18:47:29,47525.49,3409.11,110.43,0.2729,16.23,71.8,22.49,107.07,6.778,183.55,0.6435,0.02771,0.008663,2.606,1.808,2.9,1.675,3.405,197.54,15.81,1.326,1.28,0.5782,2.821,433.71,1.191,65.01,0.8597,13.81,2.698e-05,0.269,3.514,1.433,2.691,0.2321,12.31,0.5924,8.591
2022-03-29T18:47:59,47528.48,3410.53,110.43,0.2729,16.23,71.8,22.5,107.11,6.775,183.6,0.6435,0.02772,0.008663,2.606,1.808,2.9,1.675,3.402,197.62,15.74,1.324,1.28,0.5782,2.826,433.75,1.191,65.01,0.8601,13.83,2.7e-05,0.269,3.512,1.433,2.691,0.2321,12.31,0.5924,8.593
2022-03-29T18:48:29,47526.96,3410.29,110.44,0.2734,16.23,71.8,22.49,107.04,6.778,183.58,0.6435,0.02766,0.008663,2.606,1.807,2.9,1.675,3.402,197.64,15.74,1.322,1.281,0.5782,2.825,434.02,1.191,64.98,0.8601,13.83,2.699e-05,0.2691,3.513,1.433,2.691,0.232,12.31,0.5927,8.593
2022-03-29T18:48:59,47536.89,3410.54,110.45,0.2734,16.23,71.8,22.49,107.08,6.775,183.55,0.6435,0.02767,0.008663,2.607,1.807,2.9,1.675,3.402,197.64,15.74,1.322,1.281,0.5782,2.827,433.99,1.191,64.99,0.8602,13.84,2.699e-05,0.2691,3.513,1.434,2.692,0.2321,12.32,0.5928,8.592
2022-03-29T18:49:29,47530.92,3409.99,110.44,0.2734,16.23,71.8,22.49,107.12,6.775,183.35,0.6435,0.02773,0.008653,2.606,1.809,2.9,1.676,3.402,197.57,15.74,1.319,1.281,0.5782,2.826,434.09,1.191,65.14,0.8601,13.84,2.697e-05,0.2691,3.512,1.434,2.692,0.2321,12.31,0.5928,8.597
2022-03-29T18:49:59,47524.88,3409.39,110.42,0.273,16.23,71.8,22.48,107,6.774,183.23,0.6444,0.02772,0.008653,2.606,1.809,2.9,1.676,3.402,197.55,15.74,1.319,1.281,0.5782,2.826,434.01,1.191,65.1,0.8599,13.84,2.696e-05,0.2693,3.512,1.434,2.691,0.232,12.29,0.5925,8.598
2022-03-29T18:50:29,47498.95,3409.21,110.4,0.2729,16.23,71.8,22.45,106.97,6.771,183.24,0.6444,0.02763,0.008653,2.604,1.807,2.9,1.674,3.409,197.35,15.74,1.319,1.281,0.5782,2.825,433.94,1.191,65.08,0.8594,13.8,2.694e-05,0.2693,3.512,1.433,2.69,0.232,12.29,0.5923,8.591
2022-03-29T18:50:59,47490.49,3407.97,110.4,0.2729,16.23,71.8,22.45,106.94,6.773,183.05,0.6444,0.02753,0.008653,2.606,1.808,2.9,1.674,3.405,197.33,15.75,1.319,1.281,0.5782,2.826,433.87,1.191,65.09,0.8595,13.8,2.694e-05,0.2691,3.511,1.433,2.688,0.2319,12.28,0.5921,8.592
2022-03-29T18:51:29,47499.48,3408.57,110.4,0.2727,16.23,71.9,22.45,106.76,6.772,183.02,0.6444,0.02752,0.008653,2.606,1.807,2.9,1.674,3.405,197.29,15.75,1.319,1.277,0.5782,2.825,433.67,1.189,65.09,0.8595,13.81,2.695e-05,0.2691,3.508,1.432,2.689,0.2319,12.28,0.5916,8.589
2022-03-29T18:52:00,47524.23,3411.6,110.44,0.2728,16.23,71.9,22.47,106.91,6.772,183.09,0.6444,0.02756,0.008683,2.608,1.809,2.9,1.675,3.405,197.43,15.75,1.319,1.277,0.5782,2.835,433.77,1.19,65.15,0.8598,13.8,2.696e-05,0.2691,3.509,1.433,2.69,0.2318,12.29,0.5916,8.589
2022-03-29T18:52:30,47530.96,3411.79,110.54,0.2728,16.23,71.9,22.47,107.05,6.773,183.4,0.6442,0.0276,0.008671,2.606,1.809,2.9,1.675,3.405,197.47,15.75,1.319,1.277,0.5782,2.831,433.83,1.19,65.16,0.861,13.82,2.698e-05,0.2691,3.513,1.434,2.69,0.2319,12.29,0.5916,8.598
2022-03-29T18:53:00,47541.46,3413.11,110.55,0.273,16.23,71.9,22.48,107.11,6.783,183.46,0.6442,0.02762,0.008671,2.605,1.809,2.9,1.677,3.405,197.6,15.75,1.325,1.277,0.5782,2.831,434.27,1.191,65.19,0.8619,13.82,2.699e-05,0.2691,3.513,1.434,2.691,0.2319,12.31,0.593,8.601
2022-03-29T18:53:30,47531.54,3413.13,110.55,0.273,16.26,71.9,22.48,107.21,6.781,183.74,0.6437,0.02762,0.008671,2.605,1.807,2.9,1.677,3.411,197.58,15.76,1.325,1.277,0.5782,2.83,434.38,1.191,65.18,0.8621,13.82,2.699e-05,0.2697,3.514,1.434,2.691,0.2319,12.31,0.593,8.6
2022-03-29T18:54:00,47533.83,3413.32,110.6,0.273,16.26,72,22.47,107.32,6.774,183.73,0.6437,0.02764,0.008671,2.606,1.807,2.9,1.677,3.42,197.59,15.76,1.325,1.277,0.5782,2.834,434.43,1.191,65.19,0.8621,13.83,2.702e-05,0.2697,3.514,1.434,2.692,0.2321,12.31,0.5932,8.602
2022-03-29T18:54:30,47531.49,3413.73,110.61,0.2732,16.26,72,22.49,107.43,6.779,183.75,0.6451,0.02761,0.008671,2.606,1.807,2.9,1.677,3.417,197.71,15.76,1.325,1.277,0.5782,2.835,434.39,1.192,65.19,0.862,13.83,2.702e-05,0.2697,3.514,1.434,2.692,0.2324,12.31,0.5934,8.603
2022-03-29T18:55:00,47528.95,3413.53,110.62,0.2731,16.26,72,22.49,107.46,6.778,183.74,0.6451,0.02763,0.008671,2.606,1.807,2.9,1.678,3.417,197.73,15.76,1.325,1.281,0.5782,2.842,434.4,1.192,65.21,0.862,13.83,2.702e-05,0.2699,3.516,1.435,2.693,0.2324,12.31,0.5934,8.603
2022-03-29T18:55:30,47527.69,3413,110.65,0.2731,16.26,72,22.49,107.5,6.778,183.78,0.646,0.02763,0.00866,2.605,1.807,2.9,1.678,3.419,197.67,15.76,1.325,1.281,0.5782,2.84,434.63,1.192,65.22,0.8617,13.85,2.703e-05,0.2699,3.515,1.434,2.693,0.2324,12.33,0.5936,8.602
2022-03-29T18:56:01,47531.05,3413.04,110.65,0.2731,16.26,72,22.49,106.89,6.778,183.53,0.6447,0.02763,0.00866,2.605,1.807,2.9,1.678,3.419,197.56,15.76,1.325,1.281,0.5782,2.84,434.67,1.192,65.2,0.8616,13.85,2.704e-05,0.2699,3.514,1.434,2.692,0.2323,12.33,0.5934,8.602
2022-03-29T18:56:31,47525.13,3413.04,110.65,0.273,16.26,71.7,22.48,106.71,6.784,183.51,0.6447,0.02762,0.00866,2.607,1.807,2.9,1.677,3.409,197.52,15.74,1.325,1.281,0.5782,2.839,434.69,1.192,65.2,0.8615,13.85,2.704e-05,0.2697,3.513,1.431,2.691,0.2324,12.31,0.5931,8.602
2022-03-29T18:57:01,47519.54,3413.44,110.65,0.273,16.26,71.7,22.49,106.66,6.784,183.36,0.6447,0.02763,0.00866,2.607,1.807,2.9,1.677,3.413,197.38,15.74,1.325,1.281,0.5782,2.834,434.94,1.192,65.2,0.8615,13.8,2.702e-05,0.2696,3.513,1.431,2.691,0.2324,12.31,0.5931,8.61
2022-03-29T18:57:31,47524.89,3412.81,110.67,0.273,16.26,71.7,22.48,106.65,6.784,183.36,0.6447,0.0276,0.00866,2.607,1.807,2.9,1.677,3.413,197.31,15.74,1.325,1.28,0.5782,2.834,434.95,1.192,65.2,0.8615,13.8,2.701e-05,0.2696,3.513,1.431,2.691,0.2324,12.31,0.5929,8.611
2022-03-29T18:58:01,47514.23,3412.71,110.67,0.2729,16.2,71.7,22.48,106.64,6.781,183.3,0.6447,0.02762,0.00866,2.606,1.807,2.9,1.677,3.417,197.21,15.74,1.325,1.281,0.5782,2.833,434.95,1.192,65.22,0.8614,13.8,2.701e-05,0.2693,3.512,1.43,2.691,0.2324,12.31,0.5929,8.612
2022-03-29T18:58:31,47503.91,3412.47,110.64,0.2729,16.2,71.8,22.47,106.61,6.781,183.26,0.6447,0.0276,0.008675,2.607,1.806,2.9,1.675,3.417,197.22,15.74,1.325,1.28,0.5782,2.839,434.91,1.192,65.22,0.8614,13.79,2.702e-05,0.2693,3.512,1.43,2.691,0.2324,12.31,0.5929,8.606
2022-03-29T18:59:01,47505.23,3412.52,110.65,0.2732,16.2,71.8,22.48,106.69,6.781,183.24,0.6447,0.02761,0.008675,2.607,1.805,2.9,1.676,3.417,197.22,15.74,1.325,1.28,0.5782,2.839,434.96,1.192,65.21,0.8618,13.79,2.701e-05,0.2693,3.512,1.43,2.691,0.2325,12.31,0.5933,8.603
2022-03-29T18:59:31,47519.15,3413.79,110.66,0.2732,16.25,71.8,22.49,106.75,6.785,183.31,0.6447,0.02764,0.008675,2.606,1.806,2.9,1.676,3.417,197.33,15.66,1.325,1.28,0.5782,2.838,435.11,1.193,65.21,0.8618,13.79,2.702e-05,0.2697,3.513,1.432,2.692,0.2326,12.31,0.5933,8.608
2022-03-29T19:00:04,47514.49,3413.74,110.83,0.2731,16.25,71.8,22.48,106.81,6.783,183.36,0.6447,0.02765,0.008675,2.607,1.806,2.9,1.676,3.417,197.3,15.71,1.325,1.28,0.5782,2.84,435.08,1.193,65.25,0.8616,13.76,2.704e-05,0.2697,3.513,1.432,2.692,0.2326,12.28,0.5933,8.609
2022-03-29T19:00:34,47509.7,3413.5,110.72,0.273,16.24,71.8,22.46,106.81,6.782,183.42,0.6434,0.02762,0.008675,2.607,1.805,2.9,1.676,3.41,197.11,15.71,1.325,1.28,0.5782,2.839,435.05,1.193,65.21,0.8615,13.76,2.704e-05,0.2697,3.51,1.431,2.691,0.2324,12.25,0.5932,8.607
2022-03-29T19:01:04,47522.69,3412.51,110.73,0.2731,16.24,71.5,22.46,106.84,6.784,183.44,0.6434,0.02762,0.008675,2.608,1.806,2.9,1.676,3.393,197.15,15.71,1.325,1.28,0.5782,2.84,435.03,1.193,65.09,0.8608,13.76,2.703e-05,0.2692,3.51,1.432,2.69,0.2326,12.25,0.5932,8.607
2022-03-29T19:01:35,47509.78,3412.63,110.73,0.273,16.24,71.6,22.46,107.02,6.787,183.46,0.6445,0.02761,0.00866,2.611,1.806,2.9,1.676,3.393,197.17,15.7,1.325,1.278,0.5782,2.84,434.89,1.193,65.09,0.8608,13.77,2.703e-05,0.2693,3.511,1.431,2.69,0.2326,12.28,0.5931,8.607
2022-03-29T19:02:05,47517.46,3413.06,110.89,0.273,16.24,71.6,22.48,106.97,6.783,183.45,0.6435,0.02762,0.00866,2.61,1.804,2.9,1.676,3.393,197.2,15.7,1.325,1.278,0.5782,2.84,434.93,1.193,65.1,0.8609,13.77,2.704e-05,0.2693,3.511,1.432,2.69,0.2326,12.28,0.5937,8.608
2022-03-29T19:02:35,47535.88,3413.12,110.86,0.2731,16.24,71.6,22.47,106.96,6.791,183.42,0.6436,0.02763,0.00866,2.611,1.805,2.9,1.676,3.384,197.33,15.7,1.325,1.278,0.5782,2.841,435.1,1.193,65.14,0.8613,13.77,2.704e-05,0.2693,3.516,1.432,2.692,0.2326,12.28,0.5936,8.607
2022-03-29T19:03:05,47540.16,3413.31,110.87,0.2732,16.19,71.6,22.48,106.87,6.784,183.3,0.6436,0.02765,0.00866,2.61,1.805,2.9,1.677,3.38,197.45,15.7,1.325,1.278,0.5782,2.844,435.04,1.193,65.17,0.8613,13.78,2.705e-05,0.2695,3.517,1.433,2.692,0.2326,12.27,0.5937,8.602
2022-03-29T19:03:35,47543.52,3413.34,110.86,0.2732,16.19,71.6,22.47,106.8,6.784,183.3,0.6444,0.0277,0.00866,2.61,1.807,2.9,1.676,3.38,197.47,15.7,1.325,1.279,0.5782,2.843,434.96,1.193,65.18,0.8612,13.78,2.705e-05,0.2697,3.518,1.433,2.693,0.2326,12.27,0.5937,8.602
2022-03-29T19:04:05,47538.58,3416.06,110.91,0.2731,16.19,71.2,22.48,106.8,6.789,183.31,0.6444,0.0277,0.008634,2.61,1.808,2.9,1.676,3.375,197.48,15.7,1.325,1.279,0.5782,2.844,434.99,1.193,65.17,0.8611,13.78,2.705e-05,0.2697,3.519,1.433,2.692,0.2327,12.26,0.5935,8.615
2022-03-29T19:04:35,47545.25,3416.35,110.97,0.2731,16.19,71.2,22.49,106.9,6.787,183.48,0.6444,0.02769,0.008649,2.61,1.809,2.9,1.677,3.375,197.53,15.7,1.325,1.279,0.5782,2.844,435.07,1.192,65.17,0.8611,13.81,2.705e-05,0.2699,3.519,1.435,2.694,0.2328,12.24,0.5938,8.617
2022-03-29T19:05:06,47549.54,3417.59,111.02,0.2731,16.19,71.2,22.5,106.93,6.79,183.48,0.6444,0.02767,0.008649,2.61,1.808,2.9,1.677,3.367,197.72,15.7,1.325,1.28,0.5782,2.844,435.05,1.192,65.18,0.8616,13.81,2.706e-05,0.2699,3.52,1.436,2.695,0.2328,12.26,0.5938,8.618
2022-03-29T19:05:36,47558.3,3417.89,111.03,0.2732,16.19,71.2,22.5,107,6.794,183.51,0.6444,0.02768,0.008655,2.61,1.807,2.9,1.678,3.365,197.82,15.7,1.325,1.281,0.5782,2.846,435.08,1.192,65.18,0.8617,13.83,2.706e-05,0.2699,3.521,1.436,2.696,0.2328,12.28,0.594,8.613
2022-03-29T19:06:06,47558.25,3420.38,111.03,0.2732,16.19,71.2,22.51,107.18,6.794,183.53,0.6456,0.02772,0.008662,2.611,1.806,2.9,1.679,3.344,197.81,15.7,1.325,1.281,0.5782,2.849,435.13,1.193,65.12,0.8619,13.83,2.708e-05,0.27,3.522,1.436,2.698,0.2329,12.28,0.5943,8.611
2022-03-29T19:06:36,47566.76,3420.8,111.04,0.2732,16.19,71.6,22.52,107.25,6.794,183.58,0.646,0.0278,0.008662,2.612,1.808,2.9,1.679,3.344,197.85,15.7,1.325,1.279,0.5782,2.846,435.15,1.193,65.1,0.8623,13.83,2.709e-05,0.27,3.523,1.436,2.698,0.2328,12.29,0.5945,8.61
2022-03-29T19:07:06,47560.29,3420.84,111.04,0.2733,16.19,71.6,22.52,107.23,6.794,183.75,0.646,0.02782,0.008662,2.611,1.808,2.9,1.679,3.337,197.85,15.7,1.325,1.279,0.5782,2.85,435.38,1.193,65.16,0.8626,13.83,2.709e-05,0.27,3.528,1.438,2.698,0.2327,12.29,0.5945,8.615
2022-03-29T19:07:36,47555.02,3420.93,111.04,0.2733,16.19,71.6,22.52,107.24,6.795,183.72,0.6462,0.02785,0.008662,2.611,1.807,2.9,1.68,3.337,197.87,15.7,1.325,1.285,0.5782,2.852,435.37,1.194,65.17,0.8628,13.83,2.71e-05,0.2701,3.528,1.438,2.698,0.2327,12.3,0.5945,8.634
2022-03-29T19:08:06,47559.74,3421.15,111.22,0.2734,16.19,71.6,22.52,107.27,6.795,183.71,0.646,0.02786,0.008662,2.613,1.807,2.9,1.68,3.337,197.84,15.7,1.325,1.285,0.5782,2.853,435.3,1.193,65.18,0.8627,13.83,2.709e-05,0.2701,3.528,1.438,2.698,0.2327,12.29,0.5948,8.632
2022-03-29T19:08:36,47545.81,3421.1,111.23,0.2734,16.19,71.8,22.51,107.38,6.794,183.71,0.6434,0.02784,0.008647,2.612,1.808,2.9,1.681,3.32,197.84,15.7,1.325,1.285,0.5782,2.856,435.32,1.193,65.19,0.8627,13.82,2.709e-05,0.2701,3.529,1.438,2.698,0.2327,12.29,0.5948,8.638
2022-03-29T19:09:06,47551.76,3422.27,111.23,0.2733,16.19,71.7,22.51,107.47,6.797,183.68,0.6434,0.02784,0.008647,2.612,1.808,2.9,1.681,3.32,197.83,15.7,1.325,1.285,0.5782,2.85,435.42,1.194,65.22,0.8627,13.83,2.71e-05,0.2704,3.529,1.439,2.7,0.2328,12.29,0.5951,8.64
2022-03-29T19:09:37,47551.38,3422.61,111.24,0.2734,16.19,71.7,22.49,107.52,6.795,183.64,0.642,0.02779,0.008647,2.611,1.808,2.9,1.681,3.335,197.88,15.7,1.325,1.285,0.5782,2.851,435.42,1.194,65.26,0.8629,13.81,2.713e-05,0.2708,3.53,1.439,2.701,0.2329,12.31,0.5953,8.642
2022-03-29T19:10:07,47635.06,3424.22,111.36,0.2737,16.19,72,22.51,107.55,6.801,183.76,0.642,0.02778,0.008647,2.615,1.809,2.9,1.682,3.338,197.94,15.7,1.325,1.29,0.5782,2.85,435.78,1.195,65.3,0.8633,13.81,2.714e-05,0.2708,3.536,1.44,2.703,0.233,12.32,0.5953,8.643
2022-03-29T19:10:37,47644.62,3426.83,111.39,0.2735,16.19,71.8,22.52,107.63,6.803,183.86,0.6408,0.02785,0.008647,2.616,1.812,2.9,1.682,3.336,198.18,15.7,1.325,1.29,0.5782,2.848,435.92,1.196,65.36,0.8634,13.81,2.715e-05,0.2708,3.536,1.443,2.704,0.2332,12.33,0.5956,8.646
2022-03-29T19:11:07,47660.45,3427.09,111.5,0.2736,16.19,71.8,22.52,107.9,6.805,184.02,0.6408,0.02789,0.008647,2.617,1.816,2.9,1.685,3.336,198.3,15.7,1.325,1.29,0.5782,2.841,435.96,1.199,65.5,0.8641,13.81,2.717e-05,0.2712,3.537,1.443,2.705,0.2331,12.34,0.5965,8.651
2022-03-29T19:11:37,47645.29,3426.85,111.75,0.2739,16.2,71.8,22.49,107.89,6.805,184.1,0.6439,0.02788,0.008634,2.612,1.815,2.9,1.685,3.347,198.32,15.7,1.325,1.296,0.5782,2.842,435.96,1.198,65.49,0.864,13.83,2.716e-05,0.2712,3.537,1.441,2.706,0.2332,12.35,0.5963,8.648
2022-03-29T19:12:07,47653.18,3426.46,111.77,0.2739,16.21,71.8,22.49,107.88,6.807,184.24,0.6447,0.02791,0.008655,2.613,1.816,2.9,1.685,3.347,198.31,15.7,1.325,1.296,0.5782,2.844,435.98,1.199,65.46,0.864,13.83,2.716e-05,0.2712,3.536,1.441,2.707,0.2332,12.35,0.5963,8.65
2022-03-29T19:12:37,47649.55,3427.05,111.77,0.2738,16.21,71.8,22.49,107.92,6.809,184.3,0.6446,0.0279,0.008655,2.612,1.815,2.9,1.684,3.347,198.32,15.7,1.325,1.296,0.5782,2.847,436,1.199,65.45,0.864,13.83,2.718e-05,0.2712,3.536,1.442,2.707,0.2332,12.35,0.5963,8.65
2022-03-29T19:13:07,47675.17,3427.79,111.97,0.2738,16.21,71.8,22.5,108.15,6.811,184.32,0.6446,0.02793,0.008655,2.613,1.821,2.9,1.685,3.361,198.45,15.7,1.332,1.296,0.5782,2.851,436.24,1.199,65.46,0.8641,13.85,2.722e-05,0.271,3.542,1.443,2.708,0.2333,12.38,0.5963,8.656
2022-03-29T19:13:38,47666.09,3429.47,111.96,0.2738,16.21,71.8,22.5,108.16,6.814,184.49,0.6446,0.02796,0.008655,2.612,1.824,2.9,1.686,3.36,198.55,15.7,1.332,1.296,0.5782,2.848,436.24,1.199,65.45,0.8643,13.87,2.718e-05,0.2712,3.541,1.443,2.708,0.2332,12.38,0.5966,8.661
2022-03-29T19:14:08,47683.65,3429.85,112.02,0.2738,16.21,71.9,22.5,108.21,6.818,184.47,0.6446,0.02793,0.008655,2.612,1.822,2.9,1.686,3.36,198.59,15.7,1.332,1.295,0.5782,2.845,436.24,1.199,65.48,0.8644,13.87,2.718e-05,0.2712,3.54,1.443,2.71,0.2332,12.39,0.5967,8.669
2022-03-29T19:14:38,47681.14,3430.22,111.94,0.2738,16.21,71.9,22.51,108.21,6.82,184.18,0.6446,0.02793,0.008655,2.612,1.822,2.9,1.686,3.36,198.65,15.7,1.332,1.296,0.5782,2.844,436.16,1.199,65.47,0.8645,13.87,2.718e-05,0.2714,3.54,1.443,2.711,0.2333,12.37,0.5961,8.675
2022-03-29T19:15:08,47673.24,3430.72,111.94,0.2738,16.22,72.2,22.5,108.27,6.825,184.35,0.6446,0.02792,0.008655,2.612,1.82,2.9,1.685,3.36,198.64,15.7,1.332,1.296,0.5782,2.844,436.08,1.199,65.48,0.8643,13.87,2.718e-05,0.2714,3.541,1.442,2.711,0.2333,12.37,0.5961,8.675
2022-03-29T19:15:38,47674.14,3431.48,111.93,0.2739,16.25,72.2,22.51,108.33,6.826,184.28,0.6437,0.02792,0.008646,2.611,1.82,2.9,1.686,3.361,198.67,15.74,1.332,1.296,0.5782,2.843,436.14,1.199,65.54,0.8643,13.87,2.72e-05,0.2714,3.541,1.442,2.711,0.2333,12.37,0.5962,8.679
2022-03-29T19:16:08,47684.27,3433.21,112.03,0.2739,16.25,72.2,22.51,108.31,6.832,184.27,0.6432,0.02792,0.008646,2.612,1.821,2.9,1.686,3.361,198.68,15.74,1.332,1.296,0.5782,2.842,436.15,1.2,65.55,0.8645,13.87,2.72e-05,0.2714,3.541,1.442,2.711,0.2333,12.37,0.5962,8.685
2022-03-29T19:16:38,47701.19,3433.88,112.04,0.2739,16.25,72.2,22.51,108.36,6.832,184.41,0.6432,0.02793,0.008646,2.612,1.822,2.9,1.686,3.361,198.69,15.74,1.332,1.295,0.5782,2.849,436.4,1.199,65.84,0.8648,13.87,2.721e-05,0.2714,3.541,1.442,2.711,0.2334,12.36,0.5962,8.682
2022-03-29T19:17:08,47725.04,3434.14,111.96,0.2739,16.25,72.4,22.5,108.43,6.832,184.39,0.6432,0.02793,0.008646,2.609,1.825,2.9,1.686,3.371,198.71,15.74,1.332,1.296,0.5782,2.852,436.43,1.2,65.92,0.8648,13.92,2.723e-05,0.2715,3.54,1.443,2.71,0.2334,12.36,0.5962,8.68
2022-03-29T19:17:39,47771.72,3435.69,112.08,0.2739,16.25,72.4,22.5,108.45,6.831,184.44,0.6434,0.02799,0.008646,2.61,1.826,2.9,1.687,3.371,198.73,15.74,1.332,1.295,0.5782,2.854,436.4,1.201,65.94,0.865,13.92,2.727e-05,0.2715,3.541,1.443,2.711,0.2334,12.35,0.5962,8.685
2022-03-29T19:18:09,47783.73,3435.75,112.09,0.2739,16.25,72.7,22.51,108.52,6.833,184.43,0.6435,0.02799,0.008648,2.611,1.829,2.9,1.689,3.371,198.76,15.7,1.332,1.295,0.5782,2.86,436.42,1.201,65.95,0.865,13.92,2.728e-05,0.2715,3.543,1.443,2.711,0.2334,12.35,0.597,8.691
2022-03-29T19:18:39,47798.97,3435.66,112.2,0.2739,16.25,72.7,22.51,108.73,6.84,184.43,0.6457,0.02799,0.008648,2.615,1.829,2.94,1.69,3.394,198.8,15.7,1.332,1.294,0.5782,2.862,436.59,1.202,65.99,0.8655,13.96,2.728e-05,0.2717,3.544,1.443,2.712,0.2335,12.35,0.5973,8.692
2022-03-29T19:19:09,47786.86,3435.82,112.25,0.2738,16.24,72.7,22.52,108.81,6.844,184.51,0.6457,0.02795,0.008648,2.615,1.827,2.94,1.69,3.39,198.85,15.7,1.332,1.294,0.5782,2.873,436.81,1.203,66.02,0.8655,13.96,2.73e-05,0.2717,3.548,1.443,2.712,0.2335,12.4,0.5975,8.693
2022-03-29T19:19:39,47788.01,3435.91,112.26,0.2738,16.24,72.8,22.55,108.86,6.848,184.61,0.6463,0.02795,0.008621,2.615,1.827,2.94,1.69,3.39,198.84,15.7,1.332,1.294,0.5782,2.872,436.85,1.204,66.18,0.8656,13.94,2.73e-05,0.2717,3.549,1.444,2.713,0.2336,12.42,0.5986,8.685
2022-03-29T19:20:09,47849.36,3438.12,112.48,0.2739,16.25,72.7,22.57,108.85,6.848,184.7,0.6457,0.02798,0.008637,2.618,1.829,2.94,1.69,3.38,198.9,15.7,1.332,1.294,0.5782,2.871,437.07,1.205,66.24,0.8666,13.96,2.73e-05,0.2722,3.549,1.444,2.715,0.2337,12.42,0.5986,8.686
2022-03-29T19:20:39,47862.17,3439.05,112.49,0.2739,16.25,72.7,22.59,108.79,6.854,184.8,0.6456,0.02806,0.008621,2.625,1.826,2.94,1.69,3.384,198.94,15.7,1.338,1.299,0.5782,2.87,437.15,1.204,66.27,0.8664,13.96,2.731e-05,0.2722,3.548,1.444,2.714,0.2337,12.42,0.5985,8.699
2022-03-29T19:21:09,47847.36,3438.66,112.41,0.2739,16.25,72.6,22.61,108.68,6.852,184.76,0.6456,0.02807,0.008621,2.624,1.824,2.94,1.69,3.384,198.93,15.7,1.338,1.297,0.5782,2.86,437.13,1.203,66.15,0.8662,13.96,2.73e-05,0.2722,3.549,1.444,2.715,0.2337,12.42,0.5977,8.698
2022-03-29T19:21:40,47814.43,3438.06,112.22,0.2738,16.25,72.6,22.61,108.57,6.856,184.78,0.6456,0.02804,0.00865,2.623,1.825,2.94,1.688,3.384,198.84,15.73,1.338,1.297,0.5782,2.862,437.06,1.202,66.07,0.8661,13.98,2.728e-05,0.2715,3.547,1.444,2.714,0.2335,12.42,0.5974,8.696
2022-03-29T19:22:10,47789.51,3437.56,112.22,0.2738,16.24,72.6,22.6,108.54,6.855,184.77,0.641,0.02802,0.008633,2.621,1.822,2.94,1.689,3.38,198.83,15.73,1.338,1.297,0.5782,2.864,436.78,1.203,66.08,0.8654,13.98,2.728e-05,0.2715,3.547,1.446,2.712,0.2335,12.42,0.5974,8.696
2022-03-29T19:22:40,47763.9,3435.45,112.21,0.2734,16.24,72.5,22.59,108.56,6.852,184.5,0.6411,0.02799,0.00862,2.62,1.82,2.94,1.689,3.372,198.75,15.73,1.338,1.297,0.5782,2.863,436.66,1.203,66.01,0.8647,13.97,2.728e-05,0.2711,3.546,1.445,2.712,0.2334,12.42,0.5973,8.696
2022-03-29T19:23:10,47793.11,3437.35,111.97,0.2734,16.24,72.5,22.58,108.6,6.855,184.52,0.6411,0.02798,0.00862,2.631,1.819,2.94,1.687,3.372,198.78,15.73,1.338,1.301,0.5782,2.858,436.71,1.203,66.03,0.8651,13.97,2.731e-05,0.2711,3.546,1.445,2.713,0.2335,12.39,0.596,8.693
2022-03-29T19:23:40,47785.32,3437.42,112.05,0.2734,16.24,72.5,22.6,108.65,6.852,184.57,0.6411,0.028,0.008644,2.629,1.821,2.94,1.688,3.372,198.79,15.73,1.338,1.301,0.5782,2.858,436.86,1.203,66.02,0.8652,13.97,2.731e-05,0.2713,3.546,1.445,2.712,0.2335,12.38,0.5963,8.694
2022-03-29T19:24:10,47777.4,3437.95,112.04,0.2734,16.24,72.6,22.59,108.68,6.855,184.63,0.6411,0.02801,0.008644,2.628,1.82,2.94,1.687,3.372,198.76,15.73,1.339,1.298,0.5782,2.861,436.9,1.203,66,0.8652,13.97,2.731e-05,0.2713,3.546,1.446,2.711,0.2335,12.38,0.5958,8.706
2022-03-29T19:24:40,47780.95,3437.89,111.92,0.2735,16.25,72.6,22.56,108.73,6.855,184.6,0.6449,0.02803,0.008644,2.628,1.821,2.94,1.687,3.373,198.76,15.73,1.339,1.3,0.5782,2.859,436.78,1.204,65.98,0.8653,13.97,2.731e-05,0.2713,3.546,1.445,2.711,0.2335,12.38,0.5956,8.706
2022-03-29T19:25:10,47761.75,3434.39,111.86,0.2733,16.32,72.6,22.54,108.75,6.856,184.59,0.6449,0.02803,0.008644,2.63,1.822,2.95,1.687,3.369,198.79,15.73,1.339,1.301,0.5782,2.857,436.75,1.203,65.88,0.865,13.94,2.73e-05,0.2708,3.544,1.445,2.71,0.2334,12.37,0.5956,8.71
2022-03-29T19:25:40,47775.6,3435.76,112.09,0.2732,16.32,72.6,22.53,108.78,6.861,184.8,0.6446,0.02808,0.008644,2.63,1.821,2.95,1.687,3.369,198.76,15.73,1.339,1.301,0.5782,2.857,436.83,1.203,65.87,0.8651,13.94,2.73e-05,0.2707,3.547,1.445,2.71,0.2335,12.37,0.5954,8.711
2022-03-29T19:26:11,47801.85,3436.39,112.1,0.2735,16.32,72.6,22.55,108.78,6.856,185.04,0.6432,0.02806,0.008641,2.632,1.822,2.95,1.688,3.372,198.79,15.7,1.339,1.3,0.5782,2.859,436.88,1.203,65.87,0.8651,13.94,2.733e-05,0.2707,3.548,1.445,2.711,0.2335,12.37,0.5954,8.711
2022-03-29T19:26:41,47792.4,3437.71,111.99,0.2735,16.32,72.6,22.55,108.82,6.855,185.51,0.6432,0.02806,0.008626,2.63,1.822,2.95,1.688,3.372,198.84,15.7,1.339,1.3,0.5782,2.857,436.93,1.203,65.91,0.8651,13.94,2.732e-05,0.2713,3.546,1.445,2.711,0.2335,12.37,0.5957,8.711
2022-03-29T19:27:11,47790.03,3437.82,112.12,0.2735,16.32,72.6,22.55,108.74,6.857,186.09,0.6449,0.02806,0.008626,2.63,1.819,2.95,1.688,3.376,198.87,15.7,1.339,1.3,0.5782,2.857,436.9,1.203,65.9,0.8653,13.95,2.732e-05,0.2713,3.546,1.445,2.711,0.2334,12.38,0.5959,8.711
2022-03-29T19:27:41,47785.46,3436.11,112.04,0.2734,16.32,72.7,22.53,108.77,6.853,186.53,0.6438,0.02792,0.008626,2.63,1.821,2.95,1.688,3.376,198.85,15.7,1.339,1.3,0.5782,2.855,436.86,1.203,65.87,0.8653,13.95,2.732e-05,0.2713,3.546,1.445,2.71,0.2333,12.38,0.5959,8.712
2022-03-29T19:28:11,47787.76,3436.16,112.04,0.2734,16.32,72.8,22.53,108.8,6.849,186.63,0.6438,0.0279,0.008626,2.63,1.821,2.95,1.688,3.376,198.7,15.7,1.339,1.3,0.5782,2.86,436.82,1.203,65.85,0.8654,13.95,2.731e-05,0.2711,3.545,1.446,2.711,0.2334,12.37,0.5961,8.708
2022-03-29T19:28:41,47774.42,3436.35,112.05,0.2735,16.27,72.8,22.53,108.95,6.845,186.65,0.6438,0.02789,0.008626,2.632,1.821,2.95,1.688,3.374,198.75,15.65,1.343,1.309,0.5701,2.86,436.89,1.203,65.84,0.8654,13.95,2.731e-05,0.2713,3.545,1.447,2.712,0.2335,12.35,0.5961,8.708
2022-03-29T19:29:11,47778.26,3437.01,112.05,0.2736,16.27,72.8,22.53,109.15,6.846,186.85,0.6438,0.02789,0.008626,2.631,1.822,2.95,1.688,3.374,198.88,15.65,1.343,1.309,0.5701,2.861,437.01,1.203,65.8,0.866,13.95,2.731e-05,0.2713,3.549,1.447,2.715,0.2335,12.35,0.5971,8.714
2022-03-29T19:29:41,47784.84,3437.48,112.31,0.2736,16.27,72.8,22.54,109.17,6.853,186.63,0.6438,0.02785,0.008648,2.632,1.822,2.95,1.688,3.377,198.95,15.69,1.343,1.309,0.5701,2.867,436.94,1.202,65.82,0.8661,13.95,2.733e-05,0.2713,3.549,1.448,2.715,0.2335,12.34,0.5969,8.716
2022-03-29T19:30:12,47788.88,3437.26,112.32,0.2737,16.27,72.7,22.54,109.3,6.85,185.91,0.6447,0.02782,0.008648,2.633,1.822,2.95,1.689,3.379,198.91,15.69,1.343,1.309,0.5701,2.869,436.96,1.202,65.8,0.866,13.97,2.733e-05,0.2713,3.55,1.447,2.715,0.2336,12.34,0.5969,8.716
2022-03-29T19:30:42,47775.97,3437.78,112.31,0.2738,16.27,72.7,22.54,109.04,6.852,186.14,0.6447,0.02781,0.008658,2.632,1.826,2.95,1.691,3.379,198.87,15.69,1.343,1.309,0.5701,2.867,436.86,1.201,65.71,0.866,13.97,2.733e-05,0.2713,3.55,1.447,2.716,0.2335,12.34,0.597,8.717
2022-03-29T19:31:12,47771.64,3437.7,112.17,0.2738,16.27,72.8,22.54,109.01,6.851,186.05,0.6457,0.0278,0.008658,2.633,1.827,2.95,1.69,3.379,198.87,15.69,1.343,1.312,0.5701,2.86,436.68,1.201,65.69,0.866,13.95,2.732e-05,0.2713,3.55,1.447,2.718,0.2335,12.33,0.597,8.716
2022-03-29T19:31:42,47767.18,3438.13,112.18,0.2737,16.27,72.8,22.54,109.07,6.844,185.92,0.6448,0.02779,0.008642,2.633,1.827,2.95,1.691,3.383,198.98,15.69,1.342,1.313,0.5701,2.867,436.71,1.201,65.74,0.8663,13.95,2.732e-05,0.2713,3.556,1.448,2.721,0.2336,12.33,0.597,8.706
2022-03-29T19:32:12,47770.31,3438.4,112.32,0.2738,16.27,72.8,22.54,109.39,6.836,185.86,0.6448,0.0278,0.008658,2.632,1.831,2.95,1.69,3.383,199.03,15.69,1.343,1.313,0.5701,2.872,436.82,1.201,65.74,0.8663,13.95,2.732e-05,0.2713,3.557,1.448,2.721,0.2337,12.34,0.5977,8.706
2022-03-29T19:32:42,47772.05,3440.79,112.33,0.2739,16.31,72.8,22.54,109.8,6.837,185.99,0.6448,0.02779,0.008658,2.63,1.834,2.95,1.691,3.383,199.04,15.69,1.343,1.313,0.5701,2.876,436.93,1.201,65.79,0.8664,13.95,2.731e-05,0.2716,3.557,1.448,2.721,0.2337,12.34,0.5977,8.703
2022-03-29T19:33:12,47768.21,3440.65,112.33,0.2739,16.31,72.9,22.54,109.78,6.834,185.77,0.6448,0.02784,0.008658,2.63,1.835,2.95,1.691,3.37,199.01,15.69,1.343,1.313,0.5701,2.876,436.83,1.201,65.83,0.8664,13.95,2.732e-05,0.2716,3.557,1.448,2.72,0.2336,12.33,0.5977,8.707
2022-03-29T19:33:43,47769.08,3440.63,112.58,0.2739,16.31,72.9,22.54,109.8,6.834,185.83,0.6448,0.02786,0.008658,2.63,1.835,2.95,1.691,3.37,199.01,15.69,1.343,1.313,0.5701,2.876,436.85,1.201,65.92,0.8669,13.95,2.733e-05,0.272,3.557,1.448,2.719,0.2336,12.33,0.5973,8.707
2022-03-29T19:34:13,47775.15,3440.63,112.63,0.2739,16.31,72.9,22.52,109.8,6.834,185.86,0.6459,0.0279,0.008658,2.631,1.834,2.95,1.691,3.37,199,15.69,1.343,1.313,0.5701,2.872,436.87,1.201,65.91,0.8669,13.95,2.733e-05,0.272,3.557,1.447,2.719,0.2336,12.32,0.5974,8.706
2022-03-29T19:34:43,47775.58,3441.01,112.63,0.2739,16.32,72.8,22.52,109.5,6.833,186,0.6459,0.02786,0.008655,2.629,1.833,2.95,1.691,3.37,199.04,15.69,1.343,1.316,0.5701,2.871,436.82,1.201,65.92,0.8669,13.95,2.734e-05,0.272,3.557,1.446,2.718,0.2336,12.33,0.5971,8.706
2022-03-29T19:35:13,47793.88,3441.29,112.66,0.2742,16.32,72.8,22.53,109.48,6.834,186.04,0.6445,0.02791,0.008655,2.63,1.833,2.95,1.693,3.37,199.06,15.69,1.343,1.316,0.5701,2.872,436.96,1.202,65.94,0.8673,13.97,2.735e-05,0.2721,3.557,1.446,2.717,0.2336,12.33,0.5969,8.708
2022-03-29T19:35:43,47803,3441.31,112.69,0.2742,16.32,72.8,22.54,109.42,6.832,186.08,0.6453,0.02793,0.008644,2.626,1.833,2.95,1.693,3.375,199.06,15.62,1.343,1.316,0.5701,2.872,437.43,1.202,65.95,0.8673,13.98,2.736e-05,0.2721,3.558,1.446,2.718,0.2336,12.33,0.5968,8.72
2022-03-29T19:36:13,47818.85,3440.97,112.71,0.2742,16.32,72.9,22.55,109.29,6.828,186.13,0.6453,0.02793,0.008663,2.627,1.833,2.95,1.693,3.375,199.1,15.62,1.342,1.304,0.5701,2.873,437.45,1.202,65.95,0.8673,13.98,2.739e-05,0.2721,3.558,1.446,2.718,0.2336,12.34,0.5967,8.721
2022-03-29T19:36:43,47813.55,3440.63,113.18,0.274,16.32,72.8,22.55,109.18,6.826,186.16,0.6453,0.0279,0.008647,2.627,1.831,2.95,1.691,3.375,199.13,15.62,1.342,1.304,0.5701,2.872,437.41,1.203,65.9,0.8672,13.98,2.737e-05,0.2719,3.558,1.445,2.718,0.2336,12.34,0.5971,8.722
2022-03-29T19:37:13,47790.17,3440.3,112.97,0.274,16.32,72.9,22.54,109.14,6.826,186.09,0.6453,0.02784,0.008647,2.628,1.83,2.95,1.691,3.377,199.13,15.62,1.342,1.303,0.5701,2.871,437.31,1.202,65.88,0.8671,13.98,2.736e-05,0.2719,3.558,1.443,2.718,0.2336,12.32,0.5971,8.725
2022-03-29T19:37:44,47789.2,3436.84,113.01,0.2739,16.32,72.9,22.52,109.11,6.823,186.11,0.6453,0.02781,0.008664,2.628,1.828,2.95,1.691,3.378,199.13,15.62,1.342,1.305,0.5701,2.872,437.23,1.202,65.86,0.8664,13.96,2.732e-05,0.2718,3.558,1.442,2.718,0.2335,12.32,0.5969,8.725
2022-03-29T19:38:14,47782.1,3436.74,112.88,0.2739,16.32,72.8,22.52,108.67,6.82,185.98,0.6465,0.02779,0.008649,2.628,1.828,2.95,1.69,3.378,199.15,15.62,1.342,1.305,0.5701,2.873,436.89,1.202,65.88,0.866,13.95,2.732e-05,0.2717,3.559,1.442,2.717,0.2335,12.31,0.5969,8.713
2022-03-29T19:38:44,47775.13,3435.04,112.87,0.274,16.3,72.8,22.52,108.66,6.818,185.94,0.6465,0.02779,0.008649,2.628,1.828,2.95,1.69,3.378,199.11,15.62,1.342,1.305,0.5701,2.87,436.8,1.202,65.88,0.8659,13.95,2.73e-05,0.2717,3.558,1.441,2.716,0.2334,12.31,0.5969,8.713
2022-03-29T19:39:14,47764.8,3434.79,113,0.274,16.26,72.8,22.51,108.67,6.812,185.87,0.6464,0.02761,0.008649,2.627,1.828,2.95,1.69,3.378,199.21,15.62,1.342,1.305,0.5701,2.871,436.76,1.202,65.87,0.8658,13.91,2.729e-05,0.2715,3.558,1.439,2.716,0.2335,12.3,0.5966,8.712
2022-03-29T19:39:44,47762.36,3434.61,113.02,0.2739,16.26,72.8,22.51,108.72,6.812,185.72,0.6465,0.02752,0.008649,2.627,1.825,2.95,1.69,3.378,199.25,15.62,1.342,1.305,0.5701,2.87,436.73,1.202,65.87,0.8657,13.91,2.729e-05,0.2715,3.558,1.439,2.716,0.2335,12.29,0.5966,8.716
2022-03-29T19:40:14,47755.17,3434.72,113.03,0.2741,16.26,72.8,22.51,108.72,6.805,185.74,0.6468,0.02748,0.008649,2.627,1.825,2.95,1.69,3.388,199.27,15.62,1.342,1.302,0.5701,2.871,436.78,1.202,65.86,0.8658,13.91,2.726e-05,0.2715,3.559,1.441,2.715,0.2335,12.29,0.5971,8.717
2022-03-29T19:40:44,47760.4,3436.07,113.08,0.2741,16.26,72.5,22.51,108.72,6.803,185.83,0.6469,0.02752,0.008671,2.627,1.825,2.95,1.69,3.388,199.32,15.62,1.342,1.302,0.5701,2.871,436.8,1.202,65.86,0.8658,13.91,2.728e-05,0.2714,3.56,1.44,2.715,0.2334,12.29,0.5969,8.718
2022-03-29T19:41:14,47760.15,3436.2,113.07,0.2741,16.26,72.5,22.51,108.72,6.804,185.95,0.6478,0.02753,0.008671,2.628,1.827,2.95,1.69,3.388,199.33,15.62,1.342,1.302,0.5701,2.873,436.85,1.201,65.87,0.866,13.91,2.728e-05,0.2714,3.56,1.44,2.714,0.2335,12.29,0.5969,8.719
2022-03-29T19:41:44,47765.13,3436.4,113.1,0.2741,16.26,72.5,22.53,108.86,6.804,185.92,0.6476,0.02754,0.008671,2.628,1.826,2.95,1.691,3.393,199.19,15.62,1.342,1.304,0.5701,2.874,436.85,1.202,65.87,0.866,13.91,2.73e-05,0.2714,3.56,1.441,2.715,0.2334,12.29,0.5969,8.724
2022-03-29T19:42:15,47735.54,3435.73,113.15,0.2737,16.26,72.6,22.51,108.87,6.803,185.85,0.6474,0.02755,0.008671,2.626,1.828,2.95,1.69,3.391,199.15,15.62,1.342,1.301,0.5701,2.874,436.81,1.201,65.81,0.8658,13.92,2.729e-05,0.2714,3.555,1.44,2.713,0.2334,12.27,0.5969,8.723
2022-03-29T19:42:45,47751.05,3435.98,113.47,0.2737,16.26,72.6,22.51,108.85,6.803,185.88,0.6474,0.02744,0.008671,2.626,1.828,2.95,1.69,3.391,199.13,15.62,1.342,1.301,0.5701,2.874,436.84,1.201,65.82,0.8651,13.92,2.729e-05,0.2713,3.555,1.44,2.713,0.2334,12.28,0.5964,8.723
2022-03-29T19:43:15,47720.58,3434.57,113.47,0.2737,16.31,72.6,22.48,108.64,6.805,185.85,0.6469,0.02741,0.008671,2.627,1.828,2.95,1.689,3.381,198.93,15.67,1.342,1.301,0.5701,2.875,436.81,1.199,65.82,0.8651,13.92,2.728e-05,0.2713,3.555,1.439,2.713,0.2333,12.28,0.5965,8.717
2022-03-29T19:43:45,47723.3,3434.45,113.34,0.2737,16.31,72.6,22.48,108.59,6.806,185.84,0.6463,0.02742,0.00866,2.627,1.828,2.95,1.689,3.381,198.91,15.69,1.342,1.297,0.5701,2.869,436.7,1.199,65.78,0.8647,13.92,2.728e-05,0.2713,3.554,1.439,2.712,0.2333,12.28,0.5961,8.715
2022-03-29T19:44:15,47730.07,3435.64,113.36,0.2736,16.27,72.5,22.47,108.6,6.806,185.82,0.6472,0.02739,0.008654,2.627,1.828,2.95,1.689,3.381,198.88,15.69,1.342,1.304,0.5701,2.869,436.69,1.199,65.68,0.8649,13.92,2.729e-05,0.2712,3.554,1.439,2.712,0.2333,12.28,0.5961,8.717
2022-03-29T19:44:45,47724.14,3434.82,113.51,0.2731,16.3,72.5,22.47,108.68,6.805,185.74,0.6472,0.0274,0.008654,2.627,1.828,2.94,1.689,3.446,198.78,15.69,1.342,1.304,0.5701,2.869,436.7,1.199,65.58,0.8649,13.92,2.727e-05,0.2712,3.553,1.439,2.712,0.2334,12.28,0.5962,8.712
2022-03-29T19:45:15,47736.26,3435,113.52,0.2731,16.27,72.5,22.47,108.73,6.801,185.77,0.6471,0.02739,0.008654,2.626,1.828,2.94,1.689,3.446,198.77,15.69,1.342,1.304,0.5701,2.868,436.61,1.199,65.59,0.8649,13.92,2.727e-05,0.2712,3.553,1.439,2.712,0.2333,12.28,0.5965,8.713
2022-03-29T19:45:45,47738.18,3435.36,113.5,0.2731,16.27,72.4,22.48,108.73,6.801,185.68,0.6464,0.0274,0.008654,2.626,1.828,2.94,1.689,3.414,198.87,15.69,1.342,1.303,0.5701,2.868,436.64,1.199,65.39,0.865,13.92,2.727e-05,0.2712,3.554,1.44,2.712,0.2333,12.28,0.5965,8.72
2022-03-29T19:46:16,47751.61,3436.05,113.29,0.2731,16.33,72.4,22.51,108.77,6.803,185.68,0.6471,0.02744,0.008654,2.626,1.828,2.94,1.69,3.415,198.98,15.68,1.342,1.303,0.5701,2.871,436.79,1.199,65.29,0.865,13.93,2.728e-05,0.2712,3.559,1.44,2.713,0.2333,12.28,0.5965,8.727
2022-03-29T19:46:46,47756.78,3437.6,113.3,0.2732,16.3,72.4,22.52,108.94,6.804,185.64,0.6471,0.02769,0.008654,2.625,1.829,2.94,1.692,3.415,199.08,15.68,1.342,1.303,0.5701,2.875,436.8,1.199,65.24,0.8651,13.93,2.729e-05,0.2712,3.56,1.44,2.715,0.2333,12.31,0.5968,8.729
2022-03-29T19:47:16,47761,3437.33,113.26,0.2733,16.3,72.3,22.51,108.88,6.8,185.34,0.6472,0.02768,0.008654,2.627,1.832,2.94,1.691,3.413,199.21,15.68,1.342,1.303,0.5701,2.873,436.91,1.199,65.31,0.8652,13.93,2.73e-05,0.2716,3.562,1.439,2.715,0.2334,12.31,0.5968,8.727
2022-03-29T19:47:46,47755.4,3436.75,113.23,0.2733,16.3,72.3,22.51,108.81,6.799,185.3,0.6468,0.02771,0.008654,2.627,1.832,2.94,1.69,3.41,199.21,15.68,1.342,1.303,0.5701,2.873,436.83,1.199,65.3,0.8648,13.93,2.728e-05,0.2716,3.561,1.438,2.715,0.2334,12.28,0.5968,8.727
2022-03-29T19:48:16,47734.39,3434.98,113.24,0.2733,16.3,72.5,22.5,108.81,6.799,185.09,0.6468,0.02769,0.008654,2.626,1.834,2.94,1.689,3.41,199.15,15.68,1.336,1.303,0.5701,2.871,436.66,1.199,65.28,0.8648,13.88,2.727e-05,0.2713,3.561,1.436,2.714,0.2333,12.27,0.5963,8.727
2022-03-29T19:48:46,47729.87,3434.74,112.96,0.2729,16.3,72.6,22.5,108.84,6.801,185.02,0.6457,0.02764,0.008654,2.626,1.832,2.94,1.689,3.409,199.08,15.68,1.336,1.301,0.5701,2.869,436.59,1.198,65.29,0.8646,13.88,2.724e-05,0.2712,3.561,1.436,2.715,0.2333,12.27,0.5963,8.721
2022-03-29T19:49:16,47723.34,3434.41,112.97,0.2729,16.3,72.6,22.51,108.82,6.801,184.78,0.6466,0.02753,0.008654,2.625,1.833,2.94,1.689,3.409,199.04,15.69,1.336,1.301,0.5701,2.872,436.57,1.198,65.35,0.8646,13.88,2.716e-05,0.2712,3.561,1.436,2.715,0.2333,12.27,0.5963,8.721
2022-03-29T19:49:46,47715,3434.09,112.98,0.2728,16.3,72.6,22.49,108.83,6.798,184.76,0.6455,0.02747,0.008631,2.625,1.833,2.94,1.689,3.398,199.02,15.69,1.336,1.301,0.5701,2.877,436.53,1.198,65.36,0.8646,13.89,2.714e-05,0.271,3.561,1.436,2.715,0.2333,12.27,0.5963,8.721
2022-03-29T19:50:17,47697.12,3434.04,113.2,0.2728,16.3,72.6,22.49,109.14,6.797,184.87,0.6455,0.02754,0.008631,2.624,1.835,2.94,1.69,3.411,198.99,15.69,1.336,1.303,0.5701,2.876,436.51,1.198,65.31,0.8646,13.89,2.714e-05,0.271,3.562,1.436,2.716,0.2333,12.29,0.5963,8.728
2022-03-29T19:50:47,47704.72,3433.67,113.23,0.2728,16.3,72.6,22.47,109.22,6.795,185.23,0.644,0.02757,0.008631,2.624,1.835,2.94,1.69,3.411,198.95,15.69,1.336,1.302,0.5701,2.88,436.46,1.197,65.29,0.8646,13.87,2.714e-05,0.271,3.562,1.436,2.715,0.2333,12.3,0.5963,8.728
2022-03-29T19:51:17,47696.12,3432.76,113.35,0.2728,16.3,72.6,22.46,109.17,6.795,185.21,0.6442,0.02765,0.008631,2.627,1.835,2.94,1.69,3.4,198.72,15.69,1.336,1.303,0.5701,2.887,436.46,1.197,65.27,0.8644,13.87,2.714e-05,0.2713,3.556,1.434,2.712,0.2332,12.3,0.5958,8.728
2022-03-29T19:51:47,47684.23,3430.38,113.34,0.2728,16.3,72.5,22.44,108.75,6.792,184.99,0.6443,0.02761,0.008631,2.629,1.836,2.94,1.688,3.396,198.5,15.72,1.336,1.303,0.5701,2.882,435.99,1.196,65.25,0.8642,13.87,2.708e-05,0.2713,3.554,1.433,2.707,0.2331,12.26,0.5959,8.727
2022-03-29T19:52:17,47670.54,3430.61,113.11,0.2721,16.3,72.3,22.41,108.5,6.794,184.85,0.6443,0.02765,0.008645,2.627,1.834,2.94,1.687,3.396,198.18,15.67,1.336,1.303,0.5701,2.88,435.79,1.196,65.21,0.8634,13.87,2.708e-05,0.2713,3.552,1.433,2.707,0.233,12.25,0.5957,8.704
2022-03-29T19:52:47,47660.06,3426.44,113.1,0.2721,16.3,72.3,22.42,108.5,6.793,184.87,0.6444,0.02764,0.008632,2.626,1.834,2.94,1.687,3.389,198.05,15.67,1.336,1.3,0.5701,2.869,435.88,1.195,65.2,0.8633,13.83,2.708e-05,0.2703,3.549,1.433,2.705,0.233,12.24,0.5939,8.702
2022-03-29T19:53:17,47646.8,3426.18,113.08,0.272,16.3,72.3,22.42,108.28,6.793,184.86,0.6447,0.02766,0.008632,2.625,1.834,2.94,1.687,3.389,198.08,15.67,1.343,1.296,0.5701,2.869,435.87,1.195,65.19,0.8633,13.83,2.709e-05,0.2703,3.547,1.433,2.705,0.2329,12.24,0.5931,8.703
2022-03-29T19:53:47,47638.2,3425.65,112.9,0.272,16.3,72.2,22.42,108.15,6.798,184.83,0.6438,0.02764,0.008634,2.627,1.833,2.94,1.687,3.385,198.08,15.67,1.343,1.298,0.5701,2.867,435.95,1.195,65.03,0.8629,13.83,2.709e-05,0.27,3.546,1.431,2.704,0.2329,12.24,0.5931,8.702
2022-03-29T19:54:17,47634.1,3424.55,112.88,0.2719,16.3,72.2,22.41,108.11,6.792,184.85,0.6438,0.02757,0.008626,2.626,1.832,2.94,1.684,3.382,197.96,15.67,1.343,1.298,0.5701,2.853,435.74,1.195,64.99,0.863,13.84,2.71e-05,0.2693,3.544,1.431,2.702,0.2329,12.22,0.5926,8.699
2022-03-29T19:54:48,47653.22,3424.36,112.83,0.2718,16.3,72.2,22.41,108.27,6.791,184.79,0.6438,0.02758,0.008626,2.628,1.834,2.94,1.684,3.382,197.92,15.67,1.343,1.299,0.5701,2.86,435.65,1.196,65,0.8636,13.84,2.711e-05,0.2693,3.539,1.431,2.703,0.2329,12.22,0.5925,8.692
2022-03-29T19:55:18,47647.25,3425.76,113.37,0.2718,16.33,72.2,22.42,108.41,6.791,184.85,0.6447,0.0276,0.008628,2.624,1.834,2.94,1.686,3.393,198.14,15.67,1.343,1.298,0.5701,2.859,436.03,1.198,65.15,0.864,13.84,2.714e-05,0.2693,3.541,1.433,2.705,0.233,12.24,0.5939,8.694
2022-03-29T19:55:48,47652.66,3428.16,113.4,0.272,16.33,72.2,22.43,108.5,6.791,184.84,0.6447,0.02764,0.008628,2.625,1.835,2.94,1.685,3.393,198.23,15.67,1.343,1.298,0.5701,2.859,436.18,1.198,65.19,0.864,13.86,2.716e-05,0.27,3.552,1.434,2.705,0.2331,12.24,0.5944,8.702
2022-03-29T19:56:18,47677.2,3428.63,113.79,0.272,16.33,72.2,22.44,108.47,6.799,184.89,0.6447,0.02761,0.008628,2.626,1.836,2.94,1.685,3.393,198.23,15.72,1.343,1.298,0.5701,2.856,436.16,1.198,65.19,0.8639,13.87,2.715e-05,0.27,3.552,1.434,2.707,0.2331,12.24,0.5944,8.705
2022-03-29T19:56:48,47676.61,3428.43,113.85,0.272,16.33,72.3,22.44,108.24,6.799,184.92,0.6447,0.02759,0.008628,2.626,1.836,2.94,1.685,3.398,198.2,15.72,1.343,1.298,0.5701,2.858,436.13,1.197,65.21,0.8635,13.87,2.714e-05,0.2695,3.55,1.434,2.707,0.2331,12.24,0.5949,8.726
2022-03-29T19:57:18,47673.92,3427.48,113.83,0.272,16.33,72.3,22.44,108.26,6.799,185.02,0.6447,0.02758,0.008628,2.626,1.834,2.94,1.685,3.398,198.21,15.74,1.343,1.298,0.5701,2.857,436.19,1.197,65.19,0.8635,13.87,2.713e-05,0.2695,3.549,1.434,2.707,0.2332,12.24,0.5947,8.72
2022-03-29T19:57:48,47673.97,3427.63,113.88,0.2719,16.29,72.3,22.45,108.26,6.795,185.09,0.6447,0.02758,0.00862,2.626,1.836,2.94,1.686,3.388,198.26,15.74,1.343,1.297,0.5701,2.858,436.2,1.197,65.14,0.8636,13.85,2.715e-05,0.2695,3.549,1.435,2.706,0.2332,12.25,0.5947,8.722
2022-03-29T19:58:18,47676.59,3427.88,113.9,0.2719,16.29,72.3,22.45,108.34,6.798,185.11,0.6447,0.02756,0.008609,2.625,1.836,2.94,1.687,3.391,198.32,15.74,1.343,1.297,0.5701,2.858,436.24,1.197,65.14,0.8636,13.85,2.714e-05,0.2699,3.549,1.437,2.706,0.2333,12.26,0.5946,8.721
2022-03-29T19:58:49,47682.01,3429.68,113.9,0.2723,16.29,72.3,22.46,108.34,6.805,185.22,0.6458,0.02753,0.008628,2.625,1.835,2.94,1.687,3.391,198.32,15.74,1.343,1.297,0.5701,2.859,436.31,1.197,65.15,0.8636,13.85,2.715e-05,0.2699,3.549,1.437,2.706,0.2333,12.26,0.5945,8.723
2022-03-29T19:59:19,47674.59,3429.02,113.71,0.2721,16.29,72.5,22.44,108.2,6.813,185.15,0.6458,0.02753,0.008628,2.626,1.835,2.94,1.687,3.39,198.34,15.74,1.343,1.298,0.5701,2.857,436.3,1.197,65.16,0.8635,13.86,2.716e-05,0.2699,3.544,1.438,2.704,0.2333,12.24,0.5945,8.701
2022-03-29T19:59:49,47688.1,3428.76,113.73,0.2722,16.29,72.5,22.44,108.2,6.822,185.06,0.6484,0.02754,0.00862,2.627,1.836,2.94,1.686,3.39,198.33,15.76,1.343,1.298,0.5701,2.856,436.31,1.197,65.17,0.8633,13.9,2.717e-05,0.2699,3.547,1.437,2.706,0.2334,12.26,0.5938,8.699
2022-03-29T20:00:19,47698.4,3428.76,113.74,0.2725,16.29,72.5,22.44,108.21,6.827,185.09,0.6484,0.02752,0.00862,2.627,1.834,2.94,1.686,3.39,198.42,15.76,1.343,1.298,0.5701,2.853,436.37,1.197,65.18,0.8635,13.9,2.717e-05,0.2701,3.547,1.437,2.707,0.2335,12.26,0.5945,8.699
2022-03-29T20:00:49,47705.28,3428.18,113.84,0.2729,16.29,72.2,22.46,108.36,6.836,185.1,0.6484,0.02753,0.00862,2.624,1.834,2.94,1.686,3.404,198.52,15.76,1.343,1.295,0.5701,2.854,436.48,1.197,65.17,0.8635,13.9,2.717e-05,0.2701,3.548,1.439,2.707,0.2334,12.26,0.5949,8.693
2022-03-29T20:01:19,47691.92,3428.02,113.82,0.2728,16.29,72.1,22.46,108.34,6.841,185.12,0.6476,0.02753,0.00862,2.624,1.838,2.94,1.686,3.404,198.49,15.76,1.343,1.299,0.5701,2.852,436.48,1.197,65.17,0.8632,13.92,2.716e-05,0.27,3.547,1.439,2.706,0.2335,12.25,0.595,8.689
2022-03-29T20:01:49,47688.69,3427.61,113.79,0.2725,16.34,72.2,22.46,108.36,6.839,184.99,0.6454,0.02751,0.00862,2.627,1.839,2.94,1.685,3.404,198.19,15.76,1.343,1.299,0.5701,2.849,436.24,1.196,65.1,0.8631,13.92,2.715e-05,0.27,3.546,1.438,2.706,0.2334,12.24,0.5947,8.69
2022-03-29T20:02:20,47674.78,3427.22,113.78,0.2724,16.34,72.2,22.43,108.38,6.848,185.02,0.6454,0.02746,0.00858,2.626,1.838,2.94,1.684,3.398,198.16,15.76,1.343,1.294,0.5701,2.849,436.09,1.196,65.1,0.8629,13.92,2.714e-05,0.27,3.542,1.438,2.705,0.2333,12.24,0.5943,8.687
2022-03-29T20:02:50,47667.33,3420.43,113.44,0.2724,16.34,72.2,22.42,108.37,6.851,184.98,0.645,0.02746,0.00858,2.625,1.838,2.94,1.683,3.398,198.08,15.76,1.343,1.29,0.5701,2.85,436.04,1.195,65.08,0.8628,13.87,2.713e-05,0.27,3.541,1.437,2.704,0.2334,12.24,0.5949,8.681
2022-03-29T20:03:20,47672.41,3420.42,113.42,0.2725,16.34,72.2,22.42,108.38,6.85,184.92,0.6438,0.02745,0.008588,2.624,1.839,2.94,1.683,3.398,197.86,15.76,1.343,1.29,0.5701,2.849,435.96,1.196,65.07,0.8628,13.87,2.713e-05,0.27,3.541,1.436,2.703,0.2332,12.24,0.5949,8.677
2022-03-29T20:03:50,47673.74,3420.93,113.27,0.2727,16.34,72.1,22.42,108.42,6.85,184.94,0.6438,0.02747,0.008588,2.624,1.84,2.94,1.683,3.401,197.99,15.72,1.343,1.29,0.5701,2.849,436.04,1.196,65.12,0.8628,13.87,2.713e-05,0.27,3.543,1.436,2.704,0.2333,12.24,0.5953,8.677
2022-03-29T20:04:20,47686.32,3423.17,113.57,0.2727,16.29,72.1,22.44,108.51,6.851,185,0.6435,0.02751,0.008588,2.623,1.841,2.94,1.684,3.401,198.17,15.72,1.343,1.29,0.5701,2.858,436.06,1.196,65.16,0.8634,13.92,2.714e-05,0.27,3.544,1.437,2.705,0.2333,12.25,0.5957,8.673
2022-03-29T20:04:50,47712.45,3424.55,113.54,0.2727,16.34,72.1,22.45,108.68,6.851,184.98,0.6438,0.02757,0.008588,2.625,1.841,2.94,1.684,3.393,198.19,15.72,1.343,1.29,0.5701,2.856,436.27,1.197,65.16,0.8635,13.92,2.718e-05,0.27,3.544,1.437,2.707,0.2335,12.25,0.596,8.679
2022-03-29T20:05:20,47701.57,3423.87,113.53,0.2727,16.34,72.2,22.44,108.6,6.849,185.05,0.6449,0.02757,0.008588,2.624,1.843,2.94,1.684,3.39,198.17,15.72,1.343,1.291,0.5701,2.852,436.22,1.197,65.16,0.8636,13.92,2.715e-05,0.2705,3.545,1.438,2.707,0.2336,12.25,0.5959,8.678
2022-03-29T20:05:50,47687.33,3423.52,113.49,0.2724,16.34,72.2,22.43,108.47,6.859,185,0.6432,0.02753,0.008588,2.628,1.842,2.94,1.681,3.39,197.98,15.72,1.343,1.291,0.5701,2.853,436.11,1.197,65.13,0.8631,13.92,2.713e-05,0.2703,3.542,1.437,2.705,0.2333,12.23,0.5958,8.704
2022-03-29T20:06:20,47688.08,3423.83,113.23,0.2725,16.29,72.2,22.43,108.34,6.858,185,0.6432,0.02756,0.008612,2.628,1.841,2.94,1.681,3.389,198.03,15.72,1.343,1.3,0.5701,2.857,435.94,1.196,65.12,0.8631,13.92,2.713e-05,0.2703,3.543,1.436,2.705,0.2333,12.23,0.5958,8.706
2022-03-29T20:06:51,47695.81,3422.5,113.28,0.2725,16.29,72.2,22.43,108.27,6.862,185.02,0.6456,0.02753,0.008594,2.627,1.841,2.94,1.682,3.391,198.08,15.72,1.343,1.3,0.5701,2.856,435.93,1.196,65.13,0.8633,13.92,2.713e-05,0.2703,3.543,1.435,2.705,0.2332,12.25,0.5959,8.707
2022-03-29T20:07:21,47683.89,3422.2,113.28,0.2725,16.29,72.2,22.43,108.26,6.86,184.98,0.6453,0.02752,0.008594,2.627,1.842,2.94,1.682,3.391,198.09,15.76,1.343,1.3,0.5701,2.856,436.19,1.195,65.2,0.8635,13.92,2.713e-05,0.2702,3.543,1.435,2.704,0.2333,12.27,0.5959,8.706
2022-03-29T20:07:51,47681.92,3423.29,113.28,0.2726,16.29,72.2,22.43,108.32,6.859,184.9,0.6453,0.02752,0.008615,2.625,1.841,2.94,1.682,3.391,198.13,15.76,1.343,1.3,0.5701,2.859,436.26,1.196,65.22,0.8637,13.95,2.715e-05,0.2702,3.546,1.436,2.706,0.2334,12.27,0.5959,8.706
2022-03-29T20:08:21,47687.04,3423.3,113.28,0.2726,16.29,72.2,22.42,108.35,6.861,184.89,0.6453,0.02752,0.008613,2.626,1.841,2.94,1.681,3.391,198.14,15.76,1.343,1.295,0.5701,2.86,436.23,1.196,65.21,0.8637,13.94,2.714e-05,0.2702,3.546,1.436,2.705,0.2334,12.27,0.5961,8.708
2022-03-29T20:08:51,47686.56,3423.36,113.33,0.2727,16.29,72.2,22.43,108.33,6.861,184.88,0.6453,0.02753,0.008629,2.624,1.84,2.94,1.681,3.391,198.16,15.76,1.343,1.295,0.5701,2.862,436.22,1.196,65.21,0.8641,13.94,2.715e-05,0.2705,3.546,1.436,2.706,0.2335,12.3,0.5961,8.707
2022-03-29T20:09:21,47686.64,3423.93,113.31,0.2727,16.29,72.2,22.43,108.23,6.858,184.88,0.6453,0.02756,0.008629,2.625,1.841,2.94,1.681,3.381,198.3,15.76,1.343,1.295,0.5701,2.861,436.24,1.196,65.23,0.8641,13.94,2.717e-05,0.2705,3.547,1.436,2.706,0.2335,12.31,0.5962,8.707
2022-03-29T20:09:51,47695.17,3423.82,113.32,0.2727,16.29,72,22.43,108.23,6.858,184.95,0.6457,0.02755,0.008629,2.626,1.845,2.94,1.682,3.381,198.5,15.71,1.343,1.295,0.5701,2.865,436.32,1.198,65.25,0.8643,13.94,2.719e-05,0.2705,3.551,1.438,2.707,0.2336,12.31,0.5961,8.712
2022-03-29T20:10:22,47690.07,3423.74,113.36,0.2729,16.29,72,22.44,108.18,6.858,184.92,0.6452,0.02756,0.008629,2.626,1.845,2.94,1.683,3.381,198.51,15.7,1.343,1.295,0.5701,2.859,436.29,1.197,65.25,0.8642,13.94,2.719e-05,0.2707,3.55,1.437,2.707,0.2335,12.31,0.5963,8.716
2022-03-29T20:10:52,47675.82,3422.67,113.36,0.2728,16.32,72.1,22.43,108.07,6.858,184.87,0.6443,0.02754,0.008629,2.625,1.844,2.94,1.683,3.378,198.52,15.7,1.343,1.295,0.5701,2.858,436.29,1.197,65.26,0.8641,13.94,2.719e-05,0.2707,3.549,1.437,2.707,0.2336,12.31,0.5965,8.716
2022-03-29T20:11:22,47678.08,3422.33,113.36,0.2728,16.32,72.1,22.43,108.01,6.858,184.89,0.6443,0.02756,0.008629,2.625,1.845,2.94,1.683,3.378,198.51,15.76,1.343,1.299,0.5701,2.858,436.31,1.198,65.31,0.864,13.94,2.719e-05,0.2707,3.55,1.437,2.707,0.2336,12.3,0.5965,8.717
2022-03-29T20:11:52,47678.53,3422.31,113.25,0.2729,16.32,72.1,22.43,108.02,6.856,184.9,0.6443,0.02755,0.008632,2.626,1.847,2.94,1.684,3.385,198.52,15.76,1.343,1.299,0.5701,2.86,436.31,1.198,65.32,0.864,13.94,2.72e-05,0.2707,3.549,1.437,2.707,0.2338,12.29,0.5966,8.719
2022-03-29T20:12:22,47684.69,3423.19,113.24,0.2731,16.32,72,22.43,108.05,6.858,185,0.6443,0.02756,0.008632,2.626,1.846,2.94,1.683,3.383,198.54,15.76,1.343,1.299,0.5701,2.863,436.42,1.198,65.32,0.8641,13.94,2.72e-05,0.2702,3.55,1.437,2.71,0.2338,12.32,0.5964,8.727
2022-03-29T20:12:52,47677.75,3423.34,113.24,0.2731,16.34,72,22.43,108.23,6.862,184.96,0.6443,0.02757,0.008632,2.626,1.848,2.94,1.683,3.381,198.66,15.76,1.343,1.299,0.5701,2.862,436.32,1.198,65.32,0.864,13.94,2.723e-05,0.2702,3.55,1.437,2.711,0.2338,12.32,0.5964,8.729
2022-03-29T20:13:22,47672.57,3422.38,113.22,0.2731,16.29,72,22.43,108.25,6.86,185.01,0.6452,0.02757,0.008632,2.634,1.846,2.94,1.682,3.381,198.66,15.76,1.343,1.299,0.5701,2.861,436.25,1.198,65.33,0.864,13.94,2.721e-05,0.2702,3.549,1.437,2.711,0.2337,12.32,0.5963,8.727
2022-03-29T20:13:52,47668.48,3422.55,113.22,0.2731,16.29,72,22.42,108.24,6.855,185.01,0.6457,0.02755,0.008632,2.634,1.85,2.94,1.683,3.381,198.67,15.64,1.343,1.302,0.5701,2.858,436.2,1.199,65.33,0.864,13.89,2.721e-05,0.2702,3.549,1.437,2.71,0.2336,12.32,0.5963,8.728
2022-03-29T20:14:22,47670.73,3422.67,113.11,0.2731,16.29,72,22.43,108.15,6.855,184.99,0.6457,0.02756,0.008632,2.634,1.85,2.94,1.683,3.374,198.65,15.64,1.343,1.302,0.5701,2.859,436.23,1.198,65.34,0.864,13.87,2.722e-05,0.2702,3.549,1.437,2.711,0.2336,12.31,0.5963,8.726
2022-03-29T20:14:53,47670.92,3422.54,113.1,0.273,16.29,71.9,22.42,108.12,6.856,184.93,0.6457,0.02757,0.008632,2.634,1.849,2.94,1.682,3.374,198.6,15.64,1.343,1.312,0.5701,2.858,436.23,1.198,65.33,0.8641,13.87,2.722e-05,0.2702,3.548,1.436,2.711,0.2335,12.31,0.5963,8.726
2022-03-29T20:15:23,47661.28,3422.26,113.17,0.273,16.29,72,22.42,108.06,6.85,184.8,0.6457,0.02758,0.008631,2.634,1.849,2.94,1.683,3.371,198.54,15.64,1.343,1.31,0.5701,2.857,436.13,1.198,65.31,0.8639,13.83,2.722e-05,0.2702,3.547,1.435,2.709,0.2334,12.31,0.5961,8.726
2022-03-29T20:15:53,47668.84,3422.57,113.18,0.2731,16.29,72,22.42,107.99,6.855,184.86,0.6457,0.02756,0.008631,2.634,1.85,2.94,1.683,3.372,198.51,15.64,1.343,1.31,0.5701,2.866,436.2,1.198,65.29,0.864,13.78,2.722e-05,0.2702,3.549,1.438,2.709,0.2334,12.31,0.5959,8.729
2022-03-29T20:16:23,47669.06,3422.19,113.18,0.2731,16.33,72,22.42,107.97,6.85,184.88,0.6457,0.02757,0.008631,2.634,1.85,2.94,1.683,3.374,198.39,15.66,1.343,1.313,0.5701,2.86,436.21,1.198,65.27,0.8642,13.79,2.722e-05,0.2701,3.549,1.438,2.709,0.2334,12.31,0.596,8.73
2022-03-29T20:16:53,47649.23,3421.64,113.12,0.2731,16.33,72,22.42,107.88,6.847,184.82,0.6445,0.02755,0.008631,2.633,1.849,2.94,1.683,3.374,198.28,15.66,1.343,1.313,0.5701,2.862,436.2,1.198,65.26,0.8638,13.79,2.719e-05,0.2702,3.549,1.439,2.709,0.2334,12.32,0.5959,8.736
2022-03-29T20:17:23,47642.91,3420.21,113.11,0.2726,16.34,72,22.41,107.95,6.846,184.87,0.6437,0.02751,0.008631,2.633,1.849,2.94,1.683,3.372,198.27,15.66,1.343,1.313,0.5701,2.862,436.14,1.198,65.12,0.8636,13.77,2.717e-05,0.2702,3.549,1.438,2.708,0.2334,12.33,0.5955,8.735
2022-03-29T20:17:53,47643.56,3420.14,113.21,0.2726,16.29,72,22.42,108.09,6.836,184.76,0.6437,0.02755,0.008625,2.633,1.849,2.94,1.683,3.369,198.27,15.66,1.343,1.313,0.5701,2.859,436.15,1.198,65.1,0.8636,13.78,2.717e-05,0.27,3.549,1.438,2.709,0.2333,12.34,0.5954,8.735
2022-03-29T20:18:23,47630.5,3419.71,113.14,0.2726,16.29,72.1,22.41,108.02,6.832,184.79,0.6415,0.02752,0.008634,2.632,1.849,2.94,1.682,3.369,198.23,15.66,1.343,1.309,0.5701,2.856,436.04,1.197,65.08,0.8632,13.78,2.717e-05,0.27,3.547,1.438,2.707,0.2333,12.33,0.5957,8.735
2022-03-29T20:18:54,47632.49,3418.6,113.15,0.2728,16.29,72.1,22.41,108.09,6.831,184.78,0.6415,0.02753,0.008634,2.632,1.849,2.94,1.683,3.369,198.21,15.66,1.343,1.308,0.5701,2.857,435.92,1.197,65.05,0.8631,13.78,2.715e-05,0.27,3.547,1.438,2.706,0.2332,12.33,0.5957,8.733
2022-03-29T20:19:24,47632.07,3418.74,113.15,0.2727,16.29,72.1,22.4,108.17,6.823,184.78,0.6415,0.0275,0.008617,2.632,1.846,2.94,1.683,3.364,198.38,15.7,1.343,1.308,0.5701,2.857,436.05,1.197,65.05,0.8632,13.78,2.714e-05,0.2698,3.548,1.437,2.706,0.2332,12.33,0.5954,8.733
2022-03-29T20:19:54,47626.93,3419.13,113.28,0.2727,16.34,72.1,22.4,108.07,6.816,184.75,0.6415,0.02751,0.00863,2.631,1.846,2.94,1.683,3.364,198.27,15.7,1.343,1.302,0.5701,2.857,435.97,1.198,65.05,0.8631,13.78,2.714e-05,0.2698,3.55,1.436,2.706,0.2332,12.3,0.5957,8.735
2022-03-29T20:20:24,47625.32,3419.17,113.3,0.2727,16.34,72.1,22.4,108.08,6.819,184.73,0.6415,0.02751,0.008643,2.631,1.846,2.94,1.683,3.364,198.27,15.7,1.343,1.302,0.5701,2.857,435.99,1.198,65.05,0.863,13.78,2.713e-05,0.2698,3.55,1.435,2.706,0.2332,12.3,0.5957,8.735
2022-03-29T20:20:54,47627.52,3420.55,113.45,0.2727,16.29,72.1,22.41,108.13,6.815,184.74,0.6416,0.02752,0.008643,2.631,1.845,2.94,1.685,3.364,198.34,15.7,1.343,1.302,0.5701,2.856,435.97,1.199,65.06,0.8632,13.84,2.713e-05,0.2698,3.552,1.435,2.707,0.2332,12.31,0.5957,8.735
2022-03-29T20:21:24,47629.13,3420.82,113.38,0.2728,16.29,72.1,22.41,108.14,6.815,184.8,0.6416,0.02754,0.008643,2.631,1.846,2.94,1.685,3.364,198.35,15.7,1.343,1.303,0.5701,2.86,436.01,1.199,65.11,0.8635,13.84,2.716e-05,0.27,3.554,1.435,2.707,0.2332,12.31,0.5961,8.735
2022-03-29T20:21:54,47640.51,3424.49,113.4,0.2728,16.29,72.1,22.44,108.12,6.815,184.86,0.6416,0.02752,0.008643,2.632,1.845,2.94,1.685,3.369,198.49,15.7,1.343,1.301,0.5701,2.86,436.29,1.201,65.15,0.8637,13.84,2.718e-05,0.27,3.555,1.435,2.709,0.2333,12.31,0.5967,8.727
2022-03-29T20:22:24,47648.61,3425.6,113.86,0.2729,16.29,72.1,22.47,108.27,6.817,184.99,0.6416,0.02754,0.008643,2.627,1.844,2.94,1.689,3.368,198.77,15.73,1.343,1.301,0.5701,2.862,436.54,1.201,65.24,0.8639,13.88,2.72e-05,0.27,3.557,1.437,2.71,0.2334,12.35,0.5979,8.73
2022-03-29T20:22:55,47660.79,3426.09,113.87,0.2733,16.29,72.3,22.46,108.42,6.814,185.21,0.6416,0.02754,0.008643,2.628,1.842,2.94,1.689,3.372,198.76,15.73,1.343,1.301,0.5701,2.862,436.55,1.201,65.23,0.864,13.89,2.721e-05,0.27,3.557,1.437,2.713,0.2335,12.35,0.5977,8.731
2022-03-29T20:23:25,47645.19,3425.99,113.86,0.2733,16.29,72.3,22.46,108.42,6.827,185.25,0.6447,0.02754,0.0086,2.627,1.842,2.94,1.689,3.372,198.87,15.73,1.343,1.298,0.5701,2.861,436.69,1.201,65.19,0.864,13.89,2.722e-05,0.27,3.561,1.438,2.716,0.2335,12.35,0.5978,8.736
2022-03-29T20:23:55,47641.51,3426.08,113.72,0.2733,16.29,72.6,22.46,108.45,6.831,185.3,0.6447,0.02755,0.008639,2.627,1.842,2.94,1.689,3.396,198.89,15.73,1.343,1.301,0.5701,2.859,436.66,1.201,65.2,0.8645,13.88,2.722e-05,0.27,3.563,1.438,2.72,0.2335,12.35,0.5981,8.738
2022-03-29T20:24:25,47644.5,3425.84,113.73,0.2733,16.29,72.8,22.46,108.45,6.831,185.35,0.6433,0.02752,0.00864,2.627,1.842,2.94,1.689,3.396,198.94,15.73,1.343,1.298,0.5701,2.858,436.59,1.202,65.22,0.8646,13.88,2.727e-05,0.271,3.564,1.438,2.722,0.2334,12.35,0.598,8.738
2022-03-29T20:24:55,47644.8,3425.44,113.71,0.2731,16.29,72.8,22.46,108.43,6.83,185.45,0.6433,0.02755,0.00864,2.629,1.842,2.94,1.689,3.396,199.01,15.73,1.343,1.301,0.5701,2.858,436.61,1.202,65.22,0.8648,13.82,2.727e-05,0.271,3.564,1.437,2.724,0.2334,12.35,0.598,8.739
2022-03-29T20:25:25,47639.39,3423.79,113.56,0.2734,16.32,72.8,22.46,108.36,6.839,185.45,0.6433,0.02755,0.00864,2.63,1.842,2.94,1.69,3.398,199.03,15.8,1.343,1.301,0.5701,2.858,436.54,1.202,65.21,0.8647,13.82,2.727e-05,0.271,3.563,1.438,2.723,0.2334,12.35,0.5981,8.738
2022-03-29T20:25:55,47648.04,3423.95,113.55,0.2733,16.32,73,22.46,108.36,6.837,185.45,0.6433,0.02755,0.00864,2.631,1.842,2.94,1.69,3.393,199.06,15.8,1.343,1.302,0.5701,2.854,436.57,1.202,65.21,0.8648,13.82,2.727e-05,0.2713,3.559,1.437,2.723,0.2334,12.35,0.5984,8.745
2022-03-29T20:26:25,47653.4,3424.57,113.55,0.2733,16.32,73,22.46,108.38,6.838,185.49,0.6433,0.02756,0.00864,2.632,1.842,2.94,1.69,3.393,199.06,15.8,1.343,1.302,0.5701,2.854,436.87,1.202,65.19,0.8648,13.83,2.729e-05,0.2713,3.558,1.437,2.723,0.2334,12.36,0.5984,8.745
2022-03-29T20:26:56,47661.16,3424.75,113.55,0.2737,16.29,73,22.46,108.42,6.842,185.55,0.6434,0.02757,0.00864,2.63,1.842,2.94,1.69,3.38,199.13,15.8,1.343,1.302,0.5701,2.854,436.86,1.202,65.19,0.865,13.84,2.73e-05,0.2713,3.557,1.438,2.722,0.2335,12.37,0.5987,8.745
2022-03-29T20:27:26,47667.89,3426.38,113.52,0.2738,16.29,72.9,22.47,108.59,6.847,185.5,0.6434,0.02757,0.008625,2.631,1.843,2.94,1.692,3.381,199.16,15.8,1.343,1.299,0.5701,2.856,437.01,1.201,65.19,0.865,13.84,2.73e-05,0.2717,3.559,1.438,2.723,0.2336,12.37,0.5988,8.745
2022-03-29T20:27:56,47692.92,3426.56,113.52,0.2737,16.29,72.9,22.47,108.56,6.845,185.48,0.6434,0.02758,0.008625,2.627,1.843,2.94,1.693,3.384,199.15,15.8,1.343,1.299,0.5701,2.855,437.13,1.202,65.21,0.8651,13.87,2.731e-05,0.2717,3.558,1.438,2.723,0.2337,12.35,0.5985,8.746
2022-03-29T20:28:26,47676.47,3425.5,113.52,0.2736,16.29,72.9,22.47,108.5,6.844,185.4,0.6434,0.02754,0.008625,2.628,1.842,2.94,1.692,3.384,199.13,15.8,1.343,1.297,0.5701,2.855,437.13,1.202,65.2,0.8655,13.87,2.73e-05,0.2717,3.558,1.438,2.723,0.2335,12.35,0.5984,8.741
2022-03-29T20:28:56,47664.87,3425.31,113.56,0.2737,16.29,72.9,22.47,108.33,6.843,185.3,0.6442,0.02756,0.008625,2.625,1.842,2.94,1.69,3.37,199.1,15.8,1.343,1.297,0.5701,2.855,436.68,1.202,65.2,0.8656,13.87,2.728e-05,0.2713,3.557,1.438,2.721,0.2335,12.35,0.5984,8.742
2022-03-29T20:29:26,47633.19,3425.04,113.51,0.2735,16.32,72.8,22.44,108.3,6.845,185.24,0.6424,0.02757,0.008625,2.624,1.841,2.94,1.691,3.37,198.91,15.8,1.343,1.297,0.5701,2.855,436.62,1.201,65.19,0.8655,13.81,2.724e-05,0.2713,3.556,1.437,2.718,0.2334,12.35,0.598,8.742
2022-03-29T20:29:56,47627.34,3423.95,113.51,0.2735,16.32,72.8,22.43,108.33,6.832,185.26,0.6424,0.02757,0.008625,2.623,1.841,2.94,1.691,3.37,198.89,15.8,1.343,1.297,0.5701,2.854,436.53,1.201,65.19,0.8651,13.79,2.723e-05,0.2708,3.554,1.437,2.718,0.2334,12.35,0.598,8.744
2022-03-29T20:30:26,47619.06,3423.76,113.48,0.2735,16.32,72.8,22.43,108.32,6.832,185.34,0.6424,0.02757,0.008625,2.623,1.841,2.94,1.69,3.37,198.8,15.8,1.343,1.294,0.5701,2.849,436.53,1.2,65.1,0.8652,13.79,2.722e-05,0.2707,3.554,1.435,2.718,0.2334,12.34,0.5981,8.745
2022-03-29T20:30:56,47624.54,3423.75,113.48,0.2735,16.32,72.7,22.43,108.28,6.827,185.42,0.642,0.02758,0.008625,2.623,1.839,2.94,1.69,3.37,198.82,15.8,1.343,1.294,0.5804,2.85,436.51,1.199,65.06,0.8652,13.8,2.712e-05,0.2707,3.554,1.436,2.718,0.2334,12.33,0.5981,8.745
2022-03-29T20:31:27,47621.78,3423.61,113.47,0.2735,16.32,72.7,22.43,108.25,6.826,185.3,0.642,0.02757,0.008625,2.627,1.837,2.94,1.69,3.37,198.8,15.8,1.343,1.294,0.5804,2.849,436.53,1.199,65.04,0.8649,13.8,2.714e-05,0.271,3.553,1.436,2.718,0.2333,12.34,0.598,8.739
2022-03-29T20:31:57,47614.87,3423.13,113.32,0.2731,16.29,72.7,22.43,108.17,6.826,185.2,0.642,0.02753,0.00864,2.628,1.837,2.94,1.691,3.383,198.73,15.8,1.343,1.294,0.5804,2.848,436.51,1.199,65.02,0.8649,13.8,2.712e-05,0.271,3.552,1.436,2.719,0.2333,12.39,0.5979,8.74
2022-03-29T20:32:27,47604.31,3422.87,113.27,0.273,16.29,73.1,22.42,108.12,6.826,185.15,0.642,0.02753,0.00864,2.627,1.837,2.94,1.69,3.381,198.66,15.8,1.343,1.295,0.5804,2.848,436.4,1.199,64.98,0.8642,13.8,2.705e-05,0.2702,3.551,1.435,2.718,0.2333,12.39,0.5972,8.74
2022-03-29T20:32:57,47590.03,3422.58,113.27,0.2729,16.29,73.1,22.41,108.06,6.824,184.68,0.642,0.02751,0.00864,2.626,1.833,2.94,1.688,3.381,198.46,15.8,1.343,1.293,0.5804,2.848,436.23,1.199,64.95,0.8642,13.8,2.702e-05,0.2703,3.551,1.435,2.719,0.2333,12.39,0.5969,8.738
2022-03-29T20:33:27,47591.32,3420.76,113.26,0.2729,16.3,73.1,22.39,107.89,6.82,184.66,0.6431,0.0275,0.00864,2.626,1.831,2.94,1.688,3.373,198.51,15.8,1.343,1.293,0.5804,2.844,436.18,1.199,64.88,0.8642,13.79,2.706e-05,0.2703,3.55,1.434,2.719,0.2331,12.4,0.5968,8.733
2022-03-29T20:33:57,47584.07,3420.41,113.26,0.273,16.3,73,22.38,107.91,6.828,184.53,0.6431,0.02741,0.00864,2.626,1.831,2.94,1.689,3.369,198.49,15.8,1.343,1.29,0.5804,2.842,436.15,1.197,64.88,0.8641,13.79,2.705e-05,0.2703,3.549,1.434,2.72,0.2332,12.4,0.5966,8.732
2022-03-29T20:34:27,47578.24,3420.08,113.13,0.2723,16.3,72.7,22.36,107.87,6.828,184.37,0.6419,0.02741,0.00864,2.626,1.831,2.94,1.689,3.369,198.29,15.74,1.343,1.29,0.5804,2.843,436.18,1.197,64.88,0.8639,13.79,2.704e-05,0.2699,3.548,1.433,2.719,0.2331,12.39,0.5966,8.731
2022-03-29T20:34:57,47572.72,3420.42,113.13,0.272,16.3,72.7,22.36,107.75,6.828,184.36,0.6417,0.02739,0.008617,2.625,1.83,2.94,1.688,3.368,198.25,15.74,1.343,1.29,0.5804,2.844,436.07,1.197,64.88,0.864,13.69,2.704e-05,0.2699,3.545,1.433,2.718,0.233,12.39,0.5962,8.731
2022-03-29T20:35:28,47588.33,3420.3,113.14,0.272,16.32,72.7,22.37,107.76,6.824,184.33,0.6433,0.02726,0.008617,2.627,1.832,2.94,1.688,3.369,198.23,15.68,1.343,1.29,0.5804,2.842,436.12,1.197,64.9,0.8643,13.69,2.705e-05,0.2699,3.546,1.433,2.718,0.233,12.39,0.5962,8.731
2022-03-29T20:35:58,47588.3,3419.98,113.13,0.2722,16.32,72.7,22.36,107.71,6.827,184.07,0.6434,0.02724,0.008617,2.627,1.83,2.94,1.688,3.368,198.04,15.68,1.343,1.29,0.5804,2.837,436.26,1.196,64.89,0.8643,13.69,2.702e-05,0.2695,3.545,1.433,2.718,0.2329,12.39,0.596,8.732
2022-03-29T20:36:28,47563.64,3419.65,113.12,0.272,16.32,72.7,22.36,107.63,6.819,183.79,0.6424,0.0272,0.008617,2.625,1.829,2.94,1.687,3.368,197.9,15.68,1.343,1.29,0.5804,2.836,436.14,1.197,64.89,0.8641,13.71,2.7e-05,0.2695,3.541,1.432,2.715,0.2329,12.41,0.5956,8.736
2022-03-29T20:36:58,47555.78,3419.59,113.09,0.272,16.32,72.7,22.35,107.33,6.817,184.14,0.6416,0.02715,0.008617,2.628,1.831,2.94,1.687,3.368,197.86,15.68,1.343,1.29,0.5804,2.828,436.07,1.197,64.89,0.8639,13.71,2.695e-05,0.2695,3.541,1.432,2.716,0.2329,12.41,0.5954,8.73
2022-03-29T20:37:28,47552.64,3418.14,113.09,0.272,16.29,72.7,22.35,107.2,6.81,184.18,0.6427,0.02715,0.008624,2.628,1.83,2.94,1.687,3.368,197.85,15.68,1.343,1.29,0.5804,2.827,436.13,1.196,64.88,0.864,13.71,2.695e-05,0.269,3.541,1.432,2.716,0.2329,12.41,0.5953,8.731
2022-03-29T20:37:58,47557.63,3417.69,113.04,0.2721,16.33,72.7,22.36,107.22,6.811,184.13,0.6427,0.02714,0.008624,2.628,1.829,2.94,1.686,3.366,197.75,15.64,1.343,1.273,0.5804,2.829,436.15,1.196,64.88,0.8639,13.7,2.695e-05,0.2687,3.539,1.432,2.715,0.2329,12.44,0.5953,8.731
2022-03-29T20:38:28,47556.2,3417.81,113.07,0.2722,16.33,72.7,22.37,107.32,6.817,184.22,0.6427,0.02711,0.008624,2.627,1.83,2.94,1.686,3.366,197.75,15.64,1.343,1.27,0.5804,2.83,436.12,1.196,64.86,0.8639,13.7,2.695e-05,0.2687,3.54,1.432,2.715,0.2329,12.45,0.5953,8.731
2022-03-29T20:38:58,47557.96,3416.78,113.08,0.2722,16.33,72.7,22.37,107.21,6.816,184.23,0.6427,0.02712,0.008624,2.627,1.83,2.94,1.686,3.366,197.73,15.64,1.343,1.27,0.5804,2.831,436.15,1.197,64.83,0.864,13.73,2.695e-05,0.2687,3.54,1.432,2.716,0.2329,12.46,0.5953,8.73
2022-03-29T20:39:28,47552.37,3416.69,113.09,0.2723,16.33,72.7,22.38,107.21,6.817,184.23,0.6427,0.02715,0.008624,2.627,1.83,2.94,1.686,3.366,197.65,15.68,1.343,1.27,0.5804,2.831,436.15,1.197,64.83,0.864,13.73,2.696e-05,0.2687,3.54,1.432,2.716,0.2329,12.46,0.5954,8.737
2022-03-29T20:39:59,47543.17,3415.69,113.12,0.2723,16.33,72.6,22.37,107.21,6.814,184.03,0.6427,0.02711,0.008621,2.671,1.83,2.94,1.686,3.366,197.65,15.68,1.343,1.274,0.5804,2.828,436.03,1.195,64.81,0.8638,13.72,2.698e-05,0.2687,3.539,1.432,2.715,0.2328,12.46,0.5954,8.731
2022-03-29T20:40:29,47546.14,3415.78,113.12,0.2723,16.33,72.6,22.36,107.26,6.807,184.03,0.6427,0.02712,0.008621,2.671,1.829,2.94,1.686,3.369,197.62,15.68,1.343,1.274,0.5804,2.831,436.03,1.195,64.72,0.864,13.72,2.699e-05,0.2687,3.538,1.432,2.713,0.2328,12.45,0.5952,8.731
2022-03-29T20:40:59,47549.34,3415.69,113.19,0.2722,16.33,72.6,22.37,107.29,6.815,184.08,0.6427,0.02711,0.008621,2.672,1.828,2.94,1.686,3.369,197.86,15.68,1.343,1.27,0.5804,2.835,436.07,1.195,64.79,0.8639,13.73,2.699e-05,0.2687,3.539,1.433,2.713,0.2328,12.45,0.5955,8.724
2022-03-29T20:41:29,47544,3416.27,113.19,0.2722,16.33,72.6,22.37,107.34,6.809,184.19,0.6426,0.02711,0.008621,2.676,1.829,2.94,1.685,3.369,197.89,15.68,1.343,1.276,0.5804,2.834,436.04,1.196,64.78,0.864,13.73,2.7e-05,0.2687,3.539,1.432,2.713,0.2328,12.45,0.5955,8.724
2022-03-29T20:41:59,47545.42,3416.4,113.2,0.2722,16.33,72.6,22.37,107.38,6.809,184.12,0.6426,0.02709,0.008621,2.676,1.827,2.94,1.685,3.369,197.91,15.74,1.343,1.276,0.5804,2.833,436.2,1.196,64.79,0.8641,13.73,2.7e-05,0.2687,3.539,1.433,2.713,0.2328,12.44,0.5957,8.722
2022-03-29T20:42:29,47543.94,3416.52,113.22,0.2722,16.33,72.6,22.37,107.39,6.809,184.16,0.6425,0.02706,0.00861,2.676,1.827,2.94,1.685,3.369,197.89,15.74,1.343,1.276,0.5804,2.833,436.17,1.196,64.87,0.8641,13.77,2.7e-05,0.2687,3.538,1.433,2.713,0.2329,12.44,0.5955,8.728
2022-03-29T20:42:59,47558.53,3416.92,113.22,0.2722,16.33,72.5,22.37,107.45,6.814,184.24,0.6425,0.02707,0.00861,2.683,1.828,2.94,1.685,3.369,197.88,15.74,1.343,1.285,0.5804,2.831,436.24,1.197,64.89,0.8643,13.76,2.701e-05,0.2687,3.54,1.433,2.714,0.2329,12.43,0.5955,8.728
2022-03-29T20:43:29,47558.54,3417.99,113.24,0.2723,16.33,72.5,22.39,107.63,6.809,184.22,0.6425,0.02707,0.00861,2.683,1.828,2.94,1.685,3.376,197.92,15.74,1.343,1.285,0.5804,2.83,436.25,1.197,64.91,0.8644,13.76,2.702e-05,0.2687,3.541,1.433,2.713,0.2329,12.43,0.5958,8.727
2022-03-29T20:44:00,47551.01,3418.01,113.39,0.2723,16.33,72.5,22.39,107.52,6.814,184.19,0.6425,0.02706,0.00861,2.71,1.827,2.94,1.685,3.371,197.89,15.74,1.343,1.285,0.5804,2.83,436.26,1.197,64.9,0.8646,13.76,2.702e-05,0.2687,3.541,1.434,2.715,0.233,12.44,0.5964,8.727
2022-03-29T20:44:30,47550.21,3417.88,113.4,0.2723,16.33,72.5,22.39,107.5,6.814,184.28,0.6425,0.02704,0.00861,2.71,1.827,2.94,1.686,3.371,197.98,15.74,1.343,1.284,0.5804,2.823,436.2,1.196,64.98,0.8646,13.76,2.701e-05,0.2688,3.541,1.433,2.715,0.2329,12.46,0.5964,8.727
2022-03-29T20:45:00,47555.25,3417.54,113.54,0.2723,16.33,72.5,22.38,107.51,6.809,184.31,0.6425,0.02705,0.00861,2.71,1.827,2.94,1.686,3.371,197.99,15.74,1.343,1.281,0.5804,2.825,436.16,1.196,64.99,0.8646,13.76,2.702e-05,0.2688,3.541,1.433,2.715,0.2329,12.46,0.5965,8.727
2022-03-29T20:45:30,47560.28,3417.6,113.56,0.2724,16.33,72.4,22.38,107.77,6.808,184.46,0.6425,0.02708,0.008605,2.706,1.826,2.94,1.686,3.365,198.12,15.74,1.343,1.281,0.5804,2.825,436.23,1.197,65.07,0.8653,13.74,2.702e-05,0.2692,3.543,1.435,2.716,0.2329,12.46,0.5972,8.727
2022-03-29T20:46:00,47562.75,3418.23,113.56,0.2724,16.33,72.4,22.38,107.81,6.808,184.46,0.6425,0.02707,0.00861,2.707,1.827,2.94,1.687,3.365,198.1,15.67,1.343,1.281,0.5804,2.824,436.28,1.196,65.05,0.8653,13.75,2.702e-05,0.2689,3.542,1.435,2.715,0.2329,12.41,0.5974,8.726
2022-03-29T20:46:30,47552.08,3417.95,113.46,0.2725,16.33,72.4,22.36,107.78,6.809,184.3,0.6426,0.02709,0.00862,2.706,1.826,2.94,1.686,3.366,197.82,15.67,1.343,1.281,0.5804,2.823,436.22,1.196,65.02,0.8652,13.75,2.701e-05,0.2688,3.541,1.435,2.714,0.233,12.41,0.5974,8.721
2022-03-29T20:47:00,47536.34,3415.22,113.45,0.2724,16.33,72.2,22.35,107.57,6.808,184.1,0.6425,0.02709,0.00862,2.705,1.824,2.94,1.684,3.37,197.59,15.5,1.343,1.281,0.5804,2.823,435.95,1.195,64.98,0.865,13.75,2.696e-05,0.2681,3.534,1.432,2.712,0.2328,12.4,0.5957,8.702
2022-03-29T20:47:30,47513.54,3414.28,113.34,0.2724,16.33,72.1,22.35,107.57,6.81,183.91,0.6415,0.02706,0.008603,2.707,1.825,2.94,1.685,3.37,197.57,15.5,1.343,1.281,0.5804,2.823,435.75,1.195,64.95,0.8639,13.75,2.695e-05,0.2681,3.534,1.432,2.71,0.2325,12.36,0.5957,8.701
2022-03-29T20:48:00,47510.6,3413.47,113.37,0.2725,16.29,72.1,22.34,107.61,6.81,183.8,0.6415,0.02708,0.008613,2.708,1.825,2.94,1.685,3.37,197.55,15.5,1.343,1.281,0.5804,2.819,435.8,1.195,64.96,0.8641,13.75,2.695e-05,0.2681,3.533,1.432,2.709,0.2325,12.36,0.5953,8.7
2022-03-29T20:48:31,47507.82,3412.54,113.36,0.2723,16.33,72.1,22.33,107.59,6.81,183.72,0.6415,0.02706,0.008606,2.708,1.825,2.94,1.684,3.37,197.49,15.5,1.343,1.281,0.5804,2.819,435.65,1.195,64.98,0.8641,13.69,2.694e-05,0.2681,3.533,1.431,2.707,0.2325,12.36,0.5953,8.688
2022-03-29T20:49:01,47512.33,3412.62,113.28,0.2724,16.33,72.1,22.33,107.59,6.805,183.73,0.6411,0.02706,0.008606,2.705,1.824,2.94,1.684,3.362,197.44,15.5,1.343,1.281,0.5804,2.82,435.76,1.194,64.98,0.8641,13.69,2.694e-05,0.2685,3.533,1.431,2.707,0.2325,12.36,0.5953,8.687
2022-03-29T20:49:31,47507.96,3412.71,113.26,0.2728,16.33,72.2,22.33,107.58,6.814,183.66,0.6411,0.02706,0.008606,2.704,1.822,2.94,1.685,3.362,197.4,15.5,1.343,1.277,0.5804,2.823,435.69,1.195,64.98,0.8642,13.7,2.695e-05,0.2685,3.535,1.431,2.708,0.2325,12.36,0.5952,8.688
2022-03-29T20:50:01,47511.26,3412.65,113.25,0.2728,16.33,72.1,22.33,107.56,6.815,183.61,0.641,0.02705,0.008606,2.701,1.822,2.94,1.685,3.362,197.37,15.5,1.343,1.278,0.5804,2.823,435.68,1.195,64.98,0.8642,13.7,2.694e-05,0.2685,3.535,1.431,2.709,0.2324,12.34,0.5952,8.688
2022-03-29T20:50:31,47506.41,3412.41,113.14,0.2728,16.33,72.1,22.33,107.52,6.812,183.58,0.6414,0.02707,0.008606,2.701,1.822,2.94,1.685,3.353,197.41,15.5,1.343,1.277,0.5804,2.823,435.74,1.194,65.01,0.8643,13.7,2.694e-05,0.2687,3.535,1.431,2.709,0.2324,12.32,0.5951,8.684
2022-03-29T20:51:01,47504.07,3412.09,113.09,0.2727,16.33,72,22.3,107.45,6.813,183.51,0.6414,0.02706,0.008606,2.7,1.824,2.94,1.685,3.353,197.37,15.5,1.343,1.278,0.5804,2.818,435.7,1.194,64.99,0.8642,13.67,2.69e-05,0.2687,3.532,1.431,2.708,0.2323,12.31,0.595,8.683
2022-03-29T20:51:31,47484.51,3410.93,113.04,0.2726,16.33,71.9,22.29,107.38,6.81,183.31,0.6411,0.027,0.008606,2.699,1.824,2.94,1.684,3.353,197.21,15.5,1.343,1.278,0.5804,2.817,434.94,1.193,64.84,0.863,13.64,2.689e-05,0.2683,3.529,1.428,2.706,0.2322,12.26,0.595,8.677
2022-03-29T20:52:01,47470.19,3405.66,112.67,0.2718,16.33,71.9,22.26,107.26,6.812,182.84,0.6411,0.02697,0.008592,2.703,1.822,2.94,1.68,3.353,196.84,15.5,1.339,1.278,0.5804,2.816,434.92,1.193,64.71,0.8617,13.64,2.679e-05,0.2683,3.527,1.425,2.704,0.232,12.24,0.5935,8.668
2022-03-29T20:52:32,47442.35,3402.12,112.62,0.2708,16.33,71.9,22.18,107.04,6.81,182.41,0.6411,0.02687,0.00858,2.703,1.82,2.94,1.678,3.353,196.21,15.5,1.333,1.278,0.5804,2.805,434.53,1.189,64.67,0.861,13.61,2.678e-05,0.2661,3.512,1.424,2.7,0.2316,12.22,0.5935,8.66
2022-03-29T20:53:02,47384.93,3401.04,112.59,0.2707,16.29,71.8,22.17,106.89,6.807,181.96,0.6368,0.0269,0.00858,2.699,1.813,2.94,1.672,3.344,195.9,15.49,1.334,1.278,0.5804,2.792,434.44,1.188,64.56,0.8581,13.61,2.675e-05,0.2658,3.509,1.419,2.691,0.2315,12.22,0.5923,8.655
2022-03-29T20:53:32,47373.84,3400.63,112.57,0.2705,16.29,71.8,22.17,106.35,6.812,181.93,0.6368,0.02687,0.00858,2.696,1.811,2.92,1.67,3.344,195.87,15.47,1.334,1.278,0.5804,2.791,434.26,1.188,64.53,0.8577,13.61,2.671e-05,0.2658,3.508,1.418,2.688,0.2315,12.21,0.5886,8.651
2022-03-29T20:54:02,47360.93,3399.14,112.58,0.27,16.29,71.8,22.17,106.37,6.807,181.25,0.6379,0.02686,0.008563,2.695,1.811,2.92,1.67,3.344,195.8,15.4,1.334,1.268,0.5804,2.791,434.17,1.187,64.53,0.8579,13.59,2.67e-05,0.2659,3.508,1.418,2.687,0.2315,12.17,0.5886,8.65
2022-03-29T20:54:32,47363.66,3394.52,112.58,0.2698,16.29,71.8,22.16,106.37,6.806,181.45,0.6379,0.02685,0.00857,2.695,1.811,2.91,1.671,3.34,195.85,15.4,1.334,1.268,0.5804,2.797,434.21,1.187,64.56,0.8582,13.59,2.674e-05,0.2659,3.5,1.419,2.687,0.2315,12.17,0.5885,8.643
2022-03-29T20:55:02,47358.36,3392.76,112.25,0.2698,16.29,71.7,22.16,106.37,6.804,181.64,0.6361,0.02686,0.00857,2.683,1.81,2.91,1.67,3.34,195.9,15.4,1.334,1.268,0.5804,2.797,433.64,1.187,64.62,0.8581,13.59,2.673e-05,0.2659,3.5,1.419,2.687,0.2313,12.17,0.5885,8.645
2022-03-29T20:55:32,47362.29,3393.03,112.29,0.2705,16.29,71.7,22.2,106.48,6.803,181.75,0.6361,0.02686,0.008561,2.683,1.809,2.91,1.671,3.331,195.96,15.4,1.334,1.268,0.5804,2.799,433.56,1.189,64.6,0.8584,13.59,2.674e-05,0.2655,3.5,1.42,2.687,0.2313,12.16,0.5887,8.653
2022-03-29T20:56:03,47362.58,3392.83,112.29,0.2706,16.29,71.7,22.2,106.43,6.803,181.98,0.6351,0.02687,0.008561,2.683,1.807,2.91,1.671,3.334,196.27,15.4,1.334,1.268,0.5804,2.804,433.57,1.189,64.63,0.8586,13.59,2.674e-05,0.2663,3.502,1.421,2.687,0.2314,12.16,0.589,8.654
2022-03-29T20:56:33,47358.91,3392.22,112.29,0.2702,16.33,71.7,22.18,106.43,6.8,182.09,0.6356,0.02688,0.008561,2.686,1.807,2.91,1.671,3.32,196.28,15.4,1.334,1.266,0.5804,2.805,433.49,1.189,64.62,0.8584,13.63,2.674e-05,0.2661,3.501,1.42,2.685,0.2313,12.14,0.589,8.654
2022-03-29T20:57:03,47357.06,3389.19,112.27,0.2701,16.33,71.6,22.18,106.28,6.797,182.02,0.6349,0.02686,0.008561,2.686,1.809,2.91,1.671,3.32,196.27,15.51,1.334,1.269,0.5804,2.804,433.41,1.187,64.52,0.8572,13.63,2.673e-05,0.2661,3.499,1.419,2.684,0.2313,12.14,0.588,8.653
2022-03-29T20:57:33,47348.02,3388.76,112.27,0.2701,16.32,71.6,22.17,106.27,6.79,181.82,0.6349,0.02684,0.008561,2.685,1.808,2.91,1.67,3.32,196.09,15.35,1.339,1.269,0.5804,2.798,433.38,1.187,64.44,0.8569,13.63,2.673e-05,0.2661,3.494,1.418,2.681,0.2313,12.11,0.5875,8.658
2022-03-29T20:58:03,47347.96,3388.76,112.02,0.27,16.33,71.6,22.18,106.31,6.786,182.72,0.638,0.02684,0.008575,2.683,1.808,2.91,1.67,3.32,196.15,15.43,1.339,1.266,0.5804,2.801,433.45,1.187,64.51,0.8571,13.61,2.674e-05,0.2661,3.496,1.419,2.681,0.2313,12.11,0.5875,8.658
2022-03-29T20:58:33,47390.53,3389.16,112.27,0.2703,16.35,71.5,22.19,106.59,6.79,182.83,0.638,0.02685,0.008574,2.685,1.808,2.89,1.673,3.32,196.27,15.43,1.339,1.266,0.5804,2.803,433.63,1.187,64.58,0.8574,13.61,2.681e-05,0.2661,3.498,1.42,2.684,0.2314,12.12,0.5893,8.659
2022-03-29T20:59:03,47409.16,3391.46,112.31,0.2703,16.33,71.6,22.2,106.63,6.795,182.98,0.638,0.02685,0.008574,2.677,1.81,2.89,1.675,3.32,196.38,15.45,1.339,1.266,0.5804,2.808,433.84,1.189,64.63,0.8603,13.61,2.684e-05,0.2661,3.5,1.421,2.687,0.2317,12.19,0.5894,8.662
2022-03-29T20:59:33,47449.43,3392.69,112.58,0.2712,16.33,71.6,22.25,106.7,6.796,183.43,0.638,0.02688,0.008574,2.68,1.812,2.89,1.676,3.32,196.97,15.43,1.339,1.268,0.5804,2.813,433.93,1.19,64.93,0.8603,13.66,2.685e-05,0.2661,3.515,1.424,2.69,0.2318,12.23,0.5901,8.695
2022-03-29T21:00:04,47454,3393.36,112.7,0.2713,16.28,71.7,22.26,106.75,6.796,183.36,0.638,0.02692,0.008574,2.68,1.812,2.89,1.678,3.33,196.97,15.43,1.339,1.272,0.5804,2.819,434.1,1.19,64.94,0.8607,13.66,2.687e-05,0.2661,3.516,1.424,2.691,0.2319,12.23,0.5901,8.702
2022-03-29T21:00:34,47444.22,3394.22,112.69,0.2713,16.28,71.7,22.25,106.74,6.794,183.29,0.641,0.02695,0.008574,2.68,1.814,2.89,1.678,3.33,197.06,15.44,1.339,1.272,0.5804,2.813,434.19,1.189,64.9,0.8608,13.66,2.685e-05,0.2677,3.514,1.424,2.689,0.2318,12.23,0.5912,8.702
2022-03-29T21:01:04,47445.84,3394.29,112.85,0.2709,16.28,71.7,22.24,106.72,6.796,183.31,0.6402,0.02697,0.008574,2.68,1.813,2.89,1.678,3.334,197.06,15.44,1.339,1.27,0.5804,2.816,434.05,1.189,64.92,0.861,13.64,2.686e-05,0.2677,3.513,1.423,2.69,0.2317,12.21,0.5905,8.704
2022-03-29T21:01:34,47441.12,3396.41,112.95,0.2708,16.28,71.7,22.24,106.68,6.799,183.19,0.6402,0.02696,0.008561,2.675,1.813,2.89,1.678,3.334,197.01,15.44,1.339,1.27,0.5804,2.816,434.01,1.19,64.93,0.861,13.64,2.692e-05,0.2677,3.514,1.423,2.69,0.2318,12.21,0.5905,8.704
2022-03-29T21:02:04,47430.15,3396.12,112.95,0.2708,16.3,71.7,22.24,106.72,6.796,183.25,0.6401,0.02695,0.008561,2.674,1.812,2.89,1.678,3.334,196.96,15.44,1.339,1.27,0.5804,2.816,434.05,1.19,64.94,0.8608,13.64,2.69e-05,0.2677,3.514,1.423,2.691,0.2321,12.22,0.5907,8.703
2022-03-29T21:02:34,47422.89,3393.47,112.93,0.27,16.28,71.7,22.2,106.68,6.783,183.02,0.639,0.02696,0.008561,2.674,1.812,2.89,1.677,3.334,196.71,15.44,1.339,1.27,0.5804,2.814,433.6,1.189,64.82,0.8605,13.61,2.688e-05,0.2677,3.512,1.422,2.686,0.2322,12.23,0.5896,8.701
2022-03-29T21:03:04,47408.06,3392.88,112.67,0.2704,16.27,71.7,22.2,106.59,6.772,183.13,0.639,0.02695,0.008561,2.673,1.812,2.89,1.676,3.322,196.56,15.44,1.339,1.27,0.5804,2.814,433.64,1.189,64.78,0.8601,13.61,2.689e-05,0.2668,3.512,1.422,2.686,0.2323,12.22,0.5898,8.698
2022-03-29T21:03:34,47417.57,3392.53,112.69,0.2705,16.27,71.5,22.21,106.62,6.774,183.22,0.639,0.02694,0.008561,2.673,1.809,2.89,1.676,3.326,196.61,15.44,1.339,1.269,0.5804,2.814,433.7,1.189,64.8,0.8603,13.61,2.689e-05,0.2668,3.512,1.422,2.687,0.2323,12.21,0.59,8.695
2022-03-29T21:04:04,47450.85,3393,112.71,0.2705,16.21,71.5,22.25,106.62,6.767,183.27,0.6398,0.02693,0.008561,2.676,1.809,2.89,1.676,3.326,196.98,15.44,1.339,1.269,0.5804,2.819,434.15,1.189,64.81,0.8607,13.61,2.69e-05,0.2676,3.517,1.422,2.691,0.2325,12.23,0.59,8.697
2022-03-29T21:04:35,47482.74,3397.82,112.78,0.2706,16.21,71.7,22.28,106.71,6.764,183.63,0.6398,0.02697,0.00856,2.678,1.81,2.89,1.677,3.335,197.32,15.44,1.339,1.271,0.5804,2.823,434.25,1.189,64.86,0.8627,13.61,2.692e-05,0.2676,3.521,1.424,2.695,0.2325,12.24,0.59,8.699
2022-03-29T21:05:05,47489.05,3398.41,113.69,0.2713,16.21,71.8,22.29,106.73,6.771,183.77,0.6398,0.02701,0.00856,2.678,1.811,2.89,1.677,3.335,197.34,15.4,1.339,1.271,0.5804,2.821,434.6,1.192,65.07,0.863,13.73,2.7e-05,0.2676,3.522,1.426,2.697,0.2326,12.24,0.5922,8.711
2022-03-29T21:05:35,47481.62,3395.67,113.69,0.2711,16.21,71.8,22.32,107.08,6.771,183.79,0.6399,0.02706,0.00856,2.674,1.811,2.89,1.678,3.335,197.65,15.4,1.346,1.271,0.5804,2.821,434.56,1.192,65.12,0.863,13.73,2.7e-05,0.2682,3.524,1.427,2.696,0.2328,12.28,0.5924,8.714
2022-03-29T21:06:05,47453.67,3395.04,113.51,0.271,16.21,71.8,22.3,106.98,6.771,183.76,0.6399,0.02707,0.00856,2.673,1.811,2.89,1.679,3.332,197.56,15.41,1.346,1.278,0.5804,2.819,434.53,1.191,65.08,0.8618,13.66,2.692e-05,0.2682,3.521,1.426,2.694,0.2327,12.26,0.5924,8.714
2022-03-29T21:06:35,47459.3,3395.53,113.55,0.2705,16.21,71.8,22.3,106.97,6.769,183.65,0.6395,0.02704,0.00856,2.673,1.811,2.89,1.68,3.332,197.35,15.41,1.347,1.277,0.5804,2.819,434.46,1.191,64.95,0.8616,13.66,2.692e-05,0.2676,3.522,1.424,2.694,0.2327,12.26,0.5919,8.709
2022-03-29T21:07:05,47448.36,3393.67,113.54,0.2703,16.24,71.8,22.27,106.8,6.767,183.62,0.6395,0.02703,0.00856,2.672,1.81,2.89,1.679,3.333,197.32,15.43,1.347,1.277,0.5804,2.818,434.35,1.191,64.96,0.8616,13.66,2.692e-05,0.2676,3.521,1.424,2.692,0.2327,12.23,0.592,8.706
2022-03-29T21:07:35,47424.54,3393.03,113.28,0.2704,16.24,71.7,22.26,106.75,6.768,183.58,0.6395,0.02704,0.008537,2.686,1.81,2.89,1.677,3.333,197.24,15.44,1.347,1.275,0.5804,2.817,434.23,1.189,64.95,0.8615,13.66,2.689e-05,0.2672,3.52,1.421,2.689,0.2325,12.23,0.5918,8.706
2022-03-29T21:08:05,47420.11,3389.16,113.22,0.2703,16.24,71.7,22.24,106.69,6.767,183.29,0.6395,0.02699,0.008533,2.685,1.81,2.89,1.677,3.333,197.1,15.43,1.343,1.275,0.5804,2.815,434.27,1.189,64.91,0.8614,13.66,2.689e-05,0.2672,3.512,1.42,2.686,0.2324,12.23,0.5909,8.707
2022-03-29T21:08:36,47403.27,3388.8,113.2,0.2703,16.24,71.7,22.24,106.6,6.768,183.22,0.6395,0.02692,0.00853,2.684,1.809,2.89,1.674,3.327,197.04,15.43,1.343,1.275,0.5804,2.814,434.06,1.189,64.86,0.8613,13.58,2.688e-05,0.2672,3.511,1.419,2.685,0.2324,12.18,0.5903,8.704
2022-03-29T21:09:06,47402.5,3386.37,113.17,0.2703,16.24,71.7,22.24,106.58,6.763,183.09,0.6387,0.02693,0.00853,2.684,1.809,2.89,1.674,3.327,196.9,15.37,1.343,1.275,0.5804,2.811,434.09,1.189,64.86,0.8606,13.58,2.685e-05,0.2672,3.51,1.419,2.682,0.2322,12.18,0.5903,8.704
2022-03-29T21:09:36,47417.1,3387.12,112.93,0.2703,16.21,71.8,22.27,106.6,6.762,183.37,0.6387,0.02695,0.008507,2.685,1.809,2.89,1.674,3.328,196.96,15.37,1.343,1.275,0.5804,2.813,434.14,1.189,64.84,0.8608,13.58,2.685e-05,0.2671,3.514,1.42,2.685,0.2324,12.17,0.5905,8.697
2022-03-29T21:10:06,47418.2,3386.79,112.93,0.2702,16.21,71.7,22.28,106.64,6.762,183.38,0.6387,0.02699,0.008504,2.685,1.809,2.89,1.674,3.328,196.99,15.36,1.343,1.275,0.5804,2.803,434.18,1.187,64.81,0.8609,13.58,2.685e-05,0.2671,3.513,1.42,2.684,0.2323,12.2,0.5904,8.697
2022-03-29T21:10:36,47421.39,3387.67,112.94,0.2702,16.21,71.7,22.28,106.61,6.762,183.4,0.6387,0.02699,0.00851,2.685,1.809,2.89,1.675,3.328,197.19,15.36,1.343,1.275,0.5804,2.804,434.24,1.188,64.82,0.861,13.58,2.689e-05,0.2676,3.514,1.421,2.685,0.2324,12.2,0.5907,8.673
2022-03-29T21:11:06,47420.58,3388.64,112.95,0.2703,16.21,71.9,22.28,106.59,6.762,183.43,0.639,0.02702,0.00851,2.682,1.809,2.89,1.675,3.328,197.24,15.36,1.343,1.275,0.5804,2.805,434.25,1.188,64.82,0.861,13.65,2.69e-05,0.2676,3.518,1.42,2.686,0.2324,12.22,0.5911,8.67
2022-03-29T21:11:36,47419.07,3388.66,112.98,0.2703,16.21,71.7,22.28,106.55,6.764,183.46,0.639,0.02706,0.00851,2.682,1.809,2.89,1.674,3.328,197.22,15.36,1.343,1.272,0.5804,2.805,434.38,1.188,64.81,0.8609,13.64,2.69e-05,0.2676,3.517,1.42,2.686,0.2324,12.23,0.5911,8.67
2022-03-29T21:12:06,47413.82,3388.98,112.93,0.2702,16.15,71.7,22.28,106.5,6.765,183.18,0.639,0.02706,0.00851,2.681,1.809,2.89,1.675,3.328,197.16,15.36,1.343,1.272,0.5804,2.805,434.42,1.188,64.81,0.8608,13.64,2.689e-05,0.2676,3.515,1.419,2.684,0.2324,12.21,0.5912,8.672
2022-03-29T21:12:37,47365.98,3387.86,112.88,0.2696,16.21,71.7,22.23,106.17,6.759,182.87,0.6389,0.02689,0.008504,2.681,1.807,2.89,1.674,3.328,196.95,15.36,1.343,1.272,0.5804,2.796,434.15,1.187,64.56,0.8602,13.64,2.679e-05,0.2665,3.506,1.418,2.679,0.2318,12.19,0.5896,8.659
2022-03-29T21:13:07,47291.6,3383.26,112.17,0.2693,16.21,71.5,22.22,106.13,6.751,182.66,0.6389,0.02684,0.008504,2.677,1.806,2.89,1.67,3.328,196.43,15.31,1.343,1.272,0.5804,2.795,433.34,1.185,64.57,0.8599,13.61,2.677e-05,0.2665,3.506,1.417,2.676,0.2317,12.19,0.5896,8.652
2022-03-29T21:13:37,47316.1,3383.93,112.14,0.2692,16.21,71.5,22.18,106.01,6.731,182.3,0.6389,0.02673,0.008504,2.682,1.807,2.89,1.669,3.328,196.42,15.31,1.343,1.272,0.5804,2.795,433.28,1.185,64.6,0.8599,13.61,2.676e-05,0.2665,3.507,1.415,2.679,0.2317,12.14,0.5882,8.647
2022-03-29T21:14:07,47330.57,3388.13,112.17,0.2698,16.21,71.5,22.19,106.11,6.744,182.54,0.6324,0.02676,0.008504,2.68,1.807,2.89,1.67,3.328,196.46,15.31,1.343,1.269,0.5804,2.798,433.38,1.185,64.61,0.8594,13.61,2.677e-05,0.2665,3.512,1.416,2.682,0.232,12.14,0.5882,8.648
2022-03-29T21:14:37,47329.81,3388.43,112.44,0.2701,16.21,71.6,22.23,106.25,6.729,182.79,0.6346,0.02678,0.008533,2.68,1.806,2.89,1.671,3.314,196.66,15.31,1.343,1.269,0.5804,2.8,433.6,1.185,64.67,0.8595,13.62,2.687e-05,0.2665,3.513,1.418,2.683,0.232,12.19,0.5898,8.647
2022-03-29T21:15:07,47384.81,3388.79,112.48,0.2701,16.21,71.6,22.25,106.26,6.731,182.85,0.6344,0.02684,0.008533,2.686,1.806,2.89,1.671,3.317,196.87,15.31,1.343,1.269,0.5804,2.803,433.76,1.185,64.68,0.8596,13.62,2.687e-05,0.2675,3.513,1.418,2.684,0.232,12.19,0.5901,8.67
2022-03-29T21:15:37,47379.6,3389.31,112.4,0.27,16.21,71.5,22.25,106.38,6.73,182.98,0.6344,0.02684,0.008504,2.685,1.806,2.89,1.671,3.317,196.75,15.31,1.343,1.267,0.5804,2.805,433.73,1.186,64.69,0.859,13.62,2.686e-05,0.2675,3.513,1.419,2.682,0.232,12.22,0.5903,8.688
2022-03-29T21:16:08,47378.17,3392,112.4,0.2701,16.21,71.5,22.26,106.48,6.735,183.06,0.6332,0.02688,0.008518,2.685,1.807,2.89,1.671,3.316,196.72,15.31,1.343,1.267,0.5804,2.805,433.85,1.187,64.72,0.859,13.62,2.685e-05,0.2675,3.513,1.419,2.684,0.2319,12.23,0.5908,8.693
2022-03-29T21:16:38,47389.76,3392.14,112.53,0.2708,16.21,71.5,22.26,106.6,6.747,183.13,0.6332,0.02688,0.008518,2.686,1.809,2.89,1.671,3.328,196.78,15.31,1.343,1.267,0.5804,2.807,433.83,1.187,64.73,0.8591,13.62,2.685e-05,0.2675,3.516,1.42,2.684,0.2319,12.23,0.5904,8.693
2022-03-29T21:17:08,47391.43,3393.47,112.42,0.2709,16.21,71.7,22.26,106.68,6.747,183.18,0.6332,0.02685,0.008504,2.685,1.809,2.89,1.671,3.328,196.89,15.3,1.343,1.269,0.5858,2.807,433.98,1.187,64.75,0.8592,13.66,2.686e-05,0.2675,3.517,1.42,2.685,0.2319,12.25,0.5905,8.7
2022-03-29T21:17:38,47410.18,3395.67,112.53,0.271,16.21,71.7,22.28,106.81,6.747,183.31,0.6332,0.02689,0.008522,2.691,1.808,2.89,1.674,3.341,196.99,15.3,1.343,1.269,0.5858,2.811,434.13,1.188,64.83,0.8595,13.66,2.687e-05,0.2681,3.517,1.42,2.688,0.232,12.25,0.5916,8.695
2022-03-29T21:18:08,47413,3396.72,112.53,0.2709,16.21,71.7,22.28,106.79,6.736,183.32,0.6332,0.02692,0.008534,2.691,1.808,2.89,1.675,3.33,196.98,15.3,1.343,1.269,0.5858,2.812,434.33,1.188,64.84,0.8602,13.66,2.69e-05,0.2682,3.516,1.42,2.687,0.2319,12.27,0.5916,8.695
2022-03-29T21:18:38,47433.9,3397.07,112.55,0.271,16.21,71.7,22.28,106.72,6.737,183.28,0.6344,0.02691,0.008534,2.692,1.808,2.89,1.675,3.33,197.05,15.3,1.343,1.27,0.5858,2.812,434.42,1.188,64.86,0.8602,13.69,2.69e-05,0.2682,3.516,1.42,2.687,0.232,12.3,0.5915,8.698
2022-03-29T21:19:08,47436.82,3397.14,112.67,0.271,16.21,71.7,22.28,106.71,6.728,183.29,0.6343,0.0269,0.008534,2.696,1.804,2.89,1.674,3.33,197.28,15.27,1.343,1.27,0.5858,2.814,434.58,1.189,64.86,0.8603,13.69,2.69e-05,0.2682,3.517,1.42,2.688,0.2321,12.3,0.5918,8.698
2022-03-29T21:19:38,47435.51,3396.81,112.67,0.271,16.21,71.7,22.28,106.77,6.739,183.31,0.6343,0.02692,0.008516,2.699,1.805,2.89,1.674,3.325,197.33,15.27,1.343,1.27,0.5858,2.813,434.54,1.189,64.86,0.8604,13.69,2.69e-05,0.2682,3.517,1.42,2.688,0.2321,12.31,0.5918,8.697
2022-03-29T21:20:08,47425.2,3395.99,112.53,0.271,16.21,71.8,22.27,106.75,6.743,183.15,0.6364,0.02689,0.008504,2.699,1.808,2.89,1.673,3.322,197.32,15.3,1.343,1.27,0.5858,2.813,434.16,1.188,64.84,0.8599,13.69,2.69e-05,0.2682,3.516,1.42,2.686,0.232,12.32,0.5918,8.697
2022-03-29T21:20:39,47423.96,3396.73,112.62,0.2712,16.21,71.9,22.27,106.77,6.734,183.22,0.6362,0.0268,0.008504,2.694,1.808,2.89,1.674,3.322,197.38,15.3,1.343,1.271,0.5858,2.812,434.23,1.19,64.88,0.8604,13.69,2.688e-05,0.2682,3.517,1.42,2.687,0.232,12.32,0.5906,8.702
2022-03-29T21:21:09,47442.25,3399.06,112.62,0.2713,16.21,71.9,22.28,106.83,6.741,183.27,0.6362,0.0268,0.008526,2.695,1.808,2.89,1.673,3.322,197.58,15.3,1.343,1.271,0.5858,2.812,434.34,1.189,64.91,0.8605,13.69,2.688e-05,0.2681,3.518,1.42,2.687,0.2322,12.33,0.5909,8.702
2022-03-29T21:21:39,47444.59,3399.68,112.81,0.2713,16.21,71.9,22.28,106.84,6.742,183.41,0.6362,0.02686,0.008526,2.695,1.807,2.89,1.674,3.322,197.59,15.3,1.343,1.271,0.5858,2.812,434.06,1.19,64.92,0.8609,13.69,2.689e-05,0.2681,3.518,1.42,2.688,0.2322,12.33,0.5909,8.702
2022-03-29T21:22:09,47446.57,3399.31,112.78,0.2713,16.21,71.9,22.28,106.83,6.729,183.36,0.6362,0.02687,0.008526,2.695,1.807,2.89,1.673,3.318,197.61,15.3,1.343,1.271,0.5858,2.811,434.06,1.189,64.93,0.8609,13.69,2.688e-05,0.2682,3.518,1.42,2.688,0.2322,12.33,0.5917,8.709
2022-03-29T21:22:40,47441.15,3399.61,112.78,0.2712,16.21,71.9,22.28,106.83,6.727,183.36,0.6362,0.02687,0.008526,2.694,1.808,2.89,1.674,3.318,197.55,15.3,1.343,1.271,0.5858,2.811,434.06,1.19,65.03,0.8608,13.69,2.687e-05,0.2682,3.517,1.42,2.687,0.2323,12.33,0.5919,8.709
2022-03-29T21:23:10,47439.15,3399.73,112.8,0.2714,16.21,71.9,22.28,106.83,6.738,183.5,0.6344,0.02686,0.008526,2.696,1.81,2.89,1.674,3.32,197.61,15.3,1.343,1.273,0.5858,2.81,434.07,1.19,65.05,0.8607,13.69,2.686e-05,0.2682,3.517,1.423,2.688,0.2322,12.34,0.5921,8.707
2022-03-29T21:23:40,47440.97,3399.73,112.78,0.2714,16.21,71.9,22.28,106.84,6.727,183.45,0.6344,0.02687,0.0085,2.696,1.81,2.89,1.674,3.318,197.6,15.3,1.343,1.273,0.5858,2.811,433.99,1.19,65.06,0.8606,13.7,2.686e-05,0.2682,3.517,1.424,2.688,0.2322,12.34,0.5922,8.703
2022-03-29T21:24:10,47444.47,3399.67,112.77,0.2714,16.21,71.8,22.28,106.81,6.729,183.44,0.6343,0.02686,0.00848,2.699,1.81,2.89,1.675,3.318,197.59,15.3,1.343,1.273,0.5858,2.811,434,1.19,65.06,0.8605,13.7,2.686e-05,0.2682,3.517,1.424,2.689,0.2322,12.33,0.5922,8.703
2022-03-29T21:24:40,47423.61,3398.67,112.43,0.2713,16.21,71.8,22.27,106.72,6.74,183.37,0.6343,0.02687,0.00848,2.698,1.809,2.89,1.674,3.314,197.49,15.3,1.343,1.273,0.5858,2.81,433.86,1.19,65.07,0.8601,13.7,2.686e-05,0.2679,3.517,1.423,2.689,0.2321,12.29,0.5921,8.702
2022-03-29T21:25:10,47426.56,3398.65,112.44,0.2713,16.21,71.7,22.27,106.7,6.74,183.49,0.6343,0.02687,0.008494,2.698,1.809,2.89,1.674,3.316,197.48,15.3,1.343,1.272,0.5858,2.808,433.77,1.19,65.07,0.86,13.7,2.686e-05,0.2679,3.517,1.422,2.688,0.2321,12.29,0.5922,8.706
2022-03-29T21:25:40,47442.13,3398.89,112.57,0.2716,16.21,71.7,22.28,106.73,6.739,183.58,0.6343,0.0269,0.008499,2.698,1.809,2.89,1.674,3.315,197.62,15.3,1.343,1.272,0.5858,2.806,433.85,1.19,65.05,0.8605,13.7,2.687e-05,0.2679,3.519,1.422,2.688,0.2321,12.32,0.5922,8.706
2022-03-29T21:26:10,47450.63,3399.14,112.57,0.2716,16.21,71.7,22.28,106.75,6.73,183.7,0.6343,0.02689,0.008517,2.699,1.812,2.89,1.674,3.315,197.62,15.3,1.343,1.276,0.5858,2.806,433.87,1.19,65.04,0.8606,13.7,2.689e-05,0.2685,3.52,1.424,2.69,0.2322,12.33,0.5924,8.706
2022-03-29T21:26:41,47452.79,3399.18,112.57,0.2717,16.21,71.8,22.29,106.62,6.733,183.67,0.6332,0.02693,0.008517,2.699,1.812,2.89,1.674,3.316,197.59,15.3,1.343,1.272,0.5858,2.805,433.89,1.19,65.04,0.8606,13.7,2.689e-05,0.2685,3.521,1.424,2.69,0.2322,12.34,0.5928,8.708
2022-03-29T21:27:11,47447.79,3398.98,112.56,0.2717,16.21,71.8,22.29,106.65,6.733,183.63,0.6332,0.02695,0.00852,2.698,1.812,2.89,1.674,3.317,197.54,15.26,1.343,1.272,0.5858,2.805,433.88,1.189,65.01,0.8606,13.7,2.691e-05,0.2685,3.522,1.424,2.69,0.2322,12.32,0.5925,8.707
2022-03-29T21:27:41,47451.36,3398.73,112.64,0.2714,16.21,71.8,22.29,106.67,6.74,183.53,0.6364,0.02695,0.00852,2.699,1.811,2.89,1.675,3.317,197.54,15.3,1.343,1.272,0.5858,2.804,433.84,1.19,65,0.8606,13.7,2.692e-05,0.2687,3.527,1.423,2.691,0.2322,12.32,0.5923,8.706
2022-03-29T21:28:11,47454.72,3398.69,112.63,0.2713,16.21,71.8,22.28,106.7,6.741,183.59,0.6364,0.02697,0.008504,2.699,1.811,2.89,1.675,3.317,197.47,15.3,1.343,1.272,0.5858,2.804,433.85,1.19,65,0.8606,13.7,2.692e-05,0.2687,3.527,1.424,2.692,0.2321,12.34,0.5923,8.708
2022-03-29T21:28:41,47460.98,3398.96,112.62,0.2713,16.21,71.8,22.29,106.76,6.726,183.56,0.6364,0.02697,0.008504,2.703,1.811,2.89,1.675,3.317,197.51,15.3,1.343,1.275,0.5858,2.807,433.9,1.19,64.96,0.8608,13.7,2.696e-05,0.2688,3.526,1.424,2.692,0.2322,12.34,0.5924,8.71
2022-03-29T21:29:11,47460.72,3398.95,112.41,0.2717,16.21,71.8,22.31,106.77,6.728,183.62,0.6364,0.02698,0.00852,2.703,1.811,2.89,1.675,3.284,197.49,15.3,1.343,1.274,0.5858,2.808,433.92,1.19,64.96,0.8609,13.7,2.695e-05,0.2688,3.525,1.425,2.693,0.2322,12.34,0.5929,8.715
2022-03-29T21:29:41,47469.17,3399.62,112.37,0.2718,16.21,71.8,22.31,106.8,6.73,183.73,0.6364,0.02697,0.008523,2.703,1.811,2.89,1.676,3.287,197.44,15.3,1.343,1.274,0.5858,2.809,433.97,1.19,64.98,0.8615,13.7,2.695e-05,0.2688,3.526,1.425,2.693,0.2322,12.34,0.5931,8.716
2022-03-29T21:30:12,47464.19,3399.39,112.04,0.2718,16.21,71.6,22.31,106.84,6.736,183.78,0.6362,0.02697,0.00853,2.703,1.811,2.89,1.676,3.287,197.38,15.3,1.343,1.274,0.623,2.809,433.99,1.19,64.98,0.8615,13.74,2.695e-05,0.2688,3.525,1.424,2.693,0.2321,12.34,0.5931,8.716
2022-03-29T21:30:42,47459.71,3397.95,112.12,0.2719,16.21,71.6,22.28,106.88,6.739,183.96,0.6362,0.02698,0.00853,2.704,1.812,2.89,1.675,3.289,197.34,15.26,1.343,1.274,0.623,2.809,433.97,1.19,64.98,0.8612,13.74,2.695e-05,0.2688,3.521,1.424,2.692,0.2322,12.33,0.5933,8.71
2022-03-29T21:31:12,47458.99,3397.01,112.11,0.2719,16.21,71.6,22.25,106.88,6.725,183.88,0.6362,0.027,0.008504,2.705,1.81,2.89,1.676,3.291,197.31,15.26,1.343,1.274,0.623,2.809,433.88,1.19,64.86,0.8607,13.74,2.693e-05,0.2688,3.52,1.423,2.691,0.2322,12.32,0.5932,8.712
2022-03-29T21:31:42,47463.07,3395.47,112.08,0.2719,16.21,71.5,22.26,106.86,6.73,183.88,0.6362,0.02696,0.008528,2.705,1.811,2.89,1.675,3.291,197.35,15.26,1.343,1.273,0.623,2.809,433.95,1.19,64.85,0.8607,13.74,2.693e-05,0.2687,3.52,1.423,2.69,0.2321,12.29,0.5932,8.711
2022-03-29T21:32:12,47462.77,3395.67,112.08,0.2717,16.21,71.5,22.27,106.73,6.731,183.99,0.6362,0.02699,0.008528,2.705,1.811,2.89,1.675,3.29,197.42,15.26,1.343,1.275,0.623,2.808,433.97,1.19,64.85,0.8607,13.73,2.688e-05,0.2689,3.521,1.422,2.69,0.2321,12.28,0.5932,8.711
2022-03-29T21:32:42,47465.07,3396.42,112.1,0.2716,16.21,71.5,22.28,106.81,6.731,184.02,0.6363,0.02697,0.008528,2.706,1.811,2.89,1.676,3.29,197.4,15.26,1.343,1.275,0.623,2.808,433.96,1.19,64.93,0.8608,13.73,2.689e-05,0.269,3.521,1.422,2.69,0.2321,12.28,0.5932,8.717
2022-03-29T21:33:12,47475.47,3398.46,112.32,0.2719,16.21,71.5,22.28,107.04,6.732,184.11,0.6363,0.02696,0.008528,2.707,1.812,2.89,1.677,3.285,197.38,15.26,1.343,1.275,0.623,2.811,433.99,1.19,64.93,0.8609,13.74,2.691e-05,0.2692,3.522,1.423,2.691,0.2322,12.3,0.5937,8.713
2022-03-29T21:33:42,47481.66,3398.78,112.32,0.2719,16.21,71.5,22.29,107.12,6.732,184.11,0.6365,0.02698,0.008528,2.707,1.812,2.89,1.677,3.285,197.5,15.26,1.339,1.275,0.623,2.811,433.96,1.191,64.97,0.8616,13.74,2.691e-05,0.2692,3.523,1.423,2.692,0.2322,12.32,0.5939,8.713
2022-03-29T21:34:13,47483.83,3399.41,112.57,0.272,16.21,71.5,22.3,107.14,6.731,184.14,0.635,0.02702,0.00853,2.709,1.812,2.89,1.679,3.285,197.56,15.26,1.339,1.275,0.5823,2.811,433.91,1.191,64.97,0.8616,13.74,2.697e-05,0.2692,3.523,1.423,2.693,0.2322,12.33,0.5945,8.718
2022-03-29T21:34:43,47492.46,3399.45,112.63,0.2725,16.26,71.3,22.31,107.18,6.732,184.17,0.6365,0.02703,0.00853,2.705,1.814,2.89,1.679,3.288,197.91,15.24,1.339,1.275,0.585,2.811,433.89,1.191,64.97,0.8616,13.74,2.697e-05,0.2694,3.529,1.425,2.693,0.2322,12.35,0.595,8.718
2022-03-29T21:35:13,47488.73,3399.68,112.63,0.2726,16.28,71.3,22.31,107.18,6.725,184.19,0.6365,0.02708,0.00848,2.704,1.815,2.89,1.679,3.288,197.94,15.24,1.339,1.275,0.5864,2.812,433.94,1.191,65.06,0.8616,13.74,2.698e-05,0.2694,3.529,1.425,2.694,0.2322,12.36,0.595,8.717
2022-03-29T21:35:43,47488.83,3399.22,112.63,0.2725,16.28,71.3,22.32,107.26,6.724,184.2,0.637,0.0271,0.008504,2.705,1.816,2.89,1.679,3.288,197.98,15.24,1.339,1.274,0.5864,2.812,433.95,1.191,65.09,0.8616,13.74,2.697e-05,0.2695,3.531,1.425,2.694,0.2323,12.37,0.5953,8.719
2022-03-29T21:36:13,47486.72,3399.1,112.64,0.2724,16.28,71.3,22.32,107.12,6.727,184.4,0.6343,0.02719,0.008519,2.705,1.816,2.89,1.68,3.288,197.86,15.24,1.339,1.274,0.5864,2.811,433.89,1.191,65.09,0.8616,13.74,2.698e-05,0.2695,3.531,1.425,2.693,0.2323,12.34,0.5953,8.718
2022-03-29T21:36:43,47481.5,3398.78,112.64,0.2723,16.28,71.3,22.32,107.11,6.73,184.39,0.6343,0.02719,0.008519,2.704,1.817,2.89,1.68,3.288,197.82,15.24,1.339,1.274,0.5864,2.811,433.91,1.191,65.12,0.8616,13.74,2.697e-05,0.2695,3.531,1.425,2.692,0.2325,12.34,0.5953,8.719
2022-03-29T21:37:13,47482.08,3398.73,112.63,0.2722,16.28,71.3,22.31,107.11,6.726,184.4,0.6343,0.0272,0.008504,2.705,1.816,2.89,1.679,3.282,197.7,15.24,1.339,1.274,0.5864,2.812,433.85,1.191,65.13,0.8616,13.74,2.692e-05,0.2695,3.531,1.425,2.691,0.2325,12.33,0.5951,8.717
2022-03-29T21:37:44,47473.12,3397.95,112.63,0.2722,16.28,71.3,22.31,107.22,6.727,184.23,0.6343,0.02721,0.008493,2.706,1.82,2.89,1.678,3.278,197.54,15.24,1.332,1.274,0.5864,2.812,433.87,1.191,65.12,0.8616,13.74,2.693e-05,0.2695,3.531,1.424,2.69,0.2325,12.33,0.5951,8.715
2022-03-29T21:38:14,47464,3397.51,112.63,0.2722,16.28,71.3,22.31,107.22,6.733,184.23,0.6342,0.02718,0.008516,2.705,1.822,2.89,1.678,3.278,197.45,15.24,1.332,1.274,0.5864,2.812,433.83,1.19,65.1,0.8613,13.74,2.692e-05,0.2695,3.531,1.424,2.689,0.2325,12.32,0.5953,8.713
2022-03-29T21:38:44,47458.32,3395.25,112.61,0.2722,16.28,71.3,22.29,107.22,6.729,184.12,0.6343,0.02718,0.008516,2.705,1.824,2.89,1.678,3.28,197.39,15.24,1.332,1.274,0.5864,2.811,433.84,1.19,65.1,0.8613,13.74,2.686e-05,0.2681,3.531,1.424,2.689,0.2325,12.3,0.5953,8.708
2022-03-29T21:39:14,47448.31,3395.02,112.61,0.2722,16.28,71.3,22.28,107.08,6.729,184.1,0.6343,0.02716,0.008513,2.705,1.825,2.89,1.678,3.279,197.35,15.24,1.332,1.274,0.5864,2.808,433.87,1.19,65.1,0.8604,13.74,2.686e-05,0.2681,3.53,1.424,2.687,0.2324,12.3,0.5942,8.702
2022-03-29T21:39:44,47432.87,3393.27,112.59,0.2722,16.28,71.3,22.28,106.86,6.733,184.09,0.6364,0.02718,0.008486,2.704,1.825,2.89,1.677,3.279,197.25,15.24,1.332,1.274,0.5864,2.808,433.79,1.189,65.05,0.8604,13.74,2.686e-05,0.2681,3.53,1.424,2.687,0.2325,12.3,0.5922,8.702
2022-03-29T21:40:14,47421.51,3392.63,112.32,0.2723,16.28,71.3,22.26,106.84,6.738,184.17,0.6364,0.02715,0.008486,2.707,1.824,2.89,1.677,3.276,197.02,15.24,1.332,1.274,0.5864,2.807,433.81,1.189,65.04,0.8601,13.74,2.686e-05,0.2681,3.53,1.424,2.686,0.2324,12.3,0.5922,8.702
2022-03-29T21:40:45,47413.2,3389.61,112.26,0.2722,16.28,71.2,22.25,106.77,6.787,184.06,0.6364,0.02715,0.008486,2.705,1.82,2.89,1.677,3.274,196.81,15.24,1.332,1.274,0.5864,2.806,433.76,1.189,65.04,0.86,13.74,2.686e-05,0.2681,3.528,1.422,2.684,0.2324,12.31,0.5918,8.701
2022-03-29T21:41:15,47396.07,3389.37,112.24,0.2718,16.28,71.3,22.24,106.66,6.847,183.59,0.6364,0.02709,0.008486,2.704,1.821,2.89,1.678,3.275,196.59,15.29,1.332,1.274,0.5864,2.804,433.76,1.188,64.92,0.8599,13.68,2.685e-05,0.2679,3.525,1.421,2.683,0.2324,12.26,0.5917,8.699
2022-03-29T21:41:45,47397.07,3387.9,112.23,0.2716,16.28,71.3,22.23,106.63,6.829,183.59,0.6364,0.02704,0.008486,2.705,1.82,2.89,1.677,3.275,196.6,15.29,1.332,1.274,0.5864,2.804,433.76,1.188,64.9,0.8596,13.68,2.685e-05,0.2679,3.524,1.421,2.683,0.2324,12.26,0.5917,8.697
2022-03-29T21:42:15,47399.72,3386.65,112.1,0.2716,16.28,71.3,22.22,106.57,6.827,183.52,0.6312,0.02701,0.00848,2.705,1.819,2.89,1.677,3.276,196.58,15.29,1.332,1.274,0.5864,2.804,433.72,1.188,64.86,0.8595,13.68,2.685e-05,0.2679,3.522,1.42,2.683,0.2323,12.26,0.5899,8.69
2022-03-29T21:42:45,47388.08,3386.53,112.1,0.2711,16.28,71.2,22.22,106.56,6.827,183.49,0.6334,0.02699,0.00848,2.704,1.818,2.89,1.676,3.269,196.43,15.29,1.332,1.276,0.5864,2.803,433.61,1.187,64.86,0.8593,13.53,2.683e-05,0.2679,3.517,1.416,2.683,0.2324,12.23,0.5898,8.689
2022-03-29T21:43:15,47356.94,3386.12,111.98,0.271,16.28,71.2,22.21,106.45,6.845,183.41,0.6334,0.02699,0.00848,2.703,1.819,2.89,1.674,3.269,196.24,15.29,1.332,1.276,0.5864,2.8,433.62,1.187,64.85,0.8587,13.53,2.681e-05,0.2679,3.513,1.413,2.681,0.2318,12.2,0.5895,8.683
2022-03-29T21:43:45,47338.55,3383.64,111.71,0.2708,16.28,71.2,22.19,106.16,6.86,182.74,0.6337,0.02692,0.00848,2.702,1.82,2.89,1.673,3.272,195.93,15.29,1.323,1.276,0.5864,2.795,433.43,1.186,64.79,0.8583,13.51,2.678e-05,0.2663,3.51,1.412,2.676,0.2315,12.18,0.5892,8.666
2022-03-29T21:44:15,47290.01,3373.78,111.68,0.2701,16.28,70.8,22.12,106.18,6.851,182.36,0.6337,0.0269,0.008479,2.699,1.819,2.89,1.668,3.264,195.65,15.29,1.323,1.269,0.5864,2.787,433.01,1.183,64.64,0.8582,13.51,2.666e-05,0.2664,3.508,1.411,2.673,0.2312,12.18,0.5892,8.666
2022-03-29T21:44:46,47276.59,3373.8,111.68,0.27,16.28,70.9,22.11,106.21,6.847,182.26,0.6337,0.02687,0.00848,2.708,1.82,2.89,1.668,3.264,195.77,15.22,1.323,1.269,0.5864,2.787,432.77,1.183,64.59,0.8583,13.51,2.666e-05,0.2664,3.503,1.407,2.673,0.2312,12.18,0.5866,8.654
2022-03-29T21:45:16,47296.59,3375.72,111.85,0.2701,16.28,70.9,22.13,106.32,6.852,182.34,0.6337,0.02693,0.008492,2.71,1.82,2.89,1.668,3.264,195.98,15.2,1.323,1.269,0.5818,2.79,433.24,1.184,64.61,0.8581,13.53,2.667e-05,0.2664,3.508,1.41,2.676,0.2315,12.21,0.5867,8.654
2022-03-29T21:45:46,47335.8,3375.4,112.01,0.2702,16.28,71,22.17,106.5,6.852,182.25,0.6337,0.02695,0.00848,2.712,1.82,2.89,1.669,3.264,196.12,15.26,1.323,1.269,0.5818,2.79,433.33,1.184,64.6,0.8579,13.53,2.675e-05,0.2671,3.51,1.414,2.678,0.2315,12.19,0.589,8.652
2022-03-29T21:46:16,47329.9,3375.55,112,0.2703,16.28,71,22.17,106.49,6.849,182.25,0.632,0.02696,0.00848,2.708,1.82,2.89,1.669,3.264,196.13,15.26,1.323,1.269,0.5767,2.789,433.4,1.186,64.64,0.8578,13.54,2.677e-05,0.2671,3.51,1.413,2.678,0.2315,12.19,0.5897,8.651
2022-03-29T21:46:46,47355.22,3376.85,111.84,0.2703,16.28,71,22.17,106.5,6.844,182.34,0.632,0.02699,0.00848,2.71,1.82,2.89,1.669,3.267,196.33,15.26,1.322,1.27,0.5754,2.791,433.46,1.186,64.65,0.8583,13.57,2.678e-05,0.2673,3.51,1.415,2.68,0.2316,12.2,0.5897,8.652
2022-03-29T21:47:16,47328.12,3374.91,111.55,0.2703,16.28,71,22.17,106.57,6.845,182.28,0.632,0.02694,0.00848,2.711,1.819,2.89,1.669,3.267,196.37,15.26,1.329,1.27,0.5754,2.791,433.31,1.185,64.64,0.858,13.57,2.677e-05,0.2669,3.509,1.414,2.677,0.2315,12.18,0.5897,8.652
2022-03-29T21:47:46,47309.69,3373.6,111.53,0.2702,16.27,71,22.16,106.41,6.841,181.79,0.632,0.02685,0.00848,2.71,1.819,2.89,1.668,3.267,196.26,15.26,1.329,1.27,0.5754,2.777,432.86,1.184,64.57,0.8559,13.5,2.672e-05,0.2669,3.493,1.41,2.673,0.2311,12.18,0.5874,8.651
2022-03-29T21:48:17,47316.52,3376.23,111.54,0.2695,16.26,71,22.15,106.38,6.839,181.29,0.632,0.02684,0.00848,2.717,1.819,2.89,1.668,3.263,195.81,15.26,1.329,1.271,0.5754,2.773,432.83,1.184,64.47,0.8558,13.51,2.662e-05,0.2669,3.494,1.409,2.673,0.231,12.13,0.5873,8.651
2022-03-29T21:48:47,47253.21,3375.99,111.52,0.2694,16.26,71,22.14,106.19,6.83,181.14,0.632,0.02685,0.00848,2.693,1.819,2.89,1.665,3.263,195.71,15.26,1.329,1.271,0.5754,2.773,432.61,1.184,64.34,0.8555,13.51,2.662e-05,0.2662,3.49,1.409,2.672,0.231,12.13,0.5869,8.652
2022-03-29T21:49:17,47238.11,3370.52,111.06,0.2694,16.26,70.7,22.13,106.19,6.819,181.05,0.632,0.02687,0.00848,2.692,1.818,2.89,1.663,3.263,195.61,15.26,1.329,1.271,0.5754,2.774,432.63,1.182,64.3,0.8548,13.49,2.661e-05,0.2655,3.488,1.406,2.67,0.2308,12.13,0.5864,8.656
2022-03-29T21:49:47,47241.91,3369.28,111.06,0.2694,16.21,70.6,22.09,106.2,6.814,180.73,0.6299,0.02688,0.00848,2.692,1.818,2.89,1.663,3.25,195.44,15.26,1.329,1.269,0.5754,2.774,432.41,1.182,64.26,0.8548,13.46,2.658e-05,0.2655,3.481,1.404,2.668,0.2308,12.09,0.5853,8.648
2022-03-29T21:50:17,47242.13,3368.18,111.04,0.2694,16.21,70.6,22.1,106.3,6.794,180.91,0.6297,0.02688,0.00848,2.69,1.819,2.89,1.662,3.25,195.49,15.26,1.329,1.269,0.5754,2.774,432.33,1.182,64.17,0.855,13.46,2.658e-05,0.2655,3.48,1.404,2.666,0.231,12.09,0.5842,8.642
2022-03-29T21:50:47,47229.98,3366.72,111.07,0.2691,16.21,70.7,22.09,106.37,6.777,180.87,0.6297,0.02686,0.008489,2.689,1.817,2.88,1.662,3.246,195.43,15.26,1.329,1.269,0.5754,2.774,432.39,1.181,64.17,0.855,13.46,2.659e-05,0.2655,3.478,1.404,2.665,0.231,12.09,0.5842,8.641
2022-03-29T21:51:18,47213.56,3366.69,111.07,0.2692,16.21,70.7,22.08,106.36,6.781,180.88,0.6297,0.0269,0.00849,2.688,1.817,2.88,1.662,3.246,195.34,15.26,1.329,1.264,0.5754,2.774,432.62,1.181,64.18,0.8548,13.46,2.656e-05,0.2656,3.474,1.403,2.664,0.2309,12.09,0.5847,8.648
2022-03-29T21:51:48,47203.41,3365.7,110.93,0.2692,16.24,70.7,22.08,106.29,6.771,180.85,0.63,0.02686,0.00849,2.688,1.815,2.88,1.661,3.244,195.16,15.27,1.329,1.264,0.5754,2.772,432.53,1.181,64.11,0.8543,13.46,2.655e-05,0.2656,3.471,1.401,2.66,0.2309,12.09,0.5838,8.637
2022-03-29T21:52:18,47192.01,3365.84,110.94,0.2692,16.21,70.7,22.07,106.24,6.776,180.79,0.6297,0.02686,0.00849,2.688,1.814,2.88,1.661,3.245,195.09,15.27,1.329,1.264,0.5754,2.772,431.9,1.179,64.08,0.8547,13.46,2.654e-05,0.2656,3.472,1.399,2.66,0.2309,12.08,0.5835,8.636
2022-03-29T21:52:48,47204.73,3366.29,110.9,0.2693,16.21,70.6,22.08,106.28,6.784,180.91,0.628,0.02686,0.008499,2.689,1.812,2.88,1.662,3.245,195.18,15.28,1.329,1.261,0.5754,2.774,431.93,1.18,64.11,0.8551,13.46,2.659e-05,0.2656,3.476,1.401,2.661,0.231,12.07,0.5835,8.634
2022-03-29T21:53:18,47241.61,3369.67,110.94,0.2693,16.21,70.6,22.12,106.47,6.77,181.4,0.628,0.02689,0.00849,2.691,1.808,2.88,1.665,3.247,195.29,15.28,1.329,1.261,0.5754,2.78,432.01,1.18,64.18,0.8552,13.46,2.66e-05,0.2656,3.477,1.401,2.665,0.2311,12.08,0.5853,8.633
2022-03-29T21:53:48,47255.79,3370.51,110.97,0.2695,16.21,70.6,22.14,106.56,6.763,181.34,0.628,0.02691,0.00849,2.686,1.809,2.88,1.665,3.264,195.6,15.28,1.329,1.261,0.5754,2.785,432.15,1.181,64.2,0.8561,13.57,2.661e-05,0.266,3.479,1.406,2.668,0.2312,12.16,0.5861,8.632
2022-03-29T21:54:18,47279.52,3372.59,111.04,0.2697,16.21,70.6,22.14,106.54,6.76,181.45,0.628,0.02702,0.00849,2.687,1.81,2.88,1.665,3.273,195.77,15.28,1.329,1.261,0.5754,2.785,432.81,1.181,64.23,0.8563,13.57,2.665e-05,0.2664,3.482,1.406,2.669,0.2315,12.16,0.5861,8.632
2022-03-29T21:54:49,47264.67,3370.45,111.09,0.2696,16.21,70.6,22.14,106.57,6.766,181.22,0.628,0.02704,0.008534,2.686,1.807,2.88,1.664,3.273,195.75,15.28,1.329,1.263,0.5754,2.783,432.62,1.181,64.22,0.8556,13.57,2.663e-05,0.2658,3.481,1.405,2.665,0.2314,12.16,0.5859,8.638
2022-03-29T21:55:19,47269.37,3370.33,111.32,0.2697,16.22,70.6,22.13,106.56,6.766,181.19,0.628,0.02706,0.008495,2.685,1.808,2.88,1.664,3.283,195.71,15.27,1.329,1.263,0.5754,2.783,432.41,1.181,64.2,0.8554,13.57,2.662e-05,0.266,3.481,1.404,2.662,0.2315,12.16,0.5852,8.637
2022-03-29T21:55:49,47278.92,3371.79,111.33,0.2696,16.23,70.6,22.15,106.55,6.764,181.25,0.6299,0.02707,0.008493,2.685,1.809,2.88,1.664,3.283,195.79,15.29,1.329,1.263,0.5754,2.783,432.34,1.181,64.21,0.8557,13.57,2.661e-05,0.266,3.481,1.403,2.659,0.2315,12.15,0.5854,8.625
2022-03-29T21:56:19,47298.57,3372.25,111.24,0.2697,16.23,70.6,22.16,106.64,6.761,181.25,0.6298,0.02709,0.008493,2.686,1.81,2.88,1.663,3.283,195.84,15.29,1.329,1.26,0.5754,2.785,432.58,1.181,64.28,0.8563,13.57,2.664e-05,0.2659,3.482,1.403,2.66,0.2315,12.1,0.5859,8.621
2022-03-29T21:56:49,47293.94,3374.46,111.24,0.2697,16.25,70.6,22.16,106.64,6.759,181.27,0.6298,0.02713,0.008506,2.68,1.81,2.88,1.663,3.283,195.87,15.29,1.329,1.26,0.5754,2.785,432.59,1.18,64.35,0.8564,13.58,2.663e-05,0.266,3.486,1.402,2.662,0.2315,12.1,0.5859,8.62
2022-03-29T21:57:19,47297.31,3374.6,111.25,0.2694,16.25,70.6,22.16,106.66,6.758,181.33,0.6297,0.02717,0.008517,2.681,1.811,2.88,1.663,3.283,195.84,15.29,1.329,1.26,0.5754,2.785,432.65,1.18,64.37,0.8563,13.58,2.664e-05,0.266,3.486,1.401,2.662,0.2314,12.1,0.5858,8.615
2022-03-29T21:57:49,47299.74,3375.73,111.29,0.2693,16.25,70.6,22.17,106.67,6.758,181.67,0.6297,0.02717,0.008517,2.681,1.81,2.88,1.663,3.283,195.86,15.29,1.329,1.264,0.5866,2.788,432.73,1.18,64.39,0.8561,13.58,2.664e-05,0.266,3.487,1.401,2.663,0.2314,12.12,0.5858,8.621
2022-03-29T21:58:20,47309.31,3378.96,111.42,0.2694,16.25,70.6,22.19,106.68,6.756,181.76,0.6297,0.02718,0.008517,2.677,1.809,2.88,1.663,3.283,196.04,15.29,1.329,1.264,0.5866,2.789,432.76,1.181,64.51,0.8562,13.58,2.665e-05,0.266,3.488,1.402,2.666,0.2314,12.12,0.5866,8.619
2022-03-29T21:58:50,47316.08,3378.64,111.41,0.2697,16.25,70.6,22.18,106.69,6.762,181.74,0.6238,0.02719,0.008517,2.679,1.809,2.88,1.664,3.284,196.09,15.3,1.329,1.264,0.5866,2.789,432.86,1.18,64.53,0.8562,13.62,2.665e-05,0.2664,3.489,1.403,2.666,0.2315,12.12,0.5866,8.622
2022-03-29T21:59:20,47301.86,3375.52,111.23,0.2696,16.21,70.6,22.16,106.63,6.758,181.63,0.6238,0.02721,0.00853,2.677,1.809,2.88,1.664,3.284,196,15.28,1.329,1.264,0.5866,2.788,432.83,1.181,64.53,0.8561,13.62,2.663e-05,0.2663,3.489,1.402,2.664,0.2315,12.11,0.5866,8.638
2022-03-29T21:59:50,47296.66,3375.33,111.2,0.2695,16.21,70.7,22.15,106.57,6.771,181.53,0.6277,0.02719,0.00853,2.676,1.811,2.88,1.664,3.284,195.82,15.28,1.329,1.264,0.5866,2.788,432.79,1.18,64.48,0.8564,13.54,2.659e-05,0.2663,3.485,1.402,2.663,0.2315,12.09,0.5865,8.645
2022-03-29T22:00:20,47249.33,3374.37,111.1,0.2694,16.21,70.7,22.12,106.53,6.761,180.73,0.6275,0.02712,0.00853,2.677,1.813,2.88,1.66,3.278,195.25,15.28,1.329,1.264,0.5866,2.784,432.67,1.179,64.38,0.8562,13.54,2.655e-05,0.2654,3.474,1.398,2.658,0.2314,12.04,0.5864,8.645
2022-03-29T22:00:50,47294.34,3376.26,111.12,0.2694,16.21,70.7,22.15,106.59,6.77,181.34,0.6284,0.02708,0.008523,2.679,1.814,2.88,1.66,3.276,195.66,15.3,1.329,1.263,0.5866,2.788,432.73,1.177,64.39,0.8569,13.54,2.654e-05,0.2663,3.478,1.399,2.659,0.2316,12.03,0.5856,8.632
2022-03-29T22:01:20,47308.5,3377.3,111.33,0.2697,16.21,70.7,22.16,106.69,6.771,181.37,0.6284,0.02708,0.008513,2.68,1.813,2.88,1.66,3.276,195.56,15.3,1.329,1.264,0.5866,2.79,433.06,1.178,64.37,0.8583,13.6,2.659e-05,0.2666,3.481,1.4,2.663,0.2316,12.04,0.5865,8.637
2022-03-29T22:01:50,47286.42,3377.55,111.23,0.2693,16.21,70.7,22.17,106.68,6.763,181.49,0.629,0.02708,0.008513,2.679,1.813,2.88,1.662,3.276,195.54,15.3,1.318,1.264,0.5866,2.789,433,1.177,64.38,0.8569,13.6,2.657e-05,0.2666,3.487,1.399,2.663,0.2316,12.07,0.5867,8.636
2022-03-29T22:02:20,47213.32,3376.02,111.18,0.2691,16.21,70.5,22.16,106.57,6.762,181.31,0.6279,0.02706,0.008528,2.679,1.813,2.88,1.661,3.273,195.4,15.3,1.318,1.264,0.5866,2.782,432.86,1.177,64.29,0.8565,13.6,2.649e-05,0.2666,3.473,1.397,2.658,0.2315,12.05,0.5863,8.635
2022-03-29T22:02:51,47226.33,3372.87,110.83,0.2692,16.21,70.5,22.16,106.53,6.76,181.43,0.6275,0.02696,0.008529,2.678,1.814,2.88,1.659,3.273,195.35,15.3,1.318,1.264,0.5866,2.784,432.74,1.177,64.14,0.8565,13.6,2.65e-05,0.2656,3.473,1.396,2.659,0.2315,12.06,0.5851,8.624
2022-03-29T22:03:21,47239.28,3377.13,111.08,0.2691,16.24,70.6,22.12,106.62,6.76,181.53,0.6275,0.02693,0.008509,2.676,1.814,2.88,1.659,3.273,195.41,15.3,1.318,1.264,0.5866,2.786,432.45,1.177,64.12,0.8563,13.6,2.659e-05,0.2656,3.475,1.394,2.659,0.2316,12.06,0.5852,8.627
2022-03-29T22:03:51,47295.87,3377.82,111.12,0.269,16.24,70.6,22.12,106.74,6.762,181.77,0.6275,0.02693,0.008509,2.68,1.814,2.88,1.66,3.273,195.56,15.3,1.318,1.264,0.579,2.79,432.88,1.178,64.13,0.8569,13.6,2.661e-05,0.2656,3.485,1.4,2.662,0.2316,12.06,0.5854,8.631
2022-03-29T22:04:21,47284.52,3378.89,111.4,0.2689,16.21,70.6,22.13,106.76,6.763,182.09,0.6275,0.02694,0.008509,2.69,1.815,2.88,1.663,3.282,195.8,15.3,1.318,1.267,0.5776,2.791,432.79,1.178,64.13,0.8568,13.6,2.661e-05,0.2669,3.486,1.401,2.663,0.2317,12.1,0.5874,8.638
2022-03-29T22:04:51,47294.9,3379.89,111.55,0.2692,16.21,70.5,22.16,106.83,6.762,182.49,0.6275,0.02694,0.008509,2.689,1.815,2.88,1.663,3.282,196,15.32,1.318,1.267,0.5776,2.79,433.45,1.18,64.15,0.8569,13.59,2.663e-05,0.2669,3.486,1.402,2.665,0.2318,12.11,0.588,8.641
2022-03-29T22:05:21,47298.25,3380.08,111.55,0.2694,16.24,70.5,22.16,106.84,6.763,182.38,0.6275,0.02697,0.008509,2.689,1.814,2.88,1.663,3.286,196.02,15.33,1.318,1.267,0.5776,2.791,433.53,1.18,64.18,0.8566,13.59,2.663e-05,0.2669,3.486,1.403,2.668,0.2318,12.1,0.5881,8.646
2022-03-29T22:05:51,47290.57,3379.76,111.25,0.2694,16.24,70.6,22.16,106.83,6.774,182.4,0.6306,0.02696,0.008525,2.689,1.814,2.88,1.663,3.286,195.95,15.33,1.318,1.269,0.5776,2.791,433.52,1.179,64.16,0.8563,13.6,2.662e-05,0.2669,3.479,1.403,2.666,0.2318,12.07,0.5881,8.645
2022-03-29T22:06:22,47285.73,3379.28,111.24,0.2693,16.24,70.6,22.14,106.81,6.77,182.27,0.6303,0.02697,0.008525,2.7,1.814,2.88,1.663,3.286,195.89,15.33,1.318,1.27,0.5776,2.787,433.5,1.179,64.16,0.8559,13.6,2.659e-05,0.267,3.479,1.402,2.665,0.2315,12.07,0.5884,8.645
2022-03-29T22:06:52,47289.23,3375.35,111.24,0.2694,16.24,70.6,22.14,106.77,6.776,182.23,0.6303,0.02701,0.008525,2.699,1.815,2.88,1.662,3.286,195.83,15.33,1.318,1.27,0.5776,2.787,433.53,1.179,64.09,0.8558,13.6,2.659e-05,0.2668,3.478,1.4,2.665,0.2315,12.07,0.5884,8.652
2022-03-29T22:07:22,47303.75,3378.22,111.28,0.2692,16.24,70.6,22.13,106.74,6.77,182.33,0.6303,0.027,0.008525,2.7,1.815,2.88,1.661,3.286,195.65,15.33,1.318,1.27,0.5776,2.788,433.3,1.179,64.1,0.8556,13.6,2.659e-05,0.2668,3.477,1.4,2.666,0.2315,12.07,0.5877,8.648
2022-03-29T22:07:52,47308.47,3378.73,111.29,0.2695,16.21,70.6,22.13,106.75,6.771,182.33,0.6303,0.02703,0.008525,2.701,1.815,2.88,1.662,3.286,195.67,15.33,1.318,1.267,0.5746,2.787,433.39,1.178,64.11,0.8557,13.58,2.662e-05,0.2673,3.479,1.399,2.667,0.2315,12.07,0.5877,8.648
2022-03-29T22:08:22,47312.43,3378.43,111.18,0.2694,16.21,70.6,22.13,106.73,6.803,182.32,0.6303,0.02704,0.008525,2.703,1.815,2.88,1.662,3.287,195.66,15.37,1.318,1.267,0.5746,2.786,433.41,1.179,64.12,0.8556,13.58,2.664e-05,0.2675,3.477,1.399,2.667,0.2315,12.07,0.5878,8.66
2022-03-29T22:08:52,47303.34,3377.93,111.16,0.2693,16.21,70.6,22.12,106.73,6.808,182.26,0.6302,0.02702,0.008525,2.702,1.815,2.88,1.661,3.292,195.45,15.4,1.318,1.267,0.5723,2.786,433.39,1.179,64.14,0.8554,13.54,2.663e-05,0.2675,3.478,1.398,2.666,0.2315,12.08,0.5881,8.659
2022-03-29T22:09:22,47287.41,3375.57,111.15,0.2691,16.23,70.6,22.14,106.68,6.821,182.16,0.6302,0.02702,0.008525,2.701,1.816,2.88,1.661,3.293,195.37,15.4,1.318,1.271,0.5723,2.784,433.48,1.179,64.11,0.8554,13.53,2.662e-05,0.2675,3.478,1.397,2.666,0.2314,12.08,0.5889,8.665
2022-03-29T22:09:52,47274.62,3374.97,110.97,0.2691,16.23,70.6,22.13,106.64,6.771,182.17,0.6315,0.02703,0.008524,2.701,1.818,2.88,1.661,3.293,195.11,15.4,1.318,1.271,0.5723,2.782,433.48,1.179,64.11,0.8537,13.53,2.652e-05,0.267,3.477,1.396,2.665,0.2314,12.08,0.5889,8.659
2022-03-29T22:10:23,47228.91,3373.64,110.69,0.269,16.23,70.6,22.08,106.63,6.72,181.81,0.6302,0.02701,0.008524,2.699,1.818,2.88,1.661,3.292,194.99,15.37,1.318,1.267,0.5723,2.777,432.66,1.178,64.07,0.8535,13.51,2.65e-05,0.267,3.464,1.395,2.66,0.2312,12.06,0.5881,8.659
2022-03-29T22:10:53,47224.69,3373.8,110.54,0.269,16.23,70.6,22.07,106.46,6.719,181.61,0.6302,0.02701,0.008524,2.702,1.818,2.88,1.66,3.292,194.93,15.36,1.318,1.267,0.5723,2.775,432.6,1.176,63.97,0.8534,13.51,2.647e-05,0.2662,3.466,1.394,2.659,0.2311,12.05,0.5881,8.658
2022-03-29T22:11:23,47215.4,3372.52,110.53,0.2687,16.21,70.6,22.07,106.44,6.715,181.6,0.6302,0.02694,0.008524,2.7,1.817,2.88,1.659,3.292,194.81,15.4,1.318,1.267,0.5723,2.772,432.46,1.175,63.95,0.8529,13.51,2.644e-05,0.2661,3.465,1.393,2.656,0.231,12.05,0.5869,8.659
2022-03-29T22:11:53,47231.71,3373.41,110.64,0.2686,16.22,70.6,22.08,106.63,6.716,181.47,0.6275,0.02696,0.008524,2.701,1.815,2.88,1.658,3.29,194.93,15.4,1.318,1.268,0.5723,2.77,432.63,1.175,63.96,0.8536,13.51,2.645e-05,0.2661,3.471,1.395,2.657,0.2309,12.05,0.5876,8.66
2022-03-29T22:12:23,47232.87,3373.5,110.65,0.2685,16.22,70.5,22.1,106.69,6.719,181.43,0.6294,0.02696,0.008524,2.7,1.815,2.88,1.659,3.286,194.93,15.39,1.318,1.268,0.5723,2.773,432.68,1.176,63.96,0.8537,13.51,2.646e-05,0.2661,3.471,1.397,2.657,0.2309,12.04,0.5872,8.673
2022-03-29T22:12:53,47247.73,3373.87,110.93,0.2685,16.22,70.5,22.1,106.71,6.714,181.5,0.6294,0.02695,0.008524,2.701,1.816,2.88,1.659,3.286,194.96,15.39,1.318,1.268,0.5723,2.774,432.72,1.176,63.96,0.8537,13.53,2.646e-05,0.2666,3.472,1.397,2.661,0.231,12.04,0.5872,8.674
2022-03-29T22:13:23,47238.52,3373.8,110.84,0.2686,16.22,70.6,22.1,106.84,6.717,181.59,0.6294,0.02698,0.008527,2.701,1.816,2.88,1.659,3.286,195.31,15.39,1.318,1.267,0.5723,2.775,432.77,1.176,63.9,0.8537,13.53,2.646e-05,0.2666,3.472,1.398,2.662,0.2309,12.02,0.5875,8.676
2022-03-29T22:13:53,47218.13,3372.62,110.82,0.2686,16.22,70.6,22.06,106.77,6.715,181.02,0.6294,0.02695,0.008527,2.7,1.816,2.88,1.658,3.285,195.21,15.39,1.318,1.267,0.5723,2.77,432.72,1.175,63.58,0.8535,13.53,2.649e-05,0.2664,3.467,1.397,2.66,0.2307,12.02,0.5872,8.669
2022-03-29T22:14:24,47220.33,3370.26,110.81,0.2682,16.22,70.6,22.05,106.74,6.714,180.59,0.6293,0.02697,0.00851,2.7,1.817,2.88,1.656,3.285,195.17,15.39,1.318,1.267,0.5723,2.77,432.34,1.175,63.57,0.8527,13.48,2.649e-05,0.2661,3.465,1.394,2.658,0.2304,12.02,0.5867,8.669
2022-03-29T22:14:54,47212.49,3370.73,110.47,0.2683,16.23,70.6,22.05,106.6,6.715,180.17,0.6276,0.02695,0.008523,2.698,1.817,2.88,1.656,3.285,195.07,15.35,1.318,1.267,0.5723,2.771,432.28,1.176,63.54,0.8524,13.48,2.648e-05,0.2661,3.462,1.396,2.658,0.2304,12.02,0.5864,8.668
2022-03-29T22:15:24,47208.19,3371.52,110.47,0.2686,16.23,70.7,22.06,106.63,6.724,180.06,0.6276,0.02693,0.008523,2.697,1.817,2.88,1.656,3.292,195.1,15.35,1.318,1.269,0.5723,2.77,432.34,1.177,63.68,0.8524,13.48,2.648e-05,0.2661,3.462,1.397,2.658,0.2305,12.02,0.5865,8.664
2022-03-29T22:15:54,47217.12,3371.13,110.44,0.2687,16.22,70.7,22.06,106.63,6.724,180.09,0.6301,0.02694,0.008523,2.698,1.817,2.88,1.656,3.292,195.23,15.35,1.318,1.267,0.5723,2.77,432.25,1.177,63.66,0.852,13.48,2.649e-05,0.2661,3.461,1.397,2.656,0.2303,12.01,0.5864,8.662
2022-03-29T22:16:24,47217.15,3371.63,110.52,0.2687,16.21,70.7,22.07,106.78,6.721,180.09,0.63,0.02693,0.008523,2.699,1.817,2.88,1.656,3.292,195.27,15.35,1.318,1.267,0.5723,2.77,432.44,1.177,63.86,0.852,13.48,2.65e-05,0.2661,3.459,1.397,2.657,0.2303,12.01,0.5864,8.663
2022-03-29T22:16:54,47234.53,3374.92,110.55,0.2689,16.21,70.7,22.07,106.81,6.724,180.31,0.6289,0.02695,0.008523,2.697,1.814,2.88,1.658,3.292,195.3,15.35,1.318,1.268,0.5723,2.772,432.46,1.178,63.88,0.852,13.48,2.651e-05,0.2661,3.459,1.398,2.657,0.2304,12.02,0.5864,8.67
2022-03-29T22:17:25,47264,3375.66,110.57,0.269,16.21,70.7,22.1,106.93,6.722,180.44,0.6289,0.02696,0.008518,2.7,1.813,2.88,1.658,3.292,195.34,15.36,1.318,1.268,0.5723,2.773,432.47,1.179,63.94,0.8518,13.53,2.658e-05,0.2661,3.464,1.399,2.66,0.2304,12.02,0.5874,8.673
2022-03-29T22:17:55,47275.08,3379.05,110.84,0.269,16.21,70.8,22.11,106.98,6.719,180.57,0.6301,0.02697,0.008506,2.7,1.814,2.88,1.66,3.295,195.52,15.36,1.318,1.272,0.5723,2.784,432.87,1.179,64.05,0.852,13.53,2.66e-05,0.2675,3.473,1.4,2.664,0.2306,12.02,0.5887,8.673
2022-03-29T22:18:25,47279.42,3379.23,110.83,0.2693,16.21,70.8,22.12,107.03,6.721,180.91,0.631,0.02701,0.008506,2.704,1.814,2.88,1.66,3.298,195.71,15.36,1.318,1.268,0.5723,2.784,432.91,1.179,64.04,0.8521,13.53,2.662e-05,0.2675,3.472,1.401,2.668,0.2307,12.05,0.5887,8.678
2022-03-29T22:18:55,47297.83,3380.58,110.83,0.2694,16.21,70.8,22.14,107.19,6.722,180.93,0.631,0.02702,0.008503,2.705,1.815,2.88,1.661,3.299,195.78,15.36,1.318,1.268,0.5723,2.789,433.13,1.18,64.08,0.8528,13.58,2.663e-05,0.2681,3.471,1.401,2.668,0.2311,12.04,0.5887,8.681
2022-03-29T22:19:25,47275.42,3379.41,110.73,0.2693,16.21,70.9,22.13,107.19,6.724,180.88,0.632,0.027,0.008516,2.704,1.815,2.88,1.66,3.295,196.03,15.36,1.318,1.268,0.5723,2.789,433.15,1.18,64.08,0.8518,13.58,2.659e-05,0.2678,3.466,1.401,2.666,0.2309,12.04,0.588,8.685
2022-03-29T22:19:56,47201.5,3370.71,110.65,0.2688,16.21,70.9,22.08,107.15,6.722,180.62,0.6323,0.02699,0.008516,2.699,1.815,2.88,1.659,3.295,195.81,15.36,1.318,1.268,0.5723,2.784,433.01,1.18,63.9,0.8513,13.5,2.657e-05,0.2678,3.461,1.399,2.664,0.2307,11.95,0.5878,8.679
2022-03-29T22:20:26,47203.85,3370.92,110.65,0.2686,16.21,70.9,22.06,107,6.719,180.69,0.6323,0.02698,0.008511,2.699,1.815,2.88,1.656,3.292,195.6,15.4,1.318,1.268,0.5723,2.777,432.76,1.178,63.81,0.8512,13.49,2.658e-05,0.2678,3.46,1.396,2.659,0.2304,11.95,0.5878,8.679
2022-03-29T22:20:56,47195.11,3370.39,110.31,0.2687,16.21,70.9,22.05,106.94,6.722,180.67,0.6323,0.02693,0.008488,2.697,1.815,2.88,1.656,3.293,195.47,15.4,1.318,1.268,0.5723,2.775,432.74,1.178,63.79,0.8504,13.49,2.652e-05,0.2662,3.458,1.395,2.656,0.2303,11.93,0.5854,8.678
2022-03-29T22:21:26,47182.59,3369.79,110.24,0.2686,16.21,70.9,22.05,106.73,6.72,180.56,0.6323,0.02693,0.008465,2.697,1.816,2.88,1.654,3.291,195.27,15.4,1.318,1.27,0.5723,2.774,432.27,1.178,63.78,0.8502,13.48,2.65e-05,0.2662,3.457,1.394,2.655,0.2303,11.91,0.5855,8.677
2022-03-29T22:21:56,47191.91,3370.02,110.24,0.2686,16.21,70.9,22.05,106.74,6.726,180.54,0.6323,0.02694,0.008465,2.698,1.815,2.88,1.654,3.291,195.31,15.4,1.318,1.27,0.5723,2.774,432.22,1.177,63.93,0.85,13.48,2.651e-05,0.2662,3.458,1.394,2.654,0.2302,11.91,0.5855,8.676
2022-03-29T22:22:26,47214.98,3371.16,110.12,0.2685,16.21,70.9,22.07,106.75,6.725,180.37,0.6323,0.02697,0.00846,2.699,1.814,2.88,1.653,3.291,195.26,15.4,1.318,1.27,0.5723,2.773,432.31,1.177,64,0.8504,13.48,2.655e-05,0.2661,3.457,1.393,2.655,0.2303,11.9,0.5857,8.677
2022-03-29T22:22:56,47193.82,3370.48,110.15,0.2682,16.21,70.7,22.07,106.9,6.725,180.47,0.6323,0.02697,0.00846,2.698,1.813,2.88,1.653,3.293,195.15,15.4,1.318,1.27,0.5723,2.774,432.23,1.176,63.99,0.8505,13.48,2.652e-05,0.2661,3.456,1.393,2.653,0.2303,11.9,0.5856,8.674
2022-03-29T22:23:26,47191.91,3368.16,110.15,0.2682,16.21,70.7,22.07,106.94,6.722,180.49,0.6276,0.02694,0.00846,2.697,1.813,2.88,1.652,3.296,195.15,15.45,1.318,1.27,0.5723,2.773,432.34,1.177,64.02,0.8506,13.51,2.652e-05,0.2661,3.457,1.393,2.654,0.2305,11.9,0.5857,8.664
2022-03-29T22:23:56,47196.51,3367.83,110.12,0.2682,16.21,70.7,22.06,106.97,6.717,180.57,0.628,0.02695,0.00846,2.697,1.812,2.88,1.65,3.296,195.13,15.45,1.318,1.271,0.5723,2.768,432.14,1.177,63.95,0.8506,13.51,2.652e-05,0.2659,3.456,1.393,2.653,0.2304,11.9,0.585,8.664
2022-03-29T22:24:27,47184.31,3366.8,110.08,0.2682,16.21,70.7,22.05,106.94,6.717,180.52,0.6296,0.02696,0.00846,2.697,1.81,2.88,1.643,3.296,195.07,15.45,1.318,1.27,0.5723,2.765,431.71,1.176,63.88,0.8503,13.47,2.655e-05,0.2654,3.454,1.392,2.649,0.2299,11.87,0.585,8.664
2022-03-29T22:24:57,47172.44,3365.2,110.06,0.2682,16.21,70.7,22.05,106.75,6.717,180.52,0.6296,0.02697,0.008401,2.696,1.811,2.88,1.643,3.296,195,15.45,1.318,1.27,0.5704,2.764,431.54,1.176,63.62,0.8501,13.47,2.654e-05,0.2654,3.453,1.391,2.648,0.2297,11.89,0.5846,8.66
2022-03-29T22:25:27,47177.95,3364.96,109.76,0.2682,16.21,70.7,22.04,106.72,6.717,180.5,0.627,0.02691,0.008417,2.696,1.808,2.88,1.644,3.29,194.99,15.45,1.318,1.27,0.5704,2.76,431.44,1.175,63.6,0.8501,13.47,2.651e-05,0.2654,3.453,1.391,2.646,0.2296,11.89,0.5847,8.651
2022-03-29T22:25:57,47169.95,3363,109.71,0.2682,16.21,70.6,22.02,106.7,6.717,180.45,0.627,0.02687,0.008417,2.695,1.809,2.88,1.644,3.29,194.95,15.45,1.318,1.27,0.5704,2.759,431.49,1.176,63.56,0.85,13.41,2.653e-05,0.2647,3.45,1.391,2.643,0.2297,11.89,0.5844,8.642
2022-03-29T22:26:27,47169.99,3363.24,109.71,0.2676,16.21,70.6,22.02,106.76,6.717,180.29,0.627,0.02686,0.008403,2.697,1.808,2.88,1.644,3.29,194.89,15.39,1.318,1.271,0.5704,2.757,431.36,1.176,63.58,0.8498,13.41,2.653e-05,0.2649,3.452,1.391,2.645,0.2296,11.89,0.5842,8.638
2022-03-29T22:26:57,47189.5,3363.6,109.73,0.2677,16.21,70.6,22.02,106.86,6.714,180.55,0.627,0.02676,0.008395,2.695,1.808,2.88,1.644,3.284,195.08,15.38,1.318,1.271,0.5704,2.763,431.53,1.176,63.59,0.85,13.46,2.654e-05,0.2649,3.452,1.391,2.647,0.2299,11.89,0.584,8.633
2022-03-29T22:27:27,47206.38,3364.68,110.02,0.2682,16.21,70.7,22.05,106.93,6.717,180.76,0.627,0.02676,0.008395,2.696,1.808,2.88,1.647,3.284,195.21,15.44,1.318,1.271,0.5704,2.765,431.94,1.176,63.63,0.8502,13.46,2.659e-05,0.2653,3.447,1.392,2.648,0.2302,11.89,0.5845,8.64
2022-03-29T22:27:57,47225.24,3364.82,110.02,0.2683,16.16,70.7,22.06,106.95,6.715,180.72,0.627,0.02681,0.008395,2.69,1.808,2.88,1.647,3.284,195.26,15.44,1.318,1.271,0.5704,2.766,432.02,1.178,63.68,0.8503,13.46,2.66e-05,0.2653,3.447,1.392,2.648,0.2302,11.89,0.5856,8.64
2022-03-29T22:28:28,47212.88,3367.42,109.99,0.2683,16.16,70.7,22.05,107.08,6.715,180.67,0.6281,0.02685,0.008395,2.689,1.808,2.88,1.646,3.286,195.23,15.44,1.318,1.27,0.5704,2.765,431.86,1.177,63.66,0.8502,13.48,2.662e-05,0.2653,3.448,1.393,2.647,0.2301,11.88,0.5854,8.641
2022-03-29T22:28:58,47217.48,3368.13,109.96,0.268,16.16,70.6,22.05,107.09,6.711,180.7,0.6281,0.02683,0.008395,2.689,1.809,2.88,1.646,3.286,195.14,15.44,1.318,1.27,0.5704,2.765,431.78,1.177,63.65,0.8508,13.49,2.662e-05,0.265,3.449,1.393,2.647,0.2302,11.88,0.5852,8.638
2022-03-29T22:29:28,47227.3,3368.06,109.97,0.268,16.16,70.6,22.05,107.09,6.716,180.69,0.6287,0.02682,0.008404,2.694,1.808,2.88,1.645,3.288,195.16,15.44,1.318,1.27,0.5704,2.769,431.86,1.177,63.65,0.8508,13.48,2.662e-05,0.265,3.45,1.393,2.648,0.2301,11.89,0.5852,8.637
2022-03-29T22:29:58,47223.06,3367.96,110.01,0.2681,16.16,70.6,22.06,107.12,6.716,180.69,0.6279,0.02683,0.008404,2.694,1.808,2.88,1.645,3.288,195.16,15.44,1.318,1.27,0.5704,2.767,431.9,1.178,63.7,0.8508,13.51,2.665e-05,0.265,3.448,1.394,2.648,0.2302,11.88,0.5862,8.635
2022-03-29T22:30:28,47238.28,3368.83,110.09,0.2682,16.16,70.6,22.08,107.2,6.716,180.85,0.6273,0.02689,0.0084,2.695,1.807,2.88,1.647,3.288,195.21,15.44,1.318,1.271,0.5704,2.77,432.06,1.178,63.69,0.8514,13.51,2.667e-05,0.2654,3.454,1.394,2.65,0.2306,11.88,0.5873,8.635
2022-03-29T22:30:58,47254.46,3371.26,110.1,0.2685,16.16,70.6,22.08,107.22,6.72,180.87,0.6273,0.02695,0.008416,2.696,1.809,2.88,1.648,3.29,195.27,15.44,1.318,1.271,0.5704,2.77,432.39,1.179,63.74,0.8514,13.56,2.668e-05,0.2656,3.454,1.396,2.651,0.2307,11.91,0.5877,8.631
2022-03-29T22:31:28,47249.03,3371.64,110.33,0.2685,16.16,70.7,22.14,107.27,6.723,181.23,0.6272,0.02695,0.008416,2.696,1.809,2.88,1.648,3.29,195.5,15.44,1.318,1.269,0.5704,2.77,432.42,1.182,63.76,0.8523,13.56,2.668e-05,0.2656,3.455,1.397,2.651,0.2309,11.91,0.5879,8.631
2022-03-29T22:31:58,47240.25,3369.94,110.28,0.2683,16.16,70.7,22.13,107.26,6.723,181.25,0.6283,0.02695,0.008416,2.695,1.81,2.88,1.648,3.289,195.33,15.44,1.318,1.269,0.5704,2.769,432.38,1.182,63.79,0.8519,13.56,2.668e-05,0.2656,3.454,1.397,2.652,0.2313,11.91,0.5874,8.62
2022-03-29T22:32:28,47227.91,3367.21,110.25,0.2681,16.16,70.7,22.12,107.19,6.722,181.12,0.6271,0.02694,0.008416,2.695,1.809,2.9,1.648,3.289,195.21,15.44,1.318,1.269,0.5704,2.768,432.28,1.182,63.76,0.8518,13.51,2.667e-05,0.2656,3.45,1.395,2.65,0.2312,11.89,0.5861,8.618
2022-03-29T22:32:59,47210.51,3365.68,109.87,0.268,16.16,70.7,22.1,107.12,6.72,180.44,0.6271,0.02689,0.008416,2.708,1.81,2.9,1.644,3.289,194.81,15.44,1.318,1.27,0.5704,2.758,431.54,1.179,63.74,0.851,13.48,2.665e-05,0.2656,3.444,1.394,2.647,0.2311,11.86,0.5861,8.615
2022-03-29T22:33:29,47154.05,3359.25,109.86,0.2676,16.16,70.6,22.08,106.78,6.714,180.09,0.6267,0.02688,0.008416,2.705,1.809,2.9,1.643,3.283,194.49,15.39,1.318,1.27,0.5704,2.753,431.43,1.178,63.73,0.8508,13.48,2.663e-05,0.2656,3.442,1.392,2.642,0.2304,11.84,0.5857,8.603
2022-03-29T22:33:59,47122.82,3355.05,109.83,0.2675,16.12,70.6,22.06,106.71,6.714,179.86,0.6262,0.02689,0.008416,2.703,1.807,2.9,1.642,3.283,194.15,15.39,1.318,1.27,0.5704,2.751,430.65,1.177,63.64,0.8499,13.48,2.659e-05,0.2646,3.439,1.389,2.638,0.2301,11.85,0.583,8.596
2022-03-29T22:34:29,47092.91,3353.54,109.41,0.2675,16.12,70.6,22.04,106.67,6.716,179.02,0.6251,0.02684,0.00793,2.701,1.804,2.9,1.637,3.283,194.07,15.43,1.318,1.267,0.5704,2.749,430.56,1.173,63.41,0.8474,13.48,2.657e-05,0.2642,3.424,1.389,2.635,0.2299,11.84,0.5829,8.597
2022-03-29T22:34:59,47072.58,3352.81,109.48,0.267,16.12,70.6,21.9,106.35,6.711,178.93,0.6251,0.02687,0.00794,2.7,1.799,2.9,1.636,3.283,193.95,15.34,1.318,1.267,0.5704,2.749,430.25,1.171,63.33,0.847,13.37,2.641e-05,0.2642,3.426,1.385,2.633,0.2297,11.82,0.5813,8.593
2022-03-29T22:35:29,47086.9,3354.97,109.51,0.2671,16.12,70.6,21.92,106.51,6.711,179.37,0.6249,0.02693,0.008031,2.701,1.799,2.9,1.637,3.275,194.17,15.34,1.318,1.267,0.5704,2.744,430.23,1.172,63.37,0.8466,13.37,2.646e-05,0.2626,3.427,1.386,2.631,0.2297,11.84,0.5819,8.589
2022-03-29T22:35:59,47108.47,3354.56,109.55,0.2672,16.12,70.2,21.94,106.56,6.716,179.37,0.6236,0.02695,0.008031,2.695,1.799,2.9,1.64,3.281,194.44,15.34,1.318,1.263,0.5704,2.745,430.23,1.173,63.38,0.8473,13.37,2.647e-05,0.2634,3.425,1.387,2.634,0.2297,11.85,0.5816,8.59
2022-03-29T22:36:30,47100.2,3354.19,109.52,0.2671,16.12,70.2,21.94,106.57,6.717,179.44,0.6233,0.02693,0.008132,2.681,1.798,2.9,1.64,3.281,194.53,15.31,1.318,1.263,0.5704,2.745,430.49,1.173,63.34,0.8473,13.44,2.649e-05,0.2632,3.424,1.39,2.632,0.2297,11.87,0.5823,8.582
2022-03-29T22:37:00,47139.29,3358.51,109.77,0.2676,16.12,70.2,21.95,106.75,6.715,179.56,0.6231,0.02689,0.008122,2.678,1.793,2.9,1.64,3.281,194.7,15.37,1.328,1.264,0.5704,2.752,430.7,1.174,63.46,0.8482,13.44,2.651e-05,0.2632,3.425,1.391,2.636,0.2299,11.88,0.5823,8.583
2022-03-29T22:37:30,47115.47,3358.05,109.75,0.2676,16.08,70.2,21.99,106.82,6.716,179.57,0.6237,0.02691,0.008169,2.677,1.79,2.9,1.643,3.281,194.7,15.31,1.328,1.264,0.5704,2.753,430.98,1.174,63.48,0.8486,13.46,2.652e-05,0.2642,3.427,1.391,2.636,0.2301,11.88,0.5826,8.571
2022-03-29T22:38:00,47153.41,3364.48,109.83,0.2677,16.08,70.2,22.05,106.9,6.724,180.41,0.6243,0.02692,0.008169,2.679,1.791,2.9,1.646,3.289,194.94,15.31,1.328,1.264,0.5704,2.769,431.23,1.176,63.53,0.8493,13.52,2.661e-05,0.2642,3.431,1.392,2.645,0.2304,11.91,0.585,8.584
2022-03-29T22:38:30,47248.54,3366.57,110.31,0.2688,16.08,70.3,22.05,107.21,6.72,181.05,0.6247,0.02696,0.008173,2.685,1.791,2.9,1.647,3.291,195.55,15.31,1.328,1.267,0.5704,2.772,431.8,1.179,63.76,0.8517,13.51,2.662e-05,0.2642,3.451,1.393,2.652,0.2307,11.91,0.5857,8.592
2022-03-29T22:39:00,47271.43,3373.05,110.35,0.2689,16.08,70.4,22.09,107.45,6.741,181.23,0.6248,0.0269,0.00817,2.687,1.791,2.9,1.655,3.291,195.78,15.31,1.328,1.267,0.5709,2.775,432.32,1.182,63.8,0.8522,13.51,2.674e-05,0.2667,3.459,1.4,2.658,0.2309,11.96,0.5867,8.617
2022-03-29T22:39:30,47260.5,3372.99,110.35,0.2689,16.08,70.4,22.11,107.67,6.755,181.27,0.6218,0.02691,0.00817,2.686,1.792,2.9,1.655,3.3,195.88,15.31,1.328,1.267,0.5709,2.777,432.65,1.183,63.81,0.8525,13.51,2.673e-05,0.2667,3.456,1.4,2.656,0.2311,11.97,0.5879,8.616
2022-03-29T22:40:00,47293.11,3372.83,110.44,0.269,16.07,70.4,22.11,107.72,6.752,181.05,0.6225,0.02701,0.00817,2.683,1.794,2.9,1.654,3.3,196.13,15.31,1.328,1.266,0.5709,2.775,432.81,1.184,63.93,0.8529,13.57,2.674e-05,0.2663,3.458,1.401,2.658,0.2313,11.97,0.5878,8.615
2022-03-29T22:40:30,47276.88,3372.21,110.43,0.2689,16.06,69.8,22.1,107.72,6.744,180.94,0.6223,0.02705,0.008175,2.684,1.796,2.9,1.654,3.3,196.24,15.31,1.328,1.266,0.5709,2.77,432.74,1.183,63.96,0.853,13.57,2.672e-05,0.2663,3.461,1.401,2.656,0.2313,12,0.5878,8.614
2022-03-29T22:41:01,47251.63,3371.68,110.42,0.269,16.06,69.8,22.1,107.54,6.735,180.58,0.6223,0.02707,0.00818,2.683,1.796,2.9,1.653,3.301,196.18,15.31,1.328,1.266,0.5709,2.764,432.62,1.183,63.95,0.8527,13.52,2.672e-05,0.2663,3.461,1.399,2.654,0.2308,11.99,0.5867,8.611
2022-03-29T22:41:31,47269.22,3373.31,110.6,0.2688,16.05,69.9,22.11,107.72,6.731,180.64,0.6223,0.02707,0.008202,2.68,1.796,2.9,1.654,3.301,196.2,15.31,1.329,1.266,0.5709,2.766,432.53,1.184,63.95,0.8528,13.52,2.674e-05,0.2664,3.461,1.398,2.658,0.2309,11.99,0.5864,8.615
2022-03-29T22:42:01,47360.69,3373.68,110.62,0.2689,16.06,69.9,22.12,107.83,6.739,180.72,0.6225,0.02713,0.008202,2.682,1.797,2.9,1.655,3.301,196.4,15.32,1.329,1.267,0.5709,2.775,432.81,1.184,64.02,0.8533,13.52,2.681e-05,0.2671,3.468,1.4,2.663,0.2312,11.99,0.5878,8.606
2022-03-29T22:42:31,47322.31,3372.21,110.59,0.2694,16.06,69.9,22.12,107.65,6.74,180.72,0.6225,0.02712,0.008202,2.685,1.797,2.9,1.653,3.301,196.43,15.37,1.329,1.267,0.5709,2.769,432.71,1.184,64.07,0.853,13.52,2.678e-05,0.2671,3.467,1.4,2.66,0.2311,12,0.5884,8.578
2022-03-29T22:43:01,47277.22,3372.29,110.59,0.2694,16.02,69.9,22.09,107.65,6.73,180.69,0.6225,0.02715,0.008195,2.683,1.796,2.9,1.653,3.301,196.43,15.37,1.329,1.267,0.5709,2.768,432.53,1.183,64.08,0.8526,13.52,2.678e-05,0.266,3.466,1.398,2.66,0.2311,12,0.5884,8.578
2022-03-29T22:43:31,47265.42,3372.36,110.58,0.2693,16.02,69.8,22.07,107.63,6.731,180.67,0.624,0.02717,0.008203,2.682,1.795,2.9,1.652,3.302,196.05,15.32,1.329,1.265,0.5709,2.768,432.55,1.182,64.07,0.8525,13.54,2.673e-05,0.266,3.46,1.397,2.658,0.2307,12,0.5883,8.569
2022-03-29T22:44:01,47272.64,3372.21,110.42,0.269,16.02,69.8,22.05,107.67,6.726,180.64,0.623,0.02718,0.008203,2.683,1.795,2.9,1.651,3.302,196.1,15.32,1.329,1.265,0.5709,2.767,432.46,1.182,64.09,0.8525,13.54,2.673e-05,0.266,3.459,1.398,2.657,0.2308,12,0.5886,8.57
2022-03-29T22:44:31,47280.28,3374.69,110.54,0.2691,16.02,69.9,22.07,107.78,6.734,180.7,0.6232,0.02718,0.008203,2.683,1.795,2.9,1.652,3.303,196.34,15.4,1.329,1.265,0.5709,2.769,432.51,1.183,64.19,0.853,13.57,2.674e-05,0.266,3.461,1.398,2.659,0.2308,12,0.5886,8.567
2022-03-29T22:45:02,47259.49,3374.03,110.53,0.2691,16.06,69.8,22.04,107.77,6.735,180.52,0.6232,0.02718,0.008193,2.679,1.796,2.9,1.652,3.306,196.13,15.39,1.329,1.264,0.5709,2.764,432.3,1.182,64.19,0.853,13.57,2.673e-05,0.266,3.46,1.399,2.657,0.2309,11.99,0.5899,8.567
2022-03-29T22:45:32,47329.79,3375.41,110.77,0.2695,16.02,69.9,22.06,107.82,6.736,180.97,0.6245,0.02744,0.008192,2.685,1.794,2.9,1.652,3.306,196.51,15.39,1.329,1.264,0.5709,2.771,432.39,1.183,64.2,0.8546,13.57,2.679e-05,0.2666,3.469,1.4,2.661,0.231,12.01,0.59,8.569
2022-03-29T22:46:02,47332.14,3375.4,110.81,0.2696,16.02,69.9,22.06,107.79,6.743,180.92,0.6245,0.0275,0.008225,2.685,1.794,2.9,1.654,3.3,196.4,15.39,1.329,1.264,0.5709,2.77,432.75,1.184,64.19,0.8546,13.59,2.679e-05,0.2666,3.468,1.4,2.661,0.231,12.01,0.591,8.573
2022-03-29T22:46:32,47328.59,3380.93,110.84,0.2696,16.02,69.9,22.06,107.83,6.753,180.99,0.6256,0.02774,0.008195,2.68,1.795,2.9,1.654,3.292,196.54,15.39,1.329,1.262,0.5709,2.772,432.79,1.184,64.21,0.855,13.6,2.681e-05,0.2666,3.468,1.401,2.664,0.2313,12.02,0.5913,8.578
2022-03-29T22:47:02,47339.06,3381.3,110.85,0.2698,16.02,70,22.07,107.85,6.754,181.1,0.6255,0.0277,0.0082,2.68,1.795,2.9,1.661,3.297,196.59,15.39,1.332,1.262,0.5709,2.773,432.79,1.186,64.25,0.8549,13.6,2.681e-05,0.267,3.471,1.401,2.666,0.2316,12.06,0.5914,8.609
2022-03-29T22:47:32,47324.09,3383.31,110.84,0.2698,16.02,70,22.1,107.95,6.763,181.06,0.6279,0.02774,0.0082,2.679,1.795,2.9,1.659,3.297,196.63,15.39,1.332,1.263,0.5709,2.773,432.97,1.186,64.3,0.8549,13.6,2.679e-05,0.267,3.469,1.402,2.665,0.2315,12.06,0.5946,8.624
2022-03-29T22:48:02,47327.25,3383.83,110.96,0.2698,16.04,70,22.11,107.98,6.767,181,0.6289,0.02772,0.008217,2.68,1.796,2.9,1.659,3.29,196.58,15.39,1.332,1.263,0.5709,2.774,432.95,1.186,64.3,0.8545,13.6,2.681e-05,0.2669,3.472,1.402,2.666,0.2316,12.05,0.5946,8.622
2022-03-29T22:48:32,47321.17,3383.33,110.8,0.2697,16.03,70,22.1,108.01,6.757,180.9,0.6273,0.02757,0.008192,2.68,1.794,2.9,1.659,3.284,196.56,15.39,1.332,1.263,0.5709,2.772,432.98,1.185,64.2,0.8544,13.6,2.68e-05,0.2669,3.471,1.402,2.666,0.2316,12.05,0.5945,8.622
2022-03-29T22:49:03,47310.74,3383.77,110.9,0.2698,16.04,70,22.08,108.05,6.76,180.95,0.6273,0.02757,0.008173,2.679,1.794,2.9,1.658,3.284,196.54,15.39,1.326,1.263,0.5709,2.769,432.95,1.185,64.2,0.8544,13.61,2.68e-05,0.2669,3.471,1.402,2.667,0.2315,12.05,0.5909,8.621
2022-03-29T22:49:33,47311.31,3383.6,110.91,0.2698,16.04,70,22.07,108.06,6.756,180.94,0.6273,0.02757,0.008173,2.679,1.795,2.9,1.659,3.284,196.55,15.43,1.326,1.263,0.5709,2.769,433.13,1.185,64.19,0.8541,13.6,2.68e-05,0.2672,3.471,1.402,2.667,0.2316,12.03,0.5908,8.62
2022-03-29T22:50:03,47303.03,3383.59,110.91,0.2698,16.04,70.2,22.07,108.06,6.749,180.92,0.6273,0.02754,0.008176,2.679,1.795,2.9,1.658,3.281,196.58,15.43,1.326,1.265,0.57,2.769,433.18,1.186,64.2,0.8538,13.6,2.681e-05,0.2667,3.47,1.402,2.667,0.2315,12.04,0.5904,8.626
2022-03-29T22:50:33,47301.09,3383.63,110.98,0.2699,16.04,70,22.08,107.92,6.749,180.9,0.6273,0.02753,0.008176,2.679,1.795,2.9,1.658,3.281,196.57,15.39,1.326,1.265,0.57,2.768,433.15,1.186,64.21,0.8532,13.6,2.68e-05,0.2666,3.469,1.401,2.666,0.2315,12.04,0.5908,8.621
2022-03-29T22:51:03,47306.32,3383.32,110.96,0.2699,16.04,70,22.07,107.86,6.756,180.93,0.6273,0.02752,0.008173,2.682,1.795,2.9,1.658,3.266,196.61,15.38,1.326,1.265,0.57,2.768,433.13,1.185,64.21,0.853,13.61,2.679e-05,0.2666,3.47,1.402,2.667,0.2315,12.03,0.5907,8.62
2022-03-29T22:51:33,47306.01,3384.31,110.98,0.2698,16.04,70.2,22.07,107.78,6.746,180.96,0.6273,0.02752,0.008173,2.682,1.794,2.9,1.659,3.266,196.63,15.38,1.326,1.265,0.57,2.769,433.1,1.186,64.23,0.8529,13.61,2.679e-05,0.2666,3.47,1.402,2.668,0.2314,12.02,0.5907,8.621
2022-03-29T22:52:03,47334.35,3386.07,111.07,0.2699,16.04,70.3,22.08,107.9,6.746,181.08,0.6278,0.02762,0.008175,2.684,1.794,2.9,1.66,3.267,196.78,15.38,1.326,1.265,0.57,2.776,433.21,1.186,64.26,0.8535,13.61,2.681e-05,0.267,3.475,1.403,2.67,0.2315,12.04,0.5907,8.619
2022-03-29T22:52:33,47340.5,3386.47,111.07,0.2699,16.04,70.3,22.09,107.97,6.75,181.28,0.6278,0.02768,0.008239,2.682,1.795,2.9,1.66,3.267,196.78,15.38,1.326,1.267,0.566,2.776,433.26,1.186,64.26,0.8537,13.61,2.682e-05,0.2673,3.476,1.403,2.67,0.2316,12.05,0.5923,8.619
2022-03-29T22:53:03,47351.3,3386.52,111.03,0.2699,16.04,70.4,22.09,108.04,6.753,181.26,0.6278,0.02773,0.008192,2.683,1.794,2.9,1.661,3.267,196.8,15.38,1.327,1.267,0.5631,2.775,433.39,1.186,64.26,0.8537,13.61,2.682e-05,0.2673,3.476,1.404,2.671,0.2317,12.05,0.5923,8.619
2022-03-29T22:53:34,47328.21,3385.92,111.01,0.2699,16,70.4,22.09,108.01,6.749,181.19,0.6277,0.02773,0.008192,2.681,1.793,2.9,1.661,3.267,196.74,15.39,1.327,1.267,0.5631,2.77,433.37,1.186,64.25,0.8536,13.61,2.68e-05,0.2673,3.473,1.405,2.67,0.2315,12.03,0.5917,8.613
2022-03-29T22:54:04,47340.39,3386.03,111.02,0.2698,16,70.4,22.08,107.92,6.75,180.94,0.6277,0.02764,0.008209,2.682,1.793,2.9,1.66,3.267,196.62,15.39,1.327,1.267,0.5631,2.77,433.12,1.186,64.25,0.8535,13.61,2.68e-05,0.2669,3.473,1.404,2.669,0.2315,12.03,0.5911,8.612
2022-03-29T22:54:34,47337.59,3385.79,110.9,0.2698,15.99,70.4,22.08,107.91,6.75,180.87,0.6237,0.02763,0.008226,2.682,1.793,2.9,1.658,3.267,196.6,15.43,1.327,1.267,0.5631,2.77,433.11,1.186,64.24,0.8536,13.61,2.68e-05,0.2669,3.473,1.404,2.67,0.2315,12.03,0.5912,8.614
2022-03-29T22:55:04,47324.53,3386.14,110.91,0.2698,15.99,70.4,22.08,107.87,6.747,180.92,0.6237,0.02764,0.008226,2.681,1.793,2.9,1.658,3.267,196.57,15.43,1.327,1.267,0.5631,2.77,433.11,1.186,64.23,0.8536,13.61,2.68e-05,0.2669,3.474,1.403,2.67,0.2315,12.02,0.5909,8.613
2022-03-29T22:55:34,47323.77,3386.29,110.9,0.2698,15.99,70.5,22.1,107.77,6.749,180.96,0.6241,0.02763,0.008226,2.683,1.795,2.9,1.658,3.268,196.58,15.43,1.327,1.267,0.5631,2.77,433.15,1.186,64.17,0.8535,13.61,2.681e-05,0.267,3.474,1.403,2.669,0.2316,12.02,0.5909,8.612
2022-03-29T22:56:04,47293.68,3382.32,110.83,0.2696,16,70.4,22.1,107.74,6.746,180.83,0.6232,0.02764,0.008226,2.68,1.795,2.9,1.658,3.266,196.57,15.43,1.327,1.269,0.5631,2.768,432.96,1.185,64.09,0.8535,13.61,2.681e-05,0.267,3.473,1.402,2.668,0.2314,11.97,0.5911,8.613
2022-03-29T22:56:34,47295.23,3382.07,110.83,0.2696,16.06,70.4,22.07,107.59,6.744,180.84,0.6232,0.02764,0.008226,2.68,1.794,2.9,1.658,3.266,196.5,15.43,1.327,1.269,0.5631,2.768,432.85,1.185,64.08,0.8529,13.61,2.679e-05,0.2666,3.472,1.402,2.668,0.2313,11.97,0.5926,8.617
2022-03-29T22:57:04,47301.83,3381.78,110.78,0.2694,16.06,70.4,22.07,107.61,6.756,180.9,0.6232,0.02759,0.00826,2.682,1.794,2.9,1.658,3.266,196.49,15.43,1.327,1.269,0.5631,2.768,432.9,1.184,64.06,0.8531,13.61,2.678e-05,0.2666,3.472,1.402,2.668,0.2314,11.97,0.5927,8.617
2022-03-29T22:57:35,47312.63,3382.74,110.85,0.2694,16.06,70.4,22.08,107.61,6.757,181.02,0.6232,0.02759,0.00826,2.684,1.794,2.9,1.659,3.255,196.66,15.43,1.327,1.269,0.5631,2.771,433.07,1.186,64.11,0.8533,13.63,2.682e-05,0.2666,3.473,1.404,2.67,0.2314,11.99,0.593,8.616
2022-03-29T22:58:05,47344.46,3383.58,110.87,0.2697,16.06,70.4,22.1,107.62,6.749,181.14,0.6233,0.0276,0.008257,2.686,1.794,2.9,1.659,3.258,196.69,15.43,1.327,1.266,0.5631,2.771,433.14,1.186,64.11,0.8539,13.63,2.682e-05,0.2676,3.474,1.404,2.672,0.2315,11.99,0.593,8.598
2022-03-29T22:58:35,47359.01,3388.92,110.88,0.2698,15.99,70.6,22.1,107.64,6.753,181.33,0.6253,0.02765,0.008238,2.686,1.794,2.9,1.66,3.258,196.75,15.43,1.327,1.266,0.5631,2.777,433.47,1.186,64.11,0.8543,13.66,2.684e-05,0.2677,3.48,1.406,2.674,0.2316,12,0.5942,8.598
2022-03-29T22:59:05,47351.45,3387.6,110.86,0.2697,16.04,70.6,22.1,107.56,6.751,181.28,0.6242,0.02766,0.008255,2.687,1.795,2.9,1.659,3.246,196.74,15.43,1.327,1.266,0.5631,2.772,433.64,1.186,63.97,0.854,13.66,2.683e-05,0.2672,3.478,1.404,2.673,0.2316,11.96,0.5943,8.612
2022-03-29T22:59:35,47347.83,3386.77,110.77,0.2698,16.04,70.7,22.09,107.54,6.743,181.12,0.6249,0.02763,0.008255,2.686,1.795,2.9,1.658,3.246,196.67,15.38,1.327,1.267,0.5631,2.772,433.6,1.185,64.09,0.8533,13.66,2.683e-05,0.2672,3.478,1.404,2.671,0.2314,11.95,0.5946,8.609
2022-03-29T23:00:05,47336.75,3385.09,110.74,0.2698,16.04,70.7,22.07,107.49,6.736,181.16,0.6246,0.02759,0.00826,2.69,1.796,2.9,1.658,3.244,196.49,15.38,1.327,1.267,0.5631,2.771,433.23,1.185,64.07,0.8532,13.66,2.681e-05,0.2671,3.477,1.403,2.669,0.2314,11.94,0.5933,8.606
2022-03-29T23:00:35,47325.32,3385.11,110.72,0.2697,16.04,70.7,22.07,107.43,6.738,181.08,0.6246,0.02739,0.008277,2.691,1.796,2.9,1.658,3.249,196.41,15.38,1.327,1.267,0.5631,2.771,433.07,1.183,64.04,0.8529,13.59,2.681e-05,0.2669,3.476,1.402,2.668,0.2314,11.94,0.5932,8.6
2022-03-29T23:01:05,47322.1,3383.82,110.64,0.2697,16.05,70.6,22.07,107.49,6.73,180.91,0.6234,0.02741,0.00827,2.69,1.796,2.91,1.657,3.249,196.18,15.38,1.327,1.266,0.5631,2.765,433.09,1.184,63.97,0.8528,13.58,2.681e-05,0.2669,3.468,1.402,2.669,0.2314,11.94,0.5933,8.591
2022-03-29T23:01:36,47328.33,3384.13,110.62,0.2697,16.05,70.6,22.07,107.53,6.733,180.94,0.6234,0.02751,0.00827,2.691,1.795,2.91,1.657,3.249,196.17,15.38,1.327,1.266,0.5631,2.764,433.05,1.184,63.99,0.8529,13.58,2.677e-05,0.2669,3.469,1.403,2.669,0.2315,11.95,0.5933,8.593
2022-03-29T23:02:06,47324.94,3384.59,110.61,0.2698,16.05,70.6,22.07,107.66,6.73,181.05,0.6234,0.02757,0.008254,2.691,1.796,2.91,1.656,3.249,196.17,15.38,1.327,1.266,0.5631,2.763,433.09,1.184,63.99,0.8529,13.58,2.676e-05,0.2669,3.471,1.403,2.67,0.2315,11.95,0.5933,8.599
2022-03-29T23:02:36,47327.34,3384.78,110.61,0.2698,16.05,70.6,22.08,107.74,6.732,181.15,0.6234,0.02757,0.008254,2.691,1.795,2.91,1.656,3.249,196.24,15.42,1.327,1.265,0.5631,2.766,433.05,1.184,64.04,0.853,13.58,2.673e-05,0.2669,3.471,1.403,2.67,0.2316,11.94,0.5932,8.592
2022-03-29T23:03:06,47336.13,3385.79,110.61,0.2699,16.05,70.6,22.08,107.73,6.73,181.14,0.6266,0.02756,0.008254,2.688,1.795,2.91,1.656,3.25,196.2,15.42,1.327,1.265,0.5631,2.765,433,1.184,63.98,0.853,13.59,2.674e-05,0.2669,3.471,1.403,2.67,0.2316,11.95,0.5937,8.592
2022-03-29T23:03:36,47343.36,3385.41,110.62,0.2699,16.05,70.7,22.09,107.75,6.74,181.25,0.627,0.02758,0.008253,2.687,1.795,2.91,1.657,3.25,196.22,15.42,1.327,1.265,0.5631,2.763,433.1,1.184,63.97,0.8533,13.59,2.675e-05,0.2669,3.473,1.403,2.67,0.2317,11.95,0.5941,8.593
2022-03-29T23:04:06,47341.22,3385.65,110.61,0.2699,16.05,70.7,22.1,107.8,6.733,181.29,0.627,0.02758,0.008264,2.688,1.795,2.91,1.659,3.249,196.22,15.42,1.327,1.265,0.5631,2.764,433.25,1.184,63.93,0.8534,13.59,2.677e-05,0.2668,3.474,1.404,2.671,0.2316,11.94,0.5941,8.592
2022-03-29T23:04:36,47355.64,3386.93,110.62,0.2701,16.05,70.7,22.11,107.85,6.741,181.42,0.627,0.0276,0.008264,2.689,1.794,2.91,1.659,3.249,196.34,15.42,1.327,1.265,0.5631,2.766,433.29,1.185,63.96,0.8535,13.59,2.68e-05,0.2668,3.475,1.404,2.672,0.2317,11.91,0.5941,8.592
2022-03-29T23:05:06,47353.74,3387.49,110.57,0.2702,16.05,70.7,22.12,107.91,6.757,181.56,0.627,0.02762,0.008264,2.688,1.795,2.91,1.661,3.249,196.39,15.43,1.327,1.265,0.5631,2.767,433.32,1.184,63.98,0.8536,13.59,2.682e-05,0.267,3.478,1.406,2.672,0.2317,11.88,0.5938,8.598
2022-03-29T23:05:36,47324.77,3386.08,110.44,0.27,16.05,70.7,22.1,107.85,6.764,181.37,0.6276,0.02758,0.008264,2.687,1.794,2.91,1.659,3.249,196.19,15.43,1.327,1.265,0.5631,2.765,433.06,1.183,63.96,0.8528,13.56,2.68e-05,0.2666,3.476,1.404,2.671,0.2314,11.88,0.5938,8.597
2022-03-29T23:06:07,47325.45,3385.83,110.42,0.2694,16.05,70.6,22.1,107.81,6.764,180.73,0.6261,0.02758,0.008264,2.687,1.793,2.91,1.655,3.258,196.02,15.43,1.327,1.265,0.5631,2.764,433,1.182,63.92,0.8528,13.57,2.679e-05,0.2666,3.476,1.401,2.67,0.2314,11.83,0.594,8.591
2022-03-29T23:06:37,47338.47,3386.23,110.36,0.2694,16.05,70.7,22.07,107.77,6.762,180.49,0.6261,0.0276,0.008258,2.689,1.795,2.91,1.655,3.258,195.96,15.43,1.327,1.265,0.5631,2.761,432.56,1.182,63.85,0.8527,13.57,2.679e-05,0.2663,3.474,1.401,2.67,0.2315,11.82,0.592,8.591
2022-03-29T23:07:07,47339.18,3381.76,110.36,0.2695,16.05,70.7,22.07,107.54,6.765,180.47,0.6261,0.02761,0.008258,2.69,1.795,2.91,1.655,3.258,195.95,15.43,1.327,1.263,0.5631,2.762,432.56,1.182,63.88,0.8527,13.57,2.679e-05,0.2663,3.474,1.401,2.671,0.2314,11.82,0.5925,8.575
2022-03-29T23:07:37,47323.86,3380.86,110.24,0.2692,16.04,70.7,22.07,107.45,6.77,180.35,0.6261,0.02759,0.008254,2.69,1.794,2.91,1.654,3.248,195.95,15.44,1.327,1.262,0.5631,2.761,432.32,1.181,63.82,0.8522,13.58,2.679e-05,0.2658,3.472,1.4,2.669,0.2313,11.86,0.5923,8.579
2022-03-29T23:08:07,47319.36,3378.09,110.16,0.2692,16.05,70.7,22.07,107.41,6.773,180.12,0.6261,0.02763,0.00825,2.69,1.793,2.91,1.653,3.249,195.79,15.44,1.327,1.262,0.5631,2.76,432.14,1.181,63.76,0.852,13.58,2.675e-05,0.2658,3.471,1.4,2.667,0.2312,11.86,0.5919,8.577
2022-03-29T23:08:37,47317.76,3378.33,110.16,0.2694,16.05,70.7,22.06,107.37,6.773,180.22,0.6261,0.02762,0.008248,2.691,1.793,2.91,1.653,3.251,195.81,15.44,1.327,1.264,0.5631,2.761,432.19,1.181,63.72,0.8521,13.58,2.676e-05,0.2658,3.471,1.4,2.669,0.2312,11.86,0.592,8.579
2022-03-29T23:09:07,47327.81,3379.52,110.21,0.2696,16.05,70.6,22.06,107.42,6.773,180.2,0.6276,0.02761,0.008227,2.689,1.792,2.91,1.653,3.251,195.81,15.44,1.327,1.264,0.5631,2.762,432.3,1.181,63.76,0.8523,13.59,2.677e-05,0.2659,3.472,1.4,2.669,0.2313,11.85,0.5925,8.577
2022-03-29T23:09:38,47339.32,3381.53,110.39,0.2696,16.05,70.6,22.06,107.54,6.774,180.32,0.6268,0.02763,0.008227,2.69,1.792,2.91,1.655,3.257,195.99,15.44,1.327,1.264,0.5631,2.766,432.54,1.183,63.75,0.8526,13.59,2.682e-05,0.266,3.474,1.4,2.671,0.2312,11.85,0.5937,8.579
2022-03-29T23:10:08,47334.41,3381.14,110.39,0.2698,15.99,70.7,22.06,107.56,6.774,180.3,0.6268,0.02762,0.008239,2.69,1.792,2.91,1.655,3.261,196.05,15.44,1.327,1.264,0.5631,2.767,432.61,1.183,63.75,0.8527,13.59,2.681e-05,0.266,3.473,1.402,2.672,0.2311,11.85,0.5935,8.581
2022-03-29T23:10:38,47343.39,3381.53,110.39,0.2699,15.99,70.7,22.06,107.58,6.775,180.32,0.6268,0.02762,0.008242,2.69,1.795,2.91,1.655,3.261,196.05,15.43,1.327,1.264,0.5631,2.767,432.63,1.183,63.84,0.8531,13.59,2.682e-05,0.266,3.476,1.402,2.674,0.2312,11.83,0.5935,8.582
2022-03-29T23:11:08,47350.03,3382.09,110.43,0.2699,15.99,70.6,22.07,107.67,6.763,180.38,0.6268,0.02762,0.008242,2.689,1.797,2.91,1.656,3.261,196.12,15.43,1.327,1.264,0.5631,2.768,432.76,1.183,63.85,0.8533,13.59,2.683e-05,0.266,3.478,1.402,2.676,0.2314,11.84,0.5941,8.583
2022-03-29T23:11:38,47347.88,3382.63,110.44,0.2697,15.99,70.6,22.09,107.7,6.768,180.33,0.6268,0.02764,0.008242,2.689,1.797,2.91,1.656,3.269,196.13,15.43,1.327,1.261,0.5631,2.768,432.69,1.183,63.88,0.8539,13.59,2.685e-05,0.266,3.477,1.403,2.677,0.2313,11.85,0.5943,8.582
2022-03-29T23:12:08,47347.86,3382.4,110.53,0.2697,15.99,70.7,22.09,107.71,6.772,180.33,0.627,0.02766,0.008242,2.689,1.797,2.91,1.656,3.269,196.11,15.43,1.327,1.261,0.5631,2.769,432.78,1.183,63.87,0.8538,13.59,2.685e-05,0.266,3.476,1.404,2.677,0.2313,11.86,0.5943,8.583
2022-03-29T23:12:38,47343.36,3382.22,110.48,0.2697,15.99,70.8,22.08,107.86,6.772,180.33,0.627,0.02765,0.008242,2.689,1.797,2.91,1.656,3.269,196.09,15.43,1.327,1.261,0.5631,2.766,432.79,1.183,63.83,0.8536,13.59,2.687e-05,0.266,3.475,1.403,2.677,0.2313,11.89,0.5935,8.582
2022-03-29T23:13:08,47345.93,3382.32,110.49,0.2697,15.99,70.8,22.09,107.85,6.768,180.31,0.627,0.02767,0.008242,2.689,1.797,2.91,1.656,3.272,196.1,15.43,1.327,1.261,0.5631,2.766,432.74,1.184,63.83,0.8537,13.63,2.687e-05,0.267,3.474,1.403,2.676,0.2314,11.89,0.5935,8.581
2022-03-29T23:13:38,47349.04,3382.13,110.48,0.2697,15.99,70.8,22.09,107.8,6.758,180.34,0.627,0.02768,0.008247,2.688,1.796,2.91,1.656,3.272,196.08,15.43,1.327,1.261,0.5631,2.764,432.7,1.183,63.8,0.8538,13.63,2.688e-05,0.267,3.472,1.404,2.676,0.2315,11.89,0.5934,8.581
2022-03-29T23:14:09,47351.13,3382.49,110.57,0.2697,16.09,70.8,22.09,107.79,6.77,180.46,0.627,0.02767,0.008243,2.688,1.798,2.91,1.656,3.272,196.18,15.43,1.327,1.26,0.5631,2.769,432.74,1.184,63.84,0.8541,13.63,2.69e-05,0.2673,3.473,1.404,2.676,0.2315,11.9,0.5931,8.584
2022-03-29T23:14:39,47348.86,3382.34,110.5,0.2695,16.09,70.8,22.09,107.8,6.767,180.49,0.627,0.02768,0.00823,2.688,1.798,2.91,1.656,3.273,196.12,15.43,1.327,1.262,0.5631,2.769,432.78,1.183,63.85,0.8542,13.61,2.689e-05,0.2671,3.473,1.404,2.676,0.2316,11.91,0.5931,8.595
2022-03-29T23:15:09,47343.38,3382.52,110.5,0.2695,16.09,70.7,22.09,107.82,6.763,180.58,0.6273,0.02768,0.00823,2.692,1.799,2.91,1.656,3.273,196.13,15.43,1.327,1.263,0.5631,2.769,432.75,1.183,63.82,0.8546,13.61,2.689e-05,0.2671,3.473,1.404,2.676,0.2316,11.91,0.5941,8.593
2022-03-29T23:15:39,47345.78,3382.42,110.66,0.2697,16.09,70.8,22.09,107.82,6.763,180.66,0.6273,0.02771,0.0082,2.692,1.798,2.91,1.657,3.278,196.17,15.43,1.327,1.261,0.5631,2.77,432.8,1.184,63.78,0.8548,13.61,2.689e-05,0.267,3.473,1.404,2.677,0.2318,11.9,0.5947,8.588
2022-03-29T23:16:09,47363.31,3382.96,110.66,0.2699,16.09,70.8,22.1,108.01,6.766,180.74,0.6273,0.02771,0.0082,2.691,1.798,2.91,1.657,3.277,196.29,15.43,1.327,1.261,0.5631,2.774,433.01,1.184,63.81,0.8551,13.61,2.69e-05,0.2671,3.477,1.405,2.679,0.2318,11.9,0.5944,8.582
2022-03-29T23:16:39,47366.32,3385.16,110.65,0.2699,16.1,70.8,22.11,108.13,6.758,180.83,0.6273,0.02771,0.008189,2.691,1.8,2.91,1.658,3.277,196.37,15.43,1.327,1.261,0.5631,2.774,433.12,1.184,63.91,0.855,13.64,2.691e-05,0.2672,3.479,1.406,2.678,0.2319,11.89,0.5939,8.582
2022-03-29T23:17:09,47369.23,3386.3,110.67,0.2703,16.12,71,22.14,108.16,6.762,180.88,0.6273,0.02772,0.008189,2.691,1.799,2.91,1.658,3.28,196.37,15.43,1.327,1.264,0.5631,2.779,433.14,1.185,63.91,0.855,13.64,2.692e-05,0.2672,3.479,1.406,2.679,0.232,11.89,0.5939,8.602
2022-03-29T23:17:40,47387.69,3386.76,110.68,0.2703,16.12,71,22.13,108.29,6.762,180.99,0.6274,0.02771,0.0082,2.688,1.799,2.91,1.661,3.28,196.42,15.43,1.327,1.264,0.5631,2.778,433.17,1.186,63.95,0.8551,13.64,2.694e-05,0.2676,3.482,1.407,2.679,0.2321,11.94,0.594,8.614
2022-03-29T23:18:10,47392.84,3388.88,110.68,0.2704,16.12,71.1,22.13,108.3,6.761,180.99,0.6279,0.02771,0.0082,2.689,1.799,2.91,1.661,3.282,196.5,15.43,1.327,1.264,0.5631,2.783,433.34,1.186,63.96,0.8552,13.67,2.695e-05,0.2679,3.482,1.408,2.679,0.2322,11.95,0.5948,8.617
2022-03-29T23:18:40,47403.53,3389.52,110.99,0.2709,16.12,71.1,22.16,108.31,6.761,181.14,0.6279,0.02775,0.0082,2.689,1.799,2.91,1.661,3.282,196.68,15.43,1.327,1.264,0.5631,2.786,433.37,1.187,63.98,0.8552,13.67,2.696e-05,0.2679,3.483,1.409,2.68,0.2323,11.96,0.595,8.617
2022-03-29T23:19:10,47411.87,3391.16,110.99,0.2707,16.12,71.1,22.16,108.37,6.771,181.33,0.6279,0.02776,0.0082,2.69,1.799,2.91,1.662,3.289,196.79,15.46,1.327,1.264,0.5631,2.797,433.45,1.187,64,0.856,13.67,2.697e-05,0.2679,3.485,1.408,2.681,0.2324,11.96,0.5958,8.617
2022-03-29T23:19:40,47408.15,3392.05,111.01,0.2707,16.12,71.3,22.17,108.39,6.766,181.33,0.628,0.02776,0.0082,2.69,1.799,2.91,1.662,3.293,196.84,15.46,1.327,1.263,0.5631,2.794,433.5,1.187,64.07,0.856,13.67,2.697e-05,0.268,3.486,1.41,2.682,0.2323,11.96,0.5957,8.619
2022-03-29T23:20:10,47406.12,3392.51,111.07,0.2707,16.12,71.3,22.18,108.34,6.765,181.37,0.628,0.02775,0.008206,2.69,1.799,2.91,1.662,3.293,196.97,15.46,1.327,1.263,0.5631,2.793,433.42,1.187,64.15,0.8561,13.7,2.697e-05,0.2682,3.486,1.41,2.681,0.2323,11.95,0.5959,8.635
2022-03-29T23:20:41,47409.4,3391.92,111.07,0.2707,16.1,71.3,22.19,108.28,6.766,181.46,0.628,0.02775,0.008223,2.689,1.799,2.91,1.662,3.293,196.9,15.46,1.327,1.263,0.5631,2.791,433.42,1.187,64.17,0.8558,13.69,2.697e-05,0.2682,3.486,1.41,2.682,0.2323,11.94,0.5955,8.64
2022-03-29T23:21:11,47417.56,3392.5,111.11,0.2708,16.1,71.4,22.19,108.24,6.773,181.55,0.628,0.02778,0.008223,2.689,1.8,2.91,1.662,3.294,196.97,15.46,1.327,1.271,0.5631,2.793,433.4,1.187,64.21,0.8558,13.69,2.697e-05,0.2682,3.491,1.41,2.684,0.2323,11.95,0.5954,8.646
2022-03-29T23:21:41,47416.61,3393.69,111.11,0.2713,16.08,71.4,22.19,108.06,6.775,181.94,0.628,0.02779,0.008218,2.689,1.799,2.91,1.663,3.295,196.96,15.46,1.327,1.271,0.5631,2.792,433.63,1.188,64.34,0.8561,13.69,2.697e-05,0.2686,3.492,1.411,2.684,0.2324,11.95,0.5954,8.645
2022-03-29T23:22:11,47416.63,3393.83,111.11,0.2713,16.08,71.4,22.19,108.07,6.776,181.94,0.6286,0.02777,0.008264,2.689,1.799,2.91,1.663,3.297,197.04,15.46,1.327,1.27,0.5631,2.794,433.62,1.188,64.34,0.8561,13.69,2.697e-05,0.2686,3.492,1.411,2.684,0.2324,11.97,0.596,8.641
2022-03-29T23:22:41,47408.01,3394.44,111.19,0.2713,16.08,71.4,22.21,108.09,6.776,182.07,0.6286,0.02777,0.008256,2.688,1.801,2.91,1.664,3.299,197.07,15.46,1.327,1.27,0.5631,2.797,433.64,1.189,64.35,0.856,13.7,2.698e-05,0.2686,3.493,1.411,2.685,0.2325,11.95,0.596,8.641
2022-03-29T23:23:11,47409.39,3394.51,111.19,0.2712,16.08,71.4,22.22,108.03,6.773,182.07,0.6286,0.02777,0.008256,2.689,1.799,2.91,1.665,3.299,197.06,15.46,1.327,1.27,0.5631,2.796,433.73,1.189,64.35,0.8558,13.7,2.698e-05,0.2686,3.495,1.412,2.685,0.2325,11.95,0.5962,8.648
2022-03-29T23:23:41,47409.92,3394.66,111.19,0.2713,16.08,71.4,22.21,107.98,6.76,182.16,0.6286,0.02776,0.008282,2.689,1.799,2.92,1.665,3.299,197.04,15.46,1.327,1.272,0.5631,2.796,433.72,1.188,64.36,0.8557,13.7,2.697e-05,0.2691,3.495,1.412,2.685,0.2324,11.95,0.5962,8.646
2022-03-29T23:24:12,47413.5,3394.72,111.19,0.2713,16.08,71.4,22.21,107.98,6.768,182.13,0.6286,0.02776,0.00829,2.688,1.799,2.92,1.666,3.3,196.96,15.46,1.327,1.272,0.5631,2.794,433.71,1.188,64.39,0.8558,13.66,2.698e-05,0.2691,3.495,1.411,2.685,0.2325,11.96,0.5962,8.647
2022-03-29T23:24:42,47424.14,3396.77,111.28,0.2714,16.1,71.1,22.22,107.99,6.766,182.23,0.6286,0.02777,0.008277,2.688,1.799,2.92,1.665,3.3,196.97,15.46,1.327,1.27,0.5631,2.794,433.79,1.189,64.45,0.8561,13.66,2.698e-05,0.2693,3.495,1.412,2.685,0.2326,11.96,0.5962,8.642
2022-03-29T23:25:12,47419.05,3395.99,111.27,0.2716,16.1,71.3,22.23,108.03,6.77,182.17,0.6286,0.02777,0.008277,2.688,1.8,2.92,1.665,3.3,197.03,15.46,1.327,1.27,0.5631,2.795,433.78,1.189,64.44,0.8561,13.66,2.697e-05,0.2694,3.497,1.411,2.685,0.2326,11.98,0.5967,8.644
2022-03-29T23:25:42,47409.87,3394.02,111.25,0.2716,16.15,71.3,22.22,108.01,6.767,182.15,0.6287,0.02777,0.008277,2.689,1.8,2.92,1.666,3.308,196.99,15.46,1.327,1.27,0.5631,2.794,433.73,1.189,64.36,0.8559,13.7,2.698e-05,0.2694,3.493,1.411,2.686,0.2327,12.04,0.5968,8.649
2022-03-29T23:26:12,47410.33,3393.88,111.22,0.2716,16.18,71.3,22.2,108,6.767,182.11,0.6287,0.02778,0.008277,2.689,1.803,2.92,1.666,3.308,196.91,15.46,1.327,1.27,0.5631,2.789,433.72,1.188,64.36,0.8558,13.7,2.697e-05,0.2694,3.493,1.41,2.686,0.2326,12.04,0.5967,8.641
2022-03-29T23:26:42,47408.29,3394.4,111.22,0.2716,16.18,71.3,22.21,108.05,6.769,182.2,0.6287,0.02776,0.008277,2.689,1.804,2.92,1.666,3.31,197.05,15.46,1.327,1.27,0.5631,2.792,433.56,1.188,64.38,0.8559,13.7,2.697e-05,0.2691,3.495,1.41,2.686,0.2326,12.02,0.5962,8.634
2022-03-29T23:27:12,47411.74,3395,111.25,0.2718,16.16,71.3,22.21,108.09,6.765,182.08,0.6299,0.02778,0.008277,2.689,1.805,2.92,1.667,3.31,197.05,15.46,1.327,1.27,0.5631,2.792,433.64,1.188,64.38,0.8558,13.7,2.697e-05,0.2691,3.495,1.412,2.687,0.2327,12.02,0.596,8.636
2022-03-29T23:27:42,47416.73,3394.8,111.24,0.2718,16.16,71.3,22.21,108.09,6.76,181.91,0.6308,0.02779,0.00829,2.689,1.805,2.92,1.667,3.31,197.05,15.46,1.327,1.269,0.5631,2.792,433.73,1.188,64.39,0.8558,13.67,2.697e-05,0.2692,3.497,1.412,2.686,0.2326,12.03,0.5963,8.639
2022-03-29T23:28:13,47432.67,3396.97,111.34,0.2719,16.16,71.2,22.22,108.17,6.768,182,0.6308,0.0278,0.008289,2.688,1.804,2.92,1.667,3.31,197.03,15.46,1.327,1.271,0.5651,2.795,433.69,1.189,64.44,0.8562,13.69,2.702e-05,0.2692,3.497,1.412,2.686,0.2326,11.98,0.5963,8.656
2022-03-29T23:28:43,47441.2,3397.21,111.33,0.2719,16.18,71.2,22.22,108.19,6.764,181.93,0.6308,0.02784,0.008289,2.688,1.804,2.92,1.666,3.31,196.98,15.2,1.327,1.271,0.5651,2.795,433.8,1.189,64.47,0.8562,13.69,2.703e-05,0.2692,3.497,1.413,2.687,0.2326,11.98,0.596,8.653
2022-03-29T23:29:13,47441.21,3397.35,111.22,0.2719,16.2,71.2,22.22,108.2,6.764,181.93,0.6308,0.02785,0.008289,2.688,1.804,2.94,1.666,3.307,196.97,15.2,1.327,1.269,0.5651,2.799,433.78,1.189,64.48,0.8561,13.69,2.697e-05,0.2694,3.496,1.412,2.687,0.2325,11.98,0.596,8.657
2022-03-29T23:29:43,47419.93,3395.71,111.17,0.2717,16.26,71.2,22.22,108.25,6.767,181.84,0.6308,0.02786,0.008289,2.687,1.804,2.94,1.665,3.307,196.91,15.2,1.327,1.269,0.5651,2.798,433.85,1.189,64.42,0.856,13.69,2.697e-05,0.2691,3.495,1.412,2.687,0.2324,11.93,0.5958,8.657
2022-03-29T23:30:13,47421.28,3395.24,111.17,0.2717,16.28,71.2,22.19,108.29,6.769,181.8,0.6309,0.02782,0.008289,2.688,1.804,2.94,1.666,3.307,196.95,15.2,1.327,1.269,0.5651,2.8,433.85,1.189,64.42,0.8559,13.69,2.696e-05,0.2691,3.491,1.412,2.686,0.2325,11.91,0.5957,8.658
2022-03-29T23:30:44,47388.64,3393.92,111.14,0.2717,16.28,71.2,22.18,108.24,6.769,181.71,0.6309,0.02784,0.008313,2.686,1.804,2.94,1.664,3.31,196.92,15.26,1.327,1.272,0.5651,2.797,433.8,1.187,64.42,0.8558,13.66,2.695e-05,0.2691,3.489,1.411,2.685,0.2325,11.91,0.5958,8.653
2022-03-29T23:31:14,47396.57,3393.87,111.15,0.2716,16.28,71.2,22.18,108.23,6.769,181.77,0.6309,0.02783,0.008313,2.686,1.804,2.94,1.664,3.308,196.92,15.21,1.327,1.272,0.5651,2.799,433.63,1.187,64.4,0.8553,13.66,2.692e-05,0.2691,3.491,1.41,2.685,0.2324,11.9,0.5952,8.651
2022-03-29T23:31:44,47406.21,3396.02,111.05,0.2716,16.28,71.2,22.18,108.17,6.769,181.66,0.6309,0.02783,0.008315,2.687,1.805,2.94,1.665,3.308,196.95,15.21,1.327,1.272,0.5651,2.8,433.67,1.188,64.39,0.8553,13.66,2.692e-05,0.2688,3.492,1.41,2.687,0.2324,11.9,0.5953,8.658
2022-03-29T23:32:14,47403.86,3395.73,111.04,0.2716,16.29,71.2,22.19,107.99,6.769,181.6,0.6309,0.02784,0.008315,2.687,1.804,2.94,1.665,3.308,197.03,15.21,1.327,1.27,0.5651,2.798,433.73,1.188,64.35,0.8554,13.66,2.692e-05,0.269,3.496,1.41,2.688,0.2325,11.88,0.5952,8.653
2022-03-29T23:32:44,47420.32,3396.03,111.08,0.2719,16.29,71.4,22.2,107.98,6.765,181.79,0.6309,0.02785,0.008315,2.688,1.803,2.94,1.667,3.309,196.99,15.21,1.327,1.27,0.5651,2.799,433.79,1.187,64.39,0.8555,13.66,2.696e-05,0.269,3.496,1.411,2.688,0.2324,11.85,0.5952,8.655
2022-03-29T23:33:14,47434.87,3397.21,111.15,0.2719,16.32,71.4,22.21,107.99,6.767,181.86,0.6308,0.02786,0.008315,2.689,1.804,2.94,1.668,3.309,197.01,15.21,1.327,1.27,0.5651,2.802,433.76,1.188,64.41,0.8555,13.66,2.697e-05,0.2692,3.497,1.411,2.69,0.2325,11.85,0.596,8.66
2022-03-29T23:33:45,47445.79,3397.62,111.16,0.2719,16.32,71.4,22.21,107.97,6.767,181.96,0.6308,0.02786,0.008315,2.689,1.801,2.94,1.668,3.309,197.13,15.2,1.327,1.27,0.5651,2.803,433.93,1.186,64.53,0.8558,13.66,2.7e-05,0.2692,3.497,1.412,2.691,0.2327,11.9,0.5971,8.661
2022-03-29T23:34:15,47448.23,3398.22,111.17,0.2719,16.37,71.3,22.24,108.01,6.769,182.2,0.6309,0.02787,0.008316,2.69,1.802,2.94,1.668,3.309,197.2,15.2,1.327,1.272,0.5651,2.804,434,1.187,64.53,0.8559,13.66,2.701e-05,0.2695,3.497,1.413,2.691,0.2327,11.92,0.5972,8.662
2022-03-29T23:34:45,47438.72,3397.52,111.16,0.272,16.39,71.3,22.23,107.98,6.769,182.23,0.6309,0.02779,0.008315,2.688,1.804,2.94,1.668,3.309,197.14,15.2,1.327,1.272,0.5651,2.803,433.94,1.187,64.53,0.8557,13.65,2.701e-05,0.2695,3.497,1.413,2.691,0.2327,11.91,0.5974,8.662
2022-03-29T23:35:15,47438.37,3397.72,111.17,0.272,16.39,71.3,22.23,107.94,6.77,183.02,0.6293,0.0278,0.008315,2.69,1.804,2.94,1.668,3.31,197.1,15.2,1.327,1.273,0.5651,2.802,433.86,1.188,64.54,0.8554,13.65,2.713e-05,0.2695,3.497,1.414,2.691,0.2327,11.92,0.5975,8.664
2022-03-29T23:35:45,47429.73,3397.23,111.18,0.2722,16.39,71.3,22.23,107.84,6.769,183.1,0.6298,0.02781,0.008321,2.689,1.803,2.94,1.668,3.31,197.08,15.2,1.327,1.275,0.5651,2.803,433.87,1.188,64.55,0.8553,13.64,2.712e-05,0.2696,3.497,1.414,2.691,0.2328,11.91,0.5975,8.662
2022-03-29T23:36:15,47444.64,3396.49,111.22,0.2731,16.39,71.3,22.23,107.88,6.772,183.44,0.6321,0.02779,0.008321,2.69,1.805,2.94,1.67,3.31,197.05,15.2,1.328,1.274,0.5651,2.804,433.98,1.188,64.55,0.8555,13.64,2.71e-05,0.2696,3.499,1.414,2.691,0.2327,11.91,0.5979,8.668
2022-03-29T23:36:45,47441.92,3396.35,111.22,0.2732,16.39,71.5,22.24,107.91,6.77,183.39,0.6321,0.02779,0.008321,2.69,1.806,2.94,1.669,3.31,197.08,15.26,1.328,1.274,0.5651,2.807,434.03,1.188,64.56,0.8555,13.64,2.71e-05,0.2696,3.499,1.414,2.692,0.2328,11.92,0.5978,8.669
2022-03-29T23:37:16,47442.86,3395.78,111.33,0.2732,16.4,71.3,22.25,107.94,6.771,183.46,0.6321,0.0278,0.008321,2.69,1.806,2.94,1.669,3.31,197.06,15.29,1.328,1.274,0.5719,2.807,433.97,1.187,64.55,0.8555,13.64,2.711e-05,0.2696,3.499,1.414,2.692,0.2328,11.92,0.5978,8.671
2022-03-29T23:37:46,47445.21,3395.91,111.33,0.2731,16.4,71.3,22.25,108.02,6.771,183.41,0.6321,0.02779,0.008321,2.69,1.806,2.94,1.669,3.31,197.04,15.24,1.328,1.276,0.5719,2.809,433.97,1.188,64.55,0.8555,13.64,2.713e-05,0.2696,3.5,1.414,2.692,0.2328,11.93,0.5976,8.671
2022-03-29T23:38:16,47448.89,3395.73,111.26,0.273,16.39,71.3,22.25,108,6.766,182.98,0.6321,0.02779,0.008305,2.69,1.808,2.94,1.669,3.31,197.03,15.24,1.328,1.276,0.5719,2.809,434.11,1.188,64.52,0.8555,13.64,2.713e-05,0.2696,3.5,1.414,2.692,0.2328,11.9,0.5976,8.672
2022-03-29T23:38:46,47448.51,3395.51,111.26,0.2729,16.39,71.3,22.25,108,6.768,182.97,0.6321,0.0278,0.008295,2.69,1.808,2.94,1.669,3.31,197.01,15.24,1.328,1.276,0.5719,2.811,434.17,1.187,64.51,0.8555,13.69,2.713e-05,0.27,3.5,1.414,2.692,0.2328,11.87,0.5975,8.672
2022-03-29T23:39:16,47448.03,3395.22,111.25,0.2729,16.39,71.3,22.25,108.05,6.768,182.95,0.6321,0.02779,0.008295,2.69,1.807,2.94,1.67,3.31,197.01,15.24,1.328,1.281,0.5717,2.808,434.17,1.187,64.51,0.8554,13.69,2.712e-05,0.27,3.502,1.413,2.692,0.2328,11.87,0.5976,8.672
2022-03-29T23:39:46,47444.8,3394.29,111.25,0.2729,16.35,71.3,22.26,108.08,6.768,182.98,0.6324,0.02778,0.008313,2.69,1.807,2.94,1.67,3.31,196.99,15.24,1.328,1.281,0.5717,2.809,434.23,1.187,64.52,0.8554,13.69,2.712e-05,0.27,3.503,1.414,2.692,0.2329,11.87,0.5976,8.677
2022-03-29T23:40:16,47454.12,3394.35,111.26,0.2725,16.35,71.3,22.26,108.13,6.77,182.97,0.6324,0.02779,0.008313,2.688,1.807,2.94,1.67,3.31,196.99,15.24,1.328,1.281,0.5717,2.81,434.25,1.187,64.51,0.8554,13.72,2.711e-05,0.27,3.503,1.414,2.692,0.2329,11.87,0.5976,8.677
2022-03-29T23:40:46,47448.94,3394.4,111.36,0.2724,16.35,71.3,22.26,108.16,6.77,183.01,0.6324,0.02777,0.008313,2.687,1.809,2.94,1.67,3.296,196.97,15.28,1.328,1.279,0.5717,2.811,434.25,1.187,64.5,0.8553,13.72,2.709e-05,0.27,3.504,1.414,2.693,0.233,11.87,0.5976,8.677
2022-03-29T23:41:17,47456.28,3395.15,111.39,0.2725,16.35,71.4,22.28,108.4,6.771,183.02,0.6324,0.02777,0.008313,2.688,1.809,2.94,1.67,3.293,197,15.27,1.328,1.282,0.5717,2.811,434.25,1.188,64.5,0.8554,13.7,2.71e-05,0.27,3.504,1.415,2.693,0.233,11.88,0.5976,8.678
2022-03-29T23:41:47,47463.86,3396.49,111.39,0.2727,16.4,71.4,22.29,108.51,6.775,182.86,0.6324,0.02781,0.008313,2.688,1.812,2.94,1.67,3.293,197.04,15.23,1.332,1.282,0.5717,2.81,434.36,1.188,64.53,0.8555,13.7,2.71e-05,0.27,3.504,1.415,2.694,0.233,11.88,0.5976,8.678
2022-03-29T23:42:17,47474.06,3397.62,111.42,0.2727,16.4,71.4,22.3,108.51,6.774,183.02,0.6325,0.02781,0.00833,2.689,1.811,2.94,1.672,3.295,197.07,15.23,1.332,1.282,0.5716,2.811,434.48,1.188,64.53,0.856,13.7,2.711e-05,0.2702,3.506,1.416,2.694,0.233,11.87,0.5977,8.68
2022-03-29T23:42:47,47477.94,3397.91,111.38,0.2727,16.4,71.3,22.31,108.48,6.772,183.09,0.6325,0.02777,0.008346,2.689,1.811,2.94,1.672,3.289,197.08,15.28,1.332,1.281,0.5716,2.811,434.54,1.189,64.56,0.856,13.68,2.711e-05,0.2702,3.506,1.416,2.694,0.2331,11.88,0.5976,8.68
2022-03-29T23:43:17,47476.62,3397.93,111.38,0.2728,16.4,71.3,22.31,108.49,6.776,183.08,0.6318,0.02775,0.008346,2.689,1.81,2.94,1.672,3.289,197.11,15.28,1.333,1.279,0.5716,2.811,434.58,1.189,64.57,0.8561,13.68,2.711e-05,0.2701,3.506,1.417,2.694,0.2332,11.88,0.5976,8.687
2022-03-29T23:43:47,47475.98,3398.11,111.39,0.2728,16.4,71.3,22.31,108.5,6.773,183.06,0.6318,0.02774,0.008345,2.69,1.811,2.94,1.672,3.295,197.14,15.28,1.329,1.279,0.5716,2.811,434.59,1.189,64.62,0.8561,13.68,2.711e-05,0.2701,3.507,1.417,2.694,0.2331,11.88,0.5979,8.688
2022-03-29T23:44:17,47476.18,3398.37,111.44,0.2728,16.4,71.6,22.3,108.42,6.77,182.89,0.6318,0.02773,0.008345,2.69,1.812,2.94,1.671,3.297,197.15,15.28,1.329,1.284,0.5715,2.81,434.48,1.189,64.57,0.8559,13.68,2.708e-05,0.2701,3.505,1.416,2.692,0.2331,11.86,0.5976,8.688
2022-03-29T23:44:48,47461.38,3397.77,111.42,0.2728,16.4,71.6,22.3,108.42,6.771,182.83,0.6318,0.02773,0.008345,2.689,1.812,2.94,1.671,3.3,197.07,15.28,1.335,1.282,0.5715,2.808,434.51,1.188,64.55,0.8559,13.68,2.708e-05,0.2701,3.504,1.416,2.693,0.2332,11.86,0.5976,8.684
2022-03-29T23:45:18,47463.82,3396.46,111.42,0.2726,16.41,71.6,22.3,108.52,6.776,182.84,0.6318,0.02773,0.008345,2.689,1.811,2.94,1.671,3.3,197,15.26,1.335,1.282,0.5715,2.809,434.37,1.188,64.55,0.8559,13.69,2.707e-05,0.2701,3.504,1.415,2.693,0.2332,11.85,0.5981,8.683
2022-03-29T23:45:48,47458.8,3396.86,111.41,0.2725,16.41,71.6,22.3,108.58,6.776,182.8,0.6333,0.02771,0.008345,2.69,1.812,2.94,1.671,3.3,196.96,15.26,1.329,1.279,0.5715,2.809,434.27,1.188,64.52,0.856,13.69,2.707e-05,0.2701,3.5,1.415,2.693,0.2332,11.85,0.5981,8.68
2022-03-29T23:46:18,47457.66,3396.81,111.41,0.2723,16.41,71.7,22.3,108.64,6.776,182.81,0.6333,0.0277,0.00832,2.688,1.812,2.94,1.67,3.299,196.97,15.26,1.336,1.281,0.5715,2.808,434.31,1.188,64.51,0.856,13.69,2.708e-05,0.2702,3.499,1.415,2.693,0.2331,11.85,0.5981,8.679
2022-03-29T23:46:48,47457.48,3396.59,111.4,0.2723,16.41,71.8,22.3,108.79,6.785,182.94,0.6329,0.02767,0.008301,2.688,1.811,2.94,1.67,3.301,196.89,15.26,1.336,1.281,0.5715,2.808,434.33,1.188,64.52,0.856,13.71,2.708e-05,0.2702,3.499,1.414,2.692,0.2332,11.86,0.5991,8.678
2022-03-29T23:47:18,47460.25,3396.94,111.41,0.2723,16.41,71.8,22.31,108.79,6.786,183.07,0.6323,0.02764,0.008301,2.688,1.811,2.94,1.67,3.301,196.86,15.26,1.336,1.281,0.5715,2.808,434.4,1.188,64.56,0.8561,13.71,2.708e-05,0.2702,3.5,1.414,2.692,0.2331,11.86,0.5987,8.678
2022-03-29T23:47:48,47459.68,3397.04,111.41,0.2724,16.41,71.9,22.3,108.79,6.783,183.08,0.6324,0.02762,0.008301,2.688,1.811,2.94,1.671,3.301,196.82,15.25,1.336,1.28,0.5715,2.808,434.35,1.188,64.57,0.856,13.71,2.708e-05,0.2702,3.5,1.414,2.692,0.2331,11.87,0.5983,8.678
2022-03-29T23:48:18,47477.59,3399.17,111.51,0.2724,16.41,71.6,22.3,108.79,6.79,183.1,0.6325,0.02767,0.008301,2.689,1.81,2.94,1.671,3.301,196.84,15.25,1.336,1.28,0.5715,2.809,434.33,1.19,64.57,0.856,13.74,2.712e-05,0.2702,3.501,1.414,2.693,0.2332,11.87,0.5983,8.673
2022-03-29T23:48:48,47482.34,3399.76,111.52,0.2725,16.39,71.6,22.3,108.81,6.785,183.14,0.6345,0.02767,0.008301,2.689,1.811,2.94,1.672,3.3,196.87,15.31,1.336,1.282,0.5715,2.812,434.37,1.19,64.57,0.8561,13.76,2.713e-05,0.2709,3.501,1.414,2.693,0.2332,11.87,0.5985,8.672
2022-03-29T23:49:19,47484.53,3399.53,111.52,0.2725,16.38,71.6,22.3,108.81,6.79,183.1,0.6334,0.0277,0.008301,2.69,1.811,2.94,1.673,3.301,196.87,15.25,1.336,1.282,0.5715,2.811,434.33,1.19,64.56,0.856,13.76,2.714e-05,0.2709,3.5,1.414,2.693,0.2332,11.87,0.5985,8.677
2022-03-29T23:49:49,47476.53,3398.53,111.46,0.2725,16.39,71.9,22.29,108.81,6.787,183.12,0.6334,0.02764,0.008301,2.689,1.811,2.94,1.673,3.301,196.82,15.25,1.336,1.282,0.5715,2.809,434.37,1.19,64.49,0.8558,13.76,2.715e-05,0.2711,3.498,1.414,2.691,0.2331,11.87,0.5984,8.678
2022-03-29T23:50:19,47485.5,3399.98,111.47,0.2725,16.41,71.9,22.29,108.8,6.792,183.12,0.6334,0.02766,0.008313,2.688,1.81,2.94,1.672,3.294,196.8,15.25,1.336,1.281,0.5715,2.81,434.31,1.19,64.5,0.8558,13.76,2.715e-05,0.271,3.5,1.415,2.691,0.2332,11.88,0.5983,8.677
2022-03-29T23:50:49,47491.74,3402.55,111.52,0.2727,16.41,71.9,22.33,108.83,6.792,183.19,0.6334,0.02767,0.00829,2.689,1.811,2.94,1.673,3.294,196.81,15.25,1.33,1.281,0.5715,2.811,434.36,1.19,64.49,0.8558,13.76,2.715e-05,0.271,3.499,1.415,2.689,0.2332,11.88,0.5981,8.673
2022-03-29T23:51:20,47485.07,3402.33,111.56,0.2727,16.41,71.9,22.36,108.86,6.792,183.2,0.6334,0.02767,0.00829,2.688,1.811,2.94,1.673,3.294,196.89,15.25,1.333,1.281,0.5715,2.813,434.41,1.19,64.45,0.8561,13.71,2.715e-05,0.271,3.499,1.416,2.689,0.2333,11.89,0.5982,8.678
2022-03-29T23:51:52,47483.91,3402.09,111.57,0.2725,16.41,72,22.38,108.82,6.785,183.23,0.6332,0.02766,0.00829,2.689,1.811,2.94,1.674,3.301,196.91,15.34,1.334,1.281,0.5715,2.812,434.36,1.19,64.43,0.8561,13.7,2.714e-05,0.271,3.499,1.416,2.689,0.2333,11.9,0.5984,8.68
2022-03-29T23:52:22,47480.61,3401.9,111.59,0.2727,16.41,72,22.41,108.84,6.792,183.42,0.6346,0.02767,0.00829,2.689,1.81,2.94,1.674,3.301,196.91,15.34,1.334,1.284,0.5715,2.812,434.35,1.19,64.41,0.8563,13.7,2.714e-05,0.271,3.5,1.416,2.69,0.2333,11.91,0.5985,8.673
2022-03-29T23:52:52,47485.36,3402.19,111.58,0.2727,16.41,72,22.43,108.88,6.786,183.58,0.6346,0.02768,0.00829,2.689,1.81,2.94,1.674,3.301,196.89,15.34,1.334,1.284,0.5715,2.814,434.48,1.191,64.42,0.8562,13.71,2.719e-05,0.271,3.5,1.417,2.69,0.2333,11.92,0.5987,8.678
2022-03-29T23:53:22,47487.58,3404.34,111.76,0.2734,16.41,72,22.43,108.9,6.786,183.74,0.6346,0.02767,0.00829,2.689,1.813,2.94,1.675,3.3,196.93,15.34,1.334,1.284,0.5715,2.814,434.47,1.191,64.42,0.8563,13.71,2.719e-05,0.271,3.501,1.418,2.691,0.2333,11.92,0.5991,8.677
2022-03-29T23:53:52,47497.4,3404.53,111.76,0.2735,16.41,71.9,22.44,109.15,6.794,183.69,0.6346,0.02766,0.008286,2.689,1.813,2.94,1.675,3.3,196.98,15.34,1.33,1.28,0.5715,2.814,434.4,1.191,64.22,0.8566,13.71,2.722e-05,0.2719,3.504,1.418,2.691,0.2334,11.93,0.5988,8.678
2022-03-29T23:54:22,47498.93,3405.03,111.76,0.2736,16.39,71.9,22.45,109.19,6.792,183.68,0.6346,0.02768,0.008313,2.69,1.813,2.94,1.675,3.3,197.07,15.34,1.332,1.28,0.5715,2.81,434.42,1.191,64.1,0.8568,13.6,2.729e-05,0.2719,3.504,1.418,2.692,0.2333,11.92,0.5987,8.679
2022-03-29T23:54:52,47497.78,3404.18,111.84,0.2736,16.39,71.9,22.45,109.19,6.787,183.69,0.6346,0.02772,0.008313,2.69,1.817,2.94,1.675,3.3,197.15,15.29,1.335,1.281,0.5715,2.811,434.47,1.191,64.1,0.8568,13.6,2.738e-05,0.272,3.505,1.418,2.692,0.2334,11.9,0.5987,8.673
2022-03-29T23:55:23,47487.58,3403.5,111.84,0.2735,16.39,71.8,22.43,109.15,6.788,183.65,0.6356,0.02771,0.008313,2.689,1.817,2.94,1.675,3.3,197.11,15.29,1.335,1.281,0.5715,2.811,434.46,1.191,64.08,0.8567,13.6,2.74e-05,0.272,3.505,1.418,2.692,0.2334,11.9,0.5991,8.669
2022-03-29T23:55:53,47484.93,3403.96,111.84,0.2737,16.39,71.9,22.44,109.09,6.786,183.73,0.6356,0.0277,0.008313,2.691,1.818,2.94,1.675,3.299,197.17,15.26,1.335,1.281,0.5715,2.813,434.4,1.191,64.08,0.8568,13.6,2.742e-05,0.272,3.506,1.418,2.694,0.2334,11.9,0.5991,8.669
2022-03-29T23:56:23,47479.45,3403.8,111.8,0.2737,16.39,71.9,22.45,109.06,6.785,184.07,0.6356,0.02768,0.008313,2.691,1.815,2.94,1.676,3.299,197.15,15.26,1.335,1.281,0.5715,2.816,434.41,1.192,64.08,0.8569,13.62,2.739e-05,0.2719,3.508,1.419,2.696,0.2334,11.9,0.5997,8.661
2022-03-29T23:56:53,47466.9,3403.38,111.79,0.2737,16.39,71.9,22.46,108.94,6.794,184.2,0.6355,0.02765,0.008326,2.69,1.816,2.94,1.675,3.299,197.22,15.26,1.335,1.281,0.5715,2.816,434.42,1.191,64.09,0.8569,13.62,2.739e-05,0.2715,3.507,1.419,2.696,0.2334,11.91,0.5997,8.669
2022-03-29T23:57:23,47456.26,3402.66,111.8,0.2738,16.39,71.9,22.46,108.91,6.794,184.1,0.6355,0.02764,0.008326,2.689,1.817,2.94,1.674,3.299,197.2,15.26,1.335,1.281,0.5715,2.816,434.34,1.191,64.12,0.8569,13.62,2.738e-05,0.2715,3.507,1.419,2.696,0.2334,11.91,0.598,8.669
2022-03-29T23:57:53,47457.58,3402.89,111.86,0.2738,16.39,71.9,22.47,108.93,6.783,184.1,0.634,0.02765,0.008325,2.689,1.817,2.94,1.674,3.295,197.21,15.26,1.335,1.283,0.5715,2.816,434.32,1.191,64.14,0.8572,13.57,2.734e-05,0.2715,3.512,1.419,2.697,0.2334,11.93,0.5976,8.662
2022-03-29T23:58:23,47455.79,3402.69,111.86,0.2738,16.39,71.9,22.47,108.93,6.784,184.07,0.634,0.02766,0.008309,2.692,1.818,2.94,1.674,3.301,197.12,15.26,1.335,1.283,0.5715,2.813,434.39,1.192,64.14,0.8573,13.57,2.734e-05,0.2715,3.511,1.419,2.697,0.2334,11.93,0.5976,8.661
2022-03-29T23:58:54,47440.48,3402.43,111.86,0.2733,16.39,71.9,22.5,108.98,6.783,184.09,0.634,0.02762,0.008309,2.691,1.818,2.94,1.675,3.301,197.03,15.26,1.335,1.284,0.5715,2.811,434.33,1.191,64.18,0.8573,13.57,2.733e-05,0.2715,3.511,1.418,2.696,0.2334,11.93,0.5974,8.663
2022-03-29T23:59:24,47437.53,3401.4,111.73,0.2733,16.39,71.9,22.5,108.99,6.781,184.11,0.634,0.02761,0.008309,2.691,1.818,2.94,1.675,3.301,196.96,15.26,1.335,1.282,0.5715,2.81,434.33,1.191,64.19,0.8569,13.59,2.732e-05,0.2715,3.508,1.418,2.696,0.2334,11.93,0.5977,8.667
2022-03-29T23:59:54,47442.74,3401.68,111.73,0.2732,16.39,71.9,22.49,109.02,6.785,184.08,0.634,0.02764,0.008309,2.691,1.82,2.94,1.675,3.301,196.95,15.26,1.335,1.282,0.5715,2.81,434.2,1.191,64.24,0.8567,13.6,2.733e-05,0.2712,3.508,1.417,2.696,0.2331,11.93,0.5978,8.668
2022-03-30T00:00:24,47427.9,3400.81,111.7,0.273,16.39,71.9,22.43,108.94,6.789,183.79,0.6331,0.02763,0.008309,2.691,1.819,2.94,1.673,3.301,196.89,15.26,1.336,1.282,0.5825,2.81,434.23,1.191,64.22,0.8566,13.6,2.731e-05,0.2708,3.508,1.415,2.695,0.2332,11.92,0.5975,8.668
