2022-04-13T00:00:26,40079.42,3027.87,103.33,0.2317,15.24,58.1,17.77,84.57,5.595,153.72,0.5269,0.02128,0.00615,2.06,1.47,2.052,1.391,3.663,156.2,12.74,0.8066,1.461,0.5471,2.222,413.7,0.9548,47.27,0.7148,11.59,2.695e-05,0.2016,2.777,1.164,2.152,0.1925,7.813,0.4616,8.037
2022-04-13T00:00:56,40109.7,3030.07,103.37,0.2319,15.21,58.1,17.77,84.58,5.597,153.9,0.5269,0.02134,0.00615,2.06,1.472,2.048,1.394,3.675,156.21,12.74,0.8066,1.453,0.5471,2.222,413.84,0.9546,47.34,0.715,11.59,2.7e-05,0.2016,2.781,1.164,2.153,0.1923,7.822,0.4619,8.034
2022-04-13T00:01:26,40072.67,3029.72,103.51,0.2319,15.21,58.1,17.78,84.55,5.599,153.91,0.5269,0.0213,0.00614,2.06,1.472,2.045,1.394,3.67,156.11,12.74,0.8066,1.458,0.5471,2.222,413.84,0.9542,47.38,0.715,11.61,2.693e-05,0.2016,2.78,1.164,2.152,0.1923,7.83,0.4613,8.033
2022-04-13T00:01:56,40047.85,3028.65,103.42,0.2314,15.21,58.1,17.77,84.4,5.603,153.8,0.5269,0.02124,0.00616,2.06,1.471,2.043,1.393,3.664,155.99,12.74,0.8066,1.457,0.5471,2.221,413.75,0.9535,47.34,0.715,11.61,2.683e-05,0.2011,2.778,1.163,2.151,0.1923,7.825,0.461,8.032
2022-04-13T00:02:26,40023.18,3027.1,103.24,0.2311,15.21,58.2,17.76,84.31,5.591,153.67,0.5267,0.02118,0.00616,2.06,1.473,2.036,1.392,3.665,155.92,12.74,0.8053,1.456,0.5471,2.22,413.56,0.9531,47.28,0.7144,11.56,2.678e-05,0.201,2.777,1.161,2.149,0.192,7.813,0.4608,8.032
2022-04-13T00:02:56,40053.12,3028.84,103.27,0.231,15.21,58.2,17.75,84.32,5.597,153.65,0.5235,0.02119,0.00616,2.064,1.472,2.037,1.392,3.663,155.93,12.74,0.8053,1.456,0.5471,2.221,413.7,0.9537,47.3,0.7141,11.56,2.681e-05,0.201,2.777,1.161,2.149,0.192,7.805,0.4607,8.03
2022-04-13T00:03:26,40064.98,3030.21,103.31,0.2312,15.21,58.2,17.76,84.33,5.592,153.74,0.5216,0.02124,0.00616,2.064,1.47,2.041,1.392,3.666,155.99,12.74,0.8053,1.458,0.5471,2.221,413.91,0.9544,47.33,0.7141,11.56,2.68e-05,0.201,2.778,1.161,2.15,0.1921,7.803,0.461,8.04
2022-04-13T00:03:56,40079.99,3031.1,103.38,0.2313,15.23,58,17.76,84.37,5.592,153.73,0.5219,0.02125,0.00616,2.065,1.471,2.041,1.393,3.663,156.04,12.7,0.8053,1.456,0.5471,2.221,413.88,0.9544,47.36,0.7141,11.6,2.683e-05,0.201,2.779,1.161,2.149,0.1921,7.805,0.4608,8.045
2022-04-13T00:04:26,40076.66,3031.62,103.34,0.231,15.23,58,17.77,84.36,5.592,153.67,0.5219,0.02122,0.00616,2.063,1.473,2.044,1.393,3.664,155.89,12.7,0.8053,1.452,0.5471,2.222,413.82,0.9539,47.26,0.7132,11.6,2.68e-05,0.2011,2.775,1.16,2.148,0.192,7.803,0.461,8.044
2022-04-13T00:04:56,40061.01,3029.21,103.19,0.2308,15.23,58,17.74,84.21,5.582,153.59,0.5221,0.02119,0.006147,2.063,1.473,2.044,1.394,3.664,155.83,12.72,0.8053,1.452,0.5471,2.22,413.75,0.9528,47.25,0.713,11.6,2.667e-05,0.2006,2.771,1.16,2.144,0.1918,7.793,0.4599,8.04
2022-04-13T00:05:26,40045.67,3029.72,103.16,0.2308,15.23,58,17.74,84.11,5.578,153.37,0.5212,0.02118,0.006158,2.063,1.472,2.043,1.394,3.664,155.77,12.72,0.8053,1.452,0.5471,2.219,413.47,0.9529,47.16,0.7132,11.59,2.665e-05,0.2003,2.768,1.16,2.142,0.1919,7.781,0.4592,8.037
2022-04-13T00:05:56,40041.94,3029.85,103.08,0.2306,15.23,58,17.73,84.12,5.578,153.36,0.5215,0.02116,0.006158,2.062,1.471,2.043,1.394,3.661,155.67,12.72,0.8053,1.454,0.5471,2.218,413.37,0.9518,47.11,0.7131,11.59,2.666e-05,0.2005,2.768,1.158,2.14,0.1919,7.781,0.4587,8.038
2022-04-13T00:06:26,40043.59,3030.42,103.03,0.2306,15.23,58,17.74,84.1,5.575,153.39,0.5215,0.02117,0.006158,2.062,1.471,2.043,1.393,3.661,155.7,12.72,0.8053,1.454,0.5471,2.219,413.43,0.9514,47.14,0.7132,11.64,2.659e-05,0.2005,2.769,1.157,2.14,0.1919,7.774,0.4587,8.032
2022-04-13T00:06:56,40048.64,3030.82,103.03,0.2308,15.23,58.1,17.73,84.13,5.575,153.45,0.5215,0.02119,0.006158,2.066,1.471,2.043,1.394,3.652,155.72,12.72,0.8062,1.455,0.5471,2.219,413.43,0.952,47.15,0.7133,11.7,2.663e-05,0.2005,2.769,1.157,2.14,0.1919,7.778,0.4591,8.032
2022-04-13T00:07:26,40062.67,3033.35,103.1,0.2308,15.23,58.1,17.74,84.16,5.575,153.45,0.5215,0.02123,0.006158,2.065,1.471,2.044,1.394,3.651,155.71,12.72,0.8062,1.455,0.5471,2.219,413.78,0.9524,47.14,0.714,11.71,2.675e-05,0.2005,2.769,1.157,2.141,0.1921,7.78,0.4592,8.037
2022-04-13T00:07:56,40059.24,3032.12,103.08,0.2308,15.23,58.1,17.74,84.2,5.579,153.42,0.5216,0.02122,0.006157,2.064,1.471,2.043,1.394,3.651,155.76,12.69,0.7989,1.455,0.5471,2.219,413.85,0.952,47.14,0.7138,11.71,2.67e-05,0.2006,2.77,1.156,2.14,0.192,7.779,0.4591,8.038
2022-04-13T00:08:26,40072.04,3032.14,103.11,0.2308,15.17,58.1,17.74,84.25,5.575,153.42,0.5216,0.02119,0.006157,2.064,1.472,2.044,1.394,3.653,155.8,12.69,0.7989,1.455,0.5471,2.219,413.8,0.9522,47.15,0.7142,11.7,2.675e-05,0.2006,2.771,1.156,2.14,0.192,7.778,0.4591,8.04
2022-04-13T00:08:56,40089.31,3034.93,103.18,0.2313,15.06,58.1,17.76,84.28,5.58,153.72,0.5213,0.02122,0.006157,2.064,1.472,2.045,1.394,3.65,155.91,12.72,0.7989,1.455,0.5471,2.22,413.95,0.9534,47.23,0.715,11.77,2.685e-05,0.2006,2.772,1.157,2.14,0.1921,7.779,0.4594,8.04
2022-04-13T00:09:26,40157.48,3038.05,103.56,0.232,15.06,58.2,17.79,84.48,5.605,153.92,0.5237,0.02134,0.006157,2.068,1.475,2.049,1.397,3.655,156.14,12.72,0.8001,1.463,0.5471,2.224,414.48,0.9553,47.42,0.7159,11.79,2.688e-05,0.2011,2.779,1.159,2.144,0.1923,7.786,0.4609,8.059
2022-04-13T00:09:56,40147.42,3037.22,103.57,0.232,15.12,58.2,17.8,84.59,5.608,153.95,0.5239,0.0213,0.006157,2.07,1.475,2.048,1.399,3.653,156.23,12.72,0.8001,1.465,0.5471,2.228,414.57,0.9552,47.58,0.7162,11.79,2.687e-05,0.2013,2.78,1.159,2.145,0.1922,7.787,0.4611,8.053
2022-04-13T00:10:26,40106.38,3035.13,103.54,0.232,15.1,58.2,17.79,84.65,5.597,153.98,0.5266,0.02127,0.006157,2.071,1.474,2.046,1.399,3.653,156.19,12.72,0.8001,1.463,0.5471,2.228,414.37,0.9547,48.23,0.7157,11.79,2.676e-05,0.2011,2.783,1.158,2.145,0.1922,7.785,0.4613,8.063
2022-04-13T00:10:56,40117.03,3035.85,103.76,0.2322,15.11,58.2,17.8,84.63,5.6,153.98,0.5269,0.02127,0.006162,2.071,1.474,2.047,1.399,3.65,156.22,12.72,0.8001,1.464,0.5471,2.228,414.51,0.9547,48.2,0.7164,11.81,2.676e-05,0.2016,2.787,1.159,2.146,0.1923,7.78,0.4618,8.063
2022-04-13T00:11:26,40141.64,3036,103.8,0.2322,15.11,58.3,17.8,84.59,5.603,154.01,0.528,0.02128,0.006164,2.072,1.474,2.048,1.398,3.65,156.26,12.72,0.8001,1.465,0.5471,2.229,414.48,0.955,48.09,0.7165,11.8,2.676e-05,0.2016,2.788,1.159,2.147,0.1923,7.785,0.4619,8.059
2022-04-13T00:11:56,40160.82,3037.22,103.9,0.2326,15.13,58.3,17.81,84.65,5.612,154.23,0.528,0.02133,0.006164,2.072,1.476,2.049,1.399,3.652,156.47,12.68,0.8001,1.465,0.5471,2.229,414.53,0.9555,47.78,0.7173,11.8,2.678e-05,0.2016,2.794,1.161,2.15,0.1924,7.799,0.4623,8.066
2022-04-13T00:12:26,40154.11,3039.22,103.87,0.2326,15.13,58.2,17.82,84.66,5.606,154.24,0.5291,0.02134,0.006164,2.071,1.475,2.049,1.4,3.65,156.37,12.68,0.8006,1.468,0.5471,2.229,414.69,0.9556,47.9,0.717,11.76,2.677e-05,0.2018,2.793,1.161,2.152,0.1926,7.807,0.4626,8.066
2022-04-13T00:12:56,40149.97,3039.36,103.88,0.2327,15.13,58.2,17.83,84.65,5.607,154.28,0.5295,0.02136,0.006164,2.071,1.475,2.048,1.401,3.65,156.52,12.72,0.8006,1.469,0.5471,2.232,414.72,0.9558,47.82,0.717,11.76,2.684e-05,0.202,2.794,1.162,2.151,0.1927,7.809,0.4626,8.066
2022-04-13T00:13:26,40172.93,3040.12,103.96,0.2327,15.13,58.2,17.83,84.71,5.602,154.45,0.5323,0.02135,0.006164,2.069,1.476,2.05,1.402,3.65,156.59,12.72,0.8006,1.47,0.5471,2.233,414.97,0.9569,47.89,0.7172,11.76,2.688e-05,0.2022,2.794,1.163,2.152,0.1926,7.826,0.4626,8.061
2022-04-13T00:13:56,40145.84,3039.01,103.94,0.2325,15.13,58.2,17.83,84.71,5.606,154.41,0.5323,0.02134,0.006183,2.069,1.476,2.048,1.4,3.652,156.54,12.72,0.8006,1.47,0.5302,2.233,414.74,0.9561,47.87,0.7173,11.76,2.688e-05,0.2022,2.793,1.163,2.153,0.1926,7.825,0.4628,8.062
2022-04-13T00:14:26,40149.45,3038.45,103.93,0.2326,15.13,58.3,17.82,84.65,5.605,154.35,0.5315,0.02131,0.006183,2.072,1.476,2.048,1.401,3.653,156.54,12.72,0.803,1.47,0.5302,2.231,414.74,0.9567,47.85,0.7168,11.76,2.693e-05,0.2021,2.793,1.162,2.151,0.1925,7.823,0.4631,8.059
2022-04-13T00:14:56,40158.9,3038.91,103.99,0.2329,15.15,58.3,17.83,84.66,5.599,154.52,0.5314,0.02131,0.006181,2.071,1.476,2.049,1.401,3.652,156.64,12.72,0.803,1.471,0.5302,2.234,414.91,0.9562,47.76,0.7166,11.79,2.695e-05,0.2021,2.793,1.163,2.153,0.1926,7.821,0.463,8.06
2022-04-13T00:15:26,40159.72,3038.39,104,0.2329,15.15,58.2,17.83,84.72,5.603,154.53,0.5314,0.02136,0.006179,2.071,1.476,2.055,1.402,3.654,156.56,12.72,0.803,1.469,0.5302,2.234,414.63,0.9564,47.73,0.7168,11.79,2.702e-05,0.2021,2.795,1.163,2.154,0.1926,7.825,0.4637,8.063
2022-04-13T00:15:56,40150.62,3037.16,103.98,0.2327,15.11,58.3,17.82,84.67,5.607,154.48,0.5314,0.02135,0.006179,2.071,1.476,2.055,1.4,3.656,156.47,12.72,0.803,1.469,0.5302,2.232,414.57,0.956,47.7,0.7161,11.79,2.717e-05,0.202,2.792,1.162,2.152,0.1927,7.825,0.463,8.063
2022-04-13T00:16:26,40124.05,3035.51,103.8,0.2326,15.11,58.2,17.82,84.62,5.61,154.32,0.5314,0.02135,0.006179,2.071,1.476,2.053,1.399,3.66,156.47,12.72,0.8052,1.469,0.5302,2.231,414.42,0.9549,47.67,0.7162,11.78,2.714e-05,0.2018,2.79,1.16,2.151,0.1926,7.799,0.4629,8.056
2022-04-13T00:16:56,40112.51,3034.2,103.71,0.2326,15.11,58.2,17.81,84.49,5.61,154.08,0.5313,0.02134,0.006179,2.071,1.476,2.053,1.399,3.655,156.42,12.69,0.8052,1.467,0.5302,2.228,414.16,0.9543,47.6,0.7162,11.78,2.711e-05,0.2015,2.789,1.158,2.15,0.1925,7.799,0.4624,8.054
2022-04-13T00:17:26,40117.97,3035.61,103.86,0.2325,15.11,58.2,17.81,84.54,5.603,154.13,0.5317,0.02135,0.006179,2.071,1.476,2.053,1.399,3.655,156.42,12.69,0.8048,1.467,0.5302,2.23,414.4,0.9554,47.59,0.7166,11.76,2.698e-05,0.2018,2.788,1.159,2.151,0.1926,7.791,0.4626,8.054
2022-04-13T00:17:56,40112.52,3034.51,103.76,0.2326,15.11,58.2,17.82,84.63,5.604,154.18,0.5317,0.02133,0.006169,2.071,1.475,2.053,1.399,3.652,156.38,12.69,0.8048,1.467,0.5302,2.23,414.31,0.9551,47.58,0.7165,11.77,2.704e-05,0.2016,2.787,1.159,2.149,0.1926,7.792,0.4624,8.056
2022-04-13T00:18:26,40123.58,3036.67,103.94,0.2326,15.11,58.2,17.85,84.63,5.601,154.24,0.533,0.02133,0.006169,2.071,1.476,2.054,1.399,3.651,156.42,12.69,0.8048,1.467,0.5302,2.231,414.56,0.9551,47.6,0.7165,11.84,2.701e-05,0.2018,2.788,1.159,2.15,0.1926,7.799,0.4629,8.056
2022-04-13T00:18:56,40140.22,3036.28,103.92,0.2328,15.12,58.4,17.85,84.72,5.601,154.25,0.5333,0.02137,0.006169,2.072,1.476,2.054,1.4,3.653,156.45,12.69,0.8048,1.47,0.5302,2.232,414.53,0.9555,47.67,0.7163,11.82,2.701e-05,0.2018,2.788,1.161,2.151,0.1926,7.805,0.4629,8.064
2022-04-13T00:19:26,40140.74,3035.9,103.9,0.2329,15.12,58.4,17.85,84.72,5.601,154.25,0.5334,0.02137,0.006169,2.072,1.476,2.051,1.399,3.653,156.39,12.69,0.8048,1.47,0.5302,2.231,414.53,0.9551,47.65,0.7161,11.82,2.698e-05,0.2018,2.788,1.16,2.151,0.1926,7.808,0.4626,8.059
2022-04-13T00:19:56,40123.33,3035.11,103.83,0.2327,15.13,58.4,17.84,84.67,5.601,154.14,0.5336,0.02137,0.006169,2.072,1.474,2.051,1.399,3.653,156.33,12.73,0.8048,1.47,0.5302,2.229,414.35,0.9543,47.63,0.7158,11.79,2.688e-05,0.2018,2.786,1.16,2.15,0.1925,7.799,0.4627,8.06
2022-04-13T00:20:26,40162.5,3038.32,103.92,0.2328,15.17,58.3,17.84,84.69,5.606,154.17,0.5345,0.02141,0.006169,2.072,1.474,2.053,1.399,3.653,156.42,12.73,0.8048,1.469,0.5302,2.232,414.5,0.9548,47.75,0.7162,11.8,2.695e-05,0.2017,2.788,1.16,2.151,0.1925,7.807,0.4626,8.061
2022-04-13T00:20:56,40141.3,3036.25,103.91,0.2329,15.17,58.3,17.83,84.68,5.618,154.19,0.5346,0.02139,0.00618,2.072,1.475,2.052,1.399,3.654,156.4,12.73,0.805,1.469,0.5302,2.231,414.44,0.9555,47.77,0.7165,11.81,2.693e-05,0.2017,2.787,1.16,2.151,0.1926,7.804,0.4626,8.06
2022-04-13T00:21:26,40135.42,3036.01,103.75,0.2327,15.17,58.2,17.82,84.65,5.621,154.15,0.5345,0.02137,0.006182,2.07,1.475,2.052,1.399,3.651,156.31,12.73,0.805,1.464,0.5302,2.231,414.44,0.9542,47.82,0.7164,11.81,2.691e-05,0.2017,2.786,1.16,2.151,0.1925,7.804,0.463,8.064
2022-04-13T00:21:56,40137.79,3036.65,103.72,0.2327,15.17,58.2,17.82,84.67,5.615,154.2,0.5345,0.02139,0.006182,2.07,1.475,2.052,1.399,3.651,156.3,12.73,0.8055,1.465,0.5302,2.23,414.53,0.9542,47.79,0.7165,11.79,2.695e-05,0.2016,2.786,1.16,2.15,0.1925,7.808,0.4626,8.059
2022-04-13T00:22:26,40148.12,3037.09,103.76,0.2328,15.17,58.2,17.82,84.7,5.615,154.18,0.5355,0.02142,0.006182,2.07,1.475,2.056,1.4,3.651,156.33,12.73,0.8055,1.465,0.5302,2.231,414.56,0.9549,47.8,0.7166,11.82,2.696e-05,0.2016,2.786,1.16,2.151,0.1926,7.808,0.4626,8.063
2022-04-13T00:22:56,40154.89,3037.05,103.74,0.2327,15.17,58.2,17.82,84.72,5.616,154.2,0.535,0.02142,0.006182,2.07,1.475,2.056,1.399,3.654,156.38,12.74,0.7986,1.465,0.5302,2.231,414.62,0.9549,47.8,0.7166,11.8,2.697e-05,0.2016,2.787,1.16,2.151,0.1926,7.812,0.4628,8.063
2022-04-13T00:23:26,40157.21,3037.05,103.78,0.2329,15.17,58.2,17.82,84.71,5.615,154.19,0.535,0.02139,0.006182,2.07,1.475,2.056,1.4,3.654,156.39,12.74,0.7986,1.468,0.5302,2.232,414.7,0.9551,47.76,0.7166,11.8,2.697e-05,0.2016,2.787,1.16,2.151,0.1926,7.817,0.4632,8.068
2022-04-13T00:23:56,40152.48,3036.75,103.82,0.2328,15.17,58.3,17.81,84.72,5.612,154.17,0.5351,0.02141,0.006182,2.07,1.476,2.056,1.4,3.64,156.39,12.74,0.7986,1.469,0.5302,2.231,414.67,0.9555,47.71,0.7167,11.8,2.697e-05,0.2016,2.788,1.16,2.151,0.1926,7.814,0.4632,8.063
2022-04-13T00:24:26,40150.34,3036.98,103.85,0.2328,15.17,58.3,17.81,84.71,5.612,154.19,0.5351,0.02142,0.006169,2.07,1.478,2.056,1.399,3.643,156.4,12.74,0.7969,1.469,0.5302,2.233,414.65,0.9549,47.7,0.7166,11.8,2.7e-05,0.2018,2.787,1.161,2.151,0.1926,7.818,0.4635,8.062
2022-04-13T00:24:56,40155.21,3036.96,103.92,0.2329,15.17,58.3,17.81,84.74,5.613,154.17,0.5351,0.02142,0.006169,2.072,1.477,2.056,1.4,3.639,156.39,12.74,0.7969,1.47,0.5302,2.233,414.74,0.9554,47.7,0.7165,11.8,2.7e-05,0.2018,2.787,1.161,2.151,0.1927,7.814,0.4635,8.061
2022-04-13T00:25:26,40157.62,3037.49,104.03,0.2329,15.17,58.3,17.82,84.81,5.613,154.24,0.537,0.02142,0.006179,2.073,1.477,2.056,1.402,3.639,156.45,12.74,0.7969,1.47,0.5302,2.234,415.12,0.9555,47.7,0.7168,11.83,2.701e-05,0.2021,2.789,1.162,2.151,0.1927,7.816,0.4638,8.067
2022-04-13T00:25:56,40159.2,3037.59,103.98,0.2329,15.17,58.4,17.82,84.82,5.613,154.28,0.537,0.02143,0.006179,2.073,1.477,2.056,1.402,3.635,156.44,12.74,0.7959,1.47,0.5302,2.235,415.32,0.9564,47.71,0.7169,11.85,2.705e-05,0.2022,2.788,1.161,2.152,0.1927,7.816,0.4638,8.073
2022-04-13T00:26:26,40145.87,3035.67,103.81,0.2325,15.17,58.4,17.81,84.82,5.61,154.22,0.5382,0.02141,0.006179,2.073,1.477,2.055,1.401,3.628,156.44,12.74,0.7959,1.472,0.5302,2.233,415.15,0.9564,47.75,0.7167,11.81,2.705e-05,0.2023,2.786,1.161,2.151,0.1926,7.808,0.4635,8.073
2022-04-13T00:26:56,40116.37,3034.84,103.74,0.2322,15.17,58.4,17.8,84.75,5.604,154.03,0.5377,0.02137,0.006179,2.073,1.476,2.054,1.399,3.626,156.31,12.74,0.7959,1.471,0.5302,2.231,414.84,0.9547,47.65,0.716,11.86,2.698e-05,0.2018,2.784,1.16,2.149,0.1926,7.8,0.4634,8.066
2022-04-13T00:27:26,40108.32,3034.57,103.77,0.2321,15.17,58.3,17.79,84.72,5.593,154.05,0.5352,0.02135,0.006179,2.073,1.474,2.05,1.4,3.617,156.31,12.74,0.7962,1.468,0.5302,2.231,414.67,0.955,47.6,0.7154,11.85,2.69e-05,0.2017,2.783,1.16,2.149,0.1925,7.794,0.463,8.072
2022-04-13T00:27:56,40102.38,3034.55,103.75,0.232,15.17,58.3,17.79,84.71,5.602,154.02,0.5341,0.02135,0.006179,2.073,1.475,2.05,1.4,3.623,156.36,12.74,0.7962,1.464,0.5302,2.231,414.55,0.9547,47.58,0.7155,11.88,2.689e-05,0.2017,2.783,1.159,2.148,0.1926,7.795,0.4629,8.068
2022-04-13T00:28:26,40092.27,3031.96,103.62,0.2319,15.15,58.2,17.79,84.67,5.603,153.99,0.534,0.02132,0.006183,2.073,1.475,2.05,1.399,3.621,156.28,12.75,0.7962,1.464,0.5302,2.229,414.64,0.9549,47.56,0.7154,11.88,2.684e-05,0.2018,2.782,1.159,2.148,0.1925,7.788,0.4629,8.073
2022-04-13T00:28:56,40092.17,3031.94,103.76,0.2319,15.15,58.3,17.79,84.65,5.596,154.03,0.534,0.02134,0.006183,2.073,1.476,2.05,1.399,3.621,156.33,12.75,0.7962,1.46,0.5302,2.229,414.63,0.9548,47.59,0.7154,11.86,2.688e-05,0.2017,2.782,1.159,2.147,0.1925,7.792,0.4628,8.074
2022-04-13T00:29:26,40100.45,3031.99,103.75,0.2322,15.15,58.3,17.8,84.69,5.595,154.19,0.534,0.02137,0.006183,2.073,1.475,2.05,1.399,3.625,156.36,12.71,0.7962,1.46,0.5302,2.231,414.74,0.9552,47.6,0.7157,11.83,2.69e-05,0.2019,2.782,1.159,2.149,0.1925,7.789,0.4629,8.074
2022-04-13T00:29:56,40089.21,3031.48,103.74,0.2321,15.15,58.2,17.79,84.69,5.595,154.09,0.5341,0.02137,0.006183,2.073,1.472,2.049,1.4,3.624,156.35,12.71,0.7962,1.46,0.5302,2.23,414.71,0.9554,47.58,0.7157,11.81,2.688e-05,0.2018,2.782,1.159,2.149,0.1925,7.781,0.4632,8.074
2022-04-13T00:30:26,40068.29,3030.85,103.7,0.232,15.15,58.2,17.78,84.61,5.595,153.99,0.5371,0.02134,0.006183,2.069,1.47,2.048,1.399,3.62,156.31,12.71,0.803,1.46,0.5302,2.229,414.44,0.9551,47.53,0.7147,11.81,2.686e-05,0.2018,2.779,1.157,2.147,0.1924,7.777,0.4632,8.063
2022-04-13T00:30:56,40054.39,3030.18,103.66,0.2314,15.15,58.3,17.78,84.57,5.586,153.97,0.5353,0.02132,0.006171,2.069,1.468,2.048,1.399,3.617,156.2,12.71,0.803,1.463,0.5302,2.228,414.35,0.9543,47.54,0.715,11.81,2.681e-05,0.2015,2.779,1.157,2.146,0.1923,7.781,0.462,8.058
2022-04-13T00:31:26,40048.33,3029.29,103.52,0.2314,15.18,58.3,17.77,84.53,5.596,153.82,0.5353,0.02129,0.006171,2.069,1.466,2.047,1.398,3.617,156.18,12.71,0.803,1.462,0.5302,2.228,414.39,0.9537,47.54,0.7148,11.76,2.673e-05,0.2015,2.778,1.157,2.146,0.1924,7.774,0.4614,8.056
2022-04-13T00:31:56,40045.4,3029.03,103.44,0.2314,15.18,58.3,17.77,84.4,5.596,153.77,0.5338,0.02126,0.006171,2.069,1.459,2.05,1.398,3.613,156.12,12.71,0.803,1.46,0.5302,2.228,414.16,0.9529,47.53,0.7147,11.72,2.674e-05,0.2012,2.777,1.156,2.144,0.1924,7.772,0.461,8.049
2022-04-13T00:32:26,40048.34,3030.02,103.54,0.2313,15.18,58.3,17.75,84.24,5.593,153.88,0.5338,0.02127,0.006149,2.069,1.46,2.05,1.399,3.614,155.99,12.7,0.803,1.46,0.5302,2.229,414.21,0.9531,47.54,0.7147,11.71,2.68e-05,0.2012,2.778,1.156,2.144,0.1924,7.775,0.4608,8.04
2022-04-13T00:32:56,40042.9,3030.27,103.53,0.2311,15.18,58.3,17.74,84.13,5.59,153.86,0.5338,0.02122,0.006143,2.069,1.462,2.051,1.398,3.614,155.95,12.7,0.803,1.46,0.5302,2.227,414.1,0.9526,47.5,0.7146,11.73,2.68e-05,0.2012,2.778,1.156,2.144,0.1923,7.776,0.4605,8.041
2022-04-13T00:33:26,40052.27,3031.11,103.53,0.2312,15.18,58.3,17.75,84.13,5.587,153.88,0.5338,0.02124,0.006151,2.069,1.462,2.051,1.398,3.616,155.95,12.7,0.8016,1.459,0.5302,2.229,414.18,0.9525,47.49,0.7146,11.72,2.682e-05,0.2012,2.779,1.156,2.144,0.1922,7.775,0.4605,8.047
2022-04-13T00:33:56,40051.94,3030.95,103.46,0.2313,15.04,58.2,17.75,84.09,5.585,153.89,0.5337,0.02126,0.006151,2.071,1.462,2.05,1.398,3.615,155.99,12.7,0.806,1.458,0.5302,2.229,414.14,0.9529,47.5,0.7146,11.69,2.683e-05,0.2012,2.779,1.155,2.144,0.1922,7.775,0.4604,8.047
2022-04-13T00:34:26,40067.38,3031.46,103.56,0.2314,15.06,58.2,17.77,84.28,5.591,153.91,0.532,0.02125,0.006151,2.071,1.462,2.051,1.4,3.612,156.07,12.7,0.806,1.458,0.5302,2.231,414.41,0.9532,47.51,0.7143,11.7,2.684e-05,0.2016,2.779,1.157,2.145,0.1922,7.775,0.4603,8.049
2022-04-13T00:34:56,40056.25,3031.06,103.47,0.2313,15.06,58.2,17.76,84.23,5.585,153.83,0.5313,0.02121,0.006151,2.071,1.462,2.05,1.4,3.615,156.1,12.7,0.806,1.457,0.5302,2.229,414.3,0.953,47.5,0.7141,11.7,2.68e-05,0.2014,2.779,1.156,2.144,0.1922,7.775,0.4608,8.047
2022-04-13T00:35:26,40055.94,3032.04,103.51,0.2313,15.06,58.1,17.76,84.22,5.585,153.83,0.5312,0.02122,0.006151,2.071,1.462,2.05,1.401,3.616,156.08,12.7,0.806,1.457,0.5302,2.229,414.26,0.9534,47.48,0.7147,11.7,2.687e-05,0.2014,2.779,1.157,2.144,0.1922,7.774,0.4608,8.053
2022-04-13T00:35:56,40048.84,3031.38,103.48,0.2313,15.06,58.2,17.75,84.18,5.584,153.84,0.5312,0.02119,0.006151,2.071,1.462,2.05,1.4,3.616,156.04,12.7,0.806,1.458,0.5302,2.23,414.16,0.9529,47.46,0.7147,11.71,2.686e-05,0.2014,2.779,1.156,2.144,0.1923,7.774,0.4607,8.053
2022-04-13T00:36:26,40047.2,3031.45,103.48,0.2311,15.06,58.2,17.75,84.19,5.58,153.87,0.5312,0.02117,0.00613,2.071,1.462,2.05,1.401,3.611,156.06,12.7,0.8016,1.457,0.5302,2.229,414.14,0.9529,47.45,0.7145,11.7,2.686e-05,0.2014,2.778,1.156,2.144,0.1922,7.771,0.4608,8.05
2022-04-13T00:36:56,40045.04,3032.31,103.52,0.2314,15.06,58.1,17.75,84.19,5.582,153.95,0.5312,0.02119,0.00613,2.071,1.462,2.05,1.401,3.613,156.07,12.7,0.8016,1.457,0.5302,2.229,414.12,0.9529,47.46,0.7144,11.7,2.687e-05,0.2014,2.779,1.156,2.144,0.1921,7.773,0.4608,8.049
2022-04-13T00:37:26,40040.61,3031.97,103.46,0.2312,15.12,58.1,17.75,84.23,5.58,153.9,0.5311,0.0212,0.00613,2.071,1.462,2.05,1.402,3.613,156.08,12.7,0.8023,1.457,0.5302,2.229,414.21,0.9529,47.42,0.7141,11.7,2.687e-05,0.2014,2.777,1.156,2.144,0.1921,7.77,0.4606,8.048
2022-04-13T00:37:56,40038.82,3035.8,103.47,0.2313,15.12,58.1,17.75,84.23,5.58,153.93,0.5289,0.0212,0.00613,2.074,1.462,2.05,1.403,3.613,156.15,12.7,0.8023,1.458,0.5302,2.23,414.26,0.9531,47.41,0.7141,11.7,2.687e-05,0.2012,2.778,1.157,2.144,0.1921,7.762,0.4606,8.041
2022-04-13T00:38:26,40061.45,3037.51,103.52,0.2315,15.12,58.2,17.75,84.25,5.584,153.98,0.5289,0.02127,0.00613,2.074,1.464,2.051,1.404,3.615,156.24,12.7,0.8023,1.458,0.5302,2.233,414.3,0.9535,47.46,0.7146,11.72,2.694e-05,0.2018,2.781,1.157,2.146,0.1921,7.771,0.4606,8.047
2022-04-13T00:38:56,40053.13,3037.28,103.5,0.2314,15.12,58.2,17.75,84.26,5.583,153.92,0.5289,0.02123,0.00613,2.074,1.465,2.051,1.404,3.611,156.21,12.7,0.8023,1.458,0.5302,2.23,414.35,0.9531,47.44,0.7144,11.72,2.689e-05,0.2014,2.778,1.156,2.144,0.1921,7.761,0.4608,8.047
2022-04-13T00:39:26,40057.58,3036.81,103.66,0.2312,15.12,58.2,17.75,84.26,5.581,153.93,0.5286,0.02123,0.006131,2.074,1.465,2.051,1.404,3.611,156.19,12.7,0.8023,1.458,0.5411,2.231,414.35,0.953,47.48,0.7146,11.72,2.689e-05,0.2014,2.779,1.157,2.144,0.1921,7.76,0.4608,8.047
2022-04-13T00:39:56,40078.26,3038.06,103.77,0.2315,15.12,58.2,17.76,84.29,5.582,154.18,0.5289,0.02121,0.006131,2.074,1.465,2.053,1.404,3.617,156.23,12.7,0.8023,1.458,0.5411,2.234,414.54,0.9537,47.51,0.7152,11.72,2.693e-05,0.2018,2.781,1.157,2.145,0.1922,7.76,0.4607,8.048
2022-04-13T00:40:26,40079.5,3037.47,103.71,0.2313,15.12,58.2,17.75,84.24,5.583,154.03,0.5304,0.02121,0.006131,2.074,1.466,2.053,1.406,3.617,156.29,12.7,0.8023,1.462,0.5411,2.233,414.61,0.9526,47.52,0.7153,11.72,2.688e-05,0.2016,2.781,1.158,2.145,0.1922,7.769,0.4606,8.042
2022-04-13T00:40:56,40068.4,3036.85,103.75,0.2315,15.12,58.2,17.75,84.23,5.579,154,0.5302,0.02118,0.006131,2.074,1.466,2.052,1.405,3.617,156.31,12.7,0.803,1.462,0.5411,2.234,414.63,0.953,47.57,0.7151,11.69,2.685e-05,0.2016,2.781,1.158,2.145,0.1922,7.768,0.461,8.042
2022-04-13T00:41:26,40055.21,3036.14,103.69,0.2315,15.12,58.2,17.75,84.12,5.582,153.97,0.5302,0.02118,0.006131,2.072,1.466,2.051,1.405,3.617,156.23,12.7,0.803,1.462,0.5411,2.234,414.44,0.9526,47.5,0.715,11.67,2.684e-05,0.2016,2.781,1.157,2.145,0.1921,7.764,0.4608,8.047
2022-04-13T00:41:56,40058,3038.42,103.75,0.2316,15.1,58.2,17.75,84.13,5.581,153.99,0.5301,0.02117,0.006131,2.072,1.466,2.052,1.405,3.615,156.24,12.7,0.803,1.455,0.5411,2.234,414.4,0.9525,47.51,0.7151,11.69,2.684e-05,0.2015,2.781,1.158,2.144,0.1921,7.764,0.4608,8.042
2022-04-13T00:42:26,40055.24,3037.77,103.72,0.2315,15.1,58.1,17.74,84.12,5.579,154.04,0.5301,0.02116,0.006131,2.073,1.465,2.052,1.405,3.615,156.29,12.7,0.803,1.456,0.5411,2.233,414.47,0.9525,47.49,0.7152,11.69,2.681e-05,0.2015,2.781,1.157,2.144,0.1921,7.757,0.4604,8.047
2022-04-13T00:42:56,40059.61,3038.49,103.73,0.2315,15.1,58.1,17.74,84.12,5.578,154.05,0.5312,0.02115,0.006131,2.073,1.465,2.052,1.405,3.621,156.25,12.7,0.803,1.455,0.5411,2.233,414.46,0.9525,47.52,0.7157,11.72,2.674e-05,0.2014,2.781,1.157,2.144,0.1921,7.753,0.4607,8.043
2022-04-13T00:43:26,40065.33,3039.2,103.8,0.2316,15.1,58.1,17.75,84.11,5.582,154.04,0.5312,0.02116,0.006131,2.073,1.465,2.052,1.405,3.621,156.31,12.7,0.8016,1.462,0.5411,2.233,414.5,0.953,47.51,0.716,11.7,2.675e-05,0.2014,2.781,1.157,2.144,0.1921,7.758,0.461,8.042
2022-04-13T00:43:56,40065.2,3039,103.87,0.2315,15.1,58.1,17.75,84.12,5.58,154.05,0.5304,0.02115,0.006131,2.073,1.466,2.052,1.406,3.621,156.42,12.7,0.8016,1.461,0.5411,2.234,414.47,0.9531,47.52,0.7159,11.7,2.674e-05,0.2016,2.781,1.158,2.145,0.1921,7.759,0.4609,8.041
2022-04-13T00:44:26,40060.29,3038.22,103.88,0.2313,15.16,58.2,17.75,84.06,5.586,153.96,0.5292,0.02114,0.006122,2.073,1.466,2.055,1.405,3.648,156.35,12.7,0.8016,1.461,0.5411,2.234,414.49,0.953,47.52,0.7159,11.7,2.667e-05,0.2015,2.781,1.157,2.145,0.1921,7.759,0.4607,8.04
2022-04-13T00:44:56,40063.2,3038.26,103.86,0.2313,15.16,58.2,17.74,83.98,5.586,153.98,0.5292,0.02115,0.006122,2.073,1.466,2.055,1.405,3.653,156.35,12.7,0.8016,1.461,0.5411,2.234,414.38,0.9525,47.51,0.7159,11.7,2.665e-05,0.2015,2.781,1.157,2.144,0.1921,7.763,0.4609,8.037
2022-04-13T00:45:26,40072.03,3038.58,103.92,0.2315,15.11,58.2,17.75,83.97,5.588,154.09,0.5292,0.02116,0.006122,2.073,1.466,2.055,1.407,3.65,156.44,12.7,0.8016,1.461,0.5411,2.235,414.57,0.9529,47.51,0.7161,11.7,2.669e-05,0.2015,2.781,1.158,2.145,0.1921,7.764,0.4611,8.038
2022-04-13T00:45:56,40070.25,3037.97,103.94,0.2316,15.11,58.2,17.75,83.99,5.587,154.08,0.5292,0.02118,0.006122,2.073,1.466,2.055,1.406,3.648,156.44,12.7,0.8016,1.461,0.5411,2.235,414.55,0.953,47.51,0.7161,11.7,2.671e-05,0.2013,2.781,1.158,2.145,0.1922,7.767,0.4611,8.038
2022-04-13T00:46:26,40064.18,3038.02,103.95,0.2316,15.11,58.2,17.74,83.99,5.587,154.08,0.5291,0.02116,0.006122,2.073,1.466,2.055,1.406,3.648,156.38,12.7,0.8016,1.461,0.5411,2.234,414.53,0.9526,47.51,0.7161,11.72,2.671e-05,0.2013,2.781,1.158,2.145,0.1922,7.766,0.461,8.038
2022-04-13T00:46:56,40067.82,3038,103.93,0.2316,15.12,58.2,17.74,83.97,5.587,154.1,0.5276,0.02115,0.006116,2.073,1.467,2.055,1.406,3.648,156.41,12.7,0.8016,1.461,0.5411,2.234,414.54,0.9525,47.5,0.7159,11.72,2.67e-05,0.2014,2.781,1.157,2.144,0.1921,7.767,0.4609,8.038
2022-04-13T00:47:26,40045.65,3037.3,103.83,0.2315,15.12,58.2,17.73,83.96,5.59,153.94,0.5277,0.02114,0.006116,2.073,1.466,2.054,1.406,3.651,156.4,12.7,0.8016,1.459,0.5411,2.234,414.52,0.9522,47.49,0.7157,11.72,2.668e-05,0.2014,2.779,1.157,2.144,0.192,7.766,0.4608,8.034
2022-04-13T00:47:56,40038.09,3036.46,103.69,0.2309,15.12,58.1,17.71,83.92,5.587,153.82,0.5297,0.0211,0.006116,2.073,1.466,2.054,1.404,3.651,156.31,12.7,0.8016,1.459,0.5411,2.231,414.27,0.9509,47.47,0.7145,11.69,2.663e-05,0.2011,2.777,1.156,2.142,0.192,7.755,0.4603,8.034
2022-04-13T00:48:26,40026.41,3035.3,103.6,0.2308,15.12,58.1,17.72,83.85,5.587,153.79,0.5297,0.0211,0.006116,2.073,1.465,2.053,1.402,3.646,156.17,12.7,0.8027,1.459,0.5411,2.23,413.97,0.9506,47.42,0.7146,11.67,2.66e-05,0.2008,2.775,1.156,2.141,0.1919,7.753,0.4601,8.032
2022-04-13T00:48:56,40032.37,3035.71,103.65,0.2311,15.12,58.1,17.72,83.86,5.581,153.84,0.5297,0.02108,0.006116,2.07,1.464,2.053,1.403,3.643,156.17,12.7,0.8027,1.455,0.5411,2.229,413.94,0.9507,47.44,0.7148,11.68,2.662e-05,0.2009,2.775,1.155,2.141,0.1918,7.716,0.4602,8.03
2022-04-13T00:49:26,40029.65,3035.46,103.65,0.2313,15.12,58.2,17.72,83.86,5.581,153.9,0.5296,0.0211,0.006116,2.07,1.463,2.053,1.402,3.643,156.18,12.76,0.8027,1.455,0.5411,2.229,413.91,0.951,47.43,0.7149,11.68,2.663e-05,0.2009,2.775,1.155,2.14,0.1918,7.715,0.46,8.023
2022-04-13T00:49:56,40033.76,3036,103.76,0.2313,15.14,58.1,17.72,83.85,5.58,153.85,0.5296,0.0211,0.0061,2.07,1.463,2.053,1.403,3.642,156.19,12.76,0.802,1.455,0.5411,2.23,413.9,0.951,47.4,0.715,11.68,2.667e-05,0.201,2.776,1.156,2.141,0.1919,7.709,0.4601,8.021
2022-04-13T00:50:26,40025.46,3035.44,103.74,0.2312,15.14,58.1,17.73,83.87,5.594,153.83,0.5282,0.0211,0.006098,2.07,1.463,2.053,1.404,3.642,156.21,12.61,0.802,1.455,0.5361,2.229,413.94,0.9505,47.43,0.7151,11.69,2.665e-05,0.201,2.775,1.155,2.141,0.1919,7.708,0.4604,8.027
2022-04-13T00:50:56,40013.72,3034.06,103.58,0.2312,15.12,58.1,17.71,83.82,5.594,153.69,0.5282,0.02109,0.006098,2.07,1.463,2.052,1.403,3.629,156.11,12.61,0.802,1.455,0.5361,2.227,413.75,0.9502,47.4,0.7149,11.67,2.662e-05,0.2008,2.773,1.155,2.14,0.1917,7.7,0.4599,8.021
2022-04-13T00:51:26,39975.91,3031.62,103.35,0.2311,15.12,58.1,17.69,83.71,5.586,153.44,0.5282,0.02105,0.006098,2.07,1.462,2.05,1.4,3.625,155.99,12.6,0.8029,1.454,0.5361,2.222,413.13,0.9493,47.37,0.7144,11.64,2.658e-05,0.2,2.769,1.154,2.136,0.1916,7.683,0.4593,8.008
2022-04-13T00:51:56,39950.34,3029.34,103.23,0.2303,15.12,58.1,17.68,83.57,5.58,153.22,0.526,0.02104,0.006098,2.072,1.459,2.049,1.398,3.612,155.67,12.6,0.8029,1.454,0.5358,2.22,412.8,0.9487,47.34,0.7143,11.64,2.642e-05,0.1999,2.766,1.151,2.134,0.1915,7.675,0.4589,8.01
2022-04-13T00:52:26,39935.54,3028,103.19,0.2304,15.12,57.9,17.66,83.51,5.575,153.2,0.526,0.02104,0.006098,2.072,1.458,2.049,1.397,3.616,155.63,12.48,0.8029,1.454,0.5358,2.219,412.54,0.9482,47.23,0.7133,11.6,2.64e-05,0.1996,2.765,1.15,2.134,0.1915,7.67,0.4584,7.998
2022-04-13T00:52:56,39930.43,3028.99,103.18,0.2303,15.08,57.9,17.67,83.49,5.575,153.23,0.5259,0.02105,0.006116,2.072,1.457,2.048,1.398,3.614,155.67,12.48,0.8029,1.448,0.5358,2.221,412.73,0.9484,47.24,0.7136,11.65,2.643e-05,0.1996,2.768,1.15,2.134,0.1916,7.677,0.4584,7.995
2022-04-13T00:53:26,39948.97,3028.74,103.22,0.2302,15.08,57.9,17.67,83.49,5.572,153.21,0.5259,0.02105,0.006116,2.072,1.456,2.049,1.4,3.617,155.64,12.48,0.8029,1.448,0.5358,2.221,412.81,0.9487,47.22,0.7137,11.65,2.644e-05,0.2,2.768,1.15,2.134,0.1916,7.675,0.4583,7.997
2022-04-13T00:53:56,39963.03,3029.04,103.23,0.2304,15.08,57.9,17.69,83.5,5.575,153.27,0.5259,0.02105,0.006131,2.072,1.457,2.05,1.4,3.623,155.69,12.48,0.8029,1.45,0.5358,2.223,412.92,0.9486,47.25,0.714,11.68,2.645e-05,0.2001,2.769,1.151,2.135,0.1916,7.676,0.4586,7.998
2022-04-13T00:54:26,39959.18,3029.07,103.25,0.2303,15.08,57.9,17.68,83.49,5.576,153.26,0.5259,0.02104,0.006135,2.072,1.458,2.05,1.4,3.626,155.7,12.48,0.8029,1.451,0.5358,2.223,412.97,0.9486,47.28,0.7139,11.66,2.643e-05,0.2001,2.77,1.151,2.134,0.1917,7.672,0.4586,7.999
2022-04-13T00:54:56,39958.93,3029.24,103.17,0.23,15.08,57.9,17.68,83.47,5.574,153.28,0.524,0.02104,0.006136,2.072,1.458,2.05,1.4,3.626,155.7,12.48,0.8029,1.451,0.5358,2.223,412.9,0.9485,47.32,0.7139,11.66,2.639e-05,0.2,2.769,1.151,2.134,0.1916,7.67,0.4586,8.002
2022-04-13T00:55:26,39962.29,3029.33,103.21,0.2299,14.63,57.9,17.68,83.45,5.572,153.27,0.5241,0.02106,0.006136,2.072,1.457,2.05,1.4,3.626,155.66,12.22,0.8029,1.451,0.5358,2.223,412.92,0.9481,47.31,0.7137,11.67,2.641e-05,0.2001,2.769,1.151,2.134,0.1916,7.67,0.4588,8.002
2022-04-13T00:55:56,39950.08,3028.68,103.18,0.23,14.63,57.8,17.68,83.42,5.576,153.21,0.524,0.02101,0.006136,2.072,1.456,2.049,1.398,3.62,155.59,12.22,0.8029,1.45,0.5358,2.222,412.83,0.9481,47.29,0.7136,11.67,2.635e-05,0.2,2.767,1.15,2.134,0.1916,7.668,0.4584,8
2022-04-13T00:56:26,39959.7,3029.02,103.21,0.2301,14.63,57.8,17.68,83.44,5.576,153.31,0.5233,0.02101,0.006136,2.072,1.456,2.047,1.4,3.62,155.7,12.14,0.8029,1.45,0.5358,2.223,412.85,0.9485,47.25,0.7141,11.65,2.64e-05,0.2001,2.769,1.15,2.134,0.1916,7.666,0.4588,8.003
2022-04-13T00:56:56,39960.1,3028.84,103.21,0.23,14.63,57.8,17.68,83.46,5.579,153.31,0.5229,0.02103,0.006136,2.072,1.456,2.046,1.4,3.624,155.66,12.14,0.8029,1.45,0.5358,2.223,412.92,0.9487,47.24,0.7142,11.68,2.64e-05,0.2002,2.769,1.151,2.134,0.1916,7.667,0.4585,8.003
2022-04-13T00:57:26,39973.56,3030.08,103.23,0.2301,14.63,57.8,17.68,83.49,5.579,153.36,0.5228,0.02103,0.006136,2.072,1.457,2.046,1.4,3.63,155.73,12.14,0.8029,1.451,0.5358,2.224,412.97,0.9488,47.21,0.714,11.68,2.642e-05,0.2002,2.769,1.151,2.134,0.1916,7.674,0.4592,8.001
2022-04-13T00:57:56,39961.7,3029.05,103.22,0.2302,14.7,57.8,17.68,83.44,5.578,153.29,0.5228,0.02101,0.006127,2.072,1.458,2.049,1.401,3.623,155.85,12.14,0.8021,1.451,0.5358,2.223,412.96,0.9484,47.22,0.7141,11.68,2.645e-05,0.2003,2.77,1.151,2.135,0.1916,7.678,0.4592,8.001
2022-04-13T00:58:26,39931.04,3026.27,103.04,0.2299,14.7,57.8,17.67,83.44,5.567,153.19,0.5227,0.02099,0.006127,2.071,1.455,2.044,1.398,3.623,155.61,12.14,0.8021,1.451,0.5358,2.222,412.66,0.9477,47.17,0.7136,11.63,2.641e-05,0.1998,2.765,1.15,2.132,0.1914,7.678,0.4586,8.001
2022-04-13T00:58:56,39940.09,3028.23,103.15,0.2302,14.7,57.8,17.68,83.47,5.559,153.27,0.5217,0.02105,0.006127,2.069,1.456,2.045,1.4,3.623,155.67,12.14,0.8021,1.451,0.5358,2.222,412.61,0.9475,47.19,0.7141,11.65,2.642e-05,0.2002,2.766,1.15,2.134,0.1915,7.668,0.4584,7.999
2022-04-13T00:59:26,39937.84,3026.76,103.14,0.2304,14.69,57.8,17.68,83.46,5.563,153.18,0.5216,0.02102,0.006127,2.069,1.457,2.044,1.4,3.613,155.63,12.14,0.8021,1.451,0.5358,2.223,412.72,0.948,47.22,0.7141,11.65,2.641e-05,0.2002,2.768,1.15,2.134,0.1915,7.664,0.459,7.999
2022-04-13T00:59:56,39935.76,3026.74,103.07,0.2307,14.71,57.8,17.68,83.45,5.56,153.18,0.5216,0.02103,0.006127,2.069,1.457,2.044,1.4,3.613,155.61,12.14,0.8021,1.451,0.5358,2.223,412.77,0.9479,47.21,0.7139,11.65,2.639e-05,0.2002,2.768,1.151,2.133,0.1915,7.664,0.459,7.999
2022-04-13T01:00:26,39923.6,3024.62,103,0.2304,14.71,57.8,17.68,83.42,5.554,153.1,0.5216,0.02099,0.006116,2.069,1.456,2.043,1.399,3.613,155.53,12.14,0.8032,1.45,0.5358,2.222,412.55,0.9479,47.19,0.7137,11.64,2.636e-05,0.2,2.768,1.15,2.133,0.1914,7.656,0.4587,7.994
2022-04-13T01:00:56,39921.23,3025.83,103.07,0.2304,14.71,57.8,17.68,83.44,5.538,153.11,0.5216,0.02099,0.006127,2.069,1.456,2.046,1.399,3.607,155.52,12.14,0.8032,1.451,0.5358,2.222,412.5,0.9475,47.17,0.7139,11.64,2.637e-05,0.2,2.768,1.15,2.133,0.1915,7.656,0.4586,7.991
2022-04-13T01:01:26,39923.76,3025.82,103.08,0.2304,14.71,57.8,17.67,83.41,5.533,153.2,0.5215,0.02098,0.006127,2.069,1.456,2.046,1.4,3.606,155.59,12.14,0.799,1.451,0.5358,2.222,412.51,0.9477,47.18,0.7139,11.61,2.64e-05,0.2,2.767,1.15,2.133,0.1914,7.664,0.4586,7.991
2022-04-13T01:01:56,39925.22,3025.84,103.09,0.2306,14.71,57.8,17.68,83.41,5.542,153.26,0.5215,0.02098,0.006112,2.069,1.457,2.046,1.4,3.605,155.68,12.14,0.799,1.446,0.5358,2.223,412.53,0.9479,47.22,0.7141,11.62,2.642e-05,0.2001,2.768,1.15,2.133,0.1914,7.671,0.459,7.989
2022-04-13T01:02:26,39927.11,3026.6,103.16,0.2307,14.71,57.8,17.68,83.41,5.537,153.24,0.5207,0.02099,0.006112,2.069,1.458,2.041,1.401,3.63,155.88,12.14,0.799,1.441,0.5358,2.225,412.53,0.9479,47.23,0.7146,11.63,2.65e-05,0.2001,2.768,1.15,2.134,0.1915,7.681,0.46,7.988
2022-04-13T01:02:56,39931.64,3026.94,103.18,0.231,14.71,57.8,17.68,83.4,5.537,153.21,0.5208,0.021,0.006112,2.069,1.458,2.041,1.401,3.63,155.91,12.14,0.8011,1.443,0.5358,2.225,412.62,0.9481,47.24,0.7149,11.62,2.651e-05,0.2001,2.769,1.151,2.134,0.1917,7.693,0.46,7.989
2022-04-13T01:03:26,39913.54,3025.77,103.08,0.2309,14.71,57.8,17.68,83.4,5.532,153.15,0.5209,0.02099,0.006112,2.069,1.458,2.04,1.401,3.627,155.85,12.14,0.7978,1.444,0.5358,2.225,412.69,0.9475,47.25,0.7149,11.6,2.65e-05,0.2,2.767,1.15,2.133,0.1916,7.7,0.4598,7.986
2022-04-13T01:03:56,39886.35,3024.65,102.96,0.2304,14.77,57.8,17.66,83.38,5.532,153.01,0.5209,0.02097,0.006112,2.069,1.456,2.039,1.4,3.615,155.68,12.14,0.7987,1.442,0.5358,2.223,412.38,0.9467,47.23,0.7143,11.58,2.649e-05,0.2,2.764,1.149,2.132,0.1915,7.679,0.4589,7.982
2022-04-13T01:04:26,39885.99,3024.66,102.95,0.2306,14.77,57.8,17.66,83.38,5.521,152.95,0.5214,0.02092,0.006097,2.069,1.454,2.039,1.399,3.615,155.64,12.14,0.7987,1.441,0.5358,2.223,411.91,0.9467,47.25,0.7143,11.58,2.644e-05,0.1997,2.764,1.149,2.131,0.1914,7.678,0.459,7.982
2022-04-13T01:04:56,39875.51,3023.86,102.78,0.2303,14.74,57.6,17.66,83.38,5.518,152.67,0.5197,0.02091,0.006097,2.069,1.454,2.038,1.398,3.615,155.62,12.14,0.7987,1.443,0.5358,2.223,411.83,0.9467,47.26,0.7142,11.58,2.64e-05,0.1997,2.763,1.147,2.131,0.1914,7.67,0.4586,7.983
2022-04-13T01:05:26,39861.7,3022.65,102.76,0.2301,14.74,57.8,17.65,83.31,5.517,152.58,0.5196,0.0209,0.006097,2.069,1.454,2.037,1.399,3.604,155.56,12.14,0.7995,1.443,0.5358,2.222,411.69,0.9465,47.25,0.7134,11.58,2.637e-05,0.1994,2.761,1.147,2.129,0.1913,7.665,0.4582,7.982
2022-04-13T01:05:56,39890.67,3023.12,102.83,0.2304,14.74,57.8,17.65,83.37,5.517,152.67,0.5195,0.02089,0.006097,2.06,1.454,2.039,1.399,3.6,155.62,12.14,0.7995,1.439,0.5358,2.222,411.89,0.9468,47.27,0.714,11.6,2.644e-05,0.1995,2.763,1.148,2.131,0.1913,7.663,0.4585,7.98
2022-04-13T01:06:26,39863.66,3022.57,102.8,0.2305,14.74,57.6,17.65,83.33,5.521,152.62,0.5195,0.0209,0.006097,2.054,1.455,2.037,1.398,3.601,155.6,12.14,0.7995,1.439,0.5358,2.223,411.85,0.9468,47.24,0.714,11.59,2.642e-05,0.1995,2.763,1.148,2.13,0.1914,7.662,0.4583,7.979
2022-04-13T01:06:56,39860.28,3021.49,102.78,0.2305,14.74,57.6,17.64,83.17,5.517,152.54,0.5195,0.0209,0.00609,2.054,1.455,2.036,1.398,3.597,155.5,12.14,0.7995,1.443,0.5358,2.222,411.85,0.9467,47.23,0.7137,11.59,2.641e-05,0.1995,2.761,1.148,2.13,0.1914,7.662,0.4583,7.973
2022-04-13T01:07:26,39830.92,3019.89,102.75,0.2298,14.66,57.6,17.61,82.99,5.514,152.27,0.5195,0.02087,0.00609,2.045,1.455,2.035,1.395,3.589,155.27,12.14,0.7995,1.438,0.5358,2.218,411.44,0.9454,47.14,0.7124,11.54,2.632e-05,0.1991,2.758,1.146,2.126,0.1912,7.64,0.4565,7.972
2022-04-13T01:07:56,39773.24,3016.89,102.44,0.2297,14.61,57.6,17.61,82.97,5.494,152.2,0.5195,0.02085,0.006087,2.044,1.452,2.035,1.395,3.571,155.31,12.14,0.7995,1.438,0.5358,2.216,411.22,0.9446,47.08,0.7121,11.52,2.629e-05,0.199,2.755,1.144,2.125,0.191,7.632,0.4565,7.968
2022-04-13T01:08:26,39763.94,3016.14,102.47,0.2297,14.61,57.6,17.6,82.92,5.499,152.23,0.5173,0.02085,0.00608,2.044,1.451,2.034,1.394,3.573,155.3,12.14,0.7995,1.436,0.5358,2.216,411.01,0.9442,47.09,0.7122,11.52,2.632e-05,0.1991,2.757,1.144,2.125,0.191,7.626,0.4563,7.965
2022-04-13T01:08:56,39754.6,3016.15,102.45,0.2296,14.6,57.6,17.61,82.9,5.495,152.13,0.5175,0.02084,0.00608,2.044,1.45,2.033,1.394,3.574,155.32,12.14,0.7977,1.433,0.5358,2.216,410.89,0.9445,47.11,0.7121,11.51,2.626e-05,0.199,2.756,1.144,2.125,0.1909,7.62,0.4563,7.956
2022-04-13T01:09:26,39751.07,3016.07,102.36,0.2297,14.6,57.6,17.6,82.89,5.487,152.04,0.5175,0.02086,0.00608,2.042,1.45,2.025,1.394,3.575,155.33,12.2,0.7977,1.433,0.5358,2.215,410.96,0.9444,47.09,0.712,11.52,2.611e-05,0.199,2.756,1.144,2.125,0.1909,7.62,0.4562,7.956
2022-04-13T01:09:56,39739.56,3015.54,102.37,0.2295,14.6,57.6,17.6,82.84,5.492,151.91,0.5175,0.02083,0.006079,2.042,1.451,2.024,1.394,3.575,155.29,12.2,0.7977,1.433,0.5358,2.215,410.86,0.9444,46.98,0.7115,11.53,2.602e-05,0.1988,2.755,1.143,2.124,0.1909,7.617,0.4558,7.956
2022-04-13T01:10:26,39748.24,3015.98,102.35,0.2296,14.6,57.5,17.6,82.85,5.488,151.89,0.5177,0.02084,0.006079,2.042,1.45,2.024,1.394,3.571,155.32,12.2,0.7977,1.435,0.5358,2.214,410.86,0.9444,46.99,0.7119,11.54,2.615e-05,0.1989,2.757,1.143,2.123,0.1908,7.617,0.456,7.956
2022-04-13T01:10:56,39793.88,3017.45,102.47,0.2298,14.6,57.5,17.61,82.92,5.497,152.09,0.5178,0.02092,0.006079,2.042,1.451,2.027,1.396,3.577,155.42,12.2,0.7977,1.438,0.5358,2.217,411.15,0.945,47.06,0.712,11.55,2.621e-05,0.1991,2.761,1.146,2.126,0.1911,7.628,0.4565,7.958
2022-04-13T01:11:26,39780.54,3017.96,102.6,0.2299,14.62,57.5,17.61,82.92,5.498,152.12,0.5173,0.02091,0.006079,2.042,1.45,2.026,1.396,3.577,155.47,12.2,0.7977,1.44,0.5358,2.218,411.15,0.9452,47.05,0.7121,11.55,2.618e-05,0.1994,2.76,1.145,2.126,0.191,7.638,0.4566,7.964
2022-04-13T01:11:56,39756.23,3017.2,102.5,0.23,14.62,57.5,17.61,82.94,5.494,152.09,0.5174,0.02088,0.006079,2.042,1.451,2.025,1.395,3.577,155.46,12.2,0.7977,1.44,0.5358,2.219,411.06,0.9446,47.05,0.712,11.55,2.616e-05,0.1994,2.76,1.145,2.126,0.191,7.635,0.4565,7.956
2022-04-13T01:12:26,39745.73,3016.65,102.39,0.2298,14.62,57.5,17.61,82.93,5.495,152.07,0.5189,0.02086,0.006079,2.042,1.45,2.027,1.394,3.571,155.47,12.21,0.7977,1.44,0.5358,2.218,410.98,0.9445,47.04,0.7118,11.55,2.614e-05,0.1994,2.759,1.144,2.125,0.1911,7.627,0.4564,7.957
2022-04-13T01:12:56,39735.06,3014.72,102.33,0.2294,14.62,57.5,17.62,82.92,5.493,152.1,0.5189,0.02085,0.006079,2.039,1.449,2.026,1.394,3.571,155.43,12.21,0.7977,1.44,0.5358,2.218,410.9,0.9434,47.02,0.7119,11.52,2.608e-05,0.1991,2.756,1.144,2.124,0.1911,7.626,0.4564,7.956
2022-04-13T01:13:26,39752.83,3014.98,102.42,0.2296,14.62,57.5,17.61,82.92,5.492,152.15,0.5189,0.02085,0.006079,2.041,1.449,2.027,1.394,3.576,155.44,12.21,0.7977,1.435,0.5358,2.217,410.82,0.9435,47.09,0.712,11.53,2.613e-05,0.1993,2.758,1.145,2.124,0.1911,7.628,0.456,7.954
2022-04-13T01:13:56,39737.47,3014.75,102.41,0.2297,14.62,57.5,17.61,82.93,5.493,152.12,0.5189,0.02087,0.006079,2.041,1.449,2.027,1.395,3.577,155.49,12.21,0.7977,1.435,0.5358,2.217,410.84,0.9439,47.05,0.7121,11.52,2.613e-05,0.1991,2.758,1.144,2.124,0.1912,7.638,0.4557,7.954
2022-04-13T01:14:26,39762.21,3015.14,102.49,0.2299,14.65,57.5,17.62,82.95,5.493,152.18,0.5189,0.02087,0.006079,2.041,1.45,2.028,1.395,3.577,155.5,12.21,0.7977,1.435,0.5358,2.219,411.03,0.9434,47.1,0.7121,11.52,2.614e-05,0.1991,2.76,1.145,2.125,0.1912,7.647,0.4561,7.954
2022-04-13T01:14:56,39775.01,3016.06,102.61,0.23,14.68,57.5,17.63,83,5.496,152.25,0.5189,0.0209,0.006079,2.041,1.45,2.029,1.396,3.577,155.6,12.21,0.7977,1.439,0.5358,2.22,411.38,0.9442,47.12,0.7126,11.56,2.617e-05,0.1995,2.762,1.146,2.126,0.1913,7.652,0.4566,7.963
2022-04-13T01:15:26,39771.07,3016.6,102.53,0.2299,14.64,57.5,17.63,82.98,5.506,152.15,0.5189,0.0209,0.006079,2.041,1.45,2.028,1.396,3.576,155.63,12.2,0.7977,1.441,0.5358,2.219,411.42,0.9438,47.12,0.7127,11.55,2.612e-05,0.1997,2.76,1.145,2.126,0.1914,7.648,0.4563,7.963
2022-04-13T01:15:56,39770.88,3017.48,102.55,0.2301,14.64,57.6,17.62,82.96,5.505,152.19,0.5198,0.0209,0.006079,2.041,1.45,2.028,1.395,3.572,155.63,12.2,0.7977,1.441,0.5358,2.218,411.42,0.9457,47.12,0.7127,11.55,2.62e-05,0.1993,2.76,1.145,2.125,0.1914,7.651,0.4569,7.956
2022-04-13T01:16:26,39780.44,3018.44,102.54,0.2301,14.64,57.6,17.63,82.97,5.507,152.22,0.5198,0.02089,0.00606,2.041,1.451,2.029,1.396,3.578,155.63,12.19,0.7977,1.441,0.5358,2.22,411.29,0.9459,47.12,0.7127,11.55,2.621e-05,0.1994,2.76,1.145,2.127,0.1913,7.669,0.4573,7.959
2022-04-13T01:16:56,39775.92,3018.1,102.52,0.2305,14.64,57.7,17.63,82.98,5.504,152.32,0.5187,0.02089,0.00606,2.041,1.452,2.029,1.396,3.575,155.68,12.19,0.7977,1.441,0.5358,2.22,411.24,0.946,47.14,0.7125,11.57,2.62e-05,0.1995,2.761,1.145,2.127,0.1913,7.671,0.4571,7.959
2022-04-13T01:17:26,39748,3017.27,102.49,0.2305,14.64,57.7,17.63,82.95,5.504,152.26,0.5187,0.02084,0.006078,2.041,1.45,2.027,1.394,3.573,155.82,12.19,0.7977,1.441,0.5358,2.217,411.2,0.9455,47.09,0.7123,11.57,2.617e-05,0.1993,2.759,1.145,2.126,0.1913,7.665,0.457,7.96
2022-04-13T01:17:56,39713.26,3013.18,102.45,0.2295,14.64,57.5,17.6,82.91,5.504,151.97,0.5173,0.02077,0.006078,2.036,1.447,2.025,1.392,3.573,155.64,12.19,0.7977,1.439,0.5358,2.214,410.59,0.9448,47.04,0.7116,11.57,2.611e-05,0.1989,2.756,1.143,2.124,0.1911,7.651,0.4567,7.951
2022-04-13T01:18:26,39669.37,3013.67,102.28,0.2296,14.65,57.5,17.6,82.88,5.499,151.92,0.5173,0.02078,0.006078,2.037,1.446,2.023,1.392,3.567,155.63,12.19,0.7977,1.44,0.5358,2.214,410.75,0.9446,47.05,0.7118,11.53,2.612e-05,0.1991,2.758,1.142,2.125,0.1911,7.647,0.4561,7.951
2022-04-13T01:18:56,39656.77,3013.03,102.23,0.2295,14.59,57.5,17.59,82.86,5.499,151.92,0.517,0.02076,0.006078,2.037,1.446,2.026,1.391,3.567,155.61,12.19,0.7977,1.436,0.5358,2.212,410.67,0.9441,47.04,0.7116,11.53,2.609e-05,0.1989,2.757,1.142,2.124,0.1911,7.644,0.4561,7.948
2022-04-13T01:19:26,39668.4,3013.72,102.33,0.2295,14.61,57.5,17.61,82.92,5.496,152.11,0.5169,0.0208,0.006078,2.037,1.446,2.026,1.392,3.567,155.67,12.21,0.7977,1.436,0.5527,2.214,410.83,0.9446,47.05,0.7119,11.51,2.614e-05,0.1989,2.758,1.143,2.125,0.1911,7.649,0.4563,7.949
2022-04-13T01:19:56,39681.39,3013.85,102.43,0.2295,14.61,57.5,17.62,83,5.493,152.19,0.5169,0.02082,0.006063,2.037,1.446,2.027,1.393,3.567,155.85,12.21,0.7977,1.436,0.5527,2.214,411.06,0.9452,47.08,0.7123,11.51,2.615e-05,0.1989,2.761,1.144,2.126,0.1912,7.65,0.4568,7.956
2022-04-13T01:20:26,39682.42,3014,102.43,0.2299,14.61,57.5,17.62,82.99,5.493,152.21,0.5169,0.02082,0.006063,2.04,1.446,2.027,1.393,3.568,155.86,12.17,0.7977,1.436,0.5526,2.214,411.13,0.9455,47.08,0.7123,11.51,2.615e-05,0.1989,2.761,1.144,2.127,0.1912,7.65,0.4567,7.955
2022-04-13T01:20:56,39671.88,3013.59,102.36,0.2297,14.61,57.5,17.62,82.96,5.487,152.07,0.5169,0.02077,0.006063,2.04,1.446,2.026,1.391,3.561,155.83,12.17,0.7977,1.436,0.5526,2.212,411.08,0.945,47.08,0.7119,11.51,2.615e-05,0.1991,2.76,1.144,2.126,0.1912,7.652,0.4569,7.954
2022-04-13T01:21:26,39669.6,3013.57,102.01,0.2297,14.61,57.5,17.61,82.96,5.489,152.07,0.5169,0.02077,0.006063,2.04,1.446,2.026,1.392,3.561,155.83,12.19,0.7977,1.436,0.5526,2.211,410.87,0.9454,47.07,0.7118,11.51,2.617e-05,0.1992,2.76,1.144,2.126,0.1912,7.649,0.4571,7.945
2022-04-13T01:21:56,39658.16,3011.5,102.01,0.2297,14.61,57.5,17.6,82.94,5.48,152.05,0.5174,0.02077,0.006063,2.04,1.446,2.026,1.392,3.561,155.78,12.19,0.7977,1.438,0.5526,2.211,410.8,0.9453,47.06,0.7114,11.48,2.617e-05,0.1992,2.76,1.143,2.126,0.1911,7.648,0.457,7.944
2022-04-13T01:22:26,39657.9,3012.2,102.03,0.2296,14.6,57.4,17.6,82.93,5.481,152.1,0.5174,0.02076,0.006063,2.04,1.447,2.026,1.392,3.557,155.81,12.18,0.7977,1.436,0.5526,2.211,410.73,0.9445,47.02,0.7114,11.46,2.617e-05,0.1991,2.759,1.144,2.125,0.1911,7.649,0.4571,7.947
2022-04-13T01:22:56,39675.53,3013.65,102.04,0.2299,14.6,57.4,17.61,82.95,5.484,152.18,0.5174,0.02077,0.006063,2.039,1.447,2.027,1.392,3.557,155.92,12.18,0.7977,1.439,0.5526,2.212,410.98,0.9455,47.02,0.7114,11.48,2.618e-05,0.1991,2.761,1.144,2.125,0.1912,7.665,0.4572,7.947
2022-04-13T01:23:26,39672.58,3013.41,102.03,0.2298,14.6,57.4,17.62,82.97,5.484,152.14,0.5175,0.02076,0.006063,2.043,1.446,2.027,1.392,3.557,155.91,12.18,0.7977,1.439,0.5526,2.211,410.95,0.9452,47.02,0.7115,11.48,2.624e-05,0.1991,2.761,1.144,2.128,0.1912,7.671,0.4573,7.954
2022-04-13T01:23:56,39687.71,3013.94,102.2,0.23,14.6,57.5,17.62,82.99,5.48,152.16,0.5175,0.02076,0.006063,2.04,1.446,2.028,1.392,3.572,155.97,12.18,0.7977,1.439,0.5526,2.212,411.08,0.9459,47.06,0.7119,11.48,2.627e-05,0.1996,2.765,1.145,2.129,0.1912,7.672,0.4577,7.951
2022-04-13T01:24:26,39651.59,3012.96,102.04,0.2301,14.6,57.6,17.62,82.98,5.478,152.1,0.5175,0.02074,0.006063,2.04,1.447,2.026,1.391,3.566,155.9,12.18,0.7977,1.436,0.5526,2.21,410.82,0.945,47.03,0.7114,11.47,2.626e-05,0.1993,2.763,1.144,2.128,0.1912,7.677,0.4571,7.949
2022-04-13T01:24:56,39653,3012.78,102.08,0.2301,14.6,57.5,17.62,82.98,5.482,152.1,0.5176,0.02077,0.006063,2.036,1.446,2.026,1.392,3.566,155.88,12.18,0.7977,1.436,0.5526,2.212,410.99,0.9448,47.04,0.7111,11.49,2.631e-05,0.1995,2.763,1.145,2.129,0.1911,7.676,0.4572,7.948
2022-04-13T01:25:26,39648.87,3012.44,102.04,0.2301,14.6,57.5,17.62,82.96,5.478,152.07,0.5181,0.02078,0.006063,2.037,1.447,2.026,1.392,3.566,155.82,12.16,0.7977,1.436,0.5526,2.212,410.86,0.9449,47.02,0.7111,11.49,2.629e-05,0.1995,2.764,1.145,2.128,0.1911,7.683,0.4572,7.948
2022-04-13T01:25:56,39653.93,3012.91,102.05,0.23,14.6,57.5,17.62,82.95,5.48,152.08,0.5182,0.02079,0.006063,2.037,1.446,2.026,1.392,3.568,155.85,12.16,0.7977,1.436,0.5526,2.211,410.9,0.9445,47.02,0.7111,11.49,2.631e-05,0.1996,2.765,1.145,2.128,0.1912,7.682,0.4571,7.95
2022-04-13T01:26:26,39662.75,3013.79,102.14,0.2301,14.6,57.5,17.63,82.97,5.476,152.07,0.5182,0.02081,0.006086,2.035,1.446,2.027,1.393,3.568,155.9,12.13,0.7977,1.436,0.5526,2.211,410.99,0.9449,47.03,0.7111,11.49,2.632e-05,0.1996,2.765,1.146,2.129,0.1912,7.681,0.4571,7.949
2022-04-13T01:26:56,39653.37,3012.44,102.08,0.23,14.6,57.5,17.62,82.98,5.473,152.03,0.5182,0.02082,0.006086,2.035,1.446,2.026,1.391,3.568,155.89,12.13,0.7977,1.436,0.5526,2.21,410.9,0.9447,47.03,0.7109,11.49,2.628e-05,0.1997,2.763,1.145,2.129,0.1912,7.684,0.457,7.95
2022-04-13T01:27:26,39637.59,3011.48,102.07,0.2299,14.6,57.5,17.6,82.91,5.471,152.02,0.5181,0.0208,0.006089,2.035,1.446,2.025,1.391,3.567,155.87,12.13,0.7977,1.438,0.5526,2.21,410.77,0.9442,46.99,0.7108,11.48,2.626e-05,0.1995,2.762,1.145,2.128,0.1912,7.682,0.4568,7.951
2022-04-13T01:27:56,39627.42,3011.31,102.07,0.2297,14.6,57.5,17.6,82.87,5.475,151.96,0.5184,0.02079,0.006098,2.035,1.446,2.025,1.391,3.566,155.85,12.13,0.7977,1.438,0.5526,2.21,410.78,0.9446,46.92,0.7108,11.48,2.627e-05,0.1995,2.761,1.145,2.127,0.1912,7.679,0.4566,7.945
2022-04-13T01:28:26,39606.9,3010.48,102.04,0.2298,14.6,57.5,17.6,82.87,5.474,151.99,0.5184,0.02078,0.006083,2.035,1.446,2.024,1.39,3.558,155.82,12.13,0.7977,1.436,0.5526,2.21,410.66,0.9442,46.9,0.7109,11.48,2.625e-05,0.1993,2.761,1.145,2.126,0.1911,7.677,0.4567,7.944
2022-04-13T01:28:56,39613.76,3009.93,101.94,0.2298,14.6,57.5,17.6,82.85,5.475,151.91,0.5184,0.02078,0.006083,2.032,1.446,2.027,1.39,3.563,155.74,12.13,0.7977,1.433,0.5531,2.21,410.62,0.9438,46.88,0.7108,11.47,2.626e-05,0.1993,2.761,1.145,2.127,0.1911,7.672,0.4567,7.944
2022-04-13T01:29:26,39609.07,3009.34,101.99,0.2299,14.67,57.5,17.6,82.82,5.471,151.91,0.5182,0.02079,0.006083,2.031,1.446,2.027,1.39,3.563,155.7,12.13,0.7977,1.433,0.5531,2.21,410.63,0.9436,46.87,0.7105,11.5,2.628e-05,0.1993,2.76,1.145,2.127,0.1911,7.673,0.4569,7.944
2022-04-13T01:29:56,39626.26,3010.41,102,0.2301,14.67,57.5,17.61,82.85,5.47,151.95,0.5182,0.02085,0.006083,2.031,1.446,2.029,1.39,3.563,155.75,12.13,0.7977,1.433,0.5526,2.21,410.89,0.9441,46.8,0.7106,11.5,2.635e-05,0.1993,2.762,1.145,2.129,0.1912,7.675,0.4571,7.95
2022-04-13T01:30:26,39617.31,3008.97,102,0.2303,14.67,57.5,17.61,82.85,5.47,151.93,0.5181,0.02084,0.006083,2.031,1.445,2.029,1.39,3.563,155.75,12.13,0.7977,1.432,0.5526,2.21,410.87,0.9443,46.8,0.7106,11.5,2.631e-05,0.1993,2.761,1.145,2.129,0.1912,7.674,0.4569,7.949
2022-04-13T01:30:56,39605.99,3008,101.99,0.2306,14.67,57.5,17.61,82.82,5.47,151.91,0.5164,0.02083,0.006083,2.031,1.445,2.028,1.39,3.563,155.68,12.13,0.7977,1.433,0.5526,2.21,410.83,0.9442,46.79,0.7104,11.5,2.626e-05,0.1994,2.76,1.145,2.128,0.1911,7.67,0.4571,7.948
2022-04-13T01:31:26,39623.06,3008.56,102.01,0.2308,14.67,57.5,17.61,82.83,5.471,151.96,0.5168,0.02085,0.006083,2.027,1.445,2.028,1.39,3.562,155.77,12.13,0.7977,1.435,0.5526,2.212,410.83,0.9447,46.81,0.7106,11.49,2.628e-05,0.1995,2.761,1.146,2.129,0.1911,7.67,0.457,7.948
2022-04-13T01:31:56,39684.38,3012.89,102.05,0.2312,14.67,57.5,17.63,82.87,5.473,152.26,0.5168,0.02093,0.006083,2.027,1.446,2.031,1.393,3.581,155.87,12.13,0.7977,1.439,0.5526,2.215,411.26,0.9464,46.87,0.7115,11.52,2.632e-05,0.1998,2.766,1.148,2.131,0.1912,7.682,0.4577,7.952
2022-04-13T01:32:26,39696.61,3012.73,102.3,0.2314,14.67,57.5,17.64,82.88,5.479,152.22,0.5171,0.02092,0.006083,2.027,1.448,2.031,1.394,3.583,155.89,12.13,0.7977,1.44,0.5526,2.215,411.69,0.9463,46.94,0.7116,11.53,2.649e-05,0.2,2.767,1.149,2.133,0.1914,7.689,0.458,7.956
2022-04-13T01:32:56,39700.31,3013.88,102.3,0.2314,14.67,57.5,17.64,82.9,5.486,152.32,0.517,0.021,0.006083,2.028,1.449,2.031,1.394,3.583,155.95,12.13,0.7977,1.441,0.5526,2.215,411.7,0.9466,46.94,0.7119,11.53,2.65e-05,0.2001,2.768,1.149,2.135,0.1915,7.699,0.4582,7.966
2022-04-13T01:33:26,39711.1,3016.02,102.46,0.2317,14.67,57.5,17.65,82.94,5.485,152.37,0.5191,0.021,0.0061,2.028,1.449,2.035,1.395,3.583,156,12.13,0.7977,1.441,0.5456,2.217,411.85,0.9465,46.99,0.712,11.55,2.65e-05,0.2001,2.769,1.15,2.136,0.1916,7.705,0.4585,7.966
2022-04-13T01:33:56,39723.08,3016.51,102.52,0.2319,14.67,57.5,17.66,82.98,5.484,152.52,0.5215,0.02101,0.006086,2.028,1.451,2.036,1.395,3.589,156.09,12.13,0.7977,1.441,0.5456,2.219,412,0.9475,47.01,0.7124,11.59,2.651e-05,0.2004,2.771,1.151,2.136,0.1916,7.714,0.4587,7.967
2022-04-13T01:34:26,39739.9,3017,102.55,0.232,14.67,57.6,17.67,83.02,5.49,152.68,0.5227,0.02101,0.006086,2.032,1.452,2.037,1.395,3.589,156.12,12.13,0.7977,1.441,0.5456,2.22,412.23,0.9475,47.1,0.7126,11.59,2.653e-05,0.2008,2.773,1.152,2.137,0.1918,7.726,0.4588,7.98
2022-04-13T01:34:56,39735.38,3018.02,102.55,0.2322,14.67,57.6,17.66,83.08,5.491,152.67,0.5227,0.02102,0.006086,2.032,1.452,2.036,1.396,3.591,156.19,12.13,0.7977,1.443,0.5456,2.22,412.38,0.9481,47.09,0.7127,11.61,2.659e-05,0.2008,2.774,1.152,2.139,0.1918,7.722,0.459,7.986
2022-04-13T01:35:26,39732.06,3017.79,102.54,0.2322,14.77,57.7,17.67,83.12,5.488,152.65,0.5227,0.02103,0.006086,2.032,1.451,2.036,1.395,3.594,156.06,12.13,0.7977,1.443,0.5456,2.22,412.38,0.9479,47.1,0.7127,11.59,2.659e-05,0.2008,2.774,1.152,2.138,0.1918,7.722,0.4591,7.985
2022-04-13T01:35:56,39735.87,3018.33,102.52,0.2323,14.77,57.7,17.67,83.16,5.485,152.66,0.5227,0.02102,0.006086,2.032,1.45,2.036,1.396,3.599,156.12,12.13,0.7993,1.441,0.5456,2.221,412.29,0.9479,47.11,0.7129,11.56,2.659e-05,0.2006,2.775,1.152,2.139,0.1918,7.716,0.459,7.977
2022-04-13T01:36:26,39790.2,3021.01,102.71,0.2324,14.77,57.6,17.68,83.19,5.488,152.79,0.5225,0.02105,0.006086,2.032,1.451,2.04,1.396,3.599,156.17,12.13,0.7993,1.443,0.5456,2.222,412.62,0.9486,47.16,0.7141,11.6,2.664e-05,0.201,2.777,1.153,2.142,0.1918,7.719,0.4594,7.981
2022-04-13T01:36:56,39803.73,3022.8,102.71,0.2326,14.77,57.7,17.71,83.28,5.49,152.93,0.5228,0.02106,0.006108,2.032,1.453,2.04,1.398,3.602,156.2,12.13,0.7993,1.447,0.5456,2.224,412.89,0.9492,47.2,0.7143,11.6,2.668e-05,0.2011,2.78,1.154,2.142,0.192,7.722,0.4595,7.98
2022-04-13T01:37:26,39789.74,3021.21,102.75,0.2325,14.77,57.7,17.7,83.25,5.49,152.84,0.5242,0.02104,0.006108,2.032,1.453,2.04,1.398,3.602,156.21,12.13,0.8009,1.447,0.5456,2.223,412.58,0.9489,47.2,0.714,11.6,2.676e-05,0.2009,2.779,1.154,2.142,0.192,7.724,0.4595,7.985
2022-04-13T01:37:56,39776.77,3021.22,102.72,0.2324,14.81,57.7,17.7,83.25,5.489,152.79,0.5251,0.02102,0.006108,2.032,1.454,2.039,1.398,3.603,156.19,12.13,0.799,1.448,0.5456,2.223,412.69,0.9488,47.19,0.714,11.6,2.669e-05,0.2009,2.779,1.154,2.142,0.192,7.728,0.4594,7.989
2022-04-13T01:38:26,39775.19,3021.23,102.71,0.2325,14.81,57.7,17.71,83.23,5.486,152.81,0.5254,0.02102,0.006108,2.032,1.453,2.039,1.398,3.602,156.2,12.13,0.799,1.446,0.5456,2.223,412.76,0.9488,47.18,0.7139,11.63,2.681e-05,0.2009,2.779,1.154,2.142,0.192,7.73,0.4596,7.981
2022-04-13T01:38:56,39774.55,3021.36,102.71,0.2325,14.81,57.8,17.7,83.23,5.488,152.81,0.5254,0.021,0.006108,2.032,1.453,2.039,1.398,3.59,156.21,12.13,0.799,1.446,0.5456,2.223,413.16,0.9484,47.2,0.7141,11.63,2.689e-05,0.2009,2.779,1.154,2.142,0.192,7.731,0.4596,7.981
2022-04-13T01:39:26,39787.37,3021.61,102.73,0.2327,14.81,57.8,17.71,83.28,5.486,152.83,0.5254,0.021,0.0061,2.032,1.453,2.04,1.398,3.59,156.27,12.13,0.799,1.446,0.5456,2.223,413.16,0.9489,47.22,0.7141,11.63,2.701e-05,0.2009,2.781,1.154,2.143,0.192,7.735,0.4595,7.996
2022-04-13T01:39:56,39801.87,3021.86,102.74,0.2328,14.81,57.8,17.71,83.31,5.486,152.93,0.5255,0.02102,0.00611,2.031,1.453,2.04,1.399,3.591,156.3,12.13,0.799,1.447,0.5456,2.225,413.37,0.949,47.19,0.7145,11.63,2.699e-05,0.2013,2.782,1.155,2.143,0.1921,7.741,0.4597,7.995
2022-04-13T01:40:26,39792.41,3021.93,102.74,0.2326,14.81,57.8,17.71,83.32,5.488,152.89,0.5255,0.02102,0.00611,2.031,1.453,2.04,1.399,3.592,156.28,12.13,0.799,1.448,0.5456,2.225,413.32,0.9489,47.25,0.7149,11.63,2.695e-05,0.2013,2.781,1.154,2.143,0.192,7.745,0.4601,7.996
2022-04-13T01:40:56,39803.31,3023.2,102.84,0.2327,14.81,57.8,17.72,83.41,5.488,152.96,0.5256,0.02103,0.00611,2.031,1.453,2.044,1.399,3.595,156.36,12.13,0.799,1.445,0.5456,2.225,413.49,0.9494,47.28,0.7147,11.63,2.695e-05,0.2013,2.782,1.155,2.143,0.1921,7.745,0.4603,7.992
2022-04-13T01:41:26,39815.3,3024.91,102.91,0.2328,14.81,57.8,17.72,83.44,5.487,153.04,0.5266,0.02104,0.00611,2.031,1.453,2.044,1.399,3.596,156.41,12.13,0.7994,1.445,0.5456,2.229,413.8,0.9497,47.35,0.7151,11.65,2.69e-05,0.2014,2.782,1.156,2.144,0.1922,7.752,0.4605,7.996
2022-04-13T01:41:56,39828.37,3025.7,102.88,0.2327,14.81,57.8,17.73,83.44,5.486,153.09,0.5279,0.02105,0.00611,2.031,1.455,2.045,1.4,3.596,156.46,12.13,0.7994,1.444,0.5456,2.227,413.8,0.9499,47.41,0.7151,11.66,2.691e-05,0.2014,2.783,1.156,2.144,0.1922,7.757,0.4605,7.998
2022-04-13T01:42:26,39804.7,3023.52,102.85,0.2323,14.81,57.8,17.71,83.37,5.49,152.96,0.528,0.02103,0.00611,2.03,1.456,2.041,1.399,3.597,156.46,12.16,0.7994,1.444,0.5456,2.225,413.74,0.9494,47.37,0.7147,11.66,2.688e-05,0.2014,2.782,1.156,2.143,0.1922,7.757,0.4603,8.001
2022-04-13T01:42:56,39804.09,3023.62,102.86,0.2324,14.81,57.8,17.71,83.37,5.49,152.89,0.528,0.02101,0.00611,2.03,1.455,2.041,1.4,3.595,156.43,12.16,0.7994,1.444,0.5456,2.225,413.68,0.9489,47.37,0.7147,11.66,2.681e-05,0.2014,2.782,1.155,2.142,0.1922,7.743,0.4601,8.001
2022-04-13T01:43:26,39782.25,3023.45,102.74,0.2324,14.81,57.8,17.7,83.34,5.488,152.89,0.528,0.02101,0.00611,2.03,1.455,2.04,1.4,3.596,156.35,12.16,0.7994,1.444,0.5456,2.225,413.4,0.9486,47.4,0.7147,11.66,2.682e-05,0.2014,2.781,1.155,2.142,0.1921,7.733,0.4601,7.997
2022-04-13T01:43:56,39797.22,3024.11,102.81,0.2327,14.81,57.7,17.71,83.39,5.488,152.92,0.528,0.02103,0.00611,2.03,1.455,2.04,1.4,3.593,156.39,12.16,0.7994,1.446,0.5456,2.225,413.34,0.9488,47.42,0.7147,11.64,2.68e-05,0.2014,2.781,1.156,2.142,0.1921,7.73,0.4601,7.998
2022-04-13T01:44:26,39785.74,3023.69,102.78,0.2325,14.81,57.7,17.71,83.4,5.49,152.91,0.528,0.02104,0.00611,2.03,1.455,2.04,1.4,3.593,156.52,12.16,0.7994,1.446,0.5456,2.227,413.26,0.9488,47.43,0.7148,11.64,2.677e-05,0.2008,2.78,1.156,2.142,0.1922,7.738,0.4601,7.992
2022-04-13T01:44:56,39781.35,3022.94,102.73,0.2324,14.76,57.7,17.71,83.38,5.49,152.85,0.528,0.02104,0.00611,2.03,1.455,2.04,1.399,3.599,156.52,12.16,0.7994,1.446,0.5456,2.226,413.28,0.9484,47.4,0.7151,11.64,2.681e-05,0.2008,2.779,1.155,2.141,0.1922,7.737,0.4601,7.992
2022-04-13T01:45:26,39781.35,3022.85,102.71,0.2325,14.76,57.8,17.71,83.38,5.49,152.88,0.5259,0.02104,0.00611,2.03,1.455,2.04,1.399,3.6,156.52,12.16,0.7994,1.446,0.5456,2.226,413.34,0.9489,47.37,0.7152,11.66,2.677e-05,0.2008,2.779,1.156,2.141,0.1922,7.738,0.4602,7.992
2022-04-13T01:45:56,39792.24,3022.79,102.71,0.2324,14.76,57.8,17.71,83.31,5.49,152.93,0.5259,0.02102,0.00611,2.03,1.455,2.041,1.398,3.604,156.48,12.16,0.7995,1.446,0.5456,2.226,413.36,0.9484,47.4,0.7152,11.66,2.671e-05,0.2004,2.779,1.155,2.141,0.1922,7.737,0.4602,7.998
2022-04-13T01:46:26,39790.44,3023.89,102.79,0.2324,14.76,57.8,17.72,83.32,5.49,152.96,0.5259,0.02103,0.00611,2.03,1.455,2.04,1.399,3.604,156.49,12.16,0.7995,1.446,0.5456,2.226,413.4,0.9485,47.42,0.7153,11.7,2.672e-05,0.2008,2.779,1.155,2.141,0.1922,7.738,0.4602,7.993
2022-04-13T01:46:56,39794.31,3025,102.79,0.2325,14.76,57.8,17.72,83.32,5.49,152.89,0.5259,0.02107,0.00611,2.03,1.455,2.041,1.4,3.612,156.54,12.16,0.7995,1.446,0.5456,2.226,413.54,0.949,47.47,0.7152,11.7,2.674e-05,0.2009,2.78,1.155,2.141,0.1922,7.734,0.4604,7.993
2022-04-13T01:47:26,39793.6,3024.87,102.83,0.2324,14.8,57.8,17.72,83.31,5.487,152.93,0.5259,0.02104,0.006095,2.035,1.455,2.041,1.399,3.612,156.47,12.16,0.7995,1.446,0.5456,2.227,413.52,0.9488,47.53,0.7151,11.7,2.68e-05,0.2009,2.78,1.155,2.142,0.1922,7.732,0.4602,7.993
2022-04-13T01:47:56,39786.22,3023.75,102.72,0.2325,14.81,57.8,17.72,83.3,5.482,152.85,0.5258,0.02104,0.006095,2.035,1.455,2.04,1.399,3.616,156.46,12.16,0.8,1.446,0.5456,2.226,413.36,0.9488,47.49,0.715,11.67,2.676e-05,0.2009,2.778,1.155,2.14,0.1922,7.725,0.4601,7.993
2022-04-13T01:48:26,39780.98,3023.43,102.7,0.2326,14.81,57.8,17.71,83.27,5.482,152.84,0.5257,0.02101,0.006095,2.035,1.455,2.04,1.398,3.613,156.45,12.16,0.8,1.446,0.5456,2.226,413.37,0.9482,47.42,0.7148,11.67,2.676e-05,0.2009,2.777,1.154,2.14,0.1921,7.723,0.46,7.992
2022-04-13T01:48:56,39743.86,3022.49,102.65,0.2323,14.8,57.8,17.7,83.2,5.469,152.64,0.5257,0.02097,0.006095,2.035,1.454,2.038,1.396,3.61,156.28,12.16,0.8,1.441,0.5456,2.223,413.17,0.9471,47.34,0.7147,11.67,2.669e-05,0.2003,2.773,1.153,2.137,0.1919,7.723,0.46,7.984
2022-04-13T01:49:26,39748.16,3020.1,102.47,0.2324,14.77,57.8,17.69,83.23,5.471,152.58,0.5238,0.02097,0.006095,2.035,1.452,2.038,1.396,3.609,156.34,12.16,0.8,1.441,0.5456,2.223,413.07,0.9466,47.27,0.7147,11.67,2.67e-05,0.2005,2.775,1.153,2.137,0.1919,7.726,0.4595,7.986
2022-04-13T01:49:56,39748.44,3019.94,102.49,0.2323,14.74,57.8,17.69,83.23,5.473,152.6,0.5252,0.02101,0.00611,2.035,1.452,2.038,1.396,3.61,156.34,12.16,0.8,1.441,0.5456,2.224,413.09,0.9476,47.26,0.7148,11.66,2.671e-05,0.2004,2.775,1.153,2.138,0.1919,7.732,0.4592,7.982
2022-04-13T01:50:26,39756.24,3021.71,102.59,0.2324,14.74,57.8,17.69,83.26,5.475,152.62,0.5252,0.02103,0.00611,2.034,1.452,2.039,1.398,3.606,156.36,12.16,0.7996,1.441,0.5456,2.225,413.22,0.9474,47.29,0.7147,11.66,2.671e-05,0.2005,2.775,1.153,2.138,0.1919,7.731,0.4594,7.982
2022-04-13T01:50:56,39777.93,3022.03,102.64,0.2326,14.74,57.8,17.7,83.29,5.478,152.76,0.5252,0.02104,0.00611,2.034,1.454,2.04,1.398,3.607,156.31,12.16,0.7996,1.444,0.5456,2.225,413.28,0.9475,47.31,0.7148,11.66,2.675e-05,0.2006,2.777,1.154,2.138,0.192,7.731,0.4594,7.981
2022-04-13T01:51:26,39791.82,3022.6,102.73,0.2329,14.77,58.5,17.7,83.33,5.481,152.9,0.5251,0.02104,0.00611,2.034,1.454,2.041,1.399,3.606,156.29,12.16,0.7996,1.444,0.5456,2.225,413.4,0.9475,47.36,0.7152,11.66,2.676e-05,0.2008,2.779,1.154,2.139,0.192,7.731,0.4596,7.99
2022-04-13T01:51:56,39845.75,3026.76,103.03,0.2333,14.85,58.3,17.71,83.44,5.488,153.15,0.5247,0.02114,0.00611,2.034,1.455,2.044,1.401,3.606,156.56,12.16,0.7983,1.447,0.5456,2.23,413.9,0.949,47.52,0.7156,11.69,2.678e-05,0.2013,2.785,1.156,2.143,0.1922,7.754,0.4606,8.001
2022-04-13T01:52:26,39847.56,3027.95,103.07,0.2333,14.85,58.3,17.74,83.49,5.496,153.19,0.5264,0.02113,0.006124,2.034,1.455,2.044,1.403,3.614,156.67,12.16,0.7983,1.448,0.5456,2.23,414.25,0.9496,47.5,0.7156,11.69,2.683e-05,0.2015,2.785,1.158,2.143,0.1923,7.762,0.461,8.007
2022-04-13T01:52:56,39831.89,3028.55,103.05,0.2333,14.85,58.2,17.73,83.56,5.505,153.24,0.5269,0.0211,0.006124,2.034,1.455,2.043,1.402,3.618,156.65,12.16,0.7983,1.448,0.5456,2.23,414.17,0.9495,47.56,0.7158,11.71,2.681e-05,0.2015,2.784,1.158,2.143,0.1922,7.756,0.461,8.013
2022-04-13T01:53:26,39832.09,3028.03,103.01,0.2333,14.85,58.3,17.73,83.58,5.501,153.18,0.5269,0.02108,0.006124,2.034,1.457,2.045,1.402,3.611,156.67,12.16,0.7997,1.448,0.5456,2.231,414.29,0.9496,47.51,0.7158,11.71,2.677e-05,0.2013,2.784,1.158,2.144,0.1922,7.758,0.4608,8.009
2022-04-13T01:53:56,39832.83,3027.72,102.98,0.2335,14.85,58.3,17.73,83.6,5.505,153.2,0.5254,0.02109,0.006124,2.034,1.456,2.045,1.402,3.611,156.73,12.16,0.7997,1.447,0.5456,2.23,414.13,0.9485,47.5,0.7156,11.71,2.677e-05,0.2013,2.783,1.159,2.144,0.1922,7.758,0.4608,8.01
2022-04-13T01:54:26,39838.08,3028.6,103.05,0.2335,14.85,58.2,17.73,83.66,5.508,153.12,0.5254,0.02109,0.006124,2.034,1.456,2.045,1.403,3.612,156.78,12.16,0.7997,1.447,0.5456,2.231,414.1,0.9485,47.49,0.7157,11.67,2.68e-05,0.2013,2.782,1.159,2.144,0.1923,7.758,0.4607,8.008
2022-04-13T01:54:56,39837.77,3028.59,103.04,0.2335,14.84,58.2,17.73,83.66,5.514,153.11,0.5269,0.0211,0.006127,2.034,1.457,2.045,1.404,3.612,156.77,12.21,0.7997,1.448,0.5456,2.231,414.11,0.949,47.48,0.7157,11.67,2.68e-05,0.2013,2.782,1.159,2.144,0.1923,7.758,0.4609,8.007
2022-04-13T01:55:26,39827.26,3027.67,102.97,0.2335,14.84,58.3,17.73,83.62,5.514,153.12,0.5269,0.02109,0.006127,2.034,1.456,2.044,1.403,3.606,156.76,12.21,0.7993,1.448,0.5456,2.23,414.03,0.949,47.48,0.7157,11.67,2.68e-05,0.2013,2.782,1.159,2.144,0.1923,7.759,0.4609,8.007
2022-04-13T01:55:56,39841.63,3027.79,103.1,0.2338,14.84,58.3,17.74,83.63,5.516,153.17,0.5269,0.0211,0.006114,2.034,1.456,2.045,1.403,3.606,156.77,12.21,0.7993,1.448,0.5456,2.231,414.07,0.9489,47.52,0.7157,11.7,2.686e-05,0.2012,2.783,1.159,2.145,0.1923,7.765,0.4608,8.007
2022-04-13T01:56:26,39852.51,3028.09,103.14,0.2342,14.84,58.3,17.74,83.68,5.521,153.24,0.5269,0.02111,0.006134,2.034,1.456,2.046,1.403,3.612,156.77,12.21,0.7993,1.451,0.5456,2.232,414.13,0.9489,47.56,0.7156,11.7,2.686e-05,0.2012,2.786,1.16,2.146,0.1923,7.767,0.4613,8.008
2022-04-13T01:56:56,39849.33,3028.75,103.14,0.234,14.84,58.3,17.74,83.7,5.521,153.29,0.5269,0.02112,0.006134,2.034,1.457,2.045,1.403,3.612,156.76,12.21,0.7993,1.452,0.5456,2.231,414.13,0.949,47.58,0.7157,11.7,2.685e-05,0.2013,2.785,1.16,2.145,0.1924,7.779,0.4614,8.002
2022-04-13T01:57:26,39849.86,3028.62,103.17,0.2341,14.84,58.3,17.75,83.7,5.527,153.34,0.5269,0.02112,0.006134,2.036,1.457,2.045,1.403,3.616,156.76,12.21,0.7993,1.454,0.5456,2.231,414.17,0.949,47.58,0.716,11.7,2.686e-05,0.2013,2.786,1.16,2.146,0.1924,7.787,0.4615,8.007
2022-04-13T01:57:56,39828.91,3026.22,103.15,0.2342,14.84,58.3,17.74,83.67,5.525,153.3,0.5263,0.0211,0.006134,2.034,1.457,2.044,1.403,3.616,156.69,12.13,0.7993,1.451,0.5456,2.23,414.01,0.9487,47.58,0.7159,11.7,2.678e-05,0.2013,2.786,1.159,2.145,0.1924,7.785,0.4613,8.008
2022-04-13T01:58:26,39828.51,3026.26,103.06,0.2342,14.84,58.5,17.73,83.64,5.522,153.28,0.5259,0.02109,0.006134,2.034,1.456,2.044,1.402,3.605,156.78,12.13,0.7993,1.448,0.5456,2.231,414.01,0.9488,47.52,0.7159,11.7,2.679e-05,0.2011,2.79,1.159,2.145,0.1924,7.786,0.4615,8.006
2022-04-13T01:58:56,39840.93,3026.99,103.16,0.2341,14.81,58.5,17.74,83.69,5.525,153.35,0.5258,0.02112,0.006134,2.039,1.456,2.045,1.403,3.606,156.81,12.2,0.7993,1.451,0.5456,2.231,414.07,0.9487,47.56,0.716,11.7,2.68e-05,0.2014,2.793,1.159,2.146,0.1924,7.785,0.4617,8.003
2022-04-13T01:59:26,39851.26,3027.55,103.2,0.2345,14.84,58.5,17.74,83.72,5.522,153.31,0.5258,0.02113,0.006134,2.039,1.456,2.046,1.404,3.614,156.88,12.2,0.8011,1.45,0.5456,2.232,414.24,0.949,47.65,0.716,11.68,2.682e-05,0.2016,2.798,1.16,2.148,0.1924,7.786,0.4622,8.007
2022-04-13T01:59:56,39858.66,3027.75,103.2,0.2344,14.81,58.5,17.75,83.76,5.525,153.39,0.5269,0.02113,0.006134,2.039,1.456,2.052,1.404,3.618,156.88,12.2,0.8011,1.45,0.5456,2.232,414.41,0.9491,47.67,0.7166,11.68,2.683e-05,0.2017,2.798,1.16,2.149,0.1924,7.784,0.4622,8.008
2022-04-13T02:00:26,39882.33,3029.81,103.24,0.2344,14.81,58.5,17.75,83.78,5.527,153.26,0.5278,0.02113,0.006134,2.039,1.457,2.053,1.405,3.62,157.12,12.2,0.7992,1.452,0.5456,2.233,414.49,0.9489,47.68,0.7166,11.68,2.69e-05,0.2017,2.799,1.161,2.15,0.1922,7.785,0.4621,8.009
2022-04-13T02:00:56,39867.64,3028.8,103.17,0.2343,14.81,58.4,17.74,83.76,5.532,153.23,0.5278,0.02112,0.006126,2.039,1.457,2.052,1.404,3.61,157.02,12.2,0.7992,1.452,0.5456,2.232,414.42,0.9489,47.66,0.7167,11.68,2.684e-05,0.2016,2.798,1.16,2.149,0.1921,7.773,0.4621,8.012
2022-04-13T02:01:26,39871.54,3027.45,103.2,0.2345,14.81,58.4,17.74,83.78,5.525,153.21,0.5279,0.02112,0.006126,2.039,1.458,2.053,1.403,3.614,156.97,12.2,0.7992,1.452,0.5456,2.231,414.54,0.9487,47.67,0.717,11.66,2.683e-05,0.2016,2.798,1.16,2.149,0.1921,7.78,0.4622,8.012
2022-04-13T02:01:56,39866.9,3026.89,103.12,0.2345,14.81,58.4,17.74,83.79,5.521,153.26,0.5279,0.02112,0.006115,2.042,1.458,2.052,1.403,3.611,157.02,12.2,0.7992,1.452,0.5456,2.231,414.5,0.9483,47.62,0.717,11.66,2.674e-05,0.2016,2.799,1.16,2.149,0.1921,7.782,0.4622,8.012
2022-04-13T02:02:26,39872.63,3027.28,103.13,0.2345,14.81,58.4,17.74,83.82,5.521,153.35,0.5279,0.02113,0.006138,2.042,1.458,2.052,1.404,3.607,156.99,12.2,0.7992,1.452,0.5456,2.232,414.46,0.9487,47.63,0.7172,11.66,2.673e-05,0.2015,2.798,1.16,2.149,0.1921,7.787,0.4625,8.01
2022-04-13T02:02:56,39856.29,3025.91,103.02,0.2342,14.84,58.5,17.74,83.79,5.524,153.32,0.5279,0.02115,0.006138,2.042,1.458,2.051,1.402,3.607,156.98,12.2,0.7992,1.451,0.5456,2.228,414.32,0.9478,47.58,0.7165,11.62,2.669e-05,0.2009,2.791,1.158,2.147,0.192,7.774,0.4621,8.007
2022-04-13T02:03:26,39843.03,3025.47,102.95,0.234,14.83,58.5,17.73,83.77,5.524,153.22,0.5279,0.02114,0.006138,2.042,1.458,2.05,1.402,3.598,156.93,12.2,0.7984,1.45,0.5456,2.227,414.23,0.9477,47.55,0.7163,11.63,2.667e-05,0.2008,2.789,1.156,2.146,0.1921,7.769,0.4615,8.004
2022-04-13T02:03:56,39854.87,3026.5,102.97,0.234,14.83,58.5,17.74,83.79,5.521,153.29,0.5272,0.02114,0.006138,2.042,1.458,2.051,1.402,3.6,156.93,12.2,0.7984,1.452,0.5456,2.227,414.28,0.9478,47.56,0.7163,11.65,2.67e-05,0.2008,2.789,1.157,2.146,0.1922,7.773,0.4616,8.002
2022-04-13T02:04:26,39875.62,3027.29,103.04,0.2343,14.81,58.5,17.75,83.86,5.52,153.3,0.5272,0.02116,0.006138,2.042,1.458,2.052,1.403,3.6,157,12.2,0.7984,1.452,0.5456,2.228,414.19,0.9482,47.59,0.7165,11.65,2.675e-05,0.2011,2.79,1.157,2.147,0.1924,7.778,0.4616,8.006
2022-04-13T02:04:56,39882.76,3027.55,103.01,0.2345,14.82,58.5,17.75,83.88,5.52,153.45,0.5272,0.02112,0.006138,2.042,1.458,2.046,1.403,3.6,157.03,12.2,0.7984,1.45,0.5456,2.229,414.47,0.9482,47.62,0.7165,11.65,2.677e-05,0.201,2.793,1.157,2.148,0.1925,7.78,0.462,8.006
2022-04-13T02:05:26,39887.52,3027.41,102.95,0.2344,14.83,58.5,17.75,83.89,5.522,153.45,0.5272,0.02106,0.006138,2.042,1.46,2.047,1.403,3.602,157.08,12.2,0.7992,1.45,0.5456,2.23,414.44,0.9481,47.64,0.7166,11.65,2.678e-05,0.201,2.792,1.157,2.147,0.1925,7.78,0.462,8.008
2022-04-13T02:05:56,39902.94,3029.16,103.04,0.2344,14.83,58.5,17.76,83.92,5.522,153.43,0.5272,0.02111,0.006138,2.042,1.46,2.047,1.404,3.606,157.1,12.13,0.7992,1.45,0.5456,2.231,414.57,0.9482,47.66,0.7168,11.65,2.679e-05,0.2012,2.794,1.157,2.147,0.1925,7.78,0.4623,8.01
2022-04-13T02:06:26,39912.79,3029.4,103.16,0.2344,14.85,58.5,17.76,83.92,5.525,153.49,0.5267,0.0211,0.006138,2.042,1.461,2.048,1.405,3.6,157.15,12.13,0.7992,1.45,0.5456,2.231,414.67,0.9485,47.66,0.7168,11.65,2.68e-05,0.2012,2.794,1.157,2.147,0.1925,7.791,0.4622,8.011
2022-04-13T02:06:56,39915.36,3030.63,103.11,0.2344,14.85,58.5,17.77,83.96,5.524,153.5,0.5288,0.0211,0.006141,2.042,1.461,2.045,1.405,3.605,157.21,12.13,0.7992,1.45,0.5456,2.231,414.88,0.9489,47.69,0.7168,11.67,2.682e-05,0.2011,2.793,1.158,2.149,0.1925,7.798,0.4628,8.016
2022-04-13T02:07:26,39899.2,3031.03,103.06,0.2344,14.85,58.5,17.77,83.96,5.524,153.53,0.5288,0.02107,0.006141,2.042,1.461,2.044,1.405,3.605,157.2,12.13,0.7992,1.452,0.5456,2.231,415.03,0.9493,47.7,0.7169,11.67,2.683e-05,0.201,2.794,1.157,2.148,0.1925,7.801,0.4629,8.016
2022-04-13T02:07:56,39888.27,3031.03,103.02,0.2343,14.85,58.5,17.76,83.94,5.525,153.5,0.5291,0.02103,0.006141,2.042,1.461,2.043,1.404,3.605,157.19,12.13,0.7992,1.453,0.5456,2.231,415.06,0.9487,47.66,0.7168,11.67,2.682e-05,0.2008,2.792,1.157,2.148,0.1925,7.803,0.4628,8.017
2022-04-13T02:08:26,39874.61,3030.21,102.96,0.2342,14.85,58.5,17.76,83.88,5.519,153.47,0.5297,0.021,0.006141,2.042,1.461,2.043,1.405,3.601,157.13,12.13,0.8017,1.452,0.5456,2.23,414.75,0.9487,47.63,0.7165,11.65,2.673e-05,0.2008,2.788,1.155,2.147,0.1925,7.8,0.4626,8.015
2022-04-13T02:08:56,39879.31,3030.71,102.94,0.2341,14.83,58.5,17.75,83.9,5.524,153.48,0.5297,0.02099,0.006141,2.042,1.461,2.043,1.404,3.601,157.13,12.13,0.8017,1.452,0.5456,2.23,414.91,0.9488,47.64,0.7165,11.65,2.674e-05,0.2008,2.789,1.155,2.147,0.1924,7.799,0.4628,8.014
2022-04-13T02:09:26,39882.53,3030.17,102.83,0.234,14.83,58.4,17.76,83.9,5.529,153.47,0.5296,0.02101,0.006128,2.042,1.461,2.044,1.404,3.603,157.25,12.13,0.8017,1.455,0.5456,2.23,414.8,0.9496,47.62,0.7165,11.65,2.677e-05,0.2007,2.79,1.155,2.147,0.1925,7.799,0.4625,8.016
2022-04-13T02:09:56,39878.59,3029.9,102.83,0.2341,14.83,58.4,17.76,83.92,5.529,153.51,0.5294,0.021,0.006128,2.042,1.461,2.047,1.405,3.604,157.24,12.13,0.8017,1.455,0.5456,2.231,414.89,0.9501,47.6,0.7166,11.65,2.677e-05,0.201,2.79,1.156,2.148,0.1925,7.804,0.4626,8.015
2022-04-13T02:10:26,39866.19,3029.15,102.81,0.2341,14.83,58.4,17.75,83.9,5.529,153.42,0.5294,0.02096,0.006128,2.042,1.46,2.046,1.404,3.595,157.2,12.13,0.8015,1.456,0.5456,2.23,414.72,0.9496,47.59,0.716,11.65,2.673e-05,0.201,2.788,1.155,2.147,0.1925,7.802,0.4625,8.014
2022-04-13T02:10:56,39864.77,3029.02,102.7,0.2338,14.83,58.4,17.74,83.9,5.525,153.36,0.5294,0.02097,0.006128,2.042,1.46,2.046,1.402,3.598,157.19,12.13,0.8015,1.456,0.5456,2.228,414.48,0.9497,47.53,0.7159,11.65,2.668e-05,0.201,2.786,1.155,2.146,0.1924,7.795,0.4623,8.002
2022-04-13T02:11:26,39853.49,3028.97,102.69,0.2336,14.83,58.5,17.74,83.91,5.521,153.32,0.5294,0.02095,0.006128,2.042,1.46,2.045,1.402,3.597,157.17,12.13,0.8015,1.456,0.5456,2.228,414.51,0.9495,47.51,0.7157,11.63,2.648e-05,0.201,2.786,1.154,2.146,0.1924,7.795,0.4623,8.001
2022-04-13T02:11:56,39852.94,3028.97,102.68,0.2334,14.83,58.5,17.74,83.91,5.527,153.31,0.5294,0.02095,0.006128,2.044,1.46,2.045,1.403,3.603,157.18,12.09,0.8015,1.454,0.5456,2.228,414.53,0.9492,47.49,0.7155,11.64,2.64e-05,0.201,2.785,1.155,2.146,0.1923,7.794,0.4622,8.006
2022-04-13T02:12:26,39854.18,3028.57,102.67,0.2333,14.83,58.5,17.73,83.91,5.527,153.26,0.5282,0.02094,0.006128,2.044,1.461,2.045,1.403,3.604,157.14,12.09,0.8007,1.454,0.5456,2.228,414.52,0.9495,47.48,0.7154,11.64,2.64e-05,0.201,2.784,1.155,2.145,0.1923,7.794,0.4622,8.006
2022-04-13T02:12:56,39852.83,3028.76,102.69,0.2333,14.83,58.5,17.73,83.91,5.526,153.32,0.5282,0.02095,0.006135,2.044,1.461,2.045,1.402,3.601,157.14,12.09,0.8007,1.451,0.5456,2.228,414.52,0.9492,47.48,0.7156,11.64,2.637e-05,0.201,2.784,1.155,2.145,0.1923,7.797,0.4621,8.006
2022-04-13T02:13:26,39856.43,3028.15,102.68,0.2334,14.83,58.5,17.75,83.95,5.523,153.31,0.5282,0.02097,0.006128,2.044,1.461,2.045,1.402,3.601,157.13,12.09,0.8013,1.451,0.5456,2.229,414.67,0.9495,47.52,0.7157,11.64,2.633e-05,0.2009,2.785,1.156,2.145,0.1924,7.795,0.4625,8.008
2022-04-13T02:13:56,39846.55,3027.52,102.67,0.2333,14.83,58.4,17.74,83.94,5.523,153.25,0.5282,0.02096,0.006128,2.044,1.461,2.045,1.403,3.601,157.08,12.09,0.8013,1.452,0.5456,2.228,414.57,0.9491,47.5,0.7154,11.64,2.632e-05,0.2009,2.784,1.156,2.145,0.1923,7.788,0.4623,8.008
2022-04-13T02:14:26,39835.41,3026.08,102.55,0.233,14.83,58.4,17.73,83.87,5.523,153.13,0.5282,0.02094,0.006128,2.04,1.461,2.044,1.402,3.591,156.95,12.09,0.8013,1.452,0.5456,2.227,414.5,0.9485,47.48,0.7151,11.64,2.632e-05,0.2006,2.783,1.156,2.145,0.1923,7.786,0.4624,8.003
2022-04-13T02:14:56,39816.73,3025.07,102.49,0.2327,14.83,58.4,17.72,83.8,5.512,152.98,0.5282,0.0209,0.006128,2.04,1.456,2.043,1.399,3.59,156.92,12.09,0.8013,1.452,0.5456,2.224,414.26,0.9477,47.46,0.7149,11.6,2.629e-05,0.2005,2.782,1.154,2.142,0.1921,7.786,0.4624,8.002
2022-04-13T02:15:26,39810.47,3023.53,102.43,0.2326,14.84,58.4,17.71,83.75,5.503,152.83,0.5282,0.02088,0.006128,2.04,1.457,2.043,1.4,3.59,156.92,12.09,0.8013,1.452,0.5456,2.224,413.9,0.9479,47.42,0.7148,11.59,2.631e-05,0.2005,2.778,1.154,2.142,0.1921,7.761,0.461,7.994
2022-04-13T02:15:56,39765.41,3022.58,102.31,0.2322,14.84,58.4,17.69,83.64,5.496,152.73,0.5282,0.02084,0.006128,2.039,1.456,2.041,1.399,3.596,156.75,12.11,0.8005,1.445,0.5456,2.221,413.58,0.9472,47.35,0.7144,11.59,2.624e-05,0.2002,2.775,1.152,2.139,0.1919,7.75,0.4608,7.992
2022-04-13T02:16:26,39757.35,3021.69,102.3,0.2322,14.78,58.4,17.68,83.61,5.492,152.68,0.5282,0.02089,0.006105,2.039,1.456,2.04,1.399,3.596,156.76,12.11,0.8005,1.445,0.5456,2.219,413.63,0.947,47.36,0.7142,11.54,2.623e-05,0.2003,2.774,1.152,2.137,0.1917,7.749,0.461,7.989
2022-04-13T02:16:56,39747.23,3021.69,102.29,0.2318,14.82,58.2,17.67,83.53,5.485,152.54,0.5281,0.02092,0.006105,2.039,1.455,2.04,1.398,3.596,156.58,12.11,0.8005,1.444,0.5456,2.217,413.21,0.9463,47.28,0.7136,11.55,2.615e-05,0.1999,2.773,1.151,2.135,0.1916,7.744,0.4599,7.972
2022-04-13T02:17:26,39740.68,3021.09,102.16,0.2317,14.82,58.2,17.67,83.53,5.481,152.45,0.5254,0.02091,0.006105,2.039,1.455,2.039,1.397,3.596,156.41,12.11,0.8005,1.446,0.5456,2.217,413.11,0.9463,47.27,0.7136,11.55,2.619e-05,0.1999,2.773,1.151,2.135,0.1915,7.73,0.4599,7.973
2022-04-13T02:17:56,39736.57,3020.94,102.16,0.2318,14.82,57.8,17.68,83.52,5.481,152.48,0.5254,0.02093,0.006105,2.039,1.454,2.039,1.398,3.594,156.24,12.11,0.8005,1.442,0.5456,2.217,413.08,0.9463,47.24,0.7136,11.57,2.62e-05,0.2002,2.773,1.151,2.135,0.1915,7.727,0.4598,7.978
2022-04-13T02:18:26,39740.18,3020.63,102.18,0.2317,14.83,58,17.68,83.55,5.49,152.5,0.5254,0.02094,0.006105,2.039,1.454,2.039,1.398,3.592,156.28,12.11,0.8015,1.442,0.5456,2.218,413.1,0.9462,47.26,0.7136,11.57,2.627e-05,0.2001,2.773,1.151,2.135,0.1915,7.727,0.4596,7.977
2022-04-13T02:18:56,39752.41,3021.47,102.2,0.2317,14.83,58,17.67,83.59,5.497,152.49,0.5253,0.02096,0.006111,2.041,1.454,2.04,1.398,3.591,156.27,12.11,0.8015,1.443,0.5456,2.218,413.1,0.9458,47.27,0.7137,11.57,2.631e-05,0.2001,2.775,1.151,2.135,0.1915,7.732,0.4595,7.976
2022-04-13T02:19:26,39750.96,3021.84,102.19,0.2318,14.83,58,17.68,83.63,5.497,152.5,0.5253,0.02095,0.006111,2.041,1.453,2.04,1.399,3.591,156.26,12.11,0.8015,1.443,0.5456,2.218,413.19,0.9458,47.26,0.7137,11.57,2.638e-05,0.2001,2.775,1.151,2.136,0.1915,7.731,0.4593,7.978
2022-04-13T02:19:56,39749.28,3022.3,102.17,0.2318,14.83,58,17.68,83.63,5.492,152.56,0.5241,0.02095,0.006111,2.041,1.454,2.042,1.399,3.591,156.26,12.11,0.8008,1.443,0.5456,2.219,413.29,0.9462,47.26,0.7138,11.57,2.643e-05,0.2001,2.774,1.151,2.136,0.1915,7.732,0.4593,7.983
2022-04-13T02:20:26,39749.03,3022.18,102.16,0.2317,14.83,58,17.67,83.62,5.492,152.55,0.5241,0.02094,0.006111,2.041,1.454,2.042,1.398,3.582,156.21,12.11,0.8008,1.443,0.5456,2.217,413.19,0.9458,47.3,0.7138,11.57,2.644e-05,0.2001,2.774,1.151,2.135,0.1915,7.734,0.4593,7.974
2022-04-13T02:20:56,39741.04,3020.88,102.12,0.2315,14.83,58,17.66,83.57,5.487,152.51,0.5241,0.02094,0.006111,2.041,1.454,2.042,1.397,3.579,156.1,12.11,0.8008,1.443,0.5456,2.214,413.07,0.9454,47.31,0.7135,11.57,2.643e-05,0.2001,2.772,1.15,2.134,0.1914,7.726,0.4589,7.975
2022-04-13T02:21:26,39743.06,3021.27,102.21,0.2314,14.83,58,17.66,83.56,5.494,152.47,0.5241,0.02094,0.006111,2.041,1.454,2.042,1.396,3.58,156.17,12.11,0.7987,1.443,0.5456,2.215,413.1,0.9451,47.3,0.7136,11.57,2.641e-05,0.2001,2.773,1.15,2.134,0.1914,7.729,0.4585,7.977
2022-04-13T02:21:56,39742.99,3021.35,102.38,0.2318,14.79,58,17.66,83.57,5.494,152.57,0.5241,0.02093,0.006111,2.045,1.454,2.042,1.398,3.576,156.09,12.11,0.7987,1.443,0.5456,2.216,413.01,0.946,47.3,0.7139,11.52,2.644e-05,0.2001,2.776,1.15,2.135,0.1914,7.729,0.4588,7.977
2022-04-13T02:22:26,39745.13,3021.6,102.4,0.2317,14.78,58,17.66,83.58,5.488,152.61,0.5241,0.02095,0.006111,2.045,1.454,2.045,1.399,3.58,156.09,12.11,0.7987,1.443,0.5456,2.216,413.05,0.946,47.31,0.7139,11.53,2.647e-05,0.2003,2.777,1.15,2.135,0.1915,7.729,0.4586,7.976
2022-04-13T02:22:56,39752.75,3022.35,102.41,0.2319,14.78,58,17.68,83.68,5.491,152.61,0.5241,0.02095,0.006111,2.044,1.453,2.045,1.399,3.58,156.16,12.11,0.7987,1.443,0.5456,2.219,413.13,0.9462,47.33,0.714,11.53,2.647e-05,0.2003,2.778,1.151,2.136,0.1915,7.74,0.4592,7.979
2022-04-13T02:23:26,39771.46,3022.48,102.43,0.232,14.78,58.1,17.68,83.75,5.497,152.61,0.5246,0.02099,0.006111,2.044,1.454,2.047,1.399,3.583,156.16,12.11,0.7987,1.443,0.5456,2.217,413.52,0.9463,47.34,0.7145,11.57,2.648e-05,0.2006,2.779,1.152,2.136,0.1916,7.737,0.4591,7.98
2022-04-13T02:23:56,39757.34,3023.93,102.42,0.2317,14.78,58.1,17.68,83.78,5.495,152.6,0.5246,0.02098,0.006111,2.044,1.454,2.046,1.401,3.582,156.12,12.11,0.8,1.444,0.5456,2.218,413.51,0.946,47.33,0.7143,11.57,2.646e-05,0.2006,2.777,1.152,2.136,0.1916,7.732,0.4592,7.982
2022-04-13T02:24:26,39755,3023.73,102.48,0.2319,14.78,58.1,17.68,83.76,5.495,152.58,0.5246,0.02096,0.006124,2.044,1.454,2.046,1.4,3.581,156.09,12.11,0.8,1.444,0.5456,2.218,413.49,0.9459,47.31,0.7142,11.59,2.646e-05,0.2004,2.777,1.152,2.136,0.1916,7.735,0.4592,7.981
2022-04-13T02:24:56,39746.36,3022.58,102.4,0.2318,14.78,58.1,17.68,83.69,5.497,152.46,0.5246,0.02094,0.006124,2.044,1.454,2.046,1.399,3.58,156.11,12.11,0.8,1.441,0.5456,2.216,413.31,0.9453,47.29,0.7138,11.59,2.644e-05,0.2001,2.775,1.151,2.135,0.1915,7.734,0.4592,7.984
2022-04-13T02:25:26,39747.42,3023.03,102.53,0.2318,14.78,58.1,17.68,83.67,5.499,152.5,0.5246,0.02093,0.006124,2.044,1.454,2.043,1.398,3.58,155.9,12.11,0.8,1.441,0.5456,2.216,413.47,0.946,47.29,0.7139,11.59,2.64e-05,0.2004,2.776,1.15,2.134,0.1914,7.725,0.4591,7.984
2022-04-13T02:25:56,39744.4,3022.76,102.52,0.2317,14.78,58.1,17.68,83.65,5.501,152.47,0.5241,0.02096,0.006124,2.044,1.454,2.043,1.398,3.581,155.92,12.11,0.7987,1.441,0.5456,2.218,413.47,0.9458,47.31,0.7139,11.59,2.643e-05,0.2003,2.777,1.151,2.134,0.1915,7.726,0.4591,7.986
2022-04-13T02:26:26,39742.63,3022.08,102.51,0.232,14.78,58.1,17.67,83.58,5.504,152.38,0.5241,0.02095,0.006124,2.045,1.454,2.043,1.399,3.581,155.9,12.11,0.7987,1.441,0.5456,2.217,413.42,0.9456,47.29,0.714,11.59,2.639e-05,0.2003,2.775,1.151,2.134,0.1914,7.725,0.4587,7.986
2022-04-13T02:26:56,39725.57,3021.01,102.31,0.232,14.78,58.1,17.66,83.53,5.498,152.41,0.5241,0.02092,0.006129,2.045,1.454,2.042,1.398,3.587,155.86,12.1,0.7987,1.442,0.5456,2.215,413.25,0.9447,47.28,0.7137,11.58,2.638e-05,0.2,2.774,1.15,2.134,0.1914,7.721,0.4587,7.983
2022-04-13T02:27:26,39717.74,3020.63,102.25,0.232,14.78,58.1,17.66,83.51,5.489,152.39,0.5241,0.02092,0.006124,2.045,1.454,2.041,1.397,3.585,155.85,12.1,0.7987,1.443,0.5456,2.213,413.28,0.9449,47.27,0.7137,11.56,2.633e-05,0.1998,2.774,1.15,2.133,0.1912,7.72,0.4587,7.974
2022-04-13T02:27:56,39715.8,3019.66,102.24,0.2317,14.78,58,17.66,83.49,5.486,152.41,0.5241,0.0209,0.006124,2.045,1.454,2.041,1.397,3.581,155.79,12.1,0.7981,1.443,0.5456,2.213,413.25,0.9448,47.27,0.7136,11.56,2.628e-05,0.1997,2.773,1.15,2.133,0.1913,7.72,0.4587,7.973
2022-04-13T02:28:26,39732.02,3021.19,102.36,0.2319,14.78,57.9,17.66,83.57,5.491,152.38,0.5241,0.02089,0.006124,2.048,1.454,2.042,1.398,3.585,155.83,12.1,0.7981,1.437,0.5456,2.215,413.14,0.9455,47.32,0.714,11.56,2.63e-05,0.1998,2.776,1.151,2.133,0.1914,7.723,0.4589,7.977
2022-04-13T02:28:56,39745.27,3022.9,102.41,0.2321,14.78,57.9,17.67,83.58,5.503,152.42,0.5241,0.0209,0.006124,2.05,1.454,2.043,1.399,3.588,155.83,12.1,0.7981,1.439,0.5456,2.216,413.53,0.9459,47.34,0.7142,11.6,2.639e-05,0.2002,2.778,1.151,2.134,0.1914,7.724,0.4588,7.982
2022-04-13T02:29:26,39740.87,3022.25,102.33,0.2322,14.84,57.9,17.67,83.55,5.503,152.41,0.5238,0.0209,0.006124,2.05,1.454,2.043,1.399,3.59,155.83,12.1,0.7981,1.439,0.5456,2.212,414.97,0.9457,47.26,0.7138,11.61,2.641e-05,0.2,2.774,1.151,2.134,0.1914,7.723,0.4587,7.998
2022-04-13T02:29:56,39755.96,3023.26,102.51,0.2324,14.84,57.9,17.69,83.61,5.504,152.52,0.524,0.0209,0.006124,2.05,1.453,2.047,1.4,3.597,155.86,12.2,0.7981,1.439,0.5456,2.215,416.25,0.9459,47.26,0.7141,11.63,2.647e-05,0.2,2.775,1.151,2.132,0.1914,7.729,0.4591,8.013
2022-04-13T02:30:26,39800.22,3024.47,102.6,0.2326,14.84,57.9,17.71,83.69,5.505,152.57,0.5214,0.02091,0.006124,2.05,1.454,2.049,1.401,3.602,155.97,12.2,0.7987,1.443,0.5456,2.216,416.77,0.9465,47.29,0.7146,11.63,2.649e-05,0.2,2.778,1.152,2.135,0.1915,7.732,0.4592,8.035
2022-04-13T02:30:56,39814.85,3026.9,102.65,0.233,14.84,57.9,17.72,83.78,5.509,152.62,0.5224,0.02093,0.006124,2.05,1.455,2.05,1.402,3.61,156.01,12.18,0.7987,1.442,0.5456,2.218,417.35,0.9469,47.43,0.7146,11.63,2.65e-05,0.2008,2.78,1.153,2.136,0.1916,7.736,0.4592,8.047
2022-04-13T02:31:26,39824.17,3028.11,102.66,0.233,14.84,57.9,17.73,83.83,5.509,152.61,0.5244,0.02096,0.006124,2.05,1.457,2.05,1.403,3.609,156.01,12.18,0.8006,1.442,0.5456,2.219,417.23,0.9474,47.43,0.7146,11.68,2.653e-05,0.2007,2.78,1.153,2.137,0.1917,7.737,0.4593,8.053
2022-04-13T02:31:56,39833.79,3028.95,102.75,0.2332,14.84,57.9,17.74,83.89,5.509,152.72,0.5244,0.02097,0.006124,2.049,1.457,2.051,1.404,3.607,156.12,12.2,0.8006,1.442,0.5456,2.219,417.31,0.9476,47.39,0.7147,11.68,2.657e-05,0.2007,2.782,1.154,2.138,0.1918,7.746,0.4592,8.057
2022-04-13T02:32:26,39839.42,3031.87,102.75,0.2333,14.84,57.9,17.74,83.94,5.508,152.71,0.5252,0.02096,0.006129,2.049,1.457,2.051,1.404,3.607,156.14,12.2,0.8006,1.442,0.5456,2.219,417.31,0.9477,47.38,0.7149,11.72,2.66e-05,0.2006,2.783,1.155,2.139,0.1917,7.75,0.459,8.056
2022-04-13T02:32:56,39836.81,3031.53,102.74,0.2334,14.84,58.1,17.74,83.94,5.514,152.71,0.5252,0.02092,0.006129,2.049,1.457,2.051,1.404,3.605,156.22,12.2,0.8006,1.445,0.5456,2.218,417.53,0.9472,47.41,0.7147,11.74,2.66e-05,0.2007,2.784,1.155,2.139,0.1918,7.759,0.4591,8.05
2022-04-13T02:33:26,39844.01,3033.14,102.78,0.2337,14.84,58.1,17.75,83.99,5.518,152.79,0.5252,0.02089,0.006129,2.049,1.457,2.051,1.404,3.614,156.26,12.2,0.8006,1.447,0.5456,2.221,417.27,0.9478,47.47,0.7153,11.73,2.655e-05,0.2009,2.786,1.155,2.14,0.1918,7.759,0.4596,8.052
2022-04-13T02:33:56,39878.54,3033.76,102.81,0.2338,14.84,58.1,17.76,84.23,5.515,153.04,0.5252,0.0209,0.006129,2.049,1.458,2.056,1.407,3.607,156.46,12.2,0.8006,1.45,0.5456,2.222,417.95,0.9484,47.44,0.7158,11.77,2.661e-05,0.2012,2.787,1.156,2.141,0.192,7.787,0.4602,8.056
2022-04-13T02:34:26,39898.57,3035.33,103.1,0.2339,14.85,58.3,17.78,84.27,5.522,153.17,0.5252,0.02094,0.006129,2.049,1.46,2.058,1.408,3.607,156.54,12.2,0.8012,1.45,0.5456,2.226,418.12,0.949,47.49,0.7163,11.75,2.661e-05,0.2014,2.792,1.157,2.143,0.1921,7.796,0.4607,8.064
2022-04-13T02:34:56,39950.89,3035.67,103.08,0.234,14.85,58.3,17.77,84.19,5.529,153.23,0.5253,0.02096,0.00615,2.049,1.46,2.06,1.408,3.609,156.6,12.2,0.8012,1.451,0.5456,2.226,418.15,0.9491,47.49,0.7162,11.78,2.662e-05,0.2014,2.793,1.157,2.145,0.1921,7.792,0.4611,8.064
2022-04-13T02:35:26,39941.1,3035.07,103.09,0.234,14.85,58.3,17.78,84.17,5.529,153.2,0.5258,0.02096,0.006142,2.049,1.461,2.06,1.408,3.609,156.7,12.2,0.8014,1.451,0.5456,2.225,418.15,0.9486,47.47,0.7161,11.79,2.656e-05,0.2015,2.791,1.157,2.145,0.1921,7.8,0.4613,8.065
2022-04-13T02:35:56,39986.69,3036.18,103.27,0.2344,14.85,58.4,17.79,84.17,5.529,153.55,0.5258,0.021,0.006142,2.05,1.461,2.062,1.411,3.619,156.8,12.2,0.8014,1.451,0.5456,2.23,418.24,0.9493,47.46,0.7169,11.8,2.658e-05,0.2015,2.794,1.158,2.146,0.1923,7.8,0.4616,8.07
2022-04-13T02:36:26,40020.53,3042.42,103.29,0.2345,14.85,58.5,17.81,84.26,5.548,153.58,0.5262,0.02105,0.006142,2.05,1.463,2.064,1.412,3.612,156.99,12.2,0.8014,1.455,0.5456,2.23,418.64,0.9509,47.53,0.7175,11.85,2.663e-05,0.202,2.798,1.159,2.148,0.1925,7.802,0.4633,8.076
2022-04-13T02:36:56,40112.43,3042.52,103.39,0.2345,14.85,58.5,17.82,84.29,5.556,153.63,0.5264,0.02106,0.006142,2.05,1.465,2.069,1.413,3.612,157.14,12.2,0.8014,1.455,0.5456,2.23,419.04,0.9511,47.63,0.7177,11.86,2.666e-05,0.2019,2.8,1.161,2.149,0.1925,7.815,0.464,8.078
2022-04-13T02:37:26,40089.34,3042.65,103.37,0.2346,14.85,58.4,17.81,84.31,5.555,153.68,0.5265,0.02107,0.006142,2.05,1.465,2.067,1.413,3.614,157.06,12.2,0.8027,1.455,0.5456,2.23,419.13,0.9507,47.61,0.7177,11.86,2.664e-05,0.2021,2.799,1.16,2.151,0.1925,7.811,0.4636,8.077
2022-04-13T02:37:56,40101.21,3043.46,103.33,0.2347,14.85,58.5,17.83,84.36,5.554,153.7,0.5265,0.02106,0.006142,2.05,1.464,2.068,1.411,3.615,157.05,12.2,0.8027,1.456,0.5456,2.231,418.89,0.9516,47.59,0.7177,11.82,2.665e-05,0.2021,2.798,1.161,2.151,0.1926,7.809,0.4641,8.082
2022-04-13T02:38:26,40106.21,3043.19,103.42,0.2346,14.85,58.5,17.83,84.36,5.548,153.55,0.5265,0.02108,0.006193,2.05,1.466,2.068,1.412,3.616,157.02,12.2,0.8002,1.457,0.5456,2.231,418.41,0.9518,47.57,0.7177,11.82,2.663e-05,0.202,2.798,1.161,2.152,0.1927,7.809,0.4639,8.075
2022-04-13T02:38:56,40120.85,3045.52,103.47,0.235,14.84,58.4,17.85,84.47,5.552,153.65,0.5265,0.02107,0.006192,2.05,1.465,2.069,1.414,3.618,157.12,12.22,0.8002,1.457,0.5456,2.232,418.64,0.9522,47.61,0.7179,11.86,2.665e-05,0.2022,2.798,1.162,2.152,0.1927,7.813,0.4641,8.079
2022-04-13T02:39:26,40137.64,3044.45,103.48,0.2349,14.84,58.4,17.85,84.43,5.549,153.63,0.5265,0.0211,0.006192,2.053,1.464,2.07,1.414,3.625,157.08,12.22,0.8004,1.456,0.5456,2.231,419.62,0.9519,47.65,0.7177,11.9,2.662e-05,0.202,2.798,1.162,2.153,0.1926,7.815,0.4644,8.081
2022-04-13T02:39:56,40148.77,3045.86,103.5,0.2352,14.85,58.5,17.87,84.47,5.549,153.69,0.5267,0.02109,0.006192,2.053,1.465,2.07,1.415,3.624,157.23,12.22,0.8004,1.456,0.5456,2.232,419.99,0.9521,47.67,0.718,11.88,2.664e-05,0.2022,2.802,1.162,2.154,0.1928,7.819,0.4647,8.085
2022-04-13T02:40:26,40129.78,3046.21,103.53,0.2352,14.83,58.5,17.87,84.57,5.555,153.78,0.5267,0.02108,0.006192,2.053,1.467,2.071,1.414,3.627,157.48,12.22,0.8004,1.456,0.5456,2.231,420.01,0.9526,47.68,0.7178,11.89,2.662e-05,0.202,2.803,1.163,2.153,0.1927,7.821,0.4646,8.086
2022-04-13T02:40:56,40126.28,3045.88,103.51,0.2352,14.83,58.5,17.87,84.52,5.555,153.7,0.5267,0.02107,0.006192,2.053,1.467,2.071,1.414,3.616,157.46,12.27,0.8004,1.456,0.5456,2.231,419.34,0.9522,47.72,0.7176,11.89,2.661e-05,0.2021,2.801,1.163,2.154,0.1927,7.821,0.4647,8.098
2022-04-13T02:41:26,40083.19,3043.58,103.36,0.2347,14.83,58.5,17.84,84.38,5.545,153.59,0.5264,0.02105,0.006178,2.05,1.465,2.068,1.412,3.614,157.27,12.27,0.8004,1.456,0.5456,2.228,419.27,0.9512,47.65,0.717,11.89,2.658e-05,0.2017,2.799,1.161,2.154,0.1927,7.812,0.4643,8.086
2022-04-13T02:41:56,40078.8,3042.69,103.49,0.2347,14.83,58.5,17.84,84.31,5.541,153.57,0.5252,0.02105,0.006178,2.05,1.464,2.068,1.412,3.609,157.32,12.27,0.8004,1.455,0.5456,2.227,418.74,0.951,47.63,0.717,11.89,2.656e-05,0.2018,2.799,1.161,2.153,0.1928,7.814,0.4642,8.081
2022-04-13T02:42:26,40076.02,3043.1,103.58,0.2345,14.83,58.4,17.84,84.32,5.543,153.64,0.5252,0.02103,0.006178,2.05,1.464,2.056,1.411,3.609,157.33,12.27,0.8,1.457,0.5456,2.227,418.63,0.9514,47.65,0.717,11.89,2.661e-05,0.2019,2.798,1.161,2.153,0.1928,7.818,0.4642,8.082
2022-04-13T02:42:56,40089.22,3043.49,103.56,0.2344,14.85,58.4,17.85,84.39,5.547,153.69,0.5252,0.02106,0.006178,2.05,1.464,2.057,1.411,3.609,157.37,12.27,0.8,1.457,0.5456,2.227,418.26,0.952,47.69,0.7171,11.9,2.661e-05,0.2021,2.8,1.161,2.154,0.1928,7.821,0.4642,8.081
2022-04-13T02:43:26,40076.27,3042.65,103.46,0.2342,14.85,58.4,17.84,84.39,5.542,153.65,0.5251,0.02105,0.006178,2.05,1.463,2.053,1.411,3.612,157.36,12.27,0.8,1.457,0.5456,2.227,417.61,0.9515,47.68,0.7169,11.9,2.662e-05,0.2021,2.799,1.161,2.153,0.1928,7.815,0.4639,8.071
2022-04-13T02:43:56,40071.59,3042.64,103.45,0.2342,14.85,58.4,17.83,84.4,5.551,153.61,0.5251,0.02105,0.006178,2.05,1.464,2.053,1.411,3.612,157.35,12.27,0.802,1.454,0.5456,2.226,417.92,0.9516,47.66,0.7167,11.9,2.661e-05,0.2021,2.796,1.161,2.153,0.1927,7.815,0.4638,8.075
2022-04-13T02:44:26,40057.64,3041.95,103.42,0.2339,14.85,58.4,17.83,84.36,5.553,153.59,0.5251,0.02105,0.006189,2.05,1.463,2.052,1.411,3.612,157.32,12.27,0.802,1.454,0.5456,2.225,417.79,0.9508,47.63,0.7166,11.89,2.658e-05,0.2018,2.795,1.16,2.152,0.1927,7.815,0.4638,8.074
2022-04-13T02:44:56,40073.9,3042.25,103.48,0.2339,14.85,58.4,17.83,84.35,5.547,153.6,0.5251,0.02106,0.006175,2.05,1.463,2.053,1.411,3.606,157.34,12.27,0.802,1.454,0.5456,2.225,417.82,0.9511,47.64,0.7168,11.9,2.662e-05,0.2018,2.797,1.16,2.153,0.1927,7.815,0.4638,8.077
2022-04-13T02:45:26,40051.57,3040.46,103.41,0.2338,14.85,58.4,17.83,84.36,5.547,153.55,0.5251,0.02106,0.006175,2.05,1.463,2.052,1.411,3.606,157.31,12.27,0.802,1.454,0.5456,2.223,417.81,0.9505,47.63,0.7167,11.9,2.656e-05,0.2018,2.793,1.16,2.151,0.1927,7.821,0.4637,8.079
2022-04-13T02:45:56,40058.17,3041.52,103.46,0.2341,14.85,58.5,17.82,84.37,5.544,153.61,0.5251,0.02105,0.006175,2.05,1.462,2.052,1.41,3.609,157.32,12.27,0.802,1.454,0.5456,2.224,417.82,0.9507,47.63,0.7168,11.94,2.656e-05,0.2017,2.793,1.16,2.151,0.1927,7.828,0.4639,8.082
2022-04-13T02:46:26,40041.09,3041.22,103.34,0.2348,14.85,58.5,17.82,84.29,5.528,153.44,0.5251,0.02105,0.00616,2.047,1.462,2.053,1.41,3.611,157.21,12.27,0.8026,1.455,0.5456,2.223,417.65,0.95,47.6,0.7166,11.88,2.649e-05,0.2017,2.792,1.159,2.149,0.1927,7.824,0.4633,8.077
2022-04-13T02:46:56,39997.1,3039.91,103.19,0.2346,14.85,58.5,17.8,84.19,5.527,153.2,0.5236,0.02097,0.00616,2.047,1.461,2.05,1.408,3.612,157.13,12.28,0.8026,1.45,0.5456,2.22,417.28,0.9491,47.54,0.716,11.88,2.648e-05,0.2017,2.786,1.157,2.146,0.1925,7.807,0.4625,8.073
2022-04-13T02:47:26,40010.85,3040.44,103.27,0.2346,14.86,58.5,17.79,84.2,5.531,153.24,0.5231,0.021,0.00616,2.047,1.461,2.051,1.407,3.609,157.18,12.28,0.8026,1.45,0.5456,2.221,417.41,0.9495,47.53,0.7164,11.88,2.65e-05,0.2014,2.786,1.157,2.146,0.1925,7.808,0.4625,8.068
2022-04-13T02:47:56,40018.1,3041.58,103.29,0.2347,14.86,58.5,17.8,84.22,5.531,153.22,0.5233,0.02099,0.00616,2.05,1.461,2.054,1.408,3.608,157.18,12.28,0.8026,1.45,0.5456,2.222,417.27,0.9498,47.55,0.7165,11.9,2.654e-05,0.2014,2.786,1.157,2.146,0.1926,7.809,0.4627,8.075
2022-04-13T02:48:26,40022.36,3041.57,103.3,0.2348,14.86,58.5,17.8,84.2,5.53,153.25,0.5233,0.02099,0.00616,2.05,1.461,2.054,1.408,3.605,157.23,12.28,0.8026,1.45,0.5315,2.223,417.45,0.9493,47.56,0.7167,11.9,2.655e-05,0.2014,2.786,1.157,2.147,0.1925,7.812,0.4627,8.077
2022-04-13T02:48:56,40030.48,3041.71,103.33,0.2349,14.86,58.5,17.81,84.21,5.535,153.3,0.5233,0.021,0.006178,2.05,1.462,2.055,1.409,3.605,157.26,12.28,0.8026,1.45,0.5315,2.223,417.55,0.9494,47.58,0.7167,11.9,2.655e-05,0.2014,2.787,1.157,2.147,0.1925,7.811,0.4628,8.08
2022-04-13T02:49:26,40052.46,3043.97,103.35,0.2353,14.86,58.5,17.82,84.24,5.529,153.34,0.5233,0.02097,0.006178,2.05,1.462,2.056,1.409,3.602,157.34,12.28,0.8026,1.451,0.5315,2.224,417.7,0.9496,47.62,0.7169,11.9,2.665e-05,0.2014,2.789,1.159,2.148,0.1926,7.817,0.4633,8.081
2022-04-13T02:49:56,40079.43,3046.24,103.55,0.2354,14.86,58.5,17.83,84.33,5.533,153.51,0.5233,0.02099,0.006178,2.05,1.462,2.066,1.41,3.617,157.35,12.28,0.8044,1.453,0.5315,2.225,418.1,0.95,47.63,0.7171,11.9,2.667e-05,0.2014,2.79,1.159,2.148,0.1926,7.826,0.4633,8.082
2022-04-13T02:50:26,40089.09,3046.75,103.56,0.2354,14.9,58.5,17.84,84.45,5.542,153.58,0.5233,0.02103,0.006178,2.05,1.463,2.067,1.411,3.616,157.47,12.28,0.8044,1.453,0.5315,2.226,418.18,0.9509,47.68,0.7172,11.9,2.67e-05,0.2019,2.79,1.159,2.149,0.1927,7.827,0.4633,8.09
2022-04-13T02:50:56,40085.63,3046.01,103.53,0.2353,14.9,58.5,17.83,84.42,5.543,153.47,0.5257,0.02101,0.006178,2.05,1.463,2.066,1.409,3.618,157.43,12.28,0.8044,1.453,0.5315,2.223,418.04,0.9506,47.66,0.717,11.84,2.666e-05,0.2016,2.785,1.159,2.146,0.1927,7.819,0.4635,8.089
2022-04-13T02:51:26,40085.41,3046.2,103.53,0.2353,14.9,58.5,17.82,84.38,5.542,153.42,0.5257,0.02101,0.006178,2.05,1.463,2.067,1.408,3.615,157.42,12.28,0.8044,1.455,0.5315,2.223,417.99,0.9506,47.64,0.7169,11.84,2.668e-05,0.2016,2.784,1.158,2.146,0.1927,7.818,0.4636,8.086
2022-04-13T02:51:56,40091.02,3047.11,103.45,0.2356,14.9,58.5,17.83,84.39,5.541,153.44,0.5257,0.02102,0.006189,2.05,1.464,2.067,1.408,3.614,157.41,12.28,0.8044,1.453,0.5315,2.224,417.9,0.9506,47.68,0.7168,11.85,2.671e-05,0.2016,2.785,1.158,2.146,0.1926,7.815,0.4638,8.069
2022-04-13T02:52:26,40096.92,3047.01,103.47,0.2356,14.9,58.4,17.83,84.5,5.543,153.41,0.5257,0.02101,0.00618,2.05,1.464,2.067,1.408,3.614,157.41,12.28,0.8044,1.453,0.5315,2.224,417.9,0.9507,47.66,0.7167,11.86,2.671e-05,0.2015,2.786,1.158,2.146,0.1926,7.814,0.4638,8.068
2022-04-13T02:52:56,40079.01,3045.53,103.38,0.2352,14.9,58.4,17.83,84.44,5.528,153.46,0.5257,0.021,0.00618,2.05,1.464,2.066,1.407,3.614,157.27,12.28,0.8044,1.452,0.5315,2.224,417.83,0.9507,47.62,0.7165,11.86,2.666e-05,0.2014,2.784,1.158,2.146,0.1926,7.814,0.4637,8.07
2022-04-13T02:53:26,40071.82,3044.29,103.31,0.2353,14.9,58.5,17.83,84.44,5.527,153.44,0.5268,0.02098,0.00618,2.05,1.464,2.063,1.407,3.612,157.31,12.28,0.8044,1.452,0.5315,2.224,417.8,0.9505,47.61,0.7166,11.85,2.666e-05,0.2014,2.785,1.158,2.145,0.1925,7.813,0.4638,8.07
2022-04-13T02:53:56,40089.02,3044.64,103.38,0.2353,14.86,58.5,17.83,84.47,5.527,153.55,0.5261,0.02101,0.00618,2.05,1.463,2.064,1.408,3.614,157.33,12.28,0.8025,1.452,0.5315,2.227,417.75,0.9506,47.65,0.7166,11.85,2.667e-05,0.2015,2.786,1.159,2.146,0.1925,7.815,0.464,8.071
2022-04-13T02:54:26,40097.9,3045.16,103.4,0.2354,14.86,58.5,17.84,84.51,5.531,153.56,0.5261,0.021,0.00618,2.05,1.463,2.065,1.409,3.614,157.4,12.28,0.8025,1.452,0.5315,2.228,418.02,0.9507,47.66,0.7166,11.85,2.671e-05,0.2015,2.789,1.16,2.147,0.1926,7.815,0.4641,8.07
2022-04-13T02:54:56,40087.83,3046.06,103.45,0.2354,14.86,58.5,17.83,84.51,5.537,153.5,0.5266,0.02102,0.00618,2.05,1.463,2.064,1.408,3.614,157.36,12.28,0.8025,1.452,0.5315,2.227,418.02,0.9503,47.67,0.7165,11.85,2.667e-05,0.2015,2.789,1.16,2.146,0.1926,7.817,0.4642,8.081
2022-04-13T02:55:26,40086.19,3046.65,103.45,0.2351,14.86,58.5,17.84,84.51,5.537,153.44,0.5269,0.021,0.00618,2.05,1.463,2.064,1.408,3.621,157.37,12.28,0.8025,1.454,0.5315,2.227,417.93,0.9501,47.68,0.7166,11.85,2.666e-05,0.2013,2.789,1.16,2.147,0.1926,7.808,0.4641,8.083
2022-04-13T02:55:56,40081.83,3046.26,103.4,0.2349,14.86,58.5,17.83,84.51,5.537,153.48,0.527,0.02101,0.006174,2.051,1.463,2.064,1.408,3.615,157.36,12.28,0.8025,1.454,0.5315,2.226,417.71,0.9503,47.67,0.7164,11.85,2.66e-05,0.2012,2.79,1.16,2.147,0.1926,7.805,0.4642,8.079
2022-04-13T02:56:26,40078.76,3046.78,103.42,0.235,14.86,58.5,17.83,84.49,5.533,153.48,0.527,0.02101,0.006174,2.051,1.463,2.064,1.408,3.616,157.31,12.28,0.8025,1.453,0.5315,2.226,417.73,0.9502,47.66,0.7164,11.85,2.661e-05,0.2012,2.792,1.16,2.146,0.1926,7.799,0.4639,8.073
2022-04-13T02:56:56,40081.43,3046.76,103.46,0.2351,14.86,58.5,17.83,84.47,5.53,153.44,0.527,0.02102,0.006174,2.051,1.463,2.064,1.409,3.614,157.33,12.28,0.8021,1.453,0.5315,2.227,417.7,0.9507,47.66,0.7164,11.85,2.661e-05,0.2012,2.793,1.16,2.147,0.1926,7.799,0.464,8.077
2022-04-13T02:57:26,40071.57,3046.42,103.4,0.2352,14.86,58.4,17.83,84.47,5.535,153.49,0.527,0.02101,0.006174,2.051,1.463,2.063,1.408,3.614,157.33,12.28,0.8021,1.453,0.5315,2.226,417.66,0.9505,47.66,0.7164,11.84,2.658e-05,0.2011,2.793,1.16,2.147,0.1926,7.792,0.464,8.083
2022-04-13T02:57:56,40036.63,3043.92,103.36,0.2348,14.86,58.4,17.82,84.34,5.535,153.19,0.527,0.02095,0.006174,2.051,1.461,2.058,1.406,3.614,157.25,12.28,0.8021,1.449,0.5315,2.222,417.3,0.9498,47.56,0.7156,11.81,2.654e-05,0.201,2.793,1.157,2.145,0.1924,7.783,0.4638,8.074
2022-04-13T02:58:26,40052.18,3045.19,103.38,0.2348,14.86,58.4,17.82,84.31,5.541,153.28,0.527,0.02094,0.006174,2.051,1.46,2.062,1.406,3.612,157.3,12.28,0.8021,1.451,0.5315,2.223,417.43,0.95,47.57,0.7157,11.84,2.655e-05,0.2011,2.796,1.158,2.146,0.1923,7.788,0.463,8.069
2022-04-13T02:58:56,40057.23,3045.8,103.38,0.2351,14.86,58.4,17.82,84.39,5.543,153.33,0.5261,0.02095,0.006177,2.051,1.462,2.062,1.407,3.612,157.31,12.28,0.8021,1.451,0.5315,2.224,417.45,0.9497,47.58,0.7161,11.85,2.655e-05,0.2011,2.8,1.159,2.147,0.1924,7.785,0.463,8.075
2022-04-13T02:59:26,40048.67,3045.66,103.29,0.2349,14.86,58.4,17.81,84.37,5.541,153.29,0.5261,0.02094,0.006177,2.051,1.462,2.062,1.407,3.609,157.22,12.28,0.8021,1.449,0.5315,2.224,417.51,0.9493,47.6,0.7158,11.87,2.655e-05,0.2012,2.803,1.159,2.148,0.1924,7.782,0.4629,8.071
2022-04-13T02:59:56,40048.05,3045.87,103.35,0.235,14.86,58.4,17.81,84.39,5.54,153.3,0.5261,0.02095,0.006177,2.051,1.462,2.062,1.407,3.606,157.23,12.28,0.8021,1.45,0.5315,2.225,417.43,0.9497,47.62,0.7159,11.87,2.656e-05,0.2012,2.805,1.159,2.148,0.1925,7.782,0.4628,8.071
2022-04-13T03:00:26,40046.24,3045.5,103.31,0.2347,14.89,58.5,17.82,84.38,5.541,153.3,0.5261,0.02095,0.006177,2.051,1.462,2.062,1.407,3.612,157.23,12.28,0.8021,1.45,0.5315,2.225,417.35,0.9498,47.63,0.7159,11.87,2.655e-05,0.2012,2.805,1.159,2.149,0.1925,7.781,0.4629,8.07
2022-04-13T03:00:56,40035.52,3044.31,103.25,0.2347,14.89,58.4,17.82,84.33,5.541,153.24,0.5261,0.02095,0.006177,2.051,1.462,2.061,1.406,3.61,157.16,12.28,0.8039,1.448,0.5315,2.224,417.32,0.9497,47.62,0.7157,11.87,2.648e-05,0.2013,2.804,1.159,2.149,0.1926,7.784,0.4627,8.07
2022-04-13T03:01:26,40032.16,3043.93,103.23,0.2346,14.85,58.4,17.81,84.31,5.542,153.24,0.5244,0.02096,0.006183,2.051,1.462,2.061,1.407,3.608,157.15,12.28,0.8039,1.448,0.5315,2.224,417.36,0.9497,47.59,0.7157,11.87,2.641e-05,0.2013,2.804,1.159,2.149,0.1926,7.785,0.4626,8.069
2022-04-13T03:01:56,40043.96,3044.87,103.3,0.2346,14.85,58.3,17.82,84.35,5.541,153.37,0.5244,0.02096,0.006162,2.05,1.462,2.061,1.407,3.607,157.21,12.29,0.8039,1.45,0.5315,2.224,417.47,0.9498,47.6,0.7159,11.82,2.627e-05,0.201,2.806,1.159,2.149,0.1926,7.795,0.4629,8.061
2022-04-13T03:02:26,40032.44,3044.1,103.16,0.2341,14.85,58.3,17.8,84.28,5.541,153.24,0.5248,0.02095,0.006162,2.05,1.461,2.061,1.407,3.605,157.14,12.29,0.8039,1.45,0.5315,2.224,417.42,0.9498,47.58,0.7156,11.82,2.622e-05,0.2008,2.804,1.159,2.147,0.1927,7.798,0.463,8.057
2022-04-13T03:02:56,40051.93,3045.19,103.39,0.2345,14.85,58.3,17.81,84.32,5.54,153.35,0.5244,0.02096,0.006162,2.051,1.461,2.062,1.407,3.605,157.18,12.29,0.8039,1.451,0.5315,2.225,417.57,0.9499,47.59,0.7163,11.83,2.62e-05,0.2009,2.807,1.16,2.147,0.1928,7.813,0.463,8.055
2022-04-13T03:03:26,40091.27,3047.78,103.41,0.2346,14.85,58.3,17.82,84.41,5.541,153.63,0.5244,0.02099,0.006167,2.051,1.461,2.067,1.41,3.609,157.34,12.29,0.8039,1.452,0.5315,2.23,418.03,0.9508,47.66,0.7167,11.85,2.623e-05,0.2016,2.813,1.161,2.151,0.193,7.822,0.4638,8.057
2022-04-13T03:03:56,40097.15,3049.67,103.61,0.2348,14.85,58.2,17.84,84.6,5.542,153.71,0.5244,0.02102,0.006167,2.051,1.462,2.067,1.411,3.608,157.36,12.29,0.8032,1.452,0.5315,2.232,418.13,0.9508,47.68,0.7172,11.87,2.624e-05,0.2019,2.818,1.162,2.155,0.1931,7.825,0.4641,8.075
2022-04-13T03:04:26,40103.65,3050.06,103.66,0.2351,14.85,58.3,17.85,84.63,5.546,153.72,0.5244,0.02103,0.006167,2.051,1.464,2.068,1.412,3.607,157.44,12.29,0.8032,1.452,0.5315,2.232,418.25,0.9521,47.69,0.7176,11.91,2.627e-05,0.202,2.821,1.163,2.158,0.1932,7.831,0.4641,8.082
2022-04-13T03:04:56,40105.69,3050.14,103.66,0.2353,14.85,58.3,17.84,84.7,5.543,153.68,0.5244,0.02103,0.006167,2.051,1.465,2.068,1.413,3.606,157.46,12.27,0.8032,1.452,0.5315,2.232,418.2,0.952,47.73,0.7175,11.93,2.625e-05,0.2021,2.826,1.163,2.159,0.1932,7.837,0.4646,8.083
2022-04-13T03:05:26,40101.57,3049.71,103.68,0.2353,14.85,58.3,17.85,84.75,5.549,153.73,0.5244,0.02104,0.006167,2.054,1.466,2.071,1.413,3.601,157.51,12.27,0.8032,1.452,0.5315,2.232,418.45,0.9525,47.77,0.7175,11.94,2.629e-05,0.2023,2.831,1.163,2.162,0.1932,7.834,0.4646,8.082
2022-04-13T03:05:56,40101.71,3050.84,103.76,0.2354,14.85,58.3,17.85,84.85,5.544,153.74,0.5244,0.02104,0.006167,2.054,1.466,2.071,1.413,3.606,157.61,12.27,0.8032,1.454,0.5315,2.233,418.58,0.9525,47.78,0.7177,11.95,2.628e-05,0.2022,2.832,1.164,2.162,0.1932,7.833,0.4646,8.076
2022-04-13T03:06:26,40101.16,3051.49,103.73,0.2354,14.85,58.3,17.85,84.87,5.549,153.75,0.5264,0.02105,0.006178,2.054,1.465,2.071,1.413,3.605,157.6,12.27,0.8032,1.456,0.5315,2.234,418.68,0.9524,47.78,0.7176,11.93,2.629e-05,0.2021,2.829,1.164,2.161,0.1932,7.829,0.4649,8.077
2022-04-13T03:06:56,40075.67,3051.03,103.66,0.2354,14.85,58.3,17.86,84.82,5.543,153.72,0.5262,0.021,0.006178,2.054,1.466,2.07,1.413,3.605,157.53,12.27,0.8032,1.455,0.5315,2.233,418.66,0.952,47.76,0.7174,11.91,2.627e-05,0.2021,2.829,1.164,2.16,0.1932,7.827,0.4642,8.077
2022-04-13T03:07:26,40054.02,3047.81,103.55,0.2354,14.85,58.3,17.85,84.77,5.534,153.47,0.5253,0.02099,0.006178,2.054,1.464,2.07,1.41,3.605,157.45,12.27,0.8032,1.453,0.5315,2.229,418.51,0.9513,47.71,0.717,11.87,2.625e-05,0.2021,2.824,1.163,2.156,0.1931,7.826,0.4637,8.071
2022-04-13T03:07:56,40061.23,3048.99,103.65,0.2357,14.85,58.3,17.85,84.78,5.523,153.51,0.5253,0.02097,0.006178,2.054,1.464,2.067,1.41,3.602,157.43,12.29,0.8032,1.453,0.5315,2.229,418.46,0.951,47.69,0.717,11.88,2.629e-05,0.2021,2.826,1.164,2.156,0.1931,7.837,0.4637,8.07
2022-04-13T03:08:26,40082.85,3049.53,103.73,0.2357,14.85,58.2,17.87,84.84,5.538,153.64,0.5253,0.02101,0.006178,2.054,1.464,2.068,1.41,3.601,157.54,12.29,0.8035,1.453,0.5315,2.23,418.66,0.9518,47.72,0.7173,11.88,2.632e-05,0.2019,2.828,1.164,2.157,0.1931,7.843,0.4637,8.079
2022-04-13T03:08:56,40091.34,3050.79,103.77,0.2358,14.85,58.2,17.88,84.89,5.538,153.65,0.5253,0.02103,0.006191,2.054,1.464,2.069,1.412,3.602,157.59,12.29,0.8035,1.453,0.5315,2.23,418.71,0.9517,47.74,0.7173,11.88,2.633e-05,0.2019,2.827,1.165,2.157,0.1932,7.845,0.4638,8.079
2022-04-13T03:09:26,40138.63,3053.84,103.92,0.2359,14.88,58.2,17.88,84.93,5.533,153.75,0.5253,0.02106,0.006191,2.054,1.465,2.071,1.412,3.608,157.58,12.29,0.8035,1.457,0.5315,2.231,418.91,0.9524,47.77,0.7175,11.88,2.637e-05,0.2019,2.828,1.165,2.156,0.1932,7.846,0.4638,8.08
2022-04-13T03:09:56,40135.29,3052.92,103.92,0.2359,14.89,58.3,17.88,84.98,5.536,153.76,0.5253,0.02108,0.006191,2.054,1.465,2.071,1.412,3.612,157.65,12.29,0.8035,1.455,0.5315,2.232,418.95,0.9528,47.76,0.7176,11.88,2.638e-05,0.2022,2.827,1.165,2.158,0.1932,7.853,0.464,8.084
2022-04-13T03:10:26,40139.43,3053.45,103.93,0.2358,14.89,58.3,17.89,85,5.537,153.77,0.5259,0.02107,0.006189,2.054,1.465,2.071,1.412,3.612,157.64,12.29,0.8039,1.455,0.5315,2.231,419.13,0.9532,47.76,0.7175,11.91,2.643e-05,0.2022,2.826,1.166,2.157,0.1932,7.863,0.4643,8.09
2022-04-13T03:10:56,40142.46,3053.25,103.98,0.2359,14.87,58.2,17.88,85.01,5.536,153.72,0.5268,0.02109,0.00618,2.054,1.465,2.071,1.412,3.612,157.7,12.29,0.8039,1.456,0.5315,2.231,418.99,0.9531,47.79,0.7175,11.91,2.642e-05,0.2023,2.827,1.166,2.158,0.1933,7.863,0.4643,8.085
2022-04-13T03:11:26,40148.52,3054.51,104.06,0.2357,14.87,58.2,17.88,84.98,5.54,153.7,0.5268,0.02107,0.00618,2.054,1.465,2.072,1.412,3.594,157.73,12.29,0.8039,1.455,0.5315,2.231,419.08,0.9527,47.8,0.7175,11.94,2.642e-05,0.2023,2.828,1.166,2.158,0.1932,7.865,0.4647,8.081
2022-04-13T03:11:56,40153.04,3054.93,104.05,0.2358,14.87,58.2,17.88,85,5.537,153.69,0.527,0.02109,0.00618,2.054,1.465,2.072,1.412,3.607,157.81,12.29,0.8039,1.457,0.5315,2.233,419.14,0.9533,47.82,0.7174,11.95,2.642e-05,0.2023,2.828,1.166,2.158,0.1932,7.855,0.465,8.086
2022-04-13T03:12:26,40142.65,3053.86,103.85,0.2357,14.87,58.4,17.88,85,5.54,153.68,0.527,0.02106,0.00618,2.054,1.465,2.071,1.412,3.606,157.87,12.29,0.8039,1.457,0.5315,2.23,418.93,0.9526,47.8,0.7174,11.95,2.638e-05,0.2023,2.826,1.167,2.158,0.1932,7.851,0.465,8.085
2022-04-13T03:12:56,40149.72,3053.92,103.94,0.2357,14.87,58.4,17.89,85.02,5.536,153.68,0.527,0.02105,0.00618,2.054,1.465,2.072,1.412,3.606,157.86,12.29,0.8039,1.458,0.5315,2.23,419.01,0.9532,47.78,0.7174,11.97,2.639e-05,0.2021,2.825,1.167,2.158,0.1932,7.859,0.4651,8.084
2022-04-13T03:13:26,40135.85,3052.28,103.86,0.2357,14.89,58.3,17.88,85.02,5.536,153.65,0.5278,0.02104,0.00618,2.054,1.465,2.071,1.412,3.604,157.83,12.29,0.8042,1.458,0.5315,2.231,419.05,0.9531,47.78,0.717,11.98,2.637e-05,0.2021,2.824,1.167,2.158,0.1933,7.857,0.4651,8.084
2022-04-13T03:13:56,40136.1,3051.19,103.83,0.2356,14.89,58.3,17.87,85,5.527,153.68,0.5278,0.02103,0.00618,2.054,1.465,2.071,1.412,3.604,157.84,12.21,0.8076,1.46,0.5315,2.231,418.97,0.9531,47.75,0.7171,11.98,2.637e-05,0.2021,2.821,1.168,2.156,0.1933,7.857,0.4651,8.083
2022-04-13T03:14:26,40140.51,3052.48,103.86,0.2359,14.89,58.4,17.88,85.01,5.536,153.67,0.5278,0.02104,0.006173,2.054,1.465,2.071,1.413,3.604,157.85,12.21,0.8076,1.46,0.5315,2.233,418.85,0.9531,47.77,0.7173,11.98,2.642e-05,0.2021,2.822,1.168,2.157,0.1933,7.863,0.4653,8.084
2022-04-13T03:14:56,40134.48,3051.66,103.85,0.2359,14.89,58.4,17.89,85.04,5.533,153.75,0.5278,0.02103,0.006173,2.054,1.466,2.071,1.412,3.604,157.84,12.21,0.8076,1.459,0.5315,2.234,418.95,0.9531,47.77,0.7173,11.98,2.642e-05,0.2021,2.821,1.169,2.157,0.1933,7.86,0.4654,8.085
2022-04-13T03:15:26,40139.65,3051.78,103.85,0.2357,14.89,58.4,17.89,85.07,5.537,153.72,0.5278,0.02103,0.006173,2.054,1.466,2.061,1.412,3.604,157.88,12.21,0.8073,1.459,0.5315,2.234,419.05,0.953,47.76,0.7173,11.98,2.645e-05,0.2021,2.82,1.169,2.157,0.1933,7.862,0.4657,8.085
2022-04-13T03:15:56,40131.84,3051.38,103.8,0.2353,14.87,58.3,17.88,85.05,5.503,153.71,0.5278,0.02103,0.006186,2.054,1.466,2.06,1.412,3.598,157.76,12.21,0.8073,1.459,0.5315,2.233,419.08,0.9532,47.71,0.7171,11.98,2.641e-05,0.2021,2.817,1.169,2.157,0.1933,7.854,0.4654,8.085
2022-04-13T03:16:26,40131.49,3050.8,103.89,0.2352,14.87,58.2,17.88,85.09,5.496,153.68,0.5278,0.02102,0.00618,2.054,1.466,2.06,1.411,3.598,157.78,12.21,0.8021,1.459,0.5315,2.233,419.03,0.9535,47.69,0.7175,11.98,2.642e-05,0.2021,2.817,1.17,2.156,0.1933,7.852,0.4653,8.09
2022-04-13T03:16:56,40156.23,3051.43,103.93,0.2356,14.87,58.2,17.89,85.19,5.497,153.72,0.5278,0.02103,0.00618,2.054,1.465,2.062,1.413,3.598,157.89,12.21,0.8021,1.463,0.5315,2.233,419.74,0.9539,47.73,0.7176,11.99,2.645e-05,0.2022,2.818,1.17,2.157,0.1933,7.854,0.4655,8.095
2022-04-13T03:17:26,40160.23,3052.92,103.95,0.2356,14.87,58.2,17.88,85.24,5.492,153.74,0.5278,0.02103,0.00618,2.054,1.465,2.065,1.413,3.603,157.92,12.21,0.8057,1.463,0.5315,2.233,419.79,0.9539,47.74,0.7177,11.99,2.645e-05,0.2022,2.818,1.171,2.157,0.1933,7.855,0.4658,8.105
2022-04-13T03:17:56,40163.63,3053.47,103.99,0.2356,14.87,58.2,17.87,85.26,5.495,153.8,0.5278,0.02101,0.006188,2.054,1.466,2.065,1.413,3.603,157.91,12.21,0.8057,1.463,0.5315,2.234,420,0.9544,47.74,0.7176,12,2.645e-05,0.2021,2.816,1.17,2.156,0.1933,7.863,0.4658,8.107
2022-04-13T03:18:26,40167.83,3054.2,104.01,0.2357,14.87,58.2,17.87,85.27,5.497,153.79,0.5278,0.02101,0.006182,2.054,1.466,2.064,1.414,3.603,157.92,12.21,0.8057,1.451,0.5315,2.234,420,0.9543,47.73,0.7176,12.01,2.647e-05,0.2021,2.816,1.17,2.156,0.1933,7.863,0.4659,8.107
2022-04-13T03:18:56,40164.66,3053.67,104.01,0.2356,14.87,58.2,17.87,85.31,5.498,153.85,0.5278,0.02101,0.006182,2.057,1.465,2.064,1.414,3.601,157.91,12.21,0.8057,1.451,0.5315,2.234,420.01,0.9545,47.72,0.7176,12.01,2.65e-05,0.2021,2.815,1.17,2.154,0.1933,7.865,0.4658,8.103
2022-04-13T03:19:26,40223.87,3054.95,104.2,0.236,14.87,58.4,17.88,85.36,5.506,154.08,0.5272,0.02106,0.006192,2.059,1.467,2.067,1.416,3.612,158.1,12.21,0.8057,1.451,0.5315,2.238,420.2,0.9555,47.79,0.7184,11.98,2.659e-05,0.2022,2.82,1.17,2.157,0.1936,7.879,0.4666,8.104
2022-04-13T03:19:56,40239.67,3057.41,104.22,0.2362,14.87,58.4,17.9,85.53,5.51,154.19,0.5272,0.02108,0.006192,2.059,1.469,2.068,1.417,3.611,158.07,12.21,0.8057,1.456,0.5315,2.238,420.22,0.9555,47.79,0.7189,12.05,2.665e-05,0.2023,2.819,1.17,2.157,0.1936,7.884,0.4666,8.109
2022-04-13T03:20:26,40213.11,3060.87,104.3,0.2362,14.88,58.4,17.91,85.55,5.512,154.17,0.5278,0.02106,0.006192,2.059,1.468,2.072,1.417,3.615,158.1,12.24,0.8057,1.455,0.5315,2.238,420.47,0.9556,47.88,0.7186,12.05,2.66e-05,0.2021,2.819,1.171,2.157,0.1936,7.888,0.4667,8.112
2022-04-13T03:20:56,40241.02,3060.94,104.34,0.2361,14.88,58.4,17.91,85.55,5.519,154.19,0.5283,0.02103,0.006192,2.059,1.468,2.073,1.417,3.615,157.98,12.24,0.8059,1.457,0.5369,2.239,420.35,0.9557,47.87,0.7187,12.05,2.659e-05,0.2021,2.819,1.172,2.156,0.1936,7.884,0.4669,8.113
2022-04-13T03:21:26,40227.37,3060.37,104.34,0.2361,14.88,58.4,17.9,85.58,5.519,154.16,0.5286,0.02108,0.006192,2.059,1.468,2.068,1.417,3.614,157.94,12.22,0.8059,1.457,0.5369,2.239,420.16,0.9555,47.89,0.7185,12.05,2.658e-05,0.2022,2.819,1.171,2.156,0.1935,7.882,0.4665,8.115
2022-04-13T03:21:56,40199.16,3061.6,104.33,0.2362,14.88,58.4,17.9,85.63,5.515,154.09,0.5286,0.02105,0.0062,2.059,1.469,2.067,1.417,3.609,157.93,12.22,0.8065,1.457,0.5369,2.239,420.08,0.9557,47.89,0.7181,11.99,2.658e-05,0.2021,2.817,1.171,2.156,0.1936,7.88,0.4665,8.118
2022-04-13T03:22:26,40204.69,3062.55,104.3,0.2361,14.88,58.4,17.9,85.63,5.507,154.01,0.5285,0.02106,0.0062,2.059,1.469,2.067,1.417,3.609,157.85,12.22,0.8103,1.458,0.5369,2.238,419.87,0.9554,47.88,0.7183,12,2.655e-05,0.202,2.816,1.17,2.155,0.1936,7.881,0.4661,8.118
2022-04-13T03:22:56,40201.96,3061.99,104.49,0.2361,14.93,58.4,17.89,85.61,5.508,153.98,0.5294,0.02107,0.0062,2.059,1.469,2.067,1.417,3.611,157.83,12.22,0.8103,1.458,0.5369,2.239,419.73,0.9555,47.89,0.7182,11.98,2.654e-05,0.202,2.817,1.17,2.154,0.1935,7.877,0.4661,8.113
2022-04-13T03:23:26,40215.1,3064.49,104.55,0.2361,14.93,58.4,17.9,85.66,5.515,154.1,0.5293,0.02109,0.0062,2.055,1.469,2.067,1.417,3.609,157.92,12.22,0.8103,1.458,0.5369,2.24,419.8,0.9561,47.92,0.7183,11.98,2.657e-05,0.2022,2.818,1.17,2.153,0.1936,7.885,0.4665,8.113
2022-04-13T03:23:56,40211.16,3064.18,104.91,0.2363,14.93,58.4,17.9,85.72,5.517,154.66,0.5294,0.02114,0.0062,2.055,1.469,2.067,1.419,3.604,157.89,12.22,0.8103,1.458,0.5369,2.241,419.86,0.9563,47.93,0.7184,12,2.661e-05,0.2021,2.817,1.17,2.154,0.1935,7.89,0.4667,8.113
2022-04-13T03:24:26,40239.14,3065,104.91,0.2365,14.93,58.4,17.9,85.77,5.52,154.63,0.5294,0.02115,0.0062,2.055,1.469,2.069,1.419,3.613,158.04,12.22,0.8103,1.46,0.5369,2.242,420.17,0.9564,47.95,0.7185,11.99,2.663e-05,0.2021,2.819,1.17,2.154,0.1935,7.89,0.4668,8.115
2022-04-13T03:24:56,40236.3,3065.51,104.91,0.2365,14.96,58.4,17.91,85.8,5.519,154.61,0.5294,0.02116,0.0062,2.056,1.47,2.069,1.419,3.613,158.03,12.22,0.8103,1.461,0.5369,2.242,420.33,0.956,47.94,0.7189,12,2.665e-05,0.2024,2.82,1.171,2.154,0.1937,7.888,0.4668,8.117
2022-04-13T03:25:26,40225.08,3066.06,104.69,0.2365,14.96,58.4,17.91,85.76,5.514,154.43,0.5294,0.02117,0.006197,2.056,1.47,2.068,1.418,3.613,157.97,12.23,0.8103,1.463,0.5369,2.242,420.38,0.9565,47.93,0.7189,12,2.661e-05,0.2024,2.818,1.171,2.154,0.1935,7.882,0.4668,8.13
2022-04-13T03:25:56,40217.45,3064.65,104.65,0.2367,14.96,58.4,17.91,85.73,5.517,154.41,0.5294,0.02116,0.006197,2.056,1.47,2.068,1.419,3.614,157.94,12.23,0.8103,1.463,0.5369,2.241,420.26,0.9563,47.91,0.7185,12.03,2.662e-05,0.2023,2.818,1.171,2.153,0.1935,7.882,0.4667,8.13
2022-04-13T03:26:26,40213.09,3064.49,104.68,0.2366,14.96,58.4,17.91,85.64,5.52,154.29,0.5297,0.02115,0.006197,2.056,1.47,2.067,1.418,3.615,157.95,12.23,0.8103,1.463,0.5369,2.242,420.2,0.9561,47.88,0.7185,12.03,2.658e-05,0.2023,2.818,1.171,2.153,0.1935,7.88,0.4666,8.135
2022-04-13T03:26:56,40211.19,3064.71,104.7,0.2367,14.96,58.4,17.91,85.61,5.508,154.26,0.5297,0.02113,0.006197,2.056,1.47,2.067,1.418,3.615,157.95,12.23,0.8088,1.463,0.5369,2.243,420.2,0.9564,47.9,0.7184,12.05,2.662e-05,0.2023,2.819,1.171,2.153,0.1935,7.877,0.4666,8.135
2022-04-13T03:27:26,40206.42,3064.12,104.67,0.2368,14.96,58.5,17.91,85.57,5.513,154.17,0.5297,0.0211,0.006197,2.056,1.47,2.067,1.418,3.612,157.97,12.23,0.8067,1.463,0.5369,2.243,420.14,0.9564,47.95,0.7184,12.05,2.662e-05,0.2023,2.821,1.171,2.153,0.1935,7.872,0.4671,8.136
2022-04-13T03:27:56,40199.45,3064.05,104.73,0.2365,14.96,58.5,17.91,85.53,5.509,154.03,0.5297,0.02113,0.006197,2.055,1.47,2.067,1.418,3.61,158,12.23,0.8067,1.462,0.5369,2.242,419.98,0.9559,47.95,0.7183,12.05,2.675e-05,0.2023,2.82,1.171,2.153,0.1935,7.872,0.4669,8.13
2022-04-13T03:28:26,40194.84,3063.62,104.68,0.2366,14.96,58.4,17.9,85.5,5.51,154.06,0.5297,0.02111,0.006197,2.055,1.47,2.066,1.418,3.61,157.99,12.23,0.8067,1.463,0.5371,2.243,419.93,0.9558,47.94,0.7182,12.05,2.678e-05,0.2022,2.82,1.171,2.152,0.1935,7.875,0.4669,8.131
2022-04-13T03:28:56,40195.05,3061.82,104.73,0.2367,14.96,58.4,17.9,85.48,5.508,154.03,0.5297,0.02114,0.006197,2.055,1.47,2.066,1.418,3.611,157.99,12.23,0.8067,1.464,0.5371,2.244,419.93,0.9558,47.96,0.7184,12.03,2.682e-05,0.2022,2.82,1.172,2.152,0.1935,7.877,0.4667,8.13
2022-04-13T03:29:26,40190.04,3060.43,104.66,0.2365,14.96,58.4,17.9,85.47,5.508,154.03,0.5297,0.02114,0.006202,2.055,1.47,2.066,1.418,3.611,157.99,12.23,0.8067,1.464,0.5371,2.243,419.91,0.9557,47.93,0.7183,12.05,2.688e-05,0.2022,2.818,1.172,2.152,0.1935,7.879,0.4667,8.13
2022-04-13T03:29:56,40176.9,3059.46,104.53,0.2365,14.96,58.4,17.89,85.42,5.508,153.92,0.5297,0.0211,0.006202,2.055,1.469,2.065,1.418,3.612,157.99,12.23,0.8067,1.464,0.5371,2.241,419.68,0.9556,47.92,0.7182,12.04,2.71e-05,0.202,2.815,1.172,2.151,0.1934,7.89,0.4666,8.125
2022-04-13T03:30:26,40192.86,3059.97,104.57,0.2365,14.96,58.4,17.91,85.58,5.506,154.07,0.5294,0.02109,0.006202,2.057,1.468,2.066,1.419,3.612,157.99,12.23,0.8053,1.464,0.5371,2.243,419.67,0.9557,47.95,0.7184,12.07,2.706e-05,0.202,2.817,1.172,2.151,0.1934,7.893,0.4674,8.123
2022-04-13T03:30:56,40197.92,3061.6,104.74,0.2367,14.96,58.4,17.91,85.59,5.507,154.16,0.5294,0.02112,0.006202,2.057,1.469,2.067,1.419,3.619,158.02,12.23,0.8053,1.462,0.5371,2.244,419.87,0.9572,47.93,0.7187,12.07,2.705e-05,0.2026,2.819,1.173,2.154,0.1935,7.889,0.4676,8.133
2022-04-13T03:31:26,40169.37,3059.36,104.67,0.2365,14.96,58.4,17.9,85.52,5.531,154.07,0.5295,0.02112,0.006202,2.057,1.47,2.065,1.418,3.614,157.87,12.23,0.8038,1.463,0.5371,2.241,419.8,0.9561,47.88,0.7184,12.02,2.696e-05,0.2022,2.815,1.174,2.152,0.1934,7.876,0.4677,8.13
2022-04-13T03:31:56,40134.56,3056.38,104.42,0.236,14.91,58.4,17.89,85.4,5.531,153.86,0.5294,0.02106,0.006201,2.057,1.468,2.063,1.415,3.608,157.74,12.23,0.8038,1.461,0.5371,2.237,419.28,0.956,47.85,0.7179,12.02,2.693e-05,0.202,2.811,1.173,2.149,0.1932,7.866,0.4669,8.12
2022-04-13T03:32:26,40118.25,3055.2,104.4,0.2358,14.85,58.4,17.87,85.32,5.529,153.97,0.5294,0.02106,0.006201,2.057,1.468,2.065,1.415,3.608,157.76,12.18,0.8038,1.463,0.5371,2.237,419.3,0.955,47.81,0.7179,11.99,2.684e-05,0.2018,2.81,1.172,2.148,0.1931,7.858,0.4666,8.107
2022-04-13T03:32:56,40114.42,3056.56,104.58,0.2358,14.85,58.3,17.87,85.35,5.516,154,0.5279,0.02107,0.006187,2.056,1.467,2.068,1.415,3.604,157.88,12.18,0.8038,1.463,0.5371,2.239,419.34,0.9556,47.82,0.718,11.99,2.685e-05,0.2018,2.811,1.172,2.149,0.1932,7.864,0.4667,8.112
2022-04-13T03:33:26,40125.19,3057.28,104.64,0.2357,14.87,58.3,17.87,85.42,5.52,153.97,0.5279,0.02111,0.006166,2.056,1.466,2.068,1.417,3.605,158.14,12.23,0.8038,1.463,0.5371,2.24,419.53,0.9558,47.84,0.7184,11.99,2.685e-05,0.2019,2.812,1.172,2.15,0.1933,7.865,0.4671,8.112
2022-04-13T03:33:56,40135.36,3056.79,104.6,0.2357,14.85,58.3,17.87,85.46,5.521,154.03,0.5284,0.02109,0.006166,2.056,1.466,2.069,1.417,3.607,158.17,12.23,0.8038,1.466,0.5371,2.24,419.68,0.9558,47.82,0.7184,11.99,2.683e-05,0.2019,2.81,1.172,2.15,0.1933,7.864,0.4673,8.114
2022-04-13T03:34:26,40120.6,3056,104.57,0.2356,14.85,58.3,17.87,85.43,5.51,154.02,0.5284,0.02106,0.006166,2.056,1.467,2.068,1.417,3.609,158.13,12.22,0.8033,1.465,0.5371,2.239,419.57,0.9551,47.82,0.7183,11.99,2.681e-05,0.2019,2.809,1.172,2.15,0.1932,7.864,0.4669,8.113
2022-04-13T03:34:56,40122.53,3055.55,104.56,0.2355,14.85,58.3,17.87,85.41,5.514,154,0.5284,0.02108,0.006166,2.056,1.467,2.068,1.417,3.61,158.03,12.22,0.8033,1.465,0.5371,2.239,419.4,0.9557,47.8,0.7182,11.99,2.682e-05,0.202,2.809,1.171,2.15,0.1932,7.857,0.4667,8.118
2022-04-13T03:35:26,40118.28,3054.9,104.55,0.2354,14.85,58.4,17.86,85.41,5.514,154.02,0.5285,0.02108,0.006166,2.056,1.467,2.068,1.416,3.607,158.03,12.22,0.8023,1.463,0.5371,2.238,419.28,0.9556,47.81,0.7182,11.99,2.682e-05,0.202,2.809,1.171,2.15,0.1932,7.857,0.4667,8.113
2022-04-13T03:35:56,40128.41,3055.55,104.58,0.2354,14.85,58.4,17.87,85.4,5.513,154.05,0.5285,0.02108,0.006167,2.058,1.467,2.07,1.416,3.603,158.09,12.22,0.8023,1.463,0.5371,2.238,419.34,0.9559,47.81,0.7183,12.03,2.687e-05,0.2019,2.812,1.171,2.15,0.1932,7.857,0.4667,8.111
2022-04-13T03:36:26,40130.55,3055.25,104.53,0.2353,14.86,58.4,17.87,85.37,5.514,154,0.5299,0.0211,0.006167,2.058,1.466,2.068,1.417,3.603,158.09,12.22,0.8023,1.463,0.5371,2.237,419.5,0.9556,47.82,0.7183,12.05,2.682e-05,0.2019,2.811,1.171,2.15,0.1932,7.858,0.4665,8.113
2022-04-13T03:36:56,40120.83,3055.1,104.44,0.2351,14.86,58.4,17.86,85.32,5.513,153.9,0.5291,0.0211,0.006167,2.059,1.466,2.067,1.416,3.603,157.97,12.22,0.8023,1.464,0.5371,2.236,419.26,0.9556,47.8,0.7182,12.05,2.681e-05,0.2019,2.811,1.17,2.151,0.1932,7.854,0.4663,8.108
2022-04-13T03:37:26,40126.53,3054.8,104.43,0.235,14.86,58.4,17.86,85.3,5.511,153.9,0.5291,0.0211,0.006167,2.059,1.466,2.067,1.416,3.603,157.94,12.22,0.8026,1.464,0.5371,2.237,419.28,0.9558,47.8,0.718,12.08,2.67e-05,0.2019,2.811,1.171,2.151,0.1931,7.854,0.4663,8.106
2022-04-13T03:37:56,40136.21,3055.01,104.45,0.2354,14.86,58.4,17.86,85.31,5.517,153.9,0.5289,0.02111,0.006167,2.059,1.466,2.068,1.416,3.603,157.94,12.22,0.8026,1.464,0.5402,2.237,419.47,0.9557,47.82,0.7181,12.08,2.673e-05,0.2019,2.812,1.171,2.151,0.1931,7.856,0.4664,8.106
2022-04-13T03:38:26,40146.16,3055.31,104.52,0.2354,14.86,58.4,17.87,85.34,5.515,153.9,0.5289,0.02111,0.006167,2.059,1.466,2.068,1.416,3.603,157.98,12.22,0.8026,1.467,0.5402,2.237,419.45,0.9553,47.82,0.7181,12.08,2.674e-05,0.2019,2.813,1.171,2.151,0.1932,7.856,0.4663,8.11
2022-04-13T03:38:56,40147.11,3055.59,104.52,0.2353,14.86,58.3,17.87,85.37,5.517,153.95,0.5289,0.02113,0.006184,2.059,1.468,2.068,1.417,3.603,157.94,12.22,0.8026,1.466,0.5402,2.238,419.41,0.9553,47.82,0.7181,12.08,2.675e-05,0.2019,2.814,1.171,2.152,0.1932,7.854,0.4663,8.107
2022-04-13T03:39:26,40147.55,3056.59,104.52,0.2353,14.83,58.3,17.86,85.38,5.517,153.92,0.5289,0.02113,0.006184,2.059,1.468,2.068,1.417,3.603,157.91,12.23,0.8026,1.466,0.5402,2.237,419.39,0.9555,47.82,0.7181,12.09,2.675e-05,0.2019,2.814,1.171,2.152,0.1932,7.853,0.4663,8.101
2022-04-13T03:39:56,40145.16,3055.68,104.49,0.2354,14.83,58.3,17.86,85.39,5.518,153.95,0.5289,0.02113,0.006184,2.059,1.468,2.066,1.416,3.603,157.9,12.23,0.8026,1.466,0.5402,2.238,419.38,0.9558,47.81,0.7181,12.14,2.675e-05,0.2019,2.812,1.17,2.152,0.1932,7.852,0.4662,8.102
2022-04-13T03:40:26,40154.9,3056.31,104.51,0.2354,14.83,58.3,17.87,85.41,5.519,153.99,0.5287,0.02115,0.006184,2.059,1.469,2.067,1.417,3.603,157.91,12.23,0.8035,1.467,0.5402,2.239,419.31,0.9558,47.83,0.7181,12.15,2.675e-05,0.2019,2.813,1.17,2.152,0.1932,7.856,0.4664,8.106
2022-04-13T03:40:56,40160.92,3056.76,104.51,0.2356,14.83,58.4,17.86,85.45,5.525,153.98,0.5287,0.02116,0.006184,2.059,1.469,2.067,1.418,3.608,157.94,12.23,0.8035,1.466,0.5402,2.239,419.24,0.956,47.85,0.7181,12.13,2.673e-05,0.2021,2.813,1.171,2.152,0.1932,7.856,0.4665,8.106
2022-04-13T03:41:26,40152.97,3055.2,104.45,0.2354,14.83,58.4,17.87,85.46,5.525,153.95,0.5287,0.02113,0.006184,2.059,1.469,2.067,1.416,3.607,157.91,12.23,0.8035,1.468,0.5402,2.237,419.14,0.9558,47.78,0.7178,12.13,2.669e-05,0.2021,2.811,1.17,2.151,0.1932,7.856,0.4667,8.108
2022-04-13T03:41:56,40157.14,3056.45,104.4,0.2354,14.83,58.4,17.87,85.48,5.526,153.92,0.5287,0.02114,0.006184,2.059,1.469,2.067,1.416,3.607,157.94,12.23,0.8035,1.468,0.5402,2.239,419.2,0.956,47.8,0.7178,12.13,2.675e-05,0.2021,2.812,1.17,2.15,0.1932,7.861,0.4667,8.107
2022-04-13T03:42:26,40151.07,3055.53,104.36,0.2354,14.83,58.4,17.86,85.47,5.521,153.91,0.5287,0.02114,0.006202,2.059,1.47,2.067,1.416,3.607,157.94,12.24,0.8024,1.468,0.5402,2.238,419.17,0.9558,47.8,0.7178,12.13,2.676e-05,0.2021,2.812,1.169,2.15,0.1932,7.86,0.4668,8.109
2022-04-13T03:42:56,40152,3055.62,104.32,0.235,14.83,58.4,17.86,85.48,5.519,153.91,0.5279,0.02116,0.006202,2.059,1.47,2.067,1.416,3.607,157.92,12.24,0.8024,1.468,0.5402,2.238,419.2,0.956,47.8,0.7177,12.13,2.679e-05,0.2021,2.812,1.17,2.15,0.193,7.862,0.4671,8.104
2022-04-13T03:43:26,40154.38,3055.98,104.3,0.2349,14.96,58.4,17.86,85.49,5.522,153.92,0.528,0.02114,0.006202,2.059,1.47,2.067,1.416,3.607,158,12.24,0.8033,1.468,0.5402,2.239,419.22,0.9556,47.79,0.7178,12.2,2.68e-05,0.2018,2.811,1.17,2.15,0.193,7.861,0.4674,8.108
2022-04-13T03:43:56,40153.53,3055.75,104.29,0.2349,14.95,58.4,17.86,85.48,5.522,153.88,0.529,0.02114,0.006202,2.059,1.469,2.067,1.417,3.605,158.07,12.24,0.8033,1.468,0.5402,2.239,419.19,0.9554,47.79,0.7178,12.18,2.681e-05,0.2018,2.811,1.17,2.15,0.1931,7.867,0.4677,8.109
2022-04-13T03:44:26,40153.4,3055.31,104.26,0.235,14.95,58.3,17.87,85.48,5.524,153.92,0.529,0.02115,0.006202,2.058,1.469,2.067,1.416,3.605,158.07,12.23,0.8033,1.468,0.5402,2.239,419.15,0.9559,47.79,0.7178,12.2,2.68e-05,0.2018,2.81,1.17,2.15,0.193,7.868,0.4673,8.107
2022-04-13T03:44:56,40162.62,3056.09,104.32,0.2351,14.95,58.3,17.87,85.5,5.525,153.91,0.529,0.02115,0.006212,2.058,1.47,2.068,1.417,3.605,158.1,12.23,0.8033,1.466,0.5402,2.238,419.16,0.9565,47.81,0.7178,12.16,2.684e-05,0.2018,2.811,1.17,2.152,0.1931,7.873,0.4671,8.103
2022-04-13T03:45:26,40161.44,3056.09,104.33,0.235,14.95,58.3,17.87,85.46,5.532,153.93,0.529,0.02116,0.006224,2.058,1.47,2.068,1.418,3.605,158.2,12.23,0.8033,1.466,0.5402,2.238,419.22,0.9561,47.81,0.7177,12.16,2.69e-05,0.2018,2.81,1.17,2.151,0.1931,7.861,0.4667,8.103
2022-04-13T03:45:56,40173.87,3056.82,104.49,0.2351,14.95,58.3,17.88,85.47,5.531,153.99,0.529,0.02117,0.006236,2.058,1.469,2.069,1.417,3.61,158.23,12.23,0.8033,1.468,0.5402,2.238,419.2,0.9563,47.82,0.7178,12.18,2.69e-05,0.2018,2.811,1.171,2.151,0.1931,7.859,0.4668,8.107
2022-04-13T03:46:26,40166.75,3056.5,104.47,0.2348,14.95,58.3,17.88,85.37,5.53,153.95,0.5302,0.02117,0.006236,2.058,1.469,2.068,1.417,3.61,158.15,12.23,0.8033,1.466,0.5402,2.236,419.26,0.956,47.83,0.7173,12.18,2.685e-05,0.2019,2.808,1.17,2.151,0.1931,7.861,0.467,8.109
2022-04-13T03:46:56,40132.47,3053.81,104.07,0.2345,14.95,58.3,17.87,85.28,5.525,153.84,0.5305,0.02114,0.006244,2.058,1.468,2.066,1.416,3.607,158.13,12.23,0.8033,1.466,0.5444,2.233,419.19,0.9546,47.81,0.717,12.17,2.676e-05,0.2013,2.806,1.169,2.145,0.1929,7.861,0.467,8.106
2022-04-13T03:47:26,40118.23,3052.31,104.05,0.2346,14.95,58.1,17.84,85.26,5.515,153.77,0.5304,0.02112,0.006228,2.058,1.466,2.066,1.414,3.607,158.09,12.23,0.805,1.466,0.5531,2.233,418.61,0.9549,47.71,0.7167,12.17,2.677e-05,0.2011,2.803,1.168,2.145,0.1928,7.858,0.4656,8.093
2022-04-13T03:47:56,40108.08,3052.01,104.01,0.2346,14.9,58,17.83,85.24,5.514,153.66,0.5299,0.02112,0.006228,2.058,1.466,2.065,1.413,3.604,157.92,12.23,0.805,1.464,0.5474,2.232,418.34,0.9548,47.71,0.7166,12.14,2.674e-05,0.2009,2.802,1.168,2.144,0.1928,7.841,0.4655,8.093
2022-04-13T03:48:26,40117.07,3052.92,104.02,0.2346,14.89,58,17.84,85.25,5.516,153.68,0.5298,0.02113,0.006228,2.058,1.466,2.065,1.414,3.61,157.96,12.23,0.805,1.464,0.5474,2.234,418.45,0.9551,47.67,0.7165,12.16,2.675e-05,0.2009,2.805,1.168,2.144,0.1928,7.836,0.4656,8.092
2022-04-13T03:48:56,40118.2,3053.11,103.97,0.2346,14.89,58.1,17.85,85.26,5.516,153.65,0.5298,0.02112,0.006228,2.058,1.466,2.065,1.414,3.609,158.01,12.23,0.805,1.464,0.5474,2.233,418.4,0.9549,47.67,0.7162,12.19,2.675e-05,0.2009,2.803,1.168,2.145,0.1929,7.842,0.4656,8.093
2022-04-13T03:49:26,40106.29,3052.75,104,0.2346,14.89,58,17.84,85.23,5.516,153.51,0.5298,0.02111,0.006228,2.058,1.466,2.064,1.413,3.611,157.95,12.23,0.805,1.464,0.5464,2.233,418.33,0.9548,47.66,0.7159,12.19,2.674e-05,0.2009,2.803,1.168,2.145,0.1928,7.841,0.4653,8.094
2022-04-13T03:49:56,40101.54,3052.12,103.9,0.2344,14.89,58.1,17.83,85.21,5.518,153.44,0.5298,0.02111,0.006236,2.058,1.465,2.064,1.413,3.609,157.96,12.23,0.8048,1.466,0.5493,2.231,418.46,0.9543,47.63,0.7161,12.2,2.668e-05,0.2009,2.802,1.167,2.145,0.1929,7.835,0.465,8.106
2022-04-13T03:50:26,40092.11,3051.68,103.9,0.2343,14.89,58.1,17.83,85.2,5.518,153.4,0.5284,0.02112,0.006236,2.058,1.465,2.064,1.411,3.609,157.96,12.23,0.8048,1.465,0.5493,2.232,417.99,0.9543,47.62,0.7156,12.16,2.671e-05,0.2011,2.802,1.166,2.144,0.1928,7.836,0.4651,8.108
2022-04-13T03:50:56,40090.9,3051.32,103.94,0.2343,14.89,58.1,17.82,85.22,5.513,153.47,0.5282,0.02112,0.006229,2.058,1.464,2.063,1.411,3.609,157.96,12.23,0.8048,1.465,0.5493,2.232,418,0.9542,47.65,0.7153,12.15,2.675e-05,0.2011,2.802,1.166,2.144,0.1928,7.835,0.4652,8.108
2022-04-13T03:51:26,40100.86,3051.59,103.97,0.2347,14.91,58.1,17.83,85.3,5.515,153.5,0.5282,0.02113,0.006229,2.058,1.465,2.064,1.412,3.61,157.95,12.23,0.8048,1.465,0.5493,2.233,418.02,0.9544,47.65,0.7155,12.15,2.675e-05,0.2011,2.804,1.166,2.145,0.1928,7.839,0.4653,8.101
2022-04-13T03:51:56,40101.75,3051.48,103.97,0.2346,14.91,58.1,17.83,85.3,5.515,153.47,0.5279,0.02114,0.006229,2.058,1.465,2.061,1.412,3.61,157.95,12.23,0.8048,1.465,0.5493,2.233,418.07,0.9545,47.64,0.7153,12.18,2.675e-05,0.2011,2.804,1.166,2.145,0.1928,7.838,0.4653,8.104
2022-04-13T03:52:26,40098.28,3051.29,103.98,0.2346,14.91,58.1,17.83,85.29,5.515,153.49,0.5279,0.02112,0.006229,2.058,1.465,2.061,1.413,3.61,158,12.23,0.8048,1.463,0.5493,2.233,418.05,0.9544,47.63,0.7155,12.2,2.678e-05,0.2013,2.804,1.166,2.146,0.1928,7.838,0.4653,8.1
2022-04-13T03:52:56,40096.72,3051.56,103.98,0.2348,14.91,58.1,17.83,85.28,5.518,153.48,0.5279,0.02112,0.006229,2.058,1.464,2.061,1.414,3.6,158.01,12.23,0.8048,1.463,0.5493,2.233,418.12,0.9544,47.63,0.7157,12.2,2.677e-05,0.2013,2.805,1.166,2.145,0.1929,7.838,0.4653,8.101
2022-04-13T03:53:26,40097.04,3051.35,103.97,0.2348,14.91,58,17.83,85.27,5.52,153.46,0.5279,0.02112,0.006241,2.058,1.464,2.061,1.414,3.609,157.98,12.23,0.8048,1.463,0.5493,2.234,418.11,0.9543,47.64,0.7162,12.2,2.676e-05,0.2013,2.805,1.166,2.146,0.1929,7.838,0.4655,8.106
2022-04-13T03:53:56,40099.98,3050.68,103.93,0.2347,14.91,58,17.83,85.27,5.518,153.42,0.5279,0.02112,0.006241,2.058,1.464,2.064,1.413,3.609,158,12.23,0.8043,1.465,0.5493,2.233,418.13,0.9543,47.64,0.7161,12.19,2.674e-05,0.2014,2.804,1.166,2.146,0.1929,7.841,0.4658,8.107
2022-04-13T03:54:26,40082.17,3049.69,103.87,0.2345,14.91,58,17.83,85.25,5.517,153.39,0.5284,0.02112,0.006215,2.062,1.465,2.063,1.413,3.599,158.01,12.23,0.8043,1.465,0.5493,2.23,417.95,0.954,47.62,0.7153,12.19,2.674e-05,0.2014,2.803,1.165,2.146,0.1928,7.835,0.4654,8.103
2022-04-13T03:54:56,40082.71,3049.25,103.88,0.2346,14.91,58,17.82,85.19,5.516,153.42,0.5284,0.02111,0.006215,2.062,1.464,2.06,1.412,3.6,158,12.23,0.8043,1.464,0.5493,2.231,417.94,0.9541,47.59,0.715,12.13,2.674e-05,0.2012,2.803,1.165,2.145,0.1927,7.832,0.4654,8.1
2022-04-13T03:55:26,40081.57,3050.18,103.89,0.2346,14.91,58.1,17.82,85.21,5.516,153.48,0.5284,0.02113,0.006215,2.062,1.464,2.06,1.413,3.6,158.02,12.23,0.8043,1.463,0.5493,2.232,417.86,0.9541,47.6,0.7149,12.13,2.673e-05,0.2012,2.804,1.165,2.146,0.1928,7.833,0.4654,8.104
2022-04-13T03:55:56,40089,3051.01,103.97,0.2349,14.91,58.1,17.82,85.24,5.514,153.49,0.5283,0.02112,0.006215,2.061,1.463,2.06,1.413,3.6,158.02,12.23,0.8043,1.463,0.5493,2.231,417.9,0.9541,47.54,0.715,12.11,2.675e-05,0.2012,2.805,1.165,2.147,0.1928,7.837,0.4654,8.108
2022-04-13T03:56:26,40083.91,3050.04,103.96,0.2349,14.83,58,17.82,85.25,5.518,153.5,0.5284,0.02112,0.006215,2.061,1.462,2.06,1.413,3.6,158.03,12.23,0.8043,1.463,0.5493,2.231,417.93,0.9539,47.55,0.7147,12.09,2.672e-05,0.2012,2.804,1.165,2.146,0.1928,7.837,0.4653,8.106
2022-04-13T03:56:56,40089.31,3050.22,103.96,0.2349,14.83,58.1,17.82,85.23,5.516,153.46,0.5262,0.02113,0.00622,2.061,1.463,2.06,1.413,3.6,158.04,12.23,0.8043,1.464,0.5493,2.231,417.88,0.9541,47.56,0.7146,12.11,2.675e-05,0.2012,2.805,1.165,2.147,0.1928,7.838,0.4653,8.106
2022-04-13T03:57:26,40071.66,3048.3,103.8,0.2349,14.85,58.1,17.82,85.22,5.518,153.44,0.5262,0.02112,0.006205,2.062,1.463,2.059,1.412,3.598,157.92,12.24,0.8043,1.464,0.5493,2.23,417.93,0.9541,47.58,0.7142,12.08,2.672e-05,0.2013,2.802,1.164,2.145,0.1927,7.833,0.4652,8.101
2022-04-13T03:57:56,40079.13,3048.56,103.85,0.235,14.83,58,17.83,85.21,5.518,153.49,0.5252,0.02113,0.006205,2.062,1.462,2.063,1.413,3.595,157.96,12.24,0.8043,1.464,0.5493,2.232,417.85,0.9541,47.57,0.714,12.08,2.671e-05,0.2014,2.804,1.165,2.146,0.1927,7.834,0.4652,8.096
2022-04-13T03:58:26,40078.3,3048.95,103.86,0.2349,14.79,58,17.82,85.26,5.511,153.5,0.5252,0.02113,0.006205,2.062,1.462,2.063,1.414,3.599,158.03,12.24,0.8034,1.464,0.5493,2.232,417.99,0.9541,47.59,0.7144,12.1,2.673e-05,0.2014,2.805,1.165,2.146,0.1928,7.838,0.4653,8.094
2022-04-13T03:58:56,40077.35,3048.87,103.74,0.2349,14.79,58,17.83,85.32,5.514,153.5,0.5251,0.02112,0.006205,2.062,1.462,2.063,1.414,3.606,158,12.24,0.8034,1.464,0.5493,2.232,417.89,0.9539,47.58,0.7142,12.1,2.674e-05,0.2014,2.805,1.164,2.145,0.1928,7.835,0.4653,8.094
2022-04-13T03:59:26,40076.46,3049.21,103.72,0.235,14.79,58.1,17.83,85.3,5.514,153.54,0.5252,0.02112,0.006205,2.062,1.462,2.063,1.414,3.606,158.06,12.22,0.8066,1.466,0.5493,2.231,417.98,0.9539,47.59,0.7142,12.1,2.67e-05,0.2014,2.806,1.164,2.146,0.1928,7.835,0.4653,8.094
2022-04-13T03:59:56,40083.06,3049.59,103.71,0.235,14.79,58.1,17.83,85.35,5.512,153.55,0.5252,0.02112,0.006205,2.062,1.462,2.065,1.415,3.607,158.06,12.22,0.8026,1.465,0.5493,2.233,418.15,0.9539,47.58,0.7145,12.15,2.671e-05,0.2014,2.807,1.165,2.146,0.1928,7.833,0.4657,8.1
2022-04-13T04:00:26,40077.81,3049.64,103.7,0.235,14.79,58.1,17.83,85.37,5.51,153.56,0.5253,0.02114,0.006204,2.062,1.463,2.065,1.415,3.607,158.05,12.24,0.8026,1.465,0.5493,2.233,418.12,0.9539,47.57,0.7144,12.15,2.671e-05,0.2011,2.806,1.165,2.146,0.1928,7.833,0.4657,8.1
2022-04-13T04:00:56,40073.75,3048.39,103.69,0.2349,14.79,58.1,17.83,85.35,5.514,153.61,0.5251,0.02115,0.006204,2.062,1.463,2.065,1.415,3.604,158.02,12.24,0.8026,1.465,0.5493,2.233,418.27,0.9538,47.58,0.7143,12.15,2.664e-05,0.2012,2.806,1.165,2.146,0.1928,7.833,0.4657,8.101
2022-04-13T04:01:26,40073.93,3050.91,103.69,0.235,14.86,57.9,17.83,85.34,5.519,153.64,0.5239,0.02118,0.006204,2.062,1.463,2.065,1.415,3.607,158.04,12.24,0.8019,1.465,0.5493,2.233,418.33,0.9538,47.57,0.7145,12.19,2.667e-05,0.2011,2.807,1.164,2.146,0.1928,7.834,0.4657,8.101
2022-04-13T04:01:56,40094.53,3051.73,103.88,0.2351,14.79,57.9,17.86,85.35,5.518,153.81,0.5239,0.02119,0.006204,2.062,1.464,2.066,1.415,3.606,158.14,12.24,0.8019,1.464,0.5493,2.235,418.59,0.9546,47.59,0.7149,12.19,2.69e-05,0.2014,2.808,1.165,2.145,0.1929,7.834,0.4664,8.111
2022-04-13T04:02:26,40102.08,3052.13,103.88,0.2351,14.79,57.9,17.87,85.46,5.518,153.74,0.5249,0.02122,0.006204,2.062,1.464,2.066,1.416,3.61,158.21,12.24,0.7977,1.464,0.5493,2.236,418.94,0.9548,47.64,0.7149,12.18,2.692e-05,0.2014,2.812,1.166,2.146,0.1929,7.84,0.4671,8.125
2022-04-13T04:02:56,40099.22,3052.88,103.88,0.2355,14.79,57.9,17.87,85.47,5.512,153.72,0.5238,0.02121,0.006216,2.062,1.464,2.066,1.418,3.609,158.2,12.24,0.7977,1.464,0.5493,2.236,418.96,0.9547,47.63,0.7153,12.18,2.69e-05,0.2014,2.811,1.166,2.146,0.1929,7.847,0.467,8.121
2022-04-13T04:03:26,40094.75,3052.25,103.87,0.2352,14.79,57.9,17.87,85.44,5.512,153.72,0.5231,0.0212,0.006216,2.062,1.464,2.066,1.417,3.609,158.19,12.24,0.7977,1.464,0.5493,2.236,419,0.9547,47.61,0.7151,12.19,2.681e-05,0.2014,2.811,1.166,2.145,0.1929,7.846,0.4667,8.126
2022-04-13T04:03:56,40055.01,3048.96,103.71,0.2349,14.79,58,17.86,85.36,5.511,153.46,0.5231,0.02116,0.006216,2.059,1.464,2.064,1.414,3.607,158,12.24,0.7977,1.464,0.5493,2.234,418.5,0.9534,47.57,0.7148,12.21,2.677e-05,0.2014,2.807,1.164,2.143,0.1927,7.836,0.466,8.121
2022-04-13T04:04:26,40048.42,3048.37,103.68,0.2347,14.79,58,17.85,85.24,5.513,153.45,0.522,0.02113,0.006216,2.059,1.464,2.058,1.414,3.605,158.03,12.24,0.8027,1.465,0.5493,2.231,418.36,0.9526,47.48,0.7146,12.21,2.671e-05,0.2014,2.805,1.162,2.142,0.1925,7.828,0.4656,8.116
2022-04-13T04:04:56,40042.77,3048.1,103.46,0.2345,14.86,58,17.84,85.2,5.513,153.46,0.5218,0.02112,0.006216,2.06,1.464,2.057,1.413,3.605,157.9,12.24,0.8027,1.464,0.5493,2.231,418.28,0.9523,47.47,0.7143,12.19,2.671e-05,0.2009,2.804,1.162,2.141,0.1925,7.821,0.4654,8.117
2022-04-13T04:05:26,40044,3047.67,103.46,0.2344,14.86,58,17.84,85.13,5.513,153.46,0.5212,0.02111,0.00622,2.06,1.462,2.057,1.413,3.605,157.86,12.22,0.8014,1.464,0.5493,2.231,418.25,0.953,47.48,0.7143,12.19,2.669e-05,0.2009,2.803,1.162,2.14,0.1925,7.819,0.4656,8.117
2022-04-13T04:05:56,40040.83,3047.56,103.35,0.2346,14.86,58,17.84,85.08,5.513,153.45,0.5212,0.02111,0.00622,2.06,1.462,2.06,1.411,3.601,157.82,12.22,0.8014,1.464,0.5493,2.229,418.03,0.9529,47.48,0.7142,12.19,2.66e-05,0.2008,2.801,1.162,2.14,0.1925,7.822,0.4657,8.112
2022-04-13T04:06:26,40047.02,3047.62,103.42,0.2347,14.86,57.9,17.84,85.12,5.512,153.41,0.5212,0.02115,0.00622,2.06,1.463,2.06,1.412,3.601,157.8,12.22,0.8014,1.465,0.5493,2.23,418.1,0.9528,47.48,0.7142,12.13,2.664e-05,0.2008,2.802,1.162,2.14,0.1926,7.82,0.4657,8.112
2022-04-13T04:06:56,40045.15,3047.01,103.42,0.2348,14.86,57.7,17.84,85.13,5.517,153.49,0.5212,0.02116,0.00622,2.06,1.463,2.058,1.412,3.601,157.87,12.22,0.8014,1.464,0.5493,2.23,418.02,0.953,47.47,0.7143,12.13,2.658e-05,0.2008,2.803,1.162,2.14,0.1926,7.823,0.4657,8.112
2022-04-13T04:07:26,40040.13,3046.66,103.41,0.2346,14.8,57.8,17.85,85.07,5.517,153.5,0.521,0.02114,0.00622,2.06,1.463,2.058,1.413,3.603,157.85,12.22,0.8014,1.464,0.5493,2.231,417.99,0.9527,47.45,0.7143,12.1,2.661e-05,0.2009,2.802,1.162,2.141,0.1926,7.824,0.466,8.114
2022-04-13T04:07:56,40039.88,3046.96,103.41,0.2348,14.8,57.9,17.84,85.05,5.514,153.47,0.521,0.02114,0.00622,2.06,1.463,2.057,1.413,3.605,157.85,12.22,0.8014,1.463,0.5493,2.23,418.03,0.9525,47.45,0.7143,12.16,2.663e-05,0.2009,2.803,1.163,2.14,0.1925,7.823,0.466,8.119
2022-04-13T04:08:26,40039.56,3046.84,103.43,0.2347,14.8,57.9,17.85,85.03,5.514,153.46,0.5209,0.02113,0.00622,2.06,1.462,2.051,1.413,3.606,157.86,12.24,0.8014,1.464,0.5493,2.23,418.09,0.9529,47.44,0.7143,12.19,2.663e-05,0.2009,2.803,1.163,2.14,0.1925,7.821,0.4661,8.118
2022-04-13T04:08:56,40039.85,3046.89,103.54,0.2348,14.8,57.8,17.84,85.03,5.514,153.46,0.5214,0.02112,0.00622,2.06,1.462,2.052,1.414,3.607,157.86,12.24,0.8014,1.464,0.5493,2.23,418,0.9529,47.43,0.7143,12.19,2.665e-05,0.2009,2.804,1.163,2.139,0.1925,7.824,0.4661,8.118
2022-04-13T04:09:26,40041.82,3047.83,103.55,0.2346,14.8,57.8,17.86,85.06,5.52,153.53,0.5206,0.02115,0.00622,2.06,1.462,2.052,1.414,3.61,157.97,12.21,0.8014,1.464,0.5493,2.231,418.04,0.9536,47.45,0.7146,12.2,2.666e-05,0.2012,2.804,1.164,2.139,0.1925,7.829,0.4658,8.118
2022-04-13T04:09:56,40049.27,3047.94,103.55,0.2347,14.82,57.9,17.86,85.12,5.521,153.49,0.5206,0.02115,0.00622,2.061,1.462,2.052,1.415,3.61,158.02,12.21,0.8013,1.464,0.5493,2.232,418.08,0.9538,47.48,0.7147,12.2,2.668e-05,0.2012,2.805,1.164,2.141,0.1926,7.831,0.4656,8.118
2022-04-13T04:10:26,40029.48,3047.4,103.47,0.2348,14.82,57.9,17.84,85.08,5.522,153.46,0.5227,0.02116,0.00622,2.061,1.462,2.051,1.414,3.61,158.02,12.21,0.8013,1.464,0.5493,2.231,418.01,0.953,47.47,0.7148,12.2,2.667e-05,0.201,2.804,1.164,2.14,0.1925,7.831,0.4656,8.117
2022-04-13T04:10:56,40031.1,3046.81,103.54,0.2348,14.82,57.9,17.85,85.05,5.522,153.46,0.5227,0.02113,0.006204,2.061,1.462,2.051,1.414,3.617,157.93,12.21,0.8013,1.464,0.5493,2.232,417.97,0.953,47.48,0.7146,12.19,2.665e-05,0.201,2.805,1.164,2.14,0.1925,7.826,0.4654,8.116
2022-04-13T04:11:26,40033.36,3046.69,103.4,0.2347,14.82,57.8,17.85,85.01,5.514,153.49,0.5227,0.02113,0.006204,2.061,1.463,2.051,1.414,3.615,157.88,12.21,0.8013,1.463,0.5493,2.231,417.88,0.9527,47.47,0.7148,12.2,2.666e-05,0.201,2.805,1.163,2.14,0.1925,7.825,0.465,8.116
2022-04-13T04:11:56,40030.15,3046.66,103.43,0.2345,14.82,57.8,17.85,85,5.515,153.45,0.5227,0.02113,0.006204,2.061,1.462,2.053,1.414,3.615,157.92,12.21,0.8022,1.464,0.5493,2.231,417.85,0.9528,47.48,0.7149,12.21,2.666e-05,0.201,2.806,1.162,2.14,0.1925,7.828,0.4649,8.113
2022-04-13T04:12:26,40034.51,3047.35,103.45,0.2346,14.82,57.8,17.86,85,5.514,153.42,0.5227,0.02113,0.006204,2.061,1.462,2.053,1.415,3.615,157.99,12.22,0.8022,1.463,0.5493,2.233,417.83,0.9527,47.5,0.715,12.24,2.669e-05,0.201,2.806,1.163,2.141,0.1925,7.831,0.4655,8.114
2022-04-13T04:12:56,40023.42,3047.15,103.44,0.2347,14.82,57.8,17.85,84.97,5.514,153.39,0.5218,0.02114,0.006204,2.061,1.462,2.052,1.415,3.615,157.97,12.22,0.8022,1.464,0.5493,2.233,417.83,0.9526,47.53,0.7149,12.21,2.668e-05,0.201,2.806,1.163,2.142,0.1925,7.829,0.4652,8.114
2022-04-13T04:13:26,40006.17,3047.01,103.33,0.2347,14.82,57.8,17.85,84.97,5.5,153.32,0.5216,0.02113,0.006204,2.061,1.462,2.049,1.415,3.624,157.9,12.24,0.8022,1.464,0.5493,2.231,417.8,0.9522,47.5,0.7149,12.21,2.668e-05,0.2011,2.806,1.162,2.141,0.1924,7.828,0.4652,8.118
2022-04-13T04:13:56,40009.16,3046.44,103.38,0.2349,14.79,57.8,17.85,84.99,5.505,153.33,0.5216,0.02113,0.006204,2.061,1.462,2.049,1.414,3.623,157.89,12.24,0.8022,1.464,0.5493,2.232,417.75,0.9523,47.5,0.715,12.21,2.668e-05,0.2011,2.806,1.163,2.141,0.1924,7.829,0.4652,8.119
2022-04-13T04:14:26,40006.91,3046.58,103.4,0.235,14.79,57.8,17.86,85.05,5.51,153.27,0.5219,0.02113,0.006204,2.06,1.462,2.049,1.414,3.623,157.94,12.24,0.8022,1.464,0.5493,2.232,417.72,0.9526,47.51,0.715,12.21,2.666e-05,0.2011,2.807,1.164,2.141,0.1924,7.831,0.4652,8.11
2022-04-13T04:14:56,40004.26,3045.69,103.36,0.235,14.81,57.8,17.85,85.04,5.508,153.24,0.5215,0.02114,0.006204,2.06,1.462,2.049,1.415,3.615,157.94,12.24,0.8022,1.464,0.5493,2.232,417.75,0.9526,47.51,0.7149,12.19,2.667e-05,0.2011,2.806,1.163,2.141,0.1924,7.83,0.4652,8.108
2022-04-13T04:15:26,40008.26,3045.75,103.36,0.2348,14.81,57.8,17.84,85.06,5.516,153.27,0.5214,0.02114,0.006212,2.06,1.463,2.049,1.415,3.61,157.91,12.24,0.8022,1.464,0.5493,2.233,417.66,0.9527,47.51,0.7148,12.19,2.68e-05,0.2011,2.806,1.164,2.141,0.1925,7.824,0.4652,8.112
2022-04-13T04:15:56,40008.88,3047.33,103.37,0.235,14.81,57.8,17.84,85.12,5.512,153.28,0.5214,0.02115,0.006212,2.06,1.462,2.049,1.415,3.605,157.97,12.24,0.8022,1.463,0.5493,2.233,417.64,0.953,47.51,0.715,12.19,2.684e-05,0.2011,2.806,1.164,2.141,0.1924,7.824,0.465,8.111
2022-04-13T04:16:26,40048,3050.69,103.56,0.2355,14.81,57.9,17.87,85.21,5.515,153.49,0.5213,0.02114,0.006212,2.06,1.463,2.054,1.417,3.614,158.12,12.25,0.8022,1.466,0.5493,2.236,417.92,0.9542,47.56,0.7157,12.17,2.687e-05,0.2016,2.812,1.166,2.143,0.1925,7.834,0.4656,8.11
2022-04-13T04:16:56,40031.5,3048.93,103.45,0.2355,14.81,57.9,17.87,85.26,5.521,153.51,0.5213,0.02117,0.006212,2.06,1.463,2.053,1.416,3.615,158.19,12.25,0.8022,1.466,0.5493,2.236,417.9,0.9533,47.56,0.7157,12.19,2.682e-05,0.2015,2.811,1.166,2.143,0.1926,7.834,0.4658,8.113
2022-04-13T04:17:26,40030.64,3048.23,103.42,0.2354,14.83,57.8,17.86,85.19,5.518,153.5,0.5213,0.02116,0.006212,2.06,1.464,2.053,1.416,3.615,158.22,12.25,0.8022,1.466,0.5493,2.234,417.98,0.9536,47.51,0.7156,12.19,2.681e-05,0.2015,2.807,1.166,2.142,0.1925,7.833,0.4659,8.114
2022-04-13T04:17:56,40035.38,3048.34,103.5,0.2354,14.83,57.8,17.86,85.17,5.518,153.51,0.5213,0.02117,0.006212,2.06,1.463,2.053,1.416,3.616,158.21,12.25,0.8015,1.466,0.5493,2.235,418.07,0.9526,47.52,0.7156,12.23,2.68e-05,0.2015,2.807,1.167,2.142,0.1925,7.835,0.4659,8.117
2022-04-13T04:18:26,40041.56,3048.92,103.53,0.2356,14.83,57.8,17.87,85.16,5.517,153.58,0.5213,0.02117,0.006212,2.063,1.464,2.054,1.415,3.616,158.23,12.24,0.8015,1.466,0.5493,2.235,418.05,0.9525,47.55,0.7157,12.26,2.68e-05,0.2014,2.809,1.167,2.142,0.1926,7.839,0.466,8.12
2022-04-13T04:18:56,40029.42,3048.27,103.48,0.2355,14.83,57.9,17.86,85.19,5.518,153.53,0.5213,0.02115,0.006212,2.063,1.464,2.053,1.415,3.616,158.22,12.24,0.8015,1.466,0.5493,2.233,418.02,0.9523,47.53,0.7156,12.27,2.681e-05,0.2013,2.807,1.166,2.143,0.1925,7.836,0.4656,8.114
2022-04-13T04:19:26,40028.25,3048.14,103.44,0.2356,14.83,57.9,17.85,85.19,5.518,153.48,0.5213,0.02115,0.006212,2.063,1.464,2.053,1.415,3.609,158.24,12.24,0.8015,1.466,0.5493,2.233,418.1,0.9522,47.57,0.7157,12.24,2.682e-05,0.2013,2.807,1.166,2.142,0.1925,7.832,0.4656,8.114
2022-04-13T04:19:56,40024.51,3047.94,103.37,0.2356,14.83,57.9,17.84,85.11,5.511,153.47,0.5199,0.02114,0.006212,2.063,1.464,2.053,1.415,3.61,158.2,12.24,0.8017,1.466,0.5493,2.233,417.79,0.9516,47.57,0.7155,12.24,2.68e-05,0.2013,2.807,1.166,2.142,0.1924,7.832,0.4656,8.107
2022-04-13T04:20:26,40007.67,3046.14,103.36,0.2356,14.83,57.8,17.83,85.09,5.513,153.45,0.5199,0.02114,0.006195,2.063,1.464,2.052,1.414,3.611,158.18,12.24,0.8017,1.462,0.5493,2.232,417.71,0.9518,47.55,0.7156,12.24,2.679e-05,0.2013,2.806,1.165,2.142,0.1924,7.829,0.4651,8.099
2022-04-13T04:20:56,40008.41,3045.96,103.28,0.2354,14.83,57.8,17.82,85.05,5.516,153.4,0.5199,0.02112,0.006189,2.063,1.464,2.052,1.413,3.609,158.15,12.24,0.8017,1.462,0.5493,2.232,417.69,0.9519,47.54,0.7155,12.25,2.677e-05,0.2013,2.806,1.165,2.141,0.1924,7.823,0.4647,8.1
2022-04-13T04:21:26,40014.53,3046.07,103.4,0.2355,14.83,57.8,17.82,85.05,5.514,153.42,0.52,0.02113,0.006192,2.059,1.464,2.052,1.413,3.61,158.11,12.24,0.8017,1.462,0.5493,2.232,417.57,0.9519,47.52,0.7155,12.25,2.681e-05,0.2012,2.807,1.164,2.141,0.1924,7.82,0.4647,8.095
2022-04-13T04:21:56,40017.84,3046.46,103.35,0.2353,14.85,57.8,17.81,85.09,5.517,153.44,0.52,0.02115,0.006192,2.059,1.464,2.053,1.414,3.61,158.14,12.24,0.8017,1.462,0.5493,2.232,417.59,0.9518,47.53,0.7157,12.25,2.679e-05,0.2012,2.808,1.165,2.142,0.1925,7.819,0.4646,8.1
2022-04-13T04:22:26,40018.64,3046.17,103.36,0.2353,14.85,57.8,17.8,85.1,5.516,153.46,0.5203,0.02115,0.00619,2.059,1.464,2.053,1.414,3.61,158.12,12.24,0.8047,1.463,0.5493,2.232,417.57,0.9519,47.53,0.7159,12.23,2.677e-05,0.2012,2.807,1.165,2.142,0.1925,7.822,0.4646,8.1
2022-04-13T04:22:56,40012.22,3046.04,103.3,0.2353,14.87,57.8,17.79,85.1,5.516,153.38,0.5203,0.02114,0.006193,2.059,1.464,2.053,1.413,3.607,158.1,12.24,0.8047,1.463,0.5493,2.232,417.52,0.9518,47.54,0.7161,12.25,2.677e-05,0.201,2.807,1.165,2.142,0.1924,7.823,0.4646,8.098
2022-04-13T04:23:26,40015.52,3046.58,103.3,0.2354,14.87,57.9,17.79,85.08,5.515,153.37,0.5203,0.02114,0.006193,2.059,1.464,2.053,1.413,3.615,158.16,12.24,0.8047,1.463,0.5493,2.232,417.5,0.9518,47.55,0.7161,12.27,2.678e-05,0.201,2.807,1.165,2.141,0.1924,7.824,0.4645,8.094
2022-04-13T04:23:56,40022.6,3047.36,103.4,0.2355,14.87,57.9,17.79,85.11,5.521,153.4,0.5203,0.02113,0.006193,2.059,1.463,2.053,1.413,3.614,158.2,12.24,0.8047,1.463,0.5493,2.233,417.64,0.9517,47.55,0.7165,12.27,2.68e-05,0.2012,2.807,1.165,2.141,0.1925,7.823,0.4645,8.094
2022-04-13T04:24:26,40007.68,3046.13,103.32,0.2354,14.87,57.9,17.79,85.11,5.521,153.36,0.5203,0.02112,0.006193,2.062,1.464,2.052,1.413,3.608,158.19,12.24,0.8043,1.463,0.5493,2.233,417.51,0.9517,47.56,0.7166,12.28,2.678e-05,0.2013,2.808,1.165,2.141,0.1925,7.821,0.4645,8.09
2022-04-13T04:24:56,40008.74,3046.22,103.32,0.2355,14.87,57.9,17.79,85.11,5.521,153.39,0.5203,0.02112,0.006193,2.062,1.464,2.052,1.414,3.608,158.2,12.24,0.8043,1.463,0.5493,2.232,417.45,0.9518,47.53,0.7166,12.29,2.678e-05,0.2013,2.807,1.165,2.141,0.1925,7.822,0.464,8.086
2022-04-13T04:25:26,40009.63,3047.01,103.33,0.2358,14.85,57.8,17.79,85.09,5.517,153.39,0.5203,0.02115,0.006193,2.062,1.464,2.052,1.413,3.611,158.21,12.24,0.8043,1.463,0.5493,2.232,417.56,0.9518,47.51,0.717,12.29,2.68e-05,0.2013,2.807,1.165,2.141,0.1925,7.82,0.464,8.083
2022-04-13T04:25:56,39976.87,3045.13,103.27,0.2354,14.85,57.8,17.78,84.99,5.516,153.28,0.5204,0.02114,0.006193,2.062,1.464,2.051,1.414,3.614,158.17,12.24,0.8043,1.463,0.5493,2.231,417.46,0.9513,47.5,0.7171,12.29,2.674e-05,0.2013,2.805,1.164,2.141,0.1926,7.816,0.464,8.083
2022-04-13T04:26:26,39956.16,3043.52,103.04,0.2351,14.85,57.8,17.77,84.95,5.521,153.03,0.5204,0.02112,0.00619,2.062,1.462,2.05,1.411,3.598,158,12.22,0.8048,1.462,0.5493,2.228,417.22,0.951,47.44,0.7167,12.29,2.669e-05,0.2008,2.801,1.163,2.139,0.1925,7.814,0.4637,8.076
2022-04-13T04:26:56,39951.51,3042.37,103.17,0.2348,14.85,57.8,17.76,84.89,5.515,152.99,0.5198,0.02112,0.00617,2.06,1.46,2.047,1.409,3.599,157.76,12.22,0.803,1.463,0.5493,2.227,417.03,0.9505,47.44,0.716,12.29,2.668e-05,0.2005,2.799,1.163,2.139,0.1924,7.796,0.4637,8.075
2022-04-13T04:27:26,39965.19,3044.63,103.27,0.235,14.85,57.8,17.79,84.95,5.521,153.14,0.5197,0.02112,0.00617,2.06,1.46,2.047,1.411,3.597,157.88,12.22,0.803,1.463,0.5493,2.228,417.02,0.9518,47.45,0.716,12.29,2.663e-05,0.2009,2.8,1.163,2.139,0.1925,7.799,0.4641,8.075
2022-04-13T04:27:56,39975.41,3044.12,103.18,0.2348,14.85,57.7,17.79,84.95,5.521,153.21,0.5208,0.02112,0.00617,2.062,1.46,2.047,1.412,3.597,157.89,12.22,0.803,1.463,0.5493,2.229,416.99,0.9519,47.46,0.7161,12.29,2.659e-05,0.2009,2.803,1.163,2.14,0.1925,7.8,0.464,8.075
2022-04-13T04:28:26,39977.46,3045.04,103.22,0.2349,14.87,57.7,17.79,84.95,5.519,153.23,0.5208,0.02114,0.00617,2.062,1.461,2.047,1.412,3.597,157.95,12.22,0.803,1.462,0.5493,2.229,417.07,0.9518,47.49,0.7163,12.29,2.652e-05,0.2009,2.804,1.164,2.139,0.1925,7.814,0.4641,8.076
2022-04-13T04:28:56,39982.65,3045.41,103.23,0.235,14.87,57.7,17.78,84.98,5.519,153.18,0.5209,0.02114,0.00617,2.062,1.461,2.048,1.412,3.597,157.97,12.22,0.803,1.462,0.5493,2.23,417.14,0.9518,47.49,0.7165,12.22,2.652e-05,0.2009,2.804,1.165,2.139,0.1925,7.82,0.4641,8.08
2022-04-13T04:29:26,39978.32,3044.64,103.21,0.235,14.87,57.7,17.78,84.92,5.524,153.16,0.5209,0.02113,0.00617,2.062,1.46,2.047,1.412,3.597,157.9,12.14,0.8011,1.462,0.5493,2.23,417.19,0.9518,47.46,0.7164,12.22,2.647e-05,0.2009,2.803,1.164,2.139,0.1925,7.819,0.4636,8.082
2022-04-13T04:29:56,39987.75,3044.62,103.2,0.2351,14.87,57.6,17.78,84.91,5.523,153.17,0.5209,0.02113,0.00617,2.061,1.46,2.048,1.411,3.597,157.9,12.14,0.8011,1.462,0.5493,2.231,417.12,0.9525,47.48,0.7163,12.21,2.649e-05,0.2009,2.803,1.165,2.139,0.1924,7.819,0.4641,8.087
2022-04-13T04:30:26,39977.67,3043.97,103.16,0.2348,14.87,57.6,17.77,84.9,5.523,153.18,0.5208,0.02112,0.00617,2.061,1.461,2.047,1.411,3.597,157.84,12.14,0.8011,1.462,0.5493,2.23,417.16,0.9524,47.48,0.7163,12.2,2.651e-05,0.2009,2.802,1.164,2.139,0.1924,7.818,0.464,8.088
2022-04-13T04:30:56,39976.95,3045.27,103.26,0.235,14.87,57.6,17.78,84.9,5.52,153.26,0.519,0.02113,0.00617,2.061,1.461,2.047,1.411,3.597,157.97,12.14,0.8011,1.462,0.5493,2.232,417.32,0.9525,47.46,0.7163,12.2,2.655e-05,0.2009,2.805,1.166,2.14,0.1924,7.816,0.4645,8.086
2022-04-13T04:31:26,39984.81,3045.52,103.32,0.2351,14.87,57.7,17.79,84.93,5.521,153.35,0.5198,0.02117,0.00617,2.062,1.461,2.048,1.412,3.599,157.97,12.14,0.8011,1.462,0.5493,2.232,417.39,0.9524,47.48,0.7163,12.18,2.657e-05,0.2009,2.807,1.165,2.142,0.1925,7.813,0.4644,8.087
2022-04-13T04:31:56,40024.84,3046.91,103.44,0.2353,14.87,57.7,17.8,85.05,5.53,153.44,0.5203,0.02119,0.00617,2.061,1.461,2.05,1.414,3.611,158.13,12.14,0.8011,1.47,0.5493,2.233,417.75,0.9529,47.49,0.7166,12.16,2.664e-05,0.2012,2.809,1.166,2.143,0.1927,7.822,0.4649,8.088
2022-04-13T04:32:26,39979.11,3043.56,103.27,0.2351,14.87,57.7,17.77,84.92,5.526,153.06,0.5203,0.02113,0.006178,2.061,1.463,2.047,1.412,3.605,157.88,12.14,0.8017,1.465,0.5493,2.229,417.22,0.9524,47.48,0.7159,12.14,2.657e-05,0.201,2.805,1.165,2.141,0.1926,7.808,0.4644,8.086
2022-04-13T04:32:56,39960.23,3042.44,103.25,0.2342,14.89,57.6,17.77,84.87,5.523,153.04,0.5184,0.02111,0.006178,2.061,1.463,2.046,1.411,3.602,157.7,12.14,0.8017,1.465,0.5493,2.228,417.07,0.9513,47.43,0.7152,12.14,2.651e-05,0.2004,2.804,1.163,2.138,0.1924,7.802,0.464,8.085
2022-04-13T04:33:26,39958.43,3042.45,103.25,0.2342,14.89,57.6,17.76,84.79,5.523,153.03,0.5191,0.02111,0.006178,2.061,1.462,2.046,1.41,3.607,157.68,12.14,0.8026,1.465,0.5493,2.226,416.82,0.9509,47.42,0.7151,12.13,2.652e-05,0.2004,2.801,1.163,2.138,0.1922,7.794,0.4641,8.075
2022-04-13T04:33:56,39966.78,3042.91,103.22,0.2345,14.89,57.6,17.76,84.79,5.522,152.97,0.5192,0.02112,0.006178,2.061,1.462,2.047,1.411,3.606,157.73,12.14,0.8026,1.465,0.5493,2.228,417.21,0.9512,47.43,0.7152,12.15,2.655e-05,0.2006,2.802,1.163,2.139,0.1923,7.797,0.4642,8.075
2022-04-13T04:34:26,39983.39,3046.6,103.29,0.2347,14.89,57.6,17.77,84.86,5.52,153.13,0.5191,0.02113,0.006178,2.061,1.462,2.048,1.412,3.611,157.81,12.14,0.8026,1.465,0.5493,2.229,417.28,0.9516,47.47,0.7157,12.15,2.66e-05,0.2006,2.804,1.164,2.14,0.1924,7.796,0.4643,8.079
2022-04-13T04:34:56,39985.29,3046.18,103.4,0.2347,14.89,57.6,17.78,84.82,5.512,153.1,0.5191,0.02115,0.006176,2.061,1.462,2.048,1.412,3.611,157.78,12.14,0.8026,1.466,0.5493,2.229,417.42,0.9512,47.46,0.7158,12.15,2.661e-05,0.2007,2.806,1.164,2.142,0.1924,7.801,0.4642,8.079
2022-04-13T04:35:26,39984.56,3046.35,103.4,0.2347,14.89,57.6,17.78,84.85,5.519,153.14,0.5191,0.02113,0.006176,2.061,1.462,2.048,1.412,3.612,157.81,12.14,0.8021,1.466,0.5493,2.229,417.44,0.9514,47.48,0.7157,12.15,2.66e-05,0.2007,2.804,1.164,2.141,0.1923,7.806,0.4644,8.079
2022-04-13T04:35:56,39987.09,3045.79,103.46,0.2346,14.89,57.6,17.78,84.88,5.522,153.23,0.5192,0.02112,0.006176,2.061,1.462,2.054,1.412,3.612,157.82,12.14,0.8021,1.466,0.5493,2.228,417.41,0.9512,47.52,0.7158,12.14,2.662e-05,0.2009,2.805,1.165,2.142,0.1923,7.808,0.4642,8.08
2022-04-13T04:36:26,39986.06,3045.57,103.38,0.2344,14.89,57.6,17.78,84.81,5.522,153.19,0.5192,0.02113,0.006176,2.061,1.461,2.054,1.413,3.612,157.86,12.14,0.8021,1.466,0.5493,2.227,417.45,0.9512,47.51,0.7158,12.13,2.663e-05,0.2009,2.803,1.164,2.141,0.1923,7.811,0.4645,8.08
2022-04-13T04:36:56,39986.97,3045.66,103.44,0.2344,14.89,57.6,17.78,84.8,5.523,153.27,0.5187,0.02112,0.006176,2.061,1.462,2.054,1.413,3.612,157.84,12.14,0.8021,1.466,0.5493,2.229,417.46,0.9511,47.51,0.716,12.14,2.663e-05,0.2006,2.804,1.164,2.142,0.1923,7.811,0.4645,8.08
2022-04-13T04:37:26,39981.43,3045.34,103.35,0.2342,14.87,57.6,17.77,84.8,5.522,153.23,0.5199,0.02112,0.006176,2.061,1.462,2.053,1.413,3.606,157.79,12.14,0.8021,1.466,0.5493,2.228,417.41,0.9508,47.51,0.7158,12.1,2.663e-05,0.2006,2.803,1.164,2.141,0.1923,7.811,0.4645,8.08
2022-04-13T04:37:56,39975.69,3044.89,103.3,0.2342,14.87,57.6,17.77,84.79,5.519,153.33,0.5199,0.02111,0.006183,2.059,1.462,2.053,1.411,3.601,157.78,12.14,0.8021,1.466,0.5493,2.227,417.32,0.9506,47.49,0.7156,12.11,2.662e-05,0.2006,2.803,1.165,2.141,0.1922,7.815,0.4646,8.074
2022-04-13T04:38:26,39974.18,3044.55,103.28,0.2342,14.87,57.7,17.77,84.78,5.528,153.25,0.5199,0.02112,0.006183,2.059,1.462,2.053,1.411,3.601,157.77,12.14,0.8021,1.464,0.5493,2.227,417.29,0.9506,47.51,0.7156,12.07,2.661e-05,0.2006,2.8,1.165,2.14,0.1921,7.817,0.4644,8.079
2022-04-13T04:38:56,39974.58,3044.49,103.31,0.2342,14.87,57.7,17.77,84.78,5.527,153.27,0.5199,0.02113,0.006183,2.059,1.462,2.055,1.412,3.603,157.78,12.14,0.8021,1.463,0.5493,2.227,417.28,0.9507,47.51,0.7157,12.11,2.664e-05,0.2006,2.8,1.165,2.141,0.1921,7.817,0.4643,8.083
2022-04-13T04:39:26,39971.19,3044.43,103.31,0.2342,14.87,57.7,17.77,84.78,5.525,153.27,0.5199,0.02112,0.006183,2.059,1.462,2.055,1.412,3.603,157.75,12.14,0.8021,1.463,0.5493,2.228,417.12,0.9507,47.51,0.7163,12.12,2.663e-05,0.2007,2.8,1.165,2.14,0.1921,7.815,0.4644,8.085
2022-04-13T04:39:56,39971.14,3043.72,103.35,0.2341,14.87,57.6,17.77,84.77,5.519,153.21,0.5199,0.02111,0.006183,2.059,1.462,2.055,1.411,3.603,157.77,12.14,0.8021,1.464,0.5493,2.227,417.14,0.9506,47.51,0.7166,12.12,2.663e-05,0.2008,2.799,1.165,2.14,0.1922,7.815,0.4644,8.085
2022-04-13T04:40:26,39966,3043.48,103.3,0.2341,14.87,57.6,17.77,84.69,5.517,153.21,0.5192,0.02112,0.006183,2.059,1.462,2.054,1.411,3.61,157.75,12.14,0.8017,1.463,0.5493,2.226,417.03,0.9503,47.48,0.7163,12.11,2.662e-05,0.2005,2.798,1.163,2.14,0.1922,7.815,0.4642,8.092
2022-04-13T04:40:56,39941.63,3042.43,103.28,0.234,14.87,57.6,17.76,84.64,5.52,153.21,0.5182,0.02111,0.006183,2.059,1.462,2.053,1.41,3.606,157.7,12.14,0.8017,1.463,0.5493,2.224,416.95,0.95,47.45,0.7161,12.11,2.655e-05,0.2004,2.799,1.163,2.14,0.1921,7.809,0.4639,8.098
2022-04-13T04:41:26,39946.66,3043.29,103.14,0.2342,14.87,57.6,17.77,84.67,5.514,153.23,0.519,0.02114,0.006183,2.059,1.461,2.053,1.411,3.606,157.75,12.14,0.8017,1.463,0.5493,2.224,417,0.9501,47.46,0.7163,12.12,2.658e-05,0.2005,2.799,1.163,2.141,0.1922,7.813,0.4644,8.095
2022-04-13T04:41:56,39943.86,3042.84,103.13,0.2342,14.87,57.6,17.76,84.64,5.511,153.23,0.519,0.02112,0.006189,2.059,1.461,2.053,1.411,3.606,157.73,12.14,0.8008,1.464,0.5493,2.225,416.91,0.95,47.47,0.7165,12.11,2.669e-05,0.2006,2.799,1.162,2.14,0.1922,7.811,0.4642,8.089
2022-04-13T04:42:26,39947.77,3042.65,103.07,0.2341,14.84,57.6,17.76,84.65,5.514,153.2,0.519,0.02113,0.006189,2.059,1.462,2.053,1.41,3.605,157.73,12.14,0.8008,1.464,0.5493,2.225,416.94,0.9499,47.46,0.7167,12.11,2.67e-05,0.2006,2.799,1.162,2.14,0.1922,7.811,0.4642,8.09
2022-04-13T04:42:56,39953.14,3042.8,103.12,0.2342,14.84,57.6,17.77,84.7,5.516,153.17,0.519,0.02114,0.006189,2.059,1.462,2.053,1.411,3.605,157.74,12.14,0.8008,1.462,0.5493,2.225,417.03,0.9496,47.48,0.7168,12.09,2.671e-05,0.2006,2.8,1.163,2.14,0.1922,7.815,0.4642,8.084
2022-04-13T04:43:26,39955.47,3043.27,103.16,0.2342,14.84,57.6,17.77,84.73,5.514,153.17,0.519,0.02114,0.006189,2.059,1.461,2.053,1.41,3.605,157.76,12.14,0.8008,1.467,0.5493,2.225,417.07,0.9506,47.49,0.7169,12.05,2.67e-05,0.2006,2.799,1.163,2.14,0.1923,7.813,0.4641,8.084
2022-04-13T04:43:56,39955.22,3042.94,103.15,0.2345,14.84,57.6,17.77,84.73,5.521,153.25,0.519,0.02112,0.006189,2.059,1.461,2.053,1.41,3.603,157.77,12.14,0.8008,1.467,0.5493,2.225,417.09,0.9501,47.48,0.7166,12.08,2.669e-05,0.2006,2.801,1.163,2.14,0.1922,7.815,0.464,8.09
2022-04-13T04:44:26,39968.75,3043.58,103.18,0.2346,14.84,57.6,17.79,84.8,5.521,153.26,0.519,0.02114,0.006194,2.059,1.461,2.054,1.411,3.604,157.81,12.14,0.8018,1.467,0.5493,2.226,417.21,0.9506,47.48,0.7169,12.08,2.671e-05,0.2006,2.802,1.164,2.141,0.1923,7.821,0.4647,8.09
2022-04-13T04:44:56,39974.38,3045.91,103.2,0.2346,14.84,57.7,17.79,84.82,5.52,153.29,0.519,0.02113,0.006194,2.059,1.461,2.054,1.412,3.604,157.86,12.14,0.8018,1.467,0.5493,2.227,417.39,0.9507,47.49,0.7169,12.08,2.672e-05,0.2011,2.803,1.164,2.141,0.1924,7.823,0.4647,8.09
2022-04-13T04:45:26,39988.93,3047.31,103.27,0.2348,14.84,57.7,17.8,84.93,5.522,153.36,0.519,0.02114,0.006194,2.059,1.462,2.055,1.413,3.604,157.94,12.14,0.802,1.467,0.5493,2.23,417.71,0.9512,47.55,0.7172,12.08,2.678e-05,0.2011,2.805,1.165,2.142,0.1925,7.829,0.4651,8.093
2022-04-13T04:45:56,40020.97,3052.88,103.42,0.2352,14.84,57.7,17.82,85.05,5.527,153.59,0.5191,0.02115,0.006194,2.059,1.463,2.057,1.415,3.605,158.12,12.14,0.802,1.467,0.5493,2.233,417.9,0.9523,47.61,0.7178,12.08,2.684e-05,0.2017,2.81,1.167,2.145,0.1926,7.833,0.4657,8.102
2022-04-13T04:46:26,40030.51,3054.02,103.45,0.2355,14.87,57.8,17.83,85.08,5.535,153.79,0.5211,0.02115,0.006211,2.059,1.465,2.058,1.416,3.623,158.24,12.14,0.802,1.473,0.5493,2.235,418.08,0.9525,47.65,0.7181,12.13,2.685e-05,0.2019,2.813,1.168,2.149,0.1927,7.849,0.4659,8.103
2022-04-13T04:46:56,40074.15,3056.68,103.58,0.2357,14.92,57.8,17.84,85.3,5.534,153.78,0.5211,0.02118,0.006211,2.059,1.467,2.061,1.417,3.625,158.59,12.14,0.802,1.474,0.5493,2.237,418.44,0.953,47.67,0.7183,12.14,2.683e-05,0.202,2.815,1.169,2.149,0.1929,7.854,0.4661,8.112
2022-04-13T04:47:26,40073.91,3055.95,103.56,0.2358,14.93,57.8,17.85,85.26,5.529,153.83,0.5211,0.02117,0.006222,2.062,1.467,2.061,1.418,3.625,158.64,12.14,0.802,1.474,0.5493,2.235,418.54,0.9529,47.66,0.7181,12.14,2.679e-05,0.2021,2.815,1.168,2.149,0.1929,7.858,0.4662,8.118
2022-04-13T04:47:56,40077.63,3056.76,103.56,0.2357,14.93,58.1,17.86,85.25,5.53,153.88,0.5211,0.02115,0.00621,2.059,1.467,2.061,1.417,3.625,158.65,12.14,0.802,1.474,0.5493,2.236,418.57,0.9533,47.68,0.7182,12.13,2.677e-05,0.2021,2.816,1.169,2.151,0.1929,7.867,0.4664,8.118
2022-04-13T04:48:26,40072.85,3055.73,103.59,0.2357,14.93,58.1,17.86,85.22,5.531,153.88,0.5211,0.02116,0.006211,2.059,1.468,2.061,1.416,3.632,158.64,12.14,0.802,1.474,0.5493,2.236,418.47,0.954,47.67,0.7182,12.12,2.677e-05,0.2021,2.816,1.169,2.151,0.1928,7.866,0.4664,8.118
2022-04-13T04:48:56,40071.71,3055.69,103.59,0.2359,14.93,58.1,17.86,85.17,5.53,153.91,0.5219,0.02115,0.006211,2.059,1.468,2.06,1.416,3.625,158.69,12.29,0.802,1.472,0.5493,2.236,418.51,0.9542,47.69,0.7182,12.12,2.677e-05,0.2021,2.817,1.169,2.152,0.1929,7.868,0.4668,8.116
2022-04-13T04:49:26,40070.14,3055.58,103.61,0.2359,14.93,58.1,17.86,85.17,5.53,153.91,0.5224,0.02115,0.006211,2.059,1.468,2.06,1.416,3.634,158.7,12.29,0.802,1.475,0.5493,2.236,418.39,0.9535,47.69,0.718,12.16,2.677e-05,0.2021,2.816,1.169,2.152,0.1929,7.868,0.4672,8.11
2022-04-13T04:49:56,40074.98,3055.63,103.61,0.2357,14.93,58.1,17.85,85.19,5.529,153.9,0.5224,0.02117,0.006211,2.059,1.468,2.061,1.417,3.634,158.71,12.29,0.802,1.475,0.5493,2.236,418.47,0.9535,47.69,0.718,12.16,2.678e-05,0.2023,2.817,1.169,2.152,0.1929,7.868,0.4671,8.108
2022-04-13T04:50:26,40073.48,3055.9,103.64,0.2358,14.93,58.1,17.85,85.19,5.528,154.02,0.5225,0.02116,0.006211,2.059,1.468,2.064,1.417,3.634,158.72,12.29,0.8031,1.475,0.5493,2.236,418.51,0.9539,47.66,0.718,12.21,2.679e-05,0.2023,2.817,1.169,2.152,0.1929,7.867,0.4671,8.109
2022-04-13T04:50:56,40072.43,3055.81,103.69,0.2358,14.93,58.1,17.85,85.18,5.526,154.02,0.5225,0.02116,0.006211,2.059,1.468,2.063,1.417,3.632,158.64,12.29,0.8031,1.476,0.5493,2.237,418.43,0.954,47.65,0.7179,12.23,2.679e-05,0.2023,2.817,1.168,2.151,0.1929,7.861,0.4676,8.104
2022-04-13T04:51:26,40072.53,3055.75,103.69,0.2358,14.93,58.1,17.85,85.16,5.533,154.08,0.5225,0.02116,0.006206,2.059,1.468,2.063,1.416,3.632,158.61,12.29,0.8031,1.476,0.5493,2.236,418.36,0.9539,47.65,0.7181,12.22,2.679e-05,0.2023,2.817,1.168,2.152,0.193,7.862,0.4675,8.104
2022-04-13T04:51:56,40070.83,3055.72,103.73,0.2358,14.93,58.1,17.85,85.12,5.529,154.04,0.5224,0.02116,0.006206,2.059,1.468,2.063,1.417,3.62,158.64,12.29,0.8031,1.476,0.5493,2.235,418.3,0.9541,47.66,0.7182,12.22,2.675e-05,0.202,2.817,1.168,2.151,0.193,7.862,0.4676,8.103
2022-04-13T04:52:26,40068.86,3055.11,103.73,0.2358,14.89,58.1,17.85,85.09,5.53,154.03,0.5224,0.02115,0.006206,2.059,1.468,2.063,1.417,3.63,158.67,12.29,0.8031,1.476,0.5493,2.235,418.38,0.9541,47.66,0.7182,12.22,2.675e-05,0.202,2.816,1.168,2.151,0.193,7.86,0.4676,8.108
2022-04-13T04:52:56,40036.04,3052.85,103.56,0.2355,14.89,58.1,17.85,85.06,5.527,153.87,0.5224,0.02114,0.006206,2.059,1.467,2.061,1.416,3.63,158.62,12.29,0.8031,1.476,0.5493,2.232,418.14,0.9534,47.68,0.7177,12.22,2.673e-05,0.2016,2.812,1.167,2.149,0.1929,7.861,0.4669,8.101
2022-04-13T04:53:26,40052.47,3053.48,103.62,0.2357,14.89,58,17.84,85.03,5.529,153.93,0.5224,0.02116,0.006206,2.059,1.467,2.062,1.416,3.63,158.62,12.29,0.8031,1.476,0.5493,2.234,418.12,0.9535,47.67,0.7182,12.19,2.671e-05,0.2018,2.813,1.168,2.15,0.1929,7.857,0.4673,8.096
2022-04-13T04:53:56,40053.31,3054.44,103.63,0.2358,14.89,58,17.83,85.05,5.527,153.92,0.5224,0.02118,0.006206,2.059,1.467,2.062,1.417,3.629,158.61,12.25,0.8031,1.477,0.5493,2.234,418.17,0.9535,47.67,0.7183,12.2,2.671e-05,0.202,2.813,1.168,2.15,0.1929,7.857,0.4674,8.095
2022-04-13T04:54:26,40055.66,3053.62,103.71,0.2357,14.89,58,17.84,85.05,5.527,153.92,0.5224,0.02117,0.006206,2.062,1.467,2.062,1.416,3.628,158.62,12.25,0.8028,1.475,0.5493,2.234,418.35,0.953,47.65,0.718,12.18,2.667e-05,0.202,2.813,1.168,2.15,0.1929,7.864,0.4672,8.095
2022-04-13T04:54:56,40056.2,3053.73,103.69,0.2356,14.86,58,17.84,85.06,5.527,153.87,0.5216,0.02117,0.006206,2.062,1.467,2.062,1.416,3.631,158.61,12.25,0.8028,1.476,0.5493,2.233,418.41,0.9535,47.67,0.718,12.17,2.669e-05,0.202,2.814,1.168,2.15,0.1929,7.862,0.4673,8.1
2022-04-13T04:55:26,40056.39,3054.51,103.77,0.2356,14.86,58,17.84,85.14,5.532,153.88,0.522,0.02119,0.006206,2.062,1.467,2.062,1.416,3.628,158.84,12.25,0.8034,1.476,0.5493,2.234,418.49,0.9536,47.69,0.7179,12.21,2.672e-05,0.202,2.816,1.168,2.151,0.193,7.864,0.4673,8.101
2022-04-13T04:55:56,40070.66,3055.38,103.79,0.2357,14.86,58,17.84,85.15,5.531,153.89,0.522,0.0212,0.006181,2.061,1.467,2.063,1.417,3.628,158.84,12.25,0.8034,1.476,0.5493,2.234,418.5,0.954,47.71,0.7181,12.21,2.674e-05,0.202,2.816,1.168,2.152,0.193,7.863,0.4673,8.107
2022-04-13T04:56:26,40075.37,3055.55,103.8,0.2357,14.86,58,17.85,85.18,5.537,153.98,0.5221,0.02121,0.006181,2.061,1.467,2.063,1.417,3.632,158.85,12.25,0.8034,1.476,0.5493,2.234,418.56,0.9541,47.71,0.7179,12.21,2.673e-05,0.202,2.816,1.168,2.152,0.193,7.867,0.4675,8.105
2022-04-13T04:56:56,40077.53,3055.96,103.81,0.2357,14.86,58,17.85,85.2,5.538,153.99,0.5221,0.02121,0.006181,2.061,1.467,2.063,1.417,3.634,158.88,12.25,0.8034,1.476,0.5493,2.234,418.54,0.9542,47.72,0.7179,12.22,2.674e-05,0.202,2.817,1.168,2.152,0.193,7.866,0.4676,8.107
2022-04-13T04:57:26,40096.61,3056.81,103.94,0.2357,14.93,58,17.85,85.3,5.539,154.08,0.5221,0.02124,0.006181,2.061,1.468,2.064,1.418,3.63,158.92,12.25,0.8035,1.479,0.5493,2.238,418.66,0.9551,47.76,0.7182,12.23,2.674e-05,0.202,2.819,1.169,2.154,0.1931,7.867,0.4682,8.103
2022-04-13T04:57:56,40098.53,3058.77,103.92,0.2357,14.93,58,17.87,85.38,5.541,154.16,0.5221,0.02124,0.006181,2.061,1.468,2.064,1.419,3.634,158.89,12.25,0.8035,1.479,0.5493,2.238,418.72,0.9554,47.79,0.7182,12.23,2.676e-05,0.2025,2.819,1.169,2.156,0.1931,7.872,0.4686,8.109
2022-04-13T04:58:26,40107.02,3058.4,103.9,0.2358,14.93,58.1,17.87,85.4,5.543,154.21,0.5221,0.02123,0.006181,2.061,1.468,2.064,1.419,3.634,158.87,12.25,0.8035,1.479,0.5493,2.238,418.91,0.9554,47.79,0.7181,12.23,2.678e-05,0.2025,2.819,1.169,2.156,0.1931,7.875,0.4688,8.104
2022-04-13T04:58:56,40115.31,3058.42,103.87,0.2358,14.93,58.1,17.86,85.4,5.544,154.19,0.5239,0.02124,0.006181,2.061,1.469,2.065,1.419,3.633,158.89,12.29,0.8035,1.477,0.5493,2.239,418.83,0.9552,47.8,0.718,12.23,2.679e-05,0.2025,2.819,1.169,2.156,0.1931,7.872,0.4687,8.103
2022-04-13T04:59:26,40123.44,3059.39,103.92,0.2359,14.93,58.2,17.87,85.42,5.54,154.17,0.5239,0.02125,0.006181,2.061,1.469,2.065,1.419,3.631,158.87,12.29,0.8028,1.477,0.5493,2.239,418.91,0.9555,47.79,0.7181,12.23,2.679e-05,0.2025,2.817,1.169,2.155,0.1932,7.872,0.4686,8.106
2022-04-13T04:59:56,40130.22,3059.46,104,0.236,14.93,58.2,17.87,85.56,5.541,154.22,0.5239,0.02124,0.006181,2.061,1.47,2.066,1.42,3.633,158.88,12.28,0.8028,1.477,0.5493,2.239,419.04,0.9554,47.8,0.7182,12.23,2.678e-05,0.2024,2.819,1.17,2.155,0.1931,7.877,0.4687,8.106
2022-04-13T05:00:26,40134.85,3060.49,104.01,0.236,14.93,58.2,17.88,85.61,5.541,154.27,0.5239,0.02125,0.006181,2.061,1.469,2.066,1.419,3.635,158.88,12.28,0.8027,1.477,0.5493,2.241,419.35,0.9556,47.83,0.7183,12.23,2.677e-05,0.2024,2.819,1.17,2.157,0.1932,7.882,0.4686,8.117
2022-04-13T05:00:56,40140.5,3061.45,104.13,0.236,14.93,58.2,17.88,85.66,5.546,154.32,0.5239,0.02127,0.006181,2.061,1.47,2.066,1.42,3.636,159.02,12.28,0.8027,1.478,0.5493,2.241,419.44,0.9559,47.86,0.7185,12.28,2.679e-05,0.2024,2.821,1.172,2.158,0.1933,7.879,0.4686,8.118
2022-04-13T05:01:26,40142.88,3061.86,104.14,0.236,14.93,58.2,17.9,85.7,5.544,154.3,0.5247,0.02129,0.006181,2.061,1.47,2.066,1.421,3.636,159,12.28,0.8034,1.478,0.5493,2.242,419.34,0.9562,47.87,0.7183,12.28,2.679e-05,0.2023,2.821,1.172,2.158,0.1933,7.884,0.4686,8.113
2022-04-13T05:01:56,40131.63,3061.46,104.12,0.236,14.93,58.3,17.9,85.63,5.542,154.33,0.5247,0.02129,0.006181,2.061,1.47,2.066,1.42,3.636,158.96,12.28,0.8034,1.478,0.5493,2.241,419.23,0.9566,47.86,0.7182,12.28,2.681e-05,0.2022,2.82,1.171,2.157,0.1933,7.88,0.4694,8.11
2022-04-13T05:02:26,40143.88,3062.05,103.99,0.236,14.93,58.2,17.9,85.66,5.542,154.29,0.5234,0.0213,0.006209,2.061,1.47,2.067,1.42,3.638,158.98,12.28,0.8034,1.48,0.5493,2.241,419.19,0.9566,47.85,0.7182,12.24,2.684e-05,0.2022,2.819,1.171,2.158,0.1933,7.883,0.4694,8.112
2022-04-13T05:02:56,40144.33,3062.36,103.94,0.236,14.93,58.2,17.9,85.68,5.552,154.3,0.5234,0.0213,0.006209,2.06,1.471,2.067,1.42,3.638,159.01,12.28,0.8034,1.484,0.5493,2.241,419.1,0.9562,47.87,0.7181,12.23,2.687e-05,0.2023,2.819,1.171,2.158,0.1933,7.881,0.4694,8.111
2022-04-13T05:03:26,40132.56,3060.61,103.8,0.2357,14.93,58.1,17.9,85.65,5.547,154.16,0.5234,0.02127,0.006209,2.06,1.471,2.066,1.42,3.639,158.97,12.28,0.8029,1.483,0.5493,2.238,418.9,0.9559,47.85,0.7178,12.21,2.687e-05,0.2023,2.818,1.17,2.158,0.1933,7.881,0.4691,8.107
2022-04-13T05:03:56,40118.14,3060.49,103.96,0.2359,14.93,58.1,17.9,85.62,5.55,154.19,0.5235,0.02127,0.006209,2.06,1.47,2.066,1.42,3.636,159,12.28,0.8029,1.483,0.5493,2.239,418.86,0.9555,47.84,0.7177,12.2,2.687e-05,0.202,2.818,1.17,2.159,0.1932,7.876,0.4693,8.105
2022-04-13T05:04:26,40117.53,3059.78,103.87,0.2358,14.93,58.1,17.9,85.65,5.551,154.13,0.5235,0.02125,0.006209,2.06,1.469,2.06,1.42,3.635,159.02,12.28,0.8029,1.483,0.5493,2.238,418.61,0.9566,47.82,0.7177,12.19,2.685e-05,0.202,2.818,1.171,2.159,0.1933,7.877,0.4694,8.107
2022-04-13T05:04:56,40139.11,3060.44,103.92,0.2359,14.93,58.1,17.9,85.68,5.55,154.31,0.526,0.02128,0.006209,2.06,1.47,2.061,1.42,3.64,159.06,12.29,0.8029,1.484,0.5493,2.238,418.68,0.9562,47.84,0.7178,12.17,2.685e-05,0.2021,2.818,1.171,2.159,0.1933,7.879,0.4697,8.107
2022-04-13T05:05:26,40139.44,3059.92,103.96,0.2359,14.93,58.1,17.9,85.67,5.553,154.27,0.5256,0.02127,0.006218,2.06,1.47,2.061,1.42,3.635,159.33,12.29,0.8028,1.484,0.5493,2.237,418.78,0.9566,47.87,0.7178,12.17,2.681e-05,0.2022,2.816,1.171,2.159,0.1932,7.879,0.4697,8.106
2022-04-13T05:05:56,40143.16,3060.13,104,0.2358,14.9,58.1,17.9,85.64,5.548,154.31,0.5256,0.02128,0.006218,2.06,1.47,2.061,1.422,3.64,159.41,12.29,0.8028,1.484,0.5493,2.236,418.78,0.9566,47.87,0.7176,12.17,2.683e-05,0.2022,2.817,1.171,2.158,0.1933,7.879,0.4695,8.106
2022-04-13T05:06:26,40141.44,3059.44,104,0.2358,14.9,58.1,17.9,85.65,5.552,154.32,0.5256,0.02128,0.006218,2.06,1.47,2.061,1.422,3.637,159.35,12.29,0.8028,1.484,0.5493,2.237,418.74,0.9568,47.86,0.7177,12.17,2.682e-05,0.2022,2.816,1.171,2.159,0.1933,7.879,0.4697,8.111
2022-04-13T05:06:56,40143.07,3059.63,103.99,0.2358,14.9,58.1,17.9,85.62,5.551,154.34,0.5256,0.02128,0.006218,2.06,1.47,2.061,1.422,3.638,159.3,12.29,0.8028,1.49,0.5493,2.237,418.74,0.9567,47.84,0.7175,12.22,2.679e-05,0.2022,2.816,1.172,2.158,0.1933,7.878,0.4697,8.11
2022-04-13T05:07:26,40146.63,3059.63,103.99,0.2359,14.9,58.1,17.9,85.55,5.552,154.33,0.5256,0.02126,0.006218,2.06,1.47,2.061,1.423,3.638,159.29,12.29,0.8033,1.49,0.5493,2.237,418.83,0.9568,47.84,0.7175,12.2,2.679e-05,0.2022,2.816,1.173,2.159,0.1933,7.88,0.4697,8.11
2022-04-13T05:07:56,40148.23,3059.62,104.03,0.2359,14.9,58.1,17.9,85.54,5.552,154.4,0.5256,0.02126,0.006218,2.06,1.47,2.061,1.424,3.638,159.32,12.29,0.8033,1.491,0.5493,2.237,418.88,0.9564,47.84,0.7175,12.2,2.679e-05,0.2022,2.818,1.174,2.159,0.1933,7.881,0.4698,8.106
2022-04-13T05:08:26,40139.43,3058.26,103.96,0.2359,14.89,58.1,17.9,85.52,5.556,154.4,0.5256,0.02125,0.006218,2.06,1.471,2.061,1.422,3.639,159.3,12.29,0.8033,1.491,0.5493,2.236,418.89,0.9564,47.83,0.7178,12.15,2.676e-05,0.2023,2.817,1.173,2.159,0.1933,7.878,0.4697,8.11
2022-04-13T05:08:56,40138.04,3057.68,103.94,0.2359,14.89,58.1,17.9,85.48,5.553,154.37,0.5241,0.02124,0.006218,2.06,1.471,2.061,1.421,3.643,159.23,12.29,0.8033,1.49,0.5493,2.235,418.83,0.9563,47.83,0.7178,12.15,2.671e-05,0.2023,2.817,1.173,2.158,0.1933,7.874,0.4697,8.106
2022-04-13T05:09:26,40144.11,3057.78,103.96,0.2359,14.89,58.1,17.9,85.49,5.553,154.34,0.5241,0.02124,0.006218,2.06,1.471,2.061,1.422,3.643,159.25,12.29,0.8033,1.491,0.5493,2.235,418.76,0.9567,47.81,0.718,12.15,2.671e-05,0.2023,2.817,1.173,2.158,0.1933,7.873,0.4697,8.112
2022-04-13T05:09:56,40108.09,3055.42,103.79,0.2359,14.89,58.1,17.89,85.44,5.552,154.28,0.5258,0.02123,0.006215,2.059,1.47,2.062,1.42,3.63,159.21,12.29,0.8033,1.491,0.5493,2.233,418.56,0.9557,47.75,0.7179,12.13,2.666e-05,0.2023,2.814,1.172,2.157,0.1931,7.869,0.4694,8.111
2022-04-13T05:10:26,40108.61,3055.08,103.78,0.2357,14.89,58.1,17.88,85.41,5.548,154.31,0.5249,0.02123,0.006222,2.059,1.47,2.062,1.421,3.631,159.1,12.29,0.8033,1.487,0.5493,2.234,418.46,0.9555,47.69,0.7179,12.12,2.67e-05,0.2023,2.814,1.172,2.156,0.1931,7.871,0.4692,8.103
2022-04-13T05:10:56,40108.27,3054.91,103.78,0.2356,14.92,58.1,17.88,85.41,5.546,154.28,0.5249,0.02123,0.006222,2.059,1.47,2.062,1.421,3.631,159.09,12.29,0.8033,1.488,0.5493,2.233,418.45,0.9555,47.67,0.7178,12.12,2.67e-05,0.2023,2.814,1.171,2.156,0.1931,7.871,0.4694,8.11
2022-04-13T05:11:26,40109.69,3054.65,103.92,0.2358,14.92,58.1,17.88,85.38,5.545,154.25,0.5249,0.02124,0.006231,2.059,1.469,2.062,1.421,3.634,159.13,12.29,0.8033,1.489,0.5493,2.234,418.51,0.9556,47.67,0.7179,12.12,2.671e-05,0.2018,2.814,1.172,2.156,0.1931,7.87,0.4695,8.1
2022-04-13T05:11:56,40113.79,3054.47,103.93,0.2358,14.92,58.1,17.89,85.34,5.551,154.3,0.5249,0.02125,0.006231,2.059,1.465,2.062,1.421,3.634,159.11,12.29,0.8033,1.49,0.5493,2.234,418.6,0.956,47.66,0.7179,12.12,2.671e-05,0.2018,2.815,1.172,2.156,0.1932,7.874,0.4696,8.095
2022-04-13T05:12:26,40112.59,3054.64,104.02,0.2359,14.92,58.1,17.89,85.34,5.551,154.3,0.5242,0.02125,0.006231,2.059,1.464,2.062,1.422,3.636,159.16,12.29,0.8033,1.49,0.5493,2.233,418.61,0.9557,47.65,0.7178,12.12,2.672e-05,0.2018,2.815,1.172,2.156,0.1931,7.874,0.4695,8.099
2022-04-13T05:12:56,40100.1,3054.26,103.94,0.2359,14.9,58.1,17.88,85.31,5.55,154.26,0.5246,0.02124,0.006231,2.059,1.465,2.062,1.421,3.632,159.12,12.29,0.8033,1.491,0.5493,2.232,418.64,0.956,47.66,0.7179,12.12,2.672e-05,0.202,2.814,1.172,2.156,0.1931,7.873,0.4695,8.094
2022-04-13T05:13:26,40102.74,3054.89,104.04,0.2361,14.9,58.1,17.88,85.34,5.547,154.25,0.5246,0.02125,0.006231,2.059,1.463,2.062,1.42,3.632,159.16,12.29,0.8033,1.491,0.5493,2.233,418.62,0.9553,47.67,0.7181,12.11,2.672e-05,0.202,2.814,1.172,2.156,0.1931,7.873,0.4696,8.094
2022-04-13T05:13:56,40103.04,3054.2,104.04,0.236,14.9,58.1,17.88,85.35,5.55,154.27,0.5246,0.02125,0.006231,2.059,1.464,2.062,1.422,3.635,159.18,12.29,0.8033,1.49,0.5493,2.232,418.51,0.9554,47.65,0.7183,12.13,2.676e-05,0.202,2.814,1.172,2.156,0.1931,7.871,0.4697,8.099
2022-04-13T05:14:26,40084.06,3053.9,103.92,0.236,14.9,58.1,17.86,85.32,5.551,154.21,0.5246,0.02122,0.006231,2.059,1.464,2.061,1.421,3.634,159.18,12.29,0.8033,1.49,0.5493,2.231,418.37,0.9557,47.64,0.7181,12.1,2.669e-05,0.2019,2.813,1.172,2.155,0.1931,7.867,0.4696,8.095
2022-04-13T05:14:56,40081.14,3053.56,103.93,0.236,14.9,58.1,17.86,85.29,5.544,154.16,0.5246,0.02119,0.006231,2.059,1.463,2.061,1.421,3.635,159.16,12.3,0.8033,1.49,0.5493,2.231,418.09,0.9557,47.63,0.7179,12.11,2.669e-05,0.2019,2.812,1.171,2.154,0.1931,7.865,0.4696,8.09
2022-04-13T05:15:26,40081.17,3053.02,103.93,0.2359,14.9,58.1,17.86,85.24,5.547,154.2,0.5246,0.02115,0.006231,2.059,1.463,2.061,1.42,3.635,159.06,12.3,0.8033,1.491,0.5493,2.231,417.92,0.9557,47.61,0.7179,12.11,2.666e-05,0.2019,2.812,1.171,2.154,0.193,7.859,0.4696,8.086
2022-04-13T05:15:56,40077.14,3052.74,103.92,0.2358,14.9,58.2,17.86,85.22,5.546,154.13,0.5251,0.02116,0.006222,2.057,1.463,2.061,1.421,3.633,158.91,12.3,0.8033,1.491,0.5493,2.231,417.89,0.9555,47.6,0.7178,12.1,2.664e-05,0.2019,2.811,1.171,2.153,0.193,7.86,0.4696,8.084
2022-04-13T05:16:26,40079.58,3052.99,103.98,0.2358,14.9,58.2,17.87,85.25,5.546,154.21,0.5251,0.02117,0.006222,2.056,1.463,2.061,1.421,3.633,158.85,12.3,0.8033,1.49,0.5493,2.232,417.95,0.9556,47.6,0.7176,12.1,2.669e-05,0.2019,2.812,1.171,2.154,0.193,7.859,0.4696,8.086
2022-04-13T05:16:56,40087.38,3053.67,104,0.236,14.9,58.2,17.87,85.29,5.553,154.24,0.5251,0.02118,0.006208,2.056,1.463,2.061,1.423,3.633,158.88,12.3,0.8028,1.489,0.5493,2.233,417.98,0.9557,47.61,0.7182,12.15,2.669e-05,0.2019,2.813,1.172,2.154,0.1931,7.857,0.4696,8.089
2022-04-13T05:17:26,40096.21,3053.79,104,0.2361,14.9,58.2,17.87,85.32,5.553,154.25,0.5251,0.02119,0.006208,2.056,1.463,2.062,1.423,3.636,158.98,12.3,0.8028,1.489,0.5493,2.233,417.94,0.9556,47.63,0.7182,12.11,2.67e-05,0.2019,2.813,1.172,2.155,0.1931,7.86,0.4696,8.091
2022-04-13T05:17:56,40110.43,3054.25,104,0.2361,14.9,58.2,17.87,85.35,5.555,154.25,0.5251,0.02118,0.006208,2.056,1.464,2.062,1.423,3.64,159.05,12.3,0.8028,1.489,0.5493,2.233,418.02,0.9554,47.65,0.7185,12.11,2.667e-05,0.2019,2.814,1.172,2.155,0.1931,7.863,0.4696,8.094
2022-04-13T05:18:26,40117.54,3055.8,104.01,0.2363,14.9,58.1,17.88,85.37,5.557,154.25,0.5251,0.02118,0.006208,2.056,1.466,2.063,1.424,3.639,159.05,12.3,0.8028,1.489,0.5493,2.234,418.16,0.9554,47.67,0.7185,12.11,2.668e-05,0.2022,2.815,1.172,2.155,0.1932,7.865,0.47,8.093
2022-04-13T05:18:56,40119.43,3055.84,104.01,0.2364,14.9,58.2,17.87,85.4,5.554,154.25,0.5251,0.02118,0.006208,2.056,1.466,2.066,1.424,3.639,159.05,12.3,0.8028,1.49,0.5493,2.234,418.2,0.9553,47.66,0.7182,12.11,2.668e-05,0.2021,2.815,1.172,2.155,0.1932,7.865,0.4705,8.098
2022-04-13T05:19:26,40116.52,3054.96,104,0.2364,15.07,58.2,17.87,85.35,5.552,154.28,0.5251,0.02118,0.006208,2.06,1.466,2.066,1.424,3.641,159.02,12.3,0.8028,1.49,0.5493,2.233,418.11,0.9553,47.66,0.7183,12.11,2.667e-05,0.2021,2.815,1.172,2.155,0.1931,7.864,0.4705,8.092
2022-04-13T05:19:56,40116.22,3054.74,103.97,0.2363,15.07,58.2,17.86,85.32,5.553,154.29,0.5251,0.02117,0.006208,2.06,1.465,2.066,1.424,3.641,158.99,12.3,0.8029,1.49,0.5493,2.233,418.1,0.9552,47.65,0.7182,12.15,2.666e-05,0.2021,2.814,1.171,2.154,0.1932,7.861,0.4702,8.092
2022-04-13T05:20:26,40118.47,3055.02,103.96,0.2364,15.07,58.1,17.87,85.29,5.555,154.35,0.5251,0.02119,0.006208,2.06,1.466,2.062,1.424,3.641,159.03,12.3,0.8029,1.491,0.5493,2.233,418.15,0.9553,47.69,0.7185,12.13,2.668e-05,0.2021,2.815,1.171,2.154,0.1932,7.865,0.4704,8.091
2022-04-13T05:20:56,40115.21,3054.81,103.95,0.2364,15.07,58.2,17.87,85.28,5.551,154.32,0.5251,0.02118,0.006208,2.06,1.466,2.062,1.424,3.641,159.04,12.3,0.8029,1.492,0.5466,2.233,418.18,0.9552,47.69,0.7184,12.13,2.667e-05,0.2021,2.815,1.171,2.154,0.1932,7.865,0.4703,8.09
2022-04-13T05:21:26,40124.73,3055.76,104.02,0.2364,15.07,58.2,17.87,85.34,5.545,154.39,0.5251,0.02118,0.006218,2.06,1.466,2.063,1.424,3.641,159.16,12.3,0.8029,1.492,0.5466,2.234,418.34,0.9561,47.72,0.7186,12.17,2.668e-05,0.2021,2.817,1.172,2.155,0.1932,7.862,0.4703,8.087
2022-04-13T05:21:56,40125.48,3057.64,104.06,0.2367,15.03,58.2,17.87,85.36,5.551,154.39,0.5247,0.02122,0.006218,2.06,1.466,2.063,1.425,3.644,159.25,12.3,0.806,1.492,0.5466,2.236,418.41,0.9564,47.72,0.7187,12.17,2.669e-05,0.2021,2.817,1.172,2.157,0.1933,7.866,0.4705,8.091
2022-04-13T05:22:26,40114.5,3058.07,103.97,0.2365,15.03,58.2,17.87,85.37,5.547,154.41,0.5247,0.02124,0.006218,2.06,1.466,2.062,1.425,3.647,159.25,12.3,0.806,1.492,0.5466,2.234,418.3,0.9559,47.75,0.7185,12.15,2.667e-05,0.2021,2.816,1.172,2.157,0.1933,7.857,0.4703,8.089
2022-04-13T05:22:56,40110.19,3057.18,103.99,0.2365,15.03,58.2,17.86,85.33,5.546,154.35,0.5247,0.02124,0.006218,2.06,1.466,2.062,1.425,3.647,159.26,12.3,0.806,1.49,0.5466,2.235,418.3,0.9554,47.75,0.7187,12.15,2.674e-05,0.2021,2.817,1.172,2.156,0.1932,7.857,0.4697,8.084
2022-04-13T05:23:26,40105.85,3056.98,103.93,0.2362,15.03,58.2,17.86,85.3,5.546,154.39,0.5246,0.02123,0.006218,2.06,1.466,2.062,1.425,3.647,159.26,12.3,0.806,1.492,0.5466,2.234,418.2,0.9557,47.73,0.7185,12.15,2.673e-05,0.2021,2.816,1.172,2.156,0.1933,7.853,0.4699,8.085
2022-04-13T05:23:56,40115.56,3057.23,103.97,0.2362,15.03,58.2,17.86,85.3,5.546,154.4,0.5246,0.02123,0.006227,2.06,1.465,2.062,1.424,3.643,159.32,12.3,0.806,1.489,0.5466,2.234,418.26,0.9557,47.73,0.7187,12.15,2.676e-05,0.2021,2.817,1.172,2.157,0.1933,7.852,0.4698,8.084
2022-04-13T05:24:26,40124.34,3058.36,104.05,0.2366,15.03,58.2,17.88,85.35,5.544,154.42,0.5248,0.02126,0.006227,2.06,1.467,2.06,1.426,3.644,159.38,12.3,0.8039,1.489,0.5466,2.235,418.42,0.9563,47.75,0.7189,12.15,2.677e-05,0.2024,2.817,1.172,2.157,0.1933,7.853,0.4698,8.089
2022-04-13T05:24:56,40071.42,3054.32,103.82,0.2362,15.03,58.2,17.86,85.34,5.544,154.28,0.5239,0.02124,0.006227,2.06,1.467,2.057,1.423,3.637,159.36,12.3,0.8039,1.485,0.5466,2.232,418.05,0.9554,47.71,0.7179,12.15,2.669e-05,0.2018,2.814,1.171,2.155,0.1932,7.853,0.4694,8.087
2022-04-13T05:25:26,40065.88,3053.83,103.81,0.2361,15.03,58.1,17.84,85.25,5.541,154.22,0.5239,0.02122,0.006227,2.06,1.465,2.057,1.422,3.639,159.19,12.3,0.8039,1.485,0.5466,2.23,417.76,0.9549,47.68,0.7177,12.11,2.666e-05,0.2018,2.813,1.169,2.155,0.1932,7.852,0.4695,8.079
2022-04-13T05:25:56,40067.4,3052.75,103.76,0.2359,15.03,58.1,17.84,85.19,5.541,154.18,0.5239,0.02123,0.006227,2.06,1.465,2.057,1.423,3.639,159.18,12.3,0.8037,1.485,0.5466,2.229,417.8,0.9543,47.67,0.7179,12.11,2.666e-05,0.2018,2.813,1.169,2.154,0.1931,7.848,0.4695,8.083
2022-04-13T05:26:26,40084.56,3053.94,103.78,0.2362,15.03,58.1,17.84,85.22,5.542,154.19,0.5239,0.02123,0.006227,2.06,1.465,2.058,1.423,3.639,159.13,12.3,0.806,1.488,0.5466,2.23,417.79,0.9554,47.68,0.7181,12.11,2.67e-05,0.2018,2.814,1.17,2.155,0.1931,7.857,0.4695,8.075
2022-04-13T05:26:56,40089.99,3054.93,103.8,0.2366,15.05,58.1,17.84,85.25,5.545,154.45,0.5239,0.02126,0.006225,2.06,1.465,2.064,1.425,3.644,159.22,12.3,0.806,1.487,0.5466,2.232,418.12,0.9557,47.68,0.7188,12.11,2.674e-05,0.2018,2.818,1.171,2.157,0.1932,7.861,0.4695,8.081
2022-04-13T05:27:26,40094.67,3054.63,103.98,0.2367,15.04,58.1,17.86,85.27,5.544,154.5,0.5239,0.02127,0.006225,2.06,1.465,2.064,1.426,3.64,159.3,12.3,0.806,1.487,0.5466,2.234,418.36,0.9557,47.72,0.7189,12.11,2.672e-05,0.2022,2.819,1.172,2.158,0.1933,7.871,0.4697,8.087
2022-04-13T05:27:56,40087.2,3053.89,103.87,0.2367,15.04,58.1,17.85,85.23,5.544,154.49,0.524,0.02126,0.006225,2.06,1.465,2.064,1.426,3.64,159.37,12.3,0.8103,1.487,0.5466,2.232,418.3,0.9553,47.73,0.7191,12.11,2.672e-05,0.2023,2.817,1.172,2.157,0.1933,7.875,0.4703,8.085
2022-04-13T05:28:26,40073.21,3052.56,103.86,0.2366,15.04,58.1,17.85,85.21,5.543,154.49,0.524,0.02127,0.006225,2.06,1.466,2.066,1.425,3.639,159.32,12.3,0.8103,1.487,0.5466,2.232,418.19,0.9551,47.72,0.7191,12.1,2.67e-05,0.2021,2.816,1.172,2.156,0.1932,7.875,0.47,8.089
2022-04-13T05:28:56,40078.9,3052.73,103.81,0.2366,15.04,58.1,17.85,85.19,5.543,154.43,0.524,0.02128,0.006225,2.06,1.466,2.066,1.426,3.638,159.22,12.3,0.8103,1.487,0.5466,2.231,418.11,0.9553,47.72,0.7192,12.08,2.669e-05,0.2018,2.816,1.171,2.156,0.1932,7.867,0.47,8.09
2022-04-13T05:29:27,40080.69,3052.73,103.78,0.2365,15.04,58.1,17.85,85.2,5.544,154.46,0.524,0.02129,0.006225,2.06,1.466,2.066,1.426,3.631,159.22,12.3,0.8103,1.487,0.5466,2.232,418.07,0.9557,47.71,0.7192,12.1,2.67e-05,0.2018,2.816,1.171,2.156,0.1932,7.862,0.4699,8.085
2022-04-13T05:29:56,40088.67,3053.11,103.83,0.2366,15.04,58.1,17.85,85.25,5.543,154.43,0.5239,0.0213,0.006225,2.06,1.466,2.067,1.426,3.633,159.23,12.3,0.8103,1.487,0.5466,2.233,418.13,0.9559,47.71,0.7192,12.1,2.674e-05,0.2019,2.816,1.171,2.156,0.1933,7.865,0.47,8.09
2022-04-13T05:30:26,40077.82,3052.58,103.72,0.2365,15.04,58.1,17.86,85.22,5.543,154.41,0.5225,0.02131,0.006225,2.06,1.466,2.066,1.425,3.63,159.15,12.3,0.808,1.487,0.5466,2.232,418.12,0.9557,47.68,0.719,12.1,2.671e-05,0.2019,2.815,1.17,2.156,0.1933,7.866,0.4696,8.09
2022-04-13T05:30:56,40089.93,3054.54,103.84,0.2363,15.04,58.1,17.86,85.26,5.54,154.48,0.5226,0.0213,0.006225,2.058,1.466,2.067,1.426,3.633,159.27,12.3,0.808,1.497,0.5466,2.235,418.19,0.9558,47.67,0.7193,12.06,2.678e-05,0.2018,2.816,1.171,2.156,0.1932,7.87,0.4695,8.09
2022-04-13T05:31:26,40117.42,3056.15,103.88,0.2366,15.04,58.1,17.87,85.34,5.546,154.62,0.5226,0.02133,0.006225,2.058,1.465,2.068,1.428,3.635,159.28,12.3,0.8086,1.503,0.5466,2.236,418.44,0.9568,47.71,0.7196,12.06,2.683e-05,0.2022,2.818,1.172,2.157,0.1933,7.883,0.4703,8.092
2022-04-13T05:31:56,40118.46,3056.43,103.91,0.2366,15.04,58.1,17.88,85.37,5.545,154.57,0.5226,0.02132,0.006225,2.058,1.465,2.065,1.428,3.637,159.41,12.3,0.8086,1.503,0.5466,2.237,418.59,0.9568,47.75,0.7196,12.1,2.68e-05,0.2022,2.819,1.173,2.158,0.1933,7.888,0.4706,8.092
2022-04-13T05:32:26,40125.56,3056.04,103.91,0.2365,15.06,58.1,17.87,85.35,5.545,154.51,0.5227,0.02132,0.006225,2.058,1.466,2.066,1.427,3.637,159.44,12.3,0.8086,1.505,0.5466,2.237,418.64,0.9568,47.76,0.7192,12.1,2.681e-05,0.2022,2.818,1.174,2.157,0.1933,7.889,0.4706,8.099
2022-04-13T05:32:56,40129.89,3056.15,103.92,0.2366,15.08,58.1,17.87,85.33,5.549,154.49,0.5227,0.02132,0.006216,2.058,1.466,2.063,1.426,3.637,159.4,12.3,0.8086,1.505,0.5466,2.236,418.71,0.9565,47.75,0.7193,12.1,2.678e-05,0.2022,2.818,1.174,2.157,0.1933,7.89,0.4705,8.1
2022-04-13T05:33:26,40125.31,3055.67,103.9,0.2366,15.08,58.1,17.86,85.35,5.545,154.5,0.5227,0.02132,0.006216,2.058,1.466,2.063,1.426,3.639,159.35,12.3,0.8086,1.508,0.5466,2.235,418.61,0.9567,47.75,0.7191,12.09,2.677e-05,0.2022,2.817,1.173,2.157,0.1933,7.882,0.4705,8.101
2022-04-13T05:33:56,40124.9,3055.44,103.87,0.2363,15.08,58.1,17.86,85.35,5.545,154.54,0.5231,0.02134,0.006216,2.057,1.466,2.063,1.426,3.641,159.38,12.3,0.8086,1.508,0.5466,2.234,418.61,0.9562,47.74,0.7188,12.09,2.678e-05,0.2022,2.817,1.173,2.156,0.1932,7.885,0.4706,8.103
2022-04-13T05:34:26,40125.27,3055.35,103.87,0.2363,15.08,58.1,17.85,85.32,5.545,154.5,0.5231,0.02136,0.006216,2.057,1.466,2.063,1.427,3.641,159.38,12.3,0.8085,1.508,0.5466,2.235,418.61,0.9563,47.74,0.7188,12.06,2.68e-05,0.2022,2.818,1.173,2.157,0.1932,7.885,0.4705,8.108
2022-04-13T05:34:56,40163.16,3058.28,104.03,0.2365,15.08,58.1,17.87,85.41,5.55,154.65,0.5231,0.02139,0.006216,2.057,1.467,2.065,1.428,3.641,159.52,12.3,0.8085,1.51,0.5466,2.237,418.81,0.9565,47.78,0.7194,12.06,2.681e-05,0.2025,2.821,1.174,2.159,0.1933,7.893,0.4705,8.112
2022-04-13T05:35:26,40161.72,3058.86,104.06,0.2366,15.08,58.1,17.88,85.45,5.552,154.72,0.5231,0.02141,0.006232,2.057,1.468,2.065,1.428,3.638,159.61,12.3,0.8085,1.503,0.5466,2.237,418.99,0.9572,47.8,0.7196,12.06,2.683e-05,0.2024,2.822,1.175,2.16,0.1933,7.894,0.4709,8.113
2022-04-13T05:35:56,40163.02,3058.96,104.1,0.2366,15.08,58.2,17.87,85.47,5.552,154.78,0.5246,0.0214,0.006229,2.057,1.468,2.065,1.429,3.644,159.6,12.3,0.8085,1.503,0.5466,2.237,419,0.957,47.8,0.7196,12.04,2.694e-05,0.2024,2.821,1.175,2.16,0.1933,7.895,0.4711,8.114
2022-04-13T05:36:26,40166.9,3059.02,104.34,0.2368,15.08,58.2,17.87,85.5,5.553,154.78,0.5255,0.02139,0.006229,2.057,1.468,2.065,1.429,3.642,159.68,12.3,0.8085,1.502,0.5466,2.239,419.05,0.957,47.82,0.7197,12.04,2.699e-05,0.2027,2.821,1.176,2.161,0.1933,7.896,0.4711,8.117
2022-04-13T05:36:56,40174.97,3060.18,104.32,0.2367,15.08,58.2,17.87,85.54,5.549,154.82,0.5255,0.02139,0.006231,2.057,1.468,2.065,1.43,3.644,159.69,12.3,0.8035,1.503,0.5466,2.24,419.17,0.9567,47.86,0.7199,12.08,2.704e-05,0.2028,2.821,1.176,2.162,0.1933,7.899,0.4712,8.117
2022-04-13T05:37:26,40181.18,3062.25,104.36,0.2367,15.06,58.2,17.88,85.62,5.556,154.84,0.5255,0.02139,0.006231,2.057,1.468,2.066,1.431,3.642,159.73,12.3,0.8035,1.503,0.5466,2.24,419.24,0.9569,47.86,0.7199,12.09,2.702e-05,0.2028,2.822,1.177,2.162,0.1934,7.9,0.4717,8.119
2022-04-13T05:37:56,40180.24,3062.58,104.45,0.2367,15.06,58.2,17.88,85.63,5.552,154.77,0.5255,0.02139,0.006222,2.058,1.468,2.066,1.431,3.643,159.68,12.3,0.8035,1.5,0.5466,2.239,419.27,0.9569,47.85,0.72,12.11,2.699e-05,0.2028,2.822,1.176,2.162,0.1933,7.903,0.4718,8.124
2022-04-13T05:38:26,40178.28,3062.33,104.35,0.2367,15.06,58.2,17.88,85.59,5.551,154.75,0.5255,0.02138,0.006222,2.058,1.468,2.066,1.43,3.639,159.65,12.3,0.8035,1.5,0.5466,2.239,419.26,0.9568,47.85,0.7197,12.1,2.697e-05,0.2029,2.821,1.176,2.161,0.1933,7.901,0.4718,8.127
2022-04-13T05:38:56,40177.21,3062.24,104.36,0.2367,15.06,58.2,17.88,85.56,5.551,154.69,0.5255,0.02137,0.006222,2.058,1.467,2.066,1.431,3.643,159.66,12.3,0.8035,1.5,0.5466,2.239,419.24,0.9564,47.88,0.7198,12.08,2.696e-05,0.2028,2.822,1.176,2.162,0.1933,7.902,0.4721,8.122
2022-04-13T05:39:26,40177.66,3062.38,104.38,0.2367,15.06,58.2,17.89,85.55,5.554,154.72,0.5255,0.02139,0.006222,2.058,1.467,2.072,1.431,3.644,159.67,12.3,0.8035,1.504,0.5466,2.239,419.29,0.9565,47.89,0.7199,12.08,2.698e-05,0.2028,2.822,1.177,2.162,0.1933,7.904,0.4722,8.122
2022-04-13T05:39:56,40144.32,3060.4,104.24,0.2365,15.06,58.1,17.89,85.5,5.551,154.67,0.5254,0.02136,0.006222,2.057,1.467,2.07,1.43,3.64,159.56,12.3,0.8035,1.499,0.5466,2.238,419.17,0.9558,47.9,0.7195,12.08,2.694e-05,0.2026,2.821,1.177,2.161,0.1933,7.9,0.4723,8.121
2022-04-13T05:40:26,40150.95,3060.54,104.27,0.2363,15.07,58.1,17.9,85.5,5.547,154.65,0.5254,0.02135,0.006222,2.057,1.467,2.07,1.429,3.645,159.61,12.3,0.8035,1.498,0.5466,2.237,419.15,0.9561,47.91,0.7192,12.1,2.704e-05,0.2026,2.821,1.176,2.161,0.1933,7.899,0.4726,8.121
2022-04-13T05:40:56,40151.37,3061.47,104.25,0.2364,15.07,58.1,17.9,85.5,5.546,154.65,0.5254,0.02131,0.006264,2.056,1.468,2.07,1.43,3.645,159.56,12.3,0.8035,1.498,0.5466,2.237,419.19,0.9561,47.91,0.7193,12.1,2.698e-05,0.2027,2.82,1.176,2.162,0.1933,7.896,0.4725,8.126
2022-04-13T05:41:26,40135.67,3060.93,104.17,0.2362,15.07,58.2,17.9,85.48,5.548,154.57,0.5254,0.02131,0.006252,2.056,1.468,2.07,1.429,3.645,159.51,12.3,0.8035,1.499,0.5466,2.235,419.04,0.9563,47.9,0.7191,12.1,2.697e-05,0.2026,2.819,1.176,2.162,0.1933,7.896,0.4721,8.122
2022-04-13T05:41:56,40119.48,3060.46,104.03,0.2361,15.07,58.2,17.89,85.44,5.546,154.44,0.5255,0.02124,0.006252,2.056,1.468,2.069,1.428,3.641,159.52,12.3,0.8035,1.493,0.5466,2.235,418.97,0.956,47.87,0.7189,12.11,2.696e-05,0.2024,2.818,1.175,2.161,0.1932,7.896,0.4718,8.115
2022-04-13T05:42:26,40118.19,3058.21,104.07,0.2362,15.07,58.2,17.89,85.42,5.544,154.5,0.5243,0.02125,0.00624,2.056,1.468,2.07,1.428,3.641,159.47,12.3,0.8035,1.493,0.5466,2.235,418.9,0.9554,47.84,0.7187,12.15,2.695e-05,0.2023,2.817,1.175,2.16,0.1932,7.887,0.4718,8.118
2022-04-13T05:42:56,40118.73,3058.6,104.1,0.2362,15.05,58.2,17.9,85.44,5.54,154.51,0.5243,0.02124,0.006237,2.056,1.468,2.071,1.429,3.64,159.53,12.3,0.8035,1.492,0.5466,2.235,418.91,0.9555,47.83,0.7188,12.15,2.697e-05,0.2023,2.817,1.175,2.161,0.1932,7.889,0.4715,8.113
2022-04-13T05:43:26,40119.12,3058.84,104.12,0.2362,15.05,58.2,17.9,85.45,5.548,154.61,0.5233,0.02123,0.006243,2.059,1.468,2.071,1.428,3.64,159.53,12.3,0.8076,1.492,0.5466,2.236,418.94,0.9559,47.85,0.7189,12.14,2.695e-05,0.2023,2.817,1.175,2.161,0.1933,7.89,0.4715,8.114
2022-04-13T05:43:56,40117.46,3058.84,104.12,0.2361,15.05,58.1,17.9,85.46,5.547,154.59,0.5219,0.02125,0.006243,2.059,1.468,2.07,1.428,3.64,159.4,12.26,0.8076,1.492,0.5466,2.236,418.94,0.9556,47.86,0.719,12.14,2.69e-05,0.2023,2.817,1.175,2.161,0.1933,7.893,0.4714,8.119
2022-04-13T05:44:26,40119.34,3058.87,104.11,0.2361,15.05,58.1,17.9,85.46,5.544,154.54,0.5211,0.02124,0.006231,2.057,1.468,2.071,1.429,3.64,159.45,12.26,0.8076,1.504,0.5466,2.236,418.89,0.9555,47.87,0.719,12.14,2.696e-05,0.2023,2.817,1.175,2.161,0.1932,7.896,0.4714,8.112
2022-04-13T05:44:56,40117.24,3058.32,104.09,0.2362,15.05,58.1,17.9,85.5,5.544,154.6,0.5211,0.02123,0.00625,2.057,1.468,2.07,1.43,3.64,159.45,12.26,0.8076,1.504,0.5466,2.236,418.89,0.9554,47.85,0.7189,12.12,2.693e-05,0.2023,2.817,1.176,2.161,0.1933,7.895,0.4714,8.113
2022-04-13T05:45:26,40099.51,3058.37,103.95,0.2359,15.06,58.1,17.89,85.5,5.549,154.58,0.5229,0.02123,0.00625,2.057,1.467,2.07,1.429,3.639,159.41,12.26,0.8058,1.504,0.5466,2.236,418.86,0.9553,47.88,0.7187,12.12,2.69e-05,0.2022,2.816,1.175,2.16,0.1932,7.891,0.4714,8.113
2022-04-13T05:45:56,40103.04,3057.44,104,0.2359,15.06,58.1,17.89,85.49,5.54,154.56,0.5229,0.02122,0.00625,2.057,1.467,2.07,1.429,3.639,159.38,12.26,0.8058,1.506,0.5466,2.236,418.83,0.9548,47.89,0.7186,12.12,2.691e-05,0.202,2.816,1.175,2.16,0.1932,7.891,0.4709,8.112
2022-04-13T05:46:26,40105.98,3057.61,104.01,0.236,15.06,58.1,17.89,85.54,5.544,154.54,0.5229,0.02122,0.00625,2.057,1.466,2.071,1.429,3.639,159.36,12.26,0.8058,1.504,0.5466,2.236,418.92,0.9552,47.95,0.7188,12.15,2.693e-05,0.202,2.816,1.175,2.16,0.1932,7.889,0.4708,8.112
2022-04-13T05:46:56,40134.76,3059.61,104.04,0.2363,15.06,58.1,17.91,85.62,5.54,154.66,0.5229,0.02124,0.006264,2.057,1.467,2.072,1.431,3.639,159.44,12.26,0.8058,1.515,0.5466,2.239,419.09,0.9568,47.99,0.7192,12.17,2.697e-05,0.202,2.82,1.176,2.163,0.1933,7.901,0.4711,8.124
2022-04-13T05:47:26,40123.65,3059.1,104.06,0.2364,15.06,58.1,17.9,85.64,5.551,154.64,0.5229,0.02124,0.006247,2.057,1.467,2.069,1.431,3.644,159.48,12.26,0.8057,1.515,0.5466,2.237,419.11,0.9561,48.05,0.719,12.16,2.695e-05,0.2023,2.82,1.176,2.162,0.1933,7.903,0.4711,8.126
2022-04-13T05:47:56,40121.8,3059.35,104.08,0.2366,15.06,58.1,17.91,85.68,5.551,154.67,0.5234,0.02125,0.00625,2.057,1.467,2.069,1.431,3.645,159.48,12.26,0.8057,1.515,0.5466,2.238,419.25,0.9563,48.09,0.7192,12.16,2.693e-05,0.2023,2.82,1.176,2.162,0.1933,7.903,0.4713,8.126
2022-04-13T05:48:26,40121.96,3058.82,104.05,0.2366,15,58.2,17.91,85.68,5.557,154.69,0.5234,0.02124,0.00625,2.057,1.467,2.069,1.43,3.645,159.46,12.26,0.8078,1.515,0.5466,2.238,419.29,0.9562,48.08,0.7192,12.13,2.692e-05,0.2023,2.82,1.176,2.162,0.1933,7.905,0.4713,8.127
2022-04-13T05:48:56,40127.97,3059.37,104.06,0.2366,14.98,58.2,17.91,85.74,5.557,154.7,0.5233,0.02124,0.00625,2.057,1.466,2.069,1.43,3.643,159.45,12.26,0.8078,1.516,0.5466,2.238,419.22,0.9564,48.09,0.7191,12.13,2.692e-05,0.2022,2.82,1.176,2.162,0.1932,7.905,0.4711,8.127
2022-04-13T05:49:26,40128.1,3059.36,104.11,0.2367,14.97,58.2,17.91,85.71,5.555,154.69,0.5221,0.02123,0.00625,2.057,1.466,2.068,1.43,3.644,159.44,12.26,0.8078,1.514,0.5466,2.238,419.26,0.9564,48.09,0.719,12.15,2.698e-05,0.2022,2.82,1.177,2.161,0.1932,7.906,0.4712,8.122
2022-04-13T05:49:56,40148.21,3060.77,104.18,0.2366,14.97,58.2,17.91,85.76,5.555,154.68,0.5216,0.02124,0.00625,2.058,1.467,2.078,1.431,3.646,159.42,12.26,0.8078,1.516,0.5466,2.238,419.3,0.9566,48.08,0.7191,12.15,2.703e-05,0.2022,2.822,1.177,2.163,0.1933,7.907,0.4713,8.127
2022-04-13T05:50:26,40136.71,3060.16,104.2,0.2364,14.94,58.2,17.91,85.78,5.56,154.62,0.5219,0.02124,0.00626,2.058,1.466,2.081,1.429,3.646,159.37,12.26,0.8074,1.515,0.5466,2.238,419.28,0.957,48.12,0.719,12.14,2.704e-05,0.2024,2.822,1.177,2.161,0.1932,7.906,0.4713,8.127
2022-04-13T05:50:56,40140.64,3061.22,104.2,0.2364,14.97,58.2,17.92,85.86,5.55,154.62,0.5219,0.02124,0.00626,2.058,1.466,2.082,1.43,3.646,159.42,12.26,0.8074,1.513,0.5466,2.238,419.22,0.957,48.13,0.719,12.12,2.724e-05,0.2024,2.823,1.177,2.162,0.1933,7.908,0.4714,8.127
2022-04-13T05:51:26,40140.96,3061.26,104.2,0.2363,14.97,58.2,17.93,85.93,5.556,154.71,0.522,0.02122,0.006283,2.058,1.467,2.079,1.431,3.644,159.44,12.26,0.8074,1.512,0.5466,2.238,419.22,0.9572,48.12,0.7192,12.14,2.719e-05,0.2025,2.823,1.177,2.162,0.1933,7.908,0.4715,8.126
2022-04-13T05:51:56,40155.46,3062.53,104.29,0.2366,14.97,58.2,17.93,86.05,5.559,154.77,0.522,0.02123,0.006283,2.058,1.467,2.08,1.431,3.647,159.51,12.26,0.8074,1.515,0.5466,2.24,419.29,0.9572,48.12,0.7192,12.14,2.716e-05,0.2025,2.827,1.178,2.163,0.1933,7.91,0.4716,8.123
2022-04-13T05:52:26,40155.01,3062.25,104.29,0.2366,14.97,58.2,17.94,86.12,5.56,154.8,0.522,0.02123,0.006283,2.058,1.466,2.076,1.431,3.647,159.51,12.26,0.8074,1.515,0.5466,2.239,419.32,0.9571,48.13,0.7192,12.17,2.711e-05,0.2027,2.827,1.178,2.163,0.1934,7.912,0.4716,8.122
2022-04-13T05:52:56,40157.18,3062.72,104.29,0.2367,14.97,58.2,17.95,86.1,5.56,154.81,0.522,0.02124,0.006283,2.058,1.467,2.077,1.431,3.647,159.51,12.26,0.8074,1.516,0.5466,2.24,419.38,0.9574,48.14,0.7192,12.17,2.712e-05,0.2027,2.828,1.177,2.163,0.1934,7.912,0.4717,8.127
2022-04-13T05:53:26,40166.1,3062.97,104.3,0.2369,14.97,58.2,17.97,86.12,5.562,154.85,0.522,0.02125,0.006283,2.058,1.467,2.074,1.431,3.647,159.53,12.26,0.8074,1.515,0.5466,2.24,419.38,0.9582,48.16,0.7192,12.18,2.712e-05,0.2027,2.828,1.178,2.163,0.1934,7.914,0.4719,8.128
2022-04-13T05:53:56,40168.75,3062.78,104.25,0.2368,14.97,58.2,17.98,86.19,5.562,154.88,0.522,0.02128,0.006278,2.058,1.467,2.074,1.431,3.646,159.57,12.26,0.8079,1.515,0.5466,2.24,419.65,0.9586,48.16,0.7192,12.18,2.711e-05,0.2026,2.826,1.178,2.163,0.1934,7.918,0.4719,8.127
2022-04-13T05:54:26,40171.98,3063.1,104.36,0.2368,14.97,58.2,17.98,86.21,5.563,155.18,0.5227,0.0213,0.006278,2.058,1.468,2.075,1.431,3.655,159.59,12.26,0.8118,1.515,0.5466,2.241,419.75,0.9596,48.18,0.7193,12.18,2.71e-05,0.2027,2.826,1.179,2.163,0.1934,7.92,0.4723,8.134
2022-04-13T05:54:56,40175.69,3063.99,104.4,0.2369,14.97,58.3,17.98,86.22,5.563,155.29,0.5227,0.02133,0.006283,2.058,1.468,2.075,1.432,3.655,159.6,12.31,0.8118,1.514,0.5466,2.239,419.76,0.9595,48.19,0.7194,12.18,2.709e-05,0.2027,2.826,1.179,2.163,0.1934,7.921,0.4723,8.134
2022-04-13T05:55:26,40199.71,3069.04,104.43,0.237,14.97,58.3,17.99,86.37,5.577,155.33,0.5227,0.02138,0.006256,2.058,1.47,2.076,1.432,3.658,159.63,12.31,0.8086,1.513,0.5466,2.241,420,0.9601,48.21,0.7199,12.18,2.708e-05,0.2029,2.828,1.18,2.165,0.1934,7.923,0.4724,8.131
2022-04-13T05:55:56,40196.54,3068.25,104.44,0.2369,14.97,58.3,17.99,86.44,5.574,155.31,0.5227,0.02135,0.006256,2.058,1.468,2.079,1.433,3.659,159.68,12.31,0.8086,1.518,0.5466,2.242,419.99,0.9604,48.22,0.72,12.16,2.709e-05,0.203,2.828,1.181,2.165,0.1934,7.929,0.4725,8.132
2022-04-13T05:56:26,40181.66,3066.9,104.56,0.2369,14.97,58.3,17.99,86.35,5.576,155.29,0.5227,0.02139,0.006256,2.058,1.469,2.079,1.433,3.658,159.7,12.31,0.8086,1.514,0.5466,2.241,420.01,0.9602,48.22,0.7196,12.16,2.708e-05,0.203,2.827,1.179,2.163,0.1934,7.929,0.4717,8.132
2022-04-13T05:56:56,40171.07,3066.49,104.59,0.2369,14.97,58.3,17.98,86.33,5.576,155.27,0.5227,0.02141,0.006256,2.058,1.469,2.078,1.433,3.651,159.73,12.31,0.8119,1.514,0.5466,2.242,419.95,0.9593,48.23,0.7197,12.16,2.71e-05,0.2028,2.827,1.179,2.163,0.1934,7.93,0.472,8.132
2022-04-13T05:57:26,40169.53,3065.78,104.54,0.2367,14.97,58.3,17.98,86.24,5.578,155.24,0.5227,0.02141,0.006256,2.058,1.468,2.081,1.434,3.652,159.72,12.31,0.8119,1.513,0.5466,2.241,419.96,0.9599,48.2,0.7196,12.16,2.708e-05,0.2028,2.826,1.179,2.163,0.1933,7.93,0.472,8.135
2022-04-13T05:57:56,40173.99,3064.82,104.64,0.2367,14.97,58.2,17.98,86.21,5.584,155.16,0.5227,0.02141,0.006256,2.058,1.468,2.081,1.434,3.647,159.69,12.28,0.8119,1.514,0.5466,2.241,419.78,0.9599,48.19,0.7195,12.16,2.698e-05,0.2029,2.826,1.178,2.163,0.1934,7.927,0.4722,8.134
2022-04-13T05:58:26,40158.51,3064.17,104.59,0.2367,14.97,58.3,17.98,86.18,5.589,155.18,0.5227,0.02142,0.006256,2.058,1.468,2.081,1.435,3.648,159.69,12.28,0.8077,1.509,0.5466,2.242,419.91,0.9594,48.19,0.7199,12.16,2.7e-05,0.2029,2.825,1.178,2.163,0.1933,7.925,0.4722,8.13
2022-04-13T05:58:56,40160.55,3063.84,104.59,0.2366,14.97,58.3,17.97,86.12,5.591,155.17,0.5227,0.02141,0.006258,2.058,1.468,2.081,1.434,3.648,159.66,12.28,0.8077,1.506,0.5466,2.242,419.83,0.9595,48.17,0.72,12.16,2.7e-05,0.2029,2.825,1.178,2.163,0.1934,7.92,0.4722,8.131
2022-04-13T05:59:26,40167.9,3064.54,104.6,0.2368,14.97,58.2,17.98,86.14,5.59,155.27,0.5227,0.02141,0.006258,2.058,1.468,2.081,1.434,3.65,159.68,12.28,0.8077,1.506,0.5466,2.242,419.85,0.9598,48.11,0.7203,12.14,2.699e-05,0.2028,2.825,1.178,2.163,0.1933,7.921,0.4722,8.131
2022-04-13T05:59:56,40172.75,3064.35,104.6,0.2368,14.97,58.4,17.98,86.17,5.587,155.26,0.5226,0.02141,0.006258,2.061,1.468,2.081,1.435,3.651,159.73,12.28,0.8078,1.504,0.5466,2.242,419.7,0.9596,48.09,0.7203,12.16,2.702e-05,0.2028,2.825,1.178,2.163,0.1934,7.924,0.472,8.132
2022-04-13T06:00:26,40182.26,3064.32,104.61,0.2369,14.88,58.4,17.98,86.19,5.59,155.34,0.5219,0.02142,0.006258,2.059,1.468,2.081,1.434,3.651,159.87,12.28,0.8078,1.504,0.5466,2.242,419.74,0.9605,48.09,0.7203,12.16,2.699e-05,0.2028,2.827,1.178,2.164,0.1934,7.924,0.4728,8.137
2022-04-13T06:00:56,40186.79,3065.62,104.67,0.2372,14.89,58.4,17.98,86.23,5.591,155.38,0.5219,0.02143,0.006258,2.059,1.468,2.082,1.436,3.65,159.91,12.3,0.8078,1.504,0.5466,2.243,419.82,0.9601,48.09,0.7204,12.16,2.708e-05,0.2028,2.828,1.179,2.164,0.1934,7.928,0.4728,8.132
2022-04-13T06:01:26,40190,3065.74,104.68,0.2372,14.89,58.4,17.98,86.26,5.593,155.4,0.5219,0.02146,0.006258,2.059,1.468,2.082,1.436,3.651,159.89,12.3,0.8078,1.504,0.5466,2.243,419.99,0.96,48.09,0.7205,12.14,2.709e-05,0.2028,2.828,1.18,2.165,0.1934,7.928,0.4732,8.137
2022-04-13T06:01:56,40193.66,3064.87,104.7,0.2372,14.89,58.4,17.98,86.27,5.59,155.46,0.5219,0.02144,0.006264,2.059,1.468,2.082,1.436,3.652,159.89,12.3,0.8085,1.504,0.5466,2.243,420,0.9601,48.07,0.7206,12.14,2.707e-05,0.2028,2.827,1.18,2.165,0.1934,7.93,0.4728,8.142
2022-04-13T06:02:26,40205.14,3065.66,104.7,0.2373,14.89,58.4,17.98,86.29,5.591,155.4,0.5219,0.02144,0.006267,2.059,1.468,2.083,1.436,3.651,159.89,12.3,0.8085,1.504,0.5466,2.242,420.02,0.9599,48.08,0.7206,12.14,2.704e-05,0.2029,2.827,1.181,2.166,0.1934,7.926,0.4724,8.139
2022-04-13T06:02:56,40216.96,3067.28,104.72,0.2374,14.89,58.4,17.98,86.37,5.592,155.46,0.5215,0.02146,0.006267,2.062,1.468,2.083,1.437,3.652,159.87,12.3,0.8085,1.508,0.5466,2.243,420.13,0.9601,48.08,0.7209,12.16,2.705e-05,0.203,2.827,1.181,2.166,0.1934,7.928,0.4728,8.14
2022-04-13T06:03:26,40220.28,3067.38,104.77,0.2376,14.89,58.4,17.98,86.43,5.598,155.45,0.5215,0.02146,0.006267,2.062,1.468,2.083,1.438,3.658,159.87,12.3,0.8085,1.512,0.5466,2.243,420.13,0.96,48.06,0.7209,12.16,2.704e-05,0.203,2.825,1.181,2.165,0.1934,7.928,0.4728,8.139
2022-04-13T06:03:56,40216.39,3066.31,104.73,0.2375,14.89,58.5,17.98,86.35,5.591,155.33,0.5259,0.02145,0.006288,2.062,1.469,2.082,1.437,3.658,159.83,12.26,0.8085,1.511,0.5466,2.242,419.99,0.9597,48.04,0.7205,12.12,2.695e-05,0.2028,2.823,1.181,2.164,0.1934,7.924,0.4727,8.147
2022-04-13T06:04:26,40191.19,3063.4,104.56,0.2372,14.89,58.7,17.96,86.27,5.591,155.17,0.5256,0.02139,0.006288,2.063,1.469,2.081,1.433,3.655,159.75,12.26,0.8085,1.509,0.5466,2.239,419.72,0.9596,47.99,0.7202,12.11,2.699e-05,0.2025,2.822,1.18,2.163,0.1933,7.923,0.4721,8.142
2022-04-13T06:04:56,40192.96,3063.48,104.57,0.2372,14.88,58.7,17.96,86.24,5.588,155.16,0.526,0.0214,0.006288,2.063,1.469,2.081,1.433,3.655,159.65,12.26,0.8085,1.509,0.5466,2.238,419.64,0.9593,47.97,0.7202,12.12,2.697e-05,0.2025,2.821,1.18,2.163,0.1933,7.923,0.472,8.14
2022-04-13T06:05:26,40180.29,3062.32,104.53,0.2371,14.88,58.7,17.94,86.17,5.59,155.12,0.526,0.02135,0.006288,2.063,1.467,2.081,1.432,3.655,159.5,12.26,0.8085,1.509,0.5466,2.237,419.33,0.9591,47.97,0.7197,12.12,2.697e-05,0.2025,2.819,1.179,2.162,0.1932,7.913,0.472,8.139
2022-04-13T06:05:56,40155.72,3062.47,104.52,0.2374,14.84,58.5,17.94,86.15,5.588,155,0.5253,0.02133,0.006288,2.063,1.467,2.079,1.432,3.645,159.39,12.26,0.8055,1.509,0.5466,2.236,419.39,0.9589,47.99,0.7196,12.12,2.695e-05,0.2026,2.818,1.179,2.162,0.1932,7.912,0.472,8.137
2022-04-13T06:06:26,40159.57,3062.95,104.4,0.2374,14.84,58.5,17.94,86.16,5.586,155.03,0.5253,0.02134,0.00625,2.063,1.467,2.079,1.431,3.647,159.41,12.26,0.8055,1.509,0.5466,2.237,419.25,0.9596,47.98,0.7199,12.12,2.698e-05,0.2026,2.818,1.179,2.162,0.1932,7.913,0.4724,8.137
2022-04-13T06:06:56,40138.24,3060.51,104.28,0.2375,14.84,58.3,17.94,86.06,5.583,154.93,0.5253,0.02132,0.00625,2.063,1.468,2.078,1.432,3.645,159.38,12.26,0.8055,1.507,0.5466,2.235,419.25,0.9589,47.95,0.7198,12.13,2.697e-05,0.2026,2.819,1.178,2.162,0.1932,7.913,0.472,8.138
2022-04-13T06:07:26,40136.72,3060.1,104.23,0.2375,14.84,58.3,17.93,86.03,5.578,154.82,0.5253,0.02138,0.00625,2.063,1.466,2.078,1.431,3.643,159.27,12.26,0.8055,1.507,0.5466,2.234,419.18,0.9583,47.93,0.7197,12.1,2.696e-05,0.2026,2.818,1.178,2.161,0.1931,7.906,0.472,8.137
2022-04-13T06:07:56,40144.07,3060.82,104.29,0.2376,14.84,58.3,17.93,86.01,5.584,154.87,0.5252,0.02143,0.00625,2.064,1.466,2.079,1.431,3.649,159.32,12.26,0.8055,1.507,0.5466,2.235,419.14,0.9584,47.93,0.7196,12.1,2.699e-05,0.2023,2.819,1.177,2.161,0.1932,7.906,0.4718,8.126
2022-04-13T06:08:26,40156.03,3062.25,104.38,0.2377,14.84,58.3,17.94,86.06,5.58,154.84,0.5214,0.02143,0.00625,2.064,1.466,2.079,1.432,3.646,159.31,12.26,0.8049,1.507,0.5466,2.236,419.39,0.9589,47.95,0.7198,12.1,2.703e-05,0.2024,2.82,1.178,2.162,0.1932,7.905,0.4722,8.129
2022-04-13T06:08:56,40163.22,3062.29,104.3,0.2378,14.83,58.3,17.94,86.05,5.584,154.91,0.5223,0.02144,0.006237,2.064,1.466,2.08,1.433,3.646,159.34,12.26,0.8049,1.506,0.5466,2.235,419.61,0.9589,47.96,0.72,12.1,2.705e-05,0.2024,2.82,1.178,2.163,0.1932,7.904,0.4722,8.133
2022-04-13T06:09:26,40153.56,3061.65,104.26,0.2377,14.83,58.4,17.94,86,5.581,154.9,0.5223,0.02142,0.006237,2.064,1.466,2.079,1.432,3.65,159.13,12.26,0.8049,1.506,0.5466,2.235,419.36,0.9587,47.93,0.7196,12.1,2.702e-05,0.2024,2.819,1.177,2.162,0.1932,7.9,0.4718,8.132
2022-04-13T06:09:56,40145.14,3061.24,104.25,0.2373,14.79,58.4,17.93,85.94,5.581,154.91,0.521,0.02142,0.006222,2.064,1.466,2.079,1.43,3.647,159.05,12.26,0.8049,1.506,0.5466,2.235,419.14,0.9586,47.93,0.7199,12.1,2.702e-05,0.2024,2.818,1.177,2.162,0.1932,7.898,0.4719,8.136
2022-04-13T06:10:26,40142.37,3060.49,104.25,0.2373,14.84,58.4,17.93,85.94,5.584,154.95,0.521,0.02142,0.006222,2.064,1.467,2.079,1.431,3.649,159.05,12.26,0.8049,1.506,0.5466,2.234,419.14,0.9588,47.93,0.7201,12.09,2.701e-05,0.2024,2.818,1.176,2.161,0.1932,7.898,0.4721,8.136
2022-04-13T06:10:56,40141.98,3060.71,104.25,0.2374,14.84,58.4,17.94,85.97,5.558,154.93,0.521,0.02143,0.006222,2.064,1.467,2.079,1.431,3.65,159.12,12.26,0.8049,1.505,0.5466,2.234,419.07,0.9586,47.96,0.7201,12.09,2.7e-05,0.2024,2.818,1.177,2.161,0.1932,7.897,0.4721,8.135
2022-04-13T06:11:26,40153.61,3061.27,104.31,0.2374,14.92,58.4,17.94,86.03,5.556,155.01,0.521,0.02144,0.006222,2.063,1.467,2.08,1.432,3.648,159.11,12.26,0.8049,1.502,0.5466,2.235,419.14,0.9586,48,0.7201,12.07,2.699e-05,0.2024,2.821,1.177,2.161,0.1933,7.897,0.4722,8.137
2022-04-13T06:11:56,40142.98,3060.8,104.25,0.2375,14.93,58.4,17.93,85.98,5.552,154.97,0.521,0.02143,0.006222,2.063,1.466,2.079,1.431,3.648,159.08,12.26,0.8049,1.502,0.5466,2.235,419.11,0.9589,47.98,0.7203,12.07,2.695e-05,0.2024,2.819,1.176,2.161,0.1933,7.897,0.4722,8.138
2022-04-13T06:12:26,40147,3060.84,104.25,0.2375,14.97,58.4,17.93,85.98,5.545,155.02,0.5211,0.02143,0.006223,2.063,1.466,2.079,1.431,3.65,159.13,12.26,0.8038,1.502,0.5466,2.234,419.11,0.9588,48,0.7202,12.08,2.685e-05,0.2023,2.82,1.176,2.161,0.1933,7.901,0.472,8.137
2022-04-13T06:12:56,40144.44,3060.76,104.31,0.2376,15.01,58.4,17.92,85.98,5.545,155,0.5211,0.02142,0.006223,2.063,1.466,2.079,1.431,3.65,159.14,12.31,0.8038,1.502,0.5466,2.235,418.89,0.959,48,0.7202,12.08,2.69e-05,0.2023,2.821,1.176,2.161,0.1933,7.902,0.4723,8.133
2022-04-13T06:13:26,40154.9,3061.17,104.35,0.2378,15.01,58.4,17.93,85.99,5.543,154.97,0.5211,0.02143,0.006223,2.064,1.466,2.08,1.432,3.652,159.2,12.31,0.8038,1.502,0.5466,2.236,419,0.9589,47.98,0.7204,12.14,2.692e-05,0.2023,2.821,1.176,2.161,0.1933,7.907,0.4731,8.138
2022-04-13T06:13:56,40151.55,3061.1,104.35,0.2377,15.01,58.5,17.93,86,5.542,154.99,0.5211,0.02144,0.006223,2.064,1.466,2.08,1.432,3.654,159.15,12.3,0.8045,1.501,0.5466,2.236,419.1,0.9596,48.02,0.7203,12.15,2.691e-05,0.2023,2.821,1.177,2.161,0.1933,7.904,0.4731,8.134
2022-04-13T06:14:26,40153.7,3060.5,104.34,0.2377,15.01,58.5,17.92,85.98,5.542,154.96,0.5211,0.02142,0.006223,2.065,1.466,2.08,1.431,3.656,159.13,12.3,0.8045,1.502,0.5466,2.235,419.12,0.9596,48,0.7201,12.2,2.69e-05,0.2023,2.82,1.177,2.161,0.1933,7.905,0.4732,8.133
2022-04-13T06:14:56,40148.55,3060.73,104.28,0.2377,15.01,58.3,17.93,85.96,5.542,154.89,0.5211,0.02144,0.006223,2.065,1.466,2.076,1.431,3.658,159.11,12.3,0.8045,1.502,0.5466,2.234,419.11,0.9596,47.98,0.7202,12.21,2.686e-05,0.2023,2.819,1.177,2.161,0.1933,7.9,0.4735,8.132
2022-04-13T06:15:26,40149.24,3061.02,104.33,0.2377,15.01,58.5,17.93,85.95,5.54,154.9,0.5211,0.02142,0.006223,2.065,1.466,2.077,1.431,3.658,159.06,12.3,0.8045,1.502,0.5466,2.235,419.03,0.9592,47.98,0.7201,12.21,2.687e-05,0.2023,2.819,1.177,2.161,0.1933,7.897,0.4736,8.132
2022-04-13T06:15:56,40140.34,3060.21,104.25,0.2373,15.01,58.6,17.92,85.9,5.544,154.98,0.5211,0.02142,0.006223,2.065,1.466,2.076,1.43,3.653,158.99,12.3,0.8025,1.499,0.5466,2.235,418.89,0.959,47.97,0.7197,12.21,2.683e-05,0.2021,2.817,1.176,2.16,0.1932,7.892,0.4735,8.137
2022-04-13T06:16:26,40143.37,3060.79,104.32,0.2372,15.18,58.6,17.92,85.88,5.544,154.94,0.5211,0.0214,0.006223,2.065,1.465,2.076,1.431,3.652,158.98,12.3,0.8025,1.5,0.5466,2.235,418.86,0.9588,47.97,0.7197,12.22,2.681e-05,0.2021,2.818,1.176,2.16,0.1932,7.891,0.4743,8.137
2022-04-13T06:16:56,40145.27,3060.85,104.32,0.2372,15.18,58.6,17.92,85.87,5.544,154.9,0.5211,0.02141,0.006223,2.065,1.465,2.076,1.431,3.652,159,12.34,0.8025,1.5,0.5466,2.235,418.85,0.9589,47.95,0.7196,12.22,2.682e-05,0.2021,2.818,1.176,2.161,0.1932,7.893,0.4745,8.137
2022-04-13T06:17:26,40149.41,3061.12,104.35,0.2373,15.18,58.6,17.92,85.9,5.54,154.89,0.5211,0.0214,0.006223,2.064,1.465,2.083,1.432,3.653,158.96,12.34,0.8025,1.5,0.5466,2.235,418.78,0.959,47.96,0.7197,12.22,2.683e-05,0.2021,2.818,1.176,2.161,0.1932,7.896,0.4753,8.138
2022-04-13T06:17:56,40141.82,3060.01,104.29,0.237,15.18,58.6,17.92,85.89,5.531,154.89,0.5211,0.0214,0.006223,2.064,1.465,2.082,1.431,3.654,158.92,12.34,0.8025,1.5,0.5466,2.232,418.86,0.9591,47.96,0.7196,12.22,2.688e-05,0.2021,2.818,1.176,2.161,0.1932,7.891,0.4753,8.136
2022-04-13T06:18:26,40133.65,3059,104.22,0.2369,15.18,58.6,17.9,85.87,5.527,154.85,0.5211,0.02138,0.006223,2.061,1.464,2.082,1.43,3.654,158.95,12.34,0.8025,1.501,0.5466,2.233,418.73,0.9589,47.97,0.7194,12.16,2.689e-05,0.2021,2.814,1.175,2.16,0.1932,7.885,0.4752,8.132
2022-04-13T06:18:56,40121.55,3057.97,104.15,0.2369,15.16,58.6,17.9,85.84,5.524,154.85,0.5211,0.02135,0.006223,2.061,1.464,2.081,1.43,3.651,158.88,12.34,0.8025,1.501,0.5466,2.232,418.56,0.9583,47.94,0.7191,12.16,2.687e-05,0.2021,2.811,1.174,2.16,0.1931,7.878,0.4753,8.13
2022-04-13T06:19:26,40126.22,3058.29,104.13,0.237,15.16,58.5,17.9,85.82,5.523,154.8,0.5204,0.02133,0.006223,2.061,1.464,2.082,1.43,3.649,158.88,12.34,0.8039,1.501,0.5466,2.233,418.61,0.9584,47.96,0.7191,12.19,2.686e-05,0.202,2.812,1.174,2.159,0.1931,7.878,0.475,8.128
2022-04-13T06:19:56,40125.37,3058.68,104.15,0.237,15.12,58.5,17.9,85.82,5.522,154.77,0.5204,0.02133,0.006223,2.061,1.463,2.082,1.43,3.649,158.89,12.34,0.8011,1.501,0.5466,2.232,418.73,0.9588,47.93,0.7192,12.2,2.686e-05,0.202,2.812,1.174,2.159,0.1931,7.876,0.4751,8.125
2022-04-13T06:20:26,40126.08,3058.56,104.09,0.237,15.12,58.5,17.91,85.82,5.526,154.79,0.5204,0.02133,0.006223,2.061,1.463,2.082,1.431,3.641,158.88,12.34,0.8011,1.501,0.5466,2.231,418.71,0.9588,47.91,0.7192,12.19,2.689e-05,0.202,2.811,1.174,2.159,0.1931,7.874,0.4752,8.127
2022-04-13T06:20:56,40118.41,3057.4,104.04,0.2368,15.12,58.4,17.91,85.78,5.519,154.7,0.5204,0.02132,0.006223,2.061,1.462,2.082,1.429,3.631,158.81,12.34,0.8011,1.5,0.5466,2.23,418.59,0.9583,47.96,0.7192,12.19,2.688e-05,0.202,2.809,1.173,2.158,0.1931,7.872,0.4748,8.128
2022-04-13T06:21:26,40109.07,3056.8,104.06,0.2368,15.12,58.4,17.91,85.81,5.526,154.69,0.5204,0.02132,0.006223,2.061,1.463,2.081,1.43,3.635,158.81,12.34,0.8011,1.503,0.5466,2.231,418.66,0.9583,47.96,0.7191,12.19,2.69e-05,0.2018,2.81,1.174,2.158,0.193,7.871,0.4749,8.125
2022-04-13T06:21:56,40108.09,3056.97,104,0.2369,15.12,58.5,17.9,85.8,5.524,154.75,0.5215,0.02135,0.006223,2.061,1.463,2.081,1.432,3.635,158.84,12.3,0.8011,1.501,0.5466,2.231,418.68,0.9584,47.96,0.7193,12.21,2.691e-05,0.2018,2.811,1.174,2.158,0.193,7.872,0.4749,8.121
2022-04-13T06:22:26,40112.51,3057.25,104.04,0.237,15.12,58.5,17.91,85.84,5.519,154.85,0.5203,0.02134,0.006223,2.064,1.463,2.081,1.432,3.635,159,12.3,0.8011,1.501,0.5466,2.231,418.67,0.959,47.96,0.7193,12.25,2.692e-05,0.2018,2.811,1.174,2.158,0.193,7.875,0.4742,8.127
2022-04-13T06:22:56,40107.76,3057.21,103.98,0.2367,15.15,58.5,17.91,85.83,5.523,154.83,0.5203,0.02134,0.006223,2.064,1.463,2.081,1.432,3.631,159.04,12.3,0.8051,1.501,0.5466,2.231,418.65,0.9589,47.97,0.7192,12.25,2.691e-05,0.2018,2.811,1.173,2.158,0.193,7.873,0.4732,8.127
2022-04-13T06:23:26,40112.7,3056.9,104.01,0.2366,15.15,58.5,17.89,85.83,5.522,154.85,0.5201,0.02133,0.006223,2.064,1.463,2.081,1.432,3.63,159.01,12.3,0.8051,1.5,0.5466,2.23,418.63,0.959,47.97,0.7191,12.29,2.689e-05,0.2018,2.81,1.173,2.158,0.193,7.872,0.4733,8.128
2022-04-13T06:23:56,40111.68,3056.85,104.02,0.2366,15.08,58.5,17.89,85.85,5.518,154.78,0.5201,0.02133,0.006224,2.064,1.463,2.081,1.431,3.632,159.01,12.3,0.8018,1.501,0.5466,2.231,418.67,0.959,48.01,0.7191,12.26,2.685e-05,0.2018,2.811,1.173,2.158,0.1931,7.874,0.4725,8.126
2022-04-13T06:24:26,40103.47,3056.89,104.02,0.2363,15.13,58.5,17.89,85.85,5.527,154.81,0.5201,0.02134,0.006224,2.064,1.463,2.081,1.431,3.632,158.99,12.3,0.8018,1.501,0.5466,2.23,418.71,0.9585,48.02,0.719,12.26,2.684e-05,0.2018,2.811,1.174,2.158,0.1931,7.874,0.4723,8.121
2022-04-13T06:24:56,40094.94,3056.4,103.93,0.2361,15.13,58.4,17.89,85.79,5.529,154.68,0.5201,0.0213,0.006224,2.064,1.463,2.074,1.431,3.627,158.93,12.44,0.8018,1.499,0.5466,2.231,418.71,0.9585,48.03,0.7188,12.28,2.679e-05,0.2018,2.81,1.173,2.158,0.193,7.875,0.4721,8.125
2022-04-13T06:25:26,40090.97,3055.45,103.87,0.2361,15.13,58.4,17.88,85.73,5.528,154.6,0.5201,0.02127,0.006224,2.064,1.463,2.074,1.431,3.627,158.84,12.44,0.8018,1.499,0.5466,2.23,418.59,0.9587,48.02,0.7185,12.28,2.677e-05,0.2018,2.809,1.173,2.157,0.193,7.87,0.4718,8.126
2022-04-13T06:25:56,40090.91,3055.55,103.82,0.236,15.13,58.4,17.89,85.74,5.521,154.54,0.5189,0.02129,0.006224,2.064,1.463,2.074,1.43,3.623,158.78,12.44,0.8014,1.498,0.5466,2.23,418.54,0.9588,47.98,0.7186,12.3,2.676e-05,0.2018,2.811,1.172,2.157,0.1929,7.87,0.4717,8.126
2022-04-13T06:26:26,40100.04,3055.92,103.97,0.2363,15.13,58.5,17.89,85.8,5.521,154.62,0.5184,0.02128,0.006224,2.064,1.463,2.075,1.432,3.621,158.71,12.5,0.8014,1.498,0.5466,2.231,418.47,0.9588,47.94,0.7192,12.3,2.678e-05,0.2018,2.812,1.173,2.157,0.193,7.87,0.4718,8.126
2022-04-13T06:26:56,40102.4,3056.71,103.94,0.2362,15.13,58.4,17.89,85.82,5.523,154.62,0.5184,0.0213,0.006215,2.064,1.463,2.075,1.432,3.626,158.62,12.5,0.8014,1.498,0.5466,2.232,418.51,0.9586,47.94,0.7193,12.3,2.679e-05,0.2018,2.812,1.173,2.158,0.193,7.869,0.4718,8.124
2022-04-13T06:27:26,40098.88,3056.72,103.96,0.2362,15.13,58.4,17.89,85.88,5.528,154.66,0.5184,0.0213,0.006215,2.064,1.463,2.074,1.432,3.632,158.7,12.5,0.8014,1.498,0.5466,2.232,418.63,0.959,47.95,0.7193,12.3,2.68e-05,0.2019,2.812,1.174,2.158,0.193,7.874,0.4718,8.123
2022-04-13T06:27:56,40101.26,3056.44,103.94,0.236,15.13,58.4,17.89,85.87,5.531,154.65,0.5189,0.02128,0.006215,2.064,1.463,2.074,1.432,3.628,158.69,12.5,0.8014,1.498,0.5466,2.232,418.65,0.9591,47.94,0.7193,12.31,2.682e-05,0.202,2.812,1.174,2.158,0.193,7.872,0.4721,8.123
2022-04-13T06:28:26,40091.43,3056.01,103.94,0.236,15.13,58.5,17.88,85.91,5.531,154.64,0.5195,0.02126,0.006215,2.064,1.463,2.074,1.433,3.626,158.7,12.5,0.8008,1.5,0.5466,2.232,418.68,0.9594,47.92,0.7191,12.31,2.682e-05,0.202,2.813,1.174,2.158,0.193,7.873,0.4722,8.123
2022-04-13T06:28:56,40091.28,3055.95,103.94,0.236,15.13,58.4,17.87,85.92,5.531,154.66,0.5195,0.02128,0.006215,2.064,1.463,2.074,1.434,3.626,158.73,12.5,0.8008,1.5,0.5466,2.232,418.82,0.9592,47.91,0.7191,12.31,2.691e-05,0.202,2.814,1.174,2.158,0.193,7.873,0.4723,8.134
2022-04-13T06:29:26,40087.91,3055.84,104.04,0.236,15.13,58.4,17.87,85.96,5.528,154.67,0.52,0.02127,0.006215,2.064,1.464,2.074,1.433,3.624,158.75,12.5,0.8008,1.498,0.5466,2.232,418.8,0.9591,47.91,0.719,12.31,2.692e-05,0.2021,2.814,1.174,2.158,0.193,7.874,0.4723,8.133
2022-04-13T06:29:56,40078.79,3055.64,104.02,0.2359,15.13,58.4,17.87,85.96,5.532,154.56,0.52,0.02127,0.006215,2.064,1.464,2.073,1.432,3.625,158.68,12.5,0.8009,1.498,0.5466,2.231,418.95,0.9584,47.91,0.7188,12.31,2.691e-05,0.2021,2.813,1.174,2.158,0.193,7.876,0.4723,8.135
2022-04-13T06:30:26,40079.34,3055.02,104.03,0.2358,15.13,58.5,17.87,85.96,5.531,154.55,0.52,0.02125,0.006215,2.064,1.463,2.073,1.432,3.625,158.7,12.5,0.8009,1.498,0.5466,2.23,419.03,0.9586,47.91,0.7189,12.31,2.693e-05,0.2021,2.813,1.174,2.157,0.193,7.876,0.472,8.136
2022-04-13T06:30:56,40084.46,3056.47,104,0.2358,15.13,58.5,17.88,85.97,5.545,154.58,0.52,0.02124,0.006215,2.064,1.463,2.074,1.433,3.621,158.67,12.5,0.8009,1.498,0.5466,2.232,419.3,0.9588,47.97,0.719,12.31,2.693e-05,0.202,2.813,1.174,2.157,0.1931,7.871,0.4721,8.137
2022-04-13T06:31:26,40085.52,3056.25,104.07,0.2358,15.13,58.5,17.88,86.06,5.547,154.66,0.5199,0.02125,0.006218,2.064,1.464,2.074,1.433,3.626,158.68,12.74,0.8009,1.497,0.5466,2.232,419.44,0.9591,47.97,0.719,12.29,2.696e-05,0.202,2.814,1.175,2.157,0.193,7.87,0.4719,8.136
2022-04-13T06:31:56,40084.41,3054.91,104,0.2357,15.13,58.5,17.87,85.99,5.539,154.63,0.5194,0.02125,0.006218,2.064,1.461,2.074,1.432,3.631,158.68,12.74,0.8009,1.497,0.5466,2.231,419.41,0.9587,47.95,0.7188,12.28,2.697e-05,0.202,2.813,1.174,2.157,0.193,7.871,0.4716,8.137
2022-04-13T06:32:26,40081.13,3054.86,103.97,0.2353,15.08,58.5,17.87,85.88,5.546,154.59,0.5194,0.02123,0.006218,2.064,1.461,2.073,1.432,3.624,158.52,12.74,0.8009,1.492,0.5466,2.229,419.02,0.9578,47.89,0.7185,12.35,2.696e-05,0.202,2.812,1.173,2.155,0.1928,7.868,0.471,8.137
2022-04-13T06:32:56,40081.56,3055.24,103.98,0.2355,15.08,58.5,17.87,85.86,5.545,154.6,0.5194,0.02124,0.006218,2.064,1.462,2.073,1.432,3.624,158.41,12.74,0.8009,1.493,0.5466,2.23,418.97,0.9576,47.9,0.7185,12.35,2.694e-05,0.2017,2.812,1.174,2.155,0.1928,7.868,0.4712,8.136
2022-04-13T06:33:26,40081.69,3055.77,103.98,0.2356,15.08,58.5,17.86,85.87,5.548,154.6,0.5194,0.02123,0.006218,2.064,1.462,2.073,1.432,3.619,158.11,12.74,0.8009,1.493,0.5466,2.23,419.08,0.9581,47.91,0.7186,12.37,2.689e-05,0.2017,2.812,1.174,2.156,0.1928,7.87,0.4713,8.137
2022-04-13T06:33:56,40082.09,3054.77,103.98,0.2354,15.08,58.5,17.86,85.8,5.549,154.57,0.5194,0.02125,0.006218,2.064,1.462,2.073,1.432,3.623,158.1,12.74,0.8009,1.493,0.5466,2.231,419.13,0.9582,47.91,0.7184,12.37,2.69e-05,0.2017,2.812,1.174,2.156,0.1928,7.867,0.4712,8.132
2022-04-13T06:34:26,40078.15,3054.8,103.94,0.2353,15.08,58.5,17.84,85.78,5.54,154.48,0.5184,0.02123,0.006219,2.065,1.461,2.073,1.431,3.624,158.13,12.74,0.8009,1.492,0.5466,2.23,419.11,0.9575,47.89,0.7182,12.37,2.688e-05,0.2018,2.812,1.174,2.155,0.1927,7.865,0.4712,8.137
2022-04-13T06:34:56,40075.09,3053.81,103.93,0.2353,15.07,58.3,17.84,85.74,5.545,154.42,0.5184,0.02122,0.006192,2.065,1.461,2.073,1.429,3.62,158.1,12.74,0.8011,1.492,0.5466,2.23,418.89,0.9574,47.88,0.7179,12.43,2.684e-05,0.2018,2.812,1.173,2.155,0.1927,7.858,0.471,8.136
2022-04-13T06:35:26,40072.22,3053.18,103.93,0.2352,15.05,58.3,17.85,85.75,5.538,154.41,0.518,0.02122,0.006177,2.068,1.461,2.073,1.429,3.62,158.04,12.74,0.8011,1.491,0.5466,2.228,418.92,0.9578,47.87,0.7172,12.4,2.683e-05,0.2018,2.805,1.173,2.154,0.1927,7.862,0.4709,8.136
2022-04-13T06:35:56,40062.06,3053.46,103.82,0.2351,15.05,58.3,17.86,85.75,5.538,154.38,0.5177,0.0212,0.006177,2.068,1.461,2.072,1.429,3.617,158.01,12.74,0.8011,1.488,0.5466,2.227,418.78,0.9579,47.78,0.7171,12.4,2.684e-05,0.2018,2.813,1.172,2.153,0.1926,7.855,0.4708,8.135
2022-04-13T06:36:26,40077.23,3053.33,103.82,0.2353,15.05,58.1,17.87,85.79,5.543,154.38,0.5178,0.02121,0.006177,2.068,1.461,2.076,1.429,3.619,158.01,12.71,0.8023,1.488,0.5466,2.228,418.79,0.9577,47.78,0.7171,12.38,2.686e-05,0.2018,2.812,1.172,2.153,0.1926,7.854,0.4712,8.131
2022-04-13T06:36:56,40092.37,3055.54,104.01,0.2355,15.05,58.1,17.89,85.93,5.543,154.57,0.5178,0.02125,0.006177,2.068,1.461,2.077,1.431,3.624,158.08,12.71,0.8056,1.488,0.5466,2.231,419.11,0.9589,47.8,0.7172,12.4,2.69e-05,0.2017,2.814,1.174,2.155,0.1927,7.867,0.4718,8.137
2022-04-13T06:37:26,40122.34,3057.24,104.26,0.2356,15.05,58.2,17.91,86.04,5.551,154.68,0.5178,0.0213,0.006177,2.066,1.462,2.079,1.432,3.629,158.13,12.71,0.8056,1.494,0.5466,2.233,419.32,0.9588,47.8,0.717,12.44,2.693e-05,0.2017,2.817,1.175,2.156,0.1927,7.875,0.4722,8.139
2022-04-13T06:37:56,40129.17,3057.96,104.25,0.2354,15.05,58.2,17.91,86.07,5.543,154.84,0.5178,0.0213,0.006177,2.066,1.463,2.076,1.433,3.631,158.27,12.71,0.8056,1.494,0.5466,2.232,419.44,0.9598,47.84,0.7174,12.45,2.694e-05,0.2017,2.815,1.176,2.156,0.1929,7.884,0.4723,8.14
2022-04-13T06:38:26,40128.5,3058.36,104.28,0.2354,15.07,58.2,17.92,86.05,5.551,154.82,0.5177,0.02128,0.006177,2.066,1.462,2.076,1.434,3.631,158.28,12.71,0.8011,1.494,0.5466,2.233,419.6,0.9598,47.84,0.7169,12.47,2.695e-05,0.2017,2.817,1.176,2.157,0.1929,7.887,0.4723,8.14
2022-04-13T06:38:56,40124.12,3058.69,104.23,0.2355,15.07,58.1,17.92,86.09,5.546,154.82,0.5177,0.02128,0.006204,2.066,1.463,2.081,1.433,3.631,158.29,12.71,0.8011,1.49,0.5466,2.233,419.64,0.9597,47.82,0.7167,12.46,2.695e-05,0.2022,2.817,1.176,2.158,0.1928,7.886,0.4727,8.145
2022-04-13T06:39:26,40119.61,3058.43,104.23,0.2356,15.07,58.1,17.92,86.09,5.542,154.73,0.5181,0.02128,0.006204,2.066,1.463,2.082,1.433,3.637,158.2,12.63,0.8011,1.492,0.5466,2.235,419.47,0.9595,47.8,0.7161,12.46,2.694e-05,0.2022,2.816,1.176,2.157,0.1928,7.879,0.473,8.14
2022-04-13T06:39:56,40113.02,3057.46,104.19,0.2356,15.07,58.1,17.91,86.07,5.537,154.68,0.5184,0.02127,0.006204,2.066,1.463,2.081,1.432,3.637,158.17,12.63,0.8011,1.492,0.5466,2.234,419.5,0.9595,47.8,0.7159,12.46,2.696e-05,0.2022,2.814,1.176,2.157,0.1927,7.876,0.4728,8.14
2022-04-13T06:40:26,40115.45,3058.3,104.2,0.2356,15.07,58.1,17.92,86.1,5.543,154.81,0.5184,0.02125,0.006204,2.068,1.462,2.081,1.432,3.634,158.16,12.63,0.8012,1.492,0.5466,2.235,419.53,0.9591,47.83,0.716,12.47,2.702e-05,0.2022,2.817,1.176,2.156,0.1927,7.875,0.4728,8.149
2022-04-13T06:40:56,40119.98,3059.39,104.26,0.2357,15.07,58.1,17.92,86.11,5.539,154.81,0.5187,0.02125,0.006204,2.068,1.463,2.081,1.432,3.633,158.22,12.63,0.8012,1.492,0.5466,2.236,419.52,0.9597,47.89,0.7157,12.42,2.704e-05,0.2022,2.816,1.176,2.157,0.1927,7.877,0.4727,8.158
2022-04-13T06:41:26,40119.75,3059.85,104.24,0.2359,15.07,58.1,17.92,86.11,5.54,154.81,0.5187,0.02125,0.006148,2.068,1.463,2.081,1.432,3.633,158.25,12.63,0.8025,1.492,0.5466,2.234,419.68,0.9592,47.88,0.7153,12.4,2.704e-05,0.2023,2.816,1.176,2.157,0.1927,7.881,0.473,8.154
2022-04-13T06:41:56,40119.57,3059.76,104.24,0.2358,15.07,58.1,17.92,86.1,5.538,154.81,0.5187,0.02125,0.006148,2.068,1.463,2.081,1.432,3.633,158.25,12.63,0.8025,1.492,0.5466,2.234,419.67,0.9597,47.88,0.7153,12.38,2.715e-05,0.2023,2.815,1.176,2.157,0.1928,7.885,0.4733,8.157
2022-04-13T06:42:26,40122.06,3058.96,104.27,0.2358,15.07,58.1,17.92,86.11,5.539,154.84,0.5186,0.02123,0.006147,2.068,1.463,2.081,1.433,3.633,158.23,12.63,0.8025,1.492,0.5466,2.234,419.73,0.9598,47.88,0.7155,12.33,2.72e-05,0.2023,2.815,1.176,2.157,0.1928,7.889,0.4733,8.157
2022-04-13T06:42:56,40119.2,3058.85,104.29,0.2358,15.07,58.1,17.92,86.11,5.542,154.82,0.5186,0.02125,0.006148,2.068,1.463,2.081,1.432,3.633,158.19,12.63,0.8025,1.491,0.5466,2.234,419.77,0.9596,47.87,0.7155,12.36,2.717e-05,0.2023,2.815,1.176,2.158,0.1927,7.89,0.4735,8.151
2022-04-13T06:43:26,40109.9,3058.44,104.29,0.2354,15.07,58.1,17.92,86.12,5.542,154.78,0.5179,0.02123,0.006167,2.068,1.463,2.081,1.431,3.625,158.1,12.63,0.8011,1.491,0.5466,2.233,419.58,0.9594,47.79,0.7154,12.36,2.715e-05,0.2023,2.814,1.176,2.157,0.1926,7.882,0.4732,8.15
2022-04-13T06:43:56,40102.73,3055.75,104.14,0.235,15.07,58.1,17.91,86.09,5.54,154.7,0.517,0.02121,0.006167,2.068,1.463,2.08,1.43,3.622,158.01,12.63,0.8011,1.488,0.5466,2.232,419.37,0.9588,47.77,0.7145,12.35,2.714e-05,0.2023,2.813,1.175,2.155,0.1925,7.872,0.4732,8.149
2022-04-13T06:44:26,40083.78,3054.61,104.07,0.2347,15.07,58.1,17.9,86.02,5.538,154.59,0.517,0.0212,0.006159,2.066,1.462,2.079,1.43,3.622,157.95,12.63,0.8011,1.484,0.5466,2.232,419.35,0.9589,47.76,0.7144,12.35,2.711e-05,0.2023,2.811,1.174,2.155,0.1925,7.867,0.4731,8.153
2022-04-13T06:44:56,40082.03,3054.38,104.12,0.2347,15.07,58.2,17.89,86.04,5.524,154.58,0.517,0.0212,0.006139,2.066,1.462,2.079,1.43,3.62,157.96,12.63,0.8011,1.488,0.5466,2.232,419.33,0.9589,47.76,0.7145,12.34,2.711e-05,0.2019,2.811,1.174,2.155,0.1924,7.866,0.4728,8.155
2022-04-13T06:45:26,40085.57,3054.25,104.15,0.2347,15.07,58.1,17.9,86.07,5.523,154.59,0.517,0.02121,0.006139,2.066,1.462,2.079,1.43,3.62,158,12.63,0.8022,1.488,0.5466,2.232,419.37,0.959,47.78,0.7145,12.34,2.711e-05,0.2019,2.811,1.174,2.155,0.1924,7.866,0.4731,8.151
2022-04-13T06:45:56,40127.18,3056.95,104.17,0.2349,15.07,58.2,17.91,86.15,5.525,154.52,0.5171,0.02124,0.006127,2.066,1.462,2.081,1.431,3.62,158.04,12.63,0.8022,1.487,0.5466,2.234,419.51,0.9592,47.8,0.7146,12.34,2.711e-05,0.2019,2.812,1.175,2.156,0.1925,7.869,0.473,8.152
2022-04-13T06:46:26,40131.53,3058.04,104.37,0.235,15.07,58.2,17.91,86.16,5.531,154.53,0.5184,0.02125,0.006125,2.066,1.462,2.082,1.432,3.621,158.09,12.63,0.8022,1.493,0.5618,2.236,419.66,0.9597,47.83,0.7146,12.29,2.723e-05,0.2019,2.814,1.176,2.156,0.1926,7.877,0.4734,8.157
2022-04-13T06:46:56,40132.54,3058.45,104.38,0.2351,15.07,58.2,17.92,86.17,5.527,154.57,0.5185,0.02126,0.006123,2.066,1.462,2.085,1.432,3.621,158.13,12.63,0.8018,1.493,0.5618,2.235,419.74,0.9592,47.87,0.7148,12.29,2.724e-05,0.2021,2.814,1.176,2.156,0.1927,7.88,0.4735,8.158
2022-04-13T06:47:26,40105.87,3056.07,104.24,0.2349,15.07,58.2,17.91,86.1,5.526,154.4,0.5185,0.02124,0.006123,2.066,1.461,2.083,1.431,3.617,158,12.63,0.8018,1.488,0.5618,2.234,419.67,0.9588,47.83,0.7145,12.3,2.721e-05,0.2019,2.813,1.175,2.155,0.1927,7.873,0.4736,8.161
2022-04-13T06:47:56,40088.65,3051.4,104.05,0.2348,15.07,58.1,17.89,85.94,5.511,154.29,0.5189,0.0212,0.006123,2.064,1.461,2.08,1.43,3.613,157.86,12.63,0.8018,1.488,0.5618,2.233,419.32,0.9584,47.81,0.7141,12.3,2.714e-05,0.2019,2.809,1.173,2.155,0.1925,7.865,0.4728,8.151
2022-04-13T06:48:26,40071.62,3051.81,104.05,0.2345,15.07,58.1,17.89,85.88,5.505,154.16,0.5167,0.02119,0.006123,2.064,1.46,2.079,1.429,3.614,157.75,12.63,0.8018,1.487,0.5618,2.233,419.19,0.958,47.82,0.7141,12.3,2.716e-05,0.2016,2.81,1.173,2.155,0.1926,7.861,0.4719,8.152
2022-04-13T06:48:56,40062.59,3052,104.09,0.2346,15.07,58.1,17.89,85.88,5.508,154.18,0.5167,0.02119,0.006123,2.064,1.461,2.078,1.43,3.614,157.77,12.63,0.8018,1.488,0.5618,2.234,419.17,0.9582,47.82,0.7139,12.35,2.717e-05,0.2016,2.811,1.174,2.155,0.1925,7.861,0.4719,8.155
2022-04-13T06:49:26,40064.48,3051.6,104.1,0.2346,15.05,58.1,17.88,85.88,5.508,154.2,0.5166,0.02118,0.006079,2.064,1.461,2.079,1.43,3.617,157.78,12.63,0.8056,1.488,0.5618,2.235,419.24,0.9574,47.8,0.7138,12.34,2.718e-05,0.2017,2.812,1.174,2.156,0.1926,7.864,0.4718,8.155
2022-04-13T06:49:56,40076.97,3052.67,104.16,0.2347,15.05,58.1,17.89,85.92,5.515,154.27,0.5181,0.02121,0.006079,2.064,1.461,2.079,1.43,3.617,157.82,12.63,0.8056,1.49,0.5618,2.235,419.46,0.9587,47.81,0.714,12.34,2.722e-05,0.2017,2.812,1.174,2.157,0.1927,7.864,0.4722,8.15
2022-04-13T06:50:26,40084.39,3052.77,104.16,0.2347,15.05,58.1,17.89,85.95,5.52,154.27,0.5191,0.02122,0.006079,2.064,1.461,2.08,1.431,3.611,157.88,12.61,0.8025,1.49,0.5618,2.235,419.48,0.9591,47.82,0.714,12.34,2.721e-05,0.2019,2.813,1.174,2.158,0.1927,7.864,0.4721,8.155
2022-04-13T06:50:56,40070.63,3051.63,104.12,0.2347,15.05,58.1,17.89,85.82,5.515,154.08,0.519,0.02119,0.006079,2.066,1.461,2.079,1.431,3.611,157.78,12.61,0.81,1.49,0.5618,2.233,419.37,0.9584,47.84,0.714,12.34,2.722e-05,0.2019,2.811,1.173,2.156,0.1927,7.859,0.4717,8.15
2022-04-13T06:51:26,40065.2,3049.9,104.06,0.2346,15.05,58.1,17.88,85.8,5.515,154.05,0.519,0.02118,0.006079,2.066,1.461,2.079,1.429,3.613,157.76,12.61,0.8078,1.49,0.5618,2.232,419.13,0.9577,47.83,0.7139,12.3,2.716e-05,0.2016,2.809,1.173,2.156,0.1925,7.859,0.4717,8.155
2022-04-13T06:51:56,40043.11,3048.89,104.01,0.2344,15.05,58.1,17.87,85.65,5.512,153.88,0.5181,0.02116,0.006079,2.065,1.46,2.077,1.428,3.609,157.69,12.61,0.8078,1.485,0.5618,2.23,419.03,0.9573,47.82,0.713,12.32,2.712e-05,0.2016,2.81,1.173,2.156,0.1923,7.857,0.4717,8.144
2022-04-13T06:52:26,40002.64,3046.6,103.76,0.2343,15.04,58.1,17.84,85.53,5.51,153.65,0.5181,0.02113,0.006079,2.065,1.458,2.075,1.427,3.607,157.44,12.61,0.8036,1.485,0.5618,2.227,418.63,0.9563,47.79,0.7124,12.32,2.706e-05,0.2013,2.806,1.171,2.153,0.1919,7.854,0.4713,8.136
2022-04-13T06:52:56,39996.3,3046.14,103.76,0.2336,15.02,57.9,17.84,85.49,5.515,153.6,0.5181,0.02112,0.006079,2.065,1.456,2.075,1.425,3.604,157.39,12.61,0.8027,1.482,0.5618,2.225,418.46,0.9559,47.79,0.7124,12.27,2.706e-05,0.2009,2.805,1.17,2.152,0.1919,7.854,0.4712,8.123
2022-04-13T06:53:26,39907.74,3044.7,103.55,0.2332,15.02,57.8,17.81,85.4,5.507,153.29,0.5181,0.02112,0.006079,2.059,1.457,2.07,1.423,3.592,157.2,12.61,0.8027,1.48,0.5618,2.22,418.18,0.9545,47.69,0.712,12.25,2.695e-05,0.2007,2.801,1.168,2.148,0.1916,7.822,0.4704,8.11
2022-04-13T06:53:56,39917.07,3045.32,103.68,0.2333,15,58,17.81,85.36,5.514,153.24,0.5181,0.02113,0.006079,2.061,1.454,2.071,1.422,3.596,157.09,12.61,0.8027,1.48,0.5618,2.22,417.75,0.9544,47.71,0.7113,12.25,2.698e-05,0.2004,2.801,1.168,2.148,0.1916,7.819,0.4701,8.114
2022-04-13T06:54:26,39940.34,3045.99,103.73,0.2335,15,58.1,17.8,85.4,5.514,153.34,0.5167,0.02118,0.006079,2.061,1.454,2.072,1.423,3.593,157.17,12.61,0.8027,1.477,0.5618,2.221,418.01,0.9549,47.75,0.7117,12.25,2.7e-05,0.2007,2.803,1.169,2.149,0.1917,7.825,0.4706,8.116
2022-04-13T06:54:56,39959,3044.63,103.65,0.2335,15,58.1,17.8,85.44,5.517,153.31,0.5168,0.02117,0.006085,2.061,1.454,2.073,1.424,3.584,157.19,12.61,0.8027,1.479,0.5618,2.222,418.13,0.9553,47.75,0.7117,12.27,2.696e-05,0.2007,2.802,1.167,2.151,0.1918,7.821,0.47,8.117
2022-04-13T06:55:26,39960.7,3045.8,103.64,0.2334,15,58.1,17.8,85.4,5.511,153.29,0.518,0.02116,0.006079,2.061,1.454,2.073,1.423,3.587,157.19,12.65,0.8027,1.479,0.5618,2.219,418.08,0.9553,47.77,0.7119,12.27,2.697e-05,0.2006,2.801,1.167,2.149,0.1917,7.824,0.4704,8.116
2022-04-13T06:55:56,39944.83,3044.32,103.54,0.2333,15,57.8,17.8,85.33,5.511,153.2,0.518,0.02114,0.006079,2.061,1.453,2.072,1.422,3.587,157.06,12.65,0.8032,1.479,0.5618,2.218,417.91,0.9548,47.7,0.7122,12.27,2.695e-05,0.2006,2.8,1.166,2.148,0.1917,7.821,0.4705,8.11
2022-04-13T06:56:26,39963.02,3047.03,103.63,0.2334,15,57.8,17.82,85.36,5.515,153.29,0.518,0.02109,0.006079,2.061,1.455,2.073,1.423,3.591,157.11,12.61,0.8032,1.479,0.5618,2.22,417.66,0.9549,47.72,0.7125,12.28,2.7e-05,0.2006,2.802,1.168,2.148,0.1918,7.814,0.4708,8.11
2022-04-13T06:56:56,39970.62,3047.08,103.62,0.2335,15,57.8,17.81,85.35,5.51,153.24,0.518,0.02108,0.006079,2.061,1.455,2.074,1.424,3.586,157.09,12.61,0.8032,1.479,0.5618,2.223,417.65,0.9552,47.7,0.7126,12.31,2.7e-05,0.2006,2.803,1.168,2.149,0.1917,7.817,0.4708,8.121
2022-04-13T06:57:26,39964.37,3046.56,103.61,0.2334,15,57.9,17.81,85.36,5.51,153.24,0.518,0.0211,0.006079,2.061,1.454,2.073,1.423,3.589,157.1,12.61,0.8032,1.48,0.5618,2.222,417.61,0.9546,47.71,0.7126,12.3,2.697e-05,0.2006,2.803,1.167,2.149,0.1918,7.818,0.471,8.125
2022-04-13T06:57:56,39963.7,3047.65,103.6,0.2334,15,57.7,17.81,85.35,5.512,153.26,0.518,0.02107,0.006079,2.058,1.453,2.073,1.423,3.588,157.11,12.61,0.8034,1.477,0.5618,2.222,417.62,0.955,47.7,0.7126,12.32,2.698e-05,0.2006,2.803,1.167,2.149,0.1918,7.818,0.4711,8.124
2022-04-13T06:58:26,39960.23,3047.89,103.6,0.2334,15,57.7,17.81,85.34,5.51,153.26,0.5174,0.02108,0.006093,2.058,1.453,2.073,1.423,3.584,157.04,12.61,0.8034,1.475,0.5618,2.222,417.67,0.9549,47.7,0.7126,12.3,2.695e-05,0.2006,2.802,1.167,2.149,0.1917,7.817,0.471,8.124
2022-04-13T06:58:56,39951.69,3047.42,103.54,0.2331,15,57.8,17.81,85.32,5.507,153.25,0.5174,0.0211,0.006097,2.058,1.453,2.073,1.423,3.587,157.04,12.61,0.8034,1.473,0.5618,2.221,417.58,0.9543,47.69,0.7125,12.3,2.694e-05,0.2006,2.802,1.166,2.149,0.1917,7.811,0.4707,8.125
2022-04-13T06:59:26,39952.57,3048.38,103.56,0.2332,15,57.8,17.81,85.32,5.507,153.33,0.5181,0.02109,0.006097,2.058,1.453,2.073,1.423,3.584,157.1,12.62,0.8028,1.473,0.5618,2.222,417.47,0.9537,47.68,0.7125,12.33,2.697e-05,0.2006,2.802,1.167,2.149,0.1917,7.817,0.4708,8.117
2022-04-13T06:59:56,39956.19,3049.01,103.56,0.2331,15,57.8,17.81,85.33,5.509,153.36,0.5181,0.02109,0.006079,2.058,1.454,2.073,1.424,3.584,157.11,12.62,0.8028,1.473,0.5618,2.224,417.48,0.955,47.69,0.7127,12.32,2.697e-05,0.2006,2.803,1.167,2.149,0.1917,7.818,0.4712,8.115
2022-04-13T07:00:26,39953.39,3047.72,103.66,0.2332,15,57.8,17.8,85.31,5.514,153.36,0.5181,0.02108,0.006079,2.058,1.454,2.073,1.424,3.584,157.1,12.62,0.8028,1.473,0.5658,2.223,417.48,0.955,47.68,0.7129,12.32,2.697e-05,0.2006,2.803,1.166,2.15,0.1917,7.818,0.4712,8.115
2022-04-13T07:00:56,39927.97,3046.83,103.49,0.2329,15,57.8,17.79,85.19,5.511,153.31,0.5177,0.02108,0.006079,2.058,1.454,2.071,1.422,3.582,156.87,12.62,0.8028,1.474,0.5658,2.221,417.48,0.9536,47.64,0.7127,12.32,2.69e-05,0.2005,2.801,1.164,2.148,0.1917,7.814,0.4706,8.114
2022-04-13T07:01:26,39930.72,3046.74,103.46,0.2328,15,57.8,17.79,85.19,5.509,153.21,0.5177,0.02108,0.006079,2.058,1.454,2.072,1.421,3.584,156.85,12.62,0.8028,1.474,0.5658,2.219,417.1,0.9539,47.63,0.7125,12.34,2.688e-05,0.2005,2.801,1.164,2.148,0.1917,7.807,0.4706,8.11
2022-04-13T07:01:56,39921.62,3046.22,103.44,0.2328,15.02,57.8,17.79,85.15,5.508,153.15,0.5129,0.02106,0.006079,2.058,1.454,2.071,1.422,3.582,156.81,12.62,0.8028,1.471,0.5658,2.218,416.95,0.9538,47.65,0.7116,12.29,2.689e-05,0.2005,2.8,1.164,2.147,0.1916,7.801,0.4702,8.109
2022-04-13T07:02:26,39940.36,3047.41,103.52,0.2331,15.02,57.8,17.79,85.21,5.508,153.44,0.5131,0.02104,0.006079,2.058,1.454,2.072,1.423,3.586,156.87,12.62,0.8027,1.471,0.5658,2.22,417.01,0.9543,47.65,0.7118,12.29,2.69e-05,0.2005,2.802,1.164,2.149,0.1917,7.802,0.4706,8.116
2022-04-13T07:02:56,39943.92,3047.03,103.51,0.2331,15.02,57.7,17.79,85.23,5.513,153.38,0.5129,0.02105,0.006079,2.058,1.454,2.073,1.423,3.58,156.8,12.62,0.8027,1.471,0.5658,2.22,416.99,0.9542,47.66,0.7116,12.29,2.691e-05,0.2006,2.802,1.165,2.149,0.1917,7.815,0.4709,8.115
2022-04-13T07:03:26,39942.94,3047.06,103.49,0.2329,15.02,57.8,17.79,85.26,5.512,153.4,0.5122,0.02105,0.006079,2.058,1.454,2.073,1.423,3.583,156.81,12.62,0.8026,1.476,0.5658,2.22,417.14,0.9548,47.7,0.7114,12.28,2.694e-05,0.2006,2.802,1.164,2.148,0.1917,7.818,0.4713,8.116
2022-04-13T07:03:56,39985.91,3047.57,103.59,0.2332,15.02,57.8,17.8,85.33,5.507,153.45,0.5138,0.02106,0.006079,2.06,1.455,2.075,1.424,3.588,156.84,12.62,0.8026,1.476,0.5658,2.222,417.23,0.9546,47.7,0.7118,12.27,2.698e-05,0.2008,2.804,1.165,2.149,0.1917,7.826,0.4713,8.116
2022-04-13T07:04:26,39978.37,3047.19,103.6,0.2332,14.98,57.9,17.8,85.36,5.511,153.4,0.5138,0.02104,0.006079,2.06,1.456,2.074,1.425,3.588,156.96,12.64,0.8026,1.476,0.5658,2.222,417.26,0.9542,47.73,0.7117,12.29,2.701e-05,0.2008,2.804,1.166,2.149,0.1918,7.83,0.4718,8.112
2022-04-13T07:04:56,39977.38,3047.87,103.63,0.2332,14.98,58,17.8,85.36,5.514,153.4,0.5138,0.02106,0.006098,2.06,1.456,2.074,1.424,3.588,156.94,12.64,0.8026,1.474,0.5658,2.222,417.26,0.9547,47.73,0.7117,12.29,2.701e-05,0.2008,2.803,1.166,2.149,0.1918,7.828,0.4716,8.112
2022-04-13T07:05:26,39988.86,3048.95,103.7,0.2333,14.98,58,17.8,85.4,5.515,153.41,0.5143,0.02105,0.006098,2.06,1.456,2.075,1.424,3.591,157.01,12.64,0.8028,1.474,0.5658,2.223,417.33,0.9544,47.75,0.7118,12.26,2.705e-05,0.2009,2.804,1.166,2.15,0.1919,7.828,0.4715,8.119
2022-04-13T07:05:56,39977.6,3047.59,103.63,0.2332,14.98,58,17.8,85.28,5.513,153.41,0.5143,0.02105,0.006098,2.06,1.456,2.074,1.423,3.588,156.97,12.64,0.8028,1.474,0.5658,2.222,417.32,0.9548,47.74,0.7118,12.25,2.707e-05,0.2009,2.803,1.165,2.15,0.1918,7.822,0.4712,8.117
2022-04-13T07:06:26,39963.53,3047.44,103.63,0.2331,14.98,58,17.79,85.26,5.507,153.37,0.5133,0.02104,0.006098,2.059,1.456,2.073,1.424,3.59,156.95,12.64,0.8028,1.475,0.5658,2.222,417.24,0.9542,47.74,0.7118,12.25,2.7e-05,0.2008,2.802,1.165,2.148,0.1918,7.825,0.471,8.118
2022-04-13T07:06:56,39953.95,3046.62,103.59,0.233,15.02,58,17.79,85.25,5.507,153.42,0.5129,0.02102,0.006098,2.059,1.455,2.073,1.423,3.582,156.93,12.64,0.8028,1.474,0.5658,2.22,417.23,0.9545,47.7,0.7114,12.25,2.696e-05,0.2006,2.801,1.164,2.148,0.1917,7.82,0.4706,8.117
2022-04-13T07:07:26,39959.74,3046.9,103.57,0.233,15.02,58,17.78,85.26,5.51,153.4,0.5129,0.02104,0.006098,2.059,1.455,2.073,1.422,3.582,156.92,12.64,0.8028,1.477,0.5658,2.221,417.32,0.9549,47.71,0.7113,12.26,2.695e-05,0.2006,2.801,1.165,2.149,0.1917,7.825,0.4705,8.112
2022-04-13T07:07:56,39953.96,3045.9,103.5,0.2329,15.02,58,17.78,85.24,5.506,153.28,0.5129,0.02104,0.006086,2.059,1.455,2.073,1.421,3.582,156.86,12.64,0.8028,1.477,0.5658,2.22,417.33,0.9548,47.69,0.711,12.26,2.693e-05,0.2007,2.801,1.164,2.148,0.1916,7.825,0.4704,8.117
2022-04-13T07:08:26,39956.89,3046.37,103.47,0.2328,15.02,58,17.78,85.27,5.501,153.34,0.5129,0.02104,0.006097,2.059,1.455,2.073,1.422,3.582,156.83,12.64,0.8007,1.475,0.5658,2.22,417.28,0.9542,47.68,0.7111,12.26,2.696e-05,0.2008,2.799,1.164,2.148,0.1916,7.823,0.4705,8.117
2022-04-13T07:08:56,39956.01,3046.64,103.44,0.2328,15.02,58,17.78,85.25,5.507,153.34,0.5129,0.02104,0.006097,2.059,1.456,2.073,1.422,3.582,156.84,12.64,0.8007,1.475,0.5658,2.221,417.32,0.9547,47.68,0.7111,12.26,2.695e-05,0.2008,2.799,1.164,2.148,0.1916,7.823,0.4703,8.117
2022-04-13T07:09:26,39954.75,3047.17,103.47,0.233,15.02,58,17.78,85.24,5.499,153.36,0.5125,0.02104,0.006097,2.059,1.456,2.073,1.422,3.58,156.81,12.64,0.8007,1.473,0.5658,2.22,417.33,0.9547,47.71,0.711,12.26,2.698e-05,0.2007,2.799,1.164,2.148,0.1917,7.825,0.4702,8.117
2022-04-13T07:09:56,39950.51,3046.05,103.39,0.233,15.07,58,17.77,85.25,5.503,153.34,0.5125,0.02104,0.006097,2.059,1.456,2.073,1.422,3.579,156.82,12.64,0.8007,1.473,0.5658,2.219,417.3,0.9542,47.7,0.7109,12.25,2.695e-05,0.2007,2.799,1.164,2.147,0.1916,7.823,0.4702,8.118
2022-04-13T07:10:26,39953.06,3046.52,103.45,0.233,15.07,58,17.78,85.26,5.502,153.34,0.5129,0.02103,0.006097,2.059,1.456,2.073,1.422,3.579,156.81,12.63,0.8007,1.471,0.5658,2.221,417.37,0.9542,47.71,0.7111,12.25,2.697e-05,0.2007,2.799,1.164,2.147,0.1916,7.824,0.4703,8.117
2022-04-13T07:10:56,39953.52,3046.96,103.5,0.2331,15.07,57.9,17.77,85.29,5.501,153.34,0.5129,0.02103,0.006097,2.059,1.456,2.073,1.422,3.579,156.86,12.63,0.8007,1.473,0.5658,2.221,417.34,0.9542,47.72,0.711,12.27,2.698e-05,0.2007,2.8,1.164,2.147,0.1917,7.828,0.4702,8.11
2022-04-13T07:11:26,39950.46,3046.76,103.45,0.2331,15.07,57.9,17.77,85.25,5.501,153.31,0.5129,0.02103,0.006097,2.059,1.456,2.073,1.422,3.579,156.84,12.63,0.8007,1.473,0.5658,2.221,417.3,0.9546,47.72,0.7109,12.24,2.696e-05,0.2007,2.799,1.164,2.148,0.1917,7.825,0.4703,8.111
2022-04-13T07:11:56,39948.28,3045.84,103.32,0.233,15.07,57.9,17.77,85.23,5.508,153.3,0.5129,0.02103,0.006097,2.059,1.455,2.073,1.421,3.579,156.78,12.63,0.8007,1.473,0.5658,2.22,417.28,0.9544,47.69,0.7105,12.23,2.693e-05,0.2007,2.797,1.163,2.146,0.1917,7.814,0.4701,8.119
2022-04-13T07:12:26,39937.58,3046.44,103.3,0.2325,15.04,57.9,17.77,85.22,5.502,153.21,0.5129,0.02104,0.006097,2.059,1.452,2.072,1.42,3.58,156.71,12.63,0.8007,1.474,0.5658,2.218,417.03,0.9535,47.59,0.7103,12.23,2.689e-05,0.2007,2.796,1.163,2.145,0.1916,7.816,0.4698,8.118
2022-04-13T07:12:56,39934.93,3046.27,103.25,0.2325,15.04,57.9,17.76,85.13,5.503,153.2,0.5117,0.02103,0.006097,2.059,1.45,2.072,1.421,3.578,156.66,12.63,0.8007,1.474,0.5658,2.219,417.05,0.9535,47.58,0.7103,12.23,2.689e-05,0.2007,2.795,1.162,2.146,0.1916,7.806,0.4701,8.117
2022-04-13T07:13:26,40019.9,3052.63,103.47,0.2329,15.04,58.2,17.78,85.24,5.511,153.44,0.5117,0.02104,0.006097,2.063,1.45,2.077,1.422,3.585,156.79,12.63,0.8001,1.476,0.5658,2.224,416.93,0.9539,47.58,0.7104,12.27,2.698e-05,0.2009,2.799,1.163,2.147,0.1918,7.823,0.471,8.111
2022-04-13T07:13:56,40010.12,3050.91,103.4,0.2331,15.04,58.2,17.78,85.26,5.519,153.45,0.5117,0.02104,0.006083,2.069,1.454,2.076,1.423,3.591,156.93,12.63,0.8001,1.479,0.5658,2.221,417.23,0.9543,47.59,0.7115,12.27,2.698e-05,0.2011,2.798,1.163,2.147,0.1918,7.82,0.4707,8.113
2022-04-13T07:14:26,40015.84,3050.7,103.48,0.2334,15.04,58.1,17.82,85.33,5.519,153.52,0.5118,0.02106,0.006083,2.069,1.454,2.076,1.424,3.591,156.93,12.63,0.8001,1.476,0.5658,2.223,417.29,0.9551,47.66,0.7116,12.27,2.7e-05,0.201,2.798,1.164,2.148,0.1919,7.824,0.4717,8.116
2022-04-13T07:14:56,40010.27,3049.42,103.49,0.2334,15,58.1,17.82,85.32,5.519,153.49,0.5118,0.02104,0.006083,2.069,1.455,2.076,1.424,3.591,156.91,12.63,0.8003,1.472,0.5658,2.222,417.36,0.9549,47.65,0.7116,12.27,2.699e-05,0.2009,2.798,1.164,2.148,0.1918,7.824,0.4716,8.115
2022-04-13T07:15:26,39999.96,3049.18,103.45,0.2334,15,58.1,17.81,85.3,5.518,153.47,0.5118,0.02105,0.006092,2.069,1.455,2.076,1.423,3.591,156.88,12.64,0.8003,1.472,0.5658,2.22,417.24,0.9549,47.65,0.7112,12.27,2.696e-05,0.2009,2.797,1.163,2.147,0.1918,7.82,0.4717,8.112
2022-04-13T07:15:56,40036.81,3050.75,103.58,0.2337,15,58.1,17.82,85.33,5.518,153.54,0.5118,0.02106,0.006092,2.069,1.456,2.081,1.424,3.587,157.11,12.64,0.8003,1.472,0.5658,2.22,417.5,0.9552,47.73,0.7119,12.31,2.704e-05,0.2009,2.799,1.164,2.148,0.1918,7.824,0.4722,8.107
2022-04-13T07:16:26,40073.44,3052.11,103.78,0.2341,15,58.1,17.83,85.45,5.525,153.86,0.5118,0.02109,0.006079,2.069,1.456,2.083,1.424,3.586,157.24,12.64,0.8003,1.476,0.5658,2.224,417.62,0.9558,47.8,0.7123,12.31,2.707e-05,0.2014,2.802,1.165,2.151,0.192,7.829,0.4728,8.106
2022-04-13T07:16:56,40107.26,3052.94,103.89,0.2343,15,58.1,17.85,85.54,5.527,154.25,0.5148,0.0211,0.006079,2.067,1.456,2.085,1.428,3.586,157.51,12.64,0.8003,1.477,0.5658,2.224,417.72,0.9559,47.8,0.7124,12.34,2.709e-05,0.2015,2.802,1.168,2.152,0.1921,7.844,0.4732,8.108
2022-04-13T07:17:26,40126.85,3059.07,104.01,0.2343,15,58.3,17.86,85.6,5.529,154.35,0.5148,0.02112,0.006092,2.074,1.457,2.086,1.429,3.594,157.52,12.64,0.8003,1.477,0.5658,2.226,417.73,0.9566,47.81,0.7134,12.33,2.713e-05,0.2015,2.803,1.169,2.154,0.1922,7.85,0.4733,8.123
2022-04-13T07:17:56,40124.11,3058.21,103.96,0.2346,15.12,58.2,17.85,85.61,5.529,154.33,0.515,0.02113,0.006092,2.069,1.458,2.086,1.429,3.597,157.64,12.64,0.8005,1.477,0.5658,2.225,417.62,0.9564,47.8,0.7132,12.33,2.71e-05,0.2016,2.806,1.169,2.154,0.1923,7.852,0.4733,8.119
2022-04-13T07:18:26,40136.4,3058.38,103.97,0.2348,15.12,58.3,17.85,85.62,5.531,154.32,0.5152,0.02113,0.006092,2.074,1.458,2.086,1.428,3.597,157.69,12.64,0.8005,1.477,0.5658,2.226,417.51,0.9565,47.81,0.7133,12.33,2.711e-05,0.2016,2.807,1.169,2.154,0.1922,7.855,0.4735,8.115
2022-04-13T07:18:56,40133.78,3058.2,103.98,0.2349,15.12,58.3,17.86,85.63,5.533,154.23,0.5152,0.02113,0.006092,2.074,1.458,2.086,1.428,3.597,157.71,12.64,0.8005,1.477,0.5658,2.226,417.43,0.9563,47.8,0.7135,12.33,2.71e-05,0.2015,2.807,1.169,2.154,0.1922,7.856,0.4735,8.114
2022-04-13T07:19:26,40084.91,3056.91,103.72,0.2348,15.12,58.3,17.85,85.58,5.521,153.93,0.5152,0.02107,0.006092,2.074,1.457,2.083,1.425,3.598,157.7,12.64,0.8061,1.476,0.5658,2.224,417.29,0.9563,47.77,0.7129,12.33,2.708e-05,0.2015,2.802,1.169,2.152,0.1921,7.854,0.473,8.111
2022-04-13T07:19:56,40080.67,3053.56,103.72,0.2347,15.12,58.3,17.85,85.52,5.517,153.91,0.5152,0.02105,0.006092,2.074,1.457,2.083,1.425,3.603,157.6,12.64,0.8061,1.474,0.5658,2.222,417.04,0.956,47.75,0.7129,12.33,2.705e-05,0.2011,2.801,1.168,2.152,0.1921,7.838,0.4728,8.104
2022-04-13T07:20:26,40087.21,3053.72,103.72,0.2344,15.12,58.2,17.86,85.47,5.517,153.95,0.5152,0.02106,0.0061,2.074,1.457,2.084,1.425,3.59,157.52,12.64,0.8061,1.474,0.5658,2.223,417.13,0.956,47.73,0.7129,12.27,2.711e-05,0.2012,2.802,1.167,2.152,0.192,7.835,0.4725,8.097
2022-04-13T07:20:56,40085.94,3053.29,103.72,0.2344,15.12,58.1,17.86,85.44,5.516,154.01,0.5152,0.02105,0.0061,2.074,1.457,2.084,1.424,3.593,157.55,12.64,0.7992,1.474,0.5658,2.223,417.1,0.9562,47.79,0.7128,12.27,2.708e-05,0.2013,2.802,1.167,2.152,0.192,7.839,0.4724,8.094
2022-04-13T07:21:26,40099.42,3054.52,103.9,0.2347,15.12,58.1,17.86,85.5,5.521,154.03,0.5157,0.02106,0.0061,2.071,1.457,2.084,1.425,3.596,157.62,12.64,0.7993,1.474,0.5658,2.225,417.23,0.9564,47.82,0.7131,12.27,2.71e-05,0.2015,2.803,1.168,2.152,0.1921,7.845,0.4725,8.098
2022-04-13T07:21:56,40114.39,3058.68,104.1,0.2348,15.12,58.1,17.88,85.58,5.527,154.04,0.5141,0.02112,0.0061,2.067,1.458,2.085,1.426,3.594,157.77,12.64,0.7993,1.48,0.5658,2.227,417.41,0.9571,47.83,0.7134,12.33,2.715e-05,0.2016,2.806,1.169,2.154,0.1923,7.854,0.4733,8.107
2022-04-13T07:22:26,40122.15,3058.27,104.06,0.2349,15.12,58.2,17.87,85.58,5.527,154.08,0.5142,0.02112,0.0061,2.067,1.458,2.086,1.428,3.595,157.69,12.64,0.7993,1.48,0.5658,2.226,417.5,0.9571,47.84,0.7135,12.32,2.715e-05,0.2015,2.806,1.17,2.154,0.1923,7.846,0.4733,8.103
2022-04-13T07:22:56,40113.82,3058.4,104.04,0.2346,15.12,58.2,17.87,85.54,5.52,153.97,0.5156,0.0211,0.006097,2.067,1.458,2.085,1.427,3.6,157.63,12.64,0.7995,1.48,0.5658,2.226,417.39,0.9573,47.86,0.7134,12.34,2.716e-05,0.2014,2.805,1.17,2.154,0.1924,7.843,0.4734,8.108
2022-04-13T07:23:26,40098.16,3055.36,103.91,0.2345,15.12,58.2,17.88,85.52,5.521,153.85,0.5156,0.0211,0.006097,2.067,1.457,2.084,1.425,3.596,157.62,12.64,0.7995,1.481,0.5658,2.224,417.29,0.9571,47.84,0.7132,12.33,2.716e-05,0.2014,2.803,1.169,2.153,0.1923,7.834,0.4732,8.101
2022-04-13T07:23:56,40093.24,3054.66,103.85,0.2345,15.12,58.2,17.87,85.49,5.521,153.79,0.5155,0.02108,0.006097,2.067,1.457,2.084,1.426,3.599,157.61,12.64,0.7995,1.482,0.5658,2.224,417.22,0.9567,47.83,0.7131,12.33,2.716e-05,0.2012,2.803,1.169,2.153,0.1922,7.822,0.4727,8.1
2022-04-13T07:24:26,40082.24,3054.17,103.89,0.2344,15.12,58.2,17.86,85.46,5.519,153.78,0.5155,0.02107,0.006097,2.068,1.457,2.083,1.426,3.596,157.67,12.63,0.7995,1.48,0.5658,2.224,417.13,0.9564,47.81,0.7131,12.33,2.713e-05,0.2012,2.803,1.168,2.152,0.1921,7.822,0.4724,8.097
2022-04-13T07:24:56,40088.55,3054.92,103.95,0.2345,15.12,58.2,17.86,85.49,5.521,153.79,0.5129,0.02108,0.006097,2.068,1.457,2.084,1.426,3.598,157.67,12.63,0.7995,1.48,0.5658,2.224,417.07,0.9565,47.81,0.7131,12.31,2.716e-05,0.2011,2.803,1.169,2.153,0.1922,7.824,0.4731,8.093
2022-04-13T07:25:26,40087.84,3054.9,103.95,0.2345,15.08,58.2,17.86,85.5,5.522,153.76,0.5128,0.02108,0.006105,2.068,1.457,2.084,1.426,3.598,157.69,12.63,0.7995,1.48,0.5658,2.224,417.09,0.9565,47.81,0.7133,12.31,2.714e-05,0.2012,2.803,1.169,2.153,0.1922,7.828,0.4734,8.096
2022-04-13T07:25:56,40120.34,3059.08,103.98,0.2348,15.08,58.2,17.87,85.56,5.521,153.93,0.5128,0.02111,0.006105,2.069,1.458,2.085,1.427,3.597,157.87,12.63,0.7995,1.482,0.5658,2.225,417.39,0.9578,47.85,0.7138,12.34,2.723e-05,0.2015,2.806,1.17,2.155,0.1924,7.831,0.4735,8.103
2022-04-13T07:26:26,40114.85,3056.07,103.92,0.2348,15.08,58.2,17.87,85.56,5.528,153.94,0.5128,0.02111,0.006115,2.069,1.458,2.085,1.427,3.593,157.83,12.63,0.7995,1.482,0.5658,2.224,417.28,0.9576,47.82,0.7137,12.34,2.727e-05,0.2011,2.805,1.17,2.153,0.1925,7.828,0.4735,8.104
2022-04-13T07:26:56,40115.59,3055.33,103.94,0.2347,15.08,58.2,17.87,85.5,5.526,153.83,0.5128,0.02112,0.006115,2.069,1.458,2.082,1.426,3.596,157.74,12.63,0.7995,1.482,0.5658,2.225,417.19,0.9577,47.82,0.7135,12.31,2.731e-05,0.2012,2.804,1.17,2.152,0.1924,7.827,0.4734,8.096
2022-04-13T07:27:26,40153.75,3055.98,104.1,0.2349,15.08,58.2,17.89,85.52,5.526,153.86,0.5128,0.02116,0.006115,2.069,1.458,2.084,1.426,3.598,157.86,12.58,0.7995,1.482,0.5658,2.226,417.3,0.9581,47.87,0.7138,12.31,2.738e-05,0.2015,2.806,1.171,2.155,0.1925,7.828,0.4734,8.102
2022-04-13T07:27:56,40161.29,3057.36,104.09,0.235,15.12,58.3,17.89,85.47,5.53,153.97,0.5143,0.02114,0.006106,2.069,1.462,2.084,1.427,3.598,157.88,12.58,0.799,1.492,0.5658,2.227,417.6,0.958,47.85,0.7137,12.31,2.741e-05,0.2015,2.807,1.171,2.155,0.1925,7.837,0.4739,8.115
2022-04-13T07:28:26,40181.52,3057.49,104.13,0.2349,15.12,58.3,17.9,85.45,5.53,154,0.5145,0.02116,0.00612,2.069,1.462,2.088,1.428,3.599,157.88,12.58,0.799,1.495,0.5658,2.227,417.72,0.9584,47.83,0.714,12.31,2.744e-05,0.2014,2.807,1.173,2.155,0.1926,7.843,0.4741,8.109
2022-04-13T07:28:56,40171.69,3056.97,104.1,0.2351,15.12,58.4,17.9,85.41,5.529,154.01,0.5148,0.02117,0.00612,2.069,1.462,2.088,1.426,3.597,157.93,12.58,0.799,1.495,0.5658,2.227,417.56,0.9582,47.83,0.7139,12.31,2.752e-05,0.2014,2.807,1.172,2.155,0.1925,7.843,0.4741,8.11
2022-04-13T07:29:26,40172.17,3056.05,104.08,0.2351,15.12,58.4,17.9,85.41,5.527,154,0.5148,0.02116,0.00612,2.069,1.461,2.088,1.426,3.597,157.97,12.58,0.799,1.499,0.5658,2.227,417.6,0.9583,47.82,0.7141,12.25,2.775e-05,0.2014,2.808,1.172,2.155,0.1925,7.843,0.4743,8.11
2022-04-13T07:29:56,40163.12,3056.49,104.03,0.2351,15.12,58.4,17.9,85.4,5.53,153.98,0.5153,0.02118,0.00612,2.067,1.461,2.088,1.426,3.598,158,12.58,0.7991,1.498,0.5658,2.227,417.6,0.9591,47.79,0.7141,12.25,2.779e-05,0.2014,2.808,1.172,2.156,0.1925,7.842,0.4742,8.109
2022-04-13T07:30:26,40176.36,3056.36,104.11,0.2351,15.09,58.4,17.9,85.37,5.53,153.98,0.5151,0.02116,0.00612,2.067,1.461,2.088,1.427,3.595,157.99,12.58,0.7991,1.498,0.5658,2.227,417.57,0.959,47.81,0.7141,12.25,2.774e-05,0.2014,2.807,1.173,2.156,0.1925,7.841,0.4743,8.108
2022-04-13T07:30:56,40177.92,3056.72,104.12,0.235,15.09,58.4,17.9,85.35,5.529,154.03,0.5148,0.02117,0.00612,2.067,1.461,2.088,1.427,3.599,158.09,12.58,0.7991,1.497,0.5658,2.227,417.68,0.9593,47.82,0.7141,12.25,2.802e-05,0.2014,2.808,1.173,2.156,0.1925,7.844,0.4741,8.109
2022-04-13T07:31:26,40168.67,3056.06,104.05,0.2349,15.09,58.4,17.89,85.31,5.534,154,0.5147,0.02116,0.006119,2.067,1.461,2.088,1.428,3.598,158.11,12.58,0.7991,1.495,0.5658,2.227,417.79,0.9595,47.83,0.714,12.25,2.793e-05,0.2014,2.808,1.173,2.156,0.1924,7.84,0.4741,8.109
2022-04-13T07:31:56,40158.88,3055.24,103.98,0.235,15.09,58.4,17.89,85.25,5.532,153.97,0.5147,0.02116,0.006119,2.067,1.461,2.087,1.427,3.597,158.13,12.58,0.7986,1.495,0.5658,2.228,417.76,0.9594,47.83,0.7139,12.25,2.796e-05,0.2014,2.808,1.173,2.156,0.1924,7.838,0.4739,8.109
2022-04-13T07:32:26,40155.27,3055.09,103.98,0.2349,15.09,58.4,17.89,85.26,5.532,154,0.5147,0.02116,0.006119,2.067,1.461,2.087,1.427,3.597,158.12,12.58,0.7986,1.49,0.5658,2.227,417.83,0.9593,47.84,0.7139,12.27,2.788e-05,0.2013,2.808,1.173,2.156,0.1925,7.843,0.4739,8.109
2022-04-13T07:32:56,40148,3054.86,103.97,0.2349,15.09,58.4,17.89,85.25,5.531,154.01,0.5147,0.02115,0.006119,2.073,1.461,2.086,1.426,3.597,158.11,12.58,0.7986,1.492,0.5658,2.228,417.83,0.9593,47.83,0.7139,12.28,2.78e-05,0.2013,2.808,1.173,2.156,0.1925,7.846,0.4739,8.11
2022-04-13T07:33:26,40152.8,3054.82,103.98,0.2347,15.13,58.4,17.89,85.26,5.529,153.98,0.5147,0.02116,0.006119,2.07,1.461,2.087,1.426,3.587,158.16,12.62,0.7986,1.492,0.5658,2.227,417.8,0.9588,47.84,0.7137,12.3,2.779e-05,0.2013,2.809,1.173,2.157,0.1925,7.847,0.4746,8.11
2022-04-13T07:33:56,40150.28,3054.21,103.9,0.2347,15.08,58.4,17.88,85.23,5.531,153.9,0.5153,0.02114,0.006119,2.07,1.46,2.087,1.427,3.582,158.09,12.62,0.8,1.492,0.5658,2.227,417.75,0.9585,47.83,0.7135,12.3,2.776e-05,0.2011,2.809,1.172,2.157,0.1924,7.847,0.4746,8.11
2022-04-13T07:34:26,40151.62,3054.32,103.96,0.2346,15.08,58.3,17.87,85.23,5.53,153.99,0.5141,0.02113,0.006119,2.07,1.46,2.077,1.427,3.576,158.14,12.66,0.8,1.491,0.5658,2.228,417.79,0.9586,47.82,0.7135,12.3,2.777e-05,0.2011,2.809,1.172,2.157,0.1924,7.847,0.4743,8.109
2022-04-13T07:34:56,40152.48,3054.44,103.98,0.2347,15.08,58.3,17.88,85.24,5.532,153.98,0.5141,0.02113,0.006119,2.07,1.46,2.077,1.427,3.579,158.18,12.66,0.7985,1.491,0.5658,2.228,417.83,0.9586,47.83,0.7137,12.3,2.774e-05,0.2012,2.81,1.173,2.156,0.1924,7.848,0.4744,8.105
2022-04-13T07:35:26,40149.49,3054.25,103.92,0.2347,15.08,58.3,17.88,85.25,5.526,153.98,0.515,0.02113,0.006119,2.07,1.46,2.077,1.427,3.579,158.2,12.66,0.7985,1.491,0.5658,2.227,417.85,0.9586,47.82,0.7136,12.3,2.762e-05,0.2012,2.81,1.173,2.156,0.1924,7.848,0.4744,8.105
2022-04-13T07:35:56,40162.06,3055.56,103.97,0.2347,15.08,58.3,17.89,85.26,5.534,154.07,0.515,0.02116,0.006112,2.07,1.46,2.077,1.428,3.579,158.32,12.66,0.7985,1.494,0.5658,2.229,417.9,0.9593,47.83,0.7138,12.3,2.76e-05,0.2012,2.813,1.173,2.157,0.1924,7.849,0.4747,8.109
2022-04-13T07:36:26,40154.3,3054.39,103.95,0.2347,15.08,58.3,17.89,85.25,5.534,154.09,0.515,0.02118,0.006112,2.065,1.46,2.076,1.427,3.578,158.4,12.66,0.7985,1.494,0.5658,2.228,417.9,0.9588,47.84,0.7136,12.3,2.76e-05,0.2013,2.813,1.173,2.157,0.1924,7.845,0.4747,8.105
2022-04-13T07:36:56,40105.72,3052.89,103.92,0.2346,15.08,58.2,17.88,85.22,5.523,153.76,0.515,0.02112,0.006112,2.062,1.46,2.074,1.426,3.572,158.23,12.66,0.7977,1.488,0.5658,2.224,417.57,0.9575,47.81,0.7132,12.3,2.757e-05,0.2009,2.811,1.171,2.155,0.1923,7.841,0.4741,8.101
2022-04-13T07:37:26,40098.84,3052.16,103.7,0.2339,15.06,58.1,17.88,85.22,5.524,153.67,0.5151,0.02109,0.006112,2.062,1.46,2.074,1.425,3.571,158.18,12.61,0.7977,1.488,0.5658,2.223,417.3,0.9579,47.79,0.7123,12.3,2.754e-05,0.2009,2.809,1.171,2.155,0.1923,7.84,0.4741,8.091
2022-04-13T07:37:56,40110.27,3052.55,103.76,0.234,15.06,58.1,17.87,85.22,5.523,153.65,0.515,0.02108,0.006112,2.037,1.46,2.075,1.425,3.571,158.16,12.61,0.795,1.49,0.5658,2.223,417.22,0.9574,47.75,0.7123,12.29,2.747e-05,0.2009,2.81,1.171,2.155,0.1923,7.83,0.4741,8.087
2022-04-13T07:38:26,40122.31,3053.64,103.79,0.2341,15.06,58.1,17.87,85.26,5.527,153.7,0.515,0.02109,0.006106,2.034,1.46,2.075,1.426,3.571,158.2,12.61,0.795,1.49,0.5658,2.225,417.26,0.958,47.74,0.7126,12.33,2.751e-05,0.201,2.811,1.171,2.155,0.1922,7.831,0.4743,8.087
2022-04-13T07:38:56,40135.54,3054.1,103.86,0.2345,15.06,58.1,17.88,85.32,5.53,153.73,0.515,0.02109,0.006106,2.034,1.46,2.079,1.426,3.57,158.43,12.61,0.7977,1.49,0.5658,2.226,417.39,0.9587,47.81,0.7128,12.33,2.752e-05,0.201,2.812,1.171,2.155,0.1923,7.835,0.4742,8.094
2022-04-13T07:39:26,40148.04,3054.7,103.91,0.2344,15.06,58.2,17.89,85.4,5.532,153.86,0.5141,0.02111,0.006106,2.034,1.46,2.079,1.426,3.58,158.53,12.61,0.7977,1.49,0.5658,2.227,417.54,0.9587,47.83,0.7128,12.34,2.75e-05,0.2013,2.813,1.172,2.155,0.1924,7.835,0.4742,8.093
2022-04-13T07:39:56,40113,3052.75,103.82,0.2342,15.06,58.2,17.88,85.43,5.523,153.79,0.5141,0.02109,0.006106,2.034,1.461,2.077,1.426,3.568,158.5,12.61,0.7969,1.487,0.5468,2.225,417.54,0.9577,47.79,0.7126,12.31,2.739e-05,0.201,2.812,1.172,2.155,0.1924,7.836,0.4741,8.098
2022-04-13T07:40:26,40117.49,3052.86,103.8,0.2343,15.09,58.2,17.87,85.48,5.524,153.83,0.5141,0.02108,0.006106,2.034,1.461,2.08,1.426,3.569,158.46,12.65,0.7969,1.486,0.5468,2.226,417.62,0.9586,47.74,0.7125,12.31,2.74e-05,0.201,2.812,1.172,2.155,0.1924,7.84,0.4744,8.099
2022-04-13T07:40:56,40132.62,3052.94,103.84,0.2344,15.09,58.2,17.88,85.55,5.528,153.81,0.5141,0.02109,0.006106,2.034,1.461,2.083,1.428,3.571,158.52,12.65,0.7969,1.486,0.5468,2.226,417.64,0.9586,47.75,0.7127,12.31,2.74e-05,0.201,2.812,1.172,2.155,0.1924,7.844,0.4747,8.099
2022-04-13T07:41:26,40127.01,3052.68,103.8,0.2345,15.09,58.3,17.87,85.6,5.529,153.79,0.5141,0.02109,0.006114,2.034,1.461,2.083,1.427,3.573,158.57,12.65,0.801,1.486,0.5468,2.225,417.61,0.958,47.82,0.7125,12.28,2.74e-05,0.2012,2.812,1.172,2.155,0.1924,7.843,0.475,8.094
2022-04-13T07:41:56,40121.82,3052.32,103.78,0.2344,15.09,58.3,17.87,85.59,5.53,153.78,0.5141,0.02108,0.006113,2.034,1.461,2.083,1.427,3.57,158.57,12.65,0.7968,1.488,0.5468,2.225,417.65,0.9586,47.82,0.7124,12.28,2.74e-05,0.2012,2.812,1.172,2.155,0.1924,7.844,0.4751,8.094
2022-04-13T07:42:26,40112.43,3050.53,103.71,0.2343,15.09,58.3,17.87,85.53,5.53,153.77,0.5167,0.02108,0.006113,2.034,1.461,2.082,1.426,3.571,158.53,12.65,0.7968,1.488,0.5468,2.225,417.47,0.9582,47.83,0.7124,12.28,2.74e-05,0.2012,2.811,1.172,2.155,0.1924,7.845,0.4748,8.098
2022-04-13T07:42:56,40117.76,3050.75,103.69,0.2343,15.12,58.2,17.87,85.51,5.53,153.81,0.5167,0.02108,0.006113,2.034,1.461,2.08,1.426,3.569,158.51,12.65,0.7968,1.489,0.5468,2.225,417.55,0.9579,47.83,0.7124,12.28,2.74e-05,0.2012,2.811,1.172,2.154,0.1923,7.846,0.4746,8.099
2022-04-13T07:43:26,40116.19,3050.08,103.7,0.2343,15.12,58.2,17.87,85.51,5.53,153.76,0.5163,0.02109,0.006114,2.034,1.461,2.08,1.426,3.569,158.45,12.65,0.7961,1.489,0.5468,2.225,417.56,0.9581,47.85,0.7121,12.31,2.731e-05,0.2012,2.81,1.171,2.153,0.1923,7.848,0.4746,8.099
2022-04-13T07:43:56,40111.33,3049.44,103.77,0.2341,15.12,58.2,17.86,85.51,5.529,153.72,0.5165,0.02108,0.006114,2.034,1.461,2.079,1.426,3.567,158.38,12.65,0.7968,1.489,0.5468,2.225,417.53,0.9576,47.84,0.7119,12.31,2.734e-05,0.2012,2.81,1.171,2.153,0.1923,7.846,0.4741,8.099
2022-04-13T07:44:26,40106.04,3049.64,103.8,0.2342,15.12,58.2,17.85,85.51,5.526,153.71,0.5165,0.02108,0.006114,2.034,1.461,2.079,1.426,3.569,158.21,12.65,0.7968,1.486,0.5468,2.224,417.51,0.9579,47.82,0.7118,12.31,2.737e-05,0.2012,2.81,1.171,2.152,0.1923,7.845,0.474,8.102
2022-04-13T07:44:56,40109.11,3049.78,103.87,0.2343,15.12,58.2,17.85,85.55,5.526,153.74,0.5165,0.0211,0.006114,2.034,1.461,2.079,1.426,3.566,158.27,12.65,0.7968,1.486,0.5468,2.224,417.57,0.9579,47.84,0.7121,12.33,2.74e-05,0.2013,2.811,1.171,2.153,0.1922,7.846,0.474,8.107
2022-04-13T07:45:26,40109.66,3049.11,103.85,0.2341,15.06,58.2,17.85,85.57,5.53,153.73,0.5165,0.02111,0.006114,2.03,1.461,2.079,1.426,3.569,158.32,12.65,0.7968,1.486,0.5468,2.223,417.53,0.9576,47.85,0.7122,12.33,2.739e-05,0.2013,2.812,1.171,2.155,0.1923,7.847,0.4745,8.108
2022-04-13T07:45:56,40105.71,3048.8,103.85,0.234,15.06,58.2,17.85,85.56,5.529,153.8,0.5165,0.02111,0.006114,2.03,1.461,2.079,1.426,3.568,158.33,12.65,0.7968,1.483,0.5468,2.223,417.58,0.9578,47.84,0.712,12.33,2.733e-05,0.2012,2.813,1.171,2.155,0.1923,7.846,0.4743,8.107
2022-04-13T07:46:26,40103.57,3048.49,103.86,0.2337,15.07,58.2,17.85,85.51,5.528,153.77,0.5164,0.0211,0.006102,2.03,1.461,2.079,1.425,3.562,158.37,12.65,0.8089,1.483,0.5468,2.223,417.53,0.9579,47.83,0.7119,12.4,2.732e-05,0.2012,2.812,1.17,2.155,0.1923,7.839,0.4741,8.103
2022-04-13T07:46:56,40099.9,3047.98,103.85,0.2338,15.07,58.2,17.85,85.48,5.532,153.8,0.5164,0.0211,0.006102,2.03,1.461,2.078,1.426,3.566,158.3,12.65,0.8035,1.483,0.5468,2.223,417.43,0.9578,47.83,0.712,12.37,2.733e-05,0.2011,2.81,1.17,2.155,0.1923,7.838,0.4744,8.108
2022-04-13T07:47:26,40099.83,3049.15,103.85,0.2339,15.07,58.3,17.85,85.49,5.533,153.75,0.5164,0.0211,0.006102,2.03,1.461,2.078,1.426,3.57,158.29,12.6,0.8035,1.483,0.5468,2.223,417.51,0.9575,47.84,0.712,12.37,2.734e-05,0.2011,2.812,1.17,2.154,0.1922,7.837,0.4742,8.108
2022-04-13T07:47:56,40098.4,3048.95,103.81,0.2339,15.07,58.3,17.85,85.47,5.532,153.73,0.5164,0.02112,0.006102,2.03,1.46,2.077,1.424,3.57,158.22,12.6,0.8035,1.483,0.5468,2.222,417.48,0.9576,47.81,0.712,12.37,2.734e-05,0.2011,2.809,1.17,2.154,0.1923,7.834,0.4742,8.103
2022-04-13T07:48:26,40099.2,3048.24,103.82,0.2336,15.07,58.2,17.85,85.45,5.531,153.66,0.5164,0.02112,0.006102,2.03,1.459,2.078,1.424,3.57,158.15,12.6,0.8035,1.483,0.5468,2.222,417.45,0.9572,47.78,0.7119,12.37,2.734e-05,0.2011,2.808,1.17,2.153,0.1922,7.831,0.4736,8.103
2022-04-13T07:48:56,40094.3,3047.92,103.82,0.2336,15.05,58.1,17.85,85.42,5.531,153.67,0.5164,0.02111,0.006102,2.03,1.459,2.077,1.422,3.564,158.03,12.6,0.8035,1.483,0.5468,2.222,417.42,0.9577,47.75,0.7119,12.37,2.731e-05,0.2009,2.807,1.17,2.152,0.1922,7.826,0.4734,8.107
2022-04-13T07:49:26,40109.43,3049.3,103.91,0.2338,15.05,58.1,17.85,85.44,5.535,153.79,0.5148,0.02111,0.006102,2.034,1.458,2.078,1.424,3.569,158.1,12.6,0.8035,1.484,0.5468,2.223,417.5,0.9572,47.75,0.7125,12.35,2.734e-05,0.2009,2.809,1.17,2.152,0.1923,7.833,0.4732,8.108
2022-04-13T07:49:56,40159.92,3052.4,104.16,0.2342,15.05,58.5,17.86,85.51,5.539,154,0.5164,0.02119,0.006102,2.034,1.46,2.081,1.426,3.574,158.3,12.6,0.8035,1.485,0.5468,2.227,417.77,0.9584,47.83,0.7129,12.35,2.741e-05,0.2015,2.813,1.172,2.155,0.1924,7.849,0.4736,8.11
2022-04-13T07:50:26,40142.36,3050.88,104.11,0.2343,15.05,58.4,17.86,85.62,5.547,154.03,0.5176,0.02115,0.006102,2.034,1.462,2.08,1.426,3.575,158.27,12.6,0.8035,1.485,0.5468,2.225,417.89,0.9579,47.79,0.7131,12.35,2.74e-05,0.2016,2.811,1.172,2.154,0.1924,7.849,0.4741,8.111
2022-04-13T07:50:56,40147.78,3051.29,104.12,0.2343,15.05,58.3,17.87,85.61,5.54,153.95,0.5176,0.02113,0.006102,2.034,1.462,2.081,1.427,3.575,158.31,12.6,0.8085,1.487,0.5468,2.225,417.85,0.958,47.79,0.7132,12.36,2.743e-05,0.2013,2.812,1.172,2.153,0.1925,7.849,0.4743,8.114
2022-04-13T07:51:26,40151.27,3051.45,104.12,0.2343,15.05,58.3,17.86,85.63,5.543,154,0.5176,0.02113,0.006125,2.034,1.461,2.084,1.425,3.577,158.36,12.6,0.8082,1.487,0.5468,2.225,417.99,0.9579,47.82,0.7132,12.36,2.744e-05,0.2013,2.812,1.172,2.153,0.1925,7.848,0.4743,8.117
2022-04-13T07:51:56,40153.35,3053.34,104.13,0.2345,15.09,58.4,17.86,85.66,5.533,154.01,0.5176,0.02112,0.006125,2.034,1.461,2.084,1.426,3.578,158.45,12.6,0.8082,1.487,0.5468,2.226,418.13,0.9579,47.84,0.7133,12.37,2.746e-05,0.2013,2.814,1.172,2.154,0.1926,7.849,0.4743,8.119
2022-04-13T07:52:26,40150.29,3053.66,104.14,0.2346,15.09,58.4,17.87,85.66,5.529,154.14,0.5176,0.02112,0.006125,2.034,1.461,2.084,1.427,3.578,158.55,12.6,0.8082,1.487,0.5468,2.228,418.1,0.9588,47.84,0.7133,12.37,2.755e-05,0.2013,2.814,1.173,2.155,0.1926,7.856,0.4744,8.118
2022-04-13T07:52:56,40145.61,3053.41,104.2,0.2347,15.09,58.4,17.87,85.69,5.531,154.17,0.5176,0.02114,0.006125,2.034,1.461,2.084,1.427,3.578,158.56,12.6,0.8082,1.488,0.5468,2.226,418.22,0.959,47.86,0.7133,12.35,2.752e-05,0.2013,2.815,1.173,2.155,0.1925,7.856,0.4747,8.114
2022-04-13T07:53:26,40152.84,3053.65,104.18,0.2347,15.09,58.4,17.87,85.67,5.53,154.24,0.5176,0.02114,0.006125,2.034,1.461,2.084,1.427,3.578,158.56,12.6,0.8082,1.484,0.5468,2.226,418.03,0.9593,47.85,0.7135,12.35,2.752e-05,0.2013,2.814,1.172,2.155,0.1926,7.856,0.4746,8.118
2022-04-13T07:53:56,40146.4,3053.75,104.19,0.2346,15.09,58.4,17.87,85.67,5.528,154.39,0.5179,0.02112,0.006125,2.034,1.461,2.081,1.426,3.575,158.6,12.6,0.8082,1.486,0.5468,2.227,418.05,0.9594,47.85,0.7137,12.36,2.753e-05,0.2018,2.814,1.172,2.155,0.1926,7.855,0.4745,8.114
2022-04-13T07:54:26,40124.91,3051.92,104.09,0.2346,15.09,58.4,17.87,85.64,5.527,154.15,0.5179,0.02112,0.00611,2.034,1.461,2.08,1.426,3.575,158.51,12.6,0.8082,1.486,0.5468,2.225,417.94,0.9576,47.84,0.7133,12.42,2.753e-05,0.2016,2.811,1.171,2.154,0.1925,7.847,0.4739,8.119
2022-04-13T07:54:56,40127.52,3051.13,104.01,0.2342,15.09,58.4,17.86,85.61,5.526,154.17,0.5179,0.0211,0.00611,2.031,1.461,2.08,1.425,3.571,158.48,12.6,0.8082,1.486,0.5468,2.225,417.81,0.9574,47.8,0.7133,12.4,2.749e-05,0.2016,2.812,1.171,2.153,0.1924,7.845,0.4739,8.119
2022-04-13T07:55:26,40120.58,3051.05,104.05,0.2342,15.09,58.2,17.85,85.56,5.529,154.12,0.5203,0.02111,0.00611,2.03,1.461,2.079,1.425,3.571,158.39,12.6,0.8054,1.483,0.5468,2.225,417.69,0.9575,47.79,0.7135,12.4,2.748e-05,0.2016,2.811,1.17,2.153,0.1925,7.845,0.4739,8.117
2022-04-13T07:55:56,40122.98,3050.91,104.04,0.2343,15.09,58.3,17.85,85.55,5.529,154.11,0.5188,0.02113,0.00611,2.03,1.461,2.08,1.425,3.571,158.41,12.6,0.8082,1.485,0.5468,2.225,417.86,0.9578,47.78,0.7136,12.36,2.75e-05,0.2016,2.811,1.17,2.153,0.1925,7.842,0.4745,8.118
2022-04-13T07:56:26,40123.24,3050.77,104.04,0.2343,15.07,58.2,17.86,85.54,5.528,154.07,0.5188,0.02113,0.00611,2.03,1.462,2.08,1.425,3.574,158.44,12.6,0.8082,1.485,0.5468,2.225,417.85,0.9581,47.8,0.7136,12.36,2.754e-05,0.2016,2.811,1.17,2.152,0.1925,7.849,0.4752,8.114
2022-04-13T07:56:56,40123.98,3050.99,104.04,0.2345,15.08,58.2,17.86,85.55,5.531,154.14,0.5188,0.02112,0.00611,2.03,1.462,2.079,1.424,3.572,158.43,12.6,0.8082,1.485,0.5468,2.225,417.8,0.958,47.8,0.7135,12.36,2.755e-05,0.2016,2.811,1.17,2.152,0.1926,7.848,0.4752,8.114
2022-04-13T07:57:26,40125.84,3051.28,104.04,0.2346,15.08,58.2,17.86,85.55,5.534,154.13,0.5188,0.02111,0.006112,2.03,1.461,2.079,1.425,3.572,158.47,12.6,0.8082,1.481,0.5468,2.225,417.98,0.9579,47.79,0.7139,12.35,2.75e-05,0.2016,2.81,1.17,2.152,0.1926,7.85,0.4753,8.114
2022-04-13T07:57:56,40126.32,3050.73,103.94,0.2345,15.08,58.3,17.85,85.55,5.534,154.05,0.5188,0.02111,0.006112,2.03,1.461,2.079,1.424,3.573,158.46,12.6,0.8082,1.481,0.5468,2.225,417.84,0.9579,47.8,0.7136,12.34,2.746e-05,0.2016,2.81,1.17,2.152,0.1926,7.849,0.475,8.118
2022-04-13T07:58:26,40112.74,3049.93,103.93,0.2343,15.08,58.3,17.85,85.5,5.529,154.05,0.5188,0.0211,0.00611,2.033,1.461,2.078,1.424,3.57,158.47,12.6,0.8074,1.481,0.5468,2.224,417.72,0.9571,47.77,0.7138,12.34,2.746e-05,0.2015,2.81,1.169,2.151,0.1925,7.848,0.4751,8.118
2022-04-13T07:58:56,40110.35,3049.81,103.88,0.2344,15.08,58.3,17.84,85.49,5.53,154,0.5197,0.0211,0.00611,2.033,1.461,2.078,1.423,3.57,158.48,12.6,0.8074,1.482,0.5468,2.224,417.75,0.9571,47.75,0.7137,12.34,2.741e-05,0.2015,2.809,1.169,2.151,0.1925,7.844,0.4757,8.118
2022-04-13T07:59:26,40109.86,3049.77,103.87,0.2343,15.08,58.3,17.84,85.49,5.529,153.98,0.5198,0.02108,0.00611,2.033,1.46,2.081,1.423,3.567,158.5,12.6,0.8074,1.482,0.5468,2.224,417.81,0.957,47.76,0.7138,12.35,2.742e-05,0.2015,2.809,1.168,2.15,0.1926,7.846,0.4762,8.113
2022-04-13T07:59:56,40126.01,3051.01,103.96,0.2345,15.08,58.2,17.85,85.5,5.53,154.02,0.5186,0.02111,0.00611,2.033,1.461,2.082,1.424,3.57,158.54,12.6,0.807,1.482,0.5468,2.225,417.9,0.9572,47.77,0.714,12.36,2.738e-05,0.2015,2.811,1.169,2.151,0.1926,7.849,0.4762,8.112
2022-04-13T08:00:26,40150.21,3052.71,103.98,0.2348,15.08,58.2,17.86,85.57,5.532,154.22,0.5186,0.02111,0.00611,2.033,1.461,2.083,1.426,3.57,158.61,12.6,0.8119,1.482,0.5468,2.226,418,0.9577,47.86,0.7143,12.36,2.743e-05,0.2015,2.813,1.17,2.152,0.1926,7.855,0.4765,8.118
2022-04-13T08:00:56,40144.98,3051.2,103.89,0.235,15.08,58.2,17.85,85.54,5.54,154.06,0.5186,0.02111,0.00611,2.033,1.46,2.077,1.425,3.57,158.56,12.6,0.8119,1.484,0.5468,2.225,418.09,0.9576,47.85,0.7141,12.36,2.738e-05,0.2015,2.812,1.169,2.151,0.1926,7.856,0.4758,8.114
2022-04-13T08:01:26,40152.35,3052.21,103.94,0.2349,15.08,58.2,17.85,85.58,5.54,154.09,0.5186,0.02113,0.00611,2.033,1.46,2.077,1.426,3.573,158.57,12.6,0.8119,1.483,0.5468,2.227,418.2,0.9578,47.83,0.7138,12.32,2.741e-05,0.2015,2.813,1.169,2.152,0.1926,7.863,0.4757,8.115
2022-04-13T08:01:56,40156.38,3052.55,103.91,0.2347,15.08,58.2,17.85,85.59,5.54,154.15,0.5186,0.02113,0.00611,2.033,1.461,2.078,1.426,3.579,158.6,12.6,0.8119,1.483,0.5468,2.227,418.31,0.9582,47.83,0.7141,12.32,2.742e-05,0.2018,2.813,1.169,2.152,0.1927,7.864,0.4761,8.12
2022-04-13T08:02:26,40157.82,3053.12,103.91,0.2347,15.08,58.2,17.88,85.62,5.54,154.17,0.5206,0.02113,0.00611,2.033,1.461,2.078,1.425,3.577,158.54,12.6,0.8119,1.481,0.5468,2.227,418.35,0.9577,47.83,0.714,12.39,2.752e-05,0.2018,2.813,1.17,2.152,0.1927,7.866,0.476,8.121
2022-04-13T08:02:56,40164.27,3053.09,103.94,0.2347,15.08,58.3,17.88,85.61,5.538,154.11,0.5206,0.02113,0.00611,2.033,1.461,2.078,1.425,3.577,158.53,12.6,0.8117,1.482,0.5468,2.226,418.53,0.9579,47.82,0.7137,12.39,2.75e-05,0.2018,2.814,1.17,2.152,0.1927,7.869,0.4755,8.122
2022-04-13T08:03:26,40169.18,3054.71,104.09,0.2346,15.08,58.3,17.89,85.62,5.544,154.22,0.5206,0.02113,0.00611,2.033,1.461,2.078,1.427,3.583,158.58,12.6,0.8117,1.484,0.5468,2.227,418.48,0.9582,47.85,0.7144,12.4,2.751e-05,0.2021,2.812,1.17,2.152,0.1927,7.868,0.4758,8.124
2022-04-13T08:03:56,40177.25,3057.4,104.13,0.2348,15.08,58.3,17.9,85.65,5.54,154.25,0.5206,0.02114,0.006121,2.035,1.461,2.08,1.427,3.583,158.64,12.6,0.8125,1.484,0.5468,2.23,418.6,0.9588,47.85,0.7146,12.4,2.759e-05,0.2022,2.813,1.17,2.153,0.1928,7.87,0.4766,8.126
2022-04-13T08:04:26,40165.94,3056.19,104.1,0.2347,15.07,58.3,17.9,85.65,5.537,154.19,0.5206,0.02112,0.006124,2.035,1.461,2.085,1.426,3.583,158.7,12.6,0.8125,1.486,0.5468,2.229,418.59,0.958,47.84,0.7142,12.38,2.758e-05,0.2021,2.815,1.17,2.152,0.1927,7.871,0.4759,8.121
2022-04-13T08:04:56,40154.32,3055.9,104.03,0.2346,15.07,58.2,17.89,85.61,5.534,154.17,0.5206,0.0211,0.006124,2.035,1.461,2.084,1.426,3.583,158.69,12.65,0.8125,1.483,0.5468,2.228,418.66,0.9581,47.83,0.7141,12.38,2.759e-05,0.2021,2.814,1.169,2.152,0.1927,7.871,0.4756,8.12
2022-04-13T08:05:26,40150.21,3054.32,103.97,0.2346,15.07,58.2,17.89,85.57,5.534,154.13,0.5201,0.0211,0.006124,2.035,1.461,2.084,1.426,3.583,158.68,12.65,0.8125,1.483,0.5468,2.227,418.56,0.9582,47.82,0.714,12.34,2.758e-05,0.202,2.815,1.169,2.152,0.1927,7.872,0.4755,8.119
2022-04-13T08:05:56,40154.12,3054.73,104.1,0.2348,15.07,58.2,17.89,85.57,5.533,154.19,0.5206,0.02111,0.006124,2.035,1.46,2.087,1.426,3.583,158.69,12.65,0.8125,1.483,0.5468,2.229,418.57,0.9586,47.85,0.7138,12.4,2.758e-05,0.2021,2.817,1.169,2.152,0.1927,7.872,0.4754,8.119
2022-04-13T08:06:26,40189.51,3056.99,104.16,0.235,15.07,58.3,17.9,85.66,5.532,154.19,0.5206,0.02115,0.006124,2.035,1.462,2.089,1.426,3.585,158.84,12.65,0.8112,1.486,0.5468,2.23,418.7,0.9588,47.88,0.7143,12.4,2.759e-05,0.2023,2.82,1.17,2.153,0.1928,7.885,0.4757,8.119
2022-04-13T08:06:56,40195.32,3057.25,104.18,0.2352,15.09,58.3,17.9,85.69,5.532,154.39,0.5206,0.02116,0.006133,2.035,1.462,2.084,1.428,3.587,158.84,12.65,0.8112,1.487,0.5468,2.23,418.93,0.959,47.9,0.7143,12.42,2.763e-05,0.2023,2.82,1.17,2.154,0.1929,7.888,0.4763,8.118
2022-04-13T08:07:26,40172.73,3055.83,104.09,0.235,15.09,58.3,17.9,85.73,5.532,154.35,0.5206,0.02113,0.006133,2.035,1.462,2.083,1.427,3.582,158.78,12.65,0.8112,1.487,0.5468,2.228,418.94,0.9585,47.91,0.714,12.42,2.761e-05,0.2022,2.818,1.17,2.153,0.1928,7.883,0.476,8.112
2022-04-13T08:07:56,40159.12,3055.4,104.09,0.2349,15.09,58.3,17.89,85.69,5.531,154.33,0.5208,0.02113,0.006119,2.035,1.462,2.085,1.426,3.585,158.71,12.65,0.8112,1.487,0.5468,2.227,418.93,0.9585,47.91,0.714,12.42,2.756e-05,0.2022,2.818,1.169,2.153,0.1928,7.877,0.4762,8.11
2022-04-13T08:08:26,40162.8,3055.37,104.07,0.235,15.09,58.2,17.89,85.7,5.529,154.22,0.5208,0.02114,0.006212,2.035,1.461,2.085,1.426,3.585,158.73,12.65,0.8112,1.486,0.5468,2.227,418.92,0.9588,47.91,0.714,12.43,2.76e-05,0.2022,2.818,1.169,2.153,0.1928,7.877,0.4761,8.111
2022-04-13T08:08:56,40165.01,3055.39,104.11,0.2352,15.09,58.3,17.89,85.72,5.529,154.28,0.5204,0.02114,0.006195,2.035,1.461,2.084,1.427,3.585,158.72,12.65,0.8112,1.486,0.5468,2.227,418.93,0.9587,47.94,0.714,12.44,2.761e-05,0.2022,2.818,1.169,2.153,0.1928,7.884,0.4759,8.111
2022-04-13T08:09:26,40164.84,3055.77,104.13,0.2351,15.09,58.3,17.89,85.72,5.529,154.27,0.5212,0.02114,0.006195,2.035,1.461,2.084,1.427,3.582,158.74,12.65,0.8112,1.486,0.5468,2.228,418.93,0.9585,47.95,0.714,12.43,2.759e-05,0.2022,2.818,1.169,2.153,0.1928,7.884,0.4759,8.11
2022-04-13T08:09:56,40165.41,3055.49,104.17,0.2352,15.12,58.3,17.89,85.73,5.534,154.3,0.5215,0.02114,0.006195,2.035,1.461,2.084,1.426,3.582,158.77,12.65,0.8112,1.486,0.5468,2.228,418.92,0.9583,47.96,0.7143,12.43,2.76e-05,0.2022,2.818,1.169,2.153,0.1928,7.885,0.4755,8.11
2022-04-13T08:10:26,40164.16,3055.48,104.18,0.2352,15.12,58.3,17.89,85.75,5.535,154.27,0.5215,0.02112,0.006195,2.035,1.461,2.084,1.427,3.584,158.75,12.65,0.8112,1.486,0.5468,2.228,418.84,0.9585,47.97,0.7143,12.42,2.759e-05,0.2022,2.817,1.169,2.153,0.1928,7.881,0.4752,8.11
2022-04-13T08:10:56,40170.64,3056.13,104.26,0.2353,15.12,58.3,17.9,85.8,5.535,154.38,0.5217,0.02112,0.006197,2.035,1.461,2.084,1.427,3.584,158.79,12.65,0.8112,1.485,0.5468,2.229,418.8,0.9587,47.98,0.7144,12.42,2.759e-05,0.2022,2.818,1.17,2.153,0.1928,7.882,0.4753,8.11
2022-04-13T08:11:26,40177.59,3057.24,104.19,0.2352,15.12,58.3,17.9,85.72,5.532,154.3,0.521,0.02111,0.006189,2.035,1.461,2.085,1.427,3.584,158.76,12.65,0.8112,1.485,0.5468,2.227,418.79,0.9586,48,0.7145,12.42,2.758e-05,0.2021,2.817,1.17,2.153,0.1928,7.896,0.4749,8.11
2022-04-13T08:11:56,40177.09,3057.15,104.2,0.2352,15.12,58.3,17.9,85.7,5.54,154.29,0.5224,0.02112,0.006189,2.037,1.462,2.084,1.427,3.584,158.77,12.64,0.8112,1.486,0.5468,2.227,418.75,0.9586,48,0.7144,12.42,2.757e-05,0.202,2.817,1.17,2.154,0.1928,7.907,0.4749,8.106
2022-04-13T08:12:26,40140.72,3054.18,103.87,0.2345,15.1,58,17.88,85.6,5.53,153.82,0.5224,0.02106,0.006189,2.037,1.459,2.074,1.423,3.584,158.61,12.64,0.8127,1.481,0.5468,2.221,418.67,0.957,47.91,0.7138,12.39,2.747e-05,0.2014,2.814,1.168,2.151,0.1925,7.882,0.4745,8.104
2022-04-13T08:12:56,40130.12,3054.36,103.94,0.2346,15.1,58,17.89,85.46,5.536,153.89,0.5204,0.02106,0.006189,2.037,1.459,2.072,1.423,3.584,158.3,12.64,0.8127,1.481,0.5468,2.221,418.43,0.9572,47.89,0.7135,12.39,2.749e-05,0.2013,2.807,1.166,2.149,0.1924,7.865,0.4743,8.098
2022-04-13T08:13:26,40128.87,3052.51,103.94,0.2345,15.1,58,17.89,85.47,5.538,153.94,0.5204,0.02106,0.006189,2.037,1.459,2.072,1.423,3.578,158.31,12.64,0.8135,1.481,0.5468,2.221,418.49,0.9572,47.91,0.7133,12.42,2.748e-05,0.2015,2.808,1.167,2.149,0.1924,7.862,0.4745,8.099
2022-04-13T08:13:56,40136.28,3052.6,103.99,0.2345,15.1,58.2,17.88,85.5,5.538,153.94,0.5204,0.02108,0.006181,2.037,1.459,2.073,1.423,3.578,158.37,12.64,0.8135,1.483,0.5468,2.223,418.5,0.9577,47.93,0.7134,12.42,2.748e-05,0.2016,2.808,1.167,2.151,0.1924,7.859,0.4752,8.1
2022-04-13T08:14:26,40137.49,3052.48,103.99,0.2344,15.1,58.3,17.87,85.51,5.54,153.92,0.5204,0.02109,0.006181,2.037,1.459,2.073,1.424,3.578,158.35,12.64,0.8135,1.486,0.5468,2.222,418.56,0.9575,47.94,0.7133,12.42,2.747e-05,0.2016,2.81,1.167,2.15,0.1924,7.854,0.4751,8.1
2022-04-13T08:14:56,40142.69,3053.29,103.96,0.2344,15.1,58.4,17.88,85.55,5.54,153.92,0.5204,0.0211,0.006181,2.034,1.459,2.073,1.423,3.578,158.38,12.64,0.8135,1.486,0.5468,2.222,418.48,0.957,47.94,0.7134,12.43,2.748e-05,0.2016,2.81,1.166,2.15,0.1924,7.852,0.4754,8.099
2022-04-13T08:15:26,40125.99,3052.53,103.9,0.2344,15.1,58.4,17.88,85.54,5.546,153.93,0.5197,0.02111,0.006179,2.034,1.46,2.072,1.424,3.575,158.4,12.64,0.8138,1.484,0.549,2.222,418.58,0.9569,47.93,0.7132,12.43,2.745e-05,0.2016,2.809,1.166,2.15,0.1924,7.856,0.4759,8.1
2022-04-13T08:15:56,40121.67,3051.86,103.88,0.2341,15.1,58.2,17.86,85.51,5.543,153.75,0.5207,0.02108,0.006179,2.034,1.46,2.072,1.423,3.571,158.19,12.64,0.8122,1.479,0.549,2.218,418.53,0.9563,47.92,0.7127,12.43,2.742e-05,0.2014,2.807,1.165,2.149,0.1922,7.838,0.4754,8.095
2022-04-13T08:16:26,40091.21,3052.19,103.82,0.234,15.04,58.1,17.86,85.38,5.534,153.66,0.5207,0.02103,0.006179,2.034,1.458,2.07,1.422,3.561,158.2,12.64,0.8112,1.478,0.549,2.22,418.16,0.956,47.92,0.7127,12.44,2.734e-05,0.201,2.808,1.165,2.149,0.1922,7.824,0.4746,8.087
2022-04-13T08:16:56,40090.23,3052.15,103.82,0.234,15.04,58.1,17.86,85.32,5.536,153.7,0.5201,0.02104,0.006179,2.034,1.458,2.07,1.422,3.562,158.1,12.61,0.8112,1.481,0.549,2.219,418.13,0.9562,47.91,0.7127,12.44,2.729e-05,0.201,2.807,1.164,2.148,0.1922,7.822,0.4746,8.091
2022-04-13T08:17:26,40098.73,3053.39,103.87,0.234,15.04,58.2,17.86,85.33,5.533,153.65,0.5201,0.02107,0.006179,2.035,1.458,2.071,1.421,3.564,158.06,12.61,0.8112,1.48,0.549,2.22,418.24,0.956,47.9,0.7128,12.44,2.73e-05,0.2012,2.808,1.165,2.147,0.1922,7.821,0.4748,8.088
2022-04-13T08:17:56,40097.45,3053.6,103.86,0.2339,15.04,58.1,17.85,85.34,5.54,153.61,0.5201,0.02108,0.006181,2.035,1.458,2.071,1.421,3.568,158.08,12.68,0.8112,1.482,0.549,2.22,418.38,0.9559,47.94,0.7127,12.44,2.734e-05,0.2012,2.807,1.165,2.147,0.1922,7.819,0.4751,8.088
2022-04-13T08:18:26,40108.74,3053.95,103.91,0.2339,15.04,58.1,17.86,85.38,5.54,153.68,0.5201,0.02109,0.006181,2.035,1.458,2.071,1.422,3.568,158.06,12.68,0.8112,1.484,0.549,2.22,418.48,0.9566,47.94,0.7128,12.44,2.734e-05,0.2012,2.807,1.164,2.149,0.1923,7.817,0.4753,8.088
2022-04-13T08:18:56,40102.25,3053.11,103.84,0.2339,15.04,58.1,17.85,85.34,5.538,153.81,0.5201,0.02107,0.006181,2.035,1.459,2.071,1.421,3.562,157.94,12.64,0.8112,1.484,0.549,2.22,418.4,0.9554,47.9,0.7129,12.46,2.732e-05,0.201,2.806,1.164,2.148,0.1922,7.813,0.4752,8.091
2022-04-13T08:19:26,40093.25,3052.9,103.83,0.2339,15.04,58.1,17.86,85.31,5.534,154.23,0.5212,0.02107,0.006181,2.035,1.458,2.07,1.421,3.561,157.94,12.64,0.8112,1.484,0.549,2.22,418.42,0.9556,47.9,0.7132,12.46,2.73e-05,0.201,2.804,1.164,2.147,0.1922,7.814,0.4752,8.09
2022-04-13T08:19:56,40095.58,3053.11,103.88,0.2339,15.04,58.1,17.86,85.3,5.531,154.46,0.5212,0.02108,0.006181,2.035,1.458,2.071,1.42,3.561,157.95,12.64,0.8112,1.484,0.549,2.22,418.37,0.9559,47.9,0.7132,12.47,2.729e-05,0.201,2.807,1.165,2.148,0.1922,7.812,0.4748,8.089
2022-04-13T08:20:26,40101.19,3054.2,103.92,0.2341,15.04,58.1,17.86,85.3,5.536,154.63,0.5212,0.02108,0.006181,2.035,1.459,2.071,1.42,3.561,157.97,12.64,0.8103,1.484,0.549,2.22,418.5,0.9558,47.88,0.7133,12.5,2.726e-05,0.201,2.807,1.165,2.148,0.1923,7.812,0.4748,8.09
2022-04-13T08:20:56,40108.44,3054.76,103.9,0.2341,15.04,58.1,17.87,85.3,5.536,154.89,0.5213,0.0211,0.006178,2.035,1.458,2.071,1.422,3.561,157.99,12.64,0.8103,1.484,0.549,2.221,418.58,0.9558,47.9,0.7138,12.5,2.727e-05,0.2012,2.807,1.165,2.148,0.1923,7.813,0.4752,8.09
2022-04-13T08:21:26,40107.43,3054.8,103.91,0.2343,15.04,58.1,17.88,85.31,5.536,154.85,0.5214,0.02111,0.006178,2.035,1.458,2.071,1.422,3.561,158.08,12.64,0.8103,1.484,0.549,2.221,418.59,0.9555,47.92,0.7141,12.46,2.731e-05,0.2012,2.807,1.165,2.148,0.1924,7.814,0.4757,8.089
2022-04-13T08:21:56,40105.08,3054.58,103.95,0.2343,15.04,58.1,17.88,85.31,5.532,154.84,0.5205,0.0211,0.006178,2.035,1.458,2.071,1.422,3.563,158.07,12.64,0.8103,1.485,0.549,2.221,418.63,0.956,47.93,0.714,12.45,2.731e-05,0.2012,2.807,1.165,2.148,0.1923,7.813,0.4761,8.089
2022-04-13T08:22:26,40102.54,3053.24,103.89,0.2343,15.04,58,17.87,85.3,5.532,154.62,0.5205,0.02109,0.006178,2.035,1.458,2.071,1.422,3.559,158.09,12.64,0.8103,1.485,0.549,2.22,418.54,0.9555,47.9,0.7139,12.41,2.726e-05,0.2012,2.807,1.166,2.148,0.1923,7.809,0.4761,8.089
2022-04-13T08:22:56,40094.36,3052.83,103.86,0.234,15.04,58,17.86,85.28,5.529,153.93,0.5205,0.02107,0.006178,2.035,1.458,2.07,1.421,3.558,157.99,12.64,0.8109,1.483,0.549,2.219,418.54,0.9559,47.92,0.7137,12.41,2.72e-05,0.2012,2.806,1.166,2.147,0.1922,7.803,0.4761,8.089
2022-04-13T08:23:26,40089.57,3052.13,103.85,0.234,15.04,58.1,17.86,85.24,5.526,154.19,0.5205,0.02107,0.006178,2.035,1.458,2.07,1.42,3.56,158.02,12.64,0.8109,1.481,0.549,2.22,418.49,0.9553,47.89,0.7132,12.4,2.719e-05,0.2012,2.805,1.166,2.147,0.1922,7.804,0.4764,8.089
2022-04-13T08:23:56,40106.61,3053.9,103.96,0.234,15.04,58.1,17.87,85.28,5.526,154.36,0.5205,0.02109,0.006178,2.033,1.458,2.071,1.421,3.561,158.11,12.64,0.8094,1.482,0.549,2.221,418.41,0.9556,47.89,0.7136,12.37,2.72e-05,0.2011,2.807,1.166,2.148,0.1923,7.81,0.4769,8.088
2022-04-13T08:24:26,40108.47,3052.8,103.9,0.234,15.03,58.2,17.87,85.26,5.526,154.31,0.5205,0.02109,0.006178,2.035,1.458,2.071,1.421,3.558,158.12,12.64,0.8094,1.479,0.549,2.22,418.49,0.9554,47.91,0.7136,12.38,2.72e-05,0.2011,2.808,1.166,2.148,0.1923,7.809,0.4768,8.089
2022-04-13T08:24:56,40091.89,3051.71,103.84,0.2338,15.03,58.2,17.86,85.21,5.528,154.16,0.5205,0.02104,0.006178,2.035,1.458,2.073,1.419,3.555,158,12.64,0.8094,1.478,0.549,2.22,418.39,0.9552,47.91,0.7135,12.36,2.716e-05,0.2011,2.808,1.165,2.148,0.1922,7.814,0.4768,8.09
2022-04-13T08:25:26,40072.48,3051.21,103.71,0.2335,15.03,58,17.84,85.18,5.523,154.13,0.5199,0.02104,0.00618,2.035,1.459,2.072,1.418,3.558,157.88,12.64,0.8094,1.478,0.549,2.218,418.14,0.9544,47.87,0.7132,12.36,2.715e-05,0.2011,2.804,1.164,2.146,0.1921,7.813,0.4765,8.084
2022-04-13T08:25:56,40069.3,3050.73,103.78,0.2336,15.05,58.1,17.85,85.17,5.518,154.48,0.5201,0.02103,0.00618,2.034,1.458,2.072,1.419,3.556,157.8,12.64,0.8094,1.478,0.549,2.219,418.18,0.9545,47.89,0.713,12.4,2.716e-05,0.2009,2.804,1.164,2.146,0.1921,7.813,0.4768,8.09
2022-04-13T08:26:26,40068.82,3050.98,103.78,0.2336,15.05,58.1,17.84,85.18,5.522,154.81,0.5201,0.02104,0.00618,2.034,1.458,2.072,1.419,3.555,157.75,12.64,0.8106,1.477,0.549,2.219,418.23,0.9532,47.94,0.713,12.38,2.717e-05,0.2009,2.804,1.163,2.145,0.1921,7.813,0.4771,8.09
2022-04-13T08:26:56,40063.54,3050.41,103.77,0.2336,15.05,58.1,17.84,85.18,5.524,154.68,0.519,0.02103,0.00618,2.022,1.458,2.071,1.418,3.555,157.89,12.64,0.8106,1.476,0.549,2.22,418.16,0.9535,47.93,0.7129,12.38,2.721e-05,0.2009,2.805,1.163,2.146,0.1921,7.813,0.4771,8.089
2022-04-13T08:27:26,40071.04,3051.21,103.82,0.2337,15.05,58.1,17.85,85.2,5.523,154.61,0.519,0.02107,0.00618,2.022,1.457,2.072,1.419,3.558,158.31,12.64,0.8106,1.476,0.549,2.22,418.18,0.9541,47.94,0.7129,12.38,2.723e-05,0.2011,2.806,1.164,2.146,0.1921,7.814,0.478,8.089
2022-04-13T08:27:56,40070.42,3051.1,103.79,0.2337,15.05,58,17.85,85.21,5.525,154.6,0.519,0.02107,0.00618,2.02,1.457,2.072,1.419,3.558,158.3,12.61,0.8106,1.475,0.549,2.22,418.2,0.9542,47.94,0.713,12.33,2.721e-05,0.2011,2.806,1.164,2.146,0.1921,7.821,0.4786,8.087
2022-04-13T08:28:26,40064.16,3050.98,103.81,0.2337,15.05,58,17.85,85.21,5.521,154.66,0.519,0.02106,0.006177,2.02,1.457,2.072,1.42,3.558,158.41,12.61,0.8106,1.475,0.549,2.22,418.16,0.9539,47.94,0.7129,12.3,2.722e-05,0.2011,2.806,1.164,2.146,0.1921,7.819,0.4784,8.088
2022-04-13T08:28:56,40062.4,3050.51,103.83,0.2337,15.05,58,17.85,85.22,5.521,154.79,0.519,0.02106,0.006177,2.02,1.457,2.072,1.421,3.555,158.43,12.61,0.8106,1.475,0.549,2.22,418.14,0.9537,47.92,0.7129,12.31,2.722e-05,0.2011,2.806,1.164,2.146,0.1921,7.817,0.4784,8.088
2022-04-13T08:29:26,40053.42,3050.22,103.77,0.2337,15.05,58.2,17.84,85.2,5.52,154.97,0.5198,0.02105,0.006177,2.02,1.457,2.072,1.42,3.556,158.4,12.61,0.8106,1.475,0.549,2.22,418.07,0.9532,47.94,0.7128,12.29,2.72e-05,0.2011,2.805,1.163,2.146,0.1921,7.815,0.4781,8.088
2022-04-13T08:29:56,40054.63,3050.23,103.77,0.2336,15.05,58.1,17.84,85.18,5.519,155.3,0.5198,0.02106,0.006177,2.02,1.456,2.072,1.42,3.55,158.35,12.61,0.811,1.475,0.549,2.219,418.03,0.9539,47.94,0.7127,12.28,2.719e-05,0.2011,2.805,1.163,2.146,0.1921,7.814,0.478,8.089
2022-04-13T08:30:26,40052.15,3050.15,103.75,0.2335,15.03,58.1,17.84,85.16,5.523,155.23,0.5198,0.02105,0.006177,2.02,1.456,2.071,1.419,3.546,158.24,12.61,0.811,1.475,0.549,2.218,417.93,0.9538,47.93,0.7125,12.28,2.719e-05,0.2011,2.804,1.163,2.145,0.192,7.811,0.4772,8.089
2022-04-13T08:30:56,40077.88,3051.3,103.89,0.2335,15.03,58.2,17.84,85.24,5.524,155.38,0.5198,0.02106,0.006155,2.024,1.457,2.073,1.42,3.548,158.42,12.61,0.811,1.475,0.549,2.219,418.13,0.9542,47.97,0.7127,12.27,2.721e-05,0.2011,2.808,1.164,2.146,0.1921,7.815,0.4775,8.089
2022-04-13T08:31:26,40098.24,3051.78,103.95,0.2336,15.03,58.2,17.86,85.33,5.527,155.65,0.5198,0.0211,0.006155,2.024,1.457,2.074,1.421,3.549,158.53,12.61,0.811,1.476,0.549,2.222,418.38,0.9544,48.06,0.7128,12.22,2.726e-05,0.2015,2.81,1.165,2.148,0.1922,7.828,0.4776,8.093
2022-04-13T08:31:56,40099.45,3051.71,103.94,0.234,15.03,58.3,17.86,85.34,5.53,155.2,0.5198,0.02108,0.006162,2.024,1.458,2.074,1.421,3.552,158.63,12.61,0.811,1.476,0.549,2.222,418.75,0.9542,48.09,0.7128,12.21,2.726e-05,0.2015,2.81,1.166,2.148,0.1922,7.831,0.4776,8.092
2022-04-13T08:32:26,40094.93,3052.65,103.94,0.2338,15.03,58.3,17.87,85.34,5.525,155.7,0.5208,0.02108,0.006159,2.024,1.458,2.074,1.421,3.556,158.73,12.61,0.8107,1.476,0.549,2.221,418.69,0.9541,48.11,0.7128,12.21,2.727e-05,0.2013,2.809,1.166,2.148,0.1922,7.834,0.4777,8.098
2022-04-13T08:32:56,40094.17,3052.62,104.01,0.2339,15.03,58.1,17.86,85.31,5.527,155.84,0.5208,0.02106,0.006159,2.024,1.458,2.074,1.421,3.554,158.75,12.61,0.8107,1.475,0.549,2.221,418.69,0.9536,48.12,0.7127,12.21,2.727e-05,0.2013,2.808,1.166,2.148,0.1921,7.836,0.4768,8.093
2022-04-13T08:33:26,40097.5,3052.57,103.99,0.2338,15.03,58.2,17.86,85.31,5.531,154.83,0.5208,0.02106,0.006159,2.024,1.457,2.074,1.422,3.557,158.82,12.61,0.8107,1.477,0.549,2.221,418.65,0.9535,48.12,0.7126,12.24,2.728e-05,0.2013,2.808,1.166,2.148,0.1922,7.836,0.4766,8.098
2022-04-13T08:33:56,40096.15,3052.41,103.95,0.2337,15.03,58.3,17.86,85.28,5.533,154.12,0.5201,0.02106,0.006166,2.024,1.457,2.074,1.422,3.557,158.83,12.61,0.8106,1.475,0.549,2.22,418.68,0.9538,48.12,0.7125,12.24,2.731e-05,0.2013,2.808,1.166,2.148,0.1922,7.829,0.4769,8.094
2022-04-13T08:34:26,40091.54,3051.46,103.85,0.2335,15.03,58.2,17.86,85.27,5.531,154.12,0.5204,0.02106,0.006166,2.024,1.458,2.074,1.42,3.557,158.84,12.61,0.8106,1.475,0.549,2.218,418.6,0.9534,48.09,0.7123,12.19,2.73e-05,0.2013,2.807,1.166,2.147,0.1921,7.825,0.4769,8.099
2022-04-13T08:34:56,40077.46,3050.81,103.8,0.2335,15.03,58.2,17.85,85.24,5.53,153.92,0.5204,0.02104,0.006166,2.025,1.458,2.073,1.419,3.557,158.78,12.61,0.8106,1.475,0.549,2.215,418.5,0.9532,48.05,0.7123,12.18,2.728e-05,0.2013,2.805,1.165,2.146,0.192,7.821,0.4769,8.093
2022-04-13T08:35:26,40074.63,3050.61,103.73,0.2333,15.03,58.2,17.84,85.22,5.524,154.09,0.5205,0.02102,0.006166,2.025,1.457,2.073,1.419,3.553,158.65,12.61,0.8106,1.475,0.549,2.213,418.33,0.953,48.02,0.712,12.18,2.726e-05,0.2011,2.805,1.164,2.145,0.1921,7.818,0.4771,8.097
2022-04-13T08:35:56,40074.56,3050.44,103.72,0.2333,15.03,58.2,17.84,85.2,5.525,153.92,0.5183,0.02103,0.006166,2.025,1.457,2.073,1.419,3.553,158.73,12.61,0.8109,1.475,0.549,2.214,418.38,0.9532,48.03,0.7121,12.18,2.728e-05,0.2011,2.805,1.164,2.145,0.192,7.82,0.4776,8.096
2022-04-13T08:36:26,40089.99,3050.6,103.83,0.2333,15.03,58.2,17.85,85.24,5.53,153.71,0.5183,0.02104,0.006168,2.025,1.457,2.073,1.42,3.553,158.88,12.61,0.8109,1.475,0.549,2.217,418.61,0.9537,48,0.7123,12.18,2.733e-05,0.2011,2.807,1.164,2.146,0.192,7.821,0.4774,8.097
2022-04-13T08:36:56,40097.78,3051.13,103.85,0.2333,15.03,58.2,17.86,85.29,5.529,153.62,0.5183,0.02105,0.006168,2.025,1.457,2.074,1.42,3.554,158.89,12.61,0.8072,1.478,0.549,2.218,418.81,0.9539,48.01,0.7128,12.18,2.734e-05,0.2011,2.807,1.164,2.146,0.192,7.821,0.4772,8.101
2022-04-13T08:37:26,40108.2,3052.65,103.86,0.2332,15.03,58.2,17.87,85.34,5.525,153.42,0.5183,0.02106,0.006168,2.025,1.458,2.08,1.42,3.555,158.91,12.61,0.8118,1.478,0.5648,2.218,418.81,0.9541,48.07,0.7128,12.24,2.735e-05,0.2011,2.808,1.166,2.147,0.192,7.831,0.4773,8.102
2022-04-13T08:37:56,40107.62,3052.97,103.86,0.2332,15.03,58.2,17.87,85.35,5.528,153.32,0.5183,0.02105,0.006168,2.025,1.458,2.08,1.421,3.555,158.94,12.61,0.8118,1.479,0.5648,2.218,418.89,0.9541,48.08,0.7127,12.21,2.734e-05,0.2016,2.808,1.166,2.147,0.192,7.827,0.4763,8.104
2022-04-13T08:38:26,40104.54,3052.72,103.87,0.233,15.03,58.1,17.86,85.3,5.525,153.07,0.5183,0.02103,0.006168,2.025,1.458,2.08,1.42,3.555,158.91,12.61,0.8118,1.477,0.5648,2.217,418.87,0.9538,48.12,0.7124,12.21,2.728e-05,0.2016,2.807,1.166,2.147,0.192,7.827,0.4762,8.109
2022-04-13T08:38:56,40103.86,3052.82,103.86,0.2332,15.03,58,17.86,85.25,5.531,153.69,0.5183,0.02106,0.006168,2.025,1.458,2.08,1.42,3.555,158.91,12.61,0.8118,1.478,0.5648,2.218,418.89,0.9537,48.08,0.7128,12.21,2.728e-05,0.2016,2.808,1.166,2.147,0.192,7.827,0.4759,8.108
2022-04-13T08:39:26,40107.95,3052.79,103.86,0.2332,15.03,58,17.86,85.25,5.528,153.94,0.5183,0.02106,0.006168,2.025,1.458,2.08,1.42,3.553,158.92,12.61,0.8118,1.478,0.5451,2.218,419.15,0.9533,48.09,0.7128,12.2,2.729e-05,0.2016,2.808,1.166,2.147,0.192,7.827,0.4753,8.109
2022-04-13T08:39:56,40106.36,3052.47,103.88,0.2331,15.03,58.1,17.85,85.27,5.527,153.76,0.5183,0.02106,0.006176,2.025,1.458,2.08,1.421,3.553,158.92,12.61,0.8118,1.478,0.5451,2.216,418.97,0.9538,48.08,0.7129,12.2,2.731e-05,0.2016,2.807,1.166,2.147,0.192,7.83,0.4756,8.11
2022-04-13T08:40:26,40101.41,3052.81,103.98,0.2335,15.03,58.1,17.86,85.28,5.527,153.77,0.5183,0.02106,0.00617,2.025,1.458,2.08,1.422,3.553,158.99,12.61,0.8118,1.478,0.5656,2.219,419.08,0.9538,48.08,0.7131,12.24,2.733e-05,0.2014,2.808,1.166,2.147,0.1919,7.833,0.4755,8.112
2022-04-13T08:40:56,40104.48,3052.85,103.98,0.2335,15.03,58.1,17.86,85.29,5.528,153.86,0.5183,0.02107,0.00617,2.025,1.458,2.08,1.422,3.555,159.02,12.64,0.8118,1.477,0.5656,2.218,419.15,0.9537,48.07,0.7133,12.24,2.732e-05,0.2014,2.807,1.166,2.148,0.192,7.835,0.4757,8.117
2022-04-13T08:41:26,40105.45,3052.86,103.98,0.2336,15.04,58.1,17.86,85.33,5.529,154.02,0.519,0.02108,0.00617,2.025,1.458,2.08,1.421,3.555,159.02,12.64,0.8118,1.476,0.5656,2.219,419.24,0.9537,48.07,0.7133,12.24,2.732e-05,0.2014,2.807,1.167,2.148,0.192,7.838,0.476,8.117
2022-04-13T08:41:56,40112.45,3053.52,104.01,0.2336,15.04,58.1,17.87,85.33,5.53,153.92,0.519,0.02109,0.00617,2.025,1.458,2.082,1.422,3.556,158.98,12.64,0.8118,1.476,0.5656,2.219,419.26,0.9535,48.07,0.7134,12.25,2.736e-05,0.2016,2.808,1.167,2.148,0.192,7.844,0.4759,8.113
2022-04-13T08:42:26,40109.1,3052.98,103.93,0.2335,15.04,58.2,17.86,85.31,5.531,153.92,0.519,0.02108,0.00617,2.025,1.458,2.082,1.421,3.558,158.94,12.64,0.8118,1.476,0.5656,2.218,419.31,0.9535,48.07,0.7133,12.25,2.737e-05,0.2015,2.806,1.166,2.148,0.192,7.841,0.4756,8.119
2022-04-13T08:42:56,40104.41,3053.14,103.89,0.2334,15.04,58.2,17.86,85.29,5.527,153.85,0.519,0.02108,0.00617,2.025,1.458,2.081,1.421,3.554,158.93,12.64,0.8118,1.478,0.5656,2.217,419.14,0.9536,48.05,0.7133,12.24,2.734e-05,0.2015,2.806,1.166,2.148,0.192,7.832,0.4757,8.119
2022-04-13T08:43:26,40128.95,3055.12,104.02,0.2337,15.04,58.1,17.87,85.3,5.532,154.01,0.519,0.0211,0.00617,2.025,1.459,2.083,1.422,3.564,158.9,12.64,0.8118,1.483,0.5656,2.219,419.25,0.9537,48.07,0.7139,12.27,2.736e-05,0.2016,2.809,1.167,2.149,0.192,7.841,0.4762,8.116
2022-04-13T08:43:56,40152.51,3055.87,104.04,0.2338,15.04,58.1,17.88,85.34,5.528,154.04,0.52,0.02111,0.006171,2.026,1.459,2.084,1.422,3.567,158.95,12.64,0.8118,1.483,0.5656,2.22,419.47,0.9544,48.09,0.714,12.27,2.739e-05,0.2017,2.81,1.167,2.15,0.1921,7.837,0.4765,8.119
2022-04-13T08:44:26,40158.05,3056.85,104.07,0.234,15.07,58.1,17.88,85.41,5.532,154.03,0.5208,0.0211,0.006174,2.026,1.459,2.084,1.423,3.567,158.95,12.64,0.8118,1.483,0.5656,2.22,419.66,0.9539,48.11,0.7139,12.27,2.741e-05,0.2017,2.811,1.168,2.15,0.1922,7.838,0.4762,8.119
2022-04-13T08:44:56,40131.34,3056.37,104,0.234,15.07,58.1,17.87,85.41,5.531,153.92,0.5208,0.02109,0.006174,2.026,1.461,2.082,1.422,3.567,159.01,12.64,0.8117,1.483,0.5656,2.219,419.5,0.9538,48.13,0.7139,12.26,2.736e-05,0.2017,2.81,1.167,2.15,0.1921,7.833,0.4758,8.121
2022-04-13T08:45:26,40134.7,3056.79,103.99,0.2337,15.07,58.2,17.87,85.41,5.528,154.04,0.5209,0.02108,0.006173,2.026,1.46,2.082,1.423,3.571,158.93,12.64,0.8114,1.483,0.5656,2.221,419.48,0.9538,48.13,0.7139,12.26,2.739e-05,0.2014,2.809,1.167,2.15,0.1921,7.838,0.476,8.126
2022-04-13T08:45:56,40140.3,3056.9,104.02,0.2337,15.07,58.2,17.88,85.41,5.528,154.13,0.5207,0.02108,0.006173,2.022,1.461,2.082,1.423,3.57,158.91,12.64,0.8114,1.485,0.5656,2.222,419.49,0.9538,48.13,0.7139,12.26,2.74e-05,0.2014,2.809,1.168,2.151,0.1921,7.833,0.4755,8.127
2022-04-13T08:46:26,40153.75,3057.48,104.02,0.2336,15.07,58.1,17.88,85.46,5.53,154.05,0.52,0.0211,0.006173,2.023,1.461,2.083,1.423,3.57,158.98,12.64,0.8114,1.485,0.5656,2.221,419.72,0.9539,48.15,0.7141,12.29,2.741e-05,0.2016,2.811,1.168,2.152,0.1921,7.834,0.4754,8.126
2022-04-13T08:46:56,40139.12,3055.24,103.92,0.2335,15.07,58.1,17.87,85.45,5.529,153.95,0.52,0.02108,0.006173,2.023,1.461,2.082,1.422,3.567,158.97,12.64,0.8114,1.485,0.5656,2.221,419.66,0.9537,48.13,0.7139,12.29,2.74e-05,0.2016,2.809,1.168,2.15,0.192,7.829,0.4752,8.127
2022-04-13T08:47:26,40169.25,3056.34,104.07,0.2339,15.08,58.1,17.89,85.47,5.533,154.03,0.5216,0.02111,0.006173,2.023,1.462,2.084,1.423,3.567,159.28,12.64,0.8114,1.486,0.5656,2.222,419.73,0.9546,48.16,0.7142,12.31,2.74e-05,0.2019,2.812,1.168,2.152,0.1921,7.838,0.476,8.128
2022-04-13T08:47:56,40176.37,3058.79,104.16,0.234,15.08,58.1,17.9,85.59,5.533,154,0.522,0.0211,0.006173,2.023,1.463,2.084,1.424,3.571,159.29,12.64,0.8114,1.488,0.5656,2.224,419.73,0.9546,48.21,0.7144,12.32,2.745e-05,0.2019,2.812,1.168,2.153,0.1922,7.836,0.4756,8.123
2022-04-13T08:48:26,40170.73,3058.44,104.09,0.234,15.08,58.2,17.89,85.58,5.534,154.03,0.522,0.02112,0.006181,2.023,1.463,2.077,1.423,3.571,159.47,12.64,0.8116,1.488,0.5656,2.223,419.7,0.955,48.24,0.7141,12.32,2.746e-05,0.2019,2.811,1.168,2.154,0.1921,7.844,0.4758,8.124
2022-04-13T08:48:56,40160.4,3056.35,104.02,0.2338,15.08,58.3,17.88,85.49,5.524,153.98,0.522,0.02112,0.006181,2.023,1.463,2.076,1.422,3.571,159.44,12.64,0.8116,1.485,0.5656,2.221,419.6,0.9544,48.23,0.7138,12.32,2.743e-05,0.2018,2.81,1.168,2.152,0.1921,7.84,0.475,8.13
2022-04-13T08:49:26,40158.78,3056.13,104.02,0.2338,15.08,58.3,17.88,85.48,5.53,153.95,0.522,0.0211,0.006181,2.023,1.463,2.077,1.422,3.571,159.35,12.64,0.8119,1.485,0.5656,2.221,419.55,0.9551,48.23,0.7137,12.32,2.744e-05,0.2017,2.81,1.168,2.152,0.1921,7.84,0.4752,8.142
2022-04-13T08:49:56,40155.35,3055.9,104.04,0.2338,15.11,58.2,17.89,85.45,5.53,154,0.522,0.02108,0.006181,2.023,1.462,2.077,1.422,3.563,159.3,12.64,0.8119,1.485,0.5656,2.222,419.52,0.9552,48.22,0.7136,12.32,2.745e-05,0.2017,2.81,1.167,2.152,0.1921,7.837,0.4751,8.141
2022-04-13T08:50:26,40165.76,3056.77,104.1,0.2338,15.11,58.2,17.89,85.47,5.531,153.94,0.5232,0.02107,0.006181,2.023,1.462,2.077,1.423,3.563,159.31,12.64,0.8119,1.485,0.5656,2.222,419.48,0.955,48.22,0.7136,12.32,2.745e-05,0.2017,2.81,1.167,2.153,0.1921,7.837,0.4752,8.145
2022-04-13T08:50:56,40162.68,3056.74,104.05,0.2338,15.11,58.2,17.89,85.4,5.534,153.95,0.5232,0.02107,0.006181,2.023,1.462,2.08,1.423,3.565,159.24,12.64,0.8119,1.485,0.5656,2.222,419.44,0.955,48.22,0.7137,12.31,2.745e-05,0.2017,2.809,1.167,2.153,0.1921,7.836,0.4752,8.147
2022-04-13T08:51:26,40160.16,3056.73,104.1,0.2338,15.11,58.2,17.89,85.39,5.534,153.93,0.5216,0.02107,0.006154,2.023,1.462,2.08,1.422,3.56,159.21,12.64,0.815,1.485,0.5656,2.222,419.34,0.9555,48.21,0.7137,12.31,2.749e-05,0.2017,2.807,1.167,2.152,0.1921,7.834,0.4752,8.146
2022-04-13T08:51:56,40159.59,3056.65,104.1,0.2337,15.11,58.2,17.89,85.39,5.535,153.89,0.5244,0.02107,0.006154,2.024,1.463,2.08,1.422,3.566,159.07,12.64,0.815,1.485,0.5656,2.222,419.41,0.9554,48.21,0.7137,12.28,2.752e-05,0.2017,2.807,1.167,2.152,0.1921,7.83,0.4752,8.146
2022-04-13T08:52:26,40172.79,3056.95,104.17,0.2338,15.14,58.2,17.89,85.42,5.535,153.96,0.5246,0.02108,0.006154,2.024,1.462,2.081,1.423,3.564,158.98,12.64,0.815,1.485,0.5656,2.222,419.47,0.9556,48.21,0.7138,12.28,2.754e-05,0.2017,2.808,1.167,2.152,0.1921,7.829,0.4753,8.149
2022-04-13T08:52:56,40180.98,3057.98,104.17,0.2338,15.14,58.2,17.9,85.43,5.538,153.97,0.5246,0.02109,0.006154,2.025,1.462,2.081,1.423,3.567,158.97,12.64,0.815,1.487,0.5656,2.222,419.59,0.9552,48.22,0.7139,12.28,2.754e-05,0.2017,2.808,1.167,2.152,0.1921,7.83,0.4753,8.153
2022-04-13T08:53:26,40185.94,3058.28,104.18,0.2339,15.14,58.2,17.9,85.43,5.537,153.99,0.5278,0.02109,0.006154,2.025,1.462,2.081,1.424,3.567,158.96,12.64,0.815,1.489,0.5656,2.222,419.68,0.9564,48.21,0.7139,12.28,2.749e-05,0.2017,2.807,1.167,2.152,0.1921,7.831,0.4754,8.155
2022-04-13T08:53:56,40168.64,3057.37,104.03,0.2338,15.14,58.2,17.89,85.39,5.529,153.91,0.5279,0.02109,0.006174,2.025,1.462,2.08,1.422,3.564,158.87,12.64,0.815,1.487,0.5656,2.221,419.46,0.9555,48.18,0.7137,12.28,2.743e-05,0.2017,2.804,1.167,2.151,0.1921,7.828,0.4751,8.154
2022-04-13T08:54:26,40145.13,3055.37,104.01,0.2338,15.14,58.1,17.89,85.36,5.522,153.9,0.5279,0.02109,0.006174,2.025,1.462,2.079,1.423,3.564,158.82,12.64,0.815,1.487,0.5656,2.221,419.36,0.9551,48.14,0.7137,12.28,2.741e-05,0.2017,2.805,1.167,2.151,0.1921,7.83,0.475,8.15
2022-04-13T08:54:56,40140.16,3054.83,103.9,0.2333,15.14,58.1,17.88,85.32,5.527,153.9,0.5257,0.0211,0.006174,2.025,1.462,2.079,1.422,3.564,158.74,12.64,0.8104,1.486,0.5656,2.22,419.33,0.9546,48.11,0.7136,12.33,2.735e-05,0.2015,2.804,1.166,2.15,0.192,7.827,0.4745,8.15
2022-04-13T08:55:26,40141.95,3055.01,103.98,0.2334,15.14,58.1,17.88,85.32,5.527,153.96,0.5256,0.02113,0.006174,2.025,1.462,2.079,1.422,3.568,158.73,12.64,0.8104,1.483,0.5656,2.221,419.41,0.955,48.11,0.7139,12.32,2.738e-05,0.2015,2.805,1.166,2.15,0.192,7.824,0.4748,8.149
2022-04-13T08:55:56,40152.11,3055.47,104.03,0.2334,15.14,58.1,17.88,85.33,5.532,154.05,0.5254,0.02113,0.006174,2.025,1.462,2.079,1.422,3.571,158.78,12.64,0.8104,1.483,0.5656,2.222,419.42,0.955,48.15,0.714,12.32,2.739e-05,0.2018,2.805,1.166,2.151,0.1921,7.824,0.4746,8.143
2022-04-13T08:56:26,40150.66,3055.87,104.06,0.2334,15.14,58.1,17.89,85.37,5.531,154.08,0.5254,0.02112,0.006174,2.025,1.461,2.079,1.422,3.571,158.83,12.64,0.8104,1.49,0.5656,2.222,419.48,0.9551,48.16,0.7141,12.32,2.738e-05,0.2017,2.805,1.166,2.151,0.1921,7.826,0.4747,8.144
2022-04-13T08:56:56,40154.24,3055.48,104.04,0.2334,15.14,58.1,17.89,85.37,5.532,154.06,0.5277,0.02113,0.006191,2.025,1.462,2.08,1.422,3.572,158.87,12.64,0.8104,1.489,0.5656,2.222,419.33,0.9558,48.14,0.7141,12.32,2.738e-05,0.2017,2.805,1.166,2.151,0.192,7.826,0.4754,8.143
2022-04-13T08:57:26,40155.25,3055.12,104.09,0.2334,15.14,58.2,17.89,85.37,5.532,154.11,0.5259,0.02111,0.006202,2.025,1.462,2.08,1.422,3.572,158.82,12.64,0.8104,1.488,0.5656,2.222,419.38,0.9553,48.15,0.7139,12.29,2.739e-05,0.2017,2.806,1.166,2.151,0.1921,7.826,0.4755,8.143
2022-04-13T08:57:56,40147.17,3054.36,104.06,0.2334,15.14,58.2,17.89,85.35,5.529,154.04,0.5259,0.02111,0.006202,2.025,1.462,2.079,1.422,3.573,158.76,12.69,0.8104,1.488,0.5656,2.222,419.34,0.9555,48.15,0.7139,12.29,2.739e-05,0.2016,2.805,1.166,2.151,0.1921,7.826,0.4753,8.148
2022-04-13T08:58:26,40145.54,3054.06,104.06,0.2335,15.11,58.2,17.89,85.35,5.529,154.03,0.5259,0.02111,0.006202,2.025,1.462,2.079,1.421,3.573,158.81,12.69,0.8104,1.488,0.5656,2.222,419.39,0.9557,48.17,0.7139,12.29,2.738e-05,0.2016,2.806,1.166,2.151,0.192,7.828,0.4754,8.149
2022-04-13T08:58:56,40154.02,3054.77,104.11,0.2335,15.11,58.2,17.9,85.38,5.536,154.16,0.5259,0.02114,0.006202,2.025,1.462,2.08,1.422,3.573,158.85,12.69,0.8104,1.488,0.5656,2.224,419.46,0.9563,48.16,0.7139,12.29,2.736e-05,0.2018,2.807,1.166,2.151,0.1921,7.829,0.4754,8.148
2022-04-13T08:59:26,40160.13,3055.18,104.11,0.2335,15.11,58.2,17.89,85.43,5.533,154.12,0.5259,0.02116,0.006202,2.025,1.462,2.08,1.423,3.574,158.87,12.69,0.8104,1.491,0.5656,2.224,419.53,0.9558,48.17,0.714,12.28,2.734e-05,0.2018,2.808,1.166,2.152,0.1921,7.828,0.4753,8.144
2022-04-13T08:59:56,40158.11,3055.23,104.11,0.2336,15.11,58.2,17.89,85.44,5.535,154.07,0.5259,0.02115,0.00619,2.024,1.462,2.077,1.423,3.575,158.91,12.69,0.8094,1.492,0.5656,2.224,419.61,0.956,48.18,0.7141,12.26,2.732e-05,0.2018,2.808,1.167,2.152,0.1921,7.826,0.4752,8.143
2022-04-13T09:00:26,40167.34,3055.33,104.1,0.2335,15.11,58.2,17.9,85.46,5.535,154.18,0.5259,0.02114,0.00619,2.026,1.462,2.077,1.423,3.575,158.84,12.69,0.8094,1.492,0.5656,2.224,419.62,0.956,48.17,0.7143,12.26,2.733e-05,0.2018,2.809,1.167,2.152,0.1921,7.826,0.4752,8.152
2022-04-13T09:00:56,40157.03,3055.14,104.08,0.2334,15.11,58.2,17.89,85.47,5.537,154.12,0.5259,0.02114,0.00619,2.026,1.462,2.076,1.422,3.574,158.81,12.69,0.8094,1.492,0.5656,2.223,419.63,0.9563,48.15,0.7145,12.26,2.734e-05,0.2018,2.808,1.167,2.152,0.1921,7.829,0.4754,8.15
2022-04-13T09:01:26,40151.47,3054.73,104.06,0.2335,15.11,58.2,17.89,85.47,5.534,154.14,0.5259,0.02115,0.00619,2.026,1.462,2.076,1.422,3.575,158.77,12.69,0.8124,1.492,0.5656,2.224,419.59,0.9562,48.14,0.7143,12.23,2.733e-05,0.2019,2.808,1.167,2.152,0.1921,7.824,0.4756,8.146
2022-04-13T09:01:56,40150.93,3054.96,104.04,0.2334,15.11,58.2,17.89,85.46,5.533,154.03,0.5255,0.02116,0.00619,2.026,1.462,2.076,1.422,3.572,158.71,12.69,0.8124,1.492,0.5656,2.224,419.69,0.956,48.13,0.7143,12.21,2.726e-05,0.2019,2.808,1.167,2.152,0.1921,7.824,0.476,8.141
2022-04-13T09:02:26,40159.01,3055.58,104.06,0.2334,15.11,58.2,17.89,85.46,5.539,154.04,0.5255,0.02116,0.00619,2.026,1.462,2.073,1.422,3.575,158.68,12.69,0.8124,1.492,0.5656,2.225,419.74,0.9561,48.15,0.7144,12.2,2.729e-05,0.2021,2.81,1.168,2.153,0.1922,7.824,0.4762,8.133
2022-04-13T09:02:56,40174.14,3055.89,104.06,0.2336,15.11,58.2,17.89,85.52,5.537,154.08,0.5267,0.02116,0.006205,2.026,1.463,2.074,1.424,3.575,158.74,12.7,0.8144,1.492,0.5656,2.225,419.84,0.9567,48.17,0.7148,12.2,2.729e-05,0.2021,2.81,1.168,2.154,0.1922,7.829,0.4764,8.133
2022-04-13T09:03:26,40175.86,3056.26,104.19,0.2342,15.11,58.2,17.9,85.53,5.539,154.1,0.5267,0.02118,0.006208,2.026,1.462,2.074,1.424,3.575,158.74,12.7,0.8144,1.493,0.5656,2.225,419.89,0.9566,48.19,0.7148,12.2,2.731e-05,0.2021,2.81,1.169,2.154,0.1922,7.831,0.4765,8.126
2022-04-13T09:03:56,40201.63,3057.92,104.22,0.2343,15.13,58.2,17.9,85.56,5.54,154.14,0.5267,0.0212,0.006208,2.026,1.462,2.076,1.424,3.576,158.76,12.7,0.8137,1.492,0.5656,2.226,419.91,0.9575,48.21,0.7151,12.2,2.733e-05,0.2021,2.81,1.17,2.155,0.1924,7.833,0.4766,8.13
2022-04-13T09:04:26,40176.34,3057.66,104.21,0.2341,15.15,58.2,17.89,85.56,5.54,154.11,0.5267,0.02119,0.006208,2.026,1.463,2.074,1.424,3.576,158.75,12.7,0.8137,1.492,0.5656,2.226,420,0.957,48.21,0.7153,12.2,2.733e-05,0.2022,2.809,1.169,2.155,0.1923,7.831,0.4766,8.125
2022-04-13T09:04:56,40157.11,3055.72,104.01,0.2337,15.15,58.2,17.88,85.49,5.532,153.97,0.5268,0.02111,0.006208,2.023,1.462,2.073,1.422,3.576,158.56,12.7,0.8137,1.491,0.5656,2.224,419.89,0.9561,48.19,0.7152,12.23,2.727e-05,0.2021,2.806,1.168,2.154,0.1921,7.826,0.4765,8.116
2022-04-13T09:05:26,40139.12,3055.03,103.99,0.2337,15.15,58.2,17.87,85.45,5.532,153.94,0.5275,0.0211,0.006208,2.023,1.461,2.072,1.422,3.574,158.5,12.7,0.814,1.49,0.5656,2.224,419.7,0.9554,48.18,0.7151,12.19,2.727e-05,0.2021,2.806,1.168,2.154,0.1921,7.824,0.4761,8.117
2022-04-13T09:05:56,40129.05,3054.73,103.93,0.2336,15.15,58.2,17.86,85.37,5.532,153.78,0.5274,0.02108,0.006215,2.023,1.46,2.072,1.422,3.574,158.48,12.7,0.814,1.49,0.5656,2.224,419.66,0.9553,48.14,0.7146,12.19,2.722e-05,0.202,2.804,1.167,2.153,0.192,7.818,0.4758,8.115
2022-04-13T09:06:26,40122.2,3054.29,103.9,0.2337,15.15,58.2,17.86,85.36,5.533,153.74,0.5274,0.02107,0.006215,2.023,1.46,2.072,1.421,3.574,158.48,12.7,0.814,1.49,0.5656,2.224,419.51,0.9551,48.13,0.7146,12.19,2.721e-05,0.202,2.803,1.167,2.153,0.192,7.814,0.4756,8.116
2022-04-13T09:06:56,40121.29,3054.04,103.89,0.2337,15.15,58.1,17.86,85.31,5.533,153.73,0.5258,0.02106,0.006218,2.023,1.46,2.071,1.421,3.564,158.53,12.7,0.814,1.492,0.5656,2.223,419.51,0.9553,48.14,0.7146,12.16,2.722e-05,0.2019,2.804,1.167,2.153,0.1921,7.814,0.4756,8.113
2022-04-13T09:07:26,40119.59,3054.22,103.89,0.2337,15.15,58.1,17.86,85.32,5.533,153.71,0.5268,0.02105,0.006202,2.023,1.46,2.071,1.422,3.564,158.59,12.7,0.814,1.492,0.5656,2.224,419.58,0.9547,48.16,0.7146,12.16,2.723e-05,0.202,2.804,1.167,2.153,0.192,7.813,0.4756,8.115
2022-04-13T09:07:56,40119.88,3054.03,103.88,0.2337,15.15,58.1,17.85,85.33,5.536,153.68,0.5277,0.02105,0.006201,2.023,1.46,2.071,1.422,3.561,158.56,12.7,0.8141,1.492,0.5656,2.223,419.58,0.955,48.18,0.7146,12.16,2.728e-05,0.202,2.804,1.167,2.153,0.1921,7.806,0.4753,8.121
2022-04-13T09:08:26,40108.57,3053.21,103.9,0.2338,15.15,58.1,17.86,85.32,5.536,153.67,0.5276,0.02105,0.006201,2.023,1.46,2.071,1.422,3.561,158.66,12.7,0.8141,1.493,0.5656,2.224,419.45,0.9549,48.19,0.7147,12.16,2.731e-05,0.202,2.804,1.167,2.153,0.1921,7.798,0.475,8.119
2022-04-13T09:08:56,40118.28,3053.18,103.93,0.2338,15.15,58.1,17.86,85.32,5.541,153.69,0.5279,0.02106,0.006201,2.023,1.461,2.071,1.422,3.565,158.66,12.7,0.8141,1.493,0.5656,2.224,419.53,0.9554,48.2,0.715,12.15,2.731e-05,0.202,2.804,1.167,2.152,0.1922,7.796,0.4752,8.115
2022-04-13T09:09:26,40121.97,3053.33,103.88,0.2338,15.15,58.1,17.86,85.31,5.538,153.73,0.5281,0.02106,0.006201,2.023,1.461,2.071,1.422,3.56,158.73,12.7,0.8141,1.493,0.5656,2.224,419.75,0.9552,48.19,0.715,12.18,2.733e-05,0.202,2.804,1.167,2.152,0.1923,7.791,0.4751,8.125
2022-04-13T09:09:56,40130.9,3054.24,103.92,0.2338,15.15,58.3,17.86,85.31,5.537,153.75,0.5299,0.02106,0.006201,2.023,1.461,2.072,1.422,3.56,158.7,12.7,0.8141,1.493,0.5656,2.224,419.91,0.9554,48.23,0.7151,12.19,2.734e-05,0.202,2.805,1.167,2.153,0.1923,7.794,0.475,8.144
2022-04-13T09:10:26,40134.02,3053.96,103.92,0.2337,15.15,58.3,17.86,85.32,5.541,153.73,0.5301,0.02106,0.006201,2.023,1.461,2.072,1.422,3.567,158.68,12.7,0.8139,1.493,0.5656,2.224,419.8,0.9553,48.24,0.715,12.19,2.736e-05,0.202,2.805,1.167,2.153,0.1922,7.794,0.4746,8.142
2022-04-13T09:10:56,40124.52,3053.87,103.87,0.2337,15.15,58.3,17.87,85.31,5.541,153.74,0.5326,0.02106,0.006201,2.023,1.461,2.072,1.422,3.563,158.64,12.7,0.8139,1.493,0.5656,2.224,419.91,0.9552,48.21,0.715,12.19,2.744e-05,0.2021,2.804,1.167,2.153,0.1923,7.777,0.4745,8.147
2022-04-13T09:11:26,40129.63,3053.91,103.92,0.2337,15.15,58.2,17.87,85.33,5.54,153.93,0.5327,0.02106,0.006201,2.023,1.464,2.072,1.421,3.563,158.69,12.7,0.8138,1.493,0.5656,2.224,419.9,0.9554,48.21,0.715,12.19,2.755e-05,0.2021,2.805,1.167,2.153,0.1923,7.776,0.4737,8.147
2022-04-13T09:11:56,40127.09,3053.75,103.87,0.2337,15.15,58.2,17.87,85.33,5.54,153.85,0.5333,0.02106,0.006211,2.023,1.464,2.075,1.421,3.565,158.69,12.7,0.8138,1.493,0.5656,2.224,419.9,0.9555,48.21,0.715,12.2,2.752e-05,0.2021,2.805,1.166,2.154,0.1923,7.77,0.4734,8.142
2022-04-13T09:12:26,40139.65,3054.63,103.88,0.2339,15.15,58.2,17.88,85.36,5.54,154.08,0.5332,0.02108,0.0062,2.023,1.463,2.072,1.421,3.567,158.7,12.7,0.8137,1.493,0.5656,2.225,419.96,0.9557,48.21,0.7151,12.2,2.749e-05,0.2022,2.805,1.168,2.154,0.1923,7.775,0.4734,8.143
2022-04-13T09:12:56,40158.73,3057.2,103.9,0.2341,15.15,58.2,17.88,85.44,5.538,154.15,0.532,0.02112,0.006212,2.025,1.463,2.073,1.423,3.569,158.72,12.67,0.8137,1.493,0.5656,2.225,420.13,0.9563,48.31,0.7155,12.21,2.747e-05,0.2022,2.808,1.168,2.155,0.1923,7.778,0.4736,8.145
2022-04-13T09:13:26,40160.4,3057.39,104.02,0.2341,15.15,58.3,17.88,85.44,5.542,154.13,0.5317,0.02113,0.006212,2.026,1.464,2.073,1.423,3.566,158.73,12.67,0.8137,1.494,0.5656,2.226,420.12,0.9564,48.34,0.7155,12.19,2.745e-05,0.2024,2.808,1.169,2.155,0.1924,7.78,0.4738,8.154
2022-04-13T09:13:56,40161.25,3057.34,104.02,0.2341,15.15,58.3,17.87,85.44,5.539,154.09,0.5316,0.02114,0.006212,2.026,1.464,2.074,1.422,3.566,158.73,12.67,0.8137,1.494,0.5656,2.226,420.34,0.9564,48.35,0.7156,12.17,2.745e-05,0.2024,2.808,1.169,2.155,0.1924,7.78,0.4739,8.154
2022-04-13T09:14:26,40161.41,3056.86,104.02,0.2341,15.15,58.3,17.87,85.46,5.542,154.07,0.5316,0.02115,0.006212,2.026,1.464,2.074,1.422,3.567,158.73,12.67,0.8137,1.497,0.5656,2.226,420.58,0.956,48.36,0.7156,12.17,2.75e-05,0.2024,2.808,1.169,2.155,0.1924,7.779,0.4736,8.156
2022-04-13T09:14:56,40157.39,3057.4,103.99,0.234,15.15,58.3,17.87,85.46,5.549,154.06,0.5316,0.02116,0.006212,2.026,1.463,2.073,1.423,3.565,158.69,12.67,0.8119,1.497,0.5656,2.226,420.58,0.9559,48.35,0.7157,12.17,2.748e-05,0.2023,2.807,1.169,2.155,0.1924,7.775,0.4738,8.155
2022-04-13T09:15:26,40149.36,3056.88,103.89,0.2339,15.15,58.3,17.87,85.43,5.544,153.99,0.5316,0.02115,0.006212,2.026,1.462,2.073,1.422,3.563,158.65,12.67,0.8119,1.495,0.5656,2.225,420.52,0.9556,48.32,0.7156,12.17,2.745e-05,0.2023,2.806,1.169,2.155,0.1924,7.771,0.4734,8.156
2022-04-13T09:15:56,40119.35,3055.08,103.85,0.2338,15.15,58.3,17.86,85.34,5.544,153.87,0.5316,0.0211,0.006202,2.026,1.462,2.071,1.421,3.562,158.64,12.69,0.8119,1.495,0.5656,2.223,420.36,0.9549,48.32,0.7152,12.17,2.746e-05,0.2023,2.804,1.167,2.153,0.1923,7.755,0.4731,8.149
2022-04-13T09:16:26,40112.14,3054.23,103.83,0.234,15.11,58.3,17.86,85.32,5.539,153.83,0.5316,0.02108,0.006211,2.026,1.462,2.071,1.42,3.561,158.63,12.69,0.8125,1.495,0.5656,2.225,420.31,0.9545,48.33,0.715,12.17,2.746e-05,0.2018,2.804,1.167,2.152,0.1923,7.747,0.473,8.148
2022-04-13T09:16:56,40123.23,3055.28,103.83,0.2341,15.11,58.3,17.85,85.37,5.537,153.86,0.5295,0.0211,0.006211,2.026,1.462,2.072,1.42,3.563,158.65,12.69,0.8125,1.492,0.5656,2.225,420.46,0.9548,48.35,0.7152,12.21,2.749e-05,0.2019,2.805,1.168,2.153,0.1923,7.747,0.4735,8.147
2022-04-13T09:17:26,40121.1,3055.35,103.88,0.234,15.11,58.1,17.85,85.38,5.537,153.91,0.5305,0.0211,0.006211,2.026,1.462,2.071,1.422,3.56,158.63,12.69,0.8111,1.488,0.5656,2.225,420.3,0.955,48.4,0.7152,12.25,2.753e-05,0.2019,2.806,1.168,2.153,0.1923,7.744,0.4735,8.143
2022-04-13T09:17:56,40118.55,3055.64,103.9,0.2341,15.11,58.1,17.85,85.38,5.537,153.91,0.5305,0.0211,0.006211,2.026,1.462,2.071,1.422,3.56,158.65,12.69,0.8111,1.488,0.5656,2.226,420.31,0.9545,48.39,0.7152,12.26,2.751e-05,0.2019,2.806,1.168,2.153,0.1923,7.746,0.4736,8.147
2022-04-13T09:18:26,40116.54,3055.69,103.91,0.2339,15.11,58.1,17.85,85.36,5.533,153.86,0.5306,0.02107,0.006211,2.026,1.462,2.07,1.421,3.568,158.55,12.69,0.8111,1.488,0.5656,2.225,420.28,0.9545,48.34,0.7153,12.23,2.746e-05,0.2019,2.806,1.168,2.153,0.1924,7.744,0.4735,8.147
2022-04-13T09:18:56,40102.81,3055.21,103.81,0.2338,15.11,58.1,17.84,85.35,5.531,153.8,0.5314,0.02105,0.006211,2.026,1.462,2.07,1.42,3.568,158.54,12.69,0.8111,1.488,0.5656,2.224,420.22,0.9548,48.31,0.715,12.22,2.743e-05,0.2019,2.804,1.167,2.153,0.1923,7.743,0.4735,8.14
2022-04-13T09:19:26,40103.24,3055.09,103.87,0.2338,15.11,58.1,17.84,85.31,5.532,153.79,0.5262,0.02104,0.006212,2.026,1.461,2.07,1.42,3.568,158.55,12.69,0.8107,1.488,0.5656,2.224,420.23,0.9544,48.29,0.7149,12.22,2.744e-05,0.2019,2.804,1.167,2.152,0.1923,7.747,0.4732,8.137
2022-04-13T09:19:56,40106.47,3054.41,103.86,0.2338,15.05,58.1,17.83,85.28,5.541,153.77,0.5262,0.02103,0.0062,2.026,1.462,2.07,1.419,3.561,158.56,12.69,0.8107,1.488,0.5656,2.224,420.16,0.9542,48.3,0.7149,12.22,2.74e-05,0.2019,2.804,1.167,2.152,0.1923,7.75,0.4735,8.137
2022-04-13T09:20:26,40108.7,3054.48,103.87,0.2338,15.05,58.1,17.83,85.29,5.542,153.81,0.5268,0.02104,0.0062,2.026,1.464,2.07,1.419,3.562,158.6,12.69,0.8107,1.488,0.5656,2.224,419.94,0.9542,48.29,0.7149,12.22,2.739e-05,0.2019,2.804,1.167,2.153,0.1923,7.752,0.4736,8.137
2022-04-13T09:20:56,40113.18,3054.49,103.86,0.2338,15.05,58.1,17.83,85.29,5.545,153.79,0.5272,0.02104,0.0062,2.025,1.464,2.07,1.418,3.57,158.64,12.69,0.8107,1.489,0.5656,2.224,420.01,0.9539,48.27,0.7148,12.22,2.745e-05,0.2019,2.803,1.168,2.153,0.1923,7.753,0.4737,8.137
2022-04-13T09:21:26,40143.63,3056.66,104.03,0.2342,15.05,58.3,17.84,85.35,5.544,153.86,0.5272,0.02111,0.0062,2.027,1.465,2.071,1.42,3.566,158.71,12.69,0.8107,1.487,0.5656,2.226,420.07,0.9551,48.29,0.7158,12.22,2.747e-05,0.2019,2.806,1.168,2.153,0.1926,7.757,0.4745,8.138
2022-04-13T09:21:56,40151.54,3057.2,104.05,0.2342,15.05,58.3,17.86,85.42,5.544,154.02,0.5272,0.02115,0.0062,2.027,1.465,2.069,1.422,3.572,158.75,12.69,0.8136,1.487,0.5656,2.227,420.22,0.9556,48.29,0.7213,12.22,2.758e-05,0.2022,2.808,1.169,2.156,0.1929,7.762,0.4752,8.139
2022-04-13T09:22:26,40154.19,3057.41,104.02,0.2343,15.06,58.3,17.87,85.42,5.55,154.06,0.5272,0.02115,0.0062,2.027,1.465,2.069,1.422,3.564,158.77,12.69,0.8136,1.49,0.5656,2.228,420.28,0.9557,48.35,0.72,12.23,2.757e-05,0.2022,2.808,1.169,2.157,0.1929,7.765,0.4755,8.147
2022-04-13T09:22:56,40167.89,3057,104.03,0.2343,15.08,58.3,17.87,85.43,5.56,154.11,0.5272,0.02117,0.0062,2.027,1.466,2.069,1.422,3.568,158.8,12.66,0.8136,1.49,0.5656,2.227,420.53,0.9553,48.36,0.7196,12.23,2.758e-05,0.2022,2.809,1.17,2.157,0.1929,7.767,0.4757,8.146
2022-04-13T09:23:26,40149.8,3056.74,104,0.2341,15.08,58.2,17.86,85.42,5.549,154.03,0.5294,0.02114,0.0062,2.027,1.466,2.073,1.421,3.568,158.78,12.66,0.8136,1.49,0.5656,2.227,420.49,0.9555,48.3,0.7192,12.23,2.753e-05,0.2021,2.807,1.169,2.156,0.1928,7.769,0.4755,8.145
2022-04-13T09:23:56,40149.66,3057.01,104,0.2341,15.09,58.2,17.87,85.42,5.549,154.06,0.5294,0.02113,0.0062,2.027,1.466,2.073,1.421,3.568,158.79,12.66,0.8136,1.491,0.5656,2.227,420.42,0.9557,48.29,0.7194,12.23,2.754e-05,0.2021,2.807,1.169,2.156,0.1928,7.767,0.4757,8.145
2022-04-13T09:24:26,40148.25,3056.87,103.98,0.2341,15.07,58.2,17.87,85.41,5.548,154.09,0.5295,0.0211,0.0062,2.027,1.466,2.072,1.421,3.568,158.77,12.66,0.8136,1.491,0.5656,2.227,420.44,0.9552,48.3,0.7189,12.18,2.759e-05,0.2021,2.807,1.169,2.157,0.1929,7.764,0.4755,8.141
2022-04-13T09:24:56,40135.74,3056.31,103.95,0.2341,15.06,58.3,17.87,85.39,5.544,154.05,0.5295,0.02109,0.0062,2.027,1.466,2.072,1.421,3.568,158.77,12.66,0.8136,1.491,0.5656,2.227,420.44,0.9554,48.28,0.7188,12.18,2.757e-05,0.2021,2.805,1.168,2.156,0.1929,7.766,0.4757,8.145
2022-04-13T09:25:26,40135.89,3056.37,103.91,0.2342,15.06,58.2,17.87,85.38,5.553,154.02,0.5296,0.02109,0.0062,2.027,1.466,2.072,1.421,3.568,158.78,12.66,0.8136,1.491,0.5656,2.227,420.46,0.9555,48.27,0.7184,12.16,2.764e-05,0.2021,2.805,1.168,2.156,0.1928,7.766,0.4757,8.14
2022-04-13T09:25:56,40133.56,3056.15,103.85,0.234,15.07,58.3,17.86,85.34,5.552,154.04,0.5296,0.0211,0.0062,2.027,1.466,2.075,1.421,3.564,158.82,12.71,0.8136,1.488,0.5656,2.227,420.42,0.9552,48.21,0.7184,12.16,2.757e-05,0.2021,2.804,1.168,2.155,0.1928,7.764,0.4755,8.145
2022-04-13T09:26:26,40122.45,3055.92,103.79,0.234,15.07,58.3,17.86,85.3,5.556,154.05,0.5296,0.02108,0.0062,2.022,1.466,2.074,1.421,3.565,158.8,12.71,0.8125,1.486,0.5656,2.227,420.24,0.955,48.18,0.7185,12.16,2.755e-05,0.2021,2.802,1.168,2.154,0.1928,7.765,0.4755,8.146
2022-04-13T09:26:56,40126.64,3056.02,103.82,0.2339,15.07,58.3,17.86,85.29,5.56,154.06,0.529,0.02106,0.0062,2.015,1.465,2.071,1.421,3.565,158.79,12.71,0.8125,1.487,0.5656,2.227,420.23,0.9547,48.13,0.7184,12.16,2.755e-05,0.2021,2.803,1.168,2.155,0.1928,7.765,0.475,8.14
2022-04-13T09:27:26,40122.46,3056.1,103.84,0.2339,15.07,58.2,17.85,85.28,5.558,154.04,0.529,0.02107,0.006213,2.015,1.465,2.068,1.42,3.567,158.82,12.71,0.8125,1.486,0.5656,2.227,420.25,0.9547,48.13,0.7184,12.14,2.754e-05,0.202,2.803,1.168,2.155,0.1929,7.77,0.4753,8.146
2022-04-13T09:27:56,40109.8,3055.58,103.8,0.2338,15.07,58.1,17.85,85.25,5.56,154.03,0.529,0.02107,0.006213,2.015,1.466,2.067,1.42,3.567,158.78,12.71,0.8113,1.48,0.5656,2.226,420.16,0.9548,48.13,0.7182,12.14,2.753e-05,0.202,2.802,1.168,2.154,0.1929,7.768,0.4755,8.144
2022-04-13T09:28:26,40096.5,3055.26,103.75,0.2338,15.07,58.1,17.83,85.21,5.553,153.85,0.529,0.02106,0.006213,2.015,1.466,2.067,1.42,3.567,158.73,12.71,0.8113,1.478,0.5656,2.226,420.1,0.9546,48.12,0.7181,12.14,2.75e-05,0.2017,2.802,1.167,2.153,0.1928,7.759,0.4758,8.14
2022-04-13T09:28:56,40103.84,3054.27,103.79,0.2338,15.07,58.1,17.84,85.24,5.557,153.84,0.529,0.02106,0.006213,2.015,1.466,2.067,1.42,3.565,158.76,12.71,0.8113,1.479,0.5656,2.226,420.07,0.9548,48.13,0.718,12.16,2.751e-05,0.2017,2.8,1.166,2.153,0.1929,7.762,0.4755,8.135
2022-04-13T09:29:26,40103.39,3053.76,103.73,0.2338,15.07,58.1,17.84,85.26,5.556,153.86,0.5295,0.02106,0.006213,2.015,1.466,2.067,1.419,3.565,158.74,12.71,0.8113,1.48,0.5656,2.226,420.11,0.9548,48.14,0.7178,12.16,2.751e-05,0.2018,2.801,1.166,2.153,0.1932,7.757,0.4755,8.133
2022-04-13T09:29:56,40107.99,3054.45,103.77,0.2338,15.07,58.1,17.84,85.29,5.558,153.88,0.5295,0.0211,0.006213,2.012,1.466,2.067,1.42,3.565,158.75,12.71,0.8113,1.48,0.5656,2.226,420.16,0.9544,48.13,0.7177,12.18,2.751e-05,0.2019,2.802,1.166,2.153,0.1932,7.758,0.4754,8.134
2022-04-13T09:30:26,40112.02,3055.05,103.79,0.2338,14.98,58.1,17.85,85.3,5.558,153.96,0.5295,0.0211,0.006213,2.012,1.466,2.067,1.421,3.563,158.77,12.71,0.8113,1.479,0.5656,2.226,420.16,0.9544,48.14,0.7177,12.18,2.751e-05,0.2019,2.802,1.167,2.153,0.1932,7.764,0.4753,8.143
2022-04-13T09:30:56,40111.89,3054.97,103.71,0.2337,14.98,58.1,17.85,85.33,5.559,154,0.5295,0.02108,0.006213,2.014,1.466,2.067,1.42,3.565,158.79,12.71,0.8113,1.48,0.5656,2.226,420.17,0.9546,48.16,0.7176,12.18,2.749e-05,0.2019,2.802,1.166,2.153,0.1932,7.77,0.4754,8.146
2022-04-13T09:31:26,40106.4,3054.87,103.72,0.2337,14.98,58.1,17.85,85.34,5.559,153.98,0.5292,0.02109,0.006194,2.013,1.466,2.066,1.421,3.565,158.78,12.71,0.8113,1.48,0.5656,2.227,420.21,0.954,48.13,0.7175,12.18,2.749e-05,0.2019,2.802,1.166,2.154,0.1932,7.768,0.4754,8.146
2022-04-13T09:31:56,40102.42,3054.49,103.62,0.2336,14.98,58.1,17.85,85.31,5.561,153.94,0.5292,0.0211,0.006194,2.013,1.466,2.066,1.42,3.566,158.77,12.71,0.8151,1.479,0.5656,2.227,420.18,0.9541,48.12,0.7175,12.18,2.753e-05,0.2019,2.8,1.166,2.153,0.1932,7.768,0.4755,8.145
2022-04-13T09:32:26,40087.62,3053.34,103.5,0.2334,14.98,58.1,17.84,85.24,5.558,153.89,0.529,0.02109,0.006194,2.013,1.466,2.065,1.419,3.566,158.73,12.71,0.8151,1.479,0.5656,2.226,420.01,0.9538,48.1,0.7172,12.18,2.746e-05,0.2019,2.8,1.165,2.153,0.1932,7.767,0.4751,8.14
2022-04-13T09:32:56,40085.61,3052.66,103.5,0.2333,14.98,58,17.84,85.24,5.558,153.87,0.529,0.02107,0.006194,2.013,1.465,2.065,1.419,3.558,158.73,12.71,0.8151,1.479,0.5656,2.226,420.05,0.9534,48.08,0.7169,12.18,2.745e-05,0.2017,2.8,1.165,2.153,0.1933,7.767,0.4751,8.14
2022-04-13T09:33:26,40077.14,3052.13,103.39,0.2333,15.03,58,17.82,85.21,5.551,153.81,0.5289,0.02106,0.006194,2.01,1.465,2.064,1.417,3.553,158.69,12.71,0.8236,1.477,0.5656,2.224,419.63,0.9532,48.08,0.7167,12.18,2.743e-05,0.2016,2.797,1.165,2.151,0.1932,7.763,0.4744,8.138
2022-04-13T09:33:56,40069.45,3048.48,103.31,0.2331,15.01,58,17.81,85.17,5.548,153.64,0.5289,0.02105,0.006194,2.012,1.464,2.061,1.416,3.557,158.58,12.71,0.8236,1.478,0.5656,2.222,419.48,0.953,48.06,0.7163,12.18,2.743e-05,0.2016,2.791,1.164,2.15,0.1931,7.763,0.4739,8.136
2022-04-13T09:34:26,40077.68,3049.4,103.35,0.2331,15.01,58,17.82,85.19,5.541,153.6,0.5289,0.02106,0.006194,2.012,1.464,2.062,1.416,3.557,158.53,12.71,0.8236,1.478,0.5656,2.223,419.51,0.9529,48.03,0.7162,12.18,2.745e-05,0.2016,2.792,1.163,2.149,0.1932,7.762,0.4736,8.132
2022-04-13T09:34:56,40077.04,3048.96,103.36,0.2331,15.01,57.8,17.79,85.21,5.541,153.59,0.5292,0.02107,0.006194,2.012,1.464,2.062,1.416,3.557,158.53,12.71,0.8236,1.477,0.5656,2.225,419.66,0.9529,48.03,0.7164,12.18,2.745e-05,0.2016,2.791,1.163,2.149,0.1931,7.76,0.4735,8.129
2022-04-13T09:35:26,40076.5,3048.93,103.37,0.233,15.01,57.8,17.78,85.2,5.541,153.62,0.5289,0.02107,0.006194,2.012,1.464,2.06,1.417,3.556,158.49,12.71,0.8235,1.476,0.5656,2.224,419.67,0.9529,48.02,0.7164,12.18,2.744e-05,0.2016,2.791,1.163,2.15,0.1931,7.756,0.4735,8.128
2022-04-13T09:35:56,40070.85,3048.12,103.37,0.233,15.01,57.8,17.79,85.23,5.537,153.58,0.5289,0.02105,0.00619,2.012,1.464,2.06,1.416,3.557,158.43,12.71,0.8235,1.476,0.5656,2.222,419.63,0.9528,48.06,0.7163,12.2,2.74e-05,0.2016,2.79,1.163,2.149,0.1931,7.755,0.4732,8.115
2022-04-13T09:36:26,40056.78,3047.33,103.29,0.2329,15.01,57.8,17.77,85.24,5.535,153.54,0.5276,0.02101,0.00619,2.012,1.464,2.059,1.416,3.554,158.43,12.71,0.8235,1.475,0.5656,2.221,419.52,0.9527,48.03,0.7162,12.2,2.737e-05,0.2014,2.789,1.163,2.149,0.1931,7.753,0.4732,8.102
2022-04-13T09:36:56,40063.72,3047.11,103.34,0.2329,15.01,57.8,17.78,85.25,5.536,153.47,0.5276,0.02105,0.00619,2.012,1.463,2.059,1.416,3.558,158.37,12.71,0.8235,1.475,0.5656,2.222,419.57,0.9528,48.01,0.7162,12.21,2.735e-05,0.2014,2.79,1.163,2.148,0.1931,7.752,0.4724,8.089
2022-04-13T09:37:26,40070.61,3047.82,103.35,0.2331,15.01,57.8,17.78,85.29,5.541,153.51,0.5276,0.02105,0.00619,2.012,1.464,2.06,1.416,3.556,158.39,12.71,0.8192,1.475,0.5656,2.223,419.56,0.9525,48.05,0.7164,12.2,2.736e-05,0.2016,2.79,1.163,2.148,0.1932,7.748,0.472,8.09
2022-04-13T09:37:56,40078.02,3047.57,103.35,0.2331,15.01,57.8,17.78,85.28,5.538,153.5,0.5276,0.02104,0.00619,2.012,1.464,2.06,1.416,3.556,158.37,12.71,0.8192,1.475,0.5656,2.223,419.6,0.9525,48.05,0.7164,12.2,2.736e-05,0.2016,2.79,1.163,2.148,0.1932,7.745,0.4721,8.089
2022-04-13T09:38:26,40070.97,3047.21,103.37,0.2331,15.01,57.8,17.77,85.29,5.538,153.52,0.5276,0.02103,0.006202,2.012,1.464,2.06,1.417,3.558,158.36,12.71,0.8192,1.474,0.5656,2.223,419.6,0.9529,48.04,0.7165,12.18,2.737e-05,0.2016,2.79,1.164,2.148,0.1932,7.735,0.4716,8.087
2022-04-13T09:38:56,40070.27,3047.18,103.32,0.2331,15.01,57.8,17.77,85.26,5.538,153.52,0.5276,0.02103,0.006202,2.012,1.464,2.06,1.417,3.559,158.37,12.71,0.8192,1.474,0.5656,2.223,419.65,0.9524,48.03,0.7165,12.18,2.738e-05,0.2016,2.789,1.164,2.147,0.1931,7.733,0.4719,8.089
2022-04-13T09:39:26,40062.06,3046.54,103.23,0.2332,14.9,57.8,17.77,85.26,5.542,153.45,0.5276,0.021,0.006181,2.012,1.464,2.059,1.417,3.559,158.33,12.71,0.8192,1.473,0.5656,2.222,419.52,0.9526,48.03,0.7161,12.16,2.734e-05,0.2016,2.788,1.164,2.147,0.1931,7.728,0.472,8.089
2022-04-13T09:39:56,40065.3,3046.76,103.24,0.2332,14.9,57.7,17.77,85.26,5.538,153.44,0.5276,0.021,0.006181,2.012,1.464,2.057,1.416,3.557,158.35,12.71,0.8192,1.473,0.5656,2.222,419.61,0.9523,48.03,0.7161,12.16,2.732e-05,0.2014,2.788,1.164,2.147,0.1931,7.733,0.472,8.089
2022-04-13T09:40:26,40066.44,3047.15,103.28,0.2332,14.9,57.7,17.79,85.28,5.538,153.49,0.5276,0.021,0.006181,2.012,1.464,2.057,1.417,3.557,158.39,12.71,0.8132,1.474,0.5656,2.223,419.62,0.9531,48.05,0.7165,12.16,2.736e-05,0.2015,2.789,1.164,2.147,0.1932,7.735,0.4727,8.084
2022-04-13T09:40:56,40050.68,3045.91,103.26,0.2331,14.9,57.7,17.78,85.26,5.538,153.46,0.5265,0.02096,0.006181,1.995,1.464,2.056,1.417,3.558,158.39,12.71,0.8132,1.473,0.5656,2.223,419.32,0.9528,48.03,0.7161,12.16,2.736e-05,0.2014,2.789,1.164,2.147,0.1932,7.733,0.4722,8.082
2022-04-13T09:41:26,40054.6,3046.21,103.26,0.2332,14.9,57.7,17.78,85.24,5.538,153.51,0.5265,0.02098,0.006181,1.995,1.464,2.056,1.417,3.56,158.37,12.71,0.8132,1.473,0.5656,2.223,419.24,0.9527,48.04,0.7162,12.16,2.734e-05,0.2014,2.789,1.164,2.147,0.1931,7.732,0.4723,8.087
2022-04-13T09:41:56,40060.75,3045.99,103.14,0.2332,14.9,57.8,17.78,85.2,5.542,153.5,0.5263,0.02097,0.006181,1.995,1.464,2.057,1.417,3.559,158.29,12.71,0.8139,1.473,0.5656,2.222,419.26,0.9527,47.99,0.716,12.15,2.734e-05,0.2014,2.788,1.163,2.147,0.1931,7.731,0.4722,8.082
2022-04-13T09:42:26,40056.59,3045.92,103.09,0.233,14.9,57.8,17.79,85.16,5.548,153.49,0.526,0.02096,0.006176,1.995,1.464,2.057,1.416,3.559,158.27,12.71,0.8139,1.473,0.5656,2.222,419.17,0.9527,47.98,0.7161,12.15,2.734e-05,0.2014,2.788,1.163,2.147,0.1931,7.723,0.4714,8.082
2022-04-13T09:42:56,40050.59,3045.36,102.94,0.2328,14.9,57.8,17.79,85.02,5.548,153.24,0.526,0.02093,0.006176,1.995,1.464,2.056,1.415,3.554,158.06,12.62,0.8139,1.474,0.5656,2.219,418.96,0.9516,47.91,0.7155,12.14,2.73e-05,0.2013,2.784,1.163,2.145,0.1929,7.719,0.4708,8.08
2022-04-13T09:43:26,40044,3045.23,102.95,0.2327,14.9,57.8,17.77,84.93,5.546,153.22,0.526,0.02093,0.006151,1.986,1.461,2.056,1.415,3.553,157.88,12.62,0.8139,1.472,0.5656,2.219,418.96,0.9519,47.87,0.7155,12.14,2.728e-05,0.201,2.779,1.162,2.143,0.1929,7.703,0.4706,8.072
2022-04-13T09:43:56,40045.41,3045.07,102.8,0.2326,14.9,57.8,17.78,84.86,5.548,153.22,0.526,0.02092,0.006151,1.976,1.461,2.056,1.414,3.553,157.87,12.62,0.8139,1.469,0.5656,2.218,419.02,0.9516,47.88,0.7157,12.13,2.724e-05,0.201,2.777,1.161,2.142,0.1927,7.691,0.4713,8.075
2022-04-13T09:44:26,40045.64,3045.16,102.84,0.2328,14.91,57.8,17.78,84.83,5.547,153.3,0.526,0.02092,0.006151,1.973,1.461,2.056,1.415,3.557,157.83,12.62,0.8139,1.464,0.5656,2.218,418.98,0.9519,47.92,0.7158,12.12,2.73e-05,0.201,2.778,1.162,2.142,0.1928,7.692,0.4715,8.077
2022-04-13T09:44:56,40043.75,3044.96,102.78,0.2328,14.91,57.8,17.78,84.8,5.547,153.33,0.526,0.02091,0.006151,1.963,1.461,2.056,1.414,3.553,157.83,12.62,0.8139,1.464,0.5656,2.218,419.01,0.9519,47.92,0.7154,12.11,2.73e-05,0.201,2.778,1.162,2.141,0.1928,7.691,0.4716,8.075
2022-04-13T09:45:26,40043.52,3045.05,102.75,0.2328,14.91,57.8,17.78,84.78,5.551,153.23,0.526,0.02085,0.006151,1.967,1.461,2.059,1.414,3.556,157.78,12.62,0.8139,1.464,0.5656,2.218,419.01,0.9516,47.91,0.7155,12.09,2.731e-05,0.201,2.78,1.162,2.142,0.1928,7.69,0.4715,8.076
2022-04-13T09:45:56,40044.63,3045.07,102.78,0.2328,14.91,57.8,17.78,84.8,5.552,153.23,0.5254,0.02087,0.006151,1.954,1.461,2.059,1.415,3.555,157.89,12.63,0.8139,1.464,0.5656,2.218,419.09,0.9521,47.92,0.7156,12.09,2.732e-05,0.2011,2.782,1.162,2.143,0.1928,7.691,0.4717,8.073
2022-04-13T09:46:26,40048.32,3046,102.96,0.2328,14.91,57.8,17.78,84.85,5.554,153.31,0.526,0.02091,0.006151,1.954,1.46,2.059,1.416,3.556,157.89,12.63,0.8139,1.463,0.5656,2.219,419.32,0.9526,47.91,0.7156,12.13,2.733e-05,0.2011,2.782,1.163,2.143,0.1929,7.698,0.472,8.073
2022-04-13T09:46:56,40054.36,3046.17,102.97,0.2331,14.91,57.8,17.79,84.91,5.553,153.39,0.5254,0.02094,0.006151,1.947,1.461,2.06,1.416,3.56,157.97,12.6,0.8139,1.463,0.5656,2.219,419.46,0.9524,47.91,0.7158,12.15,2.736e-05,0.2014,2.784,1.163,2.144,0.1929,7.701,0.472,8.075
2022-04-13T09:47:26,40065.01,3046.56,103.04,0.2332,14.9,57.8,17.8,84.92,5.555,153.37,0.5253,0.02096,0.006151,1.947,1.462,2.06,1.416,3.56,158,12.6,0.8106,1.463,0.5656,2.22,419.52,0.9523,47.92,0.7158,12.15,2.735e-05,0.2014,2.785,1.165,2.144,0.1929,7.703,0.4726,8.077
2022-04-13T09:47:56,40093.18,3048.55,103.15,0.2332,14.9,57.8,17.8,84.96,5.558,153.46,0.5262,0.02098,0.006164,1.947,1.462,2.061,1.417,3.562,158.09,12.6,0.8106,1.463,0.5656,2.222,419.84,0.9531,47.96,0.7163,12.17,2.739e-05,0.2016,2.788,1.165,2.146,0.193,7.704,0.4728,8.091
2022-04-13T09:48:26,40093.3,3048.67,103.14,0.2333,14.9,57.8,17.81,84.97,5.559,153.5,0.5254,0.02099,0.006164,1.947,1.462,2.061,1.418,3.568,158.15,12.6,0.8106,1.463,0.5656,2.222,419.9,0.9532,47.97,0.7163,12.15,2.736e-05,0.2016,2.788,1.165,2.146,0.193,7.708,0.4724,8.093
2022-04-13T09:48:56,40082.65,3049.11,103.13,0.2333,14.9,57.8,17.81,84.91,5.556,153.42,0.5254,0.02099,0.006183,1.943,1.462,2.061,1.417,3.568,158.09,12.6,0.8106,1.472,0.5656,2.221,419.91,0.9526,47.97,0.7162,12.14,2.736e-05,0.2016,2.788,1.165,2.146,0.193,7.704,0.4724,8.092
2022-04-13T09:49:26,40073.89,3047.49,103.11,0.2333,14.9,57.9,17.8,84.89,5.549,153.43,0.5254,0.02097,0.006183,1.943,1.463,2.06,1.417,3.566,158.02,12.6,0.8106,1.471,0.5656,2.221,419.85,0.9527,47.93,0.716,12.14,2.73e-05,0.2016,2.786,1.164,2.145,0.193,7.7,0.4724,8.091
2022-04-13T09:49:56,40082.91,3050.39,103.14,0.2337,14.9,57.9,17.81,84.91,5.556,153.59,0.5254,0.02099,0.006183,1.959,1.464,2.061,1.417,3.568,158.08,12.6,0.8081,1.472,0.5656,2.222,419.97,0.9531,47.95,0.7161,12.14,2.737e-05,0.2016,2.788,1.166,2.146,0.1931,7.705,0.4724,8.093
2022-04-13T09:50:26,40098.57,3050.94,103.13,0.2338,14.91,57.9,17.81,84.96,5.549,153.63,0.5255,0.021,0.006183,1.959,1.464,2.065,1.417,3.568,158.08,12.6,0.8081,1.472,0.5656,2.223,420.01,0.9531,47.93,0.7161,12.14,2.738e-05,0.2016,2.789,1.166,2.147,0.1932,7.706,0.473,8.093
2022-04-13T09:50:56,40109.58,3051.26,103.23,0.2338,14.98,57.9,17.82,85,5.549,153.87,0.5263,0.02103,0.006183,1.951,1.462,2.065,1.417,3.57,158.18,12.6,0.8081,1.472,0.5656,2.224,420.27,0.9533,47.95,0.7161,12.14,2.741e-05,0.2016,2.789,1.167,2.147,0.1932,7.716,0.4731,8.093
2022-04-13T09:51:26,40141.81,3053.38,103.28,0.2341,14.84,57.9,17.83,85.05,5.55,153.92,0.5263,0.02105,0.006188,1.951,1.464,2.067,1.419,3.572,158.24,12.6,0.8072,1.472,0.5656,2.226,420.37,0.9542,47.97,0.7163,12.16,2.743e-05,0.2016,2.793,1.167,2.148,0.1932,7.723,0.4732,8.104
2022-04-13T09:51:56,40127.68,3053.32,103.27,0.234,14.99,57.8,17.84,85.06,5.555,153.88,0.5263,0.02107,0.006177,1.935,1.465,2.066,1.419,3.573,158.33,12.56,0.8094,1.472,0.5656,2.225,420.35,0.954,47.96,0.7163,12.16,2.743e-05,0.2019,2.793,1.167,2.148,0.1932,7.721,0.4734,8.105
2022-04-13T09:52:26,40138.51,3053.56,103.27,0.234,14.99,58.1,17.84,85.11,5.559,153.92,0.526,0.02104,0.006177,1.935,1.465,2.066,1.419,3.573,158.39,12.56,0.8094,1.472,0.5656,2.226,420.35,0.9538,47.96,0.7159,12.18,2.744e-05,0.2019,2.793,1.167,2.148,0.1932,7.725,0.4739,8.105
2022-04-13T09:52:56,40148.06,3054.75,103.21,0.2342,14.99,58.1,17.84,85.12,5.559,153.91,0.526,0.02106,0.006177,1.948,1.465,2.067,1.419,3.575,158.42,12.56,0.8094,1.474,0.5656,2.226,420.52,0.9544,47.96,0.7159,12.2,2.744e-05,0.2019,2.793,1.168,2.148,0.1932,7.726,0.4739,8.102
2022-04-13T09:53:26,40145.41,3055.68,103.23,0.2344,14.99,58.1,17.85,85.2,5.554,154.07,0.526,0.02104,0.006177,1.95,1.465,2.067,1.419,3.574,158.4,12.56,0.8094,1.475,0.5656,2.227,420.48,0.9545,47.94,0.7156,12.2,2.739e-05,0.2019,2.793,1.168,2.149,0.193,7.729,0.4743,8.109
2022-04-13T09:53:56,40160.05,3056.38,103.39,0.2344,14.99,58.1,17.85,85.21,5.555,153.95,0.526,0.02099,0.006177,1.95,1.465,2.067,1.417,3.576,158.43,12.56,0.8094,1.475,0.5656,2.226,420.59,0.9546,47.93,0.7158,12.2,2.743e-05,0.2021,2.796,1.168,2.149,0.1931,7.732,0.4745,8.109
2022-04-13T09:54:26,40169.47,3056.31,103.4,0.2345,15.04,58.1,17.87,85.24,5.561,154.02,0.5259,0.02102,0.006177,1.95,1.466,2.068,1.419,3.576,158.45,12.56,0.8094,1.475,0.5656,2.228,420.64,0.9546,47.93,0.716,12.18,2.74e-05,0.202,2.797,1.168,2.15,0.1932,7.733,0.4746,8.112
2022-04-13T09:54:56,40120.01,3055.12,103.27,0.2342,15.04,58.1,17.86,85.17,5.561,153.93,0.5265,0.02096,0.0062,1.95,1.466,2.065,1.419,3.569,158.45,12.56,0.8099,1.473,0.5656,2.226,420.32,0.9536,47.91,0.7157,12.18,2.736e-05,0.2018,2.796,1.168,2.149,0.1931,7.734,0.4742,8.103
2022-04-13T09:55:26,40112.29,3053,103.23,0.2341,15.04,58.1,17.84,85.17,5.542,153.92,0.5265,0.02099,0.0062,1.95,1.465,2.065,1.419,3.571,158.33,12.56,0.804,1.473,0.5656,2.226,420.33,0.9534,47.89,0.7153,12.18,2.736e-05,0.2016,2.792,1.167,2.149,0.193,7.718,0.4742,8.096
2022-04-13T09:55:56,40108.85,3052.42,103.24,0.2341,15.04,58.1,17.83,85.15,5.54,153.82,0.5269,0.02097,0.0062,1.944,1.465,2.058,1.417,3.571,158.28,12.56,0.804,1.472,0.5656,2.227,420.32,0.9533,47.89,0.7153,12.15,2.736e-05,0.2016,2.792,1.166,2.149,0.193,7.715,0.4739,8.097
2022-04-13T09:56:26,40106,3052.53,103.24,0.2341,15.04,58.1,17.84,85.15,5.537,153.81,0.5285,0.02097,0.0062,1.946,1.465,2.058,1.417,3.57,158.25,12.56,0.804,1.471,0.5656,2.227,420.25,0.9533,47.89,0.7154,12.16,2.737e-05,0.2016,2.792,1.166,2.149,0.1931,7.713,0.4738,8.098
2022-04-13T09:56:56,40100.89,3051.93,103.08,0.2339,15.04,58.1,17.82,85.12,5.537,153.61,0.5295,0.02098,0.0062,1.946,1.464,2.058,1.417,3.56,158.1,12.56,0.804,1.472,0.5656,2.225,420.1,0.9531,47.9,0.7152,12.14,2.735e-05,0.2016,2.79,1.167,2.148,0.193,7.709,0.4734,8.101
2022-04-13T09:57:26,40068.89,3049.2,103.06,0.2338,15.04,58,17.82,85.05,5.533,153.58,0.5294,0.021,0.0062,1.942,1.464,2.056,1.416,3.56,157.97,12.56,0.804,1.47,0.5656,2.224,420,0.9528,47.86,0.7148,12.14,2.727e-05,0.2013,2.787,1.165,2.147,0.193,7.709,0.473,8.099
2022-04-13T09:57:56,40053.11,3049.18,102.96,0.2337,15.04,58.1,17.82,85,5.534,153.47,0.5266,0.02098,0.0062,1.938,1.463,2.056,1.415,3.558,157.91,12.56,0.804,1.472,0.5656,2.224,419.77,0.9526,47.86,0.7148,12.14,2.727e-05,0.2013,2.784,1.164,2.147,0.193,7.702,0.4731,8.098
2022-04-13T09:58:26,40050.69,3048.71,102.86,0.2335,15.04,58.1,17.81,84.98,5.531,153.49,0.5266,0.02098,0.006192,1.938,1.463,2.056,1.415,3.557,157.85,12.56,0.804,1.472,0.5656,2.224,419.66,0.9526,47.86,0.7146,12.14,2.72e-05,0.2013,2.785,1.164,2.147,0.1928,7.699,0.473,8.093
2022-04-13T09:58:56,40050.03,3048.62,102.89,0.2335,15.04,58,17.81,85,5.533,153.59,0.5266,0.02097,0.006192,1.938,1.463,2.056,1.415,3.557,157.84,12.62,0.804,1.468,0.5656,2.223,419.65,0.9525,47.84,0.7143,12.15,2.69e-05,0.2013,2.785,1.164,2.146,0.1927,7.697,0.4728,8.093
2022-04-13T09:59:26,40047.17,3047.91,102.88,0.2334,15.04,58,17.8,84.95,5.534,153.61,0.5266,0.02094,0.006192,1.938,1.463,2.056,1.415,3.554,157.76,12.62,0.804,1.468,0.5656,2.223,419.51,0.9525,47.81,0.7139,12.13,2.682e-05,0.2013,2.786,1.164,2.144,0.1927,7.694,0.4726,8.085
2022-04-13T09:59:56,40066.7,3050.24,103,0.2334,14.94,58,17.81,84.97,5.546,153.64,0.5266,0.02095,0.006192,1.948,1.463,2.057,1.417,3.564,157.88,12.62,0.804,1.471,0.5656,2.224,419.8,0.9524,47.83,0.7141,12.13,2.683e-05,0.2014,2.789,1.165,2.145,0.1927,7.694,0.4726,8.087
2022-04-13T10:00:26,40057.17,3049.52,102.99,0.2335,14.94,58,17.82,84.96,5.545,153.47,0.5275,0.021,0.006192,1.948,1.463,2.056,1.416,3.564,157.85,12.62,0.8045,1.472,0.5656,2.224,419.79,0.9524,47.84,0.7143,12.2,2.661e-05,0.2014,2.789,1.164,2.146,0.1927,7.691,0.4724,8.088
2022-04-13T10:00:56,40078.06,3049.55,103,0.2336,14.94,58,17.8,85.04,5.544,153.45,0.5275,0.02094,0.006192,1.946,1.463,2.057,1.416,3.559,157.83,12.62,0.8045,1.472,0.5656,2.224,419.65,0.9522,47.84,0.7138,12.2,2.662e-05,0.2013,2.788,1.165,2.145,0.1927,7.699,0.473,8.093
2022-04-13T10:01:26,40093.43,3049.95,103.01,0.2339,14.94,58,17.81,85.12,5.547,153.59,0.5275,0.02097,0.006192,1.946,1.463,2.058,1.417,3.564,157.97,12.62,0.8048,1.468,0.5656,2.225,419.77,0.9528,47.87,0.714,12.2,2.657e-05,0.2014,2.791,1.165,2.147,0.1929,7.702,0.473,8.095
2022-04-13T10:01:56,40097.02,3052.05,103.07,0.2341,14.94,58,17.81,85.15,5.55,153.63,0.5275,0.02102,0.006192,1.946,1.463,2.058,1.418,3.566,158.08,12.62,0.8048,1.473,0.5656,2.226,419.85,0.9526,47.89,0.7141,12.21,2.664e-05,0.2014,2.792,1.166,2.147,0.1929,7.704,0.4739,8.1
2022-04-13T10:02:26,40135.38,3053.77,103.15,0.2344,14.94,58.1,17.83,85.19,5.555,153.68,0.5275,0.02103,0.006192,1.946,1.463,2.06,1.418,3.572,158.14,12.62,0.8048,1.473,0.5656,2.228,420.18,0.9534,47.94,0.7144,12.21,2.636e-05,0.2014,2.798,1.167,2.15,0.1931,7.709,0.4739,8.1
2022-04-13T10:02:56,40109.15,3053.2,103.09,0.2344,14.97,58.1,17.82,85.2,5.551,153.65,0.5272,0.02099,0.006192,1.945,1.463,2.059,1.417,3.569,158.16,12.62,0.8048,1.473,0.5656,2.227,420.24,0.953,47.94,0.7142,12.21,2.654e-05,0.2014,2.796,1.167,2.149,0.1931,7.709,0.4738,8.107
2022-04-13T10:03:26,40109.72,3053.68,103.04,0.2342,14.97,58.1,17.82,85.16,5.556,153.57,0.5272,0.02099,0.006192,1.945,1.463,2.059,1.417,3.57,158.12,12.62,0.8048,1.475,0.5656,2.227,420.07,0.9531,47.91,0.7139,12.21,2.648e-05,0.2014,2.793,1.166,2.149,0.193,7.712,0.474,8.107
2022-04-13T10:03:56,40108.43,3053.91,103.05,0.2341,14.97,58,17.82,85.18,5.554,153.54,0.5275,0.02099,0.006192,1.943,1.463,2.059,1.417,3.57,158.14,12.62,0.8048,1.475,0.5656,2.227,420.05,0.9534,47.87,0.7135,12.21,2.649e-05,0.2017,2.794,1.167,2.149,0.1929,7.714,0.4744,8.107
2022-04-13T10:04:26,40111.16,3054.79,103.05,0.2341,14.97,58,17.81,85.21,5.554,153.55,0.5268,0.02099,0.006192,1.943,1.464,2.059,1.418,3.57,158.22,12.62,0.8048,1.475,0.5656,2.228,420.03,0.953,47.9,0.7136,12.22,2.649e-05,0.2017,2.795,1.168,2.149,0.193,7.714,0.4746,8.107
2022-04-13T10:04:56,40099.18,3054.55,103.07,0.234,14.97,58,17.81,85.16,5.551,153.52,0.5268,0.021,0.006192,1.943,1.464,2.058,1.418,3.556,158.21,12.62,0.8048,1.474,0.5656,2.228,419.95,0.9533,47.91,0.7135,12.22,2.648e-05,0.2018,2.794,1.168,2.15,0.193,7.714,0.4746,8.107
2022-04-13T10:05:26,40101.46,3054.66,103.07,0.2341,14.97,58,17.81,85.14,5.554,153.56,0.5268,0.021,0.006192,1.943,1.463,2.058,1.418,3.556,158.13,12.62,0.8048,1.472,0.5461,2.228,419.97,0.9536,47.92,0.7134,12.22,2.64e-05,0.2018,2.794,1.168,2.15,0.1929,7.714,0.474,8.102
2022-04-13T10:05:56,40101.07,3054.78,103.1,0.2341,14.98,58.1,17.82,85.16,5.553,153.56,0.5268,0.02101,0.006193,1.945,1.463,2.058,1.418,3.548,158.12,12.62,0.8051,1.474,0.5461,2.227,419.94,0.9535,47.94,0.7134,12.22,2.636e-05,0.2018,2.794,1.168,2.15,0.193,7.717,0.4741,8.103
2022-04-13T10:06:26,40112.9,3055.2,103.1,0.2343,14.98,58.1,17.82,85.18,5.551,153.54,0.5268,0.02104,0.006193,1.945,1.463,2.061,1.418,3.549,158.16,12.62,0.8051,1.471,0.5461,2.227,420.01,0.9536,47.94,0.7136,12.22,2.631e-05,0.2018,2.795,1.168,2.15,0.193,7.721,0.4741,8.104
2022-04-13T10:06:56,40111.19,3055,103.13,0.2342,14.98,58.1,17.82,85.23,5.555,153.56,0.5268,0.021,0.006193,1.945,1.464,2.061,1.417,3.551,158.15,12.62,0.8051,1.472,0.5461,2.228,419.99,0.9532,48.02,0.7135,12.22,2.637e-05,0.2018,2.795,1.168,2.15,0.193,7.728,0.4742,8.104
2022-04-13T10:07:26,40111.19,3054.94,103.15,0.2343,14.98,58.1,17.82,85.22,5.554,153.63,0.5265,0.02101,0.006193,1.945,1.464,2.06,1.418,3.551,158.15,12.62,0.8056,1.475,0.5461,2.228,420.03,0.9536,48.06,0.7135,12.22,2.643e-05,0.2018,2.795,1.169,2.15,0.1931,7.728,0.4742,8.109
2022-04-13T10:07:56,40094.58,3054.58,103.09,0.2343,14.98,58.1,17.82,85.21,5.556,153.56,0.5246,0.02102,0.006193,1.945,1.462,2.062,1.417,3.551,158.06,12.62,0.8056,1.473,0.5461,2.227,419.93,0.9532,48.04,0.7135,12.22,2.639e-05,0.2018,2.794,1.168,2.15,0.1931,7.731,0.474,8.102
2022-04-13T10:08:26,40067.83,3052.94,102.99,0.2343,14.97,58.1,17.79,85.13,5.538,153.37,0.5246,0.021,0.006198,1.944,1.462,2.059,1.417,3.551,157.96,12.64,0.8056,1.473,0.5461,2.225,419.83,0.9531,48.02,0.713,12.21,2.64e-05,0.2018,2.79,1.167,2.148,0.193,7.723,0.4737,8.101
2022-04-13T10:08:56,40064.62,3052.51,102.89,0.2338,14.97,57.9,17.78,85.07,5.525,153.21,0.5246,0.02094,0.006198,1.944,1.462,2.059,1.416,3.542,157.89,12.64,0.8056,1.472,0.5461,2.224,419.65,0.9525,47.98,0.7127,12.21,2.638e-05,0.2018,2.789,1.167,2.147,0.1928,7.719,0.4737,8.098
2022-04-13T10:09:26,40050.72,3051.66,102.91,0.234,14.97,57.9,17.78,85.02,5.523,153.22,0.5246,0.02095,0.006198,1.944,1.461,2.051,1.415,3.549,157.76,12.64,0.8018,1.472,0.5461,2.225,419.43,0.9528,47.91,0.7127,12.2,2.639e-05,0.2013,2.788,1.166,2.147,0.1928,7.718,0.4735,8.1
2022-04-13T10:09:56,40054.67,3051.77,102.9,0.2341,14.97,57.9,17.78,85.01,5.528,153.18,0.5246,0.02095,0.006198,1.944,1.461,2.038,1.415,3.543,157.78,12.64,0.7984,1.472,0.5461,2.224,419.46,0.9524,47.89,0.7128,12.2,2.639e-05,0.2011,2.788,1.166,2.147,0.1927,7.718,0.4732,8.095
2022-04-13T10:10:26,40066.86,3052.57,103.04,0.2343,14.97,57.9,17.78,85,5.529,153.17,0.5249,0.02095,0.006198,1.944,1.461,2.041,1.416,3.545,157.87,12.64,0.7984,1.47,0.5461,2.225,419.61,0.9528,47.91,0.7129,12.21,2.642e-05,0.2011,2.79,1.167,2.147,0.1928,7.714,0.4736,8.094
2022-04-13T10:10:56,40073.25,3052.93,103.01,0.2343,14.93,57.9,17.78,84.98,5.527,153.26,0.5249,0.02095,0.006198,1.944,1.461,2.041,1.416,3.546,157.88,12.64,0.7984,1.47,0.5461,2.226,419.73,0.953,47.9,0.7132,12.21,2.644e-05,0.2014,2.79,1.167,2.148,0.1929,7.716,0.4736,8.1
2022-04-13T10:11:26,40074.23,3052.76,102.97,0.2343,14.93,57.9,17.79,84.95,5.526,153.25,0.5249,0.02096,0.006198,1.946,1.461,2.041,1.416,3.543,157.83,12.64,0.7984,1.47,0.5461,2.226,419.68,0.9525,47.9,0.7131,12.21,2.648e-05,0.2014,2.79,1.167,2.148,0.1929,7.711,0.4737,8.1
2022-04-13T10:11:56,40073.47,3052.92,102.96,0.2343,14.93,57.9,17.79,84.95,5.523,153.27,0.5249,0.02096,0.006198,1.946,1.461,2.041,1.416,3.541,157.86,12.64,0.8012,1.47,0.5461,2.226,419.7,0.9525,47.9,0.7131,12.21,2.653e-05,0.2014,2.79,1.167,2.149,0.1929,7.713,0.4737,8.101
2022-04-13T10:12:26,40082.11,3053.27,102.97,0.2344,14.93,57.9,17.78,84.94,5.528,153.32,0.5247,0.02095,0.006198,1.946,1.46,2.045,1.416,3.54,157.86,12.64,0.8012,1.47,0.5461,2.226,419.72,0.9525,47.91,0.7133,12.21,2.653e-05,0.2014,2.79,1.167,2.149,0.1929,7.712,0.4734,8.101
2022-04-13T10:12:56,40083.1,3053.19,103.04,0.2344,14.93,57.9,17.78,84.94,5.53,153.25,0.5248,0.02095,0.006198,1.934,1.461,2.045,1.415,3.541,157.8,12.64,0.8012,1.468,0.5461,2.226,419.74,0.9524,47.89,0.7134,12.21,2.656e-05,0.2014,2.79,1.167,2.149,0.1929,7.716,0.4728,8.1
2022-04-13T10:13:26,40073.31,3052.84,103.01,0.2342,14.93,57.9,17.77,84.92,5.523,153.25,0.5245,0.02093,0.006198,1.939,1.46,2.045,1.415,3.536,157.76,12.64,0.8012,1.469,0.5461,2.226,419.54,0.9524,47.88,0.7134,12.01,2.655e-05,0.2012,2.789,1.168,2.148,0.1928,7.713,0.4728,8.095
2022-04-13T10:13:56,40072.05,3052.23,103.02,0.2342,14.93,58,17.77,84.92,5.529,153.14,0.5245,0.02091,0.006198,1.939,1.46,2.045,1.415,3.536,157.8,12.64,0.8012,1.467,0.5461,2.225,419.6,0.9526,47.89,0.7134,12.01,2.652e-05,0.2012,2.789,1.167,2.148,0.1928,7.713,0.4725,8.096
2022-04-13T10:14:26,40074.44,3052.14,103.02,0.2342,14.93,58,17.76,84.95,5.53,153.16,0.5245,0.02092,0.006198,1.939,1.461,2.045,1.415,3.537,157.74,12.64,0.8012,1.467,0.5461,2.224,419.43,0.9526,47.86,0.7131,12.01,2.655e-05,0.2013,2.789,1.167,2.148,0.1928,7.718,0.4727,8.1
2022-04-13T10:14:56,40055.29,3051.98,102.95,0.234,14.93,57.8,17.76,84.95,5.526,153.12,0.5245,0.02092,0.006183,1.935,1.46,2.044,1.416,3.536,157.72,12.64,0.8012,1.466,0.5461,2.223,419.31,0.9517,47.87,0.713,12.01,2.656e-05,0.2013,2.789,1.168,2.148,0.1929,7.717,0.4724,8.089
2022-04-13T10:15:26,40057.31,3052.13,102.93,0.2339,14.93,57.9,17.76,84.96,5.522,153.24,0.5245,0.02094,0.006183,1.935,1.459,2.046,1.416,3.538,157.72,12.64,0.8012,1.466,0.5461,2.224,419.36,0.9522,47.9,0.7131,12.11,2.654e-05,0.2013,2.789,1.167,2.148,0.1928,7.722,0.4724,8.087
2022-04-13T10:15:56,40053.09,3051.73,102.86,0.2338,14.97,57.9,17.74,84.9,5.52,153.2,0.5225,0.02096,0.006192,1.935,1.46,2.046,1.416,3.536,157.69,12.64,0.8012,1.466,0.5461,2.224,419.15,0.9522,47.89,0.713,12.11,2.649e-05,0.2013,2.789,1.167,2.147,0.1928,7.714,0.4719,8.084
2022-04-13T10:16:26,40022.34,3050.72,102.78,0.2334,15,57.9,17.72,84.85,5.515,152.97,0.5204,0.02093,0.006189,1.935,1.46,2.044,1.414,3.532,157.62,12.71,0.8012,1.464,0.5461,2.222,419.04,0.9518,47.83,0.7127,12.1,2.643e-05,0.2013,2.786,1.167,2.144,0.1927,7.708,0.4719,8.084
2022-04-13T10:16:56,39991.63,3048.83,102.78,0.2331,14.9,57.9,17.69,84.78,5.508,152.69,0.5204,0.02093,0.006161,1.935,1.458,2.038,1.413,3.532,157.4,12.71,0.8012,1.46,0.5461,2.222,418.8,0.9508,47.82,0.7129,12.09,2.64e-05,0.2008,2.78,1.165,2.142,0.1924,7.693,0.4716,8.081
2022-04-13T10:17:26,39989.26,3048.99,102.57,0.233,14.9,57.6,17.68,84.71,5.51,152.62,0.5195,0.02086,0.006161,1.935,1.456,2.037,1.412,3.532,157.2,12.64,0.8012,1.458,0.5461,2.215,418.39,0.951,47.74,0.7127,12.09,2.636e-05,0.2004,2.778,1.164,2.14,0.1922,7.687,0.4701,8.079
2022-04-13T10:17:56,39984.27,3048.02,102.54,0.2327,14.93,57.6,17.67,84.66,5.505,152.52,0.5205,0.02084,0.006161,1.931,1.456,2.037,1.409,3.522,156.96,12.64,0.8012,1.456,0.5461,2.214,418.39,0.9498,47.66,0.7119,12.09,2.634e-05,0.1999,2.774,1.163,2.137,0.192,7.674,0.4688,8.073
2022-04-13T10:18:26,39993.97,3048.69,102.55,0.2328,14.88,57.7,17.67,84.68,5.51,152.54,0.5191,0.02085,0.006161,1.931,1.455,2.036,1.41,3.526,157.01,12.65,0.8022,1.456,0.5461,2.216,418.13,0.9498,47.67,0.7122,12.09,2.629e-05,0.1999,2.774,1.165,2.139,0.192,7.679,0.4694,8.072
2022-04-13T10:18:56,40003.63,3049.31,102.61,0.2329,14.88,57.7,17.68,84.64,5.512,152.54,0.5191,0.02085,0.006161,1.93,1.454,2.037,1.409,3.526,157.04,12.65,0.8022,1.456,0.5461,2.218,418.02,0.9504,47.68,0.712,12.1,2.637e-05,0.2001,2.774,1.166,2.139,0.192,7.681,0.4701,8.073
2022-04-13T10:19:26,39976.9,3047.9,102.51,0.2327,14.98,57.7,17.67,84.62,5.505,152.44,0.5183,0.02082,0.006161,1.928,1.455,2.036,1.408,3.52,156.99,12.65,0.8022,1.457,0.5461,2.216,417.97,0.9499,47.64,0.7117,12,2.636e-05,0.1998,2.771,1.166,2.139,0.1919,7.674,0.4699,8.072
2022-04-13T10:19:56,39993.27,3048.45,102.6,0.2327,14.98,57.7,17.69,84.62,5.504,152.44,0.5176,0.02085,0.00616,1.928,1.455,2.036,1.408,3.527,157.07,12.65,0.8005,1.455,0.5461,2.218,417.87,0.9498,47.66,0.7118,12,2.635e-05,0.2,2.773,1.166,2.138,0.192,7.674,0.4701,8.072
2022-04-13T10:20:26,40007.68,3049.57,102.59,0.2329,14.98,57.7,17.69,84.68,5.515,152.59,0.5176,0.02085,0.006148,1.931,1.456,2.037,1.409,3.527,157.15,12.65,0.8041,1.455,0.5461,2.219,417.93,0.9505,47.64,0.7122,12,2.64e-05,0.2003,2.775,1.167,2.139,0.1921,7.687,0.4703,8.071
2022-04-13T10:20:56,39995.27,3048.96,102.46,0.2326,14.98,57.6,17.69,84.65,5.517,152.57,0.5175,0.02086,0.006148,1.927,1.456,2.037,1.409,3.53,157.19,12.65,0.8041,1.454,0.5461,2.218,418.02,0.9505,47.64,0.7119,12,2.64e-05,0.2003,2.774,1.167,2.14,0.192,7.686,0.4703,8.075
2022-04-13T10:21:26,39983.53,3046.44,102.48,0.2323,14.98,57.6,17.68,84.57,5.511,152.54,0.5175,0.02084,0.006148,1.927,1.456,2.036,1.407,3.524,157.06,12.65,0.8041,1.456,0.5461,2.217,417.84,0.9504,47.65,0.7117,11.99,2.635e-05,0.1999,2.774,1.165,2.139,0.192,7.68,0.4703,8.072
2022-04-13T10:21:56,39967.51,3046.16,102.46,0.232,14.95,57.6,17.68,84.52,5.511,152.47,0.5175,0.02081,0.006144,1.927,1.456,2.035,1.407,3.522,157.01,12.65,0.8007,1.455,0.5461,2.216,417.6,0.9502,47.63,0.7116,11.99,2.635e-05,0.1999,2.77,1.165,2.138,0.1919,7.673,0.4702,8.071
2022-04-13T10:22:26,39964.8,3045.66,102.36,0.2319,14.95,57.6,17.67,84.5,5.509,152.43,0.5167,0.02081,0.006141,1.927,1.455,2.035,1.407,3.522,156.97,12.65,0.8007,1.453,0.5461,2.216,417.26,0.95,47.64,0.7114,11.99,2.633e-05,0.1999,2.769,1.164,2.136,0.1918,7.672,0.4702,8.071
2022-04-13T10:22:56,39960.19,3044.95,102.27,0.2317,14.95,57.6,17.66,84.44,5.51,152.33,0.5167,0.0208,0.006141,1.927,1.455,2.035,1.404,3.522,156.91,12.65,0.8007,1.453,0.5461,2.215,416.85,0.9487,47.58,0.7112,11.99,2.626e-05,0.1999,2.767,1.163,2.135,0.1918,7.656,0.4696,8.064
2022-04-13T10:23:26,39963.88,3045.06,102.25,0.2318,14.95,57.6,17.65,84.4,5.507,152.16,0.5177,0.0208,0.006138,1.923,1.453,2.035,1.404,3.519,156.79,12.68,0.8007,1.453,0.5461,2.214,416.68,0.949,47.58,0.7113,11.96,2.618e-05,0.1999,2.767,1.163,2.134,0.1918,7.653,0.4697,8.055
2022-04-13T10:23:56,39956.99,3045.94,102.3,0.2319,14.95,57.6,17.65,84.42,5.508,152.16,0.5172,0.02082,0.006135,1.923,1.453,2.035,1.404,3.519,156.85,12.68,0.8007,1.453,0.5461,2.215,416.7,0.9495,47.58,0.7115,11.96,2.618e-05,0.1995,2.768,1.163,2.135,0.1918,7.654,0.4699,8.051
2022-04-13T10:24:26,39960.35,3045.91,102.33,0.2319,14.96,57.6,17.66,84.46,5.51,152.14,0.5188,0.02082,0.006135,1.912,1.453,2.035,1.405,3.519,156.94,12.68,0.8007,1.453,0.5461,2.215,417.15,0.9493,47.53,0.7117,11.96,2.622e-05,0.1995,2.768,1.164,2.136,0.1917,7.665,0.47,8.053
2022-04-13T10:24:56,39956.14,3045.43,102.25,0.2317,14.96,57.6,17.65,84.43,5.512,152.14,0.5188,0.02082,0.006135,1.903,1.453,2.035,1.404,3.519,156.85,12.68,0.8007,1.453,0.5461,2.215,417.12,0.949,47.53,0.7116,11.96,2.622e-05,0.1996,2.768,1.164,2.135,0.1916,7.662,0.4698,8.053
2022-04-13T10:25:26,39957.29,3044.98,102.23,0.2316,14.96,57.5,17.65,84.41,5.512,152.08,0.5187,0.02082,0.006135,1.907,1.453,2.035,1.404,3.519,156.81,12.68,0.8007,1.45,0.5461,2.215,416.99,0.9491,47.5,0.7116,11.96,2.622e-05,0.1996,2.767,1.164,2.135,0.1916,7.661,0.4686,8.052
2022-04-13T10:25:56,39941.93,3044.66,102.22,0.2315,14.96,57.5,17.64,84.36,5.509,152.04,0.5187,0.02082,0.006135,1.906,1.453,2.034,1.404,3.519,156.78,12.68,0.8007,1.45,0.5461,2.213,416.82,0.9487,47.48,0.7115,11.94,2.617e-05,0.1992,2.766,1.163,2.135,0.1916,7.659,0.4684,8.052
2022-04-13T10:26:26,39843.44,3041.15,102.15,0.2311,14.96,57.1,17.64,84.24,5.498,151.66,0.5186,0.02078,0.006135,1.905,1.449,2.029,1.401,3.508,156.53,12.68,0.8007,1.446,0.5764,2.208,416.37,0.9479,47.38,0.7101,11.93,2.613e-05,0.1987,2.764,1.159,2.13,0.1913,7.656,0.468,8.039
2022-04-13T10:26:56,39825.64,3041.16,101.79,0.2306,14.96,57.2,17.58,84.12,5.488,151.55,0.5185,0.02078,0.006135,1.905,1.447,2.028,1.4,3.507,156.32,12.68,0.8007,1.444,0.5764,2.208,416.28,0.9468,47.37,0.7099,11.93,2.611e-05,0.1989,2.759,1.158,2.13,0.1914,7.642,0.4679,8.035
2022-04-13T10:27:26,39824.83,3038.21,101.73,0.2304,14.89,57.2,17.59,84.12,5.488,151.57,0.5148,0.02081,0.006127,1.905,1.448,2.028,1.401,3.506,156.36,12.68,0.801,1.441,0.5764,2.209,416.03,0.9467,47.37,0.7098,11.91,2.613e-05,0.1989,2.76,1.158,2.128,0.1914,7.645,0.4666,8.03
2022-04-13T10:27:56,39865.38,3039.75,101.86,0.2306,14.89,57.3,17.6,84.12,5.494,151.66,0.5138,0.02083,0.006111,1.905,1.448,2.029,1.402,3.511,156.46,12.68,0.801,1.444,0.5764,2.21,416.25,0.9469,47.38,0.7101,11.92,2.616e-05,0.1991,2.762,1.159,2.129,0.1914,7.644,0.4664,8.031
2022-04-13T10:28:26,39844.9,3039.53,101.99,0.2305,14.89,57.3,17.6,84.15,5.499,151.63,0.5139,0.02085,0.006111,1.905,1.447,2.027,1.401,3.514,156.48,12.63,0.801,1.444,0.5764,2.21,416.33,0.9468,47.43,0.7103,11.92,2.621e-05,0.199,2.763,1.16,2.128,0.1914,7.644,0.4662,8.027
2022-04-13T10:28:56,39824.75,3037.29,101.87,0.2302,14.89,57.3,17.59,84.09,5.495,151.52,0.5156,0.02084,0.006111,1.905,1.447,2.026,1.398,3.511,156.52,12.63,0.798,1.443,0.5764,2.21,416.07,0.946,47.35,0.71,11.91,2.617e-05,0.1989,2.762,1.158,2.126,0.1915,7.644,0.4654,8.026
2022-04-13T10:29:26,39818.33,3037.15,101.88,0.2301,14.89,57.3,17.58,84.07,5.492,151.65,0.5154,0.02085,0.006111,1.905,1.446,2.026,1.398,3.512,156.44,12.63,0.798,1.443,0.5764,2.209,415.92,0.946,47.35,0.7098,11.91,2.618e-05,0.1988,2.761,1.159,2.127,0.1914,7.639,0.4642,8.024
2022-04-13T10:29:56,39840.72,3037.22,101.99,0.2301,14.93,57.3,17.6,84.12,5.492,151.71,0.5126,0.02089,0.006111,1.905,1.446,2.027,1.398,3.513,156.49,12.63,0.798,1.443,0.5764,2.21,415.98,0.9463,47.33,0.71,11.91,2.622e-05,0.1991,2.764,1.159,2.128,0.1914,7.639,0.4642,8.03
2022-04-13T10:30:26,39862.04,3038.1,102.11,0.2301,14.94,57.3,17.61,84.19,5.498,151.76,0.5126,0.02092,0.006105,1.909,1.447,2.023,1.398,3.513,156.56,12.63,0.798,1.443,0.5764,2.21,416.37,0.946,47.39,0.7099,11.91,2.624e-05,0.1991,2.764,1.16,2.128,0.1915,7.652,0.4646,8.029
2022-04-13T10:30:56,39880.14,3038.94,102.11,0.2303,14.94,57.4,17.61,84.23,5.499,151.8,0.5122,0.02093,0.006105,1.909,1.449,2.024,1.398,3.515,156.58,12.63,0.798,1.445,0.5764,2.211,416.48,0.946,47.39,0.7099,11.92,2.623e-05,0.1991,2.766,1.161,2.128,0.1915,7.651,0.4648,8.036
2022-04-13T10:31:26,39900.89,3039.3,102.13,0.2303,14.94,57.7,17.61,84.23,5.502,151.88,0.5121,0.02095,0.006118,1.919,1.449,2.023,1.398,3.52,156.76,12.61,0.798,1.448,0.5764,2.212,416.62,0.9462,47.44,0.7099,11.92,2.629e-05,0.1995,2.769,1.163,2.129,0.1915,7.656,0.4649,8.039
2022-04-13T10:31:56,39888.3,3038.7,102.09,0.2302,14.94,57.5,17.61,84.15,5.497,151.82,0.5121,0.02094,0.006125,1.919,1.448,2.022,1.398,3.523,156.69,12.61,0.7964,1.447,0.5764,2.211,416.74,0.9457,47.48,0.7098,11.92,2.63e-05,0.1993,2.768,1.163,2.129,0.1914,7.661,0.4652,8.042
2022-04-13T10:32:26,39868.24,3036.73,101.98,0.2299,14.94,57.5,17.6,84.09,5.494,151.73,0.512,0.02086,0.006121,1.919,1.449,2.022,1.397,3.52,156.59,12.61,0.7964,1.447,0.5764,2.209,416.44,0.9448,47.46,0.7096,11.91,2.63e-05,0.199,2.765,1.162,2.128,0.1914,7.659,0.4651,8.042
2022-04-13T10:32:56,39872.5,3038.5,102.02,0.2299,14.94,57.5,17.6,84.12,5.494,151.71,0.512,0.02087,0.006121,1.913,1.449,2.022,1.397,3.522,156.54,12.61,0.7941,1.447,0.5764,2.21,416.52,0.9456,47.45,0.7095,11.97,2.63e-05,0.199,2.765,1.163,2.127,0.1915,7.653,0.4651,8.039
2022-04-13T10:33:26,39862.11,3035.87,101.98,0.2298,14.98,57.6,17.59,84.06,5.492,151.66,0.5119,0.02085,0.006121,1.913,1.448,2.021,1.396,3.521,156.42,12.61,0.7941,1.446,0.5764,2.21,416.4,0.9448,47.42,0.7091,11.96,2.624e-05,0.1989,2.764,1.162,2.126,0.1914,7.654,0.4651,8.034
2022-04-13T10:33:56,39838.25,3033.67,101.96,0.2297,14.98,57.4,17.57,83.97,5.487,151.33,0.5111,0.02079,0.006121,1.913,1.448,2.02,1.395,3.507,156.45,12.61,0.7941,1.443,0.5764,2.206,415.94,0.9442,47.3,0.7084,11.95,2.621e-05,0.1985,2.763,1.161,2.123,0.1912,7.646,0.4631,8.035
2022-04-13T10:34:26,39847.75,3036.47,101.97,0.2296,14.98,57.4,17.57,83.95,5.487,151.43,0.5111,0.02079,0.006121,1.913,1.447,2.021,1.394,3.518,156.38,12.6,0.7941,1.443,0.5764,2.207,415.91,0.9443,47.34,0.7085,11.96,2.622e-05,0.1984,2.762,1.16,2.123,0.1912,7.641,0.4625,8.029
2022-04-13T10:34:56,39848.69,3036.7,101.95,0.2296,14.98,57.5,17.57,83.98,5.492,151.45,0.5119,0.02082,0.006121,1.913,1.447,2.021,1.394,3.512,156.34,12.6,0.7945,1.443,0.5764,2.207,415.76,0.9442,47.32,0.7095,12,2.618e-05,0.1984,2.762,1.159,2.124,0.1914,7.636,0.4627,8.031
2022-04-13T10:35:26,39852.12,3038.6,101.96,0.2296,14.98,57.5,17.59,84.02,5.492,151.48,0.5114,0.02084,0.006143,1.913,1.447,2.021,1.396,3.515,156.32,12.53,0.7929,1.445,0.5764,2.208,415.8,0.9444,47.34,0.7099,12,2.619e-05,0.1982,2.763,1.16,2.124,0.1914,7.637,0.4628,8.018
2022-04-13T10:35:56,39838.73,3037.47,101.99,0.2295,14.88,57.5,17.59,84.02,5.494,151.38,0.5114,0.02083,0.006131,1.918,1.447,2.02,1.396,3.513,156.36,12.53,0.7929,1.444,0.5764,2.208,415.88,0.9446,47.33,0.7099,12,2.619e-05,0.1982,2.761,1.16,2.124,0.1914,7.635,0.4625,8.018
2022-04-13T10:36:26,39834.98,3036.3,101.98,0.2295,14.88,57.5,17.58,84,5.493,151.37,0.5114,0.02082,0.006131,1.914,1.447,2.02,1.395,3.511,156.36,12.55,0.7929,1.442,0.5764,2.208,415.66,0.9445,47.29,0.7099,11.99,2.617e-05,0.1984,2.76,1.159,2.124,0.1914,7.637,0.4624,8.007
2022-04-13T10:36:56,39826.53,3036.15,101.9,0.2294,14.88,57.4,17.58,83.99,5.485,151.35,0.5114,0.02081,0.006131,1.914,1.447,2.02,1.394,3.513,156.33,12.55,0.7968,1.441,0.5764,2.207,415.59,0.9442,47.26,0.7097,12,2.614e-05,0.198,2.76,1.159,2.123,0.1915,7.631,0.4624,8.012
2022-04-13T10:37:26,39822.94,3035.57,101.9,0.2294,14.89,57.4,17.58,83.93,5.491,151.37,0.5114,0.02078,0.006131,1.914,1.447,2.019,1.394,3.513,156.27,12.52,0.7968,1.439,0.5764,2.207,415.6,0.9442,47.28,0.7097,11.99,2.617e-05,0.1981,2.76,1.159,2.123,0.1914,7.631,0.4622,8.005
2022-04-13T10:37:56,39846.09,3037.09,102.07,0.2297,14.92,57.4,17.6,83.99,5.492,151.41,0.5102,0.02077,0.006131,1.914,1.447,2.021,1.396,3.517,156.38,12.52,0.7938,1.439,0.5764,2.209,415.83,0.945,47.33,0.71,12,2.621e-05,0.1984,2.762,1.161,2.124,0.1915,7.628,0.4626,8.005
2022-04-13T10:38:26,39873.29,3042.06,102.19,0.2298,14.92,57.4,17.61,84.07,5.504,151.55,0.5102,0.02084,0.006131,1.92,1.447,2.023,1.399,3.52,156.51,12.52,0.7938,1.439,0.5764,2.21,416.34,0.9456,47.35,0.7105,12.02,2.624e-05,0.1985,2.765,1.161,2.125,0.1916,7.635,0.4629,8.016
2022-04-13T10:38:56,39898.15,3042.15,102.15,0.2299,14.92,57.4,17.63,84.16,5.514,151.58,0.5113,0.02085,0.006131,1.92,1.449,2.024,1.399,3.52,156.76,12.52,0.7938,1.447,0.5764,2.211,416.43,0.9457,47.36,0.7107,12.02,2.625e-05,0.1985,2.767,1.163,2.126,0.1917,7.641,0.4633,8.019
2022-04-13T10:39:26,39905.63,3043.07,102.18,0.2305,14.92,57.6,17.64,84.27,5.511,151.66,0.512,0.02085,0.006131,1.92,1.449,2.024,1.399,3.523,156.78,12.52,0.7952,1.447,0.5764,2.211,416.51,0.9456,47.41,0.7111,12.02,2.635e-05,0.1986,2.768,1.163,2.126,0.1917,7.642,0.4634,8.021
2022-04-13T10:39:56,39911.43,3043.11,102.19,0.2304,14.92,57.6,17.63,84.29,5.511,151.66,0.512,0.02084,0.006131,1.924,1.448,2.024,1.399,3.524,156.92,12.52,0.7952,1.447,0.5764,2.212,416.47,0.9457,47.41,0.7113,12.02,2.636e-05,0.1987,2.768,1.163,2.126,0.1917,7.643,0.4633,8.016
2022-04-13T10:40:26,39892.18,3042.74,102.18,0.2303,14.92,57.6,17.63,84.3,5.504,151.66,0.5121,0.02082,0.006131,1.924,1.448,2.023,1.399,3.521,156.94,12.51,0.7952,1.447,0.5764,2.212,416.41,0.9455,47.4,0.7114,12.02,2.632e-05,0.1987,2.766,1.162,2.126,0.1916,7.641,0.4635,8.021
2022-04-13T10:40:56,39895.21,3041.67,102.2,0.2304,14.92,57.6,17.63,84.24,5.509,151.77,0.5134,0.0208,0.006131,1.924,1.448,2.023,1.398,3.52,157.05,12.51,0.7952,1.446,0.5764,2.212,416.48,0.9455,47.41,0.7114,12.02,2.634e-05,0.1987,2.767,1.163,2.126,0.1916,7.643,0.4637,8.021
2022-04-13T10:41:26,39879.71,3041.09,102.17,0.2303,14.92,57.6,17.62,84.18,5.501,151.62,0.5134,0.0208,0.006131,1.924,1.448,2.023,1.398,3.522,157.05,12.51,0.7953,1.446,0.5764,2.211,416.32,0.9452,47.39,0.7113,12.01,2.632e-05,0.1985,2.765,1.162,2.124,0.1916,7.644,0.4636,8.016
2022-04-13T10:41:56,39864.23,3040.92,102.14,0.2304,14.92,57.6,17.62,84.12,5.496,151.6,0.5124,0.02078,0.006131,1.921,1.448,2.022,1.397,3.52,156.94,12.51,0.7953,1.446,0.5764,2.21,416.19,0.945,47.37,0.711,12.01,2.631e-05,0.1984,2.763,1.161,2.124,0.1915,7.639,0.4635,8.015
2022-04-13T10:42:26,39839.09,3039.12,102.11,0.2302,14.92,57.4,17.6,84.09,5.491,151.56,0.512,0.02075,0.006131,1.921,1.448,2.02,1.396,3.517,156.79,12.51,0.7953,1.445,0.5764,2.209,415.91,0.9448,47.31,0.711,12.01,2.626e-05,0.1982,2.76,1.161,2.123,0.1914,7.632,0.4635,8.012
2022-04-13T10:42:56,39843.12,3039.02,102.03,0.2302,14.92,57.5,17.61,84.07,5.493,151.58,0.5105,0.02075,0.006131,1.921,1.447,2.02,1.396,3.517,156.82,12.51,0.7953,1.445,0.5764,2.21,415.77,0.9444,47.31,0.7109,12.01,2.629e-05,0.1983,2.761,1.16,2.122,0.1914,7.631,0.4634,8.011
2022-04-13T10:43:26,39863.51,3040.15,102.07,0.2305,14.84,57.5,17.62,84.13,5.498,151.67,0.5105,0.02079,0.006131,1.921,1.447,2.024,1.396,3.522,156.93,12.51,0.7954,1.445,0.5764,2.211,415.93,0.9448,47.3,0.7113,11.94,2.635e-05,0.1983,2.764,1.161,2.123,0.1915,7.64,0.4637,8.01
2022-04-13T10:43:56,39869.56,3039.97,102.07,0.2306,14.84,57.5,17.62,84.18,5.495,151.8,0.5111,0.0208,0.006131,1.921,1.447,2.021,1.397,3.523,156.91,12.51,0.7954,1.445,0.5764,2.211,416.09,0.9447,47.3,0.7113,11.94,2.636e-05,0.1984,2.763,1.161,2.123,0.1916,7.646,0.4642,8.01
2022-04-13T10:44:26,39869.15,3037.79,101.95,0.2306,14.84,57.5,17.62,84.1,5.496,151.78,0.5111,0.02079,0.006131,1.921,1.448,2.021,1.396,3.521,156.81,12.51,0.7954,1.445,0.5764,2.209,416.1,0.9449,47.28,0.7112,11.93,2.635e-05,0.1982,2.763,1.161,2.123,0.1915,7.64,0.464,8.018
2022-04-13T10:44:56,39861.37,3037.01,101.89,0.2305,14.84,57.5,17.61,84.08,5.495,151.83,0.5111,0.02077,0.006131,1.921,1.447,2.021,1.395,3.521,156.64,12.51,0.7954,1.443,0.5764,2.208,415.44,0.9442,47.25,0.7109,11.93,2.633e-05,0.1983,2.762,1.162,2.123,0.1915,7.641,0.4639,8.009
2022-04-13T10:45:26,39858.27,3037.25,101.91,0.2304,14.84,57.5,17.61,84.09,5.492,151.85,0.5111,0.02076,0.006131,1.921,1.447,2.021,1.395,3.519,156.65,12.51,0.7954,1.443,0.5764,2.208,415.15,0.9438,47.22,0.7108,11.93,2.636e-05,0.1983,2.761,1.162,2.121,0.1915,7.638,0.4636,8.004
2022-04-13T10:45:56,39881.51,3040.24,101.95,0.2305,14.86,57.5,17.62,84.14,5.497,151.86,0.5111,0.02077,0.006131,1.921,1.447,2.022,1.397,3.502,156.66,12.51,0.7973,1.446,0.5764,2.209,415.15,0.9438,47.25,0.7107,11.94,2.638e-05,0.1985,2.764,1.162,2.122,0.1917,7.642,0.4636,8.009
2022-04-13T10:46:26,39892.71,3040.24,101.99,0.231,14.86,57.5,17.63,84.2,5.501,151.88,0.5111,0.0208,0.006132,1.921,1.447,2.023,1.398,3.504,156.81,12.51,0.7956,1.446,0.5764,2.209,415.37,0.9441,47.31,0.7108,11.94,2.639e-05,0.1985,2.764,1.163,2.122,0.1917,7.642,0.4638,8.004
2022-04-13T10:46:56,39909.54,3040.67,102.03,0.231,14.86,57.5,17.63,84.31,5.501,151.9,0.5111,0.0208,0.006132,1.925,1.447,2.023,1.399,3.506,156.9,12.51,0.7973,1.447,0.5764,2.21,415.62,0.9438,47.32,0.7109,11.94,2.646e-05,0.1987,2.765,1.164,2.122,0.1919,7.651,0.4638,8.009
2022-04-13T10:47:26,39905.93,3040.82,102.07,0.231,14.86,57.5,17.63,84.31,5.496,151.89,0.5111,0.02077,0.006132,1.925,1.447,2.023,1.399,3.5,156.9,12.51,0.7973,1.447,0.5764,2.21,415.48,0.944,47.32,0.7109,12.02,2.647e-05,0.1987,2.766,1.164,2.122,0.1918,7.649,0.4639,8.003
2022-04-13T10:47:56,39908.44,3040.03,102.07,0.231,14.86,57.5,17.63,84.28,5.494,151.94,0.5111,0.02083,0.006132,1.931,1.447,2.023,1.399,3.501,156.95,12.51,0.796,1.447,0.5764,2.21,415.44,0.9439,47.36,0.7108,12.02,2.643e-05,0.1985,2.764,1.164,2.122,0.1918,7.647,0.4641,8.006
2022-04-13T10:48:26,39906.52,3040.02,102.08,0.2311,14.91,57.5,17.63,84.3,5.501,151.95,0.5125,0.02096,0.006132,1.931,1.447,2.023,1.399,3.501,156.99,12.54,0.796,1.446,0.5764,2.21,415.5,0.9441,47.36,0.7108,12.02,2.641e-05,0.1985,2.765,1.164,2.122,0.1918,7.652,0.4639,8.005
2022-04-13T10:48:56,39885.89,3038.66,101.96,0.2311,14.91,57.4,17.63,84.29,5.502,151.97,0.5125,0.02107,0.006132,1.926,1.447,2.022,1.398,3.49,157.01,12.54,0.796,1.444,0.5764,2.209,415.51,0.9435,47.35,0.7107,12.01,2.644e-05,0.1985,2.763,1.165,2.122,0.1917,7.654,0.4638,8.009
2022-04-13T10:49:26,39868.7,3037.84,101.97,0.2309,14.91,57.5,17.61,84.22,5.491,151.92,0.5125,0.02108,0.006132,1.926,1.448,2.021,1.397,3.479,156.97,12.54,0.796,1.444,0.5754,2.209,415.21,0.9432,47.32,0.7103,12.07,2.641e-05,0.1984,2.76,1.164,2.121,0.1918,7.639,0.4632,8.004
2022-04-13T10:49:56,39865.64,3037.02,101.92,0.2308,14.91,57.5,17.61,84.22,5.491,152.04,0.5125,0.02107,0.00614,1.926,1.448,2.021,1.397,3.483,156.86,12.54,0.796,1.444,0.5754,2.209,415.22,0.9431,47.33,0.7102,12.07,2.641e-05,0.1984,2.762,1.163,2.122,0.1917,7.66,0.4636,8.009
2022-04-13T10:50:26,39852.8,3036.57,101.94,0.2307,14.91,57.5,17.61,84.21,5.497,152.01,0.5124,0.02104,0.00614,1.919,1.448,2.02,1.399,3.478,156.94,12.54,0.796,1.445,0.5754,2.209,415.02,0.9426,47.31,0.7102,12.07,2.64e-05,0.1986,2.768,1.163,2.126,0.1917,7.66,0.4654,7.997
2022-04-13T10:50:56,39840.82,3036.46,101.81,0.2305,14.91,57.4,17.61,84.15,5.498,151.97,0.5116,0.02102,0.00614,1.907,1.448,2.02,1.399,3.484,156.76,12.54,0.796,1.445,0.5754,2.208,414.93,0.9426,47.28,0.7101,12.07,2.639e-05,0.1986,2.766,1.162,2.126,0.1917,7.661,0.4648,8.007
2022-04-13T10:51:26,39803.65,3033.98,101.68,0.2304,14.85,57.2,17.58,84,5.482,151.81,0.5116,0.02101,0.00614,1.907,1.446,2.018,1.396,3.481,156.62,12.54,0.796,1.441,0.5754,2.205,414.79,0.942,47.23,0.7092,12.06,2.635e-05,0.1981,2.761,1.16,2.122,0.1915,7.667,0.4657,8.005
2022-04-13T10:51:56,39792.45,3033.09,101.68,0.2304,14.85,57.1,17.58,83.97,5.489,151.75,0.5116,0.02098,0.00614,1.9,1.444,2.018,1.396,3.478,156.57,12.54,0.7942,1.441,0.5754,2.204,414.45,0.9421,47.22,0.7086,12.05,2.632e-05,0.1981,2.76,1.16,2.121,0.1915,7.673,0.4648,8.006
2022-04-13T10:52:26,39767.9,3032.13,101.68,0.2298,14.85,57.1,17.57,83.88,5.485,151.55,0.5116,0.021,0.006131,1.904,1.444,2.017,1.394,3.478,156.32,12.54,0.7942,1.441,0.5754,2.203,414.42,0.9413,47.15,0.7085,12.05,2.63e-05,0.1977,2.759,1.159,2.12,0.1915,7.676,0.4643,7.995
2022-04-13T10:52:56,39803.73,3034.76,101.83,0.2301,14.85,57.3,17.58,83.9,5.487,151.62,0.5116,0.02104,0.006131,1.906,1.442,2.018,1.396,3.476,156.43,12.54,0.7942,1.441,0.5754,2.205,414.6,0.9419,47.19,0.709,12.06,2.633e-05,0.1977,2.76,1.159,2.121,0.1915,7.681,0.4651,7.994
2022-04-13T10:53:26,39801.98,3034.64,101.85,0.2302,14.85,57.4,17.58,83.9,5.503,151.66,0.5105,0.02105,0.006124,1.906,1.443,2.018,1.396,3.477,156.44,12.55,0.7945,1.441,0.5754,2.205,414.75,0.9421,47.21,0.709,12.06,2.634e-05,0.1978,2.762,1.159,2.122,0.1916,7.681,0.4652,7.994
2022-04-13T10:53:56,39793.79,3033.06,101.9,0.2302,14.85,57.2,17.58,83.87,5.502,151.62,0.5105,0.02106,0.006124,1.906,1.443,2.015,1.396,3.473,156.43,12.55,0.7945,1.441,0.5754,2.205,414.75,0.9427,47.23,0.7088,12.05,2.633e-05,0.1978,2.762,1.159,2.122,0.1916,7.68,0.4654,7.992
2022-04-13T10:54:26,39774.23,3033.08,101.88,0.2301,14.85,57.2,17.54,83.84,5.501,151.51,0.5102,0.02104,0.006124,1.906,1.443,2.014,1.396,3.475,156.42,12.55,0.7945,1.438,0.5754,2.204,414.56,0.9424,47.23,0.7087,12.05,2.63e-05,0.1978,2.762,1.159,2.121,0.1915,7.674,0.4654,7.992
2022-04-13T10:54:56,39797.41,3032.09,101.93,0.2301,14.91,57.2,17.54,83.85,5.5,151.62,0.5091,0.02103,0.006124,1.906,1.443,2.015,1.396,3.475,156.46,12.55,0.7945,1.438,0.5754,2.204,414.41,0.9423,47.22,0.7088,12.05,2.634e-05,0.1977,2.763,1.159,2.121,0.1916,7.681,0.4656,7.992
2022-04-13T10:55:26,39805.79,3032.64,101.94,0.2301,14.85,57.2,17.56,83.87,5.518,151.69,0.5109,0.02105,0.006124,1.901,1.443,2.015,1.397,3.475,156.46,12.55,0.7945,1.439,0.5754,2.204,414.45,0.9423,47.24,0.7092,11.99,2.637e-05,0.1977,2.764,1.16,2.122,0.1916,7.681,0.4659,7.987
2022-04-13T10:55:56,39804.37,3033.12,101.94,0.2301,14.82,57.3,17.55,83.89,5.523,151.86,0.5109,0.02107,0.006115,1.906,1.444,2.015,1.397,3.476,156.51,12.55,0.7945,1.441,0.5754,2.204,414.63,0.9424,47.27,0.7093,12,2.638e-05,0.1979,2.765,1.16,2.123,0.1916,7.681,0.466,7.992
2022-04-13T10:56:26,39797.07,3031.83,101.95,0.2299,14.82,57.2,17.55,83.84,5.517,151.84,0.5093,0.02104,0.006115,1.904,1.444,2.015,1.397,3.476,156.51,12.55,0.7935,1.441,0.5754,2.203,414.58,0.9428,47.25,0.709,11.99,2.637e-05,0.1978,2.763,1.159,2.122,0.1916,7.681,0.4664,7.991
2022-04-13T10:56:56,39764.37,3030.38,101.89,0.2298,14.82,57.3,17.54,83.81,5.515,151.87,0.5093,0.02099,0.006115,1.897,1.443,2.013,1.396,3.473,156.45,12.55,0.7935,1.438,0.5754,2.203,414.29,0.9418,47.23,0.7087,11.98,2.633e-05,0.1976,2.762,1.159,2.121,0.1916,7.671,0.4662,7.988
2022-04-13T10:57:26,39775.05,3030.53,101.97,0.23,14.82,57.3,17.54,83.82,5.513,151.97,0.5093,0.02098,0.006115,1.897,1.443,2.013,1.395,3.475,156.44,12.55,0.7935,1.438,0.5754,2.203,414.36,0.942,47.2,0.7088,11.98,2.633e-05,0.1976,2.765,1.159,2.121,0.1916,7.674,0.4664,7.977
2022-04-13T10:57:56,39795.36,3031.66,102.05,0.2302,14.82,57.3,17.56,83.89,5.513,152.11,0.5093,0.021,0.006115,1.896,1.443,2.014,1.397,3.475,156.55,12.55,0.7943,1.438,0.5754,2.203,414.68,0.942,47.21,0.7092,11.98,2.633e-05,0.1976,2.768,1.16,2.125,0.1916,7.673,0.4673,7.988
2022-04-13T10:58:26,39812.34,3033.06,102.11,0.2304,14.82,57.3,17.57,83.98,5.525,152.14,0.5093,0.02107,0.006115,1.896,1.444,2.015,1.397,3.482,156.69,12.55,0.7943,1.437,0.5754,2.205,414.81,0.943,47.22,0.7093,11.99,2.639e-05,0.1976,2.769,1.161,2.125,0.1917,7.672,0.4673,7.989
2022-04-13T10:58:56,39814.46,3033.1,102.24,0.2304,14.82,57.2,17.57,84.03,5.523,152.11,0.5095,0.0211,0.00611,1.889,1.444,2.015,1.398,3.482,156.77,12.55,0.7943,1.438,0.5754,2.206,414.97,0.943,47.26,0.7093,11.99,2.638e-05,0.1976,2.77,1.161,2.126,0.1917,7.673,0.4672,7.984
2022-04-13T10:59:26,39790.7,3031.94,102.2,0.2304,14.88,57.2,17.56,84.01,5.514,152.01,0.5095,0.02108,0.006092,1.879,1.444,2.014,1.397,3.475,156.77,12.55,0.7943,1.436,0.5754,2.204,415.03,0.9428,47.23,0.709,11.99,2.633e-05,0.198,2.768,1.16,2.125,0.1916,7.666,0.467,7.99
2022-04-13T10:59:56,39811.6,3032.17,102.27,0.2304,14.88,57.2,17.56,84.06,5.51,152.07,0.5095,0.02106,0.006092,1.877,1.445,2.024,1.398,3.475,156.82,12.55,0.7936,1.436,0.5754,2.205,414.99,0.943,47.24,0.7089,12.06,2.633e-05,0.1982,2.769,1.161,2.126,0.1916,7.67,0.4669,7.99
2022-04-13T11:00:26,39820.28,3033.83,102.27,0.2306,14.88,57.2,17.57,84.09,5.503,152.05,0.5095,0.02106,0.006092,1.877,1.445,2.025,1.398,3.475,156.94,12.55,0.7936,1.436,0.5754,2.205,414.59,0.9432,47.21,0.709,12.07,2.635e-05,0.1982,2.769,1.161,2.126,0.1916,7.675,0.4668,7.997
2022-04-13T11:00:56,39830.95,3033.56,102.27,0.2308,14.88,57.5,17.58,84.13,5.501,152.03,0.5095,0.02108,0.006092,1.861,1.447,2.025,1.398,3.482,156.97,12.55,0.7936,1.441,0.5413,2.206,414.52,0.9437,47.21,0.7091,12.07,2.634e-05,0.1981,2.77,1.161,2.126,0.1919,7.675,0.4669,8.002
2022-04-13T11:01:26,39852.14,3035.96,102.32,0.231,14.88,57.5,17.57,84.17,5.506,152.07,0.5096,0.02109,0.006092,1.856,1.448,2.026,1.399,3.485,157.01,12.55,0.7936,1.442,0.5413,2.206,414.42,0.9431,47.23,0.7093,12.08,2.635e-05,0.1984,2.774,1.162,2.128,0.192,7.676,0.467,8.004
2022-04-13T11:01:56,39854.3,3034.93,102.2,0.2308,14.88,57.5,17.56,84.17,5.504,152.02,0.5096,0.02109,0.006092,1.85,1.448,2.027,1.4,3.485,157.1,12.55,0.7936,1.447,0.5413,2.206,414.73,0.9424,47.23,0.7082,12.12,2.635e-05,0.1985,2.773,1.162,2.128,0.1919,7.682,0.4672,8.008
2022-04-13T11:02:26,39858.23,3035.4,102.25,0.231,14.88,57.5,17.57,84.2,5.502,151.96,0.5097,0.02112,0.006092,1.86,1.448,2.027,1.401,3.485,157.19,12.55,0.7936,1.447,0.5746,2.206,415,0.9429,47.27,0.7084,12.12,2.635e-05,0.1984,2.775,1.163,2.128,0.192,7.685,0.4672,8.008
2022-04-13T11:02:56,39876.8,3036.24,102.38,0.2311,14.87,57.5,17.58,84.25,5.506,152.03,0.5097,0.02114,0.006092,1.865,1.449,2.028,1.402,3.489,157.3,12.55,0.794,1.45,0.5671,2.207,415.21,0.9428,47.33,0.7086,12.12,2.638e-05,0.1987,2.776,1.163,2.129,0.192,7.69,0.4674,8.009
2022-04-13T11:03:26,39881.52,3036.95,102.36,0.2311,14.87,57.5,17.58,84.26,5.503,152.06,0.5105,0.02115,0.006114,1.865,1.45,2.028,1.403,3.514,157.43,12.55,0.794,1.45,0.5671,2.207,415.26,0.9427,47.33,0.7087,12.12,2.638e-05,0.1987,2.777,1.164,2.13,0.1921,7.691,0.4675,8.018
2022-04-13T11:03:56,39881.98,3036.87,102.29,0.2312,14.87,57.5,17.58,84.31,5.503,152.14,0.5124,0.02115,0.006087,1.865,1.45,2.031,1.403,3.509,157.51,12.55,0.794,1.45,0.5671,2.207,415.49,0.9429,47.32,0.7087,12.12,2.639e-05,0.1987,2.777,1.164,2.131,0.192,7.692,0.4677,8.02
2022-04-13T11:04:26,39892.56,3037.14,102.28,0.2312,14.88,57.5,17.58,84.32,5.506,152.12,0.5119,0.02114,0.006087,1.857,1.45,2.032,1.403,3.509,157.53,12.55,0.794,1.448,0.5671,2.206,415.49,0.9434,47.33,0.7087,12.13,2.636e-05,0.1988,2.778,1.164,2.13,0.1921,7.691,0.4679,8.018
2022-04-13T11:04:56,39881.31,3036.84,102.2,0.231,14.87,57.5,17.57,84.27,5.5,152.1,0.5118,0.02112,0.006087,1.857,1.45,2.032,1.399,3.507,157.43,12.55,0.794,1.448,0.5671,2.206,415.22,0.9431,47.29,0.7086,12.12,2.634e-05,0.1988,2.776,1.163,2.13,0.192,7.69,0.4673,8.018
2022-04-13T11:05:26,39850.68,3036.24,102.22,0.2307,14.87,57.4,17.57,84.18,5.495,151.96,0.5118,0.02107,0.006087,1.854,1.45,2.03,1.398,3.502,157.39,12.54,0.7945,1.443,0.5671,2.206,415.16,0.9421,47.26,0.7085,12.12,2.637e-05,0.1984,2.774,1.163,2.129,0.1919,7.665,0.4668,8.007
2022-04-13T11:05:56,39868.29,3036.37,102.3,0.2307,14.87,57.4,17.57,84.2,5.501,152.12,0.5118,0.02109,0.006087,1.858,1.449,2.029,1.399,3.508,157.33,12.54,0.7945,1.446,0.5671,2.206,415.04,0.9424,47.26,0.7088,12.15,2.637e-05,0.1984,2.774,1.163,2.13,0.192,7.665,0.4668,8.006
2022-04-13T11:06:26,39864.66,3035.93,102.3,0.2307,14.87,57.4,17.58,84.21,5.498,152.24,0.5118,0.02107,0.00609,1.847,1.45,2.029,1.399,3.506,157.4,12.56,0.7945,1.446,0.5671,2.206,415.15,0.9425,47.32,0.7086,12.15,2.637e-05,0.1984,2.776,1.163,2.129,0.192,7.662,0.4664,8.005
2022-04-13T11:06:56,39866.65,3035.97,102.31,0.2308,14.87,57.4,17.58,84.22,5.497,152.3,0.5118,0.02106,0.00609,1.841,1.451,2.029,1.399,3.504,157.4,12.56,0.7945,1.446,0.5671,2.207,415.1,0.9428,47.33,0.7086,12.15,2.638e-05,0.1984,2.779,1.163,2.131,0.192,7.662,0.4663,8.01
2022-04-13T11:07:26,39868.1,3036.3,102.32,0.2308,14.87,57.4,17.57,84.22,5.496,152.3,0.5114,0.02107,0.00609,1.841,1.45,2.029,1.399,3.507,157.42,12.56,0.7945,1.446,0.5671,2.207,415.19,0.9426,47.36,0.7086,12.15,2.64e-05,0.1984,2.779,1.163,2.131,0.1921,7.662,0.4663,8.011
2022-04-13T11:07:56,39877.42,3036.56,102.35,0.2309,14.88,57.4,17.58,84.26,5.498,152.3,0.5117,0.0211,0.00609,1.841,1.451,2.027,1.4,3.507,157.33,12.56,0.7945,1.446,0.5671,2.208,415.4,0.9424,47.36,0.7089,12.17,2.642e-05,0.1984,2.779,1.164,2.132,0.1921,7.664,0.4664,8.01
2022-04-13T11:08:26,39872.02,3036.29,102.31,0.2309,14.8,57.4,17.58,84.26,5.501,152.26,0.5117,0.02112,0.00609,1.837,1.451,2.026,1.399,3.504,157.21,12.56,0.7947,1.446,0.5671,2.207,415.15,0.9427,47.37,0.7087,12.17,2.641e-05,0.1984,2.779,1.163,2.131,0.192,7.658,0.4663,8.01
2022-04-13T11:08:56,39876.82,3036.65,102.5,0.2309,14.8,57.4,17.59,84.25,5.502,152.29,0.5117,0.02113,0.00609,1.838,1.451,2.026,1.4,3.504,157.17,12.56,0.7944,1.449,0.5671,2.208,415.33,0.9422,47.42,0.7087,12.17,2.645e-05,0.1984,2.78,1.163,2.132,0.192,7.656,0.4661,8.006
2022-04-13T11:09:26,39882.61,3037.82,102.55,0.2309,14.8,57.4,17.58,84.3,5.501,152.32,0.5117,0.02115,0.006103,1.831,1.451,2.026,1.4,3.503,157.14,12.56,0.7944,1.449,0.5671,2.208,415.45,0.9426,47.43,0.7088,12.18,2.647e-05,0.1984,2.782,1.164,2.133,0.1921,7.657,0.4662,8.01
2022-04-13T11:09:56,39854.4,3035.6,102.47,0.2308,14.8,57.4,17.57,84.29,5.498,152.2,0.5117,0.02112,0.006103,1.831,1.451,2.025,1.4,3.503,157.05,12.56,0.7944,1.449,0.5671,2.207,415.29,0.9421,47.41,0.7085,12.19,2.644e-05,0.1986,2.779,1.163,2.131,0.1919,7.656,0.466,8.005
2022-04-13T11:10:26,39871.62,3036.27,102.49,0.2309,14.8,57.4,17.58,84.27,5.499,152.23,0.5117,0.02112,0.006103,1.834,1.45,2.026,1.4,3.503,157.08,12.56,0.7944,1.448,0.5671,2.208,415.35,0.9422,47.41,0.7086,12.19,2.642e-05,0.1987,2.78,1.164,2.132,0.1919,7.658,0.4659,8.007
2022-04-13T11:10:56,39868.79,3035.98,102.52,0.2311,14.8,57.4,17.58,84.27,5.493,152.23,0.511,0.02113,0.006103,1.832,1.45,2.026,1.4,3.504,157.06,12.56,0.7944,1.448,0.5671,2.208,415.4,0.9426,47.4,0.7086,12.19,2.642e-05,0.1987,2.781,1.164,2.132,0.192,7.657,0.4659,8.011
2022-04-13T11:11:26,39865.29,3035.55,102.49,0.2311,14.81,57.5,17.58,84.21,5.495,152.18,0.5115,0.02111,0.006103,1.832,1.45,2.026,1.4,3.504,157.1,12.56,0.7944,1.448,0.5671,2.207,415.43,0.9428,47.41,0.7085,12.19,2.64e-05,0.1986,2.78,1.164,2.131,0.192,7.655,0.4658,8.011
2022-04-13T11:11:56,39874.16,3036.63,102.51,0.2311,14.81,57.5,17.58,84.24,5.497,152.19,0.5115,0.0211,0.006107,1.834,1.452,2.026,1.4,3.504,157.12,12.56,0.7944,1.449,0.5671,2.208,415.52,0.9426,47.43,0.7086,12.2,2.644e-05,0.1987,2.781,1.165,2.132,0.192,7.657,0.4658,8.012
2022-04-13T11:12:26,39875.68,3036.74,102.53,0.2311,14.81,57.5,17.58,84.26,5.492,152.21,0.5115,0.02111,0.006097,1.834,1.452,2.026,1.401,3.504,157.17,12.56,0.7945,1.452,0.5671,2.208,415.5,0.9424,47.47,0.7086,12.2,2.643e-05,0.1989,2.782,1.165,2.133,0.192,7.657,0.4656,8.01
2022-04-13T11:12:56,39884.41,3037.44,102.61,0.2312,14.81,57.4,17.59,84.33,5.484,152.21,0.5115,0.02114,0.006097,1.838,1.452,2.027,1.401,3.504,157.3,12.56,0.7945,1.451,0.5671,2.209,415.56,0.9427,47.46,0.7087,12.2,2.643e-05,0.1989,2.784,1.165,2.135,0.1921,7.662,0.4658,8.007
2022-04-13T11:13:26,39850.85,3036.39,102.57,0.2312,14.81,57.4,17.58,84.25,5.482,152.17,0.5115,0.02111,0.006107,1.838,1.451,2.025,1.4,3.491,157.21,12.56,0.794,1.451,0.5671,2.208,415.54,0.9423,47.45,0.7085,12.19,2.641e-05,0.1988,2.781,1.164,2.133,0.192,7.658,0.4656,8.006
2022-04-13T11:13:56,39855.27,3035.63,102.45,0.2311,14.78,57.4,17.57,84.22,5.481,152.19,0.5107,0.02109,0.006107,1.838,1.451,2.025,1.4,3.491,157.16,12.56,0.794,1.451,0.5671,2.207,415.49,0.9416,47.43,0.7085,12.19,2.641e-05,0.1989,2.781,1.164,2.133,0.192,7.657,0.4657,8.006
2022-04-13T11:14:26,39857.43,3035.57,102.42,0.2311,14.78,57.4,17.57,84.23,5.476,152.19,0.5107,0.02109,0.006107,1.838,1.451,2.026,1.4,3.491,157.2,12.51,0.794,1.449,0.5671,2.208,415.49,0.9415,47.43,0.7086,12.19,2.64e-05,0.1989,2.782,1.164,2.133,0.192,7.657,0.4656,8.019
2022-04-13T11:14:56,39852.77,3034.56,102.42,0.2312,14.78,57.4,17.58,84.2,5.474,152.2,0.5108,0.02108,0.006107,1.838,1.451,2.025,1.399,3.489,157.13,12.51,0.794,1.449,0.5671,2.207,415.55,0.9415,47.41,0.7086,12.19,2.641e-05,0.1988,2.782,1.163,2.133,0.192,7.655,0.4655,8.019
2022-04-13T11:15:26,39862.02,3035.99,102.43,0.2312,14.78,57.4,17.58,84.26,5.472,152.27,0.5108,0.02108,0.006107,1.838,1.451,2.026,1.399,3.491,157.13,12.56,0.794,1.449,0.5671,2.209,415.6,0.9416,47.47,0.7087,12.19,2.641e-05,0.1987,2.782,1.164,2.133,0.192,7.664,0.4658,8.019
2022-04-13T11:15:56,39875.52,3036.86,102.58,0.2318,14.78,57.8,17.6,84.31,5.478,152.4,0.511,0.02113,0.006092,1.841,1.451,2.029,1.4,3.491,157.24,12.56,0.7935,1.451,0.5671,2.209,415.77,0.9432,47.49,0.7087,12.2,2.645e-05,0.1991,2.785,1.165,2.135,0.1921,7.679,0.4662,8.029
2022-04-13T11:16:26,39906.61,3039.52,102.6,0.2319,14.81,57.4,17.61,84.4,5.482,152.58,0.5112,0.02117,0.006113,1.841,1.453,2.03,1.401,3.491,157.36,12.56,0.7935,1.451,0.5671,2.211,415.92,0.9432,47.52,0.7095,12.21,2.645e-05,0.1993,2.787,1.166,2.136,0.1923,7.683,0.4666,8.031
2022-04-13T11:16:56,39919.08,3038.67,102.65,0.2319,14.81,57.5,17.61,84.42,5.487,152.59,0.5134,0.02117,0.006132,1.841,1.453,2.031,1.402,3.503,157.39,12.56,0.7935,1.452,0.5671,2.213,416.06,0.9433,47.54,0.7096,12.2,2.647e-05,0.1995,2.788,1.167,2.136,0.1924,7.688,0.4665,8.032
2022-04-13T11:17:26,39917.12,3038.17,102.56,0.2321,14.82,57.6,17.61,84.42,5.484,152.64,0.5132,0.02116,0.006132,1.841,1.453,2.031,1.4,3.505,157.44,12.56,0.7963,1.452,0.5671,2.214,416.1,0.9433,47.56,0.7094,12.2,2.646e-05,0.1994,2.787,1.167,2.136,0.1924,7.687,0.4668,8.035
2022-04-13T11:17:56,39913.3,3038.19,102.56,0.2321,14.82,57.6,17.6,84.38,5.482,152.63,0.5126,0.02116,0.006132,1.847,1.453,2.031,1.401,3.504,157.43,12.56,0.7963,1.452,0.5671,2.215,416,0.9432,47.6,0.7094,12.2,2.654e-05,0.1994,2.787,1.167,2.136,0.1924,7.687,0.4668,8.04
2022-04-13T11:18:26,39910.93,3038.18,102.57,0.2321,14.82,57.5,17.6,84.36,5.479,152.64,0.5126,0.02116,0.006132,1.859,1.453,2.031,1.401,3.504,157.46,12.57,0.7963,1.452,0.5671,2.215,415.96,0.9436,47.6,0.7095,12.2,2.662e-05,0.1994,2.787,1.167,2.135,0.1925,7.691,0.4668,8.033
2022-04-13T11:18:56,39917.2,3038.68,102.66,0.2323,14.82,57.5,17.61,84.41,5.472,152.64,0.5132,0.02116,0.006132,1.857,1.453,2.031,1.401,3.504,157.48,12.57,0.7963,1.452,0.5671,2.216,416.23,0.9436,47.63,0.7096,12.2,2.663e-05,0.1994,2.788,1.168,2.136,0.1927,7.699,0.4672,8.033
2022-04-13T11:19:26,39928.81,3039.88,102.74,0.2323,14.82,57.5,17.61,84.43,5.474,152.7,0.5124,0.02118,0.006132,1.86,1.453,2.032,1.402,3.504,157.51,12.6,0.7973,1.451,0.5671,2.216,416.26,0.9442,47.64,0.7098,12.21,2.666e-05,0.1996,2.788,1.168,2.137,0.1928,7.704,0.4672,8.039
2022-04-13T11:19:56,39928.94,3039.82,102.7,0.2323,14.8,57.6,17.62,84.42,5.475,152.72,0.5112,0.02118,0.006132,1.866,1.453,2.032,1.401,3.502,157.51,12.6,0.7973,1.454,0.5671,2.217,416.27,0.9443,47.65,0.7099,12.21,2.671e-05,0.1996,2.788,1.168,2.137,0.1928,7.704,0.4673,8.035
2022-04-13T11:20:26,39945.91,3041.55,102.71,0.2324,14.8,57.6,17.62,84.44,5.482,152.75,0.5112,0.02117,0.006132,1.875,1.454,2.033,1.402,3.501,157.39,12.57,0.7973,1.454,0.5671,2.217,416.43,0.9444,47.66,0.7101,12.14,2.675e-05,0.1996,2.788,1.169,2.137,0.1928,7.705,0.4673,8.039
2022-04-13T11:20:56,39944.34,3041.31,102.69,0.2322,14.8,57.5,17.62,84.43,5.481,152.75,0.5115,0.02115,0.006132,1.875,1.454,2.033,1.401,3.51,157.34,12.57,0.7973,1.454,0.5671,2.217,416.49,0.9442,47.64,0.7099,12.14,2.673e-05,0.1995,2.788,1.169,2.137,0.1929,7.703,0.4672,8.042
2022-04-13T11:21:26,39946.3,3042.09,102.72,0.2323,14.8,57.5,17.62,84.46,5.483,152.72,0.5159,0.02116,0.006132,1.875,1.455,2.033,1.401,3.51,157.37,12.54,0.7973,1.453,0.5671,2.217,416.62,0.9448,47.67,0.71,12.14,2.683e-05,0.1996,2.789,1.169,2.137,0.1929,7.708,0.4673,8.04
2022-04-13T11:21:56,39964.21,3042.8,102.75,0.2323,14.8,57.5,17.63,84.47,5.484,152.83,0.5145,0.02116,0.006137,1.875,1.456,2.031,1.402,3.515,157.36,12.54,0.7962,1.453,0.5671,2.217,416.64,0.945,47.7,0.7099,12.15,2.686e-05,0.1997,2.79,1.17,2.138,0.193,7.711,0.4677,8.039
2022-04-13T11:22:26,39965.84,3042.88,102.74,0.2323,14.8,57.6,17.64,84.48,5.479,152.97,0.5147,0.02116,0.006146,1.875,1.457,2.031,1.403,3.517,157.37,12.56,0.7962,1.456,0.5671,2.218,416.76,0.9449,47.8,0.71,12.14,2.678e-05,0.1998,2.791,1.17,2.139,0.193,7.709,0.4682,8.045
2022-04-13T11:22:56,39963.79,3043.19,102.75,0.2323,14.8,57.6,17.64,84.5,5.479,152.98,0.5165,0.02117,0.006146,1.877,1.457,2.031,1.403,3.518,157.42,12.56,0.7962,1.456,0.5671,2.219,416.76,0.9452,47.78,0.71,12.14,2.677e-05,0.1998,2.791,1.171,2.139,0.193,7.711,0.4684,8.045
2022-04-13T11:23:26,39956.65,3042.09,102.72,0.2323,14.85,57.6,17.63,84.45,5.48,152.93,0.5171,0.02116,0.006146,1.875,1.457,2.031,1.403,3.514,157.37,12.56,0.7965,1.456,0.5671,2.217,416.6,0.9451,47.76,0.7099,12.14,2.674e-05,0.1995,2.789,1.17,2.139,0.1929,7.705,0.4684,8.044
2022-04-13T11:23:56,39950.35,3042.11,102.6,0.2321,14.85,57.5,17.63,84.44,5.482,152.97,0.5171,0.02115,0.006146,1.874,1.457,2.03,1.403,3.514,157.35,12.56,0.7965,1.454,0.5671,2.217,416.62,0.9447,47.72,0.7097,12.14,2.673e-05,0.1995,2.789,1.17,2.138,0.1929,7.702,0.4683,8.047
2022-04-13T11:24:26,39937.77,3041.22,102.55,0.232,14.85,57.5,17.63,84.41,5.478,152.88,0.5171,0.02114,0.006146,1.876,1.457,2.029,1.401,3.516,157.3,12.56,0.7965,1.453,0.5671,2.217,416.6,0.9447,47.72,0.7094,12.13,2.669e-05,0.1993,2.787,1.169,2.137,0.1929,7.701,0.4682,8.043
2022-04-13T11:24:56,39932.09,3040.62,102.52,0.2319,14.85,57.5,17.62,84.36,5.483,152.82,0.5171,0.02114,0.006146,1.876,1.457,2.029,1.402,3.516,157.14,12.56,0.7965,1.453,0.5671,2.216,416.47,0.9446,47.69,0.7094,12.13,2.667e-05,0.1993,2.786,1.169,2.137,0.1929,7.699,0.468,8.043
2022-04-13T11:25:26,39925.84,3039.75,102.53,0.2321,14.85,57.4,17.63,84.38,5.48,152.87,0.5171,0.02113,0.006146,1.876,1.456,2.029,1.401,3.511,157.18,12.51,0.7965,1.448,0.5671,2.216,416.43,0.945,47.66,0.7093,12.12,2.667e-05,0.1993,2.786,1.169,2.138,0.1929,7.699,0.4681,8.036
2022-04-13T11:25:56,39936.5,3040.4,102.56,0.2323,14.85,57.4,17.63,84.4,5.481,152.88,0.5171,0.02116,0.006146,1.882,1.456,2.029,1.401,3.513,157.22,12.51,0.7965,1.448,0.5671,2.219,416.38,0.9452,47.67,0.7098,12.13,2.671e-05,0.1995,2.786,1.17,2.138,0.193,7.698,0.4678,8.041
2022-04-13T11:26:26,39947.53,3041.07,102.59,0.2322,14.85,57.4,17.63,84.44,5.483,152.89,0.5149,0.02119,0.006146,1.881,1.457,2.03,1.403,3.519,157.28,12.51,0.7965,1.452,0.5671,2.22,416.61,0.9451,47.7,0.71,12.13,2.671e-05,0.1995,2.787,1.171,2.139,0.193,7.701,0.4682,8.041
2022-04-13T11:26:56,39961.54,3041.37,102.63,0.2322,14.85,57.4,17.64,84.45,5.483,153.1,0.5154,0.02118,0.006146,1.884,1.457,2.03,1.404,3.517,157.32,12.51,0.7965,1.452,0.5671,2.221,416.56,0.9456,47.71,0.7102,12.13,2.671e-05,0.1998,2.788,1.172,2.139,0.1931,7.707,0.4684,8.036
2022-04-13T11:27:26,39962.08,3041.22,102.48,0.2321,14.85,57.6,17.64,84.47,5.49,153.05,0.5157,0.02118,0.006146,1.884,1.457,2.03,1.403,3.517,157.29,12.51,0.7966,1.453,0.5671,2.221,416.68,0.9455,47.7,0.7102,12.13,2.67e-05,0.1998,2.787,1.173,2.14,0.1932,7.703,0.4686,8.041
2022-04-13T11:27:56,39960.33,3041.27,102.46,0.2322,14.85,57.5,17.64,84.44,5.492,153.03,0.5157,0.02118,0.006146,1.886,1.457,2.036,1.403,3.519,157.28,12.51,0.7966,1.45,0.5671,2.22,416.51,0.9455,47.71,0.7101,12.13,2.666e-05,0.1998,2.786,1.173,2.139,0.1932,7.705,0.4687,8.041
2022-04-13T11:28:26,39970.83,3042.31,102.56,0.2322,14.85,57.5,17.65,84.45,5.488,153.1,0.5152,0.02121,0.006147,1.889,1.458,2.037,1.403,3.526,157.31,12.51,0.7966,1.45,0.5671,2.221,416.51,0.9453,47.7,0.7104,12.13,2.667e-05,0.1998,2.788,1.173,2.139,0.1934,7.703,0.4686,8.041
2022-04-13T11:28:56,39972.36,3042.65,102.49,0.2322,14.85,57.5,17.64,84.41,5.488,153.21,0.5171,0.02122,0.006147,1.884,1.458,2.037,1.404,3.52,157.33,12.51,0.7966,1.45,0.5671,2.221,416.49,0.9452,47.73,0.7104,12.14,2.667e-05,0.1996,2.786,1.173,2.138,0.1934,7.708,0.4686,8.036
2022-04-13T11:29:26,39965.27,3041.76,102.4,0.2322,14.85,57.5,17.64,84.39,5.487,153.22,0.5171,0.02122,0.006147,1.884,1.458,2.037,1.404,3.521,157.3,12.51,0.7964,1.45,0.5671,2.219,416.33,0.9452,47.74,0.7103,12.13,2.665e-05,0.1994,2.785,1.173,2.138,0.1934,7.708,0.4688,8.036
2022-04-13T11:29:56,39972.72,3042.42,102.41,0.2322,14.8,57.5,17.63,84.4,5.49,153.24,0.5171,0.02122,0.006147,1.884,1.457,2.037,1.403,3.522,157.33,12.49,0.7964,1.453,0.5671,2.22,416.39,0.9452,47.73,0.7103,12.14,2.666e-05,0.1996,2.786,1.173,2.138,0.1934,7.71,0.4689,8.041
2022-04-13T11:30:26,39963.82,3043.3,102.41,0.2322,14.85,57.5,17.64,84.4,5.49,153.2,0.5173,0.02124,0.006147,1.881,1.458,2.037,1.403,3.521,157.32,12.49,0.7964,1.45,0.5671,2.22,416.45,0.9455,47.74,0.7103,12.13,2.665e-05,0.1996,2.785,1.173,2.138,0.1934,7.711,0.4689,8.041
2022-04-13T11:30:56,39982.74,3044.17,102.45,0.2323,14.85,57.5,17.64,84.47,5.491,153.2,0.5173,0.02125,0.006147,1.881,1.458,2.028,1.403,3.522,157.33,12.56,0.7964,1.45,0.5671,2.221,416.43,0.9456,47.77,0.7103,12.13,2.667e-05,0.1997,2.786,1.175,2.138,0.1935,7.721,0.4686,8.038
2022-04-13T11:31:26,39986.85,3044.65,102.46,0.2323,14.93,57.5,17.64,84.52,5.495,153.29,0.5192,0.02125,0.006147,1.879,1.459,2.029,1.407,3.523,157.5,12.56,0.7964,1.45,0.5671,2.222,416.63,0.9459,47.77,0.7105,12.13,2.671e-05,0.1997,2.787,1.175,2.139,0.1935,7.732,0.4686,8.036
2022-04-13T11:31:56,39912.29,3043.35,102.34,0.2318,14.95,57.4,17.62,84.43,5.487,153.16,0.5192,0.02116,0.006147,1.879,1.457,2.025,1.407,3.514,157.41,12.56,0.7973,1.449,0.5671,2.22,416.39,0.9446,47.73,0.7102,12.13,2.67e-05,0.1996,2.784,1.175,2.136,0.1932,7.723,0.4683,8.034
2022-04-13T11:32:26,39928.68,3042.19,102.4,0.2319,14.95,57.4,17.62,84.4,5.487,153.11,0.5185,0.02118,0.006147,1.879,1.458,2.026,1.407,3.517,157.35,12.56,0.7973,1.449,0.5671,2.221,416.28,0.9448,47.7,0.7099,12.09,2.669e-05,0.1995,2.784,1.174,2.136,0.1932,7.732,0.4686,8.029
2022-04-13T11:32:56,39907.77,3040.51,102.27,0.2317,14.95,57.4,17.62,84.33,5.485,153.03,0.5185,0.02115,0.006147,1.879,1.458,2.025,1.406,3.517,157.18,12.56,0.7973,1.447,0.5671,2.218,415.97,0.9448,47.67,0.7097,12.09,2.661e-05,0.1991,2.779,1.172,2.136,0.1931,7.719,0.4686,8.027
2022-04-13T11:33:26,39907.37,3040.6,102.25,0.2316,14.95,57.4,17.61,84.33,5.487,153.08,0.5185,0.02113,0.006147,1.886,1.458,2.025,1.406,3.517,157.17,12.56,0.7973,1.447,0.5671,2.218,415.95,0.9443,47.61,0.7097,12.09,2.661e-05,0.1991,2.78,1.172,2.134,0.1931,7.725,0.4686,8.017
2022-04-13T11:33:56,39895.91,3040.14,102.16,0.2315,14.95,57.4,17.6,84.3,5.488,153.06,0.5185,0.02113,0.006152,1.886,1.457,2.024,1.402,3.505,157.13,12.56,0.7973,1.447,0.5671,2.215,415.89,0.9441,47.6,0.7096,12.09,2.657e-05,0.1989,2.779,1.171,2.133,0.1932,7.718,0.468,8.02
2022-04-13T11:34:26,39908.07,3039.08,102.3,0.2317,14.95,57.5,17.61,84.25,5.491,153.11,0.5185,0.02114,0.006132,1.886,1.457,2.025,1.404,3.504,157.12,12.56,0.7973,1.448,0.5671,2.218,416.04,0.944,47.63,0.7097,12.08,2.656e-05,0.1989,2.78,1.172,2.134,0.1932,7.717,0.4686,8.021
2022-04-13T11:34:56,39914.84,3039.23,102.29,0.2317,14.95,57.5,17.61,84.29,5.491,153.17,0.5196,0.02114,0.006132,1.886,1.458,2.025,1.405,3.504,157.14,12.56,0.7973,1.448,0.5671,2.217,416.05,0.9443,47.62,0.7098,12.08,2.655e-05,0.1992,2.781,1.172,2.135,0.1932,7.718,0.469,8.021
2022-04-13T11:35:26,39903.06,3038.77,102.27,0.2318,14.95,57.5,17.61,84.28,5.493,153.23,0.5196,0.02113,0.006132,1.886,1.458,2.025,1.404,3.504,157.12,12.56,0.7973,1.45,0.5671,2.217,416.13,0.944,47.61,0.7097,12.07,2.655e-05,0.1991,2.781,1.172,2.136,0.1931,7.718,0.4692,8.021
2022-04-13T11:35:56,39893.63,3038.03,102.21,0.2316,14.95,57.4,17.61,84.24,5.489,153.13,0.5189,0.02112,0.006132,1.886,1.458,2.025,1.404,3.501,157.08,12.56,0.7984,1.449,0.5671,2.216,416.04,0.9443,47.53,0.7097,12.07,2.652e-05,0.1991,2.78,1.172,2.134,0.1931,7.713,0.469,8.015
2022-04-13T11:36:26,39886.45,3035.99,102.13,0.2313,14.95,57.3,17.59,84.2,5.488,153.08,0.5184,0.02112,0.006132,1.889,1.457,2.024,1.403,3.496,156.85,12.56,0.7984,1.447,0.5671,2.216,415.84,0.9434,47.53,0.7093,12.06,2.65e-05,0.1989,2.778,1.171,2.133,0.1932,7.704,0.4682,8.015
2022-04-13T11:36:56,39885.19,3036.7,102.18,0.2313,14.95,57.3,17.6,84.2,5.49,153.09,0.5184,0.0211,0.006132,1.889,1.456,2.024,1.402,3.495,156.89,12.48,0.7984,1.447,0.5671,2.215,415.75,0.9437,47.51,0.7093,12.04,2.654e-05,0.1988,2.778,1.171,2.133,0.1932,7.707,0.4685,8.013
2022-04-13T11:37:26,39880.98,3036.44,102.16,0.2312,14.95,57.3,17.6,84.2,5.491,153.04,0.5184,0.02109,0.006152,1.889,1.456,2.024,1.402,3.5,156.97,12.48,0.7945,1.447,0.5671,2.215,415.72,0.9435,47.51,0.7092,12.04,2.65e-05,0.1988,2.776,1.17,2.132,0.1934,7.699,0.468,8.013
2022-04-13T11:37:56,39886.97,3037.31,102.2,0.2311,14.95,57.3,17.61,84.21,5.491,153.12,0.5185,0.02111,0.006152,1.893,1.456,2.024,1.403,3.502,157,12.48,0.7945,1.447,0.5671,2.217,415.89,0.9434,47.51,0.7094,12.04,2.652e-05,0.1991,2.777,1.171,2.133,0.1939,7.701,0.467,8.013
2022-04-13T11:38:26,39874.38,3035.54,102.12,0.2311,14.95,57.3,17.6,84.14,5.487,153.05,0.5184,0.02111,0.006152,1.893,1.456,2.024,1.402,3.5,156.89,12.48,0.7954,1.447,0.5671,2.217,415.73,0.9434,47.52,0.7093,12.04,2.651e-05,0.1988,2.776,1.17,2.131,0.1939,7.699,0.4667,8.019
2022-04-13T11:38:56,39862.2,3034.7,102.06,0.2309,14.95,57.3,17.6,84.1,5.489,153.07,0.5163,0.02111,0.006152,1.891,1.456,2.024,1.402,3.5,156.85,12.48,0.7954,1.447,0.5671,2.215,415.78,0.9436,47.49,0.7092,12.03,2.644e-05,0.1988,2.774,1.17,2.13,0.1938,7.686,0.4663,8.019
2022-04-13T11:39:26,39872.34,3035.69,102.18,0.2311,14.89,57.3,17.61,84.09,5.494,153.07,0.5186,0.0211,0.006152,1.891,1.456,2.024,1.402,3.497,156.83,12.48,0.7954,1.446,0.5671,2.217,415.72,0.944,47.49,0.7094,12.04,2.645e-05,0.1988,2.775,1.17,2.131,0.1939,7.688,0.4662,8.014
2022-04-13T11:39:56,39890.35,3036.22,102.19,0.2312,14.9,57.3,17.6,84.12,5.494,153.04,0.5186,0.02111,0.006144,1.9,1.456,2.026,1.402,3.503,156.87,12.48,0.7954,1.448,0.5671,2.217,415.87,0.9445,47.51,0.7097,12.04,2.65e-05,0.199,2.775,1.171,2.131,0.1941,7.691,0.4663,8.015
2022-04-13T11:40:26,39886.02,3036.61,102.2,0.2311,14.9,57.3,17.6,84.11,5.494,153.08,0.5166,0.02112,0.006144,1.898,1.456,2.025,1.402,3.503,156.88,12.48,0.7949,1.448,0.5671,2.217,415.88,0.9441,47.52,0.7101,12.04,2.65e-05,0.199,2.777,1.171,2.131,0.194,7.692,0.4663,8.014
2022-04-13T11:40:56,39876.6,3036.36,102.22,0.2309,14.9,57.3,17.59,84.07,5.492,153.08,0.5167,0.02112,0.006143,1.9,1.456,2.026,1.403,3.503,156.82,12.48,0.7949,1.448,0.5671,2.217,415.9,0.9441,47.54,0.7098,12.02,2.647e-05,0.1989,2.775,1.17,2.13,0.194,7.689,0.4662,8.019
2022-04-13T11:41:26,39864.07,3035.03,102.19,0.2307,14.9,57.3,17.58,84.01,5.49,153.04,0.5167,0.02112,0.006143,1.9,1.456,2.025,1.402,3.496,156.65,12.48,0.7949,1.448,0.5738,2.216,415.87,0.9433,47.52,0.7095,12.01,2.646e-05,0.1989,2.774,1.169,2.13,0.1938,7.684,0.4663,8.017
2022-04-13T11:41:56,39859.93,3034.89,102.15,0.2307,14.9,57.3,17.58,84,5.489,153.04,0.5167,0.02109,0.006143,1.901,1.456,2.025,1.401,3.496,156.68,12.48,0.7937,1.448,0.5738,2.215,415.79,0.9437,47.5,0.7095,12.01,2.643e-05,0.1988,2.772,1.169,2.13,0.1938,7.682,0.4663,8.007
2022-04-13T11:42:26,39862.28,3035.26,102.15,0.2307,14.87,57.3,17.57,83.92,5.487,152.99,0.5167,0.02106,0.006143,1.902,1.456,2.025,1.402,3.496,156.64,12.48,0.7937,1.448,0.5738,2.215,415.65,0.9433,47.49,0.7095,12.01,2.644e-05,0.1988,2.772,1.169,2.13,0.1938,7.681,0.4661,8.011
2022-04-13T11:42:56,39855.04,3033.12,102.14,0.2306,14.87,57.3,17.57,83.87,5.487,152.85,0.5166,0.02104,0.006143,1.901,1.456,2.033,1.4,3.497,156.41,12.52,0.7937,1.446,0.5738,2.214,415.49,0.9429,47.47,0.7094,11.99,2.644e-05,0.1988,2.772,1.168,2.13,0.1938,7.681,0.4658,8.01
2022-04-13T11:43:26,39852.07,3033.72,102.06,0.2305,14.89,57.3,17.57,83.74,5.487,152.84,0.5169,0.02104,0.006143,1.901,1.456,2.032,1.4,3.493,156.33,12.52,0.7923,1.442,0.5738,2.213,415.49,0.9428,47.4,0.7094,11.99,2.644e-05,0.1987,2.771,1.168,2.128,0.1937,7.674,0.4656,8.004
2022-04-13T11:43:56,39846.45,3032.06,102.04,0.2303,14.89,57.3,17.56,83.63,5.487,152.67,0.5169,0.02102,0.006143,1.905,1.456,2.032,1.399,3.494,156.29,12.52,0.7923,1.443,0.5738,2.211,415.25,0.9424,47.4,0.709,11.98,2.643e-05,0.1986,2.768,1.167,2.128,0.1937,7.67,0.4656,8.004
2022-04-13T11:44:26,39840.29,3031.46,102.04,0.2304,14.89,57.2,17.56,83.47,5.486,152.53,0.5174,0.02099,0.006143,1.913,1.456,2.032,1.399,3.483,156.25,12.52,0.7923,1.442,0.5738,2.21,415.2,0.9423,47.33,0.7087,11.98,2.637e-05,0.1986,2.766,1.166,2.127,0.1936,7.663,0.4653,8.008
2022-04-13T11:44:56,39822.39,3027.28,101.95,0.23,14.89,57.1,17.54,83.43,5.482,152.35,0.5151,0.02098,0.006143,1.913,1.456,2.027,1.397,3.48,156.09,12.52,0.7923,1.44,0.5738,2.208,414.76,0.9417,47.28,0.7083,11.96,2.635e-05,0.1985,2.764,1.165,2.125,0.1935,7.656,0.4652,7.998
2022-04-13T11:45:26,39828.58,3026.34,101.91,0.2299,14.89,57,17.54,83.48,5.482,152.29,0.5151,0.02099,0.006143,1.913,1.455,2.025,1.397,3.482,156.11,12.52,0.7923,1.438,0.5738,2.209,414.79,0.9421,47.28,0.7082,11.96,2.634e-05,0.1985,2.764,1.166,2.125,0.1936,7.658,0.4652,7.998
2022-04-13T11:45:56,39821.4,3026.08,101.88,0.2299,14.86,57.1,17.53,83.47,5.482,152.33,0.5151,0.02098,0.006141,1.915,1.454,2.024,1.398,3.482,156.13,12.52,0.7923,1.438,0.5738,2.208,414.79,0.9417,47.28,0.7082,11.96,2.632e-05,0.1986,2.764,1.166,2.126,0.1935,7.658,0.465,7.995
2022-04-13T11:46:26,39805.65,3024.66,101.86,0.2298,14.83,57.1,17.52,83.43,5.483,152.22,0.514,0.02095,0.006141,1.919,1.455,2.023,1.397,3.482,156.05,12.52,0.7923,1.44,0.5738,2.206,414.49,0.9415,47.26,0.7082,11.95,2.627e-05,0.1986,2.761,1.165,2.124,0.1934,7.657,0.465,7.999
2022-04-13T11:46:56,39838.34,3025.91,101.94,0.2299,14.83,57.2,17.53,83.46,5.491,152.23,0.5138,0.02099,0.006135,1.919,1.455,2.025,1.396,3.477,156.12,12.52,0.7923,1.44,0.5738,2.207,414.67,0.9418,47.23,0.7083,12.03,2.633e-05,0.1985,2.762,1.165,2.125,0.1935,7.655,0.4646,7.993
2022-04-13T11:47:26,39842.31,3027.33,101.98,0.23,14.83,57.1,17.54,83.52,5.494,152.31,0.5138,0.02103,0.006138,1.919,1.455,2.025,1.397,3.479,156.2,12.52,0.7923,1.441,0.5738,2.208,415,0.9416,47.24,0.7086,12.04,2.636e-05,0.1985,2.763,1.166,2.126,0.1937,7.644,0.4646,7.993
2022-04-13T11:47:56,39855.42,3028,102.09,0.2302,14.83,57.1,17.54,83.61,5.491,152.4,0.5138,0.02102,0.006138,1.919,1.454,2.025,1.399,3.479,156.23,12.52,0.7923,1.44,0.5738,2.209,415.06,0.942,47.27,0.7086,12.04,2.638e-05,0.1985,2.767,1.167,2.125,0.1937,7.643,0.4646,7.993
2022-04-13T11:48:26,39858.34,3029.28,102.11,0.2303,14.83,57.2,17.55,83.69,5.491,152.46,0.5138,0.02102,0.006138,1.919,1.454,2.026,1.4,3.484,156.16,12.52,0.7923,1.44,0.5738,2.211,415.14,0.9424,47.31,0.7091,12.05,2.64e-05,0.1988,2.768,1.168,2.126,0.1937,7.648,0.4646,7.998
2022-04-13T11:48:56,39848.43,3027.79,102.03,0.23,14.83,57.2,17.55,83.65,5.494,152.41,0.5138,0.02103,0.006138,1.921,1.454,2.025,1.399,3.485,156.07,12.48,0.7923,1.44,0.5738,2.209,415.18,0.9426,47.25,0.7089,12.04,2.641e-05,0.1987,2.767,1.168,2.126,0.1935,7.638,0.4647,7.994
2022-04-13T11:49:26,39841.15,3027.04,102.06,0.2301,14.83,57.2,17.54,83.72,5.493,152.45,0.5138,0.02101,0.006138,1.921,1.454,2.025,1.399,3.481,156.03,12.48,0.7923,1.44,0.5738,2.209,415.18,0.9417,47.26,0.7086,12.04,2.642e-05,0.1987,2.767,1.168,2.125,0.1935,7.624,0.4647,7.995
2022-04-13T11:49:56,39842.87,3026.21,102.07,0.23,14.84,57.2,17.54,83.71,5.493,152.44,0.5145,0.02101,0.006138,1.921,1.454,2.024,1.399,3.485,156.01,12.48,0.7918,1.436,0.5738,2.209,415.15,0.9417,47.27,0.7087,12.03,2.642e-05,0.1987,2.767,1.167,2.124,0.1935,7.612,0.4643,7.993
2022-04-13T11:50:26,39844.53,3027.19,102.08,0.23,14.84,57.1,17.54,83.7,5.495,152.51,0.5147,0.02099,0.006138,1.919,1.454,2.022,1.398,3.485,155.99,12.48,0.7909,1.436,0.5738,2.209,415.03,0.9421,47.28,0.7087,12.04,2.644e-05,0.1987,2.767,1.168,2.124,0.1935,7.608,0.4644,7.994
2022-04-13T11:50:56,39846.18,3027.41,102.08,0.2301,14.84,57.1,17.55,83.69,5.492,152.48,0.5152,0.02097,0.006138,1.919,1.454,2.02,1.399,3.485,156,12.48,0.7909,1.436,0.5738,2.21,415.07,0.9423,47.28,0.7087,12.04,2.645e-05,0.1986,2.768,1.168,2.126,0.1934,7.614,0.4643,7.995
2022-04-13T11:51:26,39845.46,3026.34,102.08,0.2302,14.84,57.1,17.54,83.66,5.493,152.43,0.5152,0.02096,0.006138,1.919,1.454,2.02,1.399,3.485,155.98,12.48,0.7905,1.436,0.5738,2.209,415.2,0.9422,47.3,0.7085,12.03,2.645e-05,0.1986,2.769,1.167,2.126,0.1934,7.612,0.4645,7.995
2022-04-13T11:51:56,39860.19,3027.46,102.13,0.2302,14.84,57.1,17.55,83.71,5.493,152.53,0.5152,0.02098,0.006138,1.919,1.454,2.021,1.399,3.485,155.99,12.48,0.7917,1.435,0.5738,2.209,415.32,0.9427,47.34,0.7086,12.03,2.644e-05,0.1989,2.77,1.169,2.126,0.1935,7.609,0.4649,8
2022-04-13T11:52:26,39897.64,3029.16,102.17,0.2308,14.84,57.2,17.57,83.78,5.496,152.97,0.5152,0.02103,0.006138,1.919,1.456,2.025,1.402,3.486,156.04,12.48,0.7917,1.442,0.5738,2.212,415.57,0.9435,47.45,0.7087,12.04,2.65e-05,0.199,2.775,1.171,2.129,0.1938,7.617,0.4655,8.006
2022-04-13T11:52:56,39896.31,3029,102.26,0.2307,14.84,57.2,17.57,83.84,5.496,152.92,0.5152,0.02108,0.006138,1.919,1.457,2.025,1.402,3.486,155.99,12.48,0.7917,1.442,0.5738,2.213,415.69,0.9439,47.46,0.7088,12.07,2.65e-05,0.199,2.776,1.171,2.13,0.1938,7.615,0.4654,8.007
2022-04-13T11:53:26,39894.95,3029.41,102.24,0.2308,14.84,57.2,17.58,83.91,5.503,152.98,0.5153,0.02106,0.006138,1.919,1.456,2.025,1.401,3.495,155.98,12.48,0.7917,1.438,0.5738,2.213,415.74,0.9438,47.46,0.7088,12.07,2.651e-05,0.199,2.776,1.17,2.13,0.1938,7.614,0.4664,8.008
2022-04-13T11:53:56,39901.99,3029.45,102.23,0.2308,14.84,57.2,17.58,83.94,5.503,153,0.5162,0.02104,0.006138,1.919,1.456,2.025,1.401,3.493,155.92,12.48,0.7917,1.438,0.5738,2.213,415.67,0.9434,47.48,0.7088,12.07,2.651e-05,0.1991,2.776,1.17,2.13,0.1938,7.615,0.4662,8.008
2022-04-13T11:54:26,39896.08,3028.63,102.2,0.2308,14.84,57.2,17.57,83.97,5.507,152.97,0.5157,0.02103,0.006146,1.917,1.456,2.025,1.401,3.495,155.91,12.48,0.7917,1.436,0.5738,2.212,415.58,0.9437,47.47,0.7088,12.07,2.647e-05,0.1991,2.775,1.17,2.13,0.1938,7.614,0.4665,8.008
2022-04-13T11:54:56,39916.07,3029.73,102.26,0.231,14.84,57.2,17.58,84,5.507,153.02,0.5176,0.02102,0.006146,1.92,1.456,2.026,1.401,3.495,155.9,12.48,0.7917,1.436,0.5738,2.214,415.72,0.9438,47.49,0.7088,12.07,2.649e-05,0.1992,2.778,1.17,2.13,0.1939,7.618,0.4666,8.005
2022-04-13T11:55:26,39909.7,3028.76,102.19,0.2309,14.87,57.2,17.57,84,5.506,152.97,0.5175,0.02105,0.006146,1.92,1.456,2.026,1.401,3.495,155.75,12.48,0.7917,1.436,0.5738,2.212,415.73,0.9436,47.48,0.7085,11.99,2.647e-05,0.1992,2.778,1.17,2.129,0.1938,7.616,0.4664,8.004
2022-04-13T11:55:56,39897.89,3028.31,102.21,0.2308,14.87,57.2,17.57,83.93,5.506,152.91,0.5158,0.02105,0.006146,1.92,1.456,2.027,1.401,3.497,155.65,12.59,0.7917,1.438,0.5738,2.212,415.61,0.9438,47.49,0.7083,11.99,2.647e-05,0.1991,2.777,1.17,2.128,0.1938,7.613,0.4664,8.007
2022-04-13T11:56:26,39877.56,3026.93,102.08,0.2306,14.87,57.2,17.56,83.88,5.502,152.83,0.5158,0.02096,0.006146,1.917,1.456,2.023,1.398,3.494,155.56,12.59,0.7917,1.438,0.5738,2.21,415.48,0.943,47.47,0.7081,11.99,2.645e-05,0.1991,2.774,1.169,2.128,0.1936,7.608,0.4662,7.998
2022-04-13T11:56:56,39862.28,3026.5,102.04,0.2304,14.87,57.2,17.55,83.77,5.5,152.83,0.5158,0.02092,0.006145,1.917,1.457,2.022,1.397,3.494,155.33,12.57,0.7917,1.435,0.5738,2.209,415,0.9429,47.47,0.708,11.99,2.644e-05,0.1985,2.773,1.168,2.128,0.1935,7.607,0.4659,7.996
2022-04-13T11:57:26,39855.99,3025.99,102.04,0.2306,14.87,57.2,17.55,83.76,5.5,152.87,0.5158,0.02095,0.006136,1.917,1.456,2.021,1.397,3.483,155.29,12.57,0.7917,1.435,0.5738,2.209,414.84,0.9428,47.45,0.7078,11.98,2.641e-05,0.1986,2.773,1.168,2.128,0.1935,7.602,0.4659,7.995
2022-04-13T11:57:56,39850.32,3022.81,102.04,0.2306,14.86,57.2,17.54,83.74,5.503,152.75,0.5158,0.02095,0.006136,1.917,1.456,2.021,1.396,3.475,155.26,12.57,0.7917,1.432,0.5738,2.208,414.86,0.9423,47.44,0.7071,11.97,2.641e-05,0.1986,2.771,1.168,2.127,0.1933,7.603,0.4659,7.998
2022-04-13T11:58:26,39769.18,3019.4,101.71,0.2305,14.86,57,17.5,83.52,5.492,152.41,0.5161,0.0209,0.006136,1.908,1.452,2.017,1.394,3.462,154.88,12.57,0.7917,1.429,0.5738,2.203,414.39,0.9412,47.39,0.706,11.96,2.633e-05,0.198,2.769,1.166,2.122,0.193,7.588,0.4649,7.989
2022-04-13T11:58:56,39761.26,3018.75,101.76,0.2297,14.75,57.1,17.5,83.43,5.484,152.36,0.5144,0.02091,0.006136,1.908,1.453,2.017,1.393,3.461,154.85,12.57,0.7917,1.429,0.5738,2.203,414.11,0.9408,47.31,0.7062,11.95,2.631e-05,0.198,2.764,1.164,2.122,0.1928,7.58,0.4649,7.987
2022-04-13T11:59:26,39740.05,3016.6,101.73,0.2292,14.72,56.9,17.48,83.4,5.487,152.2,0.5144,0.02087,0.006136,1.897,1.452,2.016,1.39,3.461,154.75,12.57,0.7917,1.427,0.5738,2.201,413.74,0.9402,47.29,0.7051,11.95,2.624e-05,0.1976,2.762,1.162,2.119,0.1926,7.574,0.4644,7.97
2022-04-13T11:59:56,39745.79,3018.87,101.12,0.2292,14.71,56.9,17.48,83.42,5.487,152.25,0.5132,0.02089,0.006136,1.893,1.451,2.016,1.39,3.461,154.6,12.52,0.7976,1.426,0.5738,2.201,413.68,0.939,47.2,0.7058,11.96,2.625e-05,0.1977,2.762,1.161,2.12,0.1926,7.572,0.4642,7.97
2022-04-13T12:00:26,39716.31,3016.92,101.16,0.2292,14.71,57,17.48,83.44,5.489,152.14,0.5147,0.02089,0.006091,1.901,1.451,2.014,1.39,3.46,154.75,12.52,0.7976,1.426,0.5738,2.201,413.66,0.9393,47.17,0.7057,11.95,2.625e-05,0.1978,2.762,1.161,2.12,0.1925,7.573,0.4638,7.97
2022-04-13T12:00:56,39696.31,3015.99,101.05,0.229,14.71,56.9,17.47,83.4,5.491,152.01,0.5146,0.02085,0.006089,1.901,1.451,2.015,1.388,3.456,154.74,12.54,0.7976,1.426,0.5738,2.199,413.57,0.9379,47.13,0.7053,11.94,2.621e-05,0.1976,2.761,1.16,2.118,0.1925,7.568,0.4635,7.966
2022-04-13T12:01:26,39692.53,3017.5,101.07,0.2288,14.71,56.9,17.46,83.29,5.487,151.84,0.5146,0.02082,0.00609,1.902,1.451,2.014,1.386,3.46,154.71,12.54,0.7976,1.426,0.5738,2.197,413.48,0.9374,47.06,0.7053,12.02,2.617e-05,0.1975,2.754,1.16,2.116,0.1924,7.57,0.4631,7.964
2022-04-13T12:01:56,39750.56,3021.08,101.37,0.2291,14.71,57,17.48,83.37,5.495,152.02,0.5146,0.02091,0.00609,1.902,1.453,2.018,1.389,3.468,154.89,12.54,0.7976,1.428,0.5738,2.204,414.08,0.9388,47.08,0.7062,12.03,2.624e-05,0.198,2.76,1.161,2.118,0.1926,7.572,0.4638,7.973
2022-04-13T12:02:26,39771.36,3021.17,101.48,0.2294,14.71,56.9,17.5,83.54,5.502,152.18,0.5146,0.02093,0.00609,1.911,1.455,2.019,1.39,3.468,154.87,12.54,0.7976,1.428,0.5738,2.205,414.39,0.9398,47.16,0.7065,12.03,2.629e-05,0.1982,2.761,1.162,2.12,0.1927,7.586,0.4639,7.977
2022-04-13T12:02:56,39688.59,3020.97,101.3,0.2291,14.74,56.9,17.49,83.45,5.488,151.98,0.5146,0.02085,0.00609,1.911,1.453,2.016,1.389,3.461,154.82,12.54,0.7976,1.428,0.5738,2.2,413.76,0.9383,47.12,0.7059,12.03,2.627e-05,0.1978,2.755,1.161,2.116,0.1926,7.582,0.464,7.966
2022-04-13T12:03:26,39687.47,3021.88,101.2,0.2289,14.72,56.9,17.48,83.49,5.497,152.05,0.5146,0.02088,0.00609,1.911,1.457,2.016,1.389,3.456,154.73,12.54,0.7976,1.428,0.5738,2.202,413.83,0.9381,47.11,0.7058,12.04,2.625e-05,0.198,2.757,1.161,2.119,0.1926,7.579,0.4636,7.97
2022-04-13T12:03:56,39755.15,3020.67,101.43,0.2291,14.76,56.9,17.5,83.52,5.504,152.08,0.5124,0.02096,0.006066,1.911,1.456,2.022,1.391,3.472,154.89,12.56,0.7976,1.433,0.5738,2.205,414.25,0.9391,47.09,0.7062,12.03,2.633e-05,0.1985,2.757,1.162,2.119,0.1925,7.587,0.4642,7.97
2022-04-13T12:04:26,39774.08,3022.33,101.44,0.2293,14.76,57,17.5,83.57,5.513,152.23,0.5124,0.02098,0.006066,1.911,1.457,2.023,1.391,3.469,154.98,12.56,0.7976,1.433,0.5738,2.205,414.71,0.939,47.11,0.707,12.04,2.637e-05,0.1985,2.758,1.164,2.122,0.1925,7.592,0.4644,7.979
2022-04-13T12:04:56,39781.06,3021.96,101.38,0.2296,14.85,57,17.51,83.47,5.505,152.22,0.5144,0.02098,0.006081,1.908,1.458,2.024,1.392,3.467,154.92,12.49,0.7976,1.433,0.5738,2.205,414.65,0.9388,47.1,0.7069,12.04,2.636e-05,0.1985,2.76,1.163,2.121,0.1926,7.588,0.4645,7.983
2022-04-13T12:05:26,39754.53,3020.22,101.24,0.2295,14.88,57,17.5,83.4,5.505,152,0.5137,0.02096,0.006077,1.908,1.457,2.023,1.39,3.467,154.84,12.49,0.7989,1.429,0.5738,2.202,414.34,0.9386,47.09,0.7065,11.96,2.63e-05,0.1983,2.757,1.162,2.119,0.1923,7.583,0.4641,7.984
2022-04-13T12:05:56,39777.09,3020.83,101.33,0.2295,14.87,57,17.5,83.41,5.506,152,0.5127,0.02097,0.006071,1.908,1.458,2.024,1.39,3.467,154.77,12.49,0.7908,1.428,0.5738,2.202,414.21,0.9386,47.04,0.7069,11.96,2.633e-05,0.1983,2.758,1.162,2.12,0.1923,7.585,0.4637,7.988
2022-04-13T12:06:26,39816.92,3023.43,101.53,0.2297,14.87,57.1,17.51,83.49,5.524,152.29,0.5127,0.02101,0.006071,1.908,1.46,2.023,1.391,3.468,154.89,12.49,0.7908,1.43,0.5738,2.205,414.63,0.9392,47.09,0.7072,11.97,2.64e-05,0.1987,2.765,1.163,2.122,0.1925,7.597,0.4641,7.996
2022-04-13T12:06:56,39817.43,3022.88,101.5,0.2298,14.88,57.1,17.51,83.55,5.527,152.26,0.5132,0.021,0.006071,1.912,1.46,2.024,1.393,3.465,154.97,12.49,0.7908,1.426,0.5738,2.205,414.5,0.9388,47.11,0.707,11.97,2.639e-05,0.1987,2.765,1.164,2.122,0.1924,7.607,0.4646,7.998
2022-04-13T12:07:26,39899.49,3025.02,101.65,0.23,14.9,57.3,17.53,83.6,5.533,152.39,0.5132,0.02105,0.006071,1.912,1.462,2.028,1.394,3.474,155.21,12.49,0.7908,1.426,0.5738,2.206,414.65,0.9388,47.17,0.7073,11.97,2.645e-05,0.199,2.765,1.165,2.123,0.1926,7.614,0.4651,8.002
2022-04-13T12:07:56,39864.88,3024.02,101.6,0.2298,14.9,57.3,17.53,83.59,5.53,152.35,0.5132,0.0211,0.006071,1.912,1.461,2.026,1.394,3.472,155.19,12.49,0.7908,1.426,0.575,2.205,414.71,0.9387,47.16,0.7073,11.97,2.642e-05,0.199,2.765,1.164,2.123,0.1926,7.608,0.4651,8.002
2022-04-13T12:08:26,39862.87,3023.81,101.56,0.2297,14.9,57.3,17.53,83.52,5.53,152.37,0.5132,0.02108,0.006071,1.912,1.461,2.025,1.394,3.472,155.12,12.49,0.7908,1.43,0.575,2.204,414.75,0.9385,47.15,0.707,11.96,2.639e-05,0.199,2.763,1.164,2.123,0.1926,7.606,0.465,7.997
2022-04-13T12:08:56,39864.87,3024.87,101.6,0.2298,14.9,57.3,17.53,83.54,5.519,152.37,0.5132,0.02109,0.006084,1.916,1.461,2.025,1.394,3.474,155.11,12.49,0.7946,1.428,0.575,2.203,414.73,0.9381,47.16,0.7072,11.97,2.641e-05,0.199,2.764,1.164,2.123,0.1926,7.61,0.4647,7.996
2022-04-13T12:09:26,39855.65,3024.23,101.53,0.2298,14.9,57.2,17.53,83.52,5.512,152.32,0.5136,0.02112,0.006093,1.916,1.461,2.024,1.394,3.47,155.06,12.49,0.7946,1.428,0.575,2.202,414.75,0.9376,47.13,0.7071,11.97,2.64e-05,0.1987,2.764,1.163,2.123,0.1926,7.606,0.4648,7.993
2022-04-13T12:09:56,39845.51,3022.84,101.42,0.2297,14.9,57.1,17.53,83.45,5.503,152.27,0.5162,0.0211,0.006093,1.916,1.46,2.024,1.392,3.462,155.07,12.49,0.7946,1.429,0.575,2.201,414.56,0.9377,47.16,0.7067,11.96,2.634e-05,0.1985,2.761,1.163,2.122,0.1927,7.602,0.4644,7.998
2022-04-13T12:10:26,39861.83,3023.01,101.52,0.2298,14.86,57.1,17.54,83.48,5.51,152.31,0.5162,0.02109,0.006093,1.916,1.46,2.025,1.393,3.472,155.08,12.49,0.7946,1.427,0.575,2.202,414.8,0.938,47.18,0.7069,11.96,2.637e-05,0.1985,2.762,1.164,2.122,0.1927,7.606,0.4645,7.998
2022-04-13T12:10:56,39832.53,3022.53,101.58,0.2297,14.88,57.1,17.54,83.49,5.5,152.41,0.5148,0.0211,0.006072,1.916,1.46,2.02,1.393,3.47,155.1,12.49,0.7942,1.428,0.575,2.201,414.63,0.9379,47.17,0.707,11.96,2.636e-05,0.1985,2.763,1.164,2.122,0.1928,7.603,0.4645,7.998
2022-04-13T12:11:26,39821.49,3022.1,101.44,0.2297,14.88,57.1,17.53,83.44,5.5,152.4,0.5148,0.02111,0.006072,1.912,1.459,2.02,1.393,3.47,155.09,12.49,0.7942,1.422,0.574,2.2,414.53,0.9375,47.15,0.7066,11.96,2.634e-05,0.1985,2.76,1.163,2.121,0.1927,7.596,0.4645,7.993
2022-04-13T12:11:56,39819.34,3021.79,101.44,0.2294,14.88,57.2,17.52,83.41,5.503,152.31,0.5148,0.02109,0.006072,1.912,1.459,2.02,1.392,3.47,155.02,12.49,0.7942,1.424,0.574,2.199,414.43,0.9374,47.15,0.7067,11.96,2.631e-05,0.1985,2.759,1.162,2.12,0.1927,7.597,0.4641,7.998
2022-04-13T12:12:26,39819.43,3020.11,101.44,0.2294,14.88,57.1,17.51,83.34,5.497,152.32,0.5148,0.02107,0.006072,1.912,1.457,2.02,1.392,3.47,155.08,12.49,0.7942,1.421,0.574,2.198,414.57,0.9373,47.13,0.7065,11.95,2.632e-05,0.1982,2.759,1.162,2.12,0.1926,7.585,0.4639,7.995
2022-04-13T12:12:56,39817.94,3020.24,101.39,0.2295,14.88,57.1,17.51,83.34,5.501,152.31,0.5148,0.02108,0.006072,1.914,1.459,2.02,1.392,3.466,155.09,12.49,0.7942,1.412,0.574,2.199,414.48,0.9378,47.13,0.7066,11.95,2.631e-05,0.1982,2.759,1.162,2.12,0.1926,7.572,0.4636,7.988
2022-04-13T12:13:26,39827.56,3020.85,101.41,0.2296,14.83,57.1,17.52,83.4,5.498,152.41,0.5145,0.02111,0.006072,1.92,1.458,2.02,1.392,3.467,155.11,12.49,0.7942,1.415,0.574,2.2,414.59,0.9376,47.13,0.7067,11.95,2.632e-05,0.1985,2.762,1.162,2.121,0.1927,7.577,0.4639,7.988
2022-04-13T12:13:56,39841.84,3022.23,101.37,0.2297,14.83,57.1,17.53,83.41,5.504,152.38,0.5145,0.02114,0.006072,1.92,1.46,2.021,1.392,3.467,155.13,12.49,0.7959,1.417,0.574,2.2,414.64,0.9384,47.13,0.7069,12.05,2.632e-05,0.1985,2.762,1.163,2.122,0.1927,7.569,0.464,7.988
2022-04-13T12:14:26,39834.99,3021.06,101.36,0.2296,14.83,57.1,17.53,83.4,5.5,152.36,0.514,0.02114,0.006074,1.92,1.46,2.02,1.392,3.467,155.12,12.49,0.7959,1.414,0.574,2.2,414.67,0.9381,47.12,0.7067,12.05,2.631e-05,0.1985,2.761,1.163,2.121,0.1927,7.562,0.464,7.992
2022-04-13T12:14:56,39837.92,3021.89,101.37,0.2296,14.78,57.1,17.53,83.38,5.501,152.37,0.5147,0.02113,0.006074,1.917,1.46,2.02,1.392,3.469,155.13,12.49,0.7959,1.416,0.574,2.201,414.61,0.9385,47.09,0.7067,12.05,2.634e-05,0.1986,2.761,1.163,2.122,0.1928,7.566,0.464,7.988
2022-04-13T12:15:26,39835.89,3021.92,101.37,0.2296,14.78,57.1,17.52,83.36,5.505,152.4,0.5148,0.02114,0.006074,1.917,1.46,2.02,1.392,3.469,155.12,12.49,0.7957,1.416,0.574,2.2,414.65,0.9385,47.13,0.7066,12.05,2.634e-05,0.1986,2.761,1.162,2.121,0.1929,7.565,0.4638,7.99
2022-04-13T12:15:56,39816.6,3020.4,101.25,0.2294,14.78,57.2,17.52,83.29,5.498,152.32,0.5148,0.02112,0.006074,1.917,1.459,2.019,1.392,3.47,155.09,12.49,0.7957,1.416,0.574,2.199,414.62,0.9376,47.11,0.7064,12.05,2.63e-05,0.1986,2.761,1.161,2.12,0.1928,7.56,0.4639,7.988
2022-04-13T12:16:26,39814.58,3020.49,101.33,0.2295,14.78,57.2,17.52,83.3,5.498,152.27,0.5148,0.02107,0.006074,1.917,1.459,2.019,1.391,3.47,155.11,12.49,0.7957,1.414,0.574,2.199,414.4,0.9377,47.07,0.7063,12.05,2.63e-05,0.1985,2.761,1.161,2.12,0.1928,7.56,0.4637,7.983
2022-04-13T12:16:56,39819.84,3020.73,101.26,0.2295,14.78,57.2,17.52,83.27,5.497,152.3,0.5148,0.02107,0.006084,1.917,1.46,2.02,1.391,3.46,155.11,12.49,0.7957,1.414,0.574,2.199,414.37,0.9375,47.02,0.7062,12.05,2.629e-05,0.1985,2.761,1.161,2.12,0.1928,7.552,0.4636,7.988
2022-04-13T12:17:26,39833.45,3021.56,101.37,0.2296,14.8,57.2,17.52,83.35,5.499,152.35,0.5148,0.02111,0.006084,1.917,1.459,2.02,1.392,3.466,155.21,12.49,0.7957,1.414,0.574,2.2,414.64,0.9382,47.09,0.7067,12.05,2.632e-05,0.199,2.764,1.162,2.121,0.1929,7.548,0.4636,7.991
2022-04-13T12:17:56,39858.93,3025.02,101.38,0.2303,14.8,57.2,17.54,83.38,5.507,152.52,0.5148,0.02113,0.006084,1.921,1.46,2.024,1.395,3.471,155.26,12.49,0.7957,1.414,0.574,2.202,414.86,0.9383,47.13,0.7069,12.02,2.633e-05,0.1991,2.766,1.162,2.123,0.193,7.554,0.4643,7.997
2022-04-13T12:18:26,39874.26,3024.73,101.49,0.2304,14.76,57.2,17.53,83.46,5.509,152.6,0.5131,0.02114,0.006084,1.92,1.46,2.025,1.394,3.474,155.44,12.49,0.7957,1.414,0.574,2.201,415.02,0.9391,47.19,0.707,12.02,2.64e-05,0.199,2.765,1.163,2.124,0.1931,7.55,0.4645,8.005
2022-04-13T12:18:56,39874.98,3024.9,101.49,0.2304,14.89,57.2,17.53,83.48,5.505,152.71,0.5152,0.02112,0.006084,1.92,1.46,2.025,1.394,3.475,155.44,12.49,0.7957,1.414,0.574,2.201,414.9,0.9393,47.19,0.7069,12.02,2.642e-05,0.199,2.766,1.163,2.124,0.1932,7.546,0.4645,8.006
2022-04-13T12:19:26,39871.45,3024.93,101.48,0.2306,14.89,57.2,17.53,83.47,5.504,152.74,0.5163,0.02112,0.006088,1.92,1.46,2.025,1.394,3.476,155.45,12.49,0.7957,1.416,0.574,2.202,415.08,0.9397,47.19,0.707,12.02,2.641e-05,0.199,2.765,1.164,2.124,0.1932,7.54,0.4643,8.009
2022-04-13T12:19:56,39852.89,3025.16,101.47,0.2306,14.89,57.2,17.52,83.47,5.511,152.63,0.5163,0.02112,0.006088,1.92,1.46,2.024,1.394,3.476,155.42,12.52,0.7957,1.416,0.574,2.202,414.98,0.9394,47.18,0.7069,12.1,2.64e-05,0.1991,2.764,1.164,2.124,0.193,7.539,0.4644,8.009
2022-04-13T12:20:26,39826.53,3024.09,101.33,0.2303,14.89,57.2,17.51,83.37,5.5,152.59,0.5154,0.02107,0.006088,1.92,1.459,2.023,1.393,3.476,155.3,12.52,0.7962,1.416,0.574,2.2,414.89,0.9386,47.11,0.7065,12.09,2.639e-05,0.1987,2.761,1.161,2.122,0.193,7.527,0.4639,8.002
2022-04-13T12:20:56,39821.52,3020.73,101.28,0.2301,14.89,57.2,17.48,83.32,5.484,152.5,0.5128,0.02108,0.006088,1.92,1.458,2.023,1.392,3.465,155.21,12.52,0.7962,1.41,0.574,2.199,414.42,0.9384,47.08,0.7065,12.08,2.634e-05,0.1987,2.76,1.161,2.122,0.1929,7.489,0.4638,7.994
2022-04-13T12:21:26,39797.57,3020.25,101.27,0.2299,14.86,57.2,17.48,83.32,5.49,152.54,0.5133,0.02106,0.006088,1.917,1.456,2.021,1.392,3.463,155.11,12.52,0.7962,1.41,0.5654,2.198,414.48,0.9384,47.07,0.7066,12.08,2.632e-05,0.1987,2.76,1.16,2.121,0.1929,7.491,0.4638,7.998
2022-04-13T12:21:56,39804.1,3020.34,101.28,0.23,14.86,57.2,17.49,83.34,5.493,152.55,0.5133,0.02108,0.006088,1.918,1.456,2.022,1.392,3.466,154.96,12.52,0.7962,1.41,0.5654,2.198,414.38,0.9385,47.05,0.7066,12.08,2.636e-05,0.1989,2.76,1.16,2.122,0.1929,7.493,0.4636,7.995
2022-04-13T12:22:26,39794.78,3018.24,101.24,0.2298,14.86,57.2,17.48,83.28,5.485,152.43,0.5133,0.02106,0.006078,1.918,1.457,2.021,1.392,3.46,154.91,12.52,0.7962,1.403,0.5654,2.196,414.25,0.9383,47.05,0.7065,12.07,2.634e-05,0.1988,2.758,1.16,2.121,0.1928,7.484,0.4628,7.992
2022-04-13T12:22:56,39788.94,3017.76,101.27,0.23,14.86,57.2,17.48,83.28,5.488,152.44,0.5133,0.02106,0.006061,1.918,1.456,2.021,1.392,3.466,154.73,12.52,0.7962,1.401,0.5654,2.196,414.32,0.9381,47.05,0.7067,12.07,2.633e-05,0.1988,2.76,1.16,2.12,0.1928,7.475,0.4628,7.991
2022-04-13T12:23:26,39789.24,3019.08,101.31,0.23,14.86,57.2,17.48,83.29,5.497,152.53,0.5133,0.02106,0.006061,1.918,1.456,2.021,1.392,3.462,154.76,12.52,0.7962,1.405,0.5654,2.196,414.4,0.9384,47.06,0.7066,12.07,2.634e-05,0.1988,2.761,1.16,2.12,0.1928,7.474,0.4629,7.992
2022-04-13T12:23:56,39776.5,3018.15,101.3,0.2299,14.86,57.2,17.49,83.28,5.495,152.49,0.5133,0.02106,0.006061,1.918,1.455,2.02,1.392,3.46,154.76,12.52,0.7962,1.405,0.5654,2.196,414.27,0.9381,47.06,0.7065,12.07,2.633e-05,0.1988,2.76,1.159,2.12,0.1928,7.462,0.4628,7.99
2022-04-13T12:24:26,39764.77,3014.9,101.3,0.2298,14.74,57.2,17.48,83.24,5.495,152.49,0.5123,0.02104,0.006051,1.918,1.456,2.02,1.391,3.461,154.71,12.52,0.7962,1.405,0.5654,2.195,414.29,0.9378,47.01,0.7062,12.06,2.628e-05,0.1986,2.76,1.159,2.12,0.1928,7.454,0.4627,7.989
2022-04-13T12:24:56,39769.24,3017.63,101.28,0.2299,14.7,57,17.48,83.47,5.495,152.55,0.5118,0.02102,0.006044,1.914,1.457,2.02,1.391,3.459,154.75,12.48,0.7928,1.402,0.5654,2.197,414.36,0.9381,47.03,0.7063,12.07,2.632e-05,0.199,2.762,1.158,2.121,0.1928,7.457,0.4627,7.99
2022-04-13T12:25:26,39772.7,3017.92,101.41,0.23,14.7,57,17.49,83.62,5.492,152.56,0.5115,0.02103,0.006044,1.914,1.456,2.02,1.391,3.459,154.84,12.48,0.7928,1.402,0.5654,2.199,414.53,0.9385,47.06,0.7064,12.07,2.633e-05,0.199,2.763,1.158,2.121,0.193,7.454,0.4629,7.991
2022-04-13T12:25:56,39754.09,3014.41,101.21,0.2296,14.7,57,17.49,83.65,5.486,152.49,0.5116,0.02099,0.006044,1.914,1.456,2.019,1.391,3.459,154.76,12.48,0.7928,1.402,0.5654,2.194,414.39,0.938,47.06,0.7065,12.05,2.63e-05,0.1987,2.76,1.158,2.12,0.1929,7.454,0.4632,7.983
2022-04-13T12:26:26,39733.97,3015.43,101.18,0.2293,14.7,56.9,17.48,83.61,5.486,152.36,0.5109,0.02096,0.006044,1.914,1.456,2.019,1.391,3.461,154.75,12.48,0.7934,1.401,0.5654,2.195,414.2,0.9381,47,0.7061,12.06,2.628e-05,0.1987,2.76,1.158,2.119,0.1928,7.433,0.4625,7.981
2022-04-13T12:26:56,39735.22,3015.73,101.23,0.2295,14.7,57,17.47,83.72,5.486,152.49,0.5108,0.021,0.006044,1.914,1.456,2.019,1.39,3.461,154.68,12.48,0.7934,1.401,0.5654,2.195,414.21,0.9377,46.96,0.7061,12.06,2.626e-05,0.1988,2.759,1.158,2.119,0.1928,7.431,0.4621,7.972
2022-04-13T12:27:26,39722.91,3015.05,101.2,0.2293,14.72,57,17.47,83.66,5.487,152.45,0.5106,0.02099,0.006042,1.914,1.456,2.018,1.39,3.462,154.67,12.48,0.7934,1.4,0.5654,2.196,414.14,0.938,46.95,0.706,12.06,2.624e-05,0.1986,2.759,1.158,2.119,0.1927,7.424,0.4619,7.965
2022-04-13T12:27:56,39737.91,3015.58,101.3,0.2293,14.72,57,17.48,83.72,5.486,152.43,0.5106,0.021,0.006042,1.914,1.457,2.019,1.391,3.46,154.65,12.48,0.7934,1.4,0.5654,2.196,414.21,0.9377,46.98,0.7061,12.06,2.628e-05,0.1986,2.759,1.158,2.119,0.1927,7.425,0.462,7.969
2022-04-13T12:28:26,39749.15,3017.16,101.37,0.2293,14.72,57,17.48,83.8,5.49,152.35,0.5106,0.02106,0.006042,1.914,1.457,2.02,1.392,3.462,154.68,12.48,0.7936,1.405,0.5654,2.197,414.28,0.9387,47,0.7062,12.06,2.629e-05,0.199,2.759,1.158,2.119,0.1928,7.429,0.4622,7.966
2022-04-13T12:28:56,39755.18,3016.69,101.3,0.2293,14.72,57,17.48,83.77,5.488,152.36,0.5106,0.02105,0.006042,1.913,1.457,2.02,1.392,3.463,154.68,12.48,0.7936,1.405,0.5654,2.196,414.26,0.9377,46.99,0.706,12.06,2.627e-05,0.1989,2.759,1.158,2.12,0.1928,7.427,0.4622,7.966
2022-04-13T12:29:26,39734.82,3016.15,101.16,0.2293,14.72,57,17.47,83.73,5.488,152.27,0.5096,0.021,0.006042,1.913,1.457,2.019,1.39,3.462,154.61,12.48,0.7936,1.405,0.5654,2.195,414.08,0.9379,46.98,0.7056,12.06,2.625e-05,0.1985,2.756,1.157,2.119,0.1925,7.416,0.4622,7.971
2022-04-13T12:29:56,39721.5,3014.55,101.19,0.2291,14.72,56.9,17.47,83.79,5.476,152.23,0.5093,0.02097,0.006042,1.913,1.456,2.018,1.39,3.458,154.59,12.48,0.7936,1.4,0.5654,2.195,413.97,0.9374,46.99,0.7054,12.05,2.626e-05,0.1986,2.756,1.157,2.118,0.1925,7.42,0.4617,7.97
2022-04-13T12:30:26,39700.1,3011.41,101.18,0.229,14.7,56.9,17.46,83.88,5.476,152.2,0.5092,0.02097,0.006044,1.913,1.455,2.017,1.389,3.459,154.54,12.48,0.7937,1.399,0.5654,2.195,413.76,0.9375,46.91,0.7053,11.95,2.623e-05,0.1986,2.755,1.156,2.116,0.1925,7.427,0.4613,7.969
2022-04-13T12:30:56,39739.44,3012.82,101.36,0.2293,14.69,56.9,17.47,84.16,5.468,152.42,0.5091,0.02105,0.00603,1.915,1.455,2.016,1.392,3.46,154.67,12.48,0.7937,1.404,0.5654,2.198,413.86,0.938,46.95,0.7058,11.95,2.632e-05,0.199,2.76,1.157,2.117,0.1926,7.427,0.4623,7.969
2022-04-13T12:31:26,39749.91,3013.48,101.34,0.2294,14.73,56.9,17.48,84.17,5.486,152.5,0.5093,0.02106,0.00603,1.919,1.457,2.02,1.392,3.46,154.69,12.48,0.7937,1.409,0.5654,2.199,414.27,0.9391,47,0.7064,11.95,2.633e-05,0.199,2.76,1.158,2.12,0.1928,7.462,0.4621,7.971
2022-04-13T12:31:56,39738.35,3015.09,101.28,0.2293,14.73,56.9,17.48,84.14,5.486,152.41,0.5093,0.02105,0.00603,1.919,1.457,2.02,1.392,3.463,154.76,12.54,0.7937,1.406,0.5654,2.199,414.26,0.9389,47.02,0.7063,11.96,2.63e-05,0.199,2.76,1.158,2.119,0.1927,7.461,0.4625,7.973
2022-04-13T12:32:26,39746.06,3015.28,101.31,0.2295,14.73,56.9,17.48,84.12,5.474,152.38,0.5093,0.02104,0.00603,1.919,1.457,2.02,1.392,3.464,154.7,12.54,0.7942,1.407,0.5654,2.198,414.22,0.9389,47.02,0.7063,12.01,2.631e-05,0.1991,2.76,1.158,2.119,0.1926,7.46,0.4625,7.973
2022-04-13T12:32:56,39745.33,3014.41,101.3,0.2295,14.73,56.9,17.48,84.1,5.478,152.36,0.5093,0.02102,0.00603,1.919,1.457,2.02,1.39,3.459,154.62,12.54,0.794,1.407,0.5654,2.196,414.25,0.9388,47.03,0.7061,12.01,2.63e-05,0.1991,2.76,1.157,2.118,0.1926,7.446,0.4624,7.977
2022-04-13T12:33:26,39758.81,3014.76,101.33,0.2295,14.73,56.9,17.48,84.08,5.474,152.39,0.5093,0.02103,0.00603,1.919,1.457,2.021,1.391,3.459,154.63,12.54,0.794,1.407,0.5654,2.197,414.35,0.9387,47.01,0.7061,12.01,2.634e-05,0.1992,2.76,1.158,2.119,0.1927,7.443,0.4623,7.979
2022-04-13T12:33:56,39747.13,3012.47,101.24,0.2296,14.73,56.8,17.48,84.06,5.468,152.32,0.5084,0.02101,0.00603,1.919,1.46,2.02,1.391,3.462,154.53,12.54,0.794,1.402,0.5654,2.197,414.31,0.9383,46.99,0.7057,12,2.63e-05,0.199,2.759,1.158,2.118,0.1926,7.45,0.4625,7.974
2022-04-13T12:34:26,39737.69,3013.39,101.28,0.2297,14.73,56.8,17.48,84.05,5.476,152.35,0.5084,0.02098,0.00603,1.919,1.458,2.019,1.39,3.458,154.51,12.54,0.7915,1.404,0.5654,2.197,414.14,0.9384,47.01,0.7056,12.03,2.632e-05,0.199,2.76,1.158,2.118,0.1926,7.463,0.4626,7.973
2022-04-13T12:34:56,39724.63,3012,101.19,0.2298,14.73,56.8,17.47,84.02,5.472,152.33,0.5082,0.02096,0.00603,1.919,1.459,2.019,1.389,3.485,154.51,12.54,0.7915,1.404,0.5654,2.196,414.01,0.9381,47,0.7055,12.02,2.63e-05,0.1992,2.758,1.157,2.118,0.1926,7.463,0.4625,7.973
2022-04-13T12:35:26,39712.94,3010.78,101.08,0.2294,14.73,56.9,17.47,83.96,5.461,152.31,0.5068,0.02096,0.00603,1.915,1.458,2.018,1.387,3.462,154.34,12.54,0.7915,1.405,0.5654,2.195,413.99,0.9378,46.96,0.7052,12.02,2.628e-05,0.1992,2.756,1.156,2.117,0.1926,7.456,0.4621,7.973
2022-04-13T12:35:56,39697.4,3010.29,101.12,0.2294,14.73,56.9,17.46,83.98,5.461,152.23,0.5072,0.02094,0.00603,1.915,1.456,2.017,1.387,3.467,154.32,12.54,0.7915,1.405,0.5654,2.195,413.85,0.9374,46.96,0.7052,12.02,2.625e-05,0.1992,2.756,1.156,2.115,0.1925,7.464,0.462,7.977
2022-04-13T12:36:26,39713.82,3011.22,101.17,0.2295,14.73,56.9,17.47,84.1,5.468,152.26,0.5072,0.02095,0.00603,1.915,1.456,2.021,1.388,3.469,154.43,12.54,0.7914,1.406,0.5654,2.197,413.94,0.938,46.97,0.7052,12.03,2.625e-05,0.1992,2.757,1.157,2.115,0.1926,7.466,0.4622,7.969
2022-04-13T12:36:56,39705.45,3010.97,101.17,0.2295,14.73,56.9,17.46,84.12,5.468,152.25,0.5064,0.02097,0.00603,1.918,1.457,2.021,1.386,3.469,154.41,12.49,0.7914,1.406,0.5654,2.196,413.73,0.9374,46.96,0.7051,12.02,2.623e-05,0.199,2.756,1.156,2.116,0.1926,7.46,0.4617,7.97
2022-04-13T12:37:26,39701.14,3010.49,101.13,0.2295,14.73,56.7,17.46,84.04,5.463,152.23,0.5064,0.02099,0.00603,1.918,1.457,2.021,1.385,3.469,154.36,12.49,0.7912,1.405,0.5654,2.194,413.77,0.9375,46.96,0.705,12.02,2.62e-05,0.1991,2.755,1.156,2.116,0.1926,7.456,0.4616,7.963
2022-04-13T12:37:56,39702.54,3009.63,101.16,0.2296,14.73,56.8,17.46,84.05,5.464,152.19,0.5064,0.02102,0.00603,1.92,1.456,2.021,1.386,3.462,154.39,12.49,0.7912,1.405,0.5654,2.195,413.75,0.9374,46.96,0.7051,12.02,2.619e-05,0.1991,2.757,1.156,2.116,0.1925,7.463,0.4617,7.963
2022-04-13T12:38:26,39702.34,3009.46,101.2,0.2296,14.73,56.9,17.46,83.99,5.473,152.09,0.5064,0.021,0.00603,1.92,1.457,2.021,1.385,3.455,154.36,12.49,0.786,1.405,0.5654,2.194,413.59,0.9379,46.96,0.7051,12.02,2.62e-05,0.1991,2.756,1.156,2.116,0.1925,7.465,0.4614,7.969
2022-04-13T12:38:56,39700.17,3008.58,101.18,0.2296,14.73,56.9,17.46,84,5.467,152.12,0.5064,0.02098,0.006024,1.918,1.457,2.021,1.386,3.463,154.36,12.49,0.786,1.405,0.5654,2.193,413.62,0.9373,46.94,0.7051,12.01,2.618e-05,0.1991,2.756,1.156,2.116,0.1925,7.466,0.4613,7.968
2022-04-13T12:39:26,39701.86,3008.46,101.13,0.2294,14.73,56.9,17.46,83.96,5.47,152.14,0.508,0.02098,0.006024,1.918,1.457,2.021,1.385,3.463,154.32,12.49,0.7719,1.406,0.5654,2.193,413.51,0.9378,46.92,0.7051,12.01,2.615e-05,0.1989,2.756,1.155,2.116,0.1925,7.463,0.4613,7.961
2022-04-13T12:39:56,39727.62,3009.36,101.15,0.2293,14.73,56.9,17.46,83.96,5.471,152.07,0.5076,0.02098,0.006024,1.918,1.457,2.022,1.385,3.458,154.35,12.49,0.7719,1.407,0.5654,2.194,413.13,0.938,46.93,0.7053,12.02,2.603e-05,0.199,2.757,1.156,2.116,0.1926,7.463,0.4614,7.96
2022-04-13T12:40:26,39726.9,3009.74,101.16,0.2294,14.73,56.9,17.46,84.03,5.468,152.06,0.5076,0.02099,0.006024,1.918,1.457,2.022,1.385,3.458,154.36,12.49,0.7658,1.406,0.5654,2.194,413.12,0.9375,46.96,0.7053,12.02,2.596e-05,0.199,2.756,1.156,2.116,0.1926,7.47,0.4614,7.956
2022-04-13T12:40:56,39748.32,3012.68,101.34,0.2297,14.73,56.9,17.47,84.18,5.469,152.18,0.5062,0.021,0.006024,1.918,1.457,2.02,1.387,3.46,154.52,12.49,0.7678,1.409,0.5654,2.196,413.38,0.9378,47,0.7054,12.04,2.602e-05,0.199,2.761,1.158,2.117,0.1927,7.482,0.4614,7.961
2022-04-13T12:41:26,39789.25,3014.27,101.41,0.2299,14.73,57.1,17.49,84.19,5.487,152.32,0.5076,0.02105,0.006024,1.919,1.458,2.022,1.388,3.466,154.55,12.49,0.7678,1.414,0.5654,2.197,413.51,0.9381,47.07,0.7059,12.04,2.604e-05,0.1994,2.765,1.158,2.12,0.1929,7.485,0.4614,7.965
2022-04-13T12:41:56,39783.97,3013.96,101.33,0.2299,14.73,57.2,17.5,84.15,5.484,152.39,0.5089,0.02105,0.00603,1.919,1.458,2.022,1.388,3.461,154.6,12.52,0.7678,1.413,0.5654,2.196,413.68,0.9393,47.06,0.7057,12.04,2.609e-05,0.1994,2.764,1.158,2.119,0.1929,7.485,0.4621,7.968
2022-04-13T12:42:26,39783.13,3014.02,101.28,0.2298,14.73,57.2,17.5,84.11,5.484,152.33,0.5089,0.02102,0.00603,1.919,1.459,2.021,1.387,3.461,154.64,12.52,0.7678,1.412,0.5654,2.196,413.62,0.9392,47.03,0.7055,12.04,2.607e-05,0.1993,2.762,1.158,2.119,0.1929,7.484,0.4621,7.968
2022-04-13T12:42:56,39782.83,3014.2,101.29,0.2298,14.73,57.2,17.5,84.09,5.484,152.32,0.5091,0.02102,0.00603,1.919,1.459,2.025,1.387,3.459,154.66,12.52,0.7678,1.411,0.5654,2.195,413.6,0.9388,47.01,0.7056,12.04,2.606e-05,0.1993,2.762,1.158,2.119,0.1929,7.486,0.4622,7.969
2022-04-13T12:43:26,39786.18,3015.69,101.37,0.23,14.73,57.2,17.51,84.1,5.482,152.34,0.5085,0.02103,0.00603,1.919,1.459,2.025,1.389,3.461,154.79,12.52,0.7666,1.413,0.5654,2.196,413.73,0.9394,47.03,0.7056,12.05,2.605e-05,0.1994,2.763,1.158,2.119,0.193,7.491,0.4625,7.969
2022-04-13T12:43:56,39791.03,3016.14,101.36,0.2301,14.73,57.2,17.5,84.13,5.477,152.41,0.5085,0.02102,0.00603,1.919,1.459,2.025,1.388,3.46,154.89,12.52,0.7666,1.413,0.5654,2.198,413.87,0.9393,47.07,0.7057,12.05,2.606e-05,0.1995,2.764,1.158,2.12,0.193,7.494,0.4624,7.969
2022-04-13T12:44:26,39811.69,3017.84,101.45,0.2302,14.73,57.2,17.52,84.15,5.481,152.49,0.5085,0.02103,0.006028,1.919,1.459,2.026,1.39,3.462,155.01,12.52,0.765,1.415,0.5654,2.198,414.08,0.94,47.08,0.7062,12.06,2.607e-05,0.1997,2.766,1.159,2.121,0.1932,7.51,0.4626,7.97
2022-04-13T12:44:56,39808.35,3018.08,101.4,0.2302,14.74,57.2,17.52,84.17,5.484,152.53,0.5099,0.02104,0.006042,1.924,1.459,2.026,1.39,3.463,155.07,12.48,0.765,1.416,0.5654,2.199,414.19,0.94,47.07,0.7062,11.99,2.607e-05,0.1997,2.767,1.159,2.123,0.1932,7.512,0.4626,7.971
2022-04-13T12:45:26,39830.25,3019.15,101.4,0.2304,14.65,57.2,17.53,84.25,5.476,152.49,0.5099,0.02103,0.006042,1.924,1.459,2.027,1.39,3.463,155.11,12.48,0.765,1.417,0.5654,2.199,414.41,0.94,47.07,0.7063,11.99,2.609e-05,0.1997,2.769,1.159,2.122,0.1933,7.515,0.4628,7.974
2022-04-13T12:45:56,39818.66,3018.85,101.4,0.2303,14.66,57.2,17.53,84.3,5.48,152.69,0.5081,0.02103,0.006028,1.924,1.459,2.026,1.39,3.462,155.09,12.48,0.765,1.413,0.5654,2.199,414.28,0.9411,47.11,0.7064,11.99,2.615e-05,0.1998,2.769,1.159,2.123,0.1933,7.518,0.463,7.979
2022-04-13T12:46:26,39825.1,3019.25,101.44,0.2303,14.66,57.2,17.53,84.35,5.477,152.74,0.5089,0.02102,0.006028,1.924,1.46,2.027,1.39,3.466,155.11,12.48,0.76,1.417,0.5654,2.199,414.34,0.9414,47.12,0.7064,11.99,2.614e-05,0.1998,2.769,1.159,2.123,0.1933,7.52,0.4628,7.979
2022-04-13T12:46:56,39814.48,3017.48,101.34,0.2302,14.66,57.2,17.53,84.34,5.472,152.71,0.5089,0.021,0.006024,1.926,1.46,2.026,1.39,3.461,155.09,12.48,0.7624,1.413,0.5654,2.198,414.37,0.9413,47.12,0.7062,11.98,2.611e-05,0.1998,2.767,1.159,2.123,0.1933,7.519,0.4625,7.974
2022-04-13T12:47:26,39806.91,3018.72,101.37,0.2302,14.66,57.2,17.53,84.34,5.472,152.71,0.5089,0.02099,0.006024,1.926,1.46,2.026,1.389,3.461,155.1,12.48,0.7624,1.413,0.5654,2.198,414.23,0.9405,47.12,0.7063,11.99,2.612e-05,0.1998,2.766,1.158,2.122,0.1932,7.52,0.4625,7.974
2022-04-13T12:47:56,39781.44,3017.33,101.36,0.2299,14.66,57.2,17.52,84.25,5.469,152.7,0.5089,0.02094,0.006024,1.926,1.46,2.024,1.388,3.456,154.98,12.48,0.7638,1.408,0.5654,2.197,414.1,0.9404,47.08,0.7062,11.98,2.609e-05,0.1998,2.763,1.157,2.121,0.1932,7.514,0.4624,7.967
2022-04-13T12:48:26,39780.7,3017.12,101.32,0.2299,14.66,57.2,17.52,84.22,5.466,152.56,0.5089,0.02095,0.006024,1.925,1.46,2.024,1.388,3.455,154.93,12.48,0.7638,1.409,0.5654,2.197,413.95,0.9404,47.09,0.7056,11.98,2.608e-05,0.1994,2.762,1.157,2.121,0.1931,7.509,0.4621,7.959
2022-04-13T12:48:56,39780.31,3016.98,101.32,0.2299,14.65,57.1,17.52,84.19,5.464,152.6,0.5088,0.02097,0.006024,1.925,1.459,2.024,1.388,3.459,154.88,12.48,0.7642,1.409,0.5654,2.197,413.72,0.9402,47.1,0.7058,11.98,2.608e-05,0.1994,2.762,1.157,2.121,0.1931,7.499,0.462,7.961
2022-04-13T12:49:26,39784.38,3017.03,101.35,0.23,14.65,57.1,17.52,84.14,5.462,152.54,0.5076,0.02096,0.006024,1.926,1.46,2.025,1.388,3.45,154.92,12.48,0.7621,1.409,0.5654,2.198,413.83,0.9405,47.1,0.7058,11.98,2.607e-05,0.1995,2.763,1.157,2.121,0.1931,7.493,0.462,7.961
2022-04-13T12:49:56,39782.14,3016.83,101.34,0.23,14.65,56.9,17.52,84.14,5.457,152.53,0.5069,0.02096,0.00601,1.911,1.46,2.025,1.388,3.452,154.91,12.48,0.7621,1.412,0.5654,2.197,413.6,0.9403,47.09,0.7056,11.98,2.601e-05,0.1994,2.764,1.157,2.121,0.193,7.509,0.462,7.961
2022-04-13T12:50:26,39778.09,3016.5,101.28,0.23,14.65,56.8,17.52,84.11,5.461,152.53,0.5072,0.02094,0.00601,1.898,1.459,2.024,1.387,3.454,154.9,12.48,0.7621,1.412,0.5654,2.197,413.46,0.9404,47.08,0.7055,11.98,2.598e-05,0.1994,2.763,1.157,2.121,0.193,7.522,0.4621,7.955
2022-04-13T12:50:56,39778.54,3016.41,101.22,0.2299,14.65,56.8,17.51,84.13,5.465,152.49,0.5072,0.02093,0.00601,1.897,1.459,2.024,1.387,3.454,154.89,12.48,0.7621,1.41,0.5654,2.197,413.43,0.9404,47.07,0.7054,11.96,2.593e-05,0.1994,2.763,1.157,2.12,0.1931,7.525,0.4621,7.952
2022-04-13T12:51:26,39802.29,3017.21,101.35,0.2299,14.65,56.9,17.52,84.17,5.465,152.6,0.5072,0.02099,0.00601,1.88,1.459,2.025,1.387,3.447,155.03,12.48,0.7621,1.408,0.5654,2.197,413.64,0.9408,47.07,0.7055,11.96,2.591e-05,0.1994,2.764,1.158,2.121,0.1932,7.527,0.4623,7.958
2022-04-13T12:51:56,39809.31,3018.54,101.37,0.2299,14.68,57.1,17.53,84.22,5.466,152.66,0.5091,0.02097,0.00601,1.88,1.459,2.025,1.387,3.445,155.11,12.48,0.7621,1.413,0.5654,2.199,413.83,0.9409,47.08,0.706,11.96,2.593e-05,0.1994,2.766,1.158,2.122,0.1933,7.54,0.4627,7.956
2022-04-13T12:52:26,39799.84,3017.26,101.24,0.2298,14.68,57,17.52,84.16,5.474,152.58,0.5091,0.02096,0.00601,1.88,1.459,2.025,1.387,3.446,155,12.48,0.7616,1.412,0.5654,2.197,413.66,0.9406,47.07,0.7056,11.96,2.59e-05,0.1994,2.764,1.158,2.122,0.1932,7.539,0.4624,7.96
2022-04-13T12:52:56,39779.04,3015.47,101.1,0.2294,14.68,57,17.51,84.07,5.465,152.45,0.5091,0.02091,0.00601,1.88,1.459,2.024,1.386,3.442,154.87,12.48,0.7616,1.406,0.5654,2.195,413.58,0.9398,47.02,0.7051,11.95,2.584e-05,0.1994,2.761,1.157,2.121,0.1931,7.526,0.4616,7.95
2022-04-13T12:53:26,39758.63,3013.58,100.93,0.2291,14.68,56.8,17.49,84.02,5.459,152.35,0.5091,0.02087,0.00601,1.88,1.458,2.02,1.384,3.443,154.77,12.48,0.7617,1.407,0.5654,2.193,413.28,0.9389,47.01,0.7047,11.94,2.583e-05,0.1989,2.758,1.155,2.12,0.1929,7.52,0.4612,7.946
2022-04-13T12:53:56,39751.38,3012.53,100.98,0.2291,14.68,56.8,17.49,84,5.456,152.31,0.5091,0.02086,0.006023,1.88,1.457,2.019,1.384,3.443,154.65,12.47,0.7617,1.407,0.5654,2.193,413.15,0.939,46.99,0.7043,11.94,2.578e-05,0.1989,2.759,1.155,2.119,0.1928,7.512,0.4611,7.946
2022-04-13T12:54:26,39753.61,3012.53,100.96,0.2291,14.68,56.8,17.48,84,5.452,152.18,0.5071,0.02084,0.006009,1.879,1.457,2.02,1.384,3.442,154.58,12.47,0.7617,1.409,0.574,2.193,413.19,0.9388,47,0.7043,11.94,2.58e-05,0.1989,2.758,1.154,2.119,0.1928,7.502,0.4608,7.949
2022-04-13T12:54:56,39753.05,3012.25,100.87,0.2291,14.64,56.8,17.48,83.96,5.452,152.15,0.5071,0.02083,0.006029,1.876,1.457,2.02,1.383,3.44,154.57,12.47,0.7617,1.409,0.574,2.193,413.14,0.9389,46.98,0.704,11.94,2.581e-05,0.1989,2.757,1.154,2.118,0.1928,7.503,0.4608,7.95
2022-04-13T12:55:26,39770.36,3013.4,100.95,0.229,14.64,56.8,17.49,83.98,5.469,152.16,0.5079,0.02087,0.006029,1.859,1.457,2.021,1.384,3.441,154.56,12.47,0.7617,1.409,0.574,2.195,413.39,0.9395,47,0.7042,11.94,2.583e-05,0.1989,2.76,1.154,2.119,0.1928,7.516,0.4607,7.947
2022-04-13T12:55:56,39736.66,3011.83,100.91,0.2288,14.64,56.8,17.48,83.99,5.453,152.14,0.5079,0.02087,0.006007,1.865,1.457,2.019,1.383,3.44,154.5,12.47,0.7622,1.409,0.574,2.193,413.36,0.9391,46.95,0.7039,11.94,2.58e-05,0.1989,2.758,1.153,2.117,0.1927,7.517,0.4602,7.945
2022-04-13T12:56:26,39737.01,3011.81,100.89,0.2289,14.64,56.8,17.48,83.98,5.454,152.09,0.5079,0.02084,0.006007,1.865,1.457,2.016,1.383,3.44,154.45,12.47,0.7622,1.408,0.574,2.192,413.32,0.9385,46.95,0.7041,11.94,2.574e-05,0.1989,2.758,1.152,2.118,0.1927,7.517,0.4599,7.95
2022-04-13T12:56:56,39726.6,3011.29,100.72,0.2288,14.64,56.8,17.47,83.92,5.454,152.04,0.5079,0.02083,0.006007,1.865,1.457,2.015,1.382,3.439,154.39,12.47,0.7617,1.404,0.574,2.193,413.2,0.9385,46.91,0.7041,11.9,2.571e-05,0.1987,2.756,1.152,2.117,0.1926,7.517,0.4596,7.95
2022-04-13T12:57:26,39724.86,3010.09,100.68,0.2289,14.57,56.8,17.47,83.94,5.453,152.04,0.5079,0.02084,0.006007,1.859,1.457,2.015,1.382,3.434,154.4,12.47,0.7617,1.403,0.574,2.192,413.23,0.9383,46.91,0.7042,11.89,2.572e-05,0.1987,2.756,1.152,2.117,0.1925,7.512,0.4595,7.95
2022-04-13T12:57:56,39711.21,3009.39,100.67,0.2289,14.57,56.8,17.47,83.91,5.455,152.02,0.5066,0.02084,0.006007,1.865,1.456,2.015,1.38,3.436,154.37,12.47,0.7617,1.403,0.574,2.192,413.11,0.9381,46.9,0.704,11.89,2.57e-05,0.1988,2.755,1.152,2.117,0.1924,7.505,0.4584,7.944
2022-04-13T12:58:26,39717.94,3007.73,100.61,0.2288,14.57,56.8,17.47,83.9,5.455,151.98,0.5046,0.02081,0.006007,1.869,1.456,2.015,1.379,3.435,154.39,12.47,0.7617,1.402,0.574,2.192,413.01,0.9382,46.89,0.7034,11.88,2.568e-05,0.1988,2.754,1.151,2.116,0.1923,7.509,0.4584,7.946
2022-04-13T12:58:56,39705.73,3006.99,100.55,0.2287,14.57,56.8,17.46,83.9,5.457,151.85,0.5046,0.02082,0.006007,1.871,1.456,2.014,1.379,3.435,154.33,12.47,0.7617,1.401,0.574,2.19,413.01,0.9379,46.88,0.7032,11.88,2.57e-05,0.1986,2.753,1.15,2.115,0.1922,7.504,0.4574,7.945
2022-04-13T12:59:26,39719.73,3008.25,100.56,0.2287,14.57,56.8,17.46,83.84,5.455,151.88,0.5046,0.02081,0.005973,1.871,1.457,2.015,1.378,3.443,154.3,12.47,0.7617,1.406,0.574,2.19,413.07,0.9376,46.89,0.7034,11.89,2.573e-05,0.1986,2.753,1.15,2.116,0.1923,7.499,0.4569,7.945
2022-04-13T12:59:56,39709.71,3007.2,100.58,0.2287,14.57,56.7,17.45,83.81,5.455,151.73,0.5046,0.0208,0.005973,1.871,1.457,2.014,1.378,3.441,154.3,12.47,0.7617,1.406,0.574,2.189,413.06,0.9381,46.88,0.7033,11.88,2.572e-05,0.1986,2.752,1.149,2.115,0.1922,7.495,0.4567,7.948
2022-04-13T13:00:26,39718.21,3008.34,100.61,0.2287,14.57,56.7,17.46,83.81,5.454,151.7,0.5046,0.02081,0.005973,1.871,1.456,2.015,1.379,3.44,154.35,12.47,0.7672,1.406,0.574,2.188,413.15,0.938,46.86,0.7034,11.89,2.576e-05,0.1986,2.752,1.149,2.116,0.1922,7.49,0.457,7.946
2022-04-13T13:00:56,39724.24,3008.67,100.71,0.2287,14.6,56.7,17.46,83.94,5.459,151.82,0.5046,0.02083,0.005973,1.871,1.456,2.019,1.378,3.45,154.32,12.47,0.7672,1.407,0.574,2.189,413.18,0.9378,46.87,0.7034,11.89,2.578e-05,0.1988,2.752,1.149,2.116,0.1923,7.501,0.4578,7.945
2022-04-13T13:01:26,39730.66,3009.39,100.72,0.2286,14.6,56.6,17.47,83.97,5.46,151.84,0.5053,0.02084,0.005973,1.871,1.457,2.019,1.378,3.448,154.29,12.47,0.7672,1.403,0.574,2.189,413.18,0.9381,46.88,0.7036,11.89,2.58e-05,0.1988,2.754,1.149,2.116,0.1923,7.501,0.4579,7.946
2022-04-13T13:01:56,39730.37,3008.81,100.65,0.2286,14.6,56.6,17.46,83.96,5.462,151.7,0.5054,0.02085,0.005973,1.865,1.457,2.019,1.377,3.447,154.27,12.47,0.7641,1.403,0.574,2.188,413.23,0.9381,46.86,0.7035,11.89,2.581e-05,0.1988,2.753,1.149,2.116,0.1923,7.489,0.4577,7.95
2022-04-13T13:02:26,39693.57,3005.14,100.46,0.2279,14.6,56.5,17.44,83.81,5.446,151.52,0.5054,0.02078,0.005974,1.865,1.457,2.017,1.375,3.445,154.09,12.47,0.7641,1.401,0.574,2.186,412.82,0.9369,46.8,0.7026,11.87,2.574e-05,0.198,2.747,1.147,2.112,0.1918,7.478,0.4569,7.946
2022-04-13T13:02:56,39661.04,3003.63,100.2,0.2277,14.6,56.4,17.41,83.72,5.436,151.16,0.5054,0.02077,0.005974,1.855,1.454,2.016,1.372,3.444,153.86,12.47,0.7641,1.399,0.574,2.181,412.29,0.9363,46.72,0.7023,11.87,2.568e-05,0.1981,2.744,1.145,2.111,0.1917,7.466,0.4562,7.933
2022-04-13T13:03:26,39691.1,3005.62,100.36,0.2278,14.52,56.3,17.41,83.73,5.434,150.97,0.5054,0.02076,0.005964,1.838,1.454,2.017,1.372,3.444,153.96,12.47,0.7641,1.399,0.574,2.181,412.13,0.936,46.7,0.7026,11.88,2.57e-05,0.1981,2.744,1.145,2.11,0.1917,7.468,0.4562,7.932
2022-04-13T13:03:56,39687.99,3004.72,100.3,0.2276,14.52,56.5,17.41,83.72,5.437,151.01,0.5047,0.02077,0.005964,1.838,1.454,2.017,1.371,3.444,153.95,12.47,0.7641,1.398,0.574,2.18,412.14,0.9358,46.72,0.7024,11.87,2.573e-05,0.1981,2.744,1.143,2.109,0.1916,7.471,0.4563,7.933
2022-04-13T13:04:26,39699.93,3006.09,100.4,0.2278,14.54,56.4,17.42,83.79,5.458,151.13,0.5046,0.02081,0.005939,1.838,1.455,2.017,1.372,3.448,154.03,12.47,0.7641,1.4,0.574,2.181,412.05,0.9356,46.75,0.7028,11.88,2.576e-05,0.1981,2.745,1.144,2.109,0.1917,7.475,0.4565,7.93
2022-04-13T13:04:56,39705.33,3006.54,100.48,0.2279,14.54,56.6,17.43,83.87,5.461,151.34,0.5051,0.02085,0.005935,1.838,1.455,2.017,1.374,3.448,154.21,12.47,0.7641,1.401,0.574,2.184,412.08,0.9362,46.77,0.7029,11.88,2.577e-05,0.1983,2.745,1.145,2.11,0.1918,7.48,0.4566,7.93
2022-04-13T13:05:26,39726.11,3006.96,100.54,0.2281,14.56,56.5,17.44,83.92,5.459,151.31,0.505,0.02086,0.005947,1.838,1.455,2.018,1.373,3.449,154.33,12.47,0.7641,1.401,0.574,2.186,412.36,0.9372,46.83,0.7031,11.88,2.582e-05,0.1983,2.749,1.145,2.111,0.1919,7.483,0.4568,7.929
2022-04-13T13:05:56,39729.86,3008,100.59,0.2283,14.56,56.6,17.44,83.95,5.465,151.2,0.5036,0.02087,0.005947,1.846,1.455,2.019,1.373,3.454,154.34,12.47,0.7641,1.402,0.574,2.185,412.51,0.9369,46.85,0.7032,11.89,2.582e-05,0.1987,2.75,1.146,2.112,0.1921,7.49,0.4568,7.931
2022-04-13T13:06:26,39717.79,3006.54,100.56,0.228,14.61,56.5,17.43,83.94,5.458,151.07,0.5036,0.02084,0.005957,1.846,1.455,2.018,1.372,3.455,154.28,12.47,0.7633,1.401,0.574,2.184,412.29,0.9367,46.83,0.703,11.88,2.578e-05,0.1987,2.748,1.146,2.111,0.1919,7.499,0.4568,7.932
2022-04-13T13:06:56,39698.14,3005.69,100.55,0.2278,14.58,56.6,17.41,83.93,5.453,151.09,0.5031,0.02083,0.005948,1.846,1.455,2.009,1.371,3.455,154.24,12.47,0.7633,1.397,0.574,2.183,412.23,0.9366,46.82,0.7025,11.88,2.579e-05,0.1987,2.747,1.145,2.11,0.1918,7.493,0.4563,7.928
2022-04-13T13:07:26,39702.33,3005.19,100.38,0.2282,14.51,56.6,17.42,83.94,5.461,151.24,0.5039,0.02084,0.005948,1.846,1.455,2.005,1.37,3.455,154.29,12.51,0.7625,1.397,0.574,2.184,412.25,0.9366,46.82,0.7029,11.87,2.579e-05,0.1987,2.746,1.145,2.111,0.1918,7.49,0.4559,7.923
2022-04-13T13:07:56,39721.08,3006.31,100.43,0.2282,14.51,56.5,17.43,84.02,5.457,151.31,0.5037,0.02085,0.005948,1.846,1.455,2.008,1.37,3.455,154.34,12.51,0.7625,1.397,0.574,2.185,412.06,0.9368,46.83,0.703,11.88,2.578e-05,0.1987,2.747,1.145,2.11,0.1919,7.497,0.4559,7.918
2022-04-13T13:08:26,39713.55,3006.19,100.44,0.228,14.71,56.6,17.43,84.05,5.455,151.3,0.5037,0.02088,0.005948,1.849,1.455,2.006,1.37,3.452,154.42,12.51,0.7625,1.4,0.574,2.184,411.97,0.9369,46.84,0.7033,11.88,2.577e-05,0.1986,2.747,1.145,2.111,0.1921,7.496,0.4559,7.924
2022-04-13T13:08:56,39712.23,3006.05,100.39,0.2282,14.84,56.5,17.43,84.04,5.456,151.26,0.5035,0.0209,0.005948,1.849,1.456,2.006,1.369,3.457,154.5,12.51,0.7625,1.4,0.5655,2.184,411.97,0.9376,46.86,0.7034,11.88,2.577e-05,0.1986,2.748,1.145,2.111,0.1922,7.494,0.4565,7.923
2022-04-13T13:09:26,39704.56,3004.19,100.39,0.2283,14.84,56.6,17.44,84.06,5.455,151.46,0.5022,0.02094,0.005949,1.846,1.456,2.005,1.369,3.458,154.6,12.51,0.7625,1.398,0.5655,2.184,412,0.9371,46.86,0.7035,11.95,2.577e-05,0.1986,2.748,1.145,2.112,0.193,7.5,0.4567,7.92
2022-04-13T13:09:56,39683.35,3002.95,100.3,0.2281,14.84,56.5,17.43,84.07,5.454,151.3,0.5022,0.02092,0.005949,1.846,1.456,2.004,1.368,3.447,154.59,12.51,0.7625,1.397,0.5655,2.184,411.93,0.9368,46.84,0.7035,11.94,2.575e-05,0.1987,2.747,1.144,2.111,0.1929,7.496,0.4567,7.918
2022-04-13T13:10:26,39647.66,3000.88,100.19,0.2277,14.84,56.3,17.41,83.97,5.446,151.14,0.5022,0.02091,0.005949,1.834,1.455,2.008,1.367,3.441,154.3,12.52,0.7636,1.39,0.5655,2.181,411.55,0.9365,46.8,0.7031,11.93,2.566e-05,0.1985,2.743,1.143,2.109,0.1926,7.489,0.4558,7.917
2022-04-13T13:10:56,39656.78,3000.59,100.28,0.2276,14.84,56.4,17.42,83.96,5.444,151.08,0.502,0.0209,0.005949,1.837,1.455,2.009,1.368,3.441,154.33,12.52,0.7636,1.393,0.5655,2.182,411.45,0.9365,46.8,0.7032,11.93,2.567e-05,0.1985,2.745,1.143,2.108,0.1926,7.494,0.4559,7.917
2022-04-13T13:11:26,39661.16,3002.46,100.23,0.2277,14.66,56.4,17.42,83.93,5.453,151.23,0.5021,0.02091,0.005949,1.811,1.456,2.009,1.368,3.446,154.31,12.47,0.764,1.39,0.5655,2.182,411.68,0.9363,46.79,0.7036,11.94,2.57e-05,0.1985,2.745,1.142,2.108,0.1928,7.493,0.4557,7.913
2022-04-13T13:11:56,39673.5,3003.41,100.37,0.2278,14.66,56.3,17.43,84.04,5.459,151.39,0.503,0.02092,0.005949,1.812,1.456,2.009,1.369,3.446,154.47,12.47,0.764,1.389,0.5655,2.185,411.8,0.9368,46.8,0.7039,11.94,2.572e-05,0.1985,2.748,1.143,2.109,0.1928,7.502,0.4563,7.917
2022-04-13T13:12:26,39712.04,3004.74,100.45,0.228,14.66,56.4,17.43,84.15,5.464,151.48,0.503,0.02096,0.00594,1.831,1.456,2.011,1.369,3.451,154.53,12.47,0.764,1.391,0.5655,2.185,411.99,0.9371,46.84,0.7046,11.95,2.576e-05,0.1988,2.75,1.143,2.111,0.193,7.504,0.4566,7.917
2022-04-13T13:12:56,39706.07,3004.27,100.41,0.2281,14.66,56.4,17.43,84.23,5.46,151.49,0.503,0.02095,0.00594,1.832,1.456,2.011,1.369,3.449,154.61,12.47,0.764,1.391,0.5655,2.183,412.22,0.9372,46.88,0.7048,11.95,2.573e-05,0.1988,2.75,1.144,2.11,0.193,7.51,0.457,7.926
2022-04-13T13:13:26,39722.59,3005.46,100.44,0.2284,14.66,56.4,17.44,84.25,5.466,151.6,0.503,0.02094,0.00594,1.832,1.456,2.012,1.369,3.452,154.63,12.47,0.764,1.393,0.5655,2.185,412.33,0.9378,46.91,0.7052,11.96,2.572e-05,0.1988,2.75,1.144,2.111,0.1934,7.512,0.4573,7.923
2022-04-13T13:13:56,39721.99,3005.6,100.48,0.2285,14.66,56.4,17.44,84.25,5.462,151.6,0.503,0.02094,0.00594,1.832,1.456,2.012,1.37,3.452,154.81,12.47,0.764,1.399,0.5655,2.185,412.21,0.9378,46.94,0.7053,11.96,2.573e-05,0.1988,2.751,1.145,2.112,0.1932,7.513,0.4572,7.925
2022-04-13T13:14:26,39728.12,3006.67,100.49,0.2285,14.65,56.4,17.45,84.31,5.462,151.6,0.503,0.02095,0.00594,1.832,1.458,2.013,1.37,3.452,154.83,12.47,0.764,1.399,0.5655,2.187,412.16,0.9382,46.99,0.7054,11.96,2.575e-05,0.199,2.753,1.145,2.113,0.1933,7.515,0.4575,7.924
2022-04-13T13:14:56,39740.07,3007.47,100.66,0.2285,14.65,56.5,17.46,84.37,5.467,151.82,0.5044,0.02094,0.00594,1.832,1.459,2.014,1.37,3.452,154.97,12.47,0.764,1.401,0.5655,2.188,412.43,0.9382,47,0.7055,11.97,2.579e-05,0.1993,2.754,1.145,2.114,0.1935,7.515,0.4577,7.928
2022-04-13T13:15:26,39763.94,3010.7,100.83,0.2294,14.65,56.5,17.47,84.45,5.471,151.84,0.5049,0.02096,0.005952,1.833,1.459,2.015,1.372,3.452,155.03,12.47,0.764,1.401,0.5655,2.189,412.67,0.9394,47.11,0.7061,11.99,2.582e-05,0.1993,2.755,1.147,2.117,0.1934,7.525,0.4579,7.934
2022-04-13T13:15:56,39745.63,3009.2,100.78,0.2293,14.65,56.5,17.47,84.43,5.47,151.89,0.5049,0.02095,0.005952,1.804,1.461,2.014,1.371,3.458,155.02,12.47,0.764,1.401,0.5655,2.19,412.56,0.9392,47.11,0.7059,11.98,2.581e-05,0.1995,2.758,1.146,2.117,0.1935,7.524,0.4581,7.935
2022-04-13T13:16:26,39726.57,3008.6,100.71,0.2292,14.65,56.5,17.47,84.41,5.461,151.85,0.5049,0.02092,0.005943,1.8,1.46,2.01,1.371,3.458,155.04,12.47,0.7613,1.4,0.5655,2.19,412.56,0.9399,47.15,0.7058,11.98,2.578e-05,0.1995,2.757,1.146,2.117,0.1936,7.524,0.4584,7.933
2022-04-13T13:16:56,39728.68,3009.48,100.68,0.229,14.73,56.5,17.48,84.45,5.459,152,0.5049,0.02093,0.005962,1.811,1.46,2.01,1.371,3.458,155.11,12.47,0.7613,1.4,0.5655,2.191,412.54,0.94,47.15,0.7061,11.98,2.578e-05,0.1995,2.758,1.146,2.117,0.1937,7.522,0.4587,7.938
2022-04-13T13:17:26,39746.28,3011.38,100.7,0.2289,14.73,56.5,17.47,84.44,5.462,152.11,0.5049,0.02096,0.005962,1.8,1.462,2.011,1.373,3.469,155.1,12.47,0.7613,1.4,0.5655,2.194,412.59,0.9405,47.18,0.7063,11.99,2.583e-05,0.1995,2.759,1.146,2.118,0.1938,7.521,0.4584,7.933
2022-04-13T13:17:56,39731.42,3010.47,100.82,0.2288,14.73,56.5,17.47,84.42,5.458,152,0.5049,0.02096,0.005962,1.8,1.461,2.01,1.373,3.463,155.12,12.47,0.761,1.401,0.5655,2.192,412.47,0.9402,47.2,0.7063,12.02,2.58e-05,0.1996,2.758,1.146,2.117,0.1938,7.521,0.4584,7.937
2022-04-13T13:18:26,39717,3008.99,100.65,0.2285,14.73,56.5,17.46,84.36,5.463,151.9,0.5049,0.02094,0.005962,1.8,1.461,2.01,1.372,3.466,155.04,12.43,0.761,1.401,0.5655,2.192,412.49,0.94,47.18,0.7059,12.02,2.578e-05,0.1996,2.756,1.145,2.117,0.1938,7.52,0.4581,7.933
2022-04-13T13:18:56,39722.66,3009.6,100.66,0.2285,14.73,56.5,17.46,84.34,5.462,151.86,0.5049,0.02093,0.005962,1.798,1.461,2.01,1.371,3.467,155.08,12.43,0.761,1.401,0.5655,2.191,412.41,0.9394,47.17,0.7061,12.02,2.575e-05,0.1996,2.757,1.145,2.117,0.1938,7.515,0.4579,7.934
2022-04-13T13:19:26,39726.71,3009.37,100.67,0.2286,14.73,56.5,17.46,84.36,5.458,151.92,0.5047,0.02093,0.005972,1.798,1.461,2.01,1.371,3.468,155.08,12.43,0.7659,1.401,0.5655,2.192,412.35,0.9397,47.16,0.706,11.95,2.576e-05,0.1996,2.757,1.145,2.117,0.1938,7.515,0.4579,7.939
2022-04-13T13:19:56,39721.67,3009.1,100.63,0.2286,14.73,56.5,17.45,84.33,5.461,151.9,0.5049,0.02093,0.005972,1.798,1.461,2.01,1.372,3.461,155.07,12.43,0.7659,1.401,0.5655,2.192,412.23,0.9399,47.16,0.7061,11.95,2.578e-05,0.1995,2.757,1.145,2.117,0.1938,7.51,0.4579,7.937
2022-04-13T13:20:26,39741.95,3011.01,100.76,0.2289,14.73,56.5,17.45,84.35,5.466,151.94,0.5049,0.02094,0.005972,1.802,1.461,2.011,1.372,3.467,155.14,12.43,0.7659,1.401,0.5655,2.194,412.57,0.9402,47.18,0.7063,11.96,2.583e-05,0.1995,2.757,1.145,2.117,0.194,7.517,0.458,7.933
2022-04-13T13:20:56,39757.01,3013.08,100.9,0.2292,14.73,56.4,17.46,84.39,5.464,152.17,0.5058,0.02095,0.005972,1.802,1.462,2.012,1.373,3.474,155.14,12.43,0.7659,1.401,0.5655,2.195,412.88,0.9417,47.2,0.7068,11.97,2.589e-05,0.1995,2.761,1.145,2.118,0.1941,7.523,0.4587,7.933
2022-04-13T13:21:26,39766.94,3012.84,100.92,0.2295,14.72,56.4,17.48,84.39,5.468,152.24,0.506,0.02094,0.005972,1.802,1.464,2.012,1.375,3.478,155.25,12.45,0.7654,1.404,0.5655,2.197,412.95,0.9414,47.21,0.7068,11.97,2.589e-05,0.1995,2.762,1.146,2.12,0.1941,7.537,0.4591,7.934
2022-04-13T13:21:56,39770.43,3012.51,100.98,0.2295,14.72,56.4,17.48,84.42,5.479,152.26,0.506,0.02094,0.005972,1.802,1.464,2.016,1.376,3.48,155.27,12.45,0.7654,1.404,0.5655,2.197,413.11,0.9418,47.23,0.7068,12.04,2.589e-05,0.1995,2.764,1.147,2.12,0.1942,7.539,0.4593,7.934
2022-04-13T13:22:26,39784.44,3014.91,100.99,0.2295,14.72,56.6,17.48,84.47,5.479,152.26,0.506,0.02094,0.005965,1.803,1.464,2.016,1.376,3.483,155.28,12.45,0.7654,1.406,0.5655,2.198,413.19,0.9418,47.33,0.707,12.05,2.588e-05,0.1995,2.765,1.147,2.121,0.1943,7.54,0.4597,7.936
2022-04-13T13:22:56,39807.97,3016.05,101.12,0.2296,14.72,56.8,17.5,84.55,5.481,152.47,0.5063,0.02096,0.005965,1.803,1.465,2.017,1.378,3.483,155.41,12.45,0.7654,1.407,0.5655,2.198,413.37,0.9424,47.4,0.7076,12.06,2.592e-05,0.2,2.769,1.148,2.123,0.1944,7.551,0.4599,7.938
2022-04-13T13:23:26,39807.98,3015.96,101.05,0.2296,14.72,56.8,17.49,84.56,5.483,152.46,0.5063,0.02097,0.005965,1.803,1.466,2.017,1.378,3.487,155.4,12.45,0.7654,1.407,0.5655,2.198,413.75,0.9423,47.41,0.7073,12.06,2.593e-05,0.1998,2.768,1.148,2.124,0.1943,7.546,0.4599,7.94
2022-04-13T13:23:56,39825.63,3016.96,101.16,0.2298,14.72,56.8,17.51,84.55,5.477,152.5,0.5055,0.02097,0.005965,1.804,1.466,2.018,1.379,3.49,155.47,12.45,0.7694,1.414,0.5655,2.2,413.89,0.9425,47.42,0.7075,12.06,2.601e-05,0.2003,2.771,1.149,2.125,0.1943,7.555,0.4607,7.95
2022-04-13T13:24:26,39831.45,3017.09,101.26,0.2301,14.73,56.8,17.51,84.59,5.482,152.48,0.5056,0.02097,0.005965,1.804,1.467,2.018,1.379,3.495,155.47,12.43,0.7694,1.414,0.5655,2.201,414.18,0.943,47.41,0.7078,12.06,2.597e-05,0.2008,2.771,1.149,2.128,0.1943,7.558,0.4608,7.954
2022-04-13T13:24:56,39827.04,3017.01,101.29,0.23,14.73,56.8,17.51,84.57,5.483,152.51,0.5056,0.02095,0.005991,1.804,1.467,2.018,1.379,3.495,155.6,12.43,0.7678,1.409,0.5655,2.205,414.14,0.9432,47.41,0.708,12.06,2.597e-05,0.2009,2.771,1.15,2.128,0.1941,7.56,0.461,7.954
2022-04-13T13:25:26,39812.19,3016.5,101.23,0.23,14.73,56.8,17.51,84.54,5.475,152.45,0.5056,0.02094,0.005991,1.804,1.467,2.011,1.378,3.494,155.55,12.43,0.7678,1.409,0.5655,2.205,413.8,0.9432,47.39,0.7079,12.06,2.596e-05,0.2009,2.769,1.15,2.127,0.194,7.556,0.461,7.954
2022-04-13T13:25:56,39820.7,3016.72,101.35,0.23,14.73,56.8,17.51,84.56,5.472,152.54,0.5056,0.02094,0.00599,1.804,1.467,2.012,1.379,3.489,155.56,12.43,0.7677,1.409,0.5655,2.207,413.98,0.9431,47.4,0.7081,12.08,2.597e-05,0.2006,2.77,1.15,2.127,0.194,7.558,0.4612,7.957
2022-04-13T13:26:26,39827.82,3016.83,101.34,0.23,14.73,56.9,17.51,84.58,5.474,152.59,0.5056,0.02094,0.00599,1.804,1.467,2.012,1.379,3.492,155.61,12.43,0.7677,1.407,0.5655,2.208,413.97,0.9438,47.4,0.7082,12.08,2.598e-05,0.2006,2.771,1.15,2.127,0.1941,7.56,0.4613,7.958
2022-04-13T13:26:56,39823.23,3016.47,101.35,0.2302,14.73,56.7,17.51,84.57,5.474,152.6,0.5067,0.02093,0.00599,1.807,1.468,2.012,1.379,3.488,155.61,12.43,0.7677,1.407,0.5655,2.208,413.96,0.9439,47.4,0.7083,12.08,2.595e-05,0.2008,2.771,1.15,2.128,0.1941,7.56,0.4614,7.958
2022-04-13T13:27:26,39819.13,3015.34,101.42,0.2302,14.73,56.7,17.53,84.59,5.486,152.54,0.5061,0.02096,0.00599,1.807,1.468,2.018,1.379,3.489,155.58,12.43,0.7677,1.407,0.5655,2.209,414.11,0.9442,47.44,0.7085,12.08,2.595e-05,0.2007,2.771,1.151,2.127,0.1941,7.566,0.4617,7.958
2022-04-13T13:27:56,39800.15,3013.5,101.28,0.23,14.73,56.6,17.52,84.49,5.482,152.42,0.5061,0.02093,0.00599,1.807,1.467,2.013,1.379,3.479,155.56,12.43,0.7677,1.409,0.5655,2.207,413.86,0.9433,47.43,0.7082,12.07,2.593e-05,0.2007,2.768,1.15,2.126,0.194,7.561,0.4616,7.957
2022-04-13T13:28:26,39817.06,3014.57,101.32,0.2302,14.73,56.6,17.53,84.53,5.484,152.49,0.5067,0.02094,0.00599,1.807,1.466,2.014,1.379,3.485,155.6,12.44,0.7649,1.408,0.5655,2.207,413.96,0.9435,47.44,0.7081,12.08,2.594e-05,0.2006,2.769,1.151,2.126,0.194,7.562,0.4619,7.953
2022-04-13T13:28:56,39815.92,3015.07,101.31,0.2301,14.71,56.6,17.53,84.5,5.482,152.5,0.5071,0.02096,0.00599,1.807,1.466,2.013,1.378,3.487,155.59,12.44,0.7649,1.408,0.5655,2.206,414.07,0.9439,47.43,0.7081,12.08,2.594e-05,0.2006,2.769,1.151,2.126,0.1939,7.568,0.4622,7.952
2022-04-13T13:29:26,39812.4,3014.46,101.29,0.23,14.71,56.6,17.53,84.48,5.481,152.47,0.5079,0.02096,0.00599,1.807,1.466,2.013,1.377,3.488,155.53,12.44,0.7643,1.408,0.5655,2.203,413.95,0.9443,47.42,0.7079,12.07,2.593e-05,0.2006,2.768,1.151,2.126,0.1937,7.568,0.4625,7.952
2022-04-13T13:29:56,39826.48,3015.48,101.31,0.23,14.71,56.6,17.52,84.51,5.479,152.5,0.5079,0.02095,0.00599,1.804,1.466,2.014,1.378,3.488,155.6,12.44,0.7643,1.408,0.5655,2.204,413.95,0.9443,47.43,0.708,12.08,2.595e-05,0.2006,2.771,1.151,2.127,0.1937,7.568,0.4627,7.954
2022-04-13T13:30:26,39825.55,3014.74,101.32,0.2303,14.71,56.6,17.52,84.57,5.486,152.51,0.5083,0.02096,0.00599,1.802,1.468,2.017,1.378,3.487,155.6,12.44,0.7643,1.408,0.5655,2.203,414.12,0.9446,47.47,0.7081,12.08,2.596e-05,0.2006,2.771,1.152,2.128,0.1939,7.575,0.4631,7.956
2022-04-13T13:30:56,39852.11,3016.35,101.38,0.2306,14.71,56.6,17.54,84.7,5.488,152.62,0.5109,0.02096,0.005967,1.802,1.467,2.019,1.379,3.49,155.77,12.44,0.7643,1.411,0.5655,2.206,414.32,0.9448,47.51,0.7086,12.08,2.601e-05,0.2006,2.775,1.152,2.129,0.1939,7.589,0.4639,7.957
2022-04-13T13:31:26,39832.33,3015.65,101.33,0.2304,14.71,56.6,17.53,84.66,5.476,152.55,0.5087,0.02092,0.005967,1.802,1.466,2.019,1.379,3.49,155.67,12.44,0.7633,1.407,0.5655,2.204,414.41,0.9449,47.5,0.7082,12.08,2.595e-05,0.2006,2.771,1.151,2.129,0.194,7.598,0.464,7.959
2022-04-13T13:31:56,39829.56,3015.46,101.39,0.2304,14.71,56.6,17.54,84.68,5.478,152.59,0.5087,0.02093,0.005981,1.802,1.468,2.019,1.38,3.487,155.74,12.44,0.7633,1.408,0.5655,2.204,414.41,0.945,47.49,0.7086,12.08,2.596e-05,0.2006,2.772,1.151,2.129,0.194,7.598,0.464,7.958
2022-04-13T13:32:26,39821.25,3015.27,101.26,0.2305,14.71,56.6,17.53,84.66,5.476,152.56,0.5087,0.02092,0.005981,1.802,1.468,2.019,1.38,3.486,155.66,12.44,0.7633,1.408,0.5655,2.202,414.23,0.9445,47.5,0.7086,12.08,2.59e-05,0.2006,2.772,1.151,2.129,0.1939,7.589,0.4641,7.959
2022-04-13T13:32:56,39832.64,3016.18,101.51,0.2304,14.71,56.5,17.54,84.66,5.485,152.64,0.5087,0.02093,0.005981,1.813,1.467,2.019,1.381,3.486,155.7,12.44,0.76,1.407,0.5655,2.206,414.43,0.9448,47.51,0.7086,12.08,2.592e-05,0.2003,2.774,1.152,2.129,0.1938,7.581,0.4641,7.957
2022-04-13T13:33:26,39846.58,3018.09,101.6,0.2309,14.71,56.4,17.55,84.73,5.483,152.82,0.5087,0.02094,0.005981,1.813,1.469,2.019,1.382,3.495,155.85,12.44,0.76,1.411,0.5655,2.208,414.9,0.9462,47.56,0.7092,12.09,2.596e-05,0.2008,2.777,1.153,2.133,0.1941,7.592,0.4646,7.967
2022-04-13T13:33:56,39845.05,3017.2,101.55,0.231,14.71,56.4,17.56,84.89,5.488,152.75,0.5088,0.02094,0.005981,1.813,1.471,2.019,1.381,3.494,155.94,12.44,0.76,1.411,0.5655,2.206,415.03,0.9465,47.54,0.7089,12.09,2.596e-05,0.2008,2.776,1.154,2.132,0.194,7.59,0.4647,7.965
2022-04-13T13:34:26,39853.77,3017.98,101.53,0.2309,14.7,56.5,17.56,84.93,5.496,152.86,0.511,0.02093,0.005988,1.813,1.471,2.02,1.381,3.494,155.93,12.44,0.76,1.411,0.5655,2.208,415.33,0.9469,47.56,0.7091,12.09,2.599e-05,0.2007,2.777,1.154,2.132,0.1941,7.591,0.4649,7.963
2022-04-13T13:34:56,39877.5,3018.63,101.6,0.2311,14.7,56.5,17.56,85.04,5.504,152.81,0.511,0.02094,0.005988,1.813,1.471,2.021,1.383,3.499,155.91,12.44,0.76,1.411,0.5655,2.208,415.41,0.9473,47.56,0.7092,12.09,2.6e-05,0.2009,2.778,1.154,2.133,0.194,7.591,0.4646,7.966
2022-04-13T13:35:26,39916.08,3019.74,101.7,0.2313,14.7,56.8,17.58,85.24,5.509,152.98,0.511,0.02095,0.005988,1.813,1.478,2.023,1.384,3.501,156.02,12.44,0.76,1.416,0.5655,2.209,415.97,0.9474,47.58,0.7098,12.1,2.601e-05,0.2012,2.779,1.156,2.134,0.1941,7.594,0.4654,7.972
2022-04-13T13:35:56,39944.08,3024.63,101.83,0.2315,14.7,56.8,17.59,85.43,5.507,153.21,0.511,0.02098,0.005988,1.827,1.482,2.018,1.385,3.509,156.05,12.44,0.7637,1.419,0.5655,2.212,416.17,0.9478,47.58,0.7107,12.12,2.608e-05,0.2012,2.779,1.157,2.136,0.1944,7.595,0.4654,7.981
2022-04-13T13:36:26,40018.74,3027.71,102.02,0.2319,14.7,56.9,17.64,85.61,5.511,153.46,0.511,0.02101,0.005988,1.828,1.481,2.022,1.39,3.516,156.39,12.44,0.7637,1.423,0.5655,2.216,416.62,0.9491,47.68,0.711,12.13,2.618e-05,0.2017,2.784,1.159,2.138,0.1948,7.614,0.4658,8.009
2022-04-13T13:36:56,40028.13,3029.89,102.27,0.2322,14.7,57.1,17.65,85.58,5.514,153.49,0.5124,0.021,0.006024,1.828,1.488,2.022,1.39,3.52,156.37,12.44,0.7637,1.423,0.5655,2.218,416.69,0.9494,47.69,0.7117,12.14,2.622e-05,0.2017,2.784,1.16,2.138,0.1948,7.617,0.466,8.016
2022-04-13T13:37:26,40060.65,3033.52,102.38,0.2324,14.7,57.1,17.68,85.64,5.515,153.54,0.5132,0.02099,0.006054,1.828,1.489,2.024,1.392,3.522,156.6,12.44,0.7663,1.423,0.5655,2.219,416.8,0.9495,47.74,0.712,12.15,2.626e-05,0.2018,2.787,1.161,2.138,0.1949,7.652,0.4668,8.021
2022-04-13T13:37:56,40076.55,3033.91,102.4,0.2324,14.86,57.1,17.69,85.78,5.514,153.7,0.5133,0.02098,0.006049,1.828,1.489,2.025,1.392,3.517,156.75,12.44,0.7663,1.426,0.5655,2.223,416.9,0.95,47.74,0.7122,12.16,2.627e-05,0.2018,2.788,1.162,2.14,0.195,7.674,0.4667,8.022
2022-04-13T13:38:26,40066.02,3033.32,102.4,0.2324,14.86,57.2,17.69,85.92,5.515,153.69,0.5145,0.02094,0.006047,1.831,1.488,2.027,1.393,3.52,156.79,12.44,0.7663,1.426,0.5655,2.224,416.98,0.9504,47.74,0.7118,12.15,2.626e-05,0.2019,2.789,1.162,2.141,0.1949,7.68,0.4667,8.022
2022-04-13T13:38:56,40064.74,3031.61,102.42,0.2324,14.89,57.3,17.69,85.98,5.514,153.61,0.5149,0.02097,0.00605,1.831,1.491,2.027,1.392,3.521,156.8,12.44,0.767,1.426,0.5655,2.224,417.15,0.9507,47.74,0.7114,12.15,2.625e-05,0.202,2.789,1.162,2.142,0.1948,7.683,0.4673,8.029
2022-04-13T13:39:26,40097.33,3035.24,102.43,0.2325,14.89,57.3,17.71,86.08,5.512,153.64,0.5135,0.02097,0.00605,1.831,1.492,2.029,1.393,3.518,156.93,12.44,0.767,1.423,0.5655,2.225,417.29,0.9512,47.75,0.7118,12.16,2.625e-05,0.202,2.792,1.163,2.143,0.1948,7.685,0.4672,8.031
2022-04-13T13:39:56,40051.2,3031.71,102.41,0.2326,14.89,57.3,17.71,86.02,5.508,153.56,0.5133,0.02096,0.00605,1.83,1.489,2.027,1.391,3.518,156.98,12.44,0.767,1.422,0.5655,2.217,417.25,0.951,47.78,0.7114,12.07,2.624e-05,0.2016,2.791,1.162,2.141,0.1947,7.675,0.4668,8.034
2022-04-13T13:40:26,40059.02,3031.76,102.4,0.2327,14.89,57.3,17.71,85.99,5.505,153.6,0.5089,0.02097,0.00605,1.83,1.489,2.027,1.392,3.521,156.9,12.44,0.767,1.422,0.5655,2.219,417.32,0.9509,47.73,0.7113,12.07,2.622e-05,0.2016,2.791,1.163,2.141,0.1946,7.671,0.4663,8.038
2022-04-13T13:40:56,40060.66,3032.5,102.42,0.2327,14.89,57.3,17.71,86.02,5.494,153.55,0.5106,0.02096,0.00605,1.83,1.491,2.027,1.393,3.521,156.87,12.44,0.7678,1.422,0.5655,2.219,417.27,0.9509,47.72,0.7114,12.08,2.622e-05,0.2016,2.791,1.163,2.142,0.1946,7.676,0.4667,8.039
2022-04-13T13:41:26,40075.03,3032.34,102.4,0.2326,14.89,57.4,17.71,86,5.494,153.75,0.5106,0.02098,0.00605,1.83,1.491,2.028,1.394,3.524,156.89,12.44,0.7678,1.423,0.5655,2.22,417.14,0.9512,47.67,0.7115,12.08,2.621e-05,0.2016,2.79,1.163,2.142,0.1947,7.671,0.4673,8.039
2022-04-13T13:41:56,40105.31,3034.64,102.53,0.2327,14.89,57.2,17.72,85.99,5.494,153.62,0.5105,0.02101,0.00605,1.83,1.49,2.033,1.394,3.527,156.96,12.44,0.7678,1.425,0.5655,2.224,417.27,0.9513,47.69,0.7123,12.09,2.622e-05,0.2019,2.793,1.164,2.144,0.1948,7.671,0.4674,8.04
2022-04-13T13:42:26,40106.29,3035.9,102.54,0.2329,14.89,57.2,17.72,86.04,5.499,153.57,0.5105,0.02101,0.006053,1.834,1.492,2.028,1.394,3.529,157.01,12.43,0.7678,1.428,0.5655,2.225,417.34,0.9517,47.72,0.7123,12.22,2.624e-05,0.2019,2.794,1.165,2.145,0.1949,7.683,0.4674,8.039
2022-04-13T13:42:56,40121.2,3035.84,102.61,0.233,14.93,57.2,17.73,86.14,5.506,153.7,0.5105,0.02103,0.006055,1.834,1.492,2.029,1.396,3.525,157.04,12.43,0.7629,1.428,0.5655,2.226,417.41,0.9516,47.71,0.7123,12.22,2.624e-05,0.2019,2.793,1.165,2.145,0.1949,7.687,0.4671,8.041
2022-04-13T13:43:26,40108.13,3036.24,102.6,0.2331,14.93,57.2,17.73,86.16,5.503,153.64,0.5105,0.02104,0.006055,1.836,1.492,2.028,1.395,3.526,157.07,12.43,0.7629,1.428,0.5655,2.226,417.4,0.9516,47.71,0.7122,12.22,2.623e-05,0.2019,2.793,1.165,2.144,0.195,7.689,0.4673,8.038
2022-04-13T13:43:56,40148.15,3039.27,102.69,0.2334,14.93,57.2,17.75,86.25,5.501,153.61,0.5105,0.02109,0.006055,1.829,1.492,2.031,1.396,3.532,157.22,12.43,0.7666,1.43,0.5655,2.226,417.58,0.952,47.75,0.7123,12.23,2.623e-05,0.2019,2.795,1.166,2.148,0.195,7.7,0.4677,8.04
2022-04-13T13:44:26,40255.9,3041.13,103.03,0.2336,15,57.5,17.77,86.43,5.509,153.72,0.5114,0.02114,0.006055,1.834,1.496,2.033,1.399,3.536,157.37,12.43,0.7666,1.432,0.5655,2.232,418.36,0.9533,47.86,0.7135,12.25,2.63e-05,0.2027,2.803,1.167,2.153,0.1953,7.714,0.4677,8.045
2022-04-13T13:44:56,40273.2,3045.99,102.98,0.2337,15,57.5,17.8,86.58,5.531,153.66,0.5125,0.02114,0.006055,1.835,1.498,2.034,1.401,3.541,157.62,12.43,0.7666,1.434,0.5655,2.231,418.67,0.9549,47.96,0.7136,12.27,2.634e-05,0.2028,2.802,1.169,2.153,0.1952,7.725,0.4689,8.062
2022-04-13T13:45:26,40263.14,3045.75,102.78,0.2334,15,57.5,17.8,86.51,5.532,153.48,0.5125,0.02118,0.006055,1.849,1.496,2.033,1.4,3.542,157.7,12.42,0.7666,1.433,0.5655,2.23,418.72,0.9545,47.92,0.7133,12.26,2.635e-05,0.2028,2.801,1.169,2.154,0.1951,7.724,0.4688,8.065
2022-04-13T13:45:56,40293.53,3049.29,102.93,0.2335,15.12,57.7,17.81,86.56,5.536,153.57,0.5154,0.02116,0.006071,1.849,1.496,2.032,1.4,3.536,157.84,12.42,0.7666,1.435,0.5655,2.234,418.88,0.9554,47.93,0.7134,12.28,2.634e-05,0.2026,2.8,1.17,2.155,0.1951,7.725,0.4687,8.071
2022-04-13T13:46:26,40323.51,3052.93,103.12,0.2337,15.17,57.7,17.83,86.72,5.537,153.67,0.5166,0.0212,0.006073,1.847,1.496,2.033,1.401,3.549,157.96,12.44,0.7642,1.437,0.5655,2.238,419.1,0.9556,48,0.7136,12.33,2.639e-05,0.2025,2.803,1.172,2.157,0.1952,7.735,0.4688,8.078
2022-04-13T13:46:56,40365.86,3054.52,103.39,0.2338,15.24,57.7,17.84,86.88,5.542,153.67,0.519,0.02124,0.006098,1.847,1.499,2.035,1.402,3.555,158,12.44,0.7642,1.437,0.5655,2.239,419.54,0.9571,48.08,0.7141,12.34,2.643e-05,0.2029,2.805,1.171,2.159,0.1953,7.758,0.4693,8.078
2022-04-13T13:47:26,40350.51,3050.97,103.17,0.2338,15.24,57.7,17.84,87.03,5.551,153.7,0.5191,0.02121,0.006098,1.847,1.497,2.034,1.403,3.555,157.98,12.44,0.7642,1.437,0.5655,2.239,419.38,0.9567,48.07,0.7141,12.33,2.645e-05,0.2028,2.805,1.17,2.157,0.1951,7.795,0.4699,8.079
2022-04-13T13:47:56,40397.2,3052.61,103.17,0.2342,15.26,57.6,17.84,87.27,5.549,153.72,0.5187,0.02123,0.006099,1.857,1.497,2.036,1.404,3.554,158.14,12.44,0.7685,1.439,0.5655,2.24,419.63,0.9581,48.06,0.7144,12.33,2.646e-05,0.2035,2.806,1.172,2.159,0.1952,7.802,0.4708,8.08
2022-04-13T13:48:26,40415.74,3053.47,103.18,0.2341,15.26,57.6,17.85,87.24,5.555,153.7,0.5212,0.02126,0.0061,1.861,1.498,2.034,1.405,3.553,158.17,12.44,0.7685,1.437,0.5655,2.239,419.56,0.9578,48.09,0.7145,12.47,2.652e-05,0.2036,2.807,1.171,2.16,0.1951,7.805,0.4709,8.081
2022-04-13T13:48:56,40391.53,3050.21,103.23,0.2344,15.26,57.8,17.83,87.03,5.55,153.67,0.5218,0.02122,0.0061,1.85,1.495,2.037,1.404,3.549,158.14,12.44,0.7685,1.439,0.5655,2.239,419.49,0.9579,48.11,0.7143,12.46,2.646e-05,0.2032,2.806,1.171,2.16,0.1949,7.799,0.4711,8.081
2022-04-13T13:49:26,40383.58,3052.28,103.28,0.2347,15.26,57.8,17.83,87.01,5.551,153.59,0.5218,0.02125,0.0061,1.864,1.489,2.036,1.405,3.549,158.16,12.44,0.7685,1.437,0.5655,2.239,419.47,0.9578,48.13,0.7137,12.47,2.645e-05,0.2032,2.807,1.171,2.16,0.1949,7.801,0.4718,8.085
2022-04-13T13:49:56,40348.36,3050.88,103.26,0.2347,15.26,57.8,17.82,86.9,5.54,153.63,0.5216,0.02123,0.0061,1.864,1.487,2.034,1.403,3.546,158.19,12.44,0.7685,1.435,0.5655,2.238,419.36,0.9574,48.11,0.7133,12.46,2.643e-05,0.2032,2.806,1.17,2.159,0.1949,7.804,0.4723,8.08
2022-04-13T13:50:26,40346.8,3050.46,103.16,0.2346,15.16,57.8,17.82,86.93,5.525,153.64,0.5198,0.0212,0.0061,1.858,1.488,2.034,1.403,3.544,158.15,12.44,0.7702,1.435,0.5655,2.237,418.89,0.9574,48.11,0.7132,12.44,2.642e-05,0.2033,2.805,1.17,2.159,0.1948,7.804,0.4726,8.08
2022-04-13T13:50:56,40414.76,3053.58,103.4,0.2348,15.16,57.9,17.87,87.11,5.548,153.71,0.5198,0.02126,0.0061,1.866,1.49,2.037,1.406,3.548,158.12,12.44,0.7702,1.44,0.5655,2.239,418.96,0.9585,48.13,0.7138,12.45,2.646e-05,0.2037,2.808,1.171,2.16,0.1949,7.805,0.4727,8.085
2022-04-13T13:51:26,40406.5,3056.41,103.54,0.2348,15.16,57.7,17.85,87.06,5.558,153.69,0.5197,0.02131,0.0061,1.866,1.491,2.037,1.407,3.548,158.4,12.44,0.7702,1.439,0.5655,2.241,419.9,0.9594,48.28,0.714,12.46,2.641e-05,0.2035,2.809,1.173,2.162,0.1949,7.836,0.4731,8.087
2022-04-13T13:51:56,40371.77,3055.81,103.57,0.235,15.16,57.7,17.86,87.08,5.536,153.75,0.5227,0.02129,0.00609,1.866,1.488,2.032,1.407,3.55,158.33,12.44,0.7702,1.442,0.5655,2.243,419.55,0.9594,48.26,0.7138,12.46,2.64e-05,0.2036,2.81,1.174,2.162,0.195,7.831,0.4735,8.09
2022-04-13T13:52:26,40411.14,3056.45,103.75,0.2354,15.16,57.9,17.87,87.05,5.556,153.76,0.5207,0.0213,0.00609,1.866,1.489,2.034,1.408,3.558,158.39,12.44,0.7729,1.445,0.5655,2.244,419.6,0.9604,48.24,0.7143,12.41,2.64e-05,0.2038,2.81,1.175,2.164,0.1951,7.834,0.4734,8.09
2022-04-13T13:52:56,40393.8,3056.85,103.56,0.235,15.26,57.8,17.87,87.04,5.553,153.79,0.5207,0.02128,0.00609,1.891,1.489,2.032,1.407,3.558,158.41,12.44,0.7729,1.441,0.5655,2.242,419.66,0.9601,48.23,0.7145,12.41,2.64e-05,0.2038,2.81,1.176,2.162,0.1951,7.828,0.474,8.097
2022-04-13T13:53:26,40442.68,3059.91,103.74,0.2349,15.27,57.9,17.89,87.39,5.572,153.95,0.5207,0.02133,0.00609,1.895,1.492,2.038,1.41,3.558,158.62,12.44,0.7758,1.446,0.5443,2.246,419.86,0.9611,48.29,0.7153,12.42,2.64e-05,0.2039,2.815,1.177,2.166,0.1954,7.839,0.4743,8.099
2022-04-13T13:53:56,40531.77,3068.18,103.99,0.235,15.25,57.9,17.91,87.52,5.577,154.05,0.5207,0.02136,0.00609,1.895,1.495,2.042,1.413,3.563,158.86,12.44,0.7782,1.448,0.5443,2.249,420.5,0.9623,48.32,0.7164,12.45,2.651e-05,0.2046,2.82,1.18,2.169,0.1953,7.854,0.4747,8.112
2022-04-13T13:54:26,40509.49,3069.04,104,0.2353,15.25,57.9,17.93,87.47,5.589,153.9,0.5207,0.02133,0.006134,1.895,1.494,2.041,1.412,3.57,158.73,12.44,0.7782,1.448,0.5443,2.249,420.77,0.9618,48.33,0.7166,12.42,2.65e-05,0.2044,2.819,1.18,2.169,0.1952,7.862,0.475,8.11
2022-04-13T13:54:56,40517.03,3068.97,103.95,0.2355,15.25,58,17.95,87.32,5.59,154.01,0.5284,0.02134,0.006134,1.895,1.494,2.042,1.412,3.562,158.74,12.44,0.7782,1.447,0.5443,2.248,420.59,0.9623,48.33,0.7164,12.42,2.652e-05,0.2044,2.82,1.18,2.169,0.1952,7.883,0.475,8.113
2022-04-13T13:55:26,40524.05,3068.44,103.9,0.2353,15.28,58,17.95,87.3,5.594,154.49,0.5286,0.02133,0.006134,1.895,1.494,2.048,1.413,3.572,158.82,12.54,0.7782,1.447,0.5443,2.25,420.61,0.9629,48.38,0.7164,12.42,2.652e-05,0.2044,2.822,1.18,2.171,0.1952,7.911,0.4752,8.106
2022-04-13T13:55:56,40513.01,3073.6,103.99,0.2354,15.29,58.1,17.93,87.27,5.594,154.62,0.5318,0.02136,0.006134,1.904,1.496,2.05,1.415,3.576,158.79,12.54,0.7782,1.447,0.5443,2.249,420.61,0.9636,48.38,0.7166,12.44,2.652e-05,0.2044,2.824,1.181,2.17,0.1952,7.912,0.4755,8.111
2022-04-13T13:56:26,40474.77,3073.09,103.93,0.2351,15.28,58,17.94,87.19,5.582,154.68,0.5301,0.02134,0.006134,1.904,1.494,2.048,1.413,3.573,158.72,12.54,0.7782,1.44,0.5443,2.248,420.61,0.9633,48.4,0.7167,12.5,2.648e-05,0.2045,2.823,1.18,2.17,0.1952,7.974,0.4759,8.113
2022-04-13T13:56:56,40511.03,3077.81,104.2,0.2354,15.28,58.1,17.95,87.2,5.595,154.95,0.5283,0.02136,0.006134,1.904,1.495,2.05,1.415,3.57,158.82,12.54,0.7887,1.449,0.5443,2.253,420.75,0.9635,48.43,0.7168,12.52,2.652e-05,0.2045,2.827,1.182,2.173,0.1952,7.983,0.4754,8.113
2022-04-13T13:57:26,40528.78,3081.42,104.09,0.2355,15.32,58,17.95,87.17,5.591,155.12,0.5283,0.02136,0.006134,1.904,1.494,2.054,1.415,3.571,158.78,12.54,0.7891,1.452,0.5443,2.253,420.77,0.964,48.44,0.717,12.53,2.651e-05,0.2041,2.828,1.184,2.172,0.1953,7.975,0.4755,8.113
2022-04-13T13:57:56,40522.6,3079.22,104.07,0.2354,15.35,58.2,17.95,87.14,5.591,155.29,0.529,0.02136,0.006135,1.904,1.495,2.054,1.415,3.571,158.83,12.54,0.7949,1.452,0.5443,2.252,420.89,0.9645,48.42,0.7169,12.52,2.649e-05,0.2041,2.827,1.184,2.172,0.1952,7.955,0.4755,8.115
2022-04-13T13:58:26,40519.27,3079.14,104.05,0.2353,15.4,58,17.95,87.12,5.606,155.28,0.5282,0.02136,0.006135,1.902,1.494,2.054,1.415,3.559,158.85,12.55,0.7949,1.448,0.5443,2.252,420.7,0.9643,48.41,0.7166,12.52,2.646e-05,0.204,2.824,1.185,2.173,0.1952,7.937,0.4752,8.109
2022-04-13T13:58:56,40537.31,3077.1,104,0.2355,15.4,58,17.97,87.27,5.601,155.42,0.5281,0.02139,0.006135,1.902,1.495,2.048,1.415,3.559,158.94,12.55,0.7949,1.448,0.5443,2.254,420.83,0.9644,48.44,0.7164,12.6,2.643e-05,0.2042,2.824,1.185,2.173,0.1955,7.927,0.475,8.118
2022-04-13T13:59:26,40521.14,3076.46,104.02,0.2355,15.4,58,18,87.28,5.598,155.4,0.5283,0.02139,0.006135,1.902,1.496,2.048,1.415,3.558,158.91,12.55,0.8012,1.448,0.5443,2.255,420.79,0.9639,48.44,0.7166,12.6,2.641e-05,0.2042,2.822,1.186,2.171,0.1954,7.921,0.4749,8.118
2022-04-13T13:59:56,40515.45,3075.83,103.98,0.2355,15.4,58,18.01,87.29,5.592,155.32,0.5286,0.02137,0.006135,1.902,1.497,2.048,1.415,3.556,158.87,12.55,0.7909,1.448,0.5443,2.254,420.73,0.9638,48.41,0.7167,12.6,2.638e-05,0.2041,2.818,1.185,2.171,0.1954,7.906,0.4759,8.114
2022-04-13T14:00:26,40529.04,3074.26,103.92,0.2358,15.4,58,18.02,87.24,5.598,155.47,0.5294,0.02137,0.006135,1.902,1.498,2.048,1.415,3.558,158.84,12.55,0.7909,1.451,0.5443,2.255,420.84,0.9648,48.41,0.7169,12.59,2.637e-05,0.2041,2.82,1.185,2.172,0.1954,7.899,0.4765,8.12
2022-04-13T14:00:56,40574.03,3077.17,104.08,0.2363,15.4,57.9,18.06,87.4,5.606,155.77,0.5294,0.02139,0.006153,1.903,1.499,2.055,1.417,3.567,158.9,12.55,0.7909,1.45,0.5443,2.259,421.37,0.9658,48.42,0.7172,12.6,2.641e-05,0.2048,2.825,1.188,2.173,0.1955,7.903,0.4767,8.121
2022-04-13T14:01:26,40558.24,3076.6,104.12,0.2366,15.39,57.9,18.11,87.43,5.606,155.7,0.528,0.02139,0.006153,1.901,1.5,2.054,1.417,3.572,159.02,12.55,0.7909,1.453,0.5443,2.26,421.62,0.9663,48.43,0.7171,12.6,2.645e-05,0.2049,2.825,1.189,2.174,0.1956,7.921,0.477,8.125
2022-04-13T14:01:56,40549.87,3076.38,104.15,0.2368,15.39,57.9,18.13,87.42,5.61,155.79,0.53,0.02138,0.006153,1.901,1.499,2.056,1.418,3.569,159,12.55,0.7909,1.45,0.5443,2.26,421.32,0.9664,48.41,0.7167,12.6,2.648e-05,0.205,2.826,1.189,2.174,0.1956,7.921,0.4771,8.133
2022-04-13T14:02:26,40538.87,3074.07,104.11,0.2367,15.39,57.9,18.14,87.4,5.606,155.8,0.5296,0.02139,0.006153,1.901,1.503,2.056,1.417,3.57,158.96,12.6,0.7897,1.45,0.5443,2.249,421.14,0.9653,48.37,0.7165,12.59,2.661e-05,0.2047,2.825,1.188,2.173,0.1956,7.906,0.4763,8.13
2022-04-13T14:02:56,40526.24,3071.51,103.95,0.2366,15.39,58,18.1,87.35,5.603,157.93,0.5297,0.02133,0.006153,1.897,1.502,2.055,1.415,3.568,158.72,12.6,0.7897,1.45,0.5443,2.252,420.41,0.9648,48.34,0.7156,12.65,2.668e-05,0.2047,2.819,1.187,2.172,0.1955,7.907,0.4759,8.122
2022-04-13T14:03:26,40477.59,3072.7,103.45,0.2354,15.25,58,18.05,87.09,5.594,158.64,0.5297,0.02122,0.006194,1.897,1.5,2.053,1.411,3.568,158.25,12.6,0.7897,1.444,0.5443,2.246,419.63,0.9632,48.24,0.7142,12.65,2.664e-05,0.2037,2.814,1.182,2.165,0.1953,7.885,0.4754,8.115
2022-04-13T14:03:56,40463.06,3071.55,103.42,0.2349,15.25,58,18.04,86.88,5.57,159.39,0.5297,0.02121,0.006127,1.897,1.495,2.049,1.41,3.556,157.94,12.6,0.7848,1.44,0.5443,2.245,419.14,0.9628,48.02,0.7141,12.65,2.658e-05,0.2034,2.814,1.181,2.162,0.195,7.873,0.4748,8.113
2022-04-13T14:04:26,40485.82,3072.12,103.54,0.2352,15.19,58,18.07,86.89,5.55,159.81,0.5297,0.02133,0.006127,1.897,1.496,2.05,1.411,3.565,158.04,12.6,0.7848,1.441,0.5443,2.247,419.35,0.9623,48.06,0.7147,12.65,2.661e-05,0.2034,2.812,1.181,2.164,0.1952,7.878,0.4744,8.111
2022-04-13T14:04:56,40490.54,3072.63,103.48,0.2347,15.19,57.9,18.05,86.89,5.568,158.69,0.5297,0.02127,0.006127,1.907,1.498,2.05,1.41,3.562,158.06,12.6,0.7848,1.442,0.5443,2.247,419.24,0.9618,48.04,0.7148,12.63,2.663e-05,0.2035,2.808,1.182,2.164,0.195,7.875,0.4744,8.112
2022-04-13T14:05:26,40515.43,3076.73,103.78,0.235,15.19,58,18.06,87.09,5.572,159.67,0.5272,0.02126,0.006134,1.917,1.499,2.051,1.411,3.562,158.32,12.6,0.7814,1.448,0.5443,2.25,419.37,0.9628,48.11,0.7157,12.65,2.679e-05,0.2036,2.815,1.183,2.165,0.1951,7.875,0.475,8.115
2022-04-13T14:05:56,40539.01,3080.1,103.93,0.2359,15.27,58,18.07,87.24,5.595,159.93,0.5273,0.02132,0.006137,1.918,1.501,2.058,1.411,3.562,158.33,12.6,0.7814,1.448,0.5443,2.253,419.87,0.9643,48.24,0.7161,12.66,2.679e-05,0.2041,2.817,1.184,2.17,0.1954,7.877,0.4749,8.123
2022-04-13T14:06:26,40552.77,3079.31,103.94,0.2356,15.27,58,18.06,87.19,5.587,159.69,0.5273,0.02131,0.006139,1.917,1.501,2.056,1.413,3.58,158.3,12.6,0.7814,1.448,0.5443,2.253,419.77,0.9649,48.23,0.716,12.66,2.676e-05,0.2041,2.816,1.182,2.169,0.1953,7.898,0.4749,8.126
2022-04-13T14:06:56,40534.48,3077.04,103.85,0.2353,15.27,58,18.07,87.03,5.587,159.44,0.528,0.02126,0.006139,1.913,1.5,2.052,1.413,3.579,158.28,12.6,0.7814,1.449,0.5443,2.252,419.67,0.9647,48.19,0.7149,12.57,2.671e-05,0.2042,2.816,1.182,2.169,0.1952,7.903,0.4749,8.124
2022-04-13T14:07:26,40512.38,3076.28,103.82,0.2352,15.27,58,18.06,87,5.583,159.58,0.5268,0.0213,0.00615,1.911,1.5,2.051,1.412,3.577,158.18,12.59,0.7814,1.445,0.5443,2.25,419.65,0.9633,48.15,0.7146,12.57,2.67e-05,0.2039,2.814,1.181,2.168,0.1952,7.904,0.4746,8.123
2022-04-13T14:07:56,40523.58,3075.91,103.83,0.2352,15.27,58,18.04,87.02,5.59,158.68,0.5286,0.02133,0.006132,1.911,1.499,2.052,1.412,3.575,158.21,12.59,0.7814,1.445,0.5443,2.25,419.49,0.9638,48.16,0.7145,12.57,2.669e-05,0.2038,2.815,1.181,2.168,0.1951,7.905,0.4746,8.121
2022-04-13T14:08:26,40532.28,3074.41,103.81,0.2354,15.27,58,18.05,87.02,5.585,158.98,0.5289,0.02135,0.006132,1.918,1.5,2.052,1.412,3.58,157.87,12.59,0.7834,1.445,0.5443,2.249,419.55,0.9647,48.13,0.7145,12.56,2.669e-05,0.2039,2.813,1.181,2.167,0.1952,7.915,0.4749,8.114
2022-04-13T14:08:56,40532.8,3075.03,103.72,0.2353,15.19,58,18.05,87,5.587,158.73,0.5289,0.02134,0.006132,1.911,1.501,2.053,1.412,3.58,157.83,12.59,0.7834,1.448,0.5443,2.249,419.46,0.9645,48.11,0.7145,12.59,2.668e-05,0.2038,2.813,1.181,2.167,0.195,7.909,0.4749,8.12
2022-04-13T14:09:26,40519,3073.45,103.71,0.2351,15.19,58,18.04,86.95,5.574,158.2,0.5289,0.02133,0.006132,1.911,1.501,2.052,1.412,3.58,157.83,12.59,0.7824,1.452,0.5443,2.249,419.12,0.9636,48.09,0.7141,12.58,2.661e-05,0.2038,2.812,1.18,2.167,0.195,7.906,0.4751,8.114
2022-04-13T14:09:56,40507.76,3074,103.57,0.235,15.19,58,18.04,86.99,5.562,158.27,0.5289,0.02132,0.006132,1.913,1.5,2.053,1.41,3.567,157.88,12.59,0.7824,1.452,0.5443,2.247,418.88,0.9634,48.08,0.7143,12.58,2.661e-05,0.2037,2.812,1.18,2.168,0.195,7.905,0.4748,8.111
2022-04-13T14:10:26,40505.97,3072.46,103.4,0.2349,15.19,58,18.03,86.96,5.553,158.27,0.5267,0.02128,0.006124,1.917,1.499,2.053,1.411,3.565,157.87,12.59,0.7824,1.452,0.5443,2.246,418.87,0.963,48.06,0.714,12.58,2.656e-05,0.2036,2.81,1.18,2.166,0.1949,7.893,0.4741,8.111
2022-04-13T14:10:56,40548.07,3073.5,103.54,0.2349,15.19,58,18.04,86.96,5.557,158.32,0.5267,0.02131,0.006124,1.917,1.498,2.055,1.411,3.564,157.89,12.59,0.788,1.446,0.5443,2.248,419.13,0.9629,48.08,0.7147,12.66,2.66e-05,0.2037,2.812,1.181,2.167,0.195,7.89,0.4745,8.118
2022-04-13T14:11:26,40587.53,3077.28,103.69,0.2352,15.19,58,18.07,86.97,5.564,158.34,0.5267,0.02138,0.006124,1.921,1.501,2.057,1.413,3.564,158.31,12.59,0.788,1.45,0.5443,2.254,419.37,0.9631,48.1,0.715,12.67,2.659e-05,0.2037,2.814,1.184,2.168,0.1949,7.899,0.4762,8.114
2022-04-13T14:11:56,40604.77,3078.08,103.74,0.2353,15.27,58,18.07,87.1,5.577,158.63,0.5267,0.02139,0.006124,1.921,1.502,2.058,1.414,3.578,158.37,12.59,0.7919,1.45,0.5443,2.254,419.69,0.9644,48.13,0.7152,12.68,2.662e-05,0.2041,2.815,1.185,2.17,0.1952,7.912,0.4761,8.128
2022-04-13T14:12:26,40647.65,3079.36,103.99,0.2353,15.27,58.1,18.07,87.16,5.592,158.71,0.5267,0.02142,0.006124,1.912,1.501,2.06,1.416,3.581,158.47,12.6,0.797,1.45,0.5443,2.254,419.95,0.9647,48.17,0.7161,12.68,2.663e-05,0.2041,2.821,1.186,2.172,0.1952,7.92,0.4765,8.13
2022-04-13T14:12:56,40643.94,3079.76,104.01,0.236,15.27,58.1,18.07,87.19,5.596,158.72,0.5303,0.02141,0.006124,1.912,1.503,2.06,1.418,3.581,158.49,12.6,0.797,1.454,0.5443,2.256,420.2,0.9654,48.18,0.7163,12.69,2.665e-05,0.2041,2.822,1.186,2.174,0.1953,7.92,0.4765,8.13
2022-04-13T14:13:26,40637.07,3076.81,103.97,0.2359,15.27,58,18.06,87.27,5.597,158.57,0.5303,0.02139,0.006135,1.912,1.503,2.059,1.417,3.583,158.59,12.6,0.797,1.454,0.5443,2.257,420.21,0.9652,48.17,0.7161,12.68,2.665e-05,0.2041,2.821,1.186,2.173,0.1953,7.923,0.4764,8.135
2022-04-13T14:13:56,40643.4,3076.97,104,0.2359,15.27,58,18.06,87.29,5.596,158.72,0.5308,0.02142,0.006148,1.912,1.503,2.06,1.417,3.582,158.63,12.6,0.797,1.455,0.5443,2.257,419.53,0.966,48.19,0.716,12.68,2.668e-05,0.2041,2.821,1.186,2.174,0.1953,7.922,0.4766,8.135
2022-04-13T14:14:26,40635.18,3077.45,104,0.2363,15.27,58,18.06,87.28,5.576,158.72,0.5307,0.02141,0.006148,1.912,1.503,2.059,1.416,3.579,158.63,12.6,0.797,1.458,0.5443,2.258,419.59,0.9659,48.16,0.7159,12.68,2.665e-05,0.2041,2.822,1.186,2.174,0.1955,7.934,0.4768,8.135
2022-04-13T14:14:56,40639.47,3078.01,104,0.2365,15.28,58.1,18.06,87.28,5.58,158.75,0.5308,0.02144,0.006141,1.913,1.503,2.06,1.418,3.583,158.61,12.6,0.797,1.457,0.5443,2.258,419.56,0.965,48.13,0.7159,12.69,2.667e-05,0.2044,2.822,1.186,2.174,0.1955,7.947,0.4768,8.126
2022-04-13T14:15:26,40764,3081.75,104.05,0.2366,15.3,58.2,18.08,87.46,5.592,159.04,0.5309,0.02153,0.00614,1.913,1.503,2.066,1.42,3.583,158.73,12.8,0.797,1.458,0.5443,2.262,420.07,0.9667,48.13,0.7169,12.78,2.669e-05,0.2044,2.828,1.187,2.178,0.1957,7.981,0.4776,8.13
2022-04-13T14:15:56,40764.43,3082.87,104.28,0.2367,15.29,58.4,18.1,87.49,5.616,159.14,0.5327,0.02148,0.006176,1.909,1.506,2.067,1.421,3.593,158.79,12.8,0.797,1.459,0.5443,2.262,420.22,0.9665,48.2,0.7168,12.78,2.674e-05,0.2045,2.828,1.189,2.178,0.1956,7.968,0.4776,8.138
2022-04-13T14:16:26,40814.17,3091.58,104.41,0.237,15.29,58.3,18.14,87.63,5.631,159.38,0.542,0.0215,0.006176,1.915,1.508,2.069,1.423,3.593,159.31,12.76,0.797,1.462,0.5443,2.264,420.51,0.9676,48.28,0.7178,12.82,2.677e-05,0.2051,2.829,1.189,2.183,0.1959,7.983,0.4778,8.145
2022-04-13T14:16:56,40833.59,3092.09,104.53,0.2371,15.29,58.4,18.14,87.76,5.642,159.23,0.5458,0.02161,0.006227,1.915,1.51,2.07,1.424,3.599,159.41,12.76,0.797,1.465,0.5443,2.265,420.25,0.9675,48.27,0.7178,12.82,2.694e-05,0.2049,2.83,1.189,2.183,0.1959,7.988,0.4798,8.152
2022-04-13T14:17:26,40913.94,3097.23,104.74,0.2378,15.29,58.4,18.17,87.83,5.66,159.51,0.5456,0.02167,0.006227,1.915,1.513,2.074,1.427,3.606,159.61,12.76,0.797,1.47,0.5443,2.27,420.46,0.9689,48.38,0.7181,12.73,2.698e-05,0.2052,2.834,1.191,2.185,0.196,7.98,0.4811,8.154
2022-04-13T14:17:56,40886.1,3093.4,104.75,0.2381,15.29,58.5,18.16,87.73,5.664,159.33,0.5466,0.02162,0.00625,1.918,1.513,2.073,1.426,3.61,159.54,12.76,0.798,1.468,0.5443,2.269,419.86,0.9686,48.36,0.7178,12.71,2.701e-05,0.205,2.834,1.191,2.185,0.1959,7.995,0.4812,8.157
2022-04-13T14:18:26,40868.78,3090.56,104.62,0.238,15.29,58.9,18.15,87.68,5.662,159.82,0.5465,0.02162,0.00625,1.92,1.513,2.072,1.426,3.598,159.38,12.76,0.798,1.469,0.5443,2.27,419.86,0.9688,48.32,0.7175,12.7,2.702e-05,0.2051,2.835,1.191,2.186,0.1959,7.985,0.4814,8.149
2022-04-13T14:18:56,40905.94,3092.54,104.8,0.2382,15.32,58.8,18.17,87.66,5.664,160.06,0.5443,0.02166,0.00622,1.92,1.516,2.084,1.427,3.597,159.45,12.76,0.798,1.47,0.5443,2.271,420.03,0.9697,48.35,0.7179,12.71,2.705e-05,0.2054,2.845,1.191,2.191,0.196,7.982,0.4828,8.152
2022-04-13T14:19:26,40884.83,3094.36,104.66,0.2386,15.32,58.7,18.14,87.48,5.654,160.02,0.5443,0.02164,0.006245,1.922,1.514,2.083,1.427,3.605,159.34,12.9,0.8025,1.473,0.5443,2.268,419.96,0.9693,48.36,0.7181,12.75,2.705e-05,0.2051,2.843,1.19,2.188,0.196,7.982,0.4822,8.145
2022-04-13T14:19:56,40863.4,3095.13,104.65,0.2387,15.32,58.7,18.13,87.44,5.633,160.01,0.5474,0.02167,0.006233,1.921,1.516,2.087,1.426,3.6,159.49,12.9,0.8025,1.472,0.5443,2.268,419.88,0.9695,48.4,0.7181,12.76,2.705e-05,0.2051,2.845,1.19,2.189,0.1959,8.002,0.4831,8.141
2022-04-13T14:20:26,40828.21,3094.84,104.55,0.2385,15.32,58.7,18.13,87.38,5.632,159.82,0.5452,0.02165,0.006233,1.921,1.516,2.086,1.425,3.593,159.49,12.86,0.8025,1.474,0.5443,2.268,419.63,0.9687,48.37,0.7181,12.75,2.698e-05,0.2052,2.844,1.19,2.188,0.1959,7.998,0.4825,8.146
2022-04-13T14:20:56,40817.46,3093.46,104.52,0.2383,15.32,58.5,18.11,87.27,5.632,159.77,0.543,0.02163,0.006229,1.921,1.513,2.085,1.425,3.588,159.5,12.86,0.8025,1.475,0.569,2.266,419.41,0.9684,48.36,0.7174,12.75,2.695e-05,0.205,2.843,1.189,2.185,0.1958,7.991,0.4824,8.145
2022-04-13T14:21:26,40826.22,3091.91,104.52,0.2379,15.23,58.5,18.11,87.37,5.635,159.76,0.543,0.02164,0.006218,1.921,1.513,2.085,1.425,3.591,159.49,12.86,0.7958,1.472,0.569,2.265,419.44,0.969,48.34,0.7175,12.74,2.694e-05,0.2052,2.842,1.189,2.186,0.1958,7.982,0.4811,8.144
2022-04-13T14:21:56,40798.3,3090.04,104.53,0.2379,15.22,58.5,18.1,87.34,5.631,159.48,0.5429,0.02162,0.006218,1.921,1.511,2.084,1.424,3.592,159.59,12.84,0.7958,1.468,0.569,2.264,419.4,0.9693,48.3,0.7174,12.74,2.689e-05,0.2052,2.841,1.188,2.188,0.1957,7.994,0.4806,8.142
2022-04-13T14:22:26,40804.08,3089.99,104.53,0.2379,15.22,58.5,18.09,87.31,5.631,159.56,0.5429,0.02161,0.006221,1.928,1.509,2.089,1.424,3.592,159.65,12.87,0.7958,1.461,0.569,2.264,419.5,0.9693,48.24,0.7175,12.73,2.686e-05,0.2052,2.84,1.187,2.188,0.1957,8.001,0.4804,8.141
2022-04-13T14:22:56,40806.04,3088.91,104.6,0.2378,15.26,58.5,18.1,87.3,5.635,159.48,0.5415,0.02162,0.006202,1.928,1.51,2.09,1.422,3.595,159.59,12.87,0.7958,1.464,0.569,2.264,419.46,0.9691,48.23,0.7174,12.73,2.683e-05,0.2051,2.839,1.187,2.187,0.1958,8.002,0.4806,8.142
2022-04-13T14:23:26,40808.91,3088.95,104.57,0.2379,15.26,58.5,18.09,87.29,5.635,159.28,0.5415,0.02161,0.006216,1.928,1.511,2.09,1.423,3.587,159.56,12.81,0.7971,1.463,0.569,2.265,419.41,0.9685,48.22,0.7174,12.76,2.683e-05,0.2051,2.841,1.188,2.187,0.1957,8.011,0.4796,8.14
2022-04-13T14:23:56,40807.64,3088.37,104.54,0.2379,15.26,58.5,18.09,87.27,5.647,159.4,0.5414,0.02164,0.006219,1.928,1.51,2.09,1.423,3.586,159.61,12.81,0.7971,1.465,0.569,2.264,419.38,0.9694,48.2,0.7174,12.76,2.68e-05,0.2051,2.839,1.188,2.187,0.1957,8.006,0.4793,8.141
2022-04-13T14:24:26,40844.35,3089.7,104.65,0.2381,15.26,58.5,18.1,87.27,5.649,159.54,0.5414,0.02168,0.006219,1.928,1.509,2.092,1.424,3.589,159.62,12.81,0.7971,1.465,0.569,2.265,419.47,0.9692,48.23,0.7177,12.77,2.683e-05,0.2051,2.84,1.188,2.187,0.1961,8.005,0.4793,8.141
2022-04-13T14:24:56,40856.15,3092.59,104.75,0.2381,15.26,58.5,18.12,87.31,5.659,159.62,0.5414,0.0217,0.00622,1.928,1.51,2.092,1.425,3.595,159.74,12.81,0.7971,1.468,0.569,2.266,419.43,0.9693,48.25,0.7177,12.78,2.688e-05,0.205,2.841,1.188,2.188,0.1964,8.002,0.4799,8.144
2022-04-13T14:25:26,40846.42,3091.77,104.6,0.2379,15.26,58.5,18.11,87.25,5.664,159.7,0.5432,0.02167,0.00622,1.922,1.511,2.092,1.423,3.594,159.6,12.91,0.7975,1.468,0.569,2.265,419.42,0.9681,48.25,0.7174,12.79,2.686e-05,0.2051,2.839,1.186,2.187,0.1963,8.003,0.4801,8.14
2022-04-13T14:25:56,40823.78,3089.72,104.31,0.2376,15.35,58.6,18.1,87.06,5.633,159.11,0.5449,0.02166,0.0062,1.916,1.511,2.093,1.421,3.591,159.53,12.91,0.7975,1.463,0.569,2.262,419.15,0.9686,48.18,0.7171,12.78,2.682e-05,0.2051,2.839,1.185,2.186,0.1962,7.995,0.4797,8.139
2022-04-13T14:26:26,40815.47,3088.51,104.29,0.2376,15.35,58.6,18.09,87.01,5.611,159.04,0.5449,0.02163,0.0062,1.916,1.511,2.095,1.42,3.605,159.35,12.85,0.7975,1.464,0.569,2.26,418.9,0.968,48.15,0.7169,12.77,2.676e-05,0.2051,2.838,1.183,2.184,0.1961,7.987,0.4787,8.135
2022-04-13T14:26:56,40798.95,3087.79,104.12,0.2367,15.35,58.4,18.07,86.84,5.62,158.92,0.5461,0.02155,0.006182,1.916,1.509,2.094,1.419,3.598,159.11,12.85,0.7975,1.46,0.569,2.257,418.35,0.9666,48.09,0.7159,12.77,2.674e-05,0.2046,2.828,1.182,2.179,0.1958,7.965,0.4786,8.129
2022-04-13T14:27:26,40761.39,3085.18,103.85,0.2364,15.35,58.1,18.04,86.72,5.603,158.78,0.5449,0.02151,0.00618,1.916,1.508,2.092,1.415,3.599,158.92,12.82,0.7937,1.455,0.569,2.255,417.75,0.966,48.04,0.7145,12.79,2.666e-05,0.2045,2.827,1.18,2.178,0.1955,7.949,0.4783,8.123
2022-04-13T14:27:56,40729.74,3083.13,103.68,0.236,15.35,58.1,18.02,86.69,5.591,158.53,0.5448,0.02154,0.00618,1.916,1.506,2.091,1.413,3.599,158.74,12.82,0.7937,1.454,0.569,2.253,417.54,0.9655,47.97,0.7145,12.78,2.661e-05,0.204,2.825,1.179,2.176,0.1953,7.937,0.4783,8.116
2022-04-13T14:28:26,40734.58,3083.47,103.7,0.2364,15.35,58.1,18,86.61,5.597,158.57,0.5421,0.02158,0.006173,1.916,1.505,2.091,1.413,3.599,158.49,12.82,0.7937,1.459,0.569,2.254,416.96,0.965,47.91,0.7147,12.78,2.66e-05,0.2041,2.822,1.179,2.176,0.1953,7.926,0.478,8.111
2022-04-13T14:28:56,40736.08,3083.77,103.76,0.2362,15.19,58.2,18.01,86.59,5.604,158.67,0.5387,0.02161,0.006171,1.911,1.505,2.091,1.413,3.577,158.52,12.82,0.7937,1.456,0.569,2.254,417.06,0.9651,47.93,0.7152,12.78,2.66e-05,0.2042,2.825,1.18,2.177,0.1955,7.927,0.477,8.11
2022-04-13T14:29:26,40680.7,3077.25,103.48,0.2356,15.12,58.2,17.99,86.44,5.592,158.37,0.5377,0.02155,0.006168,1.911,1.503,2.089,1.411,3.571,158.29,12.82,0.7976,1.45,0.569,2.249,416.97,0.9626,47.87,0.714,12.69,2.655e-05,0.2036,2.818,1.177,2.174,0.1953,7.911,0.4759,8.099
2022-04-13T14:29:56,40613.91,3074.03,103.28,0.235,15.12,57.9,17.97,86.25,5.578,158.13,0.5376,0.02149,0.006168,1.907,1.5,2.085,1.411,3.564,157.93,12.82,0.7976,1.445,0.569,2.243,416.4,0.9617,47.76,0.7135,12.68,2.647e-05,0.2033,2.814,1.175,2.171,0.1949,7.885,0.4746,8.087
2022-04-13T14:30:26,40609.09,3072.46,103.28,0.2351,15.08,57.8,17.97,86.31,5.56,158.32,0.5348,0.02143,0.006144,1.918,1.499,2.085,1.407,3.563,158,12.81,0.7976,1.447,0.569,2.246,416.29,0.9617,47.81,0.7136,12.67,2.651e-05,0.2033,2.814,1.175,2.172,0.1951,7.891,0.4753,8.077
2022-04-13T14:30:56,40587.68,3072.73,103.15,0.235,15.08,58,17.96,86.18,5.556,158.07,0.534,0.0214,0.006141,1.918,1.497,2.084,1.405,3.56,157.78,12.81,0.7948,1.447,0.569,2.245,416.09,0.961,47.78,0.7134,12.67,2.645e-05,0.2033,2.812,1.174,2.169,0.195,7.883,0.4749,8.067
2022-04-13T14:31:26,40588.3,3073.89,103.12,0.2353,15.07,58,17.95,86.15,5.568,158.06,0.5328,0.02142,0.006119,1.918,1.497,2.087,1.404,3.56,157.86,12.81,0.7948,1.447,0.569,2.244,415.95,0.9611,47.77,0.7134,12.66,2.648e-05,0.2031,2.813,1.174,2.169,0.1951,7.879,0.4746,8.072
2022-04-13T14:31:56,40526.42,3070.71,103.05,0.2352,15.07,58,17.94,86.13,5.563,157.75,0.5329,0.02141,0.006119,1.918,1.496,2.085,1.404,3.561,157.81,12.81,0.7948,1.444,0.569,2.243,415.52,0.961,47.76,0.7131,12.64,2.647e-05,0.203,2.812,1.173,2.169,0.1949,7.872,0.4742,8.071
2022-04-13T14:32:26,40450.17,3064.46,102.67,0.2346,15.07,57.8,17.88,85.9,5.56,157.72,0.5311,0.02133,0.006124,1.899,1.495,2.075,1.401,3.55,157.36,12.81,0.7948,1.441,0.569,2.239,414.89,0.9592,47.64,0.7122,12.62,2.638e-05,0.2022,2.807,1.171,2.164,0.1947,7.851,0.4724,8.055
2022-04-13T14:32:56,40445.39,3064.01,102.64,0.2344,15.07,57.7,17.89,85.91,5.54,157.65,0.5272,0.02129,0.006089,1.89,1.492,2.075,1.4,3.55,157.3,12.81,0.7948,1.441,0.569,2.237,414.89,0.9586,47.6,0.7124,12.62,2.637e-05,0.2021,2.805,1.171,2.162,0.1948,7.846,0.4721,8.05
2022-04-13T14:33:26,40458.12,3063.57,102.66,0.2345,15.07,57.7,17.88,85.95,5.54,157.32,0.5269,0.02125,0.006084,1.888,1.49,2.076,1.4,3.549,157.29,12.72,0.7912,1.438,0.569,2.239,414.89,0.959,47.56,0.7125,12.61,2.637e-05,0.2019,2.806,1.17,2.161,0.1948,7.839,0.472,8.041
2022-04-13T14:33:56,40511.16,3065.49,102.7,0.2349,15.07,57.9,17.9,86.09,5.552,157.64,0.5269,0.02135,0.006084,1.888,1.494,2.078,1.403,3.557,157.54,12.72,0.7897,1.445,0.569,2.242,415.42,0.9581,47.59,0.713,12.6,2.643e-05,0.2026,2.811,1.173,2.165,0.1947,7.853,0.472,8.042
2022-04-13T14:34:26,40496.69,3068.62,102.83,0.2347,15.09,57.8,17.89,86.07,5.559,157.61,0.5272,0.02136,0.006094,1.889,1.496,2.077,1.403,3.557,157.5,12.76,0.7897,1.445,0.569,2.239,415.2,0.9583,47.66,0.7128,12.61,2.644e-05,0.2026,2.808,1.172,2.164,0.1947,7.862,0.4727,8.043
2022-04-13T14:34:56,40506.76,3067.73,102.91,0.2347,15.09,57.8,17.87,86.1,5.561,157.71,0.5271,0.02136,0.006093,1.889,1.496,2.081,1.403,3.557,157.42,12.76,0.7897,1.445,0.569,2.24,415.16,0.9584,47.69,0.7128,12.61,2.642e-05,0.2026,2.81,1.172,2.165,0.1947,7.872,0.4729,8.044
2022-04-13T14:35:26,40523.92,3068.37,102.98,0.2347,15.09,58,17.87,86.15,5.567,157.75,0.5244,0.02137,0.006093,1.892,1.497,2.082,1.405,3.553,157.53,12.76,0.7897,1.447,0.569,2.242,415.32,0.9588,47.71,0.7132,12.61,2.644e-05,0.2027,2.812,1.172,2.163,0.1947,7.871,0.4729,8.054
2022-04-13T14:35:56,40553.83,3070.18,103.04,0.235,15.09,58,17.89,86.18,5.571,157.83,0.5242,0.02139,0.006099,1.892,1.498,2.087,1.405,3.56,157.7,12.77,0.7897,1.454,0.569,2.243,415.48,0.9588,47.75,0.7137,12.62,2.651e-05,0.2029,2.812,1.174,2.164,0.1947,7.876,0.4738,8.054
2022-04-13T14:36:26,40573.5,3072.09,103.1,0.2354,15.09,58,17.91,86.27,5.598,158.05,0.527,0.02144,0.006097,1.892,1.499,2.088,1.407,3.568,157.88,12.77,0.7897,1.453,0.569,2.243,415.72,0.9593,47.81,0.7139,12.62,2.653e-05,0.203,2.813,1.174,2.166,0.1947,7.881,0.4742,8.056
2022-04-13T14:36:56,40581.09,3071.91,103.1,0.2355,15.08,58,17.92,86.33,5.607,158.09,0.5298,0.02145,0.0061,1.897,1.5,2.088,1.408,3.569,157.95,12.77,0.7897,1.453,0.569,2.243,416.13,0.9594,47.84,0.7142,12.62,2.654e-05,0.203,2.817,1.174,2.166,0.1947,7.882,0.4746,8.059
2022-04-13T14:37:26,40578.25,3071.06,103.02,0.2357,15.08,58.2,17.91,86.28,5.602,157.79,0.5299,0.02144,0.0061,1.897,1.5,2.088,1.408,3.57,157.94,12.77,0.7897,1.458,0.569,2.242,415.91,0.9593,47.81,0.7135,12.62,2.651e-05,0.2032,2.817,1.173,2.165,0.1945,7.877,0.4741,8.056
2022-04-13T14:37:56,40561.64,3066.48,102.94,0.2364,15.08,58.3,17.9,86.16,5.579,157.66,0.5301,0.02143,0.006108,1.897,1.498,2.087,1.404,3.563,157.91,12.77,0.7847,1.456,0.569,2.243,415.59,0.958,47.79,0.7137,12.59,2.651e-05,0.2028,2.816,1.172,2.164,0.1945,7.873,0.4743,8.053
2022-04-13T14:38:26,40567.46,3067.73,103.03,0.2365,15.08,58.4,17.89,86.17,5.584,157.82,0.5313,0.02143,0.0061,1.897,1.498,2.087,1.405,3.56,157.92,12.77,0.7847,1.458,0.569,2.244,415.29,0.9586,47.78,0.714,12.59,2.65e-05,0.2028,2.816,1.173,2.165,0.1946,7.867,0.4745,8.05
2022-04-13T14:38:56,40609.68,3070.36,103.08,0.237,15.08,58.4,17.9,86.2,5.595,157.86,0.5314,0.02149,0.0061,1.902,1.499,2.089,1.406,3.566,157.99,12.77,0.7847,1.46,0.569,2.249,415.38,0.9587,47.81,0.7143,12.6,2.651e-05,0.203,2.819,1.173,2.166,0.1947,7.872,0.4746,8.05
2022-04-13T14:39:26,40603.79,3070.76,103.11,0.2369,15.08,58.4,17.91,86.35,5.592,157.88,0.5315,0.02149,0.0061,1.902,1.499,2.086,1.406,3.564,158.05,12.77,0.7847,1.461,0.569,2.249,415.53,0.9596,47.85,0.7142,12.61,2.653e-05,0.2032,2.818,1.174,2.167,0.1948,7.874,0.4752,8.053
2022-04-13T14:39:56,40598.89,3070.89,103.15,0.237,15.08,58.3,17.91,86.4,5.591,158.32,0.5315,0.02148,0.0061,1.902,1.499,2.086,1.406,3.562,158.18,12.77,0.7847,1.461,0.569,2.25,415.51,0.9593,47.85,0.7141,12.6,2.654e-05,0.2029,2.82,1.174,2.166,0.1947,7.878,0.4779,8.05
2022-04-13T14:40:26,40570.86,3069.56,103.05,0.237,15.08,58.3,17.89,86.45,5.585,158.34,0.5315,0.02148,0.0061,1.902,1.498,2.084,1.408,3.555,158.17,12.77,0.7907,1.458,0.569,2.248,415.46,0.9583,47.83,0.714,12.6,2.654e-05,0.203,2.816,1.174,2.165,0.1947,7.875,0.4783,8.044
2022-04-13T14:40:56,40615.35,3071.62,103.18,0.2375,15.08,58.3,17.91,86.6,5.6,158.87,0.5322,0.02145,0.006102,1.902,1.499,2.086,1.409,3.549,158.37,12.77,0.7907,1.46,0.569,2.25,415.54,0.9597,47.85,0.7145,12.6,2.658e-05,0.2033,2.819,1.175,2.166,0.1947,7.891,0.4802,8.047
2022-04-13T14:41:26,40626.43,3070.4,103.17,0.2377,15.08,58.2,17.92,86.64,5.6,159.47,0.5324,0.0215,0.006102,1.9,1.499,2.087,1.409,3.546,158.46,12.77,0.7907,1.461,0.569,2.252,415.7,0.9601,47.86,0.7146,12.6,2.66e-05,0.2033,2.821,1.175,2.167,0.1948,7.896,0.4809,8.049
2022-04-13T14:41:56,40645.53,3070.16,103.27,0.2376,15.08,58.2,17.93,86.73,5.6,159.74,0.5359,0.02154,0.006102,1.9,1.499,2.088,1.41,3.55,158.52,12.77,0.7907,1.462,0.569,2.252,415.74,0.9604,47.89,0.7147,12.6,2.661e-05,0.2034,2.823,1.176,2.168,0.1949,7.913,0.4818,8.052
2022-04-13T14:42:26,40660.26,3070.54,103.27,0.2374,15.08,58.3,17.94,86.75,5.605,160.24,0.5365,0.02152,0.006102,1.9,1.502,2.089,1.41,3.55,158.47,12.77,0.7905,1.461,0.569,2.252,415.85,0.9603,47.93,0.7148,12.6,2.661e-05,0.2036,2.823,1.177,2.169,0.195,7.925,0.4819,8.053
2022-04-13T14:42:56,40658.19,3070.28,103.29,0.2374,15.17,58.3,17.94,86.78,5.608,159.54,0.5365,0.02149,0.006102,1.9,1.502,2.089,1.411,3.548,158.46,12.77,0.7905,1.458,0.569,2.252,415.72,0.9603,47.93,0.7147,12.6,2.663e-05,0.2034,2.824,1.177,2.169,0.195,7.931,0.4828,8.047
2022-04-13T14:43:26,40677.85,3070.91,103.39,0.2376,15.17,58.3,17.95,86.81,5.63,159.18,0.5361,0.02153,0.006102,1.902,1.501,2.09,1.412,3.547,158.52,12.77,0.7905,1.458,0.569,2.253,415.77,0.9614,47.97,0.7148,12.6,2.664e-05,0.2034,2.826,1.177,2.171,0.1952,7.935,0.4835,8.055
2022-04-13T14:43:56,40709.42,3076.22,103.54,0.2379,15.17,58.4,17.97,86.82,5.634,159.39,0.5398,0.02155,0.006128,1.902,1.503,2.091,1.413,3.55,158.73,12.76,0.7905,1.465,0.569,2.255,415.92,0.9622,47.99,0.7158,12.62,2.665e-05,0.2034,2.829,1.179,2.173,0.1952,7.943,0.4835,8.054
2022-04-13T14:44:26,40684.58,3075.82,103.48,0.2377,15.46,58.5,17.97,86.87,5.633,159.07,0.5391,0.02152,0.006128,1.902,1.502,2.09,1.413,3.55,158.73,12.76,0.7905,1.465,0.569,2.253,416.06,0.9621,47.99,0.7158,12.62,2.664e-05,0.2039,2.829,1.178,2.173,0.1952,7.951,0.485,8.064
2022-04-13T14:44:56,40687.68,3077.07,103.53,0.2378,15.46,58.5,17.98,86.96,5.632,158.83,0.5392,0.02151,0.006128,1.902,1.503,2.09,1.414,3.55,158.77,12.76,0.7905,1.463,0.569,2.255,416.02,0.9622,47.99,0.7158,12.63,2.663e-05,0.204,2.831,1.178,2.175,0.1953,7.942,0.4864,8.066
2022-04-13T14:45:26,40705.89,3079.53,103.65,0.2378,15.46,58.5,17.98,86.98,5.639,158.87,0.5391,0.0215,0.006128,1.906,1.502,2.091,1.414,3.55,158.84,12.76,0.7905,1.463,0.569,2.255,416.1,0.963,48.01,0.7159,12.64,2.661e-05,0.204,2.831,1.179,2.176,0.1953,7.943,0.4848,8.071
2022-04-13T14:45:56,40677.32,3078.71,103.47,0.2375,15.46,58.5,17.98,86.85,5.625,158.64,0.5388,0.02143,0.006128,1.909,1.503,2.09,1.413,3.554,158.58,12.76,0.7905,1.465,0.569,2.254,416.17,0.9619,48,0.7152,12.63,2.66e-05,0.204,2.829,1.177,2.174,0.1951,7.925,0.4837,8.075
2022-04-13T14:46:26,40661.71,3074.51,103.38,0.2372,15.46,58.5,17.96,86.74,5.597,158.36,0.5365,0.0214,0.006122,1.906,1.502,2.089,1.412,3.554,158.47,12.76,0.7924,1.46,0.569,2.252,415.91,0.9613,47.93,0.7142,12.62,2.656e-05,0.204,2.827,1.176,2.172,0.195,7.914,0.4844,8.072
2022-04-13T14:46:56,40658.63,3074.16,103.4,0.2375,15.27,58.5,17.95,86.7,5.61,158.45,0.5365,0.02146,0.006128,1.906,1.502,2.089,1.411,3.55,158.46,12.76,0.7924,1.462,0.569,2.254,415.91,0.9613,47.89,0.7145,12.61,2.655e-05,0.2035,2.824,1.175,2.173,0.195,7.91,0.4855,8.063
2022-04-13T14:47:26,40657.58,3074.31,103.52,0.2376,15.27,58.5,17.96,86.64,5.61,158.68,0.5358,0.02148,0.006128,1.91,1.502,2.089,1.412,3.555,158.53,12.76,0.7924,1.462,0.569,2.257,415.77,0.9615,47.93,0.7147,12.62,2.656e-05,0.2037,2.825,1.176,2.175,0.1952,7.908,0.4867,8.065
2022-04-13T14:47:56,40650.01,3073.39,103.46,0.2371,15.27,58.5,17.96,86.62,5.609,158.42,0.5363,0.02145,0.006128,1.91,1.497,2.089,1.41,3.55,158.46,12.77,0.7924,1.462,0.569,2.257,415.38,0.9606,47.92,0.7145,12.67,2.655e-05,0.2037,2.824,1.176,2.173,0.1951,7.908,0.4867,8.059
2022-04-13T14:48:26,40651.45,3073.78,103.48,0.2372,15.27,58.5,17.94,86.52,5.605,159.21,0.5352,0.02147,0.006128,1.91,1.498,2.089,1.411,3.55,158.41,12.77,0.7924,1.462,0.569,2.259,415.24,0.9607,47.86,0.7144,12.67,2.655e-05,0.2036,2.824,1.176,2.173,0.1951,7.903,0.4851,8.045
2022-04-13T14:48:56,40658.66,3075.07,103.46,0.2374,15.27,58.5,17.94,86.54,5.605,161.27,0.5352,0.02152,0.006128,1.91,1.498,2.093,1.411,3.554,158.35,12.77,0.7924,1.467,0.569,2.26,415.2,0.9615,47.85,0.7143,12.68,2.659e-05,0.2037,2.822,1.176,2.173,0.1951,7.906,0.4849,8.05
2022-04-13T14:49:26,40665.88,3072.74,103.42,0.2374,15.27,58.4,17.92,86.54,5.609,161.14,0.5351,0.0215,0.006128,1.91,1.498,2.093,1.413,3.55,158.23,12.77,0.7997,1.467,0.569,2.257,415.3,0.9613,47.89,0.7143,12.67,2.661e-05,0.2038,2.823,1.176,2.173,0.1951,7.899,0.4843,8.048
2022-04-13T14:49:56,40625.15,3073.01,103.38,0.2372,15.3,58.4,17.93,86.44,5.594,160.2,0.5352,0.02141,0.006117,1.91,1.497,2.094,1.411,3.549,158.13,12.77,0.7997,1.46,0.569,2.257,414.62,0.9607,47.85,0.7139,12.59,2.657e-05,0.2037,2.819,1.175,2.171,0.195,7.899,0.4833,8.042
2022-04-13T14:50:26,40617.71,3072.46,103.25,0.2367,15.3,58.4,17.93,86.38,5.596,159.91,0.5351,0.02143,0.006117,1.91,1.496,2.088,1.411,3.543,158.09,12.77,0.7997,1.461,0.569,2.256,414.54,0.9606,47.82,0.7136,12.59,2.655e-05,0.2034,2.819,1.174,2.171,0.1951,7.888,0.4829,8.042
2022-04-13T14:50:56,40603.78,3071.71,103.11,0.2361,15.3,58.4,17.92,86.34,5.598,159.65,0.5336,0.02143,0.006117,1.91,1.496,2.087,1.41,3.543,157.96,12.73,0.7997,1.461,0.569,2.255,414.28,0.9604,47.81,0.7136,12.58,2.654e-05,0.2034,2.819,1.174,2.169,0.1949,7.885,0.4837,8.038
2022-04-13T14:51:26,40597.63,3069.27,103.23,0.236,15.21,58.4,17.92,86.32,5.602,159.41,0.5336,0.02143,0.006117,1.91,1.496,2.087,1.409,3.544,157.87,12.73,0.7997,1.461,0.569,2.254,414.22,0.9596,47.79,0.7138,12.57,2.656e-05,0.2034,2.813,1.174,2.168,0.1948,7.883,0.4837,8.038
2022-04-13T14:51:56,40619.99,3072,103.3,0.2362,15.18,58.4,17.92,86.34,5.627,159.32,0.5347,0.02144,0.006105,1.912,1.497,2.088,1.411,3.543,157.91,12.78,0.7946,1.46,0.569,2.255,414.53,0.9604,47.76,0.714,12.58,2.658e-05,0.2034,2.817,1.174,2.169,0.1948,7.884,0.4831,8.036
2022-04-13T14:52:26,40626.16,3070.99,103.35,0.2365,15.18,58.3,17.93,86.36,5.623,159.55,0.5335,0.02148,0.006105,1.912,1.497,2.089,1.411,3.543,158.04,12.78,0.7908,1.467,0.569,2.257,414.76,0.9607,47.79,0.7143,12.58,2.658e-05,0.2034,2.818,1.174,2.169,0.1948,7.886,0.4831,8.038
2022-04-13T14:52:56,40679.17,3074.68,103.69,0.2369,15.21,58.3,17.95,86.5,5.63,159.74,0.5342,0.02152,0.006105,1.912,1.5,2.094,1.414,3.555,158.2,12.77,0.7908,1.467,0.569,2.259,414.91,0.9617,47.85,0.7148,12.59,2.66e-05,0.2038,2.823,1.176,2.171,0.195,7.903,0.4834,8.049
2022-04-13T14:53:26,40668.33,3074.55,103.52,0.2367,15.25,58.3,17.96,86.59,5.63,159.9,0.5335,0.0215,0.006105,1.912,1.501,2.094,1.415,3.56,158.21,12.77,0.7908,1.464,0.569,2.257,415.06,0.9614,47.9,0.7149,12.59,2.663e-05,0.2038,2.824,1.177,2.172,0.195,7.912,0.4839,8.053
2022-04-13T14:53:56,40665.38,3073.76,103.57,0.2367,15.25,58.3,17.96,86.55,5.625,159.97,0.5334,0.0215,0.006105,1.912,1.501,2.094,1.414,3.56,158.24,12.77,0.7908,1.465,0.569,2.258,415.09,0.9616,47.92,0.715,12.66,2.663e-05,0.2038,2.823,1.178,2.172,0.1949,7.914,0.484,8.053
2022-04-13T14:54:26,40673.96,3073.88,103.57,0.2366,15.25,58.3,17.96,86.46,5.61,159.99,0.5367,0.02152,0.006105,1.912,1.5,2.094,1.413,3.561,158.26,12.77,0.7908,1.465,0.569,2.258,415.05,0.9617,47.95,0.715,12.66,2.662e-05,0.2038,2.823,1.178,2.172,0.195,7.914,0.4834,8.055
2022-04-13T14:54:56,40699.02,3075.67,103.58,0.2367,15.25,58.5,17.96,86.47,5.618,160.12,0.537,0.02153,0.006105,1.918,1.502,2.096,1.414,3.561,158.22,12.77,0.7908,1.465,0.569,2.258,415.38,0.9619,47.98,0.7151,12.67,2.663e-05,0.2039,2.823,1.178,2.172,0.1949,7.911,0.4832,8.06
2022-04-13T14:55:26,40701.02,3075.72,103.59,0.2368,15.25,58.5,17.97,86.46,5.615,160.2,0.537,0.02152,0.006105,1.922,1.502,2.096,1.413,3.561,158.29,12.77,0.7908,1.465,0.569,2.26,415.18,0.9619,47.98,0.7151,12.67,2.664e-05,0.2038,2.822,1.179,2.172,0.195,7.915,0.483,8.054
2022-04-13T14:55:56,40691.48,3075.76,103.6,0.2371,15.28,58.5,17.98,86.5,5.62,159.89,0.5363,0.02151,0.006105,1.92,1.502,2.095,1.414,3.567,158.46,12.79,0.7908,1.468,0.569,2.26,415.1,0.9616,47.97,0.715,12.67,2.667e-05,0.2038,2.822,1.178,2.172,0.1951,7.916,0.4825,8.055
2022-04-13T14:56:26,40659.17,3071.07,103.4,0.237,15.28,58.5,17.97,86.5,5.603,159.68,0.5371,0.02147,0.006105,1.92,1.501,2.094,1.412,3.567,158.39,12.79,0.7908,1.464,0.569,2.259,414.88,0.9616,47.91,0.7145,12.65,2.663e-05,0.2034,2.818,1.177,2.171,0.1949,7.914,0.4812,8.052
2022-04-13T14:56:56,40648.93,3070.97,103.43,0.2364,15.28,58.3,17.96,86.41,5.605,159.69,0.5363,0.02146,0.006105,1.92,1.5,2.093,1.411,3.567,158.18,12.79,0.7908,1.46,0.569,2.261,414.76,0.9612,47.9,0.7146,12.65,2.662e-05,0.2034,2.818,1.176,2.171,0.1949,7.896,0.4816,8.045
2022-04-13T14:57:26,40645.17,3070.57,103.43,0.2364,15.28,58.3,17.95,86.42,5.614,159.48,0.5351,0.02146,0.006122,1.92,1.5,2.093,1.412,3.56,158.2,12.79,0.7908,1.46,0.569,2.259,414.2,0.9614,47.91,0.7145,12.65,2.661e-05,0.2034,2.818,1.176,2.171,0.1948,7.9,0.4804,8.049
2022-04-13T14:57:56,40626.61,3069.96,103.41,0.2365,15.28,58.3,17.94,86.4,5.611,159.46,0.5351,0.02148,0.00612,1.92,1.5,2.091,1.411,3.558,158.17,12.79,0.7908,1.461,0.569,2.259,414.19,0.9609,47.93,0.7142,12.65,2.659e-05,0.2035,2.817,1.175,2.171,0.1948,7.891,0.4807,8.043
2022-04-13T14:58:26,40627.62,3069.97,103.42,0.2365,15.28,58.3,17.94,86.42,5.609,159.52,0.535,0.02149,0.00612,1.92,1.499,2.092,1.411,3.559,158.15,12.79,0.7908,1.461,0.569,2.26,414.15,0.9603,47.92,0.7143,12.58,2.657e-05,0.2035,2.818,1.176,2.17,0.1948,7.896,0.4808,8.048
2022-04-13T14:58:56,40631.6,3070.35,103.46,0.2366,15.28,58.3,17.94,86.45,5.62,159.41,0.5365,0.0215,0.00612,1.923,1.499,2.092,1.411,3.55,158.13,12.79,0.7908,1.461,0.569,2.26,414.28,0.9607,47.94,0.7146,12.58,2.657e-05,0.2035,2.818,1.176,2.171,0.1949,7.894,0.4809,8.043
2022-04-13T14:59:26,40637.89,3071.74,103.53,0.2366,15.3,58.3,17.95,86.48,5.619,159.25,0.536,0.02153,0.00612,1.923,1.499,2.092,1.412,3.561,158.08,12.79,0.7908,1.462,0.569,2.26,414.33,0.9608,47.93,0.7146,12.59,2.657e-05,0.2035,2.818,1.176,2.171,0.1949,7.89,0.4813,8.045
2022-04-13T14:59:56,40646.92,3072.98,103.53,0.2365,15.3,58.4,17.95,86.48,5.619,159.38,0.536,0.02152,0.00612,1.923,1.499,2.093,1.412,3.562,158.09,12.79,0.7922,1.462,0.569,2.26,414.32,0.9616,47.93,0.7148,12.6,2.656e-05,0.2035,2.818,1.176,2.171,0.1949,7.89,0.4813,8.046
2022-04-13T15:00:26,40683.04,3074.93,103.55,0.2365,15.3,58.5,17.97,86.47,5.633,159.29,0.5359,0.02155,0.00612,1.923,1.499,2.094,1.412,3.562,158.15,12.79,0.7955,1.464,0.569,2.264,414.12,0.9616,47.98,0.7149,12.6,2.66e-05,0.2035,2.819,1.177,2.172,0.1949,7.9,0.4805,8.051
2022-04-13T15:00:56,40685.46,3075.13,103.59,0.2365,15.3,58.5,17.98,86.41,5.629,159.37,0.5368,0.02154,0.0061,1.923,1.501,2.094,1.411,3.566,158.13,12.79,0.7955,1.463,0.569,2.263,414.06,0.9617,47.96,0.7153,12.6,2.658e-05,0.2036,2.818,1.177,2.172,0.1949,7.898,0.4802,8.044
2022-04-13T15:01:26,40678.83,3073.18,103.5,0.2358,15.3,57.9,17.96,86.27,5.627,159.11,0.5368,0.02153,0.006105,1.923,1.501,2.094,1.411,3.566,158.07,12.79,0.7944,1.455,0.569,2.263,413.82,0.9609,47.92,0.7151,12.58,2.655e-05,0.2036,2.817,1.176,2.172,0.1949,7.885,0.4802,8.049
2022-04-13T15:01:56,40689.53,3074.18,103.62,0.2359,15.25,58,17.96,86.3,5.632,159.25,0.5369,0.02151,0.006105,1.927,1.502,2.094,1.411,3.571,158.06,12.79,0.7944,1.457,0.569,2.263,414.08,0.9609,47.93,0.7151,12.59,2.658e-05,0.2037,2.818,1.175,2.171,0.1949,7.878,0.4797,8.044
2022-04-13T15:02:26,40711.87,3076.32,103.9,0.2365,15.25,57.9,17.99,86.39,5.643,159.53,0.5369,0.02154,0.006112,1.927,1.505,2.092,1.412,3.575,158.31,12.79,0.7944,1.459,0.569,2.266,414.41,0.9616,47.97,0.7153,12.6,2.663e-05,0.2042,2.822,1.178,2.173,0.195,7.897,0.4794,8.056
2022-04-13T15:02:56,40737.04,3078.96,104,0.2369,15.3,57.9,18.01,86.56,5.645,160.1,0.5418,0.02155,0.006112,1.928,1.506,2.093,1.414,3.577,158.41,12.81,0.8041,1.461,0.569,2.267,414.87,0.9629,48.04,0.7161,12.61,2.667e-05,0.2044,2.823,1.179,2.176,0.1952,7.914,0.4795,8.059
2022-04-13T15:03:26,40792.51,3080.49,104.03,0.2369,15.3,58,18.03,86.68,5.649,159.97,0.5429,0.02161,0.006112,1.926,1.507,2.096,1.414,3.577,158.5,12.81,0.8041,1.461,0.569,2.27,415.15,0.9634,48.08,0.7164,12.68,2.674e-05,0.2046,2.828,1.181,2.177,0.1952,7.931,0.4793,8.07
2022-04-13T15:03:56,40814.1,3085.12,104.28,0.2369,15.37,58,18.04,86.76,5.666,160.01,0.5435,0.02159,0.006112,1.926,1.508,2.101,1.415,3.593,158.55,12.9,0.8081,1.461,0.569,2.271,415.02,0.9636,48.11,0.7167,12.7,2.675e-05,0.2047,2.829,1.182,2.177,0.1952,7.931,0.48,8.072
2022-04-13T15:04:26,40814.52,3083.83,104.3,0.237,15.37,58.2,18.06,86.74,5.67,159.85,0.5435,0.0216,0.006112,1.926,1.509,2.101,1.417,3.584,158.64,12.9,0.8081,1.47,0.569,2.272,415.04,0.9641,48.16,0.7164,12.7,2.676e-05,0.2047,2.829,1.183,2.177,0.1953,7.936,0.4812,8.083
2022-04-13T15:04:56,40825.11,3085.08,104.31,0.237,15.4,58.1,18.06,86.77,5.669,159.51,0.5422,0.02161,0.00615,1.926,1.51,2.102,1.417,3.589,158.72,12.86,0.8081,1.47,0.569,2.272,415.14,0.9643,48.19,0.7164,12.7,2.679e-05,0.2046,2.829,1.183,2.177,0.1953,7.94,0.4815,8.082
2022-04-13T15:05:26,40820.84,3084.73,104.37,0.2372,15.4,58.2,18.06,86.82,5.669,159.47,0.5449,0.02163,0.00615,1.926,1.509,2.101,1.418,3.594,158.74,12.86,0.8081,1.468,0.569,2.272,415.18,0.9645,48.24,0.7163,12.71,2.679e-05,0.2046,2.829,1.184,2.177,0.1953,7.948,0.4819,8.082
2022-04-13T15:05:56,40819.05,3082.35,104.36,0.237,15.4,58.1,18.06,86.81,5.67,159.53,0.5456,0.0217,0.00615,1.925,1.508,2.101,1.418,3.592,158.67,12.88,0.8081,1.468,0.569,2.273,415.14,0.9648,48.22,0.7162,12.7,2.675e-05,0.2045,2.829,1.184,2.178,0.1952,7.954,0.4821,8.083
2022-04-13T15:06:26,40794.5,3079.82,104.3,0.2372,15.4,58.2,18.05,86.77,5.67,159.79,0.5456,0.02168,0.006138,1.925,1.507,2.1,1.416,3.589,158.66,12.88,0.8081,1.465,0.569,2.272,414.97,0.9649,48.2,0.7161,12.69,2.672e-05,0.2046,2.829,1.184,2.178,0.1952,7.958,0.4823,8.084
2022-04-13T15:06:56,40838.99,3083.45,104.4,0.2375,15.4,58.1,18.07,86.85,5.661,160.11,0.545,0.02172,0.006138,1.93,1.507,2.102,1.418,3.592,158.78,12.88,0.8081,1.465,0.569,2.275,415.11,0.9658,48.25,0.7165,12.71,2.675e-05,0.2049,2.832,1.185,2.181,0.1952,7.97,0.4827,8.081
2022-04-13T15:07:26,40864.51,3084.43,104.47,0.2377,15.41,58.1,18.08,86.86,5.668,160.04,0.5476,0.02173,0.006105,1.93,1.508,2.104,1.418,3.594,158.84,12.88,0.8164,1.471,0.569,2.275,415.42,0.966,48.28,0.7168,12.71,2.678e-05,0.2049,2.835,1.185,2.182,0.1953,7.977,0.4825,8.087
2022-04-13T15:07:56,40898.01,3085.65,104.53,0.2379,15.41,58.1,18.08,86.92,5.665,160.01,0.5477,0.02174,0.006106,1.929,1.508,2.105,1.418,3.594,158.99,12.88,0.8164,1.474,0.569,2.277,415.56,0.9659,48.28,0.7171,12.66,2.678e-05,0.2051,2.836,1.185,2.182,0.1953,7.985,0.4831,8.089
2022-04-13T15:08:26,40906.15,3086.35,104.54,0.2382,15.41,58.2,18.09,86.98,5.673,160.03,0.5477,0.02179,0.006106,1.929,1.509,2.106,1.419,3.594,159.13,12.88,0.8164,1.474,0.569,2.277,415.78,0.9666,48.3,0.7172,12.66,2.68e-05,0.2052,2.837,1.186,2.185,0.1955,7.994,0.4831,8.098
2022-04-13T15:08:56,40932.87,3087.82,104.67,0.2379,15.41,58.3,18.09,86.99,5.672,160.21,0.5477,0.02186,0.006106,1.931,1.509,2.107,1.42,3.606,159.26,12.88,0.8284,1.474,0.569,2.278,415.94,0.9673,48.32,0.7174,12.67,2.682e-05,0.2053,2.84,1.186,2.188,0.1956,7.996,0.4833,8.099
2022-04-13T15:09:26,40927.13,3088.14,104.65,0.238,15.41,58.3,18.09,87.01,5.673,160.12,0.5477,0.02189,0.006106,1.931,1.509,2.107,1.42,3.606,159.23,12.88,0.8226,1.474,0.569,2.278,416.32,0.9669,48.29,0.7174,12.75,2.681e-05,0.2053,2.841,1.186,2.19,0.1956,7.999,0.4828,8.104
2022-04-13T15:09:56,40943.91,3088.96,104.65,0.2381,15.41,58.3,18.1,87.04,5.68,160.13,0.5474,0.02193,0.006162,1.932,1.511,2.108,1.42,3.606,159.3,12.88,0.8226,1.477,0.569,2.278,416.55,0.9679,48.32,0.7176,12.75,2.685e-05,0.2054,2.845,1.187,2.194,0.1958,7.991,0.4826,8.108
2022-04-13T15:10:26,40875.64,3085.16,104.28,0.2381,15.41,58.3,18.08,86.96,5.668,159.61,0.5487,0.02184,0.006189,1.932,1.51,2.104,1.419,3.649,159.14,12.88,0.8226,1.47,0.569,2.274,416.41,0.9671,48.26,0.7173,12.74,2.676e-05,0.2048,2.841,1.185,2.196,0.1956,7.975,0.482,8.107
2022-04-13T15:10:56,40881.29,3087.83,104.37,0.2378,15.37,58.1,18.08,86.86,5.648,159.54,0.5407,0.02184,0.006158,1.932,1.506,2.098,1.419,3.642,159.12,12.88,0.8384,1.473,0.569,2.275,416.09,0.9667,48.25,0.7174,12.75,2.676e-05,0.2047,2.842,1.185,2.197,0.1957,7.966,0.4812,8.101
2022-04-13T15:11:26,40914.76,3090.38,104.41,0.2378,15.39,58.2,18.08,86.97,5.678,159.52,0.5405,0.0219,0.00618,1.932,1.507,2.1,1.42,3.642,158.93,12.88,0.8384,1.473,0.569,2.275,416.45,0.9669,48.27,0.718,12.76,2.676e-05,0.205,2.844,1.184,2.199,0.1957,7.968,0.4812,8.104
2022-04-13T15:11:56,40904.01,3089.79,104.34,0.2377,15.39,58.1,18.08,86.99,5.677,159.52,0.5418,0.02188,0.00618,1.936,1.507,2.106,1.419,3.635,158.88,12.95,0.8384,1.467,0.569,2.273,416.27,0.9669,48.28,0.718,12.76,2.675e-05,0.205,2.844,1.183,2.202,0.1957,7.971,0.4813,8.107
2022-04-13T15:12:26,40866.81,3087.19,104.34,0.2377,15.39,58.1,18.06,86.98,5.676,159.48,0.5423,0.02185,0.006164,1.936,1.507,2.104,1.417,3.635,158.82,12.95,0.8259,1.467,0.569,2.273,416.23,0.9659,48.25,0.7178,12.75,2.67e-05,0.2047,2.84,1.182,2.203,0.1955,7.979,0.4811,8.104
2022-04-13T15:12:56,40856.91,3086.64,104.34,0.2377,15.39,58.1,18.07,86.97,5.658,159.32,0.5434,0.02185,0.006162,1.936,1.507,2.103,1.417,3.638,158.87,12.95,0.8157,1.471,0.569,2.274,416.15,0.9661,48.2,0.7175,12.74,2.669e-05,0.2047,2.838,1.181,2.198,0.1956,7.988,0.4811,8.108
2022-04-13T15:13:26,40881.05,3086.89,104.32,0.238,15.39,58.1,18.08,87.01,5.671,159.21,0.5434,0.02187,0.00616,1.936,1.508,2.101,1.418,3.638,158.89,12.95,0.824,1.469,0.569,2.274,416.27,0.9664,48.19,0.7177,12.75,2.67e-05,0.2047,2.839,1.181,2.198,0.1956,8,0.4812,8.106
2022-04-13T15:13:56,40914.16,3087.37,104.32,0.2381,15.38,58.2,18.08,87.04,5.679,159.36,0.5412,0.02189,0.00616,1.936,1.509,2.103,1.419,3.637,158.91,12.95,0.8212,1.469,0.569,2.275,416.47,0.967,48.21,0.7176,12.75,2.672e-05,0.2049,2.844,1.181,2.2,0.1958,7.998,0.4809,8.101
2022-04-13T15:14:26,40919.31,3088.45,104.37,0.2381,15.38,58.2,18.09,87.12,5.686,159.44,0.5446,0.02191,0.006174,1.937,1.509,2.103,1.42,3.644,158.91,12.95,0.8212,1.47,0.569,2.275,416.6,0.9673,48.25,0.7178,12.75,2.673e-05,0.2049,2.845,1.181,2.2,0.1958,7.985,0.4811,8.104
2022-04-13T15:14:56,40916.75,3089.3,104.37,0.2381,15.4,58.2,18.09,87.12,5.689,159.08,0.5446,0.02194,0.006173,1.937,1.507,2.103,1.419,3.642,158.9,12.93,0.8212,1.469,0.569,2.275,416.77,0.9679,48.26,0.7178,12.75,2.673e-05,0.2048,2.844,1.181,2.199,0.1958,7.992,0.4804,8.108
2022-04-13T15:15:26,40895.74,3087.52,104.23,0.2375,15.45,58.2,18.09,87.09,5.681,159.1,0.5446,0.02193,0.00617,1.937,1.507,2.102,1.419,3.638,158.92,12.93,0.8212,1.469,0.569,2.275,416.52,0.9676,48.23,0.7176,12.75,2.67e-05,0.2048,2.842,1.18,2.198,0.1958,7.979,0.4786,8.104
2022-04-13T15:15:56,40892.83,3086.92,104.26,0.237,15.45,58.2,18.08,87.1,5.671,159.02,0.5412,0.02187,0.00617,1.937,1.506,2.102,1.419,3.641,158.87,12.93,0.8187,1.467,0.569,2.274,416.44,0.9681,48.21,0.7174,12.75,2.671e-05,0.2046,2.841,1.18,2.198,0.1958,7.977,0.4779,8.101
2022-04-13T15:16:26,40886.55,3085.94,104.21,0.2368,15.45,58.2,18.08,87.07,5.665,158.98,0.5412,0.02185,0.006164,1.94,1.506,2.105,1.419,3.643,158.81,12.93,0.8187,1.468,0.569,2.274,416.43,0.9677,48.22,0.7175,12.74,2.669e-05,0.2046,2.841,1.179,2.199,0.1957,7.967,0.4779,8.104
2022-04-13T15:16:56,40911.29,3088.97,104.27,0.2358,15.45,58.2,18.1,87.1,5.671,159.04,0.5412,0.02188,0.00615,1.942,1.506,2.093,1.418,3.634,158.89,12.93,0.8187,1.473,0.569,2.276,416.55,0.9684,48.22,0.718,12.75,2.669e-05,0.2046,2.842,1.18,2.2,0.1957,7.968,0.4788,8.104
2022-04-13T15:17:26,40923.03,3090.33,104.28,0.2358,15.45,58.2,18.1,87.07,5.687,158.96,0.541,0.02188,0.00615,1.942,1.507,2.094,1.418,3.638,159.05,12.93,0.8154,1.473,0.569,2.276,416.5,0.9692,48.25,0.718,12.76,2.67e-05,0.2046,2.843,1.18,2.204,0.1958,7.971,0.4791,8.102
2022-04-13T15:17:56,40949.66,3090.93,104.47,0.236,15.4,58.2,18.11,87.1,5.697,158.95,0.541,0.02191,0.006193,1.942,1.507,2.104,1.419,3.638,159.36,12.98,0.8154,1.476,0.569,2.277,416.6,0.9695,48.28,0.7182,12.77,2.677e-05,0.2046,2.845,1.18,2.208,0.1958,8.012,0.4795,8.109
2022-04-13T15:18:26,40938.65,3091.35,104.54,0.2362,15.46,58.4,18.1,87.16,5.696,158.88,0.5426,0.02194,0.006191,1.942,1.508,2.104,1.419,3.651,159.35,12.98,0.8154,1.473,0.569,2.277,416.79,0.9694,48.29,0.7182,12.77,2.679e-05,0.2048,2.844,1.181,2.206,0.1958,8.024,0.4795,8.11
2022-04-13T15:18:56,40953.13,3092.8,104.57,0.2364,15.49,58.3,18.11,87.18,5.691,158.88,0.5405,0.02194,0.006191,1.942,1.507,2.104,1.42,3.651,159.43,12.98,0.8154,1.476,0.569,2.278,416.95,0.9694,48.31,0.7184,12.78,2.679e-05,0.2048,2.844,1.181,2.207,0.1959,8.053,0.4795,8.114
2022-04-13T15:19:26,40905.94,3088.43,104.46,0.2362,15.49,58.3,18.09,87.14,5.686,158.75,0.5404,0.02188,0.006191,1.942,1.507,2.102,1.419,3.65,159.26,12.98,0.8154,1.475,0.569,2.276,416.91,0.9689,48.26,0.7177,12.76,2.678e-05,0.2047,2.84,1.18,2.202,0.1958,8.048,0.4793,8.111
2022-04-13T15:19:56,40913.66,3088.34,104.5,0.2361,15.49,58.3,18.09,87.12,5.687,158.76,0.5404,0.02187,0.006191,1.939,1.508,2.102,1.419,3.65,159.22,12.98,0.8154,1.475,0.569,2.276,417,0.9694,48.25,0.7177,12.68,2.675e-05,0.2047,2.84,1.18,2.202,0.1957,8.045,0.4793,8.11
2022-04-13T15:20:26,40943.91,3089.65,104.57,0.2362,15.49,58.3,18.09,87.15,5.683,158.79,0.5404,0.02189,0.006191,1.939,1.508,2.104,1.418,3.661,159.23,12.98,0.8215,1.475,0.569,2.276,416.93,0.9694,48.23,0.7179,12.68,2.674e-05,0.2047,2.843,1.18,2.204,0.1958,7.999,0.4796,8.113
2022-04-13T15:20:56,40963.55,3090.21,104.67,0.2365,15.49,58.4,18.1,87.35,5.695,158.82,0.5404,0.02193,0.006188,1.939,1.51,2.105,1.419,3.661,159.25,13.01,0.8215,1.476,0.569,2.274,417.23,0.9697,48.27,0.7181,12.69,2.677e-05,0.2049,2.843,1.182,2.205,0.1959,7.989,0.4801,8.111
2022-04-13T15:21:26,40964.4,3090.21,104.68,0.2363,15.45,58.5,18.1,87.39,5.697,158.77,0.5427,0.02195,0.006188,1.939,1.509,2.105,1.419,3.67,159.3,13.01,0.8215,1.476,0.569,2.274,417.32,0.9699,48.27,0.7184,12.69,2.677e-05,0.2049,2.842,1.182,2.204,0.1959,7.988,0.48,8.117
2022-04-13T15:21:56,40974.8,3090.21,104.7,0.2363,15.45,58.5,18.1,87.41,5.698,158.76,0.5428,0.0219,0.006201,1.939,1.509,2.104,1.419,3.67,159.26,13,0.8234,1.476,0.569,2.272,417.44,0.97,48.25,0.7183,12.69,2.678e-05,0.2049,2.842,1.182,2.202,0.196,8.007,0.4797,8.115
2022-04-13T15:22:26,41066.6,3094.17,104.74,0.2364,15.45,58.7,18.13,87.42,5.716,159.14,0.5432,0.02194,0.0062,1.939,1.51,2.109,1.421,3.67,159.47,13,0.8234,1.49,0.569,2.278,417.83,0.9714,48.27,0.719,12.7,2.684e-05,0.2049,2.844,1.184,2.207,0.1961,8.021,0.4799,8.118
2022-04-13T15:22:56,41173.4,3097.86,105.11,0.2373,15.45,58.8,18.16,87.59,5.732,159.37,0.5446,0.02195,0.006195,1.939,1.516,2.115,1.425,3.681,159.67,13,0.8234,1.493,0.569,2.281,418.35,0.973,48.37,0.72,12.72,2.692e-05,0.2055,2.847,1.186,2.21,0.1964,8.043,0.4813,8.125
2022-04-13T15:23:26,41200.24,3097.02,105.13,0.2376,15.45,58.8,18.2,87.65,5.721,159.58,0.5475,0.02197,0.006195,1.939,1.518,2.113,1.425,3.68,159.79,13,0.8261,1.492,0.569,2.284,418.6,0.974,48.36,0.7207,12.71,2.692e-05,0.2058,2.848,1.187,2.213,0.1964,8.046,0.4813,8.15
2022-04-13T15:23:56,41233.76,3097.99,105.16,0.2377,15.45,58.8,18.21,87.64,5.726,159.67,0.5475,0.022,0.006221,1.939,1.519,2.114,1.426,3.681,159.83,13,0.8261,1.494,0.569,2.284,418.63,0.9741,48.37,0.7205,12.72,2.691e-05,0.2058,2.848,1.187,2.211,0.1965,8.045,0.482,8.144
2022-04-13T15:24:26,41291.86,3104.34,105.37,0.239,15.58,58.9,18.23,87.62,5.732,159.77,0.549,0.02199,0.006234,1.943,1.521,2.117,1.427,3.681,159.84,13,0.8261,1.495,0.569,2.287,418.85,0.9741,48.4,0.7211,12.74,2.696e-05,0.2061,2.849,1.189,2.21,0.1966,8.057,0.4825,8.16
2022-04-13T15:24:56,41298.02,3104.6,105.37,0.2396,15.59,58.8,18.22,87.7,5.753,159.83,0.5496,0.022,0.006234,1.943,1.524,2.115,1.427,3.681,159.84,13.04,0.8323,1.496,0.569,2.287,419.06,0.9748,48.41,0.7212,12.74,2.695e-05,0.2059,2.85,1.19,2.211,0.1966,8.058,0.4828,8.158
2022-04-13T15:25:26,41304.54,3104.17,105.25,0.2392,15.47,58.9,18.23,87.73,5.77,159.98,0.5508,0.02203,0.006234,1.943,1.524,2.111,1.428,3.702,159.87,13.04,0.8323,1.494,0.569,2.287,418.99,0.9744,48.45,0.7211,12.74,2.695e-05,0.2059,2.85,1.19,2.212,0.1966,8.054,0.4826,8.163
2022-04-13T15:25:56,41296.55,3102.94,105.26,0.2397,15.47,58.8,18.24,87.72,5.779,160.25,0.5509,0.02206,0.006234,1.943,1.523,2.111,1.428,3.696,159.94,13.04,0.8373,1.492,0.569,2.285,418.98,0.9746,48.44,0.721,12.73,2.689e-05,0.2058,2.851,1.19,2.211,0.1966,8.055,0.4826,8.163
2022-04-13T15:26:26,41290.41,3101.52,105.19,0.2393,15.47,58.9,18.24,87.71,5.792,160.59,0.5479,0.02214,0.006234,1.943,1.524,2.11,1.428,3.696,159.95,13.04,0.8384,1.49,0.569,2.282,419.03,0.9743,48.44,0.7211,12.73,2.686e-05,0.2058,2.854,1.19,2.211,0.1966,8.074,0.4836,8.175
2022-04-13T15:26:56,41287.66,3102.13,105.19,0.2393,15.48,58.8,18.24,87.74,5.792,161.22,0.5469,0.02211,0.006226,1.942,1.522,2.11,1.428,3.696,160.01,13.04,0.8384,1.487,0.569,2.283,418.96,0.9744,48.45,0.7213,12.73,2.689e-05,0.2058,2.854,1.19,2.21,0.1967,8.076,0.4858,8.175
2022-04-13T15:27:26,41268.41,3099.97,105.16,0.2391,15.49,58.7,18.24,87.72,5.807,161.05,0.5483,0.02204,0.006226,1.939,1.521,2.109,1.427,3.672,159.94,13.04,0.8404,1.487,0.569,2.281,418.95,0.9739,48.44,0.7212,12.72,2.688e-05,0.2057,2.852,1.189,2.209,0.1967,8.068,0.4864,8.166
2022-04-13T15:27:56,41276.2,3100.85,105.34,0.2394,15.49,58.8,18.25,87.62,5.807,161.13,0.5482,0.02205,0.006237,1.939,1.521,2.11,1.428,3.693,159.98,13.04,0.8431,1.487,0.569,2.282,418.98,0.9749,48.44,0.7213,12.72,2.689e-05,0.2059,2.855,1.189,2.211,0.1968,8.071,0.4878,8.169
2022-04-13T15:28:26,41295.25,3100.89,105.35,0.2392,15.51,58.8,18.24,87.71,5.802,161,0.5488,0.02205,0.00622,1.941,1.522,2.114,1.429,3.688,160.01,13.04,0.831,1.496,0.569,2.284,419.28,0.9758,48.44,0.7217,12.72,2.69e-05,0.2059,2.858,1.191,2.214,0.1968,8.076,0.4896,8.168
2022-04-13T15:28:56,41300.88,3101.51,105.37,0.2392,15.53,58.8,18.24,87.74,5.808,160.95,0.5488,0.02208,0.006248,1.941,1.524,2.114,1.429,3.704,159.98,13.04,0.831,1.497,0.569,2.284,419.26,0.9759,48.45,0.7221,12.73,2.694e-05,0.2063,2.86,1.192,2.215,0.1967,8.091,0.4896,8.173
2022-04-13T15:29:26,41288.92,3100.84,105.43,0.239,15.51,58.8,18.23,87.75,5.83,161.01,0.5488,0.02212,0.006248,1.949,1.524,2.114,1.429,3.704,159.93,13.04,0.831,1.499,0.5672,2.284,419.35,0.9766,48.45,0.7221,12.72,2.694e-05,0.206,2.859,1.192,2.215,0.1967,8.097,0.4885,8.173
2022-04-13T15:29:56,41281.53,3099.38,105.29,0.2388,15.51,58.9,18.24,87.72,5.886,160.81,0.5488,0.02215,0.00627,1.965,1.521,2.113,1.428,3.704,159.92,13.12,0.831,1.492,0.5672,2.285,419.27,0.9759,48.45,0.7215,12.71,2.692e-05,0.2059,2.856,1.193,2.213,0.1967,8.092,0.4882,8.171
2022-04-13T15:30:26,41290.63,3099.41,105.36,0.239,15.5,58.9,18.24,87.73,5.881,161.04,0.5472,0.02215,0.006284,1.965,1.521,2.114,1.428,3.692,159.96,13.12,0.8389,1.491,0.5672,2.286,419.29,0.976,48.46,0.7214,12.71,2.697e-05,0.206,2.859,1.192,2.212,0.1967,8.085,0.4883,8.174
2022-04-13T15:30:56,41283.51,3100.33,105.38,0.2389,15.5,58.9,18.24,87.67,5.852,160.96,0.5487,0.02214,0.006276,1.976,1.52,2.113,1.428,3.685,159.67,13.13,0.828,1.493,0.5672,2.286,419.38,0.9755,48.44,0.7213,12.72,2.698e-05,0.2058,2.857,1.192,2.21,0.1967,8.086,0.4875,8.175
2022-04-13T15:31:26,41300.91,3103.1,105.59,0.2391,15.61,58.8,18.24,87.66,5.824,160.89,0.5487,0.02214,0.006276,1.976,1.521,2.114,1.429,3.68,159.7,13.13,0.828,1.494,0.5672,2.288,419.3,0.9756,48.43,0.7218,12.73,2.697e-05,0.2058,2.856,1.192,2.21,0.1968,8.099,0.4875,8.171
2022-04-13T15:31:56,41318.54,3104.04,105.68,0.2391,15.61,58.8,18.23,87.66,5.834,160.86,0.549,0.02215,0.006276,1.973,1.521,2.115,1.429,3.677,159.61,13.13,0.828,1.493,0.5672,2.288,419.34,0.9776,48.44,0.7218,12.73,2.697e-05,0.2058,2.856,1.193,2.21,0.1968,8.102,0.4872,8.176
2022-04-13T15:32:26,41310.98,3105.76,105.69,0.2393,15.69,58.9,18.24,87.73,5.824,161.02,0.5486,0.02218,0.006278,1.973,1.522,2.111,1.429,3.688,159.68,13.13,0.828,1.493,0.5672,2.29,419.43,0.9773,48.45,0.7218,12.74,2.699e-05,0.206,2.856,1.194,2.21,0.1968,8.112,0.4874,8.177
2022-04-13T15:32:56,41341.36,3108.68,105.72,0.2395,15.68,58.9,18.25,87.76,5.832,161.63,0.5503,0.0222,0.006278,1.979,1.525,2.113,1.43,3.688,159.71,13.13,0.828,1.495,0.5672,2.291,419.51,0.9774,48.63,0.7219,12.75,2.699e-05,0.206,2.855,1.195,2.211,0.1968,8.13,0.4874,8.18
2022-04-13T15:33:26,41331.38,3112.77,105.79,0.2397,15.67,58.9,18.26,87.81,5.829,161.72,0.5503,0.02213,0.00626,1.979,1.525,2.112,1.43,3.688,159.79,13.13,0.828,1.495,0.5672,2.293,419.6,0.978,48.67,0.722,12.77,2.699e-05,0.2059,2.856,1.195,2.211,0.1968,8.133,0.4876,8.185
2022-04-13T15:33:56,41336.21,3111.82,105.94,0.2397,15.67,58.9,18.26,87.83,5.822,161.69,0.5501,0.02204,0.006279,1.981,1.524,2.116,1.431,3.685,159.9,13.13,0.8287,1.495,0.5672,2.294,419.67,0.9779,48.73,0.7222,12.76,2.698e-05,0.206,2.855,1.196,2.211,0.1969,8.131,0.4879,8.185
2022-04-13T15:34:26,41308.26,3115.2,105.94,0.2397,15.62,59.1,18.26,87.82,5.807,161.43,0.5508,0.02211,0.00631,1.981,1.525,2.115,1.431,3.685,160.34,13.13,0.8287,1.493,0.567,2.293,419.8,0.9783,48.76,0.7225,12.78,2.696e-05,0.2059,2.856,1.195,2.211,0.1968,8.136,0.4872,8.181
2022-04-13T15:34:56,41267.13,3112.23,105.71,0.2394,15.57,59.1,18.25,87.79,5.793,161.1,0.55,0.02207,0.00631,1.969,1.52,2.112,1.429,3.68,160.09,13.08,0.8287,1.488,0.567,2.289,419.83,0.9776,48.71,0.722,12.76,2.691e-05,0.2058,2.855,1.195,2.209,0.1967,8.132,0.487,8.18
2022-04-13T15:35:26,41254.49,3113.06,105.65,0.2392,15.57,59.2,18.23,87.76,5.805,161.16,0.5501,0.02207,0.006274,1.969,1.52,2.112,1.429,3.663,159.91,13.08,0.8287,1.487,0.567,2.289,419.55,0.9774,48.67,0.7218,12.77,2.687e-05,0.2057,2.856,1.194,2.21,0.1966,8.128,0.4872,8.167
2022-04-13T15:35:56,41250.36,3111.63,105.58,0.2391,15.55,59.2,18.21,87.8,5.785,161.22,0.5489,0.02201,0.006274,1.974,1.517,2.112,1.429,3.667,159.83,13.08,0.8277,1.487,0.567,2.29,419.27,0.9772,48.66,0.7217,12.76,2.684e-05,0.2057,2.855,1.193,2.21,0.1967,8.125,0.4881,8.161
2022-04-13T15:36:26,41254.05,3111.32,105.66,0.2391,15.58,59.2,18.2,87.83,5.772,161.33,0.5482,0.02195,0.006274,1.974,1.517,2.112,1.429,3.67,159.75,13.08,0.8277,1.492,0.567,2.292,419.19,0.9773,48.63,0.7219,12.72,2.683e-05,0.2057,2.854,1.193,2.21,0.1967,8.122,0.4894,8.151
2022-04-13T15:36:56,41219.61,3107.06,105.59,0.2388,15.59,59.1,18.19,87.84,5.779,161.06,0.5476,0.02194,0.006269,1.974,1.517,2.11,1.429,3.664,159.74,13.08,0.8277,1.49,0.567,2.29,419.08,0.9773,48.57,0.7215,12.7,2.682e-05,0.2052,2.854,1.193,2.209,0.1966,8.124,0.4905,8.145
2022-04-13T15:37:26,41195.6,3103.99,105.5,0.2381,15.59,59.1,18.17,87.76,5.772,160.78,0.5475,0.0219,0.006269,1.974,1.514,2.112,1.424,3.664,159.45,13.08,0.8277,1.488,0.567,2.284,418.47,0.975,48.47,0.7208,12.69,2.678e-05,0.2052,2.85,1.191,2.204,0.1963,8.12,0.4893,8.141
2022-04-13T15:37:56,41188.74,3103.14,105.08,0.2383,15.52,59.1,18.16,87.62,5.754,160.69,0.5462,0.02193,0.006259,1.974,1.511,2.105,1.421,3.664,159.13,13.07,0.8205,1.488,0.567,2.281,418.16,0.9736,48.42,0.7205,12.69,2.677e-05,0.2045,2.847,1.189,2.202,0.1964,8.118,0.4874,8.132
2022-04-13T15:38:26,41153.11,3102.53,105.14,0.2383,15.51,58.7,18.15,87.61,5.738,160.58,0.5457,0.02199,0.00627,1.974,1.511,2.103,1.421,3.635,159.13,13.07,0.8205,1.487,0.567,2.282,417.59,0.9741,48.37,0.7204,12.74,2.678e-05,0.2046,2.843,1.189,2.202,0.1965,8.118,0.4888,8.124
2022-04-13T15:38:56,41153.32,3102.41,105.21,0.2389,15.51,58.8,18.16,87.62,5.741,160.94,0.5468,0.02198,0.00627,1.972,1.512,2.103,1.422,3.628,159.21,13.07,0.8205,1.485,0.567,2.284,417.62,0.9738,48.38,0.7205,12.74,2.679e-05,0.2046,2.845,1.189,2.205,0.1965,8.111,0.4889,8.123
2022-04-13T15:39:26,41151.22,3102.74,105.12,0.239,15.51,58.7,18.16,87.6,5.739,160.94,0.5468,0.02196,0.00627,1.972,1.508,2.107,1.421,3.627,159.02,13.07,0.8302,1.485,0.567,2.282,417.55,0.9736,48.35,0.7206,12.74,2.678e-05,0.2046,2.844,1.189,2.203,0.1965,8.1,0.489,8.123
2022-04-13T15:39:56,41158.72,3102,105.15,0.239,15.51,58.7,18.17,87.56,5.737,160.95,0.5472,0.02197,0.00627,1.97,1.508,2.104,1.421,3.634,159.05,13.07,0.8251,1.485,0.567,2.283,417.44,0.9735,48.34,0.7208,12.74,2.68e-05,0.2047,2.844,1.189,2.203,0.1966,8.1,0.4893,8.12
2022-04-13T15:40:26,41131.91,3099.7,105.06,0.2388,15.54,58.6,18.15,87.55,5.743,160.85,0.5471,0.02197,0.006267,1.97,1.508,2.102,1.42,3.63,159.12,13.07,0.8251,1.489,0.567,2.282,417.35,0.9737,48.29,0.72,12.73,2.675e-05,0.2045,2.843,1.189,2.202,0.1964,8.093,0.4884,8.117
2022-04-13T15:40:56,41124.12,3097.86,104.99,0.2388,15.53,58.6,18.13,87.53,5.733,160.79,0.5459,0.02192,0.006255,1.972,1.503,2.102,1.42,3.63,159.12,13.07,0.8251,1.49,0.567,2.283,417.28,0.973,48.3,0.7201,12.72,2.673e-05,0.2045,2.843,1.189,2.202,0.1964,8.099,0.4886,8.109
2022-04-13T15:41:26,41118.85,3097.63,105.01,0.2388,15.53,58.6,18.13,87.52,5.743,160.86,0.5458,0.02188,0.006242,1.972,1.503,2.102,1.419,3.631,158.96,13.07,0.8251,1.49,0.567,2.281,417.16,0.9727,48.29,0.72,12.72,2.672e-05,0.2046,2.844,1.188,2.202,0.1963,8.099,0.4877,8.106
2022-04-13T15:41:56,41110.1,3094.55,104.91,0.2386,15.51,58.6,18.13,87.48,5.746,160.84,0.5435,0.02189,0.006242,1.972,1.501,2.101,1.419,3.624,158.73,13.05,0.8208,1.489,0.567,2.281,417.06,0.9725,48.3,0.72,12.71,2.669e-05,0.2046,2.843,1.187,2.202,0.1963,8.096,0.4867,8.107
2022-04-13T15:42:26,41149.26,3098.35,105.05,0.2389,15.51,58.6,18.15,87.53,5.749,160.99,0.5467,0.02198,0.006231,1.972,1.504,2.103,1.419,3.624,158.86,13.05,0.8208,1.493,0.567,2.282,417.37,0.9735,48.32,0.7204,12.65,2.673e-05,0.2047,2.847,1.188,2.203,0.1964,8.098,0.4867,8.108
2022-04-13T15:42:56,41162.71,3098.6,105.02,0.2389,15.51,58.9,18.16,87.59,5.77,161.03,0.5469,0.02197,0.00623,1.972,1.504,2.104,1.419,3.624,158.95,13.08,0.8208,1.498,0.567,2.283,417.55,0.9737,48.34,0.7206,12.65,2.674e-05,0.2049,2.848,1.189,2.203,0.1965,8.095,0.4866,8.119
2022-04-13T15:43:26,41200.71,3099.34,105.18,0.2392,15.51,58.9,18.17,87.73,5.77,161.16,0.5489,0.02195,0.00623,1.972,1.504,2.106,1.423,3.647,159.03,13.08,0.8208,1.494,0.567,2.285,418.24,0.9739,48.39,0.7219,12.65,2.675e-05,0.205,2.85,1.189,2.205,0.1966,8.107,0.486,8.12
2022-04-13T15:43:56,41182.36,3099.2,105.19,0.2392,15.51,58.9,18.16,87.8,5.779,161.2,0.5489,0.02196,0.00623,1.978,1.506,2.105,1.422,3.641,159.08,13.08,0.8208,1.496,0.567,2.285,418.09,0.9734,48.39,0.7219,12.65,2.675e-05,0.2051,2.851,1.19,2.205,0.1966,8.119,0.4861,8.122
2022-04-13T15:44:26,41195.71,3098.35,105.25,0.2393,15.51,58.8,18.16,87.77,5.781,161.3,0.5482,0.02196,0.00623,1.978,1.506,2.102,1.422,3.641,159.13,13.08,0.8208,1.495,0.567,2.285,418.12,0.9737,48.42,0.7219,12.65,2.676e-05,0.2051,2.85,1.19,2.203,0.1967,8.115,0.4862,8.135
2022-04-13T15:44:56,41183.54,3097.42,105.23,0.2391,15.61,58.9,18.16,87.79,5.775,161.07,0.5482,0.02195,0.00623,1.978,1.505,2.101,1.422,3.644,159.14,13.08,0.8208,1.495,0.567,2.285,418.01,0.9729,48.42,0.722,12.64,2.676e-05,0.2051,2.849,1.189,2.203,0.1966,8.111,0.486,8.132
2022-04-13T15:45:26,41148.99,3094.64,105.05,0.2389,15.61,58.9,18.14,87.77,5.751,161.18,0.5484,0.02184,0.00623,1.978,1.502,2.099,1.42,3.644,159.04,13.08,0.8208,1.495,0.567,2.281,417.64,0.9727,48.41,0.721,12.63,2.672e-05,0.2051,2.846,1.188,2.2,0.1965,8.103,0.4857,8.13
2022-04-13T15:45:56,41155.09,3095.88,105.06,0.2389,15.61,58.6,18.14,87.81,5.746,161.28,0.5479,0.02184,0.00623,1.978,1.502,2.1,1.419,3.633,159.1,13.05,0.8239,1.489,0.567,2.283,417.64,0.9733,48.38,0.7212,12.64,2.672e-05,0.2048,2.847,1.189,2.2,0.1964,8.1,0.4859,8.13
2022-04-13T15:46:26,41192.11,3098.56,105.22,0.2389,15.61,58.7,18.15,87.85,5.743,161.32,0.5484,0.0219,0.00623,1.978,1.502,2.102,1.42,3.633,159.18,13.05,0.8239,1.497,0.567,2.285,417.8,0.9738,48.4,0.7216,12.75,2.675e-05,0.2051,2.849,1.189,2.202,0.1964,8.099,0.4861,8.131
2022-04-13T15:46:56,41216.3,3099.02,105.35,0.239,15.5,59,18.21,87.82,5.776,161.58,0.5484,0.02192,0.00624,1.979,1.504,2.103,1.422,3.643,159.33,13.1,0.8239,1.495,0.567,2.286,418,0.9746,48.47,0.7218,12.75,2.678e-05,0.2051,2.852,1.189,2.203,0.1965,8.1,0.4865,8.14
2022-04-13T15:47:26,41214.17,3099.93,105.33,0.2392,15.55,58.9,18.22,87.82,5.772,161.84,0.5484,0.02196,0.006234,1.979,1.505,2.106,1.422,3.642,159.48,13.1,0.8239,1.503,0.567,2.286,418.03,0.9745,48.47,0.7228,12.76,2.681e-05,0.2051,2.852,1.189,2.203,0.1965,8.098,0.4871,8.14
2022-04-13T15:47:56,41214.28,3100.79,105.26,0.2391,15.55,59,18.23,87.82,5.764,161.84,0.5493,0.02197,0.006234,1.979,1.504,2.106,1.422,3.641,159.64,13.1,0.8239,1.504,0.567,2.285,418.09,0.9746,48.47,0.7229,12.76,2.678e-05,0.2051,2.851,1.189,2.203,0.1965,8.11,0.4871,8.134
2022-04-13T15:48:26,41226.76,3101.26,105.23,0.2392,15.55,59,18.23,87.8,5.764,161.68,0.5495,0.02198,0.006237,1.979,1.504,2.106,1.421,3.64,159.65,13.1,0.8256,1.504,0.567,2.286,418.06,0.9747,48.48,0.723,12.76,2.677e-05,0.205,2.852,1.189,2.203,0.1965,8.133,0.4872,8.138
2022-04-13T15:48:56,41216.63,3100.71,105.24,0.2394,15.55,59,18.22,87.75,5.771,161.69,0.5495,0.02197,0.006231,1.979,1.505,2.106,1.42,3.643,159.65,13.1,0.8256,1.504,0.567,2.286,418.14,0.9746,48.47,0.7234,12.7,2.677e-05,0.205,2.851,1.19,2.203,0.1965,8.155,0.4873,8.145
2022-04-13T15:49:26,41221.73,3101.33,105.26,0.2393,15.55,59,18.22,87.73,5.765,161.52,0.5498,0.02197,0.006231,1.979,1.505,2.102,1.422,3.643,159.61,13.1,0.826,1.504,0.567,2.286,418,0.9742,48.47,0.7234,12.7,2.679e-05,0.2052,2.851,1.19,2.204,0.1965,8.168,0.4878,8.145
2022-04-13T15:49:56,41222.18,3101.13,105.26,0.2393,15.55,59,18.22,87.7,5.763,161.34,0.5498,0.02198,0.006231,1.979,1.505,2.102,1.422,3.645,159.6,13.1,0.826,1.504,0.567,2.287,418,0.9741,48.47,0.7232,12.7,2.679e-05,0.2051,2.851,1.19,2.204,0.1965,8.183,0.4878,8.129
2022-04-13T15:50:26,41228.8,3101.3,105.39,0.2392,15.6,58.9,18.22,87.7,5.774,161.38,0.5484,0.02198,0.006239,1.979,1.514,2.103,1.422,3.644,159.55,13.11,0.826,1.504,0.567,2.288,418.12,0.9744,48.49,0.7228,12.7,2.678e-05,0.2051,2.851,1.191,2.205,0.1966,8.173,0.4877,8.124
2022-04-13T15:50:56,41220.82,3101.25,105.39,0.2392,15.6,58.9,18.22,87.62,5.761,161.41,0.5484,0.02197,0.006247,1.979,1.511,2.102,1.422,3.642,159.52,13.11,0.826,1.504,0.567,2.287,418.04,0.974,48.49,0.7223,12.7,2.678e-05,0.2051,2.85,1.191,2.204,0.1965,8.16,0.4872,8.123
2022-04-13T15:51:26,41215.68,3102.32,105.41,0.2392,15.56,58.9,18.22,87.62,5.766,161.41,0.5485,0.02198,0.006247,1.979,1.512,2.102,1.423,3.642,159.5,13.11,0.826,1.498,0.567,2.287,418.07,0.974,48.5,0.7225,12.7,2.674e-05,0.2051,2.852,1.19,2.208,0.1965,8.146,0.4871,8.123
2022-04-13T15:51:56,41191.07,3100.9,105.39,0.239,15.56,59,18.21,87.58,5.749,161.38,0.5485,0.02197,0.006248,1.979,1.511,2.101,1.422,3.642,159.45,13.11,0.8246,1.496,0.567,2.285,418.02,0.9737,48.47,0.7224,12.7,2.67e-05,0.2049,2.849,1.189,2.207,0.1965,8.166,0.4871,8.128
2022-04-13T15:52:26,41170.62,3097.81,105.29,0.2388,15.56,59,18.2,87.51,5.739,161.36,0.5482,0.02197,0.006227,1.979,1.51,2.097,1.421,3.639,159.38,13.11,0.8246,1.497,0.567,2.283,418.01,0.9726,48.46,0.7223,12.68,2.662e-05,0.2049,2.845,1.189,2.207,0.1964,8.167,0.4868,8.122
2022-04-13T15:52:56,41165.91,3097.63,105.19,0.2389,15.56,59,18.19,87.48,5.738,161.34,0.5482,0.02196,0.006231,1.97,1.508,2.097,1.42,3.629,159.37,13.11,0.8246,1.501,0.567,2.283,417.7,0.9726,48.39,0.7221,12.68,2.658e-05,0.2049,2.844,1.188,2.205,0.1964,8.182,0.4863,8.121
2022-04-13T15:53:26,41179.1,3097.91,105.22,0.2391,15.56,59,18.2,87.53,5.759,161.33,0.5475,0.02195,0.006231,1.97,1.509,2.096,1.42,3.616,159.34,13.11,0.8246,1.507,0.5586,2.283,417.77,0.973,48.39,0.7223,12.68,2.66e-05,0.2048,2.844,1.189,2.204,0.1964,8.188,0.4864,8.12
2022-04-13T15:53:56,41149.68,3094.2,105.1,0.2389,15.56,58.7,18.17,87.54,5.752,161.18,0.5475,0.02194,0.006231,1.97,1.51,2.095,1.418,3.615,159.31,13.11,0.8246,1.507,0.5586,2.282,417.56,0.9723,48.38,0.722,12.67,2.658e-05,0.2047,2.842,1.187,2.203,0.1963,8.19,0.4865,8.116
2022-04-13T15:54:26,41174.1,3094.37,105.18,0.239,15.55,58.7,18.18,87.6,5.763,161.24,0.5473,0.02193,0.006231,1.97,1.51,2.096,1.42,3.618,159.24,13.11,0.8246,1.507,0.5586,2.283,417.59,0.9731,48.37,0.7221,12.67,2.661e-05,0.2047,2.844,1.188,2.204,0.1964,8.191,0.4865,8.116
2022-04-13T15:54:56,41181.38,3095.03,105.16,0.239,15.54,58.7,18.18,87.61,5.766,161.27,0.5473,0.02193,0.006231,1.97,1.509,2.096,1.419,3.623,159.22,13.11,0.8246,1.507,0.5586,2.281,417.68,0.9728,48.36,0.7221,12.75,2.661e-05,0.2047,2.844,1.188,2.204,0.1964,8.16,0.4861,8.121
2022-04-13T15:55:26,41205.41,3096.45,105.24,0.2391,15.54,58.7,18.17,87.62,5.765,161.23,0.548,0.02196,0.006231,1.979,1.509,2.097,1.421,3.622,159.22,13.11,0.8252,1.509,0.5586,2.284,417.8,0.9733,48.36,0.7221,12.76,2.665e-05,0.2048,2.846,1.188,2.204,0.1963,8.174,0.4868,8.122
2022-04-13T15:55:56,41244.92,3098.52,105.34,0.2393,15.54,58.9,18.17,87.65,5.775,161.56,0.5487,0.02202,0.006217,1.979,1.51,2.099,1.422,3.629,159.27,13.11,0.8252,1.517,0.5586,2.285,418.09,0.9738,48.38,0.7224,12.77,2.665e-05,0.2048,2.848,1.189,2.205,0.1964,8.174,0.487,8.129
2022-04-13T15:56:26,41265.81,3099.67,105.46,0.2396,15.54,58.9,18.18,87.71,5.784,161.63,0.549,0.02202,0.006242,1.979,1.508,2.101,1.423,3.643,159.4,13.13,0.8252,1.517,0.5586,2.285,418.3,0.9738,48.42,0.7228,12.77,2.667e-05,0.205,2.85,1.19,2.206,0.1964,8.178,0.4876,8.137
2022-04-13T15:56:56,41215.68,3097.81,105.45,0.2397,15.54,58.9,18.17,87.65,5.786,161.43,0.549,0.02202,0.006245,1.979,1.508,2.098,1.423,3.64,159.39,13.13,0.8252,1.514,0.5586,2.284,418.28,0.9735,48.39,0.7227,12.69,2.661e-05,0.205,2.848,1.19,2.205,0.1964,8.177,0.4871,8.137
2022-04-13T15:57:26,41174.52,3094.98,105.24,0.2397,15.59,58.9,18.16,87.61,5.773,161.31,0.549,0.02196,0.006245,1.979,1.507,2.096,1.421,3.625,159.21,13.13,0.8252,1.51,0.5586,2.281,417.9,0.9725,48.36,0.7225,12.68,2.66e-05,0.2047,2.844,1.19,2.203,0.1963,8.172,0.4868,8.135
2022-04-13T15:57:56,41179.24,3095.38,105.24,0.2393,15.59,58.9,18.15,87.53,5.776,161.09,0.5478,0.02198,0.006234,1.979,1.505,2.096,1.421,3.627,159.1,13.13,0.8252,1.512,0.5586,2.281,417.91,0.972,48.28,0.722,12.68,2.658e-05,0.2047,2.843,1.188,2.203,0.1961,8.174,0.486,8.125
2022-04-13T15:58:26,41153.48,3094.02,105.16,0.2391,15.57,58.9,18.14,87.5,5.776,161.06,0.5478,0.02199,0.006233,1.978,1.505,2.095,1.421,3.623,159.08,13.13,0.8252,1.511,0.5586,2.28,417.79,0.9719,48.24,0.7216,12.67,2.659e-05,0.2047,2.839,1.187,2.202,0.1961,8.176,0.4856,8.128
2022-04-13T15:58:56,41175.35,3094.65,105.24,0.2391,15.6,58.9,18.14,87.49,5.774,161.11,0.5478,0.02196,0.006233,1.978,1.505,2.096,1.421,3.623,159.06,13.13,0.8252,1.511,0.5586,2.281,417.96,0.9715,48.19,0.7217,12.75,2.662e-05,0.2046,2.841,1.186,2.202,0.196,8.18,0.4857,8.124
2022-04-13T15:59:26,41169.46,3095.1,105.27,0.2392,15.6,58.9,18.14,87.48,5.779,161.05,0.5478,0.02195,0.006233,1.978,1.505,2.095,1.421,3.623,159.01,13.11,0.8226,1.511,0.5586,2.281,417.87,0.9719,48.21,0.7215,12.76,2.662e-05,0.2047,2.842,1.186,2.202,0.1959,8.181,0.4855,8.129
2022-04-13T15:59:56,41160.89,3093.6,105.17,0.2399,15.6,58.9,18.12,87.48,5.787,160.93,0.5478,0.02195,0.006233,1.978,1.505,2.094,1.421,3.625,159,13.11,0.8226,1.506,0.5586,2.281,417.9,0.9716,48.21,0.7212,12.75,2.659e-05,0.2047,2.84,1.186,2.202,0.1958,8.175,0.485,8.125
2022-04-13T16:00:26,41163.59,3093.88,105.31,0.2401,15.6,58.9,18.12,87.47,5.789,161.05,0.5477,0.02195,0.006233,1.978,1.505,2.094,1.421,3.627,159.08,13.11,0.818,1.51,0.5586,2.285,417.86,0.972,48.25,0.7216,12.75,2.663e-05,0.2047,2.842,1.187,2.201,0.1956,8.19,0.4852,8.118
2022-04-13T16:00:56,41147.23,3093.56,105.13,0.2399,15.6,58.8,18.14,87.4,5.789,160.88,0.5476,0.02191,0.006242,1.978,1.504,2.094,1.42,3.628,159.03,13.11,0.818,1.508,0.5586,2.284,417.82,0.9714,48.22,0.7211,12.75,2.659e-05,0.2046,2.839,1.186,2.201,0.1955,8.188,0.4852,8.114
2022-04-13T16:01:26,41124.2,3091.15,104.65,0.2394,15.51,58.8,18.14,87.29,5.779,160.75,0.539,0.02187,0.006242,1.977,1.503,2.092,1.419,3.623,158.83,13.14,0.818,1.505,0.5586,2.283,417.64,0.9712,48.18,0.7209,12.74,2.656e-05,0.2042,2.835,1.185,2.197,0.1955,8.196,0.4853,8.101
2022-04-13T16:01:56,41101.93,3088.85,104.59,0.2393,15.51,58.8,18.13,87.2,5.772,160.37,0.5379,0.02183,0.006169,1.977,1.501,2.091,1.415,3.624,158.68,13.14,0.822,1.505,0.5586,2.277,417.33,0.9704,48.1,0.7208,12.73,2.655e-05,0.2042,2.835,1.184,2.195,0.1954,8.197,0.4846,8.103
2022-04-13T16:02:26,41108.76,3088.78,104.71,0.2392,15.51,58.8,18.14,87.24,5.756,160.6,0.5379,0.02185,0.006151,2.002,1.502,2.092,1.416,3.618,158.65,13.22,0.822,1.508,0.5586,2.281,417.15,0.9684,48.11,0.7206,12.73,2.657e-05,0.204,2.835,1.184,2.196,0.1954,8.211,0.4845,8.107
2022-04-13T16:02:56,41129.38,3094.86,104.87,0.239,15.51,58.8,18.16,87.32,5.777,160.7,0.5399,0.02189,0.00615,1.993,1.503,2.093,1.417,3.631,158.7,13.22,0.822,1.511,0.5586,2.282,417.52,0.9699,48.11,0.7209,12.68,2.659e-05,0.2045,2.838,1.185,2.197,0.1955,8.223,0.4854,8.108
2022-04-13T16:03:26,41201.54,3098.15,104.93,0.2395,15.51,58.8,18.18,87.46,5.787,160.97,0.5418,0.02195,0.00615,2.012,1.506,2.096,1.419,3.647,158.8,13.27,0.8248,1.515,0.5586,2.284,418.24,0.9704,48.16,0.7212,12.7,2.663e-05,0.2048,2.84,1.186,2.2,0.1955,8.227,0.4857,8.113
2022-04-13T16:03:56,41217.65,3103.37,105.34,0.2397,15.51,59,18.21,87.56,5.785,161.18,0.5427,0.02196,0.006144,2.015,1.506,2.097,1.421,3.654,159.13,13.27,0.8248,1.516,0.5586,2.288,418.49,0.9716,48.21,0.7226,12.72,2.669e-05,0.2047,2.844,1.189,2.201,0.1957,8.244,0.4871,8.118
2022-04-13T16:04:26,41235.03,3103.68,105.34,0.2398,15.51,59,18.21,87.56,5.787,160.98,0.5427,0.02197,0.006098,2.016,1.507,2.098,1.422,3.66,159.17,13.28,0.8248,1.527,0.5586,2.288,418.75,0.9717,48.22,0.7226,12.72,2.683e-05,0.2049,2.845,1.189,2.203,0.1957,8.277,0.487,8.12
2022-04-13T16:04:56,41237.71,3102.09,105.28,0.2398,15.53,59,18.21,87.56,5.786,161.02,0.5435,0.02198,0.006102,2.016,1.507,2.098,1.422,3.666,159.13,13.28,0.8248,1.524,0.5586,2.288,418.75,0.971,48.28,0.7225,12.81,2.681e-05,0.2051,2.845,1.189,2.203,0.1957,8.275,0.4878,8.124
2022-04-13T16:05:26,41208.7,3099.27,105.02,0.2394,15.54,59,18.19,87.54,5.769,160.8,0.5443,0.02188,0.006102,2.015,1.508,2.102,1.421,3.654,159.07,13.28,0.8262,1.52,0.5586,2.285,418.54,0.9708,48.27,0.7219,12.79,2.679e-05,0.2048,2.842,1.188,2.201,0.1956,8.264,0.4878,8.123
2022-04-13T16:05:56,41211.99,3100.68,105.22,0.2397,15.54,59,18.2,87.45,5.78,160.89,0.5443,0.02191,0.006115,2.015,1.507,2.102,1.421,3.654,159.08,13.28,0.8262,1.518,0.5586,2.286,418.65,0.9713,48.28,0.7222,12.8,2.681e-05,0.2049,2.844,1.189,2.203,0.1955,8.279,0.4878,8.119
2022-04-13T16:06:26,41210.07,3100.06,105.26,0.24,15.54,59,18.2,87.49,5.786,160.97,0.5443,0.02192,0.006088,2.015,1.507,2.102,1.421,3.654,159.12,13.28,0.8262,1.518,0.5586,2.288,418.7,0.9715,48.3,0.7225,12.8,2.681e-05,0.2053,2.846,1.191,2.203,0.1956,8.281,0.4896,8.12
2022-04-13T16:06:56,41208.48,3099.82,105.23,0.24,15.54,59,18.2,87.46,5.779,160.82,0.5446,0.02187,0.006088,2.015,1.507,2.102,1.421,3.654,159.09,13.28,0.8262,1.518,0.5586,2.288,418.74,0.9715,48.29,0.7223,12.8,2.678e-05,0.2051,2.847,1.191,2.202,0.1955,8.299,0.4899,8.119
2022-04-13T16:07:26,41214.14,3098.5,105.24,0.2397,15.54,59,18.21,87.4,5.781,160.78,0.5449,0.02188,0.006095,2.015,1.506,2.102,1.421,3.663,159.03,13.28,0.8262,1.522,0.5586,2.288,418.71,0.9716,48.27,0.7223,12.81,2.676e-05,0.2051,2.847,1.191,2.203,0.1956,8.324,0.4925,8.119
2022-04-13T16:07:56,41205.07,3097.87,105.28,0.2397,15.54,59,18.2,87.35,5.777,160.76,0.5457,0.02182,0.006095,2.015,1.507,2.101,1.421,3.658,159.2,13.28,0.8317,1.527,0.5586,2.288,418.71,0.9713,48.28,0.7221,12.81,2.677e-05,0.2051,2.848,1.191,2.204,0.1956,8.339,0.4935,8.119
2022-04-13T16:08:26,41217.47,3098.68,105.35,0.2397,15.5,59,18.21,87.4,5.782,160.71,0.5457,0.02181,0.006095,2.02,1.507,2.102,1.422,3.658,159.21,13.28,0.8317,1.528,0.5586,2.288,418.69,0.9717,48.3,0.7225,12.81,2.676e-05,0.2054,2.851,1.193,2.207,0.1956,8.324,0.4929,8.123
2022-04-13T16:08:56,41211.26,3098.71,105.36,0.2398,15.5,59,18.22,87.46,5.782,160.75,0.5457,0.02185,0.006095,2.027,1.507,2.102,1.422,3.658,159.34,13.28,0.8317,1.528,0.5586,2.288,418.91,0.9716,48.3,0.7226,12.81,2.677e-05,0.2054,2.853,1.194,2.207,0.1957,8.323,0.4935,8.128
2022-04-13T16:09:26,41222.94,3099.01,105.44,0.24,15.5,59,18.22,87.48,5.779,160.77,0.5457,0.02186,0.006095,2.021,1.508,2.102,1.423,3.685,159.42,13.28,0.842,1.529,0.5586,2.289,419.13,0.9718,48.31,0.7227,12.73,2.68e-05,0.2054,2.853,1.194,2.207,0.1957,8.311,0.4931,8.127
2022-04-13T16:09:56,41221.17,3099.93,105.5,0.2404,15.5,59.1,18.23,87.5,5.785,160.75,0.5456,0.02188,0.006126,2.02,1.508,2.102,1.425,3.684,159.48,13.28,0.842,1.529,0.5586,2.289,419.22,0.9719,48.33,0.7226,12.73,2.679e-05,0.2055,2.853,1.194,2.208,0.1957,8.309,0.4933,8.133
2022-04-13T16:10:26,41224.18,3100.62,105.5,0.2406,15.5,59.1,18.23,87.47,5.787,160.65,0.5456,0.02189,0.006139,2.02,1.508,2.102,1.425,3.679,159.61,13.28,0.842,1.53,0.5586,2.289,419.14,0.9719,48.34,0.7225,12.73,2.678e-05,0.2055,2.854,1.194,2.208,0.1957,8.295,0.4938,8.137
2022-04-13T16:10:56,41213.99,3103.06,105.53,0.2406,15.5,59.1,18.22,87.47,5.785,160.58,0.5472,0.02187,0.006139,2.016,1.508,2.098,1.425,3.679,159.59,13.28,0.842,1.529,0.5586,2.288,419.18,0.9725,48.34,0.7226,12.74,2.677e-05,0.2055,2.853,1.194,2.208,0.1957,8.29,0.4928,8.132
2022-04-13T16:11:26,41191.61,3099.66,105.49,0.2405,15.5,59.1,18.21,87.47,5.778,160.67,0.5472,0.02184,0.006129,2.016,1.507,2.097,1.424,3.681,159.48,13.27,0.842,1.526,0.5586,2.287,419.12,0.9717,48.31,0.7222,12.68,2.672e-05,0.2053,2.85,1.194,2.206,0.1955,8.283,0.4921,8.132
2022-04-13T16:11:56,41221.47,3099.65,105.62,0.2406,15.47,59.1,18.21,87.47,5.784,160.76,0.5462,0.02187,0.006132,2.016,1.507,2.099,1.425,3.684,159.53,13.27,0.8416,1.525,0.5586,2.288,419.22,0.9722,48.33,0.7224,12.68,2.674e-05,0.2053,2.851,1.194,2.205,0.1956,8.272,0.4922,8.137
2022-04-13T16:12:26,41231.54,3099.08,105.53,0.2407,15.47,59,18.21,87.49,5.794,160.71,0.5476,0.02187,0.006143,2.014,1.507,2.099,1.424,3.689,159.52,13.25,0.8416,1.522,0.5586,2.289,419.27,0.9723,48.36,0.7227,12.68,2.675e-05,0.2053,2.851,1.195,2.205,0.1956,8.285,0.4928,8.14
2022-04-13T16:12:56,41249.57,3099.94,105.6,0.2407,15.47,59,18.22,87.51,5.788,160.7,0.5476,0.02192,0.006143,2.014,1.507,2.1,1.425,3.698,159.58,13.25,0.8468,1.526,0.5586,2.288,419.46,0.972,48.35,0.7228,12.68,2.676e-05,0.2053,2.853,1.195,2.205,0.1957,8.285,0.493,8.141
2022-04-13T16:13:26,41255.76,3100.27,105.61,0.2408,15.47,58.9,18.22,87.59,5.788,160.76,0.5476,0.02192,0.006162,2.014,1.508,2.1,1.425,3.699,159.63,13.3,0.8468,1.532,0.5586,2.288,419.44,0.9731,48.39,0.7229,12.68,2.676e-05,0.206,2.855,1.196,2.205,0.1957,8.285,0.493,8.143
2022-04-13T16:13:56,41239.76,3099.85,105.45,0.2407,15.47,58.9,18.22,87.58,5.79,160.68,0.5478,0.02189,0.006162,2.022,1.51,2.1,1.425,3.698,159.59,13.3,0.8424,1.53,0.5586,2.288,419.43,0.9729,48.41,0.7229,12.68,2.675e-05,0.2059,2.853,1.196,2.205,0.1957,8.265,0.492,8.141
2022-04-13T16:14:26,41252.69,3100.07,105.47,0.2409,15.5,58.9,18.22,87.57,5.796,160.63,0.5478,0.02191,0.006162,2.027,1.51,2.1,1.425,3.7,159.61,13.29,0.8424,1.534,0.5586,2.288,419.48,0.973,48.43,0.7231,12.68,2.674e-05,0.2061,2.853,1.197,2.205,0.1958,8.267,0.492,8.141
2022-04-13T16:14:56,41257.06,3103.26,105.49,0.2413,15.5,58.9,18.23,87.57,5.802,160.65,0.5485,0.02196,0.006162,2.025,1.51,2.1,1.426,3.696,159.75,13.29,0.8424,1.535,0.5586,2.29,419.58,0.973,48.4,0.7241,12.69,2.675e-05,0.2062,2.856,1.198,2.206,0.1958,8.269,0.4928,8.138
2022-04-13T16:15:26,41269.98,3105.17,105.51,0.2413,15.5,59,18.24,87.65,5.807,160.7,0.5485,0.02199,0.006162,2.029,1.51,2.101,1.428,3.699,159.81,13.29,0.8458,1.536,0.5586,2.29,419.62,0.9741,48.48,0.7242,12.77,2.679e-05,0.2064,2.858,1.199,2.207,0.1959,8.267,0.4928,8.144
2022-04-13T16:15:56,41311.38,3108.67,105.53,0.2414,15.5,59.1,18.24,87.76,5.796,160.75,0.5467,0.022,0.006169,2.033,1.512,2.107,1.429,3.698,159.87,13.29,0.8458,1.535,0.5586,2.293,419.96,0.9754,48.48,0.7246,12.78,2.679e-05,0.2064,2.858,1.199,2.208,0.196,8.264,0.4927,8.144
2022-04-13T16:16:26,41319.9,3110.99,105.56,0.2416,15.5,59.2,18.25,87.88,5.794,160.77,0.5467,0.02201,0.006191,2.034,1.513,2.107,1.43,3.698,159.94,13.29,0.8458,1.535,0.5586,2.293,420.16,0.9763,48.52,0.7248,12.79,2.682e-05,0.2067,2.861,1.199,2.209,0.1961,8.283,0.493,8.153
2022-04-13T16:16:56,41304.66,3109.71,105.8,0.2414,15.5,59.4,18.25,87.81,5.795,160.98,0.5467,0.02203,0.006191,2.034,1.516,2.106,1.43,3.701,159.92,13.29,0.8441,1.529,0.5586,2.293,420.08,0.9753,48.54,0.7246,12.79,2.676e-05,0.2068,2.861,1.199,2.21,0.1962,8.276,0.493,8.155
2022-04-13T16:17:26,41250.75,3104.54,105.72,0.2413,15.5,59.4,18.23,87.66,5.798,160.61,0.5466,0.02192,0.006188,2.034,1.515,2.103,1.427,3.697,159.84,13.29,0.8441,1.512,0.5586,2.288,419.78,0.9746,48.49,0.7233,12.71,2.67e-05,0.2063,2.856,1.197,2.206,0.1961,8.311,0.4937,8.147
2022-04-13T16:17:56,41228.83,3102.41,105.68,0.2408,15.53,59.4,18.21,87.55,5.792,160.44,0.5466,0.0219,0.006187,2.034,1.512,2.099,1.426,3.7,159.78,13.29,0.8489,1.514,0.5586,2.286,419.19,0.973,48.44,0.7229,12.7,2.667e-05,0.2064,2.854,1.195,2.203,0.1959,8.309,0.4932,8.145
2022-04-13T16:18:26,41256.79,3104.85,105.5,0.241,15.5,59.4,18.23,87.55,5.797,160.53,0.5453,0.02191,0.006172,2.043,1.511,2.1,1.428,3.703,159.84,13.29,0.8489,1.516,0.5586,2.287,419.33,0.9742,48.46,0.7232,12.71,2.671e-05,0.2064,2.854,1.196,2.205,0.1959,8.309,0.4936,8.144
2022-04-13T16:18:56,41255.35,3104.72,105.49,0.241,15.5,59.4,18.23,87.58,5.818,160.55,0.5453,0.02192,0.006172,2.043,1.514,2.1,1.427,3.701,159.81,13.29,0.8489,1.519,0.5586,2.287,419.34,0.9738,48.45,0.7232,12.71,2.671e-05,0.2064,2.854,1.197,2.204,0.1959,8.304,0.4934,8.146
2022-04-13T16:19:26,41270.82,3105.55,105.6,0.2411,15.5,59.3,18.23,87.61,5.817,160.68,0.5453,0.02194,0.006187,2.042,1.514,2.101,1.428,3.709,159.76,13.29,0.8468,1.52,0.5586,2.29,419.72,0.9745,48.51,0.7232,12.71,2.672e-05,0.2067,2.855,1.197,2.206,0.1959,8.306,0.4934,8.142
2022-04-13T16:19:56,41271.71,3106.4,105.67,0.2411,15.5,59.3,18.23,87.63,5.817,160.71,0.5455,0.02196,0.006187,2.042,1.514,2.101,1.427,3.694,159.82,13.29,0.8468,1.517,0.5586,2.289,419.69,0.9741,48.5,0.7232,12.71,2.67e-05,0.2067,2.855,1.198,2.205,0.196,8.297,0.4936,8.142
2022-04-13T16:20:26,41253.65,3105.32,105.57,0.2411,15.5,59.4,18.23,87.55,5.81,160.64,0.5464,0.02195,0.006187,2.042,1.515,2.101,1.427,3.695,159.77,13.3,0.8468,1.516,0.5586,2.288,419.66,0.9738,48.5,0.7227,12.71,2.669e-05,0.2063,2.852,1.197,2.204,0.196,8.286,0.4937,8.143
2022-04-13T16:20:56,41254.63,3105.76,105.59,0.241,15.5,59.3,18.22,87.52,5.819,160.68,0.5464,0.02195,0.006187,2.042,1.514,2.101,1.427,3.7,159.77,13.3,0.8468,1.516,0.5586,2.288,419.56,0.9739,48.51,0.7226,12.71,2.668e-05,0.2062,2.85,1.197,2.204,0.1961,8.286,0.4929,8.146
2022-04-13T16:21:26,41224.69,3103.99,105.48,0.2407,15.5,59.3,18.21,87.43,5.816,160.62,0.5466,0.02189,0.006187,2.042,1.514,2.099,1.426,3.7,159.73,13.3,0.8468,1.509,0.5586,2.286,419.42,0.9734,48.49,0.7223,12.7,2.664e-05,0.2063,2.849,1.197,2.203,0.196,8.293,0.4918,8.146
2022-04-13T16:21:56,41217.33,3103.96,105.45,0.2406,15.49,59.3,18.21,87.41,5.808,160.6,0.545,0.02188,0.006172,2.042,1.512,2.099,1.426,3.7,159.69,13.3,0.8469,1.511,0.5586,2.286,419.27,0.9734,48.49,0.7221,12.63,2.665e-05,0.2064,2.849,1.196,2.204,0.1959,8.285,0.492,8.141
2022-04-13T16:22:26,41229.31,3104.7,105.42,0.2407,15.49,59.2,18.2,87.42,5.806,160.56,0.544,0.02192,0.006185,2.042,1.512,2.099,1.426,3.701,159.62,13.3,0.8469,1.51,0.5586,2.286,419.35,0.9731,48.48,0.7221,12.63,2.662e-05,0.2064,2.848,1.195,2.203,0.1959,8.281,0.4923,8.146
2022-04-13T16:22:56,41238.18,3104.61,105.38,0.2406,15.51,59.2,18.2,87.4,5.808,160.24,0.544,0.02193,0.006185,2.042,1.512,2.1,1.427,3.701,159.62,13.3,0.8469,1.514,0.5586,2.286,419.23,0.9734,48.49,0.7221,12.63,2.662e-05,0.2062,2.848,1.196,2.202,0.1959,8.302,0.4923,8.147
2022-04-13T16:23:26,41237.46,3105.14,105.43,0.2407,15.51,59.3,18.2,87.38,5.811,160.04,0.5427,0.02194,0.006185,2.042,1.513,2.1,1.427,3.702,159.57,13.33,0.8463,1.515,0.5586,2.286,419.32,0.973,48.51,0.7222,12.64,2.663e-05,0.2065,2.849,1.196,2.202,0.1959,8.308,0.4923,8.147
2022-04-13T16:23:56,41212.96,3103.97,105.38,0.2407,15.51,59.3,18.19,87.37,5.807,160,0.5432,0.02191,0.006185,2.055,1.512,2.099,1.427,3.701,159.5,13.33,0.8463,1.516,0.5586,2.285,419.25,0.9728,48.5,0.7225,12.63,2.66e-05,0.2063,2.848,1.195,2.201,0.1958,8.34,0.4921,8.147
2022-04-13T16:24:26,41223,3104.73,105.39,0.2408,15.51,59.3,18.19,87.38,5.812,160.05,0.5432,0.02195,0.006185,2.055,1.512,2.099,1.427,3.696,159.52,13.23,0.8463,1.513,0.5586,2.287,419.22,0.9731,48.5,0.7228,12.63,2.659e-05,0.2063,2.849,1.195,2.202,0.1959,8.339,0.4915,8.148
2022-04-13T16:24:56,41200.21,3103.18,105.34,0.2406,15.51,59.1,18.19,87.28,5.802,159.95,0.5432,0.02191,0.006185,2.055,1.511,2.098,1.425,3.696,159.42,13.23,0.8463,1.513,0.5586,2.287,419.12,0.9726,48.47,0.7225,12.63,2.658e-05,0.2063,2.85,1.194,2.201,0.1958,8.363,0.4915,8.147
2022-04-13T16:25:26,41241.75,3103.73,105.43,0.2409,15.56,59.1,18.2,87.31,5.799,160.19,0.5431,0.02197,0.006172,2.043,1.512,2.1,1.425,3.691,159.53,13.23,0.8463,1.516,0.5586,2.29,419.14,0.9729,48.5,0.723,12.63,2.663e-05,0.2064,2.853,1.195,2.203,0.1959,8.36,0.4925,8.154
2022-04-13T16:25:56,41232.22,3102.44,105.3,0.2409,15.56,59.1,18.2,87.25,5.792,160.04,0.5431,0.02193,0.006172,2.043,1.513,2.099,1.425,3.691,159.49,13.23,0.8413,1.514,0.5586,2.288,419.15,0.9729,48.51,0.723,12.62,2.663e-05,0.2062,2.853,1.195,2.204,0.1959,8.351,0.4926,8.155
2022-04-13T16:26:26,41196.98,3100.25,105.23,0.2406,15.56,59.2,18.19,87.18,5.777,159.97,0.5429,0.02193,0.006172,2.043,1.512,2.097,1.425,3.691,159.27,13.23,0.8455,1.514,0.5586,2.286,419.04,0.9718,48.45,0.7228,12.61,2.659e-05,0.2059,2.851,1.194,2.201,0.1957,8.327,0.4932,8.15
2022-04-13T16:26:56,41201.08,3100.09,105.22,0.2398,15.56,59.2,18.18,87.18,5.764,159.99,0.5429,0.02192,0.006172,2.043,1.512,2.098,1.423,3.698,159.27,13.23,0.8455,1.514,0.5586,2.285,418.8,0.9719,48.44,0.723,12.61,2.658e-05,0.2059,2.85,1.194,2.202,0.1957,8.332,0.4934,8.155
2022-04-13T16:27:26,41149.77,3097.15,105.12,0.2397,15.56,58.8,18.16,87.13,5.753,159.78,0.5425,0.02186,0.006172,2.043,1.509,2.095,1.42,3.695,159.18,13.23,0.8455,1.515,0.5586,2.282,418.34,0.9703,48.39,0.7225,12.6,2.654e-05,0.2059,2.844,1.193,2.199,0.1955,8.311,0.4935,8.15
2022-04-13T16:27:56,41164.67,3097.12,105.05,0.2396,15.56,58.9,18.17,87.12,5.763,159.87,0.542,0.02187,0.006164,2.043,1.508,2.096,1.421,3.693,159.02,13.23,0.8455,1.519,0.5586,2.278,417.88,0.9713,48.39,0.7225,12.67,2.657e-05,0.2054,2.844,1.193,2.199,0.1955,8.32,0.4942,8.148
2022-04-13T16:28:26,41155.74,3097.15,105.06,0.2396,15.56,58.8,18.17,87.1,5.764,159.73,0.542,0.02186,0.006164,2.038,1.508,2.095,1.42,3.698,158.93,13.23,0.8455,1.517,0.5586,2.279,417.86,0.9683,48.34,0.7224,12.67,2.659e-05,0.2056,2.844,1.192,2.199,0.1955,8.316,0.4937,8.132
2022-04-13T16:28:56,41149.78,3096.79,105.04,0.2394,15.39,58.8,18.15,87.01,5.764,159.63,0.542,0.02187,0.006165,2.043,1.508,2.095,1.421,3.692,158.89,13.23,0.8455,1.517,0.5586,2.276,417.93,0.9665,48.32,0.7221,12.67,2.658e-05,0.2055,2.843,1.192,2.198,0.1954,8.317,0.4928,8.136
2022-04-13T16:29:26,41137.59,3096.12,105.02,0.2394,15.36,58.7,18.14,87.02,5.747,159.62,0.542,0.02186,0.006161,2.043,1.509,2.094,1.42,3.694,158.87,13.23,0.8455,1.518,0.5586,2.276,417.93,0.9661,48.32,0.722,12.66,2.657e-05,0.2055,2.842,1.192,2.198,0.1952,8.314,0.4922,8.137
2022-04-13T16:29:56,41137.61,3096.24,105.04,0.2394,15.38,58.7,18.14,87,5.745,159.51,0.542,0.02186,0.006143,2.043,1.509,2.094,1.419,3.693,158.86,13.23,0.8517,1.514,0.5586,2.276,417.9,0.9661,48.32,0.7218,12.62,2.656e-05,0.2055,2.843,1.193,2.198,0.1952,8.314,0.4919,8.139
2022-04-13T16:30:26,41150.03,3097.1,105.07,0.2396,15.38,58.8,18.14,87.04,5.764,159.53,0.542,0.02187,0.006143,2.043,1.508,2.095,1.42,3.693,158.85,13.23,0.8517,1.514,0.5586,2.276,417.97,0.9662,48.32,0.7218,12.63,2.655e-05,0.2055,2.844,1.193,2.2,0.1952,8.291,0.4919,8.134
2022-04-13T16:30:56,41134.15,3095.84,104.89,0.2396,15.38,58.7,18.14,86.99,5.76,159.38,0.542,0.02187,0.006168,2.033,1.508,2.094,1.419,3.695,158.85,13.23,0.8517,1.514,0.5671,2.275,417.89,0.9669,48.31,0.7214,12.62,2.654e-05,0.2056,2.844,1.193,2.2,0.1951,8.311,0.4914,8.132
2022-04-13T16:31:26,41132.85,3095.59,104.88,0.2396,15.38,58.7,18.13,86.96,5.751,159.33,0.5437,0.02184,0.006143,2.036,1.508,2.094,1.419,3.689,158.89,13.23,0.855,1.514,0.5671,2.272,417.95,0.9659,48.29,0.7212,12.62,2.653e-05,0.2052,2.841,1.192,2.198,0.195,8.312,0.4909,8.133
2022-04-13T16:31:56,41140.07,3096.18,104.98,0.2395,15.39,58.7,18.13,86.95,5.747,159.15,0.5413,0.02184,0.006155,2.033,1.508,2.095,1.419,3.69,158.89,13.23,0.855,1.514,0.5671,2.272,417.76,0.9651,48.27,0.7208,12.62,2.655e-05,0.2052,2.841,1.192,2.198,0.195,8.326,0.4908,8.134
2022-04-13T16:32:26,41158.1,3096.08,105.08,0.2396,15.4,58.6,18.15,87.03,5.767,159.2,0.5411,0.0219,0.006155,2.032,1.509,2.096,1.42,3.689,158.93,13.23,0.855,1.527,0.5671,2.271,417.96,0.9656,48.29,0.7213,12.62,2.657e-05,0.2056,2.844,1.193,2.199,0.1951,8.32,0.4912,8.134
2022-04-13T16:32:56,41143.57,3095.85,105.05,0.2394,15.4,58.8,18.15,87.08,5.774,159.03,0.5411,0.02188,0.006155,2.037,1.511,2.095,1.419,3.689,158.89,13.23,0.855,1.525,0.5671,2.269,417.95,0.9651,48.31,0.7211,12.62,2.657e-05,0.2057,2.841,1.193,2.198,0.1951,8.325,0.4909,8.134
2022-04-13T16:33:26,41142.22,3095.65,104.93,0.2392,15.4,58.9,18.14,87.08,5.774,159.09,0.5404,0.02184,0.006155,2.037,1.51,2.095,1.419,3.67,158.85,13.23,0.855,1.522,0.5671,2.269,417.86,0.9649,48.34,0.7211,12.62,2.66e-05,0.2058,2.842,1.193,2.198,0.1951,8.334,0.4907,8.134
2022-04-13T16:33:56,41135.49,3095.11,104.86,0.239,15.4,58.9,18.15,87.07,5.774,159,0.5386,0.02182,0.006147,2.037,1.51,2.095,1.419,3.66,158.75,13.23,0.8555,1.522,0.5671,2.269,417.89,0.9648,48.36,0.721,12.69,2.658e-05,0.2058,2.841,1.193,2.197,0.195,8.341,0.4899,8.138
2022-04-13T16:34:26,41103.73,3092.7,104.7,0.2388,15.4,58.9,18.14,87.05,5.758,158.97,0.5384,0.02182,0.006147,2.029,1.51,2.093,1.417,3.663,158.66,13.23,0.8555,1.522,0.5671,2.267,417.7,0.9647,48.34,0.7209,12.68,2.654e-05,0.2057,2.839,1.192,2.196,0.195,8.342,0.4901,8.136
2022-04-13T16:34:56,41130.36,3093.41,104.82,0.239,15.36,59,18.14,87.12,5.765,158.99,0.5384,0.02185,0.006147,2.029,1.51,2.094,1.419,3.663,158.66,13.23,0.8555,1.527,0.5671,2.268,417.86,0.9653,48.35,0.721,12.68,2.653e-05,0.2058,2.842,1.193,2.197,0.195,8.349,0.4895,8.138
2022-04-13T16:35:26,41154.47,3094.59,104.93,0.2393,15.36,59,18.15,87.22,5.77,158.98,0.5394,0.02187,0.006147,2.033,1.51,2.095,1.419,3.663,158.75,13.28,0.8539,1.531,0.5671,2.27,417.92,0.9654,48.4,0.7212,12.69,2.656e-05,0.2058,2.843,1.194,2.198,0.1951,8.34,0.489,8.138
2022-04-13T16:35:56,41155.84,3094.73,104.98,0.2394,15.34,59,18.15,87.21,5.764,159,0.5404,0.02188,0.006147,2.034,1.51,2.095,1.42,3.677,158.87,13.28,0.8539,1.537,0.5671,2.271,417.99,0.9658,48.4,0.7213,12.69,2.656e-05,0.206,2.844,1.194,2.2,0.1951,8.33,0.489,8.134
2022-04-13T16:36:26,41180.7,3095.37,105.06,0.2394,15.34,59.1,18.16,87.19,5.772,159.19,0.54,0.02191,0.006155,2.034,1.513,2.097,1.421,3.683,158.88,13.28,0.8539,1.538,0.5671,2.272,418.08,0.9658,48.4,0.7216,12.69,2.665e-05,0.2061,2.848,1.194,2.201,0.1952,8.316,0.489,8.137
2022-04-13T16:36:56,41167.4,3094.53,104.98,0.2394,15.34,59.1,18.17,87.04,5.765,159.12,0.54,0.02189,0.006145,2.034,1.514,2.096,1.42,3.684,158.84,13.28,0.8539,1.539,0.5671,2.269,418.1,0.9656,48.4,0.7216,12.69,2.661e-05,0.2061,2.846,1.194,2.202,0.1953,8.31,0.4889,8.134
2022-04-13T16:37:26,41161.82,3093.96,104.86,0.2393,15.34,59.1,18.15,86.81,5.772,159.1,0.54,0.02185,0.006145,2.034,1.515,2.096,1.419,3.681,158.9,13.28,0.8483,1.539,0.5671,2.267,418.04,0.9642,48.38,0.7214,12.69,2.661e-05,0.2059,2.845,1.193,2.201,0.1951,8.317,0.4885,8.131
2022-04-13T16:37:56,41118.61,3092.42,104.75,0.239,15.34,59.1,18.14,86.77,5.762,158.9,0.54,0.0218,0.006158,2.034,1.513,2.093,1.417,3.68,158.77,13.28,0.8483,1.539,0.5671,2.266,417.78,0.9643,48.33,0.7212,12.61,2.66e-05,0.2057,2.844,1.192,2.2,0.1951,8.309,0.4886,8.129
2022-04-13T16:38:26,41113.58,3091.97,104.72,0.2389,15.45,59.1,18.15,86.74,5.757,158.9,0.54,0.02181,0.006149,2.032,1.512,2.092,1.417,3.677,158.75,13.3,0.8483,1.526,0.5671,2.266,417.86,0.9652,48.32,0.7211,12.6,2.655e-05,0.2054,2.843,1.193,2.2,0.195,8.31,0.4886,8.128
2022-04-13T16:38:56,41109.56,3091.63,104.64,0.2389,15.45,58.8,18.14,86.67,5.757,158.87,0.54,0.02178,0.006157,2.032,1.512,2.092,1.417,3.672,158.57,13.3,0.8483,1.525,0.5671,2.264,417.65,0.9647,48.31,0.7206,12.6,2.653e-05,0.2053,2.843,1.192,2.2,0.195,8.298,0.4886,8.123
2022-04-13T16:39:26,41085.7,3090.29,104.58,0.2387,15.45,58.9,18.14,86.69,5.754,158.81,0.5396,0.02176,0.006157,2.027,1.511,2.09,1.416,3.674,158.59,13.34,0.8483,1.523,0.5671,2.263,417.42,0.9646,48.27,0.7204,12.6,2.651e-05,0.2051,2.843,1.192,2.198,0.1949,8.285,0.4886,8.129
2022-04-13T16:39:56,41060.79,3089.77,104.4,0.2385,15.45,58.9,18.14,86.72,5.748,158.74,0.5368,0.02174,0.006148,2.027,1.51,2.089,1.416,3.67,158.51,13.34,0.8456,1.522,0.5671,2.262,417.35,0.9643,48.24,0.7204,12.67,2.645e-05,0.205,2.84,1.191,2.197,0.1949,8.258,0.4881,8.128
2022-04-13T16:40:26,41083.5,3090.17,104.54,0.2385,15.45,58.9,18.14,86.76,5.739,158.72,0.5368,0.02177,0.006146,2.025,1.51,2.091,1.417,3.67,158.52,13.34,0.8462,1.521,0.5671,2.264,417.38,0.9643,48.24,0.7206,12.67,2.645e-05,0.2049,2.84,1.192,2.196,0.1949,8.254,0.4882,8.122
2022-04-13T16:40:56,41101.97,3092.03,104.65,0.2388,15.45,58.9,18.14,86.82,5.761,158.9,0.5357,0.02179,0.006144,2.025,1.511,2.092,1.417,3.681,158.59,13.34,0.8462,1.521,0.5671,2.267,417.55,0.9652,48.3,0.7208,12.68,2.649e-05,0.2054,2.842,1.192,2.198,0.195,8.286,0.4887,8.135
2022-04-13T16:41:26,41120.41,3092.7,104.67,0.2386,15.39,58.8,18.14,86.82,5.757,159.04,0.5362,0.0218,0.006144,2.025,1.512,2.093,1.419,3.696,158.61,13.34,0.8462,1.522,0.5671,2.267,417.63,0.9651,48.32,0.7208,12.68,2.649e-05,0.2053,2.842,1.193,2.197,0.1949,8.295,0.4886,8.135
2022-04-13T16:41:56,41107.72,3092.29,104.67,0.2386,15.4,58.8,18.14,86.78,5.753,159.03,0.5375,0.02179,0.006144,2.025,1.512,2.095,1.419,3.701,158.48,13.34,0.8462,1.522,0.5671,2.266,417.64,0.9643,48.32,0.7207,12.68,2.647e-05,0.2054,2.842,1.192,2.197,0.195,8.307,0.4886,8.136
2022-04-13T16:42:26,41097.04,3092.13,104.65,0.2386,15.4,58.8,18.13,86.69,5.758,159.01,0.5375,0.02178,0.006144,2.025,1.513,2.098,1.418,3.701,158.47,13.31,0.8462,1.518,0.5671,2.266,417.59,0.9643,48.33,0.7204,12.68,2.647e-05,0.2052,2.842,1.192,2.196,0.1949,8.316,0.4883,8.137
2022-04-13T16:42:56,41095.39,3090.43,104.58,0.2383,15.4,58.9,18.13,86.7,5.757,159.05,0.5359,0.02177,0.006144,2.025,1.513,2.098,1.417,3.707,158.47,13.31,0.8462,1.518,0.5671,2.265,417.5,0.9641,48.29,0.7202,12.67,2.648e-05,0.2052,2.839,1.19,2.196,0.1949,8.316,0.4886,8.131
2022-04-13T16:43:26,41097.4,3089.65,104.56,0.2383,15.4,59,18.14,86.71,5.75,159.08,0.5355,0.02178,0.006144,2.023,1.513,2.095,1.416,3.714,158.49,13.28,0.8462,1.518,0.5671,2.265,417.41,0.9642,48.26,0.7201,12.67,2.649e-05,0.2052,2.84,1.191,2.196,0.1949,8.314,0.4884,8.129
2022-04-13T16:43:56,41115.1,3090.02,104.55,0.2384,15.4,59,18.14,86.68,5.751,159.07,0.5352,0.02179,0.006144,2.023,1.513,2.1,1.417,3.714,158.47,13.28,0.8443,1.518,0.5671,2.265,417.58,0.9642,48.27,0.72,12.67,2.65e-05,0.2052,2.838,1.191,2.194,0.1949,8.308,0.4892,8.135
2022-04-13T16:44:26,41118.44,3091.02,104.57,0.2384,15.4,59.1,18.14,86.73,5.744,159.15,0.5352,0.02184,0.006144,2.026,1.513,2.103,1.417,3.738,158.49,13.28,0.8443,1.517,0.5671,2.265,417.51,0.9643,48.26,0.7202,12.59,2.648e-05,0.2052,2.839,1.191,2.194,0.195,8.323,0.4892,8.134
2022-04-13T16:44:56,41139.27,3091.54,104.62,0.2386,15.4,59.1,18.15,86.78,5.758,159.15,0.5363,0.02185,0.006144,2.031,1.513,2.104,1.418,3.785,158.59,13.28,0.8443,1.519,0.5671,2.265,417.65,0.9643,48.25,0.7202,12.59,2.652e-05,0.2053,2.839,1.191,2.195,0.1951,8.329,0.4895,8.135
2022-04-13T16:45:26,41143.7,3091.37,104.64,0.2387,15.4,59.1,18.15,86.8,5.752,159.29,0.5373,0.02185,0.006144,2.03,1.513,2.106,1.418,3.776,158.55,13.28,0.8443,1.519,0.5671,2.266,417.72,0.9645,48.26,0.7199,12.59,2.651e-05,0.2053,2.839,1.191,2.195,0.1951,8.326,0.489,8.131
2022-04-13T16:45:56,41142.73,3090.99,104.69,0.2389,15.4,59.1,18.16,86.82,5.753,159.38,0.5373,0.02186,0.006144,2.03,1.513,2.106,1.417,3.795,158.56,13.28,0.8446,1.519,0.5671,2.265,417.71,0.9647,48.34,0.7199,12.59,2.653e-05,0.2054,2.84,1.192,2.196,0.1951,8.319,0.4891,8.132
2022-04-13T16:46:26,41177.01,3091.64,104.81,0.2391,15.42,59.1,18.17,86.86,5.753,159.42,0.5373,0.0219,0.006144,2.03,1.513,2.105,1.418,3.781,158.64,13.28,0.8446,1.519,0.5671,2.267,417.94,0.9647,48.33,0.7202,12.58,2.654e-05,0.2056,2.841,1.193,2.197,0.1952,8.319,0.489,8.133
2022-04-13T16:46:56,41196.64,3093.26,104.91,0.2393,15.42,59.1,18.18,86.92,5.762,159.63,0.5387,0.02188,0.006144,2.03,1.515,2.106,1.419,3.795,158.68,13.28,0.8446,1.519,0.5671,2.268,418.07,0.9654,48.33,0.7205,12.58,2.654e-05,0.2057,2.842,1.194,2.198,0.1952,8.334,0.4888,8.156
2022-04-13T16:47:26,41194.66,3093.56,104.91,0.2393,15.52,59.1,18.19,86.94,5.775,159.54,0.5387,0.02186,0.006144,2.03,1.515,2.105,1.421,3.797,158.7,13.28,0.8446,1.525,0.5671,2.267,418.25,0.9654,48.33,0.7204,12.58,2.656e-05,0.2057,2.845,1.195,2.199,0.1952,8.34,0.4884,8.165
2022-04-13T16:47:56,41186.09,3093.29,104.87,0.2392,15.52,59.1,18.19,86.88,5.78,159.49,0.5387,0.02181,0.006144,2.03,1.513,2.105,1.42,3.792,158.63,13.28,0.8446,1.523,0.5671,2.266,418.17,0.9647,48.33,0.7201,12.58,2.655e-05,0.2056,2.843,1.193,2.199,0.1952,8.339,0.4884,8.165
2022-04-13T16:48:26,41181.57,3092.43,104.71,0.239,15.52,59.1,18.17,86.87,5.781,159.31,0.5387,0.02181,0.006144,2.034,1.513,2.105,1.42,3.801,158.62,13.28,0.8472,1.517,0.5671,2.263,418.1,0.9645,48.37,0.7197,12.65,2.653e-05,0.2056,2.844,1.193,2.199,0.1951,8.335,0.4884,8.162
2022-04-13T16:48:56,41210.21,3092.41,104.85,0.2394,15.52,59.1,18.2,86.92,5.769,159.62,0.5387,0.02183,0.006144,2.034,1.513,2.109,1.421,3.801,158.72,13.28,0.8472,1.531,0.5671,2.267,418.25,0.9654,48.39,0.7209,12.65,2.655e-05,0.2058,2.845,1.193,2.201,0.1953,8.342,0.4894,8.164
2022-04-13T16:49:26,41225.73,3097.53,104.98,0.2395,15.52,59,18.21,86.93,5.769,159.76,0.5401,0.02185,0.006144,2.034,1.513,2.11,1.421,3.801,158.79,13.28,0.8468,1.538,0.5671,2.267,418.34,0.9648,48.43,0.7208,12.67,2.657e-05,0.2057,2.846,1.193,2.202,0.1953,8.352,0.4896,8.166
2022-04-13T16:49:56,41143.27,3092.62,104.91,0.2394,15.47,59,18.18,86.76,5.763,159.47,0.5401,0.02178,0.006156,2.034,1.513,2.106,1.419,3.78,158.63,13.28,0.8468,1.528,0.5671,2.262,417.92,0.9642,48.41,0.7196,12.65,2.652e-05,0.2052,2.839,1.191,2.197,0.195,8.349,0.4883,8.161
2022-04-13T16:50:26,41160.15,3094.45,104.93,0.2391,15.42,59,18.18,86.82,5.741,159.41,0.5401,0.02177,0.00615,2.028,1.51,2.107,1.42,3.781,158.6,13.28,0.8468,1.536,0.5671,2.263,417.86,0.9634,48.38,0.7199,12.65,2.655e-05,0.2052,2.84,1.193,2.198,0.1951,8.357,0.4883,8.156
2022-04-13T16:50:56,41156.48,3092.74,104.92,0.2388,15.42,59,18.17,86.77,5.75,159.35,0.5386,0.02179,0.006284,2.028,1.51,2.106,1.42,3.771,158.47,13.28,0.8468,1.53,0.5671,2.261,417.88,0.9624,48.33,0.7194,12.65,2.655e-05,0.2052,2.84,1.193,2.198,0.195,8.342,0.4879,8.149
2022-04-13T16:51:26,41047.17,3090.43,105.02,0.2384,15.45,58.9,18.15,86.78,5.73,158.92,0.5389,0.02174,0.006304,2.028,1.507,2.101,1.42,3.763,158.35,13.28,0.8468,1.532,0.5671,2.26,417.38,0.9628,48.33,0.7188,12.64,2.653e-05,0.2052,2.839,1.192,2.196,0.195,8.355,0.4868,8.149
2022-04-13T16:51:56,41043.26,3090.19,104.94,0.2384,15.45,58.9,18.14,86.74,5.724,158.96,0.5389,0.02177,0.006289,2.022,1.508,2.101,1.418,3.773,158.31,13.28,0.8468,1.531,0.5671,2.259,417.35,0.9619,48.32,0.7188,12.64,2.647e-05,0.2052,2.838,1.192,2.195,0.195,8.358,0.4871,8.144
2022-04-13T16:52:26,41048.15,3089.66,104.96,0.2384,15.45,59,18.14,86.76,5.726,159,0.5389,0.02174,0.00622,2.022,1.508,2.1,1.418,3.769,158.32,13.28,0.8468,1.535,0.5671,2.259,417.26,0.9623,48.3,0.7186,12.65,2.646e-05,0.2049,2.836,1.192,2.194,0.1949,8.351,0.4871,8.139
2022-04-13T16:52:56,41033.2,3089.41,104.96,0.2381,15.45,58.9,18.14,86.79,5.711,158.85,0.5388,0.02175,0.00622,2.022,1.508,2.1,1.416,3.758,158.3,13.28,0.8468,1.533,0.5671,2.258,417.31,0.9623,48.28,0.7185,12.65,2.642e-05,0.2049,2.836,1.191,2.194,0.1949,8.351,0.4871,8.145
2022-04-13T16:53:26,41010.24,3089.11,105.01,0.238,15.45,58.9,18.13,86.76,5.702,158.79,0.5386,0.02174,0.006206,2.022,1.507,2.098,1.416,3.758,158.33,13.27,0.8468,1.526,0.5671,2.258,417.36,0.962,48.23,0.7185,12.65,2.64e-05,0.205,2.835,1.189,2.194,0.1948,8.339,0.4866,8.14
2022-04-13T16:53:56,41013.51,3086.45,104.96,0.2376,15.45,58.9,18.11,86.79,5.698,158.75,0.5383,0.02172,0.006206,2.023,1.506,2.098,1.415,3.753,158.32,13.27,0.8452,1.526,0.5671,2.257,417.26,0.9619,48.22,0.718,12.64,2.632e-05,0.2048,2.833,1.188,2.192,0.1947,8.329,0.4865,8.139
2022-04-13T16:54:26,40994.88,3087.55,104.87,0.2375,15.4,58.9,18.11,86.77,5.709,158.69,0.5383,0.02171,0.006206,2.023,1.507,2.097,1.415,3.747,158.15,13.27,0.8452,1.525,0.5671,2.256,417.08,0.9614,48.21,0.718,12.57,2.626e-05,0.2046,2.833,1.188,2.191,0.1947,8.324,0.4864,8.139
2022-04-13T16:54:56,40961.7,3085.09,104.66,0.2371,15.4,58.7,18.09,86.73,5.698,158.61,0.5346,0.0217,0.006206,2.014,1.505,2.096,1.416,3.747,158.05,13.27,0.8452,1.525,0.5671,2.255,416.66,0.961,48.17,0.7179,12.56,2.625e-05,0.2045,2.832,1.187,2.189,0.1946,8.29,0.4866,8.133
2022-04-13T16:55:26,40967.45,3084.4,104.54,0.2371,15.39,58.7,18.09,86.74,5.694,158.61,0.5357,0.02166,0.006206,2.014,1.505,2.096,1.414,3.747,158,13.18,0.8452,1.514,0.5671,2.253,416.62,0.9612,48.14,0.7178,12.56,2.625e-05,0.2045,2.831,1.187,2.185,0.1946,8.282,0.4861,8.125
2022-04-13T16:55:56,40960.75,3083.42,104.48,0.2372,15.36,58.8,18.08,86.75,5.687,158.57,0.5346,0.02164,0.006194,2.013,1.507,2.096,1.413,3.747,157.92,13.18,0.8452,1.511,0.5671,2.251,416.62,0.9611,48.11,0.7174,12.55,2.626e-05,0.2045,2.83,1.185,2.185,0.1945,8.278,0.486,8.127
2022-04-13T16:56:26,40961.12,3085.01,104.54,0.2372,15.36,58.7,18.08,86.79,5.685,158.56,0.5346,0.02162,0.006194,2.013,1.505,2.096,1.414,3.736,157.96,13.18,0.8452,1.511,0.5671,2.251,416.41,0.9606,48.14,0.7173,12.56,2.627e-05,0.2045,2.831,1.185,2.186,0.1946,8.272,0.4857,8.124
2022-04-13T16:56:56,40986.77,3085.49,104.66,0.2372,15.36,58.7,18.08,86.83,5.698,158.6,0.5345,0.02165,0.006194,2.002,1.506,2.097,1.415,3.748,157.97,13.18,0.8452,1.511,0.5671,2.253,416.79,0.9608,48.12,0.7174,12.56,2.627e-05,0.2045,2.833,1.186,2.187,0.1947,8.269,0.486,8.126
2022-04-13T16:57:26,41000.01,3086.01,104.7,0.2374,15.36,58.8,18.1,86.94,5.699,158.67,0.5346,0.02171,0.006194,2.002,1.506,2.098,1.415,3.748,158.01,13.15,0.8452,1.51,0.5671,2.252,417.01,0.9608,48.14,0.7174,12.56,2.627e-05,0.2045,2.832,1.186,2.187,0.1947,8.281,0.4861,8.129
2022-04-13T16:57:56,40987.19,3084.8,104.67,0.2375,15.36,58.9,18.1,86.94,5.691,158.65,0.5346,0.02166,0.006194,1.996,1.506,2.097,1.415,3.753,158.02,13.15,0.8452,1.51,0.5671,2.253,417.01,0.9616,48.15,0.7175,12.56,2.627e-05,0.2047,2.833,1.187,2.186,0.1947,8.283,0.4863,8.129
2022-04-13T16:58:26,40994.92,3086.17,104.68,0.2376,15.35,58.9,18.09,86.98,5.689,158.72,0.5341,0.02167,0.006183,1.996,1.506,2.097,1.415,3.747,158.03,13.15,0.8452,1.51,0.5671,2.253,417.02,0.9616,48.18,0.7175,12.56,2.626e-05,0.2047,2.833,1.187,2.186,0.1947,8.286,0.486,8.13
2022-04-13T16:58:56,40992.41,3086.13,104.68,0.2376,15.35,58.9,18.1,86.97,5.685,158.72,0.5355,0.02168,0.006183,1.996,1.505,2.097,1.415,3.75,158.08,13.15,0.842,1.513,0.5671,2.254,416.98,0.9615,48.2,0.7175,12.56,2.627e-05,0.2047,2.832,1.187,2.188,0.1947,8.291,0.486,8.124
2022-04-13T16:59:26,41019.62,3088.49,104.76,0.2377,15.35,58.9,18.11,86.96,5.7,158.89,0.5354,0.02175,0.006183,1.996,1.507,2.096,1.416,3.746,158.14,13.12,0.8381,1.511,0.5671,2.255,417.12,0.9619,48.23,0.7178,12.57,2.629e-05,0.2047,2.833,1.187,2.19,0.1948,8.29,0.486,8.129
2022-04-13T16:59:56,41013.36,3086.58,104.69,0.2379,15.35,58.9,18.1,86.92,5.699,159.08,0.5354,0.02176,0.006183,1.992,1.506,2.095,1.416,3.746,158.16,13.12,0.8381,1.511,0.5671,2.254,417.12,0.9612,48.23,0.7179,12.57,2.626e-05,0.2046,2.833,1.187,2.189,0.1947,8.289,0.4857,8.126
2022-04-13T17:00:26,41018.84,3086.72,104.63,0.238,15.35,58.9,18.1,86.86,5.688,158.86,0.5362,0.02176,0.006183,1.992,1.507,2.096,1.416,3.752,158.16,13.16,0.8381,1.512,0.5671,2.254,416.97,0.9612,48.21,0.718,12.57,2.626e-05,0.2045,2.832,1.186,2.188,0.1946,8.288,0.4853,8.126
2022-04-13T17:00:56,40998.67,3086.17,104.55,0.2379,15.35,58.8,18.09,86.82,5.684,158.83,0.5376,0.02174,0.006183,1.982,1.505,2.095,1.414,3.749,158.15,13.16,0.8381,1.509,0.5671,2.253,416.78,0.9614,48.2,0.718,12.56,2.629e-05,0.2043,2.831,1.185,2.187,0.1946,8.285,0.4849,8.118
2022-04-13T17:01:26,40988.01,3084.97,104.46,0.2378,15.33,58.7,18.08,86.85,5.674,158.87,0.5369,0.02172,0.006193,1.985,1.504,2.094,1.414,3.757,158.12,13.1,0.8381,1.509,0.5671,2.252,416.77,0.9607,48.19,0.7181,12.56,2.628e-05,0.2042,2.831,1.185,2.187,0.1946,8.278,0.4849,8.119
2022-04-13T17:01:56,40998.07,3085.03,104.47,0.2378,15.35,58.8,18.08,86.86,5.685,158.86,0.5369,0.02172,0.006179,1.976,1.506,2.095,1.413,3.767,158.13,13.1,0.8421,1.513,0.5671,2.251,416.82,0.961,48.19,0.7182,12.56,2.629e-05,0.2042,2.831,1.185,2.187,0.1946,8.276,0.4848,8.114
2022-04-13T17:02:26,40873.5,3075.28,104.11,0.2373,15.29,58.5,18.04,86.75,5.667,158.52,0.5373,0.02165,0.006176,1.981,1.5,2.089,1.41,3.756,157.82,13.1,0.8358,1.505,0.5671,2.245,416.07,0.9605,48.03,0.7169,12.6,2.625e-05,0.2036,2.821,1.182,2.183,0.1942,8.243,0.4844,8.104
2022-04-13T17:02:56,40976.69,3077.98,104.33,0.2377,15.29,58.5,18.06,86.66,5.667,158.77,0.5371,0.02175,0.006176,1.982,1.501,2.094,1.412,3.764,157.99,13.1,0.8358,1.516,0.5671,2.248,416.43,0.9612,48.07,0.7172,12.61,2.625e-05,0.2042,2.825,1.184,2.186,0.1944,8.253,0.4844,8.113
2022-04-13T17:03:26,41003.78,3078.94,104.4,0.2376,15.29,58.5,18.1,86.73,5.7,158.77,0.5381,0.0217,0.006181,1.986,1.505,2.095,1.413,3.772,157.95,13.1,0.8358,1.515,0.5671,2.25,416.63,0.9618,48.14,0.7175,12.61,2.625e-05,0.2042,2.827,1.184,2.187,0.1945,8.264,0.4845,8.118
2022-04-13T17:03:56,40997.66,3081.17,104.28,0.2377,15.29,58.7,18.1,86.7,5.695,158.76,0.5381,0.02167,0.006181,1.986,1.507,2.095,1.412,3.774,157.98,13.1,0.8358,1.515,0.5671,2.248,416.81,0.9618,48.15,0.7183,12.62,2.627e-05,0.2042,2.826,1.184,2.187,0.1944,8.264,0.4846,8.119
2022-04-13T17:04:26,40983.29,3079.95,104.29,0.2378,15.29,58.7,18.09,86.69,5.69,158.77,0.5355,0.02166,0.006181,1.986,1.506,2.094,1.413,3.776,158,13.1,0.8343,1.51,0.5671,2.247,416.76,0.9614,48.14,0.7181,12.61,2.628e-05,0.2042,2.825,1.184,2.186,0.1943,8.265,0.4846,8.126
2022-04-13T17:04:56,40943.76,3078.67,104.28,0.2376,15.29,58.5,18.07,86.67,5.679,158.65,0.5355,0.02166,0.006181,1.986,1.503,2.092,1.412,3.775,157.94,13.1,0.8343,1.51,0.5671,2.247,416.38,0.9614,48.11,0.7182,12.61,2.623e-05,0.204,2.825,1.183,2.185,0.1943,8.268,0.4844,8.12
2022-04-13T17:05:26,40933.15,3078.3,104.17,0.2376,15.22,58.5,18.07,86.64,5.676,158.62,0.5355,0.02165,0.006181,1.978,1.503,2.092,1.411,3.785,157.87,13.1,0.8308,1.51,0.5671,2.247,416.24,0.9611,48.09,0.7181,12.61,2.623e-05,0.2039,2.824,1.183,2.185,0.1943,8.265,0.4838,8.118
2022-04-13T17:05:56,40995.94,3081.65,104.33,0.2376,15.22,58.5,18.08,86.7,5.696,158.81,0.5328,0.02171,0.006173,1.987,1.507,2.098,1.413,3.781,158.06,13.1,0.8308,1.51,0.5671,2.249,416.72,0.9616,48.17,0.7183,12.62,2.624e-05,0.2044,2.827,1.184,2.187,0.1945,8.259,0.4842,8.12
2022-04-13T17:06:26,41050.17,3082.97,104.35,0.238,15.25,58.6,18.09,86.8,5.698,158.97,0.5351,0.02172,0.006179,1.988,1.507,2.101,1.413,3.786,158.12,13.1,0.8308,1.51,0.5671,2.25,416.93,0.9621,48.21,0.7185,12.63,2.629e-05,0.2042,2.829,1.184,2.188,0.1946,8.261,0.4847,8.129
2022-04-13T17:06:56,41013.24,3081.94,104.32,0.2379,15.25,58.6,18.09,86.74,5.694,158.77,0.5272,0.02172,0.006179,1.988,1.507,2.096,1.413,3.787,158.25,13.1,0.8308,1.511,0.5671,2.248,416.83,0.962,48.19,0.7185,12.63,2.629e-05,0.2043,2.827,1.183,2.188,0.1945,8.252,0.4846,8.129
2022-04-13T17:07:26,41000.13,3081.45,104.25,0.238,15.33,58.6,18.07,86.68,5.694,158.9,0.5279,0.02172,0.006179,1.988,1.504,2.094,1.414,3.798,158.17,13.11,0.8308,1.512,0.5671,2.247,416.64,0.962,48.17,0.7179,12.63,2.629e-05,0.2041,2.826,1.182,2.186,0.1945,8.25,0.4847,8.122
2022-04-13T17:07:56,41020.21,3078.95,104.33,0.238,15.33,58.6,18.07,86.69,5.706,158.85,0.5279,0.02171,0.006179,1.988,1.505,2.095,1.414,3.81,158.2,13.11,0.8308,1.515,0.5671,2.247,416.61,0.962,48.18,0.7181,12.62,2.63e-05,0.2042,2.827,1.183,2.187,0.1945,8.242,0.4844,8.127
2022-04-13T17:08:26,41011.44,3078.51,104.33,0.2379,15.33,58.6,18.08,86.71,5.704,158.85,0.5282,0.02171,0.006179,1.988,1.505,2.095,1.414,3.8,158.19,13.11,0.8308,1.515,0.5671,2.248,416.81,0.9628,48.21,0.7183,12.61,2.63e-05,0.2042,2.827,1.184,2.188,0.1945,8.233,0.4845,8.127
2022-04-13T17:08:56,41023.48,3079.44,104.34,0.2381,15.33,58.6,18.08,86.74,5.707,158.88,0.5298,0.02171,0.006179,1.988,1.506,2.096,1.415,3.81,158.2,13.11,0.8308,1.517,0.5671,2.248,416.85,0.9623,48.23,0.7184,12.62,2.631e-05,0.2042,2.828,1.184,2.188,0.1945,8.235,0.4845,8.122
2022-04-13T17:09:26,41006.49,3078.5,104.31,0.238,15.33,58.4,18.09,86.73,5.693,158.89,0.5299,0.0217,0.006179,1.988,1.505,2.095,1.414,3.824,158.17,13.11,0.8308,1.518,0.5671,2.247,416.66,0.9624,48.2,0.7184,12.62,2.63e-05,0.204,2.827,1.184,2.187,0.1945,8.227,0.4846,8.128
2022-04-13T17:09:56,41027.35,3079.44,104.28,0.2379,15.32,58.5,18.08,86.7,5.726,158.85,0.5297,0.0217,0.006172,1.988,1.505,2.096,1.413,3.82,158.19,13.11,0.8334,1.518,0.5671,2.247,416.84,0.9625,48.22,0.7184,12.62,2.63e-05,0.2041,2.827,1.184,2.188,0.1945,8.226,0.4843,8.128
2022-04-13T17:10:26,41039.1,3079.96,104.31,0.2379,15.32,58.5,18.09,86.68,5.724,158.96,0.5283,0.0217,0.006172,1.997,1.506,2.097,1.415,3.834,158.23,13.11,0.8334,1.518,0.5671,2.247,416.87,0.9626,48.23,0.7184,12.62,2.629e-05,0.2041,2.828,1.184,2.188,0.1946,8.226,0.4845,8.129
2022-04-13T17:10:56,41034.9,3079.66,104.38,0.238,15.31,58.5,18.09,86.66,5.724,158.92,0.5298,0.02172,0.006172,1.997,1.506,2.096,1.416,3.831,158.32,13.11,0.8334,1.525,0.5671,2.248,417.03,0.9632,48.27,0.7185,12.55,2.63e-05,0.2044,2.828,1.184,2.189,0.1946,8.24,0.4843,8.134
2022-04-13T17:11:26,41023.2,3079.82,104.38,0.2381,15.33,58.5,18.09,86.66,5.714,158.96,0.5298,0.02173,0.006172,1.997,1.505,2.096,1.415,3.832,158.36,13.11,0.8334,1.526,0.5671,2.248,417.04,0.9628,48.24,0.7187,12.55,2.629e-05,0.2043,2.828,1.184,2.189,0.1946,8.236,0.4843,8.135
2022-04-13T17:11:56,41013.94,3079.34,104.3,0.238,15.34,58.5,18.09,86.64,5.7,158.96,0.5286,0.02172,0.006172,1.997,1.506,2.095,1.416,3.832,158.43,13.14,0.8334,1.526,0.5671,2.248,416.93,0.9624,48.24,0.7189,12.55,2.629e-05,0.2043,2.828,1.184,2.188,0.1947,8.232,0.4847,8.136
2022-04-13T17:12:26,41005.24,3079.2,104.3,0.238,15.34,58.5,18.09,86.6,5.701,158.92,0.5293,0.0217,0.006185,1.997,1.504,2.095,1.416,3.845,158.37,13.14,0.8334,1.521,0.5671,2.248,416.77,0.9625,48.23,0.7189,12.55,2.629e-05,0.2041,2.828,1.184,2.187,0.1947,8.234,0.4847,8.134
2022-04-13T17:12:56,41079.71,3082.91,104.55,0.2383,15.33,58.4,18.09,86.61,5.718,159.09,0.5286,0.02173,0.006185,1.994,1.505,2.099,1.418,3.855,158.48,13.14,0.8334,1.528,0.5671,2.25,416.88,0.9633,48.24,0.7194,12.64,2.633e-05,0.2046,2.831,1.185,2.19,0.1948,8.234,0.4847,8.136
2022-04-13T17:13:26,41051.13,3082.03,104.44,0.2382,15.45,58.4,18.09,86.62,5.725,159.03,0.5286,0.02174,0.006196,1.994,1.507,2.097,1.417,3.84,158.52,13.14,0.8328,1.526,0.5671,2.249,416.98,0.9629,48.28,0.7191,12.64,2.634e-05,0.2046,2.831,1.185,2.19,0.1947,8.231,0.4849,8.136
2022-04-13T17:13:56,41054.82,3081.03,104.4,0.2383,15.44,58.5,18.1,86.6,5.723,159.02,0.5299,0.02173,0.006196,1.994,1.506,2.097,1.417,3.841,158.59,13.14,0.8328,1.526,0.5671,2.25,417.02,0.9628,48.27,0.719,12.64,2.636e-05,0.2045,2.83,1.185,2.19,0.1947,8.225,0.4846,8.135
2022-04-13T17:14:26,41043.07,3080.69,104.34,0.2383,15.44,58.5,18.1,86.57,5.734,159.04,0.5299,0.02174,0.006196,1.994,1.506,2.096,1.417,3.841,158.6,13.14,0.8328,1.526,0.5671,2.249,417.03,0.9626,48.25,0.719,12.63,2.633e-05,0.2045,2.83,1.184,2.189,0.1947,8.226,0.4846,8.135
2022-04-13T17:14:56,41030.21,3079.03,104.32,0.2383,15.44,58.4,18.09,86.56,5.721,159,0.5299,0.0217,0.006196,1.994,1.506,2.096,1.415,3.829,158.55,13.14,0.8375,1.522,0.5671,2.247,416.8,0.9622,48.23,0.7188,12.55,2.631e-05,0.2047,2.828,1.183,2.188,0.1946,8.226,0.4846,8.134
2022-04-13T17:15:26,41027.34,3079.99,104.35,0.2382,15.42,58.4,18.1,86.56,5.72,159.04,0.5299,0.02172,0.006196,1.994,1.506,2.096,1.415,3.825,158.5,13.18,0.8375,1.523,0.5671,2.248,416.86,0.9627,48.24,0.7187,12.56,2.632e-05,0.2047,2.828,1.184,2.188,0.1946,8.231,0.4845,8.135
2022-04-13T17:15:56,41034.78,3080.27,104.37,0.2383,15.39,58.4,18.1,86.64,5.717,159.11,0.5299,0.02175,0.006176,1.994,1.506,2.094,1.415,3.825,158.53,13.18,0.8418,1.526,0.5671,2.248,417.07,0.9628,48.23,0.7188,12.56,2.634e-05,0.2047,2.829,1.184,2.189,0.1945,8.229,0.4844,8.136
2022-04-13T17:16:26,41029.71,3080.21,104.38,0.2384,15.39,58.4,18.1,86.64,5.709,159.07,0.5299,0.02176,0.006176,1.992,1.506,2.093,1.415,3.83,158.52,13.18,0.8418,1.528,0.5671,2.248,417.06,0.9632,48.23,0.719,12.56,2.633e-05,0.2047,2.829,1.184,2.189,0.1945,8.221,0.4843,8.135
2022-04-13T17:16:56,41047.59,3081.57,104.54,0.2386,15.42,58.8,18.11,86.69,5.724,159.13,0.5299,0.02178,0.006182,1.99,1.506,2.098,1.417,3.843,158.64,13.18,0.8418,1.529,0.5671,2.249,417.17,0.9633,48.27,0.7197,12.65,2.635e-05,0.2047,2.831,1.184,2.19,0.1947,8.227,0.4843,8.139
2022-04-13T17:17:26,41057.06,3081.88,104.62,0.2386,15.42,58.7,18.12,86.79,5.706,159.24,0.5299,0.02182,0.006189,1.984,1.506,2.098,1.417,3.831,158.67,13.18,0.8418,1.522,0.5671,2.25,417.14,0.9634,48.31,0.7196,12.65,2.636e-05,0.2048,2.832,1.185,2.19,0.1947,8.232,0.4839,8.14
2022-04-13T17:17:56,41047.89,3081.56,104.54,0.2386,15.42,58.7,18.13,86.74,5.703,159.14,0.5299,0.02182,0.006189,1.984,1.506,2.098,1.416,3.833,158.65,13.18,0.8418,1.519,0.5671,2.25,417.25,0.9635,48.3,0.7197,12.65,2.636e-05,0.2048,2.831,1.184,2.19,0.1947,8.232,0.4839,8.142
2022-04-13T17:18:26,41070.39,3081.82,104.65,0.2389,15.42,58.7,18.14,86.74,5.703,159.24,0.5299,0.02187,0.006189,1.99,1.507,2.098,1.417,3.85,158.62,13.18,0.8418,1.523,0.5671,2.25,417.26,0.9637,48.32,0.7198,12.65,2.639e-05,0.2048,2.832,1.185,2.19,0.1947,8.229,0.4837,8.144
2022-04-13T17:18:56,41068.29,3081.93,104.66,0.2388,15.42,58.7,18.14,86.73,5.718,159.29,0.5299,0.02193,0.006189,1.99,1.508,2.098,1.417,3.846,158.63,13.18,0.8417,1.523,0.5671,2.249,417.41,0.9638,48.31,0.7197,12.65,2.637e-05,0.2048,2.833,1.185,2.191,0.1948,8.229,0.4838,8.152
2022-04-13T17:19:26,41095.72,3083.1,104.62,0.2389,15.39,58.7,18.15,86.73,5.717,159.37,0.53,0.022,0.006189,1.99,1.509,2.1,1.418,3.846,158.72,13.18,0.8417,1.55,0.5671,2.251,417.48,0.9642,48.33,0.7201,12.66,2.639e-05,0.2049,2.833,1.186,2.191,0.1948,8.229,0.484,8.15
2022-04-13T17:19:56,41074.13,3081.5,104.51,0.2389,15.45,58.7,18.14,86.64,5.714,159.33,0.53,0.02195,0.0062,1.99,1.509,2.098,1.417,3.886,158.7,13.18,0.8417,1.56,0.5671,2.25,417.38,0.9636,48.3,0.7199,12.66,2.64e-05,0.2047,2.833,1.186,2.191,0.1948,8.234,0.4839,8.155
2022-04-13T17:20:26,41064.7,3082.15,104.53,0.2392,15.45,58.7,18.14,86.66,5.715,159.35,0.5312,0.02195,0.0062,1.99,1.508,2.095,1.417,3.877,158.7,13.18,0.8417,1.56,0.5671,2.25,417.28,0.9641,48.3,0.7202,12.66,2.639e-05,0.2047,2.833,1.186,2.19,0.1948,8.228,0.4838,8.156
2022-04-13T17:20:56,41068.84,3082.55,104.53,0.2393,15.41,58.7,18.13,86.66,5.723,159.48,0.5291,0.02201,0.006204,1.99,1.507,2.095,1.417,3.877,158.71,13.18,0.8417,1.563,0.5671,2.249,417.32,0.9639,48.28,0.7203,12.66,2.641e-05,0.2046,2.832,1.185,2.191,0.1948,8.232,0.4839,8.152
2022-04-13T17:21:26,41057.95,3080.73,104.52,0.2391,15.43,58.8,18.12,86.63,5.722,159.52,0.5291,0.02198,0.006204,1.99,1.506,2.094,1.417,3.899,158.66,13.18,0.8458,1.558,0.5671,2.249,417.49,0.9639,48.27,0.72,12.66,2.642e-05,0.2046,2.832,1.185,2.19,0.1949,8.224,0.4834,8.156
2022-04-13T17:21:56,41066.28,3081.01,104.53,0.2392,15.43,58.7,18.12,86.66,5.719,159.39,0.5299,0.02198,0.006204,1.986,1.506,2.095,1.417,3.896,158.59,13.18,0.8458,1.559,0.5671,2.249,417.4,0.9644,48.29,0.7201,12.66,2.643e-05,0.2045,2.832,1.185,2.19,0.1949,8.225,0.4836,8.151
2022-04-13T17:22:26,41064.81,3080.89,104.52,0.2393,15.43,58.7,18.12,86.71,5.717,159.43,0.529,0.02202,0.006204,1.986,1.506,2.095,1.417,3.895,158.6,13.18,0.8458,1.557,0.5671,2.249,417.37,0.9642,48.33,0.72,12.66,2.643e-05,0.2045,2.833,1.185,2.19,0.1949,8.218,0.4837,8.156
2022-04-13T17:22:56,41058.48,3080.46,104.59,0.2392,15.43,58.7,18.12,86.72,5.709,159.41,0.5286,0.02199,0.006204,1.986,1.506,2.094,1.417,3.907,158.5,13.18,0.8458,1.559,0.5671,2.249,417.48,0.9639,48.32,0.72,12.65,2.642e-05,0.2045,2.834,1.185,2.19,0.1948,8.217,0.4837,8.156
2022-04-13T17:23:26,41072.2,3081.08,104.65,0.2393,15.43,58.7,18.13,86.74,5.717,159.42,0.5286,0.02199,0.006192,1.991,1.506,2.095,1.417,3.916,158.52,13.18,0.8456,1.557,0.5671,2.25,417.53,0.9644,48.35,0.7201,12.66,2.643e-05,0.2046,2.836,1.185,2.19,0.1949,8.215,0.4837,8.156
2022-04-13T17:23:56,41066.08,3082.08,104.63,0.2393,15.43,58.7,18.13,86.73,5.716,159.46,0.5286,0.02198,0.006193,1.991,1.506,2.095,1.418,3.913,158.47,13.18,0.8456,1.557,0.5671,2.249,417.5,0.9643,48.35,0.7199,12.67,2.645e-05,0.2046,2.836,1.185,2.19,0.1949,8.215,0.4838,8.155
2022-04-13T17:24:26,41093.77,3085.42,104.78,0.2394,15.43,58.7,18.14,86.8,5.727,159.57,0.5286,0.02203,0.006193,1.991,1.506,2.096,1.419,3.915,158.61,13.18,0.8456,1.56,0.5671,2.25,417.81,0.9652,48.37,0.7202,12.68,2.647e-05,0.2047,2.837,1.186,2.191,0.195,8.223,0.484,8.16
2022-04-13T17:24:56,41073.45,3082.77,104.61,0.2394,15.47,58.7,18.13,86.88,5.73,159.4,0.5286,0.02202,0.006204,1.991,1.507,2.095,1.418,3.906,158.59,13.27,0.8456,1.563,0.5671,2.249,417.73,0.964,48.36,0.72,12.67,2.645e-05,0.2046,2.836,1.186,2.191,0.1949,8.219,0.4838,8.156
2022-04-13T17:25:26,41063.67,3081.26,104.57,0.2391,15.47,58.8,18.13,86.86,5.722,159.4,0.5286,0.022,0.006204,1.991,1.506,2.094,1.419,3.892,158.59,13.27,0.8456,1.562,0.5668,2.249,417.61,0.9647,48.36,0.72,12.66,2.643e-05,0.2046,2.837,1.187,2.191,0.1949,8.212,0.4839,8.152
2022-04-13T17:25:56,41055.01,3079.83,104.52,0.239,15.47,58.7,18.13,86.79,5.719,159.45,0.5285,0.02199,0.006204,1.991,1.504,2.094,1.419,3.887,158.45,13.25,0.8499,1.568,0.5668,2.249,417.48,0.9645,48.32,0.7204,12.66,2.639e-05,0.2044,2.835,1.188,2.191,0.195,8.197,0.4838,8.151
2022-04-13T17:26:26,41036.87,3077.91,104.4,0.239,15.47,58.7,18.12,86.76,5.71,159.34,0.5282,0.02202,0.006204,1.991,1.504,2.083,1.418,3.874,158.37,13.25,0.8499,1.566,0.5668,2.249,417.42,0.9644,48.31,0.7205,12.65,2.636e-05,0.2045,2.835,1.187,2.19,0.1949,8.197,0.4837,8.15
2022-04-13T17:26:56,41047.31,3079.05,104.35,0.2389,15.43,58.7,18.12,86.7,5.706,159.35,0.5264,0.02202,0.006204,1.991,1.505,2.083,1.418,3.874,158.32,13.25,0.8499,1.57,0.5668,2.249,417.38,0.9639,48.3,0.7205,12.66,2.636e-05,0.2045,2.834,1.188,2.19,0.195,8.191,0.4835,8.155
2022-04-13T17:27:26,41046.25,3079.13,104.32,0.2386,15.44,58.8,18.11,86.7,5.704,159.26,0.5263,0.02203,0.006192,1.991,1.505,2.083,1.418,3.868,158.32,13.25,0.8469,1.566,0.5668,2.25,417.31,0.9638,48.26,0.7205,12.58,2.637e-05,0.2045,2.833,1.188,2.19,0.195,8.188,0.4828,8.15
2022-04-13T17:27:56,41054.12,3079.79,104.33,0.2387,15.44,58.8,18.11,86.66,5.715,159.33,0.526,0.02205,0.006191,1.991,1.505,2.083,1.418,3.873,158.24,13.25,0.8469,1.564,0.5668,2.25,417.4,0.9638,48.27,0.7204,12.58,2.639e-05,0.2045,2.833,1.188,2.19,0.1948,8.175,0.483,8.144
2022-04-13T17:28:26,41078.01,3080.17,104.43,0.2389,15.44,58.8,18.12,86.69,5.717,159.31,0.5259,0.02208,0.006191,2.007,1.505,2.084,1.418,3.882,158.27,13.25,0.8469,1.56,0.5668,2.247,417.38,0.9643,48.27,0.7205,12.58,2.64e-05,0.2042,2.834,1.189,2.19,0.1948,8.187,0.4829,8.145
2022-04-13T17:28:56,41084.87,3080.36,104.46,0.2389,15.44,58.8,18.12,86.72,5.742,159.27,0.5259,0.02216,0.006191,2.003,1.505,2.085,1.418,3.877,158.27,13.25,0.8469,1.56,0.5668,2.249,417.48,0.9644,48.27,0.7206,12.58,2.643e-05,0.2042,2.835,1.19,2.19,0.1948,8.189,0.4829,8.143
2022-04-13T17:29:26,41068.26,3078.61,104.39,0.2389,15.44,58.8,18.12,86.73,5.733,159.22,0.5259,0.02217,0.006191,2.003,1.506,2.084,1.418,3.877,158.26,13.25,0.8469,1.563,0.5668,2.246,417.4,0.9643,48.25,0.7203,12.58,2.64e-05,0.2041,2.834,1.19,2.19,0.1947,8.188,0.483,8.142
2022-04-13T17:29:56,41060.94,3078.94,104.5,0.2389,15.44,58.8,18.13,86.72,5.72,159.32,0.5259,0.02218,0.006191,2.005,1.504,2.083,1.418,3.878,158.27,13.25,0.8469,1.563,0.5668,2.247,417.39,0.9645,48.27,0.7204,12.58,2.641e-05,0.2041,2.834,1.19,2.19,0.1947,8.186,0.4829,8.142
2022-04-13T17:30:26,41077.73,3080.76,104.54,0.2389,15.44,58.7,18.13,86.77,5.737,159.34,0.5259,0.0222,0.006191,2.005,1.505,2.084,1.418,3.878,158.26,13.25,0.8469,1.563,0.5668,2.247,417.77,0.9645,48.27,0.7206,12.59,2.644e-05,0.2041,2.835,1.191,2.191,0.1947,8.188,0.483,8.142
2022-04-13T17:30:56,41083.86,3080.6,104.63,0.239,15.47,58.7,18.13,86.78,5.724,159.36,0.5264,0.02216,0.00627,2.005,1.505,2.094,1.419,3.888,158.26,13.25,0.8383,1.553,0.5668,2.247,418.05,0.9642,48.28,0.7206,12.59,2.643e-05,0.2043,2.836,1.192,2.191,0.1947,8.187,0.483,8.15
2022-04-13T17:31:26,41073.23,3078.86,104.56,0.2388,15.47,58.7,18.12,86.72,5.713,159.28,0.5264,0.02215,0.00627,2.005,1.505,2.094,1.418,3.909,158.23,13.25,0.8383,1.553,0.5668,2.245,417.92,0.9644,48.27,0.7204,12.58,2.64e-05,0.2043,2.833,1.191,2.188,0.1946,8.19,0.4831,8.157
2022-04-13T17:31:56,41073.41,3078.83,104.62,0.2388,15.47,58.7,18.12,86.7,5.718,159.26,0.5259,0.02216,0.00627,2.005,1.504,2.094,1.418,3.923,158.26,13.32,0.8383,1.56,0.5668,2.247,417.87,0.9644,48.25,0.7205,12.58,2.64e-05,0.2043,2.833,1.191,2.189,0.1946,8.19,0.4831,8.165
2022-04-13T17:32:26,41074.07,3078.78,104.61,0.2382,15.44,58.7,18.11,86.66,5.713,159.17,0.5261,0.02217,0.00627,2.005,1.503,2.094,1.418,3.93,158.24,13.32,0.8383,1.556,0.5668,2.246,417.85,0.9643,48.25,0.7204,12.58,2.639e-05,0.2043,2.832,1.19,2.188,0.1945,8.182,0.4831,8.17
2022-04-13T17:32:56,41071.25,3078.58,104.56,0.2381,15.44,58.8,18.1,86.65,5.714,159.17,0.5261,0.02225,0.00627,2.005,1.501,2.093,1.417,3.92,158.2,13.36,0.8383,1.555,0.5668,2.245,417.85,0.9644,48.24,0.7203,12.58,2.638e-05,0.2043,2.83,1.189,2.187,0.1945,8.186,0.483,8.17
2022-04-13T17:33:26,41030.37,3075.8,104.41,0.2379,15.44,58.8,18.09,86.61,5.708,158.96,0.5265,0.02225,0.006226,2.005,1.501,2.088,1.416,3.91,158.03,13.36,0.844,1.551,0.5668,2.241,417.55,0.9623,48.15,0.7197,12.64,2.633e-05,0.2043,2.826,1.187,2.185,0.1944,8.171,0.4824,8.159
2022-04-13T17:33:56,41036.33,3076.98,104.44,0.2378,15.44,58.8,18.09,86.61,5.701,158.98,0.5282,0.02226,0.006213,2.005,1.502,2.088,1.415,3.911,157.96,13.32,0.844,1.555,0.5668,2.24,417.41,0.963,48.16,0.7198,12.64,2.635e-05,0.2043,2.825,1.187,2.184,0.1943,8.175,0.4822,8.16
2022-04-13T17:34:26,41028.69,3076.61,104.38,0.2378,15.44,58.6,18.08,86.58,5.714,158.72,0.5262,0.02224,0.006213,2.005,1.5,2.085,1.416,3.912,157.94,13.32,0.844,1.552,0.5668,2.239,417.39,0.9631,48.16,0.7195,12.64,2.633e-05,0.2043,2.824,1.186,2.181,0.1943,8.174,0.4808,8.159
2022-04-13T17:34:56,40986.2,3073.47,104.37,0.2378,15.44,58.7,18.08,86.49,5.721,158.26,0.5262,0.02221,0.006213,2.005,1.5,2.083,1.414,3.911,157.83,13.32,0.844,1.552,0.5668,2.239,417.31,0.9627,48.16,0.7195,12.63,2.631e-05,0.2043,2.823,1.185,2.181,0.1942,8.16,0.4804,8.157
2022-04-13T17:35:26,40990.44,3074.51,104.25,0.2377,15.44,58.7,18.07,86.45,5.71,158.25,0.5257,0.02218,0.006213,2.005,1.499,2.083,1.413,3.908,157.82,13.32,0.844,1.552,0.5668,2.241,417.18,0.963,48.1,0.7192,12.63,2.629e-05,0.2039,2.824,1.185,2.179,0.1942,8.163,0.4799,8.153
2022-04-13T17:35:56,41000.72,3075.65,104.3,0.2378,15.57,58.6,18.06,86.5,5.705,158.34,0.5261,0.02219,0.006213,2.005,1.499,2.083,1.415,3.908,157.79,13.32,0.844,1.552,0.5668,2.243,417.32,0.9631,48.11,0.7192,12.63,2.631e-05,0.2039,2.825,1.185,2.18,0.1942,8.168,0.4803,8.153
2022-04-13T17:36:26,40989.55,3073.05,104.25,0.2377,15.48,58.7,18.06,86.5,5.71,158.29,0.5261,0.02219,0.006213,2.005,1.499,2.082,1.415,3.93,157.79,13.32,0.844,1.549,0.5668,2.243,417.23,0.9623,48.08,0.7191,12.62,2.629e-05,0.2039,2.823,1.185,2.18,0.1941,8.165,0.4803,8.158
2022-04-13T17:36:56,40947.92,3070.52,104.22,0.2374,15.48,58.7,18.05,86.44,5.699,158.31,0.5261,0.02217,0.006213,2.005,1.497,2.08,1.414,3.925,157.74,13.32,0.8441,1.54,0.5668,2.242,416.95,0.9622,48.05,0.7187,12.61,2.628e-05,0.2036,2.821,1.184,2.178,0.194,8.167,0.4803,8.157
2022-04-13T17:37:26,40908.59,3069.86,103.95,0.2373,15.48,58.5,18.05,86.37,5.69,158.27,0.5261,0.02216,0.006213,2.005,1.496,2.081,1.414,3.925,157.68,13.32,0.8485,1.544,0.5668,2.241,416.82,0.962,48.02,0.7185,12.6,2.627e-05,0.2036,2.82,1.183,2.178,0.194,8.169,0.4796,8.145
2022-04-13T17:37:56,40897.4,3069.95,103.82,0.2372,15.48,58.5,18.03,86.37,5.684,158.15,0.5261,0.02222,0.006213,2.005,1.496,2.08,1.412,3.923,157.58,13.3,0.8485,1.543,0.5668,2.241,416.67,0.9613,47.97,0.7182,12.6,2.627e-05,0.2036,2.82,1.182,2.176,0.1939,8.162,0.4794,8.144
2022-04-13T17:38:26,40933.7,3070.78,103.85,0.2374,15.48,58.7,18.04,86.33,5.687,157.91,0.5257,0.02221,0.006213,2.005,1.496,2.082,1.412,3.923,157.53,13.3,0.8485,1.543,0.5666,2.241,416.69,0.9619,47.92,0.7183,12.6,2.63e-05,0.2037,2.822,1.181,2.177,0.194,8.166,0.4785,8.147
2022-04-13T17:38:56,40935.4,3073.14,103.87,0.2373,15.48,58.7,18.05,86.36,5.684,158.08,0.5257,0.02224,0.006204,2.005,1.498,2.082,1.414,3.923,157.54,13.3,0.8485,1.543,0.5666,2.243,416.9,0.9621,47.95,0.7186,12.61,2.63e-05,0.2038,2.822,1.181,2.177,0.1941,8.166,0.4788,8.149
2022-04-13T17:39:26,40912.64,3073.41,103.95,0.2372,15.29,58.7,18.05,86.35,5.687,158.04,0.5258,0.0222,0.006204,2.005,1.498,2.081,1.413,3.9,157.6,13.3,0.8485,1.54,0.5666,2.242,416.76,0.962,47.99,0.7184,12.61,2.633e-05,0.2036,2.822,1.181,2.178,0.194,8.155,0.4793,8.156
2022-04-13T17:39:56,40900.77,3072.01,103.89,0.2371,15.29,58.7,18.04,86.35,5.682,158.07,0.525,0.02214,0.006204,2.004,1.497,2.081,1.413,3.916,157.58,13.3,0.8425,1.542,0.5666,2.242,416.84,0.9614,47.98,0.7185,12.62,2.632e-05,0.2036,2.822,1.181,2.177,0.194,8.155,0.4793,8.154
2022-04-13T17:40:26,40905.17,3071.78,103.94,0.2371,15.29,58.7,18.04,86.35,5.682,158.14,0.525,0.02213,0.006204,2.005,1.497,2.081,1.413,3.913,157.57,13.3,0.8425,1.542,0.5666,2.243,416.79,0.9618,47.97,0.7185,12.61,2.632e-05,0.2036,2.822,1.18,2.177,0.1938,8.153,0.4792,8.153
2022-04-13T17:40:56,40908.41,3072.89,103.96,0.2373,15.29,58.7,18.04,86.36,5.681,158.01,0.526,0.0221,0.006204,2.005,1.496,2.081,1.413,3.928,157.56,13.3,0.836,1.54,0.5666,2.243,416.78,0.9616,47.99,0.7185,12.62,2.633e-05,0.2037,2.823,1.18,2.177,0.1938,8.152,0.4794,8.145
2022-04-13T17:41:26,40907.28,3072.55,103.96,0.2372,15.29,58.8,18.03,86.31,5.678,157.59,0.5259,0.02208,0.006204,2.005,1.497,2.081,1.413,3.927,157.53,13.3,0.836,1.54,0.5666,2.243,416.88,0.9618,47.99,0.7179,12.62,2.632e-05,0.2038,2.822,1.179,2.178,0.1938,8.154,0.4796,8.145
2022-04-13T17:41:56,40899.54,3071.84,103.95,0.2372,15.3,58.6,18.04,86.27,5.675,157.75,0.5259,0.02205,0.006204,2.005,1.496,2.081,1.413,3.925,157.52,13.28,0.8285,1.54,0.5666,2.242,416.72,0.9617,48,0.7181,12.62,2.631e-05,0.2038,2.823,1.179,2.177,0.1938,8.151,0.4794,8.149
2022-04-13T17:42:26,40901.01,3072.15,103.93,0.2372,15.3,58.6,18.04,86.24,5.674,157.78,0.5259,0.02206,0.006204,2.005,1.496,2.081,1.413,3.924,157.52,13.28,0.8285,1.539,0.5666,2.242,416.76,0.9618,48.01,0.718,12.62,2.631e-05,0.2038,2.822,1.179,2.177,0.1938,8.148,0.4799,8.149
2022-04-13T17:42:56,40901.79,3071.91,103.92,0.2371,15.3,58.7,18.03,86.21,5.677,157.78,0.5259,0.02199,0.006204,1.999,1.496,2.081,1.413,3.924,157.5,13.28,0.8285,1.539,0.5666,2.242,416.76,0.9613,48.01,0.718,12.62,2.63e-05,0.2038,2.822,1.179,2.177,0.1938,8.144,0.48,8.15
2022-04-13T17:43:26,40899.88,3071.87,103.93,0.237,15.3,58.7,18.03,86.22,5.676,157.88,0.5259,0.02198,0.006204,1.999,1.496,2.081,1.413,3.92,157.49,13.28,0.8285,1.539,0.5666,2.242,416.79,0.9614,48.02,0.7183,12.62,2.63e-05,0.2038,2.823,1.179,2.177,0.1938,8.144,0.4798,8.149
2022-04-13T17:43:56,40887.71,3070.68,103.92,0.237,15.3,58.6,18.02,86.22,5.672,157.83,0.5282,0.02195,0.006204,1.991,1.495,2.08,1.412,3.914,157.4,13.3,0.832,1.539,0.5666,2.241,416.79,0.9617,48.02,0.7181,12.61,2.63e-05,0.2038,2.822,1.179,2.177,0.1938,8.14,0.48,8.15
2022-04-13T17:44:26,40901.41,3070.29,103.97,0.2371,15.29,58.6,18.02,86.21,5.667,157.89,0.5265,0.02202,0.006211,1.993,1.495,2.081,1.413,3.9,157.45,13.3,0.832,1.538,0.5666,2.241,416.83,0.9612,48,0.7178,12.61,2.629e-05,0.2038,2.823,1.179,2.177,0.1938,8.133,0.4799,8.144
2022-04-13T17:44:56,40911.19,3070.79,104.05,0.2371,15.29,58.8,18.02,86.24,5.667,157.91,0.5265,0.02201,0.006208,1.991,1.495,2.082,1.413,3.906,157.47,13.29,0.8365,1.54,0.5666,2.241,416.79,0.9615,48.01,0.7179,12.62,2.631e-05,0.2038,2.824,1.179,2.177,0.1938,8.129,0.48,8.145
2022-04-13T17:45:26,40894.83,3070.24,103.88,0.2371,15.29,58.6,18.02,86.2,5.709,157.72,0.5265,0.02198,0.006208,1.986,1.495,2.081,1.412,3.906,157.39,13.29,0.8365,1.538,0.5666,2.241,416.82,0.9617,48,0.7179,12.61,2.631e-05,0.2038,2.821,1.179,2.176,0.1938,8.122,0.4798,8.145
2022-04-13T17:45:56,40889.07,3070.74,103.88,0.2371,15.29,58.6,18.02,86.14,5.7,157.68,0.5265,0.02194,0.006208,1.986,1.496,2.08,1.412,3.901,157.33,13.25,0.8365,1.537,0.5666,2.241,416.69,0.9613,47.98,0.7176,12.62,2.63e-05,0.2038,2.821,1.179,2.175,0.1938,8.122,0.4793,8.144
2022-04-13T17:46:26,40969.44,3073.25,103.94,0.2372,15.29,58.8,18.04,86.21,5.7,158.13,0.5266,0.02205,0.006208,2.003,1.495,2.085,1.413,3.905,157.62,13.25,0.8365,1.546,0.5666,2.248,417.14,0.9622,47.99,0.7183,12.63,2.635e-05,0.2041,2.822,1.18,2.176,0.1942,8.148,0.4792,8.159
2022-04-13T17:46:56,41013.54,3076.67,104.16,0.238,15.29,58.8,18.08,86.34,5.719,157.97,0.5266,0.02203,0.006208,2.003,1.501,2.087,1.417,3.905,157.79,13.25,0.8365,1.551,0.5478,2.245,417.65,0.9626,48.11,0.7185,12.64,2.639e-05,0.2041,2.824,1.18,2.179,0.1942,8.153,0.48,8.162
2022-04-13T17:47:26,40997,3076.23,104.11,0.2378,15.44,58.8,18.05,86.28,5.72,157.89,0.5268,0.02199,0.006236,2,1.499,2.086,1.415,3.905,157.72,13.25,0.8365,1.557,0.5478,2.244,417.55,0.9627,48.11,0.7193,12.64,2.638e-05,0.2037,2.825,1.181,2.177,0.1941,8.155,0.48,8.167
2022-04-13T17:47:56,40985.63,3075.44,104.06,0.2377,15.44,58.7,18.04,86.23,5.724,157.81,0.5267,0.02198,0.006236,2.001,1.497,2.085,1.413,3.9,157.6,13.25,0.8365,1.557,0.5478,2.244,417.46,0.9632,48.07,0.7191,12.64,2.639e-05,0.2037,2.824,1.18,2.176,0.1941,8.147,0.4804,8.165
2022-04-13T17:48:26,40984.67,3074.71,104.08,0.2378,15.44,58.7,18.04,86.24,5.727,157.83,0.5267,0.02196,0.006217,2.001,1.497,2.085,1.414,3.897,157.47,13.25,0.8365,1.556,0.5478,2.244,417.37,0.9628,48.1,0.719,12.64,2.639e-05,0.2036,2.824,1.181,2.177,0.194,8.129,0.4803,8.163
2022-04-13T17:48:56,40978.55,3074.29,104.09,0.2379,15.44,58.7,18.04,86.23,5.719,157.77,0.5267,0.02193,0.006217,2.001,1.498,2.085,1.414,3.888,157.45,13.25,0.8365,1.553,0.5478,2.244,417.31,0.9631,48.11,0.7191,12.64,2.639e-05,0.2036,2.824,1.18,2.177,0.194,8.136,0.4799,8.157
2022-04-13T17:49:26,40977.72,3075.54,104.1,0.238,15.44,58.7,18.04,86.24,5.725,157.73,0.5267,0.02191,0.006217,2.001,1.496,2.085,1.414,3.888,157.44,13.25,0.8365,1.556,0.5478,2.246,417.32,0.9633,48.1,0.7192,12.64,2.639e-05,0.2036,2.825,1.181,2.177,0.194,8.136,0.4799,8.157
2022-04-13T17:49:56,40979.86,3075.49,104.08,0.2378,15.44,58.7,18.04,86.22,5.726,157.73,0.5283,0.0219,0.006217,2.003,1.496,2.085,1.413,3.886,157.42,13.25,0.8315,1.556,0.5478,2.245,417.32,0.9635,48.11,0.7188,12.55,2.639e-05,0.2036,2.825,1.18,2.177,0.194,8.138,0.48,8.162
2022-04-13T17:50:26,40975.42,3076.25,104.07,0.2378,15.42,58.7,18.05,86.22,5.723,157.71,0.5284,0.02188,0.006217,2.003,1.496,2.085,1.413,3.87,157.43,13.25,0.8315,1.556,0.5478,2.243,417.32,0.9633,48.14,0.7189,12.56,2.641e-05,0.2037,2.825,1.18,2.177,0.194,8.139,0.4802,8.159
2022-04-13T17:50:56,40987.4,3075.58,104.06,0.2379,15.42,58.7,18.05,86.21,5.735,157.71,0.5284,0.02191,0.006217,2.003,1.497,2.086,1.414,3.85,157.42,13.28,0.8315,1.556,0.5478,2.245,417.39,0.9628,48.14,0.7185,12.55,2.641e-05,0.2036,2.826,1.18,2.177,0.1941,8.156,0.4802,8.16
2022-04-13T17:51:26,40997.86,3076.53,104.23,0.238,15.42,58.8,18.06,86.22,5.741,157.68,0.5284,0.02192,0.006205,2.004,1.497,2.086,1.415,3.844,157.44,13.28,0.8315,1.556,0.5478,2.246,417.32,0.9633,48.15,0.7184,12.56,2.641e-05,0.2036,2.826,1.181,2.177,0.194,8.159,0.4801,8.16
2022-04-13T17:51:56,41001.57,3077.38,104.35,0.238,15.42,58.8,18.06,86.28,5.743,157.78,0.527,0.02198,0.006205,2.004,1.498,2.086,1.415,3.844,157.52,13.28,0.8315,1.569,0.5478,2.246,417.45,0.9635,48.15,0.7184,12.62,2.642e-05,0.2036,2.828,1.181,2.178,0.1941,8.162,0.4799,8.161
2022-04-13T17:52:26,41004.45,3078.17,104.37,0.238,15.42,58.8,18.06,86.28,5.742,157.81,0.5286,0.02195,0.006217,2.004,1.499,2.083,1.415,3.838,157.55,13.28,0.8315,1.566,0.549,2.246,417.45,0.9636,48.16,0.7184,12.62,2.642e-05,0.2037,2.829,1.181,2.178,0.1941,8.163,0.4799,8.161
2022-04-13T17:52:56,41005.76,3078.16,104.37,0.2381,15.42,58.8,18.06,86.32,5.762,157.82,0.5287,0.02193,0.006217,2.004,1.499,2.079,1.416,3.838,157.53,13.28,0.8315,1.566,0.549,2.247,417.42,0.9635,48.22,0.7185,12.62,2.644e-05,0.2039,2.829,1.181,2.179,0.1942,8.164,0.4799,8.163
2022-04-13T17:53:26,40992.1,3077.6,104.31,0.238,15.31,58.8,18.06,86.37,5.762,157.72,0.5303,0.0219,0.006217,2.004,1.499,2.079,1.415,3.833,157.53,13.28,0.8365,1.567,0.549,2.246,417.38,0.9629,48.22,0.7184,12.62,2.642e-05,0.2037,2.828,1.181,2.178,0.1941,8.157,0.4797,8.166
2022-04-13T17:53:56,40990.9,3076.31,104.25,0.238,15.27,58.9,18.06,86.35,5.766,157.71,0.5291,0.0219,0.006217,2.004,1.498,2.079,1.414,3.833,157.54,13.24,0.8365,1.567,0.549,2.246,417.38,0.9623,48.21,0.7185,12.63,2.642e-05,0.2037,2.827,1.181,2.177,0.1941,8.155,0.4798,8.167
2022-04-13T17:54:26,40999.73,3077.07,104.25,0.2382,15.3,58.9,18.06,86.41,5.757,157.72,0.5291,0.0219,0.006217,2.004,1.498,2.079,1.415,3.846,157.5,13.24,0.8365,1.559,0.549,2.246,417.36,0.9634,48.19,0.7186,12.63,2.643e-05,0.2036,2.828,1.181,2.177,0.1941,8.154,0.4796,8.166
2022-04-13T17:54:56,40996.31,3076.63,104.25,0.2383,15.3,58.8,18.06,86.41,5.756,157.68,0.5301,0.02192,0.006217,2.004,1.499,2.079,1.415,3.853,157.5,13.25,0.8357,1.55,0.549,2.246,417.5,0.9634,48.2,0.7184,12.63,2.644e-05,0.2036,2.827,1.181,2.177,0.194,8.153,0.4797,8.162
2022-04-13T17:55:26,40998.03,3076.87,104.23,0.2383,15.31,58.8,18.05,86.4,5.749,157.72,0.529,0.02193,0.006217,2.006,1.499,2.079,1.415,3.853,157.48,13.25,0.8441,1.552,0.549,2.246,417.5,0.9633,48.19,0.7185,12.63,2.643e-05,0.2036,2.826,1.181,2.177,0.194,8.152,0.4797,8.168
2022-04-13T17:55:56,40998.94,3076.97,104.28,0.2382,15.31,58.8,18.05,86.38,5.757,157.75,0.529,0.02193,0.006217,2.006,1.499,2.083,1.415,3.853,157.46,13.25,0.8403,1.552,0.549,2.246,417.4,0.9629,48.19,0.7183,12.63,2.643e-05,0.2036,2.827,1.18,2.177,0.194,8.146,0.4795,8.162
2022-04-13T17:56:26,40977.38,3076.53,104.16,0.2381,15.31,58.9,18.05,86.34,5.753,157.72,0.529,0.02193,0.006217,2.006,1.499,2.082,1.414,3.869,157.44,13.25,0.8403,1.551,0.549,2.246,417.43,0.9632,48.17,0.7183,12.64,2.64e-05,0.2036,2.827,1.18,2.177,0.1936,8.138,0.4795,8.163
2022-04-13T17:56:56,40987.54,3076.38,104.15,0.2381,15.31,58.9,18.05,86.29,5.738,157.78,0.529,0.02191,0.006217,2.006,1.499,2.082,1.414,3.871,157.21,13.25,0.8403,1.551,0.549,2.246,417.36,0.9632,48.15,0.7183,12.64,2.64e-05,0.2035,2.826,1.18,2.177,0.1936,8.138,0.4792,8.162
2022-04-13T17:57:26,40992.34,3076.81,104.15,0.2382,15.31,58.9,18.06,86.29,5.75,157.73,0.529,0.0219,0.006217,2.005,1.498,2.082,1.413,3.871,157.21,13.25,0.8403,1.551,0.549,2.246,417.32,0.9633,48.14,0.7183,12.64,2.64e-05,0.2035,2.827,1.18,2.177,0.1937,8.137,0.4793,8.169
2022-04-13T17:57:56,40990.32,3076.7,103.97,0.2382,15.31,59,18.05,86.26,5.747,157.72,0.529,0.02191,0.006217,2.007,1.499,2.086,1.414,3.914,157.11,13.25,0.8403,1.564,0.549,2.246,417.44,0.9629,48.14,0.7183,12.64,2.638e-05,0.2034,2.827,1.18,2.177,0.1936,8.137,0.4791,8.167
2022-04-13T17:58:26,40992.59,3077.28,103.94,0.2382,15.31,59,18.05,86.25,5.75,157.7,0.529,0.0219,0.006217,2.007,1.499,2.086,1.414,3.935,157.09,13.25,0.8403,1.565,0.549,2.246,417.37,0.9627,48.16,0.7183,12.57,2.638e-05,0.2034,2.828,1.18,2.177,0.1937,8.129,0.4791,8.164
2022-04-13T17:58:56,40978.67,3075.52,103.8,0.2379,15.31,59,18.05,86.18,5.755,157.54,0.5289,0.02189,0.006217,2.007,1.498,2.081,1.412,3.911,157.02,13.25,0.836,1.566,0.549,2.245,417.32,0.9621,48.13,0.7182,12.56,2.637e-05,0.2032,2.826,1.18,2.177,0.1936,8.126,0.4791,8.163
2022-04-13T17:59:26,41011.38,3078.55,103.95,0.2382,15.31,58.9,18.06,86.21,5.755,157.81,0.5288,0.02188,0.00622,2.007,1.498,2.083,1.414,3.919,157.16,13.25,0.836,1.566,0.549,2.247,417.41,0.9629,48.14,0.7187,12.57,2.639e-05,0.2034,2.829,1.181,2.177,0.1936,8.13,0.4793,8.168
2022-04-13T17:59:56,41028.75,3079.74,103.98,0.2381,15.31,58.9,18.06,86.28,5.772,157.85,0.5293,0.02197,0.00622,2.007,1.497,2.084,1.416,3.919,157.2,13.29,0.8367,1.566,0.549,2.248,417.58,0.9628,48.18,0.7188,12.58,2.641e-05,0.2036,2.83,1.181,2.178,0.1937,8.13,0.4793,8.173
2022-04-13T18:00:26,41000.9,3077.78,104,0.2382,15.31,58.9,18.06,86.28,5.759,157.74,0.5294,0.02195,0.006222,2.007,1.497,2.082,1.414,3.921,157.19,13.29,0.8402,1.563,0.549,2.247,417.53,0.9624,48.16,0.7186,12.66,2.64e-05,0.2036,2.828,1.181,2.178,0.1937,8.149,0.4793,8.171
2022-04-13T18:00:56,41004.18,3077.16,104,0.2382,15.31,58.9,18.05,86.23,5.76,157.74,0.5301,0.02192,0.006216,2.006,1.497,2.083,1.414,3.92,157.15,13.29,0.8402,1.561,0.549,2.247,417.47,0.9625,48.15,0.7184,12.66,2.638e-05,0.2036,2.827,1.181,2.178,0.1936,8.15,0.4791,8.17
2022-04-13T18:01:26,40999.36,3076.05,103.88,0.2381,15.31,58.9,18.05,86.2,5.751,157.76,0.5297,0.02189,0.006216,2.006,1.497,2.082,1.413,3.925,157.15,13.29,0.8402,1.561,0.549,2.246,417.44,0.9624,48.13,0.7182,12.66,2.639e-05,0.2036,2.827,1.18,2.177,0.1936,8.156,0.4791,8.167
2022-04-13T18:01:56,40989.62,3075.89,103.84,0.238,15.31,58.9,18.04,86.12,5.753,157.76,0.5297,0.02187,0.006235,2.006,1.497,2.082,1.413,3.925,157.1,13.28,0.8402,1.561,0.549,2.247,417.39,0.9625,48.12,0.7182,12.66,2.639e-05,0.2036,2.826,1.18,2.177,0.1936,8.151,0.4789,8.17
2022-04-13T18:02:26,40995.73,3075.79,103.9,0.238,15.31,58.9,18.04,86.13,5.761,157.76,0.5297,0.02188,0.006213,2.006,1.497,2.082,1.412,3.925,157.11,13.28,0.8276,1.567,0.549,2.247,417.26,0.9623,48.14,0.7181,12.62,2.637e-05,0.2031,2.827,1.18,2.177,0.1936,8.148,0.479,8.17
2022-04-13T18:02:56,40999.24,3075.52,103.82,0.2377,15.31,58.9,18.04,86.11,5.763,157.71,0.5297,0.02187,0.006213,2.013,1.497,2.082,1.412,3.918,157.12,13.28,0.8314,1.57,0.549,2.246,417.31,0.9625,48.13,0.7181,12.62,2.638e-05,0.203,2.825,1.181,2.178,0.1936,8.148,0.479,8.17
2022-04-13T18:03:26,40990.53,3074.64,103.74,0.2377,15.31,58.8,18.04,86.12,5.758,157.71,0.5297,0.02188,0.006213,2.013,1.497,2.082,1.412,3.92,157.11,13.28,0.8314,1.57,0.549,2.245,417.25,0.9624,48.16,0.7179,12.62,2.638e-05,0.2029,2.826,1.18,2.177,0.1937,8.153,0.479,8.169
2022-04-13T18:03:56,41014.48,3075.86,103.77,0.2379,15.31,58.8,18.04,86.12,5.764,157.68,0.5309,0.02191,0.006213,2.015,1.496,2.083,1.412,3.917,157.16,13.28,0.8271,1.57,0.549,2.246,417.3,0.9623,48.17,0.7182,12.62,2.639e-05,0.2031,2.826,1.181,2.178,0.1937,8.156,0.4792,8.175
2022-04-13T18:04:26,41000.1,3074.98,103.85,0.2379,15.31,58.8,18.04,86.12,5.759,157.69,0.5321,0.02193,0.006213,2.009,1.496,2.082,1.412,3.903,157.16,13.28,0.8271,1.57,0.549,2.246,417.21,0.9622,48.16,0.7181,12.7,2.642e-05,0.2031,2.825,1.181,2.178,0.1936,8.158,0.4793,8.176
2022-04-13T18:04:56,41007.4,3075.5,103.93,0.2381,15.31,59.1,18.04,86.13,5.751,157.85,0.5317,0.02192,0.006218,2.006,1.496,2.083,1.412,3.893,157.17,13.3,0.8271,1.57,0.549,2.246,417.3,0.9621,48.17,0.7183,12.71,2.644e-05,0.2031,2.827,1.181,2.178,0.1937,8.158,0.4796,8.175
2022-04-13T18:05:26,40998.22,3074.96,103.92,0.238,15.35,59.1,18.04,86.14,5.751,157.83,0.5317,0.02194,0.006218,1.999,1.496,2.082,1.412,3.894,157.17,13.3,0.8312,1.563,0.549,2.246,417.28,0.9623,48.16,0.7181,12.7,2.646e-05,0.2031,2.826,1.181,2.178,0.1936,8.15,0.4797,8.175
2022-04-13T18:05:56,41015.39,3077.54,103.95,0.2379,15.35,59.1,18.06,86.15,5.754,157.89,0.5346,0.02196,0.006219,1.999,1.496,2.083,1.413,3.893,157.21,13.3,0.8312,1.569,0.549,2.248,417.31,0.9628,48.17,0.7182,12.71,2.647e-05,0.2032,2.828,1.182,2.179,0.1937,8.154,0.4799,8.172
2022-04-13T18:06:26,41058.73,3079.57,104.08,0.238,15.35,59.1,18.06,86.17,5.75,157.95,0.5355,0.02199,0.006219,2.003,1.498,2.085,1.415,3.923,157.27,13.3,0.8312,1.573,0.549,2.249,417.46,0.963,48.19,0.7186,12.65,2.651e-05,0.2033,2.83,1.183,2.18,0.1937,8.16,0.4804,8.184
2022-04-13T18:06:56,41076.64,3081.09,104.17,0.238,15.35,59.3,18.08,86.21,5.751,157.99,0.533,0.022,0.006219,2.014,1.499,2.09,1.416,3.93,157.33,13.3,0.8312,1.574,0.549,2.249,417.69,0.9633,48.21,0.7188,12.65,2.653e-05,0.2033,2.831,1.183,2.18,0.1938,8.165,0.4806,8.184
2022-04-13T18:07:26,41056.07,3081.35,104.16,0.2379,15.35,59.1,18.09,86.19,5.756,157.9,0.5329,0.02197,0.006219,2.014,1.499,2.089,1.415,3.918,157.37,13.3,0.8312,1.572,0.549,2.249,417.78,0.9634,48.2,0.7185,12.65,2.651e-05,0.2033,2.83,1.183,2.182,0.1937,8.179,0.4806,8.182
2022-04-13T18:07:56,41064.95,3081.55,104.17,0.2382,15.56,59.3,18.1,86.17,5.75,157.97,0.535,0.02197,0.006219,2.014,1.499,2.089,1.416,3.924,157.47,13.3,0.8312,1.571,0.549,2.25,417.8,0.9635,48.22,0.7186,12.65,2.652e-05,0.2033,2.832,1.183,2.182,0.1937,8.191,0.4807,8.185
2022-04-13T18:08:26,41066.92,3081.53,104.19,0.2383,15.56,59.2,18.1,86.22,5.739,157.99,0.5333,0.02199,0.00621,2.013,1.5,2.089,1.416,3.923,157.47,13.3,0.8312,1.573,0.549,2.25,417.74,0.9637,48.19,0.7189,12.65,2.652e-05,0.2033,2.832,1.183,2.183,0.1937,8.19,0.481,8.177
2022-04-13T18:08:56,41094.78,3083.46,104.21,0.2384,15.56,59.2,18.1,86.26,5.738,158.05,0.5313,0.02199,0.00621,2.013,1.499,2.091,1.417,3.927,157.51,13.3,0.8312,1.577,0.549,2.251,417.87,0.9644,48.19,0.7191,12.66,2.651e-05,0.2033,2.833,1.183,2.183,0.1938,8.19,0.4811,8.186
2022-04-13T18:09:26,41098.09,3083.57,104.33,0.2385,15.56,59.1,18.11,86.28,5.748,158.22,0.5313,0.02202,0.00621,2.013,1.499,2.091,1.417,3.921,157.49,13.3,0.8312,1.578,0.549,2.252,417.92,0.9643,48.21,0.7189,12.66,2.651e-05,0.2036,2.833,1.184,2.184,0.1938,8.192,0.4812,8.186
2022-04-13T18:09:56,41101.33,3083.69,104.34,0.2388,15.56,59.1,18.11,86.29,5.748,158.3,0.5306,0.02199,0.00621,2.013,1.499,2.091,1.418,3.924,157.56,13.3,0.8312,1.578,0.549,2.253,417.87,0.9646,48.21,0.7189,12.66,2.651e-05,0.2036,2.834,1.184,2.184,0.1938,8.2,0.4812,8.185
2022-04-13T18:10:26,41091.71,3084.71,104.26,0.2388,15.56,59.1,18.11,86.29,5.745,158.2,0.5325,0.02201,0.00621,2.013,1.501,2.091,1.418,3.925,157.58,13.3,0.8312,1.577,0.549,2.252,417.87,0.9643,48.19,0.7188,12.66,2.649e-05,0.2036,2.834,1.183,2.184,0.1938,8.207,0.481,8.187
2022-04-13T18:10:56,41081.55,3084.62,104.33,0.2387,15.56,59.1,18.11,86.27,5.748,158.13,0.5326,0.02201,0.00621,2.013,1.5,2.09,1.417,3.916,157.59,13.3,0.8295,1.578,0.549,2.253,417.74,0.9645,48.2,0.7186,12.66,2.648e-05,0.2036,2.834,1.184,2.185,0.1938,8.225,0.4812,8.187
2022-04-13T18:11:26,41081.87,3085.94,104.4,0.2387,15.56,59.1,18.13,86.31,5.758,158.18,0.5352,0.022,0.00621,2.016,1.5,2.09,1.417,3.926,157.66,13.3,0.8295,1.575,0.549,2.253,417.81,0.9641,48.22,0.7188,12.67,2.648e-05,0.2036,2.834,1.184,2.186,0.1938,8.226,0.4812,8.187
2022-04-13T18:11:56,41066.72,3084.75,104.35,0.2386,15.56,59.1,18.13,86.3,5.738,158.2,0.5359,0.02199,0.00621,2.016,1.5,2.089,1.418,3.917,157.7,13.32,0.8295,1.575,0.549,2.253,417.74,0.9641,48.2,0.7187,12.66,2.65e-05,0.2036,2.833,1.184,2.185,0.1938,8.221,0.4812,8.186
2022-04-13T18:12:26,41057.75,3083.33,104.34,0.2387,15.53,59.1,18.12,86.33,5.735,158.16,0.5352,0.02197,0.00621,2.016,1.5,2.089,1.417,3.907,157.66,13.32,0.8298,1.567,0.549,2.252,417.7,0.9646,48.18,0.7185,12.66,2.65e-05,0.2036,2.832,1.184,2.184,0.1938,8.213,0.481,8.187
2022-04-13T18:12:56,41055.27,3084.36,104.36,0.2387,15.48,59.1,18.12,86.37,5.732,158.2,0.5352,0.02199,0.00621,2.016,1.499,2.09,1.416,3.916,157.72,13.32,0.8298,1.567,0.549,2.254,417.61,0.9647,48.19,0.7187,12.74,2.653e-05,0.2036,2.833,1.184,2.185,0.1938,8.21,0.4809,8.186
2022-04-13T18:13:26,41071.53,3085.46,104.41,0.2392,15.48,59.2,18.13,86.51,5.731,158.24,0.5357,0.02196,0.00621,2.016,1.499,2.091,1.418,3.909,157.82,13.32,0.8298,1.567,0.549,2.254,417.7,0.9645,48.2,0.7188,12.75,2.653e-05,0.2038,2.834,1.185,2.185,0.1938,8.215,0.4809,8.191
2022-04-13T18:13:56,41081.65,3085.99,104.49,0.2391,15.47,59.2,18.13,86.51,5.738,158.37,0.5368,0.02201,0.006222,2.01,1.498,2.091,1.418,3.91,157.9,13.32,0.8298,1.567,0.549,2.255,417.72,0.9647,48.2,0.7189,12.75,2.654e-05,0.2038,2.835,1.185,2.186,0.1938,8.218,0.4809,8.192
2022-04-13T18:14:26,41075.03,3085.62,104.45,0.2389,15.48,59.2,18.13,86.47,5.734,158.34,0.5357,0.02198,0.006226,2.016,1.498,2.091,1.418,3.908,157.91,13.32,0.8304,1.567,0.549,2.253,417.63,0.9646,48.2,0.7187,12.74,2.655e-05,0.2038,2.835,1.184,2.186,0.1938,8.221,0.4808,8.191
2022-04-13T18:14:56,41090.3,3086.15,104.46,0.239,15.48,59.2,18.14,86.47,5.738,158.35,0.5357,0.02202,0.006226,2.013,1.499,2.091,1.418,3.909,157.92,13.32,0.8304,1.567,0.549,2.253,417.67,0.9641,48.2,0.7189,12.74,2.655e-05,0.2038,2.836,1.185,2.186,0.1938,8.22,0.4808,8.188
2022-04-13T18:15:26,41091.98,3086.2,104.54,0.239,15.48,59.2,18.14,86.47,5.738,158.41,0.5369,0.0221,0.006226,2.013,1.5,2.092,1.418,3.9,157.99,13.32,0.8304,1.561,0.549,2.254,417.64,0.9646,48.19,0.7188,12.74,2.655e-05,0.2038,2.837,1.185,2.186,0.1939,8.22,0.4808,8.192
2022-04-13T18:15:56,41086.03,3086.39,104.56,0.2388,15.48,58.9,18.14,86.46,5.738,158.44,0.536,0.02206,0.006226,2.013,1.5,2.091,1.419,3.89,157.97,13.32,0.8304,1.56,0.549,2.255,417.6,0.9646,48.18,0.7188,12.74,2.657e-05,0.2038,2.836,1.185,2.187,0.1938,8.21,0.4808,8.189
2022-04-13T18:16:26,41070.33,3085.78,104.55,0.2386,15.48,58.9,18.14,86.41,5.735,158.43,0.536,0.02206,0.006226,2.013,1.5,2.09,1.418,3.889,157.94,13.32,0.8304,1.557,0.5682,2.254,417.45,0.9641,48.16,0.7187,12.74,2.657e-05,0.2035,2.835,1.185,2.186,0.1938,8.214,0.4807,8.187
2022-04-13T18:16:56,41068.06,3085.52,104.48,0.2384,15.5,59,18.13,86.4,5.737,158.64,0.5361,0.02208,0.006226,2.013,1.5,2.09,1.417,3.889,157.87,13.33,0.8304,1.555,0.5682,2.254,417.45,0.9642,48.15,0.7186,12.66,2.657e-05,0.2035,2.834,1.185,2.185,0.1938,8.213,0.4805,8.188
2022-04-13T18:17:26,41070.66,3085.96,104.58,0.2386,15.5,59,18.13,86.4,5.737,158.78,0.5361,0.0221,0.006226,2.013,1.501,2.09,1.418,3.889,157.87,13.33,0.8304,1.561,0.5682,2.254,417.49,0.9646,48.16,0.7188,12.66,2.659e-05,0.2035,2.833,1.185,2.185,0.1938,8.211,0.4806,8.184
2022-04-13T18:17:56,41074.21,3085.34,104.52,0.2386,15.5,59,18.13,86.4,5.744,158.76,0.5361,0.02211,0.006226,2.013,1.501,2.091,1.417,3.889,157.84,13.32,0.8304,1.561,0.5682,2.254,417.47,0.9641,48.16,0.7187,12.66,2.661e-05,0.2035,2.833,1.186,2.185,0.1939,8.21,0.4803,8.188
2022-04-13T18:18:26,41082.25,3086.59,104.52,0.2386,15.5,59,18.13,86.39,5.741,158.84,0.5361,0.02216,0.006226,2.013,1.5,2.091,1.418,3.889,157.85,13.32,0.8321,1.561,0.5682,2.254,417.45,0.9645,48.17,0.7188,12.67,2.661e-05,0.2035,2.834,1.186,2.185,0.1938,8.232,0.4803,8.187
2022-04-13T18:18:56,41080.81,3085.58,104.44,0.2386,15.5,59,18.12,86.34,5.743,158.65,0.5361,0.02216,0.00622,2.016,1.501,2.091,1.416,3.907,157.83,13.32,0.8321,1.559,0.5682,2.254,417.37,0.9644,48.16,0.7186,12.66,2.659e-05,0.2037,2.832,1.186,2.185,0.1938,8.242,0.4803,8.193
2022-04-13T18:19:26,41073.69,3085.5,104.46,0.2387,15.46,59,18.13,86.33,5.728,158.75,0.5361,0.02216,0.00622,2.016,1.501,2.087,1.417,3.897,157.77,13.32,0.8321,1.56,0.5682,2.254,417.3,0.9645,48.12,0.7184,12.66,2.658e-05,0.2035,2.831,1.186,2.184,0.1938,8.268,0.4803,8.188
2022-04-13T18:19:56,41088.22,3086.21,104.56,0.239,15.46,59,18.14,86.37,5.735,158.77,0.5378,0.02219,0.006213,2.016,1.501,2.088,1.417,3.906,157.78,13.32,0.8321,1.566,0.5682,2.254,417.51,0.9647,48.14,0.7186,12.66,2.659e-05,0.2037,2.834,1.187,2.185,0.1938,8.272,0.4803,8.188
2022-04-13T18:20:26,41104.53,3087.7,104.67,0.2392,15.46,59,18.14,86.43,5.747,158.77,0.537,0.0222,0.006212,2.014,1.502,2.092,1.419,3.904,157.87,13.32,0.8328,1.566,0.5682,2.255,417.56,0.9648,48.16,0.7187,12.67,2.659e-05,0.2037,2.835,1.188,2.187,0.1939,8.288,0.4805,8.193
2022-04-13T18:20:56,41154.96,3091.87,104.87,0.2395,15.46,59.1,18.18,86.48,5.76,159.06,0.537,0.02221,0.006212,2.014,1.504,2.095,1.421,3.902,158.1,13.32,0.8328,1.569,0.5682,2.258,418.23,0.9654,48.18,0.7197,12.76,2.667e-05,0.2041,2.84,1.189,2.188,0.194,8.29,0.4809,8.195
2022-04-13T18:21:26,41163.26,3091.82,104.89,0.2396,15.46,59.2,18.18,86.54,5.795,159.17,0.5392,0.0222,0.006212,2.012,1.504,2.095,1.422,3.902,158.19,13.32,0.8322,1.564,0.5682,2.258,418.68,0.9667,48.25,0.7198,12.76,2.664e-05,0.2041,2.839,1.19,2.19,0.1943,8.317,0.4812,8.203
2022-04-13T18:21:56,41163.69,3093.38,104.89,0.2397,15.46,59.2,18.19,86.53,5.8,159.22,0.5405,0.02222,0.006212,2.012,1.504,2.094,1.422,3.915,158.17,13.32,0.8322,1.563,0.5682,2.258,419.09,0.967,48.27,0.7197,12.77,2.662e-05,0.2041,2.839,1.189,2.189,0.1942,8.34,0.4814,8.202
2022-04-13T18:22:26,41157.58,3093,104.88,0.2395,15.46,59.2,18.18,86.5,5.803,159.41,0.5399,0.02221,0.006212,2.012,1.504,2.094,1.422,3.904,158.19,13.32,0.8322,1.564,0.5682,2.258,419.06,0.9673,48.27,0.7197,12.77,2.661e-05,0.2041,2.838,1.188,2.189,0.1943,8.341,0.4813,8.201
2022-04-13T18:22:56,41148.17,3091.72,104.86,0.2397,15.63,59.2,18.17,86.48,5.801,159.36,0.5399,0.02217,0.006247,2.012,1.504,2.094,1.422,3.903,158.18,13.33,0.8322,1.564,0.5682,2.259,418.86,0.9671,48.28,0.7198,12.68,2.661e-05,0.2041,2.839,1.188,2.189,0.1942,8.344,0.4816,8.205
2022-04-13T18:23:26,41145.1,3091.21,105.08,0.2398,15.62,59.1,18.17,86.5,5.797,159.34,0.5399,0.02217,0.006247,2.012,1.504,2.093,1.422,3.9,158.18,13.33,0.8322,1.571,0.5682,2.259,418.86,0.9673,48.28,0.7197,12.67,2.66e-05,0.2042,2.84,1.188,2.19,0.1942,8.34,0.4816,8.205
2022-04-13T18:23:56,41145.32,3091.43,105,0.2397,15.62,59.2,18.16,86.54,5.805,159.4,0.5399,0.02218,0.006247,2.012,1.504,2.093,1.422,3.894,158.17,13.33,0.8362,1.574,0.5682,2.259,418.83,0.9675,48.3,0.7198,12.68,2.661e-05,0.2042,2.84,1.188,2.19,0.1942,8.308,0.4817,8.206
2022-04-13T18:24:26,41164.48,3093.43,104.99,0.2399,15.61,59.1,18.17,86.58,5.802,159.61,0.5399,0.0222,0.006247,2.012,1.506,2.094,1.423,3.895,158.28,13.33,0.8411,1.578,0.5682,2.262,418.94,0.968,48.35,0.7201,12.68,2.663e-05,0.2042,2.842,1.188,2.19,0.1942,8.329,0.4818,8.219
2022-04-13T18:24:56,41179.59,3094.86,105.04,0.2399,15.61,59.1,18.17,86.6,5.807,159.62,0.5399,0.02224,0.006247,2.012,1.506,2.095,1.424,3.91,158.29,13.33,0.8411,1.578,0.5682,2.262,418.95,0.968,48.35,0.7201,12.76,2.663e-05,0.2042,2.842,1.188,2.19,0.1943,8.329,0.4821,8.219
2022-04-13T18:25:26,41208.16,3095.23,105.07,0.24,15.61,59.1,18.18,86.63,5.81,159.57,0.5407,0.02225,0.006247,2.013,1.507,2.097,1.425,3.908,158.33,13.33,0.8411,1.575,0.5682,2.263,418.96,0.9679,48.34,0.7203,12.76,2.665e-05,0.2043,2.843,1.188,2.191,0.1943,8.329,0.4824,8.216
2022-04-13T18:25:56,41204.83,3096.13,105.13,0.2401,15.61,59.2,18.19,86.63,5.803,159.6,0.5413,0.02228,0.006315,2.013,1.507,2.097,1.425,3.904,158.35,13.33,0.8407,1.578,0.5682,2.265,419.17,0.968,48.36,0.7204,12.77,2.665e-05,0.2042,2.843,1.19,2.191,0.1943,8.331,0.4824,8.218
2022-04-13T18:26:26,41208.66,3095,105.15,0.2402,15.61,59.2,18.19,86.63,5.806,159.55,0.5413,0.02227,0.006312,2.015,1.505,2.097,1.425,3.897,158.38,13.33,0.8407,1.57,0.5682,2.265,419.05,0.9676,48.36,0.7203,12.76,2.665e-05,0.2042,2.843,1.19,2.192,0.1943,8.334,0.4821,8.22
2022-04-13T18:26:56,41233.81,3095.78,105.49,0.2404,15.61,59.2,18.2,86.65,5.816,159.47,0.5413,0.02228,0.006312,2.015,1.505,2.098,1.425,3.896,158.42,13.36,0.8407,1.57,0.5682,2.265,419.09,0.9681,48.36,0.7204,12.76,2.665e-05,0.2041,2.847,1.19,2.194,0.1943,8.339,0.482,8.22
2022-04-13T18:27:26,41228.14,3097.02,105.51,0.2404,15.61,59.2,18.2,86.74,5.821,159.56,0.5413,0.02228,0.006312,2.015,1.504,2.098,1.426,3.878,158.61,13.36,0.8407,1.57,0.5682,2.266,419.3,0.9682,48.41,0.7204,12.77,2.666e-05,0.2041,2.847,1.19,2.194,0.1944,8.342,0.482,8.225
2022-04-13T18:27:56,41220.31,3096.88,105.49,0.2404,15.61,59.2,18.2,86.75,5.814,159.56,0.5413,0.02227,0.006313,2.015,1.504,2.098,1.425,3.864,158.63,13.38,0.8407,1.573,0.5682,2.268,419.27,0.968,48.38,0.7206,12.77,2.664e-05,0.2041,2.847,1.19,2.194,0.1944,8.336,0.4822,8.227
2022-04-13T18:28:26,41217.4,3096.64,105.47,0.2403,15.64,59.2,18.2,86.74,5.814,159.5,0.5413,0.02228,0.006293,2.015,1.505,2.098,1.424,3.883,158.6,13.38,0.8409,1.571,0.5682,2.268,419.27,0.9676,48.37,0.7206,12.77,2.663e-05,0.2041,2.846,1.19,2.194,0.1944,8.329,0.4829,8.228
2022-04-13T18:28:56,41223.01,3096.19,105.38,0.2404,15.64,59.2,18.2,86.74,5.816,159.57,0.5437,0.02233,0.006293,2.008,1.505,2.098,1.423,3.878,158.63,13.38,0.8409,1.571,0.5682,2.268,419.18,0.9676,48.34,0.7207,12.69,2.661e-05,0.2041,2.846,1.19,2.194,0.1944,8.325,0.4827,8.224
2022-04-13T18:29:26,41212.17,3095.58,105.25,0.2403,15.64,59.2,18.19,86.69,5.824,159.52,0.543,0.02228,0.006311,2.008,1.505,2.097,1.423,3.879,158.62,13.38,0.8409,1.569,0.5682,2.267,418.82,0.9674,48.34,0.7205,12.68,2.659e-05,0.2041,2.846,1.189,2.194,0.1943,8.33,0.4828,8.223
2022-04-13T18:29:56,41209.12,3095.32,105.25,0.2404,15.64,59.1,18.19,86.69,5.823,159.67,0.5426,0.02225,0.006311,2.008,1.505,2.097,1.423,3.903,158.6,13.38,0.8439,1.571,0.5682,2.267,418.85,0.9674,48.33,0.7205,12.68,2.659e-05,0.2041,2.846,1.189,2.194,0.1943,8.344,0.4826,8.227
2022-04-13T18:30:26,41207.95,3095.48,105.29,0.2405,15.64,59.1,18.2,86.7,5.821,159.59,0.5426,0.0222,0.006311,2.008,1.504,2.101,1.423,3.89,158.58,13.38,0.8439,1.567,0.5682,2.267,418.82,0.9673,48.33,0.7204,12.68,2.656e-05,0.2041,2.846,1.189,2.194,0.1942,8.347,0.4826,8.233
2022-04-13T18:30:56,41227.19,3096.48,105.39,0.2407,15.64,59,18.2,86.72,5.825,159.79,0.5427,0.02227,0.006311,2.008,1.504,2.102,1.424,3.908,158.58,13.36,0.8439,1.567,0.5682,2.268,419.01,0.9676,48.37,0.7204,12.69,2.658e-05,0.2039,2.847,1.189,2.195,0.1944,8.348,0.4827,8.235
2022-04-13T18:31:26,41213.75,3095.62,105.43,0.2406,15.57,59.3,18.2,86.75,5.825,159.74,0.5426,0.02227,0.006311,2.014,1.504,2.101,1.424,3.905,158.6,13.36,0.8439,1.567,0.5682,2.268,418.99,0.9676,48.38,0.7203,12.68,2.659e-05,0.2041,2.847,1.189,2.196,0.1944,8.345,0.4828,8.235
2022-04-13T18:31:56,41214.78,3095.41,105.42,0.2406,15.57,59.2,18.21,86.87,5.825,159.82,0.5426,0.02229,0.006311,2.014,1.505,2.101,1.425,3.905,158.54,13.36,0.8475,1.57,0.5682,2.268,419.09,0.9671,48.38,0.7202,12.68,2.658e-05,0.2042,2.847,1.188,2.195,0.1944,8.344,0.4828,8.236
2022-04-13T18:32:26,41203.58,3095.83,105.42,0.2406,15.62,59.2,18.21,86.87,5.825,159.8,0.5426,0.02228,0.00632,2.014,1.505,2.101,1.425,3.905,158.55,13.36,0.8475,1.57,0.5682,2.268,419.12,0.9677,48.37,0.7206,12.68,2.659e-05,0.2042,2.847,1.188,2.195,0.1944,8.34,0.4825,8.236
2022-04-13T18:32:56,41205.63,3094.81,105.34,0.2403,15.6,59.2,18.21,86.95,5.822,159.58,0.5426,0.02229,0.00632,2.014,1.504,2.101,1.425,3.904,158.56,13.36,0.8507,1.57,0.5682,2.267,419.06,0.967,48.36,0.7205,12.68,2.659e-05,0.2042,2.847,1.188,2.195,0.1944,8.329,0.4823,8.236
2022-04-13T18:33:26,41191,3093.72,105.33,0.2403,15.62,59.3,18.21,86.94,5.822,159.5,0.5403,0.02228,0.00632,2.014,1.505,2.1,1.424,3.904,158.56,13.36,0.8507,1.559,0.5682,2.267,418.9,0.9672,48.35,0.7204,12.75,2.66e-05,0.2042,2.846,1.188,2.195,0.1943,8.329,0.4821,8.23
2022-04-13T18:33:56,41187.55,3093.88,105.33,0.2404,15.62,59.3,18.21,86.87,5.825,159.47,0.5412,0.02229,0.00632,2.014,1.504,2.1,1.424,3.903,158.54,13.36,0.8507,1.559,0.5682,2.267,418.87,0.9675,48.33,0.7203,12.75,2.66e-05,0.2039,2.846,1.188,2.195,0.1943,8.32,0.482,8.228
2022-04-13T18:34:26,41182.98,3093.67,105.31,0.2401,15.61,59.3,18.19,86.85,5.825,159.4,0.5412,0.02229,0.00632,2.012,1.504,2.1,1.424,3.901,158.45,13.36,0.8483,1.558,0.5682,2.267,418.89,0.9671,48.32,0.7203,12.75,2.658e-05,0.2039,2.846,1.187,2.195,0.1943,8.32,0.4818,8.223
2022-04-13T18:34:56,41173.59,3093.39,105.23,0.2401,15.56,59.3,18.19,86.77,5.829,159.42,0.5401,0.02228,0.00632,2.01,1.504,2.099,1.424,3.901,158.39,13.36,0.8483,1.558,0.5682,2.266,418.8,0.9671,48.32,0.7203,12.75,2.655e-05,0.2038,2.845,1.187,2.194,0.1943,8.32,0.4816,8.223
2022-04-13T18:35:26,41193.47,3094.82,105.25,0.2401,15.59,59.3,18.18,86.8,5.828,159.51,0.5404,0.0223,0.006308,2.011,1.505,2.1,1.424,3.901,158.38,13.36,0.8502,1.56,0.5682,2.268,418.75,0.9671,48.31,0.7204,12.76,2.655e-05,0.2039,2.846,1.187,2.194,0.1943,8.321,0.4814,8.226
2022-04-13T18:35:56,41176.53,3094.06,105.23,0.2403,15.59,59.2,18.18,86.75,5.825,159.44,0.5421,0.02228,0.006319,2.011,1.504,2.099,1.425,3.913,158.35,13.36,0.8502,1.56,0.5682,2.268,418.8,0.9671,48.31,0.7202,12.75,2.655e-05,0.2039,2.846,1.187,2.194,0.1943,8.325,0.4816,8.233
2022-04-13T18:36:26,41169.86,3093.82,105.17,0.2402,15.59,59.3,18.17,86.71,5.824,159.43,0.5421,0.02226,0.006308,2.011,1.504,2.099,1.423,3.913,158.31,13.36,0.8502,1.561,0.5682,2.266,418.76,0.9665,48.31,0.72,12.75,2.653e-05,0.2039,2.846,1.187,2.194,0.1943,8.331,0.4815,8.231
2022-04-13T18:36:56,41179.48,3094.56,105.18,0.2402,15.59,59.3,18.19,86.69,5.822,159.55,0.5437,0.02227,0.006308,2.015,1.504,2.1,1.424,3.923,158.29,13.36,0.8502,1.563,0.5682,2.267,418.77,0.9669,48.31,0.7201,12.75,2.653e-05,0.2039,2.844,1.187,2.194,0.1943,8.327,0.4813,8.23
2022-04-13T18:37:26,41178.37,3095.43,105.22,0.2402,15.59,59.2,18.19,86.73,5.824,159.62,0.5425,0.02226,0.006308,2.015,1.505,2.1,1.424,3.928,158.31,13.36,0.8502,1.561,0.5682,2.267,418.84,0.967,48.32,0.7201,12.76,2.653e-05,0.2039,2.844,1.187,2.194,0.1943,8.327,0.4813,8.235
2022-04-13T18:37:56,41220.37,3096.66,105.27,0.2402,15.59,59.2,18.19,86.77,5.821,159.67,0.5425,0.02228,0.006308,2.015,1.507,2.102,1.425,3.93,158.3,13.36,0.8502,1.561,0.5682,2.267,418.9,0.9671,48.34,0.7204,12.76,2.655e-05,0.2039,2.846,1.187,2.195,0.1943,8.326,0.4813,8.235
2022-04-13T18:38:26,41187.93,3095.6,105.17,0.2402,15.55,59.2,18.19,86.74,5.825,159.58,0.5425,0.02227,0.006308,2.015,1.506,2.101,1.425,3.93,158.23,13.36,0.852,1.561,0.5682,2.267,418.76,0.9674,48.33,0.72,12.76,2.654e-05,0.204,2.844,1.186,2.195,0.1943,8.318,0.481,8.235
2022-04-13T18:38:56,41172.91,3094.72,105.18,0.2404,15.55,59.2,18.18,86.71,5.819,159.61,0.5425,0.02227,0.006308,2.018,1.507,2.1,1.424,3.964,158.3,13.36,0.852,1.561,0.5682,2.267,418.75,0.9668,48.31,0.72,12.76,2.649e-05,0.204,2.844,1.186,2.195,0.1943,8.314,0.481,8.229
2022-04-13T18:39:26,41169.73,3094.42,105.14,0.2404,15.55,59.2,18.18,86.67,5.816,159.59,0.5425,0.02225,0.006305,2.018,1.507,2.1,1.423,3.955,158.29,13.36,0.852,1.564,0.5682,2.267,418.79,0.9667,48.3,0.7201,12.75,2.649e-05,0.2041,2.843,1.186,2.194,0.1943,8.314,0.481,8.229
2022-04-13T18:39:56,41159.62,3094.36,105.07,0.2403,15.55,59.2,18.18,86.62,5.816,159.61,0.5412,0.02227,0.006348,2.018,1.507,2.098,1.424,3.975,158.19,13.36,0.8506,1.565,0.5682,2.267,418.73,0.9668,48.31,0.72,12.75,2.648e-05,0.2041,2.841,1.186,2.194,0.1943,8.306,0.4808,8.226
2022-04-13T18:40:26,41165.03,3094.26,105.09,0.2405,15.55,59.2,18.17,86.61,5.815,159.62,0.5412,0.02227,0.006348,2.018,1.507,2.099,1.424,3.98,158.17,13.36,0.8506,1.565,0.5682,2.267,418.72,0.9663,48.28,0.7201,12.75,2.648e-05,0.2041,2.841,1.186,2.193,0.1944,8.302,0.4807,8.227
2022-04-13T18:40:56,41178.37,3094.82,105.11,0.2406,15.51,59.3,18.18,86.62,5.813,159.58,0.5417,0.02226,0.006336,2.019,1.507,2.099,1.423,3.982,158.18,13.36,0.8506,1.565,0.5682,2.267,418.72,0.9669,48.29,0.7202,12.76,2.647e-05,0.2041,2.841,1.186,2.193,0.1944,8.304,0.4807,8.228
2022-04-13T18:41:26,41180.97,3095.48,105.26,0.2406,15.55,59.3,18.18,86.6,5.802,159.57,0.5417,0.02224,0.006332,2.019,1.507,2.099,1.423,3.987,158.17,13.36,0.8506,1.577,0.5682,2.268,418.85,0.967,48.29,0.7203,12.76,2.65e-05,0.2041,2.842,1.186,2.193,0.1944,8.306,0.4812,8.228
2022-04-13T18:41:56,41200.84,3096.19,105.32,0.2406,15.55,59.3,18.18,86.58,5.798,159.65,0.5417,0.02224,0.00633,2.019,1.509,2.1,1.424,3.994,158.2,13.36,0.8519,1.574,0.5682,2.268,418.82,0.9674,48.31,0.7205,12.76,2.651e-05,0.2041,2.843,1.187,2.194,0.1944,8.307,0.481,8.229
2022-04-13T18:42:26,41191.1,3096.02,105.39,0.2405,15.55,59.3,18.18,86.57,5.789,159.68,0.5418,0.02224,0.006328,2.019,1.516,2.1,1.424,3.97,158.19,13.36,0.8519,1.573,0.5682,2.268,418.94,0.9674,48.31,0.7205,12.76,2.652e-05,0.2041,2.842,1.187,2.194,0.1944,8.308,0.4808,8.228
2022-04-13T18:42:56,41195.51,3096.64,105.41,0.2404,15.55,59.2,18.18,86.55,5.781,159.69,0.5418,0.02224,0.006328,2.019,1.516,2.1,1.424,3.986,158.2,13.33,0.8519,1.574,0.5682,2.268,419.06,0.9669,48.33,0.7205,12.76,2.652e-05,0.2041,2.843,1.187,2.193,0.1944,8.31,0.4807,8.228
2022-04-13T18:43:26,41218.3,3097.07,105.43,0.2405,15.55,59.2,18.19,86.54,5.785,159.7,0.5402,0.02227,0.006328,2.019,1.517,2.101,1.424,3.985,158.25,13.33,0.8519,1.574,0.5682,2.268,419.15,0.9671,48.35,0.7206,12.68,2.653e-05,0.2041,2.843,1.188,2.193,0.1944,8.311,0.4808,8.229
2022-04-13T18:43:56,41262.84,3098.76,105.49,0.2407,15.55,59.2,18.2,86.58,5.791,159.78,0.5402,0.0223,0.006328,2.019,1.515,2.104,1.425,3.985,158.26,13.33,0.8518,1.579,0.5682,2.269,419.28,0.968,48.33,0.7206,12.69,2.654e-05,0.2041,2.844,1.189,2.194,0.1944,8.317,0.481,8.231
2022-04-13T18:44:26,41269.71,3099.57,105.52,0.2408,15.61,59.4,18.2,86.61,5.807,159.89,0.5402,0.02232,0.006328,2.019,1.514,2.104,1.425,3.985,158.29,13.34,0.8518,1.577,0.5682,2.27,419.61,0.9683,48.33,0.7211,12.69,2.656e-05,0.2042,2.844,1.189,2.194,0.1945,8.34,0.481,8.231
2022-04-13T18:44:57,41265.63,3099.6,105.49,0.2409,15.61,59.4,18.21,86.66,5.808,159.87,0.5401,0.02232,0.006328,2.019,1.514,2.104,1.426,4.005,158.34,13.34,0.8518,1.575,0.5682,2.27,419.43,0.9684,48.39,0.7219,12.69,2.655e-05,0.2042,2.845,1.189,2.194,0.1947,8.337,0.4812,8.236
2022-04-13T18:45:26,41274.81,3099.23,105.51,0.2409,15.61,59.3,18.21,86.75,5.813,159.9,0.5401,0.02234,0.006307,2.021,1.514,2.104,1.427,4.008,158.38,13.34,0.8518,1.575,0.5682,2.27,419.53,0.9686,48.39,0.7216,12.69,2.655e-05,0.2042,2.846,1.19,2.194,0.1947,8.334,0.4814,8.235
2022-04-13T18:45:56,41257.85,3097.76,105.38,0.2408,15.61,59.3,18.2,86.74,5.81,159.88,0.5439,0.02233,0.006316,2.021,1.514,2.103,1.426,4.008,158.31,13.34,0.8518,1.574,0.5682,2.269,419.42,0.9687,48.36,0.7215,12.76,2.654e-05,0.204,2.844,1.189,2.193,0.1946,8.333,0.4813,8.237
2022-04-13T18:46:26,41234.57,3096.88,105.38,0.2408,15.59,59.3,18.19,86.76,5.795,159.94,0.5439,0.02232,0.006316,2.023,1.512,2.102,1.425,4.035,158.32,13.34,0.8499,1.574,0.5682,2.269,419.3,0.9687,48.35,0.7213,12.75,2.654e-05,0.204,2.843,1.189,2.193,0.1946,8.33,0.4819,8.244
2022-04-13T18:46:56,41243.45,3097.35,105.38,0.241,15.59,59.3,18.2,86.79,5.8,159.95,0.5435,0.02232,0.006316,2.034,1.512,2.103,1.425,4.055,158.33,13.34,0.8499,1.578,0.5682,2.269,419.22,0.9686,48.37,0.7213,12.76,2.653e-05,0.2041,2.844,1.189,2.193,0.1946,8.326,0.4819,8.244
2022-04-13T18:47:26,41249.29,3097.71,105.45,0.2411,15.59,59.3,18.21,86.86,5.793,160.13,0.5442,0.02233,0.006316,2.034,1.513,2.103,1.426,4.077,158.42,13.34,0.8498,1.579,0.5682,2.271,419.31,0.9689,48.38,0.7213,12.68,2.653e-05,0.2041,2.845,1.189,2.194,0.1947,8.323,0.4823,8.246
2022-04-13T18:47:56,41267.97,3099.17,105.48,0.2412,15.59,59.3,18.21,86.94,5.796,160.21,0.5448,0.02234,0.006316,2.034,1.512,2.104,1.425,4.078,158.41,13.34,0.8498,1.578,0.5682,2.271,419.43,0.9691,48.41,0.7213,12.69,2.653e-05,0.2041,2.845,1.189,2.194,0.1947,8.323,0.4825,8.241
2022-04-13T18:48:26,41277.4,3099.77,105.49,0.2413,15.59,59.3,18.21,86.95,5.811,160.15,0.5448,0.02235,0.006316,2.03,1.511,2.104,1.426,4.078,158.42,13.34,0.8498,1.578,0.5682,2.272,419.42,0.9695,48.41,0.7214,12.69,2.653e-05,0.2041,2.847,1.19,2.194,0.1947,8.33,0.4826,8.247
2022-04-13T18:48:56,41332.09,3100.7,105.51,0.2412,15.63,59.5,18.23,86.95,5.813,160.18,0.5449,0.02232,0.006329,2.033,1.514,2.107,1.426,4.146,158.59,13.34,0.8498,1.585,0.556,2.273,419.68,0.9701,48.43,0.7216,12.69,2.659e-05,0.2049,2.849,1.19,2.195,0.1947,8.333,0.4826,8.247
2022-04-13T18:49:26,41324.92,3100.81,105.48,0.2411,15.63,59.5,18.23,86.99,5.822,160.16,0.5455,0.02236,0.006332,2.033,1.513,2.107,1.427,4.125,158.64,13.34,0.8483,1.584,0.556,2.273,419.83,0.9696,48.44,0.7217,12.69,2.659e-05,0.2049,2.849,1.19,2.196,0.1947,8.336,0.4826,8.247
2022-04-13T18:49:56,41305.14,3099.82,105.41,0.2408,15.69,59.6,18.23,86.98,5.812,160.09,0.5455,0.02228,0.006351,2.033,1.513,2.102,1.425,4.171,158.67,13.34,0.8483,1.584,0.556,2.275,419.77,0.9697,48.41,0.7213,12.69,2.658e-05,0.2047,2.846,1.189,2.196,0.1947,8.342,0.483,8.246
2022-04-13T18:50:26,41302.61,3100.95,105.44,0.241,15.69,59.5,18.22,86.94,5.802,160.23,0.5461,0.02232,0.006332,2.033,1.513,2.102,1.425,4.177,158.66,13.4,0.8483,1.587,0.556,2.274,419.71,0.9697,48.4,0.7214,12.7,2.66e-05,0.2046,2.847,1.19,2.196,0.1947,8.345,0.4827,8.241
2022-04-13T18:50:56,41296.14,3100.14,105.46,0.2411,15.69,59.4,18.22,87.02,5.819,160.14,0.5454,0.02231,0.006332,2.033,1.513,2.102,1.426,4.177,158.66,13.4,0.8483,1.59,0.556,2.275,419.73,0.9694,48.4,0.7213,12.69,2.661e-05,0.2046,2.847,1.19,2.196,0.1947,8.347,0.4828,8.245
2022-04-13T18:51:26,41272.14,3098.8,105.37,0.241,15.69,59.4,18.22,87.07,5.831,160.14,0.5465,0.02223,0.006332,2.035,1.513,2.1,1.425,4.168,158.59,13.33,0.8579,1.589,0.556,2.274,419.66,0.969,48.39,0.7213,12.69,2.659e-05,0.2046,2.847,1.189,2.197,0.1946,8.344,0.4828,8.241
2022-04-13T18:51:56,41287.22,3099.46,105.38,0.2411,15.69,59.4,18.23,87.07,5.825,160.13,0.5465,0.02226,0.006332,2.035,1.513,2.102,1.424,4.168,158.6,13.33,0.8579,1.589,0.556,2.274,419.57,0.9691,48.39,0.7214,12.69,2.659e-05,0.2046,2.847,1.189,2.197,0.1946,8.343,0.4825,8.245
2022-04-13T18:52:26,41290.4,3099.58,105.38,0.241,15.69,59.5,18.23,87.04,5.821,160.1,0.546,0.02229,0.006332,2.035,1.514,2.098,1.425,4.186,158.58,13.32,0.8579,1.589,0.556,2.275,419.65,0.9695,48.37,0.7213,12.69,2.661e-05,0.2046,2.847,1.189,2.197,0.1946,8.339,0.4824,8.246
2022-04-13T18:52:56,41326.47,3100.7,105.56,0.2413,15.69,59.5,18.24,87.12,5.836,160.23,0.5473,0.02231,0.006332,2.038,1.515,2.1,1.427,4.183,158.6,13.32,0.8579,1.592,0.556,2.276,419.78,0.9697,48.42,0.7216,12.7,2.663e-05,0.2046,2.848,1.19,2.198,0.1947,8.339,0.4825,8.243
2022-04-13T18:53:26,41327.13,3101.79,105.56,0.2412,15.69,59.5,18.25,87.13,5.839,160.23,0.5478,0.0223,0.006316,2.038,1.515,2.1,1.427,4.162,158.66,13.3,0.8579,1.597,0.556,2.276,419.92,0.9699,48.42,0.7216,12.7,2.662e-05,0.2046,2.849,1.189,2.198,0.1948,8.339,0.4824,8.242
2022-04-13T18:53:56,41348.05,3103.94,105.62,0.2411,15.69,59.4,18.25,87.15,5.842,160.38,0.548,0.02228,0.006313,2.037,1.516,2.108,1.427,4.162,158.64,13.3,0.8579,1.601,0.556,2.276,419.96,0.9704,48.41,0.7219,12.79,2.663e-05,0.2046,2.851,1.189,2.198,0.1948,8.343,0.4827,8.241
2022-04-13T18:54:26,41335.86,3103.28,105.57,0.2412,15.69,59.4,18.24,87.17,5.844,160.25,0.5478,0.02225,0.006313,2.038,1.515,2.104,1.427,4.146,158.63,13.3,0.8661,1.601,0.556,2.276,420.53,0.9703,48.42,0.7219,12.78,2.661e-05,0.2046,2.85,1.189,2.199,0.1948,8.343,0.483,8.247
2022-04-13T18:54:56,41329.15,3103.28,105.63,0.2412,15.71,59.4,18.25,87.19,5.845,160.1,0.5482,0.02216,0.006327,2.038,1.515,2.104,1.426,4.125,158.55,13.3,0.8661,1.592,0.556,2.276,420.77,0.9703,48.42,0.7219,12.78,2.659e-05,0.2047,2.85,1.189,2.198,0.1948,8.342,0.4832,8.258
2022-04-13T18:55:26,41314.62,3101.27,105.6,0.2409,15.71,59.5,18.24,87.1,5.845,159.8,0.5485,0.02211,0.006335,2.038,1.515,2.103,1.425,4.116,158.33,13.3,0.8661,1.598,0.556,2.274,421.41,0.9697,48.42,0.7214,12.77,2.658e-05,0.2047,2.847,1.188,2.197,0.1947,8.334,0.4827,8.263
2022-04-13T18:55:56,41320.46,3102.32,105.52,0.2411,15.71,59.4,18.24,87.08,5.847,159.92,0.5485,0.02221,0.006335,2.038,1.515,2.104,1.425,4.14,158.26,13.3,0.8644,1.605,0.556,2.276,421.58,0.9696,48.43,0.7214,12.78,2.658e-05,0.2045,2.849,1.188,2.197,0.1947,8.338,0.483,8.271
2022-04-13T18:56:26,41309.12,3101.92,105.58,0.241,15.71,59.4,18.23,87.07,5.849,159.92,0.5473,0.02219,0.006335,2.037,1.515,2.103,1.425,4.161,158.18,13.35,0.8644,1.605,0.556,2.275,422.07,0.9696,48.42,0.7216,12.78,2.656e-05,0.2045,2.85,1.187,2.197,0.1947,8.342,0.483,8.279
2022-04-13T18:56:56,41301.32,3101.26,105.5,0.2408,15.7,59.4,18.23,87.04,5.842,159.59,0.5474,0.02213,0.006335,2.037,1.514,2.102,1.425,4.14,158.19,13.35,0.8644,1.605,0.556,2.275,421.56,0.9691,48.4,0.7213,12.78,2.655e-05,0.2045,2.848,1.187,2.198,0.1947,8.346,0.483,8.264
2022-04-13T18:57:26,41309.15,3101.9,105.47,0.2408,15.59,59.2,18.23,87.03,5.843,159.61,0.5474,0.02215,0.006335,2.037,1.514,2.103,1.424,4.192,158.15,13.35,0.8644,1.605,0.556,2.277,421.47,0.9684,48.39,0.721,12.78,2.654e-05,0.2045,2.85,1.187,2.197,0.1947,8.341,0.4829,8.259
2022-04-13T18:57:56,41321.92,3102.47,105.51,0.2408,15.59,59.3,18.23,87.13,5.849,159.58,0.5474,0.0222,0.006335,2.037,1.515,2.103,1.425,4.203,158.07,13.35,0.8644,1.603,0.556,2.278,421.31,0.9677,48.39,0.7211,12.78,2.654e-05,0.2046,2.849,1.187,2.198,0.1947,8.344,0.483,8.26
2022-04-13T18:58:26,41318.38,3103.13,105.58,0.2407,15.59,59.3,18.23,87.18,5.846,159.71,0.5479,0.02219,0.006343,2.037,1.515,2.103,1.425,4.228,158.08,13.35,0.8627,1.603,0.556,2.279,421.28,0.9685,48.38,0.7212,12.78,2.655e-05,0.2046,2.85,1.187,2.197,0.1947,8.348,0.4831,8.254
2022-04-13T18:58:56,41326.92,3104.54,105.67,0.2408,15.59,59.6,18.23,87.27,5.847,159.72,0.5481,0.02221,0.006343,2.037,1.515,2.104,1.426,4.193,158.1,13.35,0.8627,1.604,0.556,2.282,421.33,0.9687,48.41,0.7214,12.79,2.654e-05,0.2047,2.85,1.188,2.197,0.1948,8.343,0.4831,8.253
2022-04-13T18:59:26,41336.13,3104.99,105.71,0.2408,15.59,59.4,18.23,87.25,5.848,159.7,0.5484,0.02222,0.006343,2.038,1.515,2.104,1.425,4.207,158.06,13.28,0.8627,1.599,0.556,2.283,421.29,0.9681,48.42,0.7214,12.79,2.654e-05,0.2047,2.85,1.188,2.198,0.1947,8.345,0.4831,8.254
2022-04-13T18:59:56,41359.51,3105.19,105.72,0.2409,15.61,59.4,18.24,87.25,5.843,159.72,0.5484,0.02223,0.006343,2.038,1.516,2.105,1.425,4.195,158.04,13.28,0.8606,1.606,0.556,2.283,421.12,0.9683,48.43,0.7214,12.72,2.656e-05,0.2047,2.85,1.189,2.199,0.1949,8.342,0.4835,8.255
2022-04-13T19:00:26,41352.75,3105.89,105.69,0.2409,15.61,59.4,18.24,87.31,5.841,159.4,0.5481,0.02227,0.006343,2.038,1.516,2.1,1.426,4.203,158.05,13.28,0.8606,1.61,0.556,2.284,421.46,0.9684,48.43,0.7215,12.72,2.658e-05,0.2047,2.852,1.189,2.199,0.1949,8.353,0.4833,8.249
2022-04-13T19:00:56,41333.77,3103.52,105.49,0.2405,15.6,59.7,18.23,87.21,5.838,159.39,0.5482,0.02223,0.00637,2.03,1.516,2.1,1.425,4.217,158.04,13.28,0.8606,1.607,0.5687,2.282,421.27,0.9674,48.42,0.7212,12.71,2.657e-05,0.2046,2.848,1.189,2.198,0.1948,8.342,0.483,8.241
2022-04-13T19:01:26,41310.65,3103.05,105.4,0.2403,15.6,59.8,18.23,87.14,5.828,159.32,0.549,0.02224,0.006368,2.024,1.51,2.1,1.425,4.217,157.87,13.28,0.8606,1.608,0.5687,2.281,420.81,0.9668,48.41,0.7211,12.71,2.655e-05,0.2046,2.847,1.188,2.197,0.1947,8.34,0.4825,8.23
2022-04-13T19:01:56,41345.2,3103.57,105.49,0.2403,15.6,59.8,18.23,87.21,5.836,159.4,0.5491,0.02224,0.006359,2.024,1.512,2.1,1.426,4.213,157.89,13.28,0.8606,1.612,0.5687,2.282,420.87,0.9678,48.41,0.7213,12.71,2.654e-05,0.2047,2.848,1.189,2.197,0.1948,8.34,0.4825,8.231
2022-04-13T19:02:26,41359.07,3105.52,105.5,0.2404,15.6,59.8,18.23,87.26,5.842,159.57,0.5504,0.02227,0.006359,2.024,1.511,2.1,1.427,4.197,157.98,13.35,0.8641,1.612,0.5687,2.283,421.08,0.9679,48.41,0.7217,12.72,2.654e-05,0.2049,2.85,1.19,2.199,0.1949,8.341,0.4826,8.24
2022-04-13T19:02:56,41368.7,3105.44,105.47,0.2408,15.6,59.8,18.23,87.35,5.846,159.59,0.5498,0.02227,0.006358,2.024,1.511,2.1,1.427,4.196,158.1,13.35,0.8641,1.613,0.5687,2.282,421.12,0.968,48.42,0.7217,12.72,2.654e-05,0.205,2.85,1.19,2.198,0.1949,8.346,0.4826,8.242
2022-04-13T19:03:26,41372.97,3105.92,105.47,0.2408,15.6,59.6,18.23,87.39,5.847,159.61,0.5501,0.02227,0.006358,2.024,1.511,2.1,1.428,4.196,158.17,13.35,0.8641,1.611,0.5687,2.283,421.25,0.9679,48.44,0.7219,12.72,2.657e-05,0.2051,2.852,1.191,2.198,0.195,8.352,0.4825,8.252
2022-04-13T19:03:56,41355.93,3105.54,105.34,0.2407,15.6,59.6,18.22,87.36,5.854,159.58,0.5501,0.02224,0.006358,2.018,1.511,2.1,1.428,4.219,158.2,13.35,0.8688,1.609,0.5687,2.282,421.1,0.9675,48.44,0.7219,12.8,2.657e-05,0.2051,2.852,1.191,2.198,0.1949,8.339,0.4825,8.257
2022-04-13T19:04:26,41356.22,3105.25,105.34,0.2407,15.6,59.7,18.23,87.36,5.858,159.49,0.5497,0.02224,0.006358,2.018,1.511,2.1,1.428,4.204,158.23,13.35,0.8795,1.61,0.5687,2.283,420.93,0.9671,48.44,0.7221,12.8,2.657e-05,0.2051,2.852,1.191,2.198,0.1949,8.338,0.4826,8.259
2022-04-13T19:04:56,41356.92,3105.03,105.26,0.2407,15.6,59.7,18.22,87.35,5.854,159.49,0.548,0.02224,0.006358,2.018,1.511,2.1,1.428,4.204,158.32,13.35,0.8634,1.61,0.5687,2.284,420.8,0.9672,48.43,0.7219,12.8,2.657e-05,0.2051,2.852,1.192,2.199,0.195,8.337,0.4829,8.254
2022-04-13T19:05:26,41375.3,3106.89,105.3,0.241,15.63,59.9,18.22,87.37,5.862,159.54,0.548,0.02223,0.006382,2.022,1.511,2.1,1.428,4.185,158.41,13.35,0.8739,1.609,0.5687,2.284,421.03,0.9677,48.45,0.7223,12.81,2.658e-05,0.2052,2.853,1.194,2.199,0.195,8.338,0.4829,8.258
2022-04-13T19:05:56,41397.34,3108.08,105.33,0.2411,15.63,59.9,18.22,87.4,5.867,159.7,0.5493,0.02225,0.006382,2.021,1.512,2.1,1.429,4.177,158.58,13.35,0.8677,1.615,0.5687,2.285,421.22,0.9692,48.46,0.7224,12.82,2.659e-05,0.2052,2.855,1.196,2.2,0.1952,8.341,0.4834,8.262
2022-04-13T19:06:26,41477.08,3109.75,105.49,0.2412,15.63,60,18.25,87.42,5.87,159.88,0.5504,0.02235,0.006382,2.021,1.515,2.1,1.432,4.165,158.75,13.35,0.872,1.615,0.5687,2.287,421.49,0.9697,48.51,0.7229,12.82,2.662e-05,0.2055,2.856,1.199,2.203,0.1954,8.379,0.4845,8.269
2022-04-13T19:06:56,41487.44,3111.08,105.58,0.2419,15.63,60.1,18.27,87.52,5.879,160.12,0.5524,0.02238,0.006382,2.025,1.517,2.1,1.433,4.175,158.98,13.35,0.872,1.617,0.5687,2.289,421.98,0.9703,48.54,0.7234,12.83,2.666e-05,0.2057,2.858,1.2,2.203,0.1953,8.394,0.4845,8.268
2022-04-13T19:07:26,41466.93,3110.92,105.57,0.2418,15.63,60.1,18.27,87.6,5.878,160.09,0.5524,0.02235,0.006382,2.025,1.516,2.1,1.434,4.165,159.06,13.37,0.872,1.596,0.5687,2.289,421.95,0.9703,48.55,0.7234,12.83,2.666e-05,0.2056,2.859,1.204,2.203,0.1954,8.415,0.4848,8.273
2022-04-13T19:07:56,41412.26,3107.32,105.53,0.2416,15.67,60.1,18.26,87.53,5.889,159.96,0.5524,0.02232,0.006371,2.025,1.516,2.1,1.432,4.146,159.02,13.37,0.8625,1.585,0.5687,2.288,421.85,0.9705,48.52,0.7233,12.81,2.664e-05,0.2056,2.859,1.203,2.203,0.1953,8.407,0.4846,8.268
2022-04-13T19:08:26,41409.53,3106.9,105.22,0.2415,15.67,59.8,18.26,87.51,5.895,159.93,0.5515,0.0223,0.006371,2.025,1.515,2.1,1.431,4.156,159.04,13.37,0.866,1.588,0.5687,2.285,421.65,0.9703,48.51,0.7232,12.73,2.664e-05,0.2054,2.859,1.204,2.202,0.1953,8.405,0.4844,8.266
2022-04-13T19:08:56,41401.09,3106.32,105.2,0.2414,15.67,59.8,18.25,87.48,5.894,159.93,0.5501,0.02228,0.006371,2.025,1.513,2.11,1.431,4.156,159,13.37,0.866,1.581,0.5687,2.285,421.54,0.9695,48.48,0.7227,12.73,2.662e-05,0.2054,2.857,1.205,2.202,0.1952,8.415,0.4843,8.264
2022-04-13T19:09:26,41394.99,3105.38,105.21,0.2413,15.67,59.9,18.25,87.47,5.894,159.88,0.5501,0.02228,0.006371,2.025,1.511,2.11,1.432,4.141,159.05,13.37,0.866,1.586,0.5686,2.285,421.28,0.9698,48.49,0.7226,12.73,2.661e-05,0.2056,2.859,1.205,2.202,0.1952,8.431,0.4843,8.27
2022-04-13T19:09:56,41376.27,3104.07,105.07,0.2411,15.53,59.9,18.22,87.4,5.881,159.7,0.5486,0.02226,0.006371,2.028,1.511,2.11,1.431,4.135,159.06,13.37,0.866,1.58,0.5686,2.281,421.08,0.9696,48.46,0.7225,12.72,2.663e-05,0.2056,2.858,1.202,2.2,0.1952,8.431,0.4842,8.27
2022-04-13T19:10:26,41335.39,3102.09,105.04,0.2406,15.48,59.9,18.19,87.32,5.862,159.35,0.5427,0.02228,0.006371,2.028,1.511,2.11,1.427,4.114,158.92,13.33,0.8645,1.574,0.5686,2.279,420.77,0.9689,48.45,0.7215,12.71,2.657e-05,0.2052,2.851,1.201,2.197,0.195,8.401,0.4833,8.26
2022-04-13T19:10:56,41321.2,3099.94,105.03,0.2404,15.48,59.9,18.18,87.25,5.852,159.24,0.5379,0.02229,0.006378,2.021,1.509,2.11,1.425,4.114,158.74,13.33,0.8645,1.572,0.5686,2.277,420.62,0.9679,48.43,0.7214,12.71,2.655e-05,0.2049,2.848,1.198,2.196,0.1949,8.401,0.4831,8.257
2022-04-13T19:11:26,41321.93,3100.56,105.02,0.2406,15.44,59.5,18.18,87.26,5.855,159.23,0.5378,0.02231,0.006357,2.021,1.508,2.11,1.425,4.114,158.56,13.33,0.8645,1.572,0.5686,2.277,420.71,0.968,48.38,0.7215,12.71,2.655e-05,0.205,2.849,1.197,2.197,0.1949,8.408,0.4832,8.253
2022-04-13T19:11:56,41304.45,3100.1,104.94,0.2407,15.46,59.5,18.19,87.26,5.852,159.21,0.5382,0.0223,0.006364,2.018,1.508,2.11,1.425,4.11,158.56,13.33,0.8645,1.573,0.5686,2.277,420.78,0.9677,48.37,0.7213,12.71,2.653e-05,0.205,2.849,1.197,2.196,0.1949,8.418,0.4831,8.251
2022-04-13T19:12:26,41261.06,3099.38,104.71,0.2405,15.34,59.3,18.18,87.18,5.856,158.88,0.5382,0.02224,0.006364,2.019,1.507,2.11,1.423,4.112,158.43,13.33,0.8645,1.567,0.5686,2.276,420.57,0.9661,48.33,0.7212,12.7,2.65e-05,0.205,2.846,1.195,2.193,0.1948,8.427,0.4825,8.247
2022-04-13T19:12:56,41294.67,3100.05,104.9,0.2405,15.34,59.5,18.19,87.21,5.861,158.97,0.5369,0.02226,0.00634,2.02,1.508,2.11,1.425,4.114,158.5,13.33,0.8512,1.567,0.5686,2.277,420.64,0.9668,48.34,0.7213,12.71,2.653e-05,0.205,2.85,1.195,2.195,0.1948,8.429,0.4824,8.247
2022-04-13T19:13:26,41285.14,3099.96,104.82,0.2403,15.34,59.7,18.2,87.21,5.863,159.04,0.5369,0.02225,0.00634,2.02,1.507,2.11,1.423,4.122,158.51,13.3,0.8675,1.567,0.5686,2.276,420.73,0.9666,48.34,0.7214,12.71,2.651e-05,0.205,2.849,1.194,2.195,0.1948,8.426,0.482,8.247
2022-04-13T19:13:56,41292.12,3101.1,104.84,0.2406,15.36,59.7,18.19,87.26,5.855,159.32,0.5382,0.02225,0.00634,2.02,1.508,2.11,1.423,4.148,158.54,13.3,0.8693,1.567,0.5686,2.275,420.74,0.9666,48.31,0.7212,12.71,2.651e-05,0.205,2.849,1.194,2.194,0.1948,8.423,0.4822,8.249
2022-04-13T19:14:26,41283.74,3101.31,104.87,0.2404,15.36,59.7,18.2,87.26,5.857,159.27,0.5361,0.02222,0.00634,2.024,1.509,2.11,1.424,4.144,158.52,13.3,0.8677,1.566,0.5686,2.276,420.83,0.967,48.32,0.7214,12.71,2.652e-05,0.205,2.85,1.193,2.194,0.1948,8.416,0.4817,8.249
2022-04-13T19:14:56,41265.14,3099.45,104.74,0.2401,15.36,59.7,18.18,87.2,5.843,159.12,0.5365,0.02217,0.00634,2.024,1.508,2.11,1.423,4.128,158.49,13.3,0.872,1.564,0.5686,2.275,420.7,0.9661,48.32,0.7212,12.7,2.65e-05,0.205,2.85,1.193,2.194,0.1947,8.399,0.482,8.248
2022-04-13T19:15:26,41250.57,3100.23,104.74,0.2401,15.36,59.7,18.19,87.19,5.828,158.86,0.5366,0.02216,0.00634,2.016,1.508,2.11,1.423,4.128,158.47,13.3,0.872,1.564,0.5686,2.274,420.49,0.9662,48.33,0.721,12.71,2.65e-05,0.205,2.848,1.192,2.193,0.1948,8.387,0.482,8.244
2022-04-13T19:15:56,41266.25,3100.88,104.75,0.2404,15.36,59.5,18.19,87.24,5.829,159.05,0.5409,0.02217,0.006357,2.02,1.509,2.11,1.422,4.136,158.54,13.3,0.8573,1.579,0.5686,2.275,420.5,0.9663,48.33,0.7211,12.71,2.648e-05,0.2051,2.849,1.193,2.194,0.1948,8.386,0.4818,8.242
2022-04-13T19:16:26,41265.54,3101.06,104.77,0.2405,15.33,59.5,18.19,87.24,5.83,159.02,0.5405,0.02219,0.006357,2.02,1.509,2.11,1.423,4.108,158.61,13.2,0.8573,1.59,0.5686,2.275,420.66,0.9662,48.32,0.7212,12.71,2.646e-05,0.2051,2.849,1.193,2.194,0.1948,8.398,0.4816,8.241
2022-04-13T19:16:56,41256.14,3101.44,104.77,0.2404,15.33,59.5,18.19,87.25,5.813,159.01,0.54,0.02221,0.006351,2.02,1.508,2.11,1.423,4.112,158.58,13.2,0.8573,1.58,0.5686,2.276,420.75,0.9662,48.31,0.7212,12.71,2.645e-05,0.2051,2.849,1.193,2.193,0.1948,8.411,0.4819,8.229
2022-04-13T19:17:26,41262.67,3100.77,104.7,0.2403,15.33,59.5,18.19,87.26,5.812,158.99,0.54,0.02222,0.006363,2.02,1.507,2.11,1.423,4.112,158.58,13.2,0.8573,1.585,0.5686,2.276,420.82,0.9667,48.31,0.721,12.71,2.645e-05,0.2051,2.85,1.192,2.193,0.1948,8.424,0.4818,8.231
2022-04-13T19:17:56,41273.64,3101.16,104.77,0.2404,15.33,59.5,18.2,87.3,5.818,158.99,0.54,0.02228,0.006363,2.02,1.508,2.11,1.423,4.098,158.61,13.2,0.8573,1.585,0.5686,2.277,420.84,0.9673,48.32,0.7211,12.71,2.647e-05,0.2051,2.85,1.192,2.194,0.1948,8.423,0.4819,8.231
2022-04-13T19:18:26,41279.42,3100.44,104.79,0.2404,15.33,59.6,18.2,87.42,5.82,159.2,0.54,0.02231,0.006363,2.022,1.508,2.11,1.423,4.077,158.53,13.18,0.8578,1.574,0.5686,2.278,420.91,0.9671,48.34,0.7213,12.78,2.647e-05,0.2051,2.852,1.193,2.194,0.1948,8.434,0.4821,8.227
2022-04-13T19:18:56,41268.94,3100.03,104.78,0.2403,15.33,59.6,18.2,87.4,5.819,159.1,0.54,0.02226,0.006363,2.022,1.508,2.11,1.423,4.084,158.48,13.18,0.8578,1.573,0.5686,2.278,420.89,0.9666,48.35,0.7211,12.78,2.645e-05,0.2054,2.852,1.192,2.195,0.1948,8.448,0.4821,8.223
2022-04-13T19:19:26,41292.61,3102.59,104.9,0.2405,15.33,59.6,18.21,87.45,5.818,159.18,0.54,0.02228,0.006363,2.022,1.509,2.11,1.424,4.08,158.57,13.06,0.8578,1.571,0.5686,2.279,420.89,0.9666,48.4,0.7213,12.79,2.649e-05,0.2054,2.852,1.193,2.195,0.1949,8.45,0.4821,8.223
2022-04-13T19:19:56,41321.65,3104.11,104.96,0.2405,15.33,59.6,18.22,87.48,5.818,159.32,0.5397,0.0223,0.006363,2.022,1.509,2.11,1.424,4.08,158.66,13.06,0.8578,1.571,0.5686,2.28,420.96,0.9679,48.45,0.7215,12.79,2.65e-05,0.2054,2.853,1.195,2.195,0.1949,8.468,0.4822,8.229
2022-04-13T19:20:26,41293.9,3102.24,104.8,0.2405,15.33,59.8,18.21,87.44,5.816,159.24,0.5402,0.02231,0.006363,2.022,1.51,2.11,1.424,4.078,158.64,13.08,0.8552,1.571,0.5686,2.278,421.2,0.967,48.43,0.721,12.79,2.649e-05,0.2054,2.852,1.194,2.195,0.1949,8.468,0.4825,8.231
2022-04-13T19:20:56,41284.71,3101.33,104.7,0.2404,15.33,59.8,18.2,87.4,5.806,159.14,0.5402,0.02224,0.006363,2.022,1.51,2.11,1.421,4.075,158.56,13.08,0.8552,1.569,0.5686,2.277,421.19,0.9666,48.4,0.7205,12.79,2.647e-05,0.2054,2.852,1.194,2.194,0.1948,8.475,0.4821,8.226
2022-04-13T19:21:26,41289.94,3101.83,104.78,0.2404,15.36,59.8,18.2,87.36,5.801,159.13,0.5388,0.02228,0.00637,2.022,1.51,2.11,1.422,4.087,158.59,13.08,0.8552,1.574,0.5686,2.277,420.93,0.9669,48.38,0.7206,12.79,2.648e-05,0.2052,2.851,1.194,2.195,0.1947,8.476,0.482,8.226
2022-04-13T19:21:56,41288.19,3101.64,104.79,0.2404,15.33,59.8,18.2,87.35,5.807,159.12,0.5384,0.02228,0.00637,2.022,1.511,2.11,1.422,4.101,158.64,13.08,0.8627,1.562,0.5686,2.275,421.07,0.9669,48.38,0.7207,12.79,2.648e-05,0.2051,2.853,1.194,2.194,0.1948,8.472,0.4821,8.226
2022-04-13T19:22:26,41294.51,3102.62,104.81,0.2403,15.33,59.8,18.21,87.34,5.806,159.15,0.5379,0.0223,0.00637,2.02,1.511,2.11,1.422,4.1,158.64,13.08,0.8627,1.562,0.5686,2.276,421.11,0.967,48.38,0.7207,12.79,2.651e-05,0.2049,2.853,1.194,2.194,0.1948,8.477,0.4823,8.225
2022-04-13T19:22:56,41287.54,3102.17,104.8,0.2403,15.33,59.9,18.2,87.28,5.809,159.2,0.5379,0.02229,0.006374,2.02,1.511,2.11,1.422,4.094,158.61,13.08,0.8627,1.56,0.5686,2.276,421.19,0.9672,48.38,0.7208,12.8,2.65e-05,0.2049,2.853,1.194,2.194,0.1948,8.486,0.4822,8.225
2022-04-13T19:23:26,41294.82,3102.09,104.79,0.2405,15.33,60,18.2,87.26,5.81,159.22,0.5378,0.02229,0.006374,2.018,1.512,2.11,1.422,4.103,158.65,13.08,0.8627,1.553,0.5686,2.276,421.13,0.9674,48.4,0.7207,12.8,2.651e-05,0.2049,2.853,1.194,2.195,0.1948,8.488,0.4824,8.228
2022-04-13T19:23:56,41276.58,3101.09,104.75,0.2404,15.33,60,18.2,87.2,5.811,159.21,0.5378,0.02226,0.006374,2.018,1.511,2.11,1.42,4.104,158.64,13.08,0.8676,1.553,0.5686,2.275,421.04,0.967,48.39,0.7206,12.79,2.648e-05,0.2049,2.852,1.194,2.194,0.1948,8.515,0.4824,8.228
2022-04-13T19:24:26,41277.58,3101.19,104.74,0.2404,15.33,60,18.2,87.21,5.807,159.19,0.5378,0.02226,0.006374,2.018,1.513,2.11,1.421,4.094,158.63,13.08,0.8676,1.551,0.5686,2.274,421,0.9669,48.36,0.7205,12.79,2.649e-05,0.2049,2.852,1.193,2.194,0.1948,8.515,0.4824,8.229
2022-04-13T19:24:56,41293.14,3103.02,104.87,0.2407,15.33,59.9,18.2,87.25,5.803,159.25,0.5378,0.02225,0.006374,2.018,1.513,2.11,1.421,4.104,158.65,13.08,0.8676,1.551,0.5686,2.275,421.11,0.9673,48.38,0.7206,12.8,2.651e-05,0.2049,2.853,1.195,2.195,0.1948,8.516,0.4826,8.225
2022-04-13T19:25:26,41297.17,3103.05,104.86,0.2407,15.33,60,18.21,87.27,5.809,159.28,0.5383,0.02224,0.006386,2.018,1.512,2.11,1.423,4.139,158.68,13.08,0.8676,1.551,0.5686,2.276,421.41,0.968,48.41,0.7208,12.8,2.65e-05,0.2049,2.856,1.195,2.196,0.1948,8.499,0.4826,8.236
2022-04-13T19:25:56,41310.66,3104.17,104.86,0.2408,15.33,60,18.21,87.32,5.81,159.25,0.5377,0.02223,0.006386,2.018,1.511,2.11,1.423,4.139,158.68,13.08,0.8676,1.551,0.5686,2.276,421.47,0.9683,48.43,0.7209,12.81,2.65e-05,0.2049,2.857,1.196,2.196,0.1948,8.482,0.4828,8.238
2022-04-13T19:26:26,41322.02,3104.56,104.88,0.2409,15.41,60,18.21,87.35,5.813,159.26,0.5377,0.02224,0.006363,2.018,1.513,2.11,1.423,4.144,158.68,13.08,0.8661,1.552,0.5686,2.276,421.45,0.9683,48.48,0.7211,12.81,2.651e-05,0.2049,2.856,1.196,2.196,0.1949,8.48,0.4829,8.232
2022-04-13T19:26:56,41327.39,3105.44,104.92,0.2411,15.41,60.2,18.22,87.41,5.813,159.31,0.5377,0.02226,0.006367,2.021,1.514,2.11,1.423,4.138,158.74,13.08,0.8661,1.556,0.5686,2.277,421.59,0.9683,48.49,0.7211,12.74,2.651e-05,0.2049,2.855,1.196,2.197,0.1948,8.481,0.4832,8.234
2022-04-13T19:27:26,41324.22,3105.93,104.93,0.2415,15.44,60.2,18.22,87.42,5.815,159.3,0.537,0.02227,0.006367,2.021,1.513,2.11,1.423,4.136,158.85,13.08,0.874,1.556,0.5686,2.276,421.49,0.9684,48.49,0.721,12.74,2.65e-05,0.2049,2.854,1.196,2.197,0.1948,8.474,0.4833,8.238
2022-04-13T19:27:56,41304.59,3105.31,104.87,0.2415,15.44,60,18.21,87.38,5.801,159.3,0.5372,0.02222,0.006367,2.021,1.513,2.11,1.422,4.126,158.83,13.08,0.874,1.556,0.5686,2.276,421.18,0.968,48.48,0.7209,12.74,2.647e-05,0.2054,2.854,1.195,2.196,0.1949,8.462,0.4833,8.241
2022-04-13T19:28:26,41298.22,3104.79,104.87,0.2415,15.44,60,18.21,87.42,5.803,159.32,0.5379,0.02222,0.006367,2.021,1.514,2.106,1.422,4.098,158.78,13.08,0.874,1.553,0.5686,2.277,421.33,0.9683,48.47,0.721,12.73,2.647e-05,0.2054,2.853,1.195,2.196,0.1948,8.461,0.4831,8.239
2022-04-13T19:28:56,41303.25,3105.01,104.87,0.2417,15.44,60,18.22,87.46,5.809,159.36,0.5379,0.02224,0.006367,2.018,1.514,2.106,1.423,4.127,158.84,13.08,0.874,1.553,0.5686,2.277,421.54,0.9684,48.49,0.7212,12.74,2.648e-05,0.2054,2.853,1.195,2.196,0.1948,8.464,0.4831,8.238
2022-04-13T19:29:26,41304,3105.05,104.92,0.2417,15.44,60,18.22,87.47,5.809,159.28,0.5379,0.02223,0.006364,2.018,1.513,2.106,1.423,4.114,158.82,13.08,0.8624,1.553,0.5686,2.277,421.47,0.9684,48.49,0.7212,12.74,2.648e-05,0.2054,2.853,1.196,2.196,0.1948,8.455,0.4832,8.236
2022-04-13T19:29:56,41331.83,3106.37,104.96,0.242,15.5,60,18.23,87.55,5.791,159.33,0.5379,0.02229,0.006364,2.025,1.513,2.108,1.423,4.128,158.89,13.08,0.8624,1.553,0.5686,2.277,421.55,0.969,48.52,0.7213,12.74,2.649e-05,0.2054,2.854,1.196,2.197,0.1948,8.454,0.4832,8.24
2022-04-13T19:30:26,41327.9,3106.71,104.96,0.2416,15.5,60,18.23,87.5,5.788,159.32,0.5379,0.02227,0.006364,2.025,1.513,2.107,1.423,4.125,158.91,13.08,0.8553,1.553,0.5686,2.278,421.55,0.9689,48.51,0.7217,12.74,2.65e-05,0.2054,2.853,1.197,2.197,0.1948,8.447,0.4832,8.236
2022-04-13T19:30:56,41313.89,3105.01,104.92,0.2415,15.5,60,18.21,87.43,5.788,159.29,0.5379,0.02222,0.006364,2.025,1.513,2.107,1.423,4.114,158.84,13.08,0.8553,1.553,0.5686,2.276,421.43,0.9687,48.48,0.7209,12.75,2.648e-05,0.2054,2.851,1.195,2.196,0.1948,8.452,0.4828,8.24
2022-04-13T19:31:26,41288.43,3104.52,104.71,0.2416,15.5,60,18.21,87.37,5.783,159.21,0.5376,0.02223,0.006364,2.034,1.511,2.102,1.42,4.114,158.8,13.08,0.8657,1.556,0.5686,2.276,421.17,0.9681,48.46,0.7208,12.75,2.647e-05,0.2054,2.85,1.195,2.195,0.1948,8.448,0.4827,8.245
2022-04-13T19:31:56,41296.45,3105.31,104.78,0.2418,15.5,60,18.21,87.37,5.78,159.14,0.5378,0.02227,0.006364,2.034,1.511,2.102,1.42,4.114,158.78,13.08,0.8657,1.556,0.5686,2.276,421.19,0.9686,48.47,0.721,12.76,2.645e-05,0.2052,2.85,1.195,2.193,0.1948,8.462,0.4826,8.245
2022-04-13T19:32:26,41305.49,3105.19,104.74,0.2417,15.5,60,18.21,87.32,5.779,159.12,0.5378,0.02228,0.006364,2.034,1.511,2.102,1.421,4.102,158.76,13.07,0.8657,1.555,0.5686,2.276,421.21,0.9686,48.45,0.7212,12.76,2.645e-05,0.2052,2.85,1.195,2.194,0.1948,8.466,0.4824,8.246
2022-04-13T19:32:56,41312.65,3105.45,104.7,0.2417,15.45,60,18.21,87.36,5.784,159.22,0.5378,0.02229,0.006364,2.031,1.511,2.103,1.421,4.104,158.76,13.07,0.8657,1.555,0.5686,2.277,421.36,0.9693,48.45,0.7213,12.76,2.645e-05,0.2052,2.849,1.195,2.194,0.1948,8.473,0.4825,8.246
2022-04-13T19:33:26,41313.45,3105.51,104.67,0.2418,15.45,60,18.21,87.36,5.785,159.21,0.5378,0.02229,0.006367,2.031,1.511,2.103,1.421,4.09,158.77,13.07,0.865,1.555,0.5686,2.276,421.39,0.969,48.47,0.7212,12.76,2.645e-05,0.2052,2.85,1.195,2.194,0.1948,8.466,0.4823,8.25
2022-04-13T19:33:56,41313.89,3105.34,104.64,0.2417,15.45,60,18.21,87.33,5.794,159.22,0.5378,0.02229,0.006367,2.031,1.51,2.103,1.421,4.081,158.78,13.07,0.865,1.553,0.5686,2.276,421.18,0.9695,48.44,0.7213,12.76,2.643e-05,0.2052,2.849,1.195,2.194,0.1948,8.475,0.4823,8.246
2022-04-13T19:34:26,41301.9,3105.41,104.63,0.2416,15.45,60.1,18.21,87.31,5.796,159.14,0.5377,0.02229,0.006358,2.031,1.51,2.102,1.421,4.081,158.79,13.07,0.865,1.553,0.5686,2.276,421.23,0.9692,48.43,0.7212,12.76,2.642e-05,0.2052,2.849,1.195,2.194,0.1947,8.486,0.4823,8.248
2022-04-13T19:34:56,41288.84,3104.59,104.58,0.2415,15.45,60.1,18.2,87.25,5.795,159.09,0.5377,0.02227,0.006364,2.031,1.51,2.102,1.421,4.081,158.78,13.07,0.865,1.553,0.5686,2.275,421.14,0.9688,48.46,0.7209,12.75,2.641e-05,0.2052,2.847,1.195,2.194,0.1948,8.48,0.4823,8.248
2022-04-13T19:35:26,41248.17,3100.34,104.38,0.2413,15.47,60.1,18.17,87.14,5.793,158.85,0.537,0.02225,0.006342,2.023,1.509,2.1,1.418,4.066,158.42,13.07,0.8625,1.553,0.5686,2.272,420.37,0.9677,48.41,0.7202,12.74,2.636e-05,0.2048,2.845,1.193,2.192,0.1945,8.468,0.482,8.241
2022-04-13T19:35:56,41219.91,3099.99,104.38,0.2413,15.38,59.5,18.16,87.04,5.775,158.79,0.5317,0.02221,0.006342,2.022,1.506,2.098,1.418,4.059,158.4,13.07,0.8625,1.542,0.5686,2.271,420.4,0.9679,48.4,0.72,12.73,2.636e-05,0.2048,2.845,1.192,2.191,0.1944,8.463,0.482,8.24
2022-04-13T19:36:26,41206.34,3099.06,104.28,0.2412,15.38,59.4,18.15,87.09,5.776,158.84,0.5336,0.02224,0.00634,2.022,1.506,2.097,1.418,4.078,158.42,13.07,0.8583,1.55,0.5686,2.27,420.42,0.9667,48.42,0.72,12.73,2.637e-05,0.2047,2.843,1.193,2.19,0.1943,8.457,0.4813,8.236
2022-04-13T19:36:56,41191.51,3098.21,104.17,0.241,15.38,59.4,18.15,87.05,5.766,158.59,0.5336,0.0222,0.006308,2.022,1.502,2.097,1.416,4.078,158.21,13.07,0.8583,1.55,0.5686,2.268,420.17,0.9669,48.39,0.7197,12.8,2.635e-05,0.2048,2.843,1.192,2.19,0.1943,8.437,0.4813,8.235
2022-04-13T19:37:26,41186.92,3097.81,104.27,0.241,15.38,59.6,18.15,87.08,5.766,158.58,0.5335,0.02222,0.006308,2.017,1.501,2.096,1.416,4.054,158.12,13.07,0.8583,1.541,0.5686,2.268,420.19,0.9666,48.37,0.7197,12.8,2.633e-05,0.2048,2.844,1.191,2.191,0.1944,8.437,0.4813,8.236
2022-04-13T19:37:56,41199.73,3097.45,104.3,0.241,15.38,59.6,18.16,87.04,5.768,158.57,0.5329,0.02223,0.006305,2.017,1.503,2.097,1.417,4.069,158.07,13.07,0.8583,1.544,0.5686,2.269,420.23,0.9665,48.38,0.7197,12.8,2.635e-05,0.2048,2.845,1.192,2.191,0.1944,8.433,0.4813,8.234
2022-04-13T19:38:26,41195.06,3097.67,104.26,0.2408,15.38,59.6,18.16,86.96,5.766,158.41,0.5318,0.02223,0.006289,2.017,1.503,2.096,1.416,4.07,158.09,13.07,0.8636,1.542,0.5686,2.27,420.08,0.9669,48.4,0.7197,12.8,2.635e-05,0.2047,2.844,1.191,2.191,0.1944,8.427,0.4813,8.233
2022-04-13T19:38:56,41192.32,3095.39,104.32,0.2408,15.38,59.6,18.15,86.91,5.765,158.41,0.5316,0.02222,0.006289,2.017,1.503,2.096,1.417,4.073,158.14,13.07,0.8636,1.542,0.5686,2.27,420.15,0.967,48.39,0.7196,12.79,2.635e-05,0.2049,2.844,1.191,2.191,0.1944,8.45,0.4814,8.231
2022-04-13T19:39:26,41198.36,3095.39,104.29,0.2408,15.38,59.5,18.15,86.9,5.77,158.43,0.5316,0.02218,0.006289,2.017,1.503,2.097,1.417,4.073,158.15,13.12,0.8636,1.539,0.5686,2.27,420.23,0.9669,48.39,0.7192,12.79,2.636e-05,0.2049,2.846,1.192,2.191,0.1944,8.457,0.4815,8.23
2022-04-13T19:39:56,41193.28,3095.04,104.26,0.2409,15.38,59.5,18.15,86.87,5.771,158.43,0.5323,0.02216,0.006289,2.025,1.504,2.096,1.417,4.07,158.14,13.12,0.8636,1.539,0.5686,2.27,420.27,0.9667,48.41,0.7192,12.79,2.634e-05,0.2048,2.845,1.191,2.191,0.1944,8.446,0.4815,8.237
2022-04-13T19:40:26,41190.57,3094.46,104.25,0.2409,15.38,59.5,18.15,86.88,5.769,158.43,0.5323,0.0221,0.006289,2.025,1.504,2.096,1.417,4.066,158.14,13.12,0.8636,1.538,0.5686,2.269,420.25,0.9662,48.39,0.7192,12.79,2.635e-05,0.2048,2.845,1.191,2.191,0.1942,8.458,0.4815,8.232
2022-04-13T19:40:56,41175.25,3093.51,104.23,0.241,15.34,59.5,18.15,86.87,5.771,158.32,0.5333,0.02207,0.006289,2.025,1.504,2.095,1.416,4.066,158.21,13.12,0.8636,1.537,0.5686,2.269,420.21,0.9664,48.38,0.7189,12.71,2.634e-05,0.2049,2.844,1.19,2.19,0.1943,8.457,0.4814,8.229
2022-04-13T19:41:26,41163.89,3091.25,104.17,0.2405,15.34,59.2,18.13,86.82,5.766,158.28,0.5333,0.022,0.006289,2.026,1.503,2.095,1.415,4.066,158.04,13.12,0.8636,1.537,0.5686,2.265,419.7,0.9658,48.35,0.7185,12.7,2.632e-05,0.2041,2.841,1.189,2.189,0.1943,8.455,0.4814,8.218
2022-04-13T19:41:56,41140.6,3090.58,104.17,0.2403,15.34,59.4,18.12,86.86,5.762,158.27,0.5333,0.02197,0.006281,2.026,1.501,2.094,1.415,4.066,158.03,13.12,0.8636,1.531,0.5686,2.265,419.73,0.9654,48.31,0.7181,12.69,2.633e-05,0.2044,2.842,1.189,2.19,0.1942,8.458,0.481,8.219
2022-04-13T19:42:26,41142.59,3090.13,104.12,0.2402,15.34,59.3,18.12,86.77,5.761,158.16,0.5334,0.02193,0.006277,2.029,1.501,2.094,1.414,4.06,158.01,13.12,0.8636,1.53,0.5686,2.264,419.65,0.9653,48.3,0.7182,12.69,2.632e-05,0.2042,2.841,1.188,2.19,0.1942,8.449,0.4806,8.217
2022-04-13T19:42:56,41163.09,3090.31,104.13,0.2407,15.34,59.3,18.12,86.81,5.777,158.16,0.5334,0.02196,0.006277,2.02,1.503,2.095,1.415,4.057,158.11,13.12,0.8583,1.528,0.5686,2.266,419.9,0.9656,48.31,0.7183,12.68,2.634e-05,0.2044,2.843,1.189,2.191,0.1942,8.455,0.4808,8.214
2022-04-13T19:43:26,41170.58,3090.89,104.2,0.2407,15.34,59.3,18.13,86.83,5.773,158.3,0.5298,0.02205,0.006277,2.027,1.503,2.096,1.415,4.049,158.18,13.12,0.8559,1.529,0.5686,2.267,419.93,0.966,48.35,0.7184,12.68,2.634e-05,0.2044,2.844,1.19,2.191,0.1943,8.464,0.4807,8.22
2022-04-13T19:43:56,41171.5,3091.57,104.21,0.2407,15.34,59.3,18.14,86.85,5.774,158.34,0.5298,0.02201,0.006277,2.027,1.503,2.096,1.415,4.049,158.23,13.12,0.8559,1.53,0.5686,2.267,419.97,0.9664,48.35,0.7187,12.68,2.634e-05,0.2044,2.844,1.19,2.19,0.1942,8.464,0.4808,8.22
2022-04-13T19:44:26,41184.7,3092.14,104.24,0.2405,15.34,59.3,18.14,86.91,5.781,158.28,0.5298,0.02203,0.006277,2.017,1.504,2.096,1.415,4.067,158.42,13.12,0.8559,1.53,0.5686,2.267,420.01,0.9666,48.37,0.7188,12.69,2.634e-05,0.2045,2.844,1.191,2.19,0.1943,8.465,0.4811,8.22
2022-04-13T19:44:56,41188.93,3091.71,104.3,0.2405,15.4,59.3,18.14,87.01,5.798,158.26,0.5313,0.02201,0.006276,2.016,1.504,2.097,1.415,4.053,158.58,13.12,0.8559,1.53,0.5686,2.267,420.02,0.9663,48.34,0.7188,12.68,2.634e-05,0.2045,2.845,1.191,2.191,0.1943,8.47,0.4813,8.227
2022-04-13T19:45:26,41205.63,3092.15,104.29,0.2406,15.4,59.3,18.15,87.02,5.801,158.42,0.5312,0.02204,0.006276,2.016,1.504,2.097,1.417,4.053,158.77,13.12,0.8559,1.532,0.5686,2.268,420.13,0.9668,48.34,0.719,12.75,2.635e-05,0.2045,2.846,1.192,2.192,0.1944,8.472,0.4813,8.227
2022-04-13T19:45:56,41174.56,3091.16,104.17,0.2404,15.4,59.2,18.14,86.96,5.794,158.34,0.5312,0.02202,0.006276,2.016,1.504,2.096,1.416,4.094,158.82,13.12,0.8549,1.532,0.5686,2.267,420.2,0.9664,48.35,0.7187,12.75,2.634e-05,0.2044,2.845,1.191,2.191,0.1942,8.464,0.4814,8.227
2022-04-13T19:46:26,41181.79,3092.05,104.24,0.2405,15.4,59.2,18.14,86.99,5.804,158.35,0.5312,0.02202,0.006276,2.021,1.504,2.096,1.415,4.099,158.87,13.12,0.8549,1.532,0.5686,2.268,420.14,0.9664,48.36,0.7191,12.75,2.635e-05,0.2046,2.845,1.192,2.191,0.1943,8.456,0.4817,8.228
2022-04-13T19:46:56,41158.65,3091.81,104.24,0.2405,15.4,59.3,18.14,86.93,5.794,158.33,0.5313,0.022,0.006276,2.021,1.504,2.095,1.415,4.107,158.93,13.12,0.8549,1.53,0.5686,2.268,420.08,0.9663,48.32,0.7189,12.75,2.634e-05,0.2046,2.845,1.191,2.19,0.1943,8.439,0.4816,8.218
2022-04-13T19:47:26,41131.9,3091.29,104.1,0.2404,15.4,59.2,18.13,86.86,5.792,158.26,0.5313,0.02193,0.006276,2.021,1.504,2.094,1.413,4.11,158.78,13.11,0.8548,1.531,0.5686,2.266,419.91,0.9656,48.29,0.7184,12.75,2.632e-05,0.2044,2.844,1.19,2.19,0.1943,8.436,0.4815,8.218
2022-04-13T19:47:56,41144.7,3090.15,104.11,0.2405,15.36,59.2,18.14,86.86,5.784,158.15,0.5313,0.02191,0.00627,2.019,1.503,2.094,1.414,4.11,158.77,13.11,0.8548,1.531,0.5686,2.267,419.98,0.9656,48.28,0.7184,12.74,2.63e-05,0.2043,2.843,1.191,2.19,0.1943,8.43,0.4815,8.216
2022-04-13T19:48:26,41129.96,3089.06,104.07,0.2404,15.36,59.1,18.13,86.85,5.793,158.26,0.5313,0.02185,0.006268,2.019,1.504,2.094,1.414,4.106,158.89,13.11,0.8548,1.531,0.5686,2.267,419.79,0.9656,48.25,0.7183,12.74,2.629e-05,0.2045,2.845,1.191,2.191,0.1943,8.433,0.4813,8.216
2022-04-13T19:48:56,41115.31,3088.59,104.03,0.2403,15.39,59.2,18.13,86.82,5.789,158.25,0.5281,0.02189,0.006264,2.019,1.504,2.093,1.414,4.091,158.87,13.11,0.855,1.531,0.5686,2.267,419.77,0.9657,48.23,0.7182,12.74,2.628e-05,0.2045,2.844,1.191,2.191,0.1942,8.42,0.4813,8.215
2022-04-13T19:49:26,41116.2,3088.82,104.05,0.2403,15.39,59.2,18.13,86.83,5.791,158.19,0.5273,0.02191,0.006264,2.019,1.503,2.093,1.414,4.094,158.89,13.11,0.855,1.531,0.5686,2.267,419.67,0.9653,48.22,0.7182,12.63,2.629e-05,0.2045,2.847,1.191,2.191,0.1942,8.425,0.4813,8.209
2022-04-13T19:49:56,41122.62,3089.81,104.07,0.2405,15.39,59.2,18.13,86.93,5.8,158.35,0.5273,0.02193,0.00626,2.019,1.503,2.093,1.416,4.092,159.07,13.11,0.855,1.532,0.5686,2.269,419.83,0.9652,48.27,0.7187,12.63,2.63e-05,0.2049,2.851,1.191,2.197,0.1943,8.422,0.4816,8.207
2022-04-13T19:50:26,41090.93,3086.71,104.02,0.2404,15.39,59,18.12,86.89,5.795,158.2,0.5273,0.02191,0.00626,2.019,1.504,2.095,1.414,4.058,159.01,13.1,0.8512,1.529,0.5686,2.266,419.57,0.9652,48.25,0.7181,12.62,2.629e-05,0.2048,2.849,1.191,2.194,0.1943,8.425,0.4816,8.204
2022-04-13T19:50:56,41085.52,3087.26,104.1,0.2403,15.39,59.1,18.11,86.87,5.792,158.25,0.5273,0.02191,0.00626,2.019,1.501,2.095,1.414,4.07,158.94,13.1,0.8512,1.529,0.5686,2.265,419.47,0.9654,48.23,0.7179,12.62,2.63e-05,0.2047,2.85,1.191,2.193,0.1942,8.428,0.4816,8.199
2022-04-13T19:51:26,41100.4,3087.93,104.18,0.2404,15.22,59.5,18.12,86.96,5.8,158.37,0.5272,0.02192,0.00626,2.019,1.501,2.096,1.416,4.066,159.02,13.1,0.8548,1.529,0.5686,2.266,419.77,0.9654,48.23,0.7184,12.62,2.633e-05,0.2051,2.855,1.191,2.195,0.1942,8.434,0.4816,8.2
2022-04-13T19:51:56,41116.92,3089.12,104.2,0.2405,15.25,59.4,18.13,87.04,5.803,158.34,0.5264,0.02192,0.00626,2.019,1.501,2.097,1.416,4.066,159.06,13.1,0.8548,1.526,0.5686,2.266,419.77,0.9654,48.21,0.7187,12.63,2.634e-05,0.2051,2.854,1.192,2.196,0.1943,8.438,0.482,8.203
2022-04-13T19:52:26,41079.19,3088.42,104.07,0.2401,15.25,59.4,18.12,87,5.794,158.27,0.5264,0.02188,0.00626,2.019,1.501,2.095,1.414,4.08,158.94,13.1,0.8548,1.52,0.5686,2.265,419.83,0.9655,48.18,0.7184,12.62,2.631e-05,0.2049,2.852,1.191,2.194,0.1942,8.42,0.4816,8.203
2022-04-13T19:52:56,41052.7,3086.04,103.98,0.24,15.25,59.3,18.11,86.92,5.8,158.18,0.5287,0.02186,0.00626,2.019,1.501,2.093,1.413,4.082,158.9,13.1,0.8548,1.521,0.5686,2.264,419.75,0.9651,48.15,0.718,12.61,2.631e-05,0.2049,2.847,1.191,2.192,0.1941,8.417,0.4816,8.198
2022-04-13T19:53:26,41079.07,3086.46,103.99,0.24,15.25,59.2,18.11,86.91,5.809,158.18,0.5286,0.02189,0.00626,2.018,1.502,2.102,1.415,4.073,158.86,13.1,0.8548,1.521,0.5686,2.264,419.38,0.9651,48.15,0.7183,12.61,2.631e-05,0.2048,2.847,1.191,2.192,0.1942,8.414,0.4813,8.193
2022-04-13T19:53:56,41082.65,3086.92,103.93,0.24,15.25,59.2,18.11,86.91,5.814,158.1,0.5286,0.02188,0.00626,2.018,1.503,2.103,1.415,4.073,158.87,13.1,0.8548,1.52,0.5686,2.265,419.46,0.9647,48.12,0.7184,12.62,2.631e-05,0.2048,2.847,1.191,2.192,0.1941,8.405,0.4812,8.198
2022-04-13T19:54:26,41074.37,3086.65,103.95,0.2399,15.25,59.2,18.11,86.92,5.811,157.98,0.5286,0.02188,0.00626,2.018,1.502,2.102,1.415,4.081,158.83,13.1,0.8548,1.52,0.5686,2.265,419.59,0.9647,48.1,0.7185,12.61,2.63e-05,0.2048,2.846,1.191,2.192,0.1941,8.398,0.4811,8.196
2022-04-13T19:54:56,41099.57,3087.16,103.97,0.2401,15.23,59.3,18.12,86.92,5.819,158.02,0.529,0.02192,0.006273,2.018,1.502,2.103,1.414,4.085,158.84,13.1,0.8548,1.52,0.5686,2.266,419.57,0.9651,48.08,0.7186,12.62,2.631e-05,0.2049,2.848,1.191,2.192,0.1941,8.415,0.4813,8.198
2022-04-13T19:55:26,41102.72,3088.28,103.98,0.24,15.23,59.3,18.12,86.92,5.817,158.06,0.5291,0.02193,0.006273,2.02,1.503,2.104,1.415,4.08,158.86,13.1,0.8556,1.52,0.5686,2.265,419.59,0.9651,48.09,0.7185,12.62,2.631e-05,0.2049,2.848,1.191,2.192,0.1941,8.417,0.4812,8.203
2022-04-13T19:55:56,41093.53,3087.76,104.01,0.24,15.23,59.3,18.12,86.9,5.821,158.03,0.5291,0.02191,0.006273,2.02,1.503,2.103,1.415,4.062,158.87,13.1,0.8556,1.521,0.5686,2.265,419.63,0.9653,48.11,0.7184,12.62,2.631e-05,0.2049,2.847,1.191,2.192,0.1941,8.429,0.4812,8.203
2022-04-13T19:56:26,41084.44,3086.66,103.94,0.2399,15.32,59.2,18.11,86.83,5.815,158.01,0.5278,0.02188,0.006273,2.02,1.503,2.104,1.415,4.043,158.83,13.1,0.8556,1.52,0.5686,2.264,419.6,0.9647,48.09,0.7183,12.61,2.63e-05,0.2049,2.846,1.19,2.192,0.194,8.429,0.4811,8.201
2022-04-13T19:56:56,41068.74,3087.16,103.95,0.2399,15.3,59.2,18.11,86.82,5.817,157.92,0.5292,0.02191,0.006273,2.018,1.503,2.103,1.414,4.038,158.73,13.1,0.8556,1.519,0.5686,2.263,419.44,0.9644,48.06,0.7183,12.62,2.63e-05,0.2049,2.847,1.19,2.192,0.194,8.432,0.4811,8.189
2022-04-13T19:57:26,41083.89,3087.78,104.01,0.24,15.3,59.2,18.11,86.81,5.795,157.99,0.5292,0.02195,0.006273,2.018,1.502,2.103,1.414,4.038,158.66,13.1,0.8556,1.517,0.5686,2.264,419.65,0.9645,48.08,0.7184,12.69,2.631e-05,0.2049,2.847,1.191,2.192,0.1941,8.419,0.4812,8.199
2022-04-13T19:57:56,41066.83,3086.45,103.95,0.24,15.37,59.2,18.11,86.8,5.784,157.95,0.5292,0.02192,0.006255,2.011,1.503,2.103,1.414,4.021,158.63,13.1,0.8556,1.515,0.5686,2.263,419.58,0.9644,48.06,0.7183,12.69,2.63e-05,0.2049,2.847,1.19,2.192,0.194,8.413,0.4812,8.199
2022-04-13T19:58:26,41063.92,3086.19,103.96,0.2399,15.35,59.2,18.11,86.79,5.766,157.95,0.5292,0.0219,0.006274,2.011,1.501,2.102,1.414,4.011,158.56,13.08,0.8549,1.512,0.5686,2.262,419.46,0.9649,48.08,0.718,12.69,2.63e-05,0.2049,2.846,1.189,2.189,0.194,8.413,0.4812,8.198
2022-04-13T19:58:56,41054.92,3085.8,103.95,0.2398,15.35,59.2,18.1,86.8,5.774,157.87,0.5292,0.0219,0.006274,2.011,1.501,2.102,1.414,4.011,158.58,13.08,0.8512,1.512,0.5686,2.263,419.56,0.9645,48.08,0.7179,12.69,2.628e-05,0.2049,2.846,1.189,2.189,0.1939,8.417,0.4812,8.195
2022-04-13T19:59:26,41066.15,3086.43,104.01,0.2399,15.35,59.2,18.11,86.8,5.782,157.88,0.5264,0.02191,0.006274,2.011,1.501,2.102,1.414,4.012,158.53,13.08,0.8512,1.512,0.5686,2.263,419.55,0.9647,48.08,0.718,12.61,2.629e-05,0.2048,2.846,1.19,2.19,0.1939,8.417,0.4812,8.196
2022-04-13T19:59:56,41065.49,3086.66,103.97,0.2398,15.35,59.2,18.11,86.83,5.766,157.92,0.5264,0.02191,0.006274,2.009,1.501,2.102,1.414,4.025,158.48,13.08,0.8512,1.497,0.5686,2.263,419.56,0.9643,48.08,0.7181,12.61,2.629e-05,0.2048,2.846,1.19,2.19,0.1939,8.42,0.4813,8.198
2022-04-13T20:00:26,41039.55,3084.07,103.93,0.2396,15.35,59.2,18.11,86.79,5.759,157.57,0.526,0.0219,0.006274,2.005,1.501,2.11,1.413,4.025,158.34,13.08,0.8512,1.493,0.5686,2.263,419.48,0.9642,48.06,0.7177,12.6,2.626e-05,0.2048,2.844,1.189,2.19,0.1939,8.415,0.4809,8.194
2022-04-13T20:00:56,41026.86,3083.9,103.92,0.2395,15.37,59.2,18.1,86.75,5.762,157.61,0.5255,0.02189,0.006274,2.005,1.5,2.11,1.412,4.029,158.24,13.08,0.8512,1.49,0.5686,2.263,419.39,0.9638,48.02,0.7176,12.6,2.625e-05,0.2045,2.843,1.188,2.19,0.1939,8.401,0.4805,8.187
2022-04-13T20:01:26,41043.46,3083.54,103.84,0.2396,15.34,59.2,18.1,86.74,5.766,157.74,0.5262,0.02189,0.006274,2.005,1.501,2.11,1.413,4.029,158.22,13.09,0.8512,1.493,0.5686,2.263,419.42,0.9641,48.02,0.7178,12.6,2.626e-05,0.2045,2.845,1.188,2.19,0.1938,8.399,0.4804,8.186
2022-04-13T20:01:56,41053.77,3083.84,103.85,0.2395,15.34,59.2,18.1,86.76,5.772,157.81,0.5262,0.02188,0.006274,2.003,1.501,2.11,1.414,4.029,158.23,13.09,0.8512,1.493,0.5686,2.263,419.61,0.964,48.04,0.7181,12.68,2.624e-05,0.2045,2.846,1.188,2.191,0.194,8.396,0.4806,8.181
2022-04-13T20:02:26,41079.25,3087.74,103.9,0.2396,15.34,59.2,18.12,86.82,5.764,158.04,0.5262,0.02195,0.006274,2.006,1.502,2.11,1.415,4.07,158.31,13.09,0.8547,1.493,0.5686,2.264,419.94,0.9642,48.1,0.7182,12.69,2.628e-05,0.2045,2.847,1.189,2.191,0.194,8.42,0.4808,8.188
2022-04-13T20:02:56,41120.57,3090.94,104.24,0.2398,15.34,59.3,18.13,86.83,5.773,158.05,0.5262,0.02193,0.006274,2.008,1.504,2.11,1.415,4.072,158.4,13.09,0.8542,1.507,0.5686,2.268,420.19,0.9648,48.12,0.7185,12.71,2.63e-05,0.2045,2.848,1.19,2.192,0.194,8.429,0.4809,8.19
2022-04-13T20:03:26,41070.59,3090.46,104.14,0.2397,15.34,59.3,18.12,86.8,5.769,157.94,0.5262,0.02187,0.006274,1.998,1.503,2.11,1.415,4.072,158.33,13.09,0.8542,1.5,0.5686,2.267,420.38,0.9641,48.14,0.718,12.71,2.632e-05,0.2045,2.846,1.189,2.192,0.1941,8.437,0.4813,8.194
2022-04-13T20:03:56,41083.01,3090.18,104.15,0.2398,15.34,59.3,18.12,86.77,5.765,157.91,0.5262,0.02185,0.006274,1.998,1.503,2.11,1.415,4.061,158.35,13.09,0.8542,1.5,0.5686,2.267,420.26,0.9646,48.13,0.7181,12.71,2.632e-05,0.2045,2.845,1.189,2.191,0.194,8.437,0.4813,8.187
2022-04-13T20:04:26,41072.9,3087.91,104.14,0.24,15.34,59.2,18.11,86.73,5.764,157.9,0.5271,0.02185,0.00627,1.998,1.502,2.11,1.415,4.052,158.55,13.06,0.8542,1.498,0.5686,2.266,420.01,0.9642,48.11,0.7181,12.7,2.63e-05,0.2045,2.843,1.188,2.19,0.194,8.412,0.4812,8.185
2022-04-13T20:04:56,41060.23,3087.27,104.03,0.24,15.34,59.2,18.11,86.71,5.761,157.85,0.5293,0.02185,0.00627,1.996,1.502,2.1,1.414,4.064,158.73,13.06,0.8542,1.498,0.5686,2.266,419.92,0.9641,48.1,0.718,12.7,2.629e-05,0.2045,2.841,1.188,2.189,0.1941,8.413,0.4812,8.186
2022-04-13T20:05:26,41056.32,3087.23,104.01,0.2397,15.34,59.3,18.11,86.68,5.75,157.92,0.5309,0.02184,0.006258,1.996,1.502,2.1,1.412,4.065,158.69,13.06,0.8542,1.499,0.5686,2.267,419.79,0.9641,48.09,0.7179,12.7,2.628e-05,0.2045,2.841,1.188,2.19,0.194,8.406,0.4811,8.19
2022-04-13T20:05:56,41032.18,3085.38,103.88,0.2395,15.34,59.1,18.1,86.63,5.747,157.79,0.5309,0.0218,0.00625,1.996,1.501,2.1,1.412,4.05,158.6,13.11,0.8542,1.494,0.5686,2.266,419.53,0.964,48.06,0.7176,12.71,2.625e-05,0.2045,2.84,1.187,2.187,0.194,8.405,0.4809,8.182
2022-04-13T20:06:26,41047.5,3085.16,104,0.2395,15.35,59.1,18.1,86.67,5.748,157.76,0.5289,0.02178,0.00625,1.996,1.501,2.1,1.412,4.066,158.58,13.11,0.8546,1.505,0.5686,2.261,419.69,0.9644,48.08,0.7177,12.71,2.626e-05,0.2045,2.84,1.187,2.187,0.194,8.408,0.4809,8.187
2022-04-13T20:06:56,41028.4,3084.16,103.91,0.2392,15.35,59.1,18.09,86.65,5.744,157.53,0.5296,0.02175,0.00625,1.998,1.501,2.1,1.412,4.056,158.46,13.11,0.8546,1.499,0.5686,2.258,419.62,0.9632,48.04,0.7176,12.7,2.624e-05,0.204,2.838,1.185,2.186,0.1941,8.398,0.4806,8.187
2022-04-13T20:07:26,41026.17,3083.95,103.94,0.2391,15.35,59.1,18.09,86.64,5.742,157.49,0.5301,0.02176,0.00625,1.998,1.501,2.1,1.41,4.057,158.43,13.11,0.8546,1.499,0.5686,2.258,419.65,0.9633,48.05,0.7176,12.7,2.623e-05,0.2039,2.838,1.185,2.186,0.194,8.399,0.4809,8.183
2022-04-13T20:07:56,41029.22,3084.16,104,0.2392,15.35,59.1,18.1,86.65,5.746,157.53,0.5301,0.02175,0.00625,1.992,1.501,2.1,1.411,4.05,158.43,13.11,0.8544,1.499,0.5686,2.259,419.29,0.9637,48.06,0.7176,12.7,2.624e-05,0.2041,2.839,1.185,2.186,0.194,8.399,0.4807,8.176
2022-04-13T20:08:26,41022.54,3084.15,103.99,0.2391,15.35,59.1,18.09,86.68,5.747,157.52,0.5267,0.02175,0.006228,1.986,1.501,2.1,1.41,4.035,158.36,13.11,0.8544,1.496,0.5686,2.259,419.24,0.9636,48.07,0.7175,12.7,2.624e-05,0.204,2.838,1.185,2.185,0.194,8.404,0.4806,8.173
2022-04-13T20:08:56,41009.01,3083.46,103.96,0.2391,15.35,59,18.09,86.66,5.732,157.46,0.5277,0.02181,0.006228,1.986,1.501,2.1,1.41,4.046,158.42,12.94,0.8544,1.496,0.5686,2.26,419.28,0.9634,48.07,0.7175,12.7,2.623e-05,0.204,2.837,1.185,2.185,0.1939,8.414,0.4807,8.171
2022-04-13T20:09:26,41018.42,3084.62,103.97,0.2392,15.31,59,18.09,86.67,5.734,157.42,0.5256,0.02182,0.006236,1.986,1.501,2.1,1.41,4.046,158.68,12.94,0.8544,1.496,0.5686,2.259,419.31,0.9638,48.05,0.7175,12.7,2.624e-05,0.2039,2.839,1.186,2.185,0.194,8.423,0.4809,8.171
2022-04-13T20:09:56,41031.09,3085.67,103.99,0.2393,15.31,59,18.08,86.69,5.745,157.48,0.5256,0.02183,0.006228,1.986,1.5,2.1,1.411,4.01,158.72,12.99,0.8538,1.499,0.5686,2.26,419.38,0.9641,48.05,0.7177,12.64,2.625e-05,0.2039,2.839,1.186,2.184,0.1939,8.43,0.481,8.172
2022-04-13T20:10:26,41032.64,3085.97,104.09,0.2393,15.31,59.3,18.08,86.7,5.746,157.53,0.5239,0.02184,0.006228,1.98,1.5,2.1,1.411,4.012,158.68,12.99,0.8538,1.502,0.5686,2.26,419.39,0.9644,48.05,0.7177,12.64,2.626e-05,0.2039,2.84,1.186,2.185,0.194,8.441,0.4812,8.167
2022-04-13T20:10:56,41027.61,3086.03,104.06,0.2392,15.31,59.3,18.09,86.71,5.742,157.61,0.5252,0.02185,0.006228,1.983,1.499,2.1,1.41,3.978,158.57,12.99,0.8538,1.5,0.5686,2.26,419.37,0.9639,48.06,0.7177,12.64,2.625e-05,0.2039,2.839,1.185,2.185,0.194,8.436,0.481,8.173
2022-04-13T20:11:26,41040.35,3086.16,104.07,0.2394,15.31,59.2,18.09,86.74,5.742,157.7,0.5261,0.02184,0.006226,1.983,1.499,2.1,1.41,3.979,158.52,12.99,0.8574,1.505,0.5686,2.261,419.29,0.9643,48.06,0.7178,12.64,2.624e-05,0.2039,2.839,1.186,2.185,0.194,8.439,0.4811,8.173
2022-04-13T20:11:56,41045.53,3087.77,104.18,0.2394,15.3,59.2,18.09,86.74,5.752,157.72,0.526,0.02187,0.006228,1.986,1.5,2.1,1.41,3.98,158.46,12.99,0.8574,1.505,0.5686,2.261,419.42,0.9645,48.06,0.718,12.67,2.626e-05,0.2039,2.839,1.186,2.185,0.194,8.435,0.481,8.173
2022-04-13T20:12:26,41066.3,3087.99,104.16,0.2395,15.3,59.1,18.1,86.76,5.749,157.73,0.526,0.02187,0.006228,1.986,1.5,2.1,1.41,3.985,158.47,12.99,0.853,1.505,0.5686,2.261,419.52,0.9642,48.06,0.7181,12.67,2.626e-05,0.2039,2.84,1.185,2.186,0.194,8.43,0.481,8.174
2022-04-13T20:12:56,41044.47,3086.03,104.09,0.2392,15.3,59.1,18.09,86.73,5.748,157.65,0.5261,0.02182,0.006228,1.982,1.499,2.1,1.41,3.981,158.4,13.07,0.853,1.504,0.5686,2.259,419.24,0.9638,48.04,0.7178,12.66,2.625e-05,0.2039,2.837,1.184,2.186,0.194,8.421,0.4809,8.172
2022-04-13T20:13:26,41047.75,3086.64,104.19,0.2393,15.3,59.1,18.08,86.67,5.738,157.67,0.5261,0.0218,0.006228,1.982,1.499,2.1,1.41,3.967,158.34,13.07,0.8527,1.504,0.5686,2.258,419.12,0.9639,48.06,0.7178,12.67,2.627e-05,0.2037,2.837,1.184,2.185,0.1939,8.419,0.4802,8.166
2022-04-13T20:13:56,41052.82,3086.59,104.24,0.2394,15.3,59.3,18.09,86.68,5.733,157.67,0.5261,0.02179,0.006228,1.988,1.499,2.1,1.411,3.978,158.39,13.01,0.8527,1.506,0.5686,2.259,419.23,0.9641,48.07,0.7179,12.67,2.631e-05,0.2037,2.837,1.184,2.185,0.1939,8.423,0.4802,8.171
2022-04-13T20:14:26,41086.97,3088.57,104.36,0.2395,15.3,59.3,18.1,86.73,5.749,157.73,0.5252,0.02183,0.006228,1.987,1.501,2.1,1.411,3.976,158.48,13.01,0.8484,1.505,0.5686,2.262,419.3,0.964,48.07,0.7181,12.67,2.635e-05,0.2039,2.839,1.185,2.185,0.1941,8.438,0.4804,8.171
2022-04-13T20:14:56,41089.64,3088.58,104.42,0.2397,15.3,59.3,18.1,86.76,5.751,157.59,0.5252,0.02186,0.006228,1.987,1.501,2.1,1.412,3.978,158.5,13.01,0.8502,1.504,0.5686,2.262,419.61,0.9646,48.07,0.7182,12.67,2.637e-05,0.2039,2.84,1.185,2.186,0.1941,8.443,0.4805,8.172
2022-04-13T20:15:26,41081.32,3088.82,104.44,0.2398,15.33,59.3,18.09,86.77,5.76,157.64,0.5252,0.02185,0.006218,1.987,1.501,2.1,1.413,3.98,158.53,13.01,0.8502,1.504,0.5686,2.262,419.58,0.9647,48.09,0.7182,12.68,2.639e-05,0.2039,2.839,1.185,2.186,0.1942,8.454,0.4807,8.167
2022-04-13T20:15:56,41087.49,3089.14,104.45,0.2399,15.33,59.3,18.1,86.81,5.76,157.65,0.5252,0.02184,0.006221,1.989,1.501,2.1,1.413,3.996,158.53,13.01,0.8515,1.505,0.5686,2.262,419.57,0.9647,48.1,0.7182,12.68,2.643e-05,0.2039,2.839,1.185,2.186,0.1941,8.455,0.4807,8.168
2022-04-13T20:16:26,41091.23,3088.75,104.43,0.2399,15.33,59.3,18.1,86.81,5.762,157.71,0.5252,0.02183,0.006221,1.989,1.501,2.1,1.413,3.998,158.58,13.01,0.8515,1.505,0.5686,2.261,419.46,0.9645,48.11,0.7183,12.67,2.643e-05,0.2039,2.839,1.185,2.186,0.1941,8.453,0.481,8.169
2022-04-13T20:16:56,41131.75,3091.44,104.49,0.2402,15.33,59.3,18.1,86.88,5.759,157.85,0.5252,0.02186,0.006221,1.989,1.502,2.1,1.414,4.017,158.63,13.06,0.8515,1.51,0.5686,2.265,419.7,0.9652,48.17,0.7187,12.69,2.644e-05,0.2039,2.841,1.185,2.188,0.1943,8.466,0.481,8.187
2022-04-13T20:17:26,41141.81,3091.53,104.69,0.2402,15.33,59.3,18.11,86.95,5.761,157.84,0.5288,0.02188,0.006221,1.996,1.503,2.1,1.415,4.02,158.62,13.06,0.8515,1.514,0.5686,2.264,419.83,0.9655,48.2,0.7186,12.69,2.644e-05,0.2039,2.843,1.186,2.188,0.1943,8.46,0.4814,8.187
2022-04-13T20:17:56,41141.12,3091.32,104.69,0.2401,15.42,59.4,18.11,87.06,5.764,157.82,0.5289,0.02189,0.006221,1.996,1.502,2.1,1.415,4.02,158.69,13.06,0.8511,1.516,0.5686,2.265,419.92,0.9654,48.19,0.7187,12.69,2.643e-05,0.2039,2.844,1.187,2.189,0.1943,8.471,0.4819,8.191
2022-04-13T20:18:26,41152,3091.65,104.81,0.2404,15.45,59.4,18.13,87.14,5.78,157.85,0.5317,0.02191,0.006255,1.996,1.502,2.1,1.417,4.02,158.71,13.06,0.8511,1.515,0.5686,2.265,420,0.9654,48.23,0.7187,12.69,2.643e-05,0.204,2.844,1.188,2.19,0.1943,8.477,0.4824,8.196
2022-04-13T20:18:56,41148.46,3092.25,104.76,0.2404,15.45,59.3,18.12,87.11,5.776,157.88,0.5332,0.0219,0.006255,1.996,1.502,2.1,1.416,4.017,158.77,13.06,0.8511,1.517,0.5686,2.265,420.09,0.9654,48.22,0.7186,12.69,2.642e-05,0.204,2.843,1.188,2.19,0.1943,8.477,0.4825,8.191
2022-04-13T20:19:26,41163.89,3092.68,104.75,0.2406,15.45,59.3,18.13,87.1,5.78,157.9,0.5332,0.02193,0.006255,1.995,1.502,2.1,1.416,4.022,158.82,13.06,0.8511,1.517,0.5686,2.265,420.18,0.9657,48.22,0.7187,12.69,2.643e-05,0.2041,2.844,1.188,2.19,0.1943,8.474,0.4828,8.199
2022-04-13T20:19:56,41190.33,3093.61,104.79,0.2405,15.45,59.4,18.13,87.13,5.782,157.94,0.5321,0.02195,0.006255,1.995,1.503,2.1,1.416,4.022,158.88,13.06,0.8531,1.517,0.5686,2.267,420.31,0.9662,48.24,0.7188,12.69,2.644e-05,0.2042,2.845,1.189,2.191,0.1943,8.489,0.4828,8.205
2022-04-13T20:20:26,41198.61,3095.38,104.78,0.2406,15.45,59.4,18.14,87.12,5.789,157.93,0.5332,0.02198,0.006255,1.998,1.503,2.1,1.416,4.034,158.92,13.06,0.8512,1.517,0.5686,2.266,420.38,0.9664,48.22,0.7188,12.7,2.648e-05,0.2042,2.845,1.189,2.191,0.1944,8.496,0.4828,8.218
2022-04-13T20:20:56,41188.84,3095.39,104.79,0.2407,15.45,59.4,18.14,87.12,5.781,157.94,0.5333,0.02195,0.006255,2,1.503,2.1,1.417,4.04,158.9,13.06,0.8512,1.522,0.5686,2.267,420.39,0.9663,48.23,0.7188,12.7,2.647e-05,0.2042,2.844,1.189,2.19,0.1944,8.494,0.4828,8.219
2022-04-13T20:21:26,41186.6,3095.49,104.8,0.2406,15.44,59.4,18.13,87.12,5.779,157.83,0.5333,0.02193,0.006264,2,1.503,2.1,1.417,4.04,158.91,13.06,0.8512,1.521,0.5686,2.266,420.36,0.9665,48.25,0.7189,12.7,2.646e-05,0.2042,2.844,1.189,2.19,0.1945,8.472,0.4826,8.214
2022-04-13T20:21:56,41219.67,3097.02,104.81,0.2409,15.43,59.7,18.15,87.18,5.781,158.01,0.5332,0.022,0.006265,2,1.503,2.1,1.417,4.024,158.96,13.07,0.8568,1.523,0.5686,2.268,420.56,0.9666,48.24,0.7195,12.71,2.646e-05,0.204,2.846,1.19,2.191,0.1945,8.468,0.4829,8.218
2022-04-13T20:22:26,41203.71,3095.76,104.91,0.2411,15.4,59.6,18.14,87.12,5.784,157.92,0.5344,0.02201,0.006265,2,1.502,2.1,1.417,4.009,158.95,13.07,0.8568,1.522,0.5686,2.267,420.53,0.9665,48.25,0.7193,12.72,2.646e-05,0.2041,2.845,1.191,2.191,0.1945,8.472,0.4829,8.219
2022-04-13T20:22:56,41199.82,3096.27,105.07,0.2412,15.4,59.6,18.15,87.1,5.787,158.03,0.5351,0.02202,0.006265,2,1.503,2.1,1.417,4.007,158.95,13.07,0.8568,1.525,0.5686,2.267,420.54,0.9666,48.26,0.7193,12.72,2.645e-05,0.2041,2.845,1.191,2.191,0.1945,8.471,0.4829,8.213
2022-04-13T20:23:26,41172.55,3096.31,104.82,0.2409,15.44,59.6,18.13,87.02,5.78,157.9,0.5351,0.02201,0.006265,1.992,1.503,2.1,1.416,3.994,158.81,13.07,0.8568,1.523,0.5686,2.266,420.4,0.966,48.25,0.7191,12.72,2.643e-05,0.2041,2.842,1.191,2.191,0.1945,8.465,0.4828,8.216
2022-04-13T20:23:56,41150.12,3095.72,104.86,0.241,15.38,59.6,18.13,86.99,5.763,157.89,0.5357,0.02199,0.006265,1.982,1.502,2.1,1.416,4.001,158.65,13.07,0.8568,1.52,0.5686,2.266,420.35,0.966,48.22,0.7194,12.72,2.642e-05,0.2038,2.842,1.19,2.19,0.1944,8.465,0.4825,8.209
2022-04-13T20:24:26,41154.18,3096.56,104.79,0.241,15.38,59.6,18.13,86.98,5.763,157.89,0.5357,0.02198,0.006262,1.981,1.502,2.1,1.415,4.001,158.55,13.07,0.8568,1.518,0.5686,2.266,420.35,0.966,48.22,0.7193,12.8,2.643e-05,0.2038,2.842,1.189,2.19,0.1945,8.477,0.4822,8.209
2022-04-13T20:24:56,41164.78,3096.79,104.84,0.2412,15.38,59.6,18.13,87.05,5.775,157.94,0.5357,0.02202,0.006262,1.981,1.502,2.1,1.417,4.001,158.62,13.07,0.8568,1.518,0.5686,2.267,420.33,0.9662,48.22,0.7194,12.8,2.643e-05,0.2038,2.842,1.189,2.19,0.1946,8.478,0.4823,8.21
2022-04-13T20:25:26,41156.79,3095.05,104.81,0.2411,15.38,59.7,18.13,87.03,5.772,157.88,0.5357,0.02199,0.006262,1.981,1.502,2.1,1.416,4.02,158.65,13.07,0.8568,1.512,0.5686,2.265,420.34,0.9658,48.21,0.7191,12.8,2.639e-05,0.2038,2.841,1.188,2.189,0.1945,8.485,0.4824,8.209
2022-04-13T20:25:56,41153.61,3093.92,104.76,0.2411,15.38,59.7,18.13,87.02,5.772,157.83,0.5355,0.02198,0.006262,1.981,1.502,2.1,1.415,4.009,158.62,13.09,0.8568,1.502,0.5686,2.265,420.19,0.9652,48.2,0.7192,12.79,2.639e-05,0.2038,2.841,1.187,2.189,0.1946,8.517,0.4822,8.204
2022-04-13T20:26:26,41151.75,3095.13,104.85,0.2411,15.44,59.7,18.13,87.05,5.762,157.85,0.5355,0.02197,0.006262,1.987,1.501,2.1,1.416,4.013,158.67,13.09,0.8567,1.508,0.5686,2.265,420.21,0.9659,48.17,0.7193,12.76,2.64e-05,0.2038,2.841,1.188,2.189,0.1945,8.526,0.4824,8.209
2022-04-13T20:26:56,41143.58,3094.81,104.79,0.241,15.44,59.7,18.13,87.07,5.762,157.85,0.536,0.02197,0.006262,1.986,1.501,2.1,1.416,4.011,158.62,13.09,0.8567,1.508,0.5686,2.265,420.34,0.9658,48.18,0.7195,12.76,2.639e-05,0.2038,2.841,1.187,2.189,0.1945,8.528,0.4825,8.215
2022-04-13T20:27:26,41139.59,3094.25,104.76,0.2409,15.44,59.6,18.13,87.09,5.762,157.85,0.5334,0.02197,0.006262,1.986,1.501,2.1,1.416,4.018,158.63,13.09,0.8567,1.493,0.5686,2.265,420.25,0.9658,48.17,0.7196,12.76,2.639e-05,0.2038,2.84,1.186,2.189,0.1945,8.527,0.4825,8.211
2022-04-13T20:27:56,41142.4,3094.58,104.83,0.241,15.44,59.6,18.13,87.1,5.765,157.85,0.5342,0.02197,0.006262,1.986,1.5,2.1,1.416,4.011,158.67,13.09,0.8568,1.495,0.5686,2.265,420.21,0.9655,48.19,0.7198,12.76,2.641e-05,0.2038,2.841,1.186,2.189,0.1945,8.515,0.4825,8.204
2022-04-13T20:28:26,41151.74,3094.68,104.83,0.241,15.44,59.6,18.14,87.12,5.766,157.81,0.5342,0.02199,0.006262,1.982,1.501,2.1,1.416,4.011,158.66,13.09,0.8568,1.497,0.5686,2.265,420.29,0.9663,48.17,0.72,12.76,2.641e-05,0.2038,2.841,1.187,2.19,0.1946,8.505,0.4825,8.205
2022-04-13T20:28:56,41151.57,3094.58,104.78,0.2409,15.44,59.7,18.14,87.16,5.765,157.87,0.5343,0.02194,0.006262,1.982,1.501,2.1,1.416,4.01,158.66,12.96,0.8568,1.497,0.5686,2.265,420.32,0.9664,48.16,0.7201,12.76,2.64e-05,0.2038,2.841,1.187,2.19,0.1945,8.513,0.4825,8.21
2022-04-13T20:29:26,41148,3094.44,104.77,0.241,15.44,59.7,18.14,87.18,5.767,157.88,0.5347,0.02183,0.006265,1.982,1.501,2.1,1.416,4.007,158.62,12.96,0.8558,1.493,0.5686,2.265,420.3,0.966,48.15,0.7201,12.76,2.64e-05,0.2038,2.841,1.187,2.19,0.1945,8.514,0.4825,8.21
2022-04-13T20:29:56,41146.71,3094.34,104.76,0.241,15.44,59.7,18.13,87.19,5.76,157.86,0.5347,0.02185,0.006274,1.982,1.5,2.1,1.416,4.007,158.66,12.96,0.8558,1.49,0.5881,2.265,420.2,0.9663,48.15,0.72,12.76,2.64e-05,0.2038,2.841,1.187,2.189,0.1945,8.505,0.4824,8.209
2022-04-13T20:30:26,41143.29,3094.11,104.63,0.2408,15.44,59.7,18.13,87.15,5.763,157.88,0.5349,0.02185,0.006274,1.982,1.501,2.1,1.415,4.007,158.59,12.96,0.8558,1.489,0.5881,2.264,420.22,0.9659,48.12,0.7198,12.83,2.639e-05,0.2038,2.839,1.187,2.188,0.1945,8.513,0.4823,8.221
2022-04-13T20:30:56,41145.77,3095.27,104.62,0.2408,15.44,59.7,18.14,87.17,5.764,157.93,0.5349,0.02186,0.006274,1.982,1.501,2.1,1.415,4.01,158.58,12.96,0.8558,1.488,0.5881,2.264,420.19,0.9661,48.12,0.7199,12.84,2.639e-05,0.2038,2.839,1.187,2.188,0.1945,8.522,0.4823,8.222
2022-04-13T20:31:26,41168.43,3095.93,104.8,0.2409,15.44,59.7,18.14,87.21,5.774,158.03,0.5349,0.02192,0.006274,1.982,1.501,2.1,1.416,4.017,158.59,12.96,0.8558,1.49,0.5881,2.265,420.27,0.966,48.13,0.7203,12.84,2.641e-05,0.2039,2.84,1.187,2.189,0.1946,8.52,0.4823,8.22
2022-04-13T20:31:56,41169.2,3095.7,104.83,0.241,15.44,59.7,18.14,87.27,5.785,158.01,0.5349,0.02192,0.006274,1.983,1.501,2.1,1.416,4.017,158.59,13.05,0.8558,1.498,0.5881,2.265,420.41,0.9665,48.15,0.7202,12.84,2.64e-05,0.2039,2.841,1.187,2.189,0.1946,8.52,0.4821,8.221
2022-04-13T20:32:26,41180.89,3096.75,104.8,0.241,15.44,59.7,18.15,87.28,5.787,158.04,0.5349,0.02191,0.006274,1.983,1.501,2.1,1.417,4.02,158.61,13.05,0.8558,1.502,0.5881,2.266,420.5,0.9667,48.16,0.7205,12.84,2.642e-05,0.2039,2.842,1.187,2.189,0.1946,8.506,0.4821,8.219
2022-04-13T20:32:56,41182.42,3096.82,104.79,0.241,15.44,59.8,18.15,87.29,5.791,158.04,0.5354,0.02192,0.006274,1.983,1.501,2.1,1.418,4.02,158.6,13.04,0.8558,1.503,0.5881,2.266,420.61,0.9668,48.15,0.7205,12.84,2.643e-05,0.204,2.842,1.187,2.19,0.1946,8.498,0.4821,8.226
2022-04-13T20:33:26,41190.42,3097.03,104.8,0.241,15.44,59.9,18.16,87.31,5.793,158.06,0.5362,0.02193,0.006274,1.977,1.501,2.1,1.418,4.02,158.67,13.04,0.8558,1.505,0.5881,2.266,420.7,0.9667,48.11,0.7208,12.84,2.644e-05,0.204,2.843,1.188,2.19,0.1946,8.5,0.4822,8.228
2022-04-13T20:33:56,41195.22,3097.41,104.78,0.2412,15.44,59.9,18.16,87.29,5.794,158.08,0.5362,0.02193,0.006274,1.977,1.501,2.1,1.418,4.028,158.69,13,0.8558,1.51,0.5881,2.265,420.58,0.9672,48.12,0.7213,12.84,2.646e-05,0.204,2.843,1.188,2.19,0.1947,8.497,0.4822,8.229
2022-04-13T20:34:26,41197.8,3097.42,104.77,0.2413,15.44,59.9,18.15,87.22,5.796,158.09,0.5362,0.02192,0.006274,1.977,1.503,2.1,1.417,4.028,158.7,13,0.8558,1.51,0.5881,2.265,420.61,0.9673,48.12,0.7213,12.84,2.646e-05,0.204,2.843,1.189,2.19,0.1947,8.495,0.4823,8.229
2022-04-13T20:34:56,41213.8,3098.45,104.8,0.2415,15.44,59.9,18.17,87.24,5.803,158.08,0.5362,0.02191,0.006284,1.987,1.505,2.1,1.418,4.028,158.72,13,0.8558,1.51,0.5881,2.266,420.66,0.9681,48.14,0.7214,12.85,2.646e-05,0.2041,2.844,1.189,2.19,0.1947,8.495,0.4824,8.225
2022-04-13T20:35:26,41223.15,3099.26,104.96,0.2415,15.5,60,18.17,87.25,5.804,158.06,0.5362,0.02191,0.006289,1.987,1.506,2.1,1.419,4.028,158.73,13,0.8558,1.511,0.5881,2.267,420.76,0.9677,48.17,0.7214,12.85,2.646e-05,0.2042,2.846,1.189,2.192,0.1948,8.501,0.4824,8.231
2022-04-13T20:35:56,41239.33,3100.68,104.98,0.2416,15.5,60,18.18,87.31,5.807,158,0.5362,0.02192,0.00629,1.987,1.507,2.1,1.42,4.047,158.88,13,0.8558,1.512,0.5881,2.268,420.98,0.9683,48.2,0.7227,12.86,2.646e-05,0.2042,2.846,1.191,2.192,0.1949,8.504,0.4832,8.229
2022-04-13T20:36:26,41217.44,3099.04,104.95,0.2413,15.5,60,18.17,87.28,5.808,158.04,0.5352,0.02192,0.00629,1.987,1.507,2.1,1.42,4.056,158.82,13,0.859,1.505,0.5881,2.268,420.88,0.9676,48.2,0.7222,12.85,2.646e-05,0.2042,2.845,1.191,2.191,0.1949,8.504,0.4831,8.23
2022-04-13T20:36:56,41192.17,3098.43,104.86,0.2413,15.5,59.9,18.16,87.26,5.801,157.95,0.5355,0.02184,0.006279,1.987,1.506,2.1,1.419,4.028,158.75,13.07,0.859,1.505,0.5881,2.265,420.76,0.9676,48.19,0.7218,12.88,2.645e-05,0.2042,2.843,1.19,2.19,0.1947,8.496,0.483,8.225
2022-04-13T20:37:26,41205.07,3099.28,104.9,0.2412,15.5,59.9,18.17,87.23,5.801,158.01,0.5352,0.02184,0.006294,1.983,1.506,2.1,1.418,4.028,158.79,13.07,0.8581,1.505,0.5881,2.267,420.74,0.9677,48.21,0.7219,12.88,2.645e-05,0.2042,2.844,1.19,2.191,0.1948,8.483,0.4831,8.224
2022-04-13T20:37:56,41205.81,3098.73,104.88,0.2412,15.49,59.9,18.17,87.15,5.799,157.92,0.5352,0.02188,0.006279,1.989,1.506,2.1,1.418,4.05,158.82,13.07,0.8626,1.505,0.5881,2.267,420.89,0.9682,48.19,0.7219,12.88,2.646e-05,0.2042,2.844,1.191,2.191,0.1948,8.48,0.4831,8.225
2022-04-13T20:38:26,41199.77,3098.01,104.85,0.2411,15.49,59.7,18.17,87,5.803,157.92,0.5352,0.02188,0.006279,1.989,1.506,2.1,1.418,4.048,158.8,13.07,0.8626,1.507,0.5881,2.266,420.76,0.9675,48.16,0.7219,12.88,2.645e-05,0.2041,2.842,1.191,2.191,0.1947,8.482,0.483,8.229
2022-04-13T20:38:56,41170.73,3096.82,104.81,0.241,15.49,59.7,18.16,86.96,5.804,157.83,0.5351,0.02183,0.006274,1.989,1.506,2.1,1.418,4.023,158.68,13.07,0.8626,1.507,0.5881,2.265,420.57,0.9678,48.15,0.7216,12.89,2.642e-05,0.2041,2.842,1.19,2.189,0.1947,8.485,0.4828,8.227
2022-04-13T20:39:26,41168.75,3096.62,104.81,0.2411,15.49,59.7,18.16,86.94,5.803,157.85,0.5338,0.02182,0.006277,1.989,1.505,2.1,1.416,4.016,158.62,13.07,0.8549,1.507,0.5881,2.265,420.5,0.9676,48.15,0.7217,12.88,2.641e-05,0.2041,2.842,1.19,2.189,0.1946,8.486,0.4828,8.222
2022-04-13T20:39:56,41168.48,3096.15,104.77,0.2411,15.49,59.7,18.16,86.97,5.802,157.91,0.5338,0.02181,0.006277,1.989,1.505,2.1,1.418,4.015,158.57,13.02,0.8542,1.506,0.5881,2.265,420.53,0.9677,48.16,0.7214,12.88,2.641e-05,0.2041,2.843,1.191,2.19,0.1947,8.491,0.483,8.217
2022-04-13T20:40:26,41170.06,3096.12,104.77,0.241,15.49,59.6,18.16,86.98,5.805,157.92,0.5338,0.0218,0.006277,1.991,1.505,2.1,1.417,4.002,158.53,13.02,0.8542,1.509,0.5881,2.264,420.49,0.9672,48.14,0.7213,12.88,2.641e-05,0.2041,2.843,1.192,2.19,0.1947,8.496,0.4832,8.215
2022-04-13T20:40:56,41167.18,3095.76,104.72,0.2409,15.44,59.6,18.16,86.95,5.803,157.89,0.533,0.02181,0.006277,1.976,1.505,2.1,1.416,4.009,158.53,13.02,0.8542,1.509,0.5881,2.264,420.4,0.9675,48.15,0.7212,12.91,2.639e-05,0.2041,2.842,1.191,2.189,0.1947,8.502,0.4832,8.212
2022-04-13T20:41:26,41165.15,3095.82,104.76,0.2408,15.43,59.5,18.16,86.9,5.804,157.93,0.5333,0.02182,0.006277,1.976,1.504,2.1,1.416,4.016,158.54,13.02,0.8542,1.509,0.5881,2.265,420.41,0.967,48.15,0.7214,12.91,2.638e-05,0.2041,2.842,1.191,2.189,0.1947,8.516,0.4829,8.212
2022-04-13T20:41:56,41184.72,3097.62,104.92,0.2411,15.46,59.5,18.17,86.91,5.823,157.96,0.5333,0.02184,0.006286,1.976,1.505,2.1,1.418,4.007,158.61,13.02,0.8542,1.512,0.5881,2.266,420.48,0.9672,48.15,0.7217,12.91,2.641e-05,0.2041,2.844,1.192,2.189,0.1947,8.515,0.483,8.211
2022-04-13T20:42:26,41199.2,3098.75,104.96,0.2411,15.46,59.5,18.17,86.93,5.822,157.98,0.5339,0.02186,0.006286,1.976,1.505,2.1,1.418,4.013,158.58,13.02,0.8542,1.512,0.5881,2.266,420.6,0.9672,48.15,0.7223,12.92,2.641e-05,0.2041,2.844,1.192,2.189,0.1947,8.503,0.483,8.211
2022-04-13T20:42:56,41195.16,3098.17,104.95,0.2409,15.46,59.5,18.17,86.86,5.824,157.97,0.5349,0.0219,0.006285,1.976,1.505,2.1,1.417,4.015,158.57,13.03,0.8542,1.512,0.5881,2.266,420.73,0.9675,48.16,0.7223,12.93,2.641e-05,0.2041,2.843,1.191,2.189,0.1948,8.502,0.483,8.212
2022-04-13T20:43:26,41188.44,3098.78,104.91,0.2409,15.46,59.5,18.16,86.85,5.824,158.07,0.533,0.0219,0.006277,1.976,1.505,2.1,1.417,4.015,158.56,13.03,0.8542,1.512,0.5881,2.266,420.62,0.9675,48.15,0.7221,12.93,2.64e-05,0.2041,2.842,1.191,2.189,0.1947,8.498,0.4828,8.218
2022-04-13T20:43:56,41175.57,3098.39,104.9,0.2408,15.46,59.7,18.17,86.82,5.807,158.33,0.533,0.02187,0.006277,1.974,1.505,2.1,1.417,4.014,158.49,13.03,0.8542,1.509,0.5881,2.264,420.46,0.9675,48.13,0.7219,12.93,2.64e-05,0.2039,2.841,1.191,2.188,0.1947,8.505,0.4826,8.211
2022-04-13T20:44:26,41175.6,3098.36,104.94,0.2406,15.46,59.7,18.17,86.81,5.807,158.32,0.5332,0.02187,0.006277,1.974,1.505,2.1,1.417,4.012,158.49,13.03,0.8542,1.509,0.5881,2.264,420.48,0.9675,48.13,0.7218,12.93,2.639e-05,0.2039,2.84,1.191,2.188,0.1947,8.498,0.4826,8.21
2022-04-13T20:44:56,41174.41,3098.03,104.94,0.2406,15.46,59.7,18.17,86.81,5.808,158.46,0.5331,0.02187,0.006277,1.974,1.505,2.1,1.417,4.016,158.47,13.03,0.8584,1.507,0.5881,2.264,420.44,0.9675,48.13,0.7218,12.85,2.64e-05,0.2039,2.841,1.191,2.188,0.1947,8.491,0.4827,8.209
2022-04-13T20:45:26,41165.23,3097.16,104.92,0.2403,15.46,59.7,18.16,86.83,5.803,158.4,0.5317,0.02186,0.006277,1.963,1.505,2.1,1.416,4.016,158.45,13.03,0.8512,1.507,0.5881,2.264,420.37,0.967,48.13,0.7217,12.85,2.639e-05,0.2039,2.84,1.191,2.188,0.1946,8.487,0.4828,8.208
2022-04-13T20:45:56,41148.49,3096.3,104.82,0.2402,15.46,59.7,18.16,86.82,5.786,158.21,0.5317,0.02188,0.006282,1.962,1.504,2.1,1.416,4.009,158.43,13.03,0.8564,1.507,0.5881,2.263,420.27,0.9669,48.1,0.7217,12.85,2.636e-05,0.2039,2.839,1.191,2.187,0.1946,8.48,0.4828,8.208
2022-04-13T20:46:26,41148.77,3096.33,104.81,0.2402,15.46,59.7,18.16,86.81,5.786,158.2,0.5317,0.02188,0.006282,1.962,1.504,2.1,1.415,4.011,158.39,13.03,0.8564,1.507,0.5881,2.263,420.31,0.9667,48.1,0.7215,12.85,2.635e-05,0.2039,2.839,1.191,2.187,0.1946,8.473,0.4828,8.209
2022-04-13T20:46:56,41154.03,3096.97,104.84,0.2402,15.46,59.6,18.16,86.85,5.799,158.2,0.5317,0.02188,0.006281,1.966,1.504,2.1,1.416,4.011,158.37,13.03,0.8564,1.509,0.5881,2.263,420.3,0.9668,48.07,0.7216,12.84,2.634e-05,0.2039,2.839,1.191,2.187,0.1947,8.468,0.4831,8.207
2022-04-13T20:47:26,41163.14,3096.77,104.84,0.2401,15.48,59.7,18.16,86.84,5.796,158.2,0.5317,0.02188,0.006281,1.966,1.504,2.1,1.416,4.015,158.41,13.03,0.8564,1.509,0.5881,2.263,420.41,0.9665,48.06,0.7215,12.84,2.633e-05,0.2039,2.84,1.191,2.188,0.1947,8.469,0.4831,8.206
2022-04-13T20:47:56,41189.76,3097.58,104.97,0.2404,15.48,59.7,18.17,86.89,5.804,158.39,0.5317,0.02191,0.006281,1.966,1.511,2.1,1.417,4.03,158.44,13.03,0.8564,1.513,0.5881,2.264,420.46,0.9671,48.09,0.7217,12.84,2.634e-05,0.2039,2.842,1.192,2.188,0.1948,8.471,0.4836,8.209
2022-04-13T20:48:26,41224.23,3098.38,104.99,0.2405,15.48,59.7,18.19,86.89,5.799,158.46,0.5324,0.02192,0.006281,1.966,1.51,2.1,1.419,4.032,158.56,13.03,0.8564,1.515,0.5881,2.266,420.86,0.9677,48.08,0.7218,12.85,2.636e-05,0.2039,2.845,1.194,2.189,0.195,8.485,0.4838,8.209
2022-04-13T20:48:56,41236,3103.44,105.03,0.2406,15.48,59.8,18.19,86.95,5.818,158.59,0.5328,0.02194,0.006281,1.97,1.511,2.1,1.42,4.039,158.65,13.03,0.8564,1.514,0.5881,2.269,421.02,0.9681,48.12,0.7226,12.82,2.639e-05,0.2044,2.845,1.194,2.192,0.195,8.491,0.484,8.223
2022-04-13T20:49:26,41274.72,3106.97,105.26,0.2409,15.48,60.1,18.22,87.02,5.824,158.83,0.5368,0.02193,0.006296,1.97,1.514,2.1,1.421,4.042,158.75,13.03,0.8564,1.516,0.5881,2.271,421.29,0.9691,48.21,0.723,12.84,2.644e-05,0.2045,2.848,1.196,2.194,0.1951,8.501,0.4849,8.222
2022-04-13T20:49:56,41300.38,3107.82,105.26,0.2411,15.56,60,18.22,87.05,5.821,158.77,0.5368,0.022,0.006296,1.97,1.515,2.1,1.422,4.045,158.82,13.03,0.8616,1.518,0.5881,2.271,421.5,0.9696,48.2,0.7232,12.84,2.645e-05,0.2047,2.85,1.196,2.194,0.1952,8.503,0.485,8.228
2022-04-13T20:50:26,41290.16,3112.31,105.27,0.2411,15.56,60,18.23,87.1,5.818,158.89,0.5365,0.02201,0.006311,1.97,1.516,2.1,1.422,4.045,158.92,13.03,0.8616,1.516,0.5881,2.271,421.63,0.9693,48.22,0.7229,12.86,2.646e-05,0.2047,2.851,1.197,2.195,0.1952,8.507,0.4849,8.236
2022-04-13T20:50:56,41298.34,3112.43,105.27,0.2411,15.58,60,18.23,87.12,5.819,158.86,0.5383,0.02199,0.006315,1.97,1.515,2.1,1.422,4.045,158.95,13.09,0.8616,1.516,0.5881,2.272,421.5,0.9694,48.25,0.723,12.83,2.647e-05,0.2047,2.852,1.197,2.195,0.1953,8.514,0.4847,8.237
2022-04-13T20:51:26,41278.85,3111.63,105.22,0.2411,15.58,59.6,18.22,87.11,5.819,159,0.5373,0.02198,0.006315,1.969,1.514,2.1,1.422,4.078,158.95,13.09,0.8616,1.513,0.5881,2.272,421.64,0.9694,48.26,0.7228,12.82,2.645e-05,0.2047,2.851,1.197,2.195,0.1952,8.513,0.4849,8.238
2022-04-13T20:51:56,41288.64,3112.49,105.25,0.2411,15.58,59.7,18.24,87.15,5.811,159.14,0.5373,0.02198,0.006315,1.968,1.515,2.1,1.422,4.073,159.01,13.09,0.8638,1.516,0.5881,2.273,421.69,0.9694,48.25,0.7237,12.83,2.646e-05,0.2047,2.853,1.197,2.195,0.1952,8.525,0.4855,8.238
2022-04-13T20:52:26,41289.15,3112.72,105.25,0.2412,15.58,59.7,18.24,87.13,5.813,159.14,0.537,0.02199,0.006315,1.968,1.515,2.1,1.423,4.049,159,13.09,0.8638,1.515,0.5881,2.272,421.73,0.969,48.25,0.7238,12.83,2.645e-05,0.2047,2.853,1.196,2.195,0.1953,8.526,0.4854,8.232
2022-04-13T20:52:56,41273.73,3112.13,105.25,0.2412,15.58,59.7,18.23,87.1,5.814,159.15,0.537,0.02198,0.006315,1.968,1.518,2.1,1.423,4.057,159,13.09,0.8638,1.514,0.5881,2.271,421.76,0.9693,48.25,0.7238,12.82,2.645e-05,0.2047,2.852,1.196,2.195,0.1952,8.513,0.4854,8.236
2022-04-13T20:53:26,41257.23,3110.36,105.15,0.2411,15.58,59.7,18.22,87.09,5.808,159.07,0.5369,0.02193,0.006305,1.968,1.516,2.1,1.421,4.055,158.93,13.09,0.8638,1.514,0.5881,2.271,421.62,0.9691,48.21,0.7238,12.81,2.643e-05,0.2046,2.85,1.196,2.194,0.1953,8.516,0.4853,8.236
2022-04-13T20:53:56,41254.9,3110.16,105.15,0.2412,15.58,59.7,18.22,87.06,5.808,159.24,0.5369,0.02192,0.006305,1.968,1.517,2.1,1.422,4.055,158.98,13.09,0.8634,1.514,0.5881,2.271,421.56,0.9694,48.21,0.7238,12.81,2.643e-05,0.2046,2.851,1.196,2.193,0.1953,8.516,0.4852,8.232
2022-04-13T20:54:26,41258.86,3110.22,105.12,0.2412,15.58,59.7,18.22,87.09,5.806,159.42,0.5369,0.02192,0.006305,1.968,1.516,2.1,1.422,4.059,159,13.09,0.8589,1.503,0.5881,2.271,421.46,0.9694,48.19,0.7239,12.81,2.644e-05,0.2047,2.851,1.196,2.194,0.1953,8.511,0.4852,8.231
2022-04-13T20:54:56,41243.58,3108.7,105.1,0.2411,15.58,59.7,18.21,87.09,5.804,159.48,0.539,0.02192,0.006305,1.968,1.513,2.1,1.422,4.063,158.95,13.09,0.8589,1.503,0.5881,2.271,421.48,0.9694,48.18,0.724,12.8,2.644e-05,0.2047,2.85,1.196,2.195,0.1952,8.511,0.4852,8.232
2022-04-13T20:55:26,41240.88,3108.64,105.14,0.2412,15.58,59.8,18.21,87.16,5.795,159.61,0.539,0.02191,0.006305,1.968,1.512,2.1,1.421,4.07,158.95,13.09,0.863,1.503,0.5881,2.271,421.37,0.9696,48.16,0.724,12.8,2.643e-05,0.2045,2.85,1.196,2.193,0.1952,8.521,0.4851,8.237
2022-04-13T20:55:56,41238.87,3108.83,105.14,0.2411,15.58,59.8,18.21,87.16,5.795,159.51,0.5374,0.02193,0.006305,1.971,1.512,2.1,1.421,4.083,158.95,13.09,0.863,1.5,0.5881,2.27,421.3,0.9689,48.16,0.7238,12.8,2.643e-05,0.2045,2.85,1.195,2.193,0.1952,8.513,0.4851,8.237
2022-04-13T20:56:26,41232.09,3108.64,105,0.241,15.58,59.8,18.2,87.18,5.789,159.32,0.5365,0.02191,0.006288,1.966,1.512,2.1,1.42,4.082,158.93,13.09,0.863,1.5,0.5881,2.269,421.27,0.9692,48.17,0.7237,12.8,2.642e-05,0.2046,2.849,1.195,2.193,0.1952,8.513,0.4846,8.232
2022-04-13T20:56:56,41220.76,3108.01,105,0.2409,15.58,59.5,18.19,87.14,5.787,159.39,0.5362,0.02191,0.006288,1.966,1.513,2.1,1.42,4.076,158.9,13.09,0.863,1.498,0.5881,2.269,421.19,0.9687,48.17,0.7236,12.8,2.644e-05,0.2044,2.848,1.195,2.192,0.1951,8.512,0.4841,8.232
2022-04-13T20:57:26,41253.81,3108.47,105,0.241,15.58,59.7,18.19,87.15,5.794,159.55,0.5362,0.02192,0.006311,1.97,1.513,2.1,1.42,4.077,158.95,13.09,0.8621,1.5,0.5881,2.269,421.27,0.9684,48.18,0.7236,12.87,2.643e-05,0.2045,2.85,1.195,2.192,0.1952,8.508,0.4842,8.237
2022-04-13T20:57:56,41234.95,3107.08,104.95,0.241,15.57,59.7,18.19,87.09,5.788,159.51,0.5365,0.02189,0.006311,1.97,1.513,2.1,1.419,4.079,158.91,13.09,0.8621,1.5,0.5881,2.269,421.23,0.9685,48.18,0.7233,12.86,2.644e-05,0.2045,2.849,1.195,2.192,0.1951,8.497,0.4844,8.232
2022-04-13T20:58:26,41237.71,3107.34,104.97,0.241,15.57,59.7,18.18,87.03,5.785,159.52,0.5384,0.0219,0.006311,1.97,1.513,2.1,1.42,4.076,158.9,13.09,0.8621,1.5,0.5881,2.268,421.13,0.9686,48.17,0.7234,12.86,2.644e-05,0.2045,2.849,1.196,2.191,0.1952,8.498,0.4844,8.225
2022-04-13T20:58:56,41231.68,3106.9,104.97,0.241,15.57,59.7,18.18,87.03,5.783,159.42,0.5384,0.02191,0.006311,1.97,1.51,2.1,1.42,4.055,158.9,13.09,0.8621,1.5,0.5881,2.27,421.17,0.9686,48.16,0.7233,12.86,2.646e-05,0.2047,2.849,1.196,2.191,0.1952,8.501,0.4843,8.225
2022-04-13T20:59:26,41228.13,3106.73,104.97,0.2411,15.57,59.7,18.19,87.05,5.783,159.41,0.5384,0.02191,0.006311,1.971,1.511,2.1,1.421,4.065,158.91,13.09,0.8621,1.5,0.5881,2.27,421.16,0.9687,48.19,0.7233,12.78,2.65e-05,0.2047,2.849,1.196,2.191,0.1953,8.5,0.4843,8.224
2022-04-13T20:59:56,41249.32,3105.68,105.04,0.2411,15.57,59.7,18.19,87.09,5.799,159.55,0.5384,0.02194,0.006313,1.971,1.509,2.1,1.421,4.07,158.99,13.09,0.8621,1.5,0.5881,2.27,421.16,0.9681,48.2,0.7233,12.78,2.652e-05,0.2047,2.849,1.196,2.191,0.1954,8.498,0.4844,8.223
2022-04-13T21:00:26,41251.98,3106.34,105.06,0.2412,15.57,59.7,18.19,87.16,5.802,159.56,0.5384,0.02194,0.006313,1.971,1.509,2.1,1.422,4.07,159.11,13.09,0.8627,1.507,0.5881,2.272,421.26,0.9688,48.23,0.7233,12.78,2.656e-05,0.2047,2.85,1.197,2.191,0.1954,8.502,0.4848,8.222
2022-04-13T21:00:56,41258.9,3106.85,105.09,0.2413,15.57,59.7,18.2,87.17,5.804,159.49,0.5362,0.02195,0.006313,1.971,1.509,2.1,1.423,4.07,159.14,13.09,0.8627,1.507,0.5881,2.272,421.4,0.9686,48.23,0.7232,12.78,2.659e-05,0.2048,2.85,1.197,2.192,0.1954,8.502,0.4847,8.229
2022-04-13T21:01:26,41261.09,3106.87,105.11,0.2412,15.57,59.7,18.2,87.23,5.804,159.51,0.5362,0.02197,0.006313,1.971,1.509,2.1,1.422,4.071,159.17,13.09,0.8627,1.507,0.5881,2.272,421.45,0.9686,48.24,0.7232,12.84,2.657e-05,0.2048,2.85,1.197,2.192,0.1954,8.503,0.4843,8.228
2022-04-13T21:01:56,41260.03,3107.02,105.03,0.2411,15.57,59.7,18.2,87.26,5.812,159.44,0.5362,0.02198,0.006313,1.971,1.51,2.1,1.422,4.071,159.13,13.09,0.8627,1.507,0.5881,2.273,421.44,0.9686,48.21,0.7232,12.84,2.658e-05,0.2048,2.851,1.197,2.192,0.1954,8.512,0.4843,8.22
2022-04-13T21:02:26,41205.54,3104.44,104.8,0.2408,15.57,59.4,18.18,87.19,5.794,159.24,0.5362,0.02183,0.006313,1.965,1.507,2.1,1.421,4.053,158.96,13.09,0.8626,1.499,0.5881,2.269,421.15,0.9679,48.2,0.723,12.83,2.653e-05,0.2044,2.848,1.196,2.191,0.1953,8.501,0.4838,8.214
2022-04-13T21:02:56,41232.95,3104.62,104.91,0.241,15.61,59.5,18.18,87.24,5.792,159.18,0.5362,0.02187,0.006313,1.964,1.508,2.1,1.421,4.058,158.72,13.1,0.8626,1.5,0.5881,2.27,421.11,0.9679,48.16,0.723,12.83,2.654e-05,0.2045,2.849,1.195,2.191,0.1953,8.495,0.4835,8.209
2022-04-13T21:03:26,41231.85,3104.64,104.93,0.2409,15.56,59.5,18.18,87.26,5.797,159.15,0.5362,0.02187,0.006313,1.964,1.511,2.1,1.421,4.052,158.66,13.1,0.8627,1.504,0.5881,2.27,421.15,0.968,48.14,0.7231,12.83,2.653e-05,0.2045,2.849,1.195,2.192,0.1953,8.479,0.4835,8.206
2022-04-13T21:03:56,41232.52,3105.26,104.89,0.2408,15.56,59.5,18.18,87.27,5.794,159.13,0.5367,0.02185,0.006313,1.964,1.51,2.1,1.421,4.048,158.71,13.1,0.8627,1.503,0.5881,2.271,421.24,0.9678,48.17,0.7231,12.84,2.653e-05,0.2044,2.849,1.195,2.192,0.1953,8.477,0.4835,8.209
2022-04-13T21:04:26,41230.1,3105.24,104.91,0.2408,15.57,59.5,18.18,87.27,5.79,159.21,0.5367,0.02186,0.006313,1.964,1.509,2.1,1.421,4.029,158.72,13.1,0.8627,1.503,0.5881,2.271,421.25,0.9678,48.17,0.7231,12.84,2.654e-05,0.2044,2.849,1.195,2.191,0.1954,8.48,0.4836,8.204
2022-04-13T21:04:56,41230.45,3105.25,104.93,0.2409,15.57,59.5,18.19,87.29,5.787,159.26,0.5367,0.02185,0.006313,1.964,1.51,2.1,1.421,4.036,158.72,13.1,0.8627,1.503,0.5881,2.27,421.31,0.9679,48.15,0.7233,12.84,2.654e-05,0.2044,2.85,1.195,2.192,0.1954,8.48,0.4839,8.208
2022-04-13T21:05:26,41230.29,3105.27,104.87,0.2409,15.57,59.5,18.19,87.28,5.785,159.12,0.5367,0.02186,0.006313,1.964,1.51,2.1,1.421,4.036,158.67,13.1,0.8627,1.504,0.5881,2.27,421.3,0.9678,48.15,0.7232,12.84,2.655e-05,0.2044,2.85,1.195,2.192,0.1954,8.476,0.4839,8.209
2022-04-13T21:05:56,41229.7,3105.32,104.86,0.2409,15.57,59.5,18.19,87.27,5.78,159.01,0.5367,0.02183,0.006313,1.964,1.51,2.1,1.421,4.029,158.69,13.1,0.8627,1.507,0.5881,2.27,421.3,0.9676,48.15,0.7231,12.84,2.653e-05,0.2044,2.85,1.196,2.192,0.1954,8.484,0.4839,8.204
2022-04-13T21:06:26,41229.81,3105.32,104.84,0.2411,15.57,59.5,18.18,87.26,5.788,159.09,0.5368,0.02187,0.006301,1.964,1.51,2.1,1.421,4.026,158.75,13.1,0.8627,1.507,0.5881,2.27,421.37,0.9677,48.13,0.723,12.84,2.653e-05,0.2044,2.85,1.196,2.192,0.1953,8.487,0.484,8.209
2022-04-13T21:06:56,41229.51,3105.34,104.82,0.2409,15.55,59.5,18.19,87.19,5.783,159.14,0.5357,0.02189,0.00629,1.963,1.51,2.1,1.42,4.027,158.72,13.1,0.8627,1.507,0.5881,2.27,421.29,0.9678,48.13,0.7228,12.84,2.654e-05,0.2044,2.85,1.196,2.191,0.1953,8.493,0.4841,8.208
2022-04-13T21:07:26,41198.83,3103.05,104.66,0.2407,15.59,59.5,18.18,87.12,5.77,159,0.5358,0.02188,0.00629,1.961,1.507,2.1,1.417,4.019,158.56,13.1,0.8627,1.503,0.5881,2.267,421.11,0.9677,48.09,0.7226,12.83,2.653e-05,0.2044,2.846,1.195,2.19,0.1953,8.481,0.4838,8.203
2022-04-13T21:07:56,41195.52,3102.9,104.67,0.2406,15.59,59.5,18.16,87.05,5.768,159.08,0.5359,0.02182,0.00629,1.961,1.507,2.1,1.417,4.018,158.47,13.1,0.8627,1.5,0.5881,2.267,420.94,0.9677,48.05,0.7225,12.83,2.651e-05,0.2044,2.845,1.194,2.189,0.1952,8.482,0.4839,8.2
2022-04-13T21:08:26,41200.97,3103.05,104.69,0.2406,15.59,59.5,18.17,87.06,5.766,159.28,0.5355,0.02185,0.00629,1.961,1.506,2.1,1.418,4.018,158.5,13.1,0.8627,1.501,0.5881,2.267,421.04,0.9674,48.1,0.7229,12.83,2.65e-05,0.2044,2.847,1.195,2.19,0.1953,8.49,0.484,8.204
2022-04-13T21:08:56,41209.83,3104.22,104.69,0.2406,15.59,59.5,18.17,87.06,5.774,159.22,0.536,0.0219,0.00629,1.961,1.506,2.1,1.418,4.027,158.5,13.1,0.8627,1.501,0.5881,2.267,421.15,0.9678,48.12,0.723,12.83,2.65e-05,0.2044,2.847,1.195,2.19,0.1953,8.497,0.4843,8.208
2022-04-13T21:09:26,41210.04,3103.18,104.71,0.2406,15.59,59.4,18.17,87.01,5.772,159.21,0.536,0.02191,0.006286,1.961,1.506,2.1,1.418,4.026,158.56,13.1,0.8627,1.501,0.5881,2.267,421.21,0.9676,48.11,0.723,12.85,2.649e-05,0.2042,2.848,1.194,2.19,0.1953,8.495,0.4842,8.212
2022-04-13T21:09:56,41199.37,3103.31,104.68,0.2403,15.59,59.4,18.17,87,5.779,159.21,0.5355,0.02189,0.006286,1.961,1.505,2.1,1.418,4.016,158.57,13.1,0.8627,1.498,0.5881,2.267,421.08,0.9678,48.11,0.7228,12.86,2.649e-05,0.2042,2.847,1.194,2.19,0.1953,8.5,0.4842,8.215
2022-04-13T21:10:26,41199.39,3103.22,104.66,0.2403,15.55,59.4,18.18,87.02,5.779,159.23,0.5355,0.02188,0.006286,1.963,1.504,2.1,1.417,4.012,158.58,13.1,0.8627,1.498,0.5881,2.268,420.99,0.9677,48.08,0.7228,12.85,2.65e-05,0.2042,2.848,1.194,2.191,0.1953,8.502,0.4841,8.215
2022-04-13T21:10:56,41209.43,3103.53,104.73,0.2405,15.55,59.3,18.18,87.04,5.781,159.23,0.5355,0.02189,0.006286,1.963,1.508,2.1,1.418,4.016,158.64,13.1,0.8627,1.499,0.5881,2.268,421.06,0.9679,48.08,0.7228,12.86,2.65e-05,0.2044,2.849,1.194,2.191,0.1953,8.502,0.4841,8.214
2022-04-13T21:11:26,41211.07,3103.56,104.72,0.2404,15.55,59.3,18.19,87.04,5.782,159.12,0.5359,0.0219,0.006294,1.963,1.508,2.1,1.417,4.014,158.67,13.1,0.8627,1.498,0.5881,2.268,421.09,0.9678,48.09,0.7229,12.86,2.651e-05,0.2044,2.849,1.194,2.192,0.1953,8.497,0.4838,8.209
2022-04-13T21:11:56,41210.86,3103.43,104.7,0.2404,15.55,59.3,18.18,87.05,5.779,159.11,0.5359,0.02189,0.006294,1.963,1.508,2.1,1.418,4.011,158.7,13.11,0.8597,1.498,0.5881,2.267,421.09,0.9676,48.08,0.7229,12.86,2.654e-05,0.2044,2.85,1.194,2.192,0.1953,8.498,0.4836,8.21
2022-04-13T21:12:26,41213.84,3103.59,104.7,0.2405,15.55,59.3,18.18,87.08,5.78,159.11,0.5359,0.02191,0.006286,1.963,1.508,2.1,1.418,4.029,158.75,13.11,0.8597,1.502,0.5881,2.268,421.2,0.9677,48.09,0.7231,12.86,2.654e-05,0.2044,2.85,1.194,2.194,0.1954,8.496,0.4836,8.204
2022-04-13T21:12:56,41215.82,3103.46,104.7,0.2405,15.55,59.4,18.19,87.16,5.781,159.06,0.5359,0.02189,0.006286,1.966,1.508,2.1,1.418,4.031,158.81,13.11,0.8597,1.502,0.5881,2.268,421.22,0.9677,48.08,0.7231,12.86,2.655e-05,0.2044,2.851,1.194,2.194,0.1953,8.492,0.4835,8.208
2022-04-13T21:13:26,41215.02,3103.44,104.69,0.2404,15.53,59.3,18.19,87.2,5.781,159.05,0.5359,0.0219,0.006286,1.966,1.508,2.1,1.418,4.033,158.78,13.11,0.8597,1.502,0.5881,2.268,421.24,0.9677,48.07,0.723,12.86,2.656e-05,0.2044,2.85,1.194,2.194,0.1953,8.496,0.4835,8.204
2022-04-13T21:13:56,41210.24,3102.85,104.68,0.2403,15.53,59.3,18.19,87.25,5.783,158.89,0.5345,0.02189,0.006286,1.966,1.507,2.1,1.418,4.03,158.72,13.11,0.8589,1.502,0.5881,2.268,421.27,0.9677,48.08,0.723,12.85,2.658e-05,0.2044,2.849,1.194,2.193,0.1953,8.498,0.4834,8.204
2022-04-13T21:14:26,41206.11,3102.52,104.68,0.2402,15.53,59.3,18.19,87.25,5.783,158.83,0.5345,0.02189,0.006286,1.96,1.506,2.1,1.418,4.029,158.72,13.11,0.8589,1.502,0.5881,2.268,421.19,0.9677,48.08,0.7228,12.85,2.658e-05,0.2044,2.849,1.194,2.193,0.1954,8.498,0.4833,8.203
2022-04-13T21:14:56,41208.23,3102.48,104.65,0.2402,15.53,59.3,18.19,87.3,5.777,158.77,0.5336,0.02187,0.006286,1.96,1.506,2.1,1.418,4.025,158.7,13.11,0.858,1.502,0.5881,2.268,421.18,0.9679,48.04,0.723,12.85,2.658e-05,0.2044,2.848,1.194,2.192,0.1954,8.497,0.4833,8.202
2022-04-13T21:15:26,41207.28,3102.47,104.64,0.2402,15.53,59.7,18.19,87.32,5.779,158.73,0.5336,0.02188,0.006286,1.96,1.506,2.1,1.417,4.025,158.68,13.11,0.858,1.502,0.5881,2.267,421.22,0.9678,48.03,0.723,12.85,2.657e-05,0.2044,2.849,1.194,2.192,0.1954,8.5,0.4833,8.202
2022-04-13T21:15:56,41203.05,3102.4,104.59,0.2403,15.53,59.6,18.19,87.35,5.774,158.79,0.5336,0.02189,0.006286,1.96,1.506,2.1,1.417,4.018,158.68,13.11,0.857,1.502,0.5635,2.267,421.18,0.9677,48.03,0.7228,12.84,2.654e-05,0.2046,2.849,1.194,2.192,0.1953,8.499,0.4831,8.202
2022-04-13T21:16:26,41200.57,3102.43,104.64,0.2402,15.53,59.6,18.19,87.38,5.774,158.78,0.5336,0.02189,0.006286,1.96,1.506,2.1,1.417,4.019,158.63,13.11,0.857,1.502,0.5635,2.267,421.14,0.9677,48.04,0.7224,12.84,2.652e-05,0.2046,2.848,1.194,2.192,0.1953,8.499,0.4831,8.202
2022-04-13T21:16:56,41199.61,3101.97,104.59,0.2401,15.53,59.6,18.19,87.3,5.768,158.89,0.5336,0.02188,0.006286,1.96,1.507,2.1,1.416,4.002,158.52,13.11,0.857,1.502,0.5635,2.267,421.18,0.9678,48.04,0.7224,12.84,2.652e-05,0.2046,2.848,1.194,2.192,0.1953,8.496,0.4829,8.208
2022-04-13T21:17:26,41199.78,3101.96,104.61,0.2401,15.53,59.6,18.18,87.29,5.766,158.92,0.5336,0.02188,0.006286,1.967,1.507,2.1,1.416,4.005,158.49,13.11,0.857,1.498,0.5629,2.267,421.19,0.9676,48.02,0.7221,12.84,2.654e-05,0.2046,2.848,1.193,2.192,0.1953,8.49,0.483,8.207
2022-04-13T21:17:56,41199.98,3102.61,104.63,0.2402,15.53,59.7,18.19,87.22,5.769,158.92,0.5336,0.02189,0.006286,1.967,1.506,2.1,1.417,4.007,158.44,13.11,0.8597,1.498,0.5629,2.267,421.19,0.9677,48,0.7221,12.76,2.656e-05,0.2046,2.848,1.193,2.192,0.1953,8.483,0.4829,8.202
2022-04-13T21:18:26,41199.43,3102.63,104.63,0.2401,15.52,59.7,18.19,87.18,5.769,158.91,0.5336,0.02189,0.006286,1.967,1.506,2.1,1.417,4.012,158.45,13.11,0.8597,1.498,0.5629,2.266,421.2,0.9673,48,0.7221,12.76,2.656e-05,0.2046,2.848,1.192,2.192,0.1952,8.485,0.4829,8.203
2022-04-13T21:18:56,41201.52,3102.71,104.51,0.2401,15.52,59.7,18.19,87.11,5.765,158.91,0.5336,0.02189,0.006309,1.967,1.506,2.1,1.417,4.026,158.43,13.11,0.8597,1.499,0.5629,2.266,421.17,0.9677,48.02,0.722,12.76,2.657e-05,0.2046,2.847,1.191,2.192,0.1953,8.481,0.4828,8.207
2022-04-13T21:19:26,41203.14,3102.92,104.58,0.2402,15.52,59.7,18.18,87.09,5.767,158.94,0.5335,0.02189,0.006309,1.967,1.506,2.1,1.417,4.026,158.44,13.11,0.8597,1.499,0.5629,2.266,421.18,0.9677,48.01,0.7219,12.76,2.658e-05,0.2046,2.847,1.191,2.191,0.1953,8.481,0.4828,8.208
2022-04-13T21:19:56,41209.47,3104.13,104.59,0.2403,15.52,59.7,18.19,87.09,5.77,158.92,0.5336,0.02189,0.006309,1.964,1.506,2.1,1.417,4.026,158.62,13.11,0.8592,1.502,0.5629,2.267,421.2,0.9675,48,0.722,12.77,2.658e-05,0.2046,2.848,1.191,2.192,0.1953,8.488,0.4828,8.208
2022-04-13T21:20:26,41254.23,3106.23,104.79,0.2404,15.52,59.7,18.2,87.12,5.771,159,0.5335,0.02191,0.006309,1.964,1.508,2.1,1.419,4.024,158.92,13.11,0.8592,1.503,0.5629,2.268,421.47,0.9676,48.04,0.7223,12.78,2.658e-05,0.2046,2.85,1.192,2.193,0.1954,8.496,0.4831,8.211
2022-04-13T21:20:56,41260.95,3106.29,104.74,0.2404,15.48,59.7,18.2,87.28,5.771,159.1,0.5332,0.02192,0.006309,1.964,1.51,2.1,1.419,4.029,158.91,13.11,0.8592,1.503,0.5629,2.27,421.58,0.9682,48.04,0.7225,12.78,2.658e-05,0.2046,2.851,1.192,2.193,0.1954,8.498,0.4831,8.212
2022-04-13T21:21:26,41292.13,3107.32,104.74,0.2405,15.48,59.7,18.22,87.4,5.774,159.1,0.5332,0.02193,0.006309,1.964,1.51,2.1,1.419,4.037,158.9,13.11,0.8599,1.503,0.5629,2.27,421.61,0.9694,48.03,0.7229,12.78,2.658e-05,0.205,2.851,1.193,2.193,0.1954,8.5,0.4831,8.213
2022-04-13T21:21:56,41315.5,3108.56,104.79,0.2403,15.48,59.7,18.24,87.43,5.785,159.16,0.5332,0.02195,0.006308,1.964,1.509,2.1,1.419,4.034,158.93,13.11,0.8599,1.503,0.5629,2.272,421.68,0.97,48.04,0.723,12.79,2.658e-05,0.2051,2.852,1.194,2.195,0.1954,8.503,0.483,8.22
2022-04-13T21:22:26,41318.03,3108.7,104.92,0.2404,15.48,59.5,18.24,87.42,5.785,159.17,0.5332,0.02194,0.006308,1.964,1.509,2.1,1.42,4.037,158.97,13.11,0.8599,1.506,0.5629,2.272,421.97,0.9696,48.08,0.723,12.79,2.66e-05,0.2051,2.855,1.194,2.195,0.1954,8.504,0.4831,8.22
2022-04-13T21:22:56,41280.96,3108.3,104.85,0.2404,15.48,59.6,18.24,87.34,5.785,159.4,0.5332,0.02191,0.006308,1.964,1.509,2.1,1.419,4.021,158.95,13.11,0.8599,1.506,0.5629,2.271,422.03,0.9697,48.06,0.7231,12.79,2.656e-05,0.2051,2.854,1.194,2.195,0.1954,8.51,0.4832,8.224
2022-04-13T21:23:26,41241.47,3107.61,104.79,0.2404,15.3,59.6,18.23,87.27,5.785,159.42,0.5349,0.02189,0.006308,1.964,1.509,2.1,1.419,4.018,158.94,13.11,0.8595,1.504,0.5629,2.269,421.88,0.9695,48.05,0.723,12.78,2.651e-05,0.2051,2.852,1.193,2.195,0.1954,8.508,0.4832,8.219
2022-04-13T21:23:56,41238.04,3105.36,104.79,0.2404,15.3,59.6,18.23,87.21,5.778,159.46,0.5349,0.02187,0.006308,1.964,1.508,2.1,1.417,4.018,158.78,13.11,0.8595,1.504,0.5629,2.269,421.78,0.9696,48.04,0.7227,12.75,2.65e-05,0.2051,2.852,1.193,2.194,0.1953,8.509,0.4831,8.215
2022-04-13T21:24:26,41231.97,3104.6,104.85,0.2401,15.3,59.7,18.23,87.17,5.782,159.41,0.535,0.02187,0.006333,1.964,1.505,2.1,1.418,4.002,158.79,13.11,0.8595,1.504,0.5629,2.269,421.56,0.9696,48.03,0.7228,12.74,2.648e-05,0.2051,2.852,1.192,2.194,0.1954,8.515,0.4832,8.218
2022-04-13T21:24:56,41228.41,3104.55,104.87,0.2403,15.3,59.6,18.23,87.18,5.776,159.28,0.535,0.02187,0.006333,1.964,1.505,2.1,1.417,4.004,158.79,13.11,0.863,1.503,0.5629,2.268,421.59,0.9695,48.04,0.7229,12.74,2.647e-05,0.2051,2.853,1.192,2.193,0.1953,8.514,0.4831,8.216
2022-04-13T21:25:26,41230.15,3105.21,104.91,0.2403,15.3,59.6,18.23,87.18,5.778,159.28,0.535,0.02189,0.006333,1.964,1.505,2.1,1.417,4.005,158.81,13.11,0.863,1.502,0.5629,2.268,421.55,0.9694,48.04,0.7228,12.75,2.65e-05,0.2051,2.854,1.192,2.193,0.1954,8.513,0.4831,8.217
2022-04-13T21:25:56,41235.53,3105.73,104.92,0.2402,15.3,59.7,18.23,87.21,5.779,159.38,0.535,0.02187,0.006312,1.964,1.505,2.1,1.418,4.006,158.84,13.09,0.8612,1.501,0.5629,2.268,421.82,0.9696,48.05,0.7228,12.75,2.65e-05,0.2051,2.854,1.192,2.193,0.1954,8.522,0.4831,8.212
2022-04-13T21:26:26,41246.47,3105.74,104.92,0.2402,15.4,59.4,18.23,87.14,5.776,159.38,0.5342,0.02189,0.006312,1.964,1.505,2.1,1.418,4.006,158.84,13.09,0.8612,1.504,0.5629,2.269,421.9,0.9699,48.06,0.7228,12.75,2.651e-05,0.2051,2.854,1.192,2.193,0.1954,8.547,0.4832,8.212
2022-04-13T21:26:56,41237.98,3105.48,104.92,0.2401,15.4,59.4,18.23,87.11,5.776,159.35,0.5343,0.02189,0.006312,1.964,1.504,2.1,1.418,4.007,158.84,13.09,0.8612,1.504,0.5629,2.269,421.89,0.97,48.08,0.7227,12.75,2.65e-05,0.2051,2.854,1.192,2.193,0.1954,8.549,0.4832,8.212
2022-04-13T21:27:26,41236.71,3104.88,104.91,0.24,15.4,59.4,18.23,87.09,5.781,159.36,0.5337,0.0219,0.006312,1.964,1.504,2.1,1.418,4.003,158.85,13.09,0.863,1.5,0.5629,2.269,421.77,0.97,48.08,0.7227,12.75,2.65e-05,0.2051,2.854,1.192,2.193,0.1954,8.55,0.4832,8.212
2022-04-13T21:27:56,41234.02,3104.63,104.84,0.24,15.4,59.6,18.23,87.06,5.781,159.32,0.5337,0.0219,0.006312,1.964,1.504,2.1,1.418,4,158.87,13.09,0.8801,1.501,0.5629,2.27,421.71,0.9696,48.11,0.7228,12.74,2.65e-05,0.2051,2.853,1.192,2.192,0.1954,8.55,0.483,8.213
2022-04-13T21:28:26,41229.11,3103.77,104.8,0.24,15.4,59.6,18.22,87.06,5.773,159.31,0.5338,0.02191,0.006306,1.968,1.504,2.1,1.418,4.003,158.85,13.09,0.8801,1.5,0.5629,2.269,421.66,0.9695,48.1,0.7225,12.74,2.655e-05,0.2051,2.852,1.192,2.192,0.1954,8.558,0.4828,8.218
2022-04-13T21:28:56,41225.07,3103.15,104.83,0.24,15.4,59.6,18.23,87.09,5.776,159.24,0.5342,0.02188,0.006306,1.968,1.503,2.1,1.418,4.004,158.84,13.09,0.8801,1.5,0.5629,2.269,421.72,0.9694,48.11,0.7223,12.74,2.655e-05,0.2051,2.851,1.192,2.192,0.1954,8.561,0.4825,8.218
2022-04-13T21:29:27,41208.07,3100.67,104.73,0.2399,15.4,59.5,18.2,87.11,5.782,159.22,0.5342,0.02187,0.006306,1.964,1.503,2.1,1.417,4.003,158.78,13.09,0.8801,1.499,0.5629,2.269,421.56,0.9697,48.1,0.7222,12.73,2.656e-05,0.2051,2.851,1.192,2.191,0.1953,8.563,0.4825,8.217
2022-04-13T21:29:56,41203.92,3098.67,104.72,0.2399,15.38,59.5,18.19,87.13,5.796,159.21,0.5341,0.02187,0.006306,1.964,1.503,2.11,1.417,4.003,158.71,13.09,0.8801,1.499,0.5629,2.27,421.58,0.9696,48.11,0.7222,12.8,2.657e-05,0.2051,2.85,1.192,2.191,0.1953,8.567,0.4825,8.216
2022-04-13T21:30:26,41192.68,3098.52,104.72,0.2399,15.38,59.5,18.18,87.05,5.798,159.2,0.534,0.02185,0.006306,1.964,1.503,2.11,1.417,4.003,158.69,13.09,0.8701,1.499,0.5629,2.268,421.29,0.9686,48.05,0.7219,12.8,2.656e-05,0.2051,2.849,1.192,2.191,0.1953,8.573,0.4823,8.217
2022-04-13T21:30:56,41191.71,3098.64,104.71,0.2397,15.4,59.5,18.18,87,5.796,159.03,0.5339,0.02185,0.006306,1.964,1.503,2.11,1.417,4.007,158.69,13.09,0.8701,1.5,0.5629,2.267,421.41,0.9685,48.04,0.7217,12.8,2.655e-05,0.2051,2.846,1.192,2.191,0.1953,8.579,0.4823,8.217
2022-04-13T21:31:26,41188.39,3098.33,104.63,0.2397,15.46,59.5,18.18,86.92,5.793,159,0.5312,0.02184,0.006306,1.964,1.502,2.11,1.417,4.009,158.65,13.09,0.8701,1.5,0.5629,2.267,421.38,0.9682,48.03,0.7212,12.8,2.655e-05,0.2051,2.846,1.192,2.19,0.1953,8.566,0.482,8.217
2022-04-13T21:31:56,41179.54,3097.38,104.6,0.2394,15.46,59.5,18.18,86.87,5.797,159.01,0.5312,0.02184,0.006313,1.968,1.501,2.11,1.416,4.002,158.61,13.1,0.8701,1.502,0.5629,2.266,421.23,0.9681,48.03,0.7208,12.79,2.657e-05,0.2051,2.842,1.191,2.19,0.1952,8.542,0.482,8.218
2022-04-13T21:32:26,41176.24,3095.86,104.59,0.2394,15.46,59.4,18.18,86.84,5.796,159,0.5312,0.02184,0.006313,1.968,1.5,2.11,1.416,4.009,158.5,13.1,0.8703,1.501,0.5629,2.266,421.15,0.9681,48.05,0.721,12.7,2.659e-05,0.2051,2.842,1.191,2.188,0.1952,8.544,0.4813,8.217
2022-04-13T21:32:56,41172.44,3095.83,104.59,0.2393,15.46,59.4,18.18,86.85,5.798,159,0.5312,0.02183,0.006313,1.968,1.498,2.11,1.417,4.006,158.51,13.1,0.8692,1.501,0.5629,2.266,421.2,0.9681,48.02,0.7212,12.7,2.661e-05,0.2051,2.842,1.191,2.187,0.1952,8.499,0.4813,8.217
2022-04-13T21:33:26,41169.63,3096.24,104.6,0.2391,15.46,59.4,18.18,86.89,5.796,159,0.5312,0.02183,0.006313,1.968,1.498,2.11,1.418,4.006,158.56,13.1,0.8692,1.501,0.5629,2.266,421.13,0.9677,48.04,0.7212,12.71,2.675e-05,0.2039,2.842,1.191,2.187,0.1951,8.499,0.4813,8.217
2022-04-13T21:33:56,41172.2,3096.37,104.59,0.2391,15.46,59.4,18.18,86.89,5.795,159.08,0.5312,0.02182,0.006313,1.968,1.498,2.11,1.418,4.006,158.61,13.1,0.8692,1.501,0.5629,2.266,421.11,0.9678,48.07,0.7212,12.71,2.678e-05,0.2039,2.842,1.191,2.187,0.1951,8.469,0.4813,8.213
2022-04-13T21:34:26,41193.82,3096.63,104.59,0.2391,15.46,59.3,18.18,86.9,5.796,159.03,0.5329,0.02181,0.006312,1.968,1.498,2.11,1.419,4.006,158.58,13.1,0.8692,1.501,0.5629,2.266,421.11,0.9679,48.07,0.7212,12.7,2.679e-05,0.2039,2.842,1.191,2.187,0.1951,8.464,0.4813,8.212
2022-04-13T21:34:56,41202.27,3096.72,104.59,0.2394,15.48,59.2,18.18,86.94,5.796,159.04,0.5329,0.02181,0.006312,1.968,1.498,2.11,1.419,4.006,158.61,13.1,0.8692,1.501,0.5629,2.267,421.1,0.9678,48.09,0.7212,12.7,2.679e-05,0.2039,2.843,1.191,2.187,0.1951,8.446,0.4815,8.214
2022-04-13T21:35:26,41234.25,3098.25,104.62,0.2395,15.48,59.2,18.18,87.09,5.796,159.17,0.5329,0.02181,0.006312,1.968,1.498,2.11,1.42,4.023,158.79,13.1,0.8692,1.501,0.5629,2.267,421.28,0.9678,48.11,0.7213,12.71,2.688e-05,0.2042,2.843,1.191,2.187,0.1952,8.466,0.482,8.22
2022-04-13T21:35:56,41269.61,3100.86,104.7,0.2396,15.41,59.2,18.2,87.2,5.798,159.31,0.5329,0.02181,0.006312,1.968,1.497,2.11,1.422,4.031,158.91,13.1,0.8678,1.5,0.5629,2.268,421.56,0.9687,48.12,0.7216,12.72,2.694e-05,0.2042,2.845,1.192,2.189,0.1952,8.47,0.4825,8.227
2022-04-13T21:36:26,41276.26,3102.56,104.71,0.2397,15.41,59.3,18.21,87.26,5.798,159.32,0.5329,0.02181,0.006312,1.968,1.497,2.11,1.423,4.036,159.03,13.1,0.8678,1.5,0.5629,2.268,421.68,0.9692,48.16,0.7216,12.79,2.693e-05,0.2042,2.846,1.193,2.189,0.1953,8.471,0.4827,8.23
2022-04-13T21:36:56,41279.21,3102.75,104.91,0.2397,15.41,59.3,18.21,87.25,5.803,159.41,0.5344,0.02182,0.006306,1.968,1.498,2.11,1.423,4.04,159.05,13.14,0.8678,1.5,0.5629,2.269,421.95,0.9693,48.17,0.7218,12.79,2.688e-05,0.2043,2.846,1.193,2.189,0.1955,8.472,0.4828,8.229
2022-04-13T21:37:26,41287.25,3103.34,104.92,0.2398,15.41,59.3,18.21,87.38,5.803,159.42,0.5344,0.02183,0.006306,1.968,1.498,2.11,1.423,4.028,159.03,13.14,0.8636,1.501,0.5629,2.269,421.99,0.9693,48.16,0.722,12.8,2.682e-05,0.2043,2.848,1.194,2.19,0.1955,8.487,0.483,8.233
2022-04-13T21:37:56,41271.68,3103.11,104.92,0.2396,15.41,59.4,18.2,87.34,5.8,160.06,0.535,0.02185,0.006306,1.968,1.498,2.11,1.423,4.032,159,13.17,0.8636,1.501,0.5629,2.269,421.98,0.9699,48.16,0.722,12.8,2.683e-05,0.2044,2.848,1.193,2.191,0.1954,8.49,0.4831,8.235
2022-04-13T21:38:26,41264.55,3101.27,104.85,0.2396,15.41,59.4,18.21,87.37,5.795,160.13,0.5313,0.02189,0.006306,1.968,1.498,2.11,1.423,4.032,158.95,13.17,0.8684,1.501,0.5629,2.269,422.04,0.9698,48.16,0.7219,12.71,2.681e-05,0.2042,2.848,1.194,2.191,0.1954,8.491,0.483,8.234
2022-04-13T21:38:56,41273.18,3100.81,104.93,0.2395,15.39,59.4,18.2,87.38,5.804,160.21,0.5313,0.02191,0.006306,1.968,1.498,2.11,1.423,4.03,158.91,13.16,0.8684,1.501,0.5629,2.27,422,0.9699,48.16,0.7218,12.71,2.683e-05,0.2042,2.848,1.194,2.192,0.1955,8.461,0.4828,8.234
2022-04-13T21:39:26,41277.02,3100.24,104.93,0.2393,15.53,59.4,18.2,87.44,5.804,160.26,0.5313,0.02189,0.006306,1.968,1.497,2.11,1.422,4.023,158.91,13.16,0.8687,1.5,0.5629,2.27,422.05,0.9698,48.16,0.7217,12.71,2.682e-05,0.2042,2.848,1.194,2.192,0.1954,8.469,0.4831,8.232
2022-04-13T21:39:56,41276.83,3100.18,104.97,0.2392,15.44,59.2,18.21,87.44,5.805,160.01,0.5313,0.02188,0.006313,1.968,1.498,2.11,1.423,4.023,158.9,13.16,0.8687,1.5,0.5629,2.27,421.9,0.9698,48.16,0.7217,12.71,2.675e-05,0.2042,2.848,1.194,2.192,0.1954,8.472,0.483,8.234
2022-04-13T21:40:26,41263.68,3100.04,104.95,0.2392,15.44,59.2,18.2,87.46,5.804,159.93,0.5313,0.02191,0.006313,1.968,1.497,2.11,1.422,4.023,158.9,13.16,0.8687,1.5,0.5629,2.27,421.93,0.9696,48.14,0.7217,12.71,2.673e-05,0.2042,2.849,1.193,2.192,0.1955,8.469,0.4829,8.235
2022-04-13T21:40:56,41233.58,3099.11,104.93,0.2392,15.55,59.2,18.2,87.43,5.799,159.86,0.5312,0.0219,0.006313,1.968,1.498,2.11,1.422,4.014,158.87,13.16,0.8687,1.497,0.5629,2.27,421.8,0.9695,48.13,0.7214,12.7,2.669e-05,0.2042,2.847,1.193,2.192,0.1954,8.468,0.483,8.235
2022-04-13T21:41:26,41231.49,3099.07,104.93,0.2391,15.43,59.3,18.2,87.43,5.8,159.87,0.5312,0.02188,0.006296,1.967,1.498,2.11,1.421,4.025,158.88,13.16,0.8687,1.496,0.5629,2.27,421.77,0.9687,48.13,0.7213,12.7,2.667e-05,0.2042,2.847,1.193,2.192,0.1953,8.461,0.4829,8.233
2022-04-13T21:41:56,41226.09,3100.13,104.93,0.2391,15.43,59.3,18.2,87.46,5.798,159.83,0.5326,0.02189,0.006284,1.967,1.497,2.11,1.421,4.025,158.89,13.23,0.8687,1.496,0.5629,2.27,421.82,0.9684,48.14,0.7216,12.71,2.669e-05,0.2042,2.847,1.193,2.192,0.1953,8.47,0.483,8.225
2022-04-13T21:42:26,41224.15,3100.28,104.96,0.2391,15.43,59.3,18.2,87.46,5.802,159.86,0.5302,0.0219,0.006291,1.967,1.497,2.11,1.421,4.02,158.88,13.23,0.8687,1.496,0.5629,2.269,421.9,0.9688,48.14,0.7217,12.74,2.669e-05,0.2042,2.848,1.193,2.192,0.1953,8.483,0.4828,8.225
2022-04-13T21:42:56,41224.49,3100.41,104.98,0.2391,15.43,59.3,18.2,87.45,5.8,159.9,0.5302,0.02191,0.006291,1.967,1.497,2.11,1.42,4.016,158.9,13.2,0.8675,1.496,0.5629,2.27,422.01,0.9688,48.14,0.7218,12.74,2.667e-05,0.2042,2.848,1.193,2.192,0.1954,8.482,0.4829,8.229
2022-04-13T21:43:26,41222.79,3100.35,104.99,0.2391,15.43,59.4,18.2,87.43,5.805,159.9,0.5301,0.0219,0.006291,1.967,1.497,2.11,1.419,4.016,158.9,13.2,0.8675,1.497,0.5629,2.269,421.89,0.9688,48.13,0.7218,12.74,2.668e-05,0.2042,2.848,1.193,2.191,0.1954,8.485,0.4829,8.223
2022-04-13T21:43:56,41218.47,3099.12,104.98,0.239,15.43,59.5,18.19,87.38,5.801,159.84,0.5302,0.02191,0.006291,1.967,1.497,2.11,1.419,4.017,158.8,13.18,0.8673,1.494,0.5629,2.268,421.84,0.9681,48.13,0.7217,12.73,2.666e-05,0.2042,2.848,1.192,2.191,0.1953,8.476,0.4827,8.223
2022-04-13T21:44:26,41184.64,3098.54,104.79,0.2391,15.43,59.6,18.18,87.35,5.796,159.79,0.5302,0.02189,0.006291,1.967,1.497,2.11,1.417,4.014,158.78,13.18,0.8673,1.49,0.5629,2.268,421.84,0.9677,48.1,0.7214,12.82,2.665e-05,0.2042,2.847,1.191,2.189,0.1952,8.479,0.4825,8.222
2022-04-13T21:44:56,41177.02,3097.78,104.81,0.239,15.52,59.6,18.18,87.29,5.795,159.77,0.5321,0.0219,0.006291,1.967,1.498,2.11,1.417,4.015,158.73,13.16,0.8673,1.489,0.5629,2.267,421.55,0.9675,48.1,0.7205,12.75,2.662e-05,0.2042,2.842,1.191,2.186,0.1952,8.484,0.4821,8.223
2022-04-13T21:45:26,41160.62,3096.75,104.71,0.2387,15.52,59.4,18.17,87.29,5.794,159.71,0.5321,0.0219,0.00628,1.967,1.497,2.11,1.416,4.016,158.72,13.16,0.8665,1.49,0.5629,2.267,421.54,0.9677,48.07,0.7204,12.74,2.662e-05,0.2042,2.842,1.191,2.186,0.1951,8.493,0.4821,8.226
2022-04-13T21:45:56,41142.47,3093.28,104.54,0.2387,15.44,59.4,18.15,87.11,5.795,159.38,0.5314,0.02188,0.00628,1.967,1.497,2.11,1.415,4.018,158.59,13.18,0.8665,1.488,0.5629,2.265,421.22,0.967,48.04,0.7201,12.73,2.664e-05,0.2037,2.838,1.19,2.183,0.195,8.493,0.4813,8.214
2022-04-13T21:46:26,41124.87,3093.94,104.46,0.2383,15.44,59.4,18.14,87.06,5.79,159.09,0.5314,0.02187,0.00628,1.967,1.497,2.11,1.415,4.018,158.53,13.18,0.8665,1.488,0.5629,2.264,420.89,0.9658,47.96,0.7198,12.81,2.659e-05,0.2035,2.838,1.19,2.182,0.1949,8.488,0.4806,8.212
2022-04-13T21:46:56,41128.3,3095.43,104.48,0.2385,15.44,59.4,18.14,87.09,5.794,159.26,0.5314,0.02187,0.00628,1.964,1.498,2.11,1.415,4.017,158.57,13.13,0.8665,1.488,0.5629,2.264,421.19,0.9654,47.97,0.7199,12.82,2.661e-05,0.2035,2.838,1.19,2.183,0.1949,8.494,0.4805,8.206
2022-04-13T21:47:26,41127.73,3095.21,104.3,0.2386,15.44,59.4,18.14,87.1,5.794,159.36,0.5314,0.02188,0.00628,1.966,1.498,2.11,1.415,4.021,158.57,13.13,0.8665,1.489,0.5629,2.264,421.02,0.9655,47.93,0.7199,12.81,2.66e-05,0.2035,2.839,1.19,2.184,0.195,8.502,0.4805,8.205
2022-04-13T21:47:56,41127.49,3095.4,104.36,0.2386,15.44,59.4,18.14,87.14,5.794,159.35,0.5311,0.0219,0.006254,1.966,1.498,2.11,1.416,4.014,158.75,13.13,0.8665,1.486,0.5629,2.264,421.08,0.9655,47.94,0.7202,12.82,2.66e-05,0.2035,2.839,1.19,2.184,0.1951,8.503,0.4805,8.205
2022-04-13T21:48:26,41110.97,3094.82,104.15,0.2385,15.44,59.4,18.13,87.13,5.796,159.35,0.5294,0.02189,0.006244,1.966,1.498,2.11,1.415,4.004,158.79,13.13,0.8665,1.489,0.5629,2.264,421.09,0.9653,47.94,0.7199,12.81,2.66e-05,0.2038,2.838,1.189,2.184,0.1951,8.503,0.4804,8.209
2022-04-13T21:48:56,41111.19,3095.46,104.19,0.2384,15.44,59.4,18.13,87.1,5.792,159.3,0.5294,0.02189,0.006244,1.963,1.498,2.11,1.416,4.01,158.86,13.13,0.8665,1.489,0.5629,2.264,421.03,0.9663,47.94,0.7203,12.86,2.659e-05,0.2038,2.838,1.189,2.183,0.1951,8.476,0.4802,8.202
2022-04-13T21:49:26,41153.9,3098.2,104.35,0.2382,15.44,59.5,18.14,87.15,5.799,159.37,0.5294,0.02189,0.006259,1.963,1.498,2.11,1.416,4.01,158.99,13.13,0.8665,1.489,0.5629,2.265,421.41,0.9669,47.95,0.7211,12.87,2.661e-05,0.2039,2.838,1.19,2.183,0.1952,8.473,0.4802,8.206
2022-04-13T21:49:56,41189.39,3098.45,104.35,0.2386,15.44,59.5,18.16,87.18,5.804,159.45,0.5294,0.02189,0.006248,1.963,1.498,2.11,1.416,4.006,159.09,13.13,0.8665,1.489,0.5629,2.265,421.55,0.9672,47.99,0.7213,12.87,2.66e-05,0.2039,2.841,1.19,2.185,0.1953,8.493,0.4813,8.211
2022-04-13T21:50:26,41153.07,3097.04,104.29,0.2383,15.44,59.5,18.16,87.11,5.798,159.37,0.5294,0.02188,0.006244,1.963,1.498,2.11,1.417,4.004,159,13.13,0.8665,1.489,0.5629,2.265,421.67,0.9675,48,0.7208,12.87,2.658e-05,0.2039,2.839,1.19,2.184,0.1952,8.483,0.481,8.215
2022-04-13T21:50:56,41143.35,3098.29,104.3,0.2383,15.44,59.5,18.16,87.08,5.801,159.46,0.5287,0.02188,0.006244,1.964,1.498,2.11,1.416,4.002,158.95,13.13,0.8665,1.49,0.5629,2.265,421.55,0.9672,47.99,0.7207,12.93,2.66e-05,0.2039,2.839,1.189,2.184,0.1952,8.489,0.4808,8.212
2022-04-13T21:51:26,41155.4,3098.49,104.31,0.2383,15.44,59.5,18.16,87.07,5.801,159.51,0.5286,0.0219,0.006244,1.964,1.498,2.11,1.417,4.008,158.93,13.13,0.8665,1.493,0.5629,2.266,421.53,0.9673,48.01,0.7207,12.93,2.661e-05,0.2039,2.839,1.19,2.184,0.1953,8.489,0.4805,8.213
2022-04-13T21:51:56,41158.93,3099.32,104.36,0.2382,15.44,59.5,18.15,87.08,5.802,159.53,0.5281,0.02188,0.006244,1.964,1.496,2.11,1.417,3.99,158.93,13.1,0.8665,1.494,0.5629,2.266,421.59,0.9675,48.02,0.7207,12.94,2.662e-05,0.2041,2.84,1.19,2.184,0.1953,8.493,0.4807,8.212
2022-04-13T21:52:26,41190.81,3101.32,104.38,0.2384,15.44,59.6,18.16,87.12,5.804,159.54,0.5282,0.02188,0.006244,1.964,1.497,2.11,1.417,3.988,158.99,13.1,0.8665,1.491,0.5629,2.266,421.75,0.9675,48.04,0.7209,12.94,2.663e-05,0.2041,2.842,1.191,2.185,0.1953,8.496,0.4806,8.211
2022-04-13T21:52:56,41172.28,3103.12,104.42,0.2383,15.44,59.6,18.17,87.06,5.797,159.53,0.5273,0.02186,0.006244,1.964,1.497,2.11,1.417,3.988,158.99,13.14,0.8665,1.491,0.5629,2.266,421.83,0.9676,48.04,0.7209,13.17,2.662e-05,0.2041,2.842,1.191,2.186,0.1953,8.494,0.481,8.21
2022-04-13T21:53:26,41171.86,3103.29,104.35,0.2383,15.44,59.4,18.16,86.97,5.795,159.53,0.5272,0.02183,0.006244,1.964,1.497,2.11,1.418,3.994,159.09,13.14,0.868,1.491,0.5629,2.266,421.81,0.9677,48.04,0.7205,13.17,2.663e-05,0.2041,2.842,1.191,2.186,0.1954,8.501,0.4813,8.21
2022-04-13T21:53:56,41179.97,3103.64,104.35,0.2385,15.51,59.4,18.14,86.86,5.797,159.64,0.5272,0.02183,0.006244,1.964,1.497,2.11,1.417,3.994,159.17,13.14,0.868,1.491,0.5629,2.266,421.76,0.9683,48.07,0.7205,13.17,2.664e-05,0.2041,2.843,1.191,2.186,0.1953,8.491,0.4815,8.212
2022-04-13T21:54:26,41189.93,3103.78,104.39,0.2384,15.44,59.5,18.14,86.88,5.794,159.64,0.5272,0.02187,0.006244,1.959,1.497,2.11,1.417,3.998,159.2,13.14,0.8668,1.494,0.5629,2.266,421.74,0.9683,48.07,0.7204,13.18,2.666e-05,0.2041,2.843,1.192,2.186,0.1954,8.488,0.4815,8.217
2022-04-13T21:54:56,41188.74,3103.77,104.4,0.2383,15.44,59.5,18.14,86.87,5.786,159.72,0.5273,0.02187,0.006244,1.956,1.497,2.11,1.418,3.993,159.28,13.14,0.8668,1.491,0.5629,2.266,421.74,0.9681,48.06,0.7204,13.23,2.666e-05,0.2041,2.842,1.192,2.186,0.1954,8.486,0.4816,8.216
2022-04-13T21:55:26,41173.75,3103.31,104.37,0.2383,15.44,59.5,18.14,86.88,5.785,159.79,0.5273,0.02185,0.006244,1.956,1.498,2.11,1.418,3.993,159.27,13.14,0.8668,1.493,0.5629,2.266,421.71,0.968,48.04,0.7205,13.22,2.664e-05,0.2043,2.842,1.192,2.186,0.1954,8.47,0.4816,8.216
2022-04-13T21:55:56,41174.12,3103.28,104.38,0.2382,15.44,59.5,18.14,86.87,5.787,159.74,0.5271,0.02185,0.006244,1.956,1.498,2.11,1.417,3.999,159.29,13.14,0.8668,1.493,0.5629,2.265,421.75,0.9681,48.03,0.7206,13.22,2.662e-05,0.2043,2.842,1.192,2.186,0.1954,8.467,0.4819,8.216
2022-04-13T21:56:26,41177.22,3103.45,104.4,0.2382,15.44,59.5,18.14,86.83,5.786,159.68,0.5271,0.02186,0.006244,1.956,1.498,2.11,1.417,3.997,159.3,13.14,0.8668,1.493,0.5629,2.266,421.82,0.9678,48.02,0.7206,13.22,2.661e-05,0.2043,2.841,1.193,2.186,0.1954,8.448,0.482,8.211
2022-04-13T21:56:56,41182.75,3103.67,104.41,0.238,15.44,59.5,18.15,86.81,5.782,159.74,0.5271,0.02185,0.006244,1.956,1.498,2.11,1.417,3.997,159.33,13.14,0.8668,1.493,0.5629,2.266,421.87,0.968,48.02,0.7208,13.27,2.659e-05,0.2043,2.841,1.193,2.187,0.1954,8.458,0.482,8.217
2022-04-13T21:57:26,41186.39,3104.01,104.43,0.2377,15.44,59.5,18.15,86.83,5.781,159.76,0.527,0.02184,0.006244,1.954,1.498,2.11,1.417,3.996,159.38,13.14,0.8668,1.49,0.5629,2.265,421.88,0.9683,48.04,0.7208,13.27,2.659e-05,0.2043,2.842,1.193,2.187,0.1955,8.469,0.482,8.218
2022-04-13T21:57:56,41189.23,3104.02,104.49,0.2377,15.44,59.5,18.15,86.82,5.782,159.8,0.527,0.02184,0.006265,1.954,1.499,2.11,1.416,3.998,159.38,13.14,0.8668,1.49,0.5629,2.266,421.9,0.9683,48.04,0.721,13.27,2.658e-05,0.2043,2.842,1.193,2.188,0.1954,8.468,0.4822,8.218
2022-04-13T21:58:26,41204.15,3105.06,104.5,0.2377,15.44,59.5,18.15,86.85,5.782,159.81,0.527,0.02185,0.006265,1.954,1.499,2.11,1.417,4,159.42,13.14,0.8668,1.49,0.5629,2.266,421.91,0.9683,48.03,0.721,13.27,2.658e-05,0.2043,2.842,1.193,2.188,0.1955,8.474,0.4823,8.219
2022-04-13T21:58:56,41211.99,3105.54,104.55,0.2379,15.44,59.5,18.16,86.89,5.78,159.8,0.528,0.02184,0.006265,1.954,1.498,2.11,1.417,3.991,159.41,13.14,0.8645,1.493,0.5629,2.266,422.05,0.9684,48.06,0.7213,13.2,2.658e-05,0.2043,2.843,1.193,2.188,0.1956,8.477,0.4823,8.219
2022-04-13T21:59:26,41204.83,3105,104.49,0.2382,15.52,59.5,18.16,86.9,5.781,159.81,0.528,0.02184,0.006265,1.954,1.498,2.11,1.417,3.997,159.41,13.14,0.8645,1.494,0.5629,2.266,422.08,0.9688,48.06,0.7214,13.2,2.651e-05,0.2043,2.842,1.193,2.189,0.1956,8.478,0.4823,8.217
2022-04-13T21:59:56,41211.13,3104.01,104.51,0.2382,15.52,59.6,18.16,86.93,5.781,159.8,0.528,0.02184,0.006265,1.954,1.498,2.11,1.418,3.992,159.37,13.17,0.8613,1.49,0.5629,2.266,422.08,0.9688,48.07,0.7216,13.19,2.648e-05,0.2043,2.843,1.193,2.189,0.1956,8.478,0.4824,8.219
2022-04-13T22:00:26,41222.9,3106.23,104.5,0.2386,15.52,59.6,18.17,86.97,5.777,159.83,0.528,0.02183,0.006265,1.954,1.498,2.11,1.418,3.993,159.36,13.17,0.8675,1.49,0.5629,2.266,422.79,0.9688,48.08,0.7217,13.2,2.653e-05,0.2043,2.844,1.193,2.189,0.1956,8.501,0.4826,8.219
2022-04-13T22:00:56,41217.91,3106.05,104.43,0.2386,15.52,59.5,18.16,86.96,5.781,159.83,0.528,0.02185,0.006265,1.954,1.498,2.11,1.418,3.994,159.26,13.17,0.8675,1.492,0.5629,2.266,422.85,0.9686,48.08,0.7215,13.13,2.651e-05,0.2043,2.843,1.193,2.191,0.1956,8.506,0.4825,8.222
2022-04-13T22:01:26,41189.12,3104.19,104.2,0.2386,15.52,59.5,18.15,86.84,5.783,159.84,0.528,0.02184,0.006265,1.954,1.498,2.11,1.417,3.995,159.11,13.17,0.8675,1.492,0.5629,2.266,422.65,0.9678,48.06,0.7211,13.12,2.649e-05,0.2048,2.84,1.193,2.191,0.1955,8.495,0.4825,8.222
2022-04-13T22:01:56,41192.4,3104.27,104.26,0.2385,15.52,59.5,18.15,86.84,5.782,159.83,0.5291,0.02184,0.006265,1.954,1.498,2.11,1.418,3.991,159.09,13.17,0.8661,1.495,0.5629,2.266,422.55,0.9679,48.05,0.7214,13.12,2.65e-05,0.2048,2.841,1.192,2.19,0.1955,8.491,0.4821,8.22
2022-04-13T22:02:26,41194.05,3104.11,104.34,0.2386,15.52,59.5,18.15,86.87,5.782,159.85,0.5292,0.02183,0.006265,1.954,1.499,2.11,1.418,3.991,159.15,13.17,0.8661,1.495,0.5629,2.266,422.58,0.9676,48.03,0.7216,13.12,2.651e-05,0.2048,2.843,1.192,2.19,0.1955,8.496,0.4821,8.222
2022-04-13T22:02:56,41192.69,3105.12,104.34,0.2387,15.52,59.5,18.15,86.9,5.781,159.85,0.5292,0.02184,0.006265,1.954,1.499,2.11,1.418,3.99,159.19,13.17,0.8661,1.495,0.5629,2.267,422.61,0.9679,48.03,0.7217,13.2,2.651e-05,0.2048,2.843,1.193,2.19,0.1956,8.504,0.4822,8.221
2022-04-13T22:03:26,41208.72,3105.65,104.35,0.2387,15.52,59.5,18.16,86.93,5.782,159.99,0.5292,0.02185,0.006265,1.954,1.499,2.11,1.418,3.99,159.26,13.17,0.8661,1.498,0.5629,2.267,422.68,0.9676,48.04,0.722,13.2,2.657e-05,0.2049,2.843,1.192,2.19,0.1956,8.512,0.4822,8.221
2022-04-13T22:03:56,41223.89,3105.7,104.31,0.2388,15.52,59.6,18.16,86.95,5.786,160.06,0.5292,0.02184,0.006265,1.953,1.499,2.11,1.418,3.997,159.28,13.17,0.8661,1.498,0.5629,2.267,422.71,0.9675,48.05,0.7221,13.2,2.657e-05,0.2047,2.843,1.193,2.19,0.1956,8.523,0.482,8.222
2022-04-13T22:04:26,41185.9,3103.88,104.25,0.2388,15.52,59.6,18.15,86.92,5.782,159.96,0.5311,0.02184,0.006265,1.952,1.499,2.11,1.417,3.997,159.28,13.17,0.8661,1.498,0.5629,2.266,422.71,0.9672,48.06,0.7215,13.19,2.65e-05,0.2047,2.842,1.192,2.19,0.1956,8.523,0.482,8.226
2022-04-13T22:04:56,41171.8,3103.41,104.24,0.2386,15.52,59.6,18.14,86.83,5.781,159.85,0.5311,0.02182,0.006265,1.952,1.499,2.11,1.416,3.967,159.26,13.17,0.8661,1.521,0.5629,2.266,422.4,0.9668,48.03,0.7215,13.17,2.649e-05,0.2047,2.841,1.192,2.189,0.1956,8.527,0.4818,8.225
2022-04-13T22:05:26,41169.21,3102.81,104.21,0.2384,15.52,59.6,18.13,86.84,5.779,159.84,0.5303,0.02181,0.006265,1.952,1.499,2.11,1.417,3.942,159.27,13.17,0.8661,1.519,0.5831,2.266,422.1,0.9667,48.03,0.7215,13.17,2.65e-05,0.2047,2.841,1.192,2.189,0.1955,8.529,0.4819,8.221
2022-04-13T22:05:56,41167.08,3102.68,104.11,0.2381,15.52,59.7,18.13,86.84,5.78,159.77,0.5303,0.02181,0.006265,1.952,1.5,2.1,1.416,3.942,159.19,13.17,0.8661,1.521,0.5831,2.265,422.12,0.9669,48.01,0.7216,13.17,2.65e-05,0.2047,2.841,1.191,2.188,0.1955,8.517,0.4819,8.223
2022-04-13T22:06:26,41157.66,3101.61,104.1,0.2381,15.52,59.5,18.12,86.78,5.779,159.77,0.5304,0.02181,0.006265,1.952,1.5,2.1,1.416,3.942,159.14,13.17,0.864,1.521,0.5831,2.265,422.06,0.9669,48.03,0.7215,13.17,2.65e-05,0.2046,2.837,1.19,2.188,0.1955,8.515,0.4819,8.222
2022-04-13T22:06:56,41176.12,3102.47,104.13,0.2381,15.52,59.5,18.13,86.78,5.775,160.04,0.5303,0.02182,0.006274,1.952,1.501,2.1,1.416,3.934,159.15,13.18,0.864,1.522,0.5831,2.266,422.16,0.9671,48.04,0.722,13.17,2.653e-05,0.2046,2.84,1.191,2.187,0.1955,8.515,0.4822,8.227
2022-04-13T22:07:26,41193.97,3102.59,104.12,0.2385,15.52,59.5,18.13,86.79,5.775,160.27,0.5303,0.02181,0.006274,1.952,1.501,2.1,1.417,3.932,159.11,13.18,0.8695,1.52,0.5831,2.267,422.33,0.9677,48.04,0.722,13.09,2.655e-05,0.2046,2.841,1.192,2.188,0.1955,8.548,0.4823,8.229
2022-04-13T22:07:56,41226.71,3106.48,104.28,0.2385,15.52,59.5,18.16,86.84,5.775,160.55,0.5294,0.02183,0.006274,1.952,1.501,2.1,1.416,3.93,159.13,13.18,0.8695,1.52,0.5831,2.268,422.43,0.9672,48.07,0.7226,13.1,2.659e-05,0.2046,2.842,1.193,2.189,0.1957,8.554,0.4824,8.23
2022-04-13T22:08:26,41226.66,3106.81,104.26,0.2385,15.47,59.5,18.16,86.87,5.779,160.75,0.5293,0.02188,0.006274,1.952,1.5,2.1,1.417,3.925,159.19,13.18,0.8695,1.52,0.5831,2.267,422.49,0.9674,48.12,0.7226,13.11,2.655e-05,0.2046,2.848,1.194,2.189,0.1957,8.559,0.4825,8.228
2022-04-13T22:08:56,41239.5,3108.49,104.29,0.2386,15.47,59.4,18.17,86.95,5.781,160.98,0.5293,0.02187,0.006274,1.952,1.5,2.1,1.417,3.929,159.28,13.18,0.8695,1.522,0.5831,2.271,422.73,0.968,48.14,0.7227,13.11,2.66e-05,0.2048,2.847,1.194,2.189,0.1957,8.559,0.4827,8.231
2022-04-13T22:09:26,41218.2,3106.74,104.2,0.2384,15.47,59.4,18.16,86.85,5.793,160.83,0.5293,0.02186,0.006274,1.951,1.5,2.1,1.417,3.929,159.22,13.18,0.8677,1.525,0.5831,2.269,422.52,0.9677,48.11,0.7224,13.08,2.658e-05,0.2048,2.844,1.193,2.189,0.1958,8.558,0.4827,8.238
2022-04-13T22:09:56,41188.8,3105.62,104.16,0.2385,15.47,59.4,18.16,86.76,5.789,160.65,0.5293,0.02186,0.006269,1.951,1.501,2.1,1.415,3.927,159.15,13.18,0.8677,1.525,0.5831,2.269,422.41,0.9675,48.07,0.7223,13.07,2.658e-05,0.2046,2.844,1.192,2.189,0.1958,8.557,0.4827,8.237
2022-04-13T22:10:26,41173.96,3105.18,104.15,0.2385,15.47,59.4,18.15,86.74,5.779,160.51,0.5293,0.02185,0.006269,1.952,1.501,2.1,1.414,3.928,159.14,13.18,0.8753,1.525,0.5831,2.269,422.33,0.9673,48.06,0.7223,13.07,2.658e-05,0.2046,2.844,1.191,2.189,0.1957,8.557,0.4827,8.237
2022-04-13T22:10:56,41187.63,3106.38,104.28,0.2386,15.47,59.4,18.16,86.76,5.784,160.51,0.5293,0.02185,0.006269,1.952,1.501,2.1,1.415,3.927,159.18,13.18,0.8753,1.525,0.5658,2.269,422.37,0.9677,48.06,0.7223,13.08,2.662e-05,0.2046,2.845,1.192,2.188,0.1958,8.529,0.4828,8.244
2022-04-13T22:11:26,41221.01,3107.33,104.37,0.2387,15.47,59.4,18.17,86.79,5.782,160.53,0.5291,0.02186,0.006269,1.952,1.501,2.1,1.417,3.927,159.3,13.18,0.8753,1.52,0.5658,2.27,422.44,0.968,48.07,0.7224,13.07,2.662e-05,0.2049,2.846,1.192,2.189,0.1958,8.544,0.4832,8.244
2022-04-13T22:11:56,41222.57,3108.27,104.35,0.239,15.47,59.4,18.17,86.79,5.787,160.55,0.5291,0.02185,0.006269,1.952,1.5,2.1,1.417,3.927,159.31,13.18,0.876,1.514,0.5636,2.271,422.49,0.9684,48.07,0.7224,13.07,2.664e-05,0.2049,2.848,1.193,2.19,0.1958,8.541,0.483,8.248
2022-04-13T22:12:26,41225.29,3108.72,104.45,0.2389,15.47,59.6,18.17,86.78,5.787,160.49,0.5304,0.02185,0.006269,1.952,1.501,2.1,1.416,3.924,159.36,13.18,0.876,1.516,0.5636,2.271,422.58,0.9682,48.08,0.7224,13.08,2.663e-05,0.2049,2.848,1.193,2.19,0.1957,8.544,0.4831,8.243
2022-04-13T22:12:56,41203.12,3107.55,104.43,0.2387,15.47,59.6,18.16,86.78,5.789,160.57,0.5304,0.02183,0.006269,1.952,1.501,2.1,1.416,3.92,159.34,13.19,0.876,1.512,0.5636,2.271,422.28,0.9677,48.08,0.722,13.07,2.66e-05,0.2049,2.847,1.193,2.19,0.1958,8.547,0.4832,8.243
