2022-04-07T00:00:53,43223.34,3172.28,113.33,0.2417,17.58,67,19.92,108.2,6.509,174.56,0.6922,0.02481,0.007722,2.475,1.636,2.498,1.458,3.764,164.63,15.04,0.9023,1.52,0.6698,2.507,419.98,1.055,53.48,0.76,10.67,2.44e-05,0.2207,2.97,1.308,2.332,0.2035,9.241,0.4772,8.428
2022-04-07T00:01:23,43197.21,3171.53,113.26,0.2422,17.61,66.9,19.91,108.03,6.516,174.3,0.6938,0.02479,0.007722,2.475,1.636,2.496,1.458,3.764,164.5,15.04,0.9016,1.518,0.6698,2.505,419.99,1.053,53.52,0.7611,10.72,2.441e-05,0.2201,2.969,1.307,2.332,0.2034,9.219,0.4779,8.425
2022-04-07T00:01:53,43212.79,3172.64,113.17,0.2422,17.61,66.9,19.9,108.06,6.516,174.23,0.6945,0.02478,0.007722,2.463,1.637,2.497,1.457,3.767,164.29,15.04,0.9016,1.522,0.6698,2.503,420.5,1.054,53.5,0.7614,10.72,2.442e-05,0.2206,2.969,1.306,2.335,0.2034,9.229,0.4767,8.426
2022-04-07T00:02:23,43218.78,3171.14,113.02,0.2422,17.61,66.8,19.9,108.15,6.507,174.12,0.6939,0.02477,0.007744,2.457,1.637,2.504,1.457,3.755,164.21,15.04,0.9,1.522,0.6698,2.504,420.58,1.056,53.5,0.7614,10.73,2.443e-05,0.2205,2.971,1.306,2.336,0.2032,9.24,0.4764,8.439
2022-04-07T00:02:53,43300.38,3174.11,113.09,0.2424,17.61,67,19.96,108.36,6.51,174.67,0.6947,0.02481,0.00777,2.481,1.637,2.509,1.461,3.755,164.4,15.04,0.9,1.522,0.6698,2.514,421.31,1.058,53.64,0.7635,10.77,2.45e-05,0.2216,2.979,1.311,2.343,0.2033,9.274,0.4773,8.462
2022-04-07T00:03:24,43270.89,3173.42,113.41,0.2443,17.63,67,19.93,108.35,6.512,174.76,0.6955,0.02488,0.00777,2.481,1.639,2.507,1.462,3.755,164.35,15.04,0.9,1.521,0.6698,2.513,421.3,1.058,53.58,0.763,10.82,2.447e-05,0.2217,2.978,1.31,2.34,0.2035,9.263,0.4773,8.459
2022-04-07T00:03:54,43275.78,3176.76,113.63,0.2454,17.63,67,19.97,108.54,6.514,174.85,0.6964,0.02494,0.007757,2.468,1.64,2.51,1.464,3.768,164.52,14.99,0.9,1.521,0.6584,2.517,421.51,1.06,53.71,0.7638,10.83,2.452e-05,0.2219,2.984,1.314,2.344,0.2035,9.288,0.48,8.474
2022-04-07T00:04:24,43280.42,3178.12,113.49,0.2455,17.63,67.2,19.99,108.5,6.513,175,0.6962,0.02497,0.007757,2.475,1.638,2.51,1.466,3.774,164.53,14.99,0.9,1.521,0.657,2.518,422.86,1.061,53.69,0.7647,10.83,2.452e-05,0.2221,2.985,1.316,2.345,0.2038,9.296,0.4795,8.476
2022-04-07T00:04:54,43270.22,3177.08,113.52,0.2458,17.62,67.2,19.98,108.5,6.516,175.14,0.6962,0.02494,0.007757,2.475,1.639,2.508,1.467,3.776,165,14.99,0.9001,1.526,0.657,2.519,423.03,1.061,53.74,0.7651,10.86,2.453e-05,0.2221,2.984,1.315,2.346,0.2038,9.294,0.4795,8.469
2022-04-07T00:05:24,43253.93,3176.46,113.35,0.2449,17.62,67.2,19.97,108.4,6.516,174.84,0.6966,0.02494,0.007757,2.475,1.64,2.507,1.465,3.761,165,14.99,0.9001,1.528,0.657,2.515,422.96,1.059,53.68,0.7646,10.87,2.452e-05,0.2218,2.983,1.315,2.345,0.2039,9.285,0.4794,8.469
2022-04-07T00:05:54,43236.68,3172.25,113.29,0.244,17.62,67.1,19.95,108.15,6.515,174.16,0.697,0.02486,0.007757,2.475,1.64,2.506,1.465,3.756,164.53,14.99,0.9001,1.524,0.657,2.512,422.68,1.059,53.68,0.7637,10.83,2.449e-05,0.2215,2.98,1.314,2.343,0.2038,9.268,0.4793,8.469
2022-04-07T00:06:24,43225.03,3171.93,113.15,0.2429,17.62,67,19.93,107.85,6.512,174,0.6962,0.02481,0.00775,2.475,1.639,2.505,1.463,3.76,164.2,14.99,0.9001,1.524,0.657,2.51,422.36,1.058,53.63,0.7635,10.83,2.447e-05,0.2216,2.979,1.311,2.342,0.2037,9.25,0.4786,8.458
2022-04-07T00:06:54,43195.57,3167.59,113.08,0.2425,17.61,67.1,19.91,107.83,6.523,173.94,0.6962,0.02463,0.007744,2.475,1.637,2.503,1.463,3.751,164.07,14.99,0.908,1.524,0.657,2.505,422.17,1.056,53.62,0.763,10.78,2.445e-05,0.2211,2.979,1.31,2.34,0.2035,9.238,0.4783,8.459
2022-04-07T00:07:25,43181.86,3166.96,112.98,0.2419,17.61,67.1,19.89,107.62,6.522,173.84,0.6962,0.02465,0.007744,2.475,1.636,2.502,1.462,3.743,164.03,14.99,0.908,1.518,0.657,2.505,422.03,1.056,53.56,0.7628,10.76,2.443e-05,0.2208,2.977,1.311,2.34,0.2035,9.235,0.4778,8.45
2022-04-07T00:07:55,43179.7,3164.28,112.86,0.2415,17.6,67,19.86,107.52,6.517,173.57,0.6962,0.02464,0.007742,2.475,1.636,2.502,1.462,3.739,164.02,14.99,0.9005,1.517,0.657,2.504,421.92,1.054,53.55,0.7624,10.77,2.443e-05,0.2208,2.975,1.309,2.34,0.2033,9.225,0.4775,8.446
2022-04-07T00:08:25,43203.36,3165.8,112.94,0.2429,17.6,66.9,19.88,107.58,6.525,173.6,0.6957,0.02467,0.007741,2.474,1.637,2.504,1.462,3.74,164.05,14.99,0.9046,1.517,0.657,2.506,421.95,1.055,53.57,0.7632,10.79,2.448e-05,0.2208,2.975,1.309,2.341,0.2033,9.228,0.4775,8.446
2022-04-07T00:08:55,43184.93,3163.96,112.72,0.2426,17.6,66.9,19.85,107.52,6.518,173.51,0.6957,0.02467,0.007741,2.472,1.637,2.503,1.462,3.725,163.95,15.04,0.9046,1.513,0.657,2.505,421.9,1.054,53.5,0.7631,10.78,2.447e-05,0.221,2.974,1.308,2.34,0.2032,9.229,0.4775,8.447
2022-04-07T00:09:25,43186.53,3164.79,112.72,0.2427,17.6,66.9,19.86,107.56,6.518,173.59,0.6962,0.02468,0.007741,2.472,1.637,2.503,1.463,3.715,164.05,15.04,0.9046,1.514,0.657,2.508,421.55,1.054,53.51,0.7629,10.79,2.444e-05,0.2209,2.969,1.308,2.341,0.2032,9.224,0.4782,8.449
2022-04-07T00:09:55,43196.79,3167.76,112.87,0.2434,17.6,67.1,19.87,107.69,6.515,173.63,0.6961,0.02467,0.007735,2.461,1.637,2.501,1.464,3.719,164.14,15.01,0.9042,1.514,0.657,2.512,421.62,1.056,53.53,0.7634,10.8,2.447e-05,0.2215,2.974,1.309,2.344,0.2033,9.231,0.4783,8.449
2022-04-07T00:10:25,43141.78,3165.83,112.55,0.2417,17.6,66.9,19.84,107.59,6.514,173.43,0.6961,0.02466,0.007738,2.461,1.637,2.497,1.464,3.712,164,15.01,0.9042,1.509,0.657,2.504,421.06,1.055,53.41,0.7632,10.79,2.443e-05,0.2216,2.967,1.307,2.342,0.2031,9.231,0.4778,8.436
2022-04-07T00:10:55,43243.23,3169.96,113.27,0.243,17.62,67.1,19.86,108.06,6.517,174.26,0.6961,0.02468,0.007739,2.455,1.636,2.505,1.466,3.739,164.31,15.01,0.9042,1.512,0.657,2.518,421.63,1.058,53.58,0.7647,10.79,2.453e-05,0.2216,2.976,1.31,2.348,0.2036,9.229,0.4797,8.436
2022-04-07T00:11:26,43298.29,3177.23,113.3,0.2438,17.62,67.3,19.86,108.15,6.517,173.78,0.6961,0.0249,0.007739,2.455,1.638,2.508,1.467,3.741,164.6,15.01,0.9042,1.513,0.657,2.512,422.33,1.059,53.61,0.7654,10.79,2.454e-05,0.2221,2.984,1.309,2.352,0.2036,9.246,0.4793,8.455
2022-04-07T00:11:56,43297.75,3181.08,113.37,0.2444,17.59,67.3,19.95,108.33,6.517,174.08,0.7008,0.02494,0.007743,2.455,1.639,2.508,1.469,3.742,164.5,15.01,0.9042,1.513,0.657,2.513,422.69,1.06,53.72,0.7659,10.82,2.456e-05,0.2223,2.985,1.311,2.355,0.2037,9.284,0.4807,8.459
2022-04-07T00:12:26,43288.89,3181.04,113.33,0.2443,17.62,67.3,19.95,108.19,6.513,174.04,0.7009,0.02486,0.00776,2.455,1.639,2.504,1.468,3.741,164.47,15.01,0.9042,1.511,0.657,2.513,422.56,1.061,53.68,0.7651,10.79,2.454e-05,0.2219,2.983,1.311,2.353,0.2036,9.284,0.4802,8.465
2022-04-07T00:12:56,43293.86,3182.58,113.36,0.2437,17.73,67.4,19.95,108.16,6.509,173.89,0.7009,0.0249,0.007761,2.455,1.635,2.505,1.469,3.751,164.56,15.06,0.9042,1.511,0.657,2.514,422.97,1.061,53.74,0.7657,10.79,2.458e-05,0.2224,2.988,1.312,2.355,0.2037,9.285,0.4808,8.471
2022-04-07T00:13:26,43315,3182.7,113.52,0.2441,17.73,67.5,19.95,108.28,6.515,173.84,0.7009,0.02487,0.007761,2.465,1.635,2.506,1.47,3.75,164.86,15.06,0.9026,1.506,0.657,2.517,422.82,1.061,53.73,0.7665,10.78,2.459e-05,0.2224,2.989,1.312,2.356,0.2036,9.304,0.4812,8.469
2022-04-07T00:13:56,43329.66,3185.54,113.7,0.2441,17.72,67.7,19.96,108.37,6.522,174.09,0.7015,0.0249,0.007792,2.465,1.635,2.504,1.47,3.749,164.97,15.06,0.9026,1.512,0.657,2.518,422.65,1.062,53.77,0.7669,10.78,2.461e-05,0.2228,2.992,1.314,2.358,0.2036,9.315,0.4818,8.475
2022-04-07T00:14:26,43352.97,3186.51,113.89,0.2446,17.67,67.7,19.99,108.55,6.535,174.16,0.7019,0.02493,0.007783,2.476,1.637,2.506,1.472,3.746,165.23,15.06,0.9026,1.512,0.657,2.522,422.76,1.062,53.82,0.7678,10.79,2.463e-05,0.2226,2.998,1.316,2.36,0.2037,9.335,0.4827,8.475
2022-04-07T00:14:57,43360.9,3185.97,113.9,0.2444,17.65,67.7,19.97,108.59,6.528,174.29,0.7019,0.02495,0.007783,2.476,1.637,2.506,1.472,3.746,165.09,15.06,0.9026,1.512,0.657,2.523,422.83,1.063,53.86,0.7685,10.81,2.46e-05,0.223,2.997,1.316,2.36,0.2038,9.333,0.4826,8.471
2022-04-07T00:15:27,43363.69,3188.63,113.94,0.2446,17.64,68,19.99,108.68,6.525,174.42,0.7044,0.02497,0.007783,2.476,1.636,2.506,1.473,3.771,164.96,15.06,0.9026,1.512,0.657,2.523,422.85,1.063,53.9,0.7686,10.82,2.463e-05,0.2228,2.996,1.316,2.358,0.2038,9.338,0.4826,8.485
2022-04-07T00:15:57,43428.44,3192.45,113.97,0.2456,17.65,68.1,20.03,108.85,6.528,174.49,0.7053,0.02498,0.007783,2.476,1.637,2.51,1.473,3.771,165.08,15.07,0.903,1.522,0.657,2.527,423.23,1.064,53.92,0.7696,10.89,2.464e-05,0.2229,2.997,1.318,2.36,0.2039,9.361,0.4835,8.488
2022-04-07T00:16:27,43461.59,3198.92,114.02,0.2461,17.59,68.1,20.1,108.92,6.527,174.95,0.7059,0.02505,0.007783,2.486,1.638,2.512,1.476,3.771,165.26,15.07,0.903,1.523,0.657,2.529,424.06,1.066,54.01,0.7701,10.93,2.468e-05,0.2235,3.003,1.322,2.365,0.2042,9.402,0.4839,8.511
2022-04-07T00:16:57,43453.22,3197.97,114.38,0.2462,17.66,68,20.12,108.99,6.531,174.84,0.7073,0.02512,0.007802,2.486,1.642,2.513,1.476,3.82,165.49,15.1,0.903,1.522,0.657,2.534,424.28,1.066,54.05,0.7704,10.93,2.468e-05,0.2236,3.002,1.321,2.365,0.2043,9.411,0.4853,8.538
2022-04-07T00:17:27,43438.47,3192.51,114.35,0.2453,17.64,68,20.09,108.94,6.537,174.75,0.7086,0.02509,0.007802,2.486,1.641,2.519,1.475,3.828,165.49,15.1,0.903,1.524,0.657,2.534,424.46,1.064,54.01,0.7712,10.92,2.467e-05,0.2233,3.002,1.321,2.366,0.2044,9.411,0.485,8.539
2022-04-07T00:17:57,43435.05,3192.86,114.31,0.2457,17.66,68.1,20.07,108.97,6.531,174.69,0.709,0.02513,0.007802,2.486,1.642,2.52,1.474,3.826,165.47,15.13,0.903,1.524,0.657,2.532,424.46,1.064,53.98,0.7712,10.9,2.465e-05,0.2231,2.994,1.322,2.363,0.2044,9.404,0.4846,8.547
2022-04-07T00:18:27,43406.23,3192.19,113.6,0.2456,17.66,68,20.07,108.98,6.529,174.57,0.7091,0.02512,0.007802,2.488,1.642,2.518,1.474,3.826,165.15,15.13,0.903,1.522,0.657,2.527,424.01,1.064,53.91,0.7701,10.87,2.463e-05,0.2228,2.995,1.319,2.361,0.2041,9.393,0.4836,8.547
2022-04-07T00:18:57,43397.22,3192.98,113.69,0.2453,17.66,68.1,20.06,108.98,6.52,174.57,0.7091,0.02512,0.007802,2.488,1.643,2.521,1.473,3.824,165.08,15.13,0.903,1.522,0.657,2.525,423.82,1.063,53.87,0.7699,10.88,2.461e-05,0.2229,2.994,1.319,2.359,0.2041,9.378,0.483,8.544
2022-04-07T00:19:27,43391.11,3192.15,113.7,0.2453,17.66,68.1,20.06,109.02,6.516,174.66,0.7078,0.02512,0.007802,2.488,1.643,2.521,1.475,3.825,165.12,15.13,0.9031,1.522,0.657,2.526,423.76,1.063,53.86,0.7696,10.89,2.46e-05,0.2229,2.994,1.318,2.359,0.2041,9.385,0.4832,8.538
2022-04-07T00:19:58,43391.17,3193.42,113.71,0.2454,17.65,68.2,20.06,109.1,6.515,174.55,0.7076,0.02511,0.007783,2.488,1.642,2.521,1.476,3.825,165.22,15.13,0.9031,1.524,0.657,2.527,423.68,1.064,53.88,0.77,10.89,2.46e-05,0.2231,2.997,1.317,2.358,0.2041,9.378,0.483,8.55
2022-04-07T00:20:28,43419.73,3192.91,113.85,0.2453,17.65,68.4,20.06,109.08,6.517,174.76,0.7081,0.02512,0.007783,2.488,1.641,2.522,1.478,3.83,165.41,15.13,0.9031,1.525,0.657,2.528,423.67,1.065,53.9,0.7705,10.88,2.46e-05,0.2231,2.997,1.318,2.359,0.2041,9.372,0.4836,8.554
2022-04-07T00:20:58,43400.42,3193.21,113.89,0.2455,17.64,68.2,20.06,109.07,6.516,174.64,0.7081,0.02514,0.007783,2.489,1.643,2.521,1.477,3.826,165.34,15.08,0.9031,1.523,0.657,2.526,423.76,1.065,53.93,0.7704,10.87,2.459e-05,0.2225,2.997,1.317,2.356,0.204,9.386,0.4833,8.554
2022-04-07T00:21:28,43406.29,3193.71,113.89,0.2456,17.64,68.1,20.12,109.05,6.515,174.81,0.7085,0.02515,0.007783,2.489,1.642,2.521,1.478,3.824,165.37,15.08,0.9021,1.523,0.657,2.527,423.83,1.064,53.95,0.77,10.88,2.46e-05,0.2229,2.998,1.318,2.357,0.2041,9.397,0.4834,8.549
2022-04-07T00:21:58,43407.09,3193.24,113.89,0.2461,17.67,68.2,20.12,109.08,6.508,175.02,0.7087,0.02515,0.007783,2.489,1.642,2.522,1.478,3.825,165.38,15.08,0.9021,1.524,0.657,2.528,423.96,1.066,53.94,0.7704,10.88,2.46e-05,0.2229,2.997,1.318,2.359,0.2041,9.397,0.4831,8.54
2022-04-07T00:22:28,43420.14,3194.89,113.93,0.2465,17.68,68.1,20.12,109.07,6.51,175.11,0.7083,0.02509,0.007783,2.489,1.642,2.522,1.478,3.83,165.49,15.08,0.9021,1.524,0.657,2.528,423.92,1.066,53.97,0.7709,10.89,2.463e-05,0.2229,2.999,1.319,2.361,0.2042,9.402,0.4837,8.551
2022-04-07T00:22:58,43437.17,3197.02,114.11,0.2465,17.68,68.1,20.12,109.14,6.506,175.08,0.7083,0.025,0.007801,2.489,1.643,2.525,1.479,3.834,165.59,15.08,0.9021,1.523,0.657,2.53,424,1.066,53.99,0.7709,10.93,2.465e-05,0.2234,2.999,1.322,2.363,0.2042,9.406,0.484,8.552
2022-04-07T00:23:28,43475.71,3198.62,114.13,0.2468,17.64,68.1,20.12,109.23,6.509,175.38,0.7087,0.02507,0.007801,2.49,1.643,2.527,1.48,3.837,165.75,15.08,0.9021,1.523,0.657,2.535,424.46,1.067,54.05,0.7713,10.94,2.468e-05,0.2237,3.004,1.323,2.365,0.2043,9.404,0.4845,8.553
2022-04-07T00:23:59,43480.25,3200.36,114.17,0.247,17.69,68.2,20.15,109.28,6.515,175.4,0.7123,0.02507,0.007801,2.489,1.644,2.524,1.48,3.837,165.83,15.07,0.9021,1.524,0.657,2.535,424.58,1.068,54.15,0.7712,10.94,2.469e-05,0.2237,3.004,1.323,2.369,0.2044,9.394,0.4853,8.562
2022-04-07T00:24:29,43485.02,3200.73,114.37,0.2474,17.69,68.2,20.14,109.29,6.511,175.29,0.7136,0.02503,0.007801,2.489,1.644,2.525,1.48,3.843,165.8,15.07,0.9021,1.523,0.657,2.532,424.72,1.068,54.18,0.7711,10.97,2.466e-05,0.2238,3.005,1.323,2.368,0.2044,9.379,0.4854,8.564
2022-04-07T00:24:59,43457.42,3199.22,114.34,0.2471,17.69,68.2,20.13,109.23,6.516,175.31,0.7159,0.02502,0.007801,2.489,1.644,2.524,1.48,3.84,165.76,15.07,0.9021,1.523,0.657,2.53,424.69,1.068,54.16,0.7707,10.92,2.465e-05,0.2237,3.005,1.323,2.368,0.2043,9.384,0.4858,8.556
2022-04-07T00:25:29,43464.12,3199.89,114.35,0.2471,17.71,68.2,20.11,109.23,6.517,175.23,0.7153,0.02499,0.007801,2.489,1.644,2.524,1.479,3.843,165.69,15.07,0.9021,1.523,0.657,2.529,424.69,1.066,54.11,0.7708,10.92,2.465e-05,0.2237,3.005,1.322,2.366,0.2043,9.382,0.4855,8.554
2022-04-07T00:25:59,43440.68,3198.57,114.33,0.2468,17.71,68.1,20.09,109.07,6.519,175.21,0.7159,0.02501,0.007801,2.49,1.644,2.524,1.479,3.839,165.64,15.07,0.9032,1.521,0.657,2.528,424.51,1.065,54.04,0.7706,10.92,2.464e-05,0.2231,3.001,1.321,2.366,0.2043,9.378,0.4852,8.551
2022-04-07T00:26:29,43446.48,3196.96,114.34,0.2469,17.71,68.1,20.09,109.04,6.518,175.12,0.7153,0.025,0.007776,2.49,1.644,2.527,1.477,3.837,165.68,15.07,0.9032,1.521,0.657,2.528,424.58,1.066,54.03,0.7707,10.93,2.462e-05,0.2231,3.004,1.32,2.366,0.2042,9.375,0.4856,8.549
2022-04-07T00:26:59,43453.19,3196.02,114.33,0.2477,17.72,68.1,20.09,108.98,6.519,175.23,0.7153,0.02503,0.007776,2.49,1.644,2.528,1.478,3.84,165.88,15.07,0.9032,1.521,0.657,2.528,424.88,1.066,54.02,0.7711,10.94,2.464e-05,0.2235,3.005,1.321,2.368,0.2043,9.38,0.487,8.556
2022-04-07T00:27:29,43450.52,3196.59,114.42,0.2478,17.74,68.1,20.1,108.93,6.521,175.57,0.7164,0.02502,0.007776,2.49,1.643,2.528,1.478,3.848,165.9,15.07,0.9032,1.524,0.657,2.529,424.86,1.066,54.04,0.7713,10.94,2.464e-05,0.2235,3.005,1.321,2.368,0.2044,9.382,0.487,8.564
2022-04-07T00:27:59,43441.01,3194.27,114.28,0.2476,17.74,68.1,20.07,108.78,6.516,175.43,0.7172,0.02502,0.007776,2.49,1.643,2.527,1.477,3.849,165.71,15.07,0.9032,1.521,0.657,2.525,424.68,1.065,54.04,0.7709,10.92,2.463e-05,0.2235,3.001,1.32,2.367,0.2043,9.373,0.4872,8.552
2022-04-07T00:28:30,43427.26,3192.08,114.17,0.2471,17.67,68.1,20.06,108.76,6.538,175.4,0.7172,0.02501,0.007776,2.492,1.643,2.526,1.475,3.849,165.58,15.07,0.9026,1.519,0.657,2.524,424.51,1.065,53.99,0.7707,10.9,2.46e-05,0.2231,2.999,1.319,2.365,0.2042,9.371,0.4869,8.552
2022-04-07T00:29:00,43424.68,3191.68,114.17,0.2471,17.69,68.1,20.05,108.7,6.53,175.71,0.7172,0.02504,0.007766,2.492,1.642,2.526,1.475,3.841,165.53,15.07,0.9026,1.519,0.657,2.526,424.47,1.065,53.98,0.7708,10.93,2.458e-05,0.2228,2.999,1.319,2.366,0.2043,9.369,0.4871,8.552
2022-04-07T00:29:30,43467.55,3196.35,114.54,0.2475,17.69,68.1,20.08,108.88,6.529,176.15,0.7172,0.02514,0.007766,2.492,1.643,2.529,1.477,3.851,165.93,15.07,0.9026,1.519,0.657,2.531,424.76,1.066,54.13,0.7713,10.94,2.462e-05,0.2236,3.007,1.322,2.369,0.2045,9.379,0.4877,8.569
2022-04-07T00:30:00,43455.5,3196.72,114.57,0.2475,17.68,68.2,20.08,108.91,6.523,175.97,0.7172,0.02516,0.007766,2.492,1.644,2.522,1.478,3.851,165.91,15.07,0.9029,1.524,0.657,2.53,425.87,1.067,54.14,0.7715,10.96,2.463e-05,0.2238,3.007,1.321,2.37,0.2046,9.38,0.4882,8.57
2022-04-07T00:30:30,43459.99,3197.2,114.28,0.2476,17.68,68.2,20.08,108.88,6.518,175.8,0.7202,0.02516,0.007769,2.491,1.643,2.522,1.478,3.851,165.78,15.07,0.9029,1.526,0.657,2.53,426.26,1.067,54.13,0.7717,10.96,2.463e-05,0.2233,3.007,1.321,2.369,0.2047,9.371,0.4887,8.575
2022-04-07T00:31:00,43451.82,3196.39,114.07,0.2467,17.73,68.1,20.06,108.8,6.517,175.63,0.7225,0.02513,0.00777,2.49,1.642,2.521,1.477,3.852,165.68,15.07,0.9029,1.525,0.657,2.528,426.27,1.067,54.07,0.7712,10.94,2.46e-05,0.2232,3.003,1.32,2.365,0.2045,9.371,0.4886,8.588
2022-04-07T00:31:30,43459.69,3198.01,114.28,0.2467,17.67,68.1,20.07,108.81,6.522,175.61,0.7235,0.02515,0.00777,2.49,1.644,2.522,1.478,3.853,165.69,15.07,0.9031,1.525,0.657,2.531,427.27,1.067,54.06,0.771,10.94,2.461e-05,0.2233,3.006,1.321,2.367,0.2047,9.369,0.4883,8.588
2022-04-07T00:32:00,43479.86,3200.12,114.34,0.2468,17.7,68,20.08,108.96,6.522,175.56,0.7245,0.02513,0.007769,2.49,1.644,2.524,1.48,3.854,165.88,15.07,0.9031,1.525,0.657,2.532,427.14,1.068,54.14,0.7717,10.95,2.462e-05,0.2238,3.007,1.322,2.37,0.2047,9.381,0.4895,8.603
2022-04-07T00:32:31,43496.66,3201.06,114.52,0.2478,17.75,68,20.1,109.08,6.528,175.99,0.7256,0.02516,0.007769,2.49,1.643,2.525,1.483,3.858,165.91,15.07,0.9031,1.524,0.657,2.534,427.12,1.069,54.16,0.7719,10.95,2.468e-05,0.2242,3.01,1.323,2.372,0.2048,9.391,0.4896,8.605
2022-04-07T00:33:01,43531.53,3203.39,114.6,0.2483,17.75,68,20.15,109.3,6.537,176.26,0.7259,0.02519,0.00778,2.49,1.643,2.526,1.484,3.859,166.24,15.08,0.9031,1.525,0.657,2.539,426.99,1.069,54.18,0.7727,10.99,2.47e-05,0.2246,3.015,1.324,2.374,0.2049,9.407,0.4899,8.606
2022-04-07T00:33:31,43510.46,3201.68,114.64,0.2484,17.76,68.2,20.14,109.44,6.549,176.19,0.726,0.0252,0.00778,2.49,1.644,2.534,1.485,3.859,166.28,15.08,0.9031,1.526,0.657,2.537,426.9,1.069,54.23,0.7725,11.01,2.47e-05,0.2247,3.016,1.324,2.374,0.2049,9.406,0.4895,8.605
2022-04-07T00:34:01,43529.32,3203.13,114.7,0.2484,17.78,68.2,20.16,109.44,6.562,176.18,0.7257,0.0252,0.007777,2.492,1.643,2.535,1.485,3.86,166.3,15.1,0.902,1.526,0.657,2.539,427.06,1.068,54.26,0.7728,11.03,2.47e-05,0.2247,3.016,1.326,2.376,0.205,9.409,0.4894,8.612
2022-04-07T00:34:31,43516.23,3202.9,114.62,0.2474,17.78,68.2,20.15,109.24,6.557,175.9,0.7258,0.02519,0.007781,2.492,1.645,2.533,1.483,3.855,166.23,15.1,0.902,1.527,0.657,2.537,426.94,1.068,54.2,0.7726,11.05,2.467e-05,0.2246,3.012,1.325,2.376,0.2049,9.405,0.4891,8.612
2022-04-07T00:35:01,43515.76,3202.59,114.61,0.2472,17.82,68.2,20.14,109.24,6.541,175.78,0.7258,0.02517,0.007781,2.492,1.645,2.529,1.484,3.855,166.03,15.1,0.902,1.527,0.657,2.536,426.85,1.068,54.19,0.7726,11.02,2.467e-05,0.2246,3.011,1.326,2.375,0.2047,9.399,0.4893,8.613
2022-04-07T00:35:31,43506,3202.41,114.52,0.2472,17.82,68.2,20.11,109.23,6.552,175.77,0.7264,0.02521,0.007781,2.493,1.645,2.528,1.481,3.853,166.02,15.1,0.902,1.527,0.657,2.534,426.76,1.066,54.16,0.7725,11.02,2.468e-05,0.2244,3.011,1.325,2.373,0.2045,9.392,0.4889,8.614
2022-04-07T00:36:01,43501.31,3202.14,114.51,0.2472,17.88,68.2,20.12,109.21,6.574,175.54,0.7264,0.02523,0.007764,2.492,1.645,2.527,1.481,3.855,165.84,15.1,0.9039,1.529,0.657,2.531,426.85,1.066,54.16,0.7724,10.99,2.466e-05,0.2244,3.011,1.324,2.373,0.2046,9.377,0.4888,8.614
2022-04-07T00:36:31,43554,3205.62,114.86,0.2485,17.94,68.2,20.15,109.31,6.561,175.6,0.7264,0.02521,0.00778,2.492,1.645,2.53,1.484,3.862,166.16,15.1,0.9049,1.529,0.657,2.539,427.49,1.069,54.26,0.7734,11.03,2.472e-05,0.2249,3.014,1.325,2.376,0.2049,9.399,0.4899,8.622
2022-04-07T00:37:02,43551.39,3205.49,114.82,0.2484,17.89,68.2,20.16,109.38,6.563,175.83,0.7264,0.02527,0.00778,2.492,1.644,2.531,1.485,3.869,166.23,15.13,0.9048,1.529,0.657,2.539,427.87,1.069,54.27,0.7738,11.02,2.474e-05,0.2248,3.017,1.327,2.377,0.205,9.403,0.4898,8.629
2022-04-07T00:37:32,43550.14,3205.49,114.78,0.2488,17.91,68.2,20.16,109.28,6.569,175.94,0.7264,0.02529,0.00777,2.493,1.644,2.534,1.484,3.885,166.33,15.13,0.9048,1.53,0.657,2.541,427.58,1.069,54.26,0.774,11.03,2.475e-05,0.2247,3.018,1.331,2.379,0.205,9.413,0.4898,8.629
2022-04-07T00:38:02,43543.46,3202.31,114.73,0.2488,17.91,68.2,20.15,109.14,6.574,176.08,0.7254,0.02531,0.007781,2.493,1.644,2.533,1.484,3.883,166.24,15.14,0.9048,1.532,0.657,2.538,427.46,1.069,54.23,0.7732,11.01,2.471e-05,0.2243,3.015,1.331,2.379,0.205,9.396,0.4906,8.617
2022-04-07T00:38:32,43528.29,3201.24,114.62,0.2481,17.91,67.9,20.13,109.05,6.574,175.72,0.7243,0.02524,0.007763,2.493,1.644,2.532,1.483,3.88,166.19,15.14,0.9024,1.532,0.657,2.535,426.98,1.068,54.14,0.7726,11.01,2.469e-05,0.2245,3.013,1.33,2.376,0.2048,9.382,0.4903,8.621
2022-04-07T00:39:02,43516.33,3199.96,114.54,0.2478,17.91,67.9,20.14,109.02,6.569,175.56,0.7238,0.02523,0.007763,2.494,1.644,2.532,1.481,3.88,165.83,15.14,0.9024,1.533,0.657,2.533,426.85,1.067,54.11,0.7725,10.98,2.468e-05,0.2243,3.008,1.328,2.373,0.2047,9.368,0.4897,8.616
2022-04-07T00:39:32,43519.06,3200.05,114.56,0.247,17.91,67.9,20.13,109,6.568,175.57,0.7236,0.02522,0.007763,2.493,1.644,2.532,1.481,3.879,165.87,15.14,0.9024,1.533,0.657,2.534,426.83,1.067,54.09,0.7724,11,2.467e-05,0.2243,3.008,1.327,2.373,0.2047,9.373,0.4902,8.622
2022-04-07T00:40:02,43519.33,3199.62,114.5,0.2467,17.95,68,20.13,108.98,6.563,175.55,0.7228,0.02524,0.007763,2.493,1.643,2.531,1.48,3.885,165.78,15.14,0.9024,1.533,0.657,2.534,426.85,1.067,54.02,0.7723,10.97,2.467e-05,0.2243,3.008,1.327,2.371,0.2046,9.374,0.49,8.621
2022-04-07T00:40:32,43490.17,3197.53,114.36,0.2467,17.95,68,20.13,109.01,6.562,175.51,0.7228,0.02524,0.007763,2.493,1.643,2.529,1.479,3.883,165.7,15.14,0.9019,1.531,0.657,2.533,426.78,1.067,54,0.7719,10.97,2.463e-05,0.2243,3.007,1.325,2.37,0.2046,9.361,0.4892,8.613
2022-04-07T00:41:02,43486.16,3196.56,114.35,0.2463,17.96,67.8,20.12,108.98,6.564,175.52,0.7226,0.02522,0.007763,2.493,1.643,2.529,1.48,3.876,165.66,15.14,0.9019,1.532,0.657,2.532,426.07,1.067,53.98,0.7718,10.97,2.464e-05,0.2238,3.006,1.324,2.368,0.2044,9.356,0.4888,8.609
2022-04-07T00:41:32,43491.25,3196.69,114.37,0.2472,17.96,67.8,20.12,108.98,6.561,175.64,0.7224,0.02523,0.007754,2.493,1.643,2.529,1.479,3.876,165.7,15.14,0.9028,1.532,0.657,2.534,426.22,1.067,53.97,0.7719,10.98,2.465e-05,0.2238,3.006,1.324,2.369,0.2045,9.359,0.4892,8.604
2022-04-07T00:42:03,43498.26,3198.64,114.43,0.2473,17.97,67.8,20.11,109.09,6.565,176.6,0.7229,0.02523,0.007747,2.493,1.643,2.53,1.479,3.872,165.81,15.14,0.9028,1.532,0.657,2.534,426.3,1.067,53.98,0.7724,10.98,2.466e-05,0.2242,3.008,1.324,2.37,0.2046,9.366,0.4892,8.606
2022-04-07T00:42:33,43496.21,3198.02,114.47,0.2473,17.96,67.8,20.11,109.05,6.569,176.72,0.7222,0.02523,0.007747,2.493,1.643,2.527,1.479,3.871,165.78,15.14,0.9028,1.532,0.657,2.534,426.3,1.067,53.96,0.7723,10.96,2.465e-05,0.2241,3.009,1.324,2.37,0.2044,9.36,0.4889,8.607
2022-04-07T00:43:03,43495.54,3198.13,114.47,0.2474,17.96,67.8,20.1,109.13,6.568,176.49,0.7222,0.02523,0.007747,2.493,1.643,2.528,1.478,3.871,165.78,15.15,0.9028,1.532,0.657,2.533,426.13,1.067,53.95,0.7723,10.96,2.463e-05,0.224,3.009,1.323,2.37,0.2044,9.36,0.4888,8.605
2022-04-07T00:43:33,43482.94,3197.32,114.34,0.2471,17.96,67.8,20.08,109.09,6.57,176.43,0.7222,0.02514,0.007747,2.493,1.642,2.527,1.478,3.871,165.71,15.15,0.902,1.533,0.657,2.532,425.88,1.066,53.93,0.7719,10.95,2.462e-05,0.2238,3.006,1.323,2.369,0.2044,9.36,0.4888,8.605
2022-04-07T00:44:03,43477.45,3194.54,114.27,0.2464,17.96,67.9,20.08,109.06,6.57,176.44,0.7222,0.0251,0.007747,2.494,1.643,2.527,1.476,3.862,165.64,15.1,0.902,1.533,0.657,2.531,425.79,1.066,53.89,0.7719,10.92,2.46e-05,0.2239,3.006,1.322,2.367,0.2044,9.343,0.4884,8.604
2022-04-07T00:44:33,43458.5,3192.7,114.18,0.2463,17.96,67.9,20.07,108.93,6.572,176.31,0.7222,0.02507,0.007779,2.494,1.641,2.526,1.476,3.858,165.55,15.1,0.902,1.533,0.657,2.529,425.4,1.066,53.81,0.7718,10.9,2.459e-05,0.2235,3.003,1.321,2.366,0.2042,9.345,0.4877,8.602
2022-04-07T00:45:03,43407.5,3189.51,113.99,0.246,17.96,68,20.02,108.92,6.572,176.29,0.7218,0.02505,0.007779,2.494,1.64,2.523,1.473,3.852,165.47,15.13,0.902,1.532,0.657,2.525,425.07,1.065,53.74,0.7706,10.88,2.455e-05,0.2235,3,1.319,2.365,0.2041,9.318,0.4869,8.591
2022-04-07T00:45:33,43365.66,3185.63,113.83,0.2449,17.96,67.9,19.98,108.75,6.546,176.01,0.7218,0.025,0.007785,2.494,1.638,2.52,1.47,3.845,165.05,15.13,0.902,1.527,0.657,2.52,424.41,1.064,53.69,0.7695,10.85,2.451e-05,0.2228,2.994,1.315,2.36,0.2036,9.294,0.4856,8.582
2022-04-07T00:46:03,43352.46,3183.24,113.79,0.2442,17.96,67.9,19.98,108.64,6.544,175.68,0.7211,0.02503,0.007772,2.494,1.638,2.515,1.468,3.824,165.09,15.07,0.902,1.526,0.657,2.514,424.09,1.064,53.64,0.769,10.83,2.448e-05,0.2223,2.99,1.313,2.357,0.2035,9.281,0.4851,8.574
2022-04-07T00:46:33,43345.11,3181.98,113.57,0.2441,17.95,67.7,19.98,108.63,6.531,176.01,0.7211,0.02501,0.007767,2.489,1.638,2.514,1.467,3.824,164.96,15.07,0.9024,1.525,0.657,2.518,423.99,1.063,53.64,0.7685,10.86,2.446e-05,0.2222,2.988,1.312,2.355,0.2035,9.281,0.4839,8.557
2022-04-07T00:47:04,43335.82,3182.16,113.48,0.2436,17.97,67.5,19.99,108.57,6.529,175.87,0.721,0.02502,0.007767,2.489,1.638,2.513,1.467,3.826,164.9,15.07,0.9024,1.525,0.657,2.514,423.67,1.063,53.62,0.7685,10.86,2.446e-05,0.2222,2.989,1.311,2.352,0.2034,9.282,0.4834,8.562
2022-04-07T00:47:34,43346.63,3184.76,113.5,0.2437,17.98,67.5,19.99,108.59,6.533,175.84,0.721,0.025,0.007761,2.489,1.639,2.514,1.466,3.827,164.8,15.07,0.9024,1.523,0.657,2.513,423.65,1.063,53.56,0.7681,10.87,2.448e-05,0.2223,2.989,1.309,2.352,0.2034,9.28,0.4835,8.55
2022-04-07T00:48:04,43331.19,3184.25,113.38,0.244,17.98,67.5,19.98,108.56,6.532,175.85,0.7214,0.025,0.007761,2.489,1.638,2.513,1.465,3.823,164.81,15.07,0.9024,1.523,0.657,2.513,423.72,1.063,53.54,0.7678,10.88,2.447e-05,0.222,2.988,1.307,2.352,0.2035,9.274,0.4835,8.55
2022-04-07T00:48:34,43315.06,3182.17,113.39,0.2435,17.98,67.3,19.98,108.5,6.529,175.89,0.7213,0.02499,0.007749,2.489,1.638,2.512,1.465,3.832,164.76,15.07,0.9018,1.521,0.657,2.511,423.59,1.062,53.51,0.7678,10.86,2.447e-05,0.222,2.987,1.306,2.351,0.2034,9.269,0.4835,8.555
2022-04-07T00:49:04,43277.7,3179.17,113.09,0.2428,18.06,67.2,19.96,108.34,6.513,175.54,0.7211,0.0249,0.007749,2.483,1.638,2.503,1.463,3.827,164.65,14.98,0.9018,1.524,0.657,2.505,423,1.061,53.32,0.7669,10.83,2.446e-05,0.2213,2.981,1.305,2.347,0.2032,9.253,0.4821,8.528
2022-04-07T00:49:34,43245.44,3175.75,112.99,0.2425,18.09,67,19.93,108.29,6.507,174.88,0.7211,0.02488,0.007749,2.474,1.637,2.501,1.462,3.819,164.44,14.98,0.9014,1.522,0.657,2.503,422.58,1.059,53.28,0.7662,10.82,2.44e-05,0.2213,2.979,1.304,2.344,0.203,9.239,0.4817,8.52
2022-04-07T00:50:04,43240.87,3175.05,113.01,0.2431,18.11,67.1,19.94,108.15,6.5,174.95,0.7197,0.02485,0.007749,2.474,1.637,2.498,1.462,3.818,164.37,14.96,0.9014,1.522,0.657,2.504,422.59,1.059,53.32,0.7658,10.85,2.441e-05,0.2216,2.977,1.304,2.343,0.2031,9.243,0.4817,8.526
2022-04-07T00:50:34,43257.16,3176.5,112.83,0.2427,18.11,67.1,19.91,108.06,6.502,174.84,0.7167,0.02486,0.007749,2.474,1.637,2.502,1.461,3.809,164.14,14.96,0.9014,1.521,0.657,2.502,422.62,1.059,53.27,0.7655,10.84,2.442e-05,0.2213,2.977,1.303,2.343,0.203,9.235,0.4803,8.509
2022-04-07T00:51:05,43223.01,3174.86,112.81,0.2427,18.1,67.2,19.9,107.99,6.505,174.42,0.7125,0.02484,0.007749,2.474,1.637,2.5,1.459,3.808,163.84,14.96,0.9014,1.519,0.657,2.497,422.47,1.057,53.22,0.7643,10.79,2.439e-05,0.2211,2.972,1.301,2.342,0.2028,9.231,0.4803,8.509
2022-04-07T00:51:35,43040.99,3172.38,112.68,0.2424,18.12,67,19.87,107.78,6.493,173.55,0.7122,0.02481,0.007741,2.474,1.632,2.489,1.454,3.789,163.4,14.96,0.9014,1.517,0.657,2.486,422.22,1.056,53.07,0.7631,10.75,2.435e-05,0.2203,2.961,1.298,2.336,0.2026,9.186,0.4781,8.502
2022-04-07T00:52:05,42911.67,3163.59,112.07,0.2385,18.12,66.7,19.68,107.3,6.495,173.06,0.7037,0.02472,0.007725,2.464,1.625,2.482,1.448,3.773,162.87,14.96,0.902,1.511,0.657,2.476,419.51,1.051,52.88,0.7613,10.72,2.422e-05,0.219,2.948,1.288,2.33,0.2018,9.175,0.4773,8.475
2022-04-07T00:52:35,42862.53,3161.58,111.85,0.2391,18,66.5,19.65,107,6.482,172.76,0.7045,0.02469,0.007725,2.464,1.625,2.482,1.448,3.765,162.4,14.96,0.902,1.506,0.657,2.471,419.59,1.051,52.73,0.7606,10.71,2.414e-05,0.2187,2.94,1.288,2.326,0.2016,9.141,0.4751,8.469
2022-04-07T00:53:05,42806.15,3153.02,111.6,0.2375,17.95,66.1,19.6,106.79,6.437,172.28,0.7046,0.02463,0.007726,2.454,1.624,2.485,1.444,3.731,162.32,14.86,0.902,1.502,0.657,2.466,418.2,1.047,52.56,0.7587,10.68,2.407e-05,0.2171,2.92,1.285,2.319,0.2013,9.11,0.4726,8.453
2022-04-07T00:53:35,42801.35,3153.53,111.79,0.2374,17.95,66,19.62,106.78,6.424,171.98,0.7046,0.0246,0.007712,2.454,1.623,2.485,1.444,3.719,162.24,14.86,0.902,1.501,0.657,2.465,417.43,1.044,52.56,0.7583,10.65,2.404e-05,0.2178,2.918,1.285,2.313,0.2013,9.103,0.4712,8.444
2022-04-07T00:54:05,42835.71,3154.8,111.86,0.2379,17.84,66.4,19.64,106.9,6.424,172.33,0.6997,0.02457,0.007711,2.454,1.623,2.487,1.444,3.712,162.38,14.87,0.9,1.502,0.657,2.471,417.12,1.045,52.63,0.759,10.73,2.406e-05,0.2179,2.92,1.287,2.317,0.2014,9.103,0.4702,8.441
2022-04-07T00:54:35,42838.01,3155.33,111.73,0.2386,17.87,66.3,19.63,106.98,6.424,172.13,0.6997,0.02468,0.007709,2.454,1.622,2.488,1.445,3.712,162.25,14.87,0.9,1.502,0.657,2.469,418.46,1.045,52.63,0.7592,10.76,2.411e-05,0.2179,2.922,1.289,2.318,0.2015,9.103,0.47,8.454
2022-04-07T00:55:06,42833.1,3150.24,111.51,0.2387,17.87,66.3,19.62,106.99,6.426,172.19,0.6991,0.02466,0.007709,2.435,1.621,2.484,1.444,3.719,162.18,14.8,0.9,1.5,0.657,2.464,418.01,1.046,52.54,0.7589,10.71,2.41e-05,0.2172,2.92,1.29,2.316,0.2014,9.112,0.4694,8.467
2022-04-07T00:55:36,42783.13,3147.69,111.37,0.2387,17.87,66.4,19.61,106.7,6.413,172.07,0.699,0.02463,0.007701,2.435,1.618,2.481,1.443,3.715,161.63,14.8,0.9,1.498,0.657,2.464,417.56,1.044,52.44,0.7583,10.71,2.404e-05,0.2172,2.912,1.286,2.309,0.2012,9.095,0.4688,8.451
2022-04-07T00:56:06,42834.91,3145.97,111.25,0.239,17.84,66.4,19.59,106.74,6.423,171.87,0.6993,0.0246,0.007701,2.431,1.618,2.479,1.442,3.71,161.61,14.8,0.9016,1.496,0.657,2.464,417.56,1.045,52.45,0.7575,10.72,2.402e-05,0.2174,2.908,1.287,2.31,0.2014,9.109,0.4687,8.451
2022-04-07T00:56:36,42781.45,3145.8,111.21,0.2389,17.84,66.3,19.57,106.75,6.426,171.74,0.6993,0.02454,0.007646,2.431,1.617,2.476,1.44,3.71,161.49,14.8,0.9016,1.493,0.657,2.463,417,1.044,52.43,0.757,10.69,2.397e-05,0.2167,2.898,1.285,2.305,0.2012,9.112,0.4687,8.442
2022-04-07T00:57:06,42855.36,3150.87,111.27,0.2392,17.81,66.3,19.58,106.8,6.427,171.79,0.6986,0.02455,0.007646,2.415,1.61,2.48,1.442,3.721,161.56,14.84,0.9016,1.494,0.657,2.466,416.87,1.045,52.43,0.755,10.67,2.4e-05,0.2166,2.905,1.286,2.307,0.2013,9.104,0.4685,8.441
2022-04-07T00:57:36,42932.42,3155.06,111.83,0.24,17.81,66.3,19.61,107.01,6.425,172.43,0.6981,0.02463,0.007666,2.415,1.605,2.481,1.444,3.73,161.79,14.84,0.9016,1.493,0.657,2.472,418.16,1.045,52.51,0.7559,10.71,2.401e-05,0.2174,2.91,1.287,2.311,0.2015,9.112,0.4691,8.463
2022-04-07T00:58:06,42848.85,3152.35,111.77,0.2407,17.85,66.6,19.57,106.98,6.431,172.13,0.6976,0.02463,0.007677,2.415,1.601,2.476,1.441,3.722,161.64,14.79,0.8996,1.489,0.657,2.468,417.92,1.044,52.43,0.7555,10.73,2.399e-05,0.2176,2.905,1.287,2.308,0.2014,9.101,0.4684,8.444
2022-04-07T00:58:36,42808.16,3151.38,111.73,0.2406,17.79,66.6,19.56,106.94,6.413,171.68,0.6976,0.02461,0.007663,2.415,1.598,2.473,1.439,3.721,161.43,14.79,0.8948,1.492,0.657,2.463,417.55,1.041,52.39,0.7543,10.73,2.394e-05,0.2167,2.901,1.285,2.301,0.2012,9.1,0.4679,8.44
2022-04-07T00:59:07,42799.6,3149.27,111.36,0.2405,17.67,66.2,19.53,107.06,6.407,171.49,0.6989,0.02462,0.007663,2.411,1.594,2.466,1.44,3.721,161.33,14.79,0.8991,1.489,0.657,2.465,417.51,1.043,52.32,0.7543,10.73,2.395e-05,0.2168,2.903,1.284,2.294,0.2012,9.093,0.4674,8.436
2022-04-07T00:59:37,42852.96,3152.01,111.69,0.2407,17.67,66.5,19.55,107.19,6.408,171.57,0.6983,0.02463,0.007663,2.418,1.591,2.469,1.442,3.71,161.64,14.79,0.8991,1.49,0.657,2.468,417.64,1.043,52.34,0.755,10.77,2.398e-05,0.2171,2.909,1.285,2.297,0.2013,9.105,0.4674,8.438
2022-04-07T01:00:07,42888.59,3153.19,111.95,0.2418,17.67,66.5,19.58,107.38,6.409,171.69,0.6989,0.02466,0.007663,2.418,1.593,2.471,1.444,3.711,161.97,14.78,0.8991,1.49,0.657,2.473,418.19,1.045,52.41,0.7559,10.8,2.4e-05,0.2175,2.912,1.286,2.299,0.2015,9.11,0.4688,8.44
2022-04-07T01:00:37,42905.79,3153.61,112.05,0.2417,17.67,66.4,19.58,107.49,6.411,171.87,0.7002,0.02469,0.007663,2.423,1.597,2.472,1.443,3.712,162.51,14.78,0.8991,1.492,0.657,2.473,417.99,1.046,52.45,0.7558,10.8,2.402e-05,0.2175,2.915,1.287,2.299,0.2014,9.116,0.4699,8.44
2022-04-07T01:01:07,42921.25,3154.9,112.08,0.2424,17.67,66.5,19.61,107.61,6.408,171.87,0.7013,0.02471,0.007663,2.423,1.597,2.473,1.446,3.719,162.44,14.78,0.8991,1.493,0.657,2.474,418.25,1.046,52.46,0.7565,10.83,2.403e-05,0.2176,2.915,1.287,2.299,0.2014,9.123,0.4702,8.439
2022-04-07T01:01:37,42960.7,3158.4,112.4,0.2434,17.67,66.5,19.63,107.74,6.415,172.38,0.7009,0.02471,0.007649,2.423,1.598,2.475,1.446,3.733,162.68,14.78,0.8991,1.493,0.657,2.478,418.62,1.048,52.57,0.7569,10.88,2.409e-05,0.2181,2.919,1.289,2.302,0.2014,9.123,0.4711,8.443
2022-04-07T01:02:07,42983.24,3160.36,112.61,0.2437,17.75,66.5,19.66,107.94,6.416,173.06,0.7015,0.02478,0.00767,2.423,1.599,2.476,1.448,3.747,162.9,14.78,0.8976,1.493,0.657,2.483,418.97,1.049,52.62,0.7574,10.91,2.411e-05,0.2184,2.921,1.292,2.305,0.2016,9.145,0.4719,8.451
2022-04-07T01:02:37,42999.05,3160.14,112.55,0.2431,17.75,66.5,19.66,108.09,6.415,172.68,0.7021,0.02479,0.00767,2.423,1.6,2.477,1.448,3.752,163.03,14.78,0.8976,1.496,0.657,2.482,418.71,1.05,52.68,0.7574,10.95,2.413e-05,0.2187,2.928,1.292,2.308,0.2017,9.151,0.4725,8.455
2022-04-07T01:03:07,42992.44,3156.64,112.45,0.2432,17.75,66.6,19.66,107.91,6.417,172.24,0.7021,0.02477,0.007665,2.442,1.601,2.477,1.449,3.752,162.87,14.8,0.8975,1.499,0.657,2.478,418.52,1.049,52.66,0.757,10.89,2.413e-05,0.2189,2.926,1.291,2.307,0.2017,9.152,0.4725,8.447
2022-04-07T01:03:37,43022.27,3155.77,112.35,0.2432,17.7,66.7,19.66,107.9,6.419,172.22,0.7017,0.02478,0.007647,2.442,1.601,2.479,1.447,3.752,162.9,14.8,0.8975,1.494,0.657,2.473,418.47,1.05,52.66,0.7564,10.88,2.416e-05,0.2187,2.927,1.292,2.307,0.2015,9.138,0.4725,8.445
2022-04-07T01:04:08,43031.87,3158.61,112.6,0.2434,17.7,66.7,19.68,108.05,6.425,172.45,0.7013,0.0248,0.007662,2.442,1.602,2.479,1.449,3.753,163.07,14.8,0.8975,1.494,0.657,2.478,418.56,1.05,52.67,0.7571,10.91,2.418e-05,0.2192,2.929,1.292,2.309,0.2017,9.14,0.4724,8.452
2022-04-07T01:04:38,42980.35,3155.96,112.64,0.2428,17.73,66.7,19.68,108.13,6.416,172.47,0.7016,0.02478,0.007662,2.446,1.6,2.476,1.448,3.753,162.91,14.8,0.8945,1.491,0.657,2.476,418.51,1.05,52.64,0.7565,10.89,2.416e-05,0.2188,2.927,1.292,2.308,0.2017,9.138,0.4719,8.445
2022-04-07T01:05:08,43009.79,3157.58,112.68,0.2437,17.7,66.7,19.72,108.24,6.413,172.97,0.701,0.02482,0.007662,2.446,1.599,2.478,1.45,3.76,163.11,14.8,0.8945,1.494,0.657,2.476,419.13,1.052,52.65,0.757,10.89,2.418e-05,0.2185,2.929,1.294,2.309,0.2019,9.135,0.4725,8.444
2022-04-07T01:05:38,43022.05,3158.01,113.05,0.2441,17.7,66.7,19.73,108.56,6.418,173.12,0.701,0.02485,0.007665,2.446,1.601,2.479,1.451,3.761,163.33,14.8,0.8945,1.492,0.657,2.476,419.56,1.053,52.73,0.7576,10.89,2.422e-05,0.2191,2.934,1.295,2.314,0.202,9.137,0.4733,8.466
2022-04-07T01:06:08,42978.04,3157.44,112.71,0.2439,17.67,66.7,19.7,108.36,6.412,172.66,0.7005,0.02485,0.007671,2.44,1.602,2.476,1.448,3.762,163.12,14.8,0.8987,1.492,0.657,2.474,419.19,1.051,52.72,0.7565,10.86,2.417e-05,0.219,2.928,1.293,2.314,0.2017,9.139,0.4725,8.453
2022-04-07T01:06:38,42959.1,3156.53,112.75,0.2419,17.69,66.7,19.69,108.21,6.402,172.68,0.7005,0.02477,0.007658,2.436,1.601,2.475,1.447,3.762,163.07,14.8,0.8987,1.492,0.657,2.471,418.94,1.051,52.61,0.7557,10.84,2.416e-05,0.2183,2.923,1.292,2.309,0.2016,9.129,0.4714,8.449
2022-04-07T01:07:09,42944.14,3150.03,112.59,0.2417,17.68,66.4,19.66,108.06,6.4,172.54,0.7001,0.02475,0.007658,2.436,1.6,2.474,1.443,3.751,162.81,14.82,0.8987,1.49,0.657,2.463,418.49,1.049,52.52,0.7552,10.78,2.415e-05,0.2178,2.916,1.291,2.306,0.2013,9.108,0.4709,8.44
2022-04-07T01:07:39,42977.39,3152.39,112.7,0.2424,17.68,66.5,19.68,107.94,6.403,172.76,0.7004,0.02478,0.007648,2.436,1.598,2.479,1.444,3.758,162.93,14.82,0.8987,1.493,0.657,2.466,418.72,1.049,52.54,0.7558,10.81,2.414e-05,0.218,2.921,1.291,2.307,0.2015,9.109,0.4711,8.441
2022-04-07T01:08:09,43002.78,3154,112.9,0.2433,17.66,66.5,19.69,108.07,6.402,173.2,0.7013,0.02481,0.007648,2.436,1.599,2.48,1.448,3.763,163.36,14.82,0.8973,1.493,0.657,2.474,419.03,1.051,52.65,0.7563,10.86,2.417e-05,0.2183,2.926,1.295,2.308,0.2017,9.128,0.4713,8.445
2022-04-07T01:08:39,43104.9,3159.52,113.22,0.2438,17.66,66.8,19.78,108.55,6.413,173.54,0.7021,0.02487,0.007648,2.436,1.602,2.489,1.451,3.786,163.82,14.82,0.8988,1.495,0.657,2.48,420.15,1.053,52.85,0.7594,10.92,2.422e-05,0.2196,2.941,1.299,2.317,0.2022,9.154,0.4713,8.468
2022-04-07T01:09:09,43115.09,3170.63,113.22,0.2438,17.62,66.9,19.8,108.79,6.41,173.9,0.7026,0.02488,0.007648,2.439,1.604,2.49,1.452,3.774,164.13,14.85,0.8988,1.495,0.657,2.481,420.53,1.054,52.98,0.7593,10.9,2.426e-05,0.2194,2.942,1.301,2.32,0.2024,9.18,0.4747,8.48
2022-04-07T01:09:40,43144.37,3171.85,113.36,0.2436,17.65,67.1,19.8,108.71,6.418,173.95,0.7047,0.02489,0.007648,2.439,1.604,2.492,1.453,3.766,164.18,14.85,0.8988,1.496,0.657,2.481,420.36,1.053,53.06,0.7596,10.9,2.427e-05,0.2193,2.942,1.302,2.323,0.2023,9.18,0.4743,8.483
2022-04-07T01:10:10,43162.98,3171.95,113.52,0.2436,17.7,67.1,19.8,108.7,6.418,174.04,0.7065,0.02486,0.007673,2.439,1.605,2.493,1.453,3.766,164.23,14.83,0.8988,1.496,0.6307,2.484,420.83,1.053,53.06,0.7602,10.9,2.426e-05,0.2196,2.942,1.304,2.324,0.2024,9.179,0.4742,8.484
2022-04-07T01:10:40,43104.89,3171.05,113.21,0.2438,17.7,67.1,19.78,108.66,6.421,173.85,0.7064,0.02481,0.007662,2.438,1.604,2.489,1.452,3.768,164.07,14.83,0.8988,1.497,0.6307,2.482,420.59,1.051,53.04,0.7594,10.9,2.428e-05,0.2196,2.938,1.301,2.323,0.2022,9.175,0.4734,8.486
2022-04-07T01:11:10,43099.19,3168.94,113.19,0.2438,17.7,67.2,19.77,108.64,6.415,173.86,0.706,0.02482,0.007662,2.438,1.604,2.489,1.451,3.777,164.08,14.87,0.9042,1.497,0.6307,2.477,420.58,1.051,53.01,0.7595,10.91,2.427e-05,0.2194,2.937,1.301,2.321,0.2023,9.172,0.473,8.486
2022-04-07T01:11:40,43104.83,3170.79,113.41,0.2437,17.7,67.2,19.79,108.73,6.422,174,0.706,0.02484,0.007671,2.438,1.604,2.486,1.452,3.778,164.22,14.87,0.9051,1.495,0.6307,2.479,420.77,1.052,52.99,0.7599,10.92,2.428e-05,0.2194,2.941,1.303,2.324,0.2023,9.181,0.4735,8.494
2022-04-07T01:12:10,43168.75,3176.1,113.67,0.2442,17.68,67.2,19.82,108.86,6.418,174.38,0.706,0.02486,0.007665,2.438,1.605,2.49,1.454,3.792,164.37,14.87,0.9051,1.497,0.6307,2.482,420.76,1.052,53.05,0.7609,10.96,2.43e-05,0.2195,2.947,1.304,2.325,0.2025,9.2,0.474,8.498
2022-04-07T01:12:40,43194.85,3180.97,113.79,0.2448,17.66,67.4,19.82,108.99,6.412,174.44,0.706,0.02487,0.007677,2.438,1.605,2.491,1.456,3.8,164.43,14.87,0.9051,1.497,0.6307,2.49,420.91,1.053,53.15,0.7619,10.99,2.432e-05,0.2203,2.95,1.306,2.332,0.2026,9.21,0.4757,8.516
2022-04-07T01:13:10,43199.76,3181.06,113.76,0.2446,17.7,67.4,19.84,109,6.42,174.49,0.7068,0.02488,0.007677,2.438,1.603,2.491,1.455,3.808,164.55,14.87,0.9111,1.497,0.6307,2.489,421.42,1.053,53.14,0.7618,10.97,2.434e-05,0.2205,2.951,1.307,2.332,0.2027,9.221,0.4765,8.522
2022-04-07T01:13:40,43148.43,3179.46,113.38,0.2444,17.79,67.3,19.82,108.89,6.413,174.28,0.7068,0.02486,0.007667,2.44,1.599,2.488,1.452,3.799,164.55,14.87,0.9106,1.496,0.6307,2.487,421.24,1.051,53.11,0.7618,10.92,2.432e-05,0.2202,2.95,1.306,2.331,0.2025,9.224,0.4757,8.51
2022-04-07T01:14:11,43166.08,3173.41,113.4,0.244,17.79,67,19.81,108.78,6.413,174.37,0.7073,0.02478,0.007667,2.446,1.596,2.489,1.452,3.788,164.52,14.88,0.9106,1.495,0.6307,2.483,421.2,1.051,53.03,0.7623,10.95,2.431e-05,0.2197,2.949,1.306,2.329,0.2025,9.22,0.4754,8.51
2022-04-07T01:14:41,43141.12,3173.68,113.4,0.2434,17.79,67,19.8,108.78,6.413,174.09,0.7073,0.02477,0.007667,2.441,1.598,2.488,1.45,3.797,164.18,14.88,0.9106,1.496,0.6307,2.481,420.77,1.051,53.03,0.7619,10.95,2.428e-05,0.2196,2.946,1.304,2.327,0.2024,9.208,0.4757,8.515
2022-04-07T01:15:11,43162.71,3173.67,113.45,0.2437,17.79,67.1,19.81,108.82,6.42,174.21,0.7073,0.02477,0.007667,2.441,1.597,2.489,1.451,3.796,164.27,14.8,0.9106,1.497,0.6307,2.483,420.8,1.052,53.04,0.7621,10.99,2.427e-05,0.2197,2.946,1.304,2.329,0.2024,9.215,0.4757,8.51
2022-04-07T01:15:41,43200.36,3177.27,113.68,0.2445,17.79,67.1,19.84,109.01,6.42,174.47,0.7083,0.02488,0.007667,2.441,1.598,2.491,1.453,3.82,164.55,14.8,0.9106,1.5,0.6307,2.486,421.2,1.052,53.13,0.7633,11.02,2.432e-05,0.2201,2.951,1.307,2.331,0.2027,9.232,0.4769,8.515
2022-04-07T01:16:11,43096.39,3170.22,113.17,0.2429,17.86,67,19.77,108.79,6.418,173.55,0.7083,0.02479,0.007676,2.441,1.597,2.485,1.453,3.787,164.24,14.77,0.9106,1.5,0.6307,2.475,420.33,1.049,53.04,0.761,10.92,2.426e-05,0.2189,2.944,1.305,2.327,0.2022,9.229,0.476,8.489
2022-04-07T01:16:41,43109.75,3169.73,113.14,0.2434,17.87,66.9,19.78,108.73,6.417,173.83,0.7064,0.02472,0.007667,2.441,1.597,2.486,1.448,3.794,163.99,14.77,0.9077,1.497,0.6307,2.477,420.46,1.049,53.03,0.7615,10.94,2.422e-05,0.2192,2.942,1.304,2.325,0.2024,9.211,0.4769,8.494
2022-04-07T01:17:11,43157.94,3176.22,113.41,0.2436,17.85,67.1,19.79,108.8,6.415,174.59,0.7058,0.02481,0.007667,2.441,1.597,2.489,1.451,3.813,164.37,14.83,0.9094,1.496,0.6307,2.485,421.06,1.051,53.1,0.7622,10.99,2.428e-05,0.2197,2.948,1.306,2.329,0.2025,9.215,0.4767,8.499
2022-04-07T01:17:41,43167.69,3174.66,113.35,0.2437,17.85,67.1,19.79,108.83,6.408,174.3,0.7063,0.02483,0.00766,2.441,1.597,2.493,1.452,3.81,164.33,14.83,0.9094,1.496,0.6307,2.484,421.02,1.052,53.06,0.762,10.98,2.428e-05,0.2199,2.949,1.307,2.329,0.2024,9.218,0.4772,8.496
2022-04-07T01:18:12,43162.77,3173.1,113.28,0.2439,17.85,66.9,19.81,108.87,6.408,174.22,0.7063,0.02478,0.007649,2.439,1.597,2.492,1.451,3.81,164.26,14.83,0.9015,1.497,0.6307,2.482,421.03,1.051,53.07,0.7616,10.97,2.426e-05,0.2196,2.948,1.307,2.328,0.2024,9.216,0.4765,8.501
2022-04-07T01:18:42,43144.1,3172.56,113.07,0.2437,17.82,67.1,19.8,108.75,6.403,174,0.7062,0.02475,0.007649,2.439,1.597,2.492,1.447,3.8,164.01,14.83,0.9015,1.5,0.6307,2.476,420.57,1.051,52.98,0.7613,10.95,2.422e-05,0.2193,2.946,1.305,2.325,0.2021,9.19,0.4765,8.498
2022-04-07T01:19:12,43096.41,3167.17,112.75,0.2433,17.82,67.1,19.77,108.56,6.395,173.85,0.7067,0.02468,0.007635,2.439,1.597,2.489,1.446,3.787,163.69,14.83,0.9015,1.5,0.6307,2.472,420.35,1.049,52.88,0.7606,10.91,2.417e-05,0.219,2.944,1.303,2.323,0.202,9.162,0.476,8.497
2022-04-07T01:19:42,43068,3165.57,112.56,0.2429,17.82,67.1,19.76,108.46,6.388,173.51,0.7067,0.02469,0.007641,2.439,1.596,2.488,1.446,3.769,163.5,14.83,0.9089,1.499,0.6307,2.47,419.93,1.048,52.82,0.7606,10.87,2.414e-05,0.2186,2.936,1.299,2.32,0.2018,9.153,0.4749,8.487
2022-04-07T01:20:12,43046.01,3160.82,112.35,0.2419,17.83,66.8,19.71,108.33,6.379,173.19,0.7061,0.02465,0.007628,2.425,1.595,2.486,1.444,3.757,163.24,14.83,0.9089,1.499,0.6307,2.46,419.66,1.046,52.78,0.7596,10.84,2.409e-05,0.2179,2.929,1.296,2.317,0.2015,9.134,0.4741,8.486
2022-04-07T01:20:42,43015.92,3163.19,112.42,0.2418,17.83,66.8,19.71,108.35,6.367,173.48,0.7047,0.02465,0.007628,2.422,1.595,2.485,1.442,3.757,163.09,14.83,0.9089,1.499,0.6307,2.464,419.11,1.045,52.67,0.7593,10.87,2.409e-05,0.2183,2.93,1.296,2.313,0.2015,9.121,0.4736,8.493
2022-04-07T01:21:12,43072.8,3165.9,112.88,0.2419,17.88,67,19.76,108.47,6.385,173.89,0.7042,0.02472,0.007628,2.422,1.595,2.488,1.443,3.785,163.26,14.83,0.9089,1.499,0.6307,2.469,419.12,1.047,52.68,0.7602,10.87,2.415e-05,0.2185,2.934,1.297,2.316,0.2016,9.126,0.474,8.492
2022-04-07T01:21:42,43073.14,3165.97,112.81,0.2427,17.86,66.9,19.75,108.59,6.381,173.69,0.7045,0.02475,0.007628,2.422,1.594,2.488,1.445,3.782,163.54,14.83,0.9089,1.496,0.6307,2.465,419.59,1.047,52.76,0.7605,10.87,2.414e-05,0.2187,2.938,1.298,2.32,0.2019,9.143,0.4746,8.494
2022-04-07T01:22:13,43103.63,3170.02,112.91,0.2432,17.86,67,19.77,108.56,6.385,174.01,0.7045,0.02473,0.007628,2.422,1.594,2.49,1.445,3.782,163.68,14.83,0.9089,1.496,0.6307,2.471,419.91,1.048,52.87,0.7609,10.91,2.418e-05,0.2189,2.94,1.301,2.318,0.202,9.152,0.4746,8.506
2022-04-07T01:22:43,43072.07,3165.69,112.67,0.243,17.87,67,19.75,108.48,6.382,173.9,0.7052,0.02473,0.007628,2.425,1.594,2.488,1.445,3.78,163.53,14.83,0.9089,1.5,0.6307,2.468,419.65,1.046,52.91,0.7608,10.9,2.415e-05,0.2186,2.936,1.3,2.32,0.2019,9.144,0.475,8.501
2022-04-07T01:23:13,43069.09,3166.01,112.66,0.2427,17.87,66.8,19.74,108.44,6.386,174.06,0.7054,0.02467,0.007628,2.425,1.594,2.488,1.444,3.783,163.43,14.83,0.9089,1.5,0.6307,2.468,419.84,1.046,52.87,0.7603,10.89,2.417e-05,0.2182,2.935,1.3,2.317,0.2019,9.144,0.4745,8.503
2022-04-07T01:23:43,43104.38,3164.63,112.66,0.2427,17.87,66.9,19.76,108.53,6.389,174.07,0.7044,0.02471,0.007628,2.425,1.594,2.49,1.444,3.781,163.54,14.83,0.9064,1.502,0.6307,2.468,419.76,1.046,52.91,0.7607,10.91,2.415e-05,0.2187,2.936,1.301,2.318,0.2019,9.147,0.4748,8.5
2022-04-07T01:24:13,43112.73,3167.15,112.74,0.2428,17.87,66.9,19.77,108.62,6.384,174.27,0.7044,0.02469,0.007628,2.425,1.594,2.49,1.445,3.812,163.5,14.83,0.9064,1.502,0.6307,2.469,420,1.047,52.92,0.7612,10.9,2.417e-05,0.2186,2.94,1.302,2.319,0.2019,9.15,0.4755,8.508
2022-04-07T01:24:43,43115.49,3167.93,112.79,0.2434,17.87,66.9,19.77,108.61,6.39,174.16,0.7044,0.02466,0.007628,2.425,1.594,2.49,1.445,3.806,163.58,14.83,0.9064,1.502,0.6307,2.469,419.9,1.047,52.91,0.7616,10.91,2.417e-05,0.2185,2.94,1.302,2.319,0.202,9.15,0.4754,8.508
2022-04-07T01:25:13,43135.87,3169.98,113,0.2434,17.87,67,19.77,108.65,6.382,174.28,0.7044,0.02467,0.007628,2.428,1.595,2.492,1.445,3.813,163.75,14.83,0.9071,1.502,0.6307,2.472,420.35,1.049,52.92,0.762,10.93,2.419e-05,0.2186,2.942,1.303,2.321,0.202,9.16,0.4759,8.509
2022-04-07T01:25:43,43154.15,3170.99,113.26,0.2438,17.87,67,19.77,108.73,6.383,174.41,0.7044,0.0247,0.007641,2.428,1.595,2.493,1.448,3.813,163.92,14.83,0.9071,1.5,0.6307,2.477,420.38,1.049,52.95,0.7623,10.93,2.42e-05,0.2186,2.944,1.304,2.323,0.2022,9.183,0.477,8.514
2022-04-07T01:26:14,43151.46,3173.42,113.39,0.2441,17.87,67,19.78,108.82,6.392,174.44,0.7044,0.02469,0.007641,2.433,1.595,2.492,1.449,3.814,164.16,14.83,0.9071,1.505,0.6307,2.475,420.64,1.051,53.03,0.7623,11,2.422e-05,0.2193,2.949,1.305,2.324,0.2024,9.179,0.4768,8.509
2022-04-07T01:26:44,43180.64,3177.26,113.42,0.2441,17.87,67.1,19.81,108.95,6.389,174.79,0.7031,0.02471,0.007641,2.433,1.596,2.494,1.451,3.811,164.46,14.83,0.9071,1.503,0.6307,2.477,421.12,1.051,53.1,0.7633,11.01,2.425e-05,0.2196,2.951,1.307,2.328,0.2025,9.193,0.4776,8.52
2022-04-07T01:27:14,43183.72,3180.92,113.57,0.2445,17.87,67.2,19.83,108.97,6.392,174.87,0.7033,0.02474,0.007649,2.433,1.596,2.494,1.452,3.811,164.54,14.83,0.9071,1.503,0.6307,2.479,421.21,1.053,53.12,0.7634,11.01,2.427e-05,0.2198,2.952,1.308,2.329,0.2027,9.2,0.478,8.52
2022-04-07T01:27:44,43179.75,3180.75,113.6,0.2445,17.85,67.4,19.83,109.02,6.389,174.95,0.704,0.02472,0.007653,2.431,1.596,2.494,1.451,3.806,164.68,14.83,0.9057,1.503,0.6345,2.478,421.39,1.053,53.14,0.7638,11.01,2.427e-05,0.2199,2.952,1.309,2.331,0.2027,9.204,0.4783,8.523
2022-04-07T01:28:14,43182.96,3179.85,113.57,0.2443,17.85,67.2,19.84,109.12,6.393,175.24,0.704,0.02472,0.007654,2.431,1.596,2.491,1.451,3.808,164.68,14.79,0.9057,1.503,0.6345,2.476,421.36,1.053,53.13,0.764,11.01,2.428e-05,0.2199,2.954,1.31,2.331,0.2028,9.205,0.4783,8.522
2022-04-07T01:28:44,43185,3180.02,113.57,0.2444,17.85,67.3,19.85,109.13,6.389,175.32,0.704,0.02472,0.007654,2.431,1.596,2.491,1.451,3.808,164.72,14.79,0.9016,1.503,0.6345,2.476,421.35,1.053,53.14,0.764,11.01,2.427e-05,0.2199,2.955,1.31,2.331,0.2028,9.205,0.478,8.522
2022-04-07T01:29:14,43182.76,3179.26,113.55,0.2444,17.85,67.3,19.85,109.05,6.389,175.14,0.7038,0.02473,0.007655,2.431,1.596,2.491,1.452,3.802,164.73,14.79,0.9016,1.504,0.6345,2.476,421.35,1.053,53.17,0.7638,11.01,2.427e-05,0.2198,2.955,1.31,2.331,0.2027,9.21,0.4781,8.529
2022-04-07T01:29:44,43187.15,3179.34,113.63,0.2443,17.85,67.3,19.85,109.03,6.393,175.12,0.7038,0.02471,0.007655,2.431,1.596,2.491,1.452,3.814,164.73,14.79,0.9016,1.506,0.6345,2.476,421.35,1.053,53.17,0.7641,10.99,2.428e-05,0.2198,2.956,1.31,2.331,0.2028,9.215,0.4781,8.523
2022-04-07T01:30:14,43195,3178.8,113.6,0.2446,17.85,67.3,19.85,109.04,6.391,175.13,0.7033,0.02473,0.007655,2.431,1.596,2.484,1.453,3.812,164.71,14.79,0.9016,1.503,0.6345,2.476,421.47,1.053,53.14,0.7642,10.98,2.429e-05,0.22,2.953,1.309,2.33,0.2029,9.211,0.4781,8.528
2022-04-07T01:30:46,43145.16,3175.9,113.39,0.2444,17.84,67.3,19.83,108.95,6.391,174.88,0.7033,0.02472,0.007655,2.429,1.594,2.481,1.45,3.797,164.45,14.79,0.907,1.503,0.6345,2.473,421.09,1.051,53.03,0.7636,10.96,2.425e-05,0.2195,2.951,1.309,2.327,0.2026,9.213,0.4773,8.514
2022-04-07T01:31:16,43190.22,3179.08,113.56,0.245,17.84,67.3,19.86,109.03,6.39,175.1,0.703,0.02473,0.007655,2.429,1.595,2.484,1.452,3.805,164.54,14.79,0.907,1.502,0.6345,2.475,421.37,1.052,53.11,0.7644,10.96,2.427e-05,0.2199,2.953,1.311,2.331,0.2028,9.229,0.4781,8.514
2022-04-07T01:31:46,43191.75,3178.84,113.54,0.2451,17.95,67.3,19.86,109.09,6.386,175.12,0.7035,0.02475,0.007655,2.429,1.595,2.484,1.452,3.803,164.53,14.79,0.907,1.502,0.6345,2.476,421.47,1.052,53.17,0.7644,10.95,2.427e-05,0.2199,2.954,1.312,2.332,0.203,9.233,0.4789,8.51
2022-04-07T01:32:16,43208.18,3179.68,113.58,0.2453,17.95,67.3,19.87,109,6.389,175.16,0.7049,0.02475,0.007655,2.429,1.595,2.488,1.452,3.803,164.72,14.79,0.907,1.506,0.6345,2.478,421.55,1.053,53.22,0.7648,10.96,2.429e-05,0.2199,2.958,1.312,2.334,0.203,9.236,0.4793,8.526
2022-04-07T01:32:46,43215.06,3180.47,113.61,0.2451,17.95,67.2,19.87,108.93,6.39,175.22,0.7045,0.02476,0.007655,2.429,1.595,2.488,1.452,3.814,164.69,14.79,0.9069,1.506,0.6345,2.479,421.58,1.054,53.24,0.7648,10.98,2.431e-05,0.2204,2.958,1.312,2.335,0.203,9.241,0.4793,8.527
2022-04-07T01:33:17,43217.55,3180.56,113.63,0.245,17.95,67.2,19.87,108.86,6.388,175.2,0.7052,0.02476,0.007655,2.429,1.595,2.488,1.454,3.822,164.63,14.76,0.9069,1.506,0.6345,2.479,421.48,1.054,53.24,0.765,10.98,2.431e-05,0.2204,2.957,1.313,2.335,0.203,9.243,0.4813,8.531
2022-04-07T01:33:47,43231.64,3181.59,114.09,0.2456,17.95,67.2,19.89,108.95,6.388,175.33,0.7055,0.02478,0.00768,2.432,1.595,2.489,1.455,3.822,164.74,14.76,0.9069,1.505,0.6345,2.48,421.81,1.055,53.29,0.7657,10.99,2.431e-05,0.2206,2.959,1.314,2.336,0.203,9.243,0.4817,8.531
2022-04-07T01:34:17,43259.26,3185.05,114.2,0.2456,17.95,67.3,19.91,109.08,6.392,175.41,0.7055,0.02482,0.00768,2.432,1.597,2.491,1.456,3.825,164.78,14.74,0.9134,1.505,0.6345,2.482,421.89,1.056,53.31,0.7661,11,2.434e-05,0.2209,2.962,1.316,2.337,0.2031,9.255,0.4822,8.539
2022-04-07T01:34:47,43272.53,3186.49,114.21,0.246,17.95,67.3,19.93,109.07,6.396,175.57,0.7055,0.02488,0.00768,2.432,1.597,2.492,1.457,3.835,164.83,14.74,0.9134,1.505,0.6345,2.482,421.96,1.058,53.33,0.7663,10.98,2.435e-05,0.2213,2.963,1.316,2.339,0.2031,9.261,0.4824,8.547
2022-04-07T01:35:17,43268.91,3185.83,114.2,0.2463,17.95,67.3,19.92,109.02,6.395,175.58,0.7055,0.02488,0.007673,2.432,1.598,2.494,1.457,3.828,164.79,14.64,0.9134,1.509,0.6345,2.482,422.03,1.057,53.32,0.7663,10.95,2.435e-05,0.2213,2.969,1.316,2.34,0.2031,9.258,0.4825,8.548
2022-04-07T01:35:47,43284.71,3187.12,114.25,0.2468,18.01,67.3,19.93,109.04,6.395,175.65,0.7055,0.02489,0.007673,2.432,1.6,2.495,1.459,3.83,164.83,14.64,0.9134,1.511,0.6345,2.488,422.07,1.057,53.34,0.7665,10.97,2.436e-05,0.2215,2.97,1.317,2.34,0.2031,9.255,0.483,8.549
2022-04-07T01:36:17,43292.06,3186.43,114.17,0.2469,18.06,67.3,19.93,108.94,6.396,175.65,0.7055,0.02492,0.00768,2.435,1.601,2.496,1.458,3.836,164.9,14.62,0.9138,1.511,0.6345,2.488,422.32,1.057,53.36,0.7665,10.96,2.434e-05,0.2215,2.97,1.318,2.34,0.2031,9.254,0.483,8.55
2022-04-07T01:36:47,43293,3186.71,114.18,0.247,18.05,67.2,19.93,108.91,6.405,175.69,0.7055,0.02495,0.00768,2.435,1.6,2.496,1.459,3.836,165,14.62,0.9138,1.511,0.6345,2.489,422.33,1.058,53.43,0.7668,10.96,2.434e-05,0.2215,2.972,1.318,2.34,0.2031,9.253,0.4828,8.562
2022-04-07T01:37:17,43279.74,3186.51,114.16,0.2471,18.04,67.3,19.93,108.9,6.442,175.79,0.7053,0.02493,0.007673,2.435,1.602,2.495,1.458,3.831,164.89,14.62,0.9138,1.51,0.6345,2.491,422.36,1.058,53.4,0.7672,10.97,2.434e-05,0.2219,2.972,1.318,2.341,0.2031,9.244,0.483,8.562
2022-04-07T01:37:48,43309.36,3189.63,114.3,0.2468,18.14,67.5,19.94,108.91,6.449,175.94,0.7046,0.02493,0.007682,2.435,1.602,2.497,1.459,3.845,164.98,14.62,0.9146,1.513,0.6345,2.491,422.54,1.06,53.43,0.7673,10.98,2.437e-05,0.2222,2.973,1.317,2.343,0.2031,9.248,0.4833,8.558
2022-04-07T01:38:18,43307.13,3188.34,114.29,0.2468,18.14,67.6,19.93,108.71,6.438,176.04,0.7046,0.02496,0.007687,2.435,1.602,2.497,1.459,3.866,165.06,14.61,0.9146,1.514,0.6345,2.487,422.33,1.06,53.45,0.7673,11,2.436e-05,0.2219,2.971,1.318,2.343,0.2031,9.251,0.4836,8.556
2022-04-07T01:38:48,43305.88,3187.98,114.16,0.2467,18.1,67.5,19.94,108.51,6.439,176.17,0.7046,0.02495,0.007687,2.435,1.602,2.497,1.459,3.878,165.08,14.61,0.9146,1.511,0.6345,2.487,422.43,1.06,53.46,0.7677,11.02,2.438e-05,0.2223,2.972,1.319,2.342,0.2032,9.261,0.484,8.553
2022-04-07T01:39:18,43250.5,3186.52,114.11,0.2466,18.1,67.5,19.93,108.39,6.432,176.16,0.7049,0.02495,0.007687,2.439,1.602,2.494,1.458,3.87,164.97,14.61,0.9146,1.513,0.6345,2.483,422.24,1.058,53.4,0.7668,11.03,2.435e-05,0.2218,2.97,1.317,2.341,0.203,9.256,0.4833,8.55
2022-04-07T01:39:48,43262.54,3187.95,114.17,0.2469,18.1,67.4,19.93,108.37,6.437,176.18,0.7053,0.02496,0.007687,2.439,1.601,2.495,1.458,3.887,165,14.61,0.9146,1.513,0.6345,2.484,422.37,1.058,53.4,0.7673,11.04,2.437e-05,0.2218,2.97,1.317,2.341,0.2031,9.254,0.4832,8.552
2022-04-07T01:40:18,43275.46,3188.06,114.19,0.2467,18.1,67.4,19.94,108.35,6.446,176.54,0.707,0.02495,0.007687,2.439,1.602,2.497,1.458,3.904,165.13,14.61,0.9146,1.511,0.6345,2.485,422.47,1.059,53.4,0.7673,11.05,2.437e-05,0.2218,2.974,1.317,2.344,0.2032,9.26,0.4832,8.552
2022-04-07T01:40:49,43277.58,3187.11,114.14,0.247,18.13,67.4,19.94,108.36,6.441,176.57,0.7087,0.02494,0.007687,2.435,1.602,2.497,1.458,3.888,165.25,14.61,0.9146,1.511,0.6345,2.485,422.54,1.059,53.42,0.7677,11.05,2.437e-05,0.2218,2.975,1.319,2.344,0.2033,9.262,0.4853,8.551
2022-04-07T01:41:19,43283.92,3188.28,114.16,0.247,18.13,67.5,19.95,108.32,6.445,176.87,0.7101,0.02495,0.007685,2.435,1.602,2.497,1.459,3.914,165.27,14.62,0.9146,1.511,0.6345,2.485,422.55,1.059,53.41,0.7676,11.03,2.438e-05,0.2219,2.976,1.318,2.345,0.2032,9.263,0.4853,8.558
2022-04-07T01:41:49,43291.41,3188.18,114.24,0.2471,18.14,67.6,19.95,108.35,6.44,177.04,0.71,0.02496,0.007685,2.435,1.602,2.497,1.459,3.91,165.4,14.62,0.9146,1.511,0.6345,2.486,422.52,1.059,53.42,0.7679,11.04,2.438e-05,0.222,2.976,1.319,2.346,0.2032,9.263,0.4854,8.558
2022-04-07T01:42:19,43302.84,3188.98,114.23,0.2471,18.14,67.6,19.96,108.31,6.44,177.09,0.71,0.02497,0.007685,2.435,1.602,2.498,1.46,3.907,165.53,14.62,0.9146,1.512,0.6345,2.486,422.52,1.059,53.42,0.7679,11.05,2.438e-05,0.2223,2.977,1.32,2.347,0.2032,9.269,0.4854,8.558
2022-04-07T01:42:49,43305.43,3189.11,114.3,0.2472,18.14,67.6,19.96,108.32,6.441,177.17,0.7155,0.02496,0.007685,2.435,1.602,2.498,1.461,3.907,165.77,14.62,0.9146,1.512,0.6345,2.487,422.64,1.059,53.44,0.7679,11.08,2.438e-05,0.2222,2.977,1.321,2.347,0.2033,9.272,0.4863,8.558
2022-04-07T01:43:19,43324.06,3189.96,114.28,0.247,18.14,67.5,19.97,108.29,6.449,177.65,0.7166,0.02491,0.007685,2.439,1.603,2.499,1.462,3.921,165.83,14.62,0.9146,1.512,0.6345,2.488,422.7,1.06,53.44,0.7683,11.11,2.438e-05,0.2224,2.979,1.322,2.348,0.2032,9.279,0.4869,8.557
2022-04-07T01:43:50,43298.45,3187.92,114,0.2469,18.14,67.7,19.95,108.2,6.45,177.63,0.7169,0.02491,0.007698,2.439,1.604,2.495,1.461,3.895,165.88,14.62,0.9156,1.514,0.6345,2.485,422.59,1.06,53.41,0.768,11.05,2.437e-05,0.2222,2.979,1.321,2.348,0.2031,9.27,0.4866,8.557
2022-04-07T01:44:20,43264.5,3185.33,113.88,0.2463,18.14,67.7,19.93,108.27,6.443,177.86,0.7162,0.02486,0.007684,2.439,1.603,2.493,1.459,3.895,165.92,14.62,0.9156,1.514,0.6345,2.481,422.17,1.059,53.39,0.7677,11.04,2.435e-05,0.2222,2.976,1.319,2.347,0.2031,9.258,0.4869,8.558
2022-04-07T01:44:50,43265.53,3184.78,113.89,0.2463,18.14,67.6,19.91,108.17,6.426,178.03,0.7155,0.02485,0.007684,2.439,1.603,2.493,1.459,3.895,165.71,14.62,0.9156,1.514,0.6345,2.482,422.08,1.059,53.33,0.7676,11.02,2.434e-05,0.2222,2.975,1.318,2.346,0.203,9.249,0.4861,8.552
2022-04-07T01:45:20,43283.95,3184.3,113.86,0.246,18.14,67.8,19.91,107.92,6.425,177.38,0.7151,0.02489,0.007684,2.439,1.604,2.494,1.458,3.909,165.68,14.62,0.9156,1.514,0.6345,2.48,422.2,1.057,53.34,0.7677,11.06,2.433e-05,0.2224,2.976,1.318,2.347,0.2031,9.247,0.4854,8.547
2022-04-07T01:45:50,43250.77,3182.94,113.76,0.2459,18.14,67.6,19.92,107.92,6.426,177.61,0.7151,0.0248,0.007684,2.439,1.605,2.493,1.457,3.872,165.49,14.62,0.9156,1.515,0.6345,2.478,421.58,1.057,53.3,0.7673,11.03,2.432e-05,0.2218,2.973,1.316,2.344,0.203,9.243,0.4844,8.546
2022-04-07T01:46:20,43270.84,3184.58,113.79,0.2459,18.11,67.7,19.93,107.99,6.424,177.89,0.7153,0.0248,0.007684,2.439,1.606,2.494,1.458,3.873,165.53,14.62,0.9156,1.514,0.6345,2.481,421.58,1.057,53.32,0.7676,11.05,2.432e-05,0.2221,2.973,1.318,2.345,0.203,9.247,0.4841,8.546
2022-04-07T01:46:50,43260.87,3182.78,113.8,0.2454,18.11,67.6,19.92,108.02,6.428,178,0.7152,0.02478,0.007684,2.439,1.605,2.493,1.458,3.872,165.63,14.62,0.9156,1.515,0.6345,2.479,421.44,1.056,53.31,0.7673,11.04,2.43e-05,0.2218,2.974,1.318,2.343,0.2031,9.247,0.4836,8.541
2022-04-07T01:47:20,43253.66,3181.19,113.78,0.2452,18.11,67.6,19.9,107.98,6.427,179.08,0.7149,0.0248,0.00768,2.439,1.602,2.494,1.456,3.868,165.47,14.62,0.9156,1.516,0.6345,2.475,421.23,1.057,53.27,0.7669,11.01,2.428e-05,0.2218,2.972,1.316,2.342,0.203,9.236,0.483,8.548
2022-04-07T01:47:51,43295.36,3184.52,113.93,0.2458,18.1,67.6,19.91,108.1,6.427,179.11,0.7149,0.02479,0.00768,2.439,1.603,2.496,1.458,3.911,165.6,14.62,0.9156,1.516,0.6345,2.478,421.55,1.057,53.31,0.7676,11.02,2.429e-05,0.222,2.975,1.317,2.343,0.2031,9.248,0.4836,8.549
2022-04-07T01:48:21,43331.49,3187.47,114.11,0.2464,18.12,67.8,19.95,108.39,6.441,178.81,0.716,0.02483,0.00768,2.439,1.603,2.498,1.459,3.911,165.89,14.62,0.9156,1.516,0.6345,2.484,421.65,1.058,53.37,0.7686,11.05,2.433e-05,0.2225,2.981,1.32,2.348,0.2033,9.264,0.4845,8.555
2022-04-07T01:48:51,43335.64,3188.14,114.23,0.2471,18.1,67.8,19.96,108.46,6.442,178.82,0.7177,0.02485,0.00768,2.439,1.603,2.498,1.459,3.92,165.86,14.62,0.9156,1.515,0.6345,2.484,421.75,1.058,53.42,0.7687,11.1,2.434e-05,0.2226,2.983,1.321,2.35,0.2032,9.27,0.4852,8.564
2022-04-07T01:49:21,43334.06,3188.07,114.25,0.2474,18.1,67.9,19.97,108.51,6.441,178.66,0.718,0.02485,0.00768,2.439,1.603,2.498,1.462,3.917,165.96,14.63,0.9142,1.515,0.6345,2.484,422.28,1.058,53.44,0.7686,11.1,2.438e-05,0.2228,2.983,1.323,2.351,0.2032,9.276,0.4858,8.558
2022-04-07T01:49:51,43324.39,3187.43,114.27,0.2474,18.1,67.8,19.95,108.57,6.441,178.58,0.718,0.02487,0.00768,2.439,1.604,2.498,1.462,3.913,165.93,14.63,0.9142,1.515,0.6345,2.484,422.42,1.059,53.47,0.7685,11.15,2.438e-05,0.223,2.986,1.322,2.354,0.2032,9.268,0.4862,8.561
2022-04-07T01:50:21,43311.69,3183,114.13,0.2474,18.12,67.7,19.94,108.54,6.438,178.5,0.7191,0.02484,0.00768,2.435,1.604,2.497,1.462,3.885,165.7,14.62,0.9142,1.517,0.6345,2.479,421.97,1.057,53.41,0.7681,11.14,2.434e-05,0.2228,2.984,1.32,2.352,0.2031,9.26,0.486,8.56
2022-04-07T01:50:51,43307.74,3182.7,113.86,0.2466,18.12,67.7,19.93,108.48,6.439,178.38,0.7177,0.02481,0.00768,2.435,1.604,2.503,1.46,3.899,165.63,14.62,0.9142,1.515,0.6345,2.478,421.94,1.057,53.37,0.7676,11.13,2.433e-05,0.2228,2.983,1.32,2.351,0.203,9.251,0.4852,8.566
2022-04-07T01:51:22,43315.73,3182.98,113.86,0.2468,18.1,67.7,19.94,108.31,6.44,177.95,0.7182,0.02481,0.00768,2.435,1.604,2.503,1.46,3.89,165.69,14.69,0.9142,1.515,0.6345,2.477,421.91,1.057,53.4,0.7676,11.14,2.434e-05,0.2228,2.982,1.32,2.35,0.203,9.25,0.4852,8.566
2022-04-07T01:51:52,43322.23,3187.11,114.05,0.2475,18.1,67.6,19.97,108.47,6.44,178.06,0.7182,0.02479,0.00768,2.435,1.603,2.504,1.461,3.903,165.91,14.69,0.9142,1.515,0.6345,2.481,422.26,1.057,53.42,0.7682,11.17,2.437e-05,0.2232,2.987,1.32,2.352,0.2031,9.266,0.4855,8.569
2022-04-07T01:52:22,43330.85,3187.34,114.11,0.2478,18.12,67.7,19.98,108.6,6.44,178.56,0.7158,0.02481,0.007699,2.435,1.604,2.504,1.462,3.916,166,14.68,0.9142,1.518,0.6345,2.48,422.4,1.058,53.46,0.7688,11.19,2.438e-05,0.2232,2.988,1.321,2.355,0.2032,9.268,0.4864,8.571
2022-04-07T01:52:52,43332.79,3188.26,114.14,0.2477,18.12,67.7,19.99,108.65,6.444,179.07,0.7209,0.02484,0.007699,2.435,1.603,2.504,1.462,3.915,166.05,14.68,0.9142,1.519,0.6345,2.481,422.57,1.059,53.49,0.7688,11.18,2.439e-05,0.2233,2.989,1.322,2.356,0.2032,9.279,0.4867,8.576
2022-04-07T01:53:22,43336.21,3190.41,114.21,0.2477,18.12,67.7,20,108.67,6.445,179.16,0.7191,0.02495,0.007739,2.441,1.604,2.504,1.462,3.915,166.07,14.68,0.9142,1.52,0.6345,2.482,422.57,1.059,53.49,0.7688,11.17,2.44e-05,0.2234,2.991,1.322,2.355,0.2033,9.288,0.4868,8.586
2022-04-07T01:53:52,43336.82,3190.76,114.25,0.2476,18.1,67.7,20.01,108.6,6.453,179.53,0.7191,0.02497,0.007743,2.441,1.604,2.504,1.464,3.923,165.99,14.68,0.9223,1.524,0.6345,2.482,422.72,1.059,53.51,0.7689,11.15,2.441e-05,0.2235,2.993,1.322,2.356,0.2033,9.288,0.4868,8.585
2022-04-07T01:54:22,43342.65,3191.05,114.27,0.2475,18.13,67.8,20.02,108.54,6.456,179.61,0.7187,0.02501,0.007744,2.441,1.604,2.505,1.463,3.927,166.06,14.68,0.9223,1.526,0.6345,2.482,422.76,1.059,53.52,0.7693,11.16,2.441e-05,0.2233,2.995,1.322,2.356,0.2033,9.288,0.4871,8.587
2022-04-07T01:54:52,43346.13,3192.16,114.29,0.2476,18.12,67.8,20.02,108.58,6.461,179.48,0.7187,0.02499,0.007744,2.441,1.604,2.508,1.464,3.929,166.09,14.68,0.9223,1.529,0.6345,2.482,422.82,1.06,53.5,0.7697,11.16,2.441e-05,0.2233,2.996,1.322,2.355,0.2034,9.287,0.4871,8.582
2022-04-07T01:55:22,43336.61,3192.67,114.23,0.2473,18.12,67.8,20.02,108.54,6.463,179.28,0.7201,0.02496,0.00775,2.441,1.604,2.507,1.464,3.928,166.04,14.73,0.9223,1.529,0.6345,2.48,422.87,1.059,53.48,0.7694,11.16,2.441e-05,0.2235,2.997,1.322,2.355,0.2033,9.28,0.4865,8.581
2022-04-07T01:55:52,43346.65,3193.26,114.36,0.2474,18.1,67.7,20.02,108.69,6.463,179.8,0.719,0.02495,0.00775,2.441,1.605,2.508,1.465,3.927,166.05,14.73,0.9223,1.53,0.6345,2.481,423.05,1.059,53.49,0.7699,11.16,2.442e-05,0.2235,2.996,1.322,2.356,0.2033,9.287,0.4861,8.58
2022-04-07T01:56:23,43340,3190.26,114.33,0.2477,18.1,67.8,20,108.61,6.463,179.97,0.719,0.02494,0.00775,2.441,1.605,2.508,1.464,3.916,166.05,14.73,0.9223,1.532,0.6345,2.48,422.91,1.059,53.46,0.7697,11.17,2.439e-05,0.2234,2.997,1.322,2.356,0.2033,9.281,0.4856,8.581
2022-04-07T01:56:53,43345.53,3190.71,114.35,0.248,18.1,67.9,20.01,108.64,6.465,180.21,0.7188,0.02497,0.00775,2.441,1.605,2.515,1.464,3.925,166.11,14.73,0.9223,1.534,0.6345,2.48,423.09,1.059,53.48,0.77,11.18,2.442e-05,0.2234,2.997,1.322,2.356,0.2033,9.282,0.4864,8.588
2022-04-07T01:57:23,43379.85,3192.92,114.39,0.2482,18.1,68,20.03,108.77,6.468,180.26,0.7191,0.02504,0.00775,2.441,1.605,2.517,1.465,3.934,166.14,14.73,0.9223,1.538,0.6345,2.484,423.37,1.061,53.51,0.7702,11.18,2.443e-05,0.2235,2.999,1.323,2.358,0.2035,9.298,0.4865,8.582
2022-04-07T01:57:53,43396.51,3193.51,114.61,0.2485,18.12,67.9,20.04,108.88,6.472,180.33,0.7191,0.02508,0.007802,2.441,1.605,2.518,1.466,3.936,166.31,14.73,0.9223,1.538,0.6345,2.486,423.52,1.061,53.56,0.7709,11.19,2.444e-05,0.2237,3,1.324,2.359,0.2036,9.305,0.4874,8.581
2022-04-07T01:58:23,43402.91,3195.26,114.65,0.2489,18.12,67.8,20.04,108.9,6.471,180.59,0.718,0.0251,0.007802,2.44,1.607,2.518,1.466,3.932,166.42,14.7,0.9223,1.538,0.6345,2.489,423.7,1.061,53.61,0.7708,11.18,2.445e-05,0.2237,3.002,1.326,2.36,0.2036,9.312,0.487,8.588
2022-04-07T01:58:53,43385.45,3194.36,114.52,0.2484,18.12,67.8,20.05,108.78,6.464,180.56,0.718,0.02505,0.007802,2.44,1.607,2.517,1.466,3.928,166.39,14.7,0.9223,1.539,0.6345,2.487,423.69,1.061,53.61,0.7706,11.17,2.443e-05,0.2236,2.998,1.325,2.359,0.2036,9.298,0.4872,8.588
2022-04-07T01:59:23,43382.63,3191.91,114.52,0.2483,18.12,67.8,20.04,108.72,6.467,179.89,0.718,0.02504,0.007802,2.44,1.608,2.517,1.465,3.923,166.45,14.68,0.922,1.542,0.6345,2.487,423.54,1.06,53.61,0.7704,11.18,2.442e-05,0.2235,2.999,1.325,2.359,0.2036,9.299,0.487,8.589
2022-04-07T01:59:53,43392.09,3191.97,114.59,0.2489,18.12,67.8,20.05,108.79,6.464,179.47,0.7179,0.02502,0.007802,2.44,1.607,2.518,1.466,3.908,166.48,14.68,0.922,1.542,0.6345,2.488,423.71,1.061,53.65,0.7706,11.18,2.442e-05,0.2236,3,1.325,2.361,0.2036,9.299,0.4887,8.591
2022-04-07T02:00:23,43387.88,3191.94,114.57,0.2488,18.12,67.8,20.04,108.78,6.472,179.59,0.7179,0.02503,0.007802,2.44,1.607,2.517,1.465,3.904,166.6,14.68,0.918,1.542,0.6345,2.489,423.68,1.06,53.64,0.7706,11.2,2.443e-05,0.224,3,1.325,2.362,0.2036,9.304,0.4884,8.591
2022-04-07T02:00:54,43393.65,3196.03,114.63,0.2488,18.14,67.9,20.03,108.79,6.47,180,0.7179,0.02508,0.007802,2.44,1.607,2.518,1.466,3.907,166.63,14.68,0.918,1.541,0.6345,2.492,423.72,1.06,53.66,0.7715,11.27,2.444e-05,0.2234,3.001,1.325,2.362,0.2037,9.31,0.4889,8.595
2022-04-07T02:01:24,43378.5,3193.81,114.41,0.2482,18.14,67.9,20.03,108.74,6.474,180.53,0.7173,0.02508,0.007802,2.44,1.607,2.517,1.466,3.907,166.62,14.68,0.918,1.541,0.6345,2.49,423.79,1.06,53.65,0.7711,11.2,2.441e-05,0.2232,3.002,1.324,2.363,0.2037,9.306,0.4889,8.596
2022-04-07T02:01:54,43366.96,3193.7,114.35,0.2481,18.1,67.7,20.03,108.69,6.474,180.23,0.7173,0.02507,0.007802,2.44,1.607,2.519,1.466,3.914,166.61,14.68,0.9161,1.541,0.6345,2.49,423.84,1.06,53.66,0.771,11.18,2.441e-05,0.2233,3.001,1.323,2.362,0.2036,9.301,0.489,8.605
2022-04-07T02:02:24,43332.28,3190.9,114.2,0.2477,18.1,67.7,20.01,108.5,6.467,179.4,0.7175,0.02499,0.007802,2.44,1.607,2.517,1.465,3.904,166.44,14.68,0.9161,1.541,0.6345,2.487,423.48,1.058,53.63,0.7704,11.14,2.438e-05,0.2233,2.999,1.322,2.359,0.2035,9.287,0.4888,8.605
2022-04-07T02:02:54,43327.26,3190.48,114.18,0.2472,18.1,67.7,20,108.47,6.47,179.38,0.7175,0.02501,0.007802,2.44,1.606,2.516,1.463,3.904,166.33,14.68,0.9161,1.54,0.6345,2.485,423.1,1.059,53.62,0.7701,11.13,2.438e-05,0.2229,2.996,1.322,2.356,0.2032,9.282,0.4882,8.599
2022-04-07T02:03:24,43306.09,3188.99,114.1,0.2471,18.1,67.6,19.99,108.32,6.465,178.92,0.7175,0.02498,0.007798,2.44,1.606,2.515,1.462,3.89,166.19,14.68,0.9161,1.538,0.6345,2.483,422.73,1.057,53.57,0.7696,11.09,2.435e-05,0.2226,2.992,1.32,2.354,0.2032,9.274,0.4873,8.587
2022-04-07T02:03:54,43329.76,3189.42,114.11,0.2473,18.15,67.6,20,108.36,6.463,179.03,0.7175,0.02504,0.007798,2.439,1.606,2.517,1.462,3.882,166.25,14.68,0.9171,1.54,0.6345,2.486,422.65,1.058,53.61,0.7697,11.12,2.436e-05,0.2229,2.992,1.321,2.354,0.2033,9.276,0.4873,8.586
2022-04-07T02:04:24,43345.15,3193.62,114.28,0.2476,18.13,67.8,20.01,108.48,6.477,179.07,0.7171,0.02507,0.007798,2.439,1.605,2.517,1.465,3.88,166.42,14.68,0.9171,1.54,0.6345,2.489,423.21,1.059,53.68,0.77,11.14,2.436e-05,0.2232,2.994,1.322,2.358,0.2033,9.288,0.4874,8.602
2022-04-07T02:04:54,43342.99,3193.31,114.25,0.2475,18.15,67.8,20.04,108.49,6.478,178.95,0.7189,0.02507,0.007798,2.439,1.606,2.517,1.464,3.879,166.43,14.68,0.9171,1.54,0.6345,2.488,423.45,1.06,53.71,0.7704,11.14,2.439e-05,0.2231,3,1.322,2.36,0.2034,9.294,0.4884,8.605
2022-04-07T02:05:25,43334.75,3192.55,114.23,0.2476,18.15,67.8,20.03,108.44,6.477,178.87,0.7189,0.02506,0.007798,2.439,1.607,2.516,1.464,3.873,166.46,14.68,0.9171,1.54,0.6345,2.489,423.38,1.058,53.7,0.7703,11.12,2.439e-05,0.223,3,1.322,2.359,0.2034,9.294,0.4883,8.606
2022-04-07T02:05:55,43333.4,3192.72,114.19,0.2478,18.15,67.8,20.03,108.42,6.477,178.7,0.7189,0.02508,0.007798,2.439,1.607,2.516,1.464,3.88,166.47,14.68,0.9171,1.54,0.6345,2.489,423.27,1.059,53.69,0.7701,11.11,2.439e-05,0.223,3,1.323,2.359,0.2033,9.292,0.4884,8.599
2022-04-07T02:06:25,43335.57,3192.97,114.21,0.2477,18.15,67.8,20.03,108.41,6.472,178.97,0.7189,0.02508,0.007798,2.439,1.607,2.516,1.465,3.881,166.45,14.68,0.9171,1.54,0.6345,2.489,423.31,1.059,53.68,0.7701,11.13,2.439e-05,0.2231,3.001,1.323,2.359,0.2033,9.292,0.4883,8.605
2022-04-07T02:06:55,43332.82,3194.1,114.21,0.2475,18.15,67.8,20.02,108.41,6.473,179.23,0.7189,0.02509,0.007798,2.439,1.607,2.517,1.464,3.883,166.42,14.68,0.9147,1.54,0.6345,2.486,423.34,1.059,53.73,0.7699,11.13,2.44e-05,0.2229,3.002,1.323,2.36,0.2034,9.294,0.4882,8.605
2022-04-07T02:07:25,43327.52,3193.87,114.21,0.2475,18.15,67.8,20.02,108.34,6.469,179,0.7191,0.0251,0.007798,2.439,1.606,2.516,1.465,3.883,166.35,14.68,0.9147,1.54,0.6345,2.485,423.26,1.059,53.7,0.7698,11.12,2.439e-05,0.2229,3.001,1.322,2.359,0.2033,9.283,0.4883,8.605
2022-04-07T02:07:55,43328.46,3194.05,114.26,0.2475,18.1,67.8,20.01,108.34,6.473,178.9,0.7191,0.0251,0.007798,2.439,1.606,2.517,1.465,3.884,166.33,14.68,0.9147,1.535,0.6345,2.485,423.1,1.059,53.7,0.7699,11.13,2.439e-05,0.2229,3,1.322,2.359,0.2033,9.283,0.4883,8.599
2022-04-07T02:08:25,43354.31,3194.97,114.28,0.2477,18.1,67.8,20.03,108.42,6.484,178.59,0.7206,0.02514,0.00781,2.439,1.606,2.518,1.466,3.898,166.47,14.68,0.9147,1.535,0.6345,2.486,423.13,1.059,53.75,0.77,11.15,2.439e-05,0.2233,3.004,1.323,2.36,0.2034,9.294,0.4888,8.6
2022-04-07T02:08:55,43367.57,3196.54,114.28,0.2477,18.1,67.8,20.04,108.47,6.476,178.59,0.7204,0.02518,0.00781,2.443,1.606,2.519,1.466,3.898,166.48,14.68,0.9147,1.535,0.6345,2.488,423.62,1.06,53.79,0.7702,11.15,2.441e-05,0.2233,3.002,1.324,2.36,0.2034,9.295,0.4889,8.606
2022-04-07T02:09:25,43364.66,3196.41,114.24,0.2477,18.1,67.8,20.07,108.45,6.476,178.57,0.7204,0.02519,0.00781,2.443,1.607,2.52,1.464,3.898,166.52,14.67,0.9157,1.541,0.6345,2.488,423.62,1.06,53.8,0.7703,11.14,2.441e-05,0.2233,3.001,1.324,2.36,0.2033,9.286,0.4885,8.605
2022-04-07T02:09:56,43365.19,3196.76,114.24,0.2477,18.13,67.8,20.13,108.5,6.473,178.61,0.7204,0.0252,0.00781,2.443,1.607,2.52,1.465,3.896,166.59,14.67,0.9157,1.541,0.6345,2.488,423.48,1.06,53.8,0.7704,11.15,2.441e-05,0.2234,3.001,1.324,2.359,0.2033,9.287,0.4875,8.612
2022-04-07T02:10:26,43346.69,3192.73,114.06,0.2473,18.13,67.8,20.1,108.44,6.483,178.37,0.7204,0.02515,0.00781,2.443,1.606,2.519,1.462,3.901,166.47,14.68,0.9157,1.541,0.6345,2.486,423.24,1.058,53.7,0.7701,11.15,2.437e-05,0.2234,2.997,1.324,2.356,0.2033,9.284,0.4871,8.606
2022-04-07T02:10:56,43316.81,3192.47,114.09,0.2471,18.13,67.7,20.08,108.33,6.467,178.93,0.7204,0.02512,0.00781,2.443,1.606,2.518,1.462,3.897,166.43,14.68,0.9157,1.545,0.6345,2.485,423.07,1.058,53.65,0.7694,11.15,2.436e-05,0.2231,2.997,1.323,2.357,0.2032,9.28,0.4869,8.609
2022-04-07T02:11:26,43297.4,3190.96,113.98,0.2469,18.13,67.7,20.05,108.27,6.468,178.95,0.719,0.02513,0.00781,2.443,1.606,2.516,1.461,3.889,166.33,14.66,0.9147,1.546,0.6345,2.483,423.08,1.058,53.62,0.7689,11.09,2.435e-05,0.2227,2.995,1.321,2.356,0.2031,9.277,0.4867,8.61
2022-04-07T02:11:56,43302.84,3191.59,114.01,0.2471,18.12,67.7,20.06,108.27,6.467,179.23,0.719,0.02512,0.007795,2.443,1.606,2.517,1.462,3.893,166.31,14.66,0.9168,1.546,0.6345,2.484,423.16,1.058,53.62,0.7689,11.09,2.434e-05,0.2229,2.995,1.321,2.355,0.2031,9.283,0.4865,8.606
2022-04-07T02:12:27,43291.71,3190.07,113.94,0.2471,18.12,67.7,20.04,108.23,6.469,179.02,0.7191,0.02512,0.007806,2.443,1.606,2.519,1.461,3.889,166.22,14.67,0.9168,1.541,0.6345,2.481,423.17,1.057,53.59,0.7686,11.09,2.433e-05,0.2227,2.992,1.32,2.353,0.203,9.289,0.4862,8.607
2022-04-07T02:12:57,43300.17,3190.28,113.93,0.2473,18.1,67.7,20.05,108.3,6.472,179.08,0.7183,0.02515,0.007806,2.443,1.607,2.517,1.461,3.885,166.16,14.67,0.9168,1.541,0.6345,2.483,423.21,1.058,53.65,0.7687,11.11,2.435e-05,0.2231,2.996,1.321,2.354,0.203,9.301,0.4865,8.613
2022-04-07T02:13:27,43303.52,3189.66,113.92,0.2473,18.12,67.7,20.04,108.31,6.47,179.12,0.7185,0.02517,0.007808,2.443,1.606,2.517,1.462,3.885,166.22,14.67,0.9168,1.541,0.6345,2.483,423.11,1.058,53.63,0.7685,11.1,2.436e-05,0.2228,2.992,1.321,2.353,0.203,9.303,0.4866,8.608
2022-04-07T02:13:57,43296.88,3190.43,113.97,0.2473,18.1,67.7,20.04,108.35,6.472,178.9,0.7175,0.02511,0.007809,2.439,1.606,2.516,1.462,3.878,166.11,14.67,0.9168,1.543,0.6345,2.483,423.05,1.058,53.64,0.7684,11.09,2.436e-05,0.223,2.992,1.32,2.353,0.2031,9.306,0.4868,8.606
2022-04-07T02:14:27,43288.22,3190.77,113.96,0.247,18.12,67.7,20.05,108.36,6.471,178.61,0.7169,0.025,0.007809,2.439,1.606,2.516,1.462,3.873,166.07,14.67,0.9168,1.543,0.6345,2.482,423.14,1.057,53.64,0.7683,11.11,2.436e-05,0.2229,2.993,1.32,2.353,0.2031,9.3,0.4864,8.607
2022-04-07T02:14:58,43279.86,3189.37,113.95,0.2469,18.12,67.8,20.02,108.28,6.47,178.45,0.7168,0.02491,0.007809,2.438,1.606,2.515,1.462,3.873,165.95,14.67,0.9168,1.542,0.6345,2.48,423.09,1.056,53.62,0.7679,11.09,2.433e-05,0.2229,2.989,1.319,2.352,0.203,9.298,0.486,8.6
2022-04-07T02:15:29,43288.64,3189.9,113.94,0.2467,18.1,67.8,20.01,108.27,6.464,178.06,0.7172,0.02494,0.007809,2.438,1.606,2.516,1.461,3.873,165.95,14.67,0.9168,1.543,0.6345,2.48,423.09,1.057,53.61,0.768,11.08,2.433e-05,0.2229,2.989,1.318,2.353,0.203,9.298,0.4862,8.6
2022-04-07T02:15:59,43285.1,3188.8,113.92,0.247,18.04,67.8,20.02,108.24,6.469,178.36,0.7171,0.02496,0.007809,2.438,1.606,2.516,1.461,3.874,166,14.67,0.9168,1.543,0.6345,2.481,423.08,1.057,53.61,0.768,11.08,2.433e-05,0.2226,2.989,1.318,2.353,0.203,9.298,0.4862,8.599
2022-04-07T02:16:29,43289.77,3188.91,113.91,0.247,18.04,67.8,20.02,108.4,6.469,177.98,0.7174,0.025,0.007809,2.438,1.606,2.516,1.461,3.878,166.05,14.67,0.9168,1.545,0.6345,2.483,423.2,1.056,53.62,0.7682,11.09,2.434e-05,0.2228,2.989,1.319,2.354,0.203,9.299,0.4867,8.599
2022-04-07T02:16:59,43298.01,3190.46,113.95,0.247,18.04,67.8,20.05,108.46,6.475,178.55,0.7172,0.02501,0.007811,2.438,1.606,2.516,1.462,3.879,166.19,14.67,0.9168,1.545,0.6345,2.485,423.39,1.058,53.63,0.7683,11.07,2.435e-05,0.2231,2.99,1.32,2.354,0.2031,9.3,0.4877,8.599
2022-04-07T02:17:29,43304.71,3189.91,113.99,0.2472,18.04,67.8,20.06,108.47,6.478,178.47,0.7176,0.02501,0.0078,2.438,1.606,2.517,1.463,3.875,166.27,14.6,0.9168,1.545,0.6345,2.484,423.53,1.058,53.66,0.7684,11.08,2.434e-05,0.2233,2.993,1.321,2.356,0.2032,9.308,0.4879,8.599
2022-04-07T02:17:59,43290.94,3189.23,113.87,0.247,18.04,67.8,20.03,108.4,6.478,178.24,0.7182,0.02498,0.007788,2.438,1.606,2.519,1.462,3.86,166.22,14.6,0.9168,1.545,0.6345,2.481,423.35,1.058,53.63,0.768,11.07,2.433e-05,0.2228,2.989,1.319,2.356,0.203,9.296,0.4885,8.599
2022-04-07T02:18:29,43291.73,3189.07,113.86,0.2468,18.04,67.8,20,108.31,6.48,178.14,0.7182,0.02494,0.007788,2.438,1.606,2.513,1.461,3.864,165.95,14.6,0.9181,1.545,0.6345,2.48,423.34,1.056,53.61,0.768,11.07,2.432e-05,0.2228,2.987,1.318,2.355,0.203,9.287,0.4876,8.599
2022-04-07T02:18:59,43285.84,3187.37,113.82,0.2465,18.06,67.8,19.99,108.21,6.476,178.07,0.7178,0.02489,0.007788,2.438,1.606,2.506,1.46,3.865,165.82,14.6,0.9181,1.545,0.6345,2.479,422.96,1.056,53.55,0.7676,11.07,2.431e-05,0.2226,2.982,1.317,2.353,0.203,9.275,0.487,8.599
2022-04-07T02:19:29,43274.17,3186.3,113.56,0.2465,18.02,67.7,19.97,108.16,6.475,178.03,0.7176,0.0249,0.007788,2.438,1.606,2.506,1.46,3.863,165.71,14.6,0.9179,1.545,0.6345,2.48,422.86,1.055,53.51,0.7672,11.07,2.429e-05,0.2226,2.982,1.316,2.351,0.2029,9.273,0.4862,8.597
2022-04-07T02:20:00,43264.64,3186.1,113.55,0.246,18.06,67.8,19.97,108.07,6.475,178.05,0.7176,0.02488,0.007788,2.438,1.604,2.505,1.459,3.861,165.67,14.6,0.9131,1.545,0.6345,2.479,422.71,1.056,53.48,0.7669,11.07,2.426e-05,0.2226,2.982,1.316,2.349,0.2028,9.266,0.486,8.596
2022-04-07T02:20:30,43259.17,3187.36,113.64,0.246,18.01,67.8,19.96,108.08,6.475,177.97,0.7167,0.02489,0.007788,2.438,1.604,2.51,1.459,3.861,165.67,14.6,0.9131,1.545,0.6345,2.478,422.79,1.056,53.49,0.7668,11.07,2.425e-05,0.2224,2.984,1.316,2.347,0.2028,9.264,0.4859,8.597
2022-04-07T02:21:00,43244.73,3184.93,113.61,0.2456,18.01,67.7,19.95,107.94,6.472,177.9,0.7167,0.02489,0.007786,2.428,1.604,2.51,1.46,3.857,165.64,14.6,0.9131,1.546,0.6345,2.476,422.44,1.055,53.49,0.7663,11.03,2.423e-05,0.2224,2.984,1.316,2.345,0.2027,9.265,0.4856,8.596
2022-04-07T02:21:30,43219.28,3181.72,113.59,0.2452,18.01,67.5,19.94,107.91,6.472,177.15,0.7167,0.02482,0.007786,2.428,1.603,2.51,1.459,3.846,165.59,14.6,0.9131,1.546,0.6345,2.473,422.27,1.055,53.48,0.7657,10.98,2.423e-05,0.222,2.982,1.315,2.344,0.2026,9.258,0.4845,8.583
2022-04-07T02:22:00,43201.87,3180.35,113.31,0.2452,18.01,67.4,19.93,107.84,6.462,176.86,0.7167,0.02481,0.00778,2.428,1.601,2.51,1.455,3.846,165.35,14.6,0.9131,1.545,0.6345,2.472,421.95,1.054,53.39,0.7656,10.98,2.422e-05,0.2218,2.976,1.313,2.342,0.2024,9.247,0.4836,8.571
2022-04-07T02:22:30,43207.04,3179.98,113.29,0.2453,18.03,67.4,19.94,107.85,6.461,177.55,0.7158,0.02478,0.00778,2.428,1.601,2.51,1.454,3.853,165.44,14.6,0.9167,1.544,0.6345,2.472,421.75,1.054,53.38,0.7654,11,2.422e-05,0.2215,2.976,1.313,2.34,0.2025,9.242,0.4839,8.576
2022-04-07T02:23:00,43214.93,3181.05,113.31,0.2457,18.03,67.4,19.94,107.86,6.474,177.51,0.7153,0.02482,0.00777,2.428,1.601,2.51,1.455,3.86,165.45,14.6,0.9167,1.539,0.6345,2.472,421.87,1.053,53.39,0.7653,11.02,2.421e-05,0.222,2.978,1.313,2.342,0.2025,9.242,0.484,8.576
2022-04-07T02:23:30,43210.66,3181.44,113.36,0.2454,18.03,67.4,19.94,107.87,6.474,177.32,0.7153,0.02483,0.00777,2.428,1.601,2.51,1.454,3.86,165.52,14.6,0.9167,1.533,0.6345,2.472,421.82,1.054,53.39,0.7652,11,2.421e-05,0.2221,2.978,1.313,2.342,0.2025,9.263,0.4844,8.573
2022-04-07T02:24:00,43195.39,3178.8,113.31,0.2451,18.03,67.4,19.93,107.87,6.472,177.21,0.7127,0.02478,0.00777,2.429,1.601,2.51,1.454,3.862,165.41,14.6,0.9157,1.533,0.6345,2.47,421.62,1.052,53.37,0.765,11,2.42e-05,0.2218,2.978,1.312,2.342,0.2025,9.264,0.4844,8.567
2022-04-07T02:24:31,43163.37,3173.12,113.13,0.2447,18.02,67.4,19.92,107.73,6.465,177.07,0.7059,0.02475,0.00777,2.429,1.601,2.51,1.452,3.845,165.25,14.56,0.9157,1.528,0.6345,2.464,421.5,1.052,53.3,0.7646,10.99,2.417e-05,0.2217,2.974,1.311,2.339,0.2022,9.244,0.4844,8.567
2022-04-07T02:25:01,43167.27,3175.25,113.11,0.2449,18.01,67.4,19.91,107.72,6.461,177,0.7085,0.02479,0.00777,2.429,1.598,2.51,1.452,3.848,165.25,14.56,0.9157,1.527,0.6345,2.463,421.33,1.052,53.24,0.7639,10.98,2.416e-05,0.2214,2.974,1.309,2.337,0.202,9.221,0.4836,8.56
2022-04-07T02:25:31,43171.16,3175.85,113.31,0.2452,18.01,67.4,19.92,107.73,6.456,177.16,0.7085,0.02482,0.00777,2.429,1.598,2.51,1.452,3.848,165.23,14.56,0.9164,1.527,0.6345,2.464,421.31,1.051,53.27,0.7643,10.98,2.417e-05,0.2216,2.972,1.309,2.338,0.202,9.223,0.4834,8.555
2022-04-07T02:26:01,43170.42,3177.14,113.3,0.2454,18,67.4,19.92,107.77,6.462,177.11,0.707,0.02484,0.007768,2.43,1.599,2.509,1.455,3.848,165.46,14.56,0.9164,1.527,0.6345,2.466,421.23,1.052,53.28,0.7647,10.98,2.418e-05,0.2219,2.974,1.31,2.338,0.2022,9.221,0.4838,8.561
2022-04-07T02:26:31,43177.13,3177.74,113.28,0.2456,17.99,67.2,19.92,107.76,6.463,176.96,0.7085,0.02486,0.007768,2.43,1.598,2.51,1.454,3.85,165.54,14.56,0.9164,1.527,0.6345,2.465,421.43,1.051,53.26,0.7644,11,2.416e-05,0.2217,2.973,1.309,2.337,0.202,9.225,0.4838,8.549
2022-04-07T02:27:01,43175.36,3177.22,113.21,0.2454,18.02,67.2,19.92,107.71,6.46,177.01,0.7091,0.02488,0.007768,2.43,1.598,2.52,1.454,3.85,165.47,14.56,0.9164,1.508,0.6345,2.466,421.18,1.051,53.21,0.7642,11.01,2.416e-05,0.2215,2.972,1.309,2.338,0.2021,9.221,0.4831,8.555
2022-04-07T02:27:31,43156.45,3174.82,113.12,0.2452,18.02,67.2,19.91,107.59,6.457,176.97,0.7091,0.02488,0.007768,2.429,1.598,2.52,1.454,3.851,165.38,14.6,0.9152,1.507,0.6345,2.464,420.98,1.051,53.15,0.7638,10.98,2.415e-05,0.2212,2.968,1.308,2.333,0.202,9.212,0.4827,8.558
2022-04-07T02:28:01,43147.39,3174.25,113.01,0.245,18.02,67.3,19.9,107.57,6.438,176.9,0.7091,0.02486,0.007768,2.429,1.598,2.52,1.452,3.848,165.28,14.6,0.9152,1.509,0.6345,2.447,420.95,1.05,53.14,0.7638,10.98,2.414e-05,0.2213,2.968,1.307,2.332,0.2019,9.196,0.4826,8.557
2022-04-07T02:28:32,43137.25,3172.9,112.98,0.2449,18.02,67.3,19.88,107.53,6.437,176.85,0.7068,0.02483,0.007768,2.429,1.597,2.52,1.451,3.853,165.19,14.6,0.9152,1.509,0.6345,2.446,420.8,1.049,53.14,0.7637,10.97,2.41e-05,0.2212,2.966,1.306,2.332,0.2019,9.187,0.4823,8.555
2022-04-07T02:29:02,43133.62,3172.26,112.88,0.2448,18.02,67.3,19.88,107.51,6.427,176.88,0.7068,0.02483,0.007768,2.429,1.598,2.52,1.45,3.853,165.19,14.6,0.9152,1.51,0.6345,2.446,420.76,1.049,53.14,0.7637,10.97,2.411e-05,0.2211,2.967,1.306,2.33,0.2019,9.188,0.4823,8.556
2022-04-07T02:29:32,43136.58,3173.19,112.67,0.2448,18.02,67.3,19.88,107.51,6.4,177.38,0.7068,0.02484,0.007768,2.429,1.599,2.52,1.45,3.86,165.24,14.61,0.9152,1.51,0.6345,2.446,420.79,1.049,53.15,0.7638,10.97,2.411e-05,0.2211,2.967,1.306,2.33,0.2019,9.191,0.4823,8.553
2022-04-07T02:30:02,43144.15,3172.65,112.8,0.2449,18.02,67.3,19.88,107.53,6.411,177.41,0.7068,0.02485,0.007768,2.429,1.599,2.52,1.45,3.857,165.28,14.61,0.9131,1.51,0.6345,2.446,420.83,1.048,53.15,0.764,10.98,2.413e-05,0.2211,2.969,1.306,2.33,0.2019,9.189,0.4824,8.549
2022-04-07T02:30:32,43140.75,3172.56,112.78,0.2451,18.02,67.4,19.89,107.58,6.408,177.43,0.7068,0.02488,0.007768,2.429,1.598,2.52,1.451,3.862,165.31,14.61,0.9131,1.51,0.6345,2.449,420.87,1.049,53.15,0.7639,10.98,2.412e-05,0.2211,2.97,1.306,2.331,0.2019,9.19,0.4827,8.55
2022-04-07T02:31:02,43166.7,3177.27,112.93,0.2458,18.02,67.4,19.93,107.64,6.404,178.05,0.7068,0.02486,0.007757,2.429,1.602,2.52,1.454,3.871,165.44,14.61,0.9131,1.51,0.6345,2.455,421.03,1.05,53.27,0.764,10.98,2.413e-05,0.2218,2.976,1.308,2.334,0.2022,9.191,0.4847,8.562
2022-04-07T02:31:33,43216.86,3178.23,112.97,0.2464,18.05,67.4,19.93,107.69,6.411,177.91,0.7068,0.02497,0.007766,2.429,1.606,2.52,1.456,3.875,165.76,14.61,0.9131,1.511,0.6345,2.458,421.34,1.051,53.32,0.7653,11.05,2.419e-05,0.222,2.977,1.309,2.337,0.2023,9.206,0.4849,8.566
2022-04-07T02:32:03,43260.49,3183,113.59,0.2468,18.05,67.4,19.95,107.97,6.431,178.47,0.7081,0.02499,0.007766,2.429,1.606,2.52,1.459,3.88,166.21,14.61,0.9176,1.515,0.6345,2.461,422.37,1.054,53.43,0.7658,11.07,2.422e-05,0.2226,2.978,1.315,2.34,0.2025,9.232,0.4859,8.577
2022-04-07T02:32:33,43259.22,3183.62,113.62,0.247,18.05,67.4,19.96,108.08,6.446,178.36,0.7083,0.025,0.007768,2.429,1.608,2.52,1.459,3.879,166.24,14.61,0.9176,1.514,0.6345,2.462,422.41,1.054,53.46,0.7658,11.09,2.423e-05,0.2227,2.984,1.316,2.342,0.2026,9.238,0.4858,8.578
2022-04-07T02:33:03,43260.6,3183.77,113.77,0.2472,18.05,67.4,19.96,108.14,6.433,178.58,0.708,0.02499,0.007768,2.429,1.608,2.52,1.459,3.879,166.3,14.61,0.9176,1.517,0.6345,2.462,422.47,1.054,53.49,0.766,11.08,2.424e-05,0.2225,2.986,1.316,2.344,0.2026,9.239,0.4866,8.582
2022-04-07T02:33:33,43260.21,3183.76,113.89,0.2473,18.05,67.6,19.97,108.17,6.432,178.66,0.708,0.025,0.007768,2.429,1.609,2.52,1.46,3.879,166.37,14.62,0.9176,1.518,0.6345,2.465,422.42,1.054,53.5,0.766,11.08,2.425e-05,0.2225,2.986,1.317,2.344,0.2027,9.244,0.4866,8.585
2022-04-07T02:34:03,43260.31,3184.41,113.89,0.2472,18.03,67.4,19.97,108.23,6.434,178.58,0.7088,0.02499,0.007768,2.435,1.61,2.52,1.461,3.874,166.41,14.62,0.9178,1.518,0.6345,2.466,422.55,1.054,53.52,0.766,11.1,2.425e-05,0.2225,2.986,1.318,2.345,0.2028,9.244,0.4866,8.585
2022-04-07T02:34:33,43302,3184.91,113.92,0.2473,18.06,67.7,20,108.3,6.433,178.65,0.7088,0.02503,0.007768,2.437,1.61,2.52,1.461,3.876,166.51,14.62,0.9178,1.518,0.6345,2.466,422.81,1.056,53.56,0.7662,11.15,2.427e-05,0.2225,2.991,1.319,2.347,0.2029,9.248,0.486,8.593
2022-04-07T02:35:03,43341.97,3187.19,114.31,0.2474,18.06,67.8,20.03,108.47,6.45,178.97,0.7149,0.02507,0.007769,2.437,1.611,2.52,1.462,3.878,166.61,14.62,0.9178,1.518,0.6345,2.472,423.37,1.057,53.64,0.7674,11.14,2.43e-05,0.2236,2.999,1.321,2.353,0.2031,9.245,0.4869,8.597
2022-04-07T02:35:33,43320.08,3188.37,114.09,0.2475,17.99,67.7,20.02,108.45,6.448,178.9,0.7115,0.02505,0.007769,2.437,1.611,2.52,1.462,3.872,166.72,14.62,0.9178,1.522,0.6345,2.471,423.26,1.056,53.64,0.7674,11.13,2.429e-05,0.2232,2.997,1.321,2.352,0.2031,9.238,0.4869,8.597
2022-04-07T02:36:04,43308.4,3187.94,114.11,0.2474,18.03,67.7,20.04,108.49,6.432,178.65,0.7114,0.02503,0.007769,2.437,1.612,2.52,1.464,3.869,166.78,14.62,0.9131,1.523,0.6345,2.471,423.23,1.057,53.63,0.7675,11.13,2.43e-05,0.2232,2.994,1.321,2.352,0.2033,9.236,0.4862,8.598
2022-04-07T02:36:34,43315.1,3188.43,114.26,0.2476,18.03,67.7,20.03,108.5,6.397,178.99,0.7117,0.02502,0.007769,2.437,1.611,2.52,1.464,3.88,166.9,14.72,0.9131,1.525,0.6345,2.474,423.42,1.058,53.7,0.7678,11.17,2.43e-05,0.2232,2.999,1.322,2.352,0.2033,9.245,0.4864,8.604
2022-04-07T02:37:04,43318.75,3189.85,114.33,0.2475,18,67.8,20.04,108.53,6.399,179.03,0.7115,0.02503,0.007769,2.437,1.61,2.52,1.465,3.88,166.87,14.72,0.9131,1.526,0.6345,2.473,423.28,1.058,53.69,0.768,11.12,2.432e-05,0.2234,2.998,1.322,2.354,0.2033,9.246,0.4863,8.607
2022-04-07T02:37:35,43296.2,3187.9,114.2,0.2475,18,67.8,20.04,108.4,6.395,179.16,0.7126,0.02503,0.00779,2.437,1.61,2.52,1.465,3.875,166.88,14.73,0.9164,1.522,0.6345,2.472,423.33,1.057,53.68,0.7679,11.1,2.43e-05,0.2234,2.998,1.322,2.356,0.2034,9.236,0.4858,8.606
2022-04-07T02:38:05,43292.92,3187.49,114.18,0.2475,18,67.8,20.04,108.4,6.396,179.12,0.7126,0.02503,0.00779,2.437,1.61,2.52,1.465,3.875,166.85,14.73,0.9164,1.522,0.6345,2.471,423.25,1.057,53.67,0.7678,11.08,2.43e-05,0.2232,2.998,1.321,2.354,0.2033,9.231,0.4857,8.599
2022-04-07T02:38:35,43326.69,3188.67,114.37,0.2478,18.07,67.8,20.05,108.46,6.398,179.24,0.7126,0.02503,0.00779,2.437,1.61,2.52,1.465,3.875,166.95,14.73,0.9164,1.522,0.6345,2.472,423.06,1.058,53.72,0.7681,11.11,2.43e-05,0.2236,3.001,1.322,2.355,0.2035,9.234,0.4858,8.598
2022-04-07T02:39:05,43331.92,3191.78,114.36,0.2478,18.07,67.8,20.05,108.49,6.407,179.18,0.7126,0.02504,0.00779,2.437,1.61,2.52,1.467,3.893,167,14.73,0.9164,1.525,0.6345,2.473,423.29,1.058,53.72,0.7689,11.11,2.433e-05,0.2235,3.002,1.322,2.36,0.2036,9.24,0.4861,8.598
2022-04-07T02:39:36,43338.55,3191.9,114.36,0.2478,18.02,67.8,20.06,108.52,6.41,179.16,0.7126,0.02504,0.00779,2.437,1.61,2.52,1.466,3.895,167.03,14.73,0.9164,1.525,0.6345,2.474,423.48,1.058,53.74,0.7689,11.11,2.433e-05,0.2236,3.003,1.322,2.361,0.2035,9.241,0.4866,8.599
2022-04-07T02:40:06,43318.19,3190.48,114.38,0.2479,18.02,67.8,20.04,108.51,6.421,179.02,0.7125,0.02507,0.007794,2.437,1.61,2.52,1.466,3.88,166.99,14.73,0.9164,1.528,0.6345,2.473,423.47,1.058,53.76,0.7689,11.11,2.433e-05,0.2234,3.003,1.322,2.36,0.2035,9.242,0.4864,8.604
2022-04-07T02:40:36,43293.92,3186.83,114.23,0.2478,18.02,67.8,20.02,108.46,6.404,179.04,0.7117,0.02501,0.007794,2.437,1.609,2.52,1.464,3.879,166.89,14.73,0.9179,1.528,0.6345,2.471,423.08,1.057,53.68,0.7686,11.07,2.429e-05,0.2233,3,1.321,2.359,0.2034,9.236,0.4862,8.593
2022-04-07T02:41:06,43284.48,3183.85,114.2,0.2473,18.02,67.7,20.02,108.39,6.399,178.9,0.7117,0.02502,0.007794,2.441,1.609,2.52,1.463,3.887,166.83,14.73,0.9179,1.528,0.6345,2.472,422.95,1.056,53.65,0.7685,11.05,2.429e-05,0.2233,2.998,1.319,2.358,0.2032,9.233,0.486,8.595
2022-04-07T02:41:36,43245.48,3178.5,113.88,0.2465,18.02,67.2,19.98,108.3,6.391,178.68,0.712,0.02499,0.007794,2.438,1.607,2.52,1.462,3.881,166.79,14.73,0.9175,1.528,0.6345,2.465,422.35,1.055,53.61,0.7675,11.02,2.426e-05,0.2228,2.992,1.317,2.355,0.2031,9.234,0.4856,8.583
2022-04-07T02:42:06,43236.48,3175.87,113.85,0.2462,18.02,67.4,19.96,108.25,6.396,178.69,0.7104,0.02497,0.007794,2.438,1.607,2.52,1.461,3.884,166.63,14.73,0.9175,1.52,0.6345,2.464,422.28,1.054,53.59,0.767,11.05,2.423e-05,0.2224,2.989,1.316,2.352,0.2029,9.227,0.4855,8.581
2022-04-07T02:42:36,43214.75,3176.52,113.89,0.2462,18.02,67.3,19.95,108.19,6.382,178.78,0.7106,0.02497,0.007794,2.438,1.606,2.52,1.459,3.884,166.6,14.73,0.9175,1.52,0.6345,2.464,422.03,1.054,53.51,0.767,11.06,2.424e-05,0.2226,2.99,1.316,2.348,0.2029,9.22,0.4854,8.586
2022-04-07T02:43:06,43224.47,3178.59,113.9,0.2464,18.02,67.3,19.95,108.31,6.39,178.82,0.7106,0.02499,0.007765,2.438,1.607,2.52,1.459,3.884,166.63,14.73,0.9175,1.52,0.6345,2.466,422.3,1.055,53.51,0.767,11.06,2.423e-05,0.2226,2.992,1.315,2.348,0.203,9.221,0.4852,8.58
2022-04-07T02:43:37,43226.06,3178.68,113.95,0.2466,17.97,67.5,19.96,108.34,6.402,178.84,0.7102,0.02499,0.007765,2.438,1.606,2.52,1.459,3.888,166.77,14.67,0.9175,1.52,0.6345,2.466,422.33,1.055,53.54,0.7671,11.05,2.425e-05,0.2226,2.991,1.316,2.347,0.2029,9.23,0.4855,8.578
2022-04-07T02:44:07,43234.1,3178.93,113.97,0.2468,17.97,67.4,19.94,108.35,6.407,178.69,0.7106,0.025,0.007765,2.438,1.606,2.52,1.459,3.889,166.79,14.67,0.9175,1.52,0.6345,2.467,422.38,1.055,53.52,0.7674,11.06,2.425e-05,0.2227,2.992,1.316,2.348,0.2029,9.234,0.4853,8.578
2022-04-07T02:44:37,43204.57,3176.63,113.83,0.2466,18.02,67.4,19.93,108.26,6.409,178.6,0.7106,0.02499,0.007765,2.436,1.606,2.52,1.459,3.883,166.73,14.67,0.9175,1.52,0.6345,2.464,422.13,1.053,53.46,0.7667,11.05,2.424e-05,0.2223,2.988,1.315,2.347,0.2028,9.225,0.4853,8.577
2022-04-07T02:45:07,43184.89,3175.16,113.68,0.2468,18.02,67.5,19.91,108.18,6.405,178.62,0.7106,0.02496,0.007765,2.436,1.606,2.52,1.457,3.878,166.68,14.67,0.9175,1.519,0.6345,2.461,421.96,1.054,53.46,0.7663,11.01,2.422e-05,0.2223,2.986,1.313,2.344,0.2027,9.218,0.4851,8.579
2022-04-07T02:45:37,43183.32,3175.03,113.68,0.2467,18.02,67.5,19.91,108.12,6.404,178.19,0.7106,0.02498,0.007759,2.436,1.606,2.52,1.457,3.874,166.74,14.67,0.9165,1.513,0.6345,2.462,421.99,1.053,53.42,0.7661,11.01,2.421e-05,0.2223,2.984,1.313,2.343,0.2028,9.211,0.4848,8.578
2022-04-07T02:46:07,43183.44,3173.32,113.78,0.2468,17.97,67.5,19.91,108.16,6.401,178.26,0.7106,0.02498,0.007759,2.436,1.606,2.52,1.457,3.875,166.77,14.67,0.9165,1.515,0.6345,2.463,421.94,1.054,53.42,0.7662,11.04,2.421e-05,0.2223,2.984,1.313,2.344,0.2028,9.205,0.4845,8.574
2022-04-07T02:46:37,43231.92,3173.91,113.99,0.2475,17.97,67.5,19.92,108.3,6.412,178.44,0.7103,0.025,0.007759,2.436,1.606,2.52,1.459,3.889,166.99,14.67,0.9165,1.518,0.6345,2.469,422.14,1.055,53.59,0.7669,11.06,2.425e-05,0.2229,2.989,1.315,2.348,0.2031,9.231,0.4845,8.575
2022-04-07T02:47:07,43244.65,3175.67,114.18,0.2476,17.97,67.6,19.95,108.46,6.418,178.55,0.7106,0.02502,0.007759,2.436,1.608,2.52,1.461,3.897,167.09,14.67,0.9165,1.516,0.6345,2.471,422.63,1.057,53.65,0.7673,11.09,2.425e-05,0.2231,2.99,1.316,2.349,0.2032,9.239,0.4865,8.583
2022-04-07T02:47:37,43197.06,3172.27,114,0.2471,17.97,67.6,19.95,108.3,6.433,178.37,0.7106,0.02502,0.007759,2.436,1.606,2.52,1.459,3.873,167,14.67,0.9165,1.517,0.6345,2.464,422.4,1.056,53.6,0.7666,11.06,2.422e-05,0.2231,2.989,1.315,2.348,0.2032,9.237,0.4861,8.577
2022-04-07T02:48:08,43214.02,3174.25,114.06,0.2475,17.97,67.5,19.94,108.31,6.426,178.3,0.711,0.025,0.007772,2.436,1.605,2.52,1.459,3.874,166.99,14.67,0.9165,1.517,0.6345,2.464,422.32,1.055,53.64,0.7668,11.08,2.424e-05,0.2227,2.989,1.316,2.344,0.2032,9.24,0.4864,8.575
2022-04-07T02:48:38,43196.92,3173.94,113.9,0.2474,18.01,67.5,19.94,108.3,6.437,178.21,0.711,0.02502,0.007772,2.436,1.606,2.52,1.459,3.878,166.67,14.68,0.9165,1.517,0.6345,2.464,422.24,1.055,53.61,0.7664,11.06,2.423e-05,0.2226,2.988,1.315,2.343,0.2031,9.226,0.4858,8.576
2022-04-07T02:49:08,43183.77,3173.13,113.82,0.2472,18.01,67.3,19.92,108.29,6.428,178.15,0.711,0.02499,0.007772,2.436,1.606,2.52,1.459,3.878,166.55,14.68,0.9165,1.517,0.6345,2.46,422.24,1.055,53.6,0.766,11.04,2.422e-05,0.2225,2.986,1.315,2.342,0.2031,9.223,0.4854,8.576
2022-04-07T02:49:38,43188.64,3172,113.82,0.2472,18,67.2,19.93,108.34,6.433,178.33,0.711,0.02497,0.007772,2.436,1.606,2.52,1.459,3.873,166.58,14.66,0.912,1.516,0.6345,2.46,422.2,1.055,53.54,0.7661,11.05,2.421e-05,0.2227,2.986,1.315,2.34,0.203,9.216,0.4847,8.574
2022-04-07T02:50:08,43177.06,3171.19,113.8,0.247,18,67.1,19.91,108.34,6.437,178.25,0.711,0.02488,0.007772,2.433,1.606,2.52,1.458,3.873,166.5,14.66,0.912,1.516,0.6345,2.457,422.01,1.054,53.52,0.766,11.04,2.419e-05,0.2227,2.983,1.315,2.34,0.203,9.21,0.4843,8.574
2022-04-07T02:50:38,43171.57,3168.99,113.65,0.2471,18,67.2,19.91,108.36,6.43,178.24,0.7105,0.0249,0.007772,2.433,1.606,2.52,1.457,3.873,166.47,14.63,0.9111,1.516,0.6345,2.458,421.86,1.053,53.5,0.7661,11.06,2.419e-05,0.2227,2.982,1.314,2.339,0.203,9.213,0.4842,8.576
2022-04-07T02:51:08,43172.37,3168.78,113.67,0.2472,18,67.2,19.9,108.4,6.418,178.28,0.7105,0.02499,0.007753,2.433,1.605,2.52,1.458,3.864,166.45,14.63,0.9109,1.516,0.6345,2.459,421.88,1.053,53.51,0.7662,11.06,2.418e-05,0.2227,2.982,1.314,2.341,0.203,9.21,0.4846,8.577
2022-04-07T02:51:38,43183.33,3169.95,113.68,0.2475,18,67.2,19.91,108.42,6.417,178.34,0.71,0.025,0.007753,2.433,1.605,2.52,1.458,3.892,166.44,14.61,0.9109,1.516,0.6345,2.46,421.93,1.054,53.54,0.7663,11.08,2.418e-05,0.2227,2.984,1.314,2.34,0.203,9.212,0.4846,8.576
2022-04-07T02:52:08,43205.48,3171.41,113.79,0.2476,18,67.5,19.93,108.48,6.421,178.65,0.71,0.02502,0.007753,2.433,1.606,2.52,1.46,3.888,166.34,14.61,0.9109,1.516,0.6345,2.46,422.15,1.055,53.57,0.7668,11.08,2.419e-05,0.2226,2.984,1.316,2.341,0.2031,9.204,0.4843,8.576
2022-04-07T02:52:38,43179.61,3169.78,113.59,0.2476,17.98,67.4,19.91,108.41,6.414,178.54,0.7107,0.02501,0.007753,2.433,1.606,2.52,1.458,3.89,166.17,14.61,0.9109,1.515,0.6345,2.457,421.97,1.054,53.52,0.7662,11.06,2.418e-05,0.2223,2.981,1.315,2.34,0.203,9.193,0.484,8.576
2022-04-07T02:53:09,43183.28,3168.83,113.48,0.2477,17.98,67.4,19.91,108.33,6.414,178.79,0.7114,0.02501,0.007753,2.433,1.607,2.52,1.457,3.9,166.08,14.61,0.9109,1.515,0.6345,2.457,421.91,1.054,53.51,0.7661,11.05,2.417e-05,0.2223,2.98,1.314,2.339,0.2029,9.183,0.4838,8.574
2022-04-07T02:53:39,43198.25,3170.76,113.7,0.2478,17.98,67.4,19.91,108.33,6.419,178.71,0.7114,0.02502,0.007751,2.438,1.606,2.52,1.457,3.897,166.16,14.61,0.9109,1.515,0.6345,2.459,421.93,1.054,53.53,0.7662,11.05,2.418e-05,0.2223,2.981,1.314,2.339,0.2031,9.185,0.4841,8.579
2022-04-07T02:54:09,43209.01,3171.11,113.7,0.2484,17.99,67.4,19.92,108.32,6.421,179.19,0.7114,0.02503,0.007751,2.445,1.606,2.51,1.459,3.893,166.19,14.61,0.911,1.515,0.6345,2.461,422.1,1.054,53.53,0.767,11.07,2.418e-05,0.2223,2.983,1.314,2.341,0.2031,9.195,0.484,8.585
2022-04-07T02:54:39,43273.87,3176.56,114.12,0.2488,18.04,67.4,19.97,108.54,6.439,179.35,0.7126,0.0251,0.007751,2.448,1.607,2.52,1.462,3.913,166.39,14.61,0.911,1.515,0.6345,2.468,422.35,1.055,53.69,0.7685,11.12,2.424e-05,0.2231,2.99,1.318,2.347,0.2033,9.201,0.4842,8.594
2022-04-07T02:55:09,43281.85,3178.07,114.17,0.249,18.04,67.6,19.99,108.59,6.446,179.37,0.713,0.02512,0.007751,2.445,1.607,2.52,1.463,3.913,166.49,14.61,0.911,1.515,0.6345,2.47,422.5,1.058,53.71,0.7684,11.12,2.425e-05,0.2233,2.991,1.32,2.348,0.2036,9.202,0.4853,8.607
2022-04-07T02:55:39,43286.86,3179.17,114.22,0.2494,18.04,67.6,20.01,108.68,6.446,179.57,0.713,0.02512,0.007751,2.445,1.607,2.52,1.464,3.915,166.86,14.61,0.911,1.52,0.6345,2.472,423.13,1.059,53.74,0.7685,11.12,2.425e-05,0.2233,2.998,1.321,2.352,0.2037,9.21,0.4863,8.612
2022-04-07T02:56:09,43331.32,3180.2,114.58,0.2495,18.01,67.5,20.03,108.76,6.452,179.62,0.7135,0.02513,0.00777,2.445,1.607,2.52,1.466,3.915,166.93,14.61,0.9111,1.52,0.6345,2.476,423.32,1.06,53.78,0.769,11.16,2.426e-05,0.2238,3,1.322,2.355,0.2038,9.222,0.4876,8.614
2022-04-07T02:56:39,43373.43,3181.75,114.63,0.2497,18.01,67.7,20.06,108.83,6.449,179.69,0.7163,0.02518,0.00777,2.445,1.608,2.52,1.466,3.918,166.96,14.61,0.9111,1.524,0.6345,2.478,423.81,1.061,53.84,0.7697,11.17,2.43e-05,0.2242,3.001,1.324,2.359,0.2039,9.23,0.4877,8.621
2022-04-07T02:57:09,43385.01,3185.78,114.63,0.2502,18.06,67.8,20.07,108.82,6.459,179.26,0.7188,0.02518,0.007782,2.445,1.608,2.52,1.467,3.932,167.1,14.61,0.9111,1.524,0.6345,2.48,423.89,1.061,53.88,0.7696,11.16,2.432e-05,0.224,3.003,1.324,2.36,0.204,9.233,0.4879,8.629
2022-04-07T02:57:40,43371.79,3185.82,114.66,0.2502,18.06,67.7,20.06,108.77,6.459,179.05,0.719,0.02518,0.007795,2.441,1.608,2.52,1.467,3.934,167.14,14.61,0.911,1.524,0.6345,2.477,423.97,1.061,53.89,0.7697,11.16,2.432e-05,0.2237,3.008,1.324,2.36,0.2039,9.234,0.4874,8.622
2022-04-07T02:58:10,43373.33,3187.62,114.79,0.2502,18.06,67.7,20.07,108.74,6.448,179.01,0.7201,0.02517,0.007795,2.441,1.608,2.52,1.467,3.934,167.19,14.61,0.911,1.527,0.6345,2.479,423.99,1.062,53.91,0.77,11.18,2.433e-05,0.2237,3.011,1.324,2.36,0.204,9.234,0.4886,8.623
2022-04-07T02:58:40,43358.34,3185.35,114.64,0.2496,18.03,67.7,20.06,108.61,6.444,178.78,0.7171,0.02518,0.007788,2.441,1.608,2.52,1.467,3.929,167.09,14.64,0.911,1.522,0.6345,2.475,423.94,1.061,53.9,0.7695,11.15,2.43e-05,0.2238,3.007,1.323,2.359,0.2039,9.223,0.4888,8.622
2022-04-07T02:59:10,43369.63,3187.7,114.76,0.25,18.07,67.7,20.08,108.65,6.433,178.63,0.7167,0.02518,0.007788,2.441,1.607,2.52,1.467,3.935,167.05,14.64,0.911,1.522,0.6345,2.48,423.94,1.062,53.9,0.7695,11.18,2.432e-05,0.2238,3.007,1.323,2.36,0.204,9.225,0.4884,8.627
2022-04-07T02:59:40,43352.95,3184.65,114.67,0.2498,18.07,67.7,20.06,108.58,6.43,178.61,0.7169,0.02519,0.007788,2.441,1.607,2.52,1.466,3.933,166.85,14.64,0.9109,1.522,0.6345,2.474,423.58,1.061,53.86,0.7695,11.15,2.432e-05,0.2235,3.008,1.322,2.359,0.2039,9.216,0.4876,8.615
2022-04-07T03:00:10,43356.67,3184.75,114.72,0.2497,18.07,67.7,20.07,108.63,6.43,178.69,0.7171,0.02519,0.007788,2.445,1.608,2.52,1.466,3.934,166.95,14.64,0.9109,1.522,0.6345,2.475,423.93,1.062,53.86,0.7698,11.15,2.432e-05,0.2235,3.01,1.324,2.36,0.204,9.212,0.4878,8.617
2022-04-07T03:00:40,43349.34,3186.07,114.64,0.2495,18.05,67.7,20.06,108.72,6.423,178.72,0.7171,0.0252,0.007788,2.445,1.608,2.52,1.466,3.937,166.86,14.64,0.9109,1.522,0.6345,2.475,423.77,1.061,53.87,0.77,11.15,2.432e-05,0.2235,3.01,1.322,2.36,0.2039,9.204,0.4879,8.617
2022-04-07T03:01:10,43359.21,3186.22,114.67,0.25,18.05,67.8,20.07,108.75,6.421,179.05,0.7164,0.02518,0.007788,2.445,1.608,2.52,1.468,3.945,167,14.64,0.9109,1.522,0.6345,2.477,423.92,1.062,53.94,0.7702,11.19,2.435e-05,0.2235,3.012,1.323,2.36,0.2041,9.198,0.4876,8.629
2022-04-07T03:01:41,43343.35,3185.38,114.56,0.2499,18.05,67.8,20.07,108.72,6.423,178.93,0.7164,0.02512,0.007788,2.445,1.609,2.52,1.467,3.937,166.99,14.64,0.9109,1.524,0.6345,2.477,423.79,1.061,53.92,0.77,11.18,2.433e-05,0.2236,3.011,1.322,2.36,0.204,9.198,0.4878,8.623
2022-04-07T03:02:11,43349.68,3186,114.58,0.2498,18.05,67.8,20.07,108.75,6.432,178.7,0.716,0.02509,0.007788,2.445,1.609,2.52,1.467,3.941,167.01,14.64,0.9109,1.524,0.6345,2.477,423.82,1.061,53.92,0.7699,11.19,2.435e-05,0.2236,3.011,1.322,2.36,0.204,9.194,0.4879,8.623
2022-04-07T03:02:41,43327.86,3183.78,114.37,0.2491,18.05,67.7,20.06,108.69,6.443,178.65,0.7159,0.02506,0.007788,2.445,1.608,2.52,1.466,3.941,166.79,14.64,0.9111,1.524,0.6345,2.475,423.83,1.061,53.85,0.7695,11.16,2.431e-05,0.2235,3.009,1.321,2.358,0.2039,9.176,0.488,8.623
2022-04-07T03:03:11,43305.45,3182.7,114.41,0.2489,18.05,67.2,20.04,108.58,6.459,178.56,0.7148,0.025,0.007783,2.445,1.608,2.52,1.465,3.934,166.65,14.64,0.9111,1.524,0.6345,2.475,423.64,1.061,53.86,0.7694,11.14,2.43e-05,0.2233,3.009,1.321,2.357,0.2038,9.173,0.4875,8.609
2022-04-07T03:03:41,43326.48,3183.31,114.44,0.2493,18.05,67.3,20.06,108.57,6.458,178.27,0.715,0.025,0.007781,2.445,1.608,2.52,1.466,3.943,166.63,14.64,0.9111,1.524,0.6345,2.474,423.74,1.062,53.86,0.7697,11.14,2.431e-05,0.2233,3.008,1.32,2.357,0.2038,9.167,0.4879,8.621
2022-04-07T03:04:11,43354.45,3186.37,114.48,0.2502,18.05,67.3,20.08,108.71,6.468,178.65,0.7154,0.02505,0.007781,2.445,1.609,2.52,1.467,3.949,166.85,14.64,0.9111,1.53,0.6345,2.479,424.29,1.063,53.87,0.7702,11.15,2.434e-05,0.2233,3.012,1.322,2.361,0.2039,9.185,0.4881,8.622
2022-04-07T03:04:41,43383.43,3186.81,114.75,0.2502,18.05,67.3,20.1,108.8,6.483,178.6,0.7153,0.02512,0.007781,2.444,1.608,2.52,1.467,3.954,167,14.59,0.9111,1.53,0.6345,2.479,424.36,1.063,54,0.7704,11.18,2.436e-05,0.2241,3.015,1.324,2.364,0.2041,9.193,0.4889,8.629
2022-04-07T03:05:11,43375.58,3185.77,114.74,0.2503,18.05,67.5,20.09,108.77,6.483,178.4,0.7151,0.02513,0.007781,2.444,1.608,2.52,1.467,3.955,166.96,14.59,0.9111,1.53,0.6345,2.479,424.45,1.063,54.01,0.7702,11.18,2.435e-05,0.2241,3.016,1.323,2.367,0.2041,9.196,0.4889,8.623
2022-04-07T03:05:41,43367.55,3185.59,114.72,0.2502,18.05,67.5,20.09,108.74,6.478,178,0.7148,0.02513,0.007781,2.444,1.608,2.52,1.466,3.955,166.89,14.59,0.9111,1.53,0.6345,2.476,424.24,1.063,54.02,0.7698,11.17,2.435e-05,0.2241,3.016,1.324,2.367,0.2041,9.196,0.4882,8.629
2022-04-07T03:06:12,43353.98,3183.01,114.43,0.2503,18.05,67.5,20.07,108.6,6.47,177.81,0.7148,0.02505,0.007781,2.444,1.608,2.52,1.466,3.957,166.7,14.59,0.9111,1.527,0.6345,2.472,423.99,1.062,53.92,0.7695,11.15,2.433e-05,0.2236,3.012,1.322,2.364,0.2039,9.185,0.4869,8.627
2022-04-07T03:06:42,43354.53,3183.28,114.43,0.2506,18.05,67.5,20.06,108.59,6.468,178.04,0.7151,0.02504,0.007781,2.444,1.608,2.52,1.464,3.966,166.71,14.59,0.9199,1.527,0.6345,2.473,424.08,1.062,53.91,0.7695,11.15,2.434e-05,0.2239,3.014,1.322,2.364,0.204,9.169,0.4872,8.616
2022-04-07T03:07:12,43353.7,3183.89,114.43,0.2505,18.07,67.5,20.06,108.58,6.459,178.07,0.7151,0.02501,0.007781,2.444,1.608,2.52,1.464,3.964,166.76,14.59,0.9199,1.527,0.6345,2.473,424.15,1.062,53.9,0.7693,11.13,2.432e-05,0.2236,3.014,1.321,2.363,0.2039,9.17,0.4871,8.622
2022-04-07T03:07:42,43385.31,3186.49,114.62,0.2505,18.06,67.5,20.07,108.65,6.461,178.2,0.7151,0.02508,0.007781,2.444,1.608,2.52,1.465,3.964,166.92,14.59,0.9199,1.527,0.6345,2.474,424.24,1.062,53.97,0.7698,11.15,2.436e-05,0.224,3.016,1.323,2.365,0.204,9.179,0.4875,8.629
2022-04-07T03:08:12,43389.56,3186.98,114.64,0.2506,18.06,67.6,20.09,108.73,6.464,178.23,0.7154,0.02512,0.007782,2.444,1.608,2.52,1.467,3.966,166.93,14.59,0.9199,1.527,0.6345,2.475,424.53,1.062,54.01,0.7701,11.14,2.437e-05,0.224,3.02,1.324,2.366,0.204,9.181,0.4881,8.638
2022-04-07T03:08:42,43388.57,3186.94,114.66,0.2507,18.06,67.6,20.08,108.76,6.465,178.25,0.7156,0.02511,0.007782,2.444,1.608,2.52,1.468,3.966,166.7,14.59,0.9199,1.53,0.6345,2.475,424.7,1.063,54,0.7703,11.13,2.437e-05,0.224,3.018,1.324,2.366,0.2039,9.185,0.4877,8.639
2022-04-07T03:09:12,43403.7,3186.37,114.65,0.2504,18.07,67.6,20.08,108.74,6.465,178.32,0.7156,0.02512,0.007782,2.437,1.608,2.52,1.467,3.965,166.52,14.59,0.9199,1.53,0.6345,2.474,424.72,1.063,54.01,0.7703,11.13,2.438e-05,0.224,3.019,1.324,2.366,0.2039,9.184,0.4882,8.639
2022-04-07T03:09:42,43356.63,3186.35,114.44,0.2505,18.08,67.5,20.06,108.63,6.461,178.25,0.7156,0.02509,0.007782,2.437,1.608,2.52,1.466,3.962,166.24,14.59,0.9199,1.531,0.6345,2.475,424.57,1.063,53.93,0.77,11.11,2.436e-05,0.2238,3.016,1.322,2.364,0.2039,9.182,0.4876,8.631
2022-04-07T03:10:12,43359.44,3185.66,114.47,0.2504,18.08,67.6,20.06,108.62,6.46,178.26,0.7154,0.02509,0.007782,2.437,1.608,2.52,1.465,3.964,166.06,14.59,0.9228,1.531,0.6345,2.473,424.46,1.062,53.96,0.7697,11.1,2.436e-05,0.2238,3.017,1.321,2.363,0.2038,9.183,0.4876,8.631
2022-04-07T03:10:42,43366.81,3187.04,114.48,0.2503,18.08,67.6,20.06,108.64,6.467,178.19,0.7154,0.02512,0.007782,2.437,1.608,2.52,1.466,3.966,166.15,14.59,0.9228,1.531,0.6345,2.472,424.45,1.062,53.97,0.7699,11.1,2.438e-05,0.2238,3.019,1.321,2.364,0.2039,9.181,0.4874,8.631
2022-04-07T03:11:13,43368.12,3186.99,114.48,0.2503,18.08,67.6,20.07,108.66,6.469,178.18,0.7154,0.02515,0.00778,2.439,1.608,2.52,1.466,3.97,166.16,14.59,0.9228,1.531,0.6345,2.473,424.44,1.062,53.99,0.7698,11.11,2.438e-05,0.2238,3.019,1.322,2.364,0.2039,9.18,0.4876,8.632
2022-04-07T03:11:43,43323.7,3186.37,114.23,0.2504,18.08,67.6,20.04,108.63,6.469,178.19,0.7153,0.02512,0.00778,2.439,1.609,2.52,1.466,3.97,166.06,14.59,0.9228,1.531,0.6345,2.471,424.24,1.062,53.92,0.7697,11.11,2.435e-05,0.2233,3.014,1.321,2.363,0.2039,9.181,0.4876,8.626
2022-04-07T03:12:13,43294.45,3180.5,114.1,0.2503,18.08,67.5,20.02,108.52,6.464,177.95,0.714,0.02503,0.00778,2.439,1.607,2.52,1.462,3.961,165.9,14.59,0.9228,1.529,0.6345,2.467,424.01,1.06,53.88,0.7688,11.05,2.433e-05,0.2233,3.01,1.32,2.357,0.2038,9.16,0.4876,8.623
2022-04-07T03:12:43,43290.93,3178.63,114.01,0.2494,18.07,67.4,19.99,108.41,6.46,177.81,0.7139,0.02503,0.00778,2.439,1.606,2.52,1.46,3.96,165.81,14.59,0.9228,1.529,0.6345,2.465,423.85,1.059,53.83,0.7684,11.06,2.431e-05,0.2233,3.009,1.318,2.355,0.2037,9.156,0.4864,8.616
2022-04-07T03:13:13,43285.93,3180.04,114,0.2492,18.08,67.4,19.98,108.41,6.465,177.87,0.7139,0.02504,0.00778,2.439,1.607,2.52,1.461,3.963,165.76,14.59,0.9228,1.527,0.6345,2.463,423.61,1.058,53.81,0.7683,11.08,2.431e-05,0.2233,3.007,1.316,2.356,0.2036,9.142,0.486,8.609
2022-04-07T03:13:43,43277.19,3179.82,114,0.2495,18.05,67.4,19.98,108.36,6.456,177.72,0.7141,0.02503,0.007778,2.434,1.607,2.52,1.46,3.963,165.8,14.59,0.9228,1.523,0.6345,2.465,423.31,1.058,53.76,0.7682,11.06,2.429e-05,0.2233,3.005,1.316,2.356,0.2036,9.137,0.4858,8.607
2022-04-07T03:14:13,43276.34,3177.02,113.93,0.2491,18.05,67.4,19.98,108.32,6.458,177.82,0.714,0.02503,0.007778,2.434,1.607,2.52,1.46,3.958,165.81,14.59,0.9225,1.523,0.6345,2.466,423.32,1.058,53.75,0.7683,11.05,2.429e-05,0.2233,3.004,1.315,2.355,0.2035,9.132,0.4858,8.607
2022-04-07T03:14:43,43248.5,3175.05,113.9,0.2487,18.05,67.1,19.97,108.2,6.459,177.6,0.714,0.02495,0.007778,2.432,1.606,2.52,1.459,3.958,165.75,14.59,0.9225,1.523,0.6345,2.462,423,1.057,53.7,0.7679,11.03,2.428e-05,0.2227,3.002,1.314,2.353,0.2034,9.127,0.4856,8.606
2022-04-07T03:15:14,43255.44,3177.25,113.89,0.2487,18.05,67,19.95,108.08,6.456,177.43,0.7137,0.02499,0.007778,2.432,1.606,2.52,1.459,3.958,165.86,14.59,0.9225,1.523,0.6345,2.463,423.03,1.057,53.72,0.768,11.03,2.428e-05,0.2227,3.001,1.313,2.351,0.2034,9.131,0.4858,8.612
2022-04-07T03:15:44,43253.19,3176.89,113.81,0.2484,18.03,67.1,19.96,108.09,6.458,177.24,0.7137,0.02502,0.007778,2.432,1.605,2.52,1.459,3.938,165.86,14.59,0.9225,1.523,0.6345,2.463,422.94,1.057,53.69,0.7677,11.03,2.429e-05,0.2227,3.001,1.314,2.35,0.2034,9.125,0.4856,8.608
2022-04-07T03:16:14,43243.56,3175.26,113.79,0.2482,18.09,67.1,19.97,108.09,6.456,177.61,0.7138,0.02502,0.007755,2.432,1.605,2.52,1.459,3.929,165.79,14.59,0.9228,1.523,0.6345,2.461,422.91,1.057,53.67,0.7676,11.01,2.428e-05,0.2226,3.001,1.313,2.35,0.2034,9.127,0.4857,8.608
2022-04-07T03:16:44,43243.18,3176.01,113.77,0.2485,18.09,67.1,19.96,108.05,6.448,177.63,0.7139,0.02494,0.007755,2.432,1.605,2.52,1.459,3.923,165.8,14.59,0.9199,1.524,0.6345,2.461,423.02,1.056,53.66,0.7677,11.01,2.427e-05,0.2226,3.001,1.313,2.35,0.2033,9.12,0.4854,8.614
2022-04-07T03:17:14,43253.33,3175.96,113.77,0.2483,18.09,67.1,19.98,108.03,6.446,177.41,0.7139,0.02496,0.007754,2.429,1.605,2.51,1.459,3.917,165.79,14.59,0.9199,1.521,0.6345,2.46,422.96,1.056,53.68,0.7677,11.03,2.428e-05,0.2226,3.001,1.313,2.351,0.2034,9.126,0.4853,8.613
2022-04-07T03:17:44,43266.77,3176.58,113.79,0.2485,18.09,67.1,19.99,108.05,6.446,177.22,0.7139,0.025,0.007747,2.429,1.605,2.51,1.46,3.925,165.83,14.57,0.9199,1.52,0.6345,2.461,423.23,1.056,53.68,0.7678,11.06,2.43e-05,0.2226,3.004,1.313,2.351,0.2035,9.124,0.4853,8.613
2022-04-07T03:18:14,43271.02,3178.51,113.75,0.2485,18.09,67.1,19.99,108.03,6.431,177.29,0.715,0.025,0.007747,2.429,1.605,2.51,1.46,3.929,165.86,14.57,0.9199,1.522,0.6345,2.461,423.23,1.056,53.69,0.7681,11.07,2.432e-05,0.2226,3.004,1.314,2.351,0.2036,9.127,0.485,8.608
2022-04-07T03:18:44,43252.68,3175.86,113.61,0.248,18.08,67.1,19.97,107.95,6.416,176.91,0.715,0.02499,0.007747,2.429,1.605,2.51,1.459,3.922,165.8,14.61,0.9199,1.522,0.6345,2.458,423.11,1.056,53.66,0.7676,11.03,2.429e-05,0.2226,3,1.312,2.349,0.2034,9.124,0.4848,8.607
2022-04-07T03:19:14,43243.59,3175.16,113.58,0.2476,18.08,67.1,19.97,107.93,6.415,176.84,0.7149,0.02498,0.007747,2.429,1.605,2.51,1.458,3.917,165.77,14.61,0.9199,1.523,0.6345,2.457,422.84,1.055,53.64,0.7675,11.03,2.429e-05,0.2221,2.998,1.312,2.348,0.2033,9.107,0.4846,8.606
2022-04-07T03:19:45,43248.57,3177.58,113.67,0.2477,18.08,67.1,19.97,107.95,6.408,177.11,0.7144,0.025,0.007747,2.43,1.605,2.51,1.457,3.917,165.84,14.61,0.9199,1.523,0.6345,2.463,422.75,1.056,53.63,0.7675,11.04,2.429e-05,0.2221,3.004,1.313,2.35,0.2034,9.109,0.4853,8.605
2022-04-07T03:20:15,43277.87,3180.9,113.96,0.2486,18.08,67.1,20,107.97,6.42,176.93,0.715,0.02514,0.007764,2.428,1.606,2.51,1.461,3.917,165.99,14.61,0.9243,1.525,0.6345,2.462,423.62,1.058,53.65,0.768,11.12,2.435e-05,0.2228,3.005,1.314,2.351,0.2036,9.099,0.4851,8.613
2022-04-07T03:20:45,43279.88,3180.99,113.9,0.2484,18.08,67.5,20,108,6.432,176.78,0.715,0.02503,0.007764,2.428,1.607,2.51,1.46,3.936,166.09,14.61,0.9243,1.525,0.6345,2.462,423.57,1.057,53.77,0.7684,11.03,2.436e-05,0.2225,3.003,1.314,2.352,0.2035,9.096,0.4852,8.615
2022-04-07T03:21:15,43278.38,3180.24,113.89,0.2489,18.08,67.5,20,108.1,6.434,176.83,0.715,0.02504,0.007764,2.428,1.607,2.51,1.461,3.918,166.15,14.61,0.9243,1.525,0.6345,2.463,423.65,1.058,53.79,0.7686,11.04,2.435e-05,0.2225,3.004,1.314,2.352,0.2037,9.086,0.4855,8.619
2022-04-07T03:21:45,43273.15,3179.56,113.89,0.2486,18.09,67.5,20,108.1,6.421,176.66,0.7146,0.02504,0.007764,2.428,1.606,2.51,1.461,3.925,166.06,14.61,0.9243,1.527,0.6345,2.459,423.51,1.057,53.81,0.7684,11.09,2.434e-05,0.2225,3.001,1.315,2.352,0.2036,9.08,0.4852,8.607
2022-04-07T03:22:15,43244,3177.85,113.67,0.2484,18.09,67.3,19.98,108.01,6.416,176.63,0.7146,0.02503,0.007764,2.423,1.607,2.51,1.459,3.92,165.87,14.61,0.9248,1.526,0.6345,2.456,423.32,1.057,53.82,0.7682,11.08,2.433e-05,0.222,2.998,1.314,2.35,0.2035,9.067,0.4849,8.607
2022-04-07T03:22:45,43235.44,3178.04,113.63,0.2482,18.09,67.3,19.98,107.95,6.415,176.45,0.7138,0.02502,0.007764,2.423,1.607,2.51,1.457,3.92,165.9,14.61,0.9248,1.526,0.6345,2.456,423.27,1.056,53.81,0.7679,11.08,2.433e-05,0.222,2.997,1.313,2.35,0.2035,9.054,0.4848,8.606
2022-04-07T03:23:15,43232.48,3178.19,113.57,0.2481,18.09,67.3,19.98,107.89,6.411,176.33,0.7138,0.02502,0.007763,2.423,1.607,2.51,1.457,3.92,165.89,14.61,0.9248,1.526,0.6345,2.455,423.26,1.056,53.81,0.7678,11.06,2.433e-05,0.222,2.998,1.312,2.349,0.2034,9.039,0.4844,8.612
2022-04-07T03:23:45,43229.78,3175.96,113.04,0.2475,18.1,67.3,19.96,107.82,6.41,176.18,0.714,0.02502,0.007759,2.423,1.607,2.51,1.457,3.917,165.89,14.61,0.9246,1.526,0.6345,2.452,423.15,1.055,53.76,0.7676,11.08,2.432e-05,0.2218,2.994,1.312,2.347,0.2033,9.038,0.4838,8.608
2022-04-07T03:24:16,43246.02,3177.1,113.07,0.2479,18.1,67.3,19.98,107.91,6.412,176.48,0.7132,0.02502,0.007759,2.423,1.606,2.51,1.457,3.915,165.97,14.61,0.9246,1.526,0.6345,2.455,423.15,1.055,53.77,0.7677,11.08,2.432e-05,0.2218,2.996,1.312,2.349,0.2033,9.041,0.4841,8.613
2022-04-07T03:24:46,43263.18,3180.38,113.18,0.2481,18.1,67.4,19.99,108.04,6.429,176.42,0.7132,0.02507,0.007759,2.423,1.606,2.51,1.459,3.934,166.11,14.61,0.9245,1.527,0.6345,2.455,423.3,1.057,53.8,0.7683,11.11,2.433e-05,0.2222,2.999,1.312,2.35,0.2034,9.045,0.4842,8.614
2022-04-07T03:25:16,43251.48,3179.54,113.14,0.2478,18.1,67.3,19.97,107.97,6.412,176.23,0.7134,0.02504,0.007759,2.423,1.605,2.51,1.457,3.934,166.11,14.61,0.9245,1.527,0.6345,2.454,423.33,1.056,53.79,0.7681,11.11,2.429e-05,0.222,2.996,1.312,2.349,0.2034,9.045,0.4842,8.613
2022-04-07T03:25:46,43234.77,3177.44,113.16,0.2478,18.1,67.3,19.97,107.99,6.415,176.23,0.7133,0.02503,0.007759,2.423,1.605,2.51,1.457,3.934,166.01,14.61,0.9245,1.527,0.6345,2.451,423.29,1.056,53.78,0.7678,11.09,2.429e-05,0.222,2.996,1.312,2.347,0.2033,9.033,0.4842,8.613
2022-04-07T03:26:16,43233.74,3177.55,113.26,0.2479,18.09,67.1,19.96,108.01,6.426,176.03,0.7134,0.02502,0.007759,2.423,1.605,2.51,1.456,3.921,166.01,14.61,0.9245,1.527,0.6345,2.449,423.27,1.056,53.74,0.7677,11.09,2.428e-05,0.222,2.997,1.311,2.347,0.2033,9.028,0.4838,8.613
2022-04-07T03:26:46,43225.21,3174.96,113.12,0.248,18.09,67.1,19.94,107.95,6.424,175.79,0.7134,0.02491,0.007759,2.425,1.605,2.51,1.456,3.917,165.96,14.52,0.9245,1.528,0.6345,2.445,423.2,1.054,53.69,0.7675,11.09,2.429e-05,0.2218,2.994,1.31,2.345,0.2032,9.026,0.4834,8.607
2022-04-07T03:27:16,43224.07,3174.72,113.22,0.248,18.09,67.2,19.94,107.97,6.42,175.8,0.7134,0.02494,0.007759,2.425,1.605,2.51,1.456,3.925,165.98,14.52,0.9245,1.525,0.6345,2.444,423.16,1.054,53.68,0.7673,11.08,2.427e-05,0.2218,2.994,1.311,2.345,0.2031,9.027,0.4837,8.607
2022-04-07T03:27:46,43217.66,3174.3,113.13,0.2479,18.08,67.2,19.92,107.94,6.417,175.6,0.7136,0.02494,0.007759,2.425,1.606,2.51,1.455,3.922,165.98,14.52,0.928,1.525,0.6345,2.444,423.05,1.054,53.62,0.7669,11.07,2.426e-05,0.2217,2.994,1.31,2.344,0.2031,9.028,0.4837,8.606
2022-04-07T03:28:16,43198.23,3173.84,112.98,0.2474,18.08,67.2,19.89,107.9,6.414,175.54,0.7136,0.02492,0.007754,2.425,1.606,2.51,1.455,3.901,165.86,14.52,0.9258,1.525,0.6345,2.441,422.82,1.054,53.58,0.7664,11.04,2.425e-05,0.2214,2.99,1.309,2.342,0.203,9.02,0.4836,8.606
2022-04-07T03:28:47,43199.04,3173.59,113.02,0.2473,18.08,67.1,19.89,107.88,6.415,175.57,0.7136,0.02493,0.007754,2.425,1.603,2.51,1.455,3.906,165.73,14.52,0.9258,1.525,0.6345,2.441,422.73,1.053,53.53,0.7663,11.05,2.424e-05,0.2213,2.989,1.309,2.341,0.203,9.021,0.4827,8.603
2022-04-07T03:29:17,43206.12,3173.34,113,0.2471,18.08,67.1,19.9,107.89,6.409,175.54,0.7136,0.02492,0.007754,2.425,1.603,2.51,1.455,3.906,165.75,14.52,0.9258,1.527,0.6345,2.441,422.61,1.053,53.54,0.7664,11.05,2.424e-05,0.2213,2.989,1.309,2.34,0.203,9.02,0.4828,8.603
2022-04-07T03:29:47,43206.63,3173.54,113.04,0.2471,18.08,67.1,19.9,107.85,6.401,175.36,0.7135,0.02491,0.007754,2.425,1.604,2.51,1.455,3.908,165.83,14.52,0.9284,1.527,0.6345,2.444,423,1.053,53.55,0.7664,11.04,2.426e-05,0.2213,2.989,1.309,2.341,0.2031,9.03,0.483,8.605
2022-04-07T03:30:17,43210.67,3174.03,113.05,0.2473,18.08,67.3,19.9,107.88,6.406,175.47,0.7133,0.02494,0.007754,2.422,1.604,2.51,1.455,3.915,165.9,14.52,0.9271,1.527,0.6345,2.445,422.99,1.054,53.57,0.7664,11.05,2.426e-05,0.2213,2.992,1.309,2.341,0.2031,9.039,0.483,8.597
2022-04-07T03:30:47,43202.84,3174.22,113.05,0.2475,18.08,67.2,19.89,107.88,6.412,175.31,0.7133,0.02493,0.007754,2.422,1.603,2.51,1.457,3.917,165.82,14.52,0.9271,1.524,0.6345,2.443,423.03,1.054,53.64,0.7663,11.05,2.427e-05,0.2213,2.992,1.31,2.343,0.2032,9.037,0.4836,8.594
2022-04-07T03:31:17,43197.23,3173.06,113.1,0.2472,18.1,67.2,19.89,107.83,6.419,175.09,0.7133,0.025,0.007766,2.422,1.603,2.51,1.455,3.912,165.7,14.52,0.9271,1.524,0.6345,2.441,422.95,1.054,53.66,0.766,11.06,2.426e-05,0.2213,2.99,1.309,2.342,0.2031,9.04,0.4836,8.592
2022-04-07T03:31:47,43173.74,3171.38,112.94,0.2469,18.1,67.2,19.87,107.77,6.419,174.79,0.7132,0.025,0.007762,2.42,1.603,2.51,1.454,3.908,165.61,14.52,0.9296,1.524,0.6345,2.438,422.6,1.053,53.58,0.7653,11.03,2.425e-05,0.221,2.986,1.307,2.337,0.2031,9.025,0.4828,8.591
2022-04-07T03:32:17,43168.97,3170.09,112.88,0.2467,18.1,67,19.87,107.74,6.422,174.59,0.7127,0.025,0.007765,2.42,1.603,2.51,1.453,3.903,165.51,14.52,0.927,1.524,0.6345,2.438,422.48,1.052,53.56,0.765,11.03,2.422e-05,0.221,2.986,1.307,2.337,0.203,9.022,0.4821,8.589
2022-04-07T03:32:48,43160.37,3168.6,112.85,0.2466,18.1,67.2,19.85,107.68,6.414,174.42,0.7125,0.02496,0.007765,2.42,1.601,2.51,1.453,3.903,165.5,14.51,0.927,1.526,0.6345,2.438,422.24,1.052,53.52,0.7651,10.99,2.421e-05,0.2208,2.982,1.305,2.335,0.2029,9.023,0.4821,8.588
2022-04-07T03:33:18,43217.42,3170.67,112.88,0.2462,18.08,67,19.86,107.76,6.424,174.84,0.7125,0.02494,0.007765,2.42,1.601,2.51,1.454,3.916,165.8,14.51,0.927,1.527,0.6345,2.444,422.31,1.052,53.52,0.7658,11.04,2.424e-05,0.2215,2.986,1.307,2.336,0.2029,9.021,0.4824,8.589
2022-04-07T03:33:48,43238.97,3172.37,112.95,0.2474,18.08,67.2,19.88,108.08,6.443,174.87,0.7128,0.02499,0.007765,2.42,1.602,2.51,1.454,3.92,165.91,14.51,0.927,1.526,0.6345,2.45,422.9,1.056,53.65,0.7667,11.05,2.432e-05,0.2216,2.991,1.309,2.343,0.2032,9.041,0.4825,8.613
2022-04-07T03:34:18,43239.25,3177.23,113.58,0.2473,18.08,67.2,19.92,108.08,6.444,174.83,0.7134,0.02482,0.007765,2.423,1.603,2.51,1.457,3.922,166.04,14.51,0.927,1.526,0.6345,2.45,422.96,1.055,53.65,0.7666,11.05,2.43e-05,0.2216,2.992,1.309,2.346,0.2031,9.038,0.4824,8.615
2022-04-07T03:34:48,43239.45,3175.89,113.46,0.2475,18.08,67.2,19.93,108.1,6.446,174.64,0.7134,0.02491,0.007765,2.423,1.603,2.51,1.457,3.919,165.96,14.51,0.927,1.526,0.6345,2.448,423.12,1.056,53.66,0.7667,11.04,2.432e-05,0.2215,2.995,1.31,2.345,0.2033,9.033,0.4832,8.616
2022-04-07T03:35:18,43240.72,3175.39,113.5,0.2475,18.08,67.3,19.93,108.11,6.45,174.5,0.7134,0.0249,0.007767,2.423,1.603,2.51,1.457,3.911,166.01,14.51,0.927,1.526,0.6345,2.447,423.5,1.056,53.67,0.7667,11.04,2.432e-05,0.2217,2.997,1.31,2.345,0.2033,9.031,0.4833,8.61
2022-04-07T03:35:48,43272.07,3179.01,113.61,0.2479,18.1,67.3,19.94,108.18,6.451,174.46,0.7134,0.02488,0.007767,2.423,1.603,2.52,1.458,3.917,166.15,14.51,0.9284,1.525,0.6345,2.45,423.59,1.056,53.73,0.7668,11.07,2.434e-05,0.2217,2.999,1.311,2.348,0.2034,9.041,0.4834,8.614
2022-04-07T03:36:18,43274.25,3180.02,113.7,0.2483,18.11,67.2,19.94,108.24,6.453,174.38,0.7134,0.02499,0.007767,2.423,1.603,2.52,1.459,3.914,166.32,14.51,0.927,1.525,0.6345,2.451,423.88,1.056,53.78,0.7676,11.07,2.434e-05,0.222,3.001,1.312,2.352,0.2035,9.042,0.4843,8.621
2022-04-07T03:36:48,43283.45,3180.97,113.72,0.2488,18.11,67.3,19.93,108.28,6.437,174.03,0.7123,0.02498,0.007767,2.422,1.603,2.52,1.46,3.915,166.46,14.51,0.927,1.525,0.6345,2.451,424.01,1.057,53.81,0.7677,11.08,2.435e-05,0.222,3.003,1.314,2.354,0.2035,9.042,0.4848,8.62
2022-04-07T03:37:19,43285.73,3183.05,113.89,0.2489,18.11,67.4,19.94,108.34,6.432,173.97,0.7123,0.02498,0.007767,2.451,1.602,2.52,1.461,3.915,166.61,14.51,0.9249,1.525,0.6345,2.452,424.11,1.058,53.8,0.7679,11.08,2.436e-05,0.2221,3.003,1.315,2.354,0.2036,9.048,0.4846,8.616
2022-04-07T03:37:49,43292.25,3184.05,113.91,0.2488,18.11,67.3,19.94,108.37,6.428,173.8,0.7123,0.02495,0.007783,2.446,1.604,2.52,1.461,3.903,166.6,14.56,0.928,1.525,0.6345,2.452,424.24,1.057,53.79,0.7681,11.09,2.438e-05,0.2221,3.004,1.315,2.354,0.2036,9.049,0.4847,8.616
2022-04-07T03:38:19,43295.43,3184.11,113.87,0.2486,18.09,67.4,19.95,108.39,6.43,173.7,0.7123,0.02493,0.007783,2.446,1.603,2.52,1.462,3.905,166.65,14.56,0.928,1.526,0.6345,2.453,424.37,1.057,53.8,0.7681,11.09,2.44e-05,0.2222,3.004,1.316,2.353,0.2037,9.05,0.4848,8.622
2022-04-07T03:38:49,43291.05,3182.93,113.93,0.2487,18.09,67.4,19.95,108.36,6.428,173.41,0.7123,0.02488,0.007783,2.444,1.603,2.52,1.462,3.913,166.59,14.56,0.928,1.533,0.6345,2.451,424.24,1.057,53.79,0.768,11.08,2.439e-05,0.2222,3.004,1.315,2.353,0.2037,9.048,0.4845,8.615
2022-04-07T03:39:19,43293.8,3183.15,113.9,0.2487,18.09,67.4,19.96,108.37,6.437,173.29,0.7123,0.02486,0.007783,2.444,1.604,2.52,1.462,3.909,166.59,14.56,0.928,1.532,0.6345,2.451,424.17,1.058,53.8,0.7679,11.08,2.438e-05,0.2222,3.004,1.315,2.353,0.2037,9.046,0.4848,8.615
2022-04-07T03:39:49,43296.59,3184.42,113.9,0.2487,18.1,67.4,19.96,108.38,6.431,173.15,0.7137,0.02487,0.007783,2.444,1.604,2.52,1.462,3.909,166.59,14.56,0.928,1.532,0.6345,2.453,424.29,1.058,53.81,0.7681,11.09,2.439e-05,0.2222,3.004,1.315,2.354,0.2037,9.045,0.4847,8.622
2022-04-07T03:40:20,43306.28,3184.36,113.9,0.2486,18.11,67.4,19.97,108.37,6.427,173.27,0.7137,0.0249,0.007785,2.444,1.604,2.52,1.463,3.909,166.62,14.56,0.9275,1.531,0.6345,2.452,424.26,1.057,53.8,0.7682,11.09,2.439e-05,0.2223,3.006,1.315,2.355,0.2037,9.052,0.4844,8.621
2022-04-07T03:40:50,43283.66,3184.17,113.87,0.2487,18.11,67.4,19.95,108.38,6.442,173.57,0.7137,0.02492,0.007785,2.444,1.603,2.52,1.463,3.909,166.55,14.56,0.9275,1.531,0.6345,2.45,424.27,1.058,53.76,0.768,11.1,2.439e-05,0.2223,3.003,1.314,2.353,0.2037,9.044,0.4844,8.616
2022-04-07T03:41:20,43293.42,3185.96,113.85,0.2487,18.11,67.5,19.96,108.42,6.439,173.41,0.7137,0.02491,0.007785,2.444,1.603,2.52,1.463,3.91,166.5,14.56,0.9275,1.53,0.6345,2.452,424.36,1.058,53.82,0.7683,11.1,2.44e-05,0.2223,3.004,1.315,2.354,0.2037,9.05,0.4844,8.621
2022-04-07T03:41:50,43308.46,3186.16,113.85,0.2487,18.11,67.4,19.97,108.45,6.443,173.25,0.7137,0.0249,0.007785,2.444,1.603,2.52,1.463,3.913,166.55,14.56,0.9275,1.534,0.6345,2.452,424.36,1.058,53.82,0.7682,11.1,2.44e-05,0.2223,3.005,1.315,2.355,0.2037,9.049,0.4847,8.621
2022-04-07T03:42:20,43307.31,3186.68,113.79,0.2488,18.1,67.5,19.97,108.52,6.442,173.21,0.7144,0.02488,0.007785,2.447,1.604,2.52,1.462,3.916,166.57,14.56,0.9275,1.531,0.6345,2.452,424.46,1.058,53.82,0.7682,11.09,2.44e-05,0.2223,3.008,1.316,2.355,0.2037,9.047,0.4845,8.628
2022-04-07T03:42:50,43320.57,3188.13,113.92,0.249,18.1,67.5,19.97,108.52,6.451,173.26,0.714,0.02493,0.007785,2.447,1.603,2.52,1.463,3.92,166.62,14.57,0.9275,1.534,0.6345,2.452,424.55,1.058,53.82,0.7684,11.11,2.44e-05,0.2223,3.008,1.317,2.355,0.2037,9.048,0.4844,8.63
2022-04-07T03:43:20,43299.28,3185.45,113.76,0.2487,18.1,67.5,19.96,108.51,6.45,172.67,0.714,0.02492,0.007792,2.447,1.606,2.52,1.462,3.908,166.53,14.57,0.9275,1.531,0.6345,2.451,424.32,1.058,53.78,0.7679,11.11,2.439e-05,0.2223,3.003,1.316,2.355,0.2037,9.045,0.4842,8.624
2022-04-07T03:43:50,43267.15,3184.82,113.71,0.2482,18.09,67.3,19.95,108.5,6.444,172.44,0.7146,0.02489,0.007794,2.447,1.606,2.52,1.461,3.908,166.46,14.57,0.9274,1.532,0.6345,2.448,424.2,1.057,53.72,0.7678,11.07,2.438e-05,0.2223,3.001,1.314,2.352,0.2036,9.04,0.4842,8.629
2022-04-07T03:44:21,43261.14,3183.24,113.51,0.2481,18.08,67.2,19.94,108.46,6.441,172.48,0.7152,0.02484,0.007778,2.447,1.605,2.52,1.46,3.9,166.35,14.57,0.9274,1.532,0.6345,2.446,424.15,1.058,53.64,0.7672,11.08,2.437e-05,0.2219,2.997,1.313,2.35,0.2035,9.021,0.4837,8.622
2022-04-07T03:44:51,43280.28,3184.99,113.64,0.2489,18.08,67.2,19.95,108.45,6.445,172.47,0.7152,0.02489,0.007778,2.447,1.605,2.52,1.46,3.9,166.36,14.57,0.9274,1.532,0.6345,2.448,424.32,1.059,53.67,0.7675,11.11,2.44e-05,0.222,3.002,1.314,2.351,0.2036,9.014,0.4839,8.622
2022-04-07T03:45:21,43288.98,3185.47,113.77,0.249,18.09,67.2,19.98,108.5,6.46,172.49,0.7152,0.02494,0.007776,2.447,1.605,2.52,1.46,3.9,166.44,14.57,0.927,1.532,0.6345,2.45,424.55,1.058,53.68,0.7679,11.11,2.44e-05,0.222,3.002,1.314,2.352,0.2037,9.011,0.4838,8.623
2022-04-07T03:45:51,43285.86,3185.9,113.7,0.2484,18.09,67.3,19.97,108.46,6.46,172.42,0.7162,0.02495,0.007776,2.447,1.604,2.52,1.462,3.905,166.44,14.59,0.9245,1.532,0.6345,2.448,424.45,1.059,53.68,0.7679,11.11,2.439e-05,0.2222,2.999,1.313,2.352,0.2036,8.996,0.4841,8.628
2022-04-07T03:46:21,43257.88,3185.12,113.58,0.2478,18.09,67.3,19.95,108.37,6.456,172.2,0.7168,0.02495,0.007776,2.444,1.604,2.52,1.461,3.908,166.06,14.59,0.9245,1.532,0.6345,2.442,424.32,1.058,53.61,0.7673,11.09,2.435e-05,0.2215,2.997,1.312,2.349,0.2034,8.974,0.4833,8.628
2022-04-07T03:46:51,43236.74,3184.24,113.46,0.2475,18.09,67.3,19.92,108.17,6.439,172.1,0.7152,0.02493,0.007776,2.444,1.604,2.52,1.458,3.898,166.03,14.59,0.9245,1.532,0.6345,2.44,423.96,1.058,53.6,0.7672,11.07,2.434e-05,0.2215,2.993,1.31,2.346,0.2033,8.971,0.4833,8.621
2022-04-07T03:47:21,43266.83,3185.46,113.49,0.2483,18.06,67.3,19.92,108.19,6.445,172.34,0.7152,0.02501,0.007776,2.444,1.603,2.52,1.46,3.912,166.2,14.59,0.9245,1.529,0.6345,2.448,424.09,1.059,53.6,0.7673,11.15,2.435e-05,0.2219,3.001,1.312,2.348,0.2035,8.968,0.483,8.622
2022-04-07T03:47:51,43309.24,3187.87,113.88,0.2486,18.07,67.6,19.96,108.25,6.457,172.42,0.7153,0.02504,0.007785,2.444,1.603,2.52,1.461,3.911,166.32,14.59,0.9279,1.529,0.6345,2.449,424.16,1.059,53.76,0.7687,11.14,2.436e-05,0.2222,3.002,1.313,2.352,0.2037,8.992,0.4835,8.625
2022-04-07T03:48:22,43261.43,3182.76,113.45,0.248,18.09,67.3,19.92,108.17,6.446,171.99,0.7157,0.02495,0.007792,2.444,1.604,2.52,1.461,3.906,166.2,14.59,0.9279,1.529,0.6345,2.446,424.19,1.059,53.68,0.7685,11.11,2.436e-05,0.2217,2.995,1.312,2.348,0.2036,8.984,0.4829,8.624
2022-04-07T03:48:52,43243.84,3182.42,113.37,0.2476,18.09,67.3,19.92,108.16,6.452,171.86,0.7163,0.02495,0.007792,2.444,1.606,2.52,1.46,3.897,166.05,14.59,0.9279,1.529,0.6345,2.446,424.04,1.058,53.63,0.7684,11.11,2.435e-05,0.2216,2.995,1.31,2.347,0.2035,8.973,0.4827,8.623
2022-04-07T03:49:22,43226.13,3182.13,113.28,0.2474,18.09,67.4,19.91,108.05,6.447,171.75,0.7163,0.02499,0.007792,2.438,1.603,2.52,1.46,3.898,166.03,14.59,0.928,1.525,0.6345,2.444,423.86,1.057,53.63,0.7672,11.1,2.433e-05,0.2212,2.992,1.31,2.346,0.2034,8.969,0.4827,8.623
2022-04-07T03:49:52,43283.43,3184.03,113.56,0.2477,18.07,67.3,19.95,108.11,6.458,171.71,0.7163,0.02499,0.007792,2.438,1.602,2.52,1.461,3.898,166.16,14.59,0.928,1.536,0.6345,2.448,424.17,1.058,53.74,0.7675,11.14,2.438e-05,0.2218,2.998,1.311,2.349,0.2036,8.968,0.4826,8.623
2022-04-07T03:50:22,43298.53,3186.52,113.59,0.2478,18.05,67.3,19.94,108.19,6.467,171.99,0.7164,0.02508,0.007792,2.438,1.602,2.52,1.46,3.911,166.25,14.59,0.928,1.535,0.6345,2.449,424.4,1.058,53.75,0.7677,11.14,2.438e-05,0.2218,3,1.311,2.351,0.2037,8.977,0.4832,8.637
2022-04-07T03:50:52,43306.17,3186.24,113.55,0.2483,18.05,67.3,19.96,108.24,6.466,172.03,0.7164,0.02508,0.007792,2.438,1.602,2.52,1.46,3.913,166.3,14.56,0.928,1.535,0.6345,2.449,424.4,1.058,53.79,0.7677,11.13,2.439e-05,0.2218,3,1.312,2.351,0.2037,8.982,0.4842,8.637
2022-04-07T03:51:23,43312.06,3187.63,113.65,0.2484,18.05,67.3,19.96,108.32,6.469,171.86,0.7164,0.02507,0.007787,2.438,1.603,2.52,1.461,3.912,166.5,14.56,0.927,1.535,0.6345,2.451,424.46,1.058,53.8,0.7678,11.13,2.44e-05,0.2218,3.002,1.313,2.352,0.2037,8.982,0.4843,8.638
2022-04-07T03:51:53,43322.56,3188.75,113.7,0.2485,18.05,67.3,19.97,108.37,6.47,171.97,0.7159,0.02509,0.007795,2.438,1.603,2.52,1.461,3.916,166.57,14.48,0.9285,1.533,0.6345,2.454,424.9,1.059,53.86,0.7688,11.15,2.441e-05,0.2222,3.005,1.314,2.353,0.2038,8.987,0.4852,8.632
2022-04-07T03:52:23,43354.14,3190.34,113.92,0.2486,18.05,67.4,20,108.48,6.478,171.99,0.7155,0.02511,0.007802,2.447,1.603,2.52,1.462,3.914,166.71,14.48,0.9285,1.537,0.6345,2.457,425.02,1.06,53.92,0.7694,11.16,2.442e-05,0.2225,3.007,1.315,2.355,0.2039,8.991,0.4855,8.639
2022-04-07T03:52:53,43373.25,3191.32,113.98,0.2485,18.05,67.4,20,108.54,6.483,172.36,0.7155,0.02513,0.007802,2.447,1.603,2.52,1.463,3.917,166.7,14.48,0.9285,1.535,0.6345,2.459,425.3,1.06,53.94,0.7696,11.16,2.442e-05,0.2226,3.009,1.316,2.357,0.204,8.99,0.4853,8.64
2022-04-07T03:53:23,43370.75,3191.1,114.06,0.2485,18.05,67.4,20.01,108.53,6.48,172.35,0.7155,0.02512,0.0078,2.448,1.604,2.52,1.463,3.914,166.77,14.48,0.9293,1.529,0.6345,2.46,425.26,1.061,53.95,0.7696,11.15,2.442e-05,0.2225,3.009,1.316,2.357,0.204,9.002,0.4858,8.645
2022-04-07T03:53:53,43376.32,3190.63,114.05,0.2487,18.05,67.5,20.01,108.49,6.481,172.18,0.7155,0.02515,0.0078,2.448,1.605,2.52,1.463,3.913,166.74,14.48,0.9293,1.528,0.6345,2.459,425.34,1.061,53.97,0.7698,11.15,2.442e-05,0.2227,3.009,1.316,2.357,0.204,9.002,0.486,8.645
2022-04-07T03:54:23,43384.56,3190.48,114.05,0.2486,18.05,67.4,20.01,108.55,6.481,172.14,0.7159,0.02516,0.0078,2.448,1.604,2.52,1.464,3.917,166.76,14.48,0.9293,1.534,0.6345,2.46,425.32,1.061,53.97,0.7698,11.14,2.443e-05,0.2227,3.009,1.316,2.36,0.2041,9.003,0.4861,8.647
2022-04-07T03:54:53,43385.38,3191.27,114.05,0.2488,18.05,67.5,20.01,108.53,6.481,172.21,0.7159,0.02512,0.0078,2.448,1.604,2.52,1.464,3.914,166.77,14.48,0.9293,1.531,0.6345,2.46,425.36,1.061,53.96,0.7699,11.12,2.444e-05,0.2227,3.011,1.316,2.36,0.2041,9.004,0.4861,8.646
2022-04-07T03:55:23,43369.34,3190.92,113.94,0.2487,18.05,67.5,20,108.49,6.474,172.31,0.7159,0.02511,0.0078,2.447,1.605,2.52,1.463,3.901,166.66,14.48,0.9289,1.531,0.6345,2.458,425.21,1.06,53.95,0.7696,11.11,2.442e-05,0.2225,3.01,1.315,2.359,0.2041,9.005,0.4856,8.64
2022-04-07T03:55:54,43373.99,3191.15,114.02,0.2489,18.05,67.5,20.01,108.52,6.474,172.49,0.7159,0.02511,0.007821,2.447,1.605,2.52,1.463,3.911,166.74,14.54,0.9289,1.531,0.6345,2.459,425.24,1.061,53.95,0.7698,11.11,2.443e-05,0.2226,3.011,1.315,2.36,0.2041,9.008,0.486,8.64
2022-04-07T03:56:24,43379.65,3191.98,114.03,0.2489,18.05,67.5,20.01,108.53,6.483,172.77,0.7159,0.02514,0.007821,2.447,1.605,2.52,1.463,3.91,166.75,14.54,0.9289,1.531,0.6345,2.459,425.22,1.06,53.95,0.7697,11.12,2.443e-05,0.2226,3.013,1.315,2.36,0.2041,9.008,0.4856,8.645
2022-04-07T03:56:54,43367.77,3191.16,114.02,0.249,18.05,67.5,20.01,108.54,6.483,172.65,0.7166,0.02514,0.007821,2.447,1.605,2.52,1.464,3.911,166.71,14.54,0.9289,1.532,0.6345,2.46,425.29,1.061,53.93,0.7699,11.11,2.443e-05,0.2226,3.011,1.316,2.359,0.2041,9.008,0.4856,8.646
2022-04-07T03:57:24,43343.66,3188.6,113.88,0.2487,18.05,67.5,19.99,108.52,6.462,172.47,0.7166,0.02512,0.007821,2.447,1.602,2.52,1.462,3.91,166.6,14.54,0.9289,1.532,0.6345,2.458,425.01,1.06,53.92,0.7695,11.11,2.442e-05,0.2223,3.008,1.315,2.358,0.204,9.002,0.4855,8.646
2022-04-07T03:57:54,43323.85,3187.76,113.91,0.2486,18.05,67.5,20,108.44,6.461,172.05,0.7166,0.02511,0.007821,2.447,1.602,2.52,1.463,3.911,166.57,14.54,0.9285,1.531,0.6345,2.457,424.85,1.061,53.9,0.7694,11.1,2.442e-05,0.2223,3.008,1.315,2.358,0.204,8.995,0.4849,8.646
2022-04-07T03:58:24,43321.61,3188.01,113.96,0.2485,18.05,67.4,19.99,108.47,6.469,171.9,0.7166,0.02502,0.007799,2.447,1.604,2.52,1.462,3.912,166.52,14.54,0.9285,1.531,0.6345,2.457,424.93,1.06,53.89,0.7694,11.1,2.442e-05,0.2221,3.008,1.314,2.357,0.2039,8.995,0.4849,8.646
2022-04-07T03:58:54,43323.31,3188.72,113.98,0.2485,18.05,67.4,19.99,108.45,6.485,171.91,0.7166,0.02504,0.007799,2.447,1.604,2.52,1.462,3.912,166.49,14.44,0.9285,1.531,0.6345,2.457,425.05,1.06,53.89,0.7694,11.13,2.442e-05,0.2221,3.008,1.314,2.358,0.2039,9,0.4851,8.64
2022-04-07T03:59:24,43332.94,3188.85,114,0.2485,18.05,67.4,20,108.45,6.486,171.9,0.7166,0.02507,0.007799,2.447,1.604,2.52,1.462,3.915,166.44,14.44,0.9245,1.531,0.6345,2.458,425.01,1.061,53.86,0.7694,11.14,2.444e-05,0.2221,3.009,1.314,2.359,0.204,9.012,0.4849,8.648
2022-04-07T03:59:54,43304.24,3185.94,113.79,0.248,18.05,67.4,19.98,108.33,6.483,171.65,0.7169,0.02508,0.007799,2.447,1.603,2.52,1.46,3.915,166.25,14.5,0.9245,1.529,0.6345,2.455,424.98,1.061,53.82,0.7688,11.13,2.444e-05,0.2221,3.006,1.312,2.358,0.2039,9.006,0.485,8.638
2022-04-07T04:00:25,43303.65,3187.2,113.91,0.248,18.05,67.4,19.98,108.35,6.465,171.82,0.7155,0.02507,0.007799,2.444,1.603,2.52,1.462,3.929,166.31,14.5,0.9245,1.529,0.6345,2.458,425.02,1.06,53.84,0.769,11.14,2.442e-05,0.2221,3.006,1.312,2.356,0.204,9.016,0.4849,8.647
2022-04-07T04:00:55,43303.4,3187.39,113.86,0.2481,18.05,67.4,19.98,108.43,6.466,171.87,0.7158,0.02506,0.007799,2.444,1.603,2.52,1.463,3.933,166.28,14.5,0.9245,1.528,0.6345,2.458,425.08,1.061,53.87,0.7702,11.14,2.443e-05,0.2222,3.009,1.312,2.359,0.204,9.014,0.4849,8.65
2022-04-07T04:01:25,43278.42,3184.8,113.69,0.2476,18.05,67.5,19.95,108.38,6.47,171.47,0.7158,0.02507,0.007814,2.444,1.603,2.52,1.461,3.941,166.21,14.5,0.9245,1.528,0.6345,2.454,425,1.06,53.85,0.7703,11.15,2.442e-05,0.2219,3.005,1.31,2.358,0.2039,9.014,0.4847,8.651
2022-04-07T04:01:55,43277.83,3183.66,113.67,0.2474,18.05,67.4,19.93,108.35,6.471,171.43,0.7159,0.02506,0.007814,2.444,1.603,2.52,1.461,3.942,166.18,14.5,0.9245,1.528,0.6345,2.454,424.9,1.06,53.85,0.7706,11.13,2.441e-05,0.2218,3.003,1.31,2.356,0.204,8.992,0.4847,8.649
2022-04-07T04:02:25,43283.79,3183.63,113.67,0.2471,18.05,67.4,19.93,108.33,6.468,171.71,0.7162,0.02501,0.007814,2.444,1.603,2.52,1.46,3.95,166.17,14.5,0.9245,1.528,0.6345,2.454,424.89,1.06,53.85,0.7707,11.13,2.441e-05,0.2218,3.002,1.31,2.355,0.204,8.994,0.4844,8.649
2022-04-07T04:02:55,43288.15,3186.62,113.69,0.247,18.05,67.4,19.93,108.37,6.47,171.87,0.7162,0.025,0.007795,2.444,1.604,2.52,1.461,3.956,166.23,14.5,0.9245,1.538,0.6345,2.456,425.04,1.06,53.89,0.7712,11.13,2.442e-05,0.2218,3.002,1.31,2.355,0.204,8.994,0.4844,8.643
2022-04-07T04:03:25,43309.36,3189.29,113.94,0.247,18.05,67.4,19.94,108.38,6.477,172.26,0.7169,0.025,0.007795,2.449,1.604,2.52,1.462,3.943,166.3,14.5,0.9245,1.535,0.6345,2.458,425.07,1.061,53.96,0.7724,11.13,2.444e-05,0.2225,3.004,1.311,2.357,0.2041,9.003,0.4846,8.644
2022-04-07T04:03:55,43326.02,3189.35,113.97,0.2475,18.05,67.5,19.94,108.42,6.476,172.17,0.7169,0.02505,0.007795,2.449,1.604,2.52,1.464,3.953,166.42,14.5,0.9245,1.536,0.6345,2.458,425.59,1.062,53.99,0.7725,11.13,2.444e-05,0.2225,3.008,1.312,2.36,0.2044,9.017,0.4853,8.646
2022-04-07T04:04:25,43340.55,3190.28,114,0.2479,18.05,67.4,19.97,108.58,6.491,172.17,0.7169,0.02505,0.007795,2.446,1.607,2.52,1.464,3.966,166.57,14.5,0.9245,1.536,0.6345,2.461,425.82,1.062,54.03,0.7725,11.13,2.446e-05,0.2225,3.01,1.313,2.36,0.2043,9.028,0.4855,8.658
2022-04-07T04:04:56,43344.14,3190.37,113.99,0.2481,18.05,67.4,19.97,108.59,6.49,172.1,0.7165,0.02506,0.007795,2.446,1.607,2.52,1.465,3.97,166.59,14.5,0.9245,1.531,0.6345,2.462,426.03,1.063,54.03,0.7726,11.13,2.446e-05,0.2227,3.01,1.314,2.361,0.2044,9.034,0.4853,8.658
2022-04-07T04:05:26,43344.8,3191.99,114.07,0.2483,18.05,67.4,19.97,108.59,6.488,172.11,0.7165,0.02508,0.007795,2.446,1.607,2.52,1.465,3.97,166.52,14.5,0.9285,1.534,0.6345,2.462,426.14,1.063,54.03,0.7726,11.14,2.448e-05,0.2228,3.011,1.314,2.361,0.2045,9.039,0.4854,8.659
2022-04-07T04:05:56,43350.27,3192.08,114.08,0.2484,18.05,67.4,19.97,108.59,6.494,172.03,0.7192,0.02508,0.007814,2.446,1.607,2.52,1.465,3.976,166.53,14.5,0.9285,1.534,0.6345,2.463,426.16,1.063,54.05,0.7727,11.14,2.448e-05,0.2228,3.012,1.314,2.362,0.2045,9.038,0.4854,8.659
2022-04-07T04:06:26,43347.87,3192.04,114.07,0.2484,18.05,67.4,19.98,108.61,6.493,172.03,0.7204,0.0251,0.007814,2.446,1.607,2.52,1.466,3.976,166.53,14.5,0.9285,1.534,0.6345,2.463,426.07,1.062,54.06,0.7727,11.13,2.448e-05,0.2228,3.012,1.314,2.363,0.2045,9.038,0.4854,8.66
2022-04-07T04:06:56,43324.57,3191.33,114,0.2478,18.05,67.4,19.96,108.61,6.493,172,0.7228,0.02505,0.007814,2.446,1.606,2.52,1.465,3.968,166.44,14.5,0.9285,1.54,0.6345,2.464,426.02,1.061,53.99,0.7721,11.12,2.447e-05,0.2223,3.01,1.313,2.361,0.2045,9.041,0.4853,8.658
2022-04-07T04:07:26,43346.93,3192.19,114.18,0.2481,18.05,67.4,19.98,108.62,6.501,172.01,0.7231,0.02513,0.007814,2.446,1.608,2.52,1.466,3.977,166.53,14.5,0.9285,1.537,0.6345,2.465,426.14,1.062,54.01,0.7729,11.13,2.448e-05,0.2229,3.014,1.314,2.364,0.2046,9.046,0.4855,8.659
2022-04-07T04:07:56,43342.83,3191.77,114.07,0.2479,18.03,67.4,19.98,108.6,6.504,171.94,0.7232,0.02509,0.007814,2.446,1.607,2.52,1.466,3.979,166.49,14.5,0.9285,1.536,0.6345,2.464,426.18,1.062,53.99,0.7728,11.11,2.449e-05,0.2229,3.013,1.313,2.363,0.2045,9.041,0.4852,8.652
2022-04-07T04:08:26,43321.22,3191.32,114.06,0.2475,17.9,67.3,19.96,108.59,6.5,171.91,0.7235,0.02506,0.007799,2.446,1.607,2.52,1.465,3.96,166.51,14.5,0.9285,1.536,0.6345,2.463,425.95,1.061,53.91,0.7728,11.09,2.447e-05,0.2229,3.011,1.313,2.36,0.2045,9.04,0.4851,8.648
2022-04-07T04:08:57,43329.08,3191.5,114.07,0.2477,17.9,67.3,19.96,108.56,6.499,171.9,0.7236,0.02507,0.007799,2.446,1.607,2.52,1.465,3.977,166.54,14.5,0.9285,1.536,0.6345,2.462,425.99,1.061,53.96,0.7727,11.09,2.449e-05,0.2227,3.01,1.312,2.361,0.2046,9.043,0.485,8.647
2022-04-07T04:09:27,43341.67,3192.75,114.15,0.2477,17.9,67.3,19.98,108.62,6.493,172.13,0.7238,0.02509,0.007799,2.446,1.607,2.52,1.466,3.982,166.76,14.5,0.9277,1.539,0.6345,2.462,426.1,1.062,54,0.773,11.11,2.451e-05,0.2227,3.014,1.314,2.36,0.2047,9.051,0.4851,8.652
2022-04-07T04:09:58,43342.16,3192.68,114.15,0.2479,17.9,67.3,19.97,108.65,6.47,172.14,0.7238,0.02511,0.007799,2.446,1.607,2.52,1.466,3.977,166.73,14.51,0.9277,1.54,0.6345,2.464,426.26,1.063,54.04,0.7729,11.1,2.452e-05,0.2227,3.015,1.314,2.36,0.2047,9.053,0.4851,8.653
2022-04-07T04:10:28,43332.37,3192.31,114.13,0.2475,17.9,67.3,19.96,108.58,6.462,172.06,0.7238,0.02513,0.007799,2.446,1.608,2.52,1.465,3.974,166.7,14.51,0.9284,1.539,0.6345,2.462,425.88,1.061,54,0.7726,11.09,2.45e-05,0.2227,3.012,1.313,2.359,0.2047,9.053,0.4847,8.654
2022-04-07T04:10:58,43338.44,3193.18,114.09,0.2474,17.9,67.4,19.95,108.57,6.464,171.97,0.7252,0.02516,0.007799,2.446,1.608,2.52,1.465,3.978,166.73,14.51,0.9284,1.541,0.6345,2.463,426.01,1.061,54.01,0.7726,11.09,2.451e-05,0.2227,3.013,1.313,2.358,0.2046,9.049,0.4852,8.654
2022-04-07T04:11:28,43341.27,3194.19,114.19,0.2475,17.9,67.4,19.96,108.58,6.468,171.9,0.7252,0.02513,0.007799,2.445,1.608,2.52,1.465,3.977,166.71,14.51,0.9284,1.541,0.6345,2.464,426.07,1.062,54.04,0.7726,11.08,2.453e-05,0.2227,3.011,1.313,2.359,0.2047,9.048,0.4851,8.653
2022-04-07T04:11:58,43349.37,3195.92,114.24,0.2479,17.9,67.4,19.97,108.64,6.482,171.9,0.7267,0.02515,0.007798,2.444,1.608,2.52,1.465,3.979,166.75,14.51,0.9284,1.541,0.6345,2.465,426.3,1.063,54.1,0.7727,11.1,2.454e-05,0.223,3.015,1.314,2.36,0.2048,9.053,0.4852,8.653
2022-04-07T04:12:28,43346.22,3194.8,114.2,0.2483,17.9,67.4,19.96,108.62,6.483,171.8,0.7266,0.02515,0.007798,2.444,1.609,2.52,1.465,3.98,166.71,14.51,0.9284,1.54,0.6345,2.464,426.35,1.062,54.11,0.7729,11.09,2.453e-05,0.2229,3.012,1.313,2.36,0.2047,9.056,0.4851,8.653
2022-04-07T04:12:58,43355.44,3194.86,114.21,0.2477,17.9,67.4,19.97,108.63,6.489,171.85,0.7266,0.02516,0.007782,2.444,1.609,2.52,1.466,3.982,166.77,14.51,0.9284,1.54,0.6345,2.464,426.34,1.062,54.16,0.773,11.09,2.455e-05,0.2229,3.012,1.313,2.361,0.2048,9.056,0.4851,8.652
2022-04-07T04:13:28,43335.85,3192.89,114.05,0.2477,17.94,67.4,19.94,108.56,6.493,171.56,0.7266,0.02514,0.007793,2.449,1.611,2.52,1.466,3.975,166.5,14.51,0.9284,1.54,0.6345,2.46,425.94,1.061,54.18,0.7725,11.07,2.45e-05,0.2227,3.011,1.313,2.36,0.2047,9.062,0.485,8.648
2022-04-07T04:13:58,43255.18,3189.88,113.92,0.2472,17.94,67.2,19.91,108.5,6.483,171.39,0.7266,0.02511,0.007785,2.446,1.61,2.52,1.461,3.977,166.29,14.51,0.9284,1.54,0.6345,2.454,425.27,1.059,54.17,0.7711,11.05,2.448e-05,0.222,3.009,1.311,2.356,0.2045,9.053,0.4842,8.642
2022-04-07T04:14:28,43287.77,3190.68,113.93,0.247,17.92,67.2,19.92,108.47,6.471,172.23,0.7266,0.02511,0.007785,2.446,1.61,2.52,1.463,3.989,166.45,14.51,0.9284,1.534,0.6345,2.457,425.67,1.06,54.12,0.7725,11.07,2.449e-05,0.2224,3.009,1.308,2.357,0.2046,9.056,0.4835,8.636
2022-04-07T04:14:59,43255.59,3188.3,113.79,0.2468,17.92,67.1,19.88,108.38,6.468,172.01,0.7257,0.02512,0.007776,2.446,1.61,2.52,1.461,3.989,166.42,14.52,0.9263,1.534,0.6345,2.456,425.52,1.059,54.11,0.7717,11.05,2.446e-05,0.222,3.005,1.307,2.355,0.2045,9.052,0.4832,8.637
2022-04-07T04:15:29,43236.71,3187.77,113.77,0.2465,17.92,67.1,19.88,108.31,6.462,171.86,0.7257,0.02509,0.007768,2.446,1.61,2.52,1.46,3.989,166.31,14.52,0.9263,1.534,0.6345,2.453,425.41,1.059,54.1,0.7714,11.05,2.446e-05,0.222,3.003,1.307,2.354,0.2045,9.046,0.4828,8.637
2022-04-07T04:15:59,43224.02,3186.71,113.78,0.2465,17.94,67.1,19.87,108.24,6.468,171.51,0.7254,0.02508,0.007753,2.446,1.61,2.52,1.459,4.003,166.27,14.52,0.9263,1.534,0.6345,2.45,425.35,1.058,54.04,0.7714,11.07,2.445e-05,0.2214,3.001,1.306,2.352,0.2043,9.041,0.4829,8.636
2022-04-07T04:16:29,43253.41,3188.95,113.79,0.2466,17.88,67.1,19.88,108.23,6.47,171.63,0.7254,0.02511,0.007753,2.451,1.61,2.52,1.46,4,166.36,14.52,0.9263,1.533,0.6345,2.454,425.42,1.059,54.04,0.7714,11.07,2.446e-05,0.2216,3.002,1.306,2.353,0.2044,9.045,0.4826,8.642
2022-04-07T04:16:59,43259.86,3189.8,113.99,0.2467,17.88,67.2,19.9,108.3,6.464,171.54,0.7254,0.02512,0.007769,2.447,1.61,2.52,1.46,4.003,166.66,14.52,0.9263,1.533,0.6345,2.455,425.47,1.058,54.09,0.7719,11.06,2.446e-05,0.2217,3.006,1.307,2.354,0.2046,9.057,0.4825,8.644
2022-04-07T04:17:29,43265.18,3189.59,113.98,0.2467,17.88,67.2,19.9,108.4,6.466,171.52,0.7254,0.02512,0.007769,2.447,1.61,2.52,1.46,4,166.62,14.52,0.9263,1.533,0.6345,2.454,425.49,1.059,54.1,0.772,11.06,2.446e-05,0.2217,3.006,1.308,2.355,0.2045,9.058,0.4827,8.644
2022-04-07T04:17:59,43265.92,3189.25,113.92,0.2465,17.87,67.2,19.9,108.35,6.46,171.39,0.7255,0.02512,0.007769,2.447,1.61,2.52,1.46,4.004,166.62,14.52,0.9284,1.533,0.6345,2.454,425.47,1.058,54.08,0.772,11.07,2.447e-05,0.222,3.006,1.308,2.354,0.2045,9.051,0.4825,8.645
2022-04-07T04:18:29,43253.62,3187.38,113.77,0.2462,17.87,67.2,19.87,108.24,6.467,171.16,0.7252,0.02511,0.007769,2.447,1.61,2.52,1.459,4.012,166.42,14.52,0.9284,1.532,0.6345,2.452,425.26,1.058,54.04,0.7718,11.07,2.446e-05,0.222,3.001,1.306,2.353,0.2045,9.043,0.4821,8.643
2022-04-07T04:18:59,43267.19,3187.93,113.74,0.2463,17.87,67.2,19.87,108.22,6.474,171.19,0.7255,0.02511,0.007769,2.447,1.61,2.52,1.459,4.011,166.36,14.52,0.9284,1.532,0.6345,2.451,425.12,1.057,54.03,0.7716,11.07,2.445e-05,0.222,3,1.306,2.351,0.2044,9.039,0.4821,8.649
2022-04-07T04:19:30,43271.71,3188.27,113.73,0.2462,17.87,67.1,19.88,108.29,6.479,171.15,0.7255,0.02513,0.007778,2.447,1.61,2.52,1.46,4.011,166.39,14.52,0.9315,1.532,0.6082,2.453,425.08,1.058,54.07,0.7717,11.08,2.447e-05,0.222,3.002,1.307,2.352,0.2045,9.041,0.4825,8.65
2022-04-07T04:20:00,43281.6,3189.9,113.75,0.2463,17.87,67.2,19.88,108.3,6.496,171.18,0.7254,0.02513,0.007778,2.447,1.61,2.52,1.46,4.019,166.5,14.52,0.9315,1.53,0.6082,2.453,425.12,1.058,54.09,0.772,11.09,2.448e-05,0.222,3.004,1.308,2.353,0.2045,9.045,0.483,8.653
2022-04-07T04:20:30,43282.45,3190.49,113.9,0.246,17.87,67.2,19.9,108.36,6.49,171.12,0.7254,0.02514,0.007778,2.447,1.61,2.52,1.46,4.016,166.44,14.52,0.9315,1.53,0.6082,2.455,425.14,1.058,54.14,0.7721,11.11,2.448e-05,0.222,3.004,1.308,2.352,0.2046,9.047,0.4831,8.653
2022-04-07T04:21:00,43280.88,3189.79,113.81,0.2459,17.84,67.2,19.89,108.41,6.479,171.06,0.7254,0.02513,0.007778,2.447,1.611,2.52,1.462,4.022,166.29,14.52,0.9315,1.53,0.6082,2.456,425.19,1.058,54.17,0.7722,11.1,2.448e-05,0.222,3.002,1.308,2.353,0.2046,9.045,0.4829,8.66
2022-04-07T04:21:30,43293.43,3190.26,113.83,0.2457,17.84,67.2,19.9,108.46,6.481,171.03,0.7254,0.02514,0.007778,2.447,1.611,2.52,1.462,4.018,166.5,14.52,0.9315,1.527,0.6082,2.457,425.29,1.059,54.19,0.7723,11.11,2.448e-05,0.2223,3.003,1.309,2.354,0.2047,9.046,0.4831,8.66
2022-04-07T04:22:00,43299.67,3190.44,113.84,0.2459,17.83,67.2,19.9,108.51,6.481,171.09,0.7254,0.02515,0.007778,2.447,1.611,2.52,1.462,4.018,166.51,14.52,0.9315,1.527,0.6082,2.457,425.35,1.058,54.21,0.7724,11.11,2.449e-05,0.2223,3.005,1.309,2.354,0.2046,9.046,0.4836,8.662
2022-04-07T04:22:30,43288.59,3190.75,113.82,0.2458,17.83,67.2,19.89,108.48,6.474,171.02,0.7251,0.02514,0.007778,2.447,1.611,2.52,1.462,4.002,166.47,14.52,0.9315,1.527,0.6082,2.454,425.41,1.059,54.18,0.772,11.1,2.448e-05,0.2223,3.005,1.309,2.355,0.2046,9.043,0.4829,8.656
2022-04-07T04:23:00,43287.31,3190.94,113.85,0.2459,17.83,67.3,19.9,108.51,6.474,171.06,0.7263,0.02511,0.007778,2.45,1.611,2.52,1.462,4.001,166.46,14.52,0.9315,1.527,0.6082,2.455,425.41,1.059,54.22,0.7721,11.1,2.448e-05,0.2223,3.005,1.309,2.354,0.2047,9.043,0.4833,8.661
2022-04-07T04:23:31,43302.37,3192.21,113.86,0.246,17.83,67.2,19.9,108.59,6.48,171.07,0.7265,0.0251,0.007778,2.45,1.611,2.52,1.462,4.011,166.53,14.52,0.9315,1.527,0.6082,2.456,425.46,1.059,54.29,0.7723,11.12,2.45e-05,0.2225,3.006,1.31,2.355,0.2048,9.054,0.4833,8.662
2022-04-07T04:24:01,43309.37,3193.15,113.88,0.246,17.83,67.2,19.91,108.55,6.462,171.13,0.7267,0.02512,0.007766,2.45,1.611,2.52,1.462,4.019,166.69,14.52,0.9315,1.528,0.6082,2.46,425.63,1.059,54.37,0.7724,11.13,2.45e-05,0.2225,3.008,1.31,2.357,0.2048,9.057,0.4833,8.662
2022-04-07T04:24:31,43317.74,3193.93,114.04,0.2465,17.84,67.2,19.94,108.55,6.456,171.16,0.7267,0.02512,0.007766,2.45,1.611,2.52,1.464,4.029,166.91,14.52,0.9315,1.525,0.6082,2.461,425.83,1.061,54.52,0.7727,11.14,2.451e-05,0.2227,3.009,1.311,2.36,0.2049,9.062,0.4837,8.663
2022-04-07T04:25:01,43318.27,3193.8,114.04,0.2462,17.84,67.2,19.93,108.52,6.462,171.19,0.7252,0.02512,0.00778,2.45,1.611,2.52,1.465,4.054,166.85,14.52,0.9315,1.529,0.6082,2.461,425.86,1.061,54.56,0.7726,11.12,2.452e-05,0.2228,3.015,1.312,2.362,0.205,9.068,0.4834,8.664
2022-04-07T04:25:31,43325.31,3194.31,114.17,0.246,17.84,67.4,19.93,108.54,6.461,171.25,0.7257,0.02513,0.00778,2.449,1.612,2.52,1.464,4.082,166.85,14.52,0.9315,1.529,0.6082,2.461,425.95,1.061,54.81,0.7728,11.12,2.452e-05,0.2227,3.017,1.312,2.364,0.205,9.066,0.4841,8.665
2022-04-07T04:26:01,43334.62,3194.97,114.18,0.246,17.84,67.4,19.94,108.54,6.458,171.21,0.7257,0.02512,0.00778,2.449,1.612,2.52,1.465,4.095,166.83,14.52,0.9315,1.531,0.6082,2.462,426.14,1.061,54.8,0.773,11.12,2.453e-05,0.223,3.018,1.313,2.364,0.205,9.073,0.4843,8.671
2022-04-07T04:26:31,43345.62,3195.24,114.2,0.2458,17.84,67.4,19.95,108.56,6.461,171.42,0.7253,0.02515,0.00778,2.451,1.612,2.52,1.466,4.081,166.92,14.52,0.9315,1.529,0.6082,2.462,426.2,1.062,54.78,0.7735,11.13,2.454e-05,0.223,3.018,1.313,2.365,0.205,9.073,0.4844,8.672
2022-04-07T04:27:02,43354.68,3196.14,114.19,0.2458,17.84,67.4,19.95,108.57,6.465,172.1,0.7255,0.02515,0.00778,2.451,1.612,2.52,1.465,4.081,166.92,14.52,0.9315,1.529,0.6082,2.462,426.29,1.062,54.84,0.7734,11.15,2.454e-05,0.223,3.018,1.313,2.365,0.205,9.08,0.484,8.672
2022-04-07T04:27:32,43340.52,3195.36,114.17,0.2459,17.84,67.4,19.95,108.56,6.462,172.1,0.7262,0.02516,0.007777,2.449,1.613,2.52,1.466,4.078,166.93,14.52,0.9315,1.529,0.6082,2.462,426.19,1.062,54.85,0.7733,11.14,2.453e-05,0.223,3.018,1.313,2.365,0.205,9.078,0.484,8.678
2022-04-07T04:28:02,43346.35,3197.26,114.19,0.2459,17.82,67.3,19.95,108.61,6.463,172.3,0.7266,0.02517,0.0078,2.449,1.615,2.52,1.466,4.079,166.96,14.52,0.9315,1.529,0.6082,2.463,426.36,1.063,54.85,0.7734,11.14,2.454e-05,0.223,3.02,1.313,2.365,0.205,9.08,0.484,8.677
2022-04-07T04:28:32,43339.72,3196.38,114.18,0.2457,17.82,67.3,19.95,108.63,6.463,172.31,0.7266,0.02516,0.0078,2.45,1.615,2.52,1.466,4.079,166.95,14.52,0.9315,1.532,0.6082,2.462,426.4,1.062,54.78,0.7733,11.15,2.456e-05,0.223,3.019,1.314,2.366,0.205,9.081,0.4842,8.672
2022-04-07T04:29:02,43337.06,3195.87,114.13,0.2457,17.84,67.3,19.96,108.6,6.463,172.2,0.7266,0.02514,0.007799,2.45,1.615,2.52,1.466,4.074,166.94,14.53,0.9267,1.532,0.6082,2.461,426.3,1.062,54.75,0.7732,11.14,2.455e-05,0.223,3.018,1.313,2.365,0.205,9.08,0.4841,8.678
2022-04-07T04:29:32,43345.29,3196.14,114.14,0.2458,17.83,67.4,19.96,108.66,6.472,172.34,0.7266,0.02514,0.007799,2.451,1.615,2.52,1.466,4.077,166.94,14.53,0.9303,1.532,0.6082,2.463,426.34,1.062,54.71,0.7733,11.14,2.455e-05,0.223,3.019,1.313,2.365,0.205,9.078,0.4841,8.679
2022-04-07T04:30:02,43353.79,3196.34,114.14,0.246,17.83,67.4,19.96,108.68,6.474,172.29,0.7266,0.02516,0.007799,2.451,1.614,2.52,1.467,4.064,167,14.53,0.9303,1.532,0.6082,2.463,426.39,1.063,54.72,0.7734,11.16,2.455e-05,0.2232,3.02,1.314,2.366,0.205,9.083,0.4841,8.68
2022-04-07T04:30:32,43352.85,3196.88,114.15,0.2464,17.83,67.5,19.97,108.69,6.48,172.42,0.7267,0.02513,0.007799,2.45,1.614,2.52,1.467,4.056,166.98,14.53,0.9303,1.549,0.6082,2.462,426.41,1.063,54.76,0.7734,11.16,2.457e-05,0.2232,3.02,1.314,2.368,0.205,9.082,0.4848,8.68
2022-04-07T04:31:02,43339.8,3195.74,114.17,0.2466,17.83,67.3,19.96,108.69,6.472,172.36,0.7267,0.02504,0.007799,2.45,1.615,2.52,1.466,4.046,166.95,14.53,0.9303,1.549,0.6082,2.462,426.21,1.063,54.75,0.7734,11.13,2.457e-05,0.2232,3.02,1.313,2.368,0.2052,9.08,0.4846,8.68
2022-04-07T04:31:33,43353.35,3197.04,114.22,0.2468,17.83,67.5,19.97,108.72,6.48,172.45,0.7267,0.02504,0.0078,2.45,1.614,2.52,1.467,4.046,166.94,14.53,0.9303,1.549,0.6082,2.463,426.39,1.063,54.77,0.7737,11.13,2.458e-05,0.2231,3.021,1.313,2.367,0.2053,9.079,0.4848,8.673
2022-04-07T04:32:03,43341.95,3194.97,114.15,0.2468,17.83,67.5,19.96,108.7,6.475,172.61,0.7269,0.02504,0.0078,2.45,1.614,2.52,1.467,4.042,166.95,14.53,0.9303,1.551,0.6082,2.461,426.35,1.063,54.84,0.7735,11.12,2.459e-05,0.2232,3.019,1.313,2.368,0.2053,9.073,0.4847,8.673
2022-04-07T04:32:33,43334.92,3193.81,113.97,0.2468,17.83,67.5,19.94,108.61,6.479,172.67,0.7269,0.02505,0.0078,2.452,1.613,2.52,1.466,4.04,166.87,14.53,0.9303,1.553,0.6082,2.461,426.06,1.062,54.84,0.7734,11.11,2.457e-05,0.223,3.016,1.312,2.365,0.2052,9.068,0.4846,8.673
2022-04-07T04:33:03,43347.97,3195.2,114.11,0.2474,17.82,67.5,19.97,108.61,6.489,173.03,0.7277,0.02507,0.0078,2.452,1.611,2.52,1.467,4.051,167.05,14.53,0.9313,1.554,0.6082,2.463,426.34,1.063,54.85,0.7745,11.12,2.46e-05,0.2229,3.02,1.312,2.367,0.2057,9.067,0.4846,8.673
2022-04-07T04:33:33,43350.83,3197.82,114.16,0.2474,17.82,67.5,19.97,108.67,6.496,173.09,0.7277,0.02509,0.0078,2.452,1.611,2.52,1.467,4.05,167.12,14.53,0.9313,1.555,0.6082,2.465,426.42,1.063,54.92,0.7748,11.14,2.461e-05,0.2233,3.02,1.313,2.368,0.2064,9.083,0.4848,8.679
2022-04-07T04:34:03,43351.04,3198.37,114.19,0.2477,17.82,67.5,19.97,108.65,6.502,173.07,0.7277,0.02515,0.007812,2.452,1.611,2.52,1.468,4.05,167.13,14.53,0.9313,1.566,0.6082,2.465,426.56,1.064,54.92,0.7749,11.15,2.461e-05,0.2233,3.02,1.314,2.368,0.2064,9.083,0.4855,8.681
2022-04-07T04:34:33,43339.89,3198.15,114.17,0.2477,17.84,67.5,19.97,108.59,6.503,173.03,0.7282,0.02517,0.007812,2.452,1.611,2.52,1.465,4.056,167.11,14.53,0.9313,1.56,0.6082,2.464,426.4,1.063,54.88,0.7745,11.15,2.46e-05,0.2231,3.018,1.314,2.367,0.2064,9.086,0.4855,8.68
2022-04-07T04:35:03,43359.49,3199.61,114.15,0.248,17.82,67.5,19.98,108.63,6.481,173.15,0.7282,0.02518,0.007815,2.452,1.611,2.52,1.467,4.057,167.11,14.53,0.9302,1.563,0.6082,2.465,426.57,1.063,54.79,0.7749,11.17,2.461e-05,0.2233,3.019,1.314,2.367,0.2067,9.083,0.4858,8.69
2022-04-07T04:35:33,43354.8,3199.36,114.13,0.2483,17.82,67.4,19.98,108.65,6.475,173.24,0.7284,0.02518,0.007815,2.452,1.61,2.52,1.466,4.065,167.11,14.53,0.9302,1.561,0.6082,2.465,426.56,1.063,54.76,0.7749,11.15,2.461e-05,0.2232,3.018,1.313,2.366,0.2068,9.086,0.4859,8.69
2022-04-07T04:36:04,43366.6,3200.22,114.17,0.2485,17.82,67.6,19.98,108.69,6.471,173.27,0.7284,0.02517,0.007815,2.451,1.61,2.52,1.467,4.069,167.12,14.61,0.9302,1.561,0.6082,2.465,426.69,1.063,54.74,0.775,11.17,2.462e-05,0.2233,3.019,1.314,2.367,0.2068,9.087,0.4862,8.691
2022-04-07T04:36:34,43375.04,3201.74,114.23,0.2487,17.82,67.6,19.99,108.69,6.474,173.82,0.7284,0.02519,0.007815,2.453,1.61,2.52,1.467,4.072,167.15,14.61,0.9302,1.565,0.6082,2.466,426.76,1.064,54.76,0.775,11.16,2.463e-05,0.2235,3.021,1.314,2.368,0.2069,9.088,0.4862,8.692
2022-04-07T04:37:04,43376.01,3201.68,114.27,0.2487,17.82,67.6,19.99,108.74,6.474,173.88,0.7284,0.02523,0.007815,2.453,1.611,2.52,1.467,4.072,167.22,14.61,0.9302,1.563,0.6082,2.468,426.75,1.063,54.75,0.775,11.18,2.463e-05,0.2235,3.021,1.314,2.368,0.2069,9.085,0.4868,8.698
2022-04-07T04:37:34,43372,3201.73,114.27,0.2487,17.82,67.6,19.99,108.75,6.475,174.06,0.7289,0.02523,0.007802,2.453,1.611,2.52,1.467,4.078,167.2,14.61,0.9303,1.564,0.6082,2.467,426.73,1.064,54.74,0.7746,11.17,2.463e-05,0.2236,3.021,1.314,2.368,0.207,9.073,0.4863,8.693
2022-04-07T04:38:04,43377.92,3203.42,114.33,0.2488,17.83,67.6,19.99,108.77,6.476,174.07,0.7285,0.02525,0.007802,2.453,1.611,2.52,1.467,4.086,167.22,14.61,0.9303,1.562,0.6082,2.467,426.89,1.064,54.75,0.7749,11.15,2.463e-05,0.2237,3.023,1.315,2.369,0.2074,9.076,0.4864,8.698
2022-04-07T04:38:34,43362.24,3202.11,114.28,0.2488,17.82,67.6,19.99,108.8,6.479,174.13,0.7291,0.02526,0.007802,2.452,1.611,2.52,1.467,4.086,167.16,14.61,0.9303,1.562,0.6082,2.466,426.72,1.064,54.75,0.7749,11.13,2.462e-05,0.2235,3.021,1.314,2.369,0.2073,9.077,0.4864,8.688
2022-04-07T04:39:04,43367.09,3203.26,114.34,0.2489,17.82,67.5,19.99,108.79,6.477,174.21,0.7291,0.02522,0.007802,2.452,1.611,2.52,1.468,4.085,167.22,14.63,0.9303,1.56,0.6082,2.468,426.87,1.064,54.71,0.7748,11.13,2.461e-05,0.2233,3.022,1.314,2.368,0.2073,9.08,0.4867,8.696
2022-04-07T04:39:34,43375.78,3203.38,114.41,0.2493,17.82,67.5,19.99,108.83,6.48,174.4,0.7286,0.02525,0.007802,2.452,1.611,2.52,1.468,4.085,167.27,14.63,0.9303,1.559,0.6082,2.467,426.93,1.064,54.73,0.7748,11.14,2.462e-05,0.2233,3.025,1.315,2.37,0.2074,9.086,0.4869,8.697
2022-04-07T04:40:04,43373.67,3202.52,114.37,0.2492,17.82,67.5,19.99,108.81,6.483,174.36,0.7286,0.02525,0.007802,2.452,1.611,2.52,1.467,4.085,167.26,14.63,0.9303,1.56,0.6082,2.467,427.03,1.064,54.7,0.7747,11.14,2.462e-05,0.2235,3.024,1.315,2.37,0.2073,9.089,0.4872,8.693
2022-04-07T04:40:34,43365.54,3202.02,114.42,0.2491,17.82,67.4,20,108.89,6.492,173.99,0.7284,0.02526,0.007802,2.452,1.612,2.52,1.467,4.085,167.24,14.63,0.9317,1.559,0.6082,2.467,426.79,1.064,54.7,0.7745,11.12,2.461e-05,0.2234,3.024,1.314,2.369,0.2073,9.089,0.487,8.698
2022-04-07T04:41:05,43362.7,3200.41,114.4,0.249,17.82,67.4,19.99,108.9,6.489,173.73,0.7294,0.02524,0.007802,2.452,1.611,2.52,1.468,4.09,167.2,14.63,0.9317,1.559,0.6082,2.466,426.88,1.064,54.66,0.7743,11.12,2.46e-05,0.2234,3.022,1.314,2.368,0.2073,9.075,0.4871,8.693
2022-04-07T04:41:35,43357.61,3201.29,114.4,0.249,17.82,67.4,20,108.9,6.489,173.91,0.7296,0.02523,0.007802,2.452,1.611,2.52,1.467,4.092,167.19,14.63,0.9317,1.559,0.6082,2.466,426.87,1.064,54.66,0.7742,11.12,2.461e-05,0.2234,3.023,1.314,2.368,0.2073,9.074,0.4872,8.699
2022-04-07T04:42:05,43355.57,3201.06,114.29,0.249,17.82,67.6,20,108.94,6.489,174.05,0.7304,0.02525,0.007802,2.452,1.611,2.52,1.467,4.096,167.22,14.64,0.9317,1.557,0.6082,2.466,426.89,1.064,54.65,0.7743,11.12,2.46e-05,0.2234,3.023,1.314,2.368,0.2072,9.071,0.4873,8.699
2022-04-07T04:42:35,43344.99,3200.14,114.21,0.2491,17.82,67.6,20,108.96,6.48,174.11,0.7304,0.02526,0.007802,2.452,1.612,2.52,1.467,4.089,167.19,14.64,0.9341,1.557,0.6082,2.465,426.82,1.064,54.65,0.7743,11.1,2.459e-05,0.2234,3.021,1.313,2.368,0.2073,9.064,0.4872,8.699
2022-04-07T04:43:05,43317.3,3197.07,114.14,0.2489,17.82,67.5,19.99,108.93,6.473,174.1,0.7304,0.02525,0.007802,2.452,1.612,2.52,1.466,4.089,167.15,14.64,0.9341,1.56,0.6082,2.464,426.72,1.064,54.59,0.774,11.11,2.458e-05,0.2234,3.02,1.312,2.368,0.2073,9.056,0.4872,8.692
2022-04-07T04:43:35,43315.34,3194.54,114.12,0.2488,17.81,67.4,20,108.81,6.479,174.4,0.7304,0.02524,0.007788,2.452,1.611,2.52,1.465,4.085,167.07,14.64,0.9333,1.56,0.6082,2.463,426.64,1.065,54.53,0.7739,11.11,2.457e-05,0.223,3.021,1.312,2.367,0.2073,9.058,0.4871,8.692
2022-04-07T04:44:05,43299.57,3194.36,114,0.2486,17.77,67.4,19.98,108.7,6.486,174.48,0.7304,0.02522,0.007788,2.452,1.611,2.52,1.464,4.076,166.99,14.64,0.9333,1.564,0.6082,2.461,426.62,1.063,54.48,0.7741,11.1,2.456e-05,0.2226,3.017,1.311,2.366,0.2073,9.054,0.4869,8.692
2022-04-07T04:44:35,43291.19,3194.12,113.96,0.2486,17.83,67.4,19.98,108.63,6.478,174.43,0.7308,0.02519,0.007788,2.453,1.612,2.52,1.463,4.076,167.04,14.64,0.9333,1.562,0.6082,2.46,426.51,1.063,54.45,0.7737,11.1,2.454e-05,0.2227,3.015,1.311,2.363,0.2073,9.054,0.4866,8.686
2022-04-07T04:45:06,43287.85,3192.57,113.92,0.2485,17.83,67.4,19.98,108.61,6.478,174.42,0.7304,0.0252,0.007788,2.451,1.612,2.52,1.463,4.07,167.06,14.64,0.9333,1.562,0.6082,2.46,426.35,1.063,54.5,0.7736,11.1,2.454e-05,0.2227,3.014,1.31,2.363,0.2073,9.049,0.4865,8.687
2022-04-07T04:45:36,43283.44,3190.6,113.86,0.2481,17.82,67.4,19.97,108.55,6.486,174.7,0.7305,0.02521,0.007788,2.451,1.611,2.52,1.462,4.063,166.96,14.64,0.9333,1.562,0.6082,2.46,426.03,1.062,54.49,0.7734,11.1,2.451e-05,0.2227,3.011,1.309,2.361,0.2073,9.048,0.4861,8.693
2022-04-07T04:46:06,43314.82,3194.17,113.97,0.2481,17.82,67.6,19.97,108.65,6.48,174.84,0.7301,0.02521,0.007787,2.451,1.611,2.52,1.465,4.074,167.09,14.64,0.9337,1.561,0.6082,2.463,426.37,1.063,54.49,0.7737,11.1,2.451e-05,0.2227,3.013,1.309,2.362,0.2075,9.057,0.4866,8.693
2022-04-07T04:46:36,43367.85,3199.37,114.23,0.2482,17.82,67.5,20.04,108.74,6.499,175.15,0.7311,0.02529,0.007787,2.451,1.612,2.52,1.466,4.074,167.32,14.64,0.9337,1.56,0.6082,2.467,426.84,1.065,54.52,0.7751,11.13,2.457e-05,0.2229,3.019,1.312,2.367,0.2079,9.074,0.4872,8.709
2022-04-07T04:47:06,43369.13,3199.95,114.23,0.2491,17.82,67.5,20.06,108.79,6.499,175.19,0.7311,0.02533,0.007793,2.451,1.613,2.52,1.467,4.069,167.31,14.65,0.9337,1.56,0.6082,2.466,426.93,1.065,54.55,0.7751,11.11,2.458e-05,0.223,3.019,1.313,2.367,0.2079,9.087,0.4879,8.704
2022-04-07T04:47:36,43365.48,3198.3,114.23,0.2492,17.82,67.5,20.05,108.83,6.497,175.38,0.7311,0.02534,0.007801,2.451,1.613,2.54,1.466,4.072,167.31,14.65,0.9337,1.56,0.6082,2.467,426.93,1.065,54.55,0.7752,11.1,2.458e-05,0.2229,3.017,1.314,2.367,0.2078,9.084,0.4879,8.705
2022-04-07T04:48:07,43364.75,3198.34,114.23,0.2492,17.81,67.6,20.05,108.78,6.49,175.29,0.7314,0.02534,0.007801,2.451,1.614,2.54,1.466,4.064,167.37,14.68,0.9337,1.56,0.6082,2.47,426.78,1.066,54.6,0.775,11.11,2.458e-05,0.2229,3.017,1.313,2.366,0.2079,9.087,0.4878,8.705
2022-04-07T04:48:37,43393.3,3200.2,114.32,0.2497,17.81,67.7,20.05,108.77,6.493,175.34,0.7314,0.02536,0.007801,2.456,1.613,2.54,1.467,4.064,167.41,14.68,0.9337,1.561,0.6082,2.47,427.03,1.066,54.65,0.7754,11.1,2.46e-05,0.2232,3.019,1.314,2.368,0.2079,9.091,0.4885,8.711
2022-04-07T04:49:07,43398.08,3199.78,114.35,0.2498,17.8,67.7,20.06,108.77,6.496,175.38,0.7314,0.02535,0.007801,2.457,1.613,2.54,1.467,4.066,167.41,14.7,0.9337,1.561,0.6082,2.47,426.97,1.065,54.64,0.7755,11.1,2.46e-05,0.2232,3.018,1.315,2.368,0.2079,9.095,0.4886,8.718
2022-04-07T04:49:37,43419.63,3201.98,114.44,0.2498,17.8,67.7,20.07,108.82,6.496,175.35,0.731,0.02536,0.007801,2.461,1.612,2.54,1.467,4.073,167.55,14.7,0.9337,1.56,0.6082,2.471,427.2,1.066,54.61,0.7758,11.11,2.463e-05,0.2235,3.02,1.315,2.369,0.2079,9.106,0.4893,8.714
2022-04-07T04:50:07,43429.19,3204.78,114.54,0.2499,17.8,67.8,20.08,108.82,6.498,175.58,0.7323,0.02537,0.0078,2.46,1.612,2.54,1.469,4.077,167.6,14.69,0.9331,1.56,0.6082,2.475,427.44,1.067,54.66,0.7764,11.13,2.463e-05,0.2237,3.022,1.317,2.37,0.208,9.108,0.4895,8.713
2022-04-07T04:50:37,43445.96,3205.74,114.66,0.2499,17.8,67.7,20.08,108.83,6.503,175.57,0.7327,0.02537,0.0078,2.457,1.612,2.54,1.469,4.074,167.63,14.69,0.9331,1.56,0.6082,2.475,427.39,1.067,54.69,0.7766,11.13,2.463e-05,0.2238,3.024,1.317,2.372,0.208,9.107,0.4898,8.709
2022-04-07T04:51:07,43451.24,3206.61,114.69,0.2504,17.8,67.7,20.1,108.84,6.505,175.73,0.7327,0.02536,0.007807,2.457,1.613,2.54,1.47,4.083,167.73,14.68,0.9331,1.55,0.6082,2.476,427.59,1.067,54.72,0.7767,11.15,2.465e-05,0.2238,3.025,1.318,2.373,0.208,9.108,0.4901,8.714
2022-04-07T04:51:37,43463.11,3207.36,114.69,0.2507,17.82,67.9,20.1,108.97,6.507,175.95,0.7327,0.02537,0.007807,2.459,1.614,2.54,1.471,4.08,167.77,14.68,0.9331,1.554,0.6082,2.477,427.7,1.068,54.71,0.777,11.14,2.466e-05,0.2238,3.027,1.319,2.374,0.2081,9.112,0.4902,8.715
2022-04-07T04:52:07,43470.41,3208.34,114.7,0.2508,17.82,67.8,20.11,109.02,6.51,175.96,0.733,0.02538,0.007807,2.458,1.614,2.54,1.472,4.091,167.79,14.69,0.9365,1.554,0.6082,2.477,427.67,1.068,54.7,0.777,11.15,2.466e-05,0.2238,3.027,1.319,2.374,0.2081,9.132,0.4906,8.724
2022-04-07T04:52:37,43465.43,3208.25,114.68,0.2508,17.81,67.8,20.11,109.03,6.508,176.03,0.7339,0.02539,0.007807,2.458,1.614,2.54,1.472,4.096,167.84,14.69,0.9365,1.557,0.6082,2.478,427.69,1.068,54.71,0.7772,11.14,2.466e-05,0.2238,3.031,1.319,2.375,0.2082,9.134,0.4909,8.74
2022-04-07T04:53:08,43485.08,3210.94,114.76,0.2509,17.82,67.8,20.12,109.03,6.51,176.05,0.7333,0.02542,0.007807,2.458,1.614,2.54,1.473,4.096,167.87,14.69,0.9365,1.552,0.6082,2.48,427.94,1.069,54.74,0.7779,11.17,2.466e-05,0.2241,3.03,1.32,2.377,0.2084,9.136,0.491,8.749
2022-04-07T04:53:38,43452.01,3208.52,114.67,0.2512,17.82,67.8,20.11,109.02,6.512,176.1,0.7333,0.02535,0.007807,2.458,1.614,2.54,1.472,4.096,167.91,14.69,0.9365,1.561,0.6082,2.479,428.05,1.07,54.69,0.7779,11.16,2.467e-05,0.2238,3.032,1.321,2.377,0.2084,9.139,0.491,8.762
2022-04-07T04:54:08,43426.36,3207.51,114.66,0.2511,17.82,67.8,20.09,109.02,6.485,176.05,0.7333,0.02536,0.007807,2.458,1.614,2.55,1.472,4.083,167.85,14.67,0.9365,1.56,0.6082,2.479,427.81,1.069,54.64,0.7776,11.14,2.466e-05,0.2237,3.028,1.321,2.375,0.2084,9.139,0.4913,8.756
2022-04-07T04:54:38,43421.71,3207.8,114.64,0.2514,17.8,67.8,20.06,109.03,6.487,176.08,0.7333,0.02535,0.007807,2.458,1.613,2.55,1.472,4.083,167.92,14.67,0.9365,1.56,0.6082,2.479,427.83,1.069,54.63,0.7777,11.14,2.468e-05,0.2238,3.03,1.321,2.376,0.2084,9.142,0.4912,8.757
2022-04-07T04:55:08,43424.2,3207.46,114.66,0.2513,17.8,67.9,20.06,109.04,6.484,176.15,0.7333,0.02533,0.007807,2.461,1.613,2.55,1.472,4.077,167.92,14.66,0.9365,1.557,0.6082,2.48,427.82,1.069,54.61,0.7778,11.14,2.467e-05,0.2238,3.03,1.321,2.375,0.2084,9.143,0.4913,8.769
2022-04-07T04:55:38,43421.74,3208.83,114.63,0.2514,17.8,67.8,20.06,109.03,6.48,176.18,0.7333,0.02533,0.007828,2.459,1.613,2.55,1.473,4.068,167.91,14.66,0.9365,1.565,0.6082,2.479,427.87,1.069,54.62,0.7776,11.14,2.467e-05,0.2235,3.028,1.322,2.375,0.2085,9.147,0.491,8.774
2022-04-07T04:56:08,43417.14,3208.63,114.6,0.2515,17.8,67.6,20.06,109,6.486,176.31,0.7333,0.0253,0.007828,2.459,1.613,2.55,1.473,4.069,167.89,14.66,0.9373,1.564,0.6082,2.479,427.9,1.069,54.62,0.7775,11.13,2.467e-05,0.2235,3.027,1.321,2.374,0.2085,9.146,0.491,8.784
2022-04-07T04:56:38,43397,3205.91,114.54,0.2514,17.8,67.7,20.05,108.97,6.48,176.17,0.7336,0.02523,0.007828,2.459,1.612,2.55,1.473,4.066,167.85,14.66,0.9373,1.564,0.6082,2.477,427.78,1.068,54.61,0.7773,11.12,2.466e-05,0.2235,3.025,1.32,2.372,0.2084,9.144,0.491,8.785
2022-04-07T04:57:08,43406.84,3205.88,114.58,0.2509,17.83,67.7,20.04,108.94,6.489,176.24,0.7338,0.02525,0.007828,2.459,1.612,2.55,1.473,4.066,167.94,14.66,0.9373,1.563,0.6082,2.476,427.81,1.069,54.6,0.7771,11.14,2.465e-05,0.2235,3.026,1.321,2.373,0.2084,9.135,0.4911,8.779
2022-04-07T04:57:39,43400.3,3205.77,114.48,0.2508,17.83,67.7,20.04,108.93,6.487,176.34,0.7338,0.02528,0.007828,2.459,1.612,2.55,1.471,4.059,167.96,14.66,0.9373,1.563,0.6082,2.475,427.7,1.068,54.6,0.7771,11.14,2.465e-05,0.2235,3.026,1.32,2.373,0.2085,9.134,0.491,8.78
2022-04-07T04:58:09,43402.77,3205.95,114.5,0.2507,17.81,67.7,20.04,108.8,6.482,176.43,0.7338,0.02529,0.007828,2.46,1.61,2.55,1.472,4.058,168.11,14.66,0.9373,1.563,0.6082,2.475,427.68,1.068,54.59,0.777,11.18,2.465e-05,0.2235,3.026,1.321,2.373,0.2085,9.137,0.4913,8.804
2022-04-07T04:58:39,43406.48,3207.53,114.55,0.2506,17.81,67.6,20.05,108.76,6.49,176.57,0.7338,0.02529,0.007828,2.46,1.612,2.55,1.473,4.063,168.24,14.66,0.9373,1.563,0.6082,2.477,427.78,1.068,54.63,0.7773,11.22,2.465e-05,0.2234,3.028,1.322,2.374,0.2084,9.144,0.4915,8.806
2022-04-07T04:59:09,43402.88,3205.87,114.44,0.2507,17.8,67.7,20.05,108.72,6.497,176.64,0.7338,0.02529,0.007828,2.46,1.612,2.55,1.473,4.058,168.2,14.66,0.9373,1.564,0.6082,2.476,427.67,1.069,54.61,0.7771,11.25,2.465e-05,0.2233,3.027,1.321,2.374,0.2081,9.14,0.4912,8.816
2022-04-07T04:59:39,43414.75,3207.44,114.52,0.2511,17.8,67.7,20.07,108.71,6.507,176.64,0.7335,0.02529,0.007828,2.46,1.613,2.55,1.472,4.061,168.25,14.66,0.9373,1.568,0.6082,2.479,427.81,1.069,54.58,0.7772,11.29,2.468e-05,0.2235,3.028,1.322,2.376,0.2081,9.144,0.4916,8.829
2022-04-07T05:00:09,43398.93,3208.17,114.46,0.2509,17.8,67.6,20.06,108.72,6.508,176.69,0.7333,0.02531,0.007828,2.46,1.613,2.55,1.473,4.061,168.34,14.66,0.9373,1.568,0.6082,2.478,427.73,1.069,54.57,0.7773,11.29,2.467e-05,0.2235,3.026,1.322,2.376,0.2079,9.144,0.4918,8.825
2022-04-07T05:00:39,43391.47,3207.04,114.26,0.2505,17.8,67.7,20.05,108.67,6.508,177,0.7329,0.02532,0.007828,2.464,1.612,2.55,1.472,4.05,168.32,14.66,0.9373,1.568,0.6082,2.478,427.73,1.069,54.48,0.7772,11.29,2.467e-05,0.2235,3.024,1.321,2.375,0.2078,9.146,0.4917,8.828
2022-04-07T05:01:09,43390.82,3205.11,114.28,0.2503,17.8,67.7,20.05,108.63,6.504,176.59,0.7329,0.02535,0.007828,2.464,1.612,2.55,1.472,4.05,168.32,14.66,0.9373,1.568,0.6082,2.477,427.76,1.069,54.43,0.7773,11.28,2.466e-05,0.2233,3.021,1.321,2.373,0.2077,9.13,0.4915,8.829
2022-04-07T05:01:40,43403.07,3206.75,114.47,0.2503,17.8,67.7,20.06,108.67,6.505,177.1,0.7329,0.02534,0.007828,2.464,1.612,2.55,1.472,4.05,168.42,14.66,0.9373,1.568,0.6082,2.48,428.05,1.069,54.45,0.7774,11.25,2.467e-05,0.2233,3.023,1.322,2.371,0.2077,9.135,0.4921,8.835
2022-04-07T05:02:10,43437.19,3208.72,114.58,0.2507,17.82,67.6,20.06,108.74,6.508,176.92,0.7332,0.02538,0.007828,2.466,1.612,2.55,1.472,4.05,168.54,14.58,0.9356,1.564,0.6082,2.482,428.03,1.07,54.48,0.7775,11.22,2.469e-05,0.2233,3.026,1.323,2.374,0.2078,9.133,0.4925,8.84
2022-04-07T05:02:40,43445.38,3208.88,114.73,0.2505,17.82,67.7,20.07,108.81,6.519,176.75,0.7332,0.02542,0.007828,2.466,1.611,2.55,1.472,4.049,168.57,14.58,0.9356,1.564,0.6082,2.483,428.48,1.071,54.51,0.7784,11.24,2.471e-05,0.2239,3.027,1.325,2.375,0.2077,9.136,0.4932,8.846
2022-04-07T05:03:10,43413.07,3207.88,114.67,0.2504,17.82,67.7,20.07,108.81,6.528,176.86,0.7332,0.02542,0.007828,2.466,1.611,2.55,1.473,4.048,168.54,14.65,0.9366,1.564,0.6082,2.484,428.27,1.07,54.51,0.7782,11.24,2.471e-05,0.2239,3.026,1.325,2.374,0.2077,9.135,0.4931,8.84
2022-04-07T05:03:40,43382.29,3202.59,114.55,0.2494,17.81,67.7,20.03,108.81,6.524,176.5,0.7336,0.02532,0.007828,2.466,1.611,2.55,1.47,4.036,168.38,14.65,0.9366,1.565,0.6082,2.477,427.85,1.069,54.46,0.7778,11.22,2.468e-05,0.2232,3.02,1.323,2.372,0.2076,9.117,0.4925,8.817
2022-04-07T05:04:10,43357.64,3201.87,114.37,0.2494,17.81,67.7,20.03,108.77,6.506,176.03,0.7332,0.02525,0.007828,2.466,1.607,2.55,1.47,4.029,168.23,14.65,0.9366,1.561,0.6082,2.472,427.43,1.068,54.43,0.777,11.21,2.465e-05,0.2228,3.017,1.322,2.369,0.2075,9.116,0.4922,8.803
2022-04-07T05:04:40,43333.09,3202.13,114.45,0.2496,17.81,67.6,20.01,108.68,6.508,176.04,0.7332,0.02524,0.007828,2.467,1.606,2.55,1.47,4.02,168.38,14.65,0.9366,1.56,0.6082,2.474,427.61,1.067,54.43,0.7771,11.22,2.461e-05,0.223,3.017,1.321,2.367,0.2075,9.124,0.4921,8.799
2022-04-07T05:05:10,43330.48,3203,114.49,0.2498,17.81,67.5,20.01,108.77,6.507,176.16,0.7332,0.02528,0.007828,2.463,1.608,2.55,1.47,4.016,168.3,14.65,0.9366,1.56,0.6082,2.474,427.84,1.068,54.44,0.7773,11.22,2.461e-05,0.2229,3.017,1.322,2.368,0.2076,9.126,0.492,8.811
2022-04-07T05:05:40,43314.56,3200.99,114.34,0.2494,17.81,67.6,19.99,108.7,6.505,176.11,0.733,0.02523,0.007842,2.463,1.608,2.55,1.469,4.016,168.17,14.65,0.9366,1.56,0.6082,2.471,427.8,1.067,54.4,0.7769,11.21,2.462e-05,0.2229,3.014,1.32,2.367,0.2076,9.118,0.4913,8.811
2022-04-07T05:06:11,43308.06,3201.68,114.31,0.2493,17.81,67.5,19.98,108.63,6.501,176.45,0.733,0.0252,0.007842,2.463,1.608,2.55,1.469,4.01,168.16,14.65,0.9367,1.562,0.6082,2.471,427.28,1.067,54.41,0.7768,11.21,2.462e-05,0.2227,3.014,1.32,2.365,0.2075,9.111,0.4911,8.809
2022-04-07T05:06:41,43320.48,3201.25,114.25,0.2493,17.81,67.6,19.99,108.57,6.502,176.31,0.733,0.02526,0.007842,2.463,1.608,2.55,1.469,4.011,168.17,14.65,0.9367,1.562,0.6082,2.47,427.36,1.067,54.37,0.777,11.22,2.463e-05,0.223,3.013,1.32,2.365,0.2074,9.113,0.4912,8.804
2022-04-07T05:07:11,43314.91,3200.61,114.22,0.2492,17.81,67.6,19.99,108.54,6.505,176.23,0.7315,0.02525,0.007842,2.463,1.608,2.55,1.468,4.011,168.14,14.65,0.9399,1.562,0.6082,2.468,427.26,1.066,54.33,0.7769,11.21,2.462e-05,0.2228,3.012,1.319,2.365,0.2075,9.111,0.4905,8.807
2022-04-07T05:07:41,43303.65,3200.71,114.13,0.249,17.81,67.6,19.98,108.53,6.5,175.95,0.7315,0.02524,0.007842,2.466,1.608,2.55,1.467,4.024,168.13,14.65,0.9399,1.557,0.6082,2.468,427.21,1.066,54.29,0.7767,11.22,2.46e-05,0.2228,3.013,1.318,2.365,0.2075,9.112,0.4905,8.807
2022-04-07T05:08:11,43310.42,3200.78,114.17,0.2491,17.81,67.5,19.99,108.56,6.506,175.94,0.7329,0.02525,0.007824,2.466,1.607,2.55,1.468,4.022,168.19,14.65,0.9399,1.557,0.6082,2.468,427.28,1.066,54.31,0.7766,11.22,2.462e-05,0.2228,3.013,1.319,2.364,0.2075,9.108,0.4906,8.809
2022-04-07T05:08:41,43330.73,3201.83,114.2,0.2491,17.82,67.6,19.99,108.55,6.506,175.82,0.733,0.02522,0.007824,2.468,1.607,2.55,1.468,4.038,168.2,14.65,0.9399,1.557,0.6082,2.469,427.35,1.067,54.35,0.7764,11.23,2.462e-05,0.2228,3.015,1.319,2.365,0.2075,9.111,0.4907,8.811
2022-04-07T05:09:11,43318.26,3201.47,114.16,0.2492,17.82,67.6,19.98,108.54,6.522,175.72,0.733,0.02523,0.007819,2.468,1.608,2.55,1.468,4.029,168.21,14.63,0.9399,1.557,0.6082,2.468,427.35,1.066,54.34,0.7762,11.2,2.462e-05,0.2228,3.014,1.319,2.365,0.2075,9.106,0.4907,8.811
2022-04-07T05:09:41,43325.95,3203.1,114.34,0.2495,17.83,67.6,19.98,108.55,6.517,175.75,0.7329,0.02523,0.007819,2.468,1.608,2.55,1.467,4.032,168.31,14.63,0.9358,1.557,0.6082,2.471,427.27,1.066,54.38,0.7764,11.2,2.462e-05,0.2229,3.015,1.319,2.365,0.2075,9.105,0.4912,8.807
2022-04-07T05:10:12,43311.33,3204.03,114.16,0.2498,17.83,67.7,19.98,108.58,6.527,175.83,0.7329,0.02524,0.007819,2.468,1.608,2.55,1.468,4.032,168.33,14.62,0.9358,1.557,0.6082,2.47,427.34,1.067,54.37,0.7765,11.2,2.463e-05,0.2229,3.017,1.319,2.367,0.2075,9.108,0.4908,8.807
2022-04-07T05:10:42,43308.22,3201.54,114.23,0.2493,17.83,67.6,19.99,108.62,6.52,175.4,0.7329,0.0252,0.007819,2.468,1.607,2.55,1.469,4.034,168.16,14.62,0.9358,1.557,0.6082,2.47,427.25,1.066,54.33,0.776,11.18,2.461e-05,0.2229,3.013,1.318,2.366,0.2075,9.096,0.4909,8.807
2022-04-07T05:11:12,43307.57,3200.61,114.18,0.2491,17.83,67.6,19.98,108.62,6.523,175.43,0.7329,0.02523,0.007819,2.463,1.608,2.55,1.468,4.039,168.15,14.62,0.9358,1.559,0.6082,2.467,427.25,1.066,54.33,0.7758,11.18,2.46e-05,0.2227,3.014,1.317,2.365,0.2075,9.087,0.4909,8.804
2022-04-07T05:11:42,43301.16,3201.54,114.25,0.2493,17.83,67.6,19.99,108.65,6.529,175.47,0.7329,0.02523,0.00782,2.463,1.608,2.55,1.469,4.038,168.2,14.62,0.9358,1.562,0.6082,2.468,427.14,1.066,54.36,0.7759,11.18,2.461e-05,0.2227,3.015,1.318,2.366,0.2075,9.09,0.4911,8.811
2022-04-07T05:12:12,43304.03,3202.77,114.26,0.2493,17.83,67.6,19.98,108.6,6.531,175.27,0.7323,0.02523,0.00782,2.463,1.608,2.55,1.469,4.04,168.17,14.62,0.9358,1.564,0.6082,2.468,427.11,1.067,54.35,0.7758,11.18,2.461e-05,0.2227,3.014,1.318,2.366,0.2074,9.092,0.4908,8.81
2022-04-07T05:12:42,43310.97,3202.65,114.27,0.2496,17.83,67.7,19.99,108.68,6.534,175.2,0.7318,0.02526,0.00782,2.463,1.608,2.55,1.47,4.042,168.26,14.62,0.9358,1.557,0.6082,2.468,428.15,1.067,54.34,0.776,11.19,2.462e-05,0.2227,3.016,1.318,2.367,0.2074,9.091,0.491,8.812
2022-04-07T05:13:12,43310.8,3203.68,114.28,0.2498,17.83,67.7,20,108.74,6.524,175.15,0.7318,0.02527,0.00782,2.463,1.608,2.55,1.47,4.046,168.31,14.62,0.9358,1.557,0.6082,2.468,428.17,1.067,54.35,0.776,11.21,2.462e-05,0.2227,3.017,1.318,2.367,0.2075,9.092,0.4915,8.816
2022-04-07T05:13:42,43311.69,3203.36,114.28,0.2497,17.85,67.7,20,108.72,6.517,175.14,0.7318,0.02527,0.00782,2.463,1.608,2.55,1.47,4.045,168.2,14.62,0.9393,1.557,0.6082,2.469,428.23,1.067,54.36,0.7758,11.2,2.461e-05,0.2227,3.017,1.318,2.367,0.2074,9.093,0.4913,8.821
2022-04-07T05:14:12,43312.79,3203.34,114.28,0.2494,17.86,67.7,20,108.7,6.517,175.04,0.7318,0.02526,0.007815,2.463,1.608,2.55,1.47,4.045,168.15,14.62,0.9393,1.557,0.6082,2.469,428.27,1.068,54.35,0.7759,11.2,2.462e-05,0.2228,3.017,1.318,2.366,0.2074,9.094,0.491,8.841
2022-04-07T05:14:43,43297.62,3201.49,114.26,0.2492,17.86,67.7,19.97,108.49,6.526,174.99,0.7318,0.02525,0.007815,2.463,1.607,2.55,1.47,4.045,167.87,14.62,0.9393,1.556,0.6082,2.467,428.22,1.067,54.28,0.7757,11.19,2.46e-05,0.2224,3.015,1.316,2.365,0.2075,9.095,0.4909,8.841
2022-04-07T05:15:13,43304.02,3201.42,114.18,0.2492,17.84,67.7,19.97,108.53,6.526,174.93,0.7323,0.02522,0.007799,2.463,1.607,2.55,1.469,4.04,167.9,14.62,0.9393,1.548,0.6082,2.467,428.19,1.067,54.26,0.7756,11.18,2.46e-05,0.2225,3.016,1.316,2.364,0.2074,9.084,0.4909,8.84
2022-04-07T05:15:43,43297.36,3201.27,114.19,0.2494,17.84,67.6,19.97,108.55,6.52,174.88,0.7322,0.02521,0.007799,2.463,1.607,2.55,1.47,4.04,167.86,14.62,0.9428,1.548,0.6082,2.465,428.13,1.067,54.19,0.7756,11.18,2.46e-05,0.2225,3.016,1.316,2.365,0.2074,9.071,0.4907,8.833
2022-04-07T05:16:13,43308.72,3200.76,114.18,0.2492,17.84,67.7,19.96,108.51,6.515,174.89,0.7317,0.0252,0.007799,2.463,1.607,2.55,1.47,4.031,167.8,14.62,0.9428,1.551,0.6082,2.464,428.21,1.066,54.17,0.7755,11.17,2.46e-05,0.2225,3.017,1.316,2.365,0.2074,9.069,0.4905,8.834
2022-04-07T05:16:43,43298.12,3199.91,114.16,0.2495,17.84,67.7,19.97,108.44,6.525,174.86,0.7318,0.02521,0.007799,2.463,1.607,2.55,1.47,4.026,167.79,14.62,0.9428,1.551,0.6082,2.464,427.98,1.066,54.17,0.7753,11.16,2.459e-05,0.2225,3.016,1.315,2.364,0.2074,9.07,0.4902,8.834
2022-04-07T05:17:13,43299.55,3200.57,114.17,0.2497,17.85,67.7,19.97,108.43,6.525,175.24,0.7318,0.02521,0.007799,2.463,1.607,2.55,1.469,4.021,167.79,14.62,0.9428,1.551,0.6082,2.465,428.05,1.066,54.18,0.7749,11.16,2.459e-05,0.2225,3.016,1.315,2.364,0.2074,9.068,0.49,8.833
2022-04-07T05:17:43,43322.38,3202.02,114.18,0.2499,17.85,67.6,19.97,108.47,6.527,175.54,0.7318,0.02522,0.00782,2.467,1.607,2.55,1.469,4.021,167.83,14.62,0.9428,1.551,0.6082,2.465,428.41,1.066,54.23,0.7752,11.17,2.461e-05,0.2225,3.018,1.315,2.365,0.2076,9.073,0.49,8.839
2022-04-07T05:18:14,43318.1,3204.06,114.17,0.2503,17.85,67.7,19.98,108.58,6.527,175.71,0.732,0.02521,0.007793,2.467,1.607,2.55,1.469,4.029,167.88,14.62,0.9428,1.551,0.6082,2.465,428.43,1.066,54.24,0.775,11.17,2.461e-05,0.2225,3.02,1.315,2.368,0.2076,9.074,0.4904,8.833
2022-04-07T05:18:44,43333.48,3205.58,114.18,0.2505,17.84,67.7,19.99,108.61,6.527,175.71,0.732,0.02522,0.007793,2.467,1.606,2.55,1.469,4.029,167.89,14.62,0.9441,1.549,0.6082,2.467,428.38,1.066,54.25,0.7751,11.18,2.461e-05,0.2225,3.021,1.315,2.37,0.2076,9.076,0.491,8.833
2022-04-07T05:19:14,43337.77,3205.57,114.19,0.2507,17.85,67.7,20,108.68,6.533,175.89,0.732,0.02523,0.007793,2.467,1.606,2.55,1.47,4.029,167.86,14.62,0.9441,1.548,0.6082,2.467,428.51,1.067,54.25,0.7752,11.18,2.461e-05,0.2225,3.022,1.315,2.369,0.2076,9.075,0.491,8.834
2022-04-07T05:19:44,43346.99,3207.53,114.33,0.2509,17.85,67.7,20,108.71,6.533,175.89,0.7317,0.02532,0.007793,2.467,1.607,2.55,1.472,4.029,167.96,14.62,0.9459,1.548,0.6082,2.468,428.59,1.068,54.28,0.7754,11.21,2.463e-05,0.2229,3.025,1.316,2.371,0.2076,9.075,0.4912,8.847
2022-04-07T05:20:14,43348.43,3206.73,114.29,0.2509,17.85,67.7,20,108.73,6.535,175.77,0.7327,0.02534,0.007793,2.467,1.607,2.55,1.472,4.032,167.99,14.62,0.9459,1.548,0.6082,2.468,428.81,1.068,54.32,0.7755,11.2,2.463e-05,0.2228,3.025,1.316,2.371,0.2076,9.089,0.4915,8.848
2022-04-07T05:20:44,43318.5,3205.28,114.24,0.2505,17.85,67.7,19.99,108.76,6.534,175.54,0.7334,0.02527,0.007793,2.467,1.608,2.55,1.473,4.024,167.97,14.62,0.9459,1.556,0.6082,2.467,428.61,1.067,54.28,0.7749,11.19,2.461e-05,0.2226,3.024,1.315,2.37,0.2076,9.087,0.4918,8.834
2022-04-07T05:21:14,43318.31,3205.59,114.24,0.2504,17.85,67.7,19.99,108.73,6.533,175.48,0.7334,0.02527,0.007819,2.469,1.608,2.55,1.473,4.021,167.97,14.62,0.9459,1.566,0.6082,2.467,428.47,1.067,54.29,0.7748,11.18,2.461e-05,0.2227,3.024,1.315,2.37,0.2076,9.084,0.4916,8.83
2022-04-07T05:21:45,43321.71,3205.61,114.2,0.2504,17.86,67.7,19.98,108.7,6.534,175.69,0.7334,0.02524,0.007819,2.467,1.607,2.55,1.472,4.025,168,14.62,0.9495,1.565,0.6082,2.466,428.51,1.067,54.29,0.7748,11.17,2.46e-05,0.2227,3.025,1.315,2.371,0.2076,9.086,0.4917,8.822
2022-04-07T05:22:15,43333.9,3205.91,114.32,0.2504,17.86,67.7,19.99,108.71,6.536,175.71,0.7334,0.0253,0.007819,2.467,1.608,2.55,1.472,4.03,167.98,14.62,0.9495,1.565,0.6082,2.468,428.68,1.067,54.29,0.7748,11.18,2.461e-05,0.2227,3.027,1.315,2.371,0.2076,9.089,0.4918,8.815
2022-04-07T05:22:45,43334.73,3205.99,114.32,0.2505,17.86,67.7,19.99,108.71,6.536,175.69,0.7335,0.02533,0.007819,2.468,1.608,2.55,1.472,4.028,168.01,14.62,0.9495,1.56,0.6082,2.468,428.58,1.066,54.28,0.7748,11.17,2.46e-05,0.2227,3.026,1.315,2.371,0.2077,9.092,0.4925,8.815
2022-04-07T05:23:15,43330.18,3206.41,114.16,0.2506,17.86,67.7,19.99,108.65,6.535,175.63,0.7335,0.02533,0.007819,2.468,1.608,2.55,1.472,4.029,167.99,14.62,0.9495,1.56,0.6082,2.467,428.56,1.067,54.28,0.7746,11.16,2.46e-05,0.2228,3.025,1.315,2.371,0.2077,9.09,0.4929,8.81
2022-04-07T05:23:45,43327.93,3206.54,114.15,0.2506,17.86,67.7,19.99,108.67,6.533,175.68,0.7323,0.02531,0.007743,2.467,1.609,2.55,1.472,4.027,167.96,14.62,0.9495,1.56,0.6082,2.467,428.55,1.067,54.22,0.7745,11.16,2.459e-05,0.2228,3.025,1.315,2.371,0.2076,9.09,0.4926,8.805
2022-04-07T05:24:15,43325.68,3206.64,114.14,0.2505,17.86,67.7,20,108.68,6.534,175.86,0.7328,0.02532,0.007743,2.467,1.609,2.55,1.472,4.021,167.94,14.62,0.9495,1.557,0.6082,2.469,428.53,1.067,54.22,0.7745,11.17,2.459e-05,0.2228,3.025,1.315,2.371,0.2077,9.09,0.4926,8.8
2022-04-07T05:24:45,43328.9,3206.62,114.15,0.2505,17.86,67.7,20,108.7,6.534,175.88,0.7328,0.02533,0.007743,2.467,1.609,2.55,1.473,4.021,167.99,14.62,0.9495,1.557,0.6082,2.47,428.65,1.067,54.21,0.7744,11.17,2.46e-05,0.2228,3.026,1.315,2.371,0.2077,9.095,0.4927,8.805
2022-04-07T05:25:15,43322.97,3206.3,114.13,0.25,17.86,67.6,20,108.68,6.531,175.64,0.7328,0.02534,0.007743,2.468,1.608,2.55,1.473,4.021,167.85,14.62,0.9495,1.557,0.6082,2.469,428.56,1.067,54.19,0.7741,11.15,2.458e-05,0.2228,3.026,1.315,2.371,0.2077,9.096,0.4917,8.803
2022-04-07T05:25:46,43325.95,3207.53,114.18,0.2503,17.84,67.6,20,108.68,6.532,175.75,0.7328,0.02536,0.007743,2.468,1.608,2.55,1.472,4.021,167.91,14.62,0.9467,1.56,0.6082,2.469,428.58,1.067,54.2,0.7739,11.15,2.46e-05,0.2228,3.026,1.315,2.371,0.2077,9.105,0.4921,8.797
2022-04-07T05:26:16,43327.54,3207.11,114.17,0.2503,17.84,67.6,20.01,108.67,6.534,175.76,0.7328,0.02536,0.007743,2.468,1.609,2.55,1.472,4.021,167.89,14.62,0.9467,1.559,0.6082,2.469,428.5,1.067,54.16,0.7739,11.14,2.462e-05,0.2228,3.026,1.315,2.371,0.2078,9.109,0.4917,8.795
2022-04-07T05:26:46,43307.81,3204.58,114.03,0.2498,17.84,67.6,19.99,108.59,6.533,175.7,0.7327,0.02533,0.007743,2.468,1.608,2.55,1.472,4.012,167.9,14.62,0.9467,1.551,0.6082,2.468,428.31,1.066,54.15,0.7728,11.14,2.46e-05,0.2227,3.025,1.314,2.371,0.2078,9.109,0.4915,8.795
2022-04-07T05:27:16,43307.76,3205.39,114.03,0.2498,17.84,67.7,19.98,108.54,6.532,175.78,0.7327,0.02534,0.007743,2.468,1.608,2.55,1.472,4.012,167.94,14.59,0.9434,1.551,0.6082,2.467,428.44,1.066,54.12,0.7728,11.15,2.46e-05,0.2225,3.023,1.314,2.37,0.2077,9.102,0.4915,8.803
2022-04-07T05:27:46,43309.41,3205.21,113.99,0.2497,17.84,67.7,19.98,108.53,6.539,175.79,0.727,0.02536,0.007743,2.468,1.608,2.55,1.472,4.012,167.93,14.59,0.9434,1.551,0.6082,2.467,428.39,1.065,54.12,0.7725,11.15,2.46e-05,0.2225,3.022,1.314,2.37,0.2078,9.097,0.4915,8.798
2022-04-07T05:28:16,43304.57,3205.22,113.84,0.2497,17.87,67.7,19.98,108.47,6.539,175.71,0.727,0.02534,0.007739,2.468,1.607,2.55,1.472,4.014,167.89,14.59,0.9434,1.551,0.6082,2.465,428.23,1.064,54.14,0.7723,11.15,2.459e-05,0.2225,3.022,1.313,2.37,0.2077,9.096,0.4913,8.801
2022-04-07T05:28:46,43308.66,3205.41,113.84,0.2498,17.85,67.7,19.98,108.48,6.531,175.68,0.7308,0.02535,0.007739,2.468,1.608,2.55,1.473,4.016,167.95,14.59,0.9434,1.553,0.6082,2.465,428.2,1.065,54.16,0.7723,11.15,2.459e-05,0.2225,3.023,1.313,2.37,0.2077,9.083,0.4912,8.805
2022-04-07T05:29:16,43299.13,3204.42,113.63,0.25,17.85,67.7,19.97,108.43,6.55,175.38,0.7308,0.02534,0.007739,2.466,1.607,2.55,1.471,4.013,167.91,14.59,0.9434,1.544,0.6082,2.465,428.18,1.065,54.15,0.7722,11.15,2.458e-05,0.2223,3.02,1.313,2.369,0.2077,9.075,0.4909,8.799
2022-04-07T05:29:47,43307.14,3204.56,113.67,0.2499,17.85,67.5,19.97,108.37,6.549,175.12,0.7303,0.02533,0.007739,2.466,1.607,2.55,1.472,4.017,167.91,14.59,0.9434,1.539,0.6082,2.465,428.23,1.064,54.14,0.7722,11.16,2.459e-05,0.2223,3.018,1.313,2.369,0.2077,9.075,0.4909,8.799
2022-04-07T05:30:17,43308.96,3205.87,113.68,0.2498,17.87,67.5,19.97,108.35,6.546,175.05,0.7313,0.02533,0.007739,2.466,1.607,2.55,1.472,4.047,167.9,14.59,0.9392,1.54,0.6082,2.464,428.28,1.065,54.14,0.7722,11.15,2.458e-05,0.2223,3.017,1.313,2.369,0.2077,9.078,0.4907,8.799
2022-04-07T05:30:47,43311.01,3205.49,113.73,0.25,17.87,67.6,19.97,108.37,6.544,175.19,0.7318,0.02533,0.007739,2.466,1.607,2.55,1.472,4.049,167.86,14.59,0.9392,1.54,0.6082,2.465,428.38,1.065,54.14,0.7723,11.15,2.458e-05,0.2223,3.019,1.313,2.369,0.2076,9.081,0.4908,8.798
2022-04-07T05:31:17,43309.37,3205.17,113.67,0.2498,17.85,67.6,19.96,108.32,6.551,175.24,0.7318,0.02533,0.007739,2.466,1.607,2.55,1.471,4.055,167.9,14.59,0.9392,1.54,0.6082,2.465,428.24,1.065,54.12,0.7722,11.15,2.458e-05,0.2221,3.017,1.313,2.369,0.2077,9.083,0.4907,8.801
2022-04-07T05:31:47,43301,3204.79,113.67,0.2497,17.85,67.6,19.97,108.31,6.548,175.16,0.7318,0.02532,0.007739,2.466,1.606,2.55,1.471,4.05,167.9,14.59,0.9392,1.54,0.6082,2.465,428.18,1.065,54.11,0.7722,11.12,2.458e-05,0.2221,3.017,1.313,2.369,0.2077,9.082,0.4907,8.806
2022-04-07T05:32:17,43302.8,3204.83,113.6,0.2493,17.85,67.6,19.96,108.26,6.55,175.03,0.7318,0.02533,0.007739,2.47,1.606,2.55,1.471,4.05,167.87,14.55,0.9392,1.54,0.6082,2.464,428.2,1.064,54.1,0.7722,11.13,2.458e-05,0.222,3.016,1.312,2.369,0.2076,9.08,0.4899,8.811
2022-04-07T05:32:47,43301.22,3204.87,113.55,0.2493,17.85,67.8,19.96,108.2,6.55,175.04,0.7312,0.02531,0.007739,2.469,1.606,2.55,1.471,4.055,167.87,14.55,0.9392,1.542,0.6082,2.464,428.13,1.065,53.99,0.7721,11.12,2.458e-05,0.222,3.016,1.312,2.369,0.2076,9.082,0.4898,8.812
2022-04-07T05:33:17,43298.97,3203.8,113.47,0.2492,17.85,67.7,19.96,108.18,6.555,175.1,0.7312,0.02531,0.007739,2.483,1.606,2.55,1.471,4.031,167.86,14.55,0.946,1.545,0.6082,2.463,428.16,1.065,53.99,0.7716,11.11,2.457e-05,0.222,3.015,1.312,2.367,0.2076,9.08,0.4898,8.814
2022-04-07T05:33:47,43297.6,3203.9,113.43,0.2486,17.85,67.7,19.96,108.07,6.554,175.02,0.7312,0.02531,0.007739,2.483,1.606,2.55,1.471,4.032,167.88,14.55,0.946,1.543,0.6082,2.462,428.01,1.065,53.92,0.7712,11.09,2.457e-05,0.2218,3.014,1.31,2.367,0.2076,9.067,0.4896,8.807
2022-04-07T05:34:18,43284.85,3203.17,113.3,0.2485,17.87,67.7,19.95,107.99,6.554,174.48,0.7312,0.02532,0.007739,2.482,1.605,2.55,1.469,4.025,167.51,14.55,0.946,1.543,0.6082,2.459,427.9,1.065,53.91,0.7709,11.09,2.457e-05,0.2218,3.01,1.31,2.365,0.2075,9.05,0.4893,8.796
2022-04-07T05:34:48,43260.01,3199.74,113.28,0.2481,17.88,67.7,19.94,107.82,6.556,174.33,0.7312,0.02521,0.007739,2.482,1.606,2.55,1.468,4.013,167.43,14.55,0.946,1.54,0.6082,2.458,427.62,1.063,53.81,0.7707,11.07,2.455e-05,0.2212,3.007,1.308,2.361,0.2074,9.035,0.4884,8.792
2022-04-07T05:35:18,43251.18,3198.94,113.18,0.248,17.88,67.6,19.9,107.68,6.551,174.56,0.7312,0.02516,0.00771,2.48,1.605,2.52,1.467,4.013,167.25,14.56,0.9457,1.542,0.6082,2.456,427.18,1.062,53.77,0.7704,11.05,2.45e-05,0.2206,3.005,1.306,2.359,0.2074,9.019,0.4873,8.781
2022-04-07T05:35:48,43276.02,3200.03,113.21,0.248,17.88,67.6,19.93,107.74,6.553,174.36,0.7295,0.02524,0.007709,2.48,1.606,2.52,1.467,4.004,167.11,14.56,0.9457,1.537,0.6082,2.458,427.47,1.063,53.83,0.7712,11.08,2.453e-05,0.2213,3.006,1.307,2.361,0.2076,9.021,0.4873,8.779
2022-04-07T05:36:18,43264.11,3199.6,113.18,0.2483,17.88,67.5,19.92,107.75,6.548,174.16,0.7288,0.02525,0.007709,2.48,1.606,2.52,1.466,4.007,167.01,14.56,0.9418,1.537,0.6082,2.456,427.2,1.063,53.82,0.7708,11.07,2.454e-05,0.221,3.005,1.307,2.359,0.2076,9.011,0.4884,8.778
2022-04-07T05:36:48,43280.37,3199.58,113.28,0.2485,17.86,67.5,19.93,107.73,6.548,174.22,0.7287,0.02527,0.007709,2.481,1.605,2.52,1.466,3.996,167.05,14.56,0.9418,1.537,0.6082,2.455,427.21,1.063,53.83,0.7709,11.08,2.451e-05,0.2211,3.005,1.307,2.356,0.2074,9.013,0.4884,8.777
2022-04-07T05:37:18,43280.06,3199.71,113.3,0.2488,17.86,67.5,19.94,107.74,6.551,174.24,0.7287,0.02526,0.007709,2.481,1.606,2.52,1.467,3.998,167.1,14.56,0.9418,1.539,0.6082,2.455,427.18,1.062,53.92,0.771,11.08,2.452e-05,0.2211,3.005,1.308,2.357,0.2075,9.016,0.4891,8.772
2022-04-07T05:37:48,43267.09,3199.27,113.23,0.249,17.88,67.6,19.94,107.72,6.549,174.27,0.7279,0.02521,0.007709,2.481,1.606,2.52,1.464,3.994,167.13,14.56,0.9467,1.539,0.6082,2.453,427.3,1.063,53.93,0.7708,11.06,2.451e-05,0.2209,3.006,1.309,2.357,0.2075,9.02,0.4886,8.778
2022-04-07T05:38:18,43276.71,3199.24,113.22,0.2488,17.7,67.5,19.93,107.72,6.547,174.18,0.7279,0.02523,0.007725,2.481,1.606,2.52,1.465,3.99,167.11,14.56,0.9467,1.539,0.6082,2.455,427.21,1.063,53.95,0.7707,11.01,2.451e-05,0.221,3.004,1.309,2.357,0.2075,9.02,0.4889,8.766
2022-04-07T05:38:49,43293.34,3198.93,113.35,0.2489,17.7,67.5,19.94,107.7,6.553,174.2,0.7279,0.02522,0.007725,2.482,1.606,2.52,1.465,4,167.15,14.56,0.9467,1.542,0.6082,2.456,427.26,1.064,53.96,0.771,11.02,2.451e-05,0.2212,3.006,1.309,2.358,0.2076,9.017,0.4889,8.768
2022-04-07T05:39:19,43269.82,3198.3,113.3,0.2488,17.8,67.5,19.94,107.7,6.553,174.07,0.7285,0.0252,0.007727,2.481,1.606,2.52,1.466,3.991,167.05,14.56,0.9467,1.54,0.6082,2.454,427.22,1.062,53.92,0.7707,11.03,2.451e-05,0.2212,3.003,1.309,2.357,0.2075,9.014,0.4884,8.773
2022-04-07T05:39:49,43290.27,3200.06,113.35,0.2489,17.8,67.5,19.94,107.68,6.551,174.23,0.7285,0.02521,0.007704,2.481,1.606,2.52,1.466,3.991,167.21,14.56,0.9467,1.54,0.6082,2.459,427.29,1.063,53.98,0.7715,11.02,2.452e-05,0.2209,3.005,1.309,2.36,0.2077,9.019,0.4889,8.767
2022-04-07T05:40:19,43297.55,3201.08,113.61,0.2495,17.8,67.5,19.96,107.7,6.554,174.37,0.7288,0.02524,0.007704,2.482,1.606,2.52,1.467,3.991,167.25,14.56,0.9467,1.54,0.6082,2.462,427.45,1.064,53.96,0.7717,11.03,2.455e-05,0.2215,3.006,1.309,2.361,0.2078,9.02,0.4893,8.768
2022-04-07T05:40:49,43304.23,3205.78,113.63,0.2498,17.8,67.5,19.98,107.73,6.548,174.49,0.7283,0.02525,0.007704,2.482,1.607,2.52,1.467,3.984,167.24,14.56,0.9467,1.54,0.6082,2.462,427.69,1.064,53.99,0.7718,11.04,2.456e-05,0.2215,3.012,1.312,2.362,0.2079,9.018,0.4896,8.768
2022-04-07T05:41:19,43306.5,3206.11,113.64,0.2499,17.78,67.7,19.99,107.8,6.542,174.61,0.7283,0.02529,0.007704,2.482,1.608,2.52,1.468,3.994,167.3,14.56,0.9443,1.541,0.6082,2.465,427.85,1.065,54.03,0.7719,11.06,2.457e-05,0.2218,3.014,1.312,2.364,0.2081,9.015,0.4897,8.774
2022-04-07T05:41:49,43316.67,3206.15,113.64,0.2503,17.77,67.7,19.99,107.82,6.541,174.67,0.7283,0.02529,0.007704,2.482,1.608,2.52,1.468,3.991,167.31,14.56,0.9443,1.541,0.6082,2.464,427.92,1.065,54.03,0.7723,11.06,2.457e-05,0.2218,3.013,1.312,2.365,0.2081,9.017,0.4897,8.78
2022-04-07T05:42:19,43315.82,3207.14,113.64,0.2503,17.77,67.7,19.99,107.89,6.537,174.74,0.7283,0.02532,0.007728,2.484,1.608,2.52,1.468,3.991,167.31,14.56,0.9443,1.543,0.6082,2.464,427.95,1.066,54.07,0.7721,11.05,2.458e-05,0.2218,3.013,1.312,2.365,0.2082,9.016,0.4902,8.786
2022-04-07T05:42:49,43291.18,3206.42,113.55,0.2499,17.77,67.7,19.98,107.85,6.533,174.71,0.7283,0.02523,0.007728,2.483,1.608,2.52,1.468,3.991,167.14,14.56,0.9443,1.543,0.6082,2.463,427.93,1.065,54.01,0.772,11.03,2.458e-05,0.2218,3.009,1.311,2.366,0.2082,9.013,0.49,8.78
2022-04-07T05:43:20,43286.13,3206.02,113.46,0.2495,17.77,67.7,19.96,107.7,6.532,174.63,0.7278,0.02518,0.007729,2.483,1.606,2.52,1.468,3.985,167.03,14.56,0.9407,1.543,0.6082,2.463,427.67,1.065,53.96,0.7713,11.01,2.457e-05,0.2218,3.008,1.311,2.364,0.2083,9.007,0.49,8.772
2022-04-07T05:43:50,43264.2,3202.29,113.41,0.2494,17.77,67.7,19.96,107.55,6.514,174.59,0.728,0.02517,0.00772,2.483,1.606,2.52,1.466,3.986,166.99,14.56,0.9407,1.544,0.6082,2.461,427.49,1.064,53.87,0.771,11.01,2.454e-05,0.2213,3.009,1.311,2.364,0.2082,8.996,0.4892,8.761
2022-04-07T05:44:20,43262.41,3201.73,113.31,0.2495,17.78,67.7,19.96,107.51,6.51,174.57,0.728,0.02515,0.00772,2.48,1.605,2.52,1.465,3.986,167.01,14.56,0.94,1.544,0.6082,2.459,427.21,1.062,53.85,0.7707,10.99,2.453e-05,0.2211,3.01,1.31,2.363,0.2081,8.992,0.4892,8.762
2022-04-07T05:44:50,43240.65,3200.77,113.25,0.2495,17.78,67.6,19.96,107.45,6.504,174.56,0.728,0.02514,0.00772,2.48,1.605,2.52,1.466,3.985,166.95,14.56,0.94,1.544,0.6082,2.458,426.96,1.062,53.84,0.7707,10.98,2.453e-05,0.2211,3.01,1.308,2.363,0.2081,8.988,0.4889,8.758
2022-04-07T05:45:20,43236.09,3199.95,113.22,0.2495,17.78,67.5,19.95,107.41,6.505,174.53,0.728,0.02515,0.00772,2.481,1.604,2.52,1.465,3.982,166.92,14.56,0.94,1.544,0.6082,2.457,426.77,1.062,53.83,0.7702,10.99,2.453e-05,0.2211,3.01,1.308,2.363,0.208,8.983,0.4887,8.751
2022-04-07T05:45:50,43237.68,3200.2,113.22,0.2497,17.78,67.5,19.96,107.42,6.512,174.5,0.728,0.02512,0.00772,2.481,1.604,2.52,1.466,3.986,166.94,14.56,0.94,1.544,0.6082,2.457,426.96,1.062,53.83,0.7705,10.99,2.453e-05,0.2209,3.011,1.308,2.364,0.2079,8.984,0.4879,8.759
2022-04-07T05:46:20,43237.6,3198.97,113.2,0.2497,17.76,67.5,19.95,107.42,6.505,174.5,0.7282,0.02514,0.00772,2.479,1.604,2.52,1.465,3.986,166.9,14.56,0.9493,1.544,0.6082,2.457,426.84,1.061,53.77,0.7703,10.99,2.452e-05,0.2207,3.009,1.307,2.362,0.2077,8.985,0.488,8.756
2022-04-07T05:46:50,43251.64,3200.57,113.21,0.2496,17.72,67.5,19.96,107.45,6.509,174.47,0.7291,0.02517,0.00772,2.479,1.604,2.52,1.465,3.981,167.03,14.56,0.9493,1.541,0.6082,2.458,426.89,1.062,53.79,0.7703,10.98,2.452e-05,0.2208,3.009,1.307,2.363,0.2078,8.985,0.4885,8.755
2022-04-07T05:47:20,43286.51,3201.93,113.31,0.2499,17.72,67.5,19.96,107.5,6.506,174.7,0.7287,0.0252,0.00772,2.479,1.604,2.52,1.466,3.984,167.16,14.56,0.9493,1.543,0.6082,2.46,427.08,1.063,53.83,0.7706,11,2.453e-05,0.2211,3.011,1.307,2.364,0.2078,8.993,0.4884,8.756
2022-04-07T05:47:51,43279,3200.77,113.22,0.2498,17.72,67.7,19.96,107.57,6.509,174.64,0.7293,0.02517,0.00772,2.479,1.605,2.52,1.465,3.984,167.11,14.56,0.9493,1.543,0.6082,2.458,427.1,1.063,53.8,0.7706,10.99,2.454e-05,0.2211,3.01,1.307,2.363,0.2079,8.99,0.489,8.751
2022-04-07T05:48:21,43280.35,3200.8,113.22,0.2498,17.72,67.6,19.96,107.56,6.499,174.72,0.7293,0.02516,0.007727,2.482,1.605,2.52,1.466,3.99,167.06,14.61,0.9493,1.543,0.6082,2.458,427.04,1.063,53.8,0.7705,11,2.455e-05,0.2211,3.009,1.308,2.363,0.2079,8.987,0.4891,8.755
2022-04-07T05:48:52,43279.98,3200.44,113.18,0.2497,17.72,67.7,19.96,107.56,6.497,174.6,0.7293,0.02512,0.007727,2.482,1.605,2.52,1.464,3.998,167.05,14.61,0.9495,1.543,0.6082,2.459,427.01,1.063,53.78,0.7706,10.99,2.456e-05,0.221,3.009,1.307,2.363,0.2079,8.985,0.4891,8.748
2022-04-07T05:49:22,43282.99,3202.78,113.35,0.2506,17.72,67.6,19.99,107.59,6.503,174.89,0.7286,0.02514,0.007727,2.484,1.605,2.52,1.467,3.999,167.12,14.61,0.9495,1.543,0.6082,2.461,427.31,1.064,53.83,0.7714,11.01,2.456e-05,0.221,3.013,1.308,2.364,0.2079,8.989,0.4892,8.754
2022-04-07T05:49:52,43332.15,3205.58,113.53,0.2508,17.68,67.6,20,107.7,6.498,174.99,0.7286,0.02518,0.007735,2.483,1.605,2.52,1.468,3.999,167.3,14.61,0.9497,1.543,0.6082,2.466,427.54,1.065,53.88,0.7717,11.01,2.459e-05,0.2214,3.017,1.31,2.367,0.2082,9.001,0.4902,8.758
2022-04-07T05:50:22,43322.55,3205.9,113.54,0.2509,17.68,67.7,20,107.71,6.494,175.13,0.7275,0.02518,0.007735,2.483,1.605,2.52,1.467,3.999,167.32,14.61,0.9497,1.543,0.6082,2.469,427.62,1.065,53.9,0.7718,11,2.459e-05,0.2214,3.018,1.31,2.368,0.2083,9.003,0.4902,8.764
2022-04-07T05:50:52,43311.21,3204.58,113.53,0.2509,17.68,67.7,19.99,107.63,6.482,174.94,0.7285,0.02518,0.007736,2.483,1.606,2.52,1.467,3.998,167.27,14.61,0.9497,1.546,0.6082,2.466,427.57,1.066,53.89,0.7716,10.99,2.459e-05,0.2215,3.016,1.31,2.368,0.2083,8.999,0.4897,8.77
2022-04-07T05:51:22,43322.11,3205.39,113.56,0.2508,17.68,67.7,19.99,107.66,6.498,175.06,0.7279,0.02518,0.007736,2.483,1.606,2.52,1.468,3.998,167.33,14.52,0.9497,1.546,0.6082,2.467,427.71,1.066,53.9,0.7718,10.99,2.46e-05,0.2214,3.02,1.311,2.371,0.2083,9.006,0.4897,8.769
2022-04-07T05:51:52,43327.49,3206.83,113.66,0.2508,17.67,67.7,19.99,107.73,6.495,175.13,0.7279,0.02522,0.007736,2.479,1.605,2.52,1.471,4.004,167.51,14.52,0.9497,1.546,0.6082,2.468,427.8,1.068,53.91,0.7721,11,2.462e-05,0.2218,3.021,1.311,2.374,0.2083,9.007,0.49,8.772
2022-04-07T05:52:23,43329.3,3206.94,113.66,0.2509,17.67,67.7,20,107.8,6.494,175.2,0.7279,0.02522,0.007736,2.479,1.605,2.52,1.471,4.009,167.49,14.57,0.9497,1.546,0.6082,2.47,427.83,1.069,53.91,0.7721,11.01,2.463e-05,0.2217,3.021,1.312,2.374,0.2083,9.017,0.4897,8.777
2022-04-07T05:52:53,43333.75,3208.69,113.67,0.251,17.67,67.7,20,107.88,6.48,175.22,0.7279,0.02522,0.007736,2.479,1.605,2.52,1.472,4.008,167.51,14.57,0.9497,1.546,0.6082,2.471,428.08,1.069,53.95,0.7724,11.03,2.465e-05,0.2218,3.021,1.312,2.375,0.2084,9.02,0.4897,8.772
2022-04-07T05:53:23,43347.29,3208.91,113.72,0.251,17.67,67.9,20,107.87,6.484,175.34,0.7279,0.02523,0.007726,2.479,1.606,2.52,1.472,4.011,167.54,14.57,0.9497,1.546,0.6082,2.471,428.1,1.07,53.96,0.7725,11.03,2.466e-05,0.222,3.021,1.313,2.374,0.2084,9.027,0.4902,8.771
2022-04-07T05:53:53,43346.51,3208.69,113.72,0.2511,17.66,67.9,20,107.86,6.493,175.49,0.728,0.02523,0.007726,2.479,1.605,2.52,1.471,4.015,167.69,14.57,0.9497,1.546,0.6082,2.472,428.11,1.069,53.99,0.7726,11.03,2.466e-05,0.222,3.02,1.314,2.374,0.2085,9.035,0.4903,8.767
2022-04-07T05:54:23,43353.16,3211.39,113.73,0.2513,17.66,68,20,107.89,6.483,175.46,0.7281,0.02523,0.007726,2.481,1.606,2.52,1.472,4.01,167.82,14.57,0.9452,1.545,0.6082,2.473,428.23,1.069,54.01,0.7726,11.03,2.466e-05,0.2221,3.021,1.314,2.377,0.2085,9.039,0.4903,8.767
2022-04-07T05:54:53,43383.58,3215.27,113.84,0.2513,17.66,68,20.01,108.01,6.489,175.55,0.7281,0.02524,0.007726,2.481,1.607,2.52,1.473,4.043,168.02,14.57,0.9452,1.545,0.6082,2.476,428.26,1.069,54.06,0.7729,11.02,2.467e-05,0.2222,3.021,1.316,2.377,0.2086,9.048,0.4901,8.768
2022-04-07T05:55:23,43377.96,3215.5,113.93,0.2509,17.66,68,20.02,108.05,6.497,175.59,0.7286,0.02525,0.007726,2.479,1.607,2.52,1.474,4.043,168.06,14.57,0.9452,1.545,0.6082,2.476,428.71,1.071,54.09,0.7735,11.03,2.468e-05,0.2223,3.023,1.316,2.378,0.2086,9.047,0.4903,8.777
2022-04-07T05:55:53,43392,3216.59,114,0.2506,17.66,68,20.03,108.11,6.5,175.67,0.7286,0.02525,0.007748,2.479,1.608,2.52,1.475,4.038,168.07,14.57,0.9452,1.545,0.6082,2.478,429.08,1.071,54.16,0.7737,11.04,2.47e-05,0.2223,3.024,1.318,2.378,0.2086,9.045,0.4903,8.793
2022-04-07T05:56:23,43392.11,3216.1,114.05,0.2506,17.66,68.1,20.04,108.17,6.5,175.57,0.7288,0.02525,0.007748,2.479,1.608,2.52,1.475,4.038,168.07,14.57,0.9452,1.547,0.6082,2.478,429.3,1.07,54.18,0.7738,11.05,2.469e-05,0.2225,3.023,1.319,2.378,0.2086,9.043,0.4906,8.794
2022-04-07T05:56:53,43394.85,3216.89,114.04,0.2507,17.66,68,20.04,108.2,6.494,175.56,0.7288,0.02524,0.007748,2.481,1.608,2.52,1.475,4.036,168.16,14.57,0.9452,1.547,0.6082,2.478,429.43,1.071,54.17,0.7738,11.05,2.469e-05,0.2227,3.024,1.319,2.378,0.2086,9.047,0.4905,8.796
2022-04-07T05:57:24,43409.89,3217.01,114.15,0.251,17.67,68.1,20.05,108.19,6.51,175.66,0.73,0.02527,0.007748,2.481,1.609,2.52,1.475,4.044,168.2,14.57,0.9495,1.548,0.6082,2.478,429.47,1.071,54.21,0.7739,11.06,2.469e-05,0.2229,3.025,1.32,2.379,0.2086,9.064,0.4905,8.8
2022-04-07T05:57:54,43411.42,3218.58,114.18,0.2511,17.67,68.1,20.06,108.24,6.508,175.79,0.73,0.02527,0.007748,2.481,1.609,2.52,1.475,4.044,168.27,14.57,0.9495,1.548,0.6082,2.482,429.74,1.074,54.22,0.7742,11.06,2.469e-05,0.223,3.025,1.32,2.38,0.2086,9.071,0.4905,8.807
2022-04-07T05:58:26,43415.02,3218.66,114.21,0.2513,17.67,68.1,20.06,108.29,6.512,175.79,0.73,0.02527,0.007764,2.481,1.609,2.52,1.475,4.044,168.32,14.57,0.9495,1.548,0.6082,2.482,429.7,1.074,54.23,0.7744,11.07,2.47e-05,0.223,3.025,1.321,2.38,0.2086,9.071,0.4906,8.807
2022-04-07T05:58:56,43413.26,3218.76,114.22,0.2517,17.66,68.1,20.07,108.3,6.51,175.76,0.73,0.02528,0.007764,2.481,1.611,2.52,1.475,4.044,168.3,14.57,0.9495,1.556,0.6082,2.48,429.71,1.074,54.27,0.7742,11.07,2.47e-05,0.223,3.025,1.321,2.38,0.2086,9.071,0.4905,8.8
2022-04-07T05:59:26,43389.17,3217.87,114.2,0.2512,17.66,68.2,20.07,108.27,6.504,175.86,0.73,0.02525,0.007764,2.48,1.611,2.52,1.475,4.036,168.2,14.58,0.9468,1.556,0.6082,2.479,429.62,1.072,54.22,0.7741,11.07,2.469e-05,0.223,3.025,1.32,2.379,0.2086,9.068,0.4905,8.805
2022-04-07T05:59:56,43394.97,3218.25,114.19,0.2513,17.67,68.2,20.06,108.23,6.508,176.03,0.73,0.02524,0.007764,2.48,1.611,2.53,1.475,4.036,168.32,14.58,0.9468,1.555,0.6082,2.479,429.63,1.072,54.21,0.7741,11.07,2.469e-05,0.2229,3.026,1.32,2.379,0.2086,9.066,0.4898,8.806
2022-04-07T06:00:26,43389,3217.48,114.18,0.2512,17.67,68.2,20.06,108.19,6.508,175.61,0.7303,0.02524,0.007764,2.48,1.611,2.53,1.474,4.036,168.5,14.58,0.9468,1.573,0.6082,2.479,429.48,1.072,54.21,0.7741,11.07,2.469e-05,0.2229,3.028,1.32,2.378,0.2087,9.07,0.4899,8.806
2022-04-07T06:00:56,43407.05,3220.19,114.25,0.2517,17.67,68.1,20.08,108.3,6.505,175.73,0.7303,0.02523,0.007764,2.481,1.61,2.53,1.476,4.044,168.63,14.58,0.9526,1.573,0.6082,2.481,429.7,1.073,54.28,0.774,11.07,2.469e-05,0.2229,3.03,1.321,2.381,0.2088,9.079,0.4897,8.806
2022-04-07T06:01:26,43415.02,3220.11,114.33,0.2518,17.67,68.1,20.08,108.34,6.509,175.82,0.7303,0.02524,0.007753,2.483,1.61,2.53,1.476,4.046,168.6,14.58,0.9526,1.573,0.6082,2.482,429.64,1.073,54.32,0.7741,11.07,2.47e-05,0.2227,3.033,1.322,2.382,0.2089,9.088,0.4904,8.807
2022-04-07T06:01:56,43421.68,3219.94,114.23,0.252,17.67,68.1,20.09,108.31,6.506,176.22,0.7299,0.02524,0.007753,2.483,1.61,2.53,1.477,4.043,168.58,14.58,0.9539,1.565,0.6082,2.481,429.89,1.072,54.34,0.7742,11.08,2.471e-05,0.2227,3.034,1.322,2.382,0.2088,9.088,0.4902,8.813
2022-04-07T06:02:27,43416.71,3219.19,114.23,0.2518,17.67,68.1,20.09,108.32,6.503,176.11,0.7299,0.02526,0.007753,2.483,1.61,2.53,1.476,4.049,168.56,14.5,0.9539,1.571,0.6082,2.481,429.8,1.072,54.33,0.7741,11.09,2.471e-05,0.2228,3.034,1.321,2.382,0.2088,9.092,0.4906,8.814
2022-04-07T06:02:57,43412.31,3218.92,114.27,0.2517,17.67,68.1,20.09,108.31,6.503,175.95,0.7307,0.02527,0.007753,2.48,1.61,2.53,1.476,4.049,168.53,14.5,0.9539,1.573,0.6082,2.481,429.85,1.071,54.32,0.774,11.1,2.473e-05,0.2228,3.032,1.321,2.381,0.2088,9.09,0.4905,8.813
2022-04-07T06:03:27,43413.75,3220.22,114.31,0.2517,17.72,68.2,20.1,108.32,6.508,176,0.7318,0.0253,0.007753,2.48,1.611,2.53,1.478,4.045,168.56,14.56,0.9539,1.57,0.6082,2.481,429.82,1.072,54.34,0.774,11.11,2.473e-05,0.223,3.033,1.321,2.382,0.2089,9.088,0.4912,8.813
2022-04-07T06:03:57,43427.52,3220.52,114.37,0.2516,17.71,68.1,20.1,108.32,6.506,175.35,0.7318,0.02527,0.007756,2.48,1.611,2.53,1.477,4.046,168.57,14.56,0.9535,1.574,0.6082,2.481,429.84,1.072,54.36,0.7741,11.12,2.472e-05,0.223,3.034,1.322,2.382,0.2089,9.081,0.4912,8.806
2022-04-07T06:04:27,43419.18,3220.74,114.33,0.2518,17.71,68.1,20.1,108.33,6.506,175.39,0.7313,0.0253,0.007756,2.482,1.611,2.53,1.477,4.046,168.59,14.56,0.9535,1.588,0.6082,2.482,429.85,1.072,54.38,0.7742,11.12,2.472e-05,0.2232,3.035,1.321,2.383,0.2089,9.081,0.4911,8.813
2022-04-07T06:04:57,43404.88,3217.8,114.28,0.2516,17.71,68.1,20.09,108.28,6.5,175.04,0.7301,0.02528,0.007756,2.481,1.61,2.53,1.477,4.039,168.47,14.56,0.9535,1.58,0.6082,2.48,429.85,1.07,54.37,0.7735,11.09,2.47e-05,0.2232,3.033,1.32,2.381,0.2088,9.075,0.4909,8.806
2022-04-07T06:05:27,43380.33,3216.97,114.19,0.251,17.71,68,20.07,108.14,6.494,174.92,0.7301,0.02524,0.007756,2.481,1.61,2.53,1.477,4.022,168.37,14.56,0.9535,1.579,0.6082,2.479,429.7,1.07,54.36,0.7729,11.08,2.47e-05,0.2227,3.03,1.318,2.38,0.2087,9.071,0.4909,8.805
2022-04-07T06:05:57,43366.26,3214.63,114.12,0.2508,17.71,67.9,20.08,108.07,6.481,174.56,0.7257,0.02522,0.007756,2.481,1.611,2.53,1.476,4.023,168.24,14.56,0.9535,1.579,0.6082,2.478,429.35,1.07,54.25,0.7725,11.06,2.469e-05,0.2225,3.028,1.318,2.377,0.2086,9.061,0.4907,8.803
2022-04-07T06:06:28,43370.95,3214.97,114.1,0.2508,17.71,67.9,20.07,108.05,6.478,174.53,0.7253,0.02514,0.007756,2.481,1.611,2.53,1.474,4.025,168.29,14.57,0.9532,1.578,0.6082,2.478,429.39,1.069,54.24,0.7725,11.05,2.47e-05,0.2226,3.026,1.317,2.376,0.2086,9.057,0.4904,8.798
2022-04-07T06:06:58,43359.94,3214.88,114.03,0.2504,17.71,67.9,20.06,107.99,6.483,174.32,0.7253,0.02514,0.007756,2.48,1.61,2.53,1.475,4.025,168.18,14.57,0.9532,1.578,0.6082,2.477,429.35,1.069,54.23,0.7724,11.05,2.468e-05,0.2224,3.024,1.317,2.374,0.2085,9.056,0.4901,8.804
2022-04-07T06:07:28,43358.71,3215.81,114.04,0.2505,17.71,68,20.06,108.04,6.471,174.59,0.7251,0.02515,0.007756,2.48,1.61,2.53,1.475,4.013,168.16,14.57,0.9532,1.577,0.6082,2.476,429.29,1.069,54.16,0.7725,11.05,2.469e-05,0.2225,3.025,1.316,2.374,0.2084,9.057,0.4903,8.792
2022-04-07T06:07:58,43359.38,3215.1,113.94,0.2511,17.73,68,20.06,108.05,6.46,174.61,0.7278,0.02515,0.007756,2.48,1.61,2.53,1.475,4.008,168.11,14.57,0.948,1.577,0.6082,2.476,429.41,1.07,54.16,0.7724,11.05,2.469e-05,0.2225,3.025,1.316,2.372,0.2085,9.055,0.4902,8.791
2022-04-07T06:08:28,43367.83,3215.67,113.95,0.2514,17.73,68,20.07,108.04,6.455,174.62,0.7278,0.02514,0.007756,2.481,1.61,2.53,1.476,4.001,168.17,14.57,0.948,1.58,0.6082,2.477,429.41,1.069,54.17,0.7723,11.05,2.47e-05,0.2225,3.025,1.317,2.372,0.2085,9.069,0.4902,8.789
2022-04-07T06:08:58,43365.63,3215.71,113.96,0.2511,17.73,68,20.06,108.02,6.459,174.61,0.7278,0.02513,0.007756,2.481,1.61,2.53,1.476,4.001,168.21,14.57,0.948,1.578,0.6082,2.476,429.4,1.069,54.17,0.7724,11.06,2.47e-05,0.2225,3.025,1.317,2.373,0.2083,9.068,0.4901,8.79
2022-04-07T06:09:29,43361.78,3214.94,113.95,0.2512,17.75,68,20.06,107.97,6.462,174.44,0.7278,0.02514,0.007756,2.486,1.611,2.53,1.475,4.001,168.13,14.55,0.948,1.574,0.6082,2.476,429.4,1.069,54.16,0.7724,11.07,2.47e-05,0.2225,3.025,1.316,2.373,0.2084,9.066,0.4901,8.789
2022-04-07T06:09:59,43352.83,3214.81,113.94,0.2512,17.75,68,20.06,107.99,6.466,174.43,0.7278,0.02513,0.007756,2.48,1.611,2.53,1.475,4.01,168.17,14.55,0.9463,1.576,0.6082,2.476,429.35,1.069,54.22,0.7723,11.07,2.469e-05,0.2225,3.024,1.316,2.373,0.2084,9.051,0.49,8.789
2022-04-07T06:10:29,43361.54,3214.95,114,0.2513,17.75,68.1,20.06,108,6.468,174.53,0.7276,0.02514,0.007768,2.48,1.61,2.53,1.476,4.017,168.19,14.55,0.9463,1.578,0.6082,2.476,429.36,1.07,54.29,0.7726,11.08,2.469e-05,0.2225,3.025,1.317,2.373,0.2084,9.05,0.4902,8.789
2022-04-07T06:10:59,43364.72,3215.69,113.98,0.2513,17.77,68.1,20.06,107.99,6.46,174.33,0.7287,0.02514,0.007768,2.48,1.61,2.53,1.476,4.026,168.18,14.55,0.9463,1.577,0.6082,2.476,429.45,1.071,54.31,0.7728,11.09,2.469e-05,0.2225,3.025,1.317,2.373,0.2085,9.047,0.49,8.788
2022-04-07T06:11:29,43353.48,3214.69,113.81,0.2513,17.77,68,20.04,107.89,6.461,174.12,0.7287,0.02511,0.00775,2.48,1.611,2.53,1.473,4.025,168.04,14.55,0.9463,1.577,0.6082,2.473,429.46,1.069,54.27,0.7725,11.06,2.469e-05,0.2225,3.021,1.316,2.371,0.2083,9.032,0.4895,8.785
2022-04-07T06:11:59,43334.11,3203.74,113.74,0.2507,17.72,67.9,20.01,107.71,6.448,173.88,0.7267,0.02504,0.007748,2.478,1.609,2.53,1.471,4.025,167.74,14.55,0.9462,1.577,0.6082,2.466,428.38,1.067,54.13,0.7721,11.02,2.467e-05,0.2212,3.015,1.314,2.367,0.208,9.024,0.4894,8.773
2022-04-07T06:12:29,43326.9,3203.59,113.61,0.2511,17.77,67.8,20,107.78,6.454,173.76,0.7267,0.02507,0.007734,2.478,1.612,2.53,1.471,4.016,167.73,14.55,0.9462,1.577,0.6082,2.468,428.41,1.067,54.09,0.7715,11.03,2.462e-05,0.2214,3.016,1.313,2.367,0.2079,9.014,0.4872,8.761
2022-04-07T06:12:59,43331.17,3204.77,113.61,0.2512,17.77,67.9,20.01,107.77,6.441,173.86,0.7267,0.02504,0.007734,2.478,1.612,2.53,1.471,4.016,167.81,14.55,0.9462,1.572,0.6082,2.468,428.09,1.067,54.14,0.7715,11.02,2.462e-05,0.2215,3.017,1.313,2.366,0.2079,9.015,0.4876,8.76
2022-04-07T06:13:29,43336.69,3207.71,113.6,0.2515,17.77,67.9,20.03,107.81,6.449,174.03,0.7249,0.02508,0.007734,2.478,1.612,2.53,1.473,4.016,167.94,14.55,0.9462,1.572,0.6082,2.471,428.34,1.068,54.18,0.7717,11.03,2.463e-05,0.2216,3.02,1.313,2.367,0.2079,9.021,0.4874,8.764
2022-04-07T06:14:00,43351.5,3208.9,113.61,0.2519,17.77,68.1,20.04,107.91,6.461,173.97,0.7249,0.02513,0.007734,2.478,1.613,2.53,1.474,4.021,168.02,14.55,0.9425,1.572,0.6082,2.475,428.61,1.069,54.22,0.772,11.07,2.468e-05,0.2218,3.023,1.315,2.369,0.208,9.027,0.4881,8.768
2022-04-07T06:14:30,43341.91,3205.9,113.73,0.2518,17.78,68,20.04,107.95,6.455,173.92,0.7249,0.02508,0.007734,2.482,1.615,2.53,1.473,4.021,167.95,14.52,0.9425,1.574,0.6082,2.47,428.64,1.069,54.24,0.7719,11.05,2.467e-05,0.2214,3.022,1.314,2.37,0.2079,9.018,0.4881,8.768
2022-04-07T06:15:00,43354.54,3206.4,113.71,0.2519,17.78,68,20.05,107.96,6.458,174,0.7249,0.02506,0.007734,2.482,1.614,2.53,1.473,4.027,167.91,14.52,0.9425,1.574,0.6082,2.472,428.72,1.069,54.25,0.772,11.06,2.466e-05,0.2215,3.023,1.315,2.371,0.208,9.031,0.4879,8.776
2022-04-07T06:15:30,43355,3208.52,113.77,0.2521,17.78,67.8,20.06,107.98,6.458,174.09,0.7249,0.02509,0.007757,2.482,1.614,2.53,1.474,4.037,167.9,14.52,0.9425,1.572,0.6082,2.474,429.04,1.07,54.28,0.7721,11.06,2.468e-05,0.2215,3.025,1.315,2.37,0.208,9.035,0.4881,8.771
2022-04-07T06:16:00,43369.67,3208.43,113.77,0.252,17.78,67.9,20.06,108.01,6.458,174.25,0.7257,0.02513,0.007775,2.481,1.611,2.53,1.475,4.037,167.97,14.52,0.9425,1.571,0.6082,2.473,429.08,1.069,54.37,0.7722,11.07,2.468e-05,0.2217,3.025,1.315,2.372,0.208,9.027,0.4886,8.771
2022-04-07T06:16:30,43374.18,3208.7,113.78,0.2519,17.8,68,20.06,108.05,6.46,174.4,0.7254,0.02513,0.007775,2.481,1.609,2.53,1.475,4.041,167.99,14.52,0.9425,1.571,0.6082,2.473,429.11,1.07,54.37,0.7723,11.07,2.468e-05,0.2217,3.024,1.316,2.372,0.2081,9.028,0.4884,8.769
2022-04-07T06:17:00,43378.98,3208.85,113.81,0.2519,17.8,68,20.06,108.05,6.461,174.33,0.7254,0.02512,0.007775,2.481,1.609,2.53,1.475,4.029,167.99,14.52,0.94,1.571,0.6082,2.473,429.15,1.07,54.38,0.7723,11.08,2.467e-05,0.2217,3.025,1.316,2.372,0.208,9.028,0.4886,8.77
2022-04-07T06:17:30,43381.33,3208.3,113.81,0.252,17.8,68,20.06,108.06,6.462,174.4,0.7253,0.02514,0.007775,2.481,1.607,2.53,1.475,4.032,167.95,14.52,0.94,1.571,0.6082,2.473,429.12,1.07,54.39,0.7725,11.09,2.468e-05,0.2217,3.025,1.315,2.372,0.2081,9.028,0.4883,8.782
2022-04-07T06:18:01,43368.29,3207.13,113.71,0.2521,17.81,68,20.05,107.99,6.463,174.26,0.7255,0.02513,0.007775,2.481,1.607,2.53,1.474,4.032,167.84,14.52,0.94,1.571,0.6082,2.472,428.83,1.07,54.37,0.7721,11.09,2.464e-05,0.2215,3.022,1.314,2.37,0.208,9.018,0.4881,8.771
2022-04-07T06:18:31,43376.84,3206.36,113.85,0.2521,17.78,68,20.05,108.01,6.463,174.34,0.7255,0.02512,0.007777,2.481,1.606,2.53,1.474,4.013,167.9,14.52,0.94,1.595,0.6082,2.474,429.01,1.07,54.33,0.7728,11.09,2.465e-05,0.2215,3.023,1.314,2.37,0.2079,9.022,0.4881,8.769
2022-04-07T06:19:01,43362.63,3206.45,113.73,0.2521,17.78,68,20.05,108.06,6.473,174.25,0.7255,0.02512,0.007777,2.48,1.606,2.53,1.474,4.017,167.99,14.52,0.94,1.598,0.6082,2.474,428.94,1.07,54.34,0.7727,11.08,2.464e-05,0.2215,3.024,1.313,2.37,0.208,9.019,0.4884,8.77
2022-04-07T06:19:31,43355.36,3205.2,113.68,0.252,17.78,68,20.05,108.04,6.463,174.27,0.7254,0.02507,0.007777,2.479,1.606,2.53,1.473,4.013,167.91,14.52,0.94,1.598,0.6082,2.473,428.9,1.069,54.32,0.7727,11.08,2.462e-05,0.2215,3.022,1.313,2.37,0.2079,9.012,0.4882,8.761
2022-04-07T06:20:01,43353.21,3205.65,113.68,0.252,17.78,68,20.05,108,6.463,174.26,0.7254,0.02506,0.007777,2.479,1.606,2.53,1.474,4.013,167.81,14.52,0.9458,1.588,0.6082,2.473,428.89,1.07,54.23,0.7726,11.06,2.462e-05,0.2215,3.023,1.313,2.37,0.2079,9.008,0.4883,8.765
2022-04-07T06:20:31,43351.71,3205.75,113.66,0.252,17.78,68,20.05,107.94,6.461,174.26,0.7254,0.02506,0.007777,2.479,1.606,2.53,1.474,4.013,167.83,14.54,0.9458,1.588,0.6082,2.473,428.86,1.07,54.22,0.7728,11.06,2.462e-05,0.2215,3.022,1.313,2.37,0.2079,9.007,0.4883,8.761
2022-04-07T06:21:01,43378.8,3208.33,113.79,0.2527,17.78,68.2,20.06,108.02,6.465,174.6,0.7254,0.02506,0.007777,2.479,1.608,2.53,1.475,4.036,167.91,14.54,0.9458,1.588,0.6082,2.474,428.92,1.07,54.28,0.7732,11.08,2.464e-05,0.2218,3.023,1.314,2.37,0.208,9.014,0.4884,8.767
2022-04-07T06:21:31,43379.02,3207.32,113.7,0.2522,17.78,68,20.07,108.02,6.472,174.55,0.7254,0.02511,0.007764,2.479,1.61,2.53,1.474,4.028,167.99,14.55,0.9458,1.592,0.6082,2.475,429.13,1.069,54.28,0.7742,11.08,2.464e-05,0.2218,3.023,1.313,2.373,0.208,9.01,0.4891,8.768
2022-04-07T06:22:02,43377.74,3207.48,113.7,0.2526,17.78,68,20.07,108.05,6.473,174.56,0.7255,0.02509,0.00778,2.483,1.61,2.53,1.475,4.015,167.93,14.55,0.9458,1.602,0.6082,2.475,429.12,1.07,54.29,0.7742,11.09,2.464e-05,0.2218,3.023,1.313,2.372,0.208,9.013,0.4891,8.768
2022-04-07T06:22:32,43384.81,3208.07,113.76,0.2527,17.78,68,20.08,108.12,6.473,174.64,0.7252,0.02508,0.00778,2.481,1.61,2.53,1.474,4.02,168.11,14.55,0.9458,1.603,0.6082,2.476,429.22,1.07,54.29,0.7743,11.09,2.464e-05,0.2218,3.024,1.314,2.373,0.208,9.017,0.489,8.775
2022-04-07T06:23:02,43391.21,3208.86,113.75,0.2531,17.83,68,20.09,108.12,6.468,174.67,0.7252,0.02508,0.00778,2.481,1.609,2.53,1.476,4.02,168.23,14.55,0.9458,1.607,0.6082,2.477,429.27,1.071,54.34,0.7746,11.08,2.465e-05,0.2218,3.025,1.314,2.375,0.208,9.021,0.4892,8.77
2022-04-07T06:23:32,43396.58,3209.26,113.75,0.2532,17.83,68,20.09,108.15,6.467,174.76,0.7275,0.02509,0.00778,2.481,1.609,2.53,1.475,4.014,168.24,14.55,0.9458,1.605,0.6082,2.477,429.22,1.07,54.41,0.7747,11.08,2.465e-05,0.2218,3.027,1.314,2.375,0.208,9.019,0.4892,8.774
2022-04-07T06:24:02,43403.02,3210.01,113.84,0.2532,17.83,68,20.11,108.15,6.467,174.84,0.7284,0.0252,0.00778,2.481,1.609,2.53,1.476,4.016,168.32,14.55,0.9458,1.604,0.6082,2.478,429.39,1.071,54.43,0.7749,11.08,2.465e-05,0.2218,3.027,1.315,2.375,0.2081,9.026,0.4891,8.778
2022-04-07T06:24:32,43404.23,3209.79,113.83,0.2535,17.81,68,20.11,108.14,6.474,174.86,0.7282,0.02509,0.00778,2.484,1.609,2.53,1.476,4.012,168.39,14.56,0.9458,1.604,0.6082,2.479,429.4,1.071,54.44,0.7752,11.06,2.465e-05,0.2222,3.028,1.315,2.375,0.2082,9.033,0.4895,8.779
2022-04-07T06:25:02,43423.51,3211.87,114.01,0.2535,17.81,68,20.12,108.19,6.47,174.89,0.7282,0.02513,0.00778,2.483,1.609,2.53,1.478,4.012,168.5,14.56,0.9458,1.587,0.6082,2.481,429.69,1.071,54.47,0.7757,11.07,2.468e-05,0.2224,3.03,1.316,2.378,0.2083,9.043,0.4898,8.782
2022-04-07T06:25:32,43412.77,3212.28,114.1,0.2535,17.84,68,20.12,108.25,6.468,175.07,0.7284,0.02512,0.00778,2.483,1.61,2.53,1.479,4.012,168.52,14.56,0.9458,1.59,0.6082,2.481,429.74,1.072,54.58,0.7757,11.07,2.469e-05,0.2224,3.03,1.316,2.378,0.2083,9.055,0.4902,8.786
2022-04-07T06:26:02,43421.95,3212.68,114.16,0.2535,17.86,68.1,20.13,108.26,6.471,175.14,0.7272,0.02515,0.00778,2.483,1.611,2.52,1.479,4.012,168.66,14.56,0.9458,1.591,0.6082,2.482,429.77,1.072,54.6,0.7758,11.07,2.469e-05,0.2224,3.03,1.318,2.379,0.2083,9.058,0.4903,8.787
2022-04-07T06:26:33,43421.26,3212.82,114.21,0.2537,17.81,68.1,20.13,108.32,6.473,174.95,0.7271,0.02514,0.007774,2.479,1.611,2.52,1.479,4.01,168.65,14.56,0.9458,1.591,0.6082,2.484,429.92,1.072,54.57,0.7757,11.07,2.47e-05,0.2224,3.03,1.317,2.379,0.2083,9.06,0.4904,8.788
2022-04-07T06:27:03,43418,3212.86,114.23,0.2535,17.82,68,20.13,108.32,6.476,174.92,0.7271,0.02515,0.007774,2.479,1.611,2.52,1.479,3.989,168.69,14.56,0.9458,1.591,0.6082,2.484,429.9,1.072,54.57,0.7756,11.07,2.471e-05,0.2224,3.031,1.317,2.38,0.2084,9.06,0.4905,8.789
2022-04-07T06:27:33,43420.08,3213.05,114.23,0.2537,17.85,68,20.13,108.33,6.473,175.04,0.7272,0.02523,0.007774,2.481,1.611,2.52,1.478,3.989,168.72,14.56,0.9458,1.591,0.6082,2.486,429.99,1.072,54.58,0.7757,11.07,2.471e-05,0.2224,3.031,1.317,2.381,0.2086,9.067,0.4905,8.791
2022-04-07T06:28:03,43422.74,3214.04,114.31,0.2548,17.85,68,20.14,108.34,6.473,175.32,0.727,0.02523,0.007774,2.481,1.611,2.52,1.479,3.987,168.8,14.56,0.9459,1.591,0.639,2.487,429.88,1.072,54.58,0.7759,11.07,2.471e-05,0.2228,3.032,1.318,2.382,0.2087,9.084,0.491,8.791
2022-04-07T06:28:33,43432.03,3214.42,114.37,0.2549,17.85,68,20.15,108.34,6.471,175.33,0.7266,0.02524,0.007774,2.481,1.611,2.52,1.48,3.988,168.74,14.56,0.9459,1.591,0.639,2.487,429.83,1.072,54.58,0.7761,11.08,2.471e-05,0.2228,3.033,1.318,2.382,0.2087,9.079,0.4912,8.788
2022-04-07T06:29:03,43434.18,3214.14,114.38,0.2547,17.88,68,20.15,108.33,6.474,175.41,0.7266,0.02524,0.007774,2.481,1.611,2.52,1.48,3.983,168.74,14.56,0.9459,1.591,0.639,2.487,429.83,1.072,54.59,0.776,11.1,2.47e-05,0.2228,3.031,1.319,2.382,0.2087,9.079,0.4913,8.786
2022-04-07T06:29:33,43416.27,3214.07,114.38,0.2549,17.88,68,20.15,108.32,6.472,175.31,0.7264,0.02525,0.007783,2.481,1.612,2.52,1.48,3.98,168.74,14.56,0.9459,1.591,0.639,2.487,429.95,1.072,54.59,0.7757,11.09,2.469e-05,0.2226,3.03,1.319,2.381,0.2087,9.077,0.4912,8.78
2022-04-07T06:30:03,43420.72,3214.42,114.41,0.2549,17.88,68.1,20.15,108.28,6.474,175.34,0.727,0.02524,0.007783,2.481,1.612,2.52,1.481,3.974,168.78,14.56,0.9459,1.594,0.639,2.487,430,1.072,54.62,0.7757,11.08,2.469e-05,0.2226,3.031,1.32,2.381,0.2087,9.08,0.4912,8.787
2022-04-07T06:30:33,43421.73,3215.31,114.41,0.2549,17.87,68,20.15,108.34,6.472,175.49,0.727,0.02521,0.007783,2.481,1.612,2.52,1.48,3.972,168.75,14.56,0.9469,1.59,0.639,2.488,430.04,1.072,54.57,0.7758,11.08,2.472e-05,0.2226,3.031,1.32,2.382,0.2086,9.086,0.4918,8.78
2022-04-07T06:31:04,43405.64,3215.33,114.32,0.2549,17.87,68.1,20.15,108.33,6.472,175.64,0.7283,0.02521,0.007783,2.481,1.612,2.52,1.48,3.973,168.69,14.56,0.9469,1.59,0.639,2.487,429.93,1.072,54.56,0.7761,11.06,2.47e-05,0.2227,3.031,1.32,2.382,0.2088,9.085,0.4918,8.789
2022-04-07T06:31:34,43416.02,3215,114.33,0.2549,17.87,68,20.15,108.34,6.478,175.77,0.7283,0.02524,0.007783,2.481,1.612,2.52,1.481,3.974,168.69,14.56,0.9469,1.594,0.639,2.487,429.92,1.071,54.56,0.776,11.08,2.471e-05,0.2227,3.03,1.32,2.382,0.2089,9.088,0.4919,8.787
2022-04-07T06:32:04,43412.47,3215.35,114.29,0.2546,17.87,68,20.15,108.31,6.477,175.85,0.7283,0.02525,0.007763,2.481,1.613,2.52,1.481,3.977,168.75,14.56,0.9469,1.594,0.639,2.487,429.93,1.072,54.56,0.776,11.08,2.471e-05,0.2227,3.03,1.32,2.383,0.2088,9.095,0.4921,8.786
2022-04-07T06:32:34,43410.53,3214.73,114.28,0.2544,17.87,68,20.15,108.23,6.467,175.93,0.7283,0.02524,0.007763,2.479,1.613,2.52,1.48,3.979,168.77,14.53,0.9469,1.59,0.639,2.488,429.98,1.071,54.54,0.7761,11.09,2.47e-05,0.2227,3.028,1.32,2.382,0.2088,9.096,0.4918,8.785
2022-04-07T06:33:04,43410.91,3214.82,114.23,0.2544,17.87,68.5,20.16,108.21,6.474,176,0.7274,0.02524,0.007763,2.482,1.614,2.52,1.481,3.978,168.73,14.53,0.9469,1.59,0.639,2.488,429.92,1.071,54.53,0.776,11.09,2.472e-05,0.2231,3.029,1.32,2.383,0.2089,9.098,0.4925,8.786
2022-04-07T06:33:34,43410.42,3214.42,114.19,0.2536,17.87,68.5,20.16,108.25,6.472,176.03,0.7235,0.02524,0.007763,2.482,1.614,2.52,1.48,3.978,168.81,14.53,0.9462,1.595,0.639,2.488,429.87,1.071,54.47,0.776,11.09,2.471e-05,0.2231,3.028,1.321,2.383,0.2088,9.115,0.493,8.786
2022-04-07T06:34:04,43412.47,3214.42,114.16,0.2533,17.87,68.4,20.16,108.2,6.469,176,0.7235,0.02526,0.007763,2.482,1.615,2.52,1.48,3.978,168.83,14.53,0.9462,1.592,0.639,2.488,429.92,1.071,54.45,0.777,11.09,2.471e-05,0.2231,3.028,1.322,2.382,0.2089,9.12,0.493,8.787
2022-04-07T06:34:34,43413.42,3214.4,114.21,0.2533,17.87,68.4,20.16,108.22,6.466,175.98,0.7262,0.02527,0.007786,2.482,1.616,2.52,1.48,3.972,168.88,14.53,0.9462,1.592,0.639,2.488,429.97,1.071,54.46,0.7774,11.1,2.47e-05,0.2233,3.028,1.322,2.382,0.2089,9.121,0.4932,8.786
2022-04-07T06:35:04,43409.57,3212.27,114.21,0.2533,17.87,68.4,20.16,108.23,6.475,176.01,0.7269,0.02526,0.007786,2.482,1.616,2.52,1.48,3.974,168.85,14.53,0.9461,1.595,0.639,2.488,429.89,1.071,54.45,0.7778,11.1,2.47e-05,0.2235,3.028,1.323,2.383,0.2089,9.135,0.4932,8.781
2022-04-07T06:35:35,43411.97,3212.92,114.27,0.2534,17.9,68.4,20.16,108.24,6.471,176.21,0.7272,0.02527,0.007817,2.482,1.617,2.52,1.479,3.975,168.92,14.57,0.9461,1.595,0.639,2.488,429.98,1.071,54.48,0.7777,11.1,2.469e-05,0.2235,3.029,1.323,2.383,0.2088,9.134,0.4932,8.781
2022-04-07T06:36:05,43407.43,3212.36,114.26,0.2534,17.89,68.4,20.16,108.23,6.474,176.1,0.7272,0.02526,0.007817,2.482,1.617,2.52,1.479,3.974,168.9,14.57,0.9461,1.593,0.639,2.488,429.92,1.071,54.45,0.7772,11.11,2.469e-05,0.2232,3.028,1.323,2.385,0.2087,9.133,0.4929,8.779
2022-04-07T06:36:35,43412.06,3211.96,114.27,0.2529,17.89,68.4,20.16,108.24,6.472,176.18,0.7263,0.02526,0.007817,2.482,1.617,2.52,1.48,3.981,168.87,14.61,0.9461,1.591,0.639,2.488,429.96,1.071,54.47,0.7771,11.09,2.47e-05,0.2232,3.029,1.323,2.385,0.2088,9.131,0.4931,8.785
2022-04-07T06:37:05,43412.7,3212.01,114.24,0.2529,17.89,68.2,20.16,108.22,6.473,176.17,0.7263,0.02526,0.007817,2.482,1.617,2.52,1.48,3.98,168.9,14.61,0.951,1.59,0.639,2.489,429.92,1.071,54.54,0.7771,11.09,2.47e-05,0.2232,3.03,1.324,2.385,0.2088,9.12,0.4931,8.78
2022-04-07T06:37:36,43411.96,3212.09,114.24,0.2529,17.9,68.2,20.16,108.24,6.473,176.18,0.7263,0.02527,0.007817,2.482,1.617,2.52,1.48,3.977,168.9,14.61,0.951,1.59,0.639,2.489,430.07,1.072,54.55,0.7771,11.06,2.471e-05,0.2232,3.03,1.324,2.385,0.2088,9.118,0.4929,8.788
2022-04-07T06:38:06,43414.16,3212.24,114.24,0.2529,17.9,68.2,20.16,108.24,6.471,176.3,0.7269,0.02517,0.007849,2.482,1.617,2.52,1.481,3.976,168.87,14.61,0.951,1.59,0.639,2.489,430.01,1.072,54.55,0.7769,11.05,2.471e-05,0.2232,3.029,1.325,2.385,0.2088,9.12,0.493,8.782
2022-04-07T06:38:36,43414.49,3212.34,114.27,0.253,17.9,68.3,20.16,108.25,6.474,176.26,0.7269,0.02517,0.007834,2.482,1.616,2.52,1.482,3.976,168.84,14.61,0.951,1.59,0.639,2.488,430.14,1.071,54.57,0.777,11.06,2.472e-05,0.2232,3.031,1.325,2.385,0.2088,9.127,0.4927,8.791
2022-04-07T06:39:06,43415.34,3212.43,114.27,0.253,17.9,68.3,20.17,108.27,6.479,176.32,0.7274,0.02523,0.007834,2.482,1.617,2.52,1.482,3.976,168.94,14.61,0.951,1.59,0.639,2.489,430.1,1.072,54.55,0.7768,11.05,2.472e-05,0.2234,3.031,1.325,2.386,0.2088,9.134,0.4928,8.797
2022-04-07T06:39:36,43443.31,3215.39,114.41,0.2536,17.91,68.4,20.18,108.34,6.484,176.58,0.7274,0.02531,0.007834,2.482,1.617,2.52,1.482,3.983,169.02,14.61,0.951,1.59,0.639,2.491,430.44,1.072,54.59,0.777,11.06,2.475e-05,0.2238,3.034,1.327,2.388,0.2089,9.135,0.4932,8.818
2022-04-07T06:40:06,43446.57,3215.41,114.39,0.2538,17.92,68.4,20.21,108.45,6.488,176.95,0.7274,0.02531,0.007834,2.482,1.617,2.52,1.483,3.983,169.03,14.61,0.951,1.59,0.639,2.494,430.42,1.073,54.62,0.7771,11.06,2.476e-05,0.2238,3.035,1.328,2.39,0.209,9.138,0.4933,8.822
2022-04-07T06:40:36,43446.53,3215.36,114.39,0.2539,17.92,68.5,20.21,108.51,6.483,177.42,0.7274,0.02531,0.007834,2.482,1.617,2.52,1.483,3.983,169.06,14.61,0.951,1.59,0.639,2.499,430.72,1.073,54.66,0.7772,11.07,2.476e-05,0.2238,3.036,1.328,2.39,0.209,9.161,0.4935,8.822
2022-04-07T06:41:06,43450.37,3216.4,114.47,0.2542,17.92,68.5,20.21,108.55,6.481,177.14,0.7276,0.02533,0.007834,2.482,1.617,2.52,1.483,3.992,168.98,14.62,0.9508,1.59,0.639,2.5,430.82,1.073,54.68,0.7771,11.08,2.476e-05,0.2242,3.038,1.328,2.392,0.2091,9.17,0.4935,8.822
2022-04-07T06:41:36,43447.73,3215.93,114.37,0.2548,17.87,68.5,20.24,108.56,6.482,177.07,0.7274,0.02537,0.007828,2.482,1.618,2.52,1.483,3.986,168.99,14.67,0.9508,1.59,0.639,2.5,430.93,1.073,54.67,0.7772,11.09,2.475e-05,0.2242,3.038,1.329,2.392,0.2091,9.175,0.4935,8.823
2022-04-07T06:42:07,43451.46,3216.14,114.46,0.2548,17.89,68.6,20.26,108.56,6.482,177.67,0.7295,0.02536,0.007828,2.482,1.618,2.52,1.484,3.994,169,14.67,0.9508,1.59,0.639,2.504,430.92,1.073,54.7,0.7774,11.09,2.476e-05,0.2244,3.041,1.329,2.393,0.2091,9.175,0.4938,8.816
2022-04-07T06:42:37,43460.04,3216.28,114.43,0.2549,17.9,68.6,20.25,108.64,6.482,177.72,0.7295,0.02537,0.007828,2.483,1.618,2.52,1.484,3.998,169.04,14.67,0.9508,1.591,0.639,2.503,430.82,1.074,54.73,0.7777,11.07,2.476e-05,0.2244,3.043,1.33,2.394,0.2091,9.181,0.4937,8.822
2022-04-07T06:43:07,43456.76,3216.73,114.43,0.2547,17.9,68.6,20.26,108.66,6.489,177.76,0.7301,0.02536,0.007828,2.483,1.617,2.52,1.484,3.999,169.04,14.67,0.9508,1.591,0.639,2.504,430.95,1.074,54.75,0.7777,11.07,2.476e-05,0.2245,3.043,1.331,2.392,0.2091,9.188,0.4937,8.818
2022-04-07T06:43:37,43453.94,3218.17,114.47,0.2548,17.95,68.7,20.26,108.67,6.488,177.79,0.7301,0.02537,0.007828,2.483,1.618,2.52,1.483,4,169.12,14.67,0.9508,1.591,0.639,2.505,431.03,1.074,54.79,0.7777,11.09,2.477e-05,0.2245,3.044,1.332,2.395,0.2091,9.19,0.494,8.819
2022-04-07T06:44:07,43458.1,3219.04,114.69,0.2551,17.95,68.7,20.26,108.66,6.486,177.63,0.7295,0.02541,0.007828,2.484,1.618,2.52,1.484,3.995,169.09,14.67,0.9508,1.59,0.639,2.503,431.16,1.074,54.8,0.7778,11.08,2.478e-05,0.2247,3.045,1.334,2.397,0.2092,9.192,0.4941,8.818
2022-04-07T06:44:37,43480.41,3221.16,114.7,0.2555,17.96,68.8,20.26,108.69,6.489,177.65,0.728,0.02542,0.007828,2.484,1.618,2.52,1.484,3.995,169.09,14.66,0.9508,1.59,0.639,2.504,431.42,1.075,54.8,0.7781,11.08,2.478e-05,0.2249,3.046,1.334,2.398,0.2092,9.196,0.4941,8.825
2022-04-07T06:45:08,43473.48,3221.1,114.7,0.2555,17.96,68.7,20.24,108.69,6.489,177.53,0.728,0.02541,0.007828,2.484,1.618,2.52,1.485,4.001,169.1,14.66,0.9508,1.59,0.639,2.504,431.32,1.075,54.8,0.7781,11.09,2.477e-05,0.2249,3.045,1.332,2.398,0.2091,9.225,0.4948,8.832
2022-04-07T06:45:38,43480.91,3221.98,114.82,0.2555,17.96,68.8,20.24,108.72,6.492,177.71,0.7301,0.02541,0.007828,2.484,1.618,2.52,1.485,4.001,169.13,14.66,0.9507,1.59,0.639,2.506,431.5,1.077,54.83,0.7783,11.09,2.478e-05,0.2249,3.048,1.334,2.402,0.2091,9.233,0.4955,8.826
2022-04-07T06:46:08,43481.72,3222,114.78,0.2561,17.97,68.8,20.24,108.71,6.493,178.05,0.7287,0.02542,0.007861,2.484,1.617,2.52,1.486,4.002,169.12,14.66,0.9507,1.59,0.639,2.506,431.55,1.077,54.79,0.7784,11.13,2.478e-05,0.225,3.048,1.334,2.402,0.2091,9.269,0.4957,8.826
2022-04-07T06:46:38,43474.65,3221.02,114.77,0.256,17.97,68.8,20.22,108.68,6.49,178.05,0.7269,0.02542,0.007861,2.484,1.617,2.52,1.486,4.003,169.21,14.66,0.9507,1.59,0.639,2.504,431.83,1.078,54.77,0.7784,11.14,2.479e-05,0.225,3.048,1.334,2.403,0.2091,9.279,0.496,8.833
2022-04-07T06:47:08,43473.68,3220.43,114.77,0.2553,17.97,68.8,20.22,108.65,6.493,177.91,0.7275,0.02539,0.007862,2.484,1.617,2.52,1.486,4.003,169.21,14.66,0.9508,1.59,0.639,2.503,432.34,1.077,54.75,0.7784,11.14,2.479e-05,0.2249,3.048,1.335,2.403,0.2091,9.285,0.4959,8.847
2022-04-07T06:47:38,43420.36,3216,114.77,0.2549,17.97,68.4,20.18,108.59,6.495,177.62,0.7281,0.02527,0.007862,2.484,1.617,2.52,1.485,4.011,169.1,14.67,0.9508,1.59,0.639,2.5,431.89,1.075,54.66,0.778,11.14,2.477e-05,0.2247,3.044,1.334,2.399,0.2089,9.268,0.4954,8.841
2022-04-07T06:48:08,43428.26,3216.3,114.82,0.2555,17.95,68.4,20.19,108.6,6.491,177.88,0.7273,0.02533,0.007862,2.484,1.617,2.52,1.485,4.001,169.14,14.67,0.9508,1.59,0.639,2.504,431.87,1.076,54.69,0.7772,11.13,2.476e-05,0.2246,3.045,1.332,2.4,0.2089,9.279,0.4962,8.848
2022-04-07T06:48:38,43440.26,3218.63,114.83,0.2557,17.94,68.6,20.2,108.6,6.49,177.91,0.7273,0.02539,0.007862,2.484,1.617,2.52,1.485,4.001,169.18,14.67,0.9508,1.59,0.639,2.504,431.79,1.075,54.72,0.7774,11.13,2.477e-05,0.2246,3.046,1.332,2.401,0.209,9.289,0.497,8.842
2022-04-07T06:49:08,43433.15,3217.64,115.13,0.2555,17.97,68.6,20.2,108.59,6.493,177.86,0.7273,0.02536,0.007862,2.484,1.617,2.52,1.484,4.003,169.14,14.67,0.9508,1.591,0.639,2.503,431.72,1.075,54.68,0.7772,11.13,2.477e-05,0.2246,3.046,1.333,2.399,0.209,9.28,0.4974,8.85
2022-04-07T06:49:39,43428.51,3216.66,115.07,0.2557,17.97,68.6,20.19,108.6,6.49,177.52,0.7273,0.02529,0.007858,2.484,1.617,2.52,1.484,4.003,169.11,14.67,0.9462,1.591,0.639,2.502,431.54,1.075,54.68,0.7771,11.1,2.475e-05,0.2246,3.045,1.333,2.398,0.2089,9.271,0.498,8.85
2022-04-07T06:50:09,43433.33,3217.29,115.06,0.2559,17.97,68.6,20.2,108.57,6.483,177.59,0.7275,0.02527,0.007845,2.484,1.617,2.52,1.484,4.004,169.14,14.67,0.9499,1.591,0.639,2.504,431.53,1.074,54.66,0.7772,11.1,2.476e-05,0.2247,3.045,1.333,2.398,0.209,9.255,0.4986,8.843
2022-04-07T06:50:39,43428.71,3215.28,114.92,0.2558,17.97,68.6,20.2,108.57,6.483,177.63,0.7275,0.02529,0.007845,2.484,1.617,2.52,1.483,4,169.12,14.64,0.9499,1.591,0.639,2.503,431.49,1.074,54.65,0.7771,11.11,2.475e-05,0.2246,3.044,1.333,2.398,0.209,9.244,0.4984,8.829
2022-04-07T06:51:09,43420.19,3215.06,114.9,0.2558,17.97,68.5,20.19,108.57,6.477,177.59,0.7281,0.02527,0.007845,2.484,1.618,2.52,1.483,3.997,169.11,14.64,0.9499,1.594,0.639,2.502,431.5,1.074,54.64,0.777,11.11,2.475e-05,0.2246,3.044,1.332,2.399,0.209,9.239,0.4978,8.823
2022-04-07T06:51:39,43417.68,3214.67,114.78,0.256,17.97,68.5,20.19,108.55,6.486,177.6,0.7283,0.02524,0.007845,2.484,1.618,2.52,1.482,3.996,169.02,14.66,0.9499,1.594,0.639,2.501,431.45,1.073,54.61,0.7769,11.12,2.475e-05,0.2245,3.043,1.331,2.397,0.209,9.224,0.4981,8.818
2022-04-07T06:52:09,43409.82,3213.86,114.75,0.256,17.93,68.5,20.19,108.53,6.48,177.58,0.7283,0.02522,0.007845,2.482,1.618,2.52,1.481,3.996,169.07,14.66,0.9499,1.594,0.639,2.5,431.48,1.073,54.6,0.7768,11.11,2.474e-05,0.2245,3.042,1.331,2.396,0.2089,9.217,0.4983,8.816
2022-04-07T06:52:39,43400.87,3213.02,114.6,0.2558,17.94,68.5,20.19,108.52,6.488,177.48,0.7283,0.02518,0.007845,2.482,1.618,2.52,1.481,3.997,169.07,14.67,0.9499,1.594,0.639,2.499,431.35,1.073,54.54,0.7768,11.11,2.474e-05,0.2245,3.042,1.33,2.394,0.209,9.205,0.4989,8.814
2022-04-07T06:53:09,43392.46,3213.02,114.39,0.2557,17.94,68.5,20.19,108.48,6.481,177.5,0.7285,0.02519,0.007849,2.48,1.618,2.52,1.48,3.996,169.14,14.67,0.9499,1.594,0.639,2.499,431,1.073,54.54,0.7767,11.09,2.474e-05,0.2245,3.039,1.33,2.393,0.209,9.21,0.4989,8.807
2022-04-07T06:53:39,43405.83,3214.95,114.42,0.256,17.95,68.5,20.19,108.46,6.479,177.48,0.7285,0.02531,0.007849,2.48,1.618,2.52,1.48,3.998,169.16,14.67,0.9499,1.596,0.639,2.501,431,1.073,54.57,0.7769,11.09,2.474e-05,0.2244,3.039,1.33,2.393,0.209,9.21,0.4993,8.814
2022-04-07T06:54:10,43406.72,3215.03,114.42,0.2555,17.95,68.6,20.19,108.47,6.486,177.57,0.7278,0.0253,0.007849,2.48,1.618,2.52,1.481,3.998,169.19,14.67,0.9499,1.598,0.639,2.5,430.95,1.074,54.6,0.7768,11.09,2.474e-05,0.2244,3.039,1.33,2.393,0.209,9.211,0.4994,8.809
2022-04-07T06:54:40,43405.98,3214.59,114.22,0.2555,17.95,68.6,20.17,108.48,6.492,177.48,0.7268,0.02525,0.007849,2.48,1.617,2.52,1.481,3.998,169.22,14.67,0.9588,1.6,0.639,2.501,430.88,1.073,54.62,0.7766,11.09,2.474e-05,0.2244,3.038,1.329,2.392,0.209,9.207,0.5002,8.815
2022-04-07T06:55:10,43397.87,3213.89,114.19,0.2551,17.95,68.5,20.16,108.47,6.492,177.71,0.7268,0.02525,0.007849,2.48,1.617,2.52,1.481,3.996,169.21,14.67,0.9588,1.603,0.639,2.499,430.66,1.072,54.61,0.7763,11.09,2.473e-05,0.2243,3.035,1.329,2.392,0.209,9.208,0.5001,8.8
2022-04-07T06:55:40,43404.75,3215.53,114.38,0.2558,17.95,68.5,20.18,108.51,6.49,177.79,0.7268,0.02524,0.007831,2.48,1.617,2.52,1.481,3.998,169.25,14.67,0.9588,1.602,0.639,2.5,430.73,1.073,54.68,0.7764,11.1,2.475e-05,0.2243,3.037,1.33,2.391,0.2089,9.219,0.5002,8.814
2022-04-07T06:56:10,43402.34,3215.3,114.37,0.2558,17.95,68.5,20.18,108.68,6.495,177.98,0.7264,0.02525,0.007831,2.48,1.617,2.52,1.482,3.999,169.27,14.67,0.957,1.602,0.639,2.502,430.72,1.073,54.71,0.7766,11.1,2.475e-05,0.2246,3.038,1.33,2.393,0.2089,9.224,0.5005,8.816
2022-04-07T06:56:40,43397.6,3213.61,114.33,0.256,17.95,68.5,20.18,108.57,6.493,177.76,0.7264,0.02525,0.007831,2.484,1.617,2.52,1.482,3.999,169.23,14.67,0.957,1.605,0.639,2.5,430.8,1.073,54.74,0.7762,11.09,2.475e-05,0.2245,3.037,1.33,2.393,0.209,9.207,0.5007,8.817
2022-04-07T06:57:10,43398.37,3213.84,114.3,0.2564,17.95,68.5,20.17,108.54,6.488,178.1,0.7264,0.02526,0.007831,2.478,1.617,2.52,1.481,3.999,169.24,14.67,0.957,1.602,0.639,2.504,430.65,1.073,54.78,0.776,11.08,2.474e-05,0.2244,3.038,1.329,2.394,0.209,9.21,0.5007,8.816
2022-04-07T06:57:40,43390.47,3213.51,114.18,0.2568,17.93,68.5,20.17,108.52,6.486,178.19,0.7264,0.02529,0.007831,2.478,1.618,2.52,1.481,3.999,169.3,14.67,0.9606,1.602,0.639,2.503,430.68,1.073,54.77,0.7761,11.09,2.474e-05,0.2246,3.039,1.329,2.395,0.209,9.21,0.5011,8.817
2022-04-07T06:58:10,43389.25,3214.13,114.28,0.2566,17.93,68.7,20.18,108.54,6.492,178.29,0.7258,0.02527,0.007831,2.478,1.618,2.52,1.482,3.996,169.27,14.67,0.9601,1.6,0.639,2.5,430.7,1.073,54.79,0.7758,11.09,2.474e-05,0.2246,3.038,1.328,2.394,0.209,9.199,0.5029,8.819
2022-04-07T06:58:41,43386.15,3212.57,114.11,0.2559,17.97,68.7,20.17,108.53,6.491,178.31,0.7258,0.02527,0.007831,2.478,1.618,2.52,1.48,3.998,169.32,14.67,0.9601,1.599,0.639,2.501,430.65,1.072,54.79,0.7755,11.09,2.473e-05,0.2243,3.038,1.327,2.395,0.209,9.192,0.5031,8.818
2022-04-07T06:59:11,43387.91,3213.72,114.14,0.2568,17.97,68.7,20.17,108.52,6.492,178.4,0.7253,0.02526,0.007831,2.478,1.618,2.52,1.48,4.004,169.27,14.67,0.9601,1.597,0.639,2.501,430.6,1.072,54.8,0.7755,11.09,2.473e-05,0.2243,3.039,1.327,2.395,0.209,9.197,0.5032,8.821
2022-04-07T06:59:41,43393.74,3214.38,114.16,0.2566,17.95,68.7,20.18,108.57,6.488,178.45,0.7252,0.02526,0.007831,2.479,1.618,2.52,1.48,4.001,169.35,14.67,0.9605,1.597,0.639,2.503,430.76,1.073,54.85,0.7757,11.1,2.474e-05,0.2243,3.04,1.328,2.397,0.209,9.197,0.5035,8.817
2022-04-07T07:00:11,43398.05,3213.75,114.29,0.2564,17.98,68.6,20.18,108.67,6.489,178.56,0.7256,0.02526,0.007831,2.479,1.618,2.52,1.481,4.015,169.31,14.67,0.964,1.597,0.639,2.501,430.81,1.073,54.87,0.7755,11.09,2.474e-05,0.2243,3.043,1.329,2.399,0.209,9.202,0.5042,8.822
2022-04-07T07:00:41,43385.29,3213.36,114.21,0.2561,17.9,68.6,20.18,108.63,6.496,178.32,0.7256,0.02528,0.007831,2.479,1.619,2.52,1.481,4.015,169.22,14.67,0.964,1.598,0.639,2.503,430.8,1.072,54.93,0.776,11.09,2.475e-05,0.2243,3.044,1.328,2.402,0.2089,9.196,0.5042,8.829
2022-04-07T07:01:11,43375.43,3211.57,114.2,0.2552,17.93,68.6,20.16,108.54,6.495,178.09,0.7251,0.02528,0.007831,2.479,1.619,2.52,1.481,4.008,169.3,14.67,0.964,1.598,0.639,2.503,430.65,1.072,54.87,0.7758,11.08,2.473e-05,0.2243,3.041,1.328,2.398,0.2089,9.188,0.5024,8.824
2022-04-07T07:01:41,43376.22,3211.22,114.13,0.2549,17.95,68.6,20.16,108.44,6.489,177.96,0.7244,0.02528,0.007831,2.479,1.618,2.52,1.48,4.012,169.19,14.59,0.964,1.598,0.639,2.5,430.3,1.071,54.83,0.7755,11.08,2.472e-05,0.2242,3.038,1.326,2.395,0.2088,9.182,0.5016,8.823
2022-04-07T07:02:11,43389.25,3211.85,114.16,0.2554,17.95,68.6,20.16,108.46,6.497,177.8,0.7245,0.0253,0.007831,2.479,1.618,2.52,1.48,4.006,169.22,14.59,0.9608,1.598,0.639,2.502,430.58,1.072,54.85,0.7758,11.07,2.473e-05,0.2243,3.038,1.327,2.396,0.2089,9.193,0.5011,8.832
2022-04-07T07:02:41,43386.39,3211.48,114.15,0.2551,17.95,68.7,20.16,108.47,6.497,177.93,0.7245,0.02533,0.007831,2.481,1.618,2.52,1.48,4.011,169.28,14.59,0.9608,1.598,0.639,2.502,430.34,1.072,54.84,0.7757,11.04,2.474e-05,0.2243,3.038,1.328,2.397,0.2089,9.193,0.5014,8.832
2022-04-07T07:03:12,43376.77,3210.6,114.12,0.2549,17.95,68.7,20.16,108.45,6.497,177.9,0.7248,0.02529,0.007828,2.481,1.618,2.52,1.48,4.009,169.32,14.59,0.958,1.598,0.639,2.502,430.18,1.072,54.8,0.7757,11.02,2.473e-05,0.2241,3.038,1.327,2.396,0.2089,9.191,0.5011,8.821
2022-04-07T07:03:42,43383.91,3210.82,114.18,0.2553,17.93,68.6,20.17,108.42,6.496,177.99,0.7248,0.02526,0.007828,2.481,1.617,2.52,1.48,4.015,169.3,14.59,0.958,1.598,0.639,2.503,429.99,1.072,54.75,0.7758,11.02,2.473e-05,0.2241,3.037,1.327,2.395,0.2089,9.193,0.5007,8.825
2022-04-07T07:04:12,43384.83,3210.98,114.23,0.2555,17.93,68.6,20.17,108.43,6.503,178.54,0.7247,0.02527,0.007828,2.481,1.617,2.52,1.48,4.023,169.44,14.59,0.9614,1.598,0.639,2.504,429.98,1.072,54.77,0.7762,11.04,2.474e-05,0.2243,3.037,1.328,2.395,0.2089,9.194,0.5008,8.828
2022-04-07T07:04:42,43388.9,3212.21,114.23,0.2557,17.9,68.6,20.18,108.47,6.514,178.59,0.7247,0.02534,0.007828,2.481,1.617,2.52,1.481,4.019,169.44,14.59,0.9614,1.598,0.639,2.504,430.2,1.073,54.84,0.776,11.04,2.474e-05,0.2244,3.035,1.328,2.396,0.209,9.195,0.5006,8.842
2022-04-07T07:05:12,43388.9,3212.56,114.29,0.2556,17.9,68.6,20.18,108.48,6.514,178.6,0.7247,0.02533,0.007828,2.481,1.617,2.52,1.481,4.019,169.42,14.59,0.9614,1.598,0.639,2.505,430.26,1.072,54.84,0.776,11.04,2.473e-05,0.2244,3.036,1.328,2.396,0.2089,9.194,0.5003,8.837
2022-04-07T07:05:42,43415.29,3216.52,114.46,0.2561,17.92,68.7,20.19,108.55,6.523,178.92,0.7247,0.02531,0.007844,2.478,1.617,2.52,1.482,4.019,169.45,14.59,0.9614,1.599,0.639,2.507,430.42,1.073,54.86,0.7762,11.07,2.475e-05,0.2248,3.04,1.331,2.397,0.2091,9.204,0.5004,8.839
2022-04-07T07:06:12,43435.61,3217.87,114.49,0.2561,17.92,68.8,20.21,108.59,6.531,179,0.7253,0.02533,0.007842,2.478,1.62,2.52,1.484,4.019,169.46,14.59,0.96,1.605,0.639,2.51,430.7,1.074,54.91,0.7771,11.06,2.476e-05,0.2248,3.043,1.333,2.4,0.2092,9.207,0.4998,8.854
2022-04-07T07:06:42,43422.32,3216.65,114.55,0.256,17.92,68.9,20.2,108.53,6.529,179.01,0.7253,0.02531,0.007842,2.478,1.622,2.52,1.483,4.023,169.53,14.65,0.9625,1.605,0.639,2.513,430.9,1.074,54.89,0.7767,11.06,2.478e-05,0.2247,3.044,1.333,2.401,0.2092,9.211,0.499,8.854
2022-04-07T07:07:13,43425.8,3218.06,114.6,0.2559,17.92,68.9,20.2,108.6,6.527,178.87,0.726,0.02533,0.00784,2.478,1.621,2.52,1.485,4.019,169.62,14.65,0.9625,1.605,0.639,2.513,430.79,1.075,54.88,0.7768,11.07,2.477e-05,0.2249,3.045,1.333,2.4,0.2092,9.21,0.4981,8.855
2022-04-07T07:07:43,43424.26,3217.63,114.63,0.2558,17.92,68.9,20.2,108.63,6.53,178.89,0.726,0.02533,0.00784,2.478,1.622,2.52,1.485,4.025,169.64,14.68,0.9625,1.601,0.639,2.512,430.83,1.074,54.9,0.7769,11.06,2.476e-05,0.2247,3.044,1.333,2.401,0.2092,9.208,0.4979,8.858
2022-04-07T07:08:13,43411.68,3217.1,114.67,0.2559,17.92,68.9,20.2,108.61,6.533,178.89,0.726,0.02529,0.00784,2.478,1.622,2.52,1.485,4.025,169.65,14.68,0.963,1.601,0.639,2.512,430.73,1.074,54.87,0.7768,11.06,2.476e-05,0.2247,3.044,1.333,2.401,0.2091,9.207,0.4979,8.857
2022-04-07T07:08:43,43413.59,3217.64,114.7,0.2557,17.89,68.8,20.19,108.57,6.542,178.81,0.726,0.02527,0.00784,2.478,1.624,2.52,1.484,4.028,169.67,14.68,0.963,1.601,0.639,2.513,430.83,1.075,54.85,0.7767,11.06,2.476e-05,0.2248,3.044,1.332,2.401,0.2092,9.211,0.4978,8.859
2022-04-07T07:09:13,43413.24,3217.34,114.7,0.2557,17.9,68.9,20.2,108.58,6.54,178.84,0.7254,0.02528,0.00784,2.478,1.624,2.52,1.485,4.026,169.56,14.68,0.963,1.604,0.639,2.514,430.84,1.075,54.86,0.7768,11.07,2.477e-05,0.2248,3.044,1.332,2.402,0.2091,9.215,0.4973,8.858
2022-04-07T07:09:43,43415.81,3217.55,114.71,0.2554,17.95,68.9,20.2,108.59,6.544,179.03,0.7251,0.02531,0.007851,2.478,1.624,2.52,1.484,4.026,169.6,14.68,0.9642,1.604,0.639,2.513,430.92,1.074,54.91,0.7769,11.09,2.478e-05,0.2248,3.045,1.332,2.403,0.2091,9.22,0.4974,8.864
2022-04-07T07:10:14,43430.27,3218.14,114.72,0.2554,17.95,68.9,20.2,108.63,6.544,179.09,0.7251,0.02534,0.007851,2.478,1.624,2.52,1.485,4.031,169.63,14.68,0.9595,1.605,0.639,2.513,430.92,1.075,54.94,0.7768,11.09,2.479e-05,0.2248,3.046,1.333,2.405,0.2091,9.219,0.4975,8.865
2022-04-07T07:10:44,43453.09,3218.74,114.73,0.2562,17.95,68.9,20.21,108.7,6.553,179.02,0.7251,0.0254,0.007851,2.478,1.626,2.52,1.486,4.028,169.82,14.68,0.9595,1.607,0.639,2.515,430.99,1.075,54.98,0.7769,11.09,2.479e-05,0.2253,3.047,1.334,2.406,0.2091,9.22,0.4981,8.865
2022-04-07T07:11:14,43455.72,3219.64,114.84,0.2563,17.95,69,20.19,108.74,6.552,178.73,0.7266,0.02537,0.007857,2.478,1.626,2.52,1.485,4.028,170.01,14.68,0.9595,1.607,0.639,2.516,431.26,1.075,55.05,0.7769,11.1,2.479e-05,0.2253,3.05,1.335,2.405,0.2092,9.24,0.4981,8.873
2022-04-07T07:11:44,43458.58,3218.59,114.84,0.2563,17.95,68.8,20.18,108.75,6.552,178.59,0.7269,0.02538,0.007858,2.478,1.625,2.52,1.485,4.037,170.05,14.68,0.9595,1.607,0.639,2.515,431.28,1.075,55.04,0.7768,11.1,2.479e-05,0.2253,3.054,1.334,2.409,0.2092,9.239,0.4981,8.873
2022-04-07T07:12:14,43475.77,3219.67,114.89,0.2563,17.95,68.8,20.19,108.74,6.551,178.6,0.7269,0.02536,0.007862,2.476,1.625,2.52,1.488,4.035,170.22,14.68,0.9632,1.607,0.639,2.517,431.44,1.076,55.07,0.7767,11.11,2.482e-05,0.2257,3.055,1.335,2.409,0.2093,9.236,0.4984,8.873
2022-04-07T07:12:44,43476.31,3220.63,114.96,0.2569,17.96,68.8,20.21,108.77,6.548,178.61,0.7269,0.0254,0.007862,2.476,1.625,2.52,1.49,4.035,170.41,14.68,0.9632,1.607,0.639,2.519,431.48,1.077,55.1,0.7769,11.11,2.483e-05,0.2257,3.058,1.336,2.41,0.2093,9.235,0.4984,8.886
2022-04-07T07:13:14,43477.38,3221,114.95,0.2568,17.96,68.9,20.21,108.83,6.555,178.5,0.7269,0.02539,0.007862,2.476,1.625,2.52,1.49,4.049,170.4,14.68,0.9595,1.606,0.639,2.519,431.6,1.077,55.12,0.7769,11.11,2.488e-05,0.2258,3.058,1.336,2.413,0.2094,9.232,0.4983,8.904
2022-04-07T07:13:44,43475.92,3221.67,114.96,0.2568,17.96,68.9,20.2,108.9,6.553,178.33,0.728,0.02542,0.007862,2.476,1.626,2.52,1.49,4.039,170.42,14.68,0.9595,1.606,0.639,2.521,431.65,1.079,55.17,0.7768,11.12,2.488e-05,0.2258,3.059,1.338,2.413,0.2094,9.228,0.4982,8.906
2022-04-07T07:14:14,43474.73,3221.58,114.99,0.2571,17.97,68.9,20.21,108.9,6.552,178.42,0.7281,0.02541,0.007862,2.476,1.626,2.53,1.49,4.042,170.52,14.68,0.9595,1.606,0.639,2.522,431.74,1.079,55.19,0.7768,11.12,2.488e-05,0.2258,3.06,1.338,2.413,0.2094,9.23,0.4978,8.911
2022-04-07T07:14:45,43475.7,3222.96,115,0.2571,17.97,68.9,20.21,108.88,6.552,178.35,0.7281,0.0254,0.007862,2.476,1.627,2.53,1.489,4.041,170.54,14.7,0.9595,1.615,0.639,2.521,431.74,1.079,55.2,0.7766,11.13,2.489e-05,0.226,3.059,1.338,2.412,0.2094,9.234,0.4977,8.907
2022-04-07T07:15:15,43479.08,3223.54,115.04,0.2571,17.98,69,20.21,108.91,6.55,178.63,0.7285,0.02543,0.007868,2.476,1.628,2.53,1.49,4.046,170.54,14.7,0.9595,1.612,0.639,2.521,431.86,1.079,55.24,0.7766,11.13,2.49e-05,0.226,3.06,1.339,2.412,0.2093,9.244,0.4978,8.912
2022-04-07T07:15:45,43465.56,3222.55,114.94,0.257,17.98,68.8,20.21,108.92,6.555,178.36,0.7285,0.02537,0.007868,2.476,1.628,2.53,1.489,4.036,170.52,14.7,0.9595,1.605,0.639,2.521,431.78,1.078,55.26,0.7762,11.13,2.489e-05,0.226,3.06,1.339,2.411,0.2093,9.237,0.4975,8.925
2022-04-07T07:16:15,43456.16,3222.48,114.96,0.2572,17.97,68.9,20.21,108.96,6.555,178.35,0.7285,0.0254,0.007868,2.476,1.627,2.53,1.49,4.028,170.56,14.7,0.958,1.605,0.639,2.522,431.78,1.082,55.29,0.7762,11.13,2.487e-05,0.2257,3.062,1.339,2.411,0.2093,9.247,0.4972,8.924
2022-04-07T07:16:45,43462.77,3222.95,114.89,0.2573,17.97,68.9,20.21,108.98,6.558,178.34,0.7285,0.02543,0.007868,2.476,1.627,2.53,1.49,4.034,170.55,14.7,0.958,1.616,0.639,2.522,431.77,1.083,55.33,0.7762,11.13,2.488e-05,0.2259,3.062,1.339,2.412,0.2093,9.247,0.4971,8.926
2022-04-07T07:17:15,43469.19,3223.55,114.99,0.2572,17.97,68.9,20.21,108.98,6.557,178.35,0.7286,0.02537,0.007868,2.477,1.627,2.53,1.49,4.031,170.49,14.7,0.9604,1.615,0.639,2.521,431.87,1.082,55.58,0.7764,11.13,2.488e-05,0.2259,3.061,1.339,2.41,0.2094,9.249,0.4973,8.922
2022-04-07T07:17:45,43473.48,3223.96,115.09,0.2565,17.97,68.9,20.21,109.12,6.558,178.12,0.7285,0.02541,0.007869,2.477,1.628,2.53,1.49,4.034,170.54,14.71,0.9604,1.615,0.639,2.521,431.84,1.082,55.68,0.7763,11.13,2.489e-05,0.2259,3.061,1.339,2.41,0.2094,9.25,0.4973,8.92
2022-04-07T07:18:15,43478.04,3224.07,115.06,0.2566,17.97,69,20.21,109.13,6.557,178.03,0.729,0.02543,0.007856,2.477,1.629,2.54,1.49,4.034,170.55,14.71,0.9628,1.615,0.639,2.52,431.92,1.082,55.74,0.7759,11.12,2.489e-05,0.2259,3.061,1.339,2.41,0.2095,9.247,0.4973,8.92
2022-04-07T07:18:45,43470.89,3224.22,115.1,0.2567,17.97,69,20.21,109.14,6.556,177.89,0.729,0.02543,0.007856,2.477,1.628,2.54,1.49,4.042,170.66,14.71,0.9628,1.615,0.639,2.52,431.76,1.082,55.71,0.7759,11.12,2.489e-05,0.2259,3.062,1.339,2.41,0.2094,9.248,0.4975,8.917
2022-04-07T07:19:16,43471.76,3224.59,115.1,0.2567,17.99,69,20.21,109.16,6.563,177.9,0.7306,0.02542,0.007856,2.477,1.628,2.54,1.49,4.049,170.63,14.71,0.9628,1.615,0.639,2.518,431.81,1.081,55.64,0.7759,11.12,2.49e-05,0.2261,3.061,1.338,2.41,0.2095,9.241,0.4976,8.898
2022-04-07T07:19:46,43478.77,3224.45,115.13,0.2572,17.99,69,20.21,109.16,6.566,177.95,0.7304,0.02545,0.007856,2.477,1.627,2.54,1.49,4.058,170.68,14.71,0.9628,1.615,0.639,2.518,431.9,1.081,55.6,0.7759,11.12,2.491e-05,0.2261,3.062,1.339,2.411,0.2094,9.238,0.4977,8.912
2022-04-07T07:20:16,43482.89,3224.48,115.14,0.2573,17.97,69,20.21,109.2,6.568,178,0.7304,0.02545,0.007856,2.477,1.627,2.54,1.49,4.06,170.72,14.71,0.9628,1.617,0.639,2.518,431.84,1.081,55.56,0.7759,11.12,2.49e-05,0.226,3.061,1.338,2.411,0.2094,9.251,0.4976,8.913
2022-04-07T07:20:46,43486.47,3225.06,115.26,0.2572,17.97,69.3,20.22,109.18,6.568,178.05,0.7304,0.02546,0.007856,2.477,1.627,2.54,1.49,4.057,170.68,14.71,0.9628,1.615,0.639,2.518,432,1.081,55.64,0.776,11.13,2.49e-05,0.2261,3.062,1.338,2.41,0.2095,9.251,0.4975,8.914
2022-04-07T07:21:16,43486.94,3225.24,115.21,0.257,18.01,69.4,20.21,109.12,6.57,178.04,0.7304,0.02547,0.00786,2.477,1.627,2.55,1.491,4.057,170.71,14.71,0.9597,1.615,0.639,2.518,431.91,1.082,55.65,0.7761,11.13,2.49e-05,0.2261,3.062,1.338,2.409,0.2095,9.256,0.4977,8.916
2022-04-07T07:21:46,43477.98,3225.89,115.24,0.257,18.1,69.4,20.21,109.09,6.568,178.02,0.7309,0.02546,0.007874,2.477,1.628,2.55,1.489,4.051,170.71,14.71,0.9597,1.615,0.639,2.519,432.04,1.082,55.57,0.7759,11.12,2.49e-05,0.2257,3.06,1.338,2.409,0.2095,9.244,0.4977,8.923
2022-04-07T07:22:16,43478.46,3225.21,115.19,0.2571,18.06,69.4,20.2,109.08,6.57,178.03,0.7315,0.02546,0.007874,2.479,1.628,2.55,1.49,4.054,170.7,14.71,0.9597,1.62,0.639,2.518,432.07,1.082,55.51,0.7759,11.12,2.49e-05,0.2256,3.057,1.337,2.408,0.2094,9.239,0.4972,8.935
2022-04-07T07:22:46,43480.74,3225.81,115.18,0.2568,18.09,69.3,20.21,109.11,6.569,178.05,0.7315,0.02546,0.007874,2.479,1.628,2.55,1.49,4.056,170.66,14.73,0.9597,1.62,0.639,2.516,432.17,1.083,55.47,0.7754,11.12,2.49e-05,0.2256,3.056,1.337,2.406,0.2094,9.239,0.4972,8.95
2022-04-07T07:23:16,43489.75,3225.72,115.18,0.2575,18.01,69.3,20.21,109.14,6.573,178.12,0.7313,0.02545,0.007874,2.479,1.629,2.55,1.49,4.059,170.66,14.73,0.9609,1.62,0.639,2.518,432.25,1.083,55.46,0.7754,11.1,2.491e-05,0.2256,3.056,1.338,2.406,0.2094,9.242,0.4972,8.948
2022-04-07T07:23:46,43489.65,3225.43,115.24,0.2575,18.01,69.3,20.21,109.19,6.576,178.14,0.7313,0.02545,0.007874,2.477,1.63,2.55,1.489,4.059,170.69,14.73,0.9609,1.615,0.639,2.52,432.15,1.083,55.44,0.7754,11.1,2.491e-05,0.2256,3.057,1.339,2.407,0.2094,9.244,0.4975,8.955
2022-04-07T07:24:17,43491.08,3225.39,115.33,0.2576,18.03,69.3,20.21,109.22,6.583,178.25,0.7313,0.02539,0.007874,2.477,1.63,2.55,1.49,4.052,170.84,14.73,0.9609,1.611,0.639,2.523,432.07,1.083,55.5,0.7754,11.12,2.49e-05,0.2256,3.057,1.339,2.407,0.2094,9.251,0.4977,8.953
2022-04-07T07:24:47,43502.06,3228.2,115.47,0.2577,18.03,69.4,20.22,109.23,6.584,178.38,0.7317,0.02549,0.007874,2.481,1.631,2.55,1.49,4.061,170.84,14.73,0.9609,1.614,0.639,2.524,432.23,1.083,55.48,0.7754,11.13,2.491e-05,0.2257,3.058,1.339,2.409,0.2095,9.26,0.4978,8.955
2022-04-07T07:25:17,43512.98,3228.23,115.55,0.2578,18.05,69.4,20.23,109.21,6.585,178.49,0.7309,0.02549,0.007883,2.481,1.631,2.55,1.492,4.064,170.89,14.73,0.9645,1.617,0.639,2.525,432.53,1.084,55.5,0.7758,11.14,2.502e-05,0.2259,3.062,1.34,2.41,0.2096,9.273,0.4982,8.956
2022-04-07T07:25:47,43512.86,3228.13,115.59,0.2579,18.05,69.4,20.24,109.21,6.59,178.61,0.7315,0.02553,0.00788,2.481,1.631,2.55,1.492,4.069,170.91,14.73,0.9612,1.618,0.639,2.524,432.59,1.084,55.5,0.7757,11.15,2.499e-05,0.2259,3.063,1.341,2.411,0.2096,9.272,0.4982,8.962
2022-04-07T07:26:17,43495.44,3227.7,115.59,0.2577,18.08,69.4,20.23,109.19,6.586,178.59,0.7307,0.02547,0.00788,2.477,1.63,2.55,1.492,4.069,170.91,14.73,0.9612,1.618,0.639,2.522,432.6,1.084,55.47,0.7755,11.15,2.497e-05,0.2259,3.062,1.34,2.41,0.2096,9.273,0.499,8.965
2022-04-07T07:26:47,43488.66,3227.61,115.65,0.2576,18.08,69.4,20.23,109.17,6.584,178.46,0.7307,0.0254,0.00788,2.477,1.63,2.55,1.492,4.069,170.84,14.73,0.9612,1.618,0.639,2.52,432.63,1.084,55.26,0.7753,11.16,2.495e-05,0.2259,3.056,1.339,2.406,0.2096,9.262,0.4979,8.964
2022-04-07T07:27:17,43463.64,3225.47,115.51,0.2577,18.09,69.4,20.19,109.12,6.587,178.36,0.732,0.02539,0.00788,2.477,1.63,2.55,1.49,4.083,170.76,14.73,0.9612,1.611,0.639,2.517,432.14,1.082,55.18,0.7749,11.15,2.491e-05,0.2254,3.053,1.338,2.402,0.2094,9.258,0.4977,8.949
2022-04-07T07:27:47,43472.91,3229.69,115.56,0.2579,18.05,69.4,20.19,109.09,6.588,178.07,0.7315,0.02542,0.00788,2.477,1.628,2.56,1.491,4.081,170.84,14.73,0.9614,1.612,0.639,2.519,432.23,1.083,55.25,0.7755,11.17,2.491e-05,0.2256,3.056,1.339,2.404,0.2094,9.249,0.4975,8.955
2022-04-07T07:28:18,43472.93,3229.75,115.56,0.258,18.05,69.4,20.19,109.09,6.591,178.08,0.7315,0.02546,0.00788,2.477,1.629,2.56,1.492,4.089,171.03,14.73,0.9614,1.612,0.639,2.52,432.3,1.084,55.26,0.7755,11.17,2.492e-05,0.2256,3.056,1.339,2.404,0.2094,9.26,0.4977,8.954
2022-04-07T07:28:48,43478.94,3230.61,115.66,0.258,18.05,69.3,20.21,109.08,6.588,178,0.7308,0.02548,0.00788,2.477,1.629,2.56,1.491,4.102,171.04,14.63,0.958,1.608,0.639,2.52,432.45,1.084,55.27,0.7754,11.16,2.489e-05,0.2256,3.054,1.339,2.404,0.2094,9.259,0.4981,8.957
2022-04-07T07:29:18,43477.54,3229.48,115.67,0.2581,18.05,69.4,20.21,109.04,6.588,178.17,0.7308,0.02548,0.00787,2.477,1.629,2.56,1.491,4.108,171.04,14.63,0.958,1.604,0.639,2.521,432.46,1.083,55.27,0.7753,11.16,2.488e-05,0.2256,3.053,1.34,2.404,0.2094,9.265,0.4983,8.957
2022-04-07T07:29:48,43476.58,3229.69,115.61,0.2585,18.05,69.4,20.21,109.03,6.588,178.2,0.7308,0.02547,0.007881,2.477,1.629,2.56,1.491,4.093,171.05,14.65,0.9612,1.604,0.639,2.522,432.5,1.083,55.27,0.7751,11.15,2.488e-05,0.2256,3.055,1.341,2.404,0.2095,9.264,0.4984,8.957
2022-04-07T07:30:18,43482.71,3229.64,115.62,0.2586,18.02,69.4,20.21,109.04,6.588,178.11,0.7308,0.02548,0.007881,2.477,1.629,2.56,1.491,4.103,171.07,14.65,0.9612,1.604,0.639,2.521,432.32,1.083,55.26,0.775,11.15,2.487e-05,0.2256,3.055,1.341,2.405,0.2093,9.27,0.4984,8.963
2022-04-07T07:30:48,43501.26,3231.08,115.61,0.2586,18.03,69.6,20.22,109.01,6.584,178.11,0.7313,0.02549,0.007881,2.477,1.631,2.56,1.49,4.106,171.14,14.7,0.9612,1.6,0.639,2.521,432.2,1.084,55.27,0.775,11.15,2.489e-05,0.2259,3.057,1.342,2.404,0.2094,9.272,0.4986,8.963
2022-04-07T07:31:19,43504.15,3230.6,115.62,0.2587,18.03,69.5,20.21,109.01,6.586,178.19,0.7313,0.0255,0.007881,2.477,1.631,2.56,1.491,4.138,171.13,14.7,0.9692,1.6,0.639,2.521,432.16,1.085,55.26,0.7749,11.18,2.49e-05,0.2259,3.057,1.342,2.404,0.2096,9.274,0.4987,8.963
2022-04-07T07:31:49,43512.57,3231.18,115.49,0.2587,18.05,69.5,20.23,109.07,6.582,178.17,0.7321,0.0255,0.007881,2.477,1.631,2.56,1.492,4.146,171.14,14.71,0.9692,1.6,0.639,2.522,432.26,1.085,55.27,0.7749,11.19,2.489e-05,0.2259,3.056,1.343,2.404,0.2096,9.274,0.4989,8.963
2022-04-07T07:32:19,43519.99,3230.22,115.47,0.2587,18.05,69.5,20.22,109.09,6.584,178.12,0.7321,0.02549,0.007881,2.477,1.631,2.56,1.491,4.152,171.31,14.71,0.9652,1.6,0.639,2.52,432.28,1.085,55.35,0.7748,11.19,2.49e-05,0.2259,3.056,1.343,2.404,0.2097,9.273,0.4991,8.963
2022-04-07T07:32:49,43521.32,3229.24,115.69,0.259,18.05,69.5,20.23,109.16,6.587,178.17,0.7321,0.02554,0.007881,2.48,1.633,2.56,1.49,4.152,171.32,14.71,0.9652,1.6,0.639,2.522,432.24,1.084,55.34,0.7748,11.17,2.49e-05,0.2259,3.056,1.343,2.404,0.2101,9.273,0.4991,8.964
2022-04-07T07:33:19,43521.94,3230.33,115.71,0.2591,18.05,69.5,20.23,109.21,6.596,178.17,0.7321,0.02554,0.007881,2.48,1.633,2.56,1.491,4.146,171.39,14.71,0.9655,1.601,0.639,2.523,432.14,1.084,55.36,0.7749,11.17,2.491e-05,0.2259,3.057,1.343,2.406,0.2104,9.283,0.4991,8.965
2022-04-07T07:33:49,43525.08,3230.71,115.72,0.2589,18.05,69.6,20.25,109.21,6.596,178.2,0.7325,0.02555,0.007881,2.48,1.633,2.56,1.492,4.146,171.45,14.71,0.9655,1.609,0.639,2.524,432.13,1.084,55.46,0.7751,11.18,2.493e-05,0.2259,3.056,1.344,2.406,0.2102,9.317,0.4995,8.967
2022-04-07T07:34:19,43528.03,3230.95,115.92,0.259,18.05,69.5,20.26,109.32,6.591,178.26,0.7325,0.02559,0.007881,2.48,1.634,2.56,1.492,4.146,171.46,14.71,0.9655,1.611,0.639,2.525,432.26,1.085,55.47,0.7752,11.19,2.493e-05,0.226,3.055,1.344,2.405,0.2104,9.31,0.4996,8.972
2022-04-07T07:34:49,43532.78,3230.17,115.95,0.2597,18.05,69.4,20.26,109.31,6.591,178.31,0.7325,0.02559,0.007881,2.48,1.634,2.56,1.492,4.137,171.49,14.71,0.9655,1.611,0.639,2.526,432.27,1.085,55.47,0.7754,11.19,2.493e-05,0.226,3.055,1.344,2.405,0.2103,9.328,0.4995,8.973
2022-04-07T07:35:19,43525.12,3230.38,115.96,0.2594,18.05,69.6,20.26,109.28,6.59,178.26,0.7325,0.02551,0.007881,2.48,1.633,2.56,1.492,4.134,171.54,14.71,0.9628,1.611,0.639,2.527,432.28,1.086,55.47,0.7754,11.19,2.493e-05,0.226,3.055,1.344,2.406,0.2103,9.338,0.4998,8.967
2022-04-07T07:35:50,43524.99,3230.51,115.96,0.2595,18.05,69.6,20.25,109.24,6.589,178.37,0.7326,0.02559,0.007881,2.48,1.634,2.56,1.493,4.134,171.57,14.71,0.9628,1.611,0.639,2.525,432.42,1.086,55.47,0.7754,11.2,2.495e-05,0.226,3.056,1.344,2.406,0.2103,9.335,0.4998,8.966
2022-04-07T07:36:20,43525.96,3231.39,115.97,0.2596,18.05,69.6,20.25,109.25,6.591,178.47,0.7326,0.02561,0.007881,2.48,1.635,2.56,1.494,4.119,171.62,14.71,0.962,1.612,0.639,2.526,432.42,1.086,55.52,0.7754,11.19,2.495e-05,0.2261,3.06,1.345,2.408,0.2104,9.335,0.4999,8.973
2022-04-07T07:36:50,43525.57,3231.45,115.9,0.2596,18.07,69.5,20.25,109.27,6.592,178.65,0.7333,0.02562,0.007881,2.484,1.635,2.57,1.494,4.129,171.62,14.7,0.962,1.614,0.639,2.526,432.41,1.086,55.53,0.7755,11.2,2.494e-05,0.2263,3.06,1.345,2.409,0.2104,9.334,0.5001,8.973
2022-04-07T07:37:20,43522.84,3231.55,115.91,0.2592,18.05,69.5,20.26,109.27,6.586,178.62,0.7333,0.02563,0.007881,2.484,1.635,2.57,1.494,4.129,171.69,14.7,0.962,1.614,0.639,2.527,432.36,1.086,55.53,0.7754,11.21,2.494e-05,0.2263,3.062,1.345,2.409,0.2103,9.334,0.5001,8.975
2022-04-07T07:37:50,43522.37,3231.6,116.05,0.2592,18.08,69.5,20.26,109.27,6.59,178.6,0.7327,0.02564,0.007881,2.484,1.635,2.57,1.494,4.153,171.7,14.7,0.962,1.612,0.639,2.527,432.43,1.087,55.53,0.7755,11.23,2.495e-05,0.2263,3.063,1.345,2.411,0.2104,9.334,0.5001,8.977
2022-04-07T07:38:21,43514.55,3230.9,116.1,0.2595,18.02,69.5,20.26,109.27,6.592,178.66,0.7328,0.02562,0.00789,2.484,1.659,2.57,1.494,4.155,171.69,14.7,0.968,1.612,0.639,2.527,432.41,1.087,55.52,0.7755,11.21,2.496e-05,0.2263,3.063,1.346,2.41,0.2105,9.334,0.4997,8.987
2022-04-07T07:38:51,43522.97,3231.38,116.08,0.2597,18.02,69.6,20.26,109.24,6.593,178.72,0.7328,0.02558,0.00789,2.484,1.657,2.57,1.493,4.171,171.81,14.7,0.968,1.614,0.639,2.527,432.36,1.088,55.52,0.7753,11.21,2.495e-05,0.2262,3.06,1.346,2.41,0.2105,9.333,0.4993,8.976
2022-04-07T07:39:21,43520.23,3231.36,116.14,0.2599,18.02,69.6,20.26,109.26,6.596,178.74,0.7328,0.02558,0.007881,2.485,1.659,2.57,1.494,4.174,171.89,14.7,0.968,1.634,0.639,2.527,432.36,1.088,55.54,0.7754,11.2,2.494e-05,0.2261,3.06,1.346,2.409,0.2106,9.349,0.4993,8.98
2022-04-07T07:39:51,43530.58,3231.9,116.15,0.2606,18.02,69.5,20.26,109.26,6.593,178.86,0.7328,0.02559,0.007881,2.485,1.658,2.57,1.495,4.178,171.94,14.71,0.968,1.63,0.639,2.53,432.5,1.088,55.61,0.7755,11.2,2.493e-05,0.2261,3.059,1.346,2.409,0.2107,9.352,0.4994,8.982
2022-04-07T07:40:21,43530.51,3232.95,116.08,0.261,18.02,69.5,20.26,109.18,6.595,178.82,0.7328,0.02559,0.007881,2.485,1.657,2.57,1.493,4.171,171.94,14.71,0.9682,1.63,0.639,2.531,432.49,1.088,55.62,0.7754,11.2,2.493e-05,0.2261,3.059,1.346,2.409,0.2107,9.353,0.4989,8.984
2022-04-07T07:40:51,43530.17,3233.64,116.09,0.261,18.02,69.5,20.26,109.2,6.6,178.91,0.7331,0.02559,0.007881,2.485,1.657,2.57,1.495,4.171,171.96,14.71,0.9682,1.627,0.639,2.53,432.57,1.088,55.62,0.7755,11.2,2.495e-05,0.2264,3.059,1.346,2.408,0.2108,9.362,0.499,8.986
2022-04-07T07:41:21,43525.25,3232.99,116,0.2605,18.02,69.5,20.26,109.18,6.596,178.84,0.7325,0.02548,0.007881,2.485,1.657,2.57,1.495,4.15,171.91,14.71,0.9682,1.628,0.639,2.53,432.56,1.089,55.57,0.7757,11.2,2.493e-05,0.2263,3.058,1.346,2.408,0.2107,9.366,0.4993,8.992
2022-04-07T07:41:51,43504.74,3231.58,115.86,0.2601,18.02,69.5,20.25,109.14,6.596,178.81,0.7334,0.02548,0.0079,2.487,1.656,2.57,1.494,4.165,171.9,14.71,0.9682,1.632,0.639,2.53,432.54,1.088,55.52,0.7756,11.19,2.492e-05,0.2261,3.058,1.346,2.407,0.2107,9.355,0.4991,8.99
2022-04-07T07:42:21,43502.31,3231.03,115.75,0.2599,18.02,69.5,20.25,109.08,6.6,178.82,0.7334,0.02548,0.0079,2.487,1.653,2.57,1.494,4.174,171.7,14.71,0.9631,1.632,0.639,2.528,432.34,1.087,55.48,0.7755,11.21,2.491e-05,0.2259,3.055,1.344,2.406,0.2106,9.346,0.4989,8.991
2022-04-07T07:42:52,43496.7,3231.05,115.88,0.2605,18.02,69.5,20.24,109.07,6.593,178.87,0.7331,0.02544,0.007911,2.486,1.653,2.57,1.494,4.174,171.67,14.71,0.9631,1.632,0.639,2.527,432.21,1.087,55.49,0.775,11.22,2.49e-05,0.2259,3.056,1.344,2.406,0.2107,9.338,0.4991,8.991
2022-04-07T07:43:22,43495.86,3231.62,115.92,0.2612,18.06,69.6,20.24,109.07,6.601,179.24,0.7352,0.02545,0.007904,2.486,1.652,2.57,1.494,4.174,171.74,14.71,0.9672,1.603,0.639,2.527,432.28,1.087,55.45,0.7748,11.22,2.49e-05,0.2259,3.056,1.344,2.406,0.2107,9.339,0.4991,8.984
2022-04-07T07:43:52,43494.02,3231.63,115.92,0.2613,18.06,69.6,20.25,109.08,6.598,179.29,0.7349,0.02547,0.007904,2.486,1.653,2.57,1.495,4.14,172.12,14.72,0.9672,1.61,0.639,2.526,432.25,1.088,55.41,0.7749,11.22,2.49e-05,0.2259,3.056,1.344,2.406,0.2107,9.347,0.4993,8.983
2022-04-07T07:44:22,43487.96,3229.9,115.91,0.2613,18.06,69.7,20.24,109.05,6.602,179.35,0.7352,0.02545,0.007904,2.487,1.653,2.57,1.493,4.13,172.14,14.72,0.9672,1.61,0.639,2.526,432.18,1.087,55.37,0.775,11.19,2.488e-05,0.2259,3.055,1.344,2.405,0.2105,9.337,0.4994,8.965
2022-04-07T07:44:52,43466.91,3227.89,115.68,0.2602,18.06,69.7,20.22,109.01,6.593,179.2,0.7355,0.0254,0.007904,2.486,1.651,2.57,1.492,4.125,172.14,14.72,0.9672,1.612,0.639,2.524,431.85,1.086,55.28,0.7749,11.2,2.485e-05,0.2257,3.048,1.342,2.401,0.2103,9.322,0.499,8.96
2022-04-07T07:45:22,43449.78,3224.31,115.7,0.2598,18.06,69.7,20.2,108.86,6.591,179.03,0.7352,0.02538,0.007904,2.486,1.652,2.57,1.492,4.12,171.94,14.72,0.9672,1.609,0.639,2.521,431.56,1.086,55.19,0.7747,11.19,2.483e-05,0.2257,3.046,1.34,2.399,0.2101,9.305,0.4976,8.955
2022-04-07T07:45:52,43473.09,3226.39,115.88,0.26,18.09,69.5,20.21,108.92,6.591,179.03,0.7348,0.02541,0.007904,2.486,1.651,2.57,1.492,4.146,172.03,14.72,0.9671,1.607,0.639,2.523,431.69,1.086,55.25,0.7753,11.19,2.482e-05,0.2255,3.05,1.341,2.401,0.2102,9.315,0.4982,8.957
2022-04-07T07:46:22,43481.69,3226.75,115.93,0.2601,18.07,69.5,20.22,108.93,6.596,179.28,0.7338,0.02542,0.0079,2.488,1.65,2.57,1.495,4.136,172.15,14.72,0.9671,1.607,0.639,2.524,431.71,1.086,55.29,0.7756,11.19,2.482e-05,0.2255,3.05,1.342,2.402,0.2103,9.329,0.499,8.968
2022-04-07T07:46:52,43487.32,3227.22,115.87,0.2617,18.07,69.8,20.24,108.99,6.596,179.6,0.7332,0.02546,0.007894,2.488,1.651,2.57,1.495,4.155,172.25,14.72,0.9671,1.607,0.639,2.525,431.7,1.087,55.28,0.7757,11.19,2.483e-05,0.2255,3.051,1.343,2.403,0.2104,9.339,0.4995,8.976
2022-04-07T07:47:23,43485,3228.59,115.89,0.262,18.06,69.8,20.24,109.01,6.602,179.44,0.7332,0.02544,0.007904,2.488,1.651,2.57,1.495,4.142,172.23,14.72,0.9671,1.605,0.639,2.525,431.74,1.087,55.28,0.7754,11.2,2.483e-05,0.2261,3.052,1.343,2.404,0.2104,9.335,0.4997,8.97
2022-04-07T07:47:53,43482.12,3228.72,115.89,0.2618,18.06,69.8,20.24,109.06,6.602,179.49,0.7332,0.02544,0.007905,2.488,1.651,2.57,1.495,4.139,172.27,14.72,0.9671,1.605,0.639,2.525,431.7,1.087,55.27,0.7755,11.21,2.484e-05,0.2261,3.052,1.344,2.404,0.2104,9.33,0.5,8.968
2022-04-07T07:48:23,43482.24,3228.91,115.98,0.262,18.08,69.8,20.24,109.09,6.599,179.51,0.7333,0.02544,0.007905,2.488,1.651,2.57,1.495,4.155,172.1,14.72,0.9638,1.609,0.639,2.525,431.81,1.087,55.27,0.7754,11.23,2.488e-05,0.2261,3.053,1.344,2.406,0.2105,9.336,0.5001,8.967
2022-04-07T07:48:53,43479.32,3229.53,115.97,0.262,18.08,69.8,20.25,109.13,6.601,179.58,0.7333,0.02543,0.007905,2.487,1.651,2.57,1.496,4.155,172.09,14.72,0.9638,1.61,0.639,2.526,431.86,1.087,55.26,0.7755,11.23,2.488e-05,0.2261,3.053,1.345,2.407,0.2104,9.334,0.5003,8.96
2022-04-07T07:49:23,43480.09,3230.41,115.99,0.2624,18.1,69.8,20.25,109.14,6.601,179.61,0.7343,0.02542,0.007905,2.487,1.651,2.57,1.496,4.155,172.09,14.72,0.9638,1.61,0.639,2.527,431.96,1.087,55.27,0.7756,11.25,2.488e-05,0.2263,3.053,1.345,2.406,0.2104,9.332,0.5005,8.968
2022-04-07T07:49:53,43489.04,3231,116,0.2624,18.1,69.8,20.25,109.14,6.601,179.59,0.7344,0.02542,0.007905,2.487,1.651,2.57,1.497,4.129,172.05,14.75,0.9638,1.61,0.639,2.53,431.98,1.088,55.27,0.7756,11.23,2.49e-05,0.2264,3.053,1.345,2.407,0.2104,9.326,0.5005,8.968
2022-04-07T07:50:23,43486.56,3230.56,115.94,0.2627,18.1,69.8,20.25,109.17,6.611,179.55,0.7344,0.02542,0.007905,2.487,1.651,2.57,1.497,4.137,172.03,14.75,0.9655,1.61,0.639,2.529,431.9,1.087,55.25,0.7756,11.23,2.488e-05,0.2264,3.053,1.345,2.406,0.2104,9.325,0.5005,8.967
2022-04-07T07:50:53,43484.37,3230.38,116.07,0.2627,18.1,69.8,20.25,109.18,6.613,179.53,0.7344,0.02543,0.007905,2.487,1.651,2.57,1.497,4.137,172.04,14.75,0.9655,1.61,0.639,2.53,431.99,1.087,55.23,0.7756,11.22,2.489e-05,0.2264,3.054,1.346,2.407,0.2105,9.323,0.5007,8.967
2022-04-07T07:51:24,43489.04,3230.35,116.04,0.2623,18.1,69.6,20.24,109.23,6.613,179.49,0.7337,0.02544,0.007905,2.492,1.65,2.57,1.497,4.14,172.04,14.75,0.9627,1.602,0.639,2.53,431.97,1.087,55.24,0.7755,11.21,2.489e-05,0.2263,3.054,1.346,2.407,0.2105,9.327,0.5008,8.968
2022-04-07T07:51:54,43489.84,3231.39,116.08,0.2627,18.1,69.6,20.25,109.25,6.619,179.49,0.7337,0.02544,0.007905,2.49,1.65,2.57,1.497,4.142,172.08,14.75,0.9627,1.601,0.639,2.53,431.96,1.088,55.23,0.7755,11.21,2.489e-05,0.2263,3.054,1.347,2.407,0.2105,9.326,0.5008,8.967
2022-04-07T07:52:24,43490.09,3231.23,116.04,0.2625,18.1,69.6,20.26,109.27,6.621,179.46,0.7337,0.02545,0.007905,2.49,1.65,2.57,1.497,4.142,172.1,14.75,0.9627,1.602,0.639,2.53,431.89,1.088,55.21,0.7755,11.21,2.489e-05,0.2268,3.056,1.347,2.407,0.2105,9.32,0.5,8.967
2022-04-07T07:52:54,43490.1,3231.22,116.07,0.2629,18.1,69.6,20.26,109.26,6.625,179.36,0.7324,0.02545,0.007905,2.492,1.651,2.57,1.498,4.137,172.19,14.75,0.9627,1.601,0.639,2.531,432.05,1.087,55.23,0.7755,11.2,2.489e-05,0.2267,3.057,1.347,2.408,0.2104,9.317,0.5002,8.966
2022-04-07T07:53:24,43490.45,3231.21,116.07,0.2629,18.1,69.9,20.27,109.28,6.634,179.41,0.7324,0.02545,0.007905,2.492,1.651,2.57,1.498,4.13,172.16,14.75,0.9627,1.602,0.639,2.531,432,1.087,55.23,0.7754,11.2,2.49e-05,0.2267,3.057,1.347,2.408,0.2104,9.318,0.5002,8.967
2022-04-07T07:53:54,43509.33,3232.05,116.29,0.2631,18.1,69.8,20.27,109.27,6.637,179.39,0.7324,0.02546,0.007905,2.492,1.65,2.57,1.498,4.136,172.11,14.75,0.9669,1.602,0.639,2.532,432.26,1.088,55.26,0.7754,11.21,2.491e-05,0.227,3.056,1.348,2.408,0.2105,9.319,0.5003,8.968
2022-04-07T07:54:24,43508.43,3231.75,116.38,0.2632,18.1,69.8,20.27,109.3,6.637,179.42,0.7331,0.02544,0.007905,2.494,1.65,2.57,1.498,4.113,172.14,14.75,0.9626,1.607,0.639,2.532,432.3,1.089,55.29,0.7754,11.2,2.49e-05,0.2271,3.057,1.348,2.409,0.2106,9.337,0.5,8.974
2022-04-07T07:54:55,43493.56,3231.68,116.42,0.2627,18.1,69.8,20.27,109.31,6.641,179.4,0.7331,0.02544,0.007894,2.494,1.65,2.57,1.498,4.113,172.01,14.75,0.9626,1.603,0.639,2.531,432.25,1.089,55.28,0.7753,11.2,2.49e-05,0.227,3.056,1.346,2.409,0.2108,9.33,0.5,8.976
2022-04-07T07:55:25,43480.79,3229.9,116.25,0.2624,18.1,69.8,20.26,109.25,6.636,179.35,0.7339,0.02544,0.007894,2.493,1.651,2.57,1.496,4.102,172,14.75,0.9626,1.603,0.639,2.529,432.07,1.091,55.25,0.7752,11.2,2.488e-05,0.2269,3.054,1.344,2.408,0.2108,9.324,0.4993,8.969
2022-04-07T07:55:55,43457.74,3229.04,116.07,0.2619,18.06,69.8,20.24,109.16,6.639,179.09,0.7348,0.02541,0.007894,2.493,1.65,2.57,1.494,4.108,171.8,14.75,0.9626,1.606,0.639,2.525,431.81,1.089,55.14,0.7752,11.2,2.486e-05,0.2266,3.051,1.342,2.405,0.2107,9.317,0.4988,8.975
2022-04-07T07:56:25,43458.37,3227.61,116.04,0.2615,18.06,69.8,20.23,109.15,6.641,179.14,0.7348,0.0254,0.007894,2.493,1.65,2.57,1.494,4.107,171.8,14.75,0.9595,1.606,0.639,2.525,431.83,1.088,55.05,0.7749,11.17,2.485e-05,0.2265,3.049,1.342,2.403,0.2107,9.314,0.4985,8.976
2022-04-07T07:56:55,43452.36,3227.07,115.97,0.2615,18.06,69.8,20.22,109.09,6.641,179.18,0.7348,0.02541,0.007894,2.493,1.65,2.57,1.494,4.105,171.85,14.75,0.9595,1.606,0.639,2.525,431.63,1.088,54.99,0.7746,11.16,2.482e-05,0.2265,3.048,1.342,2.403,0.2106,9.315,0.4986,8.976
2022-04-07T07:57:25,43448.69,3225.83,115.97,0.2611,18.06,69.6,20.23,109.1,6.637,179.22,0.7348,0.02542,0.007884,2.493,1.65,2.57,1.493,4.105,171.87,14.75,0.9605,1.606,0.639,2.525,431.62,1.088,54.99,0.7746,11.15,2.481e-05,0.2265,3.049,1.342,2.403,0.2106,9.323,0.4983,8.976
2022-04-07T07:57:55,43445.85,3225.51,115.94,0.2608,18.07,69.6,20.22,109.07,6.637,179.26,0.7348,0.02539,0.007884,2.494,1.647,2.57,1.493,4.106,171.7,14.76,0.9605,1.603,0.639,2.524,431.44,1.087,54.96,0.7744,11.15,2.481e-05,0.2265,3.049,1.342,2.402,0.2106,9.322,0.4983,8.97
2022-04-07T07:58:25,43445.95,3225.58,115.94,0.261,18.08,69.6,20.22,109.04,6.638,179.22,0.7348,0.02539,0.007884,2.494,1.647,2.57,1.492,4.106,171.74,14.76,0.9605,1.602,0.639,2.522,431.3,1.087,54.97,0.7745,11.13,2.48e-05,0.2261,3.048,1.341,2.4,0.2106,9.322,0.4981,8.962
2022-04-07T07:58:56,43448.81,3226.89,115.95,0.2614,18.08,69.6,20.22,109.03,6.64,179.22,0.7359,0.02539,0.007884,2.494,1.647,2.57,1.493,4.106,171.75,14.74,0.9595,1.602,0.639,2.523,431.26,1.087,54.98,0.7745,11.14,2.48e-05,0.2261,3.048,1.341,2.401,0.2107,9.322,0.4982,8.962
2022-04-07T07:59:26,43447.27,3226.24,115.98,0.2604,18.1,69.6,20.22,109,6.643,179.22,0.7359,0.02539,0.007884,2.494,1.647,2.57,1.493,4.096,171.72,14.74,0.9595,1.602,0.639,2.523,431.21,1.087,55.02,0.7743,11.15,2.481e-05,0.2261,3.049,1.341,2.4,0.2109,9.32,0.4981,8.958
2022-04-07T07:59:56,43440.23,3225.53,115.98,0.2591,18.08,69.7,20.22,108.98,6.642,179.29,0.7359,0.02539,0.007886,2.494,1.646,2.57,1.493,4.096,171.7,14.74,0.9586,1.602,0.639,2.523,431.03,1.087,55,0.7743,11.15,2.48e-05,0.2261,3.047,1.341,2.399,0.2109,9.322,0.4983,8.951
2022-04-07T08:00:26,43463.2,3225.95,116.24,0.2586,18.08,69.9,20.23,108.94,6.632,179.29,0.7359,0.02544,0.007886,2.498,1.647,2.57,1.493,4.107,171.7,14.74,0.9586,1.602,0.639,2.525,430.99,1.087,55,0.7743,11.15,2.482e-05,0.226,3.054,1.341,2.401,0.2111,9.329,0.4989,8.951
2022-04-07T08:00:56,43440.43,3225.01,116,0.2587,18.05,69.8,20.21,108.93,6.612,179.09,0.7359,0.02541,0.007888,2.489,1.648,2.57,1.492,4.107,171.49,14.74,0.9595,1.592,0.639,2.521,430.99,1.087,55.01,0.774,11.15,2.478e-05,0.2263,3.047,1.339,2.399,0.211,9.322,0.498,8.95
2022-04-07T08:01:26,43451.39,3225.56,116.21,0.2586,18.05,69.8,20.21,108.92,6.612,179.2,0.7353,0.02542,0.007888,2.489,1.648,2.57,1.493,4.107,171.64,14.74,0.9595,1.595,0.639,2.523,430.92,1.087,55.01,0.774,11.13,2.48e-05,0.2258,3.048,1.339,2.399,0.211,9.316,0.498,8.942
2022-04-07T08:01:56,43445.47,3224.74,116.08,0.2591,18.05,69.8,20.21,108.9,6.619,178.95,0.7338,0.02542,0.007888,2.489,1.647,2.57,1.493,4.107,171.66,14.74,0.9595,1.595,0.639,2.522,430.47,1.086,54.99,0.7739,11.13,2.479e-05,0.2258,3.048,1.34,2.399,0.211,9.313,0.4979,8.941
2022-04-07T08:02:26,43468.5,3225.97,116.25,0.2598,18.08,69.6,20.22,109.01,6.624,178.97,0.7338,0.02547,0.007888,2.501,1.648,2.57,1.495,4.125,171.83,14.74,0.9595,1.595,0.639,2.525,430.74,1.088,55.08,0.7747,11.14,2.483e-05,0.2262,3.05,1.34,2.402,0.2112,9.317,0.4984,8.947
2022-04-07T08:02:57,43468.35,3228.3,116.24,0.2598,18.08,69.6,20.25,109.09,6.635,179,0.7335,0.02547,0.007888,2.502,1.648,2.57,1.496,4.123,171.73,14.74,0.9595,1.596,0.639,2.526,430.94,1.089,55.09,0.7749,11.14,2.484e-05,0.2262,3.051,1.341,2.403,0.2111,9.323,0.4988,8.949
2022-04-07T08:03:27,43483.36,3229.82,116.49,0.2605,18.1,69.6,20.26,109.16,6.643,179.32,0.7336,0.02548,0.007888,2.504,1.648,2.57,1.497,4.134,171.77,14.74,0.9595,1.596,0.639,2.528,431.25,1.09,55.1,0.775,11.14,2.485e-05,0.2262,3.053,1.341,2.402,0.2111,9.332,0.4988,8.952
2022-04-07T08:03:57,43479.95,3230.23,116.4,0.2608,18.14,69.6,20.27,109.22,6.645,179.3,0.7336,0.02549,0.007878,2.506,1.647,2.57,1.497,4.128,171.81,14.74,0.9588,1.596,0.639,2.529,431.23,1.091,55.16,0.7753,11.15,2.487e-05,0.2264,3.054,1.342,2.404,0.2112,9.335,0.4986,8.958
2022-04-07T08:04:27,43475.64,3230,116.35,0.2609,18.14,69.6,20.27,109.21,6.645,179.35,0.7336,0.02543,0.007878,2.504,1.647,2.57,1.497,4.138,171.7,14.74,0.9588,1.597,0.639,2.528,431.31,1.09,55.13,0.7753,11.15,2.487e-05,0.2265,3.054,1.342,2.403,0.2112,9.329,0.498,8.958
2022-04-07T08:04:57,43477.87,3229.68,116.31,0.2612,18.14,69.6,20.27,109.15,6.645,179.78,0.7336,0.02544,0.007878,2.504,1.647,2.57,1.498,4.144,171.75,14.74,0.9588,1.597,0.639,2.528,431.34,1.09,55.11,0.7753,11.16,2.486e-05,0.2265,3.054,1.342,2.405,0.2111,9.333,0.498,8.952
2022-04-07T08:05:27,43476.65,3229.57,116.33,0.2614,18.14,69.8,20.29,109.14,6.646,179.85,0.7344,0.02543,0.007878,2.506,1.647,2.57,1.498,4.146,171.75,14.74,0.9587,1.597,0.639,2.528,431.3,1.09,55.12,0.7754,11.17,2.486e-05,0.2265,3.055,1.342,2.405,0.2111,9.341,0.4983,8.952
2022-04-07T08:05:57,43470.46,3229.38,116.21,0.2617,18.14,69.8,20.3,109.1,6.648,179.88,0.734,0.02541,0.007878,2.507,1.647,2.57,1.497,4.159,171.69,14.74,0.9587,1.597,0.639,2.528,431.3,1.089,55.12,0.7754,11.18,2.486e-05,0.2265,3.054,1.341,2.405,0.2112,9.335,0.4983,8.958
2022-04-07T08:06:27,43468.47,3228.74,116.21,0.262,18.14,69.8,20.33,109,6.617,180.09,0.734,0.02536,0.007878,2.507,1.646,2.57,1.497,4.155,171.72,14.74,0.9587,1.597,0.639,2.527,431.04,1.089,55.11,0.7753,11.18,2.486e-05,0.2265,3.053,1.341,2.404,0.2112,9.333,0.4978,8.952
2022-04-07T08:06:57,43450.21,3228.27,116.19,0.2618,18.14,69.8,20.33,108.92,6.621,180.14,0.7338,0.02535,0.007878,2.507,1.646,2.57,1.496,4.156,171.71,14.74,0.9587,1.597,0.639,2.525,430.87,1.089,55.09,0.7752,11.18,2.486e-05,0.2262,3.052,1.341,2.403,0.2111,9.309,0.4973,8.951
2022-04-07T08:07:27,43455.28,3229.2,116.31,0.2622,18.14,69.7,20.32,108.95,6.617,180.13,0.7338,0.02536,0.007878,2.507,1.646,2.57,1.496,4.147,171.72,14.74,0.9587,1.597,0.639,2.528,430.95,1.089,55.13,0.7756,11.17,2.486e-05,0.2263,3.055,1.341,2.404,0.2112,9.313,0.4973,8.952
2022-04-07T08:07:58,43456.12,3230.14,116.34,0.262,18.14,69.7,20.31,108.94,6.621,180.17,0.7338,0.02536,0.007878,2.506,1.646,2.57,1.497,4.153,171.73,14.73,0.9587,1.597,0.639,2.529,430.96,1.09,55.14,0.7756,11.17,2.486e-05,0.2265,3.057,1.34,2.405,0.2112,9.315,0.4973,8.951
2022-04-07T08:08:28,43465.11,3230.22,116.37,0.2619,18.14,69.7,20.31,108.91,6.622,180.29,0.7338,0.02535,0.007878,2.506,1.646,2.57,1.498,4.155,171.73,14.73,0.9588,1.598,0.639,2.529,431.24,1.09,55.15,0.7757,11.18,2.487e-05,0.2265,3.055,1.341,2.404,0.2111,9.327,0.4975,8.952
2022-04-07T08:08:58,43461.49,3229.36,116.34,0.262,18.14,69.7,20.33,108.86,6.621,180.52,0.7326,0.02542,0.007878,2.506,1.646,2.57,1.497,4.155,171.72,14.73,0.9588,1.6,0.639,2.53,431.22,1.09,55.12,0.7758,11.18,2.488e-05,0.2265,3.055,1.34,2.404,0.211,9.332,0.4974,8.957
2022-04-07T08:09:28,43472.55,3230.52,116.41,0.2621,18.15,69.7,20.36,108.92,6.623,180.52,0.7326,0.02543,0.007896,2.506,1.646,2.57,1.498,4.159,171.82,14.73,0.9589,1.6,0.639,2.532,431.2,1.09,55.14,0.7761,11.19,2.49e-05,0.2268,3.056,1.342,2.407,0.211,9.339,0.4983,8.95
2022-04-07T08:09:58,43476.69,3230.99,116.41,0.2621,18.15,69.8,20.35,108.93,6.632,180.73,0.7326,0.02546,0.007896,2.506,1.645,2.57,1.499,4.154,172.06,14.73,0.9589,1.6,0.639,2.533,431.25,1.091,55.14,0.7762,11.19,2.489e-05,0.2268,3.058,1.343,2.408,0.2111,9.34,0.4982,8.959
2022-04-07T08:10:28,43476.45,3231.22,116.64,0.263,18.15,69.8,20.35,108.95,6.632,180.31,0.7326,0.02544,0.007896,2.511,1.645,2.57,1.498,4.144,171.98,14.73,0.9589,1.601,0.639,2.532,431.33,1.091,55.2,0.7762,11.2,2.487e-05,0.2268,3.058,1.343,2.408,0.2109,9.342,0.4983,8.963
2022-04-07T08:10:58,43471.08,3231.08,116.68,0.263,18.19,69.8,20.36,108.92,6.634,180.28,0.7326,0.02539,0.007896,2.508,1.645,2.57,1.498,4.142,171.96,14.73,0.9589,1.6,0.639,2.532,431.12,1.09,55.2,0.776,11.2,2.488e-05,0.2266,3.058,1.343,2.408,0.2109,9.343,0.4984,8.97
2022-04-07T08:11:28,43470.37,3230.71,116.72,0.263,18.19,69.8,20.36,108.89,6.641,180.15,0.7327,0.02542,0.007896,2.508,1.644,2.57,1.498,4.138,171.96,14.73,0.9589,1.6,0.639,2.532,431.04,1.09,55.17,0.776,11.2,2.488e-05,0.2267,3.058,1.343,2.408,0.2109,9.348,0.4984,8.963
2022-04-07T08:11:58,43468.95,3230.59,116.79,0.2628,18.27,69.8,20.37,108.84,6.644,180.15,0.7316,0.0254,0.007896,2.508,1.642,2.57,1.498,4.145,171.97,14.73,0.9587,1.6,0.639,2.533,431.01,1.091,55.12,0.7759,11.19,2.488e-05,0.2268,3.059,1.342,2.407,0.2109,9.357,0.4984,8.963
2022-04-07T08:12:29,43477.75,3232.21,116.74,0.2632,18.28,69.8,20.37,108.88,6.644,180.19,0.7321,0.02541,0.007896,2.508,1.643,2.57,1.499,4.141,171.96,14.73,0.9587,1.6,0.639,2.533,431.15,1.091,55.16,0.7761,11.19,2.489e-05,0.2268,3.061,1.343,2.409,0.2109,9.358,0.4982,8.968
2022-04-07T08:12:59,43475.3,3231.17,116.79,0.2634,18.28,69.7,20.35,108.85,6.646,180.1,0.7323,0.02546,0.007896,2.508,1.644,2.57,1.499,4.139,171.87,14.76,0.9587,1.594,0.639,2.533,431.09,1.091,55.12,0.7762,11.19,2.488e-05,0.2269,3.06,1.343,2.409,0.2109,9.37,0.4983,8.968
2022-04-07T08:13:29,43463.95,3230.07,116.6,0.2629,18.28,69.7,20.34,108.87,6.643,180.14,0.7314,0.02541,0.007896,2.508,1.643,2.57,1.499,4.125,171.9,14.76,0.9587,1.595,0.639,2.53,430.98,1.089,55.08,0.776,11.18,2.488e-05,0.2265,3.06,1.342,2.41,0.2109,9.364,0.4983,8.968
2022-04-07T08:13:59,43463.98,3230.35,116.61,0.2626,18.28,69.7,20.34,108.87,6.646,179.96,0.7311,0.02543,0.007896,2.507,1.643,2.57,1.499,4.136,171.83,14.76,0.9588,1.592,0.639,2.531,430.93,1.089,55.07,0.7759,11.18,2.488e-05,0.2265,3.061,1.342,2.411,0.2109,9.364,0.4983,8.961
2022-04-07T08:14:29,43461.53,3230.12,116.51,0.2625,18.26,69.7,20.33,108.87,6.646,180.04,0.7311,0.02545,0.007896,2.507,1.642,2.57,1.499,4.135,171.83,14.76,0.9588,1.593,0.639,2.53,430.79,1.089,55.08,0.7759,11.18,2.488e-05,0.2265,3.061,1.341,2.412,0.2109,9.365,0.4983,8.967
2022-04-07T08:14:59,43461.36,3230.24,116.65,0.2618,18.24,69.7,20.33,108.9,6.653,180.16,0.7308,0.02544,0.007896,2.507,1.643,2.57,1.499,4.144,171.93,14.76,0.9579,1.593,0.639,2.532,430.85,1.09,55.08,0.776,11.14,2.488e-05,0.2265,3.061,1.342,2.412,0.2109,9.382,0.4984,8.961
2022-04-07T08:15:30,43461.87,3230.4,116.62,0.2617,18.23,69.7,20.33,108.87,6.653,179.91,0.7309,0.02542,0.007896,2.507,1.643,2.57,1.499,4.138,171.96,14.76,0.9579,1.593,0.639,2.531,430.73,1.09,55.09,0.7762,11.14,2.488e-05,0.2267,3.06,1.341,2.411,0.2109,9.39,0.4986,8.962
2022-04-07T08:16:00,43459.61,3230.31,116.64,0.262,18.28,69.7,20.33,108.83,6.654,179.9,0.7309,0.02544,0.007897,2.508,1.643,2.57,1.498,4.153,171.96,14.76,0.9579,1.593,0.639,2.531,430.7,1.09,55.15,0.7762,11.14,2.488e-05,0.2267,3.061,1.341,2.412,0.211,9.405,0.4983,8.961
2022-04-07T08:16:30,43460.47,3230.54,116.64,0.262,18.28,69.6,20.33,108.82,6.65,179.91,0.7309,0.02545,0.007897,2.508,1.643,2.57,1.5,4.139,171.97,14.76,0.9579,1.593,0.639,2.532,430.79,1.089,55.15,0.7762,11.16,2.487e-05,0.2266,3.061,1.341,2.412,0.2109,9.406,0.4981,8.962
2022-04-07T08:17:00,43461.14,3229.75,116.5,0.2607,18.26,69.6,20.33,108.83,6.658,179.78,0.7309,0.02548,0.007897,2.508,1.644,2.57,1.5,4.141,171.93,14.76,0.9579,1.593,0.639,2.528,430.81,1.09,55.1,0.7762,11.15,2.488e-05,0.2266,3.06,1.342,2.41,0.2108,9.404,0.498,8.968
2022-04-07T08:17:30,43452.62,3228.47,116.44,0.2601,18.2,69.6,20.32,108.8,6.653,179.67,0.7309,0.02543,0.007897,2.508,1.643,2.57,1.499,4.137,171.87,14.76,0.9579,1.59,0.639,2.527,430.54,1.089,55.07,0.7761,11.15,2.487e-05,0.2262,3.058,1.341,2.411,0.2108,9.396,0.498,8.954
2022-04-07T08:18:01,43452.4,3227.66,116.26,0.2602,18.2,69.6,20.31,108.79,6.648,179.41,0.7312,0.02541,0.007897,2.508,1.643,2.57,1.496,4.129,171.81,14.76,0.9579,1.59,0.639,2.526,430.34,1.088,55.06,0.7758,11.1,2.486e-05,0.2261,3.057,1.34,2.41,0.2107,9.391,0.4983,8.944
2022-04-07T08:18:31,43447.49,3227.02,116.33,0.2602,18.2,69.8,20.29,108.76,6.646,179.44,0.7312,0.02537,0.007897,2.51,1.643,2.57,1.495,4.131,171.76,14.76,0.9579,1.59,0.639,2.526,430.04,1.088,55.04,0.7755,11.12,2.486e-05,0.2259,3.055,1.339,2.408,0.2106,9.385,0.4984,8.94
2022-04-07T08:19:01,43436.85,3223.1,116.19,0.2595,18.22,69.8,20.28,108.75,6.634,179.4,0.7312,0.02533,0.007883,2.51,1.643,2.57,1.495,4.13,171.76,14.71,0.9579,1.593,0.639,2.526,429.94,1.087,54.94,0.7754,11.11,2.483e-05,0.2259,3.049,1.339,2.404,0.2105,9.369,0.4969,8.928
2022-04-07T08:19:31,43426.93,3222.46,116.15,0.2596,18.22,69.7,20.26,108.62,6.629,179.42,0.7312,0.02531,0.007883,2.51,1.643,2.57,1.495,4.121,171.54,14.71,0.9579,1.589,0.639,2.521,429.77,1.086,54.94,0.7752,11.1,2.481e-05,0.2253,3.048,1.336,2.402,0.2105,9.356,0.497,8.928
2022-04-07T08:20:01,43426.62,3222.66,116.09,0.2596,18.22,69.8,20.26,108.59,6.634,179.48,0.7312,0.02533,0.007883,2.51,1.643,2.57,1.494,4.125,171.55,14.68,0.9579,1.589,0.639,2.52,429.54,1.086,54.87,0.7751,11.1,2.481e-05,0.2253,3.049,1.335,2.403,0.2105,9.339,0.497,8.923
2022-04-07T08:20:31,43454.53,3223.48,116.18,0.2597,18.19,69.8,20.27,108.64,6.642,179.77,0.7312,0.02532,0.007883,2.51,1.643,2.57,1.496,4.13,171.61,14.68,0.9554,1.589,0.639,2.524,429.82,1.088,54.96,0.7752,11.11,2.484e-05,0.2254,3.052,1.336,2.405,0.2105,9.331,0.4974,8.928
2022-04-07T08:21:01,43454.36,3225.12,116.3,0.2599,18.19,69.9,20.29,108.68,6.645,180.09,0.7306,0.02535,0.007883,2.51,1.643,2.57,1.497,4.143,171.57,14.68,0.9554,1.589,0.639,2.523,429.95,1.089,54.98,0.7754,11.12,2.486e-05,0.2254,3.052,1.338,2.406,0.2105,9.347,0.4974,8.929
2022-04-07T08:21:31,43451.99,3224.76,115.97,0.2599,18.19,69.9,20.28,108.6,6.646,180.01,0.7306,0.02536,0.007855,2.51,1.642,2.57,1.496,4.141,171.43,14.68,0.9554,1.589,0.639,2.521,429.82,1.088,54.97,0.7753,11.1,2.484e-05,0.2254,3.05,1.337,2.405,0.2105,9.347,0.4971,8.943
2022-04-07T08:22:02,43452.55,3225.12,116.04,0.2604,18.19,69.9,20.29,108.63,6.64,179.95,0.7303,0.02534,0.007855,2.51,1.642,2.57,1.496,4.142,171.43,14.68,0.9542,1.591,0.639,2.521,429.72,1.088,54.96,0.7752,11.09,2.484e-05,0.2254,3.05,1.338,2.405,0.2105,9.352,0.4968,8.943
2022-04-07T08:22:32,43458.35,3225.65,116.1,0.2605,18.21,69.8,20.3,108.6,6.644,180,0.7303,0.02534,0.007855,2.51,1.642,2.57,1.496,4.142,171.44,14.68,0.9503,1.591,0.639,2.522,429.76,1.088,54.96,0.7753,11.09,2.485e-05,0.2256,3.052,1.338,2.404,0.2105,9.349,0.4968,8.946
2022-04-07T08:23:02,43469.79,3225.7,116.21,0.2605,18.21,69.8,20.3,108.61,6.642,180.12,0.7303,0.02537,0.007855,2.51,1.642,2.57,1.496,4.139,171.31,14.68,0.9502,1.593,0.639,2.522,429.79,1.088,54.98,0.7755,11.11,2.485e-05,0.2256,3.052,1.338,2.405,0.2105,9.359,0.4968,8.946
2022-04-07T08:23:32,43474.19,3226.36,116.22,0.2604,18.21,69.8,20.31,108.6,6.637,180.43,0.7297,0.0254,0.007855,2.51,1.64,2.57,1.498,4.131,171.33,14.68,0.95,1.593,0.639,2.523,429.89,1.089,55.01,0.7758,11.1,2.486e-05,0.2256,3.053,1.339,2.406,0.2105,9.367,0.4971,8.948
2022-04-07T08:24:02,43478.09,3226.87,116.22,0.2602,18.21,69.8,20.3,108.59,6.639,180.44,0.7308,0.02542,0.007855,2.51,1.641,2.57,1.497,4.135,171.27,14.68,0.9565,1.61,0.639,2.523,429.88,1.089,55.02,0.7758,11.1,2.49e-05,0.2256,3.054,1.338,2.405,0.2105,9.375,0.4973,8.947
2022-04-07T08:24:32,43476.71,3227.13,116.18,0.2602,18.19,69.8,20.3,108.65,6.636,180.47,0.7308,0.02547,0.007855,2.512,1.639,2.57,1.497,4.135,171.33,14.68,0.9565,1.617,0.639,2.524,430,1.089,55.01,0.7758,11.1,2.489e-05,0.2256,3.052,1.339,2.407,0.2105,9.373,0.4973,8.948
2022-04-07T08:25:02,43473.01,3226.76,116.13,0.2598,18.19,69.8,20.29,108.61,6.636,180.29,0.7305,0.02544,0.007855,2.512,1.639,2.57,1.497,4.124,171.2,14.68,0.9565,1.62,0.639,2.523,429.87,1.089,54.98,0.7755,11.08,2.487e-05,0.2256,3.05,1.338,2.407,0.2105,9.373,0.497,8.943
2022-04-07T08:25:32,43464.24,3226.81,116.29,0.2601,18.23,69.8,20.3,108.63,6.638,180.41,0.7309,0.0254,0.007855,2.512,1.639,2.57,1.497,4.126,171.31,14.68,0.9565,1.62,0.639,2.523,429.68,1.09,54.99,0.7756,11.09,2.488e-05,0.2256,3.051,1.338,2.407,0.2105,9.378,0.497,8.947
2022-04-07T08:26:02,43469.24,3226.93,116.27,0.26,18.23,69.8,20.3,108.64,6.638,180.26,0.7307,0.02545,0.007855,2.512,1.639,2.57,1.497,4.122,171.32,14.74,0.9565,1.62,0.639,2.524,429.87,1.089,55.03,0.7755,11.09,2.488e-05,0.2259,3.053,1.338,2.409,0.2106,9.389,0.497,8.954
2022-04-07T08:26:33,43473.38,3227.17,116.35,0.2601,18.23,69.9,20.3,108.66,6.638,180.3,0.7312,0.02544,0.007855,2.512,1.639,2.57,1.498,4.122,171.37,14.74,0.9565,1.62,0.639,2.525,429.97,1.089,55.09,0.7754,11.09,2.487e-05,0.2259,3.054,1.338,2.409,0.2106,9.392,0.498,8.951
2022-04-07T08:27:03,43476.97,3227.25,116.36,0.2601,18.23,69.9,20.29,108.68,6.639,180.12,0.7312,0.02544,0.007855,2.512,1.639,2.57,1.498,4.126,171.3,14.74,0.9565,1.625,0.639,2.526,430.03,1.09,55.09,0.7755,11.09,2.489e-05,0.2259,3.055,1.338,2.409,0.2107,9.379,0.4984,8.957
2022-04-07T08:27:33,43485.17,3227.35,116.37,0.2608,18.23,69.9,20.3,108.73,6.638,180.25,0.7312,0.02547,0.007855,2.512,1.639,2.57,1.498,4.128,171.43,14.74,0.9561,1.617,0.639,2.528,430.17,1.09,55.07,0.7757,11.09,2.491e-05,0.2259,3.057,1.339,2.41,0.2107,9.376,0.4984,8.951
2022-04-07T08:28:03,43503.92,3228.63,116.59,0.2614,18.23,69.8,20.31,108.82,6.642,180.91,0.7312,0.0255,0.007855,2.512,1.64,2.57,1.499,4.135,171.55,14.74,0.9561,1.613,0.639,2.529,430.32,1.091,55.11,0.776,11.09,2.492e-05,0.2259,3.058,1.34,2.412,0.2108,9.387,0.4991,8.953
2022-04-07T08:28:33,43503.37,3228.8,116.52,0.2619,18.23,69.8,20.31,108.81,6.643,181.12,0.7312,0.0255,0.007855,2.512,1.64,2.57,1.499,4.135,171.55,14.74,0.9561,1.613,0.639,2.529,430.27,1.091,55.11,0.7761,11.12,2.493e-05,0.2262,3.061,1.34,2.412,0.2109,9.386,0.4996,8.965
2022-04-07T08:29:03,43504.16,3228.77,116.55,0.2615,18.23,69.8,20.31,108.8,6.656,181.02,0.7309,0.02552,0.007855,2.512,1.64,2.57,1.499,4.135,171.53,14.74,0.9507,1.613,0.639,2.528,430.24,1.091,55.09,0.7761,11.12,2.494e-05,0.226,3.06,1.34,2.411,0.2109,9.388,0.5003,8.96
2022-04-07T08:29:33,43500.26,3227.13,116.5,0.2609,18.23,69.8,20.3,108.71,6.662,181.11,0.7301,0.02553,0.007855,2.512,1.641,2.57,1.498,4.132,171.4,14.74,0.9555,1.615,0.639,2.528,430.1,1.09,55.07,0.776,11.12,2.491e-05,0.2263,3.058,1.34,2.412,0.2109,9.375,0.5001,8.959
2022-04-07T08:30:03,43508,3227.84,116.54,0.2605,18.23,69.8,20.31,108.74,6.651,181.06,0.7301,0.02554,0.007855,2.512,1.641,2.57,1.498,4.136,171.43,14.74,0.9555,1.615,0.639,2.527,430.27,1.09,55.08,0.7761,11.12,2.491e-05,0.2262,3.06,1.341,2.411,0.2108,9.373,0.5002,8.957
2022-04-07T08:30:34,43516.48,3228.12,116.51,0.2601,18.23,70,20.3,108.77,6.656,180.92,0.7302,0.02558,0.007855,2.512,1.643,2.57,1.499,4.122,171.35,14.74,0.9555,1.615,0.639,2.529,430.29,1.09,55.1,0.776,11.12,2.491e-05,0.2262,3.06,1.341,2.411,0.2109,9.372,0.5004,8.957
2022-04-07T08:31:04,43518.87,3228.25,116.5,0.2605,18.23,70,20.31,108.75,6.658,180.99,0.7305,0.02558,0.007872,2.512,1.643,2.57,1.499,4.122,171.43,14.74,0.9555,1.611,0.639,2.529,430.37,1.091,55.12,0.7759,11.12,2.491e-05,0.2263,3.062,1.341,2.412,0.211,9.375,0.5004,8.952
2022-04-07T08:31:34,43537.23,3229.16,116.59,0.2613,18.23,70,20.32,108.81,6.662,180.97,0.7307,0.02561,0.007872,2.512,1.643,2.57,1.5,4.122,171.56,14.74,0.9555,1.611,0.639,2.529,430.41,1.091,55.18,0.7761,11.14,2.492e-05,0.2265,3.063,1.341,2.414,0.211,9.381,0.5004,8.952
2022-04-07T08:32:04,43528.93,3228.48,116.49,0.2612,18.23,69.9,20.33,108.75,6.662,181.06,0.7307,0.02561,0.007872,2.511,1.644,2.57,1.499,4.128,171.56,14.84,0.9555,1.61,0.639,2.528,430.46,1.091,55.19,0.7761,11.14,2.496e-05,0.2265,3.062,1.341,2.413,0.211,9.377,0.5004,8.952
2022-04-07T08:32:34,43541.88,3229.74,116.53,0.2617,18.23,69.9,20.33,108.76,6.662,181.28,0.7331,0.02562,0.007872,2.511,1.644,2.57,1.5,4.133,171.71,14.84,0.9555,1.613,0.639,2.532,430.51,1.091,55.22,0.7762,11.15,2.498e-05,0.2267,3.063,1.342,2.414,0.211,9.376,0.5008,8.963
2022-04-07T08:33:04,43524.18,3228.81,116.54,0.2618,18.23,70,20.33,108.71,6.66,180.99,0.7333,0.02562,0.007872,2.511,1.644,2.57,1.499,4.13,171.66,14.77,0.9555,1.612,0.639,2.53,430.46,1.091,55.24,0.776,11.13,2.497e-05,0.2264,3.061,1.342,2.413,0.211,9.388,0.5008,8.967
2022-04-07T08:33:34,43529.41,3228.98,116.5,0.2618,18.23,70.1,20.33,108.71,6.66,180.95,0.7327,0.0256,0.00788,2.511,1.644,2.57,1.499,4.13,171.59,14.77,0.9555,1.612,0.639,2.53,430.48,1.091,55.25,0.7762,11.13,2.497e-05,0.2264,3.062,1.343,2.413,0.211,9.386,0.5008,8.967
2022-04-07T08:34:04,43527.77,3228.93,116.33,0.2618,18.23,70.1,20.33,108.69,6.66,180.98,0.7327,0.02559,0.00788,2.511,1.646,2.57,1.5,4.13,171.4,14.77,0.9555,1.615,0.639,2.528,430.34,1.09,55.23,0.7761,11.13,2.496e-05,0.2264,3.061,1.343,2.411,0.211,9.386,0.5013,8.968
2022-04-07T08:34:34,43522.92,3228.72,116.38,0.261,18.23,70.1,20.32,108.67,6.659,180.91,0.7327,0.02558,0.00788,2.511,1.646,2.57,1.498,4.115,171.35,14.77,0.9555,1.609,0.639,2.527,430.28,1.089,55.18,0.7761,11.13,2.496e-05,0.2263,3.059,1.343,2.41,0.211,9.385,0.501,8.967
2022-04-07T08:35:04,43490.37,3225.34,116.15,0.2609,18.23,70.1,20.28,108.58,6.655,180.73,0.7327,0.02556,0.00788,2.511,1.646,2.57,1.497,4.106,171.16,14.77,0.9579,1.61,0.639,2.525,430.07,1.089,55.07,0.7757,11.11,2.493e-05,0.2259,3.055,1.34,2.407,0.2109,9.376,0.501,8.956
2022-04-07T08:35:35,43472.61,3223.75,116.12,0.2608,18.18,69.8,20.27,108.54,6.648,180.65,0.7321,0.02561,0.00788,2.51,1.644,2.57,1.497,4.099,171.02,14.77,0.9579,1.61,0.639,2.521,429.96,1.089,55.01,0.7756,11.11,2.488e-05,0.2258,3.054,1.339,2.406,0.2109,9.364,0.5008,8.96
2022-04-07T08:36:05,43452.69,3220.24,116.09,0.2596,18.25,69.8,20.24,108.48,6.638,180.61,0.7322,0.02562,0.00788,2.51,1.644,2.57,1.496,4.11,170.99,14.76,0.9579,1.61,0.639,2.519,429.75,1.087,55,0.7754,11.08,2.487e-05,0.2255,3.05,1.337,2.403,0.2106,9.354,0.4999,8.946
2022-04-07T08:36:35,43460.05,3220.68,115.84,0.2601,18.25,69.8,20.23,108.49,6.633,180.72,0.7315,0.02559,0.00788,2.51,1.645,2.57,1.496,4.1,170.97,14.76,0.9674,1.636,0.639,2.52,429.72,1.088,54.94,0.7756,11.1,2.486e-05,0.2258,3.051,1.337,2.402,0.2106,9.344,0.4992,8.955
2022-04-07T08:37:05,43457.72,3220.79,115.83,0.2603,18.19,69.8,20.23,108.51,6.646,180.45,0.7315,0.02559,0.00788,2.51,1.645,2.57,1.497,4.102,170.97,14.74,0.9674,1.627,0.639,2.519,429.75,1.087,54.93,0.7757,11.09,2.487e-05,0.2258,3.051,1.337,2.402,0.2106,9.349,0.499,8.958
2022-04-07T08:37:35,43457.6,3221.07,115.87,0.2603,18.19,69.8,20.24,108.49,6.641,180.38,0.7314,0.02558,0.00788,2.51,1.646,2.57,1.497,4.104,170.93,14.74,0.9674,1.627,0.639,2.517,429.75,1.087,54.91,0.7756,11.11,2.487e-05,0.2258,3.051,1.337,2.401,0.2106,9.353,0.4989,8.957
2022-04-07T08:38:06,43448.15,3219.96,115.84,0.2596,18.19,69.8,20.24,108.46,6.632,180.36,0.7314,0.02557,0.007856,2.51,1.645,2.57,1.496,4.1,170.88,14.74,0.9674,1.625,0.639,2.517,429.52,1.087,54.87,0.7754,11.11,2.486e-05,0.2257,3.049,1.337,2.401,0.2106,9.341,0.499,8.943
2022-04-07T08:38:36,43451.44,3219.87,115.92,0.2593,18.23,69.8,20.23,108.46,6.633,180.34,0.7314,0.02558,0.007856,2.51,1.642,2.57,1.497,4.09,170.83,14.74,0.9674,1.635,0.639,2.518,429.57,1.086,54.85,0.7754,11.12,2.486e-05,0.2257,3.049,1.337,2.401,0.2105,9.332,0.499,8.945
2022-04-07T08:39:06,43453.68,3220.34,115.97,0.2593,18.23,69.8,20.24,108.49,6.633,180.39,0.7314,0.02559,0.00786,2.51,1.641,2.57,1.497,4.099,170.86,14.74,0.9674,1.637,0.639,2.518,429.55,1.086,54.91,0.7754,11.12,2.486e-05,0.2258,3.051,1.338,2.402,0.2105,9.33,0.4991,8.942
2022-04-07T08:39:36,43454.02,3221.75,115.95,0.2594,18.23,69.8,20.26,108.5,6.627,180.45,0.7314,0.02559,0.00786,2.51,1.641,2.57,1.497,4.09,171.06,14.74,0.9674,1.641,0.639,2.518,429.64,1.086,54.97,0.7754,11.14,2.487e-05,0.226,3.051,1.338,2.402,0.2103,9.326,0.4991,8.948
2022-04-07T08:40:06,43458.49,3222.03,115.95,0.2595,18.23,69.8,20.26,108.49,6.628,180.56,0.7322,0.02561,0.00786,2.511,1.641,2.57,1.497,4.09,171.12,14.74,0.9629,1.639,0.639,2.519,429.67,1.086,54.98,0.7754,11.14,2.487e-05,0.226,3.051,1.338,2.402,0.2104,9.327,0.4992,8.947
2022-04-07T08:40:36,43455.48,3221.47,115.95,0.2593,18.23,69.8,20.26,108.45,6.625,180.41,0.7326,0.0256,0.00786,2.511,1.641,2.57,1.497,4.09,171.02,14.74,0.9629,1.635,0.639,2.519,429.65,1.086,54.95,0.7754,11.14,2.485e-05,0.2259,3.05,1.338,2.401,0.2104,9.317,0.4987,8.947
2022-04-07T08:41:06,43451.57,3220.37,115.94,0.2591,18.25,69.8,20.26,108.42,6.624,180.43,0.7322,0.02561,0.00786,2.511,1.641,2.57,1.498,4.09,170.96,14.74,0.9629,1.623,0.639,2.518,429.49,1.086,54.96,0.7753,11.12,2.485e-05,0.226,3.05,1.338,2.402,0.2104,9.317,0.4987,8.946
2022-04-07T08:41:36,43442.26,3219.74,115.92,0.259,18.25,69.8,20.26,108.41,6.624,180.62,0.7322,0.02563,0.00786,2.499,1.643,2.57,1.497,4.07,170.72,14.74,0.9611,1.625,0.639,2.519,429.41,1.086,54.93,0.7752,11.12,2.485e-05,0.2258,3.048,1.338,2.402,0.2104,9.31,0.4984,8.942
2022-04-07T08:42:06,43441.39,3220.04,115.92,0.2591,18.25,69.8,20.26,108.43,6.623,180.77,0.7322,0.02561,0.00786,2.497,1.643,2.57,1.497,4.065,170.69,14.75,0.9611,1.625,0.639,2.518,429.32,1.086,54.96,0.7752,11.12,2.483e-05,0.2259,3.047,1.338,2.401,0.2104,9.308,0.4982,8.931
2022-04-07T08:42:37,43451.01,3220.69,116.1,0.2594,18.25,69.8,20.26,108.42,6.585,180.89,0.7322,0.02561,0.00786,2.497,1.643,2.57,1.497,4.065,170.76,14.75,0.9611,1.625,0.639,2.52,429.36,1.087,55,0.7755,11.12,2.484e-05,0.2258,3.049,1.338,2.401,0.2104,9.309,0.4984,8.93
2022-04-07T08:43:07,43456.75,3221.43,116.11,0.2596,18.23,69.9,20.26,108.43,6.565,181.07,0.7322,0.0256,0.00786,2.494,1.643,2.57,1.498,4.076,170.77,14.75,0.9611,1.625,0.639,2.523,429.42,1.087,55,0.7756,11.12,2.485e-05,0.226,3.049,1.339,2.403,0.2105,9.3,0.4981,8.932
2022-04-07T08:43:37,43451.52,3222.04,116.15,0.2596,18.23,69.9,20.26,108.39,6.568,180.88,0.7322,0.0256,0.00786,2.494,1.643,2.57,1.496,4.074,170.58,14.75,0.9611,1.625,0.639,2.52,429.49,1.086,54.98,0.7756,11.13,2.484e-05,0.226,3.047,1.338,2.403,0.2104,9.3,0.4983,8.927
2022-04-07T08:44:07,43447.41,3220.54,116.14,0.2587,18.23,69.9,20.25,108.33,6.565,180.92,0.7322,0.02557,0.007875,2.494,1.643,2.57,1.496,4.083,170.44,14.75,0.9609,1.625,0.639,2.52,429.48,1.086,54.93,0.7753,11.13,2.482e-05,0.2258,3.047,1.338,2.401,0.2104,9.3,0.4978,8.93
2022-04-07T08:44:37,43452.82,3221.12,116.14,0.2588,18.21,69.8,20.25,108.37,6.564,180.98,0.7316,0.0256,0.007875,2.494,1.643,2.57,1.497,4.083,170.53,14.75,0.9609,1.625,0.639,2.521,429.46,1.086,54.92,0.7755,11.13,2.485e-05,0.2258,3.048,1.338,2.402,0.2105,9.295,0.4977,8.929
2022-04-07T08:45:07,43446.8,3220.85,116.13,0.2586,18.21,69.8,20.25,108.34,6.577,181.06,0.7313,0.02563,0.007875,2.494,1.643,2.57,1.497,4.077,170.52,14.75,0.9609,1.625,0.639,2.522,429.44,1.087,54.88,0.7754,11.13,2.485e-05,0.2258,3.047,1.338,2.402,0.2105,9.285,0.4974,8.923
2022-04-07T08:45:37,43452.99,3220.89,116.09,0.2574,18.21,69.8,20.25,108.35,6.577,181.24,0.7313,0.02562,0.007875,2.486,1.643,2.57,1.497,4.079,170.53,14.75,0.9609,1.625,0.639,2.521,429.46,1.087,54.9,0.7755,11.13,2.487e-05,0.2258,3.048,1.338,2.402,0.2105,9.283,0.4975,8.908
2022-04-07T08:46:08,43455.09,3220.65,116.26,0.2574,18.22,70,20.25,108.37,6.585,181.34,0.7313,0.02559,0.007875,2.486,1.643,2.57,1.497,4.08,170.51,14.75,0.963,1.612,0.639,2.522,429.43,1.086,54.91,0.7755,11.13,2.488e-05,0.2258,3.049,1.338,2.402,0.2105,9.28,0.497,8.912
2022-04-07T08:46:38,43453.88,3220.65,116.21,0.2578,18.18,69.8,20.25,108.37,6.588,181.13,0.7304,0.0256,0.007875,2.486,1.643,2.57,1.497,4.084,170.44,14.75,0.9596,1.613,0.639,2.522,429.47,1.086,54.93,0.7753,11.13,2.487e-05,0.2258,3.048,1.338,2.402,0.2105,9.283,0.497,8.909
2022-04-07T08:47:08,43462.78,3220.6,116.21,0.2581,18.18,69.8,20.26,108.4,6.586,180.87,0.7304,0.02562,0.007875,2.486,1.643,2.57,1.496,4.076,170.48,14.75,0.9596,1.613,0.639,2.523,429.57,1.086,54.94,0.7756,11.14,2.487e-05,0.2258,3.049,1.338,2.401,0.2105,9.289,0.4972,8.909
2022-04-07T08:47:38,43459.7,3220.33,116.17,0.2581,18.18,69.8,20.26,108.21,6.591,180.69,0.7309,0.02562,0.007875,2.486,1.643,2.57,1.497,4.078,170.4,14.75,0.9596,1.613,0.639,2.523,429.31,1.087,54.92,0.7755,11.12,2.488e-05,0.2258,3.049,1.338,2.401,0.2105,9.288,0.4972,8.903
2022-04-07T08:48:08,43459,3220.75,116.15,0.2582,18.18,69.8,20.25,108.1,6.594,180.6,0.7309,0.02562,0.007875,2.486,1.643,2.57,1.497,4.074,170.38,14.75,0.9596,1.598,0.639,2.524,429.37,1.087,54.94,0.7754,11.12,2.487e-05,0.2258,3.049,1.338,2.4,0.2105,9.29,0.4972,8.91
2022-04-07T08:48:38,43485.14,3223.03,116.24,0.2583,18.21,69.8,20.28,108.13,6.593,180.53,0.731,0.02561,0.007875,2.486,1.643,2.57,1.497,4.077,170.48,14.75,0.9613,1.598,0.639,2.525,429.77,1.087,54.95,0.7758,11.11,2.489e-05,0.2261,3.051,1.339,2.402,0.2105,9.297,0.4972,8.909
2022-04-07T08:49:08,43483.27,3222.97,116.28,0.2584,18.21,69.8,20.29,108.14,6.597,180.47,0.731,0.02561,0.007875,2.486,1.643,2.57,1.498,4.077,170.44,14.73,0.9613,1.592,0.639,2.526,429.76,1.087,54.96,0.7759,11.13,2.489e-05,0.2261,3.052,1.34,2.402,0.2106,9.298,0.4972,8.909
2022-04-07T08:49:38,43477.42,3219.6,116.26,0.2578,18.21,69.9,20.26,108.1,6.598,180.33,0.731,0.0256,0.007875,2.486,1.643,2.57,1.496,4.07,170.25,14.73,0.9613,1.593,0.639,2.522,429.48,1.086,54.87,0.7753,11.12,2.487e-05,0.2257,3.049,1.337,2.402,0.2105,9.288,0.4965,8.903
2022-04-07T08:50:08,43462,3219.72,116.06,0.2574,18.23,69.8,20.25,108.09,6.59,180.11,0.731,0.02559,0.007875,2.486,1.643,2.56,1.495,4.072,170.23,14.74,0.9613,1.592,0.639,2.522,429.45,1.086,54.82,0.7752,11.12,2.487e-05,0.2257,3.047,1.337,2.4,0.2105,9.287,0.4964,8.901
2022-04-07T08:50:39,43437.2,3217.71,115.97,0.2568,18.23,69.8,20.23,108.05,6.583,180.01,0.731,0.02559,0.007875,2.486,1.643,2.56,1.494,4.07,170.12,14.74,0.9586,1.591,0.639,2.521,429.17,1.084,54.67,0.7748,11.09,2.483e-05,0.2257,3.046,1.334,2.398,0.2104,9.278,0.4956,8.888
2022-04-07T08:51:09,43435.16,3217.11,115.95,0.256,18.23,69.8,20.22,108.02,6.579,179.93,0.731,0.02557,0.007875,2.486,1.643,2.56,1.494,4.072,170.11,14.69,0.9586,1.591,0.639,2.516,428.98,1.083,54.67,0.7747,11.07,2.482e-05,0.2257,3.043,1.334,2.396,0.2103,9.258,0.4952,8.884
2022-04-07T08:51:39,43455.16,3219.3,115.91,0.256,18.25,69.7,20.21,108.04,6.581,180.18,0.7299,0.02558,0.007878,2.486,1.643,2.56,1.494,4.078,170.23,14.69,0.9586,1.585,0.639,2.517,429.16,1.083,54.73,0.7751,11.07,2.483e-05,0.2257,3.045,1.334,2.396,0.2103,9.265,0.4954,8.88
2022-04-07T08:52:09,43458.98,3219.71,115.91,0.2562,18.22,69.7,20.22,108.05,6.59,180.18,0.7299,0.0256,0.007878,2.487,1.643,2.56,1.495,4.083,170.27,14.69,0.9594,1.589,0.639,2.517,429.21,1.084,54.76,0.7754,11.09,2.484e-05,0.2257,3.045,1.335,2.396,0.2103,9.265,0.4962,8.881
2022-04-07T08:52:39,43462.19,3220.01,115.92,0.2559,18.21,69.7,20.22,108.04,6.604,180.25,0.7299,0.02562,0.007878,2.487,1.643,2.56,1.495,4.074,170.22,14.69,0.9594,1.582,0.639,2.518,429.14,1.083,54.77,0.7755,11.08,2.484e-05,0.2257,3.045,1.334,2.396,0.2104,9.264,0.4962,8.884
2022-04-07T08:53:09,43472.76,3221.01,115.89,0.2559,18.21,69.8,20.23,108.07,6.61,180.31,0.7298,0.02562,0.007878,2.487,1.643,2.56,1.494,4.079,170.2,14.69,0.9594,1.582,0.639,2.518,429.14,1.083,54.76,0.7756,11.09,2.484e-05,0.2257,3.046,1.335,2.397,0.2104,9.263,0.496,8.888
2022-04-07T08:53:39,43483.75,3222.37,115.96,0.2564,18.21,69.8,20.25,108.13,6.617,180.28,0.7298,0.02568,0.007878,2.487,1.643,2.56,1.495,4.083,170.32,14.69,0.9594,1.589,0.639,2.52,429.12,1.084,54.8,0.7759,11.09,2.484e-05,0.2259,3.047,1.336,2.397,0.2105,9.263,0.496,8.888
2022-04-07T08:54:09,43494.04,3222.82,115.99,0.2567,18.21,69.8,20.25,108.17,6.621,180.27,0.7304,0.02565,0.007878,2.487,1.644,2.56,1.496,4.086,170.31,14.69,0.9616,1.586,0.6491,2.521,429.44,1.085,54.84,0.7763,11.09,2.486e-05,0.2259,3.047,1.337,2.398,0.2106,9.288,0.4969,8.882
2022-04-07T08:54:40,43496.41,3223.8,116.27,0.2569,18.23,69.7,20.26,108.18,6.623,180.33,0.7304,0.02561,0.007878,2.487,1.644,2.56,1.496,4.085,170.36,14.69,0.9616,1.588,0.6491,2.522,429.61,1.085,54.88,0.7763,11.1,2.486e-05,0.2259,3.048,1.338,2.399,0.2106,9.3,0.4969,8.89
2022-04-07T08:55:10,43490.47,3222.83,116.23,0.257,18.23,69.7,20.25,108.16,6.623,180.24,0.7304,0.02561,0.007864,2.487,1.644,2.56,1.496,4.085,170.38,14.69,0.9616,1.589,0.6491,2.522,429.57,1.085,54.86,0.7765,11.1,2.485e-05,0.2258,3.05,1.338,2.399,0.2107,9.302,0.497,8.889
2022-04-07T08:55:40,43500.71,3223.27,116.37,0.2573,18.23,69.8,20.26,108.24,6.619,180.28,0.731,0.02564,0.007864,2.487,1.643,2.56,1.498,4.086,170.45,14.69,0.9594,1.59,0.6491,2.522,429.79,1.084,54.92,0.7767,11.1,2.486e-05,0.2258,3.05,1.338,2.4,0.2109,9.31,0.4973,8.898
2022-04-07T08:56:10,43501.98,3222.94,116.41,0.2572,18.23,69.8,20.26,108.28,6.616,180.27,0.731,0.02564,0.007864,2.487,1.643,2.56,1.497,4.087,170.44,14.69,0.9594,1.59,0.6491,2.523,429.87,1.085,54.97,0.7768,11.1,2.486e-05,0.2261,3.051,1.338,2.4,0.2109,9.318,0.4973,8.892
2022-04-07T08:56:40,43500.1,3222.57,116.35,0.2572,18.23,69.7,20.26,108.26,6.613,180.57,0.7307,0.02566,0.007864,2.487,1.644,2.56,1.497,4.085,170.46,14.69,0.9594,1.59,0.6491,2.519,429.85,1.085,54.97,0.7769,11.1,2.486e-05,0.2261,3.05,1.338,2.4,0.2108,9.322,0.4976,8.893
2022-04-07T08:57:10,43491.81,3222.04,116.33,0.2571,18.23,69.8,20.25,108.24,6.615,180.46,0.7294,0.02566,0.007864,2.487,1.646,2.56,1.497,4.085,170.48,14.69,0.9598,1.591,0.6491,2.516,429.61,1.084,54.93,0.7769,11.09,2.484e-05,0.2261,3.05,1.337,2.401,0.2109,9.31,0.4974,8.899
2022-04-07T08:57:40,43493.18,3221.4,116.32,0.2568,18.23,69.8,20.25,108.25,6.616,180.61,0.73,0.02567,0.007883,2.487,1.647,2.56,1.496,4.083,170.5,14.69,0.9636,1.589,0.6491,2.518,429.7,1.084,54.94,0.777,11.09,2.486e-05,0.226,3.052,1.337,2.401,0.2108,9.308,0.4974,8.898
2022-04-07T08:58:10,43506.26,3221.8,116.38,0.257,18.23,69.8,20.26,108.25,6.619,180.78,0.73,0.02568,0.007878,2.487,1.645,2.56,1.496,4.085,170.6,14.69,0.9636,1.62,0.6491,2.52,429.71,1.085,54.93,0.7773,11.09,2.488e-05,0.2261,3.052,1.337,2.402,0.211,9.31,0.4975,8.9
2022-04-07T08:58:40,43507.53,3221.87,116.39,0.2571,18.23,69.8,20.26,108.27,6.62,180.62,0.7294,0.0257,0.007878,2.487,1.645,2.56,1.496,4.084,170.56,14.69,0.9636,1.615,0.6491,2.52,429.89,1.084,54.95,0.7773,11.09,2.489e-05,0.2262,3.053,1.339,2.403,0.2109,9.309,0.4975,8.9
2022-04-07T08:59:10,43507.87,3223.61,116.47,0.2572,18.22,69.8,20.27,108.3,6.622,180.53,0.7294,0.0257,0.007878,2.487,1.646,2.56,1.498,4.084,170.58,14.69,0.9627,1.615,0.6491,2.52,430.01,1.085,54.95,0.7774,11.09,2.49e-05,0.2262,3.055,1.339,2.405,0.2111,9.31,0.4975,8.901
2022-04-07T08:59:41,43513.86,3223.81,116.49,0.2578,18.22,69.8,20.27,108.27,6.622,180.42,0.7294,0.02572,0.007878,2.491,1.646,2.56,1.498,4.084,170.63,14.69,0.9627,1.615,0.6491,2.52,430.11,1.086,54.96,0.7775,11.09,2.49e-05,0.2262,3.054,1.339,2.406,0.211,9.318,0.4977,8.908
2022-04-07T09:00:11,43516.98,3224.03,116.48,0.2581,18.22,69.8,20.28,108.21,6.623,180.37,0.7294,0.02573,0.007878,2.491,1.646,2.56,1.498,4.068,170.65,14.69,0.9627,1.613,0.6491,2.52,430.15,1.086,54.96,0.7775,11.09,2.49e-05,0.2262,3.054,1.339,2.406,0.211,9.304,0.4979,8.905
2022-04-07T09:00:41,43498,3222.87,116.3,0.2575,18.22,69.8,20.27,108.1,6.623,180.01,0.7294,0.02573,0.007878,2.491,1.645,2.56,1.497,4.068,170.34,14.69,0.9585,1.614,0.6491,2.518,430.07,1.084,54.9,0.7773,11.09,2.488e-05,0.2262,3.053,1.339,2.404,0.2109,9.29,0.4975,8.904
2022-04-07T09:01:11,43496.74,3222.45,116.3,0.2575,18.22,69.8,20.25,108.07,6.623,179.97,0.7299,0.02572,0.007863,2.491,1.646,2.56,1.497,4.056,170.35,14.69,0.9599,1.614,0.6491,2.516,429.93,1.084,54.89,0.777,11.1,2.487e-05,0.226,3.05,1.339,2.402,0.2108,9.291,0.4975,8.904
2022-04-07T09:01:41,43495.05,3223.03,116.3,0.2578,18.22,69.8,20.25,108.09,6.622,179.84,0.7294,0.02569,0.007863,2.491,1.645,2.56,1.495,4.059,170.36,14.69,0.9611,1.614,0.6491,2.516,430.12,1.084,54.87,0.7772,11.1,2.487e-05,0.2262,3.052,1.338,2.402,0.2108,9.306,0.4969,8.904
2022-04-07T09:02:11,43484.09,3222.52,116.34,0.2575,18.22,69.8,20.25,108.1,6.616,179.76,0.7294,0.02566,0.007863,2.491,1.645,2.56,1.494,4.047,170.34,14.69,0.9611,1.614,0.6491,2.517,429.98,1.084,54.85,0.7772,11.1,2.487e-05,0.2259,3.052,1.338,2.402,0.2107,9.313,0.497,8.903
2022-04-07T09:02:41,43486.18,3222.72,116.35,0.2577,18.23,69.7,20.25,108.1,6.615,179.81,0.7303,0.02562,0.007863,2.491,1.645,2.56,1.494,4.034,170.32,14.69,0.9611,1.615,0.6491,2.517,430.04,1.084,54.84,0.7772,11.11,2.487e-05,0.2259,3.051,1.339,2.403,0.2108,9.313,0.4967,8.904
2022-04-07T09:03:12,43484.76,3222.56,116.4,0.2575,18.23,69.7,20.25,108.05,6.615,179.74,0.7303,0.02562,0.007863,2.488,1.645,2.56,1.495,4.058,170.23,14.69,0.9573,1.614,0.6491,2.517,429.92,1.084,54.84,0.7769,11.11,2.487e-05,0.226,3.05,1.339,2.402,0.2107,9.314,0.4965,8.91
2022-04-07T09:03:42,43480.57,3222.05,116.33,0.2574,18.23,69.7,20.25,107.98,6.617,179.6,0.7303,0.0256,0.007863,2.488,1.645,2.56,1.494,4.02,170.09,14.69,0.9573,1.607,0.6491,2.516,429.95,1.084,54.83,0.7769,11.11,2.487e-05,0.226,3.049,1.339,2.4,0.2108,9.314,0.496,8.91
2022-04-07T09:04:12,43470.11,3220.92,116.22,0.2573,18.23,69.7,20.23,107.96,6.61,179.59,0.7303,0.02559,0.007863,2.488,1.644,2.56,1.494,4.028,169.96,14.69,0.9573,1.615,0.6491,2.515,429.77,1.083,54.81,0.7768,11.06,2.485e-05,0.226,3.049,1.338,2.399,0.2108,9.305,0.4957,8.904
2022-04-07T09:04:42,43467.78,3220.53,116.08,0.2568,18.23,69.7,20.21,107.95,6.612,179.43,0.7308,0.02558,0.007863,2.488,1.644,2.56,1.494,4.022,170.03,14.69,0.9573,1.622,0.6491,2.516,429.65,1.083,54.77,0.7767,11.06,2.486e-05,0.2257,3.049,1.337,2.398,0.2107,9.305,0.4959,8.903
2022-04-07T09:05:12,43456.81,3219.88,116.03,0.2566,18.23,69.8,20.21,107.92,6.61,179.37,0.7291,0.02557,0.007863,2.488,1.644,2.57,1.494,4.023,169.91,14.69,0.9573,1.62,0.6491,2.514,429.49,1.083,54.75,0.7767,11.04,2.485e-05,0.2257,3.047,1.337,2.398,0.2107,9.301,0.4957,8.904
2022-04-07T09:05:43,43418.62,3218.59,115.62,0.2566,18.2,69.8,20.19,107.84,6.609,179.17,0.7305,0.02552,0.007863,2.488,1.644,2.57,1.491,4.023,169.65,14.69,0.9573,1.618,0.6491,2.512,429.26,1.082,54.71,0.7759,11.02,2.48e-05,0.2253,3.043,1.334,2.395,0.2105,9.285,0.495,8.899
2022-04-07T09:06:13,43404.57,3217.55,115.6,0.2564,18.26,69.7,20.17,107.77,6.601,179.12,0.7305,0.0255,0.007863,2.488,1.644,2.57,1.49,4.025,169.62,14.69,0.9573,1.616,0.6491,2.507,428.89,1.08,54.66,0.7754,11.02,2.475e-05,0.2252,3.04,1.333,2.393,0.2104,9.274,0.4949,8.886
2022-04-07T09:06:43,43403.23,3216.56,115.49,0.2547,18.26,69.7,20.18,107.71,6.602,179.24,0.7296,0.0255,0.007863,2.488,1.643,2.57,1.488,4.022,169.6,14.69,0.9573,1.619,0.6491,2.507,428.65,1.079,54.61,0.7754,11.02,2.475e-05,0.225,3.039,1.333,2.393,0.2103,9.268,0.4949,8.876
2022-04-07T09:07:13,43402.15,3217.33,115.39,0.2544,18.26,69.7,20.17,107.7,6.611,179.08,0.7268,0.02548,0.007863,2.488,1.643,2.57,1.489,4.017,169.55,14.75,0.9573,1.618,0.6491,2.506,428.49,1.079,54.62,0.7754,11.02,2.475e-05,0.225,3.035,1.332,2.39,0.2102,9.262,0.4945,8.88
2022-04-07T09:07:43,43399.87,3217.22,115.38,0.2541,18.23,69.7,20.16,107.58,6.643,178.95,0.7258,0.02547,0.007868,2.488,1.643,2.57,1.488,4.017,169.48,14.75,0.9573,1.618,0.6491,2.506,428.28,1.079,54.6,0.7753,11.03,2.475e-05,0.2249,3.034,1.329,2.388,0.2101,9.26,0.4945,8.874
2022-04-07T09:08:13,43406.33,3216.4,115.4,0.254,18.23,69.8,20.16,107.54,6.643,178.99,0.7258,0.02547,0.007868,2.488,1.643,2.57,1.489,4.018,169.48,14.75,0.9559,1.616,0.6491,2.506,428.06,1.079,54.61,0.7751,11.02,2.476e-05,0.2249,3.034,1.329,2.387,0.2101,9.26,0.4942,8.863
2022-04-07T09:08:43,43406.71,3216.73,115.44,0.2543,18.23,69.7,20.16,107.54,6.648,178.89,0.724,0.02547,0.007868,2.483,1.644,2.57,1.488,4.014,169.35,14.75,0.9559,1.616,0.6491,2.508,428.15,1.079,54.61,0.7752,11.03,2.476e-05,0.2249,3.034,1.33,2.387,0.2102,9.262,0.4941,8.863
2022-04-07T09:09:13,43409.05,3216.94,115.43,0.254,18.23,69.6,20.17,107.56,6.643,178.82,0.724,0.02547,0.007868,2.483,1.644,2.57,1.489,4.016,169.22,14.75,0.9556,1.616,0.6491,2.508,428.4,1.079,54.63,0.7752,11.03,2.477e-05,0.2249,3.033,1.329,2.387,0.2102,9.269,0.4943,8.861
2022-04-07T09:09:43,43405.34,3218.37,115.38,0.254,18.22,69.6,20.18,107.57,6.646,178.87,0.724,0.02546,0.007868,2.483,1.644,2.57,1.488,4.016,169.27,14.75,0.9556,1.616,0.6491,2.508,428.16,1.079,54.65,0.7748,11.03,2.477e-05,0.2249,3.032,1.329,2.387,0.2101,9.272,0.4941,8.861
2022-04-07T09:10:13,43415.01,3218.26,115.38,0.2543,18.22,69.6,20.17,107.64,6.651,178.79,0.724,0.02549,0.007869,2.483,1.644,2.57,1.489,4.022,169.15,14.75,0.9556,1.616,0.6491,2.509,428.25,1.08,54.64,0.7747,11.04,2.477e-05,0.2252,3.032,1.33,2.389,0.2102,9.272,0.4944,8.856
2022-04-07T09:10:44,43404.59,3217.44,115.42,0.2543,18.18,69.6,20.16,107.53,6.65,178.74,0.724,0.02548,0.007869,2.479,1.644,2.57,1.489,4.019,169.12,14.65,0.9556,1.616,0.6491,2.508,428.3,1.079,54.64,0.7748,11.03,2.475e-05,0.2252,3.031,1.33,2.387,0.2103,9.275,0.4945,8.855
2022-04-07T09:11:14,43399.21,3216.69,115.29,0.254,18.19,69.7,20.16,107.5,6.646,178.61,0.7235,0.02546,0.007855,2.479,1.643,2.57,1.488,4.021,169.03,14.65,0.9556,1.616,0.6491,2.507,427.81,1.078,54.6,0.7747,11.02,2.473e-05,0.2251,3.03,1.328,2.386,0.2102,9.275,0.4941,8.845
2022-04-07T09:11:44,43383.26,3214.43,115.05,0.2528,18.21,69.6,20.14,107.45,6.647,178.38,0.7235,0.0254,0.007855,2.479,1.643,2.57,1.487,4.013,168.91,14.65,0.9556,1.609,0.6491,2.505,427.72,1.077,54.54,0.774,11,2.469e-05,0.2251,3.028,1.327,2.384,0.2101,9.254,0.4935,8.837
2022-04-07T09:12:14,43386.87,3215.18,115,0.253,18.18,69.6,20.13,107.42,6.649,178.45,0.7247,0.02538,0.007855,2.481,1.642,2.57,1.485,4.016,169.11,14.65,0.9556,1.607,0.6491,2.505,427.73,1.078,54.51,0.774,11.01,2.47e-05,0.2247,3.027,1.327,2.384,0.2101,9.243,0.4933,8.835
2022-04-07T09:12:44,43388.57,3214.39,115,0.2535,18.14,69.6,20.15,107.43,6.646,178.45,0.7247,0.02537,0.007855,2.482,1.642,2.57,1.485,4.013,169.04,14.65,0.9556,1.607,0.6491,2.507,427.96,1.078,54.53,0.7744,11.02,2.469e-05,0.2248,3.028,1.326,2.384,0.2101,9.248,0.4934,8.84
2022-04-07T09:13:14,43375.55,3212.37,114.86,0.2534,18.14,69.6,20.13,107.38,6.631,178.34,0.7225,0.02535,0.007855,2.475,1.643,2.57,1.485,4.007,168.96,14.73,0.9556,1.607,0.6491,2.504,427.69,1.077,54.43,0.7739,11.01,2.463e-05,0.2243,3.025,1.325,2.382,0.2101,9.245,0.4926,8.815
2022-04-07T09:13:44,43357.51,3211.81,114.91,0.2533,18.1,69.5,20.13,107.36,6.621,178.36,0.7219,0.02531,0.007848,2.475,1.642,2.56,1.484,4.01,168.93,14.73,0.9556,1.61,0.6491,2.503,427.52,1.076,54.39,0.7735,11.01,2.463e-05,0.2244,3.023,1.325,2.38,0.21,9.244,0.4929,8.813
2022-04-07T09:14:14,43344.73,3211.92,114.84,0.2533,18.1,69.5,20.12,107.33,6.606,178.26,0.7205,0.02529,0.007848,2.475,1.642,2.56,1.483,3.998,168.89,14.73,0.9556,1.61,0.6491,2.502,427.4,1.076,54.3,0.7729,11.01,2.462e-05,0.2243,3.022,1.323,2.379,0.21,9.22,0.4929,8.808
2022-04-07T09:14:44,43372.66,3212.15,115.06,0.2533,18.1,69.5,20.14,107.32,6.609,178.47,0.7198,0.02533,0.007848,2.477,1.642,2.56,1.486,4.009,168.93,14.73,0.9556,1.61,0.6491,2.505,427.82,1.077,54.35,0.7738,11.02,2.464e-05,0.2246,3.023,1.325,2.381,0.21,9.233,0.4929,8.818
2022-04-07T09:15:15,43364.33,3212.22,115.06,0.2532,18.1,69.4,20.15,107.36,6.608,178.49,0.7187,0.0254,0.007848,2.477,1.642,2.56,1.485,3.998,168.92,14.73,0.9556,1.606,0.6491,2.506,427.77,1.077,54.36,0.7739,11.01,2.464e-05,0.2246,3.024,1.325,2.381,0.2101,9.235,0.4929,8.83
2022-04-07T09:15:45,43346.05,3211.6,115.05,0.2525,18.09,69.5,20.14,107.33,6.602,178.39,0.7185,0.02527,0.007848,2.477,1.642,2.56,1.486,3.998,168.87,14.73,0.9556,1.607,0.6491,2.503,427.76,1.076,54.37,0.7732,11.01,2.463e-05,0.2246,3.023,1.324,2.381,0.21,9.23,0.4923,8.826
2022-04-07T09:16:15,43346.08,3208.46,114.9,0.2523,18.09,69.5,20.13,107.3,6.601,178.34,0.7197,0.02527,0.007848,2.477,1.642,2.56,1.485,3.991,168.84,14.73,0.9556,1.605,0.6491,2.503,427.47,1.076,54.29,0.773,11,2.461e-05,0.2241,3.021,1.324,2.38,0.21,9.226,0.4923,8.82
2022-04-07T09:16:45,43352.5,3210.87,114.99,0.2523,18.1,69.5,20.12,107.26,6.601,178.33,0.719,0.0253,0.007858,2.477,1.642,2.56,1.485,3.997,169.21,14.73,0.9556,1.605,0.6491,2.504,427.59,1.077,54.34,0.7737,11.02,2.46e-05,0.2244,3.022,1.325,2.381,0.21,9.23,0.4922,8.819
2022-04-07T09:17:15,43362.25,3210.82,114.99,0.2527,18.1,69.3,20.12,107.25,6.597,178.42,0.719,0.02526,0.007858,2.477,1.642,2.56,1.486,3.994,169.42,14.73,0.9549,1.598,0.6491,2.506,427.61,1.078,54.35,0.7742,11.02,2.462e-05,0.2244,3.023,1.326,2.382,0.21,9.235,0.4922,8.818
2022-04-07T09:17:45,43389,3211.66,115.03,0.2532,18.14,69.3,20.13,107.29,6.602,179.11,0.719,0.02536,0.007858,2.477,1.641,2.56,1.488,4.005,169.47,14.73,0.9549,1.6,0.6491,2.509,427.88,1.078,54.44,0.7748,11.02,2.464e-05,0.2249,3.025,1.328,2.383,0.2101,9.247,0.4925,8.828
2022-04-07T09:18:15,43383.03,3212.85,115.26,0.2531,18.14,69.3,20.14,107.31,6.601,179.09,0.7193,0.02533,0.007858,2.477,1.642,2.56,1.488,3.996,169.48,14.73,0.9549,1.599,0.6491,2.509,428.05,1.08,54.45,0.7749,11.06,2.464e-05,0.2248,3.026,1.329,2.384,0.2101,9.254,0.4933,8.815
2022-04-07T09:18:45,43385.05,3213.42,115.26,0.2529,18.15,69.5,20.14,107.35,6.598,179.44,0.7193,0.0253,0.007858,2.477,1.64,2.56,1.487,3.993,169.52,14.73,0.9549,1.598,0.6491,2.508,428.03,1.08,54.46,0.7751,11.06,2.464e-05,0.2248,3.027,1.329,2.385,0.2101,9.253,0.4932,8.813
2022-04-07T09:19:15,43387.71,3213.58,115.33,0.2536,18.15,69.5,20.14,107.33,6.604,179.33,0.7182,0.02537,0.007851,2.477,1.638,2.56,1.488,3.99,169.57,14.73,0.9549,1.599,0.6491,2.508,428.16,1.08,54.49,0.7751,11.06,2.464e-05,0.2248,3.027,1.329,2.385,0.2101,9.252,0.4932,8.813
2022-04-07T09:19:46,43392.36,3214.02,115.25,0.2538,18.15,69.5,20.14,107.21,6.619,179.3,0.7184,0.02534,0.007853,2.477,1.638,2.56,1.488,3.993,169.55,14.73,0.9553,1.599,0.6491,2.507,428.15,1.08,54.47,0.7752,11.06,2.465e-05,0.2249,3.027,1.329,2.387,0.2101,9.254,0.4933,8.813
2022-04-07T09:20:16,43376.18,3213.09,115.25,0.2539,18.14,69.6,20.15,107.12,6.626,179.17,0.7187,0.0253,0.007853,2.477,1.633,2.56,1.488,3.985,169.53,14.73,0.9553,1.599,0.6491,2.508,428.03,1.079,54.46,0.7752,11.06,2.464e-05,0.2248,3.026,1.329,2.386,0.2101,9.252,0.4929,8.826
2022-04-07T09:20:46,43379.16,3213.28,115.24,0.2535,18.14,69.4,20.13,106.95,6.615,179.04,0.7195,0.02533,0.007853,2.477,1.632,2.56,1.488,3.988,169.42,14.73,0.9553,1.598,0.6491,2.506,427.96,1.079,54.45,0.7752,11.05,2.464e-05,0.2248,3.025,1.329,2.385,0.2101,9.248,0.4925,8.836
2022-04-07T09:21:16,43382.81,3213.77,115.24,0.2538,18.14,69.4,20.14,106.92,6.616,179.21,0.7195,0.02533,0.007853,2.479,1.631,2.56,1.487,3.985,169.45,14.73,0.9549,1.598,0.6491,2.508,428.22,1.079,54.65,0.7754,11.05,2.464e-05,0.2247,3.028,1.33,2.386,0.21,9.256,0.4929,8.838
2022-04-07T09:21:46,43376.45,3212.08,115.05,0.2539,18.14,69.4,20.13,106.92,6.619,178.85,0.7195,0.02534,0.007853,2.48,1.632,2.56,1.487,3.987,169.43,14.73,0.9549,1.599,0.6491,2.508,428.05,1.076,54.65,0.7751,11.05,2.463e-05,0.2247,3.025,1.329,2.385,0.21,9.25,0.4928,8.844
2022-04-07T09:22:16,43366.83,3211.65,114.94,0.2529,18.15,69.4,20.12,106.82,6.613,178.82,0.7195,0.02534,0.007863,2.48,1.632,2.56,1.486,3.987,169.29,14.69,0.9549,1.597,0.6491,2.506,427.98,1.076,54.59,0.775,11.03,2.463e-05,0.2247,3.024,1.329,2.384,0.2099,9.245,0.4928,8.849
2022-04-07T09:22:46,43362.67,3210.18,114.78,0.2528,18.15,69.3,20.1,106.69,6.611,178.41,0.7182,0.02534,0.007863,2.48,1.632,2.56,1.485,3.97,168.99,14.69,0.9549,1.597,0.6491,2.505,427.6,1.075,54.38,0.7748,11.01,2.459e-05,0.2246,3.019,1.328,2.381,0.2098,9.229,0.4915,8.84
2022-04-07T09:23:17,43351.8,3209.92,114.57,0.252,18.15,69.4,20.08,106.6,6.593,178.29,0.7169,0.02531,0.007863,2.48,1.631,2.56,1.483,3.977,168.97,14.66,0.9549,1.599,0.6491,2.504,427.45,1.074,54.21,0.774,10.99,2.457e-05,0.2241,3.018,1.325,2.379,0.2096,9.224,0.4911,8.839
2022-04-07T09:23:47,43354.54,3209.28,114.65,0.2522,18.12,69.4,20.08,106.6,6.589,178.3,0.7169,0.02534,0.007863,2.48,1.631,2.56,1.482,3.975,169,14.66,0.9549,1.595,0.6491,2.5,427.39,1.074,54.23,0.7739,10.99,2.459e-05,0.2241,3.018,1.325,2.38,0.2096,9.224,0.491,8.839
2022-04-07T09:24:17,43359.38,3209.44,114.76,0.2528,18.12,69.4,20.09,106.58,6.591,178.42,0.717,0.02534,0.007863,2.48,1.63,2.56,1.483,3.975,169.05,14.66,0.954,1.595,0.6491,2.499,427.53,1.074,54.28,0.7742,10.99,2.459e-05,0.2243,3.021,1.326,2.381,0.2095,9.234,0.491,8.833
2022-04-07T09:24:47,43357.71,3210.07,114.76,0.253,18.12,69.4,20.11,106.6,6.591,178.47,0.7177,0.02533,0.007863,2.48,1.63,2.56,1.484,3.975,169.08,14.66,0.954,1.595,0.6491,2.5,427.59,1.074,54.27,0.7742,10.99,2.46e-05,0.2244,3.019,1.326,2.381,0.2096,9.237,0.491,8.839
2022-04-07T09:25:17,43360.71,3210.58,114.83,0.253,18.12,69.4,20.1,106.56,6.593,178.47,0.7177,0.02534,0.007838,2.48,1.628,2.56,1.484,3.97,169.02,14.66,0.9517,1.576,0.6491,2.502,427.74,1.075,54.29,0.7746,10.99,2.461e-05,0.2244,3.02,1.327,2.38,0.2096,9.24,0.4911,8.838
2022-04-07T09:25:47,43363.2,3210.65,114.79,0.2532,18.12,69.4,20.1,106.5,6.592,178.71,0.7177,0.02535,0.007844,2.48,1.626,2.56,1.485,3.973,169.1,14.66,0.9524,1.575,0.6491,2.503,427.9,1.076,54.32,0.7749,11,2.475e-05,0.2245,3.02,1.327,2.381,0.2097,9.242,0.4912,8.847
2022-04-07T09:26:18,43348.89,3209.79,114.75,0.2527,18.17,69.4,20.09,106.47,6.593,178.74,0.718,0.02535,0.007844,2.48,1.627,2.56,1.485,3.973,169.03,14.66,0.9524,1.575,0.6491,2.502,427.83,1.075,54.25,0.7744,11,2.469e-05,0.2245,3.018,1.327,2.38,0.2096,9.233,0.4909,8.842
2022-04-07T09:26:48,43344.83,3209.49,114.65,0.2523,18.1,69.4,20.08,106.4,6.594,178.46,0.718,0.02533,0.007844,2.48,1.627,2.56,1.483,3.97,168.82,14.66,0.9524,1.575,0.6491,2.501,427.56,1.074,54.16,0.7743,10.99,2.465e-05,0.2242,3.014,1.326,2.379,0.2095,9.23,0.4905,8.834
2022-04-07T09:27:18,43343.62,3208.87,114.48,0.2519,18.1,69,20.08,106.36,6.594,178.25,0.718,0.02535,0.007844,2.48,1.624,2.56,1.483,3.97,168.72,14.66,0.9515,1.575,0.6491,2.5,427.44,1.074,54.13,0.7739,10.99,2.465e-05,0.2242,3.012,1.325,2.377,0.2095,9.229,0.4899,8.828
2022-04-07T09:27:48,43337.03,3208.6,114.35,0.252,18.11,68.9,20.08,106.34,6.588,178.21,0.7187,0.02532,0.007844,2.48,1.627,2.56,1.482,3.967,168.54,14.66,0.9515,1.577,0.6491,2.498,427.24,1.073,54.06,0.7739,10.98,2.465e-05,0.2239,3.007,1.324,2.374,0.2094,9.192,0.4899,8.825
2022-04-07T09:28:18,43295.84,3205.14,114.25,0.2507,18.07,69,20.06,106.19,6.577,177.99,0.7188,0.02527,0.007842,2.48,1.624,2.56,1.477,3.954,168.43,14.76,0.95,1.575,0.6491,2.494,426.82,1.072,53.92,0.7736,10.94,2.46e-05,0.2235,3.003,1.323,2.37,0.2093,9.163,0.4888,8.816
2022-04-07T09:28:48,43328.35,3207,114.14,0.2514,18.13,68.9,20.07,106.18,6.581,177.89,0.7188,0.02528,0.007842,2.477,1.625,2.56,1.479,3.954,168.37,14.76,0.95,1.577,0.6491,2.498,427.1,1.071,53.97,0.7739,10.95,2.463e-05,0.2238,3.011,1.323,2.37,0.2093,9.159,0.4893,8.827
2022-04-07T09:29:18,43297.97,3205.25,114.21,0.2515,18.05,68.9,20.06,106.11,6.58,178,0.7188,0.02526,0.00783,2.477,1.626,2.56,1.479,3.954,168.5,14.76,0.9446,1.576,0.6491,2.497,426.76,1.071,53.98,0.7737,10.94,2.463e-05,0.2234,3.009,1.323,2.373,0.2093,9.156,0.4889,8.814
2022-04-07T09:29:48,43315.2,3206.79,114.31,0.2516,18.08,68.9,20.07,106.13,6.571,178.2,0.7188,0.02529,0.007824,2.477,1.624,2.56,1.479,3.954,168.54,14.76,0.9446,1.576,0.6491,2.499,426.94,1.071,54.01,0.7737,10.95,2.463e-05,0.2237,3.009,1.325,2.373,0.2093,9.142,0.4889,8.82
2022-04-07T09:30:19,43326.14,3207.28,114.3,0.2515,18.05,68.9,20.07,106.17,6.582,178.3,0.718,0.02529,0.007824,2.477,1.624,2.56,1.481,3.958,168.47,14.76,0.9446,1.576,0.6491,2.498,426.92,1.071,54.07,0.7737,10.95,2.463e-05,0.2235,3.009,1.325,2.373,0.2093,9.132,0.4894,8.82
2022-04-07T09:30:49,43325.32,3207.35,114.31,0.2519,18.05,68.9,20.06,106.18,6.583,178.32,0.7168,0.0253,0.007824,2.477,1.624,2.56,1.482,3.94,168.47,14.76,0.9446,1.576,0.6491,2.498,427.05,1.072,54.09,0.7737,10.95,2.462e-05,0.2235,3.009,1.325,2.372,0.2093,9.135,0.4895,8.816
2022-04-07T09:31:19,43330.1,3207.94,114.39,0.2519,18.09,68.9,20.05,106.18,6.587,178.32,0.7168,0.02531,0.007824,2.477,1.624,2.56,1.482,3.948,168.43,14.76,0.9446,1.576,0.6491,2.499,427.12,1.072,54.09,0.7739,10.97,2.462e-05,0.2238,3.009,1.325,2.374,0.2093,9.142,0.4896,8.811
2022-04-07T09:31:49,43335.52,3208.68,114.42,0.2519,18.09,68.9,20.05,106.14,6.588,178.29,0.7168,0.02531,0.007824,2.477,1.623,2.56,1.483,3.942,168.45,14.76,0.9446,1.574,0.6491,2.5,427.24,1.073,54.12,0.774,10.97,2.462e-05,0.2238,3.01,1.326,2.374,0.2094,9.147,0.4894,8.804
2022-04-07T09:32:20,43338.93,3208.84,114.37,0.252,18.13,68.9,20.04,106.1,6.579,178.23,0.717,0.0253,0.007824,2.477,1.624,2.56,1.482,3.96,168.41,14.76,0.9501,1.574,0.6491,2.5,427.23,1.073,54.12,0.7738,10.98,2.46e-05,0.2238,3.01,1.326,2.373,0.2093,9.153,0.4887,8.803
2022-04-07T09:32:50,43343.56,3209.04,114.42,0.2524,18.13,68.9,20.04,106.12,6.584,178.13,0.717,0.02532,0.007824,2.477,1.624,2.56,1.482,3.96,168.41,14.76,0.9501,1.574,0.6491,2.501,427.24,1.072,54.08,0.7738,10.97,2.46e-05,0.2238,3.01,1.326,2.373,0.2093,9.157,0.4887,8.807
2022-04-07T09:33:20,43351.2,3209.07,114.5,0.2524,18.13,68.8,20.05,106.19,6.598,178.17,0.7169,0.02533,0.007824,2.477,1.624,2.56,1.482,3.96,168.39,14.76,0.9515,1.573,0.6491,2.502,427.22,1.073,54.07,0.7737,10.97,2.46e-05,0.2238,3.01,1.327,2.374,0.2093,9.16,0.4894,8.807
2022-04-07T09:33:50,43350.87,3209.12,114.48,0.2524,18.05,68.8,20.07,106.21,6.601,177.92,0.7169,0.02531,0.007824,2.479,1.624,2.56,1.482,3.96,168.54,14.76,0.9515,1.577,0.6491,2.502,427.21,1.073,54.11,0.7738,10.97,2.459e-05,0.2238,3.012,1.327,2.374,0.2094,9.164,0.4894,8.801
2022-04-07T09:34:20,43353.12,3209.97,114.48,0.2524,18.05,68.8,20.08,106.24,6.601,177.98,0.7163,0.02532,0.007824,2.479,1.623,2.56,1.483,3.935,168.54,14.76,0.9515,1.583,0.6491,2.503,427.24,1.073,54.12,0.7737,10.97,2.459e-05,0.2241,3.011,1.327,2.375,0.2094,9.164,0.4897,8.795
2022-04-07T09:34:50,43351.35,3209.8,114.49,0.2524,18.05,68.8,20.08,106.4,6.599,178.18,0.7163,0.02532,0.007824,2.479,1.623,2.56,1.482,3.931,168.54,14.76,0.9515,1.579,0.6491,2.503,427.25,1.074,54.14,0.7737,10.97,2.459e-05,0.2241,3.013,1.327,2.375,0.2093,9.163,0.4899,8.8
2022-04-07T09:35:20,43354.44,3210.24,114.52,0.2522,18.05,68.8,20.07,106.48,6.599,178.25,0.7163,0.02532,0.007824,2.479,1.623,2.56,1.482,3.946,168.48,14.76,0.9515,1.583,0.6491,2.504,427.35,1.074,54.13,0.7736,10.96,2.459e-05,0.2241,3.014,1.327,2.376,0.2093,9.167,0.4899,8.787
2022-04-07T09:35:50,43354.45,3210.5,114.52,0.2524,18.05,69,20.07,106.45,6.599,178.08,0.7163,0.02532,0.007824,2.479,1.623,2.56,1.482,3.945,168.47,14.85,0.9515,1.586,0.6491,2.504,427.53,1.074,54.14,0.7741,10.96,2.459e-05,0.2241,3.014,1.328,2.376,0.2093,9.171,0.4899,8.787
2022-04-07T09:36:20,43357.26,3211.69,114.64,0.2528,18.07,68.9,20.08,106.45,6.597,178.19,0.7163,0.02542,0.007824,2.472,1.624,2.56,1.483,3.942,168.56,14.85,0.9515,1.587,0.6491,2.506,427.65,1.074,54.15,0.7745,10.98,2.462e-05,0.2243,3.016,1.328,2.377,0.2093,9.176,0.4899,8.787
2022-04-07T09:36:51,43375.56,3213.19,114.7,0.2532,18.1,69,20.1,106.6,6.59,178.33,0.7168,0.02546,0.007824,2.476,1.623,2.56,1.485,3.938,168.54,14.85,0.9564,1.586,0.6491,2.507,427.85,1.074,54.19,0.7747,11,2.464e-05,0.2245,3.018,1.33,2.379,0.2093,9.181,0.4905,8.792
2022-04-07T09:37:21,43379.57,3213.84,114.78,0.2531,18.09,69.1,20.1,106.71,6.598,178.27,0.7184,0.02541,0.007824,2.476,1.623,2.56,1.484,3.953,168.57,14.85,0.9564,1.586,0.6491,2.508,427.85,1.074,54.2,0.775,11,2.464e-05,0.2246,3.019,1.33,2.38,0.2094,9.187,0.4906,8.798
2022-04-07T09:37:51,43386.36,3214.01,114.79,0.253,18.09,69.1,20.12,106.76,6.606,178.3,0.717,0.02539,0.007824,2.476,1.623,2.56,1.485,3.942,168.62,14.85,0.9564,1.587,0.6491,2.508,427.9,1.075,54.19,0.7749,10.99,2.465e-05,0.2246,3.019,1.331,2.381,0.2094,9.196,0.4909,8.792
2022-04-07T09:38:21,43392.42,3214.71,114.8,0.253,18.09,69,20.12,106.79,6.606,178.33,0.717,0.02537,0.007824,2.476,1.623,2.56,1.487,3.942,168.64,14.87,0.9564,1.587,0.6491,2.51,428.18,1.075,54.22,0.775,11,2.467e-05,0.2246,3.021,1.333,2.382,0.2094,9.201,0.4909,8.793
2022-04-07T09:38:51,43385.28,3214,114.8,0.2529,18.09,69,20.12,106.73,6.606,178.03,0.717,0.02533,0.007824,2.476,1.624,2.56,1.485,3.948,168.56,14.87,0.9564,1.587,0.6491,2.509,428.14,1.075,54.2,0.775,11,2.466e-05,0.2246,3.021,1.332,2.381,0.2094,9.196,0.4909,8.794
2022-04-07T09:39:21,43373.51,3213.88,114.72,0.2527,18.09,69.1,20.11,106.64,6.606,177.69,0.7163,0.0253,0.007822,2.476,1.624,2.56,1.484,3.94,168.47,14.87,0.956,1.588,0.6491,2.509,427.86,1.075,54.17,0.7749,10.98,2.465e-05,0.2244,3.02,1.332,2.381,0.2093,9.187,0.4902,8.794
2022-04-07T09:39:51,43383.48,3218.64,114.77,0.2535,18.09,69.1,20.15,106.66,6.599,178.09,0.7163,0.02531,0.007806,2.479,1.625,2.56,1.486,3.95,168.81,14.87,0.956,1.587,0.6491,2.512,427.94,1.076,54.18,0.7753,10.99,2.466e-05,0.2244,3.021,1.333,2.384,0.2093,9.208,0.4902,8.804
2022-04-07T09:40:21,43453.57,3226.17,115.28,0.2544,18.09,69.2,20.17,106.79,6.612,178.83,0.7177,0.02542,0.007821,2.479,1.628,2.56,1.49,3.969,169.16,14.87,0.956,1.589,0.6491,2.519,428.18,1.08,54.31,0.7771,11.03,2.469e-05,0.2255,3.029,1.334,2.387,0.2098,9.225,0.4903,8.815
2022-04-07T09:40:52,43468.34,3228.07,115.38,0.2545,18.1,69.3,20.19,106.99,6.617,178.56,0.718,0.0255,0.007821,2.479,1.628,2.56,1.491,3.969,169.21,14.87,0.956,1.588,0.6491,2.524,429.3,1.08,54.4,0.7773,11.05,2.476e-05,0.2257,3.031,1.341,2.39,0.2101,9.243,0.4919,8.822
2022-04-07T09:41:22,43470.34,3227.41,115.37,0.2546,18.1,69.4,20.19,107.01,6.613,178.52,0.7204,0.02548,0.007821,2.479,1.628,2.56,1.492,3.969,169.2,14.8,0.956,1.588,0.6491,2.523,429.18,1.081,54.4,0.7772,11.04,2.477e-05,0.2257,3.03,1.341,2.389,0.21,9.244,0.4922,8.82
2022-04-07T09:41:52,43456.49,3226.91,115.36,0.2545,18.1,69.4,20.18,107,6.615,178.1,0.7204,0.02545,0.007821,2.479,1.628,2.56,1.492,3.961,169.12,14.8,0.956,1.588,0.6491,2.523,429.05,1.08,54.35,0.777,11.03,2.475e-05,0.2255,3.03,1.341,2.39,0.21,9.244,0.492,8.83
2022-04-07T09:42:22,43473.22,3229.18,115.33,0.2545,18.1,69.4,20.18,106.98,6.611,178.14,0.7204,0.02548,0.007821,2.479,1.628,2.56,1.492,3.961,169.24,14.8,0.956,1.588,0.6491,2.524,429.15,1.08,54.4,0.7766,11.03,2.476e-05,0.2259,3.031,1.343,2.392,0.2101,9.236,0.4923,8.835
2022-04-07T09:42:52,43478.31,3229.38,115.28,0.2545,18.11,69.2,20.19,106.93,6.616,178.07,0.7204,0.02554,0.007821,2.479,1.628,2.56,1.493,3.961,169.32,14.8,0.956,1.589,0.6491,2.524,429.17,1.08,54.41,0.7765,11.04,2.477e-05,0.2259,3.031,1.342,2.394,0.2101,9.237,0.4923,8.839
2022-04-07T09:43:22,43479,3229.46,115.31,0.2548,18.13,69.2,20.19,106.86,6.618,178.05,0.7204,0.02552,0.007824,2.479,1.628,2.56,1.492,3.97,169.32,14.8,0.956,1.589,0.6491,2.524,429.31,1.08,54.41,0.7764,11.03,2.478e-05,0.2257,3.032,1.342,2.394,0.2101,9.242,0.4921,8.848
2022-04-07T09:43:52,43472.75,3228.84,115.27,0.2549,18.13,69.4,20.2,106.85,6.623,177.99,0.7208,0.02553,0.007824,2.481,1.628,2.56,1.492,3.966,169.32,14.8,0.956,1.584,0.6491,2.524,429.71,1.08,54.4,0.7764,11.03,2.478e-05,0.2258,3.032,1.342,2.393,0.2101,9.247,0.4922,8.86
2022-04-07T09:44:22,43456.89,3226.66,115.25,0.2547,18.13,69.3,20.17,106.64,6.625,177.36,0.7208,0.02548,0.007824,2.481,1.628,2.56,1.489,3.966,169.05,14.79,0.956,1.584,0.6491,2.52,429.64,1.08,54.34,0.7761,11.04,2.476e-05,0.2258,3.03,1.34,2.391,0.2101,9.237,0.4916,8.869
2022-04-07T09:44:53,43448.3,3226.14,115.07,0.2543,18.13,69.3,20.15,106.56,6.62,177.5,0.7216,0.02543,0.007824,2.481,1.628,2.56,1.489,3.967,169.04,14.79,0.956,1.583,0.6491,2.52,429.41,1.078,54.31,0.7757,11.02,2.475e-05,0.2258,3.028,1.34,2.39,0.21,9.231,0.4917,8.852
2022-04-07T09:45:23,43459.66,3225.77,115.1,0.2549,18.13,69.3,20.17,106.7,6.618,177.76,0.7222,0.02546,0.007824,2.481,1.628,2.56,1.49,3.968,169.2,14.79,0.957,1.583,0.6491,2.522,429.45,1.079,54.32,0.7759,11.02,2.476e-05,0.2258,3.031,1.34,2.391,0.2101,9.22,0.4921,8.854
2022-04-07T09:45:53,43465.34,3228.75,115.29,0.2554,18.13,69.3,20.18,106.74,6.63,177.66,0.7216,0.02549,0.007823,2.481,1.628,2.56,1.491,3.966,169.18,14.79,0.957,1.588,0.6491,2.523,429.71,1.079,54.38,0.7762,11.02,2.477e-05,0.2256,3.031,1.34,2.392,0.2101,9.226,0.4921,8.856
2022-04-07T09:46:23,43460.51,3228.13,115.23,0.2554,18.18,69.3,20.17,106.71,6.622,177.62,0.7216,0.02547,0.007823,2.481,1.628,2.56,1.49,3.966,169.15,14.79,0.957,1.586,0.6491,2.522,429.7,1.079,54.36,0.776,11.05,2.477e-05,0.2256,3.031,1.34,2.392,0.2101,9.224,0.4921,8.858
2022-04-07T09:46:53,43420.57,3227.04,115.08,0.2554,18.18,69.3,20.13,106.58,6.618,177.2,0.7216,0.0254,0.007823,2.479,1.629,2.56,1.488,3.955,169.04,14.79,0.957,1.588,0.6491,2.517,429.62,1.079,54.36,0.7759,11.05,2.474e-05,0.2251,3.029,1.336,2.391,0.2099,9.215,0.4918,8.856
2022-04-07T09:47:23,43392.87,3224.96,115.01,0.2541,18.18,68.8,20.12,106.49,6.608,177.39,0.7216,0.02529,0.007823,2.479,1.628,2.56,1.487,3.953,168.98,14.78,0.957,1.584,0.6491,2.516,428.86,1.077,54.31,0.7757,11.02,2.472e-05,0.2249,3.023,1.336,2.387,0.2098,9.209,0.4917,8.854
2022-04-07T09:47:53,43395.34,3223.96,114.96,0.254,18.21,68.8,20.1,106.38,6.614,177.42,0.7216,0.02531,0.007823,2.479,1.628,2.56,1.485,3.953,168.71,14.78,0.9565,1.584,0.6491,2.514,428.87,1.077,54.29,0.7751,11.02,2.469e-05,0.2247,3.022,1.335,2.388,0.2098,9.195,0.4913,8.847
2022-04-07T09:48:23,43397.65,3224.29,114.98,0.254,18.21,68.8,20.11,106.34,6.613,177.52,0.7208,0.02531,0.007823,2.479,1.629,2.57,1.486,3.95,168.56,14.78,0.9565,1.584,0.6491,2.514,428.79,1.077,54.31,0.7751,11.01,2.469e-05,0.2249,3.023,1.335,2.388,0.2097,9.194,0.4909,8.841
2022-04-07T09:48:53,43394.3,3223.55,114.94,0.2538,18.21,68.9,20.12,106.3,6.611,177.5,0.721,0.02531,0.007823,2.479,1.629,2.57,1.486,3.954,168.58,14.77,0.9557,1.58,0.6491,2.513,428.78,1.077,54.31,0.775,11.01,2.469e-05,0.2249,3.024,1.335,2.388,0.2096,9.195,0.4909,8.846
2022-04-07T09:49:24,43385.67,3221.43,114.83,0.2538,18.19,69,20.11,106.24,6.627,177.45,0.721,0.02531,0.007812,2.479,1.628,2.57,1.484,3.944,168.56,14.77,0.9557,1.589,0.6491,2.512,428.61,1.076,54.3,0.7749,11.01,2.467e-05,0.2246,3.021,1.334,2.388,0.2096,9.196,0.4909,8.832
2022-04-07T09:49:54,43363.27,3221.25,114.86,0.2539,18.19,69,20.11,106.32,6.621,177.41,0.7209,0.02531,0.007812,2.474,1.628,2.57,1.485,3.947,168.57,14.77,0.9557,1.586,0.6491,2.512,428.41,1.076,54.3,0.7747,10.99,2.467e-05,0.2246,3.021,1.334,2.387,0.2095,9.194,0.4906,8.823
2022-04-07T09:50:24,43373.15,3221.44,114.89,0.254,18.2,69,20.11,106.47,6.622,177.45,0.7209,0.02531,0.007812,2.474,1.628,2.57,1.486,3.952,168.61,14.77,0.9557,1.586,0.6491,2.513,428.53,1.077,54.28,0.7747,10.99,2.468e-05,0.2246,3.021,1.334,2.388,0.2095,9.192,0.4908,8.819
2022-04-07T09:50:54,43368.05,3220.47,114.82,0.2538,18.2,69,20.1,106.43,6.626,177.35,0.7209,0.02535,0.007812,2.474,1.629,2.57,1.485,3.954,168.6,14.77,0.9557,1.586,0.6491,2.512,428.56,1.076,54.27,0.7746,11,2.466e-05,0.2246,3.021,1.333,2.387,0.2094,9.194,0.4909,8.819
2022-04-07T09:51:24,43384.62,3220.84,114.98,0.2543,18.2,69,20.11,106.5,6.626,177.57,0.7208,0.02544,0.007812,2.474,1.63,2.57,1.486,3.96,168.68,14.77,0.9557,1.586,0.6491,2.515,428.78,1.077,54.32,0.7746,11.02,2.468e-05,0.2248,3.021,1.334,2.388,0.2095,9.203,0.491,8.827
2022-04-07T09:51:54,43368.34,3219.71,114.94,0.2544,18.2,69,20.11,106.53,6.623,177.64,0.721,0.02541,0.007812,2.474,1.632,2.57,1.486,3.964,168.62,14.77,0.9557,1.586,0.6491,2.514,428.66,1.077,54.34,0.7744,11.02,2.467e-05,0.2247,3.021,1.333,2.389,0.2094,9.2,0.4907,8.827
2022-04-07T09:52:24,43374.39,3220.35,115.03,0.2546,18.2,69,20.12,106.54,6.623,177.81,0.7209,0.0254,0.007812,2.474,1.632,2.57,1.487,3.962,168.66,14.77,0.9557,1.588,0.6491,2.513,428.95,1.077,54.37,0.7746,11.02,2.468e-05,0.2247,3.023,1.335,2.389,0.2094,9.202,0.491,8.828
2022-04-07T09:52:54,43383,3220.29,114.97,0.2541,18.19,68.9,20.12,106.48,6.623,177.49,0.7211,0.02543,0.007812,2.474,1.632,2.57,1.486,3.965,168.64,14.77,0.9557,1.586,0.6491,2.512,429.03,1.078,54.36,0.7745,11.03,2.469e-05,0.2248,3.023,1.335,2.389,0.2094,9.205,0.491,8.828
2022-04-07T09:53:24,43366.62,3218.73,114.85,0.2539,18.19,68.9,20.11,106.48,6.622,177.43,0.7192,0.02546,0.007812,2.474,1.632,2.57,1.485,3.958,168.62,14.77,0.9557,1.585,0.6491,2.512,428.87,1.077,54.34,0.7743,11.02,2.467e-05,0.2248,3.021,1.335,2.388,0.2093,9.207,0.4908,8.819
2022-04-07T09:53:55,43377.7,3218.59,114.87,0.2542,18.19,68.9,20.11,106.4,6.625,177.43,0.7188,0.02545,0.007811,2.478,1.632,2.57,1.486,3.958,168.69,14.77,0.9557,1.584,0.6491,2.512,429.06,1.077,54.35,0.7742,11.02,2.467e-05,0.2248,3.022,1.335,2.387,0.2093,9.213,0.4911,8.819
2022-04-07T09:54:25,43372.96,3219.17,114.88,0.2541,18.19,68.9,20.11,106.47,6.627,177.41,0.7184,0.02546,0.007808,2.478,1.632,2.57,1.487,3.958,168.68,14.77,0.9557,1.587,0.6491,2.513,429.07,1.077,54.36,0.7742,11.03,2.468e-05,0.2247,3.022,1.335,2.387,0.2093,9.214,0.4912,8.824
2022-04-07T09:54:55,43372.69,3219.26,114.9,0.2542,18.17,68.9,20.12,106.47,6.622,177.36,0.7184,0.02545,0.007808,2.478,1.632,2.57,1.487,3.968,168.7,14.77,0.9557,1.587,0.6491,2.513,429.1,1.077,54.37,0.7743,11.04,2.468e-05,0.2247,3.023,1.336,2.388,0.2093,9.219,0.4911,8.824
2022-04-07T09:55:25,43372.8,3220.52,114.95,0.2543,18.19,68.9,20.13,106.54,6.62,177.46,0.7184,0.02547,0.007795,2.478,1.632,2.57,1.487,3.969,168.69,14.77,0.9557,1.587,0.6491,2.513,429.12,1.077,54.36,0.7744,11.04,2.468e-05,0.2247,3.022,1.336,2.388,0.2094,9.22,0.4912,8.827
2022-04-07T09:55:55,43365.31,3220.1,114.87,0.2538,18.19,68.9,20.12,106.56,6.615,177.35,0.7184,0.02548,0.007795,2.478,1.632,2.57,1.487,3.967,168.62,14.77,0.9557,1.599,0.6491,2.512,429.1,1.077,54.36,0.7741,11.04,2.468e-05,0.2247,3.022,1.335,2.387,0.2093,9.211,0.4907,8.825
2022-04-07T09:56:25,43377.47,3220.44,114.95,0.2543,18.19,69,20.11,106.6,6.621,177.5,0.7184,0.02546,0.007795,2.478,1.633,2.57,1.487,3.97,168.67,14.77,0.9557,1.595,0.6491,2.512,429.11,1.077,54.4,0.7743,11.03,2.47e-05,0.2246,3.024,1.336,2.389,0.2094,9.186,0.4907,8.819
2022-04-07T09:56:55,43379.33,3220.97,115.01,0.2544,18.19,68.9,20.12,106.61,6.615,177.51,0.7184,0.02544,0.007795,2.478,1.633,2.57,1.488,3.971,168.71,14.77,0.9557,1.595,0.6491,2.513,429.09,1.077,54.4,0.7744,11.04,2.472e-05,0.2246,3.024,1.337,2.389,0.2094,9.176,0.4908,8.82
2022-04-07T09:57:25,43390.4,3222.16,115.11,0.2547,18.19,68.9,20.13,106.63,6.61,177.57,0.718,0.02547,0.007795,2.478,1.633,2.57,1.488,3.976,168.78,14.77,0.9557,1.589,0.6491,2.516,429.54,1.079,54.43,0.7746,11.04,2.474e-05,0.2246,3.027,1.338,2.39,0.2094,9.169,0.4912,8.825
2022-04-07T09:57:55,43392.52,3223.41,115.12,0.2548,18.19,69,20.14,106.64,6.608,177.6,0.718,0.02549,0.0078,2.478,1.634,2.57,1.488,3.981,168.78,14.77,0.9557,1.586,0.6491,2.516,429.6,1.078,54.45,0.7748,11.04,2.476e-05,0.2246,3.027,1.338,2.392,0.2095,9.169,0.492,8.826
2022-04-07T09:58:26,43416.87,3224.72,115.3,0.255,18.2,69,20.15,106.65,6.611,177.66,0.718,0.02551,0.0078,2.479,1.634,2.57,1.489,3.986,168.78,14.77,0.9551,1.585,0.6491,2.517,429.68,1.08,54.47,0.7749,11.05,2.477e-05,0.2252,3.029,1.34,2.393,0.2096,9.179,0.4921,8.834
2022-04-07T09:58:56,43440.76,3225.91,115.35,0.2549,18.2,69,20.16,106.71,6.618,177.63,0.7165,0.02555,0.0078,2.479,1.635,2.57,1.489,3.99,168.92,14.77,0.9551,1.585,0.6491,2.517,430.1,1.081,54.49,0.7751,11.07,2.476e-05,0.2253,3.03,1.34,2.394,0.2097,9.181,0.4918,8.836
2022-04-07T09:59:26,43451.02,3227.06,115.31,0.2549,18.19,69,20.16,106.72,6.628,177.88,0.7163,0.02552,0.0078,2.478,1.636,2.57,1.489,3.99,168.96,14.77,0.9558,1.585,0.6491,2.52,430.19,1.081,54.52,0.7754,11.08,2.478e-05,0.2257,3.033,1.34,2.396,0.2098,9.191,0.4918,8.845
2022-04-07T09:59:56,43454.91,3227.28,115.43,0.2549,18.19,69,20.17,106.72,6.623,177.81,0.7163,0.0255,0.007812,2.478,1.636,2.57,1.489,3.99,168.97,14.77,0.9558,1.58,0.6491,2.518,430.18,1.082,54.49,0.7753,11.08,2.478e-05,0.2254,3.032,1.34,2.395,0.2097,9.198,0.4923,8.839
2022-04-07T10:00:26,43452.77,3227.17,115.35,0.2553,18.19,69,20.17,106.68,6.627,177.72,0.7163,0.02553,0.007812,2.478,1.636,2.57,1.489,3.994,169.02,14.77,0.9558,1.58,0.6491,2.519,430.3,1.081,54.46,0.775,11.08,2.478e-05,0.2254,3.032,1.34,2.395,0.2097,9.213,0.4921,8.845
2022-04-07T10:00:56,43453.71,3227.91,115.34,0.2554,18.19,69.3,20.17,106.67,6.616,177.6,0.7163,0.02553,0.007812,2.478,1.636,2.57,1.487,3.995,169.02,14.77,0.9558,1.58,0.6491,2.518,430.46,1.081,54.43,0.775,11.08,2.478e-05,0.2254,3.032,1.34,2.396,0.2097,9.217,0.4925,8.845
2022-04-07T10:01:26,43431.37,3226.27,115.08,0.2548,18.19,69.3,20.16,106.6,6.605,177.13,0.7161,0.02547,0.007812,2.478,1.635,2.57,1.486,3.989,168.84,14.77,0.9558,1.579,0.6491,2.515,430.27,1.079,54.35,0.7741,11.05,2.476e-05,0.2254,3.029,1.338,2.394,0.2095,9.215,0.4921,8.84
2022-04-07T10:01:56,43429.75,3226.6,115.12,0.2547,18.21,69.2,20.15,106.53,6.596,177.09,0.7161,0.02546,0.007812,2.478,1.635,2.57,1.486,3.99,168.86,14.77,0.9558,1.579,0.6491,2.514,430.25,1.079,54.33,0.7742,11.05,2.476e-05,0.2252,3.029,1.337,2.393,0.2095,9.206,0.4921,8.839
2022-04-07T10:02:27,43440.25,3227.16,115.18,0.2549,18.21,69.2,20.17,106.48,6.601,177.17,0.7161,0.02545,0.007801,2.478,1.635,2.57,1.486,3.99,168.85,14.76,0.9558,1.579,0.6491,2.516,430.21,1.079,54.34,0.7745,11.04,2.477e-05,0.2252,3.03,1.337,2.392,0.2096,9.209,0.4924,8.833
2022-04-07T10:02:57,43445.96,3227.34,115.14,0.2555,18.21,69.3,20.17,106.45,6.6,177.19,0.7161,0.02546,0.007801,2.478,1.635,2.57,1.485,3.994,168.95,14.76,0.9558,1.579,0.6491,2.516,430.33,1.08,54.4,0.7746,11.04,2.478e-05,0.2252,3.031,1.337,2.393,0.2096,9.208,0.4927,8.834
2022-04-07T10:03:27,43436.54,3225.47,115.13,0.2554,18.21,69.3,20.17,106.41,6.603,177.03,0.716,0.02544,0.007801,2.478,1.635,2.57,1.484,3.997,168.84,14.76,0.9558,1.579,0.6491,2.513,430.23,1.079,54.36,0.7744,11.04,2.475e-05,0.2254,3.031,1.337,2.392,0.2095,9.21,0.4924,8.856
2022-04-07T10:03:57,43455.25,3225.96,115.15,0.2556,18.21,69.3,20.17,106.29,6.611,177.02,0.716,0.02545,0.007801,2.479,1.635,2.57,1.484,3.998,168.91,14.76,0.9596,1.577,0.6491,2.514,430.26,1.08,54.34,0.7745,11.03,2.476e-05,0.225,3.03,1.337,2.391,0.2096,9.211,0.4925,8.863
2022-04-07T10:04:27,43474.5,3226.7,115.2,0.2562,18.21,69.3,20.18,106.36,6.613,177.11,0.7161,0.02548,0.007801,2.479,1.636,2.57,1.485,4.007,168.96,14.76,0.9596,1.58,0.6491,2.515,430.34,1.08,54.35,0.7747,11.04,2.477e-05,0.2255,3.031,1.337,2.392,0.2096,9.214,0.4923,8.861
2022-04-07T10:04:57,43448.76,3227.04,115.19,0.256,18.21,69.3,20.18,106.3,6.609,177.12,0.7157,0.02548,0.007801,2.479,1.636,2.57,1.485,4.012,168.92,14.76,0.9596,1.577,0.6491,2.515,430.49,1.08,54.35,0.7746,11.04,2.475e-05,0.2255,3.031,1.337,2.392,0.2097,9.21,0.4923,8.866
2022-04-07T10:05:27,43416.04,3225.71,115.14,0.2556,18.21,69.2,20.15,106.2,6.603,176.66,0.7151,0.02539,0.007818,2.476,1.636,2.57,1.483,4.007,168.67,14.85,0.9596,1.577,0.6491,2.507,430,1.078,54.25,0.7738,11.01,2.471e-05,0.2247,3.029,1.336,2.39,0.2093,9.199,0.4915,8.86
2022-04-07T10:05:58,43422.2,3225.39,115.02,0.2554,18.2,69.2,20.14,106.17,6.599,176.62,0.7151,0.02537,0.007802,2.476,1.636,2.57,1.483,4.013,168.64,14.85,0.9627,1.577,0.6491,2.511,429.87,1.078,54.25,0.7736,11.01,2.472e-05,0.2251,3.027,1.335,2.389,0.2093,9.194,0.4916,8.858
2022-04-07T10:06:28,43423.26,3225.93,115.07,0.2555,18.21,69.1,20.15,106.2,6.605,176.93,0.7151,0.02539,0.007802,2.476,1.638,2.57,1.484,4.012,168.55,14.76,0.9627,1.578,0.6491,2.514,430.15,1.078,54.26,0.774,11.03,2.473e-05,0.2251,3.028,1.336,2.389,0.2094,9.198,0.4921,8.864
2022-04-07T10:06:58,43423.18,3226.04,115.08,0.2562,18.21,69.1,20.17,106.17,6.601,176.8,0.7151,0.02539,0.007802,2.476,1.637,2.57,1.483,4.023,168.53,14.76,0.9627,1.58,0.6491,2.514,430.23,1.078,54.27,0.7739,11.03,2.473e-05,0.2252,3.028,1.336,2.39,0.2095,9.199,0.4918,8.867
2022-04-07T10:07:28,43425.39,3226.03,115.1,0.2563,18.21,69.1,20.18,106.16,6.608,176.77,0.7148,0.0254,0.007802,2.476,1.637,2.57,1.483,4.014,168.54,14.76,0.9627,1.58,0.6491,2.515,430.4,1.079,54.26,0.7739,11.03,2.473e-05,0.2252,3.029,1.336,2.389,0.2095,9.201,0.4919,8.86
2022-04-07T10:07:58,43425.76,3226.06,115.2,0.2572,18.2,69.1,20.18,106.15,6.609,176.75,0.7148,0.02539,0.007802,2.476,1.637,2.57,1.484,4.019,168.52,14.76,0.9627,1.58,0.6491,2.516,430.51,1.078,54.26,0.7738,11.03,2.473e-05,0.2251,3.03,1.336,2.39,0.2096,9.206,0.4919,8.86
2022-04-07T10:08:28,43435.16,3226.39,115.27,0.2575,18.21,69.2,20.18,106.19,6.607,176.86,0.7151,0.02537,0.007802,2.476,1.637,2.57,1.486,4.019,168.51,14.76,0.9627,1.577,0.6491,2.516,430.57,1.078,54.32,0.7741,11.03,2.475e-05,0.2251,3.032,1.337,2.392,0.2096,9.213,0.4925,8.868
2022-04-07T10:08:58,43437.05,3227.52,115.18,0.2576,18.21,69.2,20.18,106.16,6.605,176.76,0.7151,0.0254,0.007816,2.476,1.636,2.57,1.485,4.019,168.5,14.76,0.9582,1.579,0.6491,2.516,430.56,1.079,54.39,0.7742,11.03,2.475e-05,0.2251,3.031,1.337,2.392,0.2096,9.207,0.4924,8.868
2022-04-07T10:09:28,43441.28,3227.72,115.21,0.2574,18.21,69.2,20.19,106.25,6.607,176.78,0.7158,0.02543,0.007816,2.476,1.637,2.57,1.485,4.023,168.52,14.76,0.9588,1.579,0.6491,2.517,430.93,1.079,54.4,0.7746,11.03,2.476e-05,0.2251,3.032,1.337,2.393,0.2096,9.213,0.493,8.861
2022-04-07T10:09:58,43442.98,3227.41,115.13,0.2574,18.21,69.2,20.19,106.23,6.606,176.8,0.7161,0.02542,0.007816,2.478,1.638,2.57,1.485,4.024,168.48,14.76,0.9588,1.58,0.6491,2.517,430.74,1.079,54.41,0.7746,11.05,2.477e-05,0.2251,3.031,1.337,2.392,0.2097,9.211,0.4928,8.866
2022-04-07T10:10:29,43438.38,3227.25,115.06,0.2572,18.21,69.2,20.19,106.22,6.606,176.8,0.7161,0.02542,0.007816,2.478,1.638,2.57,1.486,4.025,168.47,14.76,0.9588,1.579,0.6491,2.516,430.61,1.079,54.4,0.7747,11.02,2.477e-05,0.2251,3.032,1.337,2.391,0.2097,9.218,0.4925,8.865
2022-04-07T10:10:59,43440.72,3227.66,115.07,0.2574,18.21,69.4,20.18,106.19,6.607,176.76,0.7161,0.02543,0.007816,2.478,1.638,2.57,1.486,4.021,168.44,14.76,0.9588,1.58,0.6491,2.516,430.67,1.079,54.45,0.7747,11.01,2.477e-05,0.2251,3.032,1.337,2.391,0.2097,9.219,0.4928,8.861
2022-04-07T10:11:29,43454.33,3229.03,115.1,0.2574,18.21,69.4,20.19,106.18,6.611,176.8,0.7161,0.02546,0.007821,2.478,1.637,2.57,1.485,4.021,168.44,14.76,0.961,1.582,0.6491,2.517,431,1.079,54.51,0.775,11.01,2.477e-05,0.2251,3.033,1.337,2.392,0.2098,9.225,0.493,8.862
2022-04-07T10:11:59,43456.3,3228.03,115.09,0.2572,18.21,69.4,20.19,106.14,6.611,176.75,0.7161,0.02546,0.007821,2.478,1.637,2.57,1.486,4.022,168.41,14.76,0.961,1.579,0.6491,2.517,430.96,1.079,54.53,0.7749,11.01,2.478e-05,0.2251,3.032,1.338,2.392,0.2098,9.228,0.4929,8.862
2022-04-07T10:12:29,43467.72,3228.19,115.17,0.2572,18.24,69.4,20.19,106.1,6.61,176.77,0.7172,0.02547,0.007821,2.478,1.637,2.57,1.486,4.031,168.4,14.76,0.961,1.579,0.6491,2.517,430.98,1.079,54.55,0.7751,11.01,2.478e-05,0.2254,3.032,1.338,2.393,0.2098,9.227,0.493,8.867
2022-04-07T10:12:59,43464.1,3228.71,115.11,0.2571,18.24,69.4,20.19,106.04,6.61,176.79,0.7173,0.02552,0.007821,2.474,1.637,2.57,1.487,4.031,168.42,14.76,0.961,1.579,0.6491,2.517,431.18,1.079,54.56,0.7751,11.02,2.479e-05,0.2255,3.033,1.339,2.393,0.2098,9.228,0.4931,8.867
2022-04-07T10:13:29,43450.74,3228.02,115.03,0.2559,18.24,69.3,20.19,105.98,6.609,176.75,0.7172,0.02549,0.007821,2.474,1.638,2.57,1.486,4.031,168.08,14.8,0.961,1.579,0.6491,2.516,431.04,1.078,54.51,0.7747,11.01,2.478e-05,0.2252,3.03,1.337,2.392,0.2098,9.217,0.4931,8.867
2022-04-07T10:13:59,43434.92,3228.74,115.02,0.256,18.24,69.3,20.19,105.95,6.608,176.41,0.7179,0.02546,0.007818,2.474,1.638,2.57,1.485,4.029,168.04,14.8,0.961,1.589,0.6491,2.515,431.08,1.079,54.5,0.7748,11.02,2.476e-05,0.2252,3.031,1.338,2.393,0.2098,9.214,0.4927,8.867
2022-04-07T10:14:29,43437.79,3228.13,114.99,0.256,18.23,69.3,20.18,105.87,6.608,176.47,0.718,0.02547,0.007818,2.474,1.638,2.57,1.485,4.027,168.03,14.77,0.96,1.591,0.6491,2.516,431.11,1.079,54.5,0.7748,11.02,2.477e-05,0.2253,3.031,1.338,2.392,0.2098,9.219,0.4926,8.865
2022-04-07T10:15:00,43448.16,3229.27,115.08,0.2568,18.24,69.4,20.18,105.9,6.608,176.51,0.718,0.02549,0.007818,2.476,1.638,2.57,1.485,4.033,168.18,14.77,0.96,1.591,0.6491,2.517,430.98,1.079,54.53,0.7749,11.01,2.477e-05,0.2255,3.032,1.337,2.393,0.2098,9.222,0.4926,8.861
2022-04-07T10:15:30,43460.6,3229.82,115.1,0.2571,18.24,69.3,20.19,105.98,6.606,176.46,0.7173,0.02549,0.007789,2.476,1.638,2.57,1.485,4.034,168.1,14.77,0.96,1.591,0.6491,2.517,431,1.08,54.56,0.7755,11.01,2.478e-05,0.2255,3.033,1.338,2.393,0.21,9.223,0.4924,8.855
2022-04-07T10:16:01,43457.48,3229.4,115.04,0.2568,18.27,69.3,20.18,105.97,6.606,176.43,0.7173,0.02548,0.007798,2.476,1.64,2.57,1.485,4.034,168.05,14.76,0.96,1.584,0.6491,2.516,430.89,1.08,54.53,0.7753,11.01,2.477e-05,0.2256,3.032,1.337,2.393,0.2101,9.227,0.4921,8.852
2022-04-07T10:16:31,43455.91,3228.85,114.95,0.2568,18.22,69.3,20.17,105.92,6.603,176.49,0.7173,0.02549,0.007798,2.476,1.637,2.57,1.485,4.036,168.07,14.79,0.96,1.584,0.6491,2.517,430.77,1.08,54.52,0.7752,11.01,2.476e-05,0.2256,3.031,1.337,2.393,0.21,9.228,0.492,8.851
2022-04-07T10:17:02,43464.19,3229.83,115.03,0.2573,18.22,69.3,20.17,105.85,6.6,176.77,0.7167,0.02549,0.007798,2.476,1.635,2.57,1.485,4.039,168.18,14.79,0.96,1.587,0.6491,2.517,430.9,1.08,54.52,0.7753,11.01,2.476e-05,0.2256,3.033,1.338,2.393,0.2101,9.23,0.4919,8.856
2022-04-07T10:17:32,43451.72,3229.59,114.95,0.2569,18.27,69.3,20.17,105.74,6.602,176.55,0.7167,0.0255,0.007798,2.471,1.636,2.57,1.485,4.039,168.13,14.79,0.96,1.587,0.6491,2.516,430.67,1.08,54.52,0.7752,10.99,2.475e-05,0.2256,3.033,1.338,2.394,0.21,9.225,0.4919,8.858
2022-04-07T10:18:02,43451.34,3228.41,114.88,0.257,18.27,69.3,20.17,105.71,6.589,176.46,0.7164,0.02548,0.007798,2.471,1.634,2.57,1.484,4.039,168.15,14.79,0.9595,1.587,0.6491,2.517,430.74,1.079,54.55,0.7752,10.99,2.476e-05,0.2257,3.032,1.338,2.393,0.2101,9.222,0.492,8.837
2022-04-07T10:18:32,43443.26,3228.44,114.89,0.2568,18.27,69.3,20.17,105.7,6.576,176.38,0.7164,0.02546,0.007798,2.468,1.634,2.57,1.485,4.04,168.07,14.79,0.9595,1.592,0.6491,2.516,430.6,1.08,54.53,0.7752,10.97,2.476e-05,0.2258,3.029,1.338,2.391,0.21,9.208,0.4919,8.816
2022-04-07T10:19:02,43415.41,3225.12,114.72,0.2562,18.27,69.4,20.16,105.52,6.563,175.97,0.7164,0.02542,0.007799,2.469,1.637,2.57,1.482,4.036,167.91,14.79,0.9595,1.592,0.6491,2.51,429.79,1.078,54.47,0.7748,10.97,2.471e-05,0.2256,3.025,1.335,2.388,0.2099,9.196,0.4913,8.818
2022-04-07T10:19:32,43411.13,3224.73,114.63,0.256,18.27,69.4,20.14,105.4,6.552,175.97,0.7164,0.0254,0.007799,2.469,1.637,2.57,1.482,4.04,167.82,14.79,0.9595,1.592,0.6491,2.51,429.81,1.077,54.36,0.7747,10.97,2.471e-05,0.2253,3.024,1.334,2.386,0.2098,9.196,0.4909,8.815
2022-04-07T10:20:02,43405.97,3224.45,114.61,0.2555,18.25,69.4,20.13,105.25,6.547,175.96,0.7164,0.02536,0.007799,2.469,1.637,2.57,1.482,4.038,167.81,14.79,0.9595,1.593,0.6491,2.508,429.78,1.076,54.33,0.7745,10.95,2.47e-05,0.2254,3.025,1.334,2.387,0.2098,9.185,0.4907,8.815
2022-04-07T10:20:32,43402.56,3223.25,114.59,0.2557,18.25,69.1,20.13,105.29,6.544,175.95,0.7168,0.02531,0.007799,2.464,1.636,2.57,1.48,4.037,167.81,14.79,0.9595,1.59,0.6491,2.508,429.78,1.076,54.29,0.7747,10.96,2.47e-05,0.2254,3.025,1.333,2.386,0.2097,9.182,0.491,8.815
2022-04-07T10:21:02,43400.64,3223.5,114.6,0.2558,18.25,69.1,20.13,105.34,6.545,175.85,0.717,0.02536,0.007799,2.464,1.636,2.57,1.478,4.036,167.77,14.79,0.9595,1.589,0.6491,2.507,429.61,1.077,54.25,0.7747,10.94,2.469e-05,0.2253,3.024,1.332,2.384,0.2098,9.175,0.4911,8.815
2022-04-07T10:21:33,43401.72,3223.56,114.62,0.2558,18.25,69.1,20.14,105.37,6.543,175.93,0.717,0.02535,0.007796,2.464,1.634,2.57,1.48,4.038,167.78,14.79,0.9595,1.589,0.6491,2.51,429.64,1.077,54.24,0.7747,10.93,2.47e-05,0.2253,3.025,1.333,2.385,0.2098,9.178,0.4911,8.815
2022-04-07T10:22:03,43412.46,3226.08,114.65,0.2564,18.23,69.1,20.15,105.47,6.545,175.98,0.7174,0.02539,0.007796,2.464,1.635,2.57,1.48,4.038,167.87,14.79,0.9601,1.589,0.6491,2.51,429.74,1.077,54.3,0.7752,10.94,2.472e-05,0.2253,3.026,1.334,2.386,0.2098,9.18,0.4911,8.816
2022-04-07T10:22:33,43410.93,3226.04,114.82,0.2565,18.23,69.2,20.15,105.5,6.547,176.03,0.7174,0.02538,0.007774,2.464,1.635,2.57,1.481,4.044,167.94,14.79,0.9601,1.589,0.6491,2.51,429.69,1.079,54.32,0.7752,10.94,2.471e-05,0.2253,3.026,1.334,2.384,0.2101,9.185,0.4911,8.816
2022-04-07T10:23:03,43421.72,3226.46,114.83,0.2563,18.25,69.2,20.17,105.52,6.552,176.08,0.7174,0.02538,0.007774,2.469,1.635,2.57,1.481,4.043,167.94,14.79,0.9601,1.589,0.6491,2.511,429.9,1.079,54.35,0.7753,10.94,2.472e-05,0.2253,3.028,1.335,2.385,0.2101,9.188,0.4914,8.813
2022-04-07T10:23:33,43422.14,3225.63,114.75,0.2558,18.25,69.2,20.17,105.43,6.557,175.96,0.7175,0.02538,0.007774,2.469,1.634,2.57,1.481,4.043,167.94,14.79,0.9634,1.59,0.6491,2.511,429.72,1.078,54.48,0.775,10.94,2.471e-05,0.2253,3.026,1.334,2.383,0.2101,9.185,0.4916,8.817
2022-04-07T10:24:03,43430.95,3226.86,114.86,0.2559,18.27,69.2,20.18,105.34,6.555,176,0.7183,0.02537,0.007774,2.467,1.635,2.56,1.48,4.046,167.99,14.79,0.9634,1.59,0.6491,2.513,429.85,1.079,54.49,0.775,10.94,2.472e-05,0.2256,3.028,1.334,2.384,0.2101,9.188,0.4917,8.818
2022-04-07T10:24:33,43421.75,3226.84,114.95,0.2561,18.27,69.5,20.19,105.33,6.555,175.95,0.7188,0.02538,0.007774,2.467,1.633,2.56,1.481,4.043,167.99,14.79,0.9634,1.59,0.6491,2.514,429.93,1.079,54.52,0.7751,10.95,2.472e-05,0.2257,3.028,1.335,2.384,0.2102,9.189,0.4918,8.818
2022-04-07T10:25:03,43424.62,3227.38,115.07,0.2561,18.27,69.4,20.19,105.34,6.551,176.06,0.7188,0.02537,0.007774,2.467,1.633,2.56,1.482,4.044,168.04,14.79,0.9634,1.59,0.6491,2.516,430.21,1.08,54.58,0.7755,10.96,2.472e-05,0.2259,3.028,1.335,2.385,0.2103,9.189,0.4918,8.812
2022-04-07T10:25:34,43427.23,3227.89,115.06,0.2561,18.27,69.3,20.19,105.37,6.554,175.97,0.7188,0.02537,0.007816,2.467,1.633,2.56,1.482,4.044,168.02,14.79,0.9634,1.59,0.6491,2.516,430.2,1.08,54.59,0.7755,10.96,2.473e-05,0.2259,3.028,1.335,2.385,0.2104,9.194,0.492,8.819
2022-04-07T10:26:04,43426.27,3227.46,114.98,0.2558,18.25,69.3,20.18,105.36,6.556,176.02,0.7194,0.02537,0.007816,2.467,1.633,2.56,1.482,4.044,167.86,14.79,0.9584,1.59,0.6687,2.516,430.02,1.08,54.64,0.7754,10.96,2.473e-05,0.2259,3.027,1.334,2.385,0.2105,9.191,0.492,8.819
2022-04-07T10:26:34,43426.19,3227.11,115,0.2558,18.25,69.3,20.18,105.22,6.555,176.02,0.7181,0.02538,0.007816,2.469,1.633,2.56,1.482,4.045,167.85,14.79,0.9584,1.585,0.6687,2.516,430.07,1.081,54.63,0.7753,10.96,2.473e-05,0.2257,3.027,1.334,2.385,0.2106,9.193,0.4921,8.818
2022-04-07T10:27:04,43418.05,3225.91,114.91,0.2556,18.27,69.3,20.16,105.15,6.549,176.04,0.7181,0.02535,0.007816,2.466,1.633,2.56,1.482,4.035,167.79,14.79,0.9584,1.586,0.6687,2.515,430.06,1.081,54.54,0.7751,10.96,2.471e-05,0.2257,3.025,1.333,2.383,0.2104,9.183,0.4914,8.818
2022-04-07T10:27:34,43389.49,3224.6,114.8,0.2541,18.27,68.9,20.15,105.14,6.549,176.12,0.7179,0.02534,0.007816,2.466,1.632,2.56,1.479,4.034,167.7,14.79,0.9584,1.586,0.6687,2.511,429.69,1.079,54.48,0.7747,10.95,2.47e-05,0.2253,3.022,1.332,2.382,0.2104,9.174,0.4909,8.813
2022-04-07T10:28:04,43396.34,3224.75,114.73,0.2538,18.27,69.1,20.14,105.14,6.549,175.99,0.7179,0.0253,0.00782,2.466,1.633,2.56,1.478,4.037,167.7,14.79,0.9584,1.586,0.6687,2.512,429.56,1.079,54.43,0.7747,10.94,2.469e-05,0.225,3.021,1.331,2.382,0.2103,9.171,0.4906,8.811
2022-04-07T10:28:34,43398.41,3225.25,114.74,0.2546,18.27,69,20.15,105.15,6.553,176.05,0.7179,0.0253,0.00782,2.466,1.633,2.56,1.48,4.036,167.74,14.79,0.957,1.586,0.6687,2.512,429.75,1.08,54.45,0.7748,10.94,2.47e-05,0.2252,3.022,1.331,2.381,0.2104,9.176,0.4909,8.803
2022-04-07T10:29:04,43404.85,3225.74,114.76,0.2546,18.28,69,20.17,105.26,6.553,176.15,0.7179,0.02531,0.00782,2.466,1.634,2.56,1.48,4.036,167.88,14.79,0.957,1.585,0.6687,2.513,429.83,1.08,54.46,0.7751,10.96,2.472e-05,0.2252,3.025,1.331,2.383,0.2104,9.185,0.4908,8.809
2022-04-07T10:29:35,43417.35,3225.99,114.93,0.2546,18.28,69,20.18,105.35,6.563,176.4,0.718,0.02532,0.00782,2.466,1.634,2.56,1.482,4.039,167.92,14.79,0.957,1.586,0.6687,2.514,430,1.08,54.49,0.7752,10.96,2.472e-05,0.2254,3.026,1.332,2.384,0.2104,9.193,0.4913,8.816
2022-04-07T10:30:05,43406.52,3225.33,114.82,0.2541,18.28,68.9,20.16,105.4,6.558,176.25,0.718,0.0253,0.00782,2.473,1.633,2.56,1.481,4.037,167.81,14.79,0.957,1.583,0.6687,2.512,429.67,1.079,54.47,0.775,10.96,2.469e-05,0.2248,3.023,1.331,2.383,0.2104,9.182,0.4907,8.816
2022-04-07T10:30:35,43387.03,3224.85,114.79,0.254,18.28,68.9,20.16,105.39,6.547,176.22,0.7175,0.0253,0.007806,2.473,1.633,2.56,1.481,4.037,167.8,14.79,0.9607,1.585,0.6687,2.511,429.8,1.08,54.47,0.7748,10.96,2.468e-05,0.2248,3.023,1.33,2.381,0.2104,9.178,0.4907,8.808
2022-04-07T10:31:05,43395.91,3224.68,114.8,0.2544,18.31,68.9,20.16,105.42,6.548,176.21,0.7175,0.02529,0.007806,2.473,1.634,2.56,1.482,4.039,167.93,14.79,0.9607,1.585,0.6687,2.511,429.84,1.079,54.54,0.775,10.97,2.468e-05,0.2249,3.024,1.33,2.381,0.2106,9.18,0.4908,8.808
2022-04-07T10:31:35,43408.1,3225,114.81,0.2549,18.3,68.9,20.16,105.44,6.547,176.3,0.7175,0.02529,0.007804,2.473,1.634,2.56,1.482,4.039,168.1,14.79,0.9607,1.585,0.6687,2.514,429.97,1.079,54.58,0.7752,10.97,2.468e-05,0.2249,3.026,1.331,2.382,0.2106,9.192,0.4909,8.802
2022-04-07T10:32:06,43393.97,3224.59,114.88,0.2549,18.3,68.9,20.16,105.49,6.553,176.26,0.7175,0.02528,0.007804,2.473,1.634,2.56,1.481,4.035,168,14.79,0.9593,1.586,0.6687,2.514,429.92,1.079,54.57,0.7751,10.96,2.467e-05,0.2248,3.024,1.331,2.382,0.2107,9.19,0.4907,8.808
2022-04-07T10:32:36,43389.89,3222.71,114.73,0.2549,18.3,69,20.15,105.45,6.553,176.17,0.7175,0.02528,0.007804,2.47,1.634,2.56,1.48,4.036,167.96,14.79,0.9593,1.586,0.6687,2.512,429.85,1.079,54.59,0.7749,10.96,2.466e-05,0.2246,3.023,1.331,2.381,0.2105,9.188,0.4906,8.81
2022-04-07T10:33:06,43387.04,3222.3,114.72,0.2546,18.3,68.8,20.14,105.41,6.547,176.11,0.7208,0.02528,0.007804,2.469,1.634,2.56,1.478,4.035,167.91,14.79,0.9593,1.586,0.6687,2.511,429.83,1.078,54.61,0.7746,10.96,2.466e-05,0.2246,3.023,1.33,2.38,0.2104,9.159,0.4905,8.809
2022-04-07T10:33:36,43347.25,3220.04,114.6,0.2546,18.31,68.8,20.12,105.3,6.539,176.08,0.7208,0.02526,0.007804,2.469,1.633,2.56,1.477,4.034,167.79,14.74,0.9593,1.586,0.6687,2.509,429.19,1.078,54.51,0.7743,10.93,2.462e-05,0.2245,3.021,1.329,2.378,0.2102,9.145,0.4898,8.802
2022-04-07T10:34:06,43350.71,3218.98,114.53,0.2545,18.31,68.8,20.12,105.29,6.542,176.04,0.72,0.02526,0.007804,2.469,1.634,2.56,1.477,4.035,167.79,14.74,0.9586,1.586,0.6687,2.507,429.19,1.077,54.47,0.7742,10.93,2.461e-05,0.2243,3.02,1.328,2.376,0.2101,9.143,0.4896,8.794
2022-04-07T10:34:36,43358.24,3219.92,114.54,0.2545,18.3,68.9,20.13,105.38,6.542,176.16,0.719,0.02527,0.007804,2.469,1.634,2.56,1.479,4.035,167.77,14.74,0.9586,1.586,0.6687,2.507,429.39,1.078,54.53,0.7747,10.93,2.464e-05,0.2244,3.022,1.328,2.376,0.2102,9.146,0.49,8.799
2022-04-07T10:35:06,43357.07,3219.52,114.55,0.2543,18.3,68.9,20.14,105.43,6.544,176.18,0.719,0.02531,0.007804,2.469,1.634,2.56,1.479,4.037,167.84,14.74,0.9586,1.583,0.6687,2.509,429.33,1.079,54.56,0.7748,10.93,2.462e-05,0.2244,3.021,1.327,2.378,0.2102,9.153,0.49,8.793
2022-04-07T10:35:36,43348.15,3216.86,114.51,0.2543,18.3,68.9,20.13,105.48,6.54,176.13,0.719,0.0253,0.007804,2.469,1.633,2.56,1.478,4.037,167.72,14.74,0.9586,1.583,0.6687,2.508,429.23,1.078,54.52,0.7748,10.93,2.461e-05,0.2245,3.02,1.326,2.378,0.2103,9.155,0.4899,8.793
2022-04-07T10:36:07,43333.69,3216.3,114.44,0.2536,18.31,68.9,20.11,105.41,6.541,176.04,0.719,0.02528,0.007804,2.474,1.63,2.56,1.477,4.035,167.7,14.74,0.9582,1.583,0.6687,2.505,429.07,1.078,54.41,0.7745,10.89,2.46e-05,0.2241,3.016,1.325,2.376,0.2101,9.135,0.4892,8.797
2022-04-07T10:36:37,43330.99,3215.82,114.43,0.2535,18.31,68.9,20.1,105.26,6.541,175.88,0.719,0.02524,0.007804,2.474,1.63,2.56,1.477,4.04,167.7,14.76,0.9582,1.583,0.6687,2.504,428.89,1.078,54.37,0.7743,10.9,2.46e-05,0.2241,3.014,1.325,2.376,0.2102,9.128,0.4888,8.791
2022-04-07T10:37:07,43350.52,3218.1,114.56,0.2542,18.31,68.9,20.11,105.28,6.548,175.99,0.719,0.02531,0.00779,2.474,1.628,2.56,1.478,4.043,167.82,14.76,0.9582,1.583,0.6687,2.505,429.02,1.079,54.41,0.7745,10.92,2.463e-05,0.2241,3.016,1.326,2.376,0.2102,9.128,0.4887,8.792
2022-04-07T10:37:37,43345.49,3216.93,114.6,0.2542,18.3,69,20.13,105.27,6.549,175.99,0.719,0.02522,0.00779,2.474,1.63,2.56,1.478,4.04,167.84,14.76,0.9585,1.583,0.6687,2.504,429.09,1.079,54.42,0.7747,10.92,2.462e-05,0.2241,3.016,1.326,2.377,0.2102,9.134,0.4886,8.792
2022-04-07T10:38:07,43347.02,3216.84,114.67,0.2544,18.33,69,20.13,105.28,6.549,176.02,0.7194,0.02522,0.00779,2.474,1.63,2.56,1.478,4.039,167.85,14.76,0.9585,1.583,0.6687,2.504,429.1,1.079,54.46,0.7748,10.9,2.464e-05,0.2241,3.017,1.327,2.377,0.2102,9.139,0.4888,8.805
2022-04-07T10:38:37,43369.98,3217.4,114.71,0.2544,18.3,69.1,20.13,105.29,6.549,175.88,0.7185,0.02522,0.00779,2.481,1.629,2.56,1.481,4.04,167.98,14.76,0.9585,1.583,0.6687,2.506,429.15,1.08,54.53,0.775,10.91,2.464e-05,0.2245,3.021,1.328,2.379,0.2104,9.149,0.4899,8.81
2022-04-07T10:39:07,43369.88,3217.45,114.64,0.2543,18.3,69.1,20.13,105.29,6.545,175.94,0.7185,0.02522,0.00779,2.481,1.63,2.56,1.48,4.048,167.97,14.76,0.9585,1.58,0.6687,2.506,429.1,1.08,54.53,0.7749,10.91,2.463e-05,0.2245,3.02,1.328,2.38,0.2104,9.153,0.4899,8.81
2022-04-07T10:39:37,43375.72,3218.3,114.71,0.2542,18.3,69.1,20.14,105.3,6.553,175.94,0.7185,0.02522,0.007855,2.481,1.63,2.56,1.481,4.057,167.99,14.76,0.9585,1.58,0.6687,2.508,429.15,1.08,54.49,0.775,10.91,2.466e-05,0.2245,3.021,1.329,2.38,0.2105,9.158,0.4901,8.804
2022-04-07T10:40:07,43379.21,3218.48,114.68,0.2541,18.3,69.1,20.14,105.28,6.551,175.91,0.7193,0.02522,0.007861,2.481,1.63,2.56,1.482,4.055,167.98,14.79,0.9585,1.58,0.6687,2.507,429.16,1.081,54.47,0.7749,10.91,2.466e-05,0.2245,3.022,1.329,2.38,0.2106,9.158,0.49,8.81
2022-04-07T10:40:38,43378.79,3219.58,114.77,0.2546,18.3,69.1,20.14,105.33,6.551,175.76,0.719,0.02524,0.007861,2.481,1.629,2.56,1.482,4.05,167.99,14.79,0.9593,1.58,0.6687,2.507,429.42,1.08,54.47,0.7749,10.91,2.466e-05,0.2245,3.025,1.329,2.382,0.2106,9.166,0.4902,8.807
2022-04-07T10:41:08,43381.11,3219.37,114.68,0.2544,18.3,69.1,20.14,105.3,6.547,175.8,0.719,0.02524,0.007861,2.481,1.629,2.56,1.483,4.036,168.02,14.79,0.9593,1.579,0.6687,2.507,429.42,1.08,54.47,0.7747,10.9,2.467e-05,0.2248,3.025,1.329,2.382,0.2107,9.171,0.4902,8.81
2022-04-07T10:41:38,43354.39,3218.64,114.66,0.2542,18.3,69.1,20.12,105.26,6.547,175.89,0.719,0.0252,0.007861,2.481,1.629,2.56,1.483,4.024,167.94,14.79,0.9591,1.583,0.6687,2.506,429.22,1.079,54.47,0.7745,10.9,2.466e-05,0.2246,3.024,1.328,2.381,0.2106,9.167,0.4902,8.809
2022-04-07T10:42:08,43354.65,3217.95,114.6,0.2542,18.3,69.1,20.12,105.25,6.553,175.91,0.719,0.02518,0.007861,2.481,1.629,2.56,1.483,4.021,167.99,14.79,0.9591,1.583,0.6687,2.506,429.24,1.079,54.49,0.7745,10.9,2.466e-05,0.2246,3.025,1.328,2.382,0.2106,9.163,0.49,8.806
2022-04-07T10:42:38,43355.07,3217.81,114.56,0.2543,18.32,69,20.12,105.24,6.551,176.02,0.7195,0.0252,0.007861,2.476,1.629,2.56,1.482,4.013,167.98,14.79,0.9591,1.582,0.6687,2.506,429.27,1.079,54.5,0.7744,10.9,2.466e-05,0.2245,3.026,1.327,2.382,0.2107,9.164,0.49,8.805
2022-04-07T10:43:08,43354.14,3217.98,114.57,0.2542,18.3,69,20.13,105.21,6.546,176,0.7201,0.02517,0.007861,2.478,1.629,2.56,1.483,4.013,167.97,14.79,0.9591,1.582,0.6687,2.506,429.2,1.08,54.5,0.7743,10.87,2.465e-05,0.2244,3.026,1.327,2.381,0.2107,9.169,0.4899,8.806
2022-04-07T10:43:38,43355.86,3217.85,114.64,0.2542,18.3,69,20.12,105.2,6.547,176,0.7201,0.02518,0.007861,2.478,1.629,2.56,1.483,4.013,168.03,14.79,0.9591,1.582,0.6687,2.505,429.23,1.078,54.48,0.7745,10.88,2.466e-05,0.2245,3.027,1.327,2.381,0.2107,9.172,0.4898,8.799
2022-04-07T10:44:08,43359.96,3218.35,114.69,0.2543,18.3,69,20.12,105.2,6.548,176.07,0.7201,0.02519,0.007861,2.478,1.629,2.56,1.484,4.005,168.1,14.79,0.9591,1.582,0.6687,2.506,429.32,1.08,54.47,0.7745,10.9,2.466e-05,0.2245,3.027,1.327,2.381,0.2106,9.176,0.4898,8.812
2022-04-07T10:44:39,43368.77,3219.74,114.78,0.2543,18.3,69,20.12,105.29,6.548,176.23,0.7201,0.0252,0.00785,2.478,1.629,2.56,1.484,4.019,168.09,14.79,0.9611,1.582,0.6687,2.509,429.48,1.08,54.53,0.7748,10.91,2.467e-05,0.2245,3.028,1.328,2.381,0.2107,9.187,0.49,8.803
2022-04-07T10:45:09,43367.01,3219.77,114.73,0.2547,18.3,69,20.11,105.27,6.546,176.26,0.7195,0.0252,0.00785,2.478,1.629,2.56,1.484,4.009,168.11,14.79,0.9611,1.582,0.6687,2.509,429.27,1.08,54.52,0.7747,10.9,2.467e-05,0.2248,3.028,1.328,2.382,0.2107,9.183,0.4899,8.781
2022-04-07T10:45:39,43360.17,3218.41,114.72,0.2546,18.3,69,20.11,105.16,6.548,176.23,0.7195,0.0252,0.00785,2.478,1.63,2.56,1.484,4.006,168.06,14.79,0.9636,1.582,0.6687,2.508,429.29,1.079,54.48,0.7745,10.9,2.466e-05,0.2248,3.028,1.327,2.381,0.2107,9.182,0.4892,8.774
2022-04-07T10:46:09,43363.27,3218.49,114.66,0.2544,18.3,69,20.11,105.04,6.546,176.18,0.7189,0.0252,0.00785,2.478,1.63,2.56,1.484,4.01,167.98,14.79,0.9636,1.582,0.6687,2.507,429.22,1.079,54.43,0.7745,10.91,2.467e-05,0.2246,3.027,1.327,2.382,0.2107,9.176,0.4887,8.778
2022-04-07T10:46:39,43363.55,3218.3,114.7,0.2542,18.3,69.1,20.1,105.08,6.549,176.14,0.7194,0.02518,0.00785,2.478,1.63,2.56,1.484,4.01,167.96,14.79,0.9636,1.58,0.6687,2.505,429.22,1.078,54.43,0.7743,10.91,2.466e-05,0.2246,3.025,1.326,2.38,0.2106,9.172,0.4887,8.772
2022-04-07T10:47:09,43378.07,3218.67,114.76,0.2543,18.3,69.1,20.1,105.14,6.551,176.24,0.7194,0.02518,0.00785,2.474,1.63,2.56,1.484,4.007,168.06,14.79,0.9636,1.583,0.6687,2.506,429.27,1.079,54.43,0.7743,10.91,2.467e-05,0.2245,3.026,1.326,2.38,0.2106,9.165,0.4889,8.777
2022-04-07T10:47:39,43381.96,3220.42,114.9,0.2546,18.3,69.1,20.12,105.18,6.554,176.7,0.7197,0.02519,0.007915,2.474,1.631,2.56,1.483,4.007,168.13,14.79,0.9636,1.583,0.6687,2.508,429.35,1.079,54.46,0.7747,10.91,2.469e-05,0.2245,3.028,1.326,2.38,0.2106,9.175,0.4887,8.784
2022-04-07T10:48:10,43388.23,3220.72,114.95,0.255,18.3,69.1,20.13,105.25,6.553,176.84,0.7191,0.02518,0.007915,2.474,1.631,2.56,1.485,4.007,168.11,14.79,0.9584,1.583,0.6687,2.509,429.5,1.08,54.49,0.7748,10.92,2.469e-05,0.2248,3.029,1.327,2.382,0.2107,9.186,0.4891,8.787
2022-04-07T10:48:40,43393.51,3221.35,114.96,0.2552,18.3,69.1,20.13,105.32,6.555,176.92,0.7187,0.02523,0.007915,2.474,1.631,2.56,1.485,4.01,168.11,14.79,0.9584,1.583,0.6687,2.509,429.68,1.08,54.55,0.775,10.91,2.47e-05,0.2248,3.03,1.328,2.382,0.2107,9.185,0.4893,8.787
2022-04-07T10:49:10,43398.25,3221.54,115.08,0.2555,18.3,69,20.14,105.39,6.565,176.99,0.7184,0.02526,0.007915,2.474,1.64,2.56,1.485,4.011,168.14,14.79,0.9584,1.583,0.6687,2.509,429.8,1.08,54.54,0.7751,10.92,2.469e-05,0.2248,3.033,1.328,2.386,0.2108,9.183,0.4894,8.786
2022-04-07T10:49:40,43398.79,3221.57,115.07,0.2555,18.3,69,20.15,105.42,6.565,176.78,0.7184,0.02525,0.007915,2.474,1.648,2.56,1.485,4.011,168.17,14.79,0.9558,1.58,0.6687,2.509,429.84,1.08,54.53,0.7751,10.94,2.469e-05,0.2248,3.034,1.328,2.386,0.2109,9.182,0.4895,8.781
2022-04-07T10:50:10,43424.81,3222.94,115.1,0.2555,18.3,68.9,20.16,105.47,6.566,176.95,0.7159,0.02532,0.007915,2.478,1.647,2.56,1.486,4.015,168.18,14.79,0.9558,1.583,0.6687,2.513,430.03,1.082,54.58,0.7755,10.95,2.47e-05,0.2254,3.036,1.329,2.388,0.2109,9.192,0.4899,8.795
2022-04-07T10:50:40,43432.08,3224.2,115.36,0.2564,18.31,69,20.16,105.52,6.566,177.13,0.716,0.02535,0.007915,2.478,1.647,2.56,1.488,4.013,168.23,14.79,0.9591,1.583,0.6687,2.515,430.3,1.084,54.6,0.7755,10.95,2.472e-05,0.2254,3.039,1.331,2.389,0.211,9.196,0.4903,8.802
2022-04-07T10:51:10,43442.94,3224.43,115.4,0.2562,18.32,69.1,20.17,105.53,6.571,177.17,0.716,0.02534,0.007923,2.478,1.646,2.56,1.488,4.013,168.22,14.79,0.9591,1.583,0.6687,2.517,430.42,1.084,54.61,0.7756,10.96,2.473e-05,0.2254,3.041,1.332,2.391,0.211,9.213,0.4911,8.813
2022-04-07T10:51:40,43443.09,3224.76,115.4,0.2565,18.32,69,20.19,105.59,6.576,177.23,0.7175,0.02538,0.007923,2.478,1.647,2.56,1.488,4.013,168.22,14.79,0.9577,1.583,0.6687,2.516,430.6,1.084,54.64,0.7762,10.96,2.473e-05,0.2257,3.044,1.333,2.393,0.211,9.215,0.4911,8.819
2022-04-07T10:52:10,43441.26,3224.66,115.39,0.2564,18.3,69,20.19,105.71,6.576,177.2,0.717,0.02539,0.007923,2.478,1.647,2.58,1.488,4.013,168.22,14.79,0.9577,1.583,0.6687,2.518,430.59,1.084,54.65,0.7762,10.94,2.473e-05,0.2259,3.043,1.334,2.393,0.2109,9.219,0.4913,8.819
2022-04-07T10:52:41,43429.83,3224.25,115.34,0.2564,18.3,68.9,20.19,105.67,6.546,177.22,0.717,0.02539,0.007923,2.478,1.647,2.58,1.489,4.013,168.2,14.79,0.9577,1.583,0.6687,2.518,430.74,1.085,54.64,0.7763,10.95,2.474e-05,0.2259,3.042,1.333,2.393,0.211,9.216,0.4912,8.82
2022-04-07T10:53:11,43423.25,3224.38,115.3,0.2563,18.3,68.8,20.19,105.67,6.547,177.16,0.7145,0.02539,0.007923,2.471,1.648,2.58,1.488,4.013,168.2,14.8,0.9577,1.584,0.6687,2.518,430.72,1.085,54.65,0.7763,10.95,2.473e-05,0.2259,3.04,1.333,2.395,0.2109,9.213,0.4913,8.819
2022-04-07T10:53:41,43431.9,3224.8,115.34,0.2564,18.3,68.9,20.19,105.64,6.55,177.13,0.7142,0.02543,0.00795,2.471,1.645,2.58,1.489,4.01,168.2,14.8,0.9577,1.581,0.6687,2.518,430.84,1.086,54.65,0.7766,10.95,2.474e-05,0.2259,3.04,1.331,2.395,0.211,9.216,0.4916,8.825
2022-04-07T10:54:11,43433.39,3224.78,115.32,0.2561,18.3,68.8,20.18,105.69,6.55,177.13,0.7142,0.02545,0.00795,2.471,1.646,2.58,1.489,4.016,168.2,14.8,0.9597,1.581,0.6687,2.518,430.93,1.085,54.67,0.7767,10.95,2.474e-05,0.2259,3.04,1.332,2.394,0.2109,9.217,0.4916,8.821
2022-04-07T10:54:41,43422.25,3224.49,115.31,0.2562,18.32,68.6,20.19,105.7,6.556,177.1,0.7142,0.02536,0.00795,2.471,1.645,2.58,1.488,4.01,168.17,14.8,0.965,1.581,0.6687,2.518,431.01,1.085,54.66,0.7764,10.95,2.475e-05,0.2259,3.04,1.331,2.395,0.211,9.219,0.4915,8.828
2022-04-07T10:55:11,43422.67,3224.45,115.31,0.2563,18.3,68.6,20.19,105.71,6.556,177.07,0.7142,0.02536,0.00795,2.471,1.653,2.58,1.489,4.019,168.13,14.8,0.965,1.585,0.6687,2.518,430.93,1.085,54.66,0.7765,10.95,2.475e-05,0.2259,3.04,1.332,2.395,0.211,9.218,0.4915,8.828
2022-04-07T10:55:41,43410.68,3224.35,115.29,0.2563,18.3,68.6,20.19,105.74,6.55,177.09,0.7141,0.02536,0.00795,2.461,1.654,2.58,1.487,4.001,168.11,14.8,0.9614,1.588,0.6687,2.516,430.82,1.085,54.66,0.7763,10.95,2.474e-05,0.2259,3.038,1.332,2.394,0.2109,9.209,0.4911,8.826
2022-04-07T10:56:12,43406.53,3223.83,115.25,0.2562,18.3,68.6,20.18,105.77,6.551,177.06,0.7132,0.02536,0.00795,2.461,1.651,2.58,1.488,4.008,167.99,14.8,0.9614,1.588,0.6687,2.517,430.72,1.083,54.68,0.7764,10.95,2.472e-05,0.2259,3.038,1.33,2.394,0.2109,9.203,0.491,8.828
2022-04-07T10:56:42,43408.01,3223.59,115.24,0.2562,18.3,68.7,20.18,105.77,6.551,177.04,0.7132,0.02536,0.00795,2.462,1.648,2.58,1.487,4.008,167.99,14.8,0.9614,1.588,0.6687,2.515,430.73,1.083,54.68,0.7764,10.95,2.472e-05,0.2259,3.035,1.329,2.392,0.2109,9.202,0.491,8.826
2022-04-07T10:57:12,43404.61,3223.4,115.23,0.2556,18.3,68.7,20.18,105.7,6.554,177.13,0.7129,0.02537,0.00795,2.462,1.649,2.58,1.488,4.004,167.96,14.8,0.9614,1.588,0.6687,2.516,430.73,1.084,54.68,0.7764,10.95,2.472e-05,0.2254,3.033,1.328,2.391,0.2109,9.2,0.491,8.819
2022-04-07T10:57:42,43404.92,3222.06,115.15,0.2557,18.31,68.7,20.18,105.68,6.526,177.02,0.7124,0.02537,0.00795,2.462,1.65,2.58,1.488,4.004,167.99,14.8,0.9614,1.588,0.6687,2.516,430.71,1.084,54.68,0.7764,10.95,2.472e-05,0.2254,3.034,1.329,2.391,0.2109,9.202,0.4911,8.82
2022-04-07T10:58:12,43401.91,3222.35,115.16,0.2557,18.3,68.7,20.18,105.66,6.531,177.02,0.7124,0.02538,0.00795,2.462,1.649,2.58,1.488,3.997,168.03,14.8,0.9598,1.599,0.6248,2.516,430.63,1.084,54.69,0.7762,10.95,2.473e-05,0.2254,3.034,1.329,2.391,0.2109,9.206,0.4909,8.817
2022-04-07T10:58:42,43390.58,3221.57,115.14,0.2557,18.3,68.7,20.17,105.66,6.527,176.81,0.7129,0.02537,0.00795,2.462,1.649,2.58,1.488,3.997,167.92,14.8,0.9598,1.605,0.6248,2.515,430.32,1.083,54.68,0.7758,10.94,2.472e-05,0.2254,3.034,1.328,2.391,0.2107,9.202,0.4908,8.817
2022-04-07T10:59:13,43394.62,3220.7,115.06,0.2556,18.3,68.7,20.17,105.65,6.508,176.82,0.7129,0.02537,0.00795,2.461,1.65,2.58,1.486,3.997,167.88,14.8,0.9598,1.606,0.6248,2.511,430.33,1.083,54.66,0.7757,10.94,2.472e-05,0.2252,3.032,1.328,2.387,0.2106,9.197,0.491,8.809
2022-04-07T10:59:43,43403.57,3222.02,115.18,0.2555,18.25,68.7,20.18,105.72,6.503,176.95,0.7129,0.02536,0.00795,2.461,1.649,2.58,1.488,3.982,168.05,14.73,0.9598,1.607,0.6248,2.514,430.34,1.083,54.67,0.7762,10.95,2.474e-05,0.2257,3.033,1.329,2.389,0.2107,9.197,0.4911,8.81
2022-04-07T11:00:13,43408.3,3221.41,115.25,0.2556,18.25,68.7,20.18,105.77,6.507,176.89,0.7133,0.02541,0.007928,2.461,1.648,2.58,1.487,3.982,168,14.73,0.9598,1.604,0.6248,2.512,430.66,1.084,54.67,0.7763,10.96,2.474e-05,0.2255,3.035,1.329,2.389,0.2107,9.22,0.4911,8.81
2022-04-07T11:00:43,43384.82,3218.47,114.98,0.2548,18.25,68.7,20.15,105.73,6.504,176.68,0.7132,0.02535,0.007928,2.461,1.648,2.58,1.487,3.986,167.88,14.73,0.9598,1.604,0.6248,2.507,430.48,1.08,54.58,0.7757,10.96,2.47e-05,0.2255,3.03,1.328,2.387,0.2106,9.212,0.4908,8.809
2022-04-07T11:01:13,43385.31,3217.11,114.89,0.2548,18.25,68.7,20.15,105.66,6.502,176.72,0.7133,0.02535,0.007919,2.461,1.647,2.58,1.486,3.988,167.88,14.73,0.9587,1.602,0.6248,2.508,430.11,1.08,54.57,0.7756,10.92,2.469e-05,0.2251,3.03,1.327,2.385,0.2105,9.205,0.4904,8.807
2022-04-07T11:01:43,43399.15,3216.87,114.88,0.255,18.25,68.8,20.15,105.59,6.503,176.73,0.7133,0.02535,0.007919,2.461,1.646,2.58,1.486,3.996,167.84,14.73,0.9587,1.602,0.6248,2.504,430.19,1.081,54.56,0.7757,10.94,2.47e-05,0.2251,3.03,1.327,2.386,0.2106,9.205,0.4906,8.801
2022-04-07T11:02:14,43391.54,3216.74,114.92,0.255,18.25,68.8,20.15,105.54,6.502,176.86,0.7132,0.02536,0.007919,2.461,1.646,2.58,1.487,4.007,167.84,14.73,0.9587,1.597,0.6248,2.505,430.2,1.08,54.56,0.7756,10.93,2.469e-05,0.2251,3.029,1.327,2.385,0.2105,9.207,0.4907,8.805
2022-04-07T11:02:44,43394.41,3216.73,114.97,0.2551,18.31,68.8,20.17,105.54,6.498,177.02,0.7132,0.02535,0.007919,2.461,1.647,2.58,1.487,4.007,167.98,14.73,0.9587,1.598,0.6248,2.504,430.21,1.081,54.56,0.7757,10.93,2.469e-05,0.2253,3.031,1.328,2.385,0.2106,9.212,0.491,8.806
2022-04-07T11:03:15,43372.97,3214.35,114.9,0.2551,18.31,68.7,20.14,105.45,6.488,176.75,0.7133,0.0253,0.007919,2.461,1.649,2.58,1.486,4.005,167.79,14.73,0.9587,1.601,0.6248,2.504,429.89,1.081,54.53,0.7754,10.95,2.469e-05,0.225,3.027,1.327,2.383,0.2105,9.206,0.4909,8.803
2022-04-07T11:03:45,43355.57,3212.4,114.77,0.2549,18.31,68.7,20.12,105.26,6.486,176.32,0.712,0.02522,0.007897,2.461,1.65,2.58,1.484,4.007,167.68,14.73,0.9587,1.603,0.6248,2.5,429.5,1.079,54.46,0.775,10.95,2.467e-05,0.2247,3.025,1.324,2.382,0.2104,9.177,0.4907,8.8
2022-04-07T11:04:15,43361.75,3213.02,114.77,0.2549,18.27,68.7,20.12,105.18,6.48,176.33,0.7112,0.02524,0.007911,2.461,1.65,2.58,1.485,4.004,167.74,14.73,0.9556,1.606,0.6248,2.501,429.45,1.079,54.43,0.7748,10.95,2.465e-05,0.2247,3.025,1.324,2.381,0.2103,9.178,0.4903,8.795
2022-04-07T11:04:45,43385.66,3215.63,114.9,0.2554,18.27,68.7,20.14,105.2,6.496,176.54,0.7111,0.02535,0.007911,2.461,1.651,2.58,1.486,4.012,167.9,14.73,0.9556,1.603,0.6248,2.504,429.65,1.081,54.43,0.7749,10.93,2.468e-05,0.2247,3.03,1.325,2.383,0.2104,9.187,0.4906,8.804
2022-04-07T11:05:15,43393.81,3215.4,114.92,0.2557,18.27,68.7,20.14,105.23,6.495,176.55,0.7111,0.02535,0.007911,2.463,1.652,2.58,1.486,4.017,168.08,14.73,0.9556,1.636,0.6248,2.505,429.88,1.082,54.47,0.7753,10.93,2.468e-05,0.2254,3.03,1.326,2.385,0.2106,9.194,0.4907,8.798
2022-04-07T11:05:45,43400.01,3215.36,115.05,0.2561,18.28,68.7,20.16,105.19,6.499,176.55,0.7112,0.02534,0.007911,2.463,1.652,2.58,1.486,4.019,168.2,14.73,0.9556,1.64,0.6248,2.505,429.8,1.081,54.48,0.7753,10.95,2.469e-05,0.2254,3.03,1.327,2.385,0.2108,9.199,0.491,8.801
2022-04-07T11:06:15,43411.43,3216.2,115.02,0.2562,18.28,68.6,20.17,105.24,6.501,176.62,0.7112,0.02532,0.007911,2.463,1.652,2.58,1.487,4.027,168.24,14.73,0.9556,1.644,0.6248,2.506,429.78,1.081,54.49,0.7755,10.95,2.471e-05,0.2254,3.032,1.327,2.386,0.2108,9.199,0.4911,8.802
2022-04-07T11:06:46,43406.46,3215.66,115.05,0.2562,18.26,68.6,20.16,105.26,6.5,176.6,0.7112,0.02531,0.007911,2.463,1.652,2.58,1.487,4.029,168.19,14.73,0.9556,1.646,0.6248,2.506,429.79,1.081,54.51,0.7753,10.96,2.47e-05,0.2256,3.033,1.327,2.386,0.2108,9.199,0.4911,8.803
2022-04-07T11:07:16,43404.08,3214.18,115,0.2562,18.29,68.6,20.15,105.23,6.5,176.5,0.7113,0.02527,0.007883,2.463,1.652,2.58,1.487,4.038,168.16,14.73,0.9558,1.646,0.6248,2.506,429.47,1.081,54.46,0.7752,10.95,2.469e-05,0.2256,3.033,1.327,2.385,0.2108,9.197,0.4908,8.793
2022-04-07T11:07:46,43387.88,3211.99,114.98,0.2562,18.29,68.6,20.11,105.13,6.486,176.47,0.7113,0.02525,0.007855,2.463,1.652,2.58,1.486,4.023,167.95,14.73,0.9556,1.642,0.6248,2.502,429.37,1.079,54.43,0.7749,10.93,2.467e-05,0.2251,3.028,1.325,2.384,0.2107,9.181,0.4907,8.796
2022-04-07T11:08:16,43440.68,3218.85,115.04,0.256,18.29,68.8,20.17,105.14,6.494,176.84,0.7113,0.02532,0.007852,2.463,1.653,2.58,1.489,4.048,168.24,14.73,0.9556,1.648,0.6248,2.511,430.11,1.083,54.44,0.7761,10.96,2.472e-05,0.2258,3.037,1.328,2.385,0.2111,9.205,0.4907,8.799
2022-04-07T11:08:46,43632.72,3226.07,115.74,0.256,18.29,69.2,20.25,105.3,6.504,177.2,0.7121,0.02545,0.007852,2.475,1.653,2.58,1.493,4.064,168.68,14.77,0.9556,1.649,0.6248,2.52,430.89,1.084,54.52,0.7772,11.01,2.476e-05,0.2274,3.047,1.332,2.394,0.2112,9.25,0.4928,8.838
2022-04-07T11:09:16,43657.69,3235.71,115.84,0.2581,18.32,69.4,20.25,105.98,6.544,177.93,0.714,0.02552,0.00791,2.471,1.656,2.59,1.496,4.068,168.92,14.77,0.9556,1.647,0.6248,2.522,431.55,1.085,54.79,0.7788,11.04,2.482e-05,0.2275,3.049,1.335,2.4,0.2115,9.271,0.4941,8.848
2022-04-07T11:09:46,43633.56,3233.62,115.86,0.2578,18.32,69.2,20.26,106.16,6.538,178.04,0.714,0.02554,0.007914,2.471,1.657,2.59,1.496,4.075,168.89,14.81,0.9556,1.647,0.6248,2.526,432.23,1.086,54.82,0.7802,11.03,2.485e-05,0.2274,3.047,1.334,2.398,0.2115,9.274,0.4945,8.84
2022-04-07T11:10:16,43520.79,3222.15,115.75,0.2566,18.32,68.8,20.19,106.02,6.512,177.49,0.7141,0.02548,0.007893,2.471,1.655,2.59,1.49,4.061,168.45,14.81,0.9585,1.639,0.6248,2.513,431.16,1.085,54.72,0.7785,10.99,2.479e-05,0.2261,3.043,1.331,2.392,0.2112,9.271,0.4934,8.827
2022-04-07T11:10:46,43430.05,3217.55,114.95,0.2564,18.32,68.7,20.15,105.79,6.49,177.14,0.7114,0.02544,0.007893,2.467,1.652,2.58,1.487,4.05,168.18,14.81,0.9585,1.612,0.6248,2.502,430.31,1.084,54.54,0.7768,10.97,2.47e-05,0.2257,3.041,1.325,2.386,0.211,9.216,0.4915,8.811
2022-04-07T11:11:17,43379.38,3214.08,114.88,0.2554,18.32,68.7,20.1,105.4,6.469,177.08,0.7114,0.0254,0.007858,2.467,1.652,2.57,1.486,4.035,168.06,14.81,0.9585,1.606,0.6248,2.501,430.25,1.08,54.46,0.7756,10.95,2.468e-05,0.2252,3.032,1.323,2.384,0.2108,9.178,0.4905,8.8
2022-04-07T11:11:47,43385.64,3215.01,115.05,0.2561,18.32,68.6,20.11,105.47,6.474,177.35,0.7107,0.0254,0.007859,2.463,1.653,2.57,1.486,4.05,168.14,14.81,0.9584,1.611,0.6248,2.507,430.68,1.081,54.41,0.7763,10.98,2.467e-05,0.2258,3.035,1.323,2.385,0.2107,9.193,0.4905,8.808
2022-04-07T11:12:17,43470.53,3220.16,115.18,0.2573,18.3,68.9,20.18,105.64,6.483,177.75,0.7099,0.02546,0.007856,2.468,1.654,2.58,1.49,4.068,168.33,14.77,0.9584,1.62,0.6248,2.514,430.98,1.083,54.55,0.7777,11,2.471e-05,0.2258,3.04,1.327,2.388,0.2109,9.22,0.492,8.822
2022-04-07T11:12:47,43559.56,3229.33,115.94,0.2576,18.3,69.1,20.21,105.81,6.505,178.04,0.7104,0.02554,0.007856,2.468,1.654,2.59,1.492,4.082,168.34,14.77,0.9584,1.619,0.6248,2.518,431.61,1.087,54.78,0.7788,11.04,2.48e-05,0.2269,3.053,1.33,2.397,0.2112,9.245,0.4927,8.843
2022-04-07T11:13:17,43560.25,3226.94,115.87,0.2577,18.3,69.1,20.23,106.01,6.546,178.02,0.7099,0.02555,0.00792,2.468,1.652,2.6,1.494,4.082,168.29,14.77,0.9584,1.618,0.6248,2.524,431.74,1.087,54.8,0.7794,11.02,2.482e-05,0.227,3.053,1.331,2.401,0.2113,9.269,0.4927,8.851
2022-04-07T11:13:47,43566.34,3226.01,115.7,0.258,18.33,69.3,20.24,106.04,6.539,177.92,0.7106,0.02554,0.00792,2.468,1.652,2.6,1.493,4.065,168.19,14.77,0.9597,1.619,0.6248,2.523,431.79,1.087,54.8,0.779,11.04,2.481e-05,0.227,3.053,1.333,2.399,0.2114,9.268,0.4927,8.849
2022-04-07T11:14:17,43564.59,3226.15,115.91,0.2579,18.33,69,20.24,106.04,6.542,177.9,0.7106,0.02549,0.00792,2.473,1.652,2.61,1.492,4.076,168.07,14.77,0.9589,1.619,0.6248,2.522,431.7,1.087,54.82,0.7789,11.02,2.482e-05,0.2268,3.052,1.333,2.4,0.2114,9.276,0.4933,8.846
2022-04-07T11:14:47,43540.71,3222.75,115.64,0.2574,18.33,69.1,20.23,106,6.545,177.84,0.7106,0.0255,0.00792,2.473,1.652,2.61,1.492,4.067,168.08,14.82,0.9589,1.619,0.6248,2.519,431.47,1.084,54.77,0.7783,11.02,2.48e-05,0.2266,3.051,1.332,2.397,0.2113,9.256,0.493,8.837
2022-04-07T11:15:17,43577.4,3224.93,115.94,0.2578,18.33,69.2,20.24,106.12,6.531,177.9,0.7106,0.02548,0.00792,2.473,1.654,2.62,1.491,4.077,168.2,14.82,0.9589,1.639,0.6248,2.522,431.57,1.086,54.8,0.7782,11.03,2.481e-05,0.2266,3.053,1.331,2.396,0.2113,9.271,0.4934,8.835
2022-04-07T11:15:47,43596.89,3226.26,116.1,0.2581,18.31,69.1,20.25,106.26,6.545,178.08,0.7107,0.02557,0.007917,2.473,1.654,2.62,1.493,4.085,168.25,14.82,0.9611,1.636,0.6248,2.524,432.11,1.086,54.9,0.7787,11.03,2.483e-05,0.2266,3.055,1.331,2.401,0.2116,9.276,0.4935,8.838
2022-04-07T11:16:18,43586.77,3227.77,116.17,0.2581,18.35,69.1,20.25,106.33,6.547,178.09,0.7127,0.02559,0.007901,2.473,1.654,2.64,1.493,4.093,168.25,14.82,0.9611,1.636,0.6248,2.524,432.15,1.086,54.9,0.7788,11.04,2.484e-05,0.2276,3.056,1.332,2.402,0.2117,9.304,0.4937,8.849
2022-04-07T11:16:48,43602.39,3231.03,116.25,0.2587,18.37,69.3,20.26,106.34,6.555,178.42,0.7124,0.02559,0.007901,2.479,1.652,2.64,1.493,4.094,168.31,14.82,0.9611,1.646,0.6248,2.525,432.31,1.088,54.95,0.779,11.05,2.486e-05,0.2276,3.057,1.333,2.402,0.2118,9.305,0.4943,8.856
2022-04-07T11:17:18,43561.71,3229.6,116.04,0.2586,18.37,69.2,20.23,106.26,6.556,178.29,0.7124,0.02555,0.007901,2.479,1.652,2.642,1.493,4.082,168.26,14.82,0.9611,1.651,0.6248,2.522,432.05,1.086,54.94,0.779,11.02,2.483e-05,0.2271,3.054,1.333,2.399,0.2118,9.301,0.4941,8.849
2022-04-07T11:17:48,43545.58,3229.04,115.89,0.2586,18.37,69.2,20.22,106.16,6.555,178.06,0.7109,0.02551,0.007901,2.479,1.651,2.641,1.492,4.071,168.23,14.82,0.9611,1.644,0.6248,2.518,431.85,1.086,54.88,0.7785,11.04,2.482e-05,0.2271,3.05,1.332,2.399,0.2115,9.298,0.4939,8.848
2022-04-07T11:18:18,43538.2,3225.52,115.79,0.2577,18.37,69.2,20.21,106.07,6.549,178.05,0.7109,0.02549,0.007901,2.479,1.651,2.612,1.491,4.06,168.17,14.82,0.9611,1.648,0.6248,2.515,431.67,1.086,54.78,0.7782,10.99,2.481e-05,0.227,3.05,1.33,2.396,0.2114,9.289,0.4935,8.846
2022-04-07T11:18:48,43488.13,3223.04,115.69,0.2572,18.35,69,20.18,105.89,6.557,177.93,0.7104,0.02544,0.007901,2.479,1.651,2.609,1.491,4.047,168.06,14.82,0.9611,1.648,0.6248,2.512,431.56,1.084,54.7,0.7778,10.99,2.48e-05,0.2268,3.045,1.328,2.394,0.2113,9.282,0.4932,8.841
2022-04-07T11:19:19,43490.59,3224,115.57,0.257,18.37,69,20.18,105.8,6.551,177.67,0.7104,0.0254,0.007892,2.479,1.65,2.61,1.488,4.056,168.06,14.82,0.9611,1.651,0.6248,2.512,431.46,1.084,54.66,0.7774,10.97,2.476e-05,0.2267,3.043,1.328,2.391,0.2112,9.273,0.493,8.846
2022-04-07T11:19:49,43498.35,3224.31,115.69,0.2571,18.37,69,20.19,105.85,6.532,177.71,0.7105,0.02547,0.007892,2.479,1.651,2.616,1.489,4.057,168.19,14.8,0.9616,1.651,0.6248,2.512,431.37,1.084,54.68,0.7776,10.98,2.478e-05,0.2271,3.044,1.328,2.39,0.2112,9.265,0.4927,8.848
2022-04-07T11:20:19,43489.56,3222.77,115.63,0.2577,18.37,69.2,20.19,105.8,6.522,177.7,0.7104,0.02547,0.007892,2.479,1.65,2.618,1.49,4.064,168.37,14.8,0.9616,1.646,0.6248,2.514,431.55,1.084,54.69,0.7774,10.98,2.478e-05,0.227,3.043,1.328,2.391,0.2111,9.275,0.4929,8.848
2022-04-07T11:20:49,43508.09,3226.48,115.74,0.2581,18.37,69.1,20.21,105.76,6.522,177.96,0.7104,0.02548,0.007892,2.479,1.65,2.619,1.49,4.085,168.6,14.8,0.9616,1.647,0.6248,2.52,431.72,1.085,54.68,0.778,10.98,2.48e-05,0.2272,3.046,1.329,2.392,0.2111,9.287,0.4932,8.855
2022-04-07T11:21:19,43502.47,3225.84,115.8,0.2581,18.38,69.1,20.22,105.77,6.527,177.92,0.7104,0.02549,0.007892,2.479,1.651,2.619,1.491,4.082,168.84,14.8,0.9616,1.642,0.6248,2.52,431.83,1.086,54.77,0.778,11,2.479e-05,0.2274,3.049,1.329,2.393,0.2112,9.295,0.4938,8.856
2022-04-07T11:21:49,43515.16,3226.75,115.96,0.2583,18.43,69.1,20.23,105.78,6.536,177.97,0.7105,0.02548,0.007892,2.479,1.651,2.623,1.491,4.082,168.93,14.8,0.9623,1.641,0.6248,2.522,431.88,1.085,54.81,0.7789,11.01,2.482e-05,0.2275,3.05,1.33,2.395,0.2113,9.296,0.4941,8.856
2022-04-07T11:22:19,43524.34,3227.88,116.01,0.2585,18.4,69.2,20.24,105.8,6.541,177.97,0.7107,0.02549,0.007892,2.479,1.651,2.628,1.492,4.072,169.02,14.8,0.9623,1.641,0.6248,2.522,432.18,1.086,54.87,0.7788,11.01,2.482e-05,0.2274,3.051,1.332,2.396,0.2114,9.302,0.4945,8.86
2022-04-07T11:22:49,43520.56,3227.74,115.84,0.2586,18.47,69.2,20.24,105.77,6.539,177.85,0.7113,0.02549,0.007892,2.479,1.65,2.625,1.492,4.077,168.92,14.8,0.9623,1.643,0.6248,2.52,432.21,1.085,54.87,0.7785,11.02,2.481e-05,0.2274,3.048,1.331,2.397,0.2113,9.302,0.4945,8.864
2022-04-07T11:23:20,43511.35,3227.15,115.77,0.2583,18.47,69.2,20.23,105.73,6.537,177.82,0.7113,0.0255,0.007892,2.479,1.65,2.622,1.491,4.072,168.83,14.8,0.9623,1.644,0.6248,2.519,432.13,1.085,54.85,0.7785,11.02,2.481e-05,0.2274,3.048,1.33,2.397,0.2113,9.292,0.4945,8.866
2022-04-07T11:23:50,43508.47,3227,115.82,0.2586,18.45,69.2,20.22,105.76,6.522,177.78,0.7125,0.0255,0.007908,2.479,1.65,2.621,1.492,4.066,168.87,14.8,0.9623,1.644,0.6248,2.519,431.89,1.085,54.83,0.7786,11.02,2.48e-05,0.2274,3.047,1.329,2.395,0.2113,9.298,0.4944,8.867
2022-04-07T11:24:20,43493.67,3226.62,115.81,0.2584,18.45,69.1,20.22,105.73,6.522,177.8,0.7142,0.0255,0.007908,2.479,1.65,2.615,1.492,4.064,168.89,14.8,0.9623,1.644,0.6248,2.517,431.9,1.085,54.81,0.7789,11,2.478e-05,0.2274,3.046,1.329,2.395,0.2113,9.298,0.4938,8.866
2022-04-07T11:24:50,43505.37,3225.61,115.83,0.2584,18.41,69.1,20.23,105.74,6.526,178.07,0.7132,0.02551,0.007908,2.479,1.65,2.613,1.491,4.064,168.99,14.78,0.9623,1.644,0.6248,2.519,431.98,1.085,54.88,0.779,11.02,2.48e-05,0.2274,3.048,1.331,2.395,0.2114,9.317,0.4942,8.868
2022-04-07T11:25:20,43521.94,3226.49,115.85,0.2583,18.43,69.1,20.24,105.75,6.525,178.37,0.7132,0.02551,0.007895,2.479,1.65,2.61,1.492,4.081,169.12,14.78,0.9623,1.667,0.6248,2.519,431.95,1.085,54.89,0.7795,11.01,2.479e-05,0.2271,3.049,1.331,2.397,0.2113,9.318,0.4941,8.861
2022-04-07T11:25:50,43532.83,3227.71,115.93,0.2588,18.47,69.1,20.25,105.77,6.57,178.6,0.7142,0.02557,0.007895,2.479,1.649,2.61,1.492,4.081,169.28,14.78,0.9623,1.667,0.6248,2.521,432.14,1.085,54.96,0.7794,11.03,2.48e-05,0.2271,3.05,1.333,2.398,0.2114,9.337,0.4946,8.86
2022-04-07T11:26:20,43549.93,3228.06,116,0.2589,18.47,69.1,20.27,105.79,6.589,178.67,0.7124,0.02561,0.007895,2.481,1.649,2.61,1.493,4.082,169.35,14.78,0.9623,1.669,0.6248,2.523,432.19,1.085,54.97,0.7796,11.04,2.482e-05,0.2275,3.053,1.333,2.399,0.2114,9.341,0.4945,8.867
2022-04-07T11:26:50,43520.88,3226.74,115.75,0.2589,18.48,69.2,20.25,105.71,6.567,178.49,0.7124,0.02556,0.007895,2.481,1.65,2.61,1.492,4.082,169.23,14.78,0.9623,1.667,0.6248,2.521,432.05,1.084,54.9,0.779,11.03,2.481e-05,0.2272,3.051,1.332,2.397,0.2114,9.341,0.494,8.861
2022-04-07T11:27:21,43526.31,3227.4,115.83,0.2587,18.48,69.2,20.26,105.66,6.567,178.52,0.7124,0.02554,0.007895,2.481,1.651,2.61,1.492,4.071,169.35,14.78,0.9613,1.665,0.6248,2.523,432.03,1.085,54.88,0.7792,11.04,2.481e-05,0.2273,3.05,1.333,2.397,0.2113,9.348,0.4944,8.86
2022-04-07T11:27:51,43520.63,3226.93,115.8,0.2587,18.48,69.1,20.26,105.56,6.573,178.41,0.7144,0.02556,0.007895,2.481,1.649,2.61,1.492,4.066,169.32,14.78,0.9613,1.682,0.6248,2.522,432.1,1.085,54.86,0.779,11.04,2.48e-05,0.2273,3.049,1.333,2.397,0.2112,9.348,0.4942,8.86
2022-04-07T11:28:21,43524.87,3226.57,115.82,0.2589,18.48,69.1,20.25,105.55,6.566,178.43,0.7149,0.02553,0.007895,2.479,1.646,2.61,1.493,4.057,169.47,14.78,0.9613,1.682,0.6248,2.52,432.25,1.084,54.86,0.7791,11.05,2.479e-05,0.2271,3.05,1.333,2.397,0.2113,9.355,0.4942,8.864
2022-04-07T11:28:51,43524.38,3226.19,115.85,0.2589,18.48,69.1,20.28,105.57,6.564,178.44,0.7149,0.02556,0.007895,2.479,1.647,2.61,1.493,4.066,169.57,14.78,0.9613,1.679,0.6248,2.522,432.21,1.085,54.87,0.7797,11.05,2.48e-05,0.2271,3.054,1.333,2.398,0.2114,9.365,0.4944,8.859
2022-04-07T11:29:21,43540.12,3228.36,115.98,0.2589,18.49,69.1,20.29,105.68,6.576,178.4,0.7149,0.0256,0.007895,2.48,1.647,2.61,1.495,4.071,169.68,14.78,0.9613,1.69,0.6248,2.526,432.41,1.085,54.97,0.7805,11.07,2.482e-05,0.2274,3.057,1.334,2.4,0.2118,9.369,0.4949,8.859
2022-04-07T11:29:51,43540.85,3228.11,115.92,0.2589,18.49,69.2,20.29,105.7,6.567,178.38,0.7149,0.02562,0.007895,2.48,1.644,2.61,1.494,4.072,169.65,14.8,0.9613,1.696,0.6248,2.524,432.32,1.086,54.97,0.7807,11.07,2.482e-05,0.2274,3.056,1.335,2.4,0.2117,9.371,0.4951,8.861
2022-04-07T11:30:21,43566.44,3229.07,116.01,0.2589,18.48,69.2,20.29,105.73,6.565,178.39,0.7149,0.02564,0.0079,2.48,1.644,2.61,1.495,4.07,169.7,14.8,0.9613,1.687,0.6248,2.525,432.4,1.086,54.99,0.7807,11.07,2.482e-05,0.2274,3.058,1.335,2.4,0.2119,9.374,0.4955,8.867
2022-04-07T11:30:51,43549.52,3227.11,115.89,0.2589,18.5,69.1,20.28,105.7,6.585,178.4,0.7149,0.02557,0.0079,2.48,1.644,2.61,1.495,4.068,169.62,14.81,0.9613,1.674,0.6248,2.524,432.23,1.086,54.96,0.7807,11.07,2.483e-05,0.2273,3.058,1.335,2.399,0.2118,9.368,0.4955,8.865
2022-04-07T11:31:21,43592.64,3228.46,116.23,0.2589,18.5,69.5,20.31,105.8,6.599,178.67,0.7149,0.02564,0.0079,2.48,1.644,2.61,1.497,4.079,169.78,14.81,0.9613,1.694,0.6248,2.533,432.21,1.087,55.02,0.781,11.09,2.483e-05,0.2282,3.061,1.336,2.402,0.2121,9.379,0.4957,8.866
2022-04-07T11:31:52,43626.67,3232.35,116.05,0.2591,18.52,69.5,20.33,105.81,6.618,178.63,0.7159,0.02559,0.0079,2.48,1.645,2.61,1.498,4.079,169.8,14.81,0.9613,1.689,0.6248,2.53,432.72,1.087,55.12,0.7813,11.11,2.486e-05,0.2284,3.069,1.337,2.405,0.2123,9.377,0.4966,8.867
2022-04-07T11:32:22,43664.07,3236.24,116.24,0.2591,18.53,69.8,20.35,105.86,6.625,178.84,0.7159,0.02565,0.0079,2.48,1.646,2.61,1.5,4.088,169.85,14.81,0.9613,1.685,0.6248,2.533,433.23,1.088,55.18,0.7826,11.11,2.488e-05,0.2281,3.072,1.341,2.406,0.2127,9.397,0.4966,8.879
2022-04-07T11:32:52,43664.83,3237.97,116.42,0.2597,18.53,69.7,20.36,105.96,6.625,179.02,0.7166,0.02569,0.0079,2.48,1.645,2.61,1.5,4.085,170.05,14.81,0.964,1.688,0.6248,2.537,433.34,1.088,55.18,0.7828,11.13,2.493e-05,0.2286,3.072,1.342,2.408,0.2127,9.402,0.497,8.881
2022-04-07T11:33:22,43660.01,3238.6,116.5,0.2599,18.53,69.5,20.34,105.99,6.626,179.13,0.7166,0.02569,0.007879,2.48,1.647,2.61,1.5,4.086,170.28,14.81,0.9625,1.68,0.6248,2.536,433.49,1.088,55.17,0.7829,11.14,2.493e-05,0.2286,3.071,1.343,2.408,0.2128,9.412,0.4976,8.883
2022-04-07T11:33:52,43662.56,3237.42,116.51,0.2596,18.53,69.6,20.34,106.06,6.621,179.44,0.7166,0.02572,0.007908,2.48,1.648,2.64,1.501,4.087,170.31,14.81,0.9625,1.678,0.6248,2.537,433.6,1.088,55.15,0.7834,11.13,2.492e-05,0.2284,3.07,1.344,2.411,0.2129,9.421,0.4975,8.887
2022-04-07T11:34:23,43656.58,3237.9,116.61,0.2596,18.53,69.6,20.34,106.07,6.624,179.43,0.7164,0.02572,0.00788,2.48,1.648,2.64,1.5,4.085,170.28,14.81,0.9625,1.678,0.6248,2.537,433.49,1.089,55.14,0.7859,11.14,2.492e-05,0.2289,3.071,1.344,2.412,0.2127,9.425,0.4973,8.889
2022-04-07T11:34:53,43660.55,3239.67,116.57,0.26,18.61,69.6,20.35,106.11,6.626,179.57,0.7174,0.02572,0.00788,2.485,1.648,2.64,1.5,4.078,170.29,14.81,0.9631,1.678,0.6248,2.538,433.67,1.088,55.13,0.786,11.16,2.492e-05,0.229,3.071,1.345,2.411,0.2127,9.448,0.4973,8.897
2022-04-07T11:35:23,43667.07,3241.37,116.58,0.26,18.61,69.6,20.35,106.07,6.636,179.45,0.7175,0.02573,0.00788,2.49,1.649,2.64,1.5,4.078,170.41,14.81,0.9631,1.678,0.6248,2.538,433.68,1.088,55.19,0.7853,11.17,2.492e-05,0.2289,3.07,1.345,2.411,0.2127,9.45,0.4976,8.904
2022-04-07T11:35:53,43662.8,3239.62,116.55,0.26,18.63,69.6,20.35,106.08,6.627,179.21,0.7178,0.02575,0.00788,2.49,1.648,2.64,1.5,4.072,170.38,14.81,0.9631,1.678,0.6248,2.536,433.69,1.088,55.22,0.7853,11.16,2.491e-05,0.2286,3.07,1.344,2.411,0.2125,9.457,0.4974,8.905
2022-04-07T11:36:23,43662.21,3239.19,116.61,0.2598,18.59,69.6,20.35,106.16,6.63,179.11,0.7175,0.02574,0.00788,2.49,1.649,2.64,1.5,4.076,170.4,14.81,0.9631,1.675,0.6248,2.535,433.72,1.088,55.23,0.7855,11.15,2.491e-05,0.2288,3.069,1.344,2.411,0.2125,9.456,0.4978,8.906
2022-04-07T11:36:54,43681.65,3242.48,116.77,0.2598,18.59,69.6,20.36,106.2,6.632,179.24,0.7191,0.02577,0.00788,2.49,1.649,2.64,1.5,4.081,170.55,14.81,0.9631,1.676,0.6248,2.536,433.84,1.09,55.25,0.7857,11.18,2.492e-05,0.2288,3.07,1.345,2.411,0.2127,9.471,0.4979,8.909
2022-04-07T11:37:24,43692.13,3244.32,116.86,0.2599,18.59,69.7,20.38,106.26,6.633,179.31,0.7191,0.02579,0.007917,2.49,1.648,2.64,1.502,4.088,170.73,14.81,0.963,1.669,0.6248,2.541,433.93,1.09,55.39,0.7858,11.2,2.493e-05,0.2294,3.072,1.345,2.412,0.2129,9.499,0.4987,8.911
2022-04-07T11:37:54,43695.29,3246.18,116.86,0.2595,18.63,69.7,20.41,106.4,6.636,179.71,0.7193,0.02581,0.007917,2.486,1.647,2.64,1.501,4.08,170.75,14.78,0.963,1.666,0.6248,2.541,434.13,1.09,55.37,0.7854,11.2,2.494e-05,0.2291,3.072,1.345,2.413,0.2128,9.51,0.4988,8.916
2022-04-07T11:38:24,43717.32,3246.17,116.97,0.2595,18.69,69.7,20.41,106.51,6.637,179.86,0.7181,0.02586,0.007917,2.486,1.648,2.64,1.502,4.087,170.78,14.78,0.963,1.669,0.6248,2.544,434.16,1.09,55.34,0.7851,11.21,2.495e-05,0.2291,3.073,1.346,2.413,0.2129,9.556,0.4989,8.916
2022-04-07T11:38:54,43706.87,3246.5,116.95,0.2594,18.63,69.8,20.42,106.49,6.632,180.03,0.7181,0.02587,0.007917,2.486,1.648,2.64,1.502,4.078,170.83,14.77,0.963,1.673,0.6263,2.545,434.32,1.09,55.34,0.7851,11.21,2.495e-05,0.2294,3.077,1.346,2.414,0.2129,9.582,0.4991,8.912
2022-04-07T11:39:24,43707.08,3246.87,116.93,0.2596,18.7,69.9,20.42,106.53,6.637,180.03,0.7174,0.02586,0.007917,2.486,1.65,2.64,1.503,4.08,170.86,14.77,0.963,1.672,0.6263,2.546,434.45,1.09,55.34,0.7851,11.23,2.496e-05,0.2296,3.077,1.346,2.415,0.2129,9.587,0.4994,8.918
2022-04-07T11:39:54,43705.18,3246.87,116.82,0.2598,18.7,69.9,20.42,106.52,6.644,180.02,0.7175,0.02585,0.007925,2.486,1.651,2.64,1.502,4.08,170.81,14.9,0.963,1.667,0.6263,2.546,434.48,1.09,55.33,0.785,11.23,2.496e-05,0.2294,3.076,1.347,2.414,0.2129,9.556,0.4995,8.918
2022-04-07T11:40:25,43698.48,3245.38,116.86,0.2599,18.7,69.9,20.41,106.49,6.643,179.94,0.7175,0.02589,0.007925,2.486,1.65,2.64,1.502,4.082,171.01,14.9,0.963,1.668,0.6263,2.546,434.34,1.091,55.34,0.7849,11.21,2.495e-05,0.2292,3.077,1.347,2.414,0.2129,9.55,0.4994,8.924
2022-04-07T11:40:55,43706.3,3246.18,116.85,0.2606,18.66,69.8,20.41,106.53,6.651,180.1,0.7175,0.02586,0.007925,2.486,1.65,2.64,1.502,4.081,171.07,14.84,0.963,1.666,0.6263,2.547,434.5,1.091,55.41,0.785,11.22,2.495e-05,0.2296,3.078,1.347,2.416,0.213,9.578,0.4995,8.926
2022-04-07T11:41:25,43752.51,3246.97,117.09,0.2608,18.66,69.8,20.44,106.55,6.651,180.27,0.7175,0.02589,0.007925,2.486,1.651,2.64,1.503,4.091,171.16,14.84,0.963,1.663,0.6263,2.555,434.91,1.091,55.53,0.7853,11.24,2.496e-05,0.2297,3.08,1.348,2.417,0.2131,9.59,0.4996,8.933
2022-04-07T11:41:56,43767.6,3249.77,117.28,0.2611,18.7,69.8,20.45,106.67,6.664,180.3,0.7183,0.02594,0.007925,2.486,1.652,2.64,1.503,4.101,171.27,14.88,0.963,1.671,0.6267,2.556,434.95,1.092,55.6,0.7859,11.25,2.498e-05,0.2297,3.083,1.35,2.418,0.2132,9.595,0.5002,8.935
2022-04-07T11:42:26,43771.29,3251.55,117.35,0.2614,18.76,69.9,20.46,106.8,6.667,180.36,0.7191,0.02598,0.007925,2.49,1.651,2.64,1.503,4.106,171.31,14.88,0.963,1.666,0.6267,2.555,434.96,1.093,55.63,0.7863,11.26,2.501e-05,0.2299,3.086,1.351,2.42,0.2132,9.599,0.5005,8.94
2022-04-07T11:42:56,43784.54,3254.72,117.5,0.2613,18.77,70,20.46,106.87,6.677,180.33,0.7193,0.02599,0.007925,2.49,1.652,2.64,1.505,4.106,171.25,14.88,0.963,1.67,0.6267,2.556,436.01,1.093,55.63,0.7867,11.27,2.502e-05,0.2297,3.087,1.352,2.422,0.2132,9.603,0.5008,8.952
2022-04-07T11:43:26,43794.67,3256.07,117.48,0.2612,18.84,70,20.46,106.89,6.703,180.3,0.7204,0.02599,0.007934,2.49,1.652,2.64,1.505,4.106,171.07,14.88,0.963,1.67,0.6267,2.556,436.02,1.093,55.65,0.7868,11.27,2.502e-05,0.2305,3.088,1.352,2.423,0.2132,9.611,0.5009,8.95
2022-04-07T11:43:56,43807.22,3260.7,117.48,0.2613,18.87,70.1,20.48,106.95,6.709,180.88,0.7207,0.02602,0.007934,2.492,1.652,2.64,1.506,4.112,171.12,14.88,0.9658,1.677,0.6267,2.559,436.11,1.093,55.69,0.7881,11.26,2.508e-05,0.2308,3.088,1.353,2.424,0.2132,9.622,0.5011,8.965
2022-04-07T11:44:27,43824.16,3259.59,117.51,0.2617,18.86,70.1,20.49,107.03,6.72,181.18,0.7217,0.02603,0.007934,2.492,1.654,2.64,1.506,4.108,171.32,14.88,0.9658,1.666,0.6267,2.559,436.04,1.093,55.74,0.7881,11.26,2.508e-05,0.2311,3.091,1.353,2.425,0.2132,9.622,0.5012,8.966
2022-04-07T11:44:57,43819.01,3256.53,117.51,0.2617,18.86,70.1,20.49,106.99,6.735,181.59,0.7217,0.02603,0.007934,2.492,1.656,2.64,1.506,4.108,171.31,14.88,0.9658,1.67,0.6267,2.56,435.73,1.093,55.73,0.788,11.24,2.505e-05,0.2304,3.088,1.353,2.422,0.2131,9.621,0.501,8.966
2022-04-07T11:45:27,43788.9,3254.41,117.5,0.2611,18.89,70,20.47,106.88,6.731,181.6,0.7216,0.02596,0.007934,2.492,1.66,2.64,1.505,4.108,171.11,14.88,0.9718,1.675,0.6267,2.553,435.57,1.092,55.66,0.7876,11.24,2.505e-05,0.2308,3.086,1.353,2.422,0.213,9.598,0.5004,8.956
2022-04-07T11:45:57,43750.6,3251.37,117.34,0.2605,18.89,69.8,20.44,106.78,6.687,181.56,0.7218,0.02583,0.007938,2.492,1.659,2.63,1.503,4.092,171.05,14.88,0.9718,1.675,0.6267,2.554,435.32,1.09,55.59,0.7863,11.24,2.503e-05,0.2296,3.083,1.351,2.418,0.2129,9.586,0.5,8.946
2022-04-07T11:46:27,43743.43,3250.73,117.27,0.2604,18.9,69.9,20.45,106.77,6.676,181.58,0.7204,0.02579,0.007925,2.492,1.66,2.63,1.502,4.096,171.01,14.88,0.9718,1.675,0.6267,2.553,435.17,1.091,55.53,0.786,11.2,2.501e-05,0.23,3.082,1.349,2.418,0.213,9.588,0.5001,8.938
2022-04-07T11:46:57,43751.58,3252.96,117.34,0.2608,18.9,69.9,20.44,106.82,6.682,181.89,0.7204,0.02579,0.007925,2.495,1.661,2.63,1.502,4.097,171.25,14.88,0.9718,1.681,0.6267,2.553,435.14,1.091,55.55,0.7864,11.21,2.501e-05,0.2299,3.085,1.35,2.419,0.213,9.628,0.5004,8.938
2022-04-07T11:47:27,43774.29,3253.54,117.33,0.261,18.95,69.9,20.44,106.82,6.69,181.96,0.7204,0.02577,0.007925,2.495,1.66,2.63,1.503,4.11,171.32,14.88,0.9721,1.68,0.6267,2.554,435.45,1.091,55.52,0.7863,11.21,2.499e-05,0.2298,3.087,1.35,2.419,0.2131,9.644,0.5007,8.95
2022-04-07T11:47:58,43750.49,3250.32,117.32,0.261,18.94,70,20.43,106.69,6.69,181.89,0.7204,0.02577,0.007949,2.494,1.661,2.63,1.502,4.11,171.41,14.88,0.9721,1.68,0.6267,2.551,435.22,1.09,55.51,0.786,11.2,2.5e-05,0.2297,3.085,1.349,2.417,0.213,9.642,0.5003,8.947
2022-04-07T11:48:28,43740.75,3249.21,117.29,0.2609,18.93,69.9,20.43,106.6,6.683,181.87,0.7206,0.02577,0.007933,2.492,1.66,2.63,1.5,4.109,171.39,14.88,0.9721,1.679,0.6179,2.548,434.95,1.09,55.46,0.7855,11.2,2.5e-05,0.2297,3.082,1.348,2.416,0.213,9.63,0.4997,8.947
2022-04-07T11:48:58,43733.16,3248.61,117.16,0.2611,18.95,69.9,20.42,106.59,6.683,181.83,0.7208,0.0258,0.007933,2.492,1.66,2.63,1.501,4.106,171.45,14.81,0.9672,1.681,0.6179,2.548,434.82,1.09,55.44,0.7854,11.2,2.499e-05,0.2294,3.08,1.347,2.415,0.213,9.61,0.5001,8.945
2022-04-07T11:49:28,43713.34,3248.23,117.23,0.2603,18.91,69.9,20.42,106.52,6.673,181.7,0.7231,0.02579,0.007915,2.492,1.66,2.63,1.5,4.094,171.5,14.81,0.9672,1.69,0.6179,2.549,434.67,1.089,55.37,0.7848,11.2,2.498e-05,0.2293,3.079,1.347,2.415,0.2129,9.604,0.4998,8.939
2022-04-07T11:49:58,43754.26,3249.13,117.36,0.2604,18.94,70,20.44,106.54,6.677,181.58,0.7226,0.02583,0.007898,2.494,1.66,2.63,1.501,4.094,171.45,14.81,0.9672,1.691,0.6179,2.551,434.92,1.09,55.38,0.7856,11.21,2.5e-05,0.2296,3.081,1.347,2.417,0.213,9.619,0.4998,8.938
2022-04-07T11:50:28,43721.96,3247.88,117.19,0.2599,18.98,70,20.41,106.49,6.686,181.02,0.7214,0.02587,0.007873,2.494,1.66,2.63,1.5,4.084,171.36,14.84,0.9672,1.69,0.6179,2.55,434.59,1.089,55.34,0.7848,11.19,2.497e-05,0.2295,3.077,1.347,2.415,0.2129,9.606,0.4993,8.937
2022-04-07T11:50:58,43723.47,3248.38,117.21,0.2608,19,70,20.42,106.45,6.695,180.78,0.7214,0.02585,0.007873,2.494,1.66,2.63,1.501,4.082,171.42,14.84,0.9672,1.69,0.6179,2.549,434.51,1.089,55.34,0.7849,11.2,2.498e-05,0.2296,3.079,1.348,2.415,0.2129,9.587,0.4991,8.929
2022-04-07T11:51:28,43721.42,3248.94,117.1,0.2623,19,70,20.41,106.36,6.714,180.71,0.7214,0.02577,0.007873,2.494,1.66,2.63,1.5,4.082,171.46,14.84,0.9672,1.69,0.6179,2.549,434.44,1.088,55.3,0.7847,11.19,2.498e-05,0.2294,3.076,1.348,2.415,0.213,9.598,0.4991,8.936
2022-04-07T11:51:59,43703.68,3248.23,117.1,0.2624,18.98,70,20.4,106.37,6.694,180.42,0.7214,0.02576,0.007873,2.494,1.66,2.63,1.5,4.082,171.43,14.84,0.9672,1.681,0.6179,2.548,434.27,1.089,55.29,0.7845,11.19,2.497e-05,0.2294,3.075,1.347,2.413,0.213,9.594,0.4991,8.936
2022-04-07T11:52:29,43702.76,3246.54,117.02,0.2618,19,70,20.39,106.38,6.681,180.4,0.7205,0.02575,0.007873,2.494,1.66,2.63,1.499,4.078,171.46,14.84,0.9672,1.671,0.6179,2.547,434.21,1.089,55.3,0.7842,11.18,2.497e-05,0.2294,3.074,1.347,2.414,0.2129,9.601,0.4992,8.934
2022-04-07T11:52:59,43705.41,3246.74,116.99,0.2615,19,70,20.39,106.34,6.687,180.44,0.7205,0.02575,0.007873,2.494,1.659,2.62,1.499,4.076,171.43,14.84,0.9672,1.671,0.6179,2.547,434.21,1.089,55.3,0.7839,11.19,2.497e-05,0.2293,3.074,1.347,2.414,0.213,9.602,0.4992,8.929
2022-04-07T11:53:29,43706.21,3246.57,117.01,0.261,19.06,70.2,20.39,106.32,6.681,180.32,0.722,0.02571,0.007834,2.494,1.659,2.62,1.499,4.079,171.42,14.84,0.9672,1.671,0.6179,2.548,434.34,1.089,55.29,0.7834,11.19,2.497e-05,0.2294,3.074,1.347,2.413,0.2129,9.611,0.4994,8.927
2022-04-07T11:53:59,43710.02,3248.14,117.06,0.2611,19.06,70.2,20.39,106.33,6.686,180.38,0.722,0.02563,0.00785,2.494,1.659,2.62,1.5,4.08,171.53,14.84,0.9672,1.673,0.6179,2.549,434.4,1.089,55.28,0.7837,11.19,2.497e-05,0.2294,3.075,1.349,2.414,0.213,9.623,0.4994,8.927
2022-04-07T11:54:29,43728.69,3249.86,117.11,0.2612,19.06,70.2,20.39,106.41,6.692,180.76,0.7225,0.02562,0.00785,2.494,1.659,2.62,1.499,4.089,171.62,14.84,0.9672,1.677,0.6179,2.551,434.6,1.09,55.35,0.7842,11.23,2.498e-05,0.2293,3.078,1.35,2.415,0.213,9.649,0.4999,8.928
2022-04-07T11:54:59,43733.97,3249.8,117.14,0.2613,19.09,70.2,20.42,106.47,6.695,180.77,0.7225,0.0256,0.007855,2.494,1.659,2.62,1.501,4.087,171.72,14.8,0.9672,1.675,0.6179,2.551,434.95,1.091,55.37,0.7843,11.23,2.499e-05,0.2299,3.079,1.352,2.416,0.2131,9.664,0.5002,8.929
2022-04-07T11:55:29,43709.83,3249.14,117.06,0.2613,19.05,70.2,20.4,106.47,6.707,180.86,0.7219,0.02564,0.00785,2.494,1.659,2.62,1.501,4.082,171.66,14.8,0.9672,1.672,0.6179,2.55,434.91,1.09,55.37,0.7843,11.22,2.499e-05,0.2298,3.077,1.351,2.416,0.2131,9.647,0.4998,8.929
2022-04-07T11:55:59,43682.52,3246.45,116.88,0.2605,19.05,70,20.38,106.4,6.694,180.79,0.7215,0.02559,0.00785,2.494,1.658,2.62,1.498,4.082,171.5,14.87,0.9672,1.663,0.6179,2.549,434.47,1.09,55.32,0.7834,11.2,2.499e-05,0.2295,3.074,1.35,2.412,0.213,9.625,0.499,8.927
2022-04-07T11:56:30,43692.88,3248.71,117.05,0.2605,19.07,70.2,20.38,106.31,6.695,180.89,0.7215,0.0256,0.00785,2.497,1.659,2.62,1.499,4.087,171.5,14.87,0.9664,1.66,0.6179,2.549,434.36,1.09,55.28,0.7837,11.19,2.498e-05,0.2295,3.077,1.348,2.413,0.2129,9.626,0.4993,8.925
2022-04-07T11:57:00,43694.85,3246.95,116.99,0.2604,19.09,70.2,20.37,106.3,6.691,181.03,0.7212,0.02562,0.00785,2.497,1.659,2.62,1.5,4.082,171.53,14.86,0.9664,1.655,0.6179,2.546,434.43,1.09,55.27,0.7835,11.18,2.498e-05,0.2295,3.076,1.348,2.413,0.2129,9.602,0.4994,8.92
2022-04-07T11:57:30,43699.56,3248.11,117.03,0.2604,19.05,70.3,20.37,106.37,6.693,181.26,0.7209,0.02565,0.00785,2.497,1.659,2.62,1.5,4.087,171.62,14.86,0.9668,1.653,0.6179,2.549,434.41,1.09,55.25,0.7836,11.18,2.499e-05,0.2295,3.076,1.348,2.414,0.213,9.604,0.4994,8.926
2022-04-07T11:58:00,43717.82,3248,117.03,0.2607,19.09,70.3,20.39,106.39,6.712,181.43,0.7214,0.0257,0.00786,2.497,1.659,2.62,1.501,4.083,171.68,14.91,0.9668,1.655,0.6179,2.549,434.56,1.09,55.26,0.7841,11.2,2.5e-05,0.23,3.081,1.348,2.414,0.2131,9.595,0.4993,8.927
2022-04-07T11:58:30,43711.69,3247.69,117.09,0.2607,19.09,70.3,20.39,106.4,6.7,181.98,0.7213,0.02568,0.00786,2.497,1.658,2.62,1.501,4.08,171.71,14.91,0.9668,1.653,0.6179,2.549,434.76,1.09,55.35,0.7844,11.19,2.501e-05,0.23,3.081,1.35,2.414,0.2131,9.59,0.4994,8.927
2022-04-07T11:59:00,43711.62,3246.62,117.15,0.2603,19.09,70.2,20.38,106.35,6.698,182.36,0.7213,0.02568,0.00785,2.497,1.658,2.62,1.501,4.079,171.65,14.91,0.9718,1.647,0.6179,2.547,434.65,1.09,55.37,0.7843,11.18,2.502e-05,0.2298,3.081,1.35,2.415,0.2131,9.589,0.4994,8.923
2022-04-07T11:59:30,43751.24,3248.12,117.37,0.2605,19.06,70.2,20.4,106.44,6.71,182.35,0.7212,0.02573,0.007851,2.497,1.66,2.62,1.503,4.079,171.71,14.91,0.9718,1.648,0.6179,2.552,435.06,1.091,55.38,0.7849,11.21,2.506e-05,0.2304,3.083,1.351,2.417,0.2132,9.597,0.4999,8.931
2022-04-07T12:00:00,43757.04,3249.89,117.38,0.2605,19.09,70.3,20.41,106.47,6.715,182.19,0.7218,0.02575,0.007851,2.497,1.66,2.62,1.503,4.084,171.81,14.91,0.9718,1.646,0.6179,2.552,435.15,1.091,55.43,0.785,11.21,2.507e-05,0.2303,3.087,1.351,2.418,0.2133,9.599,0.5004,8.931
2022-04-07T12:00:31,43750.45,3250.64,117.56,0.2603,19.09,70.3,20.41,106.47,6.719,182.58,0.722,0.02576,0.007851,2.497,1.66,2.62,1.504,4.082,171.82,14.91,0.9716,1.645,0.6179,2.552,435.22,1.091,55.52,0.7852,11.21,2.508e-05,0.2303,3.086,1.352,2.418,0.2133,9.598,0.5004,8.931
2022-04-07T12:01:01,43740.16,3250.06,117.48,0.2603,19.06,70.3,20.39,106.47,6.719,182.36,0.722,0.02576,0.007851,2.497,1.659,2.62,1.502,4.078,171.82,14.95,0.9716,1.645,0.6179,2.554,435.19,1.09,55.51,0.785,11.19,2.505e-05,0.2302,3.084,1.352,2.417,0.2133,9.572,0.4999,8.941
2022-04-07T12:01:31,43761.06,3252.53,117.53,0.2603,19.06,70.3,20.4,106.47,6.713,182.16,0.7222,0.02575,0.007851,2.496,1.658,2.62,1.503,4.08,171.79,14.95,0.9716,1.645,0.6179,2.555,435.05,1.09,55.5,0.7851,11.2,2.509e-05,0.2302,3.085,1.352,2.416,0.2133,9.565,0.5,8.94
2022-04-07T12:02:01,43812.71,3258.67,117.85,0.2611,19.08,70.1,20.46,106.68,6.72,182.62,0.7214,0.02587,0.007883,2.496,1.66,2.63,1.507,4.088,171.97,14.95,0.9716,1.647,0.6179,2.56,435.63,1.091,55.6,0.7869,11.23,2.516e-05,0.231,3.093,1.355,2.42,0.2135,9.581,0.5006,8.961
2022-04-07T12:02:31,43812.12,3257.5,117.79,0.2612,19.1,70.4,20.46,106.79,6.737,182.63,0.7215,0.02592,0.007883,2.496,1.659,2.63,1.507,4.09,172.02,14.95,0.9716,1.651,0.6179,2.563,435.95,1.093,55.66,0.7869,11.25,2.515e-05,0.2308,3.093,1.355,2.423,0.2135,9.591,0.5005,8.966
2022-04-07T12:03:01,43779.96,3257.15,117.57,0.2615,19.1,70.3,20.45,106.8,6.737,182.32,0.7215,0.02593,0.007888,2.506,1.659,2.63,1.507,4.09,172.06,14.95,0.9716,1.653,0.6179,2.563,435.98,1.093,55.65,0.7867,11.23,2.515e-05,0.2308,3.093,1.355,2.423,0.2136,9.595,0.5002,8.968
2022-04-07T12:03:31,43798.28,3259.32,117.71,0.2615,19.08,70.2,20.46,106.8,6.741,182.53,0.7215,0.02593,0.007888,2.501,1.661,2.63,1.507,4.092,172.36,14.95,0.9716,1.654,0.6179,2.565,436.23,1.093,55.63,0.7874,11.23,2.515e-05,0.2308,3.091,1.356,2.423,0.2137,9.599,0.5008,8.973
2022-04-07T12:04:02,43788.27,3260.56,117.64,0.2613,19.09,70.2,20.45,106.79,6.742,182.67,0.7212,0.02593,0.007888,2.501,1.663,2.63,1.507,4.09,172.3,14.96,0.9716,1.654,0.6179,2.564,436.28,1.093,55.6,0.7874,11.23,2.515e-05,0.2307,3.091,1.357,2.423,0.2139,9.61,0.5008,8.973
2022-04-07T12:04:32,43786.71,3260.32,117.72,0.2613,19.09,70.2,20.46,106.74,6.742,182.62,0.7214,0.02594,0.007888,2.501,1.668,2.64,1.507,4.09,172.35,14.96,0.9716,1.655,0.6179,2.563,436.41,1.093,55.6,0.7876,11.23,2.515e-05,0.2307,3.088,1.357,2.423,0.2139,9.611,0.5007,8.975
2022-04-07T12:05:02,43774.67,3260.02,117.69,0.2611,19.09,70.2,20.47,106.68,6.744,182.59,0.7211,0.02594,0.007888,2.503,1.668,2.64,1.507,4.093,172.45,14.96,0.9716,1.661,0.6179,2.562,436.52,1.092,55.54,0.7871,11.23,2.515e-05,0.2307,3.088,1.357,2.422,0.214,9.612,0.5007,8.974
2022-04-07T12:05:32,43789.1,3258.38,117.64,0.2612,19.08,70.3,20.48,106.65,6.743,182.58,0.7211,0.02593,0.007888,2.503,1.669,2.64,1.507,4.094,172.49,14.96,0.9682,1.661,0.6179,2.562,436.64,1.092,55.57,0.7872,11.21,2.514e-05,0.2308,3.09,1.358,2.423,0.2139,9.611,0.5009,8.975
2022-04-07T12:06:02,43782.44,3257.81,117.65,0.261,19.08,70.3,20.47,106.6,6.737,182.64,0.7211,0.02596,0.007893,2.506,1.669,2.64,1.507,4.091,172.55,14.97,0.9682,1.663,0.6179,2.559,436.65,1.093,55.55,0.7872,11.2,2.513e-05,0.2308,3.088,1.358,2.423,0.214,9.606,0.501,8.974
2022-04-07T12:06:32,43788.71,3256.63,117.86,0.2614,19.08,70.3,20.48,106.63,6.748,182.67,0.7214,0.02596,0.007893,2.506,1.669,2.64,1.507,4.091,172.61,14.97,0.9682,1.663,0.6179,2.559,436.73,1.094,55.56,0.7879,11.21,2.515e-05,0.2306,3.089,1.359,2.423,0.214,9.596,0.5013,8.975
2022-04-07T12:07:03,43789.7,3258.01,117.98,0.2612,19.08,70.3,20.47,106.61,6.746,182.44,0.7214,0.02589,0.007893,2.5,1.669,2.64,1.507,4.083,172.72,14.98,0.9682,1.663,0.6179,2.561,436.16,1.094,55.55,0.788,11.2,2.514e-05,0.2304,3.091,1.359,2.423,0.214,9.593,0.5014,8.975
2022-04-07T12:07:33,43823.43,3259.44,118.2,0.2618,19.08,70.4,20.48,106.68,6.74,182.71,0.7211,0.02593,0.00787,2.5,1.669,2.64,1.507,4.089,172.8,14.98,0.9682,1.659,0.6179,2.564,436.02,1.095,55.59,0.7888,11.2,2.517e-05,0.2306,3.092,1.362,2.426,0.2141,9.61,0.5019,8.977
2022-04-07T12:08:03,43823.07,3263.08,118.23,0.2615,19.08,70.4,20.49,106.75,6.748,182.91,0.7214,0.02597,0.007883,2.5,1.67,2.64,1.509,4.088,172.83,14.98,0.9718,1.662,0.6179,2.565,436.1,1.095,55.62,0.7892,11.22,2.516e-05,0.2307,3.095,1.363,2.427,0.2142,9.635,0.5027,8.984
2022-04-07T12:08:33,43827.94,3262.94,118.37,0.2615,19.08,70.5,20.5,106.8,6.751,183.01,0.722,0.02608,0.007883,2.507,1.671,2.64,1.51,4.086,172.88,14.98,0.9718,1.662,0.6179,2.565,436.41,1.095,55.63,0.7888,11.23,2.517e-05,0.2307,3.095,1.368,2.428,0.2142,9.645,0.5034,9.004
2022-04-07T12:09:03,43829.51,3263.61,118.29,0.2614,19.08,70.5,20.49,106.78,6.747,182.83,0.722,0.02606,0.007883,2.509,1.672,2.64,1.509,4.087,172.91,14.98,0.9725,1.654,0.6179,2.564,436.51,1.095,55.64,0.7888,11.23,2.518e-05,0.2309,3.095,1.368,2.427,0.2142,9.648,0.5033,9.017
2022-04-07T12:09:33,43840.9,3264.45,118.35,0.2618,19.08,70.6,20.5,106.77,6.749,182.85,0.7223,0.02605,0.007883,2.504,1.672,2.64,1.51,4.089,173.06,14.98,0.9756,1.661,0.6179,2.565,436.58,1.095,55.67,0.7888,11.22,2.518e-05,0.2307,3.095,1.368,2.429,0.2142,9.65,0.5038,9.029
2022-04-07T12:10:03,43839.66,3264.09,118.31,0.2615,19.12,70.6,20.49,106.65,6.744,182.74,0.7224,0.02607,0.007883,2.511,1.672,2.64,1.51,4.08,173.05,15.06,0.9756,1.659,0.6179,2.565,436.62,1.095,55.66,0.7886,11.25,2.518e-05,0.2308,3.095,1.369,2.43,0.2141,9.641,0.5038,9.025
2022-04-07T12:10:33,43878.21,3266.73,118.32,0.2617,19.16,70.6,20.51,106.77,6.745,182.92,0.7219,0.02608,0.007883,2.511,1.672,2.64,1.51,4.089,173.25,15.06,0.9756,1.662,0.6179,2.568,436.77,1.095,55.7,0.7892,11.28,2.523e-05,0.2312,3.097,1.371,2.432,0.2142,9.649,0.5042,9.04
2022-04-07T12:11:04,43862.23,3267.07,118.38,0.2618,19.17,70.5,20.49,106.78,6.749,182.98,0.7219,0.02603,0.007911,2.511,1.672,2.64,1.511,4.097,173.24,15.06,0.9793,1.659,0.6179,2.568,436.84,1.094,55.75,0.7897,11.28,2.525e-05,0.2313,3.097,1.376,2.433,0.2141,9.643,0.5044,9.028
2022-04-07T12:11:34,43862.95,3265.85,118.2,0.2617,19.18,70.5,20.49,106.73,6.751,182.86,0.7222,0.02601,0.007913,2.521,1.673,2.64,1.51,4.089,172.92,15.06,0.9822,1.663,0.6179,2.567,436.6,1.095,55.76,0.7894,11.26,2.522e-05,0.2311,3.096,1.376,2.432,0.2141,9.638,0.5039,9.02
2022-04-07T12:12:04,43852.2,3265.12,118.29,0.2619,19.18,70.9,20.5,106.73,6.748,182.97,0.7223,0.02602,0.007913,2.517,1.673,2.64,1.511,4.1,172.92,15.06,0.9822,1.665,0.6179,2.568,436.54,1.095,55.74,0.789,11.25,2.523e-05,0.2312,3.097,1.376,2.432,0.2141,9.645,0.5039,9.016
2022-04-07T12:12:34,43859.46,3265.16,118.29,0.2616,19.27,70.8,20.5,106.75,6.75,182.95,0.7228,0.02603,0.007913,2.522,1.673,2.63,1.511,4.1,172.88,15.06,0.9819,1.665,0.6179,2.568,436.61,1.095,55.69,0.789,11.23,2.522e-05,0.2312,3.095,1.377,2.432,0.2141,9.64,0.504,9.027
2022-04-07T12:13:04,43860.67,3265.61,118.33,0.2619,19.33,70.7,20.5,106.77,6.757,183.01,0.7228,0.02604,0.007913,2.522,1.672,2.63,1.511,4.102,172.94,15.06,0.9782,1.662,0.6179,2.568,436.62,1.094,55.71,0.7891,11.25,2.522e-05,0.2312,3.096,1.379,2.432,0.214,9.646,0.504,9.022
2022-04-07T12:13:34,43854.06,3265.35,118.27,0.2619,19.36,71,20.5,106.81,6.758,183.12,0.723,0.02605,0.007913,2.522,1.672,2.64,1.511,4.1,172.99,15.06,0.9782,1.662,0.6179,2.566,436.64,1.094,55.71,0.7892,11.25,2.523e-05,0.2312,3.096,1.379,2.431,0.2141,9.639,0.5042,9.022
2022-04-07T12:14:04,43851.05,3265.02,118.28,0.2618,19.36,71.1,20.51,106.82,6.758,183.2,0.7228,0.02604,0.007913,2.522,1.672,2.64,1.509,4.104,172.96,15.06,0.985,1.662,0.6179,2.566,436.68,1.094,55.72,0.7892,11.25,2.52e-05,0.2312,3.097,1.378,2.431,0.2141,9.641,0.504,9.021
2022-04-07T12:14:34,43844.46,3264.61,118.28,0.2617,19.37,71.2,20.5,106.79,6.767,183.25,0.722,0.02601,0.007913,2.522,1.673,2.64,1.507,4.105,172.9,15.06,0.9811,1.662,0.6179,2.565,436.6,1.093,55.72,0.789,11.25,2.52e-05,0.2311,3.097,1.377,2.43,0.214,9.636,0.5041,9.022
2022-04-07T12:15:05,43786.91,3261.26,118.22,0.2608,19.37,71.1,20.47,106.65,6.764,183.06,0.7214,0.02599,0.007913,2.526,1.672,2.64,1.507,4.093,172.83,15.06,0.9811,1.652,0.6179,2.561,436.33,1.092,55.69,0.7887,11.23,2.516e-05,0.2301,3.087,1.375,2.426,0.2137,9.632,0.5036,9.019
2022-04-07T12:15:35,43813.75,3261.26,118.1,0.2614,19.38,71,20.49,106.68,6.767,183.02,0.7231,0.02597,0.007913,2.526,1.673,2.64,1.507,4.096,172.95,15.06,0.9811,1.649,0.6179,2.564,436.26,1.093,55.65,0.7883,11.23,2.517e-05,0.2301,3.088,1.376,2.428,0.2137,9.631,0.5041,9.027
2022-04-07T12:16:05,43803.14,3260.07,118.05,0.2614,19.48,70.9,20.49,106.61,6.757,182.43,0.7224,0.02591,0.007913,2.526,1.673,2.64,1.507,4.094,172.86,15.06,0.9811,1.649,0.6179,2.562,436.07,1.092,55.62,0.7882,11.23,2.517e-05,0.2306,3.087,1.375,2.427,0.2138,9.618,0.5042,9.028
2022-04-07T12:16:35,43808.38,3260.26,118.07,0.2609,19.48,70.9,20.48,106.54,6.761,182.56,0.7229,0.02591,0.007913,2.526,1.674,2.64,1.507,4.096,172.87,15.06,0.9811,1.68,0.6179,2.563,435.91,1.092,55.6,0.7881,11.24,2.516e-05,0.2302,3.089,1.374,2.425,0.2137,9.622,0.504,9.028
2022-04-07T12:17:05,43792.12,3259.18,118.06,0.2606,19.48,71,20.47,106.48,6.76,182.52,0.7229,0.02587,0.007858,2.526,1.674,2.64,1.505,4.096,172.84,15.06,0.9811,1.677,0.6179,2.561,435.74,1.091,55.57,0.7878,11.24,2.512e-05,0.2301,3.088,1.372,2.424,0.2137,9.616,0.5038,9.027
2022-04-07T12:17:35,43787.41,3258.49,118,0.2606,19.48,70.9,20.45,106.44,6.763,182.52,0.7234,0.02584,0.007858,2.526,1.674,2.64,1.504,4.1,172.87,15.06,0.9825,1.675,0.6179,2.559,435.59,1.091,55.52,0.7868,11.22,2.51e-05,0.2298,3.085,1.37,2.424,0.2136,9.601,0.5034,9.023
2022-04-07T12:18:05,43793.29,3258.37,118.06,0.2607,19.54,70.9,20.46,106.45,6.733,182.7,0.7247,0.02577,0.007858,2.528,1.674,2.64,1.506,4.097,172.9,14.99,0.9843,1.68,0.6179,2.559,435.58,1.092,55.53,0.7863,11.22,2.509e-05,0.2298,3.086,1.37,2.423,0.2136,9.598,0.5034,9.019
2022-04-07T12:18:35,43816.89,3260.11,118.24,0.2609,19.54,70.9,20.46,106.52,6.736,183.04,0.7247,0.02581,0.007858,2.524,1.673,2.64,1.507,4.106,173.19,14.99,0.9843,1.68,0.6179,2.559,435.71,1.092,55.56,0.7867,11.24,2.512e-05,0.23,3.087,1.371,2.424,0.2137,9.592,0.5035,9.027
2022-04-07T12:19:06,43802.4,3258.29,118.11,0.2606,19.53,71,20.46,106.54,6.733,183.07,0.7247,0.02573,0.007858,2.524,1.673,2.64,1.506,4.104,173.11,14.99,0.9856,1.68,0.6179,2.558,435.61,1.091,55.56,0.7865,11.22,2.509e-05,0.23,3.085,1.371,2.424,0.2136,9.592,0.5033,9.016
2022-04-07T12:19:36,43804.4,3257.05,118.12,0.2609,19.5,70.8,20.46,106.66,6.728,183.14,0.7252,0.02572,0.007905,2.532,1.673,2.64,1.507,4.099,173.18,14.99,0.9856,1.673,0.6179,2.557,435.61,1.09,55.55,0.7863,11.23,2.508e-05,0.23,3.086,1.37,2.424,0.2136,9.595,0.5032,9.021
2022-04-07T12:20:06,43809.08,3257.9,118.03,0.2609,19.5,71.1,20.45,106.69,6.719,183.41,0.7258,0.0257,0.007877,2.532,1.674,2.64,1.506,4.104,173.17,14.99,0.9856,1.668,0.6179,2.557,435.54,1.091,55.52,0.7865,11.22,2.507e-05,0.2297,3.085,1.37,2.422,0.2136,9.582,0.5027,9.019
2022-04-07T12:20:36,43814.91,3259.21,118.05,0.2612,19.5,71.1,20.45,106.64,6.715,183.28,0.7258,0.02572,0.007877,2.531,1.673,2.64,1.505,4.107,173.22,14.99,0.9856,1.67,0.6179,2.558,435.58,1.091,55.55,0.7869,11.22,2.507e-05,0.2298,3.087,1.372,2.421,0.2135,9.581,0.5028,9.02
2022-04-07T12:21:06,43817.06,3258.42,118.14,0.2611,19.53,71.1,20.46,106.61,6.721,183.28,0.7255,0.02574,0.007878,2.531,1.673,2.64,1.506,4.104,173.26,15.02,0.9856,1.67,0.6179,2.558,435.59,1.091,55.54,0.7868,11.25,2.508e-05,0.2298,3.084,1.372,2.421,0.2135,9.577,0.5026,9.021
2022-04-07T12:21:36,43825.41,3259.49,118.27,0.2612,19.5,71.2,20.47,106.68,6.74,183.26,0.7257,0.02577,0.007878,2.535,1.673,2.64,1.506,4.112,173.41,15.02,0.9856,1.668,0.6179,2.561,435.98,1.091,55.55,0.7874,11.24,2.509e-05,0.23,3.085,1.373,2.422,0.2135,9.579,0.5026,9.035
2022-04-07T12:22:06,43815.34,3260.12,118.33,0.2611,19.5,71.1,20.47,106.71,6.745,183.17,0.726,0.02579,0.007878,2.533,1.673,2.64,1.507,4.112,173.44,15.02,0.9846,1.67,0.6179,2.563,436.06,1.091,55.55,0.7872,11.23,2.509e-05,0.23,3.086,1.373,2.423,0.2136,9.588,0.5027,9.035
2022-04-07T12:22:36,43813.31,3260.01,118.32,0.2608,19.5,71.3,20.47,106.7,6.743,183.09,0.726,0.02582,0.007878,2.533,1.674,2.64,1.508,4.112,173.36,15.02,0.9846,1.67,0.6179,2.561,436.13,1.091,55.6,0.7871,11.23,2.508e-05,0.23,3.086,1.372,2.423,0.2136,9.575,0.5025,9.031
2022-04-07T12:23:06,43808.99,3258.23,118.16,0.2607,19.5,71.2,20.46,106.66,6.736,182.86,0.7261,0.02582,0.007878,2.534,1.673,2.64,1.508,4.112,173.38,15.02,0.9843,1.67,0.6179,2.56,435.79,1.091,55.6,0.7865,11.21,2.508e-05,0.23,3.084,1.37,2.422,0.2135,9.574,0.5023,9.036
2022-04-07T12:23:37,43817.91,3258.82,118.19,0.2609,19.52,71.2,20.47,106.67,6.734,182.7,0.727,0.02583,0.0079,2.534,1.673,2.64,1.507,4.112,173.39,15.02,0.9843,1.67,0.6179,2.562,435.89,1.091,55.57,0.7866,11.22,2.507e-05,0.23,3.084,1.369,2.422,0.2135,9.578,0.5023,9.034
2022-04-07T12:24:07,43814.56,3258.41,118.11,0.2607,19.4,71.2,20.47,106.68,6.729,182.93,0.7269,0.02582,0.0079,2.545,1.673,2.64,1.506,4.112,173.37,15.02,0.9843,1.671,0.6179,2.562,435.86,1.091,55.56,0.7865,11.22,2.506e-05,0.23,3.083,1.369,2.422,0.2134,9.572,0.5025,9.028
2022-04-07T12:24:37,43828.76,3258.72,118.21,0.2608,19.4,71.1,20.49,106.72,6.74,183.08,0.7269,0.02583,0.0079,2.545,1.673,2.64,1.506,4.111,173.61,15.02,0.9856,1.673,0.6179,2.563,435.98,1.092,55.55,0.7865,11.23,2.506e-05,0.23,3.086,1.368,2.423,0.2135,9.574,0.5027,9.035
2022-04-07T12:25:07,43826.89,3259.33,118.19,0.2609,19.39,71,20.49,106.71,6.74,183.29,0.7283,0.02588,0.0079,2.554,1.673,2.64,1.507,4.11,173.66,15.02,0.9856,1.673,0.6179,2.563,435.96,1.091,55.55,0.7866,11.23,2.507e-05,0.23,3.086,1.367,2.423,0.2135,9.574,0.5034,9.037
2022-04-07T12:25:37,43823.43,3259.49,118.17,0.2609,19.46,71.1,20.49,106.72,6.741,183.39,0.7282,0.0259,0.0079,2.554,1.673,2.64,1.508,4.111,173.66,15.02,0.9847,1.671,0.6179,2.562,436.1,1.091,55.52,0.7862,11.23,2.507e-05,0.23,3.086,1.367,2.423,0.2136,9.576,0.5034,9.036
2022-04-07T12:26:07,43789.67,3257.74,117.94,0.2606,19.4,71,20.47,106.72,6.739,183.3,0.7282,0.02598,0.007922,2.554,1.673,2.64,1.506,4.111,173.62,15.02,0.9847,1.673,0.6179,2.561,435.84,1.091,55.49,0.7857,11.22,2.504e-05,0.2299,3.084,1.366,2.422,0.2135,9.568,0.5032,9.036
2022-04-07T12:26:37,43794.66,3257.72,117.92,0.2604,19.43,71.1,20.45,106.68,6.737,182.97,0.7282,0.02597,0.007922,2.554,1.673,2.64,1.506,4.108,173.43,15.02,0.9846,1.67,0.6179,2.56,435.73,1.09,55.46,0.7857,11.22,2.504e-05,0.2295,3.082,1.365,2.42,0.2133,9.564,0.5029,9.036
2022-04-07T12:27:07,43792.38,3255.83,117.86,0.2602,19.31,70.9,20.45,106.67,6.734,182.84,0.7282,0.02595,0.007907,2.554,1.673,2.64,1.506,4.108,173.39,15.02,0.9846,1.667,0.6179,2.559,435.52,1.09,55.4,0.785,11.21,2.503e-05,0.2294,3.081,1.365,2.419,0.2133,9.555,0.5027,9.038
2022-04-07T12:27:37,43800.42,3256.62,117.87,0.2602,19.31,71,20.46,106.7,6.732,182.64,0.7281,0.02596,0.007904,2.554,1.672,2.64,1.505,4.109,173.45,15.02,0.9843,1.668,0.6179,2.56,435.67,1.09,55.35,0.7848,11.21,2.503e-05,0.2293,3.08,1.364,2.418,0.2132,9.551,0.5028,9.028
2022-04-07T12:28:07,43791.55,3255.9,117.85,0.2602,19.31,71,20.46,106.71,6.735,182.66,0.7274,0.02595,0.007904,2.555,1.671,2.64,1.506,4.108,173.44,15.02,0.9856,1.671,0.6179,2.559,435.47,1.09,55.35,0.785,11.2,2.502e-05,0.2286,3.078,1.365,2.418,0.2133,9.548,0.5026,9.023
2022-04-07T12:28:38,43788.95,3255.48,117.83,0.2602,19.37,71,20.46,106.65,6.734,182.64,0.7274,0.02594,0.007914,2.555,1.671,2.64,1.505,4.106,173.27,15.02,0.9856,1.668,0.6179,2.56,435.46,1.09,55.36,0.7848,11.2,2.501e-05,0.2287,3.077,1.365,2.417,0.2133,9.544,0.5027,9.028
2022-04-07T12:29:08,43791.42,3255.71,117.78,0.2598,19.37,70.9,20.46,106.7,6.729,182.53,0.7274,0.02595,0.007914,2.555,1.672,2.64,1.506,4.106,173.3,15.02,0.9856,1.668,0.6179,2.56,435.42,1.09,55.37,0.7851,11.18,2.501e-05,0.2287,3.077,1.365,2.417,0.2132,9.544,0.5028,9.023
2022-04-07T12:29:38,43795.13,3255.51,117.81,0.2598,19.31,71,20.46,106.68,6.759,182.45,0.728,0.02596,0.007914,2.555,1.672,2.64,1.505,4.111,173.31,15.02,0.9856,1.668,0.6179,2.56,435.46,1.09,55.39,0.7854,11.18,2.501e-05,0.2288,3.076,1.366,2.418,0.2132,9.546,0.5028,9.022
2022-04-07T12:30:08,43786.02,3255.14,117.8,0.259,19.37,70.9,20.44,106.63,6.754,182.39,0.727,0.026,0.007914,2.545,1.672,2.64,1.505,4.111,173.24,15,0.9864,1.667,0.6179,2.557,435.07,1.09,55.35,0.7852,11.17,2.501e-05,0.2288,3.074,1.365,2.418,0.2132,9.543,0.5028,9.023
2022-04-07T12:30:38,43739.08,3251.76,117.61,0.2586,19.36,70.9,20.43,106.6,6.726,182.1,0.7272,0.02599,0.007914,2.535,1.672,2.64,1.505,4.105,172.71,15,0.9864,1.667,0.6179,2.55,434.62,1.089,55.33,0.784,11.17,2.496e-05,0.2288,3.073,1.364,2.414,0.2129,9.528,0.5021,9.016
2022-04-07T12:31:08,43716.46,3249.77,117.53,0.2585,19.36,70.5,20.41,106.45,6.709,181.88,0.7277,0.02599,0.007878,2.535,1.672,2.64,1.505,4.099,172.61,15,0.9864,1.667,0.6179,2.548,434.29,1.088,55.24,0.7838,11.13,2.495e-05,0.2282,3.071,1.36,2.413,0.2127,9.52,0.5015,9.017
2022-04-07T12:31:38,43722.6,3251.01,117.68,0.2584,19.46,70.4,20.42,106.34,6.706,181.83,0.726,0.02597,0.007882,2.535,1.671,2.64,1.502,4.099,172.81,15,0.9864,1.664,0.6179,2.549,434.15,1.088,55.21,0.7835,11.13,2.496e-05,0.2282,3.069,1.36,2.41,0.2127,9.51,0.501,8.993
2022-04-07T12:32:08,43722.44,3250.41,117.56,0.2581,19.38,70.6,20.41,106.27,6.701,181.88,0.7266,0.02596,0.007882,2.535,1.671,2.64,1.501,4.097,172.71,15,0.9864,1.66,0.6179,2.549,434.18,1.088,55.2,0.7834,11.12,2.495e-05,0.2282,3.069,1.359,2.411,0.2127,9.51,0.5005,8.962
2022-04-07T12:32:39,43689.44,3249.63,117.37,0.2575,19.38,70.5,20.4,106.2,6.689,181.65,0.7266,0.02591,0.007881,2.535,1.671,2.63,1.5,4.084,172.4,15,0.9864,1.66,0.6179,2.546,434.03,1.088,55.16,0.7829,11.11,2.491e-05,0.2277,3.064,1.359,2.409,0.2127,9.489,0.5003,8.945
2022-04-07T12:33:09,43700.16,3250.4,117.59,0.2583,19.38,70.6,20.41,106.26,6.683,182,0.7262,0.02593,0.007878,2.535,1.671,2.63,1.502,4.084,172.65,15,0.9864,1.66,0.6179,2.55,434.54,1.088,55.15,0.7834,11.12,2.497e-05,0.2283,3.068,1.36,2.409,0.2128,9.487,0.5006,8.945
2022-04-07T12:33:39,43704.14,3250.82,117.52,0.2583,19.37,70.6,20.43,106.24,6.695,181.94,0.727,0.02595,0.007914,2.534,1.672,2.63,1.503,4.084,172.46,15.02,0.9864,1.66,0.6179,2.548,434.43,1.086,55.18,0.7829,11.13,2.498e-05,0.2281,3.068,1.363,2.41,0.2129,9.492,0.5011,8.954
2022-04-07T12:34:09,43706.95,3249.68,117.36,0.2583,19.35,70.6,20.41,106.18,6.681,182.01,0.727,0.02594,0.007914,2.534,1.672,2.63,1.5,4.081,172.11,15.02,0.9867,1.662,0.6179,2.547,433.96,1.086,55.09,0.7826,11.09,2.494e-05,0.2278,3.061,1.36,2.408,0.2128,9.496,0.5005,8.951
2022-04-07T12:34:39,43728.44,3250.12,117.48,0.2585,19.36,70.5,20.41,106.18,6.68,182.44,0.7268,0.02595,0.007875,2.534,1.672,2.63,1.5,4.082,172.2,15.02,0.9867,1.662,0.6179,2.548,434.38,1.086,55.12,0.783,11.11,2.495e-05,0.2283,3.065,1.362,2.41,0.2128,9.496,0.5009,8.954
2022-04-07T12:35:09,43724.51,3250.82,117.49,0.2585,19.36,70.5,20.42,106.1,6.678,182.5,0.7271,0.02594,0.007878,2.534,1.672,2.63,1.5,4.083,172.15,15.02,0.9867,1.662,0.6179,2.548,434.47,1.087,55.15,0.7828,11.1,2.498e-05,0.2283,3.065,1.362,2.41,0.2129,9.498,0.5007,8.956
2022-04-07T12:35:39,43725.14,3250.55,117.48,0.2585,19.35,70.5,20.42,106.09,6.679,182.46,0.726,0.02595,0.007875,2.534,1.672,2.63,1.501,4.085,172.12,15.02,0.9867,1.667,0.6179,2.548,434.69,1.086,55.14,0.7829,11.1,2.499e-05,0.2281,3.067,1.361,2.41,0.2129,9.497,0.5008,8.951
2022-04-07T12:36:10,43694.79,3248.16,117.24,0.2579,19.34,70.5,20.39,106,6.678,182.49,0.7241,0.02591,0.007875,2.534,1.672,2.63,1.499,4.079,171.7,15.02,0.9872,1.667,0.6179,2.545,434.29,1.086,55.08,0.7824,11.08,2.496e-05,0.2281,3.062,1.36,2.406,0.2127,9.492,0.5001,8.944
2022-04-07T12:36:40,43716.71,3249.14,117.43,0.2583,19.21,70.4,20.42,106.02,6.671,182.74,0.7235,0.02594,0.007873,2.534,1.673,2.63,1.499,4.084,171.82,15.02,0.9872,1.667,0.6179,2.546,434.47,1.087,55.12,0.7829,11.08,2.497e-05,0.2281,3.065,1.361,2.408,0.2128,9.493,0.5005,8.956
2022-04-07T12:37:10,43715.81,3249.19,117.42,0.2583,19.05,70.5,20.42,106,6.67,182.66,0.7243,0.02593,0.007873,2.534,1.673,2.63,1.5,4.082,171.86,15.02,0.9872,1.661,0.6179,2.545,434.38,1.087,55.11,0.783,11.1,2.498e-05,0.2281,3.066,1.362,2.409,0.2128,9.486,0.5003,8.945
2022-04-07T12:37:40,43710.36,3248.01,117.35,0.2582,19.05,70.5,20.41,105.98,6.666,182.34,0.7237,0.02592,0.007873,2.534,1.669,2.63,1.499,4.082,171.82,15.02,0.9872,1.651,0.6179,2.544,434.31,1.086,55.1,0.7829,11.1,2.497e-05,0.2281,3.063,1.361,2.407,0.2128,9.486,0.5,8.949
2022-04-07T12:38:10,43706.82,3248.19,117.36,0.2581,18.98,70.5,20.4,105.99,6.658,182.4,0.7238,0.0259,0.007873,2.534,1.667,2.62,1.499,4.078,171.73,15.02,0.9869,1.656,0.6179,2.544,434.21,1.086,55.11,0.7829,11.1,2.498e-05,0.2279,3.064,1.361,2.406,0.2127,9.479,0.4999,8.941
2022-04-07T12:38:40,43705.05,3247.56,117.35,0.2582,18.98,70.5,20.4,105.94,6.663,182.45,0.7238,0.02587,0.007873,2.534,1.667,2.62,1.499,4.078,171.73,15.02,0.9869,1.656,0.6179,2.543,434.21,1.086,55.09,0.7827,11.1,2.498e-05,0.2279,3.064,1.362,2.406,0.2128,9.475,0.4999,8.938
2022-04-07T12:39:10,43686.73,3247.51,117.32,0.2581,18.85,70.4,20.4,105.9,6.661,182.45,0.7238,0.02586,0.00786,2.533,1.667,2.62,1.498,4.078,171.65,15.02,0.9869,1.66,0.6179,2.543,434.29,1.086,55.06,0.7823,11.08,2.497e-05,0.2279,3.064,1.361,2.407,0.2128,9.478,0.4998,8.933
2022-04-07T12:39:40,43689.61,3246.83,117.12,0.2578,18.8,70.3,20.39,105.9,6.651,182.33,0.7238,0.02587,0.007849,2.533,1.666,2.62,1.499,4.065,171.45,15.02,0.9869,1.66,0.6179,2.541,434.03,1.085,55.04,0.7822,11.08,2.497e-05,0.2278,3.063,1.361,2.406,0.2127,9.47,0.4994,8.938
2022-04-07T12:40:10,43687.62,3246.98,117.1,0.2575,18.79,70.3,20.39,105.92,6.656,182.1,0.7237,0.02584,0.007849,2.533,1.666,2.62,1.498,4.065,171.52,15.02,0.9869,1.66,0.6179,2.541,434.01,1.086,55.04,0.7821,11.07,2.496e-05,0.2278,3.061,1.361,2.406,0.2127,9.443,0.4994,8.934
2022-04-07T12:40:41,43686.56,3247.16,117.06,0.2577,18.72,70.4,20.39,105.96,6.659,182.37,0.7241,0.02584,0.007849,2.533,1.666,2.62,1.499,4.065,171.55,15.02,0.9871,1.654,0.6179,2.542,434.01,1.085,55.04,0.7821,11.07,2.496e-05,0.2278,3.062,1.361,2.407,0.2127,9.446,0.4995,8.954
2022-04-07T12:41:11,43680.36,3246.53,116.93,0.2577,18.72,70.4,20.38,105.95,6.659,182.54,0.7241,0.02582,0.007849,2.533,1.666,2.62,1.499,4.06,171.46,15.02,0.9871,1.658,0.6179,2.541,433.89,1.085,55.02,0.782,11.07,2.494e-05,0.2278,3.062,1.36,2.406,0.2127,9.443,0.4995,8.951
2022-04-07T12:41:41,43666.4,3240.49,116.77,0.2571,18.72,70.4,20.36,105.87,6.656,182.57,0.7229,0.02577,0.007849,2.533,1.664,2.62,1.496,4.056,171.22,15.02,0.9858,1.66,0.6179,2.538,433.32,1.084,54.91,0.7811,11.06,2.493e-05,0.2272,3.06,1.357,2.403,0.2123,9.437,0.4995,8.945
2022-04-07T12:42:11,43639.07,3242.27,116.85,0.2574,18.72,70.1,20.36,105.83,6.657,182.61,0.7229,0.02575,0.00784,2.533,1.664,2.62,1.497,4.065,171.19,14.92,0.9858,1.662,0.6179,2.536,433.42,1.085,54.93,0.7812,11.06,2.491e-05,0.2276,3.06,1.357,2.402,0.2124,9.431,0.4987,8.949
2022-04-07T12:42:41,43632.38,3240.66,116.74,0.2572,18.72,70.2,20.36,105.79,6.642,182.75,0.7229,0.02572,0.00784,2.518,1.664,2.62,1.497,4.051,171.23,14.92,0.9858,1.662,0.6179,2.536,433.34,1.085,54.89,0.7814,11.06,2.491e-05,0.2276,3.059,1.357,2.403,0.2123,9.442,0.4988,8.94
2022-04-07T12:43:11,43642.59,3241.93,116.97,0.2576,18.72,70.2,20.37,105.82,6.647,183.16,0.7229,0.02571,0.007838,2.518,1.663,2.62,1.498,4.054,171.53,14.85,0.9866,1.666,0.6179,2.536,433.36,1.085,54.93,0.7816,11.08,2.492e-05,0.2276,3.059,1.359,2.404,0.2124,9.444,0.4987,8.942
2022-04-07T12:43:41,43644.06,3241.37,116.97,0.2577,18.76,70.2,20.36,105.96,6.658,183.15,0.7231,0.02574,0.007838,2.518,1.663,2.62,1.498,4.049,171.49,14.85,0.9866,1.666,0.6179,2.538,433.33,1.085,54.98,0.7812,11.08,2.491e-05,0.2278,3.061,1.36,2.405,0.2125,9.448,0.4991,8.949
2022-04-07T12:44:12,43654.99,3242.34,116.99,0.2587,18.76,70.2,20.37,106.03,6.652,183.1,0.7231,0.02573,0.007838,2.506,1.663,2.62,1.499,4.05,171.5,14.88,0.9866,1.667,0.6179,2.539,433.47,1.086,54.99,0.7815,11.09,2.493e-05,0.228,3.065,1.36,2.405,0.2126,9.449,0.4991,8.952
2022-04-07T12:44:42,43665.69,3244.1,116.97,0.2587,18.77,70.2,20.38,106.01,6.651,182.91,0.7231,0.02574,0.007838,2.506,1.663,2.62,1.498,4.053,171.43,14.88,0.9866,1.669,0.6179,2.538,433.78,1.086,55.04,0.7817,11.1,2.493e-05,0.2281,3.066,1.36,2.405,0.2126,9.449,0.4992,8.964
2022-04-07T12:45:12,43642.83,3243.45,116.98,0.2586,18.79,70.1,20.36,105.98,6.651,182.77,0.7234,0.02572,0.007838,2.506,1.663,2.62,1.498,4.047,171.38,14.88,0.9866,1.669,0.6179,2.537,433.71,1.086,55.02,0.7813,11.1,2.492e-05,0.2278,3.064,1.36,2.404,0.2126,9.433,0.4988,8.96
2022-04-07T12:45:42,43669.72,3244.19,117.16,0.259,18.79,70.1,20.37,105.99,6.673,182.77,0.7233,0.02573,0.007856,2.505,1.663,2.62,1.499,4.058,171.46,14.88,0.9866,1.667,0.6179,2.539,434.12,1.086,55.08,0.7819,11.1,2.494e-05,0.2278,3.066,1.362,2.406,0.2126,9.435,0.4988,8.962
2022-04-07T12:46:12,43665.79,3244.07,117.19,0.259,18.85,70.1,20.37,106.01,6.674,182.44,0.7234,0.02577,0.007856,2.505,1.663,2.62,1.499,4.054,171.51,14.88,0.9866,1.667,0.6179,2.539,434.12,1.086,55.11,0.782,11.1,2.493e-05,0.2286,3.066,1.363,2.407,0.2126,9.428,0.4991,8.968
2022-04-07T12:46:42,43676.71,3245.47,117.3,0.2591,18.85,70.1,20.38,106.03,6.683,182.99,0.7234,0.02578,0.007856,2.505,1.663,2.62,1.499,4.051,171.44,14.88,0.9866,1.667,0.6179,2.539,434.15,1.087,55.15,0.7823,11.1,2.494e-05,0.2287,3.067,1.365,2.409,0.2126,9.419,0.4991,8.969
2022-04-07T12:47:12,43676.34,3244.2,117.34,0.2587,18.85,70.1,20.38,106.03,6.689,182.97,0.7234,0.02577,0.007856,2.505,1.663,2.62,1.5,4.059,171.43,14.91,0.9866,1.662,0.6179,2.54,434.22,1.087,55.15,0.7823,11.12,2.495e-05,0.2286,3.068,1.365,2.41,0.2127,9.407,0.4991,8.971
2022-04-07T12:47:42,43677.34,3245.1,117.38,0.2587,18.78,70.1,20.39,106.04,6.697,183.36,0.7234,0.02578,0.007856,2.505,1.663,2.62,1.502,4.058,171.45,14.91,0.9887,1.662,0.6179,2.54,434.26,1.088,55.19,0.7824,11.14,2.494e-05,0.2286,3.068,1.367,2.41,0.2128,9.407,0.4998,8.985
2022-04-07T12:48:13,43659.38,3243.74,117.1,0.2588,18.77,70.1,20.37,106.02,6.689,182.92,0.7231,0.02576,0.007856,2.505,1.663,2.62,1.499,4.055,171.23,14.91,0.9887,1.661,0.6179,2.537,434.31,1.087,55.11,0.7822,11.13,2.492e-05,0.2283,3.067,1.366,2.409,0.2126,9.397,0.4991,8.969
2022-04-07T12:48:43,43624.94,3240.94,116.97,0.2585,18.77,70.2,20.38,105.92,6.685,182.82,0.7229,0.02566,0.007856,2.505,1.661,2.62,1.498,4.055,171.04,14.91,0.9887,1.662,0.6179,2.538,433.95,1.086,55.07,0.7817,11.09,2.491e-05,0.2278,3.064,1.365,2.406,0.2124,9.401,0.4986,8.977
2022-04-07T12:49:13,43618.82,3241.15,117.08,0.2584,18.77,70.2,20.36,105.9,6.674,182.41,0.7221,0.02568,0.007856,2.505,1.659,2.62,1.498,4.048,170.85,14.91,0.9887,1.662,0.6179,2.536,433.83,1.085,55.07,0.7817,11.09,2.491e-05,0.228,3.062,1.362,2.405,0.2124,9.392,0.4979,8.972
2022-04-07T12:49:43,43627.36,3242.06,117.11,0.2585,18.77,70.2,20.36,105.92,6.668,182.42,0.7218,0.02567,0.007856,2.505,1.657,2.62,1.498,4.045,170.68,14.91,0.9887,1.659,0.6179,2.535,433.91,1.085,55.1,0.7816,11.09,2.492e-05,0.2281,3.061,1.362,2.406,0.2125,9.393,0.498,8.969
2022-04-07T12:50:13,43625.94,3241.99,117.05,0.2583,18.8,70.2,20.36,105.91,6.669,182.35,0.7218,0.02567,0.007856,2.505,1.657,2.62,1.498,4.048,170.62,14.91,0.9872,1.659,0.6179,2.534,433.9,1.086,55.1,0.7816,11.09,2.492e-05,0.2281,3.06,1.362,2.405,0.2125,9.392,0.4979,8.967
2022-04-07T12:50:43,43618.88,3241.28,117.01,0.2583,18.77,70.2,20.35,105.92,6.662,182.33,0.7089,0.02562,0.007856,2.505,1.656,2.62,1.496,4.055,170.59,14.91,0.9872,1.66,0.6179,2.534,433.93,1.086,55.11,0.7818,11.08,2.492e-05,0.2279,3.06,1.363,2.405,0.2124,9.386,0.498,8.968
2022-04-07T12:51:13,43620.19,3239.77,117.02,0.2584,18.72,70,20.35,105.92,6.668,182.27,0.7058,0.02565,0.007856,2.503,1.656,2.62,1.496,4.048,170.56,14.91,0.9872,1.659,0.6179,2.534,433.97,1.086,55.11,0.7822,11.07,2.491e-05,0.2279,3.06,1.362,2.405,0.2124,9.385,0.4977,8.968
2022-04-07T12:51:44,43621.47,3239.97,117.02,0.2584,18.72,70,20.35,105.87,6.664,182.11,0.7057,0.02568,0.007807,2.503,1.656,2.62,1.496,4.05,170.6,14.91,0.9872,1.659,0.6179,2.534,433.9,1.086,55.11,0.7825,11.07,2.492e-05,0.2279,3.06,1.362,2.405,0.2125,9.384,0.4978,8.963
2022-04-07T12:52:14,43625.78,3240.06,117,0.2584,18.72,70.2,20.36,105.86,6.663,182.04,0.7047,0.02568,0.007825,2.502,1.656,2.62,1.495,4.045,170.56,14.91,0.9859,1.659,0.6179,2.534,433.94,1.086,55.1,0.7823,11.07,2.491e-05,0.2279,3.062,1.362,2.406,0.2124,9.381,0.4978,8.964
2022-04-07T12:52:44,43603.03,3238.01,116.79,0.2579,18.72,70.1,20.35,105.8,6.66,181.82,0.7047,0.02567,0.007825,2.502,1.656,2.62,1.492,4.047,170.53,14.91,0.9859,1.659,0.6179,2.532,433.83,1.086,55.06,0.7821,11.07,2.49e-05,0.228,3.059,1.362,2.406,0.2123,9.369,0.497,8.974
2022-04-07T12:53:14,43610.25,3238.35,116.95,0.2578,18.77,70.1,20.35,105.78,6.643,181.88,0.7038,0.02563,0.007878,2.502,1.656,2.61,1.491,4.043,170.42,14.91,0.9859,1.655,0.6179,2.533,433.88,1.086,55.04,0.7822,11.07,2.488e-05,0.2277,3.059,1.361,2.403,0.2123,9.368,0.4969,8.974
2022-04-07T12:53:44,43589.96,3236.12,116.77,0.2577,18.77,70,20.34,105.67,6.642,181.95,0.7037,0.02562,0.007865,2.502,1.662,2.61,1.491,4.034,170.28,14.91,0.9858,1.655,0.6179,2.53,433.55,1.085,54.99,0.7822,11.06,2.486e-05,0.2275,3.058,1.359,2.402,0.2123,9.362,0.4968,8.963
2022-04-07T12:54:14,43565.6,3233.78,116.61,0.2576,18.72,70,20.32,105.64,6.643,181.69,0.7039,0.02565,0.007865,2.502,1.658,2.61,1.488,4.038,170.27,14.91,0.9828,1.654,0.6179,2.527,433.31,1.083,54.98,0.7822,11.06,2.485e-05,0.2276,3.056,1.357,2.4,0.2122,9.359,0.4968,8.969
2022-04-07T12:54:44,43565.21,3234.66,116.7,0.2577,18.8,70,20.31,105.63,6.628,181.61,0.7039,0.02564,0.007847,2.502,1.658,2.61,1.486,4.029,170.25,14.91,0.9828,1.652,0.6179,2.526,433.25,1.083,54.95,0.7823,11.06,2.486e-05,0.2275,3.054,1.357,2.398,0.2121,9.354,0.4966,8.967
2022-04-07T12:55:14,43585.84,3235.72,116.75,0.2578,18.78,70,20.32,105.61,6.621,181.58,0.7037,0.02561,0.007847,2.503,1.658,2.61,1.487,4.029,170.35,14.91,0.9828,1.651,0.6179,2.528,433.34,1.084,54.96,0.7826,11.07,2.486e-05,0.2275,3.054,1.357,2.399,0.212,9.354,0.4965,8.966
2022-04-07T12:55:44,43589.51,3237.25,116.74,0.2578,18.77,70,20.32,105.65,6.628,181.47,0.7029,0.02565,0.007847,2.503,1.658,2.61,1.487,4.029,170.27,14.91,0.9788,1.646,0.6179,2.528,433.56,1.085,54.97,0.7827,11.08,2.487e-05,0.2279,3.055,1.358,2.4,0.212,9.363,0.4965,8.961
2022-04-07T12:56:15,43573.12,3236.26,116.66,0.2578,18.77,70,20.32,105.61,6.626,180.86,0.7029,0.02563,0.007847,2.503,1.653,2.61,1.487,4.034,169.93,14.92,0.9788,1.646,0.6179,2.527,433.39,1.085,54.94,0.7825,11.08,2.486e-05,0.2279,3.055,1.357,2.398,0.2119,9.363,0.4967,8.961
2022-04-07T12:56:45,43577.28,3235.66,116.64,0.2577,18.77,70,20.3,105.6,6.619,180.66,0.7024,0.02563,0.007847,2.503,1.654,2.61,1.487,4.033,169.86,14.92,0.9788,1.643,0.6179,2.526,433.19,1.084,54.94,0.7824,11.08,2.486e-05,0.2275,3.054,1.357,2.397,0.212,9.363,0.4966,8.961
2022-04-07T12:57:15,43582.77,3234.74,116.67,0.2576,18.8,69.9,20.29,105.62,6.619,180.88,0.704,0.02563,0.007854,2.503,1.654,2.61,1.487,4.033,169.97,14.92,0.9788,1.643,0.6179,2.526,433.26,1.084,54.93,0.7825,11.09,2.487e-05,0.2275,3.055,1.357,2.396,0.2119,9.366,0.4963,8.967
2022-04-07T12:57:45,43594.59,3235.51,116.75,0.2578,18.8,69.9,20.31,105.65,6.622,181.08,0.7044,0.02565,0.007854,2.503,1.655,2.61,1.488,4.036,170,14.92,0.9788,1.643,0.6179,2.528,433.28,1.084,54.95,0.7825,11.1,2.487e-05,0.2277,3.057,1.357,2.397,0.212,9.373,0.4967,8.97
2022-04-07T12:58:15,43586.97,3235.21,116.78,0.2578,18.77,69.9,20.3,105.64,6.619,181,0.7039,0.02563,0.007854,2.503,1.656,2.61,1.488,4.037,169.98,14.92,0.9788,1.643,0.6179,2.528,433.32,1.084,54.96,0.7826,11.11,2.489e-05,0.2277,3.057,1.358,2.398,0.212,9.373,0.4968,8.969
2022-04-07T12:58:45,43561.78,3233.15,116.54,0.2578,18.77,69.9,20.28,105.58,6.615,180.92,0.7037,0.02559,0.007854,2.503,1.656,2.6,1.485,4.02,169.74,14.92,0.9788,1.647,0.6179,2.523,433.04,1.084,54.93,0.7823,11.09,2.486e-05,0.2274,3.059,1.356,2.396,0.2119,9.373,0.4967,8.962
2022-04-07T12:59:15,43566.39,3233.37,116.69,0.2579,18.78,69.9,20.29,105.6,6.616,180.77,0.7032,0.02558,0.007854,2.503,1.656,2.6,1.486,4.025,169.82,14.92,0.9707,1.647,0.6179,2.524,433,1.084,54.93,0.7825,11.09,2.486e-05,0.2274,3.058,1.357,2.397,0.2118,9.375,0.4967,8.968
2022-04-07T12:59:45,43551.42,3231.23,116.55,0.2575,18.73,69.9,20.27,105.54,6.604,180.55,0.7031,0.02556,0.007853,2.503,1.656,2.6,1.485,4.018,169.72,14.92,0.976,1.645,0.6179,2.523,432.96,1.084,54.87,0.7823,11.09,2.487e-05,0.2274,3.054,1.356,2.396,0.2117,9.374,0.4964,8.959
2022-04-07T13:00:16,43550.15,3232.56,116.59,0.2574,18.73,69.7,20.28,105.54,6.61,180.88,0.7032,0.02556,0.007853,2.503,1.656,2.6,1.486,4.015,169.69,14.92,0.976,1.647,0.6179,2.523,432.92,1.084,54.86,0.7823,11.09,2.486e-05,0.2274,3.055,1.357,2.395,0.2118,9.372,0.4963,8.955
2022-04-07T13:00:46,43562.95,3234.28,116.69,0.2574,18.76,69.9,20.29,105.57,6.611,181.01,0.7032,0.02558,0.007837,2.503,1.657,2.6,1.486,4.015,169.83,14.92,0.976,1.648,0.6179,2.524,433.18,1.084,54.87,0.7825,11.09,2.489e-05,0.2274,3.059,1.358,2.397,0.2118,9.379,0.4968,8.961
2022-04-07T13:01:16,43598.71,3235.73,116.93,0.2577,18.76,70,20.3,105.76,6.606,181.02,0.7029,0.02558,0.007845,2.503,1.656,2.6,1.488,4.01,170.06,14.92,0.976,1.653,0.6179,2.529,433.37,1.085,54.91,0.7825,11.12,2.491e-05,0.2277,3.061,1.361,2.398,0.2119,9.39,0.4974,8.977
2022-04-07T13:01:47,43587.69,3232.54,116.89,0.2582,18.7,70,20.29,105.76,6.608,181.45,0.7038,0.02563,0.007845,2.503,1.656,2.6,1.488,4.013,170.13,14.92,0.976,1.653,0.6179,2.529,433.41,1.085,54.98,0.7827,11.12,2.489e-05,0.228,3.061,1.361,2.398,0.2119,9.395,0.497,8.976
2022-04-07T13:02:17,43567.02,3232.5,116.81,0.2578,18.78,70,20.28,105.69,6.608,181.44,0.7038,0.02557,0.007845,2.504,1.656,2.6,1.487,4.01,169.95,14.92,0.976,1.653,0.6179,2.527,433.29,1.085,54.98,0.7824,11.11,2.489e-05,0.2276,3.06,1.36,2.398,0.2119,9.403,0.4971,8.971
2022-04-07T13:02:47,43568.27,3232.15,116.84,0.2577,18.7,69.9,20.28,105.67,6.607,181.45,0.703,0.02557,0.007845,2.504,1.656,2.6,1.487,4.011,169.93,14.92,0.976,1.653,0.6179,2.525,433.21,1.084,54.94,0.7824,11.11,2.49e-05,0.2276,3.061,1.359,2.398,0.2119,9.418,0.4971,8.971
2022-04-07T13:03:17,43574.85,3232.8,117,0.2579,18.73,69.9,20.3,105.67,6.605,181.36,0.703,0.02558,0.007845,2.504,1.656,2.6,1.489,4.011,170.01,14.9,0.9811,1.655,0.6179,2.526,433.44,1.085,54.96,0.7824,11.13,2.49e-05,0.228,3.062,1.36,2.4,0.2119,9.42,0.4968,8.972
2022-04-07T13:03:47,43554.27,3231.84,116.8,0.2574,18.73,69.9,20.27,105.59,6.611,181.22,0.7011,0.0256,0.007842,2.504,1.655,2.6,1.488,4.003,169.93,14.9,0.9811,1.654,0.6179,2.526,433.21,1.085,54.95,0.7823,11.11,2.491e-05,0.2277,3.061,1.359,2.399,0.2118,9.421,0.497,8.97
2022-04-07T13:04:17,43553.77,3230.9,116.78,0.2573,18.87,69.9,20.28,105.55,6.608,181.51,0.7002,0.02557,0.007842,2.504,1.655,2.6,1.487,4.004,169.91,14.9,0.9811,1.648,0.6179,2.524,433.21,1.084,54.95,0.7822,11.12,2.491e-05,0.2277,3.061,1.359,2.399,0.2118,9.411,0.4976,8.969
2022-04-07T13:04:48,43555.07,3230.98,116.83,0.2573,18.87,69.9,20.28,105.52,6.615,181.51,0.7002,0.02558,0.00785,2.504,1.652,2.6,1.487,4.002,170.07,14.9,0.9811,1.644,0.6179,2.525,433.17,1.084,54.95,0.7823,11.12,2.492e-05,0.2276,3.061,1.359,2.399,0.2117,9.415,0.498,8.974
2022-04-07T13:05:18,43545.89,3229.98,116.82,0.2573,18.87,69.9,20.28,105.49,6.606,181.19,0.6987,0.02558,0.00785,2.504,1.653,2.6,1.488,4.002,170.1,14.9,0.9811,1.647,0.6179,2.524,433.29,1.085,54.93,0.7822,11.11,2.49e-05,0.2276,3.06,1.358,2.399,0.2117,9.415,0.4991,8.969
2022-04-07T13:05:48,43546.13,3228.87,116.72,0.2573,18.87,69.9,20.27,105.52,6.606,181.02,0.6985,0.02557,0.00785,2.504,1.652,2.6,1.487,4.002,170.11,14.9,0.9811,1.647,0.6179,2.523,433.22,1.085,54.93,0.7822,11.1,2.49e-05,0.2276,3.059,1.357,2.399,0.2117,9.418,0.4992,8.963
2022-04-07T13:06:18,43531.78,3228.07,116.63,0.2569,18.87,69.8,20.26,105.49,6.602,180.76,0.6985,0.02555,0.00785,2.504,1.65,2.6,1.487,3.996,169.95,14.91,0.9807,1.684,0.6179,2.52,432.97,1.084,54.91,0.7821,11.07,2.489e-05,0.2274,3.059,1.356,2.397,0.2116,9.413,0.4983,8.963
2022-04-07T13:06:48,43538.47,3227.76,116.64,0.2569,18.84,69.7,20.25,105.44,6.605,180.65,0.6981,0.02556,0.00785,2.504,1.65,2.6,1.487,3.998,169.94,14.91,0.9807,1.682,0.6179,2.52,432.85,1.085,54.85,0.7821,11.07,2.488e-05,0.2273,3.057,1.355,2.395,0.2116,9.414,0.4981,8.934
2022-04-07T13:07:18,43536.13,3224.44,116.58,0.2566,18.84,69.9,20.25,105.35,6.603,180.76,0.6981,0.02559,0.00785,2.504,1.65,2.6,1.487,3.997,169.92,14.91,0.9807,1.69,0.6179,2.518,432.85,1.085,54.82,0.7819,11.07,2.487e-05,0.2268,3.056,1.355,2.393,0.2117,9.411,0.4973,8.923
2022-04-07T13:07:48,43526.58,3224.95,116.53,0.2563,18.84,69.9,20.24,105.3,6.601,180.7,0.6972,0.02558,0.00785,2.504,1.649,2.6,1.485,3.997,169.83,14.91,0.9847,1.688,0.6179,2.517,432.55,1.084,54.78,0.7819,11.06,2.485e-05,0.2267,3.05,1.354,2.392,0.2117,9.404,0.497,8.921
2022-04-07T13:08:18,43521.85,3224.55,116.57,0.2562,18.84,69.9,20.24,105.3,6.602,180.89,0.6972,0.02559,0.00785,2.504,1.647,2.6,1.486,4.001,169.83,14.91,0.9838,1.684,0.6179,2.517,432.64,1.084,54.73,0.782,11.05,2.485e-05,0.2267,3.049,1.354,2.392,0.2117,9.399,0.4966,8.921
2022-04-07T13:08:49,43497.34,3223.54,116.55,0.2558,18.79,69.7,20.21,105.26,6.601,180.98,0.6972,0.02554,0.00785,2.5,1.647,2.6,1.484,3.995,169.66,14.91,0.9849,1.684,0.6179,2.513,432.29,1.084,54.68,0.782,11.04,2.485e-05,0.2267,3.047,1.353,2.391,0.2117,9.374,0.4961,8.908
2022-04-07T13:09:19,43475.02,3221.34,116.35,0.2558,18.79,69.7,20.19,105.15,6.595,180.97,0.6972,0.02552,0.00785,2.5,1.646,2.6,1.483,3.991,169.56,14.91,0.9868,1.684,0.6179,2.512,432.34,1.083,54.67,0.7815,11.04,2.483e-05,0.2264,3.046,1.352,2.389,0.2115,9.363,0.4957,8.905
2022-04-07T13:09:49,43435.87,3219.23,116.06,0.2546,18.82,69.3,20.16,105.09,6.577,180.15,0.6978,0.02552,0.00785,2.5,1.644,2.6,1.482,3.99,169.36,14.91,0.9868,1.675,0.6179,2.507,431.86,1.081,54.62,0.7799,11.04,2.478e-05,0.2257,3.041,1.349,2.387,0.2113,9.348,0.4944,8.893
2022-04-07T13:10:19,43402.83,3218.74,116.04,0.2551,18.82,69.2,20.15,105.05,6.569,179.87,0.6978,0.0255,0.00785,2.5,1.644,2.6,1.48,3.992,169.28,14.91,0.9831,1.678,0.6179,2.51,431.73,1.08,54.55,0.7796,11.02,2.475e-05,0.225,3.039,1.346,2.386,0.2113,9.346,0.4947,8.889
2022-04-07T13:10:49,43399.39,3216.79,115.91,0.2551,18.82,69.2,20.15,105.04,6.571,179.66,0.6972,0.02551,0.007814,2.5,1.644,2.6,1.479,3.987,169.28,14.91,0.9895,1.676,0.6179,2.508,431.63,1.079,54.53,0.7799,11.02,2.473e-05,0.2257,3.037,1.345,2.387,0.2112,9.341,0.4945,8.883
2022-04-07T13:11:19,43413.08,3218.62,116.05,0.2559,18.8,69.2,20.17,105.02,6.58,179.79,0.6976,0.02553,0.007814,2.5,1.644,2.6,1.481,3.987,169.33,14.89,0.9895,1.676,0.6179,2.51,431.82,1.08,54.59,0.7801,11.03,2.475e-05,0.2258,3.038,1.346,2.388,0.2112,9.344,0.4945,8.895
2022-04-07T13:11:49,43423.73,3220.51,116.07,0.256,18.8,69.4,20.19,105.1,6.574,179.76,0.6976,0.02555,0.007811,2.5,1.645,2.6,1.482,3.997,169.39,14.89,0.9902,1.676,0.6179,2.511,432.05,1.081,54.61,0.7803,11.05,2.476e-05,0.226,3.04,1.347,2.387,0.2112,9.345,0.495,8.89
2022-04-07T13:12:19,43436.42,3218.58,115.94,0.2562,18.8,69.5,20.18,105.09,6.57,179.71,0.6979,0.02554,0.007811,2.498,1.645,2.6,1.481,3.997,169.36,14.89,0.9975,1.685,0.6179,2.51,431.93,1.08,54.61,0.7802,11.04,2.475e-05,0.226,3.039,1.346,2.386,0.2112,9.345,0.495,8.9
2022-04-07T13:12:49,43451.14,3218.45,115.94,0.2561,18.82,69.6,20.18,105.1,6.579,179.7,0.6977,0.02555,0.007811,2.498,1.645,2.6,1.481,3.984,169.36,14.89,0.9935,1.678,0.6179,2.51,431.88,1.08,54.63,0.7807,11.04,2.475e-05,0.2261,3.036,1.347,2.386,0.2113,9.35,0.4947,8.899
2022-04-07T13:13:20,43424.98,3214.32,115.9,0.2558,18.82,69.5,20.17,105.05,6.571,179.33,0.6977,0.02553,0.007811,2.498,1.645,2.6,1.481,3.989,169.23,14.89,0.9935,1.678,0.6179,2.509,431.71,1.08,54.62,0.7804,10.99,2.474e-05,0.2257,3.035,1.347,2.385,0.2112,9.35,0.4944,8.894
2022-04-07T13:13:50,43404.2,3212.35,115.68,0.2557,18.75,69.4,20.15,105.02,6.558,179.25,0.6977,0.0255,0.007811,2.498,1.644,2.59,1.479,3.99,169.08,14.89,0.9935,1.674,0.6179,2.505,431.58,1.079,54.57,0.7795,10.99,2.471e-05,0.2257,3.034,1.343,2.383,0.211,9.326,0.494,8.898
2022-04-07T13:14:20,43370.73,3211.59,115.52,0.255,18.69,69.4,20.15,104.9,6.559,178.96,0.6977,0.02544,0.007811,2.498,1.643,2.59,1.478,3.99,169.08,14.89,0.9935,1.671,0.6179,2.503,431.47,1.078,54.53,0.779,10.95,2.47e-05,0.2253,3.031,1.341,2.381,0.211,9.32,0.494,8.888
2022-04-07T13:14:50,43388.91,3212.3,115.58,0.255,18.69,69.4,20.16,104.91,6.556,179.07,0.6977,0.02548,0.007807,2.498,1.642,2.59,1.478,3.981,169.01,14.89,0.9935,1.665,0.6179,2.506,431.3,1.078,54.47,0.7798,10.98,2.472e-05,0.2253,3.034,1.341,2.382,0.2111,9.327,0.4938,8.889
2022-04-07T13:15:20,43411.24,3214.44,115.68,0.2551,18.69,69.4,20.17,104.92,6.556,179.17,0.6979,0.0255,0.007807,2.496,1.642,2.59,1.479,3.984,168.99,14.89,0.9935,1.665,0.6179,2.505,431.21,1.078,54.43,0.7803,10.98,2.473e-05,0.2253,3.033,1.342,2.383,0.2112,9.338,0.4941,8.888
2022-04-07T13:15:50,43410.68,3211.96,115.71,0.2548,18.61,69.4,20.17,104.98,6.573,179.72,0.6979,0.02547,0.007807,2.496,1.642,2.59,1.479,3.984,169.01,14.89,0.9935,1.669,0.6179,2.506,431.24,1.079,54.46,0.7803,10.98,2.473e-05,0.2258,3.033,1.342,2.383,0.2112,9.338,0.4941,8.89
2022-04-07T13:16:21,43425.58,3215.67,115.8,0.2549,18.68,69.4,20.18,105.02,6.575,179.95,0.6987,0.02552,0.007807,2.496,1.642,2.59,1.48,3.984,169.22,14.93,0.9935,1.668,0.6179,2.51,431.32,1.08,54.52,0.7808,10.98,2.475e-05,0.2258,3.036,1.343,2.383,0.2112,9.342,0.4952,8.9
2022-04-07T13:16:51,43442.36,3217.61,115.88,0.2549,18.68,69.5,20.2,105.14,6.585,179.81,0.6987,0.02556,0.007807,2.496,1.643,2.59,1.481,3.99,169.36,14.93,0.9912,1.668,0.6179,2.513,432.03,1.08,54.57,0.7815,11,2.476e-05,0.2264,3.038,1.345,2.385,0.2114,9.366,0.4957,8.907
2022-04-07T13:17:22,43442.58,3217.71,115.9,0.2556,18.68,69.5,20.2,105.21,6.584,179.88,0.6999,0.02564,0.007807,2.496,1.643,2.59,1.482,3.992,169.39,14.93,0.9912,1.667,0.6179,2.514,432.05,1.081,54.56,0.7818,11.01,2.477e-05,0.2262,3.038,1.345,2.387,0.2114,9.376,0.4958,8.913
2022-04-07T13:17:52,43475.45,3219.62,115.91,0.2559,18.63,69.5,20.21,105.19,6.589,179.96,0.6999,0.02565,0.007806,2.496,1.643,2.59,1.482,3.992,169.53,14.93,0.9912,1.668,0.6179,2.516,432.39,1.081,54.58,0.7817,11.02,2.477e-05,0.2265,3.041,1.347,2.388,0.2115,9.383,0.4963,8.911
2022-04-07T13:18:22,43514.78,3221.97,116,0.256,18.63,69.6,20.22,105.22,6.594,180.14,0.6999,0.02569,0.007806,2.497,1.645,2.59,1.484,4.003,169.61,14.93,1.002,1.67,0.6179,2.517,432.7,1.082,54.63,0.7819,11.04,2.48e-05,0.2267,3.045,1.348,2.392,0.2116,9.395,0.4971,8.918
2022-04-07T13:18:52,43511.49,3222.25,116.09,0.2565,18.66,69.6,20.22,105.26,6.612,180.26,0.7012,0.02569,0.007807,2.497,1.646,2.59,1.485,4.006,169.64,14.93,1.002,1.667,0.6179,2.518,432.72,1.082,54.66,0.7824,11.03,2.481e-05,0.2265,3.046,1.348,2.393,0.2116,9.41,0.497,8.923
2022-04-07T13:19:22,43498.98,3221.43,115.97,0.2562,18.72,69.6,20.22,105.16,6.613,180.24,0.7012,0.02572,0.007806,2.497,1.647,2.59,1.483,3.999,169.64,14.96,1.002,1.668,0.6179,2.517,432.79,1.082,54.66,0.782,11.03,2.48e-05,0.2265,3.045,1.346,2.393,0.2116,9.411,0.4967,8.938
2022-04-07T13:19:52,43487.23,3220.91,115.84,0.2561,18.76,69.6,20.21,105.12,6.613,180.27,0.7,0.02571,0.007806,2.497,1.646,2.59,1.483,3.998,169.71,14.96,1.002,1.668,0.6179,2.514,432.68,1.082,54.65,0.7821,11.02,2.478e-05,0.2265,3.045,1.345,2.393,0.2116,9.399,0.4968,8.932
2022-04-07T13:20:23,43500.96,3220.22,115.85,0.2566,18.76,69.4,20.22,105.19,6.601,180.59,0.7,0.02568,0.007821,2.497,1.646,2.59,1.485,3.994,169.85,14.93,1.003,1.668,0.6179,2.521,432.8,1.082,54.73,0.7823,11.02,2.481e-05,0.2262,3.045,1.347,2.392,0.2116,9.412,0.4966,8.937
2022-04-07T13:20:53,43482.27,3218.23,115.85,0.2562,18.76,69.4,20.22,105.13,6.599,180.22,0.7,0.0257,0.007821,2.497,1.646,2.59,1.483,3.994,169.74,14.93,1.003,1.674,0.6179,2.517,432.62,1.081,54.69,0.7823,11.02,2.48e-05,0.2263,3.045,1.345,2.392,0.2116,9.409,0.4969,8.944
2022-04-07T13:21:23,43481.97,3217.85,115.9,0.256,18.76,69.4,20.21,105.13,6.599,180.21,0.7002,0.02571,0.007821,2.498,1.65,2.59,1.482,3.994,169.71,14.93,1.003,1.674,0.6179,2.516,432.64,1.081,54.73,0.7822,11.02,2.48e-05,0.2263,3.043,1.345,2.391,0.2116,9.419,0.4971,8.935
2022-04-07T13:21:53,43491.39,3219.23,115.87,0.2562,18.76,69.4,20.21,105.16,6.597,179.91,0.6997,0.02572,0.007821,2.499,1.653,2.59,1.484,3.997,169.82,14.93,1.003,1.668,0.6179,2.515,432.67,1.081,54.71,0.782,11.02,2.48e-05,0.2263,3.044,1.345,2.392,0.2115,9.419,0.4971,8.933
2022-04-07T13:22:23,43469.17,3218.38,115.76,0.2558,18.73,69.4,20.2,105.16,6.598,179.77,0.7009,0.02569,0.007821,2.499,1.653,2.59,1.482,3.997,169.73,14.93,1.003,1.668,0.6179,2.514,432.6,1.081,54.69,0.7817,11.02,2.478e-05,0.2263,3.044,1.344,2.391,0.2115,9.427,0.4972,8.931
2022-04-07T13:22:54,43458.83,3215.15,115.71,0.2558,18.73,69.4,20.18,105.15,6.588,179.6,0.7007,0.02562,0.00782,2.499,1.651,2.59,1.481,3.999,169.7,14.93,1.003,1.671,0.6179,2.512,432.48,1.081,54.61,0.7815,11.02,2.477e-05,0.2263,3.043,1.344,2.39,0.2114,9.421,0.4965,8.929
2022-04-07T13:23:24,43438.85,3213.78,115.59,0.2557,18.68,69.4,20.16,105.03,6.578,179.45,0.7009,0.02552,0.007806,2.499,1.65,2.59,1.48,3.994,169.49,14.92,1.003,1.668,0.6179,2.509,432.06,1.079,54.57,0.7807,11.02,2.475e-05,0.2258,3.036,1.342,2.386,0.2113,9.419,0.4965,8.921
2022-04-07T13:23:54,43428.48,3212.81,115.59,0.2553,18.72,69.4,20.15,104.98,6.565,179.3,0.7007,0.02549,0.007806,2.499,1.649,2.59,1.48,3.994,169.27,14.92,1.001,1.668,0.6179,2.508,431.94,1.079,54.54,0.7805,11.02,2.474e-05,0.2258,3.035,1.34,2.385,0.2113,9.401,0.496,8.918
2022-04-07T13:24:24,43398.82,3211.42,115.49,0.2552,18.72,69.3,20.14,104.9,6.565,179.07,0.7007,0.02549,0.007804,2.499,1.648,2.59,1.479,3.981,169.1,14.92,1.001,1.668,0.6179,2.507,431.79,1.079,54.45,0.7804,11.02,2.472e-05,0.2256,3.033,1.337,2.384,0.2113,9.393,0.4956,8.917
2022-04-07T13:24:54,43393.78,3210.36,115.45,0.2549,18.64,69.3,20.14,104.93,6.565,178.86,0.7007,0.02544,0.007804,2.493,1.648,2.59,1.478,3.981,169.06,14.92,1.001,1.664,0.6179,2.507,431.83,1.079,54.45,0.7801,11.02,2.472e-05,0.2256,3.033,1.337,2.384,0.2112,9.372,0.4956,8.911
2022-04-07T13:25:24,43395.63,3211.16,115.39,0.2547,18.64,69.3,20.14,104.95,6.563,179.06,0.6997,0.02549,0.007804,2.493,1.648,2.59,1.478,3.983,169.03,14.92,1.001,1.665,0.6179,2.506,431.57,1.079,54.54,0.7804,10.97,2.473e-05,0.2255,3.035,1.338,2.385,0.2112,9.362,0.4952,8.916
2022-04-07T13:25:54,43412.82,3212.85,115.46,0.2552,18.64,69.3,20.16,105,6.566,179.32,0.6997,0.02554,0.007813,2.493,1.648,2.59,1.479,3.986,169.13,14.92,1.001,1.669,0.6179,2.507,431.8,1.079,54.57,0.7803,10.97,2.473e-05,0.2258,3.037,1.339,2.386,0.2111,9.37,0.4958,8.912
2022-04-07T13:26:24,43387.37,3210.44,115.33,0.2548,18.75,69.3,20.15,104.97,6.561,179.05,0.6997,0.02554,0.007813,2.488,1.648,2.59,1.479,3.977,168.96,14.92,1.002,1.672,0.6179,2.506,431.72,1.079,54.58,0.7801,10.99,2.474e-05,0.2257,3.035,1.339,2.385,0.2111,9.373,0.4953,8.911
2022-04-07T13:26:55,43411.54,3211.74,115.36,0.255,18.75,69.2,20.16,105.06,6.57,179.23,0.6997,0.02552,0.007823,2.488,1.648,2.59,1.48,3.974,169.04,14.92,1.002,1.67,0.6179,2.508,431.76,1.08,54.62,0.7808,10.99,2.475e-05,0.2261,3.038,1.34,2.386,0.2112,9.385,0.4956,8.911
2022-04-07T13:27:26,43407.83,3211.63,115.55,0.2552,18.75,69.1,20.16,105.11,6.571,179.17,0.6997,0.02552,0.007823,2.488,1.648,2.59,1.48,3.976,169.04,14.92,1.002,1.672,0.6179,2.508,431.98,1.08,54.62,0.7808,10.99,2.475e-05,0.2261,3.04,1.34,2.387,0.2112,9.388,0.4955,8.915
2022-04-07T13:27:56,43371.81,3208.47,115.3,0.2543,18.73,69.1,20.13,104.97,6.568,178.86,0.7,0.02548,0.007823,2.488,1.646,2.59,1.477,3.968,168.84,14.92,1.002,1.672,0.6179,2.506,431.79,1.079,54.56,0.7799,11.01,2.473e-05,0.2256,3.036,1.339,2.384,0.211,9.377,0.4949,8.897
2022-04-07T13:28:26,43358,3205.99,115.27,0.2537,18.73,69.1,20.11,104.75,6.565,178.28,0.7,0.02548,0.007823,2.485,1.643,2.59,1.476,3.967,168.44,14.92,1.001,1.656,0.6179,2.5,431.6,1.077,54.47,0.7793,10.98,2.471e-05,0.2255,3.032,1.338,2.381,0.211,9.349,0.4943,8.893
2022-04-07T13:28:56,43357.45,3206.41,115.08,0.2537,18.73,69,20.08,104.59,6.563,178.32,0.6983,0.02549,0.007823,2.485,1.643,2.59,1.476,3.967,168.44,14.92,1,1.656,0.6179,2.501,431.17,1.077,54.42,0.7793,10.97,2.47e-05,0.2253,3.032,1.337,2.381,0.2109,9.344,0.4944,8.887
2022-04-07T13:29:26,43391.05,3208.32,115.31,0.2541,18.73,69.3,20.1,104.65,6.559,178.64,0.6995,0.02555,0.007813,2.485,1.643,2.59,1.476,3.967,168.69,14.92,1,1.656,0.6179,2.502,431.44,1.078,54.45,0.7796,10.99,2.473e-05,0.2258,3.036,1.338,2.382,0.2111,9.344,0.495,8.876
2022-04-07T13:29:56,43393.65,3208.42,115.41,0.2543,18.75,69.1,20.11,104.75,6.568,178.72,0.7001,0.02556,0.007813,2.485,1.642,2.59,1.477,3.961,168.88,14.92,1.004,1.643,0.6179,2.502,431.62,1.079,54.46,0.7795,11,2.473e-05,0.2258,3.037,1.34,2.385,0.2111,9.356,0.4947,8.878
2022-04-07T13:30:26,43420.59,3209,115.42,0.2544,18.75,69.1,20.13,104.77,6.564,178.79,0.7001,0.02557,0.007813,2.485,1.643,2.59,1.478,3.97,168.9,14.92,1.004,1.643,0.6179,2.505,431.96,1.079,54.48,0.7797,11,2.474e-05,0.2258,3.039,1.343,2.386,0.2112,9.374,0.4948,8.886
2022-04-07T13:30:56,43439.91,3209.3,115.5,0.2546,18.75,69.1,20.14,104.68,6.561,178.83,0.7001,0.02556,0.007813,2.485,1.643,2.59,1.478,3.968,168.93,14.92,1.004,1.643,0.6179,2.504,431.99,1.08,54.51,0.7799,11,2.476e-05,0.2261,3.039,1.342,2.386,0.2112,9.378,0.4948,8.886
2022-04-07T13:31:26,43452.64,3212.51,115.56,0.255,18.75,69.1,20.16,104.8,6.571,179.29,0.6983,0.02559,0.007813,2.488,1.643,2.59,1.479,3.968,169.44,14.92,1.004,1.646,0.6179,2.509,432.47,1.08,54.61,0.7803,11.02,2.478e-05,0.2263,3.04,1.342,2.39,0.2113,9.395,0.4958,8.894
2022-04-07T13:31:57,43390.33,3206.57,115.17,0.2547,18.8,69,20.11,104.58,6.569,178.72,0.6983,0.02553,0.007813,2.488,1.644,2.59,1.475,3.957,168.86,14.92,1.004,1.64,0.6179,2.503,431.73,1.079,54.52,0.7803,11,2.474e-05,0.2258,3.037,1.34,2.385,0.2112,9.364,0.4947,8.884
2022-04-07T13:32:27,43369.34,3204.64,114.94,0.2543,18.8,69,20.08,104.46,6.554,178.2,0.6977,0.02548,0.007813,2.488,1.642,2.59,1.474,3.957,168.6,14.92,1.004,1.642,0.6179,2.498,431.54,1.078,54.43,0.7788,10.98,2.471e-05,0.2252,3.032,1.337,2.383,0.2111,9.364,0.4937,8.871
2022-04-07T13:32:57,43373.23,3207.73,115.15,0.2537,18.8,69,20.09,104.45,6.55,178.41,0.6984,0.0255,0.007821,2.488,1.642,2.59,1.474,3.955,168.81,14.92,1.003,1.643,0.6179,2.502,431.2,1.078,54.41,0.7788,11.01,2.472e-05,0.2255,3.038,1.336,2.384,0.2111,9.349,0.494,8.872
2022-04-07T13:33:27,43412.2,3209.29,115.31,0.2541,18.76,69.2,20.12,104.5,6.555,178.74,0.6987,0.02551,0.007821,2.488,1.642,2.6,1.477,3.977,168.9,14.92,1.012,1.642,0.6179,2.51,431.75,1.079,54.49,0.779,11.01,2.474e-05,0.2258,3.042,1.338,2.384,0.2112,9.364,0.4946,8.878
2022-04-07T13:33:57,43464.91,3213.85,115.67,0.2554,18.76,69.4,20.16,104.71,6.565,179.23,0.6999,0.02553,0.007821,2.489,1.643,2.6,1.48,3.984,169.27,14.92,1.019,1.647,0.6179,2.518,432.53,1.082,54.58,0.7806,11.01,2.478e-05,0.2266,3.05,1.341,2.392,0.2116,9.396,0.4957,8.892
2022-04-07T13:34:28,43495.45,3216.69,115.86,0.2557,18.78,69.4,20.2,104.96,6.579,179.5,0.7001,0.02558,0.007821,2.486,1.645,2.6,1.482,3.988,169.51,14.89,1.012,1.644,0.6179,2.524,433.22,1.083,54.57,0.7818,11.01,2.481e-05,0.227,3.054,1.344,2.395,0.2117,9.41,0.4952,8.902
2022-04-07T13:34:58,43509.87,3218.62,115.83,0.2558,18.78,69.4,20.2,104.96,6.583,179.69,0.7001,0.02559,0.007821,2.486,1.645,2.61,1.483,3.989,169.57,14.89,1.017,1.644,0.6179,2.524,433.32,1.083,54.64,0.7821,11.01,2.482e-05,0.2271,3.053,1.345,2.399,0.2122,9.414,0.496,8.903
2022-04-07T13:35:28,43505.35,3219.9,116.12,0.2559,18.78,69.5,20.21,105.02,6.592,179.81,0.7001,0.02563,0.007838,2.486,1.645,2.61,1.483,3.989,169.53,14.91,1.019,1.644,0.6179,2.525,433.63,1.083,54.79,0.7825,11.02,2.482e-05,0.2271,3.057,1.346,2.401,0.2122,9.43,0.4967,8.917
2022-04-07T13:35:58,43470.92,3218.29,116.09,0.2559,18.75,69.4,20.19,104.98,6.592,179.62,0.7001,0.02563,0.007838,2.486,1.645,2.61,1.483,3.984,169.46,14.91,1.016,1.644,0.6179,2.524,433.32,1.082,54.76,0.7818,11.02,2.481e-05,0.2268,3.056,1.346,2.398,0.2121,9.431,0.4962,8.917
2022-04-07T13:36:28,43487.28,3217.2,116.11,0.2563,18.75,69.4,20.2,104.98,6.59,179.64,0.7001,0.02557,0.007838,2.486,1.646,2.61,1.484,3.982,169.55,14.92,1.024,1.644,0.6179,2.523,433.48,1.083,54.77,0.7823,11.02,2.482e-05,0.2268,3.056,1.346,2.398,0.2121,9.44,0.4966,8.918
2022-04-07T13:36:59,43480.78,3217.04,116.2,0.2563,18.73,69.5,20.2,104.99,6.596,179.77,0.7008,0.02561,0.007838,2.486,1.646,2.61,1.484,3.978,169.56,14.92,1.024,1.643,0.6179,2.523,433.53,1.083,54.78,0.7824,11,2.481e-05,0.2267,3.058,1.345,2.399,0.2122,9.443,0.4965,8.919
2022-04-07T13:37:29,43522.45,3221.11,116.25,0.2564,18.73,69.5,20.21,105.04,6.596,180.11,0.7026,0.02562,0.007838,2.48,1.647,2.61,1.485,3.978,169.75,14.92,1.036,1.644,0.6179,2.525,433.73,1.084,54.81,0.7825,11,2.481e-05,0.2267,3.063,1.346,2.401,0.2122,9.448,0.4965,8.919
2022-04-07T13:37:59,43593.23,3224.8,116.34,0.2575,18.73,69.5,20.26,105.34,6.604,180.61,0.7026,0.0257,0.00783,2.48,1.647,2.61,1.488,3.992,170.25,14.92,1.036,1.644,0.6179,2.534,434.57,1.086,54.96,0.7839,11.03,2.488e-05,0.2276,3.068,1.35,2.405,0.2124,9.489,0.4968,8.931
2022-04-07T13:38:29,43613.92,3229.29,116.32,0.2578,18.75,69.5,20.27,105.42,6.619,180.53,0.7035,0.02574,0.00783,2.489,1.65,2.61,1.488,3.992,170.3,14.92,1.034,1.644,0.6179,2.535,434.83,1.087,54.99,0.7848,11.02,2.49e-05,0.2276,3.069,1.353,2.408,0.2126,9.491,0.4981,8.94
2022-04-07T13:38:59,43606.75,3228.77,116.82,0.258,18.75,69.5,20.26,105.5,6.628,180.35,0.7082,0.02574,0.007872,2.489,1.651,2.61,1.488,3.997,170.4,14.92,1.035,1.643,0.6179,2.534,434.84,1.086,55,0.7847,11.02,2.49e-05,0.2279,3.066,1.354,2.408,0.2127,9.494,0.4986,8.941
2022-04-07T13:39:29,43569.56,3225.22,116.82,0.2577,18.75,69.5,20.26,105.44,6.615,180.2,0.7082,0.02575,0.007874,2.489,1.652,2.61,1.488,3.987,170.3,14.93,1.035,1.643,0.6171,2.534,434.38,1.086,54.99,0.7845,11.02,2.489e-05,0.2279,3.066,1.353,2.407,0.2127,9.483,0.4984,8.932
2022-04-07T13:39:59,43566.31,3224.13,116.77,0.2577,18.76,70,20.25,105.35,6.613,180.24,0.7082,0.02568,0.007874,2.489,1.652,2.61,1.488,3.985,170.36,14.93,1.03,1.642,0.6171,2.533,434.36,1.086,54.95,0.7839,11.02,2.487e-05,0.2274,3.062,1.351,2.406,0.2127,9.485,0.4984,8.937
2022-04-07T13:40:29,43552.64,3223.66,116.76,0.2577,18.77,69.6,20.24,105.37,6.599,180.01,0.7082,0.02576,0.007874,2.489,1.651,2.61,1.488,3.994,170.27,14.93,1.026,1.642,0.6171,2.531,434.25,1.086,54.95,0.7836,11.05,2.487e-05,0.227,3.064,1.349,2.405,0.2127,9.485,0.4985,8.937
2022-04-07T13:40:59,43530.19,3220.02,116.55,0.2575,18.76,69.6,20.23,105.34,6.594,179.94,0.7049,0.02574,0.007874,2.482,1.649,2.61,1.487,3.987,170.23,14.93,1.026,1.64,0.6171,2.528,433.92,1.084,54.94,0.783,11.05,2.485e-05,0.2269,3.061,1.349,2.401,0.2126,9.481,0.4985,8.925
2022-04-07T13:41:30,43531.45,3219,116.64,0.257,18.77,69.7,20.23,105.15,6.585,180.04,0.7043,0.02576,0.007874,2.482,1.65,2.61,1.487,3.986,170.2,14.93,1.024,1.641,0.6171,2.528,433.88,1.085,54.87,0.783,11.05,2.485e-05,0.2271,3.058,1.348,2.401,0.2126,9.483,0.4983,8.928
2022-04-07T13:42:00,43550.77,3221.14,116.8,0.2573,18.77,69.7,20.25,105.2,6.597,180.3,0.7043,0.02579,0.007833,2.482,1.649,2.61,1.488,3.993,170.34,14.93,1.019,1.64,0.6171,2.53,434.06,1.086,54.9,0.7834,11.05,2.487e-05,0.2273,3.059,1.349,2.403,0.2126,9.492,0.4985,8.931
2022-04-07T13:42:30,43532.35,3219.73,116.69,0.2573,18.76,69.6,20.24,105.19,6.589,180.23,0.7048,0.02578,0.007833,2.482,1.65,2.61,1.487,3.986,170.28,14.93,1.019,1.64,0.6171,2.53,434.07,1.085,54.89,0.7835,11.05,2.487e-05,0.2272,3.058,1.35,2.402,0.2126,9.488,0.4985,8.926
2022-04-07T13:43:00,43554.69,3221.56,116.94,0.2579,18.76,69.8,20.26,105.33,6.58,180.61,0.7019,0.02576,0.007822,2.489,1.65,2.61,1.488,3.986,170.37,14.93,1.019,1.641,0.6171,2.531,434.17,1.087,54.94,0.7838,11.06,2.489e-05,0.2272,3.061,1.349,2.403,0.2126,9.488,0.4991,8.929
2022-04-07T13:43:30,43634.78,3227.2,117.05,0.2585,18.77,70,20.3,105.47,6.595,180.84,0.702,0.02588,0.007861,2.489,1.651,2.61,1.49,3.996,170.51,14.94,1.01,1.645,0.6171,2.54,434.82,1.089,55.03,0.7843,11.1,2.494e-05,0.2281,3.069,1.349,2.409,0.2128,9.489,0.4996,8.932
2022-04-07T13:44:00,43592.06,3225.25,116.89,0.2586,18.77,70,20.3,105.47,6.589,180.71,0.702,0.0258,0.007861,2.489,1.652,2.61,1.49,3.991,170.63,14.94,1.019,1.648,0.6171,2.537,434.51,1.088,55.04,0.7844,11.08,2.494e-05,0.2277,3.066,1.353,2.408,0.2128,9.505,0.5,8.931
2022-04-07T13:44:30,43546.71,3220.51,116.74,0.2585,18.77,69.8,20.25,105.4,6.586,180.39,0.7023,0.02575,0.007851,2.489,1.652,2.61,1.488,3.987,170.37,14.94,1.019,1.648,0.6171,2.532,434.1,1.087,54.88,0.7832,11.05,2.49e-05,0.2273,3.061,1.352,2.405,0.2127,9.491,0.4985,8.926
2022-04-07T13:45:00,43505.83,3217.59,116.43,0.2584,18.77,69.6,20.22,105.1,6.573,180,0.7023,0.02567,0.007851,2.489,1.651,2.6,1.486,3.982,170.17,14.94,1.019,1.644,0.6171,2.526,433.67,1.085,54.85,0.7819,11.05,2.487e-05,0.2269,3.056,1.348,2.403,0.2126,9.47,0.498,8.92
2022-04-07T13:45:31,43489.9,3217.01,116.38,0.2574,18.75,69.6,20.21,104.95,6.562,180.05,0.7023,0.02566,0.00783,2.489,1.65,2.6,1.485,3.983,169.96,14.94,1.016,1.644,0.6171,2.524,433.49,1.085,54.83,0.7815,11.05,2.485e-05,0.2269,3.054,1.347,2.401,0.2125,9.464,0.4973,8.922
2022-04-07T13:46:01,43500.56,3216.09,116.56,0.2575,18.75,69.5,20.22,104.95,6.565,180.28,0.7015,0.02565,0.00783,2.495,1.651,2.6,1.485,3.978,170,14.94,1.014,1.644,0.6171,2.526,433.52,1.084,54.83,0.7819,11.05,2.487e-05,0.227,3.054,1.346,2.4,0.2125,9.46,0.4972,8.907
2022-04-07T13:46:31,43549.5,3217.23,116.6,0.2575,18.75,69.7,20.22,105.02,6.565,180.65,0.7015,0.02568,0.00783,2.495,1.652,2.6,1.485,3.987,170.08,14.91,1.014,1.641,0.6171,2.53,433.8,1.085,54.9,0.7825,11.05,2.489e-05,0.227,3.056,1.347,2.403,0.2127,9.465,0.4973,8.911
2022-04-07T13:47:01,43568.78,3222.1,116.86,0.2576,18.77,69.7,20.22,105.1,6.575,180.72,0.7004,0.02572,0.00783,2.495,1.657,2.6,1.486,3.988,170.09,14.91,1.014,1.644,0.6171,2.531,434.05,1.086,54.91,0.7828,11.05,2.49e-05,0.227,3.062,1.346,2.405,0.2128,9.471,0.4983,8.92
2022-04-07T13:47:31,43539.34,3218.21,116.64,0.2574,18.72,69.7,20.22,105,6.581,180.6,0.7003,0.0257,0.00783,2.497,1.657,2.6,1.484,3.979,170,14.91,1.014,1.644,0.6171,2.525,433.68,1.085,54.91,0.7818,11.05,2.488e-05,0.2277,3.057,1.345,2.404,0.2127,9.464,0.4981,8.925
2022-04-07T13:48:01,43530.07,3218.39,116.66,0.2573,18.74,69.7,20.21,104.95,6.581,180.48,0.7003,0.02567,0.00783,2.497,1.674,2.6,1.485,3.984,170.04,14.91,1.014,1.644,0.6171,2.525,433.58,1.084,54.86,0.7815,11.05,2.488e-05,0.2272,3.055,1.343,2.402,0.2127,9.455,0.4978,8.925
2022-04-07T13:48:31,43508.25,3215.61,116.63,0.2572,18.74,69.6,20.2,104.88,6.58,180.4,0.7,0.02568,0.00783,2.497,1.676,2.6,1.485,3.977,170.02,14.91,1.014,1.644,0.6171,2.525,433.39,1.084,54.86,0.7812,11.06,2.487e-05,0.2271,3.055,1.343,2.401,0.2126,9.452,0.4977,8.92
2022-04-07T13:49:01,43521.88,3217.99,116.79,0.2573,18.74,69.6,20.22,104.98,6.585,180.46,0.6993,0.02571,0.00783,2.497,1.678,2.6,1.486,3.981,170.11,14.91,1.014,1.644,0.6171,2.528,433.54,1.085,54.87,0.7814,11.08,2.489e-05,0.2274,3.057,1.345,2.402,0.2126,9.458,0.4979,8.92
2022-04-07T13:49:31,43516.31,3217.62,116.78,0.2572,18.74,69.7,20.22,104.95,6.587,180.4,0.7,0.0257,0.00783,2.497,1.68,2.6,1.485,3.977,170.02,14.91,1.014,1.644,0.6171,2.526,433.49,1.085,54.84,0.7812,11.08,2.489e-05,0.2273,3.056,1.343,2.403,0.2126,9.46,0.4984,8.921
2022-04-07T13:50:02,43484.12,3216.75,116.6,0.2571,18.75,69.6,20.2,104.92,6.583,180.1,0.6991,0.02568,0.007821,2.501,1.657,2.6,1.484,3.974,169.95,14.91,1.014,1.644,0.6171,2.525,433.23,1.084,54.81,0.7808,11.06,2.488e-05,0.2271,3.054,1.344,2.401,0.2125,9.449,0.4979,8.907
2022-04-07T13:50:32,43505.33,3217.56,116.63,0.2571,18.75,69.6,20.2,104.89,6.593,180.18,0.6993,0.02571,0.007821,2.499,1.659,2.6,1.484,3.977,170.03,14.91,1.014,1.642,0.6171,2.526,433.14,1.085,54.85,0.7811,11.05,2.488e-05,0.2272,3.056,1.346,2.401,0.2125,9.441,0.4984,8.911
2022-04-07T13:51:02,43530.43,3220.3,116.79,0.2578,18.74,69.6,20.23,104.91,6.595,180.13,0.6993,0.02573,0.007827,2.499,1.652,2.6,1.485,3.979,170.06,14.91,1.014,1.643,0.6171,2.53,433.2,1.085,54.9,0.7816,11.05,2.489e-05,0.2274,3.06,1.346,2.403,0.2126,9.441,0.4986,8.92
2022-04-07T13:51:32,43541.96,3220.49,116.81,0.2579,18.74,69.6,20.22,104.93,6.594,180.21,0.6993,0.02577,0.007827,2.499,1.653,2.6,1.486,3.977,170.22,14.91,1.017,1.64,0.6171,2.53,433.52,1.085,54.95,0.7815,11.09,2.491e-05,0.2274,3.06,1.347,2.403,0.2126,9.449,0.4986,8.917
2022-04-07T13:52:02,43556.51,3221.58,116.96,0.2582,18.77,69.6,20.24,104.95,6.593,180.44,0.6996,0.02578,0.007828,2.499,1.654,2.6,1.487,3.977,170.35,14.91,1.014,1.64,0.6171,2.533,433.67,1.086,55.01,0.7821,11.09,2.492e-05,0.2275,3.061,1.347,2.404,0.2127,9.456,0.4989,8.922
2022-04-07T13:52:32,43552.33,3221.48,117,0.2581,18.79,69.6,20.24,104.97,6.593,180.54,0.6996,0.02577,0.007828,2.499,1.652,2.6,1.487,3.978,170.4,14.91,1.014,1.638,0.6171,2.532,433.68,1.087,55.04,0.7821,11.09,2.492e-05,0.2277,3.062,1.349,2.405,0.2127,9.456,0.4986,8.921
2022-04-07T13:53:02,43554.17,3222.82,116.98,0.2582,18.79,69.6,20.25,105.03,6.586,180.48,0.6998,0.02574,0.007828,2.502,1.653,2.6,1.488,3.975,170.42,14.91,1.014,1.638,0.6171,2.532,433.65,1.087,55.06,0.7822,11.09,2.494e-05,0.2277,3.062,1.349,2.405,0.2127,9.45,0.499,8.924
2022-04-07T13:53:32,43561.04,3222.15,117.03,0.2582,18.79,69.6,20.24,105.22,6.587,180.31,0.6997,0.02575,0.007828,2.502,1.653,2.6,1.489,3.977,170.42,14.91,1.014,1.639,0.6171,2.534,433.77,1.087,55.07,0.7825,11.09,2.495e-05,0.2277,3.062,1.35,2.406,0.2128,9.457,0.4991,8.923
2022-04-07T13:54:03,43557.01,3222.13,117.01,0.2583,18.79,69.6,20.24,105.28,6.583,180.25,0.6997,0.02569,0.007828,2.502,1.652,2.6,1.489,3.981,170.39,14.91,1.014,1.636,0.6171,2.532,433.75,1.086,55.08,0.7826,11.09,2.495e-05,0.2278,3.062,1.349,2.405,0.2127,9.463,0.4995,8.921
2022-04-07T13:54:33,43600.91,3225.86,117.04,0.2588,18.78,69.6,20.28,105.3,6.586,180.41,0.7,0.02573,0.007828,2.506,1.654,2.6,1.49,3.986,170.47,14.91,1.014,1.639,0.6171,2.534,433.98,1.088,55.17,0.7836,11.09,2.497e-05,0.2281,3.069,1.351,2.408,0.2128,9.473,0.4998,8.928
2022-04-07T13:55:03,43596.92,3225.26,117,0.2589,18.78,69.8,20.28,105.37,6.589,180.42,0.7,0.02581,0.007859,2.506,1.653,2.6,1.491,3.993,170.62,14.91,1.014,1.639,0.6171,2.537,434.14,1.088,55.2,0.7834,11.11,2.498e-05,0.2282,3.068,1.351,2.408,0.2129,9.482,0.5002,8.946
2022-04-07T13:55:33,43590.89,3224.84,117.05,0.2588,18.78,69.7,20.28,105.44,6.588,180.43,0.7009,0.02579,0.007867,2.506,1.654,2.6,1.491,3.993,170.58,14.91,1.017,1.639,0.6171,2.536,434.24,1.087,55.2,0.7837,11.12,2.497e-05,0.228,3.066,1.351,2.407,0.2129,9.487,0.5006,8.951
2022-04-07T13:56:03,43594.29,3224.61,117.03,0.2588,18.81,69.7,20.28,105.37,6.586,180.38,0.7009,0.02577,0.007853,2.506,1.654,2.6,1.491,3.988,170.58,14.91,1.017,1.644,0.6171,2.535,434.09,1.086,55.18,0.7837,11.12,2.497e-05,0.228,3.066,1.351,2.408,0.2129,9.488,0.5002,8.953
2022-04-07T13:56:33,43605.94,3226.64,117.04,0.2589,18.8,69.7,20.29,105.39,6.587,180.35,0.7008,0.02578,0.007853,2.506,1.655,2.62,1.49,3.991,170.63,14.93,1.017,1.644,0.6171,2.536,434.17,1.088,55.18,0.7836,11.12,2.498e-05,0.228,3.067,1.352,2.408,0.2129,9.499,0.5005,8.965
2022-04-07T13:57:03,43622.67,3227.73,117.08,0.2592,18.8,69.8,20.3,105.46,6.59,180.29,0.7002,0.02579,0.007871,2.506,1.655,2.62,1.491,3.994,170.7,14.93,1.025,1.644,0.6171,2.539,434.5,1.088,55.19,0.7839,11.12,2.499e-05,0.228,3.068,1.352,2.41,0.213,9.5,0.5007,8.961
2022-04-07T13:57:33,43624.81,3227.27,117.05,0.259,18.8,69.8,20.3,105.53,6.588,179.96,0.7003,0.02581,0.007856,2.506,1.656,2.62,1.491,3.989,170.76,14.93,1.025,1.633,0.6171,2.538,434.42,1.087,55.19,0.7837,11.13,2.5e-05,0.2282,3.07,1.353,2.41,0.213,9.5,0.5013,8.968
2022-04-07T13:58:03,43642.93,3228.76,117.15,0.2599,18.97,69.8,20.31,105.54,6.585,180.15,0.7003,0.02581,0.007856,2.506,1.656,2.62,1.492,3.991,170.87,14.93,1.025,1.638,0.6171,2.539,434.44,1.087,55.18,0.7841,11.14,2.501e-05,0.2282,3.07,1.353,2.411,0.2131,9.504,0.5014,8.97
2022-04-07T13:58:34,43647.12,3229.11,117.24,0.26,18.99,69.7,20.31,105.53,6.587,180.17,0.7004,0.0258,0.007856,2.506,1.656,2.62,1.492,3.996,170.95,14.93,1.025,1.638,0.6171,2.539,434.66,1.087,55.18,0.7842,11.15,2.501e-05,0.2283,3.07,1.353,2.411,0.213,9.502,0.5014,8.976
2022-04-07T13:59:04,43653.08,3228.84,117.16,0.26,18.97,69.7,20.31,105.42,6.588,180.03,0.7007,0.02583,0.007856,2.506,1.657,2.62,1.492,3.991,171.07,14.93,1.026,1.638,0.6171,2.539,434.81,1.087,55.16,0.7842,11.15,2.501e-05,0.2284,3.071,1.354,2.412,0.213,9.505,0.5022,8.972
2022-04-07T13:59:34,43637.75,3227.99,117.05,0.2595,19.17,69.7,20.3,105.2,6.585,179.75,0.7007,0.02581,0.007856,2.506,1.657,2.62,1.49,3.992,171.08,14.89,1.026,1.638,0.6171,2.538,434.67,1.087,55.12,0.7839,11.15,2.501e-05,0.2282,3.071,1.352,2.41,0.213,9.498,0.5023,8.976
2022-04-07T14:00:04,43638.36,3229.16,117.09,0.2593,19.17,69.7,20.3,105.12,6.593,179.61,0.7007,0.0258,0.007856,2.506,1.658,2.62,1.491,3.986,171.11,14.89,1.029,1.638,0.6171,2.536,434.57,1.087,55.1,0.7839,11.15,2.5e-05,0.2282,3.074,1.353,2.41,0.213,9.494,0.5023,8.977
2022-04-07T14:00:34,43604.07,3226.89,116.82,0.2585,19.17,69.7,20.27,105.08,6.594,179.72,0.7008,0.02579,0.007922,2.506,1.658,2.62,1.491,3.975,170.97,14.89,1.029,1.638,0.6171,2.534,434.12,1.085,55.03,0.7839,11.15,2.497e-05,0.2282,3.071,1.352,2.408,0.2129,9.497,0.5021,8.957
2022-04-07T14:01:04,43708.39,3230.03,116.92,0.2593,19.17,70,20.33,105.15,6.598,180.2,0.7006,0.02578,0.007907,2.506,1.658,2.63,1.492,3.995,171.24,14.89,1.029,1.638,0.6171,2.547,434.79,1.088,55.08,0.7845,11.17,2.503e-05,0.2288,3.079,1.355,2.411,0.2131,9.495,0.5025,8.96
2022-04-07T14:01:34,43725.78,3230.28,116.96,0.2599,19.21,70.1,20.36,105.15,6.602,180.25,0.7012,0.02587,0.007925,2.506,1.659,2.64,1.494,3.996,171.29,14.89,1.029,1.647,0.6171,2.548,435,1.088,55.24,0.786,11.18,2.504e-05,0.2288,3.081,1.358,2.416,0.2132,9.542,0.5032,8.963
2022-04-07T14:02:04,43755.39,3232.59,117.41,0.26,19.16,70.1,20.37,105.13,6.601,180.49,0.7012,0.02587,0.007925,2.509,1.66,2.64,1.495,4.003,171.15,14.89,1.029,1.647,0.6171,2.549,435.4,1.088,55.25,0.7861,11.2,2.504e-05,0.2289,3.082,1.357,2.416,0.2131,9.541,0.5027,8.966
2022-04-07T14:02:35,43698.52,3233.18,117.3,0.2592,19.31,70.1,20.36,105.09,6.598,180.43,0.7077,0.0258,0.007925,2.509,1.66,2.64,1.493,4.003,170.86,14.93,1.023,1.647,0.6171,2.546,435.27,1.088,55.18,0.786,11.2,2.504e-05,0.2282,3.08,1.356,2.414,0.2131,9.538,0.502,8.963
2022-04-07T14:03:05,43699.29,3233.3,117.2,0.2589,19.31,70.1,20.34,105.03,6.597,180.4,0.7047,0.02576,0.007925,2.509,1.661,2.64,1.493,4,170.87,14.93,1.023,1.647,0.6171,2.545,435.18,1.088,55.18,0.7861,11.2,2.504e-05,0.2282,3.08,1.355,2.412,0.213,9.521,0.5019,8.962
2022-04-07T14:03:35,43706.36,3233.34,117.24,0.2587,19.31,70.1,20.34,105.14,6.598,180.34,0.7063,0.02577,0.007925,2.509,1.663,2.64,1.493,4.009,170.74,14.93,1.023,1.647,0.6171,2.545,434.97,1.088,55.17,0.7859,11.2,2.504e-05,0.2282,3.08,1.355,2.412,0.213,9.52,0.5024,8.961
2022-04-07T14:04:05,43688.92,3230.19,117.25,0.2587,19.35,70,20.33,105.13,6.612,180.27,0.7071,0.02577,0.007925,2.509,1.665,2.64,1.492,4.007,170.76,14.93,1.023,1.647,0.6171,2.544,435.02,1.088,55.17,0.7858,11.19,2.504e-05,0.2283,3.079,1.355,2.412,0.2129,9.515,0.5025,8.969
2022-04-07T14:04:35,43689.64,3230.47,117.12,0.2587,19.35,69.9,20.31,105.11,6.604,179.93,0.706,0.02569,0.007921,2.509,1.664,2.64,1.492,4.007,170.62,14.93,1.023,1.647,0.6171,2.543,434.75,1.087,55.17,0.7854,11.18,2.504e-05,0.2282,3.078,1.355,2.411,0.2128,9.508,0.5019,8.969
2022-04-07T14:05:05,43679.91,3229.35,117.14,0.2587,19.34,70.1,20.31,105.09,6.601,179.87,0.7063,0.02565,0.007921,2.509,1.664,2.64,1.493,4.007,170.59,14.93,1.023,1.636,0.6171,2.543,434.76,1.088,55.16,0.7849,11.18,2.503e-05,0.2282,3.08,1.354,2.409,0.2128,9.499,0.5015,8.972
2022-04-07T14:05:35,43688.12,3229.33,117.19,0.2586,19.35,70,20.31,105.08,6.602,179.85,0.7063,0.02567,0.007921,2.509,1.663,2.64,1.492,4.015,170.5,14.87,1.023,1.639,0.6171,2.54,434.72,1.088,55.18,0.785,11.19,2.501e-05,0.2283,3.08,1.354,2.409,0.2129,9.485,0.502,8.979
2022-04-07T14:06:05,43644.19,3225.35,116.9,0.2582,19.35,69.9,20.29,105.04,6.601,179.73,0.7068,0.02562,0.007921,2.509,1.663,2.64,1.491,4.01,170.43,14.87,1.023,1.636,0.6171,2.537,434.4,1.087,55.13,0.7841,11.16,2.498e-05,0.2279,3.078,1.353,2.407,0.2127,9.479,0.5016,8.974
2022-04-07T14:06:35,43611.25,3223.51,116.79,0.2581,19.3,69.8,20.26,104.93,6.592,179.58,0.7066,0.02558,0.007921,2.509,1.663,2.64,1.489,4.009,170.24,14.85,1.029,1.637,0.6171,2.534,434.07,1.084,55.1,0.7838,11.11,2.495e-05,0.2276,3.075,1.351,2.405,0.2126,9.464,0.5008,8.962
2022-04-07T14:07:06,43623.15,3226.89,116.92,0.2582,19.35,69.9,20.27,104.97,6.599,179.68,0.7058,0.02563,0.00791,2.513,1.662,2.64,1.49,4.009,170.39,14.85,1.029,1.636,0.6171,2.537,434.18,1.085,55.11,0.7844,11.1,2.495e-05,0.2276,3.076,1.351,2.404,0.2125,9.466,0.5011,8.96
2022-04-07T14:07:36,43598.03,3216.01,116.63,0.2578,19.35,69.7,20.26,104.88,6.598,179.59,0.7058,0.02567,0.00791,2.51,1.66,2.64,1.49,4.009,170.23,14.85,1.029,1.636,0.6171,2.53,433.53,1.084,55.15,0.7833,11.11,2.491e-05,0.2274,3.076,1.35,2.404,0.2124,9.455,0.5,8.963
2022-04-07T14:08:06,43590.37,3215.83,116.64,0.2576,19.35,69.8,20.26,104.87,6.616,179.57,0.7066,0.02564,0.00791,2.51,1.658,2.64,1.49,4.009,170.14,14.85,1.029,1.636,0.6171,2.53,433.51,1.084,55.07,0.7832,11.08,2.489e-05,0.2277,3.07,1.349,2.402,0.2124,9.451,0.5002,8.955
2022-04-07T14:08:36,43587.36,3214.93,116.57,0.2575,19.35,69.8,20.25,104.87,6.615,179.52,0.7066,0.02562,0.00791,2.51,1.656,2.64,1.487,4.008,170.21,14.85,1.029,1.636,0.6171,2.529,433.41,1.083,55.06,0.7836,11.08,2.489e-05,0.2278,3.069,1.348,2.402,0.2124,9.45,0.5001,8.945
2022-04-07T14:09:06,43576.93,3213.44,116.55,0.2573,19.35,69.7,20.24,104.77,6.611,179.46,0.7066,0.02564,0.00791,2.51,1.656,2.64,1.487,4.008,170.15,14.85,1.029,1.636,0.6171,2.528,433.32,1.083,55.04,0.7833,11.07,2.488e-05,0.2278,3.067,1.348,2.4,0.2123,9.441,0.4999,8.944
2022-04-07T14:09:36,43575.33,3213.66,116.56,0.2574,19.35,69.7,20.24,104.79,6.593,179.26,0.7061,0.02563,0.007903,2.51,1.656,2.64,1.486,4.001,170.14,14.85,1.028,1.639,0.6171,2.532,433.37,1.083,55.04,0.7833,11.07,2.488e-05,0.2277,3.07,1.348,2.4,0.2123,9.439,0.4998,8.942
2022-04-07T14:10:06,43603.49,3214.61,116.78,0.2576,19.33,69.7,20.25,104.87,6.592,179.37,0.7061,0.02564,0.00792,2.51,1.658,2.64,1.487,4.001,170.19,14.85,1.028,1.639,0.6171,2.535,433.41,1.083,55.06,0.7838,11.07,2.489e-05,0.2278,3.072,1.349,2.401,0.2125,9.444,0.4997,8.955
2022-04-07T14:10:36,43593.27,3214.7,116.71,0.2577,19.33,69.7,20.25,104.86,6.591,179.44,0.7069,0.02565,0.00792,2.51,1.658,2.64,1.488,4.001,170.25,14.85,1.028,1.635,0.6149,2.533,433.63,1.084,55.09,0.7837,11.09,2.489e-05,0.2278,3.074,1.349,2.402,0.2124,9.449,0.4995,8.958
2022-04-07T14:11:07,43607.16,3215.05,116.62,0.2577,19.42,69.8,20.26,104.86,6.596,179.54,0.7069,0.02566,0.00791,2.51,1.658,2.64,1.487,3.999,170.22,14.85,1.024,1.634,0.6149,2.535,433.67,1.084,55.08,0.7837,11.09,2.49e-05,0.2281,3.073,1.349,2.401,0.2124,9.45,0.4995,8.956
2022-04-07T14:11:37,43581.46,3212.07,116.6,0.2577,19.34,69.8,20.24,104.74,6.596,179.46,0.7077,0.02553,0.007906,2.51,1.658,2.64,1.486,4,170.07,14.85,1.026,1.634,0.6149,2.531,433.37,1.082,54.95,0.7831,11.07,2.49e-05,0.2281,3.07,1.348,2.399,0.2124,9.447,0.4995,8.96
2022-04-07T14:12:07,43588.06,3212.44,116.58,0.2578,19.34,69.8,20.21,104.73,6.596,179.34,0.7077,0.02552,0.007906,2.51,1.658,2.64,1.485,4,170.1,14.85,1.026,1.634,0.6149,2.531,433.07,1.083,54.85,0.7829,11.07,2.485e-05,0.2281,3.069,1.348,2.399,0.2123,9.437,0.4982,8.96
2022-04-07T14:12:37,43551.81,3209.18,116.55,0.2571,19.29,69.8,20.21,104.65,6.585,179.03,0.7077,0.02548,0.007906,2.51,1.657,2.64,1.485,4,169.99,14.97,1.026,1.631,0.615,2.528,432.88,1.081,54.81,0.7829,11.05,2.482e-05,0.2281,3.066,1.347,2.397,0.2123,9.422,0.4979,8.954
2022-04-07T14:13:07,43584.15,3212.44,116.33,0.2574,19.3,69.7,20.21,104.73,6.583,179.21,0.7085,0.02548,0.007906,2.502,1.658,2.64,1.485,3.994,169.99,14.97,1.026,1.631,0.615,2.528,432.9,1.083,54.84,0.7828,11.05,2.486e-05,0.2271,3.068,1.346,2.397,0.2122,9.425,0.4976,8.955
2022-04-07T14:13:37,43607.31,3214.18,116.56,0.2576,19.32,69.7,20.23,104.8,6.591,179.36,0.7085,0.02554,0.007906,2.502,1.659,2.64,1.487,3.999,170.19,14.98,1.026,1.631,0.615,2.53,433.26,1.084,54.87,0.7832,11.04,2.486e-05,0.2275,3.072,1.348,2.4,0.2123,9.433,0.4982,8.956
2022-04-07T14:14:07,43618.91,3215.37,116.63,0.2579,19.32,69.7,20.24,104.82,6.601,179.33,0.7077,0.02557,0.007906,2.502,1.659,2.64,1.488,4.003,170.26,14.98,1.033,1.63,0.6149,2.533,433.5,1.084,54.89,0.7836,11.04,2.489e-05,0.2278,3.074,1.348,2.402,0.2124,9.436,0.499,8.961
2022-04-07T14:14:37,43629.34,3215.92,116.69,0.2581,19.32,69.7,20.25,104.79,6.611,179.35,0.7077,0.02561,0.00792,2.502,1.659,2.64,1.489,4.003,170.32,14.98,1.035,1.63,0.6149,2.533,433.55,1.084,54.91,0.7837,11.07,2.49e-05,0.2279,3.075,1.351,2.405,0.2125,9.44,0.499,8.968
2022-04-07T14:15:07,43617.23,3215.37,116.63,0.2581,19.32,69.7,20.24,104.71,6.604,179.38,0.7077,0.02558,0.00792,2.502,1.659,2.64,1.488,4.004,170.35,14.98,1.035,1.63,0.6149,2.533,433.52,1.084,54.89,0.7837,11.07,2.489e-05,0.2279,3.074,1.351,2.403,0.2124,9.443,0.4993,8.968
2022-04-07T14:15:38,43593.77,3212.83,116.61,0.2577,19.29,69.8,20.22,104.67,6.596,179.27,0.7077,0.02554,0.00792,2.502,1.659,2.64,1.487,4.003,170.3,14.98,1.034,1.631,0.6149,2.529,433.15,1.084,54.79,0.7831,11.07,2.487e-05,0.2279,3.073,1.35,2.402,0.2124,9.43,0.4988,8.964
2022-04-07T14:16:08,43584.37,3212.33,116.55,0.2574,19.3,69.8,20.22,104.59,6.592,179.3,0.7077,0.02555,0.00792,2.5,1.659,2.64,1.487,4.001,170.31,14.98,1.034,1.63,0.6149,2.529,433.01,1.083,54.8,0.783,11.02,2.487e-05,0.2276,3.07,1.35,2.402,0.2124,9.427,0.4987,8.96
2022-04-07T14:16:38,43571.2,3210.09,116.3,0.257,19.29,69.8,20.2,104.55,6.586,179.13,0.7075,0.02562,0.00792,2.499,1.658,2.64,1.485,3.998,170.22,15.03,1.034,1.63,0.6149,2.525,432.82,1.083,54.76,0.7828,11.01,2.484e-05,0.227,3.066,1.347,2.4,0.2122,9.423,0.4983,8.961
2022-04-07T14:17:08,43548.16,3209.38,116.31,0.2569,19.29,69.7,20.19,104.5,6.584,179.1,0.7075,0.02564,0.00792,2.499,1.658,2.64,1.485,3.992,170.17,15.03,1.034,1.63,0.6149,2.524,432.89,1.083,54.75,0.7821,10.99,2.484e-05,0.2271,3.066,1.345,2.399,0.2122,9.424,0.4984,8.949
2022-04-07T14:17:38,43553.84,3209.53,116.32,0.2571,19.23,69.7,20.19,104.46,6.582,179.18,0.7071,0.02566,0.00792,2.499,1.658,2.64,1.485,3.992,170.15,15.04,1.034,1.627,0.6149,2.524,432.97,1.082,54.67,0.7821,10.99,2.483e-05,0.2271,3.066,1.345,2.398,0.2122,9.417,0.498,8.946
2022-04-07T14:18:08,43553.01,3210.23,116.36,0.257,19.22,69.5,20.18,104.4,6.583,179.23,0.7085,0.02566,0.00792,2.499,1.658,2.64,1.485,4,170.15,15.04,1.031,1.626,0.6149,2.523,433.04,1.083,54.67,0.7821,10.99,2.484e-05,0.2271,3.066,1.346,2.399,0.2121,9.417,0.4981,8.943
2022-04-07T14:18:38,43550.42,3210.39,116.35,0.257,19.22,69.6,20.19,104.39,6.584,179.36,0.7085,0.02567,0.00792,2.499,1.658,2.64,1.485,3.995,170.15,15.04,1.038,1.626,0.6149,2.524,433.04,1.083,54.68,0.782,11,2.484e-05,0.2271,3.067,1.345,2.399,0.2122,9.421,0.4985,8.944
2022-04-07T14:19:08,43560.54,3212.87,116.36,0.257,19.17,69.5,20.2,104.44,6.596,179.63,0.7073,0.02569,0.007911,2.496,1.658,2.64,1.487,4.001,170.26,15.04,1.038,1.626,0.6149,2.526,433.28,1.084,54.71,0.7824,11.02,2.486e-05,0.2271,3.067,1.346,2.4,0.2122,9.434,0.4986,8.945
2022-04-07T14:19:38,43580.6,3212.73,116.34,0.2577,19.17,69.5,20.21,104.53,6.593,180.05,0.7073,0.02573,0.007911,2.493,1.658,2.64,1.487,4.002,170.32,15.05,1.038,1.625,0.6149,2.528,433.4,1.085,54.74,0.7825,11.02,2.487e-05,0.2271,3.07,1.347,2.402,0.2123,9.433,0.499,8.956
2022-04-07T14:20:09,43561.26,3212.87,116.28,0.2577,19.18,69.4,20.21,104.44,6.588,179.97,0.7078,0.02573,0.007911,2.493,1.658,2.64,1.487,4.002,170.32,15.05,1.038,1.626,0.6149,2.525,434.61,1.085,54.76,0.7824,11.02,2.487e-05,0.2274,3.069,1.346,2.402,0.2124,9.435,0.499,8.965
2022-04-07T14:20:39,43527.07,3210.64,116.22,0.2573,19.22,69.3,20.18,104.2,6.588,179.81,0.7078,0.02568,0.007911,2.493,1.658,2.63,1.485,3.995,170.15,15.05,1.038,1.626,0.6149,2.525,434.73,1.084,54.69,0.782,11.02,2.484e-05,0.2268,3.066,1.345,2.4,0.2123,9.426,0.4985,8.97
2022-04-07T14:21:09,43497.82,3206.49,115.71,0.2565,19.22,69.4,20.15,104.06,6.577,179.33,0.7078,0.02558,0.007911,2.491,1.657,2.63,1.482,3.991,170.01,15.05,1.029,1.625,0.6149,2.519,433.77,1.082,54.61,0.7811,11,2.48e-05,0.2262,3.059,1.342,2.397,0.212,9.397,0.4974,8.956
2022-04-07T14:21:39,43484.6,3206.48,115.8,0.2564,19.14,69.4,20.14,104.02,6.568,179.49,0.7037,0.02554,0.007897,2.491,1.657,2.63,1.482,3.982,169.8,15.05,1.029,1.624,0.6149,2.517,433.52,1.081,54.57,0.7809,10.99,2.479e-05,0.2263,3.057,1.341,2.396,0.212,9.381,0.4971,8.95
2022-04-07T14:22:09,43480.01,3205.96,115.78,0.2565,19.16,69.4,20.14,103.95,6.569,179.25,0.7032,0.02556,0.007897,2.491,1.657,2.63,1.482,3.978,169.71,15.05,1.029,1.624,0.6149,2.515,432.82,1.081,54.56,0.7807,10.99,2.48e-05,0.2263,3.056,1.34,2.392,0.2119,9.374,0.4964,8.95
2022-04-07T14:22:40,43493,3206.46,115.77,0.2566,19.16,69.3,20.14,103.92,6.57,179.39,0.7031,0.02554,0.007899,2.491,1.657,2.63,1.482,3.979,169.68,15.05,1.029,1.619,0.6149,2.517,433.03,1.081,54.58,0.7807,10.99,2.481e-05,0.2262,3.055,1.34,2.392,0.2119,9.367,0.496,8.949
2022-04-07T14:23:10,43489.91,3206.13,115.77,0.2566,19.15,69.4,20.15,103.96,6.562,179.43,0.7036,0.02552,0.007893,2.491,1.657,2.63,1.481,3.975,169.65,15.05,1.023,1.62,0.6149,2.516,433.16,1.081,54.58,0.7805,10.99,2.482e-05,0.2262,3.055,1.34,2.393,0.2118,9.366,0.4963,8.94
2022-04-07T14:23:40,43485.42,3206.16,115.95,0.2567,19.19,69.3,20.14,103.97,6.565,179.51,0.7052,0.0255,0.007886,2.486,1.657,2.62,1.481,3.975,169.71,15.01,1.012,1.62,0.6149,2.516,433.04,1.08,54.59,0.7807,10.99,2.482e-05,0.2264,3.055,1.34,2.392,0.2119,9.366,0.4963,8.94
2022-04-07T14:24:10,43490.83,3207.56,115.88,0.2567,19.19,69.5,20.15,103.89,6.562,179.55,0.7043,0.0255,0.007886,2.486,1.657,2.62,1.482,3.977,169.54,15.01,1.012,1.619,0.6149,2.517,432.95,1.081,54.59,0.7809,10.99,2.482e-05,0.2264,3.055,1.34,2.392,0.2119,9.365,0.4958,8.939
2022-04-07T14:24:40,43500.68,3207.98,115.92,0.2571,19.19,69.5,20.14,103.8,6.564,179.77,0.7051,0.02553,0.007877,2.486,1.657,2.61,1.483,3.982,169.57,15.01,1.012,1.619,0.6149,2.517,432.96,1.081,54.59,0.7811,11.02,2.483e-05,0.2266,3.056,1.34,2.393,0.2118,9.37,0.496,8.939
2022-04-07T14:25:11,43505.76,3208.88,116.07,0.2572,19.19,69.5,20.15,103.74,6.56,179.81,0.7042,0.02556,0.007876,2.486,1.657,2.61,1.483,3.982,169.58,15.01,1.015,1.619,0.6149,2.517,433.01,1.081,54.63,0.7811,11.02,2.483e-05,0.2266,3.059,1.341,2.394,0.2118,9.382,0.4962,8.941
2022-04-07T14:25:41,43537.83,3209.89,116.09,0.2575,19.19,69.5,20.17,103.83,6.561,180.29,0.7042,0.0256,0.007876,2.488,1.657,2.61,1.483,3.988,169.64,15.01,1.015,1.62,0.6149,2.519,433.36,1.082,54.66,0.7815,11.04,2.486e-05,0.2266,3.062,1.343,2.396,0.2119,9.377,0.4971,8.943
2022-04-07T14:26:11,43528.96,3209.6,116.01,0.2574,19.19,69.5,20.16,103.79,6.555,179.88,0.7048,0.02558,0.007876,2.488,1.657,2.61,1.483,3.982,169.62,15.01,1.001,1.624,0.6002,2.518,433.31,1.082,54.66,0.7813,11.03,2.486e-05,0.2266,3.061,1.343,2.396,0.2119,9.374,0.4967,8.948
2022-04-07T14:26:41,43519.3,3209.5,115.84,0.2574,19.14,69.5,20.16,103.77,6.553,179.64,0.7046,0.02557,0.007876,2.488,1.658,2.61,1.482,3.987,169.58,15,1.001,1.622,0.6002,2.516,433.03,1.081,54.66,0.7814,11.04,2.484e-05,0.2266,3.061,1.343,2.396,0.212,9.363,0.497,8.944
2022-04-07T14:27:11,43501.27,3207.47,115.74,0.2569,19.14,69.5,20.14,103.53,6.558,179.56,0.7044,0.0255,0.007876,2.488,1.657,2.61,1.482,3.984,169.41,15,1.001,1.623,0.6002,2.514,432.88,1.081,54.62,0.7811,11.04,2.483e-05,0.2266,3.058,1.343,2.395,0.2117,9.348,0.4958,8.95
2022-04-07T14:27:41,43493.83,3206.69,115.68,0.2569,19.14,69.5,20.13,103.43,6.557,179.53,0.7044,0.02556,0.007876,2.488,1.657,2.61,1.48,3.984,169.36,15.04,1.001,1.621,0.6002,2.513,432.42,1.081,54.6,0.781,11.02,2.481e-05,0.226,3.057,1.341,2.394,0.2116,9.339,0.4954,8.95
2022-04-07T14:28:11,43488.4,3206.21,115.65,0.2565,19.14,69.5,20.13,103.4,6.556,179.49,0.7054,0.02558,0.007876,2.488,1.657,2.61,1.48,3.978,169.29,15.04,0.9994,1.623,0.6002,2.512,432.4,1.08,54.56,0.7804,11.02,2.481e-05,0.2259,3.056,1.34,2.392,0.2116,9.326,0.4952,8.936
2022-04-07T14:28:41,43497.94,3207.56,115.89,0.2569,19.15,69.5,20.14,103.43,6.554,179.75,0.7055,0.02558,0.007863,2.489,1.656,2.61,1.482,3.975,169.07,15.01,0.9899,1.623,0.6002,2.516,432.65,1.081,54.59,0.7809,11.04,2.481e-05,0.2258,3.06,1.342,2.393,0.2116,9.338,0.4961,8.942
2022-04-07T14:29:12,43538.17,3210.55,116.13,0.2576,19.15,69.5,20.17,103.48,6.562,179.92,0.7044,0.02568,0.007852,2.489,1.657,2.61,1.483,3.979,169.14,15.01,0.9899,1.622,0.6002,2.518,432.97,1.082,54.66,0.7813,11.02,2.485e-05,0.2265,3.062,1.344,2.395,0.2117,9.343,0.4968,8.939
2022-04-07T14:29:42,43509.26,3209.81,116.13,0.2577,19.15,69.5,20.16,103.51,6.568,179.95,0.7044,0.02573,0.007866,2.489,1.658,2.61,1.483,3.973,169.22,15.01,0.9883,1.622,0.6002,2.519,433.18,1.082,54.67,0.7814,11.05,2.485e-05,0.2265,3.062,1.344,2.398,0.2117,9.344,0.4968,8.939
2022-04-07T14:30:12,43495.51,3207.78,116.16,0.2577,19.14,69.5,20.15,103.47,6.567,179.92,0.7051,0.02572,0.007866,2.478,1.657,2.61,1.482,3.971,169.16,15.01,0.9883,1.623,0.6002,2.516,433.2,1.082,54.68,0.7813,11.04,2.484e-05,0.2265,3.062,1.343,2.397,0.2117,9.343,0.4971,8.94
2022-04-07T14:30:42,43555.09,3212.19,116.2,0.258,19.14,69.6,20.18,103.56,6.567,180.19,0.7051,0.02579,0.007866,2.481,1.657,2.61,1.485,3.978,169.31,15.01,0.9883,1.622,0.6002,2.522,433.43,1.084,54.72,0.7819,11.04,2.485e-05,0.2265,3.067,1.346,2.399,0.212,9.353,0.4976,8.954
2022-04-07T14:31:12,43552.14,3212.34,116.35,0.2579,19.15,69.7,20.18,103.61,6.567,180.42,0.7051,0.02578,0.007866,2.481,1.66,2.61,1.485,3.977,169.31,15.01,0.9883,1.622,0.6002,2.522,434.08,1.083,54.78,0.7821,11.06,2.485e-05,0.2269,3.066,1.346,2.4,0.2119,9.356,0.4972,8.955
2022-04-07T14:31:42,43542.64,3210.85,116.27,0.2578,19.15,69.5,20.19,103.69,6.57,180.32,0.7051,0.02582,0.007866,2.481,1.659,2.61,1.485,3.976,169.38,15.01,0.9883,1.622,0.6002,2.522,433.98,1.083,54.78,0.7821,11.08,2.487e-05,0.2269,3.066,1.345,2.4,0.212,9.375,0.4971,8.967
2022-04-07T14:32:12,43525.74,3209.57,116.1,0.2574,19.21,69.5,20.17,103.61,6.572,180.32,0.7037,0.02581,0.007866,2.481,1.66,2.61,1.483,3.966,169.46,15.01,0.9865,1.622,0.6002,2.52,433.94,1.083,54.78,0.7821,11.05,2.485e-05,0.227,3.062,1.344,2.4,0.212,9.38,0.497,8.962
2022-04-07T14:32:43,43494.76,3208.9,115.89,0.2572,19.16,69.5,20.16,103.53,6.566,179.96,0.7031,0.02576,0.007862,2.476,1.658,2.61,1.481,3.963,169.27,15.01,0.9865,1.623,0.6002,2.514,433.38,1.082,54.67,0.7817,11.03,2.481e-05,0.227,3.059,1.342,2.398,0.2119,9.367,0.4963,8.957
2022-04-07T14:33:13,43483.29,3206.03,115.78,0.2566,19.16,69.5,20.13,103.46,6.559,179.81,0.7028,0.02582,0.007862,2.476,1.659,2.61,1.481,3.961,169.06,15.01,0.9865,1.622,0.6002,2.512,433.09,1.082,54.61,0.7816,11.02,2.48e-05,0.2261,3.057,1.339,2.398,0.212,9.37,0.4958,8.954
2022-04-07T14:33:44,43484.44,3205.86,115.68,0.2565,19.16,69.5,20.14,103.39,6.559,179.73,0.7028,0.02582,0.007862,2.476,1.657,2.61,1.481,3.961,169,15.01,0.9865,1.62,0.6002,2.512,432.9,1.08,54.57,0.7814,11.02,2.478e-05,0.2261,3.058,1.339,2.397,0.2119,9.37,0.4958,8.948
2022-04-07T14:34:14,43506.48,3208.39,115.71,0.2569,19.16,69.5,20.14,103.48,6.569,179.92,0.7028,0.0258,0.007862,2.476,1.657,2.61,1.481,3.961,168.98,15.01,0.9865,1.62,0.6002,2.516,433.14,1.08,54.6,0.7816,11.02,2.479e-05,0.2261,3.06,1.339,2.397,0.2119,9.388,0.4961,8.952
2022-04-07T14:34:44,43538.82,3209.32,116.08,0.2573,19.16,69.6,20.16,103.67,6.573,180.05,0.7028,0.02581,0.007862,2.476,1.658,2.61,1.483,3.966,169.23,15.01,0.9865,1.621,0.6002,2.52,433.24,1.082,54.62,0.7826,11.06,2.484e-05,0.2268,3.06,1.341,2.401,0.2121,9.394,0.4967,8.956
2022-04-07T14:35:14,43537.05,3211.63,116.04,0.2573,19.17,69.6,20.17,103.67,6.571,180.07,0.7028,0.02579,0.007866,2.477,1.661,2.61,1.484,3.964,169.54,15.01,0.9865,1.62,0.6,2.52,433.58,1.082,54.66,0.783,11.06,2.483e-05,0.2268,3.064,1.341,2.401,0.2122,9.406,0.4968,8.961
2022-04-07T14:35:44,43546.51,3212.19,116.14,0.2573,19.17,69.5,20.18,103.71,6.572,180.13,0.7028,0.02575,0.007866,2.482,1.661,2.61,1.484,3.962,169.6,15.03,0.9984,1.621,0.6,2.522,433.93,1.082,54.73,0.783,11.06,2.485e-05,0.2268,3.063,1.342,2.401,0.2122,9.42,0.4977,8.956
2022-04-07T14:36:14,43545.13,3212.09,116.19,0.2572,19.15,69.5,20.18,103.77,6.571,180.16,0.7023,0.02574,0.007866,2.482,1.661,2.61,1.485,3.965,169.74,15.03,0.9984,1.621,0.5828,2.521,434.11,1.082,54.75,0.7825,11.07,2.485e-05,0.2268,3.065,1.342,2.402,0.2123,9.431,0.4979,8.959
2022-04-07T14:36:44,43574.58,3215.44,116.37,0.2577,19.14,69.6,20.2,103.87,6.576,180.3,0.7028,0.02577,0.007866,2.482,1.662,2.61,1.487,3.978,169.75,15.03,1.001,1.627,0.581,2.526,434.43,1.083,54.84,0.7827,11.08,2.486e-05,0.2268,3.068,1.343,2.404,0.2124,9.453,0.4981,8.966
2022-04-07T14:37:15,43569.9,3214.89,116.41,0.2575,19.14,69.6,20.21,103.9,6.583,180.27,0.7025,0.02578,0.007866,2.482,1.663,2.61,1.487,3.976,169.81,15.03,1.001,1.628,0.581,2.526,434.39,1.083,54.84,0.7827,11.08,2.485e-05,0.2268,3.067,1.344,2.405,0.2124,9.461,0.4981,8.962
2022-04-07T14:37:45,43581.37,3216.14,116.45,0.2575,19.11,69.6,20.22,103.91,6.569,180.38,0.7014,0.02578,0.007887,2.482,1.664,2.61,1.488,3.977,169.85,15.03,1.011,1.628,0.5905,2.527,434.47,1.085,54.86,0.7827,11.07,2.487e-05,0.2268,3.069,1.345,2.406,0.2124,9.455,0.4982,8.969
2022-04-07T14:38:16,43572.68,3216.1,116.39,0.2579,19.09,69.7,20.21,103.93,6.58,180.49,0.7021,0.02581,0.007887,2.482,1.664,2.61,1.487,3.975,169.98,15.03,1.011,1.628,0.5905,2.526,434.55,1.084,54.89,0.7826,11.05,2.486e-05,0.2268,3.07,1.345,2.406,0.2124,9.454,0.4982,8.968
2022-04-07T14:38:46,43550.19,3212.69,116.21,0.2575,19.08,69.7,20.2,103.82,6.579,180.4,0.7021,0.02579,0.007887,2.482,1.663,2.61,1.486,3.967,169.82,15,1.011,1.628,0.5811,2.525,434.34,1.084,54.89,0.7825,11.03,2.484e-05,0.2273,3.069,1.344,2.406,0.2124,9.432,0.4978,8.967
2022-04-07T14:39:16,43550.5,3212.99,116.24,0.2577,19.07,69.7,20.19,103.79,6.579,180.46,0.7021,0.02579,0.007887,2.482,1.663,2.62,1.486,3.967,169.88,15,1.004,1.63,0.5811,2.525,434.25,1.083,54.86,0.7819,11.03,2.483e-05,0.2273,3.071,1.343,2.405,0.2123,9.425,0.4977,8.95
2022-04-07T14:39:46,43534.4,3210.58,116.17,0.2577,19.07,69.6,20.18,103.74,6.578,180.39,0.7021,0.02579,0.007887,2.479,1.662,2.62,1.486,3.967,169.81,14.99,1.011,1.629,0.5811,2.523,433.92,1.083,54.82,0.7816,11.03,2.483e-05,0.2273,3.07,1.341,2.404,0.2123,9.427,0.4973,8.944
2022-04-07T14:40:17,43491.76,3206.09,116.1,0.2577,19.07,69.4,20.14,103.6,6.564,179.77,0.7014,0.02573,0.007887,2.479,1.661,2.62,1.482,3.963,169.33,14.99,1.011,1.629,0.5811,2.518,433.54,1.08,54.77,0.7803,11.01,2.48e-05,0.2267,3.068,1.337,2.399,0.2121,9.428,0.4966,8.931
2022-04-07T14:40:47,43454.79,3196.59,115.43,0.2555,19.03,69.2,20.1,103.34,6.546,179.34,0.7004,0.02567,0.007852,2.479,1.657,2.61,1.477,3.957,168.79,14.94,1.011,1.621,0.5908,2.511,432.21,1.078,54.53,0.7794,10.98,2.473e-05,0.2255,3.053,1.335,2.393,0.2117,9.381,0.4955,8.917
2022-04-07T14:41:17,43407.49,3192.58,115.34,0.2554,19.03,69.1,20.09,103.35,6.55,179.15,0.6994,0.0257,0.007841,2.479,1.654,2.59,1.476,3.952,168.7,14.94,1.011,1.622,0.5908,2.505,432.06,1.077,54.51,0.7783,10.98,2.473e-05,0.2256,3.048,1.333,2.389,0.2114,9.372,0.4949,8.91
2022-04-07T14:41:47,43399.53,3191.3,115.23,0.2555,19,69,20.05,103.28,6.551,179.03,0.6994,0.02564,0.007841,2.478,1.653,2.59,1.476,3.947,168.53,14.94,1.011,1.622,0.5908,2.504,432.13,1.076,54.47,0.7771,10.98,2.471e-05,0.2255,3.048,1.333,2.387,0.2114,9.363,0.4941,8.906
2022-04-07T14:42:17,43390.77,3190.74,115.34,0.2551,18.97,69,20.04,103.25,6.55,178.83,0.6997,0.02561,0.007841,2.478,1.653,2.59,1.475,3.943,168.28,14.94,1.011,1.62,0.5706,2.503,432.1,1.077,54.37,0.7772,10.98,2.471e-05,0.2254,3.045,1.333,2.385,0.2114,9.361,0.494,8.899
2022-04-07T14:42:47,43442.9,3191.89,115.56,0.2554,18.97,69,20.08,103.25,6.558,179,0.6989,0.02564,0.007841,2.479,1.653,2.59,1.476,3.953,168.51,14.94,1.002,1.62,0.5706,2.506,432.05,1.077,54.43,0.7776,11.01,2.471e-05,0.2252,3.049,1.333,2.388,0.2115,9.374,0.4944,8.909
2022-04-07T14:43:17,43446.13,3193.32,115.59,0.2555,18.97,69.2,20.12,103.32,6.563,179.05,0.6994,0.02565,0.007841,2.479,1.653,2.6,1.478,3.952,168.54,14.94,0.9974,1.619,0.5706,2.506,431.98,1.077,54.47,0.7779,11.01,2.472e-05,0.226,3.05,1.335,2.389,0.2112,9.378,0.4945,8.904
2022-04-07T14:43:47,43395.45,3192.2,115.38,0.2554,18.97,69.2,20.08,103.22,6.561,178.83,0.6994,0.02563,0.007841,2.479,1.653,2.6,1.477,3.934,168.41,14.94,0.9974,1.619,0.5706,2.502,431.71,1.077,54.43,0.7774,10.99,2.47e-05,0.226,3.046,1.334,2.387,0.2111,9.377,0.4945,8.898
2022-04-07T14:44:17,43383.78,3190.78,115.31,0.2552,18.97,69.1,20.07,103.13,6.568,178.56,0.6994,0.02559,0.007841,2.479,1.652,2.6,1.476,3.933,168.34,14.94,0.9974,1.619,0.5706,2.5,431.5,1.076,54.36,0.7772,10.97,2.47e-05,0.226,3.045,1.331,2.385,0.2111,9.37,0.4937,8.894
2022-04-07T14:44:48,43401.24,3192.26,115.34,0.2552,18.96,69.1,20.08,103.17,6.564,178.54,0.6991,0.0256,0.007841,2.479,1.65,2.6,1.476,3.932,168.39,14.94,0.9999,1.619,0.5706,2.501,431.42,1.076,54.39,0.7767,10.96,2.471e-05,0.2256,3.046,1.332,2.386,0.2111,9.365,0.4939,8.895
2022-04-07T14:45:18,43407.79,3193.1,115.49,0.2552,18.96,69,20.08,103.17,6.561,178.54,0.6991,0.02561,0.007841,2.479,1.646,2.6,1.477,3.932,168.47,14.94,0.9999,1.619,0.5706,2.502,431.44,1.076,54.42,0.7767,10.96,2.471e-05,0.2256,3.046,1.332,2.387,0.2111,9.367,0.4939,8.912
2022-04-07T14:45:48,43438.17,3195.58,115.63,0.256,18.98,69,20.09,103.34,6.557,178.72,0.6991,0.02562,0.007841,2.479,1.647,2.6,1.479,3.932,168.63,14.94,0.9984,1.619,0.5706,2.507,432.29,1.077,54.49,0.7776,10.96,2.473e-05,0.2256,3.047,1.333,2.388,0.2111,9.373,0.4939,8.917
2022-04-07T14:46:19,43452.57,3197.81,115.72,0.256,18.97,69.3,20.09,103.39,6.56,178.87,0.6993,0.02564,0.007841,2.481,1.652,2.6,1.48,3.938,168.89,14.94,0.9984,1.619,0.5706,2.507,432.29,1.077,54.48,0.7776,11,2.475e-05,0.2256,3.053,1.335,2.392,0.2113,9.387,0.4939,8.919
2022-04-07T14:46:49,43445.03,3197.07,115.67,0.2557,18.92,69.4,20.09,103.34,6.559,179.12,0.6993,0.02563,0.007859,2.486,1.652,2.6,1.479,3.93,168.94,14.94,0.9982,1.619,0.5706,2.507,432.42,1.077,54.5,0.7783,11,2.476e-05,0.2256,3.054,1.336,2.393,0.2113,9.393,0.4931,8.934
2022-04-07T14:47:19,43460.97,3198.26,115.74,0.2558,18.92,69.4,20.09,103.32,6.553,179.44,0.6986,0.02561,0.007859,2.486,1.651,2.6,1.479,3.936,169.05,14.94,0.9991,1.619,0.5706,2.509,432.49,1.078,54.52,0.779,11,2.477e-05,0.2263,3.054,1.336,2.394,0.2113,9.408,0.493,8.93
2022-04-07T14:47:49,43470.58,3201.4,115.85,0.2559,18.92,69.4,20.1,103.39,6.552,179.47,0.6986,0.02561,0.007859,2.486,1.651,2.6,1.48,3.931,169.14,14.94,0.9991,1.619,0.5706,2.509,432.65,1.078,54.54,0.7794,11.01,2.477e-05,0.2265,3.056,1.338,2.394,0.2114,9.407,0.4929,8.938
2022-04-07T14:48:19,43476.08,3201.35,115.61,0.2557,18.92,69.4,20.11,103.44,6.557,179.42,0.6984,0.02561,0.007859,2.486,1.652,2.6,1.479,3.929,169.23,14.94,0.9991,1.619,0.5706,2.512,432.63,1.077,54.55,0.7795,11.03,2.478e-05,0.2265,3.058,1.337,2.396,0.2114,9.405,0.4929,8.941
2022-04-07T14:48:49,43465.39,3200.42,115.51,0.2554,18.92,69.3,20.1,103.36,6.556,179.31,0.6995,0.02559,0.007859,2.486,1.651,2.6,1.479,3.926,169.14,14.94,0.9991,1.616,0.5706,2.508,432.41,1.077,54.51,0.7793,11.01,2.476e-05,0.2262,3.057,1.336,2.394,0.2113,9.404,0.4928,8.941
2022-04-07T14:49:20,43416.1,3195.45,115.39,0.2552,18.92,69.1,20.08,103.25,6.558,179.15,0.6989,0.02551,0.007859,2.486,1.651,2.6,1.477,3.924,168.94,14.94,0.9991,1.614,0.5706,2.503,432.32,1.076,54.45,0.7787,11.01,2.475e-05,0.2257,3.056,1.333,2.394,0.2112,9.402,0.4928,8.933
2022-04-07T14:49:50,43409.22,3193.99,115.37,0.2551,18.92,69.1,20.08,103.23,6.548,178.95,0.6989,0.02552,0.007851,2.481,1.649,2.6,1.476,3.925,168.55,14.94,0.9914,1.615,0.5706,2.502,431.77,1.074,54.45,0.778,10.97,2.475e-05,0.2259,3.049,1.332,2.391,0.2111,9.399,0.4928,8.927
2022-04-07T14:50:20,43448.94,3197.48,115.39,0.2553,18.92,69,20.08,103.21,6.554,179.13,0.6989,0.02559,0.007851,2.481,1.65,2.6,1.477,3.934,168.71,14.94,0.9914,1.613,0.5706,2.505,431.86,1.075,54.43,0.7786,10.97,2.475e-05,0.226,3.053,1.331,2.392,0.2111,9.397,0.4916,8.931
2022-04-07T14:50:50,43452.5,3196.35,115.51,0.2554,18.92,69,20.08,103.26,6.563,179.15,0.6989,0.02556,0.007851,2.481,1.651,2.6,1.477,3.928,168.78,14.94,0.9914,1.615,0.5706,2.506,432.12,1.075,54.44,0.7788,10.99,2.475e-05,0.2261,3.054,1.332,2.393,0.2112,9.398,0.4918,8.931
2022-04-07T14:51:20,43429.45,3192,115.23,0.2553,18.92,69,20.06,103.22,6.56,178.81,0.6993,0.02548,0.007851,2.481,1.649,2.6,1.476,3.922,168.63,14.94,0.9914,1.615,0.5706,2.5,431.93,1.073,54.39,0.7787,10.97,2.471e-05,0.2255,3.048,1.332,2.392,0.211,9.398,0.4912,8.905
2022-04-07T14:51:50,43444.28,3192.66,115.34,0.2547,18.92,69,20.04,103.11,6.557,178.92,0.6993,0.02549,0.007851,2.481,1.647,2.6,1.477,3.924,168.4,14.94,0.9914,1.613,0.5706,2.503,432.1,1.073,54.38,0.7781,10.96,2.47e-05,0.2255,3.049,1.331,2.392,0.2111,9.4,0.4904,8.894
2022-04-07T14:52:20,43448.32,3192.39,115.28,0.2547,18.92,69.1,20.03,103.06,6.56,178.88,0.6993,0.02549,0.007851,2.481,1.647,2.6,1.477,3.926,168.38,14.94,0.9914,1.613,0.5706,2.502,431.99,1.073,54.37,0.778,10.96,2.47e-05,0.2255,3.049,1.331,2.391,0.211,9.398,0.4901,8.879
2022-04-07T14:52:50,43434.73,3191.9,115.18,0.2547,18.92,69,20.03,102.93,6.563,178.92,0.6993,0.02548,0.00784,2.481,1.647,2.6,1.477,3.925,168.34,14.94,0.9914,1.616,0.5706,2.498,431.89,1.074,54.36,0.7779,10.96,2.469e-05,0.2255,3.05,1.331,2.392,0.2112,9.401,0.4903,8.882
2022-04-07T14:53:21,43402.03,3188.57,114.73,0.2544,18.92,69,20.01,102.81,6.557,178.46,0.6993,0.02545,0.00784,2.481,1.646,2.6,1.473,3.925,167.94,14.94,0.9914,1.614,0.5706,2.493,431.73,1.072,54.18,0.7768,10.91,2.463e-05,0.2251,3.048,1.331,2.389,0.211,9.382,0.4896,8.867
2022-04-07T14:53:51,43391.45,3187.93,114.71,0.2535,18.92,68.9,20,102.7,6.552,178.35,0.6994,0.02542,0.00784,2.481,1.646,2.6,1.473,3.916,167.84,14.93,0.995,1.614,0.5706,2.493,431.18,1.071,54.11,0.7762,10.91,2.462e-05,0.2248,3.039,1.329,2.385,0.2107,9.376,0.4891,8.862
2022-04-07T14:54:21,43392.22,3188.15,114.72,0.2537,18.91,69,19.99,102.61,6.55,178.6,0.6993,0.02539,0.00784,2.481,1.646,2.6,1.473,3.918,167.9,14.93,0.995,1.614,0.5706,2.495,430.93,1.071,54.08,0.7764,10.91,2.461e-05,0.2249,3.038,1.328,2.385,0.2106,9.347,0.4886,8.86
2022-04-07T14:54:51,43396.05,3188.31,114.73,0.2539,18.93,69,20,102.75,6.559,178.49,0.6993,0.02547,0.00784,2.481,1.646,2.6,1.473,3.913,168.18,14.93,0.9952,1.614,0.5706,2.498,431.28,1.072,54.12,0.7767,10.92,2.46e-05,0.2254,3.041,1.329,2.389,0.2108,9.353,0.4889,8.88
2022-04-07T14:55:21,43424.2,3190.62,114.95,0.2543,18.93,69,20.01,102.83,6.572,178.59,0.6993,0.02543,0.007833,2.478,1.646,2.6,1.475,3.917,168.34,14.93,0.9952,1.611,0.5706,2.498,431.48,1.073,54.13,0.7768,10.93,2.459e-05,0.2254,3.044,1.33,2.39,0.2106,9.37,0.4891,8.885
2022-04-07T14:55:51,43430.01,3191.29,114.91,0.2547,18.94,69,20.02,102.95,6.575,178.54,0.6993,0.0254,0.007833,2.478,1.646,2.6,1.475,3.917,168.46,14.93,0.9952,1.612,0.5706,2.5,431.13,1.073,54.14,0.7771,10.93,2.46e-05,0.2254,3.044,1.331,2.392,0.2106,9.376,0.4893,8.888
2022-04-07T14:56:21,43438.57,3191.07,114.74,0.2546,18.95,69,20.02,102.89,6.572,178.52,0.6993,0.02541,0.007833,2.478,1.646,2.6,1.475,3.917,168.52,14.93,0.9952,1.612,0.5706,2.502,431.02,1.074,54.13,0.7772,10.93,2.459e-05,0.2254,3.042,1.33,2.391,0.2107,9.378,0.4894,8.882
2022-04-07T14:56:51,43428.06,3189.03,114.7,0.2541,18.95,68.8,19.98,102.75,6.568,178.58,0.6988,0.02538,0.007833,2.478,1.647,2.6,1.474,3.914,168.58,14.92,0.9953,1.612,0.5706,2.5,430.69,1.073,54.11,0.7768,10.91,2.46e-05,0.2254,3.039,1.329,2.389,0.2104,9.353,0.4889,8.873
2022-04-07T14:57:21,43369.1,3186.39,114.46,0.254,18.95,68.8,19.95,102.72,6.567,178.23,0.6976,0.02534,0.007833,2.478,1.646,2.6,1.47,3.914,168.08,14.92,0.9953,1.613,0.5706,2.492,430.35,1.07,54.01,0.7757,10.89,2.456e-05,0.2245,3.035,1.327,2.386,0.2102,9.344,0.4888,8.872
2022-04-07T14:57:52,43393.62,3187.77,114.6,0.2533,18.91,68.8,19.96,102.7,6.555,178.49,0.6976,0.02534,0.007833,2.484,1.646,2.6,1.471,3.898,168.18,14.92,0.9953,1.61,0.5706,2.499,430.35,1.072,53.96,0.7757,10.91,2.457e-05,0.2252,3.039,1.327,2.387,0.2103,9.348,0.4883,8.852
2022-04-07T14:58:22,43392.58,3188.41,114.58,0.253,18.88,68.9,19.96,102.7,6.556,178.44,0.6976,0.02532,0.007833,2.484,1.646,2.6,1.471,3.903,168.12,14.92,0.9953,1.61,0.5706,2.498,429.77,1.072,54,0.7758,10.91,2.457e-05,0.2252,3.037,1.327,2.387,0.2103,9.349,0.4884,8.848
2022-04-07T14:58:52,43406.59,3189.15,114.82,0.2531,18.88,68.9,19.96,102.76,6.553,178.61,0.6976,0.02536,0.007833,2.484,1.646,2.6,1.471,3.908,168.14,14.92,0.9953,1.61,0.5706,2.498,429.89,1.072,54.02,0.776,10.91,2.457e-05,0.2252,3.04,1.329,2.387,0.2103,9.354,0.4887,8.843
2022-04-07T14:59:22,43412.23,3188.49,114.67,0.2531,18.88,68.8,19.97,102.77,6.553,178.67,0.6976,0.02536,0.007838,2.484,1.65,2.6,1.471,3.901,168.23,14.92,0.9976,1.61,0.5706,2.497,429.94,1.072,54.02,0.7759,10.91,2.459e-05,0.2252,3.038,1.329,2.389,0.2104,9.349,0.4889,8.842
2022-04-07T14:59:52,43409.86,3189.13,114.83,0.2534,18.88,68.8,19.97,102.76,6.556,178.7,0.6973,0.02535,0.007826,2.484,1.656,2.6,1.472,3.897,168.24,14.92,0.9976,1.61,0.5706,2.499,429.78,1.072,54.07,0.7759,10.92,2.458e-05,0.2249,3.04,1.33,2.389,0.2103,9.352,0.4889,8.835
2022-04-07T15:00:22,43443.79,3191.53,114.87,0.2532,18.88,68.7,19.97,102.85,6.576,178.7,0.698,0.02541,0.007826,2.486,1.656,2.6,1.473,3.9,168.39,14.92,0.9976,1.61,0.5706,2.501,429.84,1.074,54.09,0.7768,10.93,2.46e-05,0.2252,3.044,1.33,2.391,0.2104,9.356,0.4885,8.838
2022-04-07T15:00:52,43398.9,3187.74,114.7,0.253,18.88,68.6,19.95,102.79,6.571,178.64,0.698,0.02537,0.007826,2.486,1.655,2.6,1.473,3.9,168.07,14.92,0.9976,1.61,0.5706,2.495,429.91,1.071,54,0.7755,10.93,2.459e-05,0.2247,3.035,1.326,2.387,0.2102,9.322,0.4891,8.831
2022-04-07T15:01:22,43457.4,3188.51,115.14,0.2534,18.88,68.6,19.97,102.95,6.568,179.23,0.698,0.02544,0.007826,2.486,1.655,2.6,1.473,3.914,168.44,14.92,0.9976,1.615,0.5706,2.504,430.18,1.071,54.04,0.7759,10.91,2.46e-05,0.2252,3.037,1.328,2.389,0.2103,9.318,0.4894,8.837
2022-04-07T15:01:52,43493.97,3194.42,115.33,0.2551,18.88,68.9,20.02,103.28,6.557,179.6,0.6982,0.02548,0.007826,2.486,1.656,2.6,1.475,3.904,168.69,14.92,0.9976,1.615,0.5706,2.506,430.65,1.074,54.11,0.7766,10.91,2.468e-05,0.2256,3.048,1.332,2.393,0.2106,9.365,0.4898,8.84
2022-04-07T15:02:23,43521.94,3195.05,115.31,0.2549,18.88,68.9,20.02,103.31,6.552,179.66,0.6982,0.02556,0.007826,2.487,1.656,2.6,1.476,3.91,168.87,14.92,0.9948,1.615,0.5706,2.509,431.17,1.074,54.14,0.7781,10.95,2.468e-05,0.226,3.048,1.332,2.396,0.2106,9.37,0.4902,8.861
2022-04-07T15:02:53,43514.32,3195.11,115.41,0.2548,18.88,69,20.02,103.33,6.541,179.6,0.6979,0.02553,0.007849,2.487,1.656,2.6,1.478,3.913,168.84,14.92,0.9948,1.615,0.5706,2.509,431.37,1.074,54.26,0.7783,10.96,2.469e-05,0.226,3.05,1.334,2.397,0.2106,9.392,0.4909,8.864
2022-04-07T15:03:23,43518.38,3195.08,115.38,0.2548,18.88,69,20,103.25,6.538,179.73,0.6977,0.02551,0.007849,2.489,1.656,2.6,1.478,3.911,168.72,14.92,0.9902,1.615,0.5706,2.508,431.35,1.074,54.3,0.778,10.96,2.468e-05,0.2257,3.049,1.332,2.395,0.2105,9.39,0.4912,8.855
2022-04-07T15:03:53,43492.13,3190.71,115.11,0.2543,18.9,68.8,19.97,103.1,6.534,179.31,0.6977,0.02549,0.007849,2.487,1.657,2.6,1.476,3.896,168.57,14.92,0.9902,1.615,0.5706,2.502,430.45,1.074,54.29,0.7768,10.94,2.466e-05,0.2257,3.044,1.329,2.393,0.2106,9.354,0.4911,8.854
2022-04-07T15:04:23,43475.65,3187.71,115.1,0.2542,18.88,68.7,19.94,102.99,6.525,179.21,0.6977,0.02546,0.007849,2.487,1.656,2.6,1.473,3.893,168.59,14.92,0.9948,1.616,0.5706,2.5,430.29,1.072,54.26,0.7766,10.92,2.464e-05,0.225,3.041,1.328,2.391,0.2104,9.33,0.4911,8.839
2022-04-07T15:04:53,43474.26,3187.69,114.85,0.2541,18.95,68.7,19.94,103.01,6.531,179.28,0.6977,0.02548,0.007849,2.487,1.655,2.6,1.474,3.895,168.49,14.92,0.9989,1.614,0.5778,2.5,430.16,1.072,54.23,0.7764,10.93,2.464e-05,0.2248,3.038,1.327,2.389,0.2103,9.323,0.4909,8.849
2022-04-07T15:05:23,43511.15,3189.93,115.05,0.2549,18.95,68.7,19.95,103.03,6.528,179.65,0.6975,0.02554,0.007849,2.487,1.657,2.6,1.475,3.897,168.7,14.92,0.9989,1.614,0.5972,2.505,430.46,1.073,54.25,0.7771,10.95,2.467e-05,0.2248,3.04,1.328,2.392,0.2102,9.344,0.4914,8.847
2022-04-07T15:05:54,43468.05,3191.6,115.15,0.2548,18.95,68.7,19.96,103.09,6.528,179.44,0.6977,0.02553,0.007849,2.487,1.657,2.6,1.475,3.895,168.69,14.92,0.9943,1.614,0.5972,2.503,430.41,1.074,54.26,0.777,10.95,2.466e-05,0.2253,3.041,1.328,2.392,0.2102,9.36,0.4919,8.85
2022-04-07T15:06:24,43474.89,3190.7,114.95,0.2549,18.95,68.7,19.97,103.06,6.515,179.67,0.6971,0.0255,0.007849,2.487,1.656,2.6,1.474,3.892,168.74,14.92,0.9943,1.611,0.5972,2.502,430.36,1.073,54.24,0.7769,10.94,2.466e-05,0.2251,3.04,1.327,2.389,0.2102,9.347,0.4919,8.847
2022-04-07T15:06:54,43483.57,3191.89,114.97,0.2548,18.95,68.7,19.96,103.11,6.518,180.05,0.6979,0.0255,0.007849,2.486,1.656,2.6,1.475,3.891,168.83,14.92,0.9943,1.61,0.5975,2.505,430.35,1.073,54.23,0.7769,10.94,2.465e-05,0.225,3.041,1.327,2.388,0.2102,9.338,0.4915,8.839
2022-04-07T15:07:24,43493.27,3193.01,115.26,0.2552,18.95,68.8,19.98,103.16,6.522,180.36,0.698,0.0255,0.007846,2.486,1.656,2.6,1.476,3.897,168.9,14.92,0.9943,1.613,0.5975,2.506,430.6,1.073,54.27,0.7776,10.95,2.468e-05,0.225,3.042,1.328,2.391,0.2102,9.358,0.492,8.846
2022-04-07T15:07:54,43462.7,3188.22,114.85,0.2546,18.94,68.7,19.96,103.04,6.517,180.12,0.6977,0.02547,0.007846,2.486,1.656,2.6,1.474,3.886,168.53,14.92,0.9937,1.613,0.5975,2.504,430.15,1.072,54.24,0.7767,10.95,2.463e-05,0.2251,3.038,1.326,2.388,0.2102,9.366,0.4925,8.844
2022-04-07T15:08:25,43486.57,3192.4,115.04,0.2549,18.78,68.7,19.97,103.1,6.52,180.08,0.6978,0.02548,0.007846,2.486,1.656,2.6,1.475,3.892,168.72,14.92,0.9937,1.613,0.5975,2.507,430.37,1.073,54.26,0.7771,10.93,2.465e-05,0.2254,3.041,1.327,2.389,0.2102,9.365,0.4926,8.857
2022-04-07T15:08:55,43496.55,3193.36,115.02,0.2553,18.78,68.7,19.97,103.1,6.518,180.05,0.6978,0.02549,0.007846,2.486,1.659,2.6,1.475,3.892,168.79,14.92,0.9937,1.614,0.5975,2.51,430.58,1.074,54.28,0.7774,10.93,2.467e-05,0.2254,3.043,1.327,2.39,0.2102,9.365,0.4927,8.858
2022-04-07T15:09:25,43481.95,3191.21,115.01,0.2551,18.78,68.7,19.96,103.1,6.517,179.96,0.6975,0.02548,0.007846,2.486,1.658,2.6,1.475,3.888,168.79,14.92,0.9937,1.615,0.5975,2.509,430.6,1.074,54.27,0.7773,10.94,2.467e-05,0.2249,3.042,1.328,2.391,0.2103,9.354,0.4927,8.86
2022-04-07T15:09:55,43459.68,3189.66,114.76,0.2548,18.78,68.7,19.94,103.03,6.503,179.65,0.6967,0.02546,0.007846,2.485,1.658,2.6,1.473,3.884,168.59,14.92,0.9937,1.612,0.5975,2.506,430.25,1.073,54.22,0.777,10.93,2.466e-05,0.2249,3.038,1.326,2.389,0.2102,9.34,0.4927,8.857
2022-04-07T15:10:25,43434.51,3189.04,114.61,0.2544,18.78,68.7,19.92,103.02,6.505,179.27,0.6973,0.02543,0.007846,2.485,1.656,2.6,1.473,3.884,168.51,14.92,0.9939,1.62,0.5975,2.501,430.21,1.072,54.2,0.7769,10.92,2.462e-05,0.2249,3.036,1.324,2.388,0.2101,9.326,0.4916,8.857
2022-04-07T15:10:55,43444.69,3190.3,114.39,0.2545,18.83,68.7,19.92,103.03,6.508,179.41,0.6973,0.02544,0.007846,2.485,1.656,2.6,1.472,3.891,168.37,14.92,0.9939,1.617,0.5975,2.5,430.24,1.073,54.15,0.7766,10.92,2.463e-05,0.2247,3.037,1.324,2.388,0.2101,9.321,0.4916,8.857
2022-04-07T15:11:25,43411.52,3185.81,114.24,0.2538,18.83,68.7,19.91,103,6.501,179.39,0.6959,0.02544,0.007846,2.485,1.656,2.6,1.47,3.885,168.03,14.92,0.9939,1.617,0.5975,2.497,429.74,1.072,54.11,0.7759,10.91,2.46e-05,0.2246,3.035,1.324,2.386,0.2099,9.331,0.4914,8.855
2022-04-07T15:11:55,43395.62,3185.32,114.16,0.2537,18.83,68.7,19.91,102.86,6.505,179.51,0.6957,0.02543,0.007851,2.485,1.655,2.6,1.47,3.882,168,14.92,0.99,1.613,0.5975,2.495,429.68,1.072,54.09,0.7756,10.92,2.459e-05,0.2243,3.034,1.323,2.386,0.2099,9.332,0.4916,8.853
2022-04-07T15:12:26,43360.64,3179.98,114.01,0.2536,18.83,68.7,19.89,102.8,6.501,179.29,0.6955,0.02538,0.007851,2.481,1.654,2.6,1.468,3.885,167.78,14.92,0.99,1.615,0.5975,2.485,429.08,1.069,54.02,0.7748,10.91,2.457e-05,0.2237,3.026,1.319,2.382,0.2097,9.332,0.4901,8.838
2022-04-07T15:12:56,43322.88,3176.93,113.79,0.2524,18.83,68,19.84,102.66,6.495,178.99,0.6955,0.02534,0.007842,2.477,1.651,2.59,1.466,3.885,167.2,14.88,0.9849,1.612,0.5975,2.484,429.07,1.068,53.88,0.774,10.88,2.454e-05,0.2231,3.023,1.317,2.375,0.2095,9.316,0.4896,8.83
2022-04-07T15:13:26,43297.19,3176.33,113.58,0.2524,18.83,68.1,19.84,102.59,6.5,178.82,0.6954,0.02533,0.007837,2.477,1.649,2.58,1.466,3.88,167.02,14.88,0.9794,1.612,0.5975,2.482,428.84,1.068,53.74,0.7722,10.85,2.45e-05,0.2232,3.017,1.316,2.375,0.2096,9.271,0.4894,8.824
2022-04-07T15:13:56,43206.63,3172.47,113.55,0.2513,18.26,68.1,19.82,102.52,6.491,178.53,0.6954,0.02528,0.007837,2.477,1.648,2.58,1.464,3.87,166.81,14.88,0.9726,1.612,0.5975,2.472,428.51,1.066,53.69,0.7716,10.83,2.448e-05,0.2226,3.014,1.313,2.372,0.2093,9.246,0.4891,8.824
2022-04-07T15:14:26,43213.91,3174.47,113.53,0.2511,18.26,67.8,19.83,102.43,6.482,177.78,0.6941,0.02526,0.007835,2.477,1.647,2.58,1.464,3.864,166.65,14.88,0.9726,1.602,0.5975,2.475,428.35,1.064,53.63,0.7712,10.81,2.447e-05,0.2225,3.012,1.313,2.369,0.2092,9.221,0.4886,8.82
2022-04-07T15:14:56,43226.04,3174.48,113.6,0.2507,18.26,67.8,19.85,102.41,6.473,177.7,0.6952,0.02527,0.007834,2.463,1.647,2.58,1.463,3.864,166.57,14.88,0.9686,1.603,0.5975,2.475,428.37,1.065,53.6,0.7712,10.82,2.448e-05,0.2226,3.013,1.312,2.369,0.2093,9.221,0.4887,8.802
2022-04-07T15:15:26,43251.62,3176.14,113.78,0.251,18.26,67.9,19.86,102.4,6.474,177.59,0.6944,0.02524,0.007835,2.463,1.648,2.58,1.465,3.864,166.52,14.88,0.9677,1.603,0.5975,2.476,428.31,1.065,53.55,0.7719,10.84,2.449e-05,0.2226,3.013,1.312,2.371,0.2094,9.223,0.4882,8.79
2022-04-07T15:15:56,43261.54,3177.32,113.88,0.251,18.26,67.9,19.87,102.37,6.475,177.74,0.6944,0.02526,0.007837,2.465,1.647,2.58,1.466,3.85,166.6,14.85,0.9677,1.603,0.5975,2.477,428.33,1.065,53.58,0.7719,10.84,2.451e-05,0.2226,3.015,1.314,2.372,0.2093,9.234,0.4885,8.777
2022-04-07T15:16:27,43243.97,3175.61,113.86,0.251,18.29,68,19.85,102.32,6.472,177.78,0.6944,0.02525,0.007837,2.465,1.647,2.58,1.465,3.841,166.63,14.85,0.9677,1.603,0.5975,2.478,428.34,1.065,53.55,0.7717,10.82,2.449e-05,0.2223,3.014,1.313,2.371,0.2093,9.23,0.4883,8.781
2022-04-07T15:16:57,43247,3175.4,113.86,0.2511,18.21,68,19.86,102.44,6.475,177.57,0.6934,0.02527,0.007827,2.465,1.647,2.58,1.466,3.835,166.76,14.85,0.9632,1.603,0.5975,2.476,428.45,1.065,53.58,0.7716,10.81,2.449e-05,0.2224,3.015,1.314,2.371,0.2093,9.231,0.488,8.787
2022-04-07T15:17:27,43242.81,3176.46,113.78,0.251,18.21,68,19.87,102.49,6.469,177.63,0.6927,0.02528,0.007827,2.465,1.648,2.58,1.467,3.844,166.82,14.85,0.9632,1.604,0.5975,2.478,428.43,1.066,53.6,0.7714,10.84,2.45e-05,0.2226,3.018,1.316,2.371,0.2093,9.223,0.4883,8.786
2022-04-07T15:17:57,43276.66,3178.79,113.82,0.251,18.2,68,19.88,102.53,6.472,177.82,0.6914,0.02527,0.007827,2.465,1.649,2.58,1.469,3.843,167.03,14.85,0.9632,1.604,0.5975,2.483,428.92,1.066,53.64,0.7715,10.86,2.452e-05,0.223,3.021,1.317,2.374,0.2095,9.226,0.4888,8.793
2022-04-07T15:18:27,43286.67,3179.27,114.16,0.2515,18.2,68.1,19.89,102.68,6.481,178.1,0.6913,0.02529,0.007827,2.465,1.648,2.58,1.469,3.843,167,14.85,0.9616,1.604,0.5975,2.487,429.01,1.067,53.73,0.7718,10.87,2.453e-05,0.2232,3.023,1.318,2.377,0.2094,9.251,0.4896,8.804
2022-04-07T15:18:57,43299.65,3181.06,114.25,0.2518,18.2,68.1,19.89,102.7,6.48,178.32,0.6913,0.02528,0.007827,2.465,1.648,2.58,1.471,3.846,167.08,14.85,0.9616,1.604,0.5975,2.487,429.34,1.068,53.74,0.772,10.87,2.455e-05,0.2235,3.025,1.319,2.38,0.2094,9.252,0.4896,8.799
2022-04-07T15:19:27,43276.82,3180.14,113.98,0.2514,18.2,68.1,19.9,102.66,6.461,178.26,0.6918,0.02525,0.007827,2.465,1.647,2.58,1.469,3.829,167.03,14.85,0.9597,1.604,0.5975,2.482,429.27,1.067,53.72,0.7719,10.89,2.455e-05,0.2234,3.023,1.319,2.379,0.2093,9.259,0.4903,8.798
2022-04-07T15:19:57,43291.58,3182.33,113.99,0.2514,18.2,68.3,19.92,102.63,6.461,178.44,0.6918,0.02527,0.007827,2.465,1.648,2.58,1.471,3.842,166.91,14.85,0.9579,1.6,0.5975,2.485,429.51,1.067,53.72,0.7716,10.88,2.456e-05,0.2235,3.024,1.319,2.381,0.2094,9.259,0.4906,8.798
2022-04-07T15:20:27,43301.46,3182.39,113.95,0.2514,18.23,68.3,19.91,102.51,6.466,178.25,0.6903,0.02527,0.007827,2.465,1.648,2.58,1.471,3.83,166.83,14.85,0.9556,1.601,0.5975,2.485,429.49,1.067,53.68,0.7715,10.87,2.455e-05,0.2232,3.023,1.319,2.379,0.2094,9.258,0.4901,8.8
2022-04-07T15:20:58,43315.35,3183.58,113.36,0.2516,18.2,68.3,19.92,102.55,6.46,178.19,0.6903,0.02527,0.007827,2.465,1.648,2.58,1.471,3.82,166.92,14.85,0.9556,1.604,0.5975,2.484,429.49,1.068,53.68,0.7718,10.87,2.456e-05,0.2233,3.024,1.319,2.379,0.2094,9.258,0.49,8.799
2022-04-07T15:21:28,43335.68,3184.57,113.31,0.2517,18.2,68.4,19.93,102.57,6.46,178.11,0.6913,0.02527,0.007827,2.463,1.648,2.58,1.47,3.822,166.91,14.85,0.9556,1.603,0.5975,2.483,429.6,1.069,53.67,0.7718,10.88,2.457e-05,0.2235,3.026,1.319,2.382,0.2094,9.251,0.4904,8.804
2022-04-07T15:21:58,43322.43,3182.19,113.31,0.2517,18.31,68.4,19.93,102.56,6.474,177.86,0.6914,0.02527,0.007827,2.463,1.648,2.58,1.47,3.825,166.84,14.85,0.9589,1.602,0.5975,2.482,429.67,1.068,53.66,0.7714,10.87,2.458e-05,0.2235,3.025,1.319,2.381,0.2094,9.214,0.4904,8.818
2022-04-07T15:22:28,43308.2,3181.36,113.46,0.2525,18.28,68.4,19.92,102.49,6.471,177.84,0.6915,0.02524,0.007827,2.463,1.648,2.58,1.47,3.818,167.06,14.85,0.9589,1.601,0.5975,2.48,429.52,1.067,53.61,0.7713,10.86,2.457e-05,0.2232,3.024,1.318,2.38,0.2094,9.202,0.4904,8.811
2022-04-07T15:22:58,43319.15,3180.25,113.46,0.2522,18.26,68.3,19.91,102.43,6.471,177.81,0.6923,0.02522,0.007827,2.463,1.647,2.58,1.469,3.819,166.91,14.85,0.9589,1.601,0.5975,2.48,429.53,1.068,53.46,0.7717,10.86,2.456e-05,0.2231,3.022,1.318,2.379,0.2093,9.187,0.4903,8.816
2022-04-07T15:23:28,43306.22,3180.36,113.46,0.2523,18.26,68.4,19.91,102.37,6.47,177.81,0.6922,0.02521,0.007827,2.463,1.646,2.58,1.468,3.819,166.76,14.85,0.9589,1.601,0.5975,2.481,429.37,1.067,53.45,0.7716,10.87,2.456e-05,0.2231,3.023,1.318,2.379,0.2092,9.178,0.4899,8.815
2022-04-07T15:23:58,43321.69,3184.78,113.52,0.2529,18.26,68.4,19.92,102.42,6.474,177.88,0.6911,0.02524,0.007827,2.466,1.646,2.58,1.47,3.821,166.87,14.85,0.9587,1.601,0.5975,2.483,429.71,1.068,53.47,0.7723,10.87,2.457e-05,0.2234,3.026,1.319,2.38,0.2093,9.171,0.4899,8.817
2022-04-07T15:24:28,43331.32,3185.03,113.52,0.254,18.28,68.5,19.94,102.43,6.469,178.23,0.6911,0.02524,0.007827,2.466,1.646,2.58,1.472,3.823,166.98,14.85,0.9587,1.601,0.5975,2.484,429.83,1.069,53.57,0.7726,10.89,2.458e-05,0.2234,3.026,1.319,2.383,0.2094,9.17,0.4905,8.819
2022-04-07T15:24:58,43331.19,3185.63,113.45,0.2539,18.28,68.4,19.94,102.43,6.469,178.22,0.6911,0.02523,0.007827,2.466,1.646,2.58,1.472,3.823,166.92,14.85,0.9587,1.599,0.5975,2.483,429.93,1.069,53.56,0.7728,10.9,2.459e-05,0.2234,3.025,1.319,2.383,0.2095,9.175,0.4904,8.82
2022-04-07T15:25:29,43300.84,3182.29,113.37,0.2533,18.28,68.4,19.91,102.37,6.457,178.02,0.6911,0.02522,0.007827,2.466,1.646,2.58,1.471,3.816,166.8,14.85,0.9582,1.599,0.5975,2.48,429.58,1.068,53.55,0.7726,10.9,2.457e-05,0.2234,3.023,1.317,2.38,0.2095,9.171,0.4901,8.815
2022-04-07T15:25:59,43286.46,3181.14,113.03,0.2528,18.28,68.2,19.9,102.31,6.457,177.96,0.6911,0.02517,0.007855,2.466,1.646,2.58,1.47,3.81,166.73,14.83,0.9582,1.601,0.5975,2.478,429.37,1.067,53.5,0.7719,10.87,2.455e-05,0.2231,3.019,1.315,2.376,0.2093,9.174,0.4896,8.808
2022-04-07T15:26:29,43292.95,3181.01,113,0.253,18.28,68.3,19.9,102.23,6.473,177.83,0.6914,0.02517,0.007855,2.466,1.646,2.58,1.47,3.81,166.73,14.83,0.9582,1.601,0.5975,2.476,429.39,1.066,53.44,0.772,10.86,2.454e-05,0.2231,3.015,1.315,2.375,0.2093,9.172,0.4896,8.803
2022-04-07T15:26:59,43286.82,3179.35,112.95,0.2529,18.28,68.3,19.9,102.21,6.463,177.87,0.6914,0.02515,0.007833,2.464,1.647,2.58,1.469,3.803,166.7,14.83,0.9582,1.601,0.5975,2.475,429.33,1.066,53.46,0.7722,10.85,2.455e-05,0.223,3.015,1.315,2.374,0.2093,9.169,0.4895,8.813
2022-04-07T15:27:29,43279.07,3178.22,112.95,0.2528,18.28,68.3,19.9,102.18,6.461,177.87,0.6914,0.02513,0.007833,2.464,1.646,2.58,1.469,3.798,166.63,14.83,0.9582,1.601,0.5975,2.474,429.6,1.067,53.43,0.7729,10.85,2.454e-05,0.223,3.012,1.315,2.374,0.2094,9.169,0.4894,8.808
2022-04-07T15:28:02,43272.96,3177.86,112.89,0.2528,18.28,68.3,19.9,102.17,6.461,177.95,0.69,0.02512,0.007833,2.471,1.645,2.58,1.469,3.795,166.51,14.83,0.959,1.601,0.5975,2.473,429.53,1.067,53.38,0.7728,10.85,2.454e-05,0.223,3.01,1.314,2.374,0.2094,9.156,0.489,8.823
2022-04-07T15:28:32,43276.68,3178.4,112.89,0.2523,18.28,68.1,19.9,102.16,6.463,177.86,0.6897,0.02513,0.007833,2.466,1.644,2.58,1.47,3.795,166.55,14.83,0.955,1.601,0.5975,2.469,429.63,1.067,53.34,0.773,10.85,2.454e-05,0.2228,3.008,1.314,2.372,0.2094,9.146,0.4889,8.818
2022-04-07T15:29:02,43262.45,3177.5,112.87,0.2519,18.28,68.1,19.88,102.16,6.456,177.61,0.6893,0.02504,0.007833,2.471,1.644,2.58,1.469,3.795,166.37,14.82,0.955,1.598,0.5975,2.467,429.49,1.067,53.31,0.7728,10.85,2.452e-05,0.2226,3.005,1.313,2.37,0.2093,9.146,0.4889,8.818
2022-04-07T15:29:32,43213.44,3173.79,112.6,0.2514,18.28,68,19.85,102.1,6.446,177.15,0.6893,0.02502,0.007811,2.471,1.642,2.57,1.468,3.782,166.3,14.82,0.955,1.595,0.5975,2.462,429.35,1.065,53.12,0.7726,10.84,2.448e-05,0.222,3.003,1.311,2.368,0.2093,9.142,0.4881,8.81
2022-04-07T15:30:02,43182.17,3170.16,112.33,0.2507,18.2,68.1,19.78,101.92,6.443,176.74,0.6903,0.02504,0.007794,2.486,1.641,2.57,1.464,3.782,165.82,14.82,0.955,1.594,0.5975,2.455,429.02,1.064,53.11,0.7722,10.81,2.447e-05,0.2216,2.988,1.309,2.361,0.2092,9.11,0.4873,8.806
2022-04-07T15:30:32,43185.01,3168.07,112.38,0.2508,18.2,68.1,19.8,101.92,6.429,176.86,0.6903,0.02503,0.007794,2.486,1.641,2.57,1.463,3.784,165.91,14.82,0.95,1.594,0.5975,2.458,428.29,1.063,53.05,0.771,10.8,2.444e-05,0.2213,2.989,1.309,2.359,0.2092,9.104,0.4866,8.761
2022-04-07T15:31:02,43172.64,3166.75,112.34,0.2505,18.2,67.9,19.78,101.92,6.429,176.58,0.6905,0.02501,0.007794,2.486,1.642,2.56,1.462,3.804,165.63,14.82,0.95,1.594,0.5975,2.455,428.06,1.063,53.02,0.7706,10.8,2.443e-05,0.2219,2.988,1.306,2.357,0.2092,9.105,0.4857,8.755
2022-04-07T15:31:32,43140.48,3166.3,112.18,0.2484,18.2,67.7,19.75,101.9,6.431,176.56,0.6893,0.02501,0.007794,2.486,1.64,2.55,1.461,3.784,165.33,14.82,0.95,1.588,0.5975,2.451,427.54,1.061,52.96,0.7699,10.72,2.442e-05,0.2209,2.98,1.304,2.353,0.2091,9.088,0.4848,8.754
2022-04-07T15:32:03,43078.81,3162.65,111.99,0.2469,18.2,67.6,19.73,101.72,6.414,175.93,0.6885,0.025,0.007794,2.478,1.64,2.54,1.457,3.777,164.93,14.8,0.95,1.591,0.5975,2.446,427.26,1.06,52.77,0.7689,10.7,2.434e-05,0.2196,2.977,1.303,2.35,0.209,9.069,0.4817,8.733
2022-04-07T15:32:33,43085.5,3161.41,111.98,0.2474,18.15,67.6,19.73,101.66,6.403,175.83,0.6886,0.025,0.007794,2.477,1.64,2.54,1.455,3.762,164.7,14.8,0.95,1.591,0.5975,2.448,426.73,1.061,52.79,0.7687,10.71,2.433e-05,0.2203,2.974,1.302,2.35,0.2091,9.07,0.4817,8.685
2022-04-07T15:33:03,43094.98,3161.86,111.89,0.2472,18.15,67.6,19.75,101.58,6.412,175.71,0.6883,0.02499,0.007786,2.477,1.64,2.54,1.455,3.749,164.41,14.8,0.945,1.584,0.5975,2.449,426.86,1.061,52.8,0.7687,10.72,2.435e-05,0.2208,2.974,1.302,2.35,0.2092,9.059,0.482,8.678
2022-04-07T15:33:33,43102.24,3165.78,112.2,0.2475,18.15,67.7,19.76,101.57,6.415,175.81,0.6858,0.02496,0.007794,2.477,1.64,2.54,1.458,3.749,164.59,14.8,0.9376,1.587,0.5975,2.453,426.95,1.061,52.84,0.7693,10.74,2.438e-05,0.2209,2.978,1.303,2.351,0.2094,9.065,0.4822,8.688
2022-04-07T15:34:03,43066.12,3163.3,111.82,0.2463,18.15,67.7,19.73,101.5,6.415,175.76,0.6844,0.0249,0.007794,2.477,1.639,2.54,1.458,3.751,164.39,14.79,0.9376,1.587,0.5975,2.454,426.91,1.061,52.83,0.7691,10.73,2.435e-05,0.2208,2.972,1.302,2.351,0.2095,9.046,0.4822,8.673
2022-04-07T15:34:33,43102.92,3165.75,112.12,0.2463,18.15,67.7,19.75,101.65,6.424,175.95,0.6848,0.02489,0.007794,2.477,1.639,2.54,1.459,3.757,164.73,14.79,0.9376,1.584,0.5975,2.456,427.15,1.061,52.8,0.7699,10.71,2.436e-05,0.2208,2.975,1.304,2.352,0.2095,9.053,0.482,8.683
2022-04-07T15:35:03,43104.56,3166.88,112.3,0.2475,18.08,67.7,19.75,101.77,6.42,176.18,0.6849,0.02489,0.007794,2.477,1.639,2.54,1.46,3.764,164.92,14.79,0.9361,1.584,0.5975,2.462,427.35,1.063,52.83,0.7702,10.73,2.438e-05,0.2211,2.975,1.305,2.353,0.2099,9.061,0.4821,8.688
2022-04-07T15:35:33,43123.7,3167.31,112.22,0.2474,18.08,67.8,19.76,101.83,6.425,176.66,0.6849,0.02482,0.007794,2.477,1.64,2.54,1.462,3.766,164.87,14.79,0.9361,1.584,0.5975,2.468,427.34,1.062,52.87,0.7707,10.73,2.438e-05,0.2215,2.979,1.306,2.355,0.21,9.059,0.4826,8.69
2022-04-07T15:36:03,43126.18,3169.17,112.36,0.2474,18.06,67.8,19.77,101.85,6.431,176.77,0.6848,0.02484,0.007794,2.477,1.64,2.54,1.462,3.76,164.82,14.79,0.9361,1.583,0.5975,2.469,427.53,1.063,52.88,0.7707,10.72,2.436e-05,0.2214,2.98,1.306,2.355,0.21,9.05,0.4821,8.692
2022-04-07T15:36:34,43172.27,3174.47,112.59,0.2474,18.08,67.8,19.79,101.94,6.43,177.26,0.6851,0.02484,0.007794,2.477,1.64,2.54,1.463,3.774,165.01,14.79,0.9361,1.587,0.5975,2.472,427.98,1.066,52.89,0.7722,10.73,2.439e-05,0.2217,2.985,1.307,2.357,0.2102,9.069,0.483,8.698
2022-04-07T15:37:04,43190.58,3175.67,112.8,0.2482,18.05,67.8,19.82,102.07,6.428,177.55,0.6852,0.02495,0.007794,2.477,1.643,2.54,1.467,3.793,165.45,14.79,0.9388,1.591,0.5975,2.475,428.44,1.065,52.93,0.7724,10.75,2.443e-05,0.2219,2.988,1.309,2.361,0.2104,9.075,0.4829,8.719
2022-04-07T15:37:34,43219.45,3178.02,112.9,0.2486,18.05,67.7,19.85,102.19,6.434,177.63,0.6852,0.02498,0.007797,2.477,1.643,2.56,1.469,3.8,165.67,14.79,0.9388,1.591,0.5975,2.479,429.05,1.067,52.98,0.7733,10.78,2.444e-05,0.2221,2.991,1.312,2.362,0.2105,9.084,0.4835,8.718
2022-04-07T15:38:04,43233.9,3182.6,112.92,0.249,18.17,67.8,19.86,102.3,6.433,178.03,0.6857,0.025,0.007811,2.477,1.642,2.56,1.471,3.8,165.82,14.79,0.9384,1.59,0.5975,2.483,429.21,1.067,53.01,0.7736,10.79,2.447e-05,0.2222,2.995,1.315,2.363,0.2106,9.096,0.484,8.74
2022-04-07T15:38:34,43214.11,3179.88,112.47,0.2487,18.2,67.7,19.84,102.22,6.433,178.23,0.6854,0.02501,0.007811,2.477,1.643,2.56,1.469,3.804,165.66,14.79,0.9384,1.59,0.5975,2.479,429.05,1.066,53.03,0.7735,10.76,2.444e-05,0.2222,2.992,1.313,2.361,0.2106,9.093,0.4842,8.731
2022-04-07T15:39:04,43214.25,3179.43,112.49,0.2486,18.2,67.8,19.84,102.27,6.43,178.42,0.6836,0.02499,0.007811,2.477,1.643,2.56,1.47,3.804,165.71,14.79,0.9384,1.59,0.5752,2.48,429.12,1.067,53.04,0.7734,10.77,2.443e-05,0.222,2.991,1.313,2.362,0.2106,9.087,0.4843,8.736
2022-04-07T15:39:34,43261.8,3183.59,112.83,0.2492,18.19,67.9,19.87,102.32,6.429,178.81,0.6836,0.02499,0.007811,2.477,1.642,2.56,1.471,3.807,165.92,14.79,0.9384,1.59,0.5752,2.485,429.33,1.067,53.07,0.7735,10.76,2.446e-05,0.222,2.993,1.314,2.363,0.211,9.1,0.4847,8.736
2022-04-07T15:40:05,43262,3182.94,112.65,0.2492,18.2,67.9,19.87,102.35,6.435,178.44,0.6831,0.025,0.007811,2.477,1.642,2.56,1.471,3.809,165.83,14.83,0.938,1.593,0.5752,2.483,429.52,1.068,53.08,0.7739,10.76,2.445e-05,0.2221,2.996,1.313,2.365,0.2109,9.084,0.4843,8.742
2022-04-07T15:40:35,43247.28,3183.25,112.6,0.2492,18.19,67.8,19.87,102.26,6.429,178.58,0.6834,0.02501,0.007811,2.477,1.642,2.56,1.471,3.805,165.78,14.83,0.938,1.59,0.5752,2.483,429.54,1.068,53.08,0.774,10.77,2.444e-05,0.2221,2.996,1.313,2.364,0.2109,9.093,0.4845,8.745
2022-04-07T15:41:05,43262.59,3185.87,112.64,0.2491,18.19,67.9,19.88,102.32,6.429,178.56,0.6826,0.02502,0.007768,2.477,1.641,2.56,1.471,3.805,165.9,14.76,0.938,1.59,0.5752,2.486,429.73,1.068,53.11,0.7743,10.78,2.445e-05,0.222,2.997,1.313,2.366,0.211,9.099,0.4847,8.746
2022-04-07T15:41:35,43264.56,3185.09,112.81,0.2489,18.15,67.9,19.88,102.34,6.434,178.45,0.6826,0.02502,0.007801,2.477,1.642,2.56,1.472,3.809,165.82,14.76,0.938,1.588,0.5752,2.485,429.82,1.068,53.08,0.7744,10.79,2.443e-05,0.222,2.997,1.313,2.365,0.211,9.098,0.4851,8.748
2022-04-07T15:42:05,43269.86,3186.64,112.84,0.2489,18.2,67.9,19.88,102.4,6.434,178.43,0.6824,0.02505,0.007792,2.476,1.641,2.56,1.472,3.811,165.82,14.81,0.938,1.588,0.5752,2.485,429.98,1.069,53.07,0.7744,10.79,2.444e-05,0.222,2.998,1.314,2.365,0.2111,9.095,0.4858,8.75
2022-04-07T15:42:35,43260.34,3185.39,112.78,0.2486,18.22,67.8,19.86,102.39,6.438,178.42,0.6829,0.02505,0.007792,2.476,1.64,2.56,1.473,3.811,165.65,14.81,0.9422,1.59,0.5752,2.485,430.08,1.068,53.06,0.7739,10.79,2.443e-05,0.222,2.998,1.313,2.366,0.211,9.094,0.4853,8.751
2022-04-07T15:43:05,43261.43,3185.06,112.79,0.2483,18.22,67.7,19.87,102.39,6.432,178.67,0.6829,0.02505,0.007792,2.476,1.64,2.56,1.472,3.793,165.63,14.81,0.9422,1.592,0.5752,2.486,429.84,1.068,53.04,0.7742,10.78,2.444e-05,0.222,2.998,1.313,2.364,0.211,9.093,0.4859,8.747
2022-04-07T15:43:35,43234.61,3182.9,112.63,0.2483,18.24,67.7,19.87,102.39,6.43,178.61,0.6826,0.02505,0.007792,2.471,1.64,2.56,1.471,3.788,165.51,14.81,0.9422,1.591,0.5752,2.485,429.69,1.068,52.93,0.7742,10.78,2.442e-05,0.2218,2.995,1.312,2.364,0.211,9.09,0.486,8.742
2022-04-07T15:44:05,43226.79,3182.2,112.55,0.2481,18.24,67.7,19.87,102.27,6.433,178.51,0.6834,0.02502,0.007792,2.471,1.64,2.56,1.47,3.787,165.43,14.81,0.9387,1.591,0.5752,2.483,429.55,1.068,52.95,0.774,10.76,2.439e-05,0.2217,2.995,1.311,2.361,0.2109,9.087,0.4859,8.742
2022-04-07T15:44:36,43223.3,3181.92,112.55,0.2482,18.19,67.7,19.86,102.25,6.433,178.43,0.6833,0.02505,0.007792,2.471,1.641,2.56,1.47,3.782,165.46,14.81,0.9471,1.591,0.5752,2.484,429.55,1.068,52.98,0.7739,10.76,2.439e-05,0.2217,2.997,1.311,2.362,0.2109,9.084,0.4849,8.742
2022-04-07T15:45:06,43233.85,3181.87,112.59,0.2482,18.19,67.8,19.87,102.26,6.429,178.46,0.6832,0.02504,0.007817,2.471,1.64,2.56,1.47,3.78,165.87,14.77,0.9387,1.591,0.5752,2.486,429.66,1.068,52.98,0.7738,10.76,2.439e-05,0.2217,2.997,1.311,2.363,0.211,9.095,0.4851,8.747
2022-04-07T15:45:36,43262.63,3184.11,112.83,0.2489,18.19,67.9,19.91,102.38,6.437,178.56,0.6832,0.02513,0.007845,2.471,1.64,2.56,1.472,3.808,166.08,14.77,0.9387,1.591,0.5752,2.488,430.14,1.069,53.04,0.7747,10.76,2.442e-05,0.2217,3.001,1.312,2.365,0.2112,9.111,0.4863,8.748
2022-04-07T15:46:06,43273.96,3187.8,112.92,0.2494,18.19,68,19.93,102.45,6.431,178.71,0.6846,0.02515,0.007817,2.471,1.64,2.56,1.472,3.799,166.05,14.77,0.9387,1.591,0.5752,2.488,430.29,1.07,53.06,0.7751,10.8,2.444e-05,0.2221,3.003,1.313,2.367,0.2112,9.132,0.4867,8.756
2022-04-07T15:46:36,43275.18,3190.14,113.06,0.2492,18.19,68,19.93,102.56,6.434,178.68,0.6846,0.02516,0.007817,2.475,1.64,2.56,1.473,3.799,166.06,14.77,0.9387,1.594,0.5752,2.489,430.35,1.07,53.11,0.7755,10.81,2.445e-05,0.2222,3.005,1.314,2.37,0.2112,9.138,0.4867,8.757
2022-04-07T15:47:06,43302.57,3191.14,113.15,0.2496,18.19,68,19.94,102.65,6.436,178.69,0.6846,0.02514,0.007817,2.479,1.64,2.56,1.475,3.802,166.01,14.77,0.9387,1.597,0.5752,2.491,430.75,1.072,53.14,0.7756,10.83,2.448e-05,0.2225,3.009,1.316,2.371,0.2112,9.163,0.4872,8.76
2022-04-07T15:47:37,43303.54,3192.77,113.2,0.2499,18.2,68.1,19.94,102.69,6.437,178.65,0.6846,0.02514,0.007817,2.479,1.64,2.56,1.476,3.802,166.05,14.77,0.9533,1.599,0.5752,2.492,430.82,1.071,53.18,0.7759,10.84,2.449e-05,0.2226,3.009,1.315,2.372,0.2113,9.171,0.4876,8.762
2022-04-07T15:48:07,43297.93,3194.2,113.18,0.2499,18.2,68.1,19.93,102.72,6.439,178.64,0.6879,0.02515,0.007817,2.479,1.64,2.56,1.476,3.803,166.12,14.82,0.9447,1.599,0.5752,2.492,430.92,1.071,53.19,0.7766,10.84,2.45e-05,0.2225,3.009,1.316,2.373,0.2113,9.182,0.4878,8.766
2022-04-07T15:48:37,43308.75,3195.52,113.28,0.2499,18.29,68.3,19.94,102.79,6.437,178.65,0.6878,0.02511,0.007817,2.479,1.64,2.56,1.476,3.804,166.14,14.82,0.9447,1.597,0.5752,2.493,431.11,1.071,53.19,0.7771,10.85,2.452e-05,0.2227,3.009,1.315,2.373,0.2112,9.198,0.4881,8.768
2022-04-07T15:49:07,43274.68,3191.25,113.26,0.2499,18.29,67.8,19.93,102.7,6.437,178.6,0.6893,0.02503,0.007832,2.479,1.64,2.56,1.475,3.794,165.95,14.84,0.9447,1.597,0.5752,2.487,430.93,1.07,53.15,0.7763,10.84,2.448e-05,0.2223,3.007,1.315,2.373,0.2111,9.188,0.4884,8.767
2022-04-07T15:49:37,43256.41,3189.99,113.08,0.2498,18.27,67.8,19.9,102.62,6.434,178.5,0.6884,0.02504,0.007832,2.479,1.64,2.55,1.474,3.778,165.83,14.84,0.9447,1.596,0.5752,2.486,430.71,1.07,53.09,0.7756,10.82,2.447e-05,0.2219,3.005,1.315,2.371,0.2109,9.183,0.4882,8.766
2022-04-07T15:50:07,43259.11,3188.56,112.97,0.2496,18.28,67.8,19.9,102.58,6.431,178.23,0.6883,0.02506,0.007832,2.479,1.64,2.55,1.472,3.782,165.75,14.84,0.9447,1.596,0.5752,2.485,430.53,1.069,53.09,0.7756,10.82,2.447e-05,0.2219,3.005,1.313,2.371,0.2108,9.181,0.4882,8.753
2022-04-07T15:50:37,43261.77,3188.67,112.93,0.2496,18.28,68,19.91,102.54,6.431,178.29,0.6882,0.02507,0.007832,2.479,1.639,2.55,1.473,3.782,165.6,14.84,0.9414,1.596,0.5752,2.484,430.79,1.07,53.05,0.776,10.83,2.447e-05,0.222,3.004,1.313,2.37,0.2109,9.193,0.4885,8.761
2022-04-07T15:51:07,43308.34,3194.74,113.22,0.2501,18.28,67.9,19.94,102.62,6.431,178.82,0.6878,0.0251,0.007832,2.479,1.637,2.55,1.474,3.8,165.87,14.84,0.9477,1.596,0.5752,2.486,430.9,1.071,53.1,0.7762,10.86,2.451e-05,0.2225,3.007,1.314,2.371,0.211,9.202,0.4889,8.766
2022-04-07T15:51:38,43323.4,3197.36,113.35,0.2512,18.29,68.2,19.96,102.7,6.435,178.96,0.6883,0.02513,0.007868,2.479,1.637,2.55,1.474,3.795,166.05,14.84,0.9477,1.596,0.5752,2.488,431.45,1.071,53.17,0.7766,10.86,2.451e-05,0.2227,3.011,1.316,2.375,0.2112,9.221,0.4894,8.771
2022-04-07T15:52:08,43318.05,3197.37,113.49,0.2513,18.32,68.3,19.98,102.83,6.435,179.13,0.6873,0.02508,0.007868,2.479,1.637,2.55,1.474,3.791,166.48,14.82,0.9477,1.597,0.5752,2.492,431.63,1.072,53.2,0.7774,10.86,2.454e-05,0.2227,3.01,1.318,2.376,0.2112,9.23,0.4909,8.771
2022-04-07T15:52:38,43318.06,3197.92,113.52,0.2513,18.34,68.3,19.99,102.92,6.437,179.23,0.6893,0.02513,0.007868,2.479,1.637,2.55,1.477,3.791,166.65,14.82,0.9477,1.599,0.5752,2.495,431.91,1.072,53.19,0.7778,10.86,2.453e-05,0.2228,3.01,1.318,2.376,0.2113,9.234,0.491,8.776
2022-04-07T15:53:08,43311.26,3197.64,113.41,0.2516,18.34,68.3,19.98,103,6.437,179.18,0.6893,0.0251,0.007868,2.479,1.637,2.55,1.477,3.785,166.69,14.82,0.9477,1.6,0.575,2.494,431.77,1.073,53.19,0.7776,10.86,2.453e-05,0.2228,3.01,1.318,2.376,0.2112,9.238,0.4917,8.778
2022-04-07T15:53:38,43302.46,3197.08,113.38,0.2513,18.32,68.3,19.97,103,6.439,179.1,0.6881,0.02505,0.007868,2.479,1.637,2.55,1.477,3.788,166.54,14.82,0.9477,1.6,0.575,2.491,431.81,1.071,53.18,0.7776,10.85,2.452e-05,0.2228,3.009,1.318,2.376,0.2111,9.232,0.4924,8.777
2022-04-07T15:54:08,43295.03,3196.56,113.4,0.2513,18.35,68.3,19.97,103,6.439,179.06,0.6869,0.025,0.007868,2.479,1.638,2.55,1.477,3.781,166.56,14.82,0.9552,1.594,0.575,2.491,431.76,1.071,53.16,0.7775,10.83,2.453e-05,0.2225,3.008,1.318,2.374,0.2112,9.224,0.4932,8.772
2022-04-07T15:54:38,43297.43,3196.69,113.37,0.2513,18.35,68.2,19.98,103.02,6.439,179.14,0.6868,0.02507,0.007868,2.479,1.638,2.55,1.477,3.787,166.71,14.82,0.9552,1.597,0.575,2.492,431.84,1.071,53.11,0.7778,10.83,2.453e-05,0.2225,3.008,1.318,2.375,0.2112,9.225,0.4936,8.777
2022-04-07T15:55:08,43290.96,3196.07,113.33,0.2509,18.35,68.2,19.97,103,6.436,179.13,0.6868,0.02506,0.007868,2.479,1.638,2.55,1.476,3.784,166.55,14.82,0.9552,1.597,0.575,2.49,431.66,1.071,53.09,0.7776,10.82,2.453e-05,0.2223,3.007,1.317,2.374,0.211,9.219,0.4936,8.772
2022-04-07T15:55:38,43314.28,3197.68,113.34,0.251,18.35,68.3,19.98,103.01,6.438,179.32,0.6867,0.02506,0.007868,2.479,1.638,2.55,1.476,3.796,166.7,14.82,0.9552,1.597,0.575,2.491,431.66,1.072,53.1,0.7777,10.82,2.452e-05,0.2225,3.009,1.317,2.375,0.2111,9.226,0.4937,8.771
2022-04-07T15:56:09,43332.17,3198.32,113.45,0.2514,18.35,68.2,19.99,103.09,6.438,179.65,0.687,0.02514,0.007868,2.479,1.638,2.55,1.478,3.797,166.81,14.84,0.9552,1.598,0.575,2.492,431.67,1.072,53.12,0.778,10.84,2.456e-05,0.2225,3.011,1.318,2.376,0.2111,9.238,0.4939,8.777
2022-04-07T15:56:39,43340.95,3198.36,113.48,0.2512,18.35,68.2,20,103.21,6.439,179.57,0.6855,0.02515,0.007849,2.479,1.639,2.55,1.477,3.801,166.74,14.84,0.9552,1.598,0.575,2.492,431.85,1.073,53.13,0.7781,10.85,2.455e-05,0.2226,3.009,1.319,2.377,0.2111,9.266,0.4939,8.778
2022-04-07T15:57:09,43326.39,3198.04,113.44,0.251,18.35,68.2,19.98,103.29,6.441,179.31,0.6855,0.02514,0.007849,2.479,1.639,2.55,1.477,3.794,166.61,14.84,0.9552,1.598,0.575,2.491,432.13,1.073,53.15,0.7775,10.86,2.455e-05,0.2226,3.008,1.318,2.376,0.211,9.259,0.4945,8.781
2022-04-07T15:57:39,43322.6,3198.32,113.3,0.2509,18.35,68.2,19.99,103.39,6.439,179.27,0.6856,0.02512,0.007849,2.479,1.638,2.55,1.477,3.805,166.69,14.84,0.9552,1.598,0.575,2.491,432.09,1.072,53.1,0.7774,10.85,2.454e-05,0.2223,3.007,1.317,2.374,0.2109,9.271,0.4954,8.78
2022-04-07T15:58:10,43329,3198.01,113.24,0.2509,18.35,68.2,19.99,103.38,6.439,179.23,0.6858,0.02514,0.007849,2.479,1.638,2.55,1.477,3.801,166.7,14.84,0.9552,1.598,0.575,2.49,431.83,1.072,53.09,0.7775,10.85,2.454e-05,0.2224,3.006,1.317,2.375,0.2109,9.277,0.4957,8.778
2022-04-07T15:58:40,43327.36,3197.7,113.19,0.2508,18.32,68.2,19.99,103.42,6.439,179.27,0.6867,0.02512,0.007849,2.479,1.637,2.55,1.477,3.802,166.65,14.84,0.9552,1.598,0.575,2.491,431.82,1.073,53.07,0.7777,10.85,2.453e-05,0.2223,3.005,1.317,2.375,0.2107,9.286,0.4963,8.778
2022-04-07T15:59:10,43315.47,3197.44,113.19,0.2507,18.32,68.2,19.99,103.42,6.439,179.24,0.6867,0.02509,0.007847,2.479,1.637,2.55,1.477,3.802,166.57,14.84,0.9586,1.598,0.5751,2.489,431.72,1.072,53.11,0.7776,10.85,2.453e-05,0.2223,3.004,1.316,2.374,0.2107,9.277,0.4957,8.773
2022-04-07T15:59:41,43320.86,3199.07,113.22,0.2511,18.32,68.3,20,103.45,6.437,179.42,0.6867,0.02519,0.007847,2.479,1.637,2.55,1.478,3.803,166.64,14.84,0.962,1.6,0.5751,2.49,431.85,1.072,53.12,0.7777,10.86,2.454e-05,0.2223,3.004,1.317,2.374,0.2108,9.282,0.4954,8.778
2022-04-07T16:00:11,43324.44,3198.9,113.24,0.2508,18.32,68.2,20,103.41,6.441,179.47,0.6869,0.0252,0.007847,2.479,1.637,2.55,1.478,3.798,166.71,14.84,0.962,1.601,0.5751,2.489,431.79,1.072,53.13,0.7778,10.86,2.453e-05,0.2223,3.007,1.317,2.375,0.2106,9.281,0.4953,8.779
2022-04-07T16:00:41,43350.12,3202.01,113.28,0.2512,18.32,68.3,20,103.45,6.437,179.56,0.6857,0.02519,0.007847,2.476,1.638,2.55,1.478,3.798,166.68,14.84,0.962,1.601,0.5751,2.49,432.08,1.073,53.17,0.7779,10.86,2.456e-05,0.2223,3.007,1.318,2.376,0.2107,9.307,0.4955,8.778
2022-04-07T16:01:11,43326.42,3198.5,113.14,0.2506,18.32,68.3,19.98,103.45,6.437,179.25,0.687,0.02509,0.007847,2.476,1.637,2.55,1.476,3.803,166.38,14.84,0.962,1.601,0.5751,2.487,431.85,1.073,53.11,0.7771,10.86,2.452e-05,0.2219,3.001,1.317,2.376,0.2105,9.297,0.4943,8.776
2022-04-07T16:01:42,43325.26,3199.14,113.26,0.2509,18.32,68.3,20,103.45,6.436,179.16,0.6874,0.02512,0.007847,2.476,1.637,2.55,1.476,3.804,166.25,14.84,0.9493,1.599,0.5751,2.488,431.85,1.073,53.11,0.777,10.86,2.453e-05,0.2224,3.002,1.317,2.373,0.2107,9.31,0.4944,8.772
2022-04-07T16:02:12,43358.11,3201.88,113.36,0.2517,18.34,68.3,20.01,103.47,6.436,179.45,0.6874,0.02516,0.007847,2.476,1.637,2.55,1.477,3.812,166.56,14.84,0.9493,1.601,0.5751,2.49,431.88,1.075,53.18,0.7772,10.87,2.453e-05,0.2225,3.004,1.318,2.376,0.2109,9.313,0.4947,8.771
2022-04-07T16:02:42,43390.79,3203.31,113.54,0.2521,18.4,68.4,20.03,103.61,6.433,179.69,0.6877,0.02521,0.007847,2.475,1.638,2.55,1.478,3.818,166.7,14.84,0.9586,1.599,0.5751,2.492,432.15,1.076,53.22,0.7781,10.89,2.454e-05,0.2227,3.006,1.319,2.379,0.211,9.32,0.4944,8.774
2022-04-07T16:03:12,43400.68,3204.19,113.59,0.2522,18.4,68.5,20.05,103.74,6.437,179.57,0.6877,0.02522,0.007847,2.475,1.639,2.55,1.48,3.822,166.95,14.84,0.9586,1.599,0.5751,2.493,432.27,1.076,53.24,0.7784,10.9,2.456e-05,0.2229,3.008,1.32,2.381,0.211,9.323,0.4941,8.776
2022-04-07T16:03:42,43396.41,3203.11,113.71,0.2521,18.4,68.5,20.07,103.78,6.438,179.62,0.6877,0.0252,0.007863,2.477,1.641,2.55,1.481,3.826,166.84,14.84,0.9586,1.601,0.5751,2.494,432.34,1.076,53.23,0.7787,10.88,2.455e-05,0.2229,3.012,1.32,2.38,0.2109,9.307,0.4933,8.778
2022-04-07T16:04:12,43370,3202.02,113.62,0.2514,18.4,68.5,20.06,103.74,6.431,179.53,0.689,0.02518,0.007863,2.477,1.641,2.55,1.48,3.828,166.62,14.84,0.9586,1.601,0.5751,2.493,432.09,1.076,53.23,0.7782,10.87,2.454e-05,0.2229,3.012,1.32,2.38,0.2109,9.299,0.4933,8.776
2022-04-07T16:04:44,43354.22,3200.68,113.48,0.2512,18.4,68.5,20.05,103.62,6.431,179.22,0.6877,0.02509,0.007863,2.477,1.642,2.55,1.48,3.823,166.32,14.84,0.9586,1.6,0.5751,2.491,431.99,1.075,53.18,0.778,10.85,2.454e-05,0.2225,3.011,1.319,2.378,0.2108,9.298,0.4927,8.785
2022-04-07T16:05:14,43330.38,3199.77,113.45,0.2511,18.4,68.3,20.02,103.48,6.424,178.89,0.6879,0.02509,0.007863,2.477,1.64,2.55,1.478,3.82,166.06,14.83,0.9586,1.597,0.5751,2.488,431.76,1.075,53.11,0.7776,10.84,2.452e-05,0.2221,3.005,1.318,2.375,0.2107,9.287,0.4923,8.788
2022-04-07T16:05:44,43365.61,3201.44,113.49,0.2506,18.41,68.3,20.05,103.57,6.428,179.16,0.6879,0.02512,0.007863,2.477,1.64,2.55,1.479,3.82,166.17,14.83,0.956,1.6,0.5751,2.491,432.04,1.076,53.16,0.7781,10.86,2.453e-05,0.2225,3.008,1.318,2.375,0.2109,9.286,0.4928,8.788
2022-04-07T16:06:14,43363.64,3197.5,113.5,0.2504,18.41,68.3,20.04,103.56,6.436,179.27,0.6883,0.02517,0.007863,2.477,1.64,2.55,1.479,3.84,166.17,14.83,0.956,1.597,0.5751,2.491,432.07,1.075,53.17,0.7781,10.85,2.452e-05,0.2222,3.006,1.318,2.375,0.2108,9.283,0.4927,8.791
2022-04-07T16:06:44,43370.36,3198.09,113.56,0.2505,18.43,68.4,20.06,103.56,6.433,179.38,0.6883,0.02517,0.007863,2.477,1.641,2.55,1.479,3.837,166.12,14.83,0.956,1.597,0.5751,2.493,432.17,1.076,53.18,0.7787,10.86,2.453e-05,0.2222,3.006,1.318,2.376,0.2108,9.299,0.4927,8.796
2022-04-07T16:07:14,43353.45,3197.61,113.53,0.2502,18.43,68.4,20.05,103.51,6.436,179.2,0.6883,0.02518,0.007863,2.477,1.641,2.55,1.479,3.839,165.93,14.83,0.956,1.597,0.5751,2.497,432.07,1.075,53.18,0.7786,10.84,2.452e-05,0.2222,3.006,1.316,2.373,0.2107,9.308,0.4942,8.784
2022-04-07T16:07:45,43345.08,3197.97,113.34,0.2501,18.45,68.4,20.04,103.52,6.426,178.97,0.6888,0.02513,0.007863,2.477,1.641,2.55,1.478,3.839,165.93,14.83,0.956,1.6,0.5751,2.498,431.92,1.074,53.18,0.7782,10.84,2.452e-05,0.222,3.003,1.315,2.369,0.2108,9.305,0.4939,8.784
2022-04-07T16:08:15,43360.35,3198.43,113.35,0.2502,18.41,68.2,20.04,103.56,6.42,179.05,0.6892,0.02511,0.007863,2.477,1.641,2.55,1.478,3.835,166.02,14.83,0.956,1.6,0.5751,2.499,431.86,1.074,53.19,0.7777,10.85,2.452e-05,0.222,3.004,1.315,2.37,0.2108,9.282,0.4938,8.789
2022-04-07T16:08:45,43362.64,3199.6,113.36,0.2504,18.41,68.2,20.04,103.72,6.422,179.18,0.6877,0.02513,0.007863,2.477,1.641,2.55,1.477,3.842,166.12,14.83,0.956,1.6,0.5751,2.502,432.03,1.075,53.16,0.7779,10.84,2.451e-05,0.222,3.003,1.315,2.37,0.2108,9.285,0.494,8.787
2022-04-07T16:09:15,43383.01,3202.51,113.55,0.2509,18.41,68.2,20.07,103.82,6.423,179.5,0.6871,0.02521,0.007863,2.477,1.641,2.55,1.478,3.842,166.34,14.83,0.956,1.601,0.5751,2.504,432.27,1.076,53.19,0.7785,10.86,2.451e-05,0.2224,3.006,1.316,2.373,0.211,9.291,0.4949,8.788
2022-04-07T16:09:46,43396.79,3207.89,113.78,0.251,18.41,68.4,20.09,103.94,6.435,179.7,0.6886,0.02524,0.007863,2.477,1.641,2.55,1.481,3.844,166.49,14.83,0.9594,1.601,0.5751,2.508,432.7,1.078,53.24,0.7792,10.86,2.455e-05,0.2227,3.01,1.318,2.377,0.2112,9.307,0.4955,8.796
2022-04-07T16:10:16,43413.83,3209.44,113.77,0.251,18.48,68.4,20.09,103.94,6.432,179.8,0.6889,0.02528,0.007863,2.477,1.641,2.55,1.48,3.846,166.75,14.84,0.9594,1.601,0.5751,2.509,432.86,1.077,53.25,0.7794,10.88,2.456e-05,0.2228,3.01,1.319,2.377,0.2113,9.318,0.4955,8.8
2022-04-07T16:10:46,43435.11,3210.13,113.79,0.2509,18.47,68.4,20.11,104.07,6.436,179.96,0.689,0.02531,0.007863,2.477,1.641,2.55,1.481,3.86,167,14.84,0.9594,1.603,0.5751,2.511,432.86,1.078,53.26,0.7802,10.88,2.458e-05,0.2227,3.01,1.319,2.377,0.2114,9.321,0.4959,8.819
2022-04-07T16:11:16,43455.91,3210.78,113.88,0.2514,18.47,68.4,20.13,104.16,6.438,179.96,0.689,0.0253,0.00784,2.48,1.642,2.55,1.482,3.855,167.06,14.84,0.9594,1.603,0.5751,2.512,433.28,1.079,53.34,0.7804,10.9,2.458e-05,0.2229,3.011,1.32,2.378,0.2115,9.331,0.4961,8.822
2022-04-07T16:11:46,43479.04,3213.83,113.92,0.2515,18.48,68.4,20.13,104.25,6.439,180.14,0.689,0.02529,0.007866,2.48,1.643,2.55,1.482,3.855,167.25,14.84,0.9594,1.605,0.5751,2.512,433.44,1.079,53.37,0.7805,10.91,2.459e-05,0.2231,3.013,1.32,2.38,0.2116,9.33,0.4966,8.833
2022-04-07T16:12:16,43464.45,3211.47,113.9,0.2515,18.48,68.4,20.13,104.32,6.436,180.16,0.6884,0.02525,0.007866,2.48,1.643,2.55,1.482,3.855,167.3,14.84,0.9594,1.607,0.5751,2.513,433.47,1.079,53.39,0.7804,10.89,2.459e-05,0.223,3.013,1.32,2.381,0.2115,9.347,0.4968,8.824
2022-04-07T16:12:46,43437.01,3210.88,113.89,0.2516,18.48,68.4,20.13,104.28,6.435,180.23,0.6886,0.02518,0.007866,2.48,1.643,2.55,1.481,3.845,167.27,14.84,0.9588,1.607,0.5751,2.513,433.53,1.079,53.38,0.78,10.89,2.458e-05,0.223,3.012,1.319,2.383,0.2115,9.345,0.4971,8.827
2022-04-07T16:13:16,43432.79,3210.51,113.81,0.2517,18.48,68.3,20.13,104.22,6.432,180.25,0.6886,0.02515,0.007866,2.481,1.642,2.55,1.482,3.847,167.27,14.84,0.956,1.606,0.5751,2.513,433.56,1.079,53.35,0.78,10.89,2.459e-05,0.223,3.013,1.319,2.383,0.2114,9.344,0.4974,8.826
2022-04-07T16:13:47,43439.78,3211.89,113.94,0.2517,18.48,68.3,20.13,104.18,6.432,180.32,0.6886,0.0252,0.007866,2.483,1.642,2.55,1.483,3.849,167.34,14.84,0.956,1.6,0.5751,2.515,433.58,1.079,53.37,0.78,10.86,2.46e-05,0.2231,3.014,1.319,2.383,0.2114,9.356,0.4983,8.828
2022-04-07T16:14:17,43464.18,3214.61,113.96,0.2521,18.43,68.5,20.13,104.2,6.439,180.48,0.6886,0.02518,0.007862,2.48,1.642,2.55,1.483,3.855,167.4,14.84,0.956,1.6,0.5751,2.517,433.94,1.08,53.4,0.7803,10.87,2.462e-05,0.2233,3.016,1.319,2.384,0.2115,9.357,0.4983,8.834
2022-04-07T16:14:47,43477.39,3214.74,114.01,0.2521,18.48,68.5,20.14,104.24,6.438,180.22,0.6895,0.02525,0.007862,2.48,1.642,2.57,1.483,3.856,167.51,14.84,0.956,1.6,0.5751,2.518,433.9,1.08,53.4,0.7804,10.87,2.462e-05,0.2233,3.016,1.319,2.384,0.2115,9.364,0.4977,8.832
2022-04-07T16:15:17,43475.39,3215.3,114.04,0.2522,18.48,68.4,20.14,104.26,6.443,180.14,0.69,0.0253,0.007862,2.48,1.642,2.57,1.483,3.858,167.51,14.84,0.956,1.606,0.5751,2.517,434.01,1.079,53.4,0.7802,10.87,2.462e-05,0.2233,3.017,1.319,2.384,0.2116,9.388,0.4972,8.829
2022-04-07T16:15:47,43464.96,3214.5,113.84,0.2516,18.48,68.5,20.14,104.16,6.437,180.07,0.6898,0.02529,0.007862,2.48,1.642,2.57,1.482,3.858,167.32,14.84,0.9606,1.606,0.5751,2.515,433.67,1.079,53.4,0.7798,10.87,2.46e-05,0.2233,3.016,1.318,2.382,0.2115,9.392,0.4972,8.826
2022-04-07T16:16:17,43465.28,3213.13,113.84,0.2516,18.48,68.5,20.16,104.01,6.441,179.72,0.689,0.02532,0.007862,2.48,1.642,2.57,1.482,3.858,167.24,14.84,0.9589,1.606,0.5751,2.516,433.7,1.079,53.38,0.7799,10.86,2.461e-05,0.2232,3.015,1.317,2.382,0.2115,9.397,0.4967,8.818
2022-04-07T16:16:47,43423.09,3211.07,113.81,0.251,18.48,68.6,20.14,103.9,6.442,179.56,0.6896,0.02532,0.007862,2.48,1.641,2.57,1.48,3.85,167.17,14.84,0.9589,1.603,0.5751,2.514,433.6,1.078,53.37,0.7795,10.83,2.459e-05,0.2232,3.014,1.316,2.38,0.2113,9.395,0.4955,8.808
2022-04-07T16:17:17,43433.47,3210.77,113.76,0.2509,18.48,68.5,20.14,103.87,6.443,179.39,0.6896,0.02531,0.007862,2.482,1.641,2.57,1.48,3.794,167.22,14.84,0.9567,1.603,0.5751,2.514,433.48,1.078,53.35,0.7796,10.84,2.459e-05,0.223,3.014,1.316,2.38,0.2114,9.404,0.496,8.808
2022-04-07T16:17:47,43445.45,3212.44,113.82,0.251,18.48,68.5,20.14,103.91,6.439,179.5,0.6897,0.02532,0.007881,2.482,1.641,2.57,1.482,3.78,167.22,14.84,0.9567,1.609,0.5751,2.515,433.54,1.079,53.33,0.7801,10.85,2.46e-05,0.223,3.015,1.317,2.38,0.2117,9.407,0.4957,8.81
2022-04-07T16:18:17,43428.47,3208.95,113.67,0.2507,18.48,68.5,20.12,103.9,6.439,179.32,0.6898,0.0253,0.007881,2.485,1.641,2.57,1.48,3.769,167.2,14.84,0.9567,1.603,0.5751,2.512,433.35,1.079,53.33,0.7797,10.83,2.459e-05,0.223,3.011,1.316,2.38,0.2116,9.426,0.4953,8.808
2022-04-07T16:18:48,43439.42,3211.6,113.74,0.2509,18.46,68.5,20.13,103.82,6.439,179.42,0.6891,0.02529,0.007881,2.485,1.641,2.57,1.48,3.771,167.09,14.84,0.9567,1.605,0.5751,2.513,433.31,1.08,53.34,0.7805,10.84,2.459e-05,0.2225,3.011,1.315,2.379,0.2116,9.42,0.4951,8.807
2022-04-07T16:19:18,43431.36,3210.57,113.7,0.2504,18.46,68.5,20.12,103.81,6.439,179.39,0.6891,0.0253,0.007881,2.485,1.64,2.57,1.478,3.767,167.02,14.84,0.9567,1.607,0.5751,2.513,433.14,1.08,53.32,0.7804,10.85,2.458e-05,0.2223,3.01,1.315,2.378,0.2116,9.392,0.4951,8.802
2022-04-07T16:19:48,43432.07,3210.78,113.69,0.2504,18.42,68.4,20.11,103.82,6.439,179.37,0.6885,0.02524,0.007881,2.485,1.64,2.57,1.478,3.77,167.02,14.84,0.9567,1.607,0.5751,2.513,433.27,1.081,53.29,0.7804,10.85,2.457e-05,0.2223,3.01,1.314,2.376,0.2116,9.392,0.4945,8.796
2022-04-07T16:20:18,43419.72,3209.73,113.61,0.2504,18.41,68.5,20.09,103.74,6.442,179.24,0.6889,0.02524,0.007881,2.481,1.64,2.57,1.478,3.781,166.96,14.82,0.9567,1.607,0.5751,2.512,433.25,1.079,53.24,0.78,10.84,2.457e-05,0.2223,3.007,1.313,2.378,0.2116,9.386,0.4941,8.796
2022-04-07T16:20:48,43418.97,3208.89,113.59,0.2502,18.41,68.5,20.09,103.71,6.441,179.25,0.6889,0.02524,0.007881,2.481,1.64,2.57,1.478,3.779,166.8,14.82,0.9567,1.607,0.5751,2.512,432.87,1.078,53.23,0.7798,10.83,2.456e-05,0.2223,3.005,1.313,2.376,0.2115,9.394,0.4938,8.793
2022-04-07T16:21:18,43423.76,3209.3,113.35,0.2507,18.41,68.5,20.09,103.7,6.435,179.47,0.6889,0.02527,0.007916,2.479,1.64,2.57,1.478,3.779,166.91,14.82,0.9567,1.605,0.5751,2.513,432.79,1.079,53.21,0.78,10.82,2.455e-05,0.2221,3.006,1.313,2.377,0.2116,9.397,0.4938,8.791
2022-04-07T16:21:48,43428.56,3211.19,113.38,0.2509,18.41,68.5,20.1,103.74,6.435,179.49,0.6889,0.02529,0.007909,2.479,1.64,2.57,1.478,3.784,166.95,14.82,0.959,1.607,0.5751,2.514,432.79,1.079,53.24,0.7802,10.83,2.455e-05,0.2221,3.008,1.313,2.377,0.2117,9.397,0.4934,8.797
2022-04-07T16:22:18,43457.47,3213.06,113.44,0.2512,18.41,68.6,20.13,103.85,6.442,179.96,0.6886,0.02537,0.007936,2.479,1.64,2.57,1.481,3.784,167.28,14.82,0.959,1.618,0.5752,2.517,433.31,1.081,53.32,0.7807,10.85,2.457e-05,0.2221,3.01,1.315,2.379,0.2118,9.397,0.4934,8.799
2022-04-07T16:22:48,43434.25,3211.96,113.38,0.2507,18.41,68.6,20.13,103.78,6.442,179.61,0.6876,0.02528,0.007936,2.479,1.64,2.57,1.479,3.778,167.12,14.82,0.959,1.621,0.5752,2.513,433.18,1.079,53.34,0.7802,10.84,2.456e-05,0.2221,3.005,1.314,2.378,0.2117,9.425,0.493,8.798
2022-04-07T16:23:18,43400.55,3209.19,113.09,0.25,18.41,68.5,20.11,103.72,6.436,179.18,0.6876,0.02522,0.007922,2.479,1.64,2.57,1.478,3.768,166.91,14.82,0.959,1.621,0.5752,2.508,433.11,1.078,53.33,0.7792,10.84,2.455e-05,0.2221,3.003,1.314,2.377,0.2115,9.427,0.4927,8.795
2022-04-07T16:23:49,43404.37,3208.8,113.05,0.2498,18.41,68.5,20.1,103.67,6.434,179.22,0.6865,0.02522,0.007922,2.481,1.64,2.57,1.478,3.782,166.87,14.82,0.9591,1.614,0.5752,2.507,432.45,1.078,53.23,0.7791,10.84,2.453e-05,0.2222,3.001,1.312,2.375,0.2114,9.418,0.4922,8.796
2022-04-07T16:24:19,43387.45,3206.86,112.93,0.2494,18.41,68.5,20.07,103.52,6.426,178.93,0.6876,0.02522,0.007922,2.481,1.64,2.57,1.477,3.778,166.7,14.82,0.9591,1.615,0.5752,2.5,432.23,1.077,53.21,0.7788,10.82,2.451e-05,0.2221,2.998,1.311,2.371,0.2113,9.415,0.4918,8.796
2022-04-07T16:24:49,43390.05,3207.06,112.82,0.2495,18.41,68.5,20.05,103.45,6.429,178.74,0.6876,0.0252,0.007922,2.481,1.64,2.57,1.476,3.779,166.6,14.82,0.9591,1.622,0.5752,2.501,432.06,1.077,53.18,0.7785,10.8,2.451e-05,0.2219,2.999,1.311,2.37,0.2111,9.403,0.4914,8.796
2022-04-07T16:25:19,43411.35,3207.09,113.05,0.2497,18.35,68.6,20.08,103.51,6.429,179,0.6876,0.02527,0.007922,2.481,1.64,2.57,1.478,3.788,166.8,14.82,0.9595,1.624,0.5752,2.504,432.5,1.078,53.21,0.7787,10.83,2.454e-05,0.2223,3.001,1.312,2.373,0.2113,9.421,0.4917,8.798
2022-04-07T16:25:50,43401.53,3207.48,113.07,0.2498,18.35,68.6,20.07,103.55,6.43,178.95,0.6878,0.02527,0.007916,2.481,1.641,2.57,1.477,3.785,166.79,14.82,0.9595,1.62,0.5752,2.502,432.36,1.078,53.21,0.7785,10.81,2.454e-05,0.222,2.998,1.312,2.372,0.2112,9.436,0.4915,8.798
2022-04-07T16:26:20,43413.11,3209.91,113.19,0.2498,18.35,68.6,20.07,103.6,6.428,179.03,0.6876,0.02528,0.007916,2.481,1.641,2.57,1.478,3.785,166.88,14.82,0.9595,1.622,0.5752,2.504,432.36,1.079,53.23,0.7786,10.81,2.453e-05,0.222,3.001,1.313,2.372,0.2112,9.479,0.4916,8.798
2022-04-07T16:26:50,43416.73,3209.52,113.3,0.2499,18.35,68.6,20.08,103.67,6.427,179.06,0.6875,0.0253,0.007916,2.486,1.64,2.57,1.478,3.787,166.97,14.82,0.9595,1.618,0.5752,2.505,432.56,1.079,53.25,0.7789,10.81,2.455e-05,0.2222,3.001,1.313,2.373,0.2113,9.476,0.4916,8.801
2022-04-07T16:27:20,43409.7,3207.43,113.22,0.25,18.35,68.5,20.08,103.7,6.43,178.91,0.6873,0.0253,0.007916,2.486,1.64,2.57,1.478,3.788,166.93,14.84,0.9588,1.621,0.5752,2.504,432.57,1.079,53.26,0.7789,10.84,2.454e-05,0.2224,2.999,1.313,2.373,0.2113,9.481,0.4915,8.805
2022-04-07T16:27:50,43414.34,3209.78,113.39,0.2501,18.3,68.5,20.09,103.76,6.427,179.13,0.6873,0.02532,0.007916,2.486,1.64,2.57,1.479,3.791,167.1,14.84,0.9588,1.62,0.5752,2.505,432.77,1.079,53.3,0.7787,10.85,2.455e-05,0.2224,3,1.314,2.374,0.2115,9.499,0.4914,8.806
2022-04-07T16:28:20,43409.61,3209.5,113.25,0.2499,18.24,68.5,20.09,103.81,6.43,179.28,0.6873,0.02531,0.007915,2.486,1.64,2.57,1.48,3.791,167.05,14.84,0.9588,1.619,0.5752,2.505,432.77,1.079,53.32,0.7786,10.85,2.456e-05,0.2224,3.001,1.314,2.374,0.2115,9.493,0.4915,8.802
2022-04-07T16:28:50,43403.23,3209.78,113.33,0.25,18.24,68.6,20.08,103.79,6.425,179.38,0.6873,0.02529,0.007915,2.486,1.64,2.57,1.479,3.791,167.07,14.84,0.9588,1.623,0.5752,2.504,432.54,1.079,53.27,0.7787,10.86,2.455e-05,0.2223,3.002,1.313,2.374,0.2114,9.494,0.4914,8.808
2022-04-07T16:29:20,43393.55,3208.38,113.24,0.2499,18.24,68.6,20.08,103.78,6.425,179.41,0.6873,0.02526,0.007923,2.486,1.64,2.57,1.479,3.792,167.07,14.84,0.9588,1.623,0.5752,2.503,432.48,1.079,53.26,0.7785,10.86,2.453e-05,0.2225,3.001,1.314,2.374,0.2113,9.499,0.491,8.808
2022-04-07T16:29:51,43396.99,3208.51,113.25,0.2499,18.24,68.7,20.08,103.8,6.425,179.38,0.6869,0.02526,0.007921,2.485,1.64,2.57,1.479,3.79,167.06,14.84,0.9588,1.623,0.5752,2.504,432.64,1.078,53.27,0.7788,10.87,2.455e-05,0.2225,3.001,1.313,2.375,0.2113,9.509,0.4909,8.808
2022-04-07T16:30:21,43392.93,3210.3,113.35,0.2502,18.24,68.7,20.09,103.84,6.425,179.66,0.6879,0.02525,0.007921,2.479,1.64,2.57,1.479,3.792,167.13,14.84,0.9585,1.62,0.5752,2.503,432.64,1.079,53.25,0.7788,10.88,2.455e-05,0.2225,3.003,1.314,2.376,0.2113,9.516,0.4904,8.808
2022-04-07T16:30:51,43404.94,3212.37,113.44,0.2508,18.24,68.7,20.1,104,6.425,179.77,0.688,0.02532,0.007921,2.479,1.639,2.57,1.481,3.793,167.31,14.84,0.9585,1.618,0.5752,2.504,433.04,1.081,53.26,0.7791,10.88,2.457e-05,0.2229,3.005,1.315,2.38,0.2113,9.517,0.491,8.808
2022-04-07T16:31:21,43428.16,3212.98,113.54,0.251,18.24,68.8,20.12,104.14,6.432,180.02,0.688,0.02536,0.007921,2.479,1.64,2.57,1.482,3.799,167.68,14.84,0.9585,1.616,0.5702,2.507,433.42,1.082,53.31,0.7793,10.9,2.459e-05,0.2233,3.006,1.318,2.385,0.2115,9.508,0.4915,8.816
2022-04-07T16:31:51,43430.14,3212.48,113.53,0.2513,18.24,68.8,20.12,104.19,6.432,180.16,0.688,0.02537,0.007921,2.479,1.641,2.57,1.482,3.799,167.7,14.84,0.9602,1.616,0.5701,2.503,433.41,1.083,53.32,0.7791,10.91,2.461e-05,0.2234,3.013,1.318,2.384,0.2115,9.508,0.4914,8.818
2022-04-07T16:32:21,43437.08,3212.15,113.54,0.2513,18.24,68.8,20.13,104.24,6.43,180.13,0.6881,0.02537,0.00792,2.485,1.644,2.57,1.483,3.798,167.72,14.84,0.9602,1.616,0.5701,2.503,433.45,1.083,53.32,0.7792,10.9,2.461e-05,0.2234,3.013,1.319,2.384,0.2116,9.497,0.4914,8.817
2022-04-07T16:32:52,43434.77,3212.96,113.75,0.2515,18.24,68.8,20.14,104.25,6.428,180.12,0.6877,0.02537,0.00792,2.486,1.645,2.57,1.483,3.798,167.71,14.84,0.9602,1.621,0.5701,2.503,433.63,1.084,53.36,0.7794,10.88,2.462e-05,0.2234,3.014,1.32,2.387,0.2116,9.5,0.4914,8.817
2022-04-07T16:33:22,43448.33,3213.66,113.94,0.2515,18.24,68.8,20.15,104.31,6.438,180.43,0.6877,0.02535,0.00792,2.486,1.645,2.57,1.484,3.82,167.79,14.84,0.9587,1.62,0.5701,2.508,433.64,1.083,53.38,0.7798,10.89,2.462e-05,0.2235,3.017,1.321,2.388,0.2118,9.5,0.4914,8.819
2022-04-07T16:33:52,43463.34,3214.41,114.21,0.2515,18.18,68.7,20.16,104.4,6.438,180.56,0.6877,0.02537,0.00792,2.486,1.645,2.57,1.485,3.82,167.82,14.84,0.9565,1.62,0.5701,2.511,433.83,1.085,53.4,0.7799,10.9,2.463e-05,0.2236,3.019,1.323,2.389,0.2119,9.52,0.4922,8.82
2022-04-07T16:34:22,43454.67,3215.49,114.33,0.2514,18.25,68.6,20.17,104.4,6.436,180.65,0.6877,0.02535,0.00792,2.486,1.646,2.57,1.485,3.824,167.83,14.84,0.9565,1.617,0.5701,2.511,433.92,1.085,53.4,0.7799,10.9,2.464e-05,0.2237,3.019,1.323,2.39,0.2119,9.528,0.4923,8.82
2022-04-07T16:34:52,43453.65,3216.03,114.33,0.2517,18.28,68.8,20.16,104.46,6.436,180.5,0.689,0.02537,0.00792,2.486,1.645,2.57,1.486,3.824,167.99,14.84,0.9603,1.617,0.5701,2.512,433.9,1.086,53.41,0.7802,10.9,2.464e-05,0.2238,3.02,1.326,2.391,0.2119,9.53,0.4928,8.82
2022-04-07T16:35:23,43440.6,3215.78,114.35,0.2516,18.28,68.7,20.16,104.42,6.441,180.4,0.689,0.02536,0.00792,2.486,1.645,2.57,1.486,3.819,168.04,14.84,0.9596,1.617,0.5701,2.512,433.59,1.086,53.41,0.7801,10.9,2.464e-05,0.2237,3.019,1.326,2.391,0.2119,9.521,0.4928,8.819
2022-04-07T16:35:53,43447.84,3216.04,114.34,0.2516,18.27,68.8,20.17,104.44,6.442,180.4,0.689,0.02537,0.00792,2.48,1.645,2.57,1.486,3.819,168.03,14.84,0.9564,1.627,0.5701,2.512,433.57,1.086,53.41,0.78,10.9,2.464e-05,0.2237,3.02,1.327,2.391,0.212,9.511,0.4932,8.815
2022-04-07T16:36:23,43458.44,3217.06,114.27,0.2516,18.28,68.8,20.17,104.48,6.436,180.44,0.689,0.02537,0.00792,2.48,1.645,2.57,1.486,3.825,168.04,14.84,0.9564,1.627,0.5701,2.512,433.71,1.086,53.42,0.7803,10.91,2.465e-05,0.2238,3.02,1.327,2.392,0.2121,9.513,0.4934,8.819
2022-04-07T16:36:53,43466.26,3217.31,114.12,0.2517,18.29,68.8,20.17,104.5,6.432,180.4,0.689,0.02539,0.00792,2.48,1.645,2.57,1.486,3.83,168,14.84,0.9603,1.629,0.5701,2.512,433.71,1.086,53.43,0.7802,10.92,2.465e-05,0.2237,3.02,1.327,2.391,0.2121,9.517,0.4935,8.817
2022-04-07T16:37:23,43464.9,3216.37,114.11,0.2518,18.29,68.8,20.16,104.53,6.437,180.43,0.689,0.02536,0.00792,2.48,1.643,2.57,1.486,3.832,168.09,14.84,0.9595,1.628,0.5701,2.511,433.69,1.086,53.45,0.7802,10.92,2.465e-05,0.2239,3.021,1.327,2.392,0.212,9.513,0.4938,8.814
2022-04-07T16:37:53,43458.14,3216.55,114.1,0.2518,18.35,68.7,20.16,104.58,6.439,180.46,0.689,0.02538,0.00794,2.48,1.643,2.57,1.487,3.836,168.15,14.84,0.9565,1.629,0.5701,2.512,433.76,1.086,53.44,0.7801,10.93,2.465e-05,0.224,3.021,1.327,2.392,0.212,9.519,0.4939,8.814
2022-04-07T16:38:23,43457.99,3216.77,114.16,0.2518,18.35,68.7,20.16,104.61,6.433,180.53,0.6898,0.02537,0.00794,2.482,1.644,2.57,1.487,3.833,168.16,14.84,0.9565,1.629,0.5701,2.511,433.72,1.086,53.45,0.7801,10.93,2.465e-05,0.224,3.021,1.327,2.392,0.2121,9.52,0.4939,8.815
2022-04-07T16:38:53,43450.54,3215.34,114.15,0.2518,18.35,68.7,20.16,104.62,6.436,180.34,0.69,0.02537,0.00797,2.482,1.644,2.57,1.486,3.841,168.14,14.84,0.9565,1.633,0.5701,2.51,433.71,1.086,53.45,0.7798,10.93,2.465e-05,0.224,3.02,1.327,2.392,0.2121,9.508,0.493,8.814
2022-04-07T16:39:24,43438.43,3214.18,114.24,0.2518,18.35,68.8,20.16,104.59,6.435,180.48,0.6903,0.02536,0.007932,2.482,1.644,2.57,1.486,3.831,168.13,14.84,0.9565,1.632,0.5701,2.507,433.65,1.086,53.45,0.7795,10.91,2.465e-05,0.2238,3.02,1.327,2.391,0.212,9.501,0.4935,8.814
2022-04-07T16:39:54,43444.06,3214,114.62,0.2519,18.35,68.8,20.16,104.57,6.438,180.38,0.6901,0.02536,0.007932,2.482,1.644,2.57,1.485,3.829,168.07,14.84,0.959,1.632,0.5701,2.507,433.64,1.086,53.44,0.7797,10.91,2.466e-05,0.2241,3.02,1.326,2.391,0.212,9.486,0.4933,8.813
2022-04-07T16:40:24,43431.21,3213.32,114.42,0.2519,18.35,68.8,20.15,104.49,6.433,180.39,0.6907,0.02536,0.007932,2.482,1.644,2.57,1.485,3.824,167.94,14.84,0.959,1.631,0.5701,2.506,433.56,1.085,53.45,0.7794,10.91,2.465e-05,0.2239,3.02,1.324,2.39,0.2119,9.47,0.4933,8.81
2022-04-07T16:40:54,43421.7,3212.22,114.41,0.2516,18.35,68.8,20.15,104.45,6.435,180.09,0.6907,0.02533,0.007932,2.482,1.644,2.57,1.484,3.824,167.87,14.84,0.9565,1.635,0.5701,2.503,433.22,1.084,53.44,0.7792,10.9,2.465e-05,0.2237,3.018,1.324,2.388,0.2119,9.463,0.4933,8.804
2022-04-07T16:41:24,43416.07,3212,114.3,0.2511,18.35,68.8,20.14,104.39,6.436,180.05,0.6912,0.02535,0.007932,2.482,1.645,2.57,1.482,3.825,167.84,14.84,0.9565,1.635,0.5701,2.502,432.59,1.083,53.42,0.7788,10.9,2.466e-05,0.2238,3.018,1.323,2.387,0.2118,9.46,0.4931,8.804
2022-04-07T16:41:54,43417.49,3211.04,114.14,0.2511,18.35,68.7,20.13,104.33,6.43,180.07,0.6912,0.02535,0.007932,2.482,1.644,2.57,1.48,3.828,167.65,14.84,0.9565,1.633,0.5701,2.503,431.8,1.083,53.4,0.7786,10.87,2.464e-05,0.2235,3.016,1.322,2.386,0.2118,9.45,0.4929,8.789
2022-04-07T16:42:25,43419.15,3211.11,114.15,0.2511,18.35,68.6,20.13,104.38,6.43,180.07,0.6912,0.02535,0.007932,2.482,1.644,2.57,1.481,3.826,167.51,14.83,0.9565,1.635,0.5701,2.502,431.71,1.084,53.39,0.7786,10.89,2.465e-05,0.2235,3.018,1.322,2.386,0.2119,9.445,0.4931,8.784
2022-04-07T16:42:55,43423.01,3212.64,114.17,0.2511,18.31,68.6,20.14,104.48,6.438,180.07,0.6914,0.02536,0.007932,2.482,1.643,2.57,1.482,3.83,167.53,14.83,0.9565,1.635,0.5701,2.503,431.2,1.084,53.4,0.779,10.9,2.465e-05,0.2238,3.018,1.322,2.388,0.2117,9.448,0.4936,8.796
2022-04-07T16:43:25,43418.78,3212.77,114.37,0.2512,18.31,68.6,20.14,104.53,6.437,180.04,0.6914,0.02538,0.007932,2.482,1.643,2.57,1.482,3.837,167.52,14.83,0.9565,1.635,0.5701,2.503,431.43,1.084,53.42,0.7791,10.9,2.466e-05,0.2238,3.019,1.322,2.389,0.2118,9.472,0.4941,8.798
2022-04-07T16:43:55,43373.52,3203.93,113.76,0.2504,18.31,68.4,20.08,104.35,6.425,179.61,0.6913,0.02531,0.007932,2.482,1.639,2.57,1.478,3.819,167.08,14.83,0.9613,1.633,0.5701,2.499,431.16,1.081,53.38,0.7776,10.87,2.461e-05,0.223,3.009,1.32,2.382,0.2114,9.466,0.4926,8.797
2022-04-07T16:44:26,43358.6,3199.84,113.72,0.2502,18.31,68.3,20.07,104.29,6.428,179.46,0.6913,0.02527,0.007902,2.475,1.637,2.57,1.476,3.817,167,14.83,0.9613,1.633,0.5701,2.492,430.97,1.079,53.26,0.777,10.86,2.46e-05,0.2224,3.004,1.318,2.378,0.2112,9.434,0.4917,8.793
2022-04-07T16:44:56,43343.64,3199.43,113.69,0.2501,18.31,68.3,20.06,104.18,6.42,179.43,0.6913,0.02527,0.007902,2.475,1.638,2.57,1.475,3.814,166.83,14.83,0.9613,1.633,0.5701,2.49,430.87,1.079,53.21,0.777,10.86,2.459e-05,0.2225,3.001,1.317,2.378,0.2112,9.409,0.4909,8.785
2022-04-07T16:45:26,43338.76,3199.56,113.45,0.2497,18.31,68.3,20.06,104.04,6.418,179.07,0.6913,0.02534,0.007958,2.475,1.638,2.57,1.475,3.814,166.78,14.79,0.9613,1.633,0.5847,2.49,430.71,1.077,53.2,0.7769,10.86,2.457e-05,0.2225,3,1.317,2.377,0.2112,9.409,0.4908,8.786
2022-04-07T16:45:56,43349.63,3203.18,113.62,0.25,18.31,68.4,20.07,104.06,6.425,179.13,0.6899,0.02534,0.007975,2.475,1.638,2.57,1.477,3.813,166.71,14.79,0.9607,1.633,0.5847,2.493,430.81,1.078,53.21,0.7768,10.86,2.458e-05,0.2226,3,1.317,2.377,0.2112,9.402,0.4904,8.794
2022-04-07T16:46:26,43379.49,3204.76,113.88,0.2502,18.2,68.4,20.08,104.24,6.424,179.28,0.6906,0.02536,0.007975,2.475,1.638,2.57,1.478,3.821,166.85,14.79,0.9607,1.633,0.5847,2.498,430.99,1.078,53.28,0.7773,10.88,2.463e-05,0.2228,3.006,1.319,2.378,0.2114,9.401,0.4903,8.798
2022-04-07T16:46:57,43388.44,3205.22,113.85,0.2505,18.2,68.5,20.09,104.25,6.425,179.27,0.6913,0.02537,0.007954,2.475,1.64,2.57,1.478,3.83,166.8,14.79,0.9607,1.633,0.5847,2.498,431.58,1.079,53.29,0.7774,10.88,2.462e-05,0.223,3.008,1.319,2.381,0.2115,9.397,0.4913,8.798
2022-04-07T16:47:27,43364,3203.08,113.5,0.2496,18.2,68.5,20.09,104.21,6.424,178.84,0.6913,0.02535,0.00795,2.475,1.638,2.57,1.477,3.825,166.67,14.79,0.9607,1.634,0.5847,2.496,431.26,1.078,53.24,0.7772,10.84,2.459e-05,0.2225,3.004,1.317,2.377,0.2116,9.389,0.4905,8.792
2022-04-07T16:47:57,43327.63,3200.97,113.36,0.2495,18.2,68.5,20.07,104.13,6.41,178.59,0.6879,0.02533,0.00795,2.475,1.637,2.57,1.475,3.821,166.46,14.79,0.9607,1.632,0.5847,2.488,430.81,1.078,53.2,0.7767,10.83,2.457e-05,0.2223,2.997,1.315,2.374,0.2116,9.372,0.4902,8.79
2022-04-07T16:48:27,43309.07,3198.42,113.25,0.249,18.2,68.5,20.04,103.99,6.409,178.49,0.6883,0.02532,0.00795,2.47,1.637,2.57,1.475,3.806,166.45,14.8,0.9607,1.632,0.5847,2.485,430.55,1.077,53.11,0.7756,10.82,2.456e-05,0.2219,2.992,1.314,2.369,0.2111,9.37,0.489,8.784
2022-04-07T16:48:57,43296.32,3196.8,113.19,0.2488,18.2,68.4,20.02,103.83,6.405,178.18,0.6884,0.0253,0.00795,2.465,1.635,2.57,1.474,3.802,166.3,14.8,0.9578,1.632,0.5847,2.481,430.06,1.077,53.07,0.7751,10.82,2.453e-05,0.2217,2.991,1.311,2.367,0.2109,9.368,0.4886,8.78
2022-04-07T16:49:27,43276.26,3196.12,113.02,0.2489,18.2,68.4,20.01,103.78,6.403,178.15,0.6884,0.02523,0.00795,2.465,1.634,2.57,1.472,3.802,166.18,14.8,0.9578,1.618,0.5847,2.48,429.9,1.074,53.04,0.7748,10.81,2.452e-05,0.2216,2.991,1.31,2.365,0.2107,9.346,0.4884,8.777
2022-04-07T16:49:57,43291.28,3197.38,113.07,0.2487,18.2,68.4,20.01,103.79,6.389,178.19,0.688,0.02521,0.007944,2.466,1.634,2.57,1.472,3.803,166.21,14.8,0.9578,1.619,0.5847,2.482,430.09,1.074,53.01,0.775,10.81,2.452e-05,0.2216,2.991,1.31,2.365,0.2107,9.348,0.4882,8.77
2022-04-07T16:50:27,43278.43,3196.28,112.99,0.2491,18.2,68.4,20.01,103.67,6.389,178.22,0.6884,0.02528,0.007944,2.466,1.634,2.57,1.471,3.804,166.17,14.8,0.9578,1.619,0.5847,2.478,430.07,1.074,52.98,0.7748,10.82,2.451e-05,0.2216,2.993,1.31,2.364,0.2107,9.342,0.4881,8.77
2022-04-07T16:50:57,43280.97,3195.69,113.06,0.249,18.13,68.2,20.02,103.62,6.388,178.16,0.6884,0.02526,0.007944,2.466,1.634,2.57,1.471,3.8,166.2,14.8,0.9578,1.62,0.5847,2.477,430.09,1.074,52.99,0.7748,10.82,2.451e-05,0.2216,2.993,1.31,2.364,0.2107,9.347,0.4881,8.765
2022-04-07T16:51:27,43327.33,3199.07,113.23,0.249,18.13,68.3,20.04,103.73,6.378,178.43,0.6884,0.02533,0.007944,2.463,1.635,2.57,1.473,3.811,166.33,14.79,0.9578,1.62,0.5847,2.483,430.22,1.075,53.05,0.7756,10.85,2.452e-05,0.2219,2.996,1.313,2.366,0.2111,9.355,0.4887,8.768
2022-04-07T16:51:58,43341.87,3201.65,113.38,0.2498,18.12,68.4,20.08,103.79,6.388,178.58,0.69,0.02536,0.007944,2.463,1.635,2.57,1.475,3.811,166.54,14.79,0.9578,1.62,0.5847,2.487,430.59,1.077,53.09,0.776,10.87,2.453e-05,0.2223,3,1.314,2.369,0.2112,9.367,0.4889,8.769
2022-04-07T16:52:28,43366.05,3202.58,113.41,0.2499,18.1,68.4,20.1,103.83,6.394,178.87,0.6899,0.02537,0.007948,2.463,1.635,2.57,1.475,3.817,166.64,14.84,0.9578,1.621,0.5765,2.487,430.61,1.076,53.08,0.776,10.85,2.457e-05,0.2223,3.001,1.315,2.369,0.2112,9.377,0.4892,8.77
2022-04-07T16:52:58,43364.44,3202.48,113.46,0.2502,18.16,68.5,20.1,103.84,6.393,179.05,0.6892,0.02534,0.007948,2.463,1.635,2.57,1.476,3.813,166.73,14.84,0.9578,1.617,0.5615,2.489,430.97,1.078,53.12,0.7763,10.86,2.458e-05,0.2223,3.003,1.316,2.37,0.2113,9.389,0.4894,8.771
2022-04-07T16:53:28,43378.07,3203.38,113.59,0.2503,18.16,68.4,20.1,103.88,6.393,179.08,0.6892,0.02531,0.007948,2.463,1.636,2.57,1.477,3.825,166.74,14.72,0.9578,1.617,0.5615,2.491,431.06,1.078,53.17,0.7764,10.87,2.459e-05,0.2225,3.002,1.316,2.37,0.2114,9.391,0.4894,8.785
2022-04-07T16:53:59,43369.93,3202.56,113.57,0.2503,18.16,68.4,20.09,103.84,6.385,178.99,0.6899,0.02529,0.007948,2.463,1.635,2.57,1.476,3.823,166.65,14.72,0.9578,1.617,0.5615,2.491,431,1.078,53.19,0.7765,10.86,2.458e-05,0.2225,3.002,1.316,2.37,0.2114,9.403,0.4894,8.787
2022-04-07T16:54:29,43359.71,3202.36,113.51,0.2504,18.16,68.4,20.09,103.81,6.39,179.03,0.6907,0.02525,0.007948,2.455,1.635,2.55,1.476,3.816,166.62,14.76,0.9564,1.614,0.5615,2.489,430.96,1.078,53.19,0.7763,10.86,2.458e-05,0.2221,3.001,1.316,2.369,0.2115,9.399,0.4891,8.776
2022-04-07T16:54:59,43365.47,3203.33,113.53,0.2507,18.16,68.4,20.1,103.95,6.386,179.26,0.6911,0.02532,0.007948,2.455,1.636,2.55,1.477,3.816,166.77,14.76,0.9564,1.617,0.5615,2.492,431.02,1.079,53.22,0.777,10.88,2.458e-05,0.2223,3.003,1.317,2.371,0.2116,9.414,0.4894,8.78
2022-04-07T16:55:29,43370.28,3205.55,113.65,0.2507,18.16,68.5,20.12,103.94,6.389,179.29,0.6911,0.02532,0.007936,2.455,1.636,2.55,1.477,3.816,166.76,14.74,0.9566,1.614,0.5615,2.493,431.19,1.081,53.23,0.7771,10.9,2.457e-05,0.2226,3.006,1.317,2.372,0.2118,9.421,0.4899,8.782
2022-04-07T16:55:59,43371.98,3205.64,113.6,0.2507,18.16,68.5,20.12,104.06,6.392,179.16,0.6915,0.02533,0.007936,2.455,1.636,2.55,1.478,3.821,166.97,14.74,0.9566,1.622,0.5699,2.494,431.22,1.081,53.23,0.7772,10.9,2.458e-05,0.2228,3.008,1.317,2.373,0.2119,9.421,0.49,8.781
2022-04-07T16:56:29,43395.7,3208.41,113.9,0.2509,18.16,68.5,20.14,104.17,6.393,179.44,0.6923,0.02536,0.007936,2.456,1.636,2.55,1.479,3.824,167.14,14.74,0.9566,1.622,0.5699,2.497,431.53,1.081,53.28,0.7777,10.92,2.461e-05,0.2229,3.01,1.32,2.376,0.212,9.432,0.4904,8.797
2022-04-07T16:56:59,43416.33,3209.11,113.89,0.2516,18.1,68.5,20.15,104.19,6.399,179.46,0.6923,0.02536,0.007936,2.456,1.636,2.55,1.48,3.832,167.25,14.74,0.9566,1.624,0.5699,2.497,431.73,1.083,53.32,0.778,10.92,2.461e-05,0.2233,3.012,1.32,2.377,0.2121,9.448,0.4914,8.799
2022-04-07T16:57:30,43426.45,3212.23,114.13,0.2516,18.1,68.6,20.17,104.28,6.398,179.67,0.6914,0.02534,0.007936,2.456,1.637,2.55,1.481,3.835,167.35,14.74,0.9566,1.629,0.5699,2.504,431.83,1.083,53.37,0.7783,10.93,2.464e-05,0.2235,3.017,1.322,2.378,0.2122,9.468,0.4918,8.799
2022-04-07T16:58:00,43414.11,3211.4,114.09,0.2516,18.1,68.7,20.19,104.32,6.396,179.8,0.6899,0.02534,0.007936,2.456,1.637,2.55,1.482,3.84,167.37,14.74,0.9566,1.632,0.5699,2.504,432.05,1.084,53.39,0.7782,10.94,2.464e-05,0.2234,3.017,1.322,2.38,0.2123,9.469,0.4925,8.8
2022-04-07T16:58:30,43435.28,3212.82,114.26,0.2516,18.16,68.7,20.19,104.4,6.398,180.03,0.6899,0.02533,0.007936,2.456,1.637,2.55,1.483,3.846,167.49,14.76,0.9566,1.63,0.5699,2.505,432.19,1.084,53.42,0.7786,10.94,2.466e-05,0.2236,3.02,1.323,2.381,0.2124,9.482,0.4927,8.807
2022-04-07T16:59:00,43454.68,3215.63,114.35,0.2522,18.21,68.8,20.21,104.5,6.398,180.17,0.6902,0.02535,0.007936,2.456,1.639,2.55,1.485,3.848,167.48,14.76,0.9566,1.63,0.5699,2.507,432.25,1.085,53.44,0.779,10.94,2.467e-05,0.2236,3.022,1.323,2.382,0.2123,9.486,0.493,8.808
2022-04-07T16:59:30,43490.07,3219.07,114.39,0.2528,18.21,68.8,20.23,104.63,6.401,180.37,0.6902,0.02539,0.007936,2.457,1.64,2.55,1.486,3.854,167.58,14.76,0.9608,1.631,0.5699,2.51,432.73,1.085,53.46,0.7793,10.95,2.468e-05,0.2241,3.025,1.325,2.385,0.2123,9.484,0.493,8.809
2022-04-07T17:00:00,43482.96,3218.36,114.76,0.2529,18.18,68.8,20.22,104.73,6.403,180.5,0.6922,0.0254,0.007975,2.458,1.641,2.55,1.487,3.853,167.66,14.76,0.9608,1.63,0.5699,2.513,433.13,1.088,53.49,0.7798,10.96,2.469e-05,0.2243,3.026,1.327,2.387,0.2123,9.483,0.4942,8.813
2022-04-07T17:00:30,43477.98,3217.87,114.84,0.2529,18.21,68.8,20.23,104.77,6.416,180.5,0.6924,0.02539,0.007975,2.458,1.641,2.55,1.488,3.855,167.65,14.76,0.9608,1.633,0.5699,2.514,433,1.087,53.51,0.7799,10.96,2.469e-05,0.2243,3.027,1.327,2.388,0.2123,9.472,0.4943,8.817
2022-04-07T17:01:00,43487.44,3220.66,114.82,0.2527,18.21,68.8,20.23,104.77,6.419,180.46,0.6924,0.02538,0.007975,2.457,1.641,2.55,1.489,3.854,167.79,14.76,0.9608,1.633,0.5699,2.513,433.11,1.088,53.52,0.78,10.96,2.469e-05,0.224,3.03,1.328,2.389,0.2124,9.467,0.4945,8.818
2022-04-07T17:01:31,43548.42,3224.04,114.86,0.2535,18.22,68.8,20.26,104.91,6.426,180.51,0.6922,0.0254,0.007984,2.461,1.643,2.55,1.491,3.864,167.65,14.78,0.9608,1.633,0.5699,2.517,433.46,1.088,53.57,0.7808,10.96,2.472e-05,0.2245,3.034,1.329,2.39,0.2124,9.476,0.4954,8.813
2022-04-07T17:02:01,43534.75,3223.09,114.86,0.2535,18.15,68.8,20.25,104.89,6.417,180.15,0.6926,0.02543,0.007953,2.462,1.643,2.55,1.491,3.866,167.63,14.78,0.9608,1.631,0.5699,2.517,433.42,1.088,53.56,0.7806,10.96,2.473e-05,0.2244,3.034,1.329,2.395,0.2124,9.475,0.4955,8.819
2022-04-07T17:02:31,43565.05,3224.22,115.14,0.2536,18.22,68.8,20.26,104.91,6.424,180.2,0.6931,0.02545,0.007992,2.468,1.642,2.57,1.491,3.866,167.77,14.8,0.9557,1.626,0.5699,2.518,433.5,1.089,53.58,0.7808,10.97,2.474e-05,0.2248,3.034,1.331,2.397,0.2124,9.485,0.4955,8.818
2022-04-07T17:03:01,43521,3222.64,114.92,0.2541,18.22,68.8,20.24,104.83,6.421,180,0.6926,0.02543,0.007992,2.473,1.642,2.57,1.491,3.879,167.71,14.8,0.9557,1.625,0.5699,2.514,433.36,1.087,53.54,0.7808,10.96,2.474e-05,0.2248,3.031,1.33,2.395,0.2121,9.486,0.4959,8.817
2022-04-07T17:03:31,43564.09,3225.67,115.16,0.2542,18.32,68.8,20.25,104.82,6.418,180.3,0.6926,0.02545,0.008,2.471,1.642,2.57,1.491,3.879,167.88,14.8,0.9557,1.625,0.5699,2.516,433.58,1.088,53.58,0.7808,10.97,2.474e-05,0.2248,3.034,1.33,2.395,0.2121,9.485,0.4965,8.814
2022-04-07T17:04:01,43566.13,3226.14,115.22,0.2542,18.32,68.8,20.25,104.92,6.426,180.32,0.6924,0.02544,0.008,2.474,1.642,2.57,1.492,3.879,168.01,14.8,0.9562,1.63,0.5699,2.516,433.66,1.088,53.58,0.7809,10.97,2.475e-05,0.2246,3.034,1.331,2.395,0.2122,9.501,0.4971,8.811
2022-04-07T17:04:31,43556.85,3226.09,115.23,0.2538,18.32,68.7,20.27,104.94,6.421,180.28,0.6932,0.02545,0.008,2.476,1.642,2.57,1.492,3.886,167.97,14.8,0.9562,1.63,0.5699,2.519,433.64,1.087,53.58,0.7808,10.97,2.476e-05,0.2246,3.033,1.331,2.395,0.2121,9.509,0.497,8.811
2022-04-07T17:05:01,43576.27,3228.12,115.26,0.2539,18.32,68.7,20.29,105.04,6.424,180.43,0.6932,0.02548,0.008,2.474,1.642,2.57,1.493,3.886,168.1,14.8,0.9562,1.633,0.5699,2.521,434.15,1.088,53.61,0.7808,10.97,2.476e-05,0.2248,3.034,1.332,2.397,0.2122,9.525,0.4976,8.817
2022-04-07T17:05:31,43578.38,3227.97,115.49,0.2539,18.32,68.9,20.3,105.17,6.417,180.52,0.6939,0.02551,0.008,2.474,1.643,2.57,1.494,3.886,168.2,14.82,0.9562,1.613,0.5699,2.52,434.27,1.088,53.61,0.7809,10.99,2.477e-05,0.2251,3.037,1.333,2.398,0.2123,9.532,0.4978,8.816
2022-04-07T17:06:01,43573.73,3228.4,115.48,0.2543,18.41,68.8,20.29,105.15,6.42,180.68,0.6941,0.02549,0.007982,2.475,1.643,2.57,1.493,3.884,168.2,14.82,0.9526,1.62,0.5699,2.52,434.24,1.088,53.62,0.7809,11,2.478e-05,0.2251,3.037,1.333,2.397,0.2124,9.531,0.4983,8.818
2022-04-07T17:06:32,43572.37,3228.41,115.44,0.2543,18.41,68.9,20.29,105.05,6.422,180.48,0.6938,0.02549,0.008,2.474,1.644,2.57,1.494,3.884,168.13,14.82,0.9433,1.62,0.5699,2.52,434.28,1.089,53.63,0.781,11,2.478e-05,0.2251,3.038,1.333,2.397,0.2124,9.53,0.4985,8.819
2022-04-07T17:07:02,43589.15,3229.67,115.43,0.2544,18.41,69,20.29,105.06,6.438,180.47,0.6938,0.0255,0.008,2.473,1.645,2.57,1.493,3.884,168.16,14.82,0.9433,1.622,0.5699,2.521,434.42,1.089,53.65,0.7812,10.98,2.48e-05,0.2253,3.038,1.334,2.398,0.2124,9.545,0.4988,8.818
2022-04-07T17:07:32,43568.82,3229.12,115.4,0.254,18.41,69,20.29,105.04,6.438,180.19,0.6923,0.02549,0.008011,2.474,1.644,2.57,1.494,3.889,168.15,14.82,0.9433,1.623,0.5699,2.519,434.38,1.088,53.67,0.7809,10.98,2.479e-05,0.2251,3.037,1.334,2.397,0.2123,9.542,0.4992,8.819
2022-04-07T17:08:02,43553.32,3227.8,115.36,0.2536,18.64,69,20.28,105.01,6.433,180.1,0.6937,0.02546,0.008,2.475,1.644,2.57,1.494,3.889,168.09,14.82,0.9474,1.622,0.5557,2.519,434.35,1.087,53.67,0.7806,10.96,2.478e-05,0.2249,3.037,1.333,2.395,0.2123,9.541,0.4994,8.819
2022-04-07T17:08:32,43568.18,3230.35,115.56,0.2541,18.64,69,20.29,105.12,6.437,180.23,0.6937,0.0255,0.007993,2.473,1.646,2.57,1.494,3.901,168.34,14.82,0.939,1.632,0.5557,2.52,434.45,1.089,53.75,0.7812,10.96,2.48e-05,0.2254,3.039,1.336,2.398,0.2124,9.543,0.5002,8.821
2022-04-07T17:09:02,43577.99,3230.95,115.58,0.2543,18.64,69,20.29,105.19,6.443,180.15,0.6937,0.0255,0.007993,2.474,1.646,2.57,1.494,3.903,168.54,14.82,0.939,1.631,0.5557,2.521,434.45,1.089,53.78,0.7811,10.97,2.48e-05,0.2253,3.041,1.337,2.399,0.2124,9.581,0.5009,8.828
2022-04-07T17:09:32,43581.05,3230.88,115.59,0.2541,18.64,69,20.29,105.16,6.443,180.15,0.6939,0.02551,0.007993,2.476,1.646,2.57,1.494,3.903,168.33,14.82,0.9572,1.626,0.5557,2.521,434.5,1.089,53.76,0.7811,10.97,2.481e-05,0.2253,3.04,1.337,2.398,0.2124,9.589,0.5009,8.829
2022-04-07T17:10:02,43587.24,3230.97,115.6,0.2541,18.64,69,20.29,105.11,6.443,180.22,0.6939,0.02551,0.007993,2.476,1.646,2.57,1.494,3.903,168.4,14.82,0.9572,1.63,0.5557,2.521,434.76,1.088,53.76,0.7811,10.97,2.48e-05,0.2253,3.041,1.338,2.397,0.2123,9.609,0.5005,8.824
2022-04-07T17:10:32,43572.78,3229.38,115.37,0.2537,18.64,69,20.28,104.97,6.437,180.15,0.6951,0.02549,0.007993,2.476,1.646,2.57,1.493,3.902,168.27,14.81,0.9572,1.63,0.5557,2.519,434.41,1.087,53.68,0.781,10.95,2.48e-05,0.2251,3.038,1.337,2.396,0.2122,9.618,0.4998,8.818
2022-04-07T17:11:03,43575.92,3230.68,115.61,0.2538,18.64,69.1,20.28,104.99,6.436,180.19,0.6951,0.02546,0.007993,2.475,1.646,2.57,1.494,3.906,168.29,14.81,0.9572,1.63,0.5557,2.52,434.5,1.088,53.71,0.7807,10.96,2.481e-05,0.2253,3.041,1.337,2.397,0.2122,9.639,0.4994,8.827
2022-04-07T17:11:33,43577.95,3229.73,115.51,0.2538,18.69,69,20.28,104.93,6.443,180.17,0.696,0.0255,0.008015,2.474,1.645,2.57,1.494,3.907,168.47,14.81,0.9529,1.633,0.5557,2.519,434.54,1.089,53.71,0.7809,10.96,2.481e-05,0.2253,3.039,1.337,2.398,0.2122,9.647,0.4991,8.835
2022-04-07T17:12:03,43592.42,3230.98,115.52,0.254,18.71,69,20.28,104.91,6.443,180.19,0.696,0.0255,0.008015,2.489,1.645,2.57,1.494,3.907,168.44,14.81,0.9529,1.637,0.5557,2.519,434.55,1.088,53.72,0.7809,10.96,2.481e-05,0.2253,3.044,1.337,2.397,0.2122,9.65,0.4993,8.835
2022-04-07T17:12:33,43643.77,3234.51,115.56,0.2548,18.71,69.1,20.29,105.08,6.448,180.39,0.696,0.02551,0.008035,2.486,1.647,2.57,1.495,3.907,168.67,14.81,0.9507,1.637,0.5557,2.524,434.97,1.089,53.8,0.7811,10.98,2.482e-05,0.2257,3.048,1.339,2.4,0.2123,9.696,0.4996,8.854
2022-04-07T17:13:03,43653.8,3236.8,115.89,0.2549,18.71,69.1,20.3,105.16,6.452,180.36,0.696,0.02555,0.008035,2.493,1.649,2.57,1.495,3.916,168.79,14.81,0.9546,1.633,0.5557,2.525,435.37,1.09,53.84,0.7815,10.99,2.485e-05,0.2259,3.049,1.34,2.402,0.2124,9.769,0.4996,8.851
2022-04-07T17:13:33,43670.25,3237.26,115.93,0.2555,18.66,69.1,20.32,105.34,6.457,180.49,0.6967,0.0256,0.008015,2.492,1.649,2.57,1.497,3.914,168.94,14.81,0.9546,1.635,0.5557,2.528,435.48,1.09,53.88,0.7816,11.01,2.485e-05,0.2261,3.05,1.342,2.404,0.2125,9.783,0.4998,8.859
2022-04-07T17:14:03,43638.1,3232.39,115.78,0.2559,18.71,69.3,20.3,105.35,6.474,180.44,0.6976,0.02557,0.008047,2.49,1.648,2.57,1.496,3.911,168.86,14.81,0.9546,1.636,0.5557,2.526,435.34,1.091,53.87,0.7812,10.99,2.482e-05,0.2257,3.047,1.342,2.403,0.2124,9.783,0.4991,8.852
2022-04-07T17:14:33,43640.58,3231.94,115.79,0.2554,18.75,69.3,20.31,105.23,6.476,180.46,0.6979,0.02562,0.008047,2.492,1.649,2.57,1.496,3.911,168.83,14.87,0.9504,1.636,0.5556,2.527,435.39,1.09,53.89,0.7812,10.99,2.485e-05,0.2259,3.049,1.342,2.403,0.2124,9.798,0.4996,8.852
2022-04-07T17:15:03,43632.69,3232.04,115.8,0.2553,18.75,69.2,20.3,105.24,6.483,180.51,0.6979,0.02563,0.008047,2.493,1.649,2.57,1.495,3.901,168.8,14.87,0.9504,1.636,0.5555,2.527,435.28,1.089,53.89,0.7813,10.99,2.484e-05,0.226,3.049,1.342,2.403,0.2122,9.804,0.5,8.858
2022-04-07T17:15:33,43623.85,3229.88,115.77,0.2553,18.76,69.1,20.3,105.24,6.483,180.4,0.6984,0.02561,0.008047,2.493,1.649,2.57,1.496,3.895,168.75,14.87,0.951,1.632,0.5555,2.528,435.22,1.088,53.89,0.781,10.99,2.484e-05,0.226,3.05,1.342,2.402,0.2122,9.778,0.5,8.857
2022-04-07T17:16:04,43640.92,3230.46,115.91,0.2553,18.76,69.2,20.29,105.29,6.471,180.36,0.6984,0.02558,0.008047,2.498,1.649,2.57,1.496,3.905,168.81,14.87,0.951,1.634,0.5555,2.528,435.24,1.088,53.9,0.7812,10.99,2.484e-05,0.2258,3.048,1.343,2.401,0.2122,9.759,0.4994,8.852
2022-04-07T17:16:34,43617.22,3223.9,115.47,0.2551,18.74,69,20.26,105.03,6.472,180.05,0.6993,0.02553,0.008005,2.497,1.648,2.57,1.492,3.906,168.73,14.87,0.951,1.632,0.5555,2.523,435.05,1.088,53.85,0.7809,10.96,2.478e-05,0.2257,3.042,1.341,2.399,0.2121,9.769,0.4992,8.845
2022-04-07T17:17:04,43606.28,3223.35,115.55,0.2545,18.74,69,20.26,105.09,6.47,179.99,0.6992,0.02554,0.008005,2.496,1.652,2.57,1.494,3.906,168.71,14.87,0.951,1.632,0.5555,2.524,434.55,1.087,53.91,0.7809,10.96,2.481e-05,0.2257,3.046,1.342,2.399,0.212,9.771,0.4997,8.842
2022-04-07T17:17:34,43611.1,3223.03,115.48,0.2545,18.74,69,20.26,104.99,6.481,179.89,0.6992,0.02557,0.008001,2.496,1.652,2.57,1.492,3.906,168.68,14.87,0.951,1.632,0.5555,2.526,434.55,1.086,53.93,0.7805,10.99,2.481e-05,0.2255,3.047,1.342,2.399,0.2121,9.779,0.5008,8.843
2022-04-07T17:18:04,43599.56,3220.81,115.43,0.254,18.74,69.1,20.24,104.88,6.482,179.73,0.6987,0.02554,0.007998,2.497,1.649,2.57,1.492,3.89,168.59,14.87,0.951,1.631,0.5522,2.524,434.22,1.085,53.9,0.7801,10.99,2.481e-05,0.2255,3.043,1.339,2.398,0.212,9.761,0.5011,8.837
2022-04-07T17:18:34,43603.67,3221.57,115.4,0.2544,18.74,69.1,20.26,104.96,6.486,179.84,0.6978,0.02554,0.007998,2.495,1.647,2.58,1.492,3.88,168.52,14.87,0.9442,1.633,0.5522,2.523,434.48,1.085,53.96,0.7799,10.99,2.479e-05,0.2252,3.044,1.34,2.395,0.2121,9.75,0.5009,8.844
2022-04-07T17:19:04,43596.04,3220.61,115.3,0.2542,18.74,69.1,20.26,104.92,6.472,179.77,0.6978,0.02552,0.007998,2.497,1.647,2.58,1.491,3.875,168.47,14.87,0.9442,1.633,0.5522,2.521,434.42,1.084,53.93,0.7796,10.98,2.478e-05,0.2253,3.041,1.339,2.394,0.212,9.75,0.4994,8.847
2022-04-07T17:19:34,43606.31,3221.08,115.33,0.2544,18.74,69.1,20.26,104.94,6.477,179.83,0.6978,0.02553,0.007999,2.495,1.646,2.58,1.492,3.884,168.57,14.87,0.9442,1.633,0.5522,2.524,434.39,1.085,53.92,0.7797,10.99,2.478e-05,0.2253,3.041,1.34,2.394,0.2121,9.757,0.4994,8.857
2022-04-07T17:20:04,43589.54,3220.55,115.32,0.2538,18.62,69,20.26,104.83,6.491,179.78,0.6975,0.0255,0.007999,2.496,1.647,2.57,1.492,3.877,168.53,14.87,0.9442,1.631,0.5522,2.523,434.32,1.084,53.86,0.7794,10.98,2.477e-05,0.2251,3.039,1.339,2.393,0.212,9.742,0.4997,8.857
2022-04-07T17:20:35,43621.54,3223.36,115.33,0.2541,18.64,69.1,20.27,104.92,6.494,179.95,0.6975,0.02554,0.007999,2.503,1.647,2.57,1.492,3.897,168.59,14.87,0.9442,1.631,0.5522,2.525,434.38,1.085,53.88,0.7794,10.98,2.481e-05,0.2252,3.042,1.34,2.393,0.2121,9.745,0.5,8.854
2022-04-07T17:21:05,43619.05,3223.11,115.34,0.254,18.64,69.2,20.28,104.93,6.503,179.94,0.6975,0.02554,0.007999,2.506,1.647,2.57,1.493,3.892,168.71,14.87,0.9442,1.635,0.5603,2.525,434.52,1.086,53.87,0.7796,10.98,2.48e-05,0.2255,3.043,1.34,2.396,0.212,9.726,0.4997,8.864
2022-04-07T17:21:35,43613.31,3223.29,115.62,0.2541,18.64,69.3,20.28,104.94,6.502,179.96,0.6973,0.02555,0.007999,2.506,1.647,2.57,1.494,3.895,168.87,14.87,0.9442,1.637,0.5603,2.527,434.53,1.086,53.9,0.7797,10.98,2.481e-05,0.2255,3.043,1.341,2.396,0.212,9.717,0.4995,8.863
2022-04-07T17:22:05,43593.15,3221.7,115.52,0.2541,18.64,69.3,20.26,104.88,6.503,179.95,0.6988,0.02553,0.007993,2.501,1.647,2.57,1.494,3.894,168.74,14.87,0.9523,1.641,0.5603,2.524,434.44,1.086,53.89,0.7793,10.97,2.48e-05,0.2255,3.041,1.34,2.395,0.2121,9.714,0.4995,8.854
2022-04-07T17:22:35,43600.66,3222.04,115.51,0.2538,18.64,69.1,20.25,104.8,6.506,179.91,0.6978,0.02552,0.007993,2.502,1.647,2.57,1.493,3.891,168.76,14.88,0.9426,1.641,0.5603,2.524,434.52,1.086,53.9,0.7793,10.97,2.48e-05,0.2255,3.04,1.339,2.395,0.2121,9.713,0.4984,8.86
2022-04-07T17:23:05,43596.84,3221.78,115.46,0.2538,18.64,69.3,20.25,104.75,6.511,180.12,0.6978,0.02551,0.007993,2.505,1.647,2.57,1.493,3.891,168.77,14.88,0.9426,1.642,0.5603,2.523,434.53,1.085,53.9,0.7793,10.97,2.479e-05,0.2253,3.039,1.339,2.395,0.212,9.712,0.4984,8.858
2022-04-07T17:23:35,43637.11,3226.64,115.72,0.2538,18.62,69.4,20.28,104.9,6.514,180.49,0.6983,0.02557,0.007993,2.504,1.647,2.57,1.494,3.893,169.02,14.88,0.9426,1.641,0.5603,2.53,434.85,1.087,53.97,0.7797,10.99,2.482e-05,0.2256,3.046,1.34,2.399,0.2121,9.726,0.4995,8.866
2022-04-07T17:24:05,43638.44,3225.31,115.76,0.2538,18.67,69.6,20.31,104.92,6.518,180.52,0.6981,0.02558,0.007993,2.502,1.648,2.57,1.496,3.894,169.2,14.88,0.9426,1.641,0.5603,2.53,434.98,1.088,54.01,0.7794,11.01,2.483e-05,0.2257,3.046,1.342,2.4,0.2123,9.732,0.4991,8.868
2022-04-07T17:24:35,43618.45,3223.84,115.72,0.2534,18.62,69.6,20.3,104.78,6.512,180.33,0.6981,0.02554,0.007993,2.505,1.647,2.57,1.494,3.889,169.03,14.88,0.9426,1.642,0.5603,2.526,434.75,1.087,53.99,0.7782,11,2.482e-05,0.2257,3.043,1.341,2.397,0.2121,9.716,0.4988,8.871
2022-04-07T17:25:06,43606.88,3223.65,115.56,0.2536,18.62,69.6,20.3,104.66,6.514,180.35,0.6977,0.02553,0.007993,2.504,1.647,2.57,1.493,3.885,169.03,14.88,0.9395,1.639,0.5603,2.524,434.48,1.087,53.99,0.778,11,2.48e-05,0.2254,3.043,1.339,2.397,0.2121,9.71,0.4992,8.87
2022-04-07T17:25:36,43632.68,3225.11,115.65,0.2539,18.62,69.6,20.31,104.76,6.517,180.5,0.6977,0.02557,0.008002,2.503,1.647,2.57,1.493,3.895,169.06,14.88,0.9661,1.639,0.5603,2.525,434.56,1.087,54.01,0.7783,11,2.482e-05,0.2254,3.045,1.341,2.397,0.2121,9.71,0.4992,8.865
2022-04-07T17:26:06,43634.42,3225.85,115.7,0.2542,18.62,69.5,20.32,104.79,6.52,180.58,0.6977,0.02557,0.008002,2.5,1.647,2.57,1.494,3.895,169.22,14.88,0.9582,1.644,0.5603,2.527,434.73,1.088,54.02,0.7783,11.01,2.481e-05,0.2254,3.046,1.342,2.399,0.2121,9.702,0.4992,8.869
2022-04-07T17:26:36,43640.44,3227.83,115.75,0.2541,18.62,69.5,20.33,104.79,6.514,180.37,0.6979,0.02558,0.008002,2.503,1.647,2.57,1.496,3.902,169.23,14.88,0.9502,1.645,0.5603,2.529,434.94,1.089,54.12,0.7782,11.03,2.482e-05,0.2254,3.048,1.343,2.4,0.2123,9.7,0.4998,8.87
2022-04-07T17:27:06,43666.29,3228.34,115.99,0.2542,18.62,69.5,20.33,104.86,6.517,180.27,0.6979,0.0256,0.008002,2.504,1.647,2.57,1.496,3.901,169.26,14.88,0.9502,1.645,0.5603,2.53,435.01,1.088,54.13,0.7782,11.03,2.481e-05,0.2261,3.049,1.344,2.401,0.2123,9.708,0.4999,8.875
2022-04-07T17:27:36,43674.06,3229.07,115.97,0.2546,18.62,69.6,20.34,104.99,6.519,180.42,0.6975,0.02561,0.008002,2.505,1.647,2.57,1.497,3.901,169.24,14.91,0.9502,1.645,0.5603,2.532,435.18,1.089,54.19,0.7781,11.03,2.482e-05,0.2261,3.05,1.345,2.402,0.2123,9.744,0.5001,8.877
2022-04-07T17:28:06,43673.15,3230.52,115.97,0.2546,18.69,69.6,20.34,104.94,6.525,180.47,0.7001,0.02561,0.008011,2.504,1.647,2.57,1.497,3.902,169.17,14.91,0.9502,1.647,0.5603,2.534,435.18,1.089,54.19,0.7781,11.03,2.481e-05,0.2261,3.05,1.345,2.403,0.2123,9.753,0.5002,8.872
2022-04-07T17:28:36,43682.47,3230.53,116.19,0.2547,18.69,69.7,20.34,104.91,6.529,180.45,0.7008,0.02561,0.008011,2.505,1.647,2.57,1.496,3.905,169.19,14.91,0.9435,1.647,0.5603,2.534,435.24,1.089,54.21,0.7782,11.04,2.481e-05,0.2263,3.051,1.345,2.403,0.2124,9.765,0.5004,8.878
2022-04-07T17:29:06,43680.42,3230.31,116.03,0.2546,18.69,69.7,20.37,104.97,6.527,180.34,0.7008,0.02555,0.008007,2.507,1.647,2.57,1.496,3.91,169.07,14.91,0.9435,1.648,0.5603,2.534,435.3,1.089,54.22,0.7782,11.04,2.482e-05,0.2263,3.051,1.345,2.402,0.2124,9.769,0.5004,8.873
2022-04-07T17:29:37,43643.38,3229.14,115.86,0.2543,18.69,69.6,20.36,104.91,6.524,180.01,0.6999,0.02548,0.00799,2.51,1.647,2.57,1.494,3.905,168.91,14.91,0.9435,1.65,0.5603,2.531,435.35,1.089,54.19,0.7776,11.02,2.48e-05,0.2261,3.048,1.344,2.403,0.2123,9.749,0.5,8.875
2022-04-07T17:30:07,43653.15,3228.35,115.85,0.2546,18.69,69.7,20.36,105.05,6.523,180.14,0.7025,0.02551,0.00799,2.507,1.646,2.57,1.494,3.907,168.95,14.91,0.9435,1.65,0.5603,2.532,435.44,1.088,54.2,0.7777,11.02,2.48e-05,0.2261,3.049,1.345,2.403,0.2123,9.737,0.5001,8.874
2022-04-07T17:30:37,43648.93,3228.1,115.8,0.2544,18.69,69.6,20.36,105.07,6.526,180.15,0.702,0.02555,0.00799,2.506,1.647,2.57,1.495,3.907,168.88,14.91,0.9432,1.651,0.5603,2.533,435.42,1.089,54.2,0.7776,11.02,2.48e-05,0.2261,3.049,1.345,2.403,0.2122,9.733,0.5002,8.875
2022-04-07T17:31:07,43664.36,3229.78,115.79,0.2545,18.87,69.6,20.37,105.14,6.524,180.4,0.702,0.02554,0.00799,2.506,1.648,2.57,1.494,3.907,168.89,14.91,0.9497,1.648,0.5603,2.534,435.49,1.089,54.25,0.778,11.03,2.48e-05,0.2262,3.049,1.345,2.403,0.2123,9.722,0.5004,8.883
2022-04-07T17:31:37,43677.45,3230.52,115.77,0.2546,18.87,69.6,20.38,105.18,6.523,180.36,0.7023,0.02556,0.00799,2.506,1.647,2.57,1.495,3.915,168.91,14.91,0.95,1.648,0.5603,2.536,435.5,1.089,54.28,0.7782,11.03,2.48e-05,0.2262,3.051,1.346,2.405,0.2123,9.722,0.5006,8.886
2022-04-07T17:32:07,43653.01,3227.13,115.43,0.2546,18.87,69.6,20.35,105.11,6.513,180.17,0.7033,0.02553,0.008007,2.507,1.648,2.57,1.493,3.915,168.04,14.91,0.9495,1.648,0.5603,2.532,435.26,1.088,54.22,0.7775,11.02,2.48e-05,0.2262,3.05,1.343,2.404,0.2122,9.711,0.5006,8.886
2022-04-07T17:32:37,43641.32,3226.46,115.42,0.2544,18.87,69.6,20.32,104.9,6.515,179.71,0.7042,0.0255,0.008007,2.507,1.647,2.57,1.492,3.91,168.03,14.91,0.9536,1.646,0.5603,2.527,435.06,1.088,54.16,0.7772,11,2.478e-05,0.2262,3.046,1.343,2.401,0.212,9.709,0.5002,8.879
2022-04-07T17:33:07,43641.63,3225.6,115.37,0.2544,18.87,69.6,20.31,104.86,6.514,179.79,0.7042,0.02553,0.008007,2.507,1.647,2.57,1.492,3.912,168.04,14.91,0.9536,1.642,0.5603,2.527,434.83,1.087,54.12,0.7771,10.99,2.477e-05,0.2262,3.045,1.342,2.4,0.212,9.691,0.4994,8.879
2022-04-07T17:33:37,43652.71,3226.27,115.52,0.2542,18.76,69.5,20.31,104.83,6.507,179.99,0.7038,0.02558,0.008007,2.507,1.647,2.57,1.493,3.92,168.01,14.91,0.9513,1.642,0.5603,2.528,434.93,1.088,54.08,0.7772,11,2.476e-05,0.2262,3.044,1.342,2.403,0.2121,9.683,0.4992,8.878
2022-04-07T17:34:08,43643,3225.55,115.47,0.2541,18.71,69.5,20.31,104.77,6.503,179.83,0.705,0.02558,0.008007,2.507,1.647,2.57,1.492,3.92,167.88,14.91,0.9513,1.642,0.5713,2.528,434.95,1.088,54.02,0.7771,11,2.477e-05,0.2261,3.045,1.342,2.403,0.212,9.702,0.4993,8.873
2022-04-07T17:34:38,43640.17,3225.67,115.46,0.2541,18.71,69.5,20.31,104.69,6.518,179.78,0.705,0.02559,0.008007,2.509,1.647,2.57,1.491,3.92,167.89,14.91,0.9423,1.642,0.5713,2.528,434.99,1.088,54.02,0.7772,11,2.476e-05,0.2261,3.045,1.342,2.402,0.2121,9.698,0.4993,8.876
2022-04-07T17:35:08,43627.55,3225.46,115.46,0.2536,18.71,69.5,20.31,104.65,6.514,179.69,0.7055,0.02553,0.007984,2.509,1.647,2.57,1.492,3.918,168.01,14.91,0.9532,1.642,0.5713,2.528,434.98,1.087,54.06,0.7772,11,2.474e-05,0.2259,3.044,1.342,2.401,0.2121,9.697,0.4992,8.878
2022-04-07T17:35:39,43631.82,3226.46,115.52,0.2535,18.71,69.6,20.3,104.68,6.515,179.66,0.7049,0.02548,0.008021,2.509,1.647,2.57,1.492,3.918,168.04,14.91,0.9535,1.642,0.5713,2.528,434.95,1.087,54.06,0.7771,11,2.472e-05,0.2258,3.044,1.342,2.399,0.212,9.694,0.4992,8.878
2022-04-07T17:36:09,43634.22,3227.64,115.54,0.2534,18.65,69.5,20.29,104.7,6.513,179.68,0.7056,0.02551,0.008021,2.509,1.646,2.57,1.492,3.924,168.16,14.91,0.9453,1.642,0.5713,2.528,434.92,1.088,54.08,0.7772,11,2.473e-05,0.2258,3.043,1.342,2.401,0.212,9.682,0.4989,8.872
2022-04-07T17:36:39,43644.9,3228.35,115.7,0.2538,18.65,69.5,20.31,104.66,6.513,179.68,0.7068,0.02551,0.008021,2.509,1.646,2.57,1.492,3.925,168.22,14.9,0.9579,1.64,0.5713,2.531,435.06,1.088,54.09,0.7773,11,2.475e-05,0.2258,3.043,1.343,2.4,0.212,9.693,0.4993,8.872
2022-04-07T17:37:09,43641.05,3228.69,115.56,0.2535,18.65,69.5,20.31,104.54,6.513,179.65,0.7068,0.02552,0.008021,2.509,1.646,2.57,1.492,3.925,168.29,14.9,0.9579,1.64,0.5713,2.529,434.98,1.088,54.09,0.7772,11,2.474e-05,0.2258,3.042,1.344,2.4,0.2119,9.693,0.4993,8.876
2022-04-07T17:37:40,43615.57,3225.55,115.36,0.2531,18.65,69.5,20.3,104.52,6.518,179.46,0.7064,0.02549,0.008021,2.509,1.647,2.57,1.49,3.914,168.06,14.9,0.9579,1.64,0.5713,2.528,434.87,1.086,54.01,0.7766,10.98,2.47e-05,0.2256,3.039,1.343,2.398,0.2118,9.67,0.4997,8.865
2022-04-07T17:38:10,43624.26,3226.32,115.36,0.2531,18.65,69.6,20.3,104.61,6.519,179.61,0.7057,0.02549,0.008021,2.509,1.647,2.57,1.491,3.923,168.14,14.9,0.9579,1.64,0.5713,2.529,434.65,1.086,54.02,0.7766,10.98,2.471e-05,0.2256,3.039,1.342,2.397,0.2116,9.669,0.4995,8.863
2022-04-07T17:38:40,43623.43,3226.49,115.39,0.253,18.65,69.6,20.3,104.65,6.516,179.6,0.706,0.02549,0.008021,2.509,1.647,2.57,1.491,3.919,168.19,14.9,0.9402,1.637,0.5713,2.53,434.77,1.086,54.01,0.7766,10.99,2.471e-05,0.2256,3.04,1.342,2.396,0.2116,9.662,0.4996,8.867
2022-04-07T17:39:10,43609.83,3225.92,115.43,0.2529,18.62,69.6,20.3,104.63,6.515,179.57,0.7058,0.02555,0.008021,2.509,1.646,2.57,1.49,3.923,168.18,14.9,0.9402,1.637,0.5713,2.529,434.75,1.085,53.96,0.7766,10.99,2.47e-05,0.2256,3.039,1.342,2.396,0.2117,9.665,0.4994,8.862
2022-04-07T17:39:40,43618.76,3226.67,115.42,0.2529,18.62,69.6,20.3,104.64,6.514,179.59,0.706,0.02556,0.008021,2.509,1.646,2.57,1.491,3.92,168.18,14.89,0.9402,1.637,0.5713,2.531,434.82,1.085,53.98,0.7768,10.97,2.47e-05,0.2257,3.039,1.342,2.394,0.2117,9.659,0.4993,8.868
2022-04-07T17:40:10,43586.31,3224.73,115.23,0.253,18.6,69.6,20.28,104.57,6.513,179.38,0.7066,0.02552,0.008035,2.509,1.646,2.57,1.49,3.923,168.03,14.89,0.948,1.636,0.5713,2.527,434.73,1.085,53.95,0.7766,10.97,2.47e-05,0.2254,3.039,1.341,2.392,0.2115,9.65,0.4991,8.863
2022-04-07T17:40:40,43611.82,3226.1,115.38,0.2529,18.6,69.7,20.28,104.55,6.514,179.48,0.7066,0.0255,0.008035,2.509,1.646,2.57,1.49,3.923,167.92,14.89,0.9374,1.636,0.5713,2.527,434.51,1.085,53.98,0.7769,10.97,2.47e-05,0.2256,3.037,1.341,2.39,0.2116,9.656,0.4992,8.863
2022-04-07T17:41:10,43623.19,3226.65,115.5,0.2532,18.56,69.7,20.29,104.5,6.514,179.54,0.7063,0.02549,0.008024,2.509,1.645,2.57,1.491,3.919,167.99,14.89,0.9474,1.633,0.5713,2.53,434.57,1.086,53.99,0.7772,10.99,2.471e-05,0.2257,3.038,1.342,2.392,0.2115,9.662,0.499,8.867
2022-04-07T17:41:40,43601.65,3224.1,115.32,0.253,18.56,69.7,20.27,104.46,6.51,179.44,0.7063,0.02549,0.008024,2.507,1.644,2.57,1.49,3.912,167.97,14.89,0.9474,1.63,0.5713,2.528,434.39,1.087,53.99,0.777,10.98,2.471e-05,0.2257,3.035,1.341,2.392,0.2114,9.644,0.5006,8.87
2022-04-07T17:42:11,43586.59,3222.62,115.11,0.2525,18.56,69.2,20.3,104.39,6.509,179.13,0.7063,0.02548,0.008024,2.507,1.644,2.57,1.487,3.912,167.82,14.89,0.9474,1.626,0.5713,2.527,434.34,1.086,53.9,0.7766,10.97,2.469e-05,0.2253,3.033,1.34,2.39,0.2113,9.646,0.5001,8.863
2022-04-07T17:42:41,43577.28,3222.46,115.12,0.2526,18.56,69.1,20.3,104.3,6.511,179.14,0.706,0.02547,0.008024,2.507,1.644,2.57,1.487,3.902,167.59,14.89,0.9363,1.631,0.5713,2.523,434.02,1.085,53.87,0.7767,10.96,2.469e-05,0.2253,3.031,1.337,2.389,0.2111,9.633,0.4995,8.854
2022-04-07T17:43:11,43582.92,3222.38,115.13,0.2528,18.56,69.1,20.29,104.31,6.515,179.13,0.706,0.02547,0.008024,2.507,1.644,2.57,1.487,3.895,167.54,14.89,0.9455,1.631,0.5713,2.524,434.04,1.085,53.88,0.7765,10.95,2.469e-05,0.2253,3.031,1.337,2.389,0.2111,9.638,0.4991,8.853
2022-04-07T17:43:41,43585.55,3222.62,115.24,0.2528,18.53,69.4,20.29,104.34,6.514,179.06,0.7049,0.02547,0.008021,2.507,1.644,2.57,1.486,3.897,167.53,14.89,0.9455,1.631,0.5713,2.525,434.03,1.085,53.88,0.7766,10.95,2.47e-05,0.2253,3.032,1.338,2.389,0.2111,9.634,0.4988,8.857
2022-04-07T17:44:11,43593.54,3222.71,115.22,0.2528,18.53,69.4,20.29,104.37,6.512,179.1,0.7048,0.0255,0.008021,2.507,1.644,2.57,1.487,3.895,167.49,14.89,0.9455,1.63,0.5713,2.525,434.18,1.085,53.89,0.7766,10.96,2.47e-05,0.2253,3.032,1.338,2.388,0.2112,9.641,0.4976,8.86
2022-04-07T17:44:41,43585.33,3221.95,115.21,0.2528,18.53,69.4,20.29,104.32,6.512,179,0.7032,0.02543,0.008021,2.507,1.645,2.57,1.487,3.895,167.41,14.89,0.9396,1.63,0.5713,2.524,433.99,1.085,53.9,0.7766,10.96,2.47e-05,0.2253,3.03,1.337,2.388,0.2111,9.643,0.4979,8.86
2022-04-07T17:45:11,43579.38,3221.29,115.19,0.2524,18.53,69.4,20.27,104.27,6.497,179.03,0.7032,0.02543,0.008021,2.507,1.644,2.57,1.486,3.895,167.33,14.89,0.935,1.63,0.5713,2.524,434.01,1.085,53.88,0.7764,10.95,2.469e-05,0.2253,3.029,1.337,2.387,0.211,9.645,0.4975,8.859
2022-04-07T17:45:41,43587.52,3221.76,115.24,0.2525,18.53,69.3,20.28,104.3,6.478,179.1,0.7019,0.02543,0.008021,2.507,1.644,2.57,1.487,3.903,167.43,14.89,0.935,1.63,0.5713,2.525,433.98,1.085,53.88,0.7767,10.95,2.47e-05,0.2253,3.031,1.337,2.388,0.211,9.645,0.498,8.86
2022-04-07T17:46:12,43595.81,3223.12,115.3,0.253,18.56,69.3,20.29,104.32,6.48,179.27,0.7037,0.02546,0.008021,2.505,1.644,2.57,1.488,3.901,167.43,14.89,0.9268,1.63,0.5713,2.526,434.19,1.086,53.92,0.777,10.94,2.472e-05,0.2255,3.032,1.338,2.389,0.2111,9.699,0.498,8.868
2022-04-07T17:46:42,43612.61,3224.33,115.57,0.253,18.56,69.3,20.32,104.36,6.479,179.48,0.7017,0.02548,0.008021,2.505,1.644,2.57,1.488,3.906,167.48,14.88,0.9268,1.63,0.5713,2.528,434.52,1.086,53.99,0.7772,10.96,2.473e-05,0.2256,3.033,1.34,2.389,0.2112,9.718,0.4985,8.875
2022-04-07T17:47:12,43586.9,3220.52,115.33,0.2528,18.59,69.4,20.3,104.35,6.501,179.25,0.7026,0.02544,0.008021,2.505,1.645,2.57,1.488,3.899,167.31,14.88,0.9268,1.63,0.5713,2.526,434.25,1.085,53.97,0.7768,10.95,2.473e-05,0.2256,3.03,1.34,2.388,0.2111,9.699,0.498,8.872
2022-04-07T17:47:42,43540.89,3217.62,115.07,0.2519,18.59,69.2,20.28,104.14,6.497,178.9,0.7026,0.02537,0.008021,2.505,1.643,2.57,1.485,3.887,166.9,14.89,0.9268,1.63,0.5713,2.516,433.88,1.084,53.9,0.7761,10.93,2.471e-05,0.2247,3.024,1.335,2.383,0.2109,9.659,0.4975,8.854
2022-04-07T17:48:12,43524.49,3216,114.97,0.2516,18.51,69,20.26,104.09,6.488,178.66,0.7016,0.02533,0.008015,2.497,1.643,2.57,1.483,3.881,166.77,14.89,0.9268,1.629,0.5713,2.516,433.6,1.083,53.88,0.7757,10.92,2.467e-05,0.2247,3.02,1.334,2.381,0.2108,9.656,0.4976,8.846
2022-04-07T17:48:42,43532,3216.79,115.06,0.2516,18.51,69,20.25,104.09,6.488,178.64,0.702,0.02543,0.008015,2.497,1.642,2.57,1.484,3.88,166.83,14.89,0.9268,1.63,0.5713,2.516,433.67,1.084,53.86,0.7757,10.93,2.466e-05,0.2248,3.02,1.334,2.381,0.2107,9.652,0.4975,8.846
2022-04-07T17:49:12,43523.08,3215.76,114.94,0.2515,18.51,69.1,20.25,104.07,6.488,178.59,0.7014,0.02531,0.007984,2.497,1.642,2.57,1.484,3.88,166.83,14.89,0.9268,1.63,0.5713,2.516,433.68,1.083,53.81,0.7756,10.93,2.466e-05,0.2248,3.021,1.334,2.382,0.2107,9.648,0.4977,8.856
2022-04-07T17:49:42,43524.36,3217.11,115.22,0.2518,18.54,69.1,20.25,104.1,6.492,178.63,0.7001,0.0253,0.007984,2.497,1.642,2.57,1.485,3.88,166.82,14.89,0.9268,1.626,0.5713,2.516,433.79,1.083,53.82,0.776,10.93,2.467e-05,0.2248,3.022,1.335,2.382,0.2108,9.649,0.4978,8.844
2022-04-07T17:50:14,43526.49,3218,115.32,0.252,18.5,69.1,20.25,104.13,6.501,178.7,0.6993,0.02529,0.007984,2.497,1.642,2.57,1.486,3.88,166.83,14.89,0.9268,1.619,0.5713,2.518,433.81,1.083,53.81,0.776,10.93,2.467e-05,0.2251,3.024,1.336,2.384,0.2108,9.661,0.4978,8.826
2022-04-07T17:50:44,43540.99,3216.83,115.22,0.2521,18.5,69.1,20.25,104.17,6.506,178.72,0.6993,0.0253,0.007984,2.497,1.643,2.57,1.487,3.886,166.82,14.87,0.9268,1.623,0.5713,2.517,433.94,1.083,53.81,0.7761,10.92,2.468e-05,0.2251,3.024,1.336,2.382,0.2108,9.662,0.4978,8.831
2022-04-07T17:51:14,43546.96,3217.04,115.36,0.2523,18.5,69.1,20.25,104.22,6.509,178.95,0.6996,0.02531,0.007984,2.497,1.643,2.57,1.487,3.886,166.93,14.87,0.9268,1.621,0.5713,2.517,433.98,1.083,53.82,0.7762,10.92,2.468e-05,0.2251,3.024,1.338,2.384,0.2109,9.662,0.4978,8.829
2022-04-07T17:51:44,43541.3,3216.33,115.34,0.2523,18.5,69.1,20.25,104.19,6.503,178.9,0.6996,0.02529,0.007984,2.49,1.643,2.57,1.487,3.885,167.05,14.91,0.9268,1.624,0.5713,2.517,433.92,1.083,53.83,0.7763,10.92,2.468e-05,0.225,3.024,1.338,2.384,0.2109,9.657,0.4977,8.824
2022-04-07T17:52:14,43522.32,3215.74,115.17,0.2522,18.5,69.1,20.24,104.13,6.503,178.59,0.6996,0.02526,0.007979,2.49,1.643,2.57,1.486,3.885,166.92,14.91,0.9268,1.624,0.5713,2.515,433.77,1.082,53.79,0.7759,10.92,2.467e-05,0.225,3.024,1.337,2.383,0.2108,9.653,0.4976,8.826
2022-04-07T17:52:44,43526.71,3215.71,115.24,0.252,18.5,69.1,20.24,104.13,6.498,178.61,0.6996,0.02521,0.007979,2.49,1.643,2.57,1.486,3.886,166.87,14.91,0.9268,1.625,0.5713,2.516,433.64,1.083,53.79,0.776,10.92,2.467e-05,0.225,3.023,1.338,2.383,0.2108,9.65,0.4972,8.821
2022-04-07T17:53:14,43531.69,3215.94,115.25,0.2519,18.54,69.1,20.23,104.17,6.504,178.66,0.6989,0.0252,0.007991,2.487,1.643,2.57,1.487,3.886,166.88,14.91,0.9268,1.627,0.5713,2.517,433.74,1.082,53.79,0.7761,10.91,2.468e-05,0.225,3.024,1.338,2.384,0.2108,9.65,0.4974,8.817
2022-04-07T17:53:44,43539.81,3215.7,115.25,0.252,18.54,69.2,20.23,104.17,6.504,178.74,0.698,0.02519,0.007991,2.487,1.643,2.57,1.488,3.888,166.86,14.91,0.937,1.627,0.5713,2.517,433.74,1.083,53.78,0.7762,10.91,2.468e-05,0.225,3.024,1.338,2.385,0.2108,9.646,0.4976,8.817
2022-04-07T17:54:15,43552.56,3216.7,115.36,0.2524,18.54,69.2,20.24,104.17,6.501,178.82,0.6975,0.0252,0.007991,2.487,1.644,2.57,1.488,3.89,166.79,14.91,0.937,1.627,0.5713,2.519,433.87,1.083,53.79,0.7762,10.91,2.469e-05,0.2252,3.024,1.339,2.385,0.2108,9.651,0.4976,8.827
2022-04-07T17:54:45,43523.58,3214.92,115.17,0.2519,18.54,69.2,20.22,104.1,6.48,178.64,0.6975,0.02517,0.007991,2.488,1.643,2.57,1.486,3.883,166.66,14.86,0.9268,1.627,0.5713,2.516,433.56,1.082,53.74,0.7758,10.91,2.466e-05,0.2249,3.021,1.338,2.385,0.2107,9.641,0.498,8.821
2022-04-07T17:55:15,43545.81,3217.87,115.45,0.2522,18.54,69.1,20.23,104.16,6.49,178.85,0.6975,0.02522,0.007991,2.488,1.643,2.57,1.488,3.888,166.83,14.86,0.9268,1.632,0.5713,2.521,433.71,1.083,53.78,0.7766,10.91,2.469e-05,0.2252,3.024,1.339,2.386,0.2108,9.653,0.4982,8.827
2022-04-07T17:55:45,43568.89,3219.11,115.57,0.253,18.5,69.1,20.24,104.21,6.489,179.14,0.6975,0.02523,0.007996,2.488,1.643,2.57,1.49,3.896,166.99,14.86,0.9268,1.632,0.5713,2.523,434.24,1.084,53.81,0.7767,10.94,2.47e-05,0.2256,3.029,1.339,2.389,0.2107,9.664,0.4984,8.834
2022-04-07T17:56:16,43662.64,3225.84,115.88,0.2537,18.5,69.3,20.26,104.27,6.509,179.33,0.6981,0.02524,0.00802,2.488,1.643,2.57,1.493,3.905,167.18,14.86,0.9268,1.632,0.5713,2.526,434.68,1.085,53.92,0.7772,10.98,2.473e-05,0.2261,3.034,1.343,2.392,0.2109,9.673,0.499,8.841
2022-04-07T17:56:46,43676.86,3225.77,115.73,0.254,18.5,69.4,20.28,104.39,6.511,179.36,0.6986,0.02524,0.00802,2.488,1.646,2.58,1.494,3.913,167.27,14.86,0.9268,1.632,0.5713,2.528,435.07,1.085,53.96,0.7786,10.98,2.476e-05,0.2261,3.037,1.344,2.393,0.2112,9.683,0.5004,8.85
2022-04-07T17:57:16,43658.76,3225.43,115.73,0.2539,18.5,69.4,20.27,104.43,6.512,179.48,0.6986,0.02524,0.00802,2.488,1.645,2.58,1.493,3.898,167.3,14.86,0.9268,1.635,0.5713,2.528,434.94,1.085,53.96,0.7785,10.98,2.474e-05,0.226,3.035,1.343,2.392,0.2111,9.671,0.5005,8.847
2022-04-07T17:57:46,43649.61,3222.4,115.54,0.2532,18.5,69.4,20.27,104.38,6.512,179.45,0.6996,0.02523,0.00802,2.489,1.645,2.58,1.492,3.902,167.29,14.98,0.939,1.635,0.5713,2.527,434.78,1.085,53.95,0.7782,10.97,2.474e-05,0.226,3.033,1.343,2.391,0.2111,9.673,0.5008,8.847
2022-04-07T17:58:16,43631.9,3222.55,115.59,0.2533,18.5,69.4,20.27,104.37,6.512,179.55,0.6986,0.02524,0.00802,2.489,1.647,2.58,1.492,3.905,167.18,14.98,0.939,1.642,0.5713,2.529,434.71,1.085,53.92,0.7783,10.95,2.474e-05,0.2258,3.034,1.343,2.393,0.2111,9.668,0.5008,8.848
2022-04-07T17:58:46,43634.74,3223.55,115.61,0.2534,18.5,69.4,20.27,104.41,6.514,179.62,0.6986,0.02522,0.00802,2.489,1.647,2.58,1.492,3.902,167.23,14.98,0.9268,1.644,0.5713,2.528,434.8,1.085,53.89,0.7784,10.96,2.475e-05,0.226,3.035,1.343,2.394,0.2112,9.666,0.5009,8.849
2022-04-07T17:59:16,43632.67,3222.98,115.72,0.2534,18.52,69.4,20.27,104.39,6.509,179.59,0.699,0.02522,0.00804,2.489,1.647,2.58,1.492,3.909,167.24,14.98,0.9433,1.644,0.5713,2.528,434.8,1.085,53.91,0.7784,10.96,2.474e-05,0.226,3.036,1.344,2.395,0.2111,9.66,0.5009,8.849
2022-04-07T17:59:47,43644.11,3224.27,115.84,0.2534,18.5,69.4,20.27,104.45,6.508,179.63,0.699,0.02523,0.008031,2.489,1.647,2.58,1.492,3.909,167.28,14.98,0.9433,1.643,0.5713,2.529,434.9,1.085,53.94,0.7788,10.97,2.476e-05,0.226,3.039,1.344,2.396,0.2111,9.66,0.5008,8.849
2022-04-07T18:00:17,43669.8,3224.5,115.93,0.2535,18.52,69.4,20.27,104.56,6.508,179.61,0.699,0.02526,0.008059,2.489,1.647,2.58,1.492,3.909,167.58,14.98,0.9433,1.642,0.5713,2.533,435.16,1.086,53.97,0.7789,10.97,2.477e-05,0.226,3.04,1.344,2.397,0.2113,9.646,0.5006,8.854
2022-04-07T18:00:47,43682.43,3227.56,116.05,0.2541,18.52,69.4,20.29,104.57,6.509,179.52,0.699,0.02528,0.008059,2.49,1.648,2.58,1.494,3.909,167.65,14.98,0.9274,1.643,0.5713,2.534,435.4,1.085,53.98,0.7795,10.97,2.479e-05,0.226,3.04,1.345,2.397,0.2113,9.652,0.5006,8.865
2022-04-07T18:01:17,43670.39,3227.39,115.99,0.2543,18.52,69.4,20.29,104.7,6.512,179.55,0.699,0.0253,0.008058,2.49,1.649,2.58,1.494,3.914,167.79,14.98,0.9274,1.645,0.5713,2.533,435.4,1.085,54.05,0.7797,10.99,2.479e-05,0.2266,3.04,1.345,2.398,0.2113,9.669,0.5015,8.867
2022-04-07T18:01:47,43673,3227.16,115.9,0.2543,18.52,69.4,20.28,104.66,6.512,179.48,0.699,0.02528,0.008058,2.49,1.648,2.58,1.493,3.918,167.76,14.98,0.9274,1.648,0.5713,2.533,435.65,1.085,54.06,0.7796,10.98,2.477e-05,0.2264,3.041,1.345,2.397,0.2114,9.661,0.5012,8.862
2022-04-07T18:02:17,43679.69,3227.75,115.97,0.2543,18.52,69.4,20.28,104.66,6.512,179.34,0.6989,0.02532,0.008058,2.497,1.648,2.58,1.493,3.918,167.83,14.98,0.9359,1.649,0.5713,2.533,435.71,1.085,54.09,0.7798,10.98,2.479e-05,0.2264,3.041,1.345,2.398,0.2115,9.66,0.5012,8.867
2022-04-07T18:02:47,43675.92,3227.52,115.88,0.2546,18.52,69.4,20.28,104.66,6.513,179.3,0.6989,0.02539,0.008058,2.497,1.649,2.58,1.493,3.92,167.87,14.96,0.927,1.647,0.5713,2.533,435.59,1.086,54.1,0.7798,10.98,2.479e-05,0.2267,3.043,1.346,2.398,0.2114,9.669,0.5005,8.868
2022-04-07T18:03:18,43686.13,3229.71,115.91,0.2545,18.5,69.4,20.29,104.66,6.513,179.37,0.6992,0.02545,0.008058,2.497,1.649,2.58,1.495,3.922,167.82,14.96,0.927,1.661,0.5713,2.534,435.78,1.086,54.11,0.7799,10.98,2.48e-05,0.2269,3.044,1.345,2.399,0.2114,9.67,0.5001,8.863
2022-04-07T18:03:48,43672.95,3227.1,115.89,0.2546,18.5,69.4,20.28,104.59,6.513,179.28,0.699,0.02549,0.008039,2.497,1.649,2.58,1.493,3.922,167.78,14.94,0.927,1.667,0.5713,2.533,435.63,1.085,54.1,0.7796,10.98,2.48e-05,0.2267,3.043,1.345,2.4,0.2114,9.672,0.4993,8.855
2022-04-07T18:04:18,43649.74,3226.38,115.69,0.2545,18.5,69.4,20.27,104.56,6.505,179.17,0.6994,0.0255,0.008046,2.497,1.648,2.58,1.492,3.918,167.59,14.94,0.927,1.664,0.5713,2.53,435.34,1.085,54.09,0.7793,10.97,2.477e-05,0.2267,3.039,1.343,2.398,0.2114,9.666,0.4988,8.843
2022-04-07T18:04:48,43652.48,3225.44,115.71,0.2541,18.5,69.2,20.28,104.5,6.504,179.2,0.6994,0.02551,0.008046,2.497,1.647,2.58,1.493,3.921,167.52,14.94,0.9334,1.671,0.5713,2.527,435.26,1.084,54.09,0.7797,10.96,2.476e-05,0.2265,3.041,1.343,2.397,0.2113,9.652,0.4987,8.841
2022-04-07T18:05:18,43666.83,3225.9,115.83,0.2544,18.5,69.2,20.28,104.52,6.501,179.31,0.6998,0.02552,0.008046,2.497,1.647,2.58,1.493,3.925,167.54,14.94,0.9334,1.679,0.5713,2.529,435.39,1.084,54.08,0.7799,10.98,2.476e-05,0.2265,3.042,1.344,2.398,0.2113,9.641,0.4995,8.84
2022-04-07T18:05:48,43673.47,3226.26,115.88,0.2544,18.5,69.2,20.28,104.53,6.501,179.41,0.6998,0.02553,0.008046,2.497,1.647,2.58,1.494,3.925,167.68,14.94,0.9334,1.679,0.5713,2.53,435.48,1.084,54.09,0.7802,10.98,2.479e-05,0.2265,3.042,1.343,2.398,0.2113,9.645,0.4993,8.841
2022-04-07T18:06:18,43641.87,3224.39,115.92,0.254,18.52,69.2,20.27,104.48,6.505,179.32,0.6992,0.02547,0.008046,2.497,1.647,2.58,1.493,3.921,167.55,14.94,0.926,1.677,0.5713,2.528,435.41,1.083,54.06,0.7799,10.98,2.478e-05,0.2265,3.041,1.342,2.397,0.2112,9.642,0.499,8.84
2022-04-07T18:06:48,43643.76,3224.1,115.93,0.254,18.52,69.2,20.27,104.42,6.499,179.31,0.6992,0.02553,0.008046,2.497,1.646,2.58,1.491,3.921,167.52,14.94,0.9334,1.679,0.5713,2.526,435.25,1.082,54.05,0.7797,10.98,2.477e-05,0.2265,3.041,1.342,2.396,0.2112,9.647,0.499,8.835
2022-04-07T18:07:18,43652.73,3223.98,115.95,0.2538,18.5,69.3,20.27,104.43,6.497,179.34,0.6991,0.02555,0.008048,2.497,1.647,2.58,1.492,3.923,167.54,14.94,0.9536,1.683,0.5713,2.527,435.39,1.082,54.06,0.7798,10.98,2.478e-05,0.2265,3.041,1.342,2.397,0.2112,9.646,0.4992,8.839
2022-04-07T18:07:49,43648.41,3223.78,116.04,0.2536,18.5,69.3,20.27,104.35,6.504,179.38,0.6986,0.02556,0.008048,2.497,1.647,2.58,1.492,3.923,167.5,14.94,0.9536,1.683,0.5713,2.527,435.31,1.082,54.04,0.7797,10.97,2.477e-05,0.2265,3.04,1.342,2.397,0.2111,9.639,0.4989,8.84
2022-04-07T18:08:19,43655.99,3224.54,116.23,0.2538,18.5,69.3,20.28,104.34,6.508,179.4,0.6999,0.02556,0.008048,2.497,1.647,2.58,1.493,3.924,167.71,14.94,0.9536,1.68,0.5713,2.527,435.39,1.082,54.06,0.78,10.97,2.478e-05,0.2265,3.041,1.342,2.397,0.2111,9.639,0.499,8.846
2022-04-07T18:08:49,43646.91,3224.18,116.11,0.2539,18.5,69.3,20.28,104.29,6.509,179.42,0.6999,0.02555,0.008048,2.497,1.647,2.58,1.493,3.92,167.75,14.96,0.9342,1.68,0.5713,2.527,435.38,1.082,54.06,0.7798,10.97,2.478e-05,0.2265,3.04,1.342,2.397,0.2111,9.611,0.4987,8.841
2022-04-07T18:09:19,43663.43,3224.08,116.17,0.254,18.5,69.3,20.28,104.33,6.513,179.43,0.7002,0.02553,0.008048,2.497,1.646,2.58,1.493,3.922,167.92,14.96,0.9342,1.68,0.5713,2.53,435.55,1.083,54.06,0.78,10.98,2.478e-05,0.2265,3.042,1.343,2.398,0.2112,9.607,0.4989,8.847
2022-04-07T18:09:49,43677.06,3225.54,116.59,0.2543,18.52,69.3,20.29,104.39,6.516,179.61,0.7002,0.02555,0.008037,2.497,1.646,2.58,1.493,3.926,168.05,14.96,0.9342,1.675,0.5713,2.533,435.71,1.083,54.08,0.7801,10.97,2.48e-05,0.2265,3.044,1.344,2.4,0.2112,9.613,0.4992,8.847
2022-04-07T18:10:19,43676.14,3225.92,116.48,0.2542,18.52,69.3,20.3,104.43,6.516,179.66,0.7002,0.02555,0.008037,2.497,1.647,2.58,1.494,3.931,168.07,14.96,0.9342,1.672,0.5713,2.535,435.78,1.084,54.1,0.7803,10.97,2.48e-05,0.2268,3.044,1.344,2.4,0.2113,9.627,0.4993,8.846
2022-04-07T18:10:49,43677.77,3226.42,116.49,0.2545,18.52,69.4,20.3,104.42,6.51,179.68,0.7002,0.02556,0.008037,2.497,1.646,2.58,1.494,3.927,168.06,14.96,0.9414,1.668,0.5713,2.536,435.64,1.083,54.11,0.7803,10.97,2.48e-05,0.2268,3.046,1.344,2.401,0.2113,9.634,0.499,8.843
2022-04-07T18:11:19,43684.08,3226.48,116.49,0.2545,18.52,69.5,20.31,104.44,6.517,179.7,0.7002,0.02556,0.008062,2.496,1.648,2.58,1.495,3.93,168.01,14.96,0.9415,1.664,0.5713,2.536,435.71,1.084,54.14,0.7803,10.97,2.481e-05,0.2268,3.047,1.345,2.401,0.2113,9.648,0.4993,8.842
2022-04-07T18:11:49,43673.43,3225.76,116.47,0.2543,18.52,69.5,20.29,104.42,6.509,179.53,0.7011,0.02556,0.008061,2.494,1.647,2.58,1.495,3.929,167.92,14.99,0.9415,1.654,0.5713,2.536,435.61,1.083,54.12,0.7802,10.97,2.477e-05,0.2268,3.045,1.343,2.401,0.2113,9.652,0.499,8.843
2022-04-07T18:12:20,43666.75,3225.15,116.43,0.2543,18.52,69.6,20.3,104.36,6.5,179.53,0.7011,0.02556,0.008061,2.494,1.647,2.58,1.494,3.925,167.88,14.99,0.9415,1.654,0.5713,2.537,435.5,1.084,54.14,0.7801,10.97,2.477e-05,0.2266,3.046,1.343,2.399,0.2113,9.649,0.4989,8.847
2022-04-07T18:12:50,43658.7,3224.74,116.39,0.2541,18.52,69.6,20.3,104.27,6.5,179.5,0.7011,0.02553,0.008061,2.494,1.647,2.58,1.494,3.925,167.86,14.98,0.9274,1.658,0.5713,2.535,435.5,1.084,54.12,0.78,10.98,2.478e-05,0.2266,3.045,1.342,2.398,0.2112,9.648,0.4986,8.848
2022-04-07T18:13:20,43665.79,3225.84,116.42,0.2543,18.52,69.6,20.31,104.3,6.505,179.82,0.7011,0.02555,0.008061,2.494,1.647,2.58,1.496,3.932,167.94,14.98,0.94,1.658,0.5713,2.535,436.35,1.084,54.17,0.7804,10.98,2.481e-05,0.2271,3.047,1.344,2.401,0.2112,9.662,0.4994,8.849
2022-04-07T18:13:50,43678.76,3225.84,116.56,0.2544,18.52,69.6,20.33,104.27,6.507,179.82,0.7011,0.02554,0.008061,2.494,1.648,2.58,1.496,3.93,168.2,14.93,0.94,1.66,0.5713,2.536,436.33,1.084,54.19,0.7804,10.99,2.48e-05,0.227,3.047,1.344,2.402,0.2113,9.653,0.4994,8.858
2022-04-07T18:14:20,43682.07,3226.17,116.6,0.2544,18.52,69.6,20.35,104.27,6.508,179.74,0.7008,0.02555,0.008061,2.498,1.648,2.58,1.496,3.93,168.36,14.93,0.94,1.66,0.5713,2.538,436.47,1.085,54.23,0.7805,11,2.479e-05,0.227,3.049,1.345,2.402,0.2113,9.655,0.5007,8.86
2022-04-07T18:14:50,43669.65,3225.8,116.55,0.2545,18.52,69.6,20.34,104.21,6.511,179.72,0.7008,0.02554,0.008061,2.497,1.648,2.58,1.495,3.93,168.29,14.93,0.936,1.66,0.5713,2.538,436.79,1.085,54.2,0.7805,11.01,2.48e-05,0.227,3.048,1.344,2.402,0.2113,9.655,0.5005,8.86
2022-04-07T18:15:20,43672.81,3225.72,116.58,0.2548,18.52,69.6,20.34,104.17,6.508,179.73,0.7051,0.02558,0.008061,2.497,1.648,2.58,1.497,3.93,168.29,14.93,0.9526,1.66,0.5713,2.536,436.82,1.085,54.21,0.7804,11.01,2.48e-05,0.227,3.048,1.344,2.402,0.2113,9.664,0.5009,8.862
2022-04-07T18:15:50,43660.78,3224.3,116.57,0.2544,18.52,69.7,20.34,104.17,6.508,179.66,0.705,0.02556,0.008061,2.497,1.648,2.58,1.496,3.926,168.23,14.93,0.9526,1.66,0.5713,2.536,436.81,1.085,54.19,0.7801,11.01,2.48e-05,0.227,3.048,1.344,2.402,0.2113,9.667,0.5009,8.862
2022-04-07T18:16:20,43645.4,3224.02,116.6,0.2544,18.8,69.6,20.34,104.19,6.509,179.66,0.7064,0.02557,0.008061,2.497,1.648,2.58,1.497,3.922,168.26,14.93,0.9526,1.658,0.5713,2.534,436.77,1.085,54.17,0.78,11.01,2.479e-05,0.227,3.048,1.344,2.402,0.2107,9.664,0.5009,8.865
2022-04-07T18:16:50,43658.73,3224.54,116.64,0.255,18.8,69.5,20.35,104.22,6.514,179.61,0.7064,0.02557,0.008061,2.497,1.647,2.58,1.496,3.922,168.26,14.93,0.9514,1.657,0.5713,2.533,436.77,1.085,54.18,0.78,10.99,2.479e-05,0.2269,3.049,1.344,2.402,0.2107,9.668,0.5012,8.869
2022-04-07T18:17:21,43669.25,3225.06,116.78,0.2555,18.82,69.6,20.35,104.24,6.521,179.73,0.7064,0.02556,0.008042,2.497,1.647,2.58,1.498,3.922,168.44,14.93,0.9514,1.657,0.5713,2.535,436.78,1.085,54.23,0.7804,10.99,2.479e-05,0.2269,3.05,1.345,2.404,0.2108,9.691,0.5018,8.872
2022-04-07T18:17:51,43678.35,3227.14,116.86,0.2556,18.82,69.7,20.37,104.42,6.518,179.77,0.7064,0.02559,0.008042,2.498,1.648,2.58,1.499,3.919,168.52,14.93,0.9584,1.657,0.5713,2.535,437.08,1.086,54.25,0.7805,11,2.48e-05,0.2277,3.051,1.346,2.405,0.2108,9.695,0.502,8.873
2022-04-07T18:18:21,43668.99,3226,116.81,0.2554,18.82,69.6,20.36,104.4,6.515,179.78,0.7064,0.02557,0.008031,2.498,1.649,2.58,1.499,3.922,168.43,14.93,0.9553,1.654,0.5713,2.535,437.03,1.086,54.26,0.7805,11,2.48e-05,0.2276,3.053,1.345,2.404,0.2108,9.7,0.502,8.874
2022-04-07T18:18:51,43651.48,3224.87,116.84,0.2554,18.82,69.7,20.36,104.32,6.514,179.74,0.7064,0.02556,0.008031,2.499,1.649,2.58,1.498,3.922,168.27,14.93,0.9597,1.647,0.555,2.534,436.71,1.085,54.25,0.7805,11,2.479e-05,0.2278,3.053,1.345,2.405,0.2107,9.709,0.5023,8.873
2022-04-07T18:19:21,43649.05,3224.91,116.88,0.2553,18.82,69.6,20.37,104.3,6.514,179.72,0.7048,0.02556,0.008044,2.498,1.649,2.58,1.497,3.919,168.25,14.93,0.9597,1.649,0.555,2.535,436.55,1.085,54.24,0.7804,11,2.478e-05,0.2278,3.052,1.344,2.405,0.2107,9.712,0.5026,8.877
2022-04-07T18:19:51,43651.36,3225.58,116.9,0.2555,18.83,69.7,20.37,104.31,6.512,179.82,0.705,0.02556,0.008044,2.498,1.649,2.58,1.498,3.92,168.34,14.93,0.9596,1.648,0.555,2.534,436.54,1.085,54.26,0.7805,10.98,2.478e-05,0.2278,3.054,1.344,2.405,0.2107,9.726,0.5031,8.879
2022-04-07T18:20:21,43660.58,3226.46,116.94,0.2557,18.83,69.7,20.39,104.27,6.512,179.88,0.7048,0.0256,0.008044,2.496,1.65,2.58,1.498,3.923,168.3,14.93,0.946,1.647,0.555,2.537,436.7,1.086,54.3,0.7809,10.98,2.479e-05,0.2279,3.055,1.345,2.406,0.2108,9.725,0.5036,8.872
2022-04-07T18:20:52,43671.18,3227.59,117,0.2557,18.83,69.8,20.39,104.27,6.517,179.86,0.7048,0.02564,0.008044,2.496,1.65,2.58,1.499,3.921,168.33,14.93,0.946,1.646,0.555,2.537,436.96,1.087,54.3,0.7811,10.98,2.48e-05,0.2279,3.055,1.345,2.406,0.2108,9.74,0.5036,8.883
2022-04-07T18:21:22,43672.44,3227.83,116.96,0.2557,18.85,69.8,20.38,104.31,6.517,179.84,0.7048,0.02568,0.008044,2.499,1.65,2.58,1.498,3.921,168.36,14.93,0.955,1.646,0.555,2.538,436.97,1.087,54.3,0.781,10.98,2.48e-05,0.2279,3.055,1.346,2.407,0.2108,9.75,0.5037,8.886
2022-04-07T18:21:52,43674.96,3228.39,117.04,0.256,18.85,69.8,20.39,104.33,6.515,179.89,0.7059,0.02571,0.008046,2.502,1.649,2.58,1.498,3.919,168.47,14.93,0.955,1.646,0.555,2.536,436.99,1.088,54.3,0.781,10.99,2.479e-05,0.2276,3.056,1.347,2.407,0.2109,9.783,0.5036,8.886
2022-04-07T18:22:22,43665.55,3228.52,116.91,0.2576,18.85,69.8,20.39,104.29,6.522,179.92,0.706,0.02565,0.008032,2.504,1.65,2.58,1.499,3.919,168.52,14.93,0.9478,1.65,0.555,2.536,436.95,1.088,54.3,0.7808,10.99,2.48e-05,0.2281,3.057,1.346,2.407,0.2109,9.801,0.5032,8.887
2022-04-07T18:22:52,43669.16,3228.72,116.92,0.2574,18.85,69.9,20.39,104.29,6.52,179.94,0.706,0.02573,0.008032,2.502,1.65,2.58,1.499,3.921,168.61,14.93,0.9478,1.65,0.555,2.538,436.97,1.088,54.3,0.7809,10.99,2.483e-05,0.2283,3.058,1.347,2.409,0.2111,9.824,0.5033,8.882
2022-04-07T18:23:22,43674.41,3229.01,116.9,0.2575,18.85,69.7,20.39,104.33,6.52,180.08,0.706,0.02573,0.008032,2.506,1.648,2.58,1.499,3.921,168.64,14.93,0.9549,1.646,0.555,2.539,437.12,1.088,54.3,0.781,10.99,2.482e-05,0.2284,3.06,1.348,2.411,0.2111,9.837,0.5032,8.885
2022-04-07T18:23:52,43683.51,3229.93,116.91,0.2575,18.85,69.8,20.4,104.36,6.521,180.09,0.706,0.02572,0.008032,2.507,1.648,2.58,1.499,3.921,168.71,14.93,0.9549,1.652,0.555,2.541,437.11,1.088,54.32,0.7811,10.99,2.484e-05,0.2285,3.062,1.348,2.412,0.2111,9.849,0.5035,8.888
2022-04-07T18:24:22,43686.83,3229.3,116.75,0.2581,18.85,69.8,20.4,104.38,6.52,180.08,0.706,0.02573,0.008032,2.508,1.648,2.58,1.499,3.939,168.71,14.93,0.9549,1.652,0.555,2.54,437.31,1.088,54.35,0.7812,10.99,2.485e-05,0.2285,3.066,1.348,2.413,0.2112,9.849,0.503,8.894
2022-04-07T18:24:53,43684.1,3229.28,116.86,0.2585,18.85,69.8,20.41,104.4,6.518,180.15,0.706,0.02572,0.008032,2.514,1.651,2.58,1.501,3.952,168.87,14.93,0.9486,1.652,0.555,2.542,437.24,1.088,54.35,0.7813,10.99,2.485e-05,0.2286,3.067,1.349,2.412,0.2113,9.851,0.503,8.891
2022-04-07T18:25:23,43719.9,3230.67,116.99,0.2586,18.85,69.9,20.42,104.45,6.52,180.26,0.7078,0.02572,0.00807,2.514,1.651,2.58,1.501,3.955,168.89,14.93,0.9498,1.653,0.555,2.543,437.37,1.089,54.39,0.7814,11,2.485e-05,0.2288,3.068,1.35,2.414,0.2115,9.851,0.5025,8.898
2022-04-07T18:25:53,43767.23,3233.55,117.05,0.2587,18.85,70,20.43,104.55,6.527,180.39,0.7081,0.02573,0.0081,2.519,1.652,2.58,1.502,3.957,169.05,14.93,0.9498,1.657,0.555,2.545,438.13,1.09,54.41,0.7824,11.03,2.486e-05,0.2292,3.072,1.351,2.419,0.2118,9.835,0.5025,8.901
2022-04-07T18:26:23,43795.77,3234.1,117.41,0.2595,18.85,70.1,20.43,104.71,6.541,180.29,0.7099,0.02572,0.008093,2.523,1.654,2.59,1.503,3.959,168.99,14.93,0.9469,1.659,0.555,2.545,438.24,1.09,54.5,0.7828,11.06,2.488e-05,0.2293,3.072,1.352,2.418,0.212,9.822,0.503,8.905
2022-04-07T18:26:53,43777.91,3234.94,117.34,0.2597,18.85,70.1,20.43,104.72,6.543,180.3,0.7098,0.02571,0.008093,2.524,1.654,2.59,1.503,3.96,168.92,14.93,0.9469,1.659,0.555,2.544,438.14,1.09,54.49,0.7829,11.05,2.489e-05,0.2286,3.072,1.351,2.418,0.2119,9.845,0.503,8.908
2022-04-07T18:27:23,43768.98,3235.93,117.43,0.2596,18.85,70.2,20.43,104.77,6.537,180.45,0.7113,0.02571,0.008093,2.523,1.655,2.59,1.502,3.96,168.97,14.93,0.9469,1.66,0.555,2.544,438.12,1.091,54.49,0.7831,11.05,2.489e-05,0.2285,3.073,1.351,2.418,0.2119,9.849,0.5032,8.908
2022-04-07T18:27:53,43736.45,3234.33,117.22,0.2591,18.82,70.1,20.43,104.79,6.541,180.41,0.7105,0.02571,0.008093,2.521,1.654,2.59,1.502,3.957,169.01,14.93,0.9469,1.66,0.555,2.545,438.03,1.09,54.47,0.7828,11.03,2.487e-05,0.2283,3.071,1.351,2.417,0.2119,9.857,0.503,8.908
2022-04-07T18:28:23,43737.35,3233.72,117.2,0.2592,18.82,70.1,20.44,104.79,6.543,180.42,0.711,0.02571,0.008093,2.523,1.654,2.59,1.501,3.954,168.99,14.93,0.9376,1.682,0.555,2.544,437.92,1.09,54.48,0.7826,11.03,2.486e-05,0.2287,3.071,1.351,2.416,0.2119,9.854,0.5032,8.886
2022-04-07T18:28:53,43733.27,3232.85,117.23,0.2593,18.82,70.1,20.44,104.79,6.543,180.47,0.711,0.02571,0.008093,2.522,1.654,2.59,1.501,3.949,169,14.97,0.9376,1.675,0.555,2.545,437.94,1.091,54.47,0.7826,11.05,2.486e-05,0.2287,3.071,1.351,2.416,0.2119,9.861,0.5034,8.888
2022-04-07T18:29:24,43708.39,3231.1,117.21,0.2592,18.82,70.1,20.43,104.81,6.542,180.51,0.7121,0.02572,0.00809,2.52,1.654,2.59,1.501,3.949,168.94,14.97,0.9376,1.678,0.555,2.541,437.87,1.091,54.46,0.7825,11.04,2.487e-05,0.2287,3.069,1.35,2.413,0.2119,9.822,0.5033,8.892
2022-04-07T18:29:54,43667.19,3229.21,116.95,0.2586,18.82,69.9,20.4,104.79,6.535,180.27,0.7117,0.02569,0.008078,2.52,1.654,2.59,1.499,3.949,168.81,14.97,0.9376,1.678,0.555,2.54,437.41,1.09,54.42,0.7818,11.04,2.485e-05,0.2284,3.065,1.35,2.412,0.2119,9.824,0.5031,8.89
2022-04-07T18:30:24,43663.42,3228.49,116.87,0.2586,18.8,69.9,20.38,104.75,6.527,180.21,0.7101,0.02569,0.008078,2.522,1.654,2.59,1.499,3.945,168.74,14.97,0.9457,1.678,0.555,2.539,437.26,1.089,54.36,0.7815,11.04,2.483e-05,0.2284,3.065,1.347,2.411,0.2118,9.8,0.503,8.884
2022-04-07T18:30:54,43664.76,3229.7,116.86,0.2586,18.8,69.9,20.38,104.62,6.528,180.36,0.7098,0.02571,0.008078,2.519,1.654,2.59,1.499,3.942,168.7,14.97,0.9457,1.677,0.555,2.539,437.1,1.089,54.35,0.7814,11.04,2.483e-05,0.2284,3.064,1.347,2.41,0.2119,9.801,0.5026,8.88
2022-04-07T18:31:24,43652.26,3229.25,116.93,0.2585,18.8,70,20.37,104.55,6.525,180.42,0.7095,0.02569,0.008078,2.52,1.654,2.58,1.498,3.943,168.69,14.97,0.9457,1.674,0.555,2.539,437.03,1.089,54.33,0.7814,11,2.483e-05,0.2284,3.063,1.346,2.41,0.2119,9.797,0.5019,8.878
2022-04-07T18:31:54,43633.23,3228.53,116.65,0.2572,18.8,69.8,20.37,104.43,6.522,180.13,0.7091,0.02569,0.008078,2.521,1.654,2.58,1.498,3.933,168.56,14.97,0.9457,1.672,0.555,2.535,436.78,1.088,54.28,0.781,10.98,2.479e-05,0.2279,3.058,1.346,2.408,0.2117,9.788,0.5014,8.866
2022-04-07T18:32:24,43625.27,3226.4,116.6,0.2571,18.8,69.9,20.37,104.34,6.518,180.05,0.7098,0.0257,0.008068,2.52,1.653,2.58,1.498,3.929,168.35,14.97,0.936,1.668,0.555,2.533,436.57,1.088,54.25,0.7806,10.99,2.478e-05,0.2276,3.056,1.345,2.405,0.2117,9.788,0.5012,8.866
2022-04-07T18:32:54,43612.21,3227.35,116.67,0.2573,18.8,69.8,20.37,104.28,6.513,180.04,0.7098,0.02567,0.008068,2.52,1.653,2.58,1.498,3.925,168.44,14.97,0.936,1.667,0.584,2.533,436.59,1.088,54.24,0.7809,10.98,2.478e-05,0.2276,3.056,1.345,2.406,0.2117,9.789,0.5005,8.862
2022-04-07T18:33:24,43586.32,3224.91,116.58,0.2572,18.8,69.8,20.35,104.22,6.514,179.66,0.7084,0.02563,0.008068,2.52,1.652,2.58,1.498,3.92,168.43,14.97,0.936,1.666,0.5871,2.53,436.23,1.088,54.23,0.7807,10.96,2.478e-05,0.2277,3.055,1.344,2.406,0.2117,9.783,0.5005,8.861
2022-04-07T18:33:55,43580.1,3224.56,116.55,0.2572,18.8,69.8,20.35,104.18,6.518,179.59,0.7078,0.02562,0.008068,2.518,1.651,2.57,1.498,3.919,168.3,14.97,0.9459,1.665,0.5964,2.529,436.06,1.088,54.21,0.7803,10.96,2.475e-05,0.2273,3.052,1.344,2.404,0.2116,9.782,0.5002,8.86
2022-04-07T18:34:25,43615.92,3226.22,116.69,0.2574,18.8,69.8,20.37,104.23,6.513,179.7,0.7078,0.02564,0.008068,2.522,1.651,2.57,1.498,3.922,168.26,14.97,0.9459,1.665,0.6004,2.532,436.13,1.088,54.21,0.7805,10.97,2.477e-05,0.2275,3.056,1.345,2.405,0.2118,9.782,0.4998,8.861
2022-04-07T18:34:55,43609.96,3226.43,116.73,0.2577,18.8,69.8,20.37,104.22,6.51,179.7,0.7078,0.02564,0.008068,2.521,1.652,2.57,1.499,3.926,168.23,14.97,0.936,1.665,0.5934,2.532,436.37,1.088,54.22,0.7806,10.97,2.478e-05,0.2275,3.055,1.345,2.406,0.2118,9.778,0.4999,8.861
2022-04-07T18:35:25,43615.67,3226.77,116.65,0.2574,18.85,69.8,20.36,104.23,6.521,179.66,0.7078,0.02562,0.008062,2.521,1.652,2.57,1.498,3.916,168.2,14.97,0.936,1.663,0.5934,2.531,436.67,1.088,54.23,0.7807,10.97,2.478e-05,0.2273,3.053,1.345,2.406,0.2117,9.792,0.4998,8.857
2022-04-07T18:35:55,43619.08,3226.75,116.66,0.2574,18.85,69.8,20.36,104.16,6.511,179.68,0.7076,0.02562,0.008062,2.521,1.651,2.57,1.499,3.92,168.24,14.97,0.936,1.662,0.5934,2.53,436.82,1.089,54.23,0.7808,10.97,2.477e-05,0.2273,3.052,1.345,2.405,0.2118,9.807,0.4996,8.859
2022-04-07T18:36:25,43610.05,3226.39,116.79,0.2574,18.91,69.8,20.37,104.14,6.506,179.65,0.7096,0.02563,0.008062,2.522,1.651,2.57,1.497,3.922,168.16,14.97,0.936,1.658,0.5934,2.53,436.78,1.088,54.22,0.7808,10.97,2.477e-05,0.2273,3.052,1.345,2.405,0.2118,9.811,0.4996,8.859
2022-04-07T18:36:55,43605.83,3226.53,116.84,0.2576,18.91,69.8,20.37,104.12,6.506,179.72,0.7096,0.02563,0.008062,2.522,1.651,2.57,1.499,3.922,168.17,14.95,0.936,1.655,0.5875,2.53,436.9,1.089,54.21,0.7808,10.97,2.478e-05,0.2273,3.052,1.344,2.404,0.2117,9.807,0.4995,8.854
2022-04-07T18:37:25,43596.35,3225.11,116.84,0.2576,18.94,69.8,20.37,104.05,6.494,179.66,0.7099,0.02561,0.008062,2.522,1.652,2.57,1.498,3.911,168.09,14.95,0.936,1.653,0.5875,2.528,436.76,1.088,54.19,0.7807,10.96,2.476e-05,0.2273,3.051,1.344,2.404,0.2117,9.787,0.4992,8.852
2022-04-07T18:37:55,43580.35,3224.85,117.07,0.2576,18.94,69.8,20.36,103.99,6.487,179.52,0.7086,0.02561,0.008062,2.521,1.652,2.57,1.498,3.908,168.09,14.94,0.936,1.651,0.5875,2.527,436.82,1.088,54.16,0.7806,10.96,2.476e-05,0.2273,3.051,1.343,2.403,0.2117,9.774,0.4987,8.855
2022-04-07T18:38:25,43569.07,3224.5,117.1,0.2575,18.94,69.8,20.36,103.98,6.481,179.48,0.7086,0.02559,0.008062,2.52,1.652,2.57,1.498,3.907,168.07,14.94,0.936,1.651,0.5875,2.527,436.89,1.088,54.17,0.7805,10.96,2.476e-05,0.2271,3.051,1.343,2.402,0.2116,9.779,0.4986,8.852
2022-04-07T18:38:56,43565.78,3224.5,117.03,0.257,18.94,69.7,20.36,104.01,6.479,179.49,0.7086,0.02559,0.008062,2.519,1.651,2.56,1.497,3.904,168.07,14.94,0.936,1.647,0.5875,2.526,436.81,1.088,54.18,0.7805,10.95,2.477e-05,0.227,3.052,1.342,2.402,0.2115,9.799,0.4988,8.85
2022-04-07T18:39:26,43594.92,3226.4,117.19,0.2573,18.94,69.6,20.37,104.07,6.48,179.52,0.7086,0.02557,0.008062,2.521,1.652,2.56,1.499,3.912,168.22,14.94,0.936,1.646,0.566,2.528,437.04,1.089,54.23,0.781,10.96,2.479e-05,0.2275,3.054,1.344,2.403,0.2116,9.813,0.4987,8.853
2022-04-07T18:39:56,43594.4,3227.35,117.56,0.2575,18.94,69.6,20.37,104.11,6.494,179.52,0.7086,0.02558,0.008063,2.521,1.652,2.56,1.5,3.91,168.22,14.93,0.9444,1.649,0.5874,2.529,437.25,1.089,54.24,0.7814,10.96,2.481e-05,0.2275,3.053,1.344,2.403,0.2118,9.813,0.499,8.864
2022-04-07T18:40:26,43581.67,3227.23,117.42,0.2574,18.88,69.6,20.37,104.13,6.489,179.52,0.7088,0.02558,0.008063,2.523,1.65,2.56,1.501,3.898,167.9,14.93,0.9444,1.652,0.566,2.528,437.26,1.089,54.24,0.7813,10.94,2.48e-05,0.2271,3.051,1.344,2.402,0.2117,9.8,0.4987,8.869
2022-04-07T18:40:56,43582.51,3228.23,117.29,0.2574,18.88,69.6,20.36,104.09,6.489,179.45,0.7077,0.02559,0.008046,2.522,1.651,2.56,1.501,3.908,167.84,14.93,0.9444,1.652,0.566,2.528,437.32,1.089,54.23,0.7813,10.95,2.48e-05,0.2271,3.051,1.344,2.402,0.2116,9.797,0.4988,8.87
2022-04-07T18:41:26,43595.88,3228.53,117.12,0.2569,18.89,69.6,20.37,104.06,6.487,179.44,0.7077,0.02563,0.008046,2.523,1.651,2.56,1.501,3.905,167.81,14.93,0.9527,1.65,0.566,2.528,437.37,1.089,54.25,0.7813,10.95,2.48e-05,0.2271,3.052,1.344,2.402,0.2116,9.79,0.4987,8.872
2022-04-07T18:41:56,43585.13,3228.3,117.09,0.2569,18.94,69.6,20.36,104.04,6.492,179.41,0.7077,0.02562,0.008046,2.522,1.651,2.56,1.499,3.905,167.76,14.93,0.9467,1.649,0.566,2.527,437.28,1.089,54.25,0.7812,10.95,2.48e-05,0.2271,3.052,1.344,2.402,0.2115,9.785,0.4989,8.871
2022-04-07T18:42:26,43591.49,3228.67,117.04,0.2568,18.91,69.6,20.37,104.08,6.487,179.39,0.7077,0.02565,0.008046,2.522,1.651,2.56,1.5,3.914,167.78,14.93,0.9467,1.652,0.566,2.526,437.24,1.089,54.24,0.7812,10.95,2.48e-05,0.2271,3.052,1.344,2.402,0.2114,9.794,0.4987,8.871
2022-04-07T18:42:56,43585.37,3227.2,116.9,0.2566,18.91,69.6,20.36,104.06,6.491,179.44,0.708,0.02563,0.008046,2.522,1.652,2.56,1.499,3.91,167.83,14.98,0.9467,1.653,0.566,2.524,437.15,1.089,54.23,0.7812,10.95,2.48e-05,0.2271,3.05,1.343,2.403,0.2113,9.795,0.4987,8.87
2022-04-07T18:43:27,43588.46,3227.47,116.89,0.2566,18.94,69.6,20.36,104.07,6.495,179.47,0.7081,0.02565,0.008057,2.522,1.652,2.56,1.499,3.91,167.91,14.98,0.9467,1.65,0.566,2.525,437.17,1.089,54.22,0.7814,10.95,2.478e-05,0.2271,3.049,1.343,2.401,0.2112,9.798,0.4984,8.869
2022-04-07T18:43:57,43586.34,3227,116.88,0.2567,18.94,69.6,20.36,104.07,6.494,179.48,0.7083,0.02566,0.008057,2.523,1.651,2.56,1.499,3.907,167.93,14.98,0.9434,1.649,0.566,2.526,436.99,1.089,54.21,0.7814,10.95,2.478e-05,0.2271,3.049,1.342,2.402,0.2113,9.811,0.4983,8.863
2022-04-07T18:44:27,43621.75,3230.79,116.99,0.2573,18.91,69.6,20.38,104.12,6.5,179.73,0.7083,0.02569,0.008057,2.522,1.651,2.56,1.5,3.916,168.11,14.98,0.9434,1.648,0.566,2.528,437.3,1.089,54.25,0.7821,10.95,2.479e-05,0.2271,3.052,1.344,2.403,0.2113,9.813,0.4987,8.87
2022-04-07T18:44:57,43612.53,3230.51,117.14,0.2574,18.91,69.6,20.38,104.15,6.51,179.74,0.7078,0.02571,0.008057,2.523,1.652,2.56,1.5,3.917,168.26,14.98,0.9434,1.649,0.566,2.528,437.36,1.09,54.26,0.7825,10.95,2.48e-05,0.2277,3.053,1.344,2.403,0.2114,9.814,0.4988,8.873
2022-04-07T18:45:28,43606.02,3229.85,117.15,0.2572,18.91,69.6,20.38,104.16,6.515,179.74,0.7072,0.02571,0.008057,2.522,1.651,2.56,1.5,3.912,168.19,14.98,0.9434,1.649,0.566,2.527,437.42,1.089,54.27,0.7824,10.95,2.479e-05,0.2277,3.052,1.343,2.405,0.2114,9.807,0.4987,8.877
2022-04-07T18:45:58,43605.58,3229.81,117.34,0.2572,18.91,69.6,20.38,104.14,6.513,179.76,0.7072,0.02571,0.008078,2.526,1.651,2.56,1.5,3.909,168.21,14.98,0.9434,1.649,0.566,2.528,437.27,1.089,54.24,0.7823,10.95,2.479e-05,0.2276,3.051,1.343,2.404,0.2114,9.808,0.499,8.878
2022-04-07T18:46:28,43589.16,3228.38,117.17,0.2569,18.91,69.7,20.37,104.05,6.52,179.72,0.7072,0.02571,0.008078,2.524,1.652,2.56,1.5,3.909,168.25,14.98,0.9499,1.649,0.566,2.527,437.17,1.089,54.22,0.7819,10.96,2.478e-05,0.2276,3.05,1.342,2.404,0.2113,9.807,0.4989,8.877
2022-04-07T18:46:58,43597.68,3228.64,117.13,0.257,18.91,69.6,20.37,104.03,6.52,179.75,0.7056,0.02569,0.008078,2.521,1.652,2.56,1.499,3.897,168.23,14.98,0.9492,1.649,0.566,2.527,437.14,1.088,54.22,0.7821,10.96,2.478e-05,0.2274,3.051,1.342,2.403,0.2112,9.786,0.4988,8.874
2022-04-07T18:47:28,43596.68,3228.39,117.18,0.2568,18.91,69.6,20.37,104.04,6.515,179.79,0.7077,0.02569,0.008078,2.521,1.652,2.56,1.499,3.894,168.19,14.98,0.9492,1.649,0.566,2.527,436.94,1.089,54.21,0.7821,10.97,2.477e-05,0.2273,3.052,1.343,2.402,0.2112,9.792,0.4987,8.875
2022-04-07T18:47:58,43606.34,3230.98,117.19,0.2569,18.98,69.6,20.38,104.04,6.515,179.77,0.7065,0.02561,0.008078,2.519,1.652,2.56,1.5,3.895,168.25,14.98,0.9492,1.649,0.566,2.528,437,1.088,54.21,0.7823,10.98,2.477e-05,0.2273,3.053,1.343,2.403,0.2113,9.789,0.4988,8.874
2022-04-07T18:48:28,43630.43,3231.67,117.2,0.2573,18.92,69.7,20.39,104.06,6.516,179.85,0.7065,0.02563,0.008078,2.517,1.648,2.56,1.5,3.893,168.31,14.98,0.9415,1.649,0.566,2.53,437.45,1.089,54.21,0.7825,10.99,2.478e-05,0.2275,3.053,1.344,2.405,0.2113,9.79,0.4989,8.874
2022-04-07T18:48:59,43627.07,3231.96,117.24,0.2571,18.92,69.7,20.39,104.05,6.504,179.75,0.7065,0.02561,0.008052,2.516,1.648,2.56,1.499,3.894,168.25,14.98,0.9592,1.65,0.566,2.529,437.35,1.089,54.19,0.7823,10.99,2.478e-05,0.2275,3.053,1.343,2.405,0.2113,9.785,0.4989,8.877
2022-04-07T18:49:29,43643.21,3233.19,117.38,0.2572,18.92,69.7,20.4,104.1,6.517,179.73,0.7058,0.02559,0.008052,2.516,1.647,2.56,1.5,3.894,168.25,14.98,0.964,1.649,0.566,2.529,437.36,1.089,54.2,0.7825,11.01,2.478e-05,0.2275,3.054,1.343,2.406,0.2114,9.787,0.499,8.877
2022-04-07T18:49:59,43627.19,3233.06,117.36,0.2574,18.92,69.7,20.39,104.12,6.528,179.73,0.706,0.02559,0.008052,2.516,1.647,2.56,1.499,3.884,168.26,14.98,0.964,1.649,0.566,2.528,437.37,1.088,54.18,0.7825,11.01,2.478e-05,0.2275,3.053,1.343,2.405,0.2113,9.782,0.499,8.875
2022-04-07T18:50:29,43600.54,3230.31,117.12,0.2566,18.92,69.7,20.36,103.99,6.521,179.61,0.7059,0.02558,0.008052,2.513,1.648,2.56,1.498,3.882,168.06,14.98,0.9446,1.649,0.566,2.525,437.29,1.087,54.15,0.7819,11.01,2.476e-05,0.2269,3.052,1.341,2.403,0.2112,9.781,0.4991,8.874
2022-04-07T18:50:59,43612.76,3231.94,117.16,0.2567,18.92,69.7,20.37,104,6.525,179.66,0.706,0.02557,0.008052,2.513,1.647,2.56,1.498,3.879,168.03,14.98,0.9446,1.649,0.566,2.526,436.97,1.087,54.17,0.7821,11.01,2.477e-05,0.2269,3.049,1.342,2.403,0.2112,9.791,0.4987,8.876
2022-04-07T18:51:29,43645.71,3234.44,117.19,0.2567,18.89,69.7,20.37,104.08,6.527,179.83,0.7062,0.0256,0.00804,2.513,1.647,2.56,1.498,3.879,168.2,14.98,0.9446,1.648,0.566,2.528,437.23,1.088,54.15,0.7822,11.01,2.478e-05,0.2272,3.055,1.342,2.405,0.2112,9.804,0.4989,8.875
2022-04-07T18:51:59,43690.82,3236.37,117.57,0.2579,18.95,69.7,20.41,104.23,6.544,179.84,0.7073,0.02562,0.00804,2.513,1.648,2.56,1.5,3.892,168.49,14.98,0.9499,1.65,0.566,2.533,437.48,1.089,54.19,0.7821,11.01,2.48e-05,0.2271,3.055,1.344,2.406,0.2113,9.805,0.4993,8.891
2022-04-07T18:52:29,43684.2,3236.15,117.57,0.2582,18.95,69.9,20.41,104.25,6.542,179.88,0.7073,0.02561,0.00804,2.513,1.649,2.56,1.501,3.885,168.47,14.98,0.9499,1.649,0.566,2.532,437.37,1.089,54.22,0.782,11.01,2.481e-05,0.2271,3.055,1.344,2.409,0.2114,9.809,0.4993,8.892
2022-04-07T18:52:59,43674.14,3234.53,117.51,0.2579,18.94,69.9,20.4,104.24,6.55,179.8,0.7071,0.02564,0.00804,2.511,1.649,2.56,1.499,3.886,168.43,14.98,0.9499,1.649,0.566,2.532,437.58,1.089,54.18,0.7819,11.01,2.48e-05,0.2273,3.054,1.344,2.408,0.2114,9.809,0.4993,8.893
2022-04-07T18:53:30,43695.12,3236.2,117.57,0.2582,18.94,69.9,20.39,104.18,6.557,179.81,0.7072,0.02564,0.00804,2.511,1.649,2.56,1.501,3.885,168.47,14.98,0.9499,1.649,0.566,2.532,437.6,1.089,54.22,0.782,11.01,2.482e-05,0.2276,3.055,1.346,2.408,0.2114,9.808,0.4997,8.893
2022-04-07T18:54:00,43685.44,3235.92,117.55,0.2581,18.94,69.8,20.38,104.1,6.561,179.82,0.7072,0.02561,0.00804,2.511,1.649,2.57,1.499,3.883,168.5,14.98,0.9493,1.652,0.566,2.531,437.62,1.089,54.23,0.782,11.01,2.483e-05,0.2274,3.054,1.345,2.408,0.2114,9.804,0.4994,8.892
2022-04-07T18:54:30,43660.84,3235.62,117.34,0.2577,18.94,69.8,20.36,104.03,6.571,179.71,0.7072,0.0256,0.00804,2.512,1.648,2.57,1.5,3.878,168.39,14.98,0.9493,1.652,0.566,2.531,437.58,1.088,54.22,0.7818,11.01,2.482e-05,0.2274,3.055,1.345,2.407,0.2114,9.802,0.4993,8.886
2022-04-07T18:55:00,43670.59,3235.31,117.42,0.2577,18.94,69.8,20.38,104.04,6.577,179.72,0.7072,0.02561,0.00804,2.512,1.648,2.57,1.501,3.88,168.52,14.98,0.9493,1.652,0.566,2.532,437.62,1.089,54.22,0.782,11.02,2.482e-05,0.2273,3.055,1.345,2.407,0.2114,9.802,0.4993,8.896
2022-04-07T18:55:31,43684.52,3237.1,117.56,0.2577,18.88,69.8,20.39,104.04,6.578,179.77,0.7079,0.02562,0.00804,2.516,1.649,2.57,1.502,3.887,168.54,14.98,0.9493,1.652,0.566,2.533,437.67,1.089,54.28,0.7824,11.03,2.483e-05,0.2273,3.058,1.345,2.408,0.2115,9.808,0.4998,8.896
2022-04-07T18:56:01,43687.05,3237.07,117.58,0.2587,18.91,69.8,20.39,104.02,6.573,179.73,0.7075,0.02563,0.00804,2.516,1.649,2.57,1.501,3.889,168.64,14.98,0.9618,1.647,0.566,2.532,437.82,1.089,54.3,0.7826,11.03,2.483e-05,0.2276,3.057,1.346,2.409,0.2116,9.815,0.4997,8.902
2022-04-07T18:56:31,43699.33,3236.57,117.63,0.2586,18.91,69.8,20.4,104.02,6.587,179.7,0.7075,0.02564,0.00804,2.516,1.648,2.57,1.502,3.889,168.67,14.98,0.9618,1.649,0.566,2.534,437.84,1.089,54.35,0.7831,11.03,2.483e-05,0.2276,3.058,1.347,2.409,0.2116,9.813,0.4999,8.909
2022-04-07T18:57:02,43682.81,3236.14,117.61,0.2585,18.91,69.8,20.4,104.01,6.589,179.74,0.7075,0.02565,0.008065,2.516,1.648,2.57,1.503,3.886,168.61,14.98,0.9618,1.647,0.566,2.533,437.71,1.09,54.34,0.783,11.03,2.483e-05,0.2276,3.057,1.348,2.409,0.2117,9.811,0.4998,8.911
2022-04-07T18:57:32,43692.82,3236.63,117.67,0.2586,18.91,69.8,20.41,103.98,6.594,179.75,0.7075,0.02567,0.008061,2.522,1.649,2.57,1.502,3.886,168.61,14.98,0.9581,1.648,0.566,2.534,437.7,1.09,54.34,0.783,11.03,2.483e-05,0.2274,3.058,1.348,2.409,0.2116,9.814,0.4998,8.917
2022-04-07T18:58:02,43691.52,3236.53,117.67,0.2586,18.91,69.8,20.41,103.94,6.591,179.7,0.7075,0.02567,0.008054,2.522,1.648,2.57,1.502,3.885,168.59,14.98,0.9615,1.648,0.566,2.534,437.68,1.09,54.34,0.7832,11.03,2.483e-05,0.2275,3.058,1.349,2.409,0.2116,9.804,0.4996,8.913
2022-04-07T18:58:32,43690.08,3236.45,117.72,0.2587,18.92,69.8,20.41,103.94,6.59,179.68,0.7074,0.02567,0.008054,2.517,1.649,2.57,1.502,3.887,168.59,14.98,0.9615,1.648,0.566,2.534,437.78,1.09,54.36,0.783,11.03,2.484e-05,0.2274,3.059,1.349,2.409,0.2116,9.801,0.4996,8.913
2022-04-07T18:59:02,43688.19,3236.32,117.78,0.2587,18.92,69.8,20.41,103.93,6.591,179.64,0.7076,0.02567,0.008046,2.517,1.649,2.57,1.502,3.882,168.61,14.93,0.9493,1.648,0.566,2.534,437.8,1.089,54.36,0.7831,11.03,2.484e-05,0.2274,3.058,1.349,2.409,0.2117,9.8,0.5001,8.912
2022-04-07T18:59:32,43685.93,3237.06,117.77,0.2581,18.92,69.8,20.4,103.86,6.595,179.5,0.7082,0.02567,0.008046,2.517,1.648,2.57,1.502,3.871,168.59,14.93,0.9493,1.644,0.566,2.534,437.89,1.089,54.36,0.7832,11.03,2.484e-05,0.2272,3.058,1.348,2.409,0.2116,9.8,0.5,8.913
2022-04-07T19:00:02,43705.69,3237.92,117.78,0.2583,18.92,69.9,20.41,103.85,6.595,179.46,0.7082,0.02571,0.008046,2.518,1.649,2.57,1.503,3.87,168.68,14.93,0.9543,1.644,0.566,2.536,437.87,1.09,54.37,0.7834,11.04,2.483e-05,0.2272,3.059,1.348,2.409,0.2117,9.805,0.5,8.912
2022-04-07T19:00:33,43731.47,3238.72,117.9,0.2582,18.92,69.9,20.43,103.89,6.597,179.85,0.7079,0.0257,0.008046,2.517,1.648,2.57,1.504,3.869,168.62,14.93,0.9543,1.649,0.566,2.538,437.94,1.091,54.41,0.7841,11.04,2.486e-05,0.2272,3.063,1.349,2.411,0.2118,9.809,0.4998,8.919
2022-04-07T19:01:03,43736.86,3238.9,117.92,0.2584,18.92,69.8,20.43,103.9,6.599,179.81,0.7079,0.02569,0.008046,2.52,1.649,2.57,1.505,3.867,168.83,14.93,0.9543,1.65,0.566,2.538,438.21,1.091,54.39,0.7845,11.05,2.486e-05,0.2277,3.063,1.35,2.412,0.2119,9.805,0.5005,8.919
2022-04-07T19:01:33,43736.52,3239.06,117.95,0.2584,18.92,69.8,20.44,103.93,6.604,179.8,0.7079,0.02573,0.008046,2.519,1.649,2.57,1.506,3.863,168.9,14.93,0.9543,1.655,0.566,2.537,438.35,1.091,54.39,0.785,11.05,2.487e-05,0.2277,3.063,1.351,2.412,0.2119,9.809,0.501,8.921
2022-04-07T19:02:03,43734.02,3239.51,117.94,0.2591,18.94,69.8,20.44,103.85,6.602,179.47,0.707,0.02572,0.008046,2.518,1.649,2.57,1.506,3.863,168.91,14.93,0.9543,1.657,0.566,2.537,438.26,1.091,54.4,0.785,11.05,2.487e-05,0.2278,3.062,1.351,2.413,0.212,9.809,0.5014,8.929
2022-04-07T19:02:33,43726.91,3239.63,117.87,0.2586,18.9,69.8,20.45,103.8,6.602,179.18,0.707,0.0257,0.008046,2.52,1.649,2.57,1.506,3.863,168.89,14.93,0.9562,1.657,0.566,2.537,438.31,1.091,54.42,0.785,11.05,2.487e-05,0.2278,3.061,1.351,2.413,0.212,9.804,0.5012,8.924
2022-04-07T19:03:03,43735.97,3240.53,117.86,0.2586,18.94,69.8,20.45,103.74,6.599,179.53,0.7081,0.02569,0.008063,2.518,1.648,2.57,1.507,3.862,168.92,14.97,0.9562,1.657,0.566,2.537,438.32,1.091,54.43,0.785,11.03,2.487e-05,0.2278,3.061,1.351,2.413,0.212,9.805,0.501,8.922
2022-04-07T19:03:33,43757.43,3241.23,117.86,0.2586,18.94,69.8,20.48,103.79,6.609,179.62,0.7081,0.02571,0.008039,2.519,1.648,2.57,1.506,3.863,168.95,14.97,0.9562,1.661,0.566,2.539,438.41,1.092,54.43,0.7854,11.04,2.488e-05,0.228,3.063,1.351,2.414,0.212,9.804,0.5013,8.923
2022-04-07T19:04:04,43758.98,3244.93,117.65,0.2593,18.94,69.8,20.48,103.79,6.608,179.64,0.7082,0.02574,0.008059,2.519,1.648,2.57,1.507,3.863,169.14,14.97,0.9562,1.656,0.566,2.54,438.43,1.092,54.44,0.7854,11.04,2.487e-05,0.2283,3.065,1.352,2.415,0.2121,9.805,0.5017,8.928
2022-04-07T19:04:34,43737.45,3242.65,117.49,0.2592,18.94,70,20.45,103.77,6.607,179.7,0.7082,0.02571,0.008059,2.519,1.648,2.57,1.506,3.87,169.04,14.97,0.9562,1.654,0.566,2.538,438.17,1.091,54.41,0.7852,11.04,2.486e-05,0.228,3.064,1.35,2.414,0.212,9.808,0.5014,8.935
2022-04-07T19:05:04,43744.74,3242.56,117.58,0.2586,18.94,70,20.45,103.71,6.61,179.76,0.7081,0.02571,0.008059,2.519,1.648,2.57,1.505,3.87,169.08,14.97,0.9562,1.672,0.566,2.538,438.2,1.092,54.43,0.7853,11.04,2.486e-05,0.228,3.064,1.35,2.413,0.2121,9.808,0.5012,8.934
2022-04-07T19:05:34,43719.37,3240.22,117.37,0.2581,18.94,70,20.44,103.61,6.592,179.62,0.7081,0.02571,0.008059,2.519,1.649,2.57,1.504,3.856,169.01,14.97,0.9562,1.672,0.566,2.538,437.98,1.091,54.41,0.7852,11.04,2.484e-05,0.228,3.059,1.35,2.413,0.212,9.813,0.5009,8.921
2022-04-07T19:06:04,43709.47,3238.65,117.31,0.2581,18.91,70,20.42,103.6,6.592,179.38,0.7081,0.02571,0.008059,2.522,1.648,2.57,1.503,3.861,168.79,14.99,0.9577,1.667,0.566,2.536,437.78,1.09,54.4,0.7851,11.04,2.484e-05,0.228,3.056,1.349,2.411,0.2119,9.828,0.5009,8.917
2022-04-07T19:06:34,43701.36,3239.92,117.36,0.2578,18.91,70,20.42,103.55,6.59,179.33,0.7081,0.02571,0.008059,2.522,1.648,2.57,1.504,3.858,168.81,14.99,0.9577,1.669,0.566,2.536,437.73,1.09,54.37,0.7846,11.02,2.484e-05,0.228,3.056,1.349,2.41,0.2119,9.863,0.5,8.916
2022-04-07T19:07:04,43695.69,3240.51,117.34,0.2581,18.91,70,20.43,103.51,6.601,179.31,0.7043,0.02571,0.008049,2.518,1.648,2.57,1.504,3.862,168.81,14.96,0.9569,1.671,0.566,2.534,437.84,1.091,54.39,0.7849,11.03,2.484e-05,0.2275,3.056,1.349,2.412,0.2119,9.843,0.5005,8.927
2022-04-07T19:07:34,43695.45,3239.86,117.46,0.2579,18.91,70,20.43,103.52,6.599,179.44,0.7043,0.02571,0.008054,2.52,1.648,2.57,1.504,3.858,168.92,14.96,0.9569,1.668,0.566,2.535,437.75,1.091,54.4,0.7849,11.03,2.484e-05,0.2276,3.057,1.349,2.411,0.2119,9.831,0.5005,8.925
2022-04-07T19:08:05,43696.93,3239.51,117.49,0.2581,18.91,70,20.43,103.54,6.6,179.46,0.7038,0.0257,0.008062,2.52,1.648,2.57,1.504,3.86,168.97,14.96,0.9607,1.668,0.566,2.535,437.84,1.091,54.39,0.785,11.03,2.484e-05,0.2276,3.056,1.348,2.411,0.2119,9.801,0.5003,8.922
2022-04-07T19:08:35,43698.3,3238.85,117.54,0.2584,18.91,69.9,20.42,103.54,6.602,179.5,0.7038,0.0257,0.008062,2.52,1.648,2.57,1.504,3.864,169.06,14.96,0.9607,1.668,0.566,2.534,437.79,1.091,54.4,0.7849,11.04,2.484e-05,0.2276,3.056,1.349,2.411,0.2119,9.817,0.5003,8.92
2022-04-07T19:09:05,43709.05,3239.58,117.64,0.2584,18.92,69.9,20.43,103.53,6.601,179.56,0.7038,0.0257,0.008062,2.518,1.648,2.57,1.505,3.864,169.25,14.96,0.9563,1.668,0.566,2.535,437.89,1.091,54.41,0.7849,11.04,2.484e-05,0.2276,3.057,1.349,2.412,0.212,9.813,0.5006,8.927
2022-04-07T19:09:35,43724.57,3240.22,117.73,0.2586,18.88,69.9,20.44,103.57,6.608,179.58,0.7038,0.02572,0.008062,2.518,1.648,2.57,1.505,3.87,169.42,14.96,0.9563,1.672,0.566,2.538,438.06,1.092,54.44,0.7852,11.04,2.484e-05,0.2278,3.059,1.35,2.412,0.212,9.828,0.5006,8.922
2022-04-07T19:10:05,43731.62,3242.04,117.83,0.2586,18.96,69.9,20.45,103.59,6.612,179.67,0.7038,0.02572,0.008062,2.521,1.648,2.57,1.505,3.87,169.42,14.96,0.9563,1.672,0.566,2.537,438.03,1.092,54.48,0.7853,11.07,2.484e-05,0.2278,3.061,1.35,2.413,0.2121,9.837,0.501,8.923
2022-04-07T19:10:35,43728.19,3242.68,117.84,0.2586,18.96,69.9,20.45,103.58,6.606,179.76,0.7038,0.02571,0.008062,2.518,1.648,2.57,1.507,3.88,169.4,14.96,0.9556,1.672,0.566,2.537,438.12,1.093,54.5,0.7855,11.07,2.484e-05,0.2278,3.06,1.351,2.414,0.2121,9.829,0.5015,8.928
2022-04-07T19:11:05,43727.37,3243.47,118.03,0.2587,18.96,69.9,20.46,103.59,6.613,179.77,0.7053,0.02571,0.008073,2.518,1.649,2.57,1.506,3.88,169.37,14.96,0.9556,1.67,0.566,2.536,438.19,1.093,54.5,0.7856,11.08,2.484e-05,0.2277,3.062,1.351,2.414,0.2121,9.823,0.5015,8.928
2022-04-07T19:11:35,43738.42,3244.61,118.22,0.2592,18.96,69.9,20.47,103.65,6.613,179.83,0.7049,0.02577,0.008057,2.519,1.649,2.57,1.506,3.884,169.36,14.96,0.9585,1.661,0.566,2.538,438.33,1.094,54.51,0.7858,11.08,2.484e-05,0.2277,3.063,1.351,2.414,0.2121,9.818,0.5017,8.932
2022-04-07T19:12:05,43736.06,3243.81,118.09,0.2591,18.96,70.1,20.47,103.66,6.611,179.87,0.7049,0.02576,0.008057,2.524,1.649,2.57,1.507,3.893,169.27,14.96,0.9585,1.661,0.566,2.538,438.41,1.095,54.5,0.7858,11.08,2.485e-05,0.2277,3.063,1.35,2.414,0.2121,9.827,0.5017,8.929
2022-04-07T19:12:35,43735.86,3243.91,118.09,0.2591,18.96,70.2,20.46,103.7,6.611,179.87,0.7049,0.02574,0.008057,2.523,1.649,2.57,1.507,3.885,169.27,14.96,0.9585,1.661,0.566,2.538,438.46,1.095,54.5,0.7857,11.05,2.484e-05,0.2277,3.064,1.35,2.414,0.2121,9.839,0.5017,8.928
2022-04-07T19:13:06,43740.02,3244.34,117.94,0.259,18.94,70.1,20.47,103.75,6.611,179.9,0.7072,0.02574,0.008057,2.524,1.649,2.57,1.507,3.885,169.28,14.96,0.9585,1.666,0.566,2.539,438.43,1.095,54.49,0.7857,11.06,2.485e-05,0.228,3.065,1.349,2.415,0.2121,9.862,0.5018,8.929
2022-04-07T19:13:36,43733.15,3244.83,117.94,0.2591,18.92,70.1,20.47,103.73,6.611,179.89,0.7072,0.02576,0.008057,2.524,1.649,2.57,1.507,3.901,169.28,14.96,0.9585,1.666,0.566,2.538,438.41,1.093,54.49,0.7856,11.06,2.485e-05,0.228,3.064,1.349,2.414,0.2121,9.863,0.5016,8.934
2022-04-07T19:14:06,43714.68,3242.54,117.89,0.259,18.92,70.1,20.47,103.67,6.611,179.8,0.7073,0.02575,0.008082,2.525,1.649,2.57,1.506,3.896,169.28,15.03,0.9585,1.666,0.566,2.536,438.29,1.092,54.47,0.7852,11.04,2.483e-05,0.228,3.063,1.348,2.414,0.2121,9.861,0.5014,8.929
2022-04-07T19:14:36,43710.85,3241.53,117.8,0.2585,18.92,70.1,20.46,103.61,6.611,179.81,0.7073,0.02573,0.008082,2.525,1.649,2.57,1.505,3.898,169.22,15.03,0.9585,1.663,0.566,2.536,438.22,1.093,54.45,0.7851,11.04,2.483e-05,0.2276,3.062,1.348,2.413,0.2121,9.836,0.5013,8.929
2022-04-07T19:15:06,43705.12,3240.32,117.74,0.2584,18.92,70.1,20.46,103.58,6.599,179.82,0.7073,0.02573,0.008061,2.524,1.649,2.57,1.505,3.897,169.2,15.07,0.9585,1.663,0.566,2.536,438.07,1.091,54.44,0.7851,11.05,2.482e-05,0.2276,3.062,1.347,2.412,0.212,9.831,0.5013,8.928
2022-04-07T19:15:36,43715.44,3241.53,117.85,0.2587,18.92,70.1,20.47,103.56,6.601,179.88,0.7078,0.02575,0.008072,2.525,1.649,2.57,1.507,3.898,169.26,15.07,0.9585,1.655,0.566,2.537,438.27,1.092,54.43,0.7852,11.05,2.482e-05,0.2276,3.062,1.347,2.412,0.2121,9.83,0.5015,8.929
2022-04-07T19:16:06,43706.46,3240.92,117.87,0.2585,18.92,70.1,20.47,103.47,6.601,179.85,0.7095,0.02576,0.008068,2.524,1.649,2.57,1.507,3.9,169.26,15.07,0.9585,1.655,0.566,2.537,438.23,1.092,54.44,0.7852,11.05,2.483e-05,0.2276,3.062,1.347,2.412,0.2121,9.823,0.502,8.93
2022-04-07T19:16:36,43691.21,3238.67,117.9,0.2586,18.92,70.3,20.47,103.42,6.608,179.92,0.7096,0.02576,0.008068,2.525,1.649,2.57,1.507,3.903,169.23,15.07,0.9585,1.656,0.566,2.537,438.13,1.092,54.46,0.7852,11.05,2.482e-05,0.2276,3.063,1.347,2.412,0.212,9.825,0.5021,8.93
2022-04-07T19:17:06,43685.1,3237.44,117.86,0.2583,18.92,70.1,20.46,103.41,6.606,179.66,0.7123,0.02574,0.008065,2.525,1.649,2.57,1.506,3.903,169.17,15.07,0.9585,1.656,0.566,2.537,437.88,1.092,54.45,0.785,11.05,2.482e-05,0.2276,3.062,1.346,2.412,0.2119,9.841,0.502,8.929
2022-04-07T19:17:37,43666.83,3235.76,117.69,0.2581,18.92,70.1,20.45,103.35,6.602,179.59,0.7091,0.02571,0.008062,2.523,1.649,2.57,1.506,3.903,169.06,15.07,0.9585,1.656,0.566,2.533,437.65,1.091,54.42,0.7845,11.06,2.481e-05,0.2276,3.06,1.346,2.41,0.2119,9.829,0.5012,8.92
2022-04-07T19:18:07,43654.04,3235.39,117.7,0.2578,18.9,70.2,20.44,103.26,6.598,179.64,0.7098,0.02571,0.008062,2.523,1.647,2.57,1.506,3.896,168.88,15.03,0.9585,1.656,0.566,2.533,437.38,1.091,54.35,0.7845,11.06,2.48e-05,0.2276,3.06,1.345,2.409,0.2117,9.822,0.5009,8.919
2022-04-07T19:18:37,43652.77,3233.99,117.64,0.2577,18.9,70.2,20.44,103.24,6.593,179.58,0.7097,0.02571,0.008062,2.524,1.647,2.57,1.506,3.896,168.84,15.03,0.9585,1.656,0.566,2.532,437.24,1.09,54.34,0.7843,11.06,2.479e-05,0.2275,3.061,1.345,2.409,0.2116,9.827,0.5009,8.914
2022-04-07T19:19:07,43653.34,3233.83,117.68,0.2577,18.9,70.2,20.43,103.23,6.579,179.83,0.7073,0.02571,0.008062,2.522,1.647,2.57,1.506,3.899,168.89,15.04,0.955,1.657,0.566,2.532,437.2,1.09,54.32,0.7843,11.06,2.48e-05,0.2275,3.061,1.345,2.409,0.2117,9.824,0.5008,8.914
2022-04-07T19:19:37,43640.41,3233.35,117.61,0.2577,18.9,70.1,20.43,103.2,6.567,179.85,0.7071,0.0257,0.008062,2.523,1.647,2.57,1.506,3.89,168.74,15.04,0.955,1.657,0.566,2.532,437.07,1.089,54.35,0.7841,11.06,2.48e-05,0.2275,3.06,1.345,2.408,0.2117,9.815,0.5004,8.914
2022-04-07T19:20:07,43631.67,3232.43,117.59,0.2576,18.9,70,20.42,103.16,6.561,179.82,0.7066,0.02569,0.008049,2.524,1.648,2.57,1.504,3.883,168.75,15.04,0.955,1.657,0.566,2.53,437,1.089,54.33,0.7839,11.06,2.48e-05,0.2275,3.059,1.344,2.408,0.2117,9.812,0.5004,8.911
2022-04-07T19:20:37,43597.82,3229.45,117.57,0.2571,18.9,70,20.39,103.13,6.559,179.85,0.7066,0.02567,0.008049,2.523,1.648,2.57,1.503,3.88,168.58,15.04,0.955,1.654,0.566,2.529,436.59,1.089,54.27,0.7836,11.05,2.476e-05,0.2275,3.058,1.343,2.406,0.2116,9.809,0.4999,8.902
2022-04-07T19:21:07,43580.31,3228.02,117.34,0.2571,18.89,70,20.38,103.09,6.552,179.73,0.7074,0.02566,0.008039,2.52,1.648,2.57,1.503,3.875,168.47,15.04,0.955,1.656,0.566,2.526,436.55,1.088,54.27,0.783,11.05,2.476e-05,0.227,3.054,1.343,2.406,0.2115,9.8,0.4998,8.903
2022-04-07T19:21:38,43569.65,3227.98,117.31,0.2566,18.83,70,20.38,103.06,6.549,179.77,0.7072,0.0256,0.008038,2.521,1.648,2.57,1.503,3.873,168.39,15.04,0.955,1.656,0.566,2.525,436.6,1.087,54.22,0.7829,11.05,2.476e-05,0.2268,3.053,1.343,2.405,0.2114,9.791,0.4998,8.9
2022-04-07T19:22:08,43572.4,3227.69,117.33,0.2568,18.83,70,20.37,103.07,6.554,179.81,0.7069,0.02559,0.008037,2.52,1.647,2.57,1.503,3.879,168.54,14.99,0.955,1.656,0.566,2.527,436.74,1.088,54.23,0.7829,11.04,2.478e-05,0.2268,3.054,1.343,2.403,0.2114,9.763,0.4998,8.901
2022-04-07T19:22:38,43564.79,3226.99,117.24,0.2567,18.83,70,20.37,103.05,6.547,179.71,0.7068,0.02556,0.008037,2.521,1.648,2.57,1.502,3.877,168.51,14.99,0.9565,1.658,0.566,2.526,436.61,1.088,54.23,0.7832,11.04,2.478e-05,0.2268,3.053,1.342,2.403,0.2115,9.771,0.5,8.898
2022-04-07T19:23:08,43564.41,3226.75,117.27,0.2569,18.84,70,20.37,103,6.546,179.78,0.707,0.02555,0.008037,2.522,1.648,2.57,1.501,3.877,168.48,14.99,0.9565,1.658,0.566,2.526,436.52,1.088,54.22,0.7831,11.04,2.477e-05,0.2269,3.052,1.342,2.403,0.2114,9.755,0.5001,8.894
2022-04-07T19:23:38,43563.3,3227.33,117.34,0.2568,18.8,70,20.37,102.99,6.539,179.9,0.7071,0.02552,0.008037,2.529,1.647,2.57,1.502,3.877,168.48,14.99,0.9565,1.658,0.566,2.525,436.26,1.088,54.25,0.7829,11.05,2.477e-05,0.2269,3.053,1.342,2.403,0.2114,9.755,0.5001,8.893
2022-04-07T19:24:08,43555.44,3226.47,117.35,0.2568,18.84,70,20.38,102.96,6.534,179.86,0.7071,0.02553,0.008037,2.531,1.647,2.57,1.502,3.875,168.49,14.99,0.9565,1.658,0.566,2.525,436.37,1.088,54.25,0.7828,11.05,2.477e-05,0.2269,3.053,1.342,2.403,0.2114,9.753,0.5002,8.9
2022-04-07T19:24:38,43544.8,3225.9,117.32,0.2569,18.84,70,20.37,102.96,6.524,179.91,0.7071,0.02554,0.008037,2.527,1.647,2.57,1.503,3.875,168.46,14.99,0.9565,1.649,0.566,2.524,436.33,1.088,54.23,0.7829,11.05,2.477e-05,0.2269,3.052,1.342,2.403,0.2114,9.754,0.5002,8.895
2022-04-07T19:25:08,43556.68,3226.32,117.33,0.2569,18.75,70,20.37,102.97,6.529,179.96,0.7053,0.02552,0.00801,2.531,1.647,2.56,1.503,3.874,168.5,14.99,0.9565,1.648,0.566,2.524,436.31,1.088,54.23,0.7832,11.05,2.477e-05,0.2269,3.053,1.342,2.403,0.2113,9.752,0.5002,8.897
2022-04-07T19:25:39,43558.56,3226.17,117.38,0.257,18.74,70,20.37,102.97,6.522,179.96,0.7043,0.02553,0.008003,2.531,1.647,2.56,1.503,3.877,168.62,14.99,0.9565,1.646,0.566,2.524,436.26,1.088,54.21,0.7832,11.04,2.478e-05,0.2268,3.053,1.342,2.403,0.2113,9.753,0.5003,8.898
2022-04-07T19:26:09,43531.67,3224.75,117.32,0.2563,18.74,70,20.36,102.94,6.509,179.84,0.7085,0.02549,0.008003,2.53,1.646,2.56,1.501,3.875,168.55,14.99,0.9568,1.646,0.566,2.522,436.13,1.087,54.18,0.7826,11.04,2.476e-05,0.227,3.052,1.341,2.403,0.2113,9.753,0.4999,8.891
2022-04-07T19:26:39,43525.94,3224.24,117.27,0.2564,18.73,70,20.36,102.98,6.509,179.89,0.7085,0.02546,0.008003,2.528,1.646,2.56,1.502,3.876,168.6,14.99,0.9568,1.646,0.566,2.523,436.11,1.087,54.16,0.7827,11.04,2.476e-05,0.2268,3.052,1.339,2.403,0.2112,9.752,0.4997,8.885
2022-04-07T19:27:09,43524.96,3223.72,117.15,0.2567,18.71,70,20.37,102.99,6.517,179.76,0.7056,0.02546,0.008003,2.53,1.644,2.56,1.501,3.876,168.54,14.99,0.9568,1.653,0.566,2.521,436.1,1.087,54.16,0.783,11.04,2.477e-05,0.2268,3.052,1.339,2.403,0.2112,9.752,0.4997,8.883
2022-04-07T19:27:39,43519.03,3223.23,117.15,0.2564,18.71,70,20.36,102.95,6.513,179.78,0.7056,0.02548,0.008003,2.528,1.643,2.56,1.501,3.876,168.45,14.99,0.9568,1.653,0.566,2.521,436.12,1.087,54.19,0.7828,11.04,2.477e-05,0.2269,3.052,1.339,2.402,0.2111,9.754,0.4997,8.883
2022-04-07T19:28:09,43511.19,3223.41,117.11,0.2564,18.71,70,20.37,102.91,6.515,179.84,0.7056,0.02545,0.00801,2.531,1.644,2.56,1.501,3.879,168.51,14.99,0.9552,1.654,0.566,2.522,436.05,1.087,54.2,0.7828,11.03,2.476e-05,0.2269,3.052,1.339,2.401,0.2111,9.758,0.4997,8.888
2022-04-07T19:28:39,43512.32,3223.26,117.01,0.2565,18.71,70,20.37,102.9,6.507,179.84,0.7056,0.02547,0.00801,2.529,1.644,2.56,1.501,3.879,168.51,14.99,0.9552,1.649,0.566,2.521,435.9,1.087,54.18,0.7829,11.03,2.476e-05,0.2269,3.052,1.339,2.401,0.2112,9.769,0.4997,8.888
2022-04-07T19:29:09,43504.12,3222.78,117.13,0.2565,18.71,69.9,20.37,102.91,6.512,179.85,0.7056,0.02547,0.00801,2.529,1.643,2.56,1.5,3.879,168.51,14.99,0.9558,1.649,0.566,2.522,435.99,1.087,54.18,0.783,11.03,2.476e-05,0.2269,3.053,1.339,2.401,0.2111,9.769,0.4998,8.883
2022-04-07T19:29:39,43500.21,3223.17,117.18,0.2565,18.71,69.9,20.4,102.92,6.488,179.9,0.7051,0.02545,0.00801,2.531,1.643,2.56,1.501,3.88,168.55,14.99,0.9558,1.649,0.566,2.522,436.01,1.087,54.18,0.783,11.04,2.476e-05,0.227,3.052,1.339,2.4,0.2111,9.766,0.5001,8.888
2022-04-07T19:30:10,43505.19,3223.77,117.23,0.2565,18.71,69.9,20.4,102.99,6.464,179.9,0.7051,0.02545,0.00801,2.528,1.643,2.56,1.501,3.88,168.56,14.99,0.9558,1.649,0.566,2.521,436.08,1.087,54.18,0.7831,11.03,2.476e-05,0.227,3.052,1.339,2.4,0.2112,9.771,0.5004,8.883
2022-04-07T19:30:40,43529.94,3224.54,117.35,0.257,18.71,70,20.4,103.01,6.47,179.95,0.7051,0.02547,0.00801,2.527,1.643,2.56,1.502,3.884,168.72,14.99,0.9558,1.647,0.566,2.523,436.04,1.087,54.19,0.7834,11.03,2.477e-05,0.227,3.054,1.339,2.401,0.2111,9.78,0.5005,8.889
2022-04-07T19:31:10,43530.84,3225.5,117.33,0.257,18.71,70,20.4,103.06,6.472,179.94,0.7051,0.02556,0.007995,2.528,1.643,2.56,1.503,3.88,168.59,15,0.9558,1.65,0.566,2.524,436.16,1.087,54.2,0.7836,11.03,2.478e-05,0.227,3.054,1.339,2.401,0.2111,9.771,0.5005,8.885
2022-04-07T19:31:40,43530.06,3226.35,117.4,0.257,18.71,70,20.4,103.14,6.481,179.93,0.705,0.02557,0.007995,2.526,1.644,2.56,1.503,3.884,168.67,15,0.9558,1.65,0.566,2.525,436.4,1.087,54.22,0.7836,11.03,2.478e-05,0.227,3.055,1.339,2.401,0.2112,9.774,0.5019,8.884
2022-04-07T19:32:10,43532.4,3226.27,117.4,0.2567,18.72,69.9,20.39,103.17,6.484,179.87,0.705,0.02553,0.007995,2.526,1.644,2.56,1.504,3.882,168.66,14.99,0.9558,1.651,0.566,2.526,436.46,1.087,54.22,0.7837,11.03,2.477e-05,0.2275,3.054,1.339,2.402,0.2111,9.764,0.5023,8.884
2022-04-07T19:32:40,43532.94,3226.17,117.44,0.2567,18.72,69.9,20.39,103.2,6.487,179.89,0.7044,0.02555,0.007995,2.526,1.644,2.56,1.506,3.881,168.61,14.99,0.9558,1.651,0.566,2.525,436.43,1.087,54.22,0.7837,11.03,2.477e-05,0.2275,3.055,1.339,2.402,0.2111,9.763,0.5021,8.888
2022-04-07T19:33:10,43534.76,3226.2,117.42,0.2567,18.72,69.9,20.39,103.13,6.484,179.8,0.7044,0.02554,0.007995,2.529,1.644,2.56,1.505,3.881,168.64,14.99,0.9558,1.651,0.566,2.525,436.37,1.087,54.23,0.7836,11.03,2.478e-05,0.2276,3.055,1.339,2.402,0.2111,9.761,0.5021,8.889
2022-04-07T19:33:41,43532.58,3226.42,117.44,0.2567,18.72,70.1,20.39,103.1,6.491,179.74,0.7044,0.02553,0.007998,2.529,1.643,2.56,1.504,3.88,168.63,14.99,0.9558,1.649,0.566,2.525,436.43,1.087,54.23,0.7836,11.03,2.478e-05,0.2275,3.055,1.338,2.402,0.2111,9.753,0.502,8.879
2022-04-07T19:34:11,43526.83,3226.28,117.39,0.2565,18.72,70,20.39,103.06,6.476,179.83,0.7044,0.02554,0.007998,2.529,1.644,2.56,1.504,3.88,168.64,14.99,0.9609,1.649,0.566,2.523,436.38,1.087,54.22,0.7836,11.03,2.477e-05,0.2274,3.055,1.338,2.402,0.2112,9.75,0.5012,8.878
2022-04-07T19:34:41,43514.99,3225.77,117.39,0.2563,18.72,70,20.38,103.04,6.473,179.86,0.7044,0.0255,0.007998,2.529,1.643,2.56,1.503,3.88,168.51,14.99,0.9609,1.649,0.566,2.523,436.37,1.086,54.21,0.7832,11.04,2.477e-05,0.2274,3.054,1.338,2.402,0.2111,9.748,0.501,8.883
2022-04-07T19:35:11,43515.72,3225.82,117.57,0.2565,18.68,70,20.38,103.03,6.473,179.71,0.7044,0.02549,0.007998,2.531,1.643,2.56,1.501,3.88,168.63,15.05,0.9609,1.649,0.566,2.524,436.4,1.086,54.22,0.7833,11.04,2.477e-05,0.2275,3.055,1.338,2.402,0.2111,9.742,0.501,8.88
2022-04-07T19:35:41,43517.21,3225.98,117.82,0.2564,18.68,70,20.39,103,6.473,179.68,0.7043,0.02554,0.007998,2.531,1.643,2.56,1.502,3.88,168.57,15.05,0.9609,1.649,0.566,2.524,436.37,1.086,54.23,0.7831,11.04,2.479e-05,0.2275,3.057,1.338,2.402,0.211,9.744,0.5008,8.881
2022-04-07T19:36:11,43519.54,3226.45,117.8,0.2564,18.68,70,20.39,103,6.473,179.27,0.7043,0.02553,0.007998,2.526,1.643,2.56,1.502,3.884,168.63,15.05,0.9609,1.649,0.566,2.524,436.43,1.086,54.23,0.7832,11.04,2.479e-05,0.2275,3.058,1.339,2.403,0.211,9.744,0.5008,8.879
2022-04-07T19:36:41,43518.3,3225.99,117.78,0.256,18.68,70,20.39,102.95,6.472,179.21,0.7044,0.02554,0.007998,2.526,1.642,2.56,1.501,3.883,168.55,15.05,0.9562,1.649,0.566,2.524,436.43,1.086,54.24,0.7832,11.04,2.479e-05,0.2275,3.057,1.338,2.403,0.2109,9.749,0.501,8.879
2022-04-07T19:37:11,43500.89,3223.32,117.71,0.2558,18.68,70,20.37,102.9,6.463,179.12,0.7029,0.02554,0.007998,2.527,1.642,2.56,1.501,3.88,168.43,15.05,0.9562,1.647,0.566,2.524,436.22,1.086,54.23,0.783,11.02,2.477e-05,0.2273,3.056,1.338,2.403,0.211,9.744,0.501,8.878
2022-04-07T19:37:41,43493.88,3222.36,117.7,0.2556,18.68,70,20.37,102.84,6.46,179.08,0.7027,0.02554,0.007999,2.527,1.642,2.56,1.499,3.881,168.27,15.05,0.9562,1.646,0.566,2.524,436.12,1.086,54.16,0.7827,11.02,2.478e-05,0.2273,3.054,1.337,2.401,0.2109,9.731,0.5009,8.88
2022-04-07T19:38:12,43493.07,3222.03,117.69,0.2559,18.64,70,20.36,102.82,6.46,179.04,0.7031,0.02552,0.007999,2.525,1.643,2.56,1.5,3.881,168.25,15.05,0.9595,1.646,0.566,2.522,436.01,1.086,54.15,0.7827,11.02,2.478e-05,0.2273,3.054,1.336,2.401,0.2109,9.72,0.5007,8.878
2022-04-07T19:38:42,43486.83,3220.85,117.74,0.2554,18.64,70,20.36,102.81,6.453,178.96,0.702,0.02547,0.00796,2.528,1.639,2.56,1.5,3.881,168.2,15.05,0.9595,1.646,0.566,2.521,435.97,1.086,54.14,0.7826,10.99,2.478e-05,0.2272,3.054,1.336,2.401,0.211,9.71,0.5005,8.876
2022-04-07T19:39:12,43483.94,3220.6,117.91,0.2552,18.63,70,20.36,102.81,6.45,178.87,0.7031,0.02545,0.00796,2.527,1.64,2.56,1.5,3.88,168.26,15.05,0.9595,1.649,0.566,2.521,435.98,1.085,54.12,0.7827,11.01,2.477e-05,0.2272,3.052,1.336,2.4,0.211,9.71,0.5005,8.864
2022-04-07T19:39:42,43485.35,3220.96,118.11,0.255,18.63,70,20.35,102.83,6.449,178.88,0.7017,0.02545,0.00796,2.526,1.64,2.56,1.5,3.88,168.27,15.05,0.9595,1.649,0.566,2.52,436,1.086,54.12,0.7828,11.01,2.477e-05,0.227,3.052,1.336,2.4,0.2108,9.702,0.5005,8.869
2022-04-07T19:40:12,43498.26,3222.02,118.07,0.2555,18.63,70,20.37,102.88,6.464,178.89,0.7017,0.02548,0.00796,2.527,1.642,2.56,1.5,3.884,168.27,15.06,0.9603,1.649,0.566,2.522,436.07,1.085,54.12,0.7829,11.01,2.477e-05,0.2271,3.051,1.337,2.399,0.2108,9.695,0.5005,8.868
2022-04-07T19:40:42,43500.55,3221.53,118.07,0.2553,18.63,70,20.37,102.82,6.458,178.81,0.703,0.02549,0.00796,2.528,1.642,2.56,1.5,3.884,168.24,15.06,0.9603,1.649,0.566,2.522,436.1,1.085,54.13,0.7828,11,2.477e-05,0.2271,3.05,1.337,2.398,0.2108,9.697,0.5008,8.865
2022-04-07T19:41:12,43515.32,3221.76,118.14,0.2559,18.63,70,20.38,102.83,6.46,178.96,0.7011,0.02552,0.007981,2.527,1.642,2.56,1.5,3.884,168.38,15.06,0.9601,1.652,0.566,2.522,436.26,1.086,54.16,0.7831,11.02,2.479e-05,0.2273,3.052,1.338,2.399,0.2108,9.696,0.5008,8.872
2022-04-07T19:41:42,43516.35,3223.25,118.06,0.2559,18.63,69.9,20.38,102.86,6.472,178.94,0.7015,0.02555,0.007981,2.527,1.642,2.56,1.501,3.89,168.36,15.06,0.9601,1.652,0.566,2.524,436.36,1.086,54.16,0.783,11.03,2.478e-05,0.2273,3.051,1.338,2.399,0.2109,9.706,0.5006,8.874
2022-04-07T19:42:13,43498.97,3221.9,117.83,0.2552,18.63,69.9,20.38,102.75,6.475,178.83,0.7015,0.02555,0.007981,2.527,1.642,2.56,1.5,3.887,168.3,15.06,0.9601,1.653,0.566,2.522,436.24,1.085,54.15,0.7828,11.02,2.478e-05,0.2273,3.049,1.338,2.399,0.2108,9.696,0.5006,8.873
2022-04-07T19:42:43,43477.2,3220.68,117.87,0.255,18.63,69.9,20.37,102.7,6.473,178.7,0.7022,0.02549,0.007981,2.527,1.642,2.56,1.5,3.887,168.23,15.06,0.9601,1.646,0.566,2.521,436.12,1.085,54.14,0.7823,11.01,2.477e-05,0.227,3.049,1.337,2.398,0.2108,9.688,0.5002,8.868
2022-04-07T19:43:13,43483.15,3220.93,117.93,0.2549,18.63,69.9,20.37,102.66,6.469,178.76,0.7022,0.02549,0.007981,2.525,1.642,2.56,1.5,3.887,168.21,14.97,0.9601,1.646,0.566,2.522,435.98,1.085,54.11,0.7825,11.01,2.477e-05,0.2268,3.05,1.337,2.398,0.2109,9.685,0.5,8.863
2022-04-07T19:43:43,43495.3,3222.27,117.91,0.255,18.63,69.9,20.37,102.64,6.472,179.1,0.7017,0.02551,0.007992,2.526,1.642,2.56,1.5,3.882,168.24,14.97,0.9601,1.646,0.566,2.523,436.16,1.085,54.04,0.7826,11.01,2.477e-05,0.2268,3.05,1.337,2.398,0.2109,9.697,0.5002,8.863
2022-04-07T19:44:13,43496.18,3222.75,117.87,0.2553,18.72,69.9,20.38,102.62,6.474,179.11,0.7017,0.0255,0.007992,2.526,1.642,2.56,1.5,3.885,168.21,14.93,0.9645,1.646,0.566,2.523,436.2,1.085,54,0.7826,11.01,2.477e-05,0.2268,3.051,1.338,2.399,0.2109,9.703,0.5002,8.868
2022-04-07T19:44:43,43498.98,3223.06,117.82,0.2554,18.72,69.9,20.4,102.59,6.477,179.07,0.7016,0.02556,0.007992,2.527,1.642,2.56,1.501,3.885,168.22,14.93,0.9645,1.649,0.566,2.525,436.39,1.086,54.01,0.7828,11.03,2.477e-05,0.2268,3.051,1.338,2.4,0.2109,9.704,0.5002,8.868
2022-04-07T19:45:13,43494.23,3223.58,117.81,0.2553,18.72,69.9,20.39,102.56,6.462,179.05,0.7022,0.02558,0.007992,2.527,1.641,2.56,1.5,3.885,168.21,14.95,0.9645,1.646,0.566,2.525,436.43,1.085,54.01,0.7827,11.03,2.477e-05,0.227,3.051,1.339,2.4,0.2109,9.704,0.5005,8.864
2022-04-07T19:45:43,43484.14,3222.92,117.82,0.2552,18.72,69.9,20.38,102.53,6.454,179.22,0.6997,0.02553,0.007992,2.528,1.64,2.56,1.499,3.881,168.16,14.95,0.9645,1.646,0.566,2.525,436.28,1.085,54,0.7826,11.03,2.478e-05,0.227,3.05,1.338,2.4,0.2109,9.699,0.5014,8.862
2022-04-07T19:46:14,43488.77,3222.92,117.93,0.2553,18.72,69.9,20.38,102.49,6.461,179.21,0.6997,0.02552,0.00799,2.527,1.64,2.56,1.5,3.883,168.15,14.95,0.9645,1.646,0.566,2.525,436.11,1.085,54.01,0.7827,11.02,2.477e-05,0.2268,3.05,1.338,2.4,0.2109,9.702,0.5017,8.864
2022-04-07T19:46:44,43504.63,3224.11,118.11,0.2553,18.72,69.9,20.39,102.52,6.458,179.22,0.6992,0.02548,0.00799,2.528,1.641,2.56,1.5,3.883,168.19,14.95,0.9645,1.646,0.566,2.525,436.2,1.086,54.02,0.7828,11.02,2.478e-05,0.2268,3.05,1.338,2.4,0.2109,9.704,0.5022,8.862
2022-04-07T19:47:14,43519.14,3225.71,118.13,0.2553,18.7,70,20.41,102.58,6.469,179.21,0.6997,0.02555,0.00799,2.527,1.641,2.56,1.501,3.883,168.23,14.95,0.9645,1.647,0.566,2.526,436.45,1.086,54.1,0.783,11.02,2.478e-05,0.2268,3.051,1.339,2.402,0.2109,9.702,0.502,8.867
2022-04-07T19:47:44,43520.59,3226.54,118.14,0.2555,18.7,69.9,20.42,102.62,6.466,179.23,0.6956,0.02553,0.00799,2.528,1.641,2.56,1.501,3.895,168.33,14.95,0.9645,1.647,0.566,2.528,436.62,1.086,54.17,0.7833,11.04,2.479e-05,0.2268,3.051,1.34,2.404,0.2109,9.702,0.502,8.868
2022-04-07T19:48:14,43486.25,3224.6,118.11,0.2552,18.7,69.9,20.43,102.56,6.459,179.04,0.6957,0.02554,0.00799,2.528,1.639,2.56,1.501,3.89,168.23,14.94,0.9645,1.649,0.566,2.526,436.76,1.086,54.15,0.7834,11.04,2.478e-05,0.227,3.051,1.339,2.403,0.2109,9.689,0.502,8.863
2022-04-07T19:48:45,43443.74,3223.74,117.92,0.2551,18.7,69.9,20.41,102.45,6.463,178.89,0.6957,0.02545,0.00799,2.528,1.639,2.56,1.501,3.889,168.15,14.94,0.9645,1.649,0.566,2.525,436.37,1.085,54.12,0.7829,11.03,2.478e-05,0.2268,3.047,1.338,2.401,0.2109,9.677,0.502,8.858
2022-04-07T19:49:15,43441.1,3220.44,117.97,0.2546,18.7,69.9,20.39,102.36,6.458,178.9,0.6948,0.02543,0.007968,2.528,1.639,2.56,1.5,3.892,167.97,14.94,0.9645,1.648,0.566,2.52,435.95,1.085,54.09,0.7826,11.01,2.478e-05,0.2265,3.046,1.337,2.4,0.2109,9.669,0.5017,8.857
2022-04-07T19:49:45,43435.47,3219.86,117.98,0.2545,18.68,69.9,20.39,102.35,6.452,178.82,0.6916,0.02543,0.007968,2.528,1.639,2.56,1.498,3.882,167.94,14.94,0.9645,1.645,0.566,2.52,435.98,1.084,54.03,0.7825,11,2.477e-05,0.2263,3.046,1.335,2.4,0.2108,9.667,0.5013,8.854
2022-04-07T19:50:15,43447.18,3220.5,118.02,0.2546,18.69,69.9,20.39,102.38,6.453,178.86,0.6916,0.02547,0.007968,2.525,1.639,2.56,1.499,3.879,167.99,14.94,0.9645,1.643,0.566,2.521,436.02,1.085,54,0.7825,11.02,2.477e-05,0.2264,3.046,1.335,2.4,0.2108,9.66,0.501,8.85
2022-04-07T19:50:45,43438.55,3220.79,118.15,0.2545,18.69,69.9,20.39,102.47,6.46,178.84,0.6935,0.02546,0.007968,2.522,1.64,2.56,1.499,3.881,167.98,14.94,0.9645,1.647,0.566,2.521,436.02,1.084,53.99,0.7825,11.02,2.478e-05,0.2264,3.047,1.335,2.4,0.2108,9.658,0.5011,8.852
2022-04-07T19:51:15,43422.54,3219.69,117.96,0.2545,18.69,69.8,20.39,102.41,6.456,178.73,0.6949,0.02546,0.007968,2.52,1.64,2.56,1.498,3.878,167.91,14.92,0.9645,1.647,0.566,2.52,435.8,1.084,53.98,0.7822,11.02,2.477e-05,0.2263,3.045,1.335,2.398,0.2108,9.653,0.4998,8.847
2022-04-07T19:51:45,43411.26,3219.43,118.02,0.2542,18.7,69.8,20.38,102.38,6.459,178.73,0.696,0.02545,0.007966,2.518,1.64,2.56,1.498,3.876,167.79,14.92,0.9645,1.647,0.566,2.518,435.64,1.084,53.98,0.7822,11,2.478e-05,0.2263,3.044,1.335,2.397,0.2107,9.646,0.4989,8.85
2022-04-07T19:52:15,43452.9,3222.67,118.14,0.2546,18.7,69.8,20.4,102.48,6.456,178.96,0.696,0.02545,0.007966,2.522,1.64,2.56,1.501,3.882,168.12,14.92,0.9645,1.647,0.566,2.522,435.94,1.085,53.99,0.7826,11.01,2.477e-05,0.2266,3.047,1.336,2.399,0.2109,9.649,0.4996,8.85
2022-04-07T19:52:45,43482.79,3225.27,118.26,0.2546,18.7,69.8,20.4,102.58,6.44,179.02,0.6965,0.02551,0.007966,2.52,1.639,2.56,1.502,3.885,168.43,14.92,0.9645,1.647,0.566,2.524,436.11,1.086,54.04,0.783,11.01,2.478e-05,0.2266,3.051,1.337,2.4,0.211,9.653,0.4999,8.851
2022-04-07T19:53:16,43477.01,3224.99,118.28,0.2549,18.7,69.8,20.42,102.54,6.435,179.09,0.6948,0.02551,0.007966,2.52,1.64,2.56,1.501,3.885,168.53,14.92,0.9645,1.647,0.566,2.525,436.3,1.086,54.06,0.7829,11.02,2.479e-05,0.2268,3.051,1.338,2.401,0.211,9.653,0.4996,8.859
2022-04-07T19:53:46,43453.39,3224.58,118.43,0.255,18.7,69.8,20.42,102.51,6.425,179.02,0.696,0.02548,0.007966,2.519,1.639,2.56,1.501,3.88,168.49,14.92,0.9645,1.647,0.566,2.524,436.27,1.085,54.06,0.7827,11.02,2.477e-05,0.2267,3.049,1.337,2.4,0.211,9.65,0.4994,8.856
2022-04-07T19:54:16,43443.21,3221.43,118.31,0.2544,18.7,69.8,20.41,102.47,6.422,178.98,0.696,0.02548,0.007966,2.522,1.639,2.56,1.5,3.88,168.38,14.92,0.9645,1.647,0.566,2.522,435.89,1.084,54.07,0.7825,10.99,2.478e-05,0.2265,3.047,1.336,2.399,0.211,9.643,0.4993,8.854
2022-04-07T19:54:46,43432.02,3221,118.28,0.2543,18.7,69.8,20.37,102.31,6.415,178.86,0.696,0.02546,0.007966,2.519,1.639,2.56,1.5,3.882,168.29,14.92,0.9645,1.647,0.566,2.522,435.61,1.085,54.01,0.7817,10.99,2.477e-05,0.2264,3.044,1.335,2.397,0.2108,9.638,0.4989,8.849
2022-04-07T19:55:16,43415.06,3219.33,118,0.2541,18.67,69.7,20.37,102.27,6.409,178.83,0.696,0.02547,0.007966,2.52,1.638,2.55,1.499,3.878,168.26,14.92,0.9645,1.647,0.566,2.52,435.62,1.084,53.98,0.7816,10.98,2.473e-05,0.2263,3.044,1.334,2.397,0.2107,9.63,0.499,8.845
2022-04-07T19:55:46,43402.01,3218.99,117.95,0.2541,18.66,69.7,20.37,102.25,6.423,178.74,0.696,0.02546,0.007966,2.518,1.636,2.55,1.498,3.878,168.06,14.92,0.9645,1.642,0.566,2.518,435.52,1.084,53.94,0.7815,10.97,2.472e-05,0.2263,3.044,1.334,2.396,0.2107,9.629,0.4991,8.846
2022-04-07T19:56:16,43398.33,3218.06,117.88,0.254,18.66,69.5,20.35,102.22,6.426,178.71,0.696,0.02545,0.00796,2.517,1.636,2.55,1.497,3.878,168,14.95,0.9645,1.643,0.566,2.518,435.3,1.084,53.94,0.7812,10.97,2.471e-05,0.2262,3.043,1.333,2.395,0.2106,9.63,0.4986,8.842
2022-04-07T19:56:46,43398.9,3219.39,117.84,0.254,18.69,69.4,20.35,102.15,6.432,178.77,0.6925,0.02542,0.00796,2.519,1.636,2.55,1.497,3.874,167.95,14.95,0.9645,1.643,0.566,2.517,435.24,1.084,53.93,0.7814,10.98,2.471e-05,0.2262,3.044,1.332,2.395,0.2106,9.628,0.4984,8.842
2022-04-07T19:57:16,43417.44,3219.95,117.91,0.254,18.69,69.7,20.35,102.21,6.44,178.85,0.6935,0.02543,0.00796,2.518,1.636,2.55,1.498,3.877,167.94,14.95,0.9645,1.643,0.566,2.519,435.39,1.084,53.96,0.7816,10.98,2.471e-05,0.2262,3.045,1.332,2.396,0.2106,9.64,0.4986,8.843
2022-04-07T19:57:46,43402.25,3219.79,117.91,0.2541,18.69,69.7,20.37,102.23,6.443,178.83,0.6944,0.02544,0.00796,2.52,1.637,2.55,1.497,3.876,167.76,14.95,0.9645,1.643,0.566,2.517,435.4,1.083,53.97,0.7814,10.97,2.471e-05,0.2262,3.045,1.332,2.396,0.2106,9.647,0.499,8.839
2022-04-07T19:58:17,43388.49,3218.41,117.78,0.2542,18.69,69.7,20.35,102.19,6.443,178.81,0.6944,0.02544,0.00796,2.519,1.636,2.55,1.497,3.865,167.62,14.95,0.9645,1.643,0.566,2.516,435.28,1.083,53.96,0.7813,10.96,2.47e-05,0.2262,3.044,1.332,2.396,0.2105,9.64,0.4987,8.839
2022-04-07T19:58:47,43384.11,3218.46,117.76,0.2537,18.69,69.7,20.36,102.16,6.442,178.81,0.6944,0.02541,0.00796,2.515,1.636,2.55,1.496,3.862,167.43,14.95,0.9645,1.648,0.566,2.515,435.24,1.083,53.95,0.7811,10.96,2.47e-05,0.2262,3.042,1.332,2.395,0.2105,9.635,0.4984,8.839
2022-04-07T19:59:17,43385.44,3218.23,117.84,0.2541,18.69,69.7,20.36,102.13,6.438,178.95,0.6944,0.02543,0.007973,2.512,1.636,2.55,1.498,3.862,167.55,14.95,0.9645,1.648,0.566,2.515,435.2,1.083,53.95,0.7809,10.96,2.47e-05,0.2262,3.043,1.331,2.395,0.2106,9.639,0.4985,8.838
2022-04-07T19:59:47,43380.4,3217.36,117.76,0.2539,18.66,69.7,20.35,102.09,6.434,178.87,0.6943,0.02542,0.007973,2.513,1.636,2.55,1.497,3.858,167.52,14.95,0.9645,1.647,0.566,2.512,434.95,1.083,53.95,0.7809,10.96,2.469e-05,0.2262,3.042,1.331,2.394,0.2106,9.642,0.498,8.839
2022-04-07T20:00:17,43382.09,3217.03,117.74,0.2538,18.66,69.7,20.35,102.04,6.433,178.85,0.6942,0.02542,0.007973,2.511,1.636,2.55,1.497,3.856,167.55,14.95,0.9645,1.647,0.566,2.513,434.8,1.082,53.95,0.7809,10.96,2.468e-05,0.2262,3.042,1.332,2.394,0.2105,9.671,0.498,8.838
2022-04-07T20:00:47,43405.95,3220.65,117.95,0.2546,18.66,69.7,20.36,102.17,6.449,178.97,0.6943,0.02549,0.007973,2.51,1.636,2.55,1.499,3.856,167.68,14.95,0.9645,1.646,0.566,2.518,435.39,1.083,53.99,0.7812,10.96,2.47e-05,0.2262,3.043,1.332,2.395,0.2106,9.678,0.4988,8.841
2022-04-07T20:01:17,43418.79,3223.15,117.94,0.2549,18.71,69.7,20.36,102.28,6.452,178.99,0.6953,0.02545,0.007973,2.51,1.636,2.55,1.498,3.858,167.8,14.95,0.9645,1.646,0.566,2.518,435.42,1.084,54,0.7811,10.98,2.471e-05,0.2263,3.045,1.334,2.397,0.2106,9.676,0.4988,8.841
2022-04-07T20:01:47,43397.15,3220.99,117.83,0.2546,18.71,69.5,20.34,102.33,6.448,178.89,0.6954,0.02545,0.007959,2.512,1.637,2.55,1.498,3.858,167.62,14.95,0.9645,1.646,0.566,2.516,435.41,1.083,54.03,0.7808,10.98,2.471e-05,0.2264,3.043,1.333,2.395,0.2106,9.683,0.5,8.838
2022-04-07T20:02:17,43393.99,3220.12,117.82,0.2542,18.71,69.5,20.34,102.3,6.448,178.83,0.6953,0.02543,0.007954,2.512,1.637,2.55,1.498,3.858,167.59,14.95,0.9645,1.646,0.566,2.516,435.28,1.083,54.02,0.7804,10.98,2.468e-05,0.2264,3.042,1.333,2.395,0.2106,9.673,0.4998,8.842
2022-04-07T20:02:48,43399.15,3220.29,117.71,0.2545,18.71,69.5,20.35,102.39,6.45,178.92,0.6941,0.02543,0.007954,2.51,1.637,2.55,1.498,3.86,167.62,14.95,0.9645,1.647,0.566,2.516,435.25,1.083,54.02,0.7806,11,2.467e-05,0.2264,3.042,1.333,2.395,0.2106,9.677,0.4998,8.837
2022-04-07T20:03:18,43413.55,3221.67,117.85,0.2545,18.71,69.5,20.35,102.49,6.448,179.07,0.6942,0.02543,0.007964,2.511,1.64,2.55,1.498,3.861,167.73,14.95,0.9645,1.647,0.566,2.516,435.34,1.083,54.03,0.7803,11.04,2.467e-05,0.2264,3.045,1.334,2.395,0.2107,9.692,0.5004,8.835
2022-04-07T20:03:48,43410.94,3220.96,117.75,0.2548,18.7,69.5,20.36,102.55,6.449,179.01,0.6942,0.02544,0.007967,2.515,1.645,2.55,1.498,3.86,167.78,14.95,0.9645,1.647,0.566,2.517,435.41,1.083,54.06,0.7802,11.04,2.468e-05,0.2264,3.044,1.334,2.395,0.2106,9.692,0.5004,8.839
2022-04-07T20:04:18,43413.02,3220.98,117.73,0.2549,18.7,69.5,20.36,102.6,6.465,179.15,0.6956,0.02543,0.007967,2.513,1.645,2.55,1.497,3.86,167.79,14.95,0.9645,1.647,0.566,2.517,435.35,1.083,54.06,0.7803,11.04,2.469e-05,0.2264,3.044,1.334,2.395,0.2107,9.692,0.5004,8.84
2022-04-07T20:04:48,43393.2,3219.33,117.44,0.2545,18.7,69.4,20.34,102.53,6.461,179.13,0.6948,0.02542,0.00795,2.516,1.645,2.55,1.497,3.86,167.72,14.95,0.9645,1.648,0.566,2.516,435.32,1.083,54.1,0.7802,11.02,2.468e-05,0.2265,3.043,1.333,2.395,0.2106,9.674,0.5004,8.84
2022-04-07T20:05:18,43406.21,3219.64,117.38,0.255,18.72,69.4,20.36,102.54,6.464,179.14,0.6948,0.02541,0.007965,2.517,1.644,2.55,1.497,3.863,167.79,14.95,0.9645,1.648,0.566,2.514,435.37,1.083,54.1,0.7802,11,2.468e-05,0.2265,3.043,1.333,2.395,0.2106,9.678,0.4998,8.839
2022-04-07T20:05:48,43403.66,3219.66,117.37,0.2554,18.67,69.5,20.37,102.57,6.459,179.16,0.6948,0.02541,0.007952,2.519,1.643,2.55,1.497,3.863,167.77,14.95,0.9645,1.648,0.566,2.515,435.29,1.083,54.09,0.7802,11,2.467e-05,0.2265,3.043,1.332,2.395,0.2106,9.68,0.4998,8.838
2022-04-07T20:06:19,43400.08,3219.66,117.31,0.2558,18.67,69.4,20.36,102.55,6.458,179.2,0.6948,0.02542,0.007952,2.518,1.642,2.55,1.497,3.863,167.82,14.95,0.9645,1.648,0.566,2.516,435.26,1.084,54.09,0.7803,11,2.467e-05,0.2265,3.043,1.332,2.395,0.2106,9.692,0.4998,8.834
2022-04-07T20:06:49,43400.82,3219.68,117.39,0.2554,18.5,69.5,20.36,102.5,6.462,179.23,0.6948,0.02543,0.007952,2.516,1.642,2.55,1.497,3.863,167.82,14.95,0.9645,1.648,0.566,2.515,435.3,1.083,54.09,0.7802,11,2.467e-05,0.2265,3.043,1.332,2.394,0.2106,9.699,0.4998,8.838
2022-04-07T20:07:19,43406.5,3219.14,117.26,0.2553,18.5,69.5,20.35,102.47,6.466,179.23,0.6947,0.02542,0.007952,2.518,1.643,2.55,1.498,3.863,167.73,14.95,0.9645,1.648,0.566,2.515,435.47,1.083,54.08,0.7803,11,2.467e-05,0.2265,3.043,1.332,2.394,0.2106,9.699,0.5004,8.848
2022-04-07T20:07:49,43406.56,3219.09,117.28,0.2556,18.5,69.5,20.35,102.44,6.466,179.24,0.6947,0.02541,0.007952,2.519,1.643,2.55,1.498,3.862,167.75,14.95,0.9645,1.648,0.566,2.515,435.48,1.083,54.09,0.7803,11,2.466e-05,0.2265,3.042,1.332,2.394,0.2107,9.701,0.5007,8.843
2022-04-07T20:08:19,43422.76,3221.34,117.46,0.2557,18.5,69.5,20.35,102.54,6.469,179.3,0.6942,0.02543,0.007952,2.52,1.642,2.55,1.498,3.866,167.87,14.95,0.9645,1.649,0.566,2.515,435.74,1.084,54.1,0.7807,11,2.468e-05,0.2265,3.043,1.332,2.394,0.2107,9.72,0.501,8.848
2022-04-07T20:08:49,43428.66,3220.89,117.61,0.2558,18.5,69.5,20.34,102.6,6.464,179.42,0.6942,0.02544,0.007949,2.523,1.642,2.55,1.498,3.868,167.93,14.95,0.9645,1.648,0.566,2.516,435.75,1.084,54.13,0.7809,11.01,2.469e-05,0.2265,3.044,1.332,2.394,0.2107,9.719,0.5014,8.848
2022-04-07T20:09:20,43436.45,3221.25,117.73,0.2559,18.5,69.5,20.34,102.66,6.464,179.48,0.6942,0.02544,0.00795,2.525,1.641,2.55,1.498,3.868,168.06,14.98,0.9645,1.648,0.566,2.516,435.81,1.084,54.13,0.7808,11.02,2.469e-05,0.2265,3.044,1.333,2.395,0.2107,9.725,0.5018,8.848
2022-04-07T20:09:50,43433.21,3221.73,117.7,0.2557,18.55,69.4,20.33,102.77,6.467,179.43,0.6942,0.02546,0.00796,2.525,1.642,2.55,1.499,3.868,168.01,14.98,0.9645,1.648,0.566,2.517,435.99,1.084,54.14,0.7808,11.02,2.469e-05,0.2265,3.044,1.333,2.395,0.2108,9.736,0.5018,8.844
2022-04-07T20:10:20,43414.59,3221.85,117.69,0.2557,18.55,69.4,20.32,102.8,6.47,179.46,0.6942,0.02544,0.00796,2.524,1.642,2.55,1.497,3.867,168,14.98,0.9645,1.648,0.566,2.517,435.98,1.084,54.17,0.7809,11.02,2.469e-05,0.2265,3.044,1.333,2.395,0.2107,9.736,0.5018,8.849
2022-04-07T20:10:50,43418.95,3221.67,117.7,0.2558,18.54,69.4,20.31,102.78,6.475,179.42,0.6919,0.02543,0.00796,2.524,1.641,2.55,1.497,3.868,168,14.98,0.9645,1.648,0.566,2.517,435.99,1.085,54.17,0.781,11.02,2.467e-05,0.2265,3.044,1.333,2.395,0.2108,9.739,0.5016,8.85
2022-04-07T20:11:20,43422.86,3222.05,117.7,0.2561,18.54,69.4,20.31,102.77,6.476,179.46,0.6932,0.02545,0.00796,2.523,1.642,2.55,1.497,3.87,168.07,14.98,0.9645,1.648,0.566,2.518,435.98,1.085,54.17,0.781,11.02,2.467e-05,0.2265,3.045,1.333,2.395,0.2108,9.735,0.5016,8.846
2022-04-07T20:11:50,43420.51,3222.22,117.55,0.256,18.54,69.4,20.31,102.71,6.476,179.51,0.6932,0.02546,0.00796,2.524,1.642,2.55,1.497,3.871,168.02,14.98,0.9645,1.648,0.566,2.518,436,1.084,54.18,0.781,11.02,2.467e-05,0.2265,3.045,1.334,2.395,0.2108,9.739,0.502,8.851
2022-04-07T20:12:20,43424.06,3224.14,117.58,0.2561,18.54,69.6,20.32,102.8,6.475,179.62,0.6932,0.02545,0.00796,2.524,1.641,2.55,1.497,3.87,168.03,14.98,0.9645,1.648,0.566,2.518,436.08,1.085,54.2,0.7814,11.02,2.468e-05,0.227,3.046,1.335,2.396,0.2109,9.739,0.5026,8.851
2022-04-07T20:12:50,43416.29,3222.99,117.55,0.256,18.54,69.6,20.3,102.77,6.477,179.58,0.6932,0.02541,0.007947,2.521,1.641,2.55,1.497,3.872,167.87,14.98,0.9645,1.649,0.566,2.515,436.05,1.085,54.21,0.7813,11.02,2.468e-05,0.227,3.043,1.335,2.395,0.2109,9.741,0.5025,8.85
2022-04-07T20:13:20,43424.66,3224.05,117.6,0.2561,18.58,69.6,20.31,102.8,6.474,179.69,0.6932,0.0254,0.007933,2.521,1.642,2.55,1.499,3.878,167.83,14.98,0.9645,1.642,0.566,2.517,436.26,1.085,54.22,0.7812,11.02,2.468e-05,0.227,3.045,1.334,2.395,0.211,9.746,0.503,8.862
2022-04-07T20:13:50,43429.32,3224.35,117.6,0.2562,18.58,69.6,20.31,102.82,6.474,179.69,0.6932,0.02541,0.007933,2.521,1.642,2.55,1.499,3.878,167.92,14.98,0.9645,1.642,0.566,2.518,436.37,1.085,54.24,0.782,11.02,2.468e-05,0.227,3.045,1.335,2.395,0.2109,9.753,0.5026,8.859
2022-04-07T20:14:21,43440.74,3225.39,117.71,0.2566,18.58,69.6,20.32,102.84,6.479,179.77,0.6947,0.02545,0.007933,2.522,1.641,2.55,1.499,3.885,168.02,14.98,0.9645,1.644,0.566,2.517,436.48,1.085,54.25,0.7821,11.02,2.468e-05,0.227,3.047,1.335,2.397,0.2111,9.763,0.5028,8.869
2022-04-07T20:14:51,43442.79,3224.94,117.67,0.2566,18.58,69.6,20.31,102.85,6.48,179.75,0.6947,0.02542,0.007933,2.519,1.641,2.55,1.499,3.888,168.01,14.98,0.9645,1.644,0.566,2.519,436.62,1.084,54.25,0.7821,11.02,2.468e-05,0.227,3.047,1.335,2.397,0.2111,9.768,0.5028,8.864
2022-04-07T20:15:21,43430.58,3225.05,117.71,0.2566,18.58,69.6,20.31,102.9,6.48,179.77,0.6947,0.02541,0.007933,2.521,1.643,2.55,1.499,3.888,168.03,14.98,0.9645,1.644,0.566,2.518,436.55,1.084,54.25,0.782,11.02,2.468e-05,0.227,3.047,1.335,2.397,0.2112,9.768,0.5022,8.868
2022-04-07T20:15:51,43431.87,3224.85,117.67,0.2563,18.58,69.6,20.31,102.86,6.481,179.77,0.6947,0.02539,0.007933,2.521,1.644,2.55,1.499,3.889,167.98,14.98,0.9645,1.645,0.566,2.518,436.54,1.084,54.23,0.7819,11.02,2.468e-05,0.227,3.047,1.334,2.397,0.2112,9.774,0.5017,8.87
2022-04-07T20:16:21,43428.96,3224.61,117.74,0.2563,18.58,69.5,20.31,102.81,6.485,179.73,0.6947,0.02533,0.007933,2.52,1.643,2.55,1.499,3.888,167.94,14.98,0.9645,1.645,0.566,2.518,436.44,1.084,54.23,0.7819,11.02,2.468e-05,0.227,3.047,1.334,2.397,0.2112,9.772,0.5019,8.866
2022-04-07T20:16:51,43420.94,3224.38,117.7,0.2559,18.57,69.6,20.31,102.75,6.538,179.7,0.6944,0.02534,0.007933,2.519,1.644,2.55,1.499,3.887,167.87,14.98,0.9645,1.646,0.566,2.517,436.31,1.084,54.22,0.7816,11.02,2.468e-05,0.227,3.046,1.334,2.397,0.2111,9.752,0.5013,8.869
2022-04-07T20:17:22,43410.27,3223.22,117.68,0.2559,18.57,69.6,20.3,102.74,6.538,179.74,0.6928,0.02532,0.007933,2.52,1.644,2.55,1.498,3.886,167.8,14.98,0.9645,1.646,0.566,2.517,436.34,1.084,54.21,0.7816,11.02,2.467e-05,0.2269,3.045,1.333,2.396,0.211,9.729,0.5012,8.867
2022-04-07T20:17:52,43418.49,3224.17,117.83,0.2559,18.57,69.6,20.3,102.69,6.536,179.79,0.6928,0.02532,0.007933,2.52,1.644,2.55,1.497,3.886,167.89,14.98,0.9645,1.646,0.566,2.517,436.29,1.084,54.22,0.7817,11.01,2.467e-05,0.2269,3.047,1.334,2.396,0.211,9.737,0.501,8.867
2022-04-07T20:18:22,43422.18,3224.13,117.75,0.2562,18.57,69.6,20.3,102.64,6.536,179.84,0.6928,0.02531,0.007933,2.52,1.644,2.55,1.498,3.886,167.89,14.98,0.9645,1.642,0.566,2.518,436.31,1.085,54.24,0.7817,11.01,2.467e-05,0.2269,3.047,1.335,2.397,0.2111,9.741,0.5014,8.862
2022-04-07T20:18:52,43422.06,3223.87,117.74,0.2562,18.57,69.6,20.3,102.64,6.534,179.84,0.6928,0.0253,0.007944,2.518,1.644,2.55,1.498,3.886,167.88,14.98,0.9645,1.642,0.566,2.517,436.33,1.085,54.24,0.7817,11.01,2.468e-05,0.2269,3.047,1.335,2.397,0.2111,9.739,0.5015,8.867
2022-04-07T20:19:22,43437.08,3224.3,117.78,0.2564,18.53,69.6,20.32,102.61,6.532,179.9,0.6928,0.02529,0.007944,2.517,1.643,2.55,1.498,3.89,167.86,14.98,0.9645,1.643,0.566,2.517,436.28,1.084,54.24,0.7818,11.02,2.468e-05,0.2271,3.048,1.335,2.397,0.2111,9.746,0.5022,8.869
2022-04-07T20:19:52,43439.24,3224.39,117.76,0.2564,18.54,69.6,20.32,102.62,6.531,179.91,0.6928,0.0253,0.007944,2.517,1.643,2.55,1.497,3.888,167.86,14.98,0.9645,1.643,0.566,2.517,436.43,1.085,54.23,0.7817,11.03,2.468e-05,0.2271,3.048,1.334,2.398,0.2111,9.745,0.5024,8.875
2022-04-07T20:20:22,43446.16,3224.63,117.71,0.2565,18.54,69.5,20.33,102.61,6.54,179.91,0.6944,0.02529,0.007944,2.518,1.643,2.55,1.497,3.888,167.86,14.98,0.9645,1.646,0.566,2.517,436.33,1.085,54.23,0.7819,11.03,2.468e-05,0.2271,3.048,1.335,2.399,0.2111,9.745,0.5024,8.873
2022-04-07T20:20:52,43448.87,3224.84,117.71,0.2565,18.54,69.5,20.32,102.53,6.535,179.93,0.6944,0.02531,0.007944,2.511,1.643,2.55,1.498,3.889,167.92,14.98,0.9645,1.646,0.566,2.517,436.48,1.084,54.22,0.7818,11.05,2.469e-05,0.2271,3.048,1.335,2.399,0.211,9.746,0.5024,8.878
2022-04-07T20:21:23,43423.38,3224.62,117.67,0.2562,18.54,69.5,20.32,102.44,6.536,179.83,0.6944,0.02529,0.007944,2.505,1.643,2.55,1.497,3.886,167.82,14.91,0.9645,1.645,0.566,2.515,436.42,1.084,54.22,0.7817,11.03,2.47e-05,0.2272,3.047,1.335,2.398,0.211,9.743,0.5023,8.877
2022-04-07T20:21:53,43396.19,3219.98,117.53,0.256,18.54,69.5,20.29,102.24,6.527,179.7,0.6944,0.02527,0.007944,2.503,1.644,2.55,1.497,3.886,167.75,14.91,0.9645,1.648,0.566,2.513,436.25,1.083,54.18,0.781,11.01,2.466e-05,0.2265,3.04,1.333,2.393,0.2109,9.726,0.5019,8.878
2022-04-07T20:22:23,43393.02,3219.81,117.53,0.256,18.54,69.5,20.29,102.14,6.526,179.61,0.6944,0.02527,0.007944,2.506,1.643,2.55,1.495,3.882,167.61,14.9,0.9645,1.648,0.566,2.513,435.92,1.082,54.14,0.781,11.01,2.466e-05,0.2265,3.039,1.333,2.393,0.2107,9.723,0.5018,8.872
2022-04-07T20:22:53,43390.63,3219.95,117.55,0.2557,18.56,69.5,20.28,102.16,6.527,179.53,0.6945,0.02529,0.007944,2.506,1.643,2.55,1.495,3.88,167.59,14.9,0.9645,1.645,0.566,2.512,435.96,1.082,54.12,0.7809,11.01,2.465e-05,0.2265,3.039,1.332,2.393,0.2107,9.724,0.5014,8.868
2022-04-07T20:23:23,43432.98,3223.22,117.73,0.2562,18.56,69.5,20.3,102.28,6.531,179.75,0.6929,0.02528,0.007914,2.506,1.643,2.55,1.496,3.883,167.62,14.9,0.9645,1.645,0.566,2.512,436.02,1.084,54.16,0.7811,11.01,2.468e-05,0.2267,3.041,1.335,2.394,0.2108,9.742,0.5013,8.872
2022-04-07T20:23:53,43432.87,3223.62,117.73,0.2564,18.56,69.5,20.31,102.31,6.534,179.71,0.6929,0.02528,0.007923,2.506,1.643,2.55,1.497,3.883,167.84,14.9,0.9645,1.645,0.566,2.515,436.35,1.084,54.18,0.7813,11.01,2.468e-05,0.2269,3.041,1.335,2.394,0.2108,9.743,0.5019,8.877
2022-04-07T20:24:23,43432.4,3223.62,117.78,0.2564,18.56,69.5,20.32,102.33,6.541,179.45,0.6955,0.02534,0.007923,2.505,1.643,2.55,1.497,3.889,167.84,14.9,0.9645,1.648,0.566,2.515,436.3,1.083,54.19,0.782,11.01,2.469e-05,0.2269,3.041,1.337,2.395,0.2109,9.762,0.5023,8.873
2022-04-07T20:24:53,43427.25,3222.88,117.69,0.2561,18.56,69.5,20.3,102.3,6.539,179.15,0.6957,0.02533,0.007923,2.507,1.642,2.55,1.497,3.888,167.75,14.9,0.9645,1.65,0.566,2.514,436.2,1.083,54.15,0.7818,11.01,2.469e-05,0.2266,3.039,1.336,2.394,0.2108,9.757,0.5016,8.867
2022-04-07T20:25:23,43415.32,3222,117.62,0.2558,18.57,69.5,20.3,102.23,6.54,179.18,0.695,0.02531,0.007923,2.503,1.642,2.55,1.496,3.889,167.7,14.9,0.9645,1.652,0.566,2.513,436.11,1.083,54.16,0.7817,11.01,2.468e-05,0.2266,3.039,1.336,2.394,0.2108,9.758,0.5016,8.868
2022-04-07T20:25:54,43437.33,3222.4,117.67,0.2561,18.57,69.5,20.31,102.18,6.546,179.38,0.695,0.02536,0.007923,2.504,1.643,2.55,1.496,3.891,167.77,14.9,0.9645,1.654,0.566,2.513,436.18,1.084,54.17,0.7819,11.02,2.468e-05,0.2266,3.041,1.336,2.395,0.2109,9.753,0.5015,8.867
2022-04-07T20:26:24,43432.87,3222.26,117.59,0.2558,18.57,69.5,20.3,102.13,6.532,179.87,0.695,0.02537,0.007923,2.505,1.643,2.55,1.496,3.893,167.75,14.9,0.9645,1.655,0.566,2.513,436.16,1.083,54.17,0.7819,11.04,2.468e-05,0.2266,3.039,1.336,2.394,0.2108,9.746,0.5014,8.867
2022-04-07T20:26:54,43431.78,3222.47,117.63,0.256,18.57,69.5,20.3,102.11,6.535,179.99,0.6956,0.02534,0.0079,2.504,1.643,2.55,1.497,3.896,167.71,14.9,0.9645,1.655,0.566,2.513,436.13,1.083,54.17,0.7819,11.04,2.468e-05,0.2266,3.039,1.336,2.394,0.2108,9.736,0.5015,8.87
2022-04-07T20:27:24,43438.94,3223.19,117.63,0.2562,18.57,69.5,20.31,102.11,6.533,180.01,0.695,0.02535,0.0079,2.505,1.643,2.55,1.497,3.901,167.71,14.91,0.9645,1.655,0.566,2.515,436.18,1.083,54.18,0.7819,11.04,2.468e-05,0.2266,3.04,1.336,2.394,0.2108,9.731,0.5015,8.869
2022-04-07T20:27:54,43441.06,3222.25,117.56,0.2562,18.56,69.5,20.31,102.08,6.518,180.05,0.6951,0.02538,0.0079,2.506,1.643,2.55,1.496,3.903,167.65,14.91,0.9645,1.654,0.566,2.515,436.2,1.083,54.18,0.7819,11.03,2.468e-05,0.2266,3.039,1.335,2.394,0.2107,9.73,0.5016,8.866
2022-04-07T20:28:24,43442.23,3222.92,117.56,0.2564,18.56,69.5,20.31,101.99,6.523,179.96,0.6951,0.02533,0.0079,2.505,1.643,2.55,1.496,3.902,167.68,14.91,0.9645,1.655,0.566,2.514,436.12,1.083,54.18,0.7818,11.02,2.468e-05,0.2266,3.038,1.334,2.394,0.2108,9.742,0.5017,8.868
2022-04-07T20:28:54,43448.68,3223.16,117.64,0.2563,18.59,69.6,20.31,101.95,6.529,179.91,0.6951,0.02534,0.0079,2.505,1.643,2.55,1.495,3.902,167.67,14.91,0.9645,1.659,0.566,2.514,436.12,1.083,54.18,0.7819,11.02,2.469e-05,0.2267,3.04,1.335,2.395,0.2107,9.736,0.5017,8.868
2022-04-07T20:29:24,43455.34,3223.2,117.71,0.2565,18.59,69.6,20.31,102.01,6.528,179.97,0.6951,0.02534,0.007916,2.506,1.645,2.55,1.494,3.902,167.72,14.91,0.9645,1.664,0.566,2.516,436.13,1.083,54.19,0.7819,11.02,2.469e-05,0.2267,3.041,1.334,2.395,0.2107,9.74,0.5018,8.864
2022-04-07T20:29:54,43460.2,3223.36,117.7,0.2565,18.59,69.6,20.32,102.02,6.527,180,0.6951,0.02537,0.00792,2.507,1.644,2.55,1.495,3.902,167.74,14.91,0.9645,1.664,0.566,2.515,436.23,1.083,54.19,0.782,11.02,2.469e-05,0.2267,3.041,1.333,2.395,0.2108,9.739,0.5018,8.876
2022-04-07T20:30:25,43459.64,3223.32,117.78,0.2568,18.59,69.6,20.32,102.04,6.528,180.02,0.6961,0.02535,0.00792,2.507,1.644,2.55,1.496,3.913,167.83,14.91,0.9645,1.664,0.566,2.517,436.23,1.083,54.19,0.782,11.02,2.469e-05,0.2267,3.041,1.333,2.395,0.2107,9.739,0.5017,8.872
2022-04-07T20:30:55,43467.98,3224.83,117.97,0.2567,18.59,69.4,20.33,102.03,6.533,180.07,0.6961,0.02537,0.00792,2.508,1.644,2.55,1.497,3.919,167.9,14.91,0.9645,1.664,0.566,2.517,436.35,1.083,54.24,0.7821,11.02,2.469e-05,0.2268,3.042,1.335,2.396,0.2107,9.734,0.5019,8.871
2022-04-07T20:31:25,43476.06,3225.43,118.01,0.2567,18.62,69.4,20.33,102.03,6.524,180.07,0.6961,0.02536,0.00792,2.509,1.644,2.56,1.497,3.917,167.89,14.91,0.9645,1.663,0.566,2.517,436.36,1.083,54.25,0.7821,11.05,2.469e-05,0.2268,3.042,1.335,2.396,0.2108,9.735,0.5014,8.877
2022-04-07T20:31:55,43476.41,3225.41,118.03,0.2568,18.63,69.4,20.33,102.05,6.529,180.04,0.6961,0.02536,0.00792,2.508,1.645,2.56,1.497,3.917,167.92,14.91,0.9645,1.668,0.566,2.518,436.44,1.083,54.25,0.7822,11.05,2.47e-05,0.2271,3.041,1.335,2.395,0.2107,9.736,0.5013,8.877
2022-04-07T20:32:25,43474.9,3225.3,117.98,0.2572,18.63,69.6,20.33,101.95,6.53,179.96,0.6961,0.02536,0.00792,2.501,1.645,2.59,1.496,3.918,167.87,14.93,0.9645,1.665,0.566,2.518,436.3,1.084,54.27,0.7823,11.07,2.47e-05,0.2272,3.042,1.335,2.396,0.2107,9.735,0.5009,8.874
2022-04-07T20:32:55,43456.92,3224.22,117.96,0.257,18.61,69.5,20.32,101.8,6.521,179.83,0.6961,0.02533,0.007926,2.504,1.645,2.59,1.497,3.908,167.8,14.93,0.9645,1.665,0.566,2.518,436.21,1.083,54.25,0.782,11.07,2.47e-05,0.227,3.04,1.334,2.396,0.2107,9.726,0.5001,8.875
2022-04-07T20:33:25,43459.37,3224.52,117.96,0.2572,18.61,69.5,20.33,101.78,6.519,179.87,0.6964,0.02541,0.007926,2.501,1.645,2.59,1.497,3.908,167.84,14.93,0.9645,1.664,0.566,2.518,436,1.083,54.25,0.782,11.06,2.47e-05,0.2271,3.04,1.335,2.396,0.2106,9.71,0.5,8.873
2022-04-07T20:33:55,43466.09,3224.6,117.95,0.2574,18.61,69.5,20.33,101.82,6.519,179.91,0.6964,0.02543,0.007926,2.504,1.645,2.59,1.496,3.909,167.83,14.93,0.9645,1.663,0.566,2.518,436.01,1.083,54.25,0.7821,11.07,2.471e-05,0.2271,3.04,1.334,2.396,0.2106,9.707,0.5,8.876
2022-04-07T20:34:26,43468.76,3224.75,118.05,0.2574,18.61,69.5,20.33,101.83,6.531,180.18,0.6964,0.0255,0.007926,2.502,1.645,2.59,1.496,3.911,167.84,14.93,0.9645,1.659,0.566,2.518,436.06,1.083,54.25,0.7821,11.08,2.472e-05,0.2271,3.041,1.335,2.396,0.2107,9.705,0.5009,8.871
2022-04-07T20:34:56,43479.57,3225.67,118.03,0.2576,18.61,69.6,20.33,101.91,6.521,180.38,0.6964,0.02547,0.007926,2.503,1.645,2.59,1.497,3.911,167.89,14.93,0.9645,1.659,0.566,2.518,436.12,1.083,54.26,0.7823,11.1,2.474e-05,0.2271,3.042,1.336,2.397,0.2107,9.709,0.5009,8.872
2022-04-07T20:35:26,43488.85,3225.7,118.14,0.2578,18.66,69.6,20.34,101.93,6.507,180.47,0.6964,0.02548,0.007926,2.504,1.645,2.59,1.497,3.911,167.9,14.93,0.9645,1.656,0.566,2.518,436.24,1.083,54.3,0.7823,11.1,2.476e-05,0.2271,3.044,1.336,2.398,0.2106,9.727,0.5013,8.876
2022-04-07T20:35:56,43481.49,3225.74,118.14,0.2574,18.66,69.6,20.34,101.86,6.504,180.43,0.6965,0.02549,0.007926,2.503,1.645,2.59,1.496,3.912,167.99,14.93,0.9645,1.656,0.566,2.518,436.35,1.083,54.37,0.7823,11.1,2.478e-05,0.2273,3.045,1.336,2.398,0.2106,9.75,0.5015,8.877
2022-04-07T20:36:26,43481.64,3226.02,118.15,0.2574,18.66,69.6,20.33,101.8,6.503,180.35,0.6956,0.02549,0.007926,2.502,1.645,2.59,1.496,3.917,168.11,14.93,0.9645,1.658,0.566,2.516,436.4,1.083,54.42,0.7823,11.1,2.478e-05,0.2273,3.045,1.336,2.398,0.2107,9.753,0.5014,8.879
2022-04-07T20:36:56,43488.63,3228.68,118.3,0.2577,18.66,69.6,20.34,101.89,6.504,180.44,0.6972,0.02548,0.007926,2.502,1.646,2.59,1.498,3.914,168.27,14.93,0.9645,1.658,0.566,2.522,436.53,1.083,54.45,0.7825,11.07,2.478e-05,0.2274,3.047,1.337,2.4,0.2108,9.762,0.5013,8.877
2022-04-07T20:37:26,43510.56,3230.7,118.41,0.2577,18.66,69.6,20.36,101.89,6.504,180.48,0.6972,0.02551,0.007925,2.505,1.648,2.59,1.501,3.917,168.31,14.93,0.9645,1.658,0.566,2.524,436.8,1.083,54.45,0.7828,11.08,2.479e-05,0.2278,3.051,1.338,2.403,0.2108,9.765,0.5017,8.88
2022-04-07T20:37:56,43515.23,3231.02,118.33,0.2576,18.63,69.6,20.38,101.9,6.52,180.43,0.6972,0.02552,0.007925,2.506,1.648,2.6,1.501,3.917,168.32,14.93,0.9645,1.656,0.566,2.523,436.94,1.084,54.48,0.7829,11.08,2.479e-05,0.2278,3.051,1.339,2.404,0.2109,9.774,0.5019,8.883
2022-04-07T20:38:27,43518.58,3232.56,118.45,0.2577,18.63,69.6,20.39,101.91,6.529,180.96,0.6972,0.02552,0.007925,2.504,1.648,2.6,1.502,3.907,168.53,14.93,0.9645,1.66,0.566,2.527,436.98,1.084,54.5,0.7829,11.1,2.478e-05,0.2278,3.054,1.34,2.405,0.2109,9.779,0.5021,8.885
2022-04-07T20:38:57,43559.92,3235.67,118.6,0.2579,18.66,69.8,20.41,101.94,6.533,180.69,0.6972,0.02554,0.007925,2.509,1.646,2.6,1.503,3.907,168.6,14.93,0.9645,1.663,0.566,2.529,437.2,1.085,54.5,0.7834,11.1,2.479e-05,0.2279,3.058,1.341,2.406,0.2111,9.78,0.5024,8.89
2022-04-07T20:39:27,43553.93,3235.63,118.49,0.2579,18.67,69.8,20.41,102,6.532,180.79,0.6974,0.02554,0.007925,2.509,1.647,2.6,1.503,3.91,168.66,14.93,0.9691,1.663,0.566,2.529,437.22,1.084,54.47,0.7836,11.1,2.48e-05,0.2281,3.058,1.342,2.405,0.2112,9.803,0.5027,8.894
2022-04-07T20:39:57,43562.91,3237.55,118.65,0.2579,18.68,69.8,20.42,102.2,6.529,180.76,0.6973,0.02556,0.007938,2.509,1.647,2.6,1.505,3.916,168.74,14.93,0.9672,1.663,0.566,2.531,437.42,1.086,54.49,0.7838,11.1,2.48e-05,0.2283,3.06,1.343,2.41,0.2112,9.804,0.5032,8.898
2022-04-07T20:40:27,43556.34,3238.73,118.66,0.2577,18.68,69.8,20.43,102.22,6.528,180.84,0.6985,0.02556,0.007938,2.509,1.648,2.6,1.505,3.912,168.75,14.93,0.9672,1.668,0.566,2.532,437.44,1.086,54.56,0.7838,11.09,2.48e-05,0.2281,3.06,1.343,2.41,0.2111,9.813,0.5032,8.9
2022-04-07T20:40:57,43552.92,3238.33,118.65,0.2579,18.68,69.9,20.42,102.2,6.53,180.99,0.6992,0.02555,0.007945,2.509,1.647,2.58,1.504,3.911,168.77,14.93,0.9672,1.668,0.566,2.531,437.36,1.085,54.53,0.7838,11.08,2.48e-05,0.2281,3.059,1.343,2.408,0.2112,9.818,0.5031,8.901
2022-04-07T20:41:27,43537.65,3237.46,118.53,0.2576,18.68,69.9,20.42,102.23,6.53,180.89,0.6992,0.02555,0.007948,2.509,1.647,2.58,1.503,3.912,168.72,14.93,0.9672,1.662,0.566,2.53,437.26,1.085,54.51,0.7838,11.08,2.478e-05,0.2278,3.058,1.342,2.408,0.2112,9.811,0.5031,8.896
2022-04-07T20:41:58,43553.88,3238.46,118.58,0.2571,18.68,69.9,20.43,102.23,6.521,181.07,0.6992,0.02554,0.007948,2.511,1.647,2.58,1.505,3.914,168.99,14.93,0.9672,1.664,0.566,2.53,437.31,1.085,54.52,0.7837,11.08,2.479e-05,0.2278,3.059,1.343,2.408,0.2112,9.824,0.5033,8.899
2022-04-07T20:42:28,43540.85,3237.68,118.56,0.257,18.68,69.9,20.42,102.23,6.521,181.03,0.6992,0.02556,0.007948,2.508,1.648,2.58,1.504,3.914,168.92,14.93,0.9696,1.665,0.566,2.53,437.24,1.084,54.49,0.7835,11.06,2.479e-05,0.2278,3.059,1.342,2.408,0.2112,9.829,0.5033,8.899
2022-04-07T20:42:58,43533.77,3237.53,118.55,0.257,18.68,69.9,20.42,102.25,6.522,180.97,0.6992,0.02556,0.007948,2.509,1.647,2.58,1.504,3.914,168.96,14.93,0.9696,1.665,0.566,2.532,437.25,1.084,54.49,0.7833,11.06,2.479e-05,0.2278,3.059,1.343,2.408,0.2111,9.843,0.5034,8.894
2022-04-07T20:43:28,43541.75,3237.61,118.53,0.2574,18.68,69.9,20.42,102.3,6.523,180.98,0.7,0.02556,0.007948,2.509,1.647,2.58,1.504,3.914,168.94,14.93,0.9696,1.667,0.566,2.532,437.13,1.084,54.51,0.7831,11.04,2.479e-05,0.2278,3.059,1.343,2.408,0.2111,9.84,0.5032,8.893
2022-04-07T20:43:58,43549.49,3237.51,118.6,0.2575,18.68,69.9,20.43,102.29,6.523,181.03,0.7001,0.02557,0.007949,2.511,1.648,2.58,1.504,3.911,168.95,14.93,0.9696,1.667,0.566,2.533,437.31,1.084,54.51,0.7834,11.05,2.479e-05,0.2278,3.059,1.343,2.408,0.2112,9.825,0.5031,8.895
2022-04-07T20:44:28,43546.6,3237.97,118.6,0.2574,18.68,69.8,20.43,102.28,6.523,181.1,0.7006,0.02557,0.007949,2.509,1.648,2.58,1.503,3.913,168.96,14.93,0.9696,1.667,0.566,2.533,437.37,1.085,54.5,0.7833,11.05,2.479e-05,0.2278,3.058,1.343,2.408,0.2112,9.82,0.5032,8.896
2022-04-07T20:44:58,43547.48,3238.26,118.65,0.2574,18.68,69.9,20.43,102.31,6.527,181.26,0.7006,0.02557,0.007949,2.512,1.646,2.58,1.504,3.912,168.96,14.93,0.9696,1.672,0.566,2.533,437.31,1.085,54.51,0.783,11.06,2.479e-05,0.2278,3.059,1.343,2.408,0.2113,9.828,0.5032,8.901
2022-04-07T20:45:28,43559.02,3238.84,118.69,0.2574,18.69,69.9,20.44,102.28,6.527,181.04,0.7013,0.02557,0.007949,2.512,1.647,2.58,1.504,3.917,169.04,14.93,0.9696,1.675,0.566,2.535,437.34,1.087,54.52,0.7832,11.06,2.479e-05,0.2278,3.06,1.344,2.408,0.2113,9.84,0.5035,8.9
2022-04-07T20:45:58,43594.19,3241.71,118.75,0.2577,18.69,69.9,20.44,102.23,6.526,181.04,0.7013,0.0256,0.007949,2.51,1.648,2.58,1.505,3.925,169.35,14.93,0.9696,1.677,0.566,2.537,437.5,1.087,54.57,0.7837,11.06,2.48e-05,0.228,3.062,1.344,2.411,0.2115,9.842,0.5043,8.9
2022-04-07T20:46:29,43567.96,3241.63,118.7,0.2575,18.69,70,20.43,102.14,6.532,180.95,0.7013,0.0256,0.007949,2.51,1.647,2.58,1.505,3.921,169.24,14.93,0.9696,1.674,0.566,2.535,437.38,1.086,54.54,0.7833,11.07,2.479e-05,0.2282,3.059,1.344,2.409,0.2115,9.836,0.5038,8.901
2022-04-07T20:46:59,43562.28,3241.26,118.49,0.2575,18.69,70.1,20.42,102.05,6.528,180.87,0.7021,0.02567,0.007949,2.509,1.648,2.58,1.504,3.921,169.28,14.93,0.9696,1.675,0.566,2.533,437.36,1.087,54.54,0.783,11.06,2.479e-05,0.2282,3.059,1.344,2.409,0.2115,9.829,0.5039,8.902
2022-04-07T20:47:29,43565.48,3239.74,118.41,0.2575,18.69,70,20.42,102.03,6.528,180.88,0.7021,0.02567,0.007949,2.511,1.647,2.58,1.505,3.921,169.35,14.93,0.9696,1.675,0.566,2.532,437.32,1.087,54.54,0.7829,11.07,2.479e-05,0.2282,3.059,1.343,2.41,0.2114,9.824,0.504,8.902
2022-04-07T20:47:59,43572.18,3240.87,118.47,0.2577,18.67,70,20.43,102.06,6.532,180.93,0.7021,0.02571,0.007949,2.512,1.647,2.58,1.505,3.926,169.35,14.93,0.9696,1.677,0.566,2.533,437.35,1.087,54.58,0.7832,11.07,2.48e-05,0.2281,3.061,1.344,2.411,0.2116,9.823,0.506,8.9
2022-04-07T20:48:29,43579.78,3242.62,118.45,0.2577,18.67,70.4,20.43,102.1,6.529,180.83,0.7021,0.0257,0.007949,2.51,1.648,2.58,1.505,3.919,169.34,14.93,0.9696,1.677,0.566,2.533,437.44,1.087,54.6,0.7831,11.07,2.48e-05,0.2278,3.061,1.344,2.411,0.2115,9.824,0.5056,8.904
2022-04-07T20:48:59,43581.59,3242.8,118.42,0.2577,18.67,70.4,20.44,102.1,6.529,180.84,0.7021,0.02569,0.00794,2.511,1.648,2.58,1.506,3.92,169.33,14.93,0.9716,1.679,0.566,2.533,437.42,1.088,54.6,0.7832,11.07,2.48e-05,0.2278,3.061,1.344,2.411,0.2115,9.817,0.5057,8.91
2022-04-07T20:49:29,43585.21,3242.67,118.44,0.2577,18.67,70.4,20.43,102.14,6.533,180.79,0.7028,0.02569,0.00794,2.51,1.648,2.58,1.505,3.923,169.43,14.89,0.9716,1.68,0.566,2.531,437.35,1.088,54.6,0.7833,11.05,2.48e-05,0.2278,3.06,1.344,2.411,0.2115,9.809,0.5055,8.91
2022-04-07T20:49:59,43590.37,3242.77,118.41,0.2575,18.67,70.2,20.45,102.11,6.53,180.84,0.7029,0.02573,0.00794,2.511,1.648,2.58,1.506,3.921,169.43,14.89,0.9716,1.679,0.566,2.532,437.38,1.087,54.59,0.7833,11.05,2.48e-05,0.2278,3.059,1.344,2.409,0.2115,9.808,0.5054,8.907
2022-04-07T20:50:29,43587.27,3242.09,118.42,0.2577,18.67,70.2,20.45,102.11,6.526,180.79,0.7033,0.02571,0.00794,2.511,1.648,2.58,1.506,3.925,169.44,14.89,0.9716,1.676,0.566,2.532,437.31,1.087,54.58,0.7833,11.05,2.48e-05,0.2278,3.058,1.343,2.409,0.2116,9.804,0.5053,8.905
2022-04-07T20:50:59,43567.61,3240.86,118.28,0.2577,18.76,70.1,20.44,101.97,6.525,180.81,0.7033,0.02563,0.00794,2.508,1.648,2.58,1.505,3.917,169.27,14.89,0.9716,1.675,0.566,2.53,437.08,1.087,54.54,0.783,11.04,2.479e-05,0.2278,3.055,1.342,2.408,0.2115,9.796,0.5052,8.903
2022-04-07T20:51:30,43552.56,3239.1,118.24,0.2571,18.74,70.2,20.43,101.92,6.523,180.74,0.7038,0.02563,0.007953,2.507,1.647,2.58,1.505,3.921,169.23,14.89,0.9716,1.677,0.566,2.527,436.91,1.086,54.53,0.7828,11.02,2.476e-05,0.2278,3.054,1.341,2.406,0.2114,9.79,0.5052,8.9
2022-04-07T20:52:00,43553.79,3239.35,118.32,0.257,18.72,70.2,20.43,101.92,6.52,180.74,0.7038,0.02563,0.007953,2.507,1.648,2.58,1.505,3.921,169.19,14.89,0.9717,1.676,0.566,2.528,436.68,1.086,54.54,0.7828,11.03,2.476e-05,0.2278,3.054,1.34,2.406,0.2115,9.787,0.5049,8.893
2022-04-07T20:52:30,43569.64,3240.15,118.31,0.257,18.72,70.2,20.44,101.93,6.504,180.83,0.7037,0.02563,0.007953,2.508,1.647,2.58,1.505,3.918,169.21,14.89,0.9717,1.674,0.566,2.528,436.86,1.087,54.56,0.783,11.03,2.478e-05,0.2276,3.056,1.341,2.408,0.2115,9.792,0.5052,8.898
2022-04-07T20:53:00,43576.38,3240.36,118.32,0.2573,18.72,70.1,20.44,101.88,6.505,180.85,0.7039,0.02563,0.007953,2.509,1.647,2.58,1.505,3.918,169.15,14.89,0.9717,1.674,0.566,2.528,436.7,1.087,54.57,0.783,11.04,2.479e-05,0.2276,3.056,1.341,2.408,0.2115,9.789,0.5051,8.894
2022-04-07T20:53:30,43576.85,3240.34,118.34,0.2575,18.74,70.2,20.45,101.84,6.502,180.75,0.704,0.02562,0.007953,2.509,1.649,2.58,1.506,3.918,169.15,14.89,0.9717,1.674,0.566,2.527,436.86,1.086,54.57,0.783,11.04,2.48e-05,0.2276,3.056,1.341,2.408,0.2116,9.794,0.5051,8.907
2022-04-07T20:54:00,43576.5,3239.98,118.34,0.2574,18.75,70.3,20.44,101.83,6.502,180.67,0.704,0.02563,0.007953,2.509,1.649,2.58,1.505,3.921,169.16,14.89,0.9717,1.674,0.566,2.528,436.86,1.087,54.6,0.783,11.06,2.48e-05,0.2276,3.056,1.341,2.407,0.2115,9.793,0.5051,8.905
2022-04-07T20:54:30,43572.13,3240.05,118.38,0.2574,18.75,70.6,20.44,101.86,6.502,180.66,0.704,0.02564,0.007953,2.508,1.649,2.58,1.505,3.921,169.17,15,0.9717,1.674,0.566,2.527,436.74,1.087,54.6,0.7829,11.06,2.479e-05,0.2276,3.055,1.341,2.407,0.2116,9.793,0.5049,8.91
2022-04-07T20:55:00,43560.71,3239.35,118.42,0.257,18.75,70.6,20.44,101.82,6.507,180.69,0.704,0.02565,0.007983,2.51,1.648,2.58,1.506,3.918,169.09,15,0.9717,1.674,0.566,2.527,436.73,1.087,54.58,0.7829,11.04,2.479e-05,0.2276,3.054,1.341,2.406,0.2116,9.795,0.5049,8.91
2022-04-07T20:55:31,43560.47,3238.05,118.34,0.2569,18.75,70.4,20.44,101.77,6.506,180.76,0.7048,0.02563,0.007983,2.51,1.648,2.58,1.505,3.917,169.08,14.94,0.9717,1.674,0.566,2.526,436.59,1.086,54.56,0.7827,11.04,2.478e-05,0.2274,3.053,1.34,2.406,0.2116,9.797,0.5047,8.909
2022-04-07T20:56:01,43560.05,3237.67,118.38,0.2569,18.75,70.4,20.44,101.75,6.506,180.78,0.7047,0.02563,0.007983,2.509,1.648,2.58,1.505,3.917,169.06,14.94,0.9749,1.672,0.566,2.526,436.56,1.086,54.55,0.7826,11.01,2.474e-05,0.2274,3.053,1.34,2.405,0.2116,9.79,0.5046,8.904
2022-04-07T20:56:31,43562.13,3238.43,118.43,0.2569,18.75,70.4,20.45,101.75,6.506,180.78,0.7046,0.02562,0.007983,2.508,1.648,2.58,1.506,3.919,169.09,14.94,0.9749,1.672,0.566,2.527,436.65,1.086,54.59,0.7826,11.01,2.475e-05,0.2274,3.054,1.34,2.405,0.2115,9.776,0.5046,8.904
2022-04-07T20:57:01,43563.36,3237.83,118.43,0.2568,18.75,70.3,20.44,101.8,6.512,180.77,0.7049,0.02562,0.007983,2.51,1.648,2.58,1.505,3.919,169.09,14.94,0.9749,1.672,0.566,2.526,436.72,1.086,54.58,0.7826,11.01,2.475e-05,0.2274,3.053,1.34,2.405,0.2115,9.785,0.5034,8.904
2022-04-07T20:57:31,43548.67,3237.07,118.41,0.2568,18.75,70.2,20.44,101.77,6.517,180.88,0.7047,0.02556,0.007982,2.508,1.648,2.58,1.506,3.917,169.06,14.94,0.9749,1.672,0.566,2.526,436.66,1.087,54.56,0.7826,11.01,2.474e-05,0.2274,3.053,1.34,2.405,0.2115,9.785,0.5029,8.91
2022-04-07T20:58:01,43557.16,3237.19,118.43,0.2567,18.75,70.2,20.44,101.69,6.516,180.89,0.7047,0.02558,0.007982,2.509,1.648,2.58,1.506,3.92,169.04,14.94,0.9749,1.667,0.566,2.526,436.72,1.087,54.56,0.7825,11.01,2.474e-05,0.2274,3.053,1.34,2.405,0.2115,9.787,0.5027,8.909
2022-04-07T20:58:32,43557.1,3237.61,118.44,0.2569,18.75,70.3,20.45,101.67,6.517,180.85,0.7047,0.02558,0.007982,2.509,1.648,2.58,1.505,3.916,169.08,14.94,0.9749,1.667,0.566,2.526,436.69,1.087,54.55,0.7826,11.01,2.474e-05,0.2274,3.053,1.341,2.405,0.2115,9.786,0.5031,8.904
2022-04-07T20:59:02,43566.55,3238.2,118.42,0.257,18.75,70.2,20.45,101.71,6.517,180.86,0.7047,0.02557,0.007982,2.51,1.648,2.58,1.507,3.917,169.13,14.94,0.9749,1.669,0.566,2.528,436.87,1.087,54.55,0.7826,11.03,2.475e-05,0.2273,3.054,1.341,2.406,0.2115,9.779,0.5029,8.903
2022-04-07T20:59:32,43566.17,3238.15,118.4,0.257,18.66,70.2,20.45,101.79,6.519,180.79,0.7048,0.02556,0.007982,2.507,1.649,2.58,1.506,3.917,169.06,14.94,0.9749,1.669,0.566,2.528,436.77,1.087,54.53,0.7826,11.03,2.476e-05,0.2273,3.054,1.342,2.406,0.2115,9.77,0.5028,8.91
2022-04-07T21:00:02,43564.87,3238.14,118.4,0.2571,18.66,70.3,20.45,101.79,6.519,180.82,0.7047,0.02556,0.007983,2.508,1.649,2.58,1.506,3.918,169.09,14.94,0.9749,1.669,0.566,2.528,436.7,1.087,54.55,0.7824,11.03,2.475e-05,0.2273,3.053,1.342,2.405,0.2114,9.768,0.5026,8.91
2022-04-07T21:00:32,43576.54,3238.54,118.42,0.2573,18.66,70.3,20.46,101.77,6.523,180.79,0.7053,0.02559,0.007983,2.509,1.648,2.58,1.508,3.926,169.14,14.94,0.9749,1.67,0.566,2.53,436.8,1.087,54.56,0.7826,11.03,2.476e-05,0.2274,3.054,1.342,2.405,0.2115,9.763,0.5029,8.911
2022-04-07T21:01:02,43554.24,3234.71,118.17,0.2573,18.66,70.1,20.43,101.61,6.518,180.49,0.705,0.02553,0.00797,2.512,1.647,2.57,1.507,3.905,168.82,14.94,0.9749,1.67,0.566,2.521,436.14,1.086,54.48,0.7819,11.03,2.472e-05,0.2271,3.046,1.339,2.401,0.2114,9.738,0.5029,8.899
2022-04-07T21:01:32,43509.26,3233.31,118.18,0.2564,18.66,70.1,20.43,101.56,6.506,180.51,0.705,0.02551,0.007966,2.509,1.645,2.57,1.505,3.904,168.78,14.94,0.9749,1.669,0.566,2.521,436.02,1.085,54.43,0.7815,11.02,2.471e-05,0.2269,3.047,1.338,2.4,0.2111,9.733,0.5012,8.895
2022-04-07T21:02:02,43502.42,3230.88,118.14,0.2563,18.66,70,20.41,101.56,6.51,180.33,0.7037,0.02552,0.007966,2.508,1.644,2.57,1.504,3.907,168.73,14.94,0.9749,1.669,0.566,2.521,435.96,1.085,54.41,0.7814,11.01,2.47e-05,0.2268,3.047,1.337,2.399,0.2111,9.721,0.5007,8.889
2022-04-07T21:02:32,43501.09,3230.09,118.2,0.2564,18.66,70,20.41,101.53,6.509,180.39,0.7041,0.02553,0.007966,2.508,1.646,2.57,1.503,3.902,168.68,14.94,0.9749,1.665,0.5773,2.519,435.97,1.084,54.4,0.7815,11.02,2.47e-05,0.2266,3.046,1.337,2.4,0.2111,9.727,0.5007,8.885
2022-04-07T21:03:03,43493.81,3229.5,118.2,0.2563,18.66,70,20.4,101.55,6.501,180.38,0.7042,0.02553,0.007966,2.508,1.646,2.57,1.503,3.902,168.61,14.94,0.9749,1.665,0.5773,2.518,435.84,1.085,54.38,0.7813,11.02,2.47e-05,0.2266,3.044,1.336,2.4,0.2111,9.736,0.5008,8.89
2022-04-07T21:03:33,43504.11,3227.49,118.21,0.2566,18.66,70,20.4,101.65,6.5,180.29,0.7042,0.02554,0.007966,2.507,1.645,2.57,1.503,3.906,168.66,14.94,0.9749,1.665,0.5773,2.516,435.96,1.084,54.39,0.7816,11.02,2.47e-05,0.2267,3.045,1.336,2.4,0.2111,9.74,0.5011,8.889
2022-04-07T21:04:03,43495.42,3227.18,118.22,0.2565,18.66,70,20.4,101.62,6.498,180.04,0.7046,0.02552,0.007963,2.509,1.644,2.57,1.503,3.907,168.62,14.94,0.9749,1.663,0.5773,2.515,435.87,1.085,54.39,0.7815,11.02,2.47e-05,0.2267,3.044,1.336,2.4,0.211,9.734,0.5012,8.889
2022-04-07T21:04:33,43502.18,3227.43,118.27,0.2565,18.66,70,20.39,101.64,6.504,180.21,0.7046,0.02554,0.007963,2.508,1.642,2.57,1.503,3.907,168.58,14.94,0.9749,1.663,0.5773,2.515,435.85,1.084,54.35,0.7816,11.02,2.469e-05,0.2267,3.044,1.336,2.4,0.2111,9.732,0.5006,8.886
2022-04-07T21:05:03,43504.43,3227.52,118.28,0.2565,18.7,70,20.4,101.63,6.506,180.26,0.7046,0.02552,0.007952,2.508,1.642,2.57,1.503,3.907,168.58,14.94,0.9749,1.663,0.5773,2.516,436.06,1.085,54.35,0.7816,11.02,2.469e-05,0.2267,3.044,1.336,2.398,0.2111,9.738,0.5006,8.884
2022-04-07T21:05:33,43500.82,3225.49,118.16,0.2564,18.7,70.1,20.39,101.63,6.506,180.28,0.7045,0.02552,0.007965,2.511,1.642,2.57,1.503,3.91,168.61,14.91,0.9749,1.661,0.5773,2.513,436.03,1.084,54.31,0.7815,11.01,2.47e-05,0.2267,3.044,1.336,2.399,0.211,9.73,0.5002,8.883
2022-04-07T21:06:03,43500.86,3225.68,118.16,0.2562,18.7,70.1,20.39,101.59,6.507,180.16,0.7045,0.02552,0.007965,2.51,1.641,2.57,1.503,3.916,168.65,14.91,0.9749,1.661,0.5773,2.513,436.06,1.084,54.26,0.7814,11.01,2.469e-05,0.2267,3.044,1.336,2.398,0.2111,9.717,0.4997,8.884
2022-04-07T21:06:33,43502.26,3226.14,118.16,0.2561,18.7,70,20.39,101.57,6.509,180.15,0.7037,0.02551,0.007955,2.51,1.641,2.57,1.502,3.908,168.6,14.91,0.9749,1.659,0.5773,2.514,436.02,1.084,54.25,0.7814,11.02,2.469e-05,0.2267,3.045,1.335,2.398,0.211,9.711,0.4997,8.89
2022-04-07T21:07:03,43498.18,3225.01,118.14,0.256,18.7,70,20.38,101.54,6.508,180.1,0.7043,0.02551,0.007953,2.504,1.641,2.57,1.502,3.909,168.57,14.91,0.9749,1.659,0.5773,2.513,435.94,1.084,54.24,0.7813,11.02,2.469e-05,0.2267,3.044,1.335,2.397,0.211,9.708,0.4996,8.89
2022-04-07T21:07:34,43512.02,3224.96,118.12,0.2561,18.7,70.1,20.37,101.57,6.507,180.43,0.7042,0.02553,0.007948,2.506,1.641,2.57,1.502,3.913,168.61,14.91,0.9749,1.661,0.5773,2.513,435.98,1.083,54.25,0.7812,11.02,2.468e-05,0.2264,3.045,1.335,2.398,0.211,9.71,0.4998,8.891
2022-04-07T21:08:04,43531.11,3226.99,118.16,0.256,18.7,70,20.38,101.63,6.51,180.5,0.7042,0.02562,0.007961,2.508,1.642,2.57,1.503,3.923,168.76,14.91,0.9719,1.659,0.5773,2.512,436.22,1.085,54.25,0.7814,11.04,2.469e-05,0.2265,3.046,1.336,2.398,0.211,9.721,0.5003,8.886
2022-04-07T21:08:35,43559.38,3228.63,118.29,0.2562,18.7,70.1,20.39,101.64,6.512,180.73,0.7042,0.02555,0.007961,2.505,1.641,2.57,1.504,3.92,168.82,15,0.9727,1.661,0.5773,2.514,436.42,1.085,54.29,0.7815,11.06,2.471e-05,0.2266,3.047,1.337,2.398,0.2111,9.723,0.5004,8.892
2022-04-07T21:09:05,43569.02,3229.13,118.32,0.2564,18.7,70.1,20.4,101.66,6.523,180.75,0.7042,0.02553,0.007961,2.506,1.641,2.57,1.505,3.92,168.95,15,0.9727,1.663,0.5773,2.515,436.41,1.086,54.27,0.7815,11.06,2.471e-05,0.2266,3.047,1.337,2.399,0.2111,9.722,0.5006,8.897
2022-04-07T21:09:35,43558.94,3228.84,118.36,0.2564,18.67,70.1,20.41,101.66,6.52,180.71,0.7042,0.02555,0.007961,2.507,1.641,2.57,1.504,3.928,168.88,15,0.9727,1.663,0.5773,2.514,436.5,1.085,54.3,0.7815,11.05,2.471e-05,0.2266,3.047,1.337,2.4,0.2111,9.723,0.5006,8.897
2022-04-07T21:10:05,43567.99,3229.52,118.37,0.2563,18.67,70.1,20.41,101.66,6.525,180.77,0.7061,0.02553,0.007961,2.507,1.641,2.57,1.504,3.929,168.89,15,0.9734,1.663,0.5773,2.515,436.85,1.086,54.31,0.7816,11.05,2.471e-05,0.2266,3.049,1.337,2.4,0.2112,9.725,0.5007,8.891
2022-04-07T21:10:35,43565.46,3230.1,118.33,0.2563,18.67,70.1,20.41,101.64,6.526,180.74,0.7058,0.02553,0.007961,2.506,1.64,2.57,1.504,3.933,168.83,15,0.9734,1.663,0.5773,2.515,436.83,1.085,54.3,0.7816,11.05,2.472e-05,0.2266,3.049,1.337,2.4,0.2112,9.722,0.5008,8.899
2022-04-07T21:11:05,43567.09,3230.08,118.3,0.2561,18.67,70.1,20.41,101.54,6.529,180.81,0.7058,0.02553,0.00794,2.507,1.641,2.57,1.504,3.933,168.73,15,0.9734,1.658,0.5773,2.515,436.71,1.085,54.32,0.7816,11.05,2.471e-05,0.2269,3.049,1.337,2.4,0.2112,9.733,0.5009,8.894
2022-04-07T21:11:35,43566.56,3230.07,118.34,0.2558,18.67,70.1,20.42,101.55,6.529,180.91,0.7058,0.02553,0.00794,2.515,1.641,2.57,1.504,3.934,168.57,14.95,0.9734,1.658,0.5773,2.515,436.83,1.085,54.32,0.7817,11.05,2.471e-05,0.2269,3.049,1.338,2.399,0.2113,9.747,0.5009,8.899
2022-04-07T21:12:05,43566.83,3229.75,118.29,0.2555,18.69,70.1,20.41,101.56,6.53,180.89,0.7059,0.02553,0.00794,2.512,1.641,2.57,1.505,3.928,168.5,14.95,0.9734,1.659,0.5773,2.515,436.84,1.085,54.33,0.7817,11.03,2.471e-05,0.2269,3.047,1.337,2.399,0.2113,9.767,0.5009,8.899
2022-04-07T21:12:35,43566.84,3229.57,118.21,0.2556,18.69,70.1,20.41,101.54,6.523,180.88,0.706,0.02553,0.00794,2.513,1.641,2.57,1.506,3.928,168.44,14.95,0.9732,1.659,0.5773,2.514,436.9,1.085,54.33,0.7816,11.03,2.471e-05,0.2269,3.046,1.337,2.398,0.2113,9.767,0.5007,8.896
2022-04-07T21:13:05,43564.26,3228.78,118.26,0.2558,18.69,70,20.41,101.52,6.525,180.87,0.707,0.02553,0.00794,2.511,1.641,2.57,1.505,3.928,168.49,14.95,0.9732,1.659,0.5773,2.515,436.9,1.086,54.34,0.7815,11.01,2.471e-05,0.2266,3.047,1.337,2.397,0.2113,9.78,0.5007,8.897
2022-04-07T21:13:36,43565.14,3228.51,118.24,0.2557,18.69,70,20.41,101.6,6.525,180.69,0.707,0.02553,0.007926,2.512,1.641,2.57,1.506,3.931,168.43,14.95,0.973,1.659,0.5773,2.515,436.86,1.086,54.35,0.7816,11,2.471e-05,0.2266,3.047,1.337,2.398,0.2113,9.783,0.501,8.898
2022-04-07T21:14:06,43564.93,3228.27,118.22,0.2557,18.69,70,20.4,101.57,6.526,180.5,0.7064,0.02556,0.007926,2.511,1.64,2.57,1.506,3.933,168.44,14.95,0.973,1.665,0.5773,2.515,436.91,1.086,54.38,0.7816,10.99,2.47e-05,0.2267,3.048,1.337,2.399,0.2114,9.783,0.501,8.902
2022-04-07T21:14:36,43565.05,3228.55,118.24,0.2559,18.69,70.1,20.4,101.54,6.53,180.54,0.7073,0.02555,0.007925,2.512,1.639,2.57,1.507,3.932,168.47,14.95,0.973,1.665,0.5773,2.515,436.95,1.086,54.41,0.7816,10.99,2.47e-05,0.2267,3.05,1.338,2.399,0.2114,9.791,0.5016,8.909
2022-04-07T21:15:06,43560.79,3227.75,118.16,0.2559,18.65,70.1,20.4,101.56,6.528,180.52,0.7064,0.02557,0.007924,2.512,1.638,2.57,1.505,3.907,168.44,14.95,0.973,1.665,0.5773,2.515,436.97,1.087,54.41,0.7816,11.01,2.47e-05,0.2267,3.049,1.337,2.4,0.2114,9.812,0.5013,8.908
2022-04-07T21:15:36,43504.16,3225.83,118.02,0.2556,18.65,70,20.39,101.43,6.507,180.47,0.7064,0.02551,0.00792,2.51,1.636,2.57,1.504,3.906,168.24,14.95,0.973,1.665,0.5773,2.511,436.47,1.086,54.31,0.7813,11.01,2.468e-05,0.2267,3.043,1.336,2.397,0.2113,9.787,0.5003,8.903
2022-04-07T21:16:06,43491.19,3224.98,117.98,0.2556,18.65,69.9,20.38,101.36,6.509,180.29,0.7061,0.02552,0.00792,2.509,1.636,2.57,1.503,3.906,168.26,14.95,0.973,1.665,0.5773,2.511,436.26,1.085,54.29,0.7809,11.01,2.468e-05,0.2267,3.043,1.335,2.397,0.2112,9.759,0.4999,8.898
2022-04-07T21:16:36,43504.42,3222.83,118.03,0.2556,18.65,69.9,20.38,101.47,6.506,180.32,0.7045,0.02547,0.00792,2.513,1.635,2.57,1.503,3.914,168.26,14.95,0.973,1.658,0.5773,2.511,436.36,1.085,54.27,0.7811,11.01,2.467e-05,0.2264,3.044,1.335,2.397,0.2112,9.762,0.4998,8.895
2022-04-07T21:17:06,43505.13,3222.19,117.98,0.2556,18.65,69.9,20.37,101.53,6.51,180.17,0.7044,0.02545,0.00792,2.511,1.634,2.57,1.503,3.913,168.09,14.95,0.973,1.658,0.5773,2.51,436.32,1.085,54.29,0.7811,11.01,2.467e-05,0.2264,3.044,1.335,2.397,0.2112,9.751,0.4997,8.9
2022-04-07T21:17:36,43496.53,3221.91,117.94,0.2557,18.68,69.9,20.37,101.52,6.507,180.23,0.7044,0.02544,0.00792,2.513,1.633,2.57,1.503,3.91,168.04,14.95,0.973,1.64,0.5773,2.509,436.31,1.085,54.25,0.781,11.01,2.467e-05,0.2264,3.044,1.335,2.397,0.2111,9.75,0.4997,8.898
2022-04-07T21:18:07,43455.97,3220.75,117.81,0.2556,18.68,69.9,20.36,101.48,6.505,180.14,0.7044,0.0254,0.00792,2.511,1.633,2.57,1.502,3.91,167.93,14.95,0.973,1.644,0.5773,2.507,436.23,1.084,54.21,0.7808,11.01,2.465e-05,0.2264,3.043,1.334,2.396,0.211,9.742,0.4989,8.892
2022-04-07T21:18:37,43452.79,3220.28,117.75,0.2552,18.68,69.9,20.35,101.47,6.505,180.09,0.7044,0.02541,0.00792,2.514,1.633,2.57,1.502,3.914,167.91,14.95,0.9696,1.64,0.5773,2.506,436.22,1.084,54.21,0.7806,11.01,2.465e-05,0.2264,3.042,1.334,2.395,0.211,9.737,0.4986,8.889
2022-04-07T21:19:07,43450.81,3220.09,117.74,0.2551,18.68,69.9,20.35,101.47,6.499,179.92,0.7038,0.02537,0.00792,2.512,1.633,2.57,1.501,3.91,167.8,14.95,0.9696,1.64,0.5773,2.505,436.24,1.084,54.21,0.7805,11.01,2.464e-05,0.2264,3.042,1.334,2.395,0.2109,9.721,0.4983,8.888
2022-04-07T21:19:37,43441.79,3220.22,117.76,0.2551,18.68,69.9,20.35,101.42,6.499,179.98,0.7038,0.02535,0.007907,2.512,1.633,2.57,1.501,3.909,167.81,14.95,0.9696,1.64,0.5773,2.505,436.05,1.083,54.21,0.7804,10.99,2.463e-05,0.2263,3.042,1.334,2.395,0.2109,9.713,0.4983,8.888
2022-04-07T21:20:07,43418.44,3219.35,117.72,0.2551,18.73,69.9,20.35,101.35,6.493,179.93,0.7038,0.02534,0.007907,2.513,1.633,2.57,1.501,3.909,167.76,14.95,0.9696,1.642,0.5773,2.503,435.72,1.083,54.21,0.7804,10.98,2.463e-05,0.2263,3.04,1.333,2.395,0.2109,9.696,0.4983,8.886
2022-04-07T21:20:37,43413.06,3218.9,117.7,0.2548,18.73,69.9,20.34,101.25,6.496,179.96,0.7038,0.02535,0.007907,2.513,1.634,2.56,1.501,3.909,167.76,14.95,0.9696,1.638,0.5773,2.503,435.73,1.083,54.23,0.7803,10.98,2.464e-05,0.2263,3.041,1.333,2.394,0.2108,9.693,0.4985,8.883
2022-04-07T21:21:07,43396.59,3214.48,117.66,0.2547,18.73,69.9,20.34,101.21,6.491,179.99,0.7038,0.02536,0.007907,2.511,1.633,2.56,1.5,3.909,167.6,14.95,0.9696,1.637,0.5773,2.502,435.63,1.082,54.23,0.7802,10.98,2.464e-05,0.2256,3.039,1.333,2.393,0.2108,9.689,0.4983,8.887
2022-04-07T21:21:37,43367.32,3212.51,117.41,0.2545,18.73,69.6,20.33,101.2,6.491,179.96,0.7038,0.02533,0.007907,2.514,1.631,2.56,1.498,3.893,167.52,14.95,0.9713,1.636,0.5773,2.5,435.33,1.082,54.17,0.7797,10.97,2.462e-05,0.2254,3.037,1.332,2.388,0.2107,9.689,0.4983,8.88
2022-04-07T21:22:08,43363.03,3211.54,117.39,0.2544,18.73,69.7,20.3,101.15,6.492,179.94,0.7034,0.02535,0.007907,2.511,1.63,2.56,1.497,3.888,167.46,14.95,0.9713,1.637,0.5773,2.499,435.24,1.082,54.13,0.7796,10.97,2.461e-05,0.2254,3.036,1.331,2.388,0.2106,9.685,0.498,8.871
2022-04-07T21:22:38,43336.65,3209.57,117.3,0.2542,18.73,69.7,20.28,101.07,6.49,179.91,0.7032,0.02536,0.007886,2.512,1.63,2.56,1.497,3.888,167.45,14.95,0.9713,1.635,0.5773,2.496,435.15,1.081,54.08,0.7792,10.97,2.461e-05,0.2254,3.029,1.329,2.388,0.2106,9.655,0.498,8.866
2022-04-07T21:23:08,43312.48,3207.72,117.26,0.2541,18.6,69.7,20.27,100.89,6.486,179.81,0.7027,0.02533,0.007876,2.512,1.628,2.56,1.496,3.888,167.42,14.95,0.9706,1.635,0.5773,2.495,435.06,1.08,54.04,0.7789,10.95,2.458e-05,0.2251,3.027,1.327,2.387,0.2105,9.621,0.4981,8.863
2022-04-07T21:23:38,43315.25,3207.37,117.13,0.2541,18.55,69.6,20.27,100.81,6.492,179.73,0.7027,0.02529,0.007872,2.512,1.627,2.56,1.495,3.885,167.39,14.95,0.9706,1.635,0.5773,2.495,434.72,1.08,54.03,0.7788,10.95,2.457e-05,0.2252,3.027,1.326,2.387,0.2105,9.615,0.4978,8.867
2022-04-07T21:24:08,43310.72,3202.72,117.08,0.2538,18.55,69.4,20.26,100.81,6.485,179.72,0.6998,0.0253,0.007872,2.512,1.628,2.56,1.494,3.884,167.39,14.95,0.9696,1.635,0.5773,2.494,434.46,1.08,54.05,0.7787,10.95,2.457e-05,0.2252,3.026,1.326,2.386,0.2104,9.61,0.4974,8.868
2022-04-07T21:24:38,43266,3200.71,116.95,0.2537,18.55,69.3,20.25,100.68,6.481,179.43,0.6995,0.02529,0.007868,2.511,1.626,2.56,1.494,3.878,167.26,14.95,0.9674,1.638,0.5773,2.493,434.2,1.079,53.99,0.7782,10.95,2.456e-05,0.2247,3.024,1.324,2.383,0.2104,9.561,0.4973,8.855
2022-04-07T21:25:08,43251.26,3199.81,116.87,0.2534,18.55,69.1,20.24,100.62,6.48,179.32,0.6995,0.02524,0.007863,2.511,1.626,2.56,1.494,3.879,167.12,14.95,0.9674,1.636,0.5773,2.493,433.98,1.078,53.99,0.7779,10.94,2.455e-05,0.2247,3.023,1.323,2.383,0.2104,9.565,0.4973,8.858
2022-04-07T21:25:38,43242,3199.5,116.98,0.2536,18.55,69,20.24,100.56,6.483,179.35,0.6995,0.02524,0.007858,2.505,1.627,2.56,1.494,3.88,167.17,14.94,0.9654,1.636,0.5773,2.493,433.97,1.078,54,0.7777,10.92,2.456e-05,0.2247,3.022,1.323,2.382,0.2104,9.577,0.4971,8.852
2022-04-07T21:26:09,43227.16,3199.57,116.97,0.2534,18.55,69,20.21,100.45,6.483,179.37,0.6984,0.02527,0.007858,2.506,1.627,2.56,1.494,3.863,167.16,14.94,0.9654,1.634,0.5773,2.492,434.17,1.076,53.99,0.7776,10.92,2.456e-05,0.2247,3.022,1.323,2.382,0.2103,9.584,0.4962,8.856
2022-04-07T21:26:39,43225.93,3198.57,116.97,0.2535,18.55,69,20.22,100.5,6.476,179.4,0.6991,0.02523,0.007855,2.507,1.627,2.55,1.494,3.869,167.1,14.94,0.9654,1.634,0.5773,2.492,434.1,1.077,53.97,0.7777,10.92,2.454e-05,0.2247,3.022,1.322,2.382,0.2104,9.583,0.4961,8.851
2022-04-07T21:27:09,43221.81,3198.53,116.98,0.2533,18.65,68.9,20.22,100.53,6.476,179.39,0.6991,0.02526,0.007855,2.506,1.626,2.55,1.494,3.865,167.06,14.94,0.9654,1.628,0.5773,2.493,434.01,1.076,53.93,0.7783,10.92,2.454e-05,0.2247,3.013,1.322,2.382,0.2103,9.58,0.4963,8.843
2022-04-07T21:27:39,43274.91,3199.45,117.16,0.2532,18.75,68.9,20.23,100.65,6.458,179.41,0.6992,0.02526,0.007874,2.504,1.626,2.55,1.494,3.873,167.19,14.94,0.9654,1.629,0.5773,2.493,434.21,1.076,53.93,0.7784,10.93,2.455e-05,0.2247,3.011,1.323,2.382,0.2104,9.579,0.4965,8.847
2022-04-07T21:28:09,43318.12,3202.86,117.32,0.2534,18.75,68.9,20.24,100.78,6.475,179.71,0.6992,0.02526,0.007874,2.503,1.625,2.55,1.495,3.871,167.35,14.94,0.9676,1.629,0.5773,2.497,434.39,1.078,53.97,0.7791,10.97,2.457e-05,0.2247,3.013,1.324,2.384,0.2104,9.583,0.4968,8.848
2022-04-07T21:28:39,43275.43,3202.53,117.27,0.2536,18.75,69,20.25,101.05,6.474,179.64,0.6992,0.02526,0.007855,2.501,1.625,2.55,1.496,3.869,167.34,14.86,0.9676,1.629,0.5773,2.499,434.56,1.077,53.98,0.7793,10.97,2.459e-05,0.2255,3.012,1.325,2.383,0.2105,9.61,0.4972,8.85
2022-04-07T21:29:09,43278.44,3204.04,117.26,0.2537,18.75,69,20.25,101.08,6.477,179.56,0.6988,0.02528,0.007887,2.502,1.624,2.55,1.495,3.869,167.29,14.86,0.9676,1.629,0.5773,2.499,434.55,1.078,53.98,0.7793,10.97,2.459e-05,0.2255,3.013,1.325,2.383,0.2105,9.623,0.4969,8.848
2022-04-07T21:29:39,43287.42,3205.36,117.25,0.2536,18.75,68.9,20.25,101.29,6.475,179.55,0.6988,0.02527,0.007906,2.502,1.623,2.55,1.496,3.869,167.35,14.86,0.9676,1.629,0.5773,2.499,434.61,1.078,53.98,0.7794,10.97,2.46e-05,0.2256,3.014,1.325,2.383,0.2106,9.632,0.4967,8.849
2022-04-07T21:30:10,43306.09,3206.09,117.43,0.2537,18.79,68.9,20.25,101.32,6.477,179.64,0.6994,0.02527,0.007906,2.503,1.623,2.55,1.496,3.874,167.45,14.86,0.9676,1.629,0.5773,2.499,434.57,1.078,53.99,0.7797,10.97,2.46e-05,0.2256,3.015,1.326,2.383,0.2107,9.634,0.4967,8.849
2022-04-07T21:30:40,43313.03,3207.25,117.67,0.2539,18.79,68.9,20.26,101.39,6.482,179.92,0.6978,0.02528,0.007916,2.502,1.623,2.55,1.496,3.874,167.47,14.86,0.9669,1.629,0.6073,2.5,434.94,1.079,54,0.78,10.97,2.46e-05,0.2256,3.02,1.326,2.384,0.2108,9.653,0.4967,8.849
2022-04-07T21:31:10,43327.64,3208.62,117.77,0.254,18.74,68.9,20.27,101.6,6.483,180,0.6992,0.02524,0.007914,2.502,1.623,2.55,1.496,3.878,167.52,14.86,0.9669,1.629,0.6073,2.5,435.09,1.079,54.07,0.7802,11,2.46e-05,0.2256,3.023,1.328,2.385,0.2107,9.674,0.4968,8.847
2022-04-07T21:31:40,43336.88,3208.76,117.8,0.2543,18.79,69,20.28,101.68,6.489,180,0.6992,0.02528,0.007892,2.503,1.623,2.55,1.496,3.885,167.47,14.86,0.9669,1.629,0.5909,2.502,435.02,1.079,54.08,0.7803,11,2.46e-05,0.2256,3.025,1.328,2.387,0.2108,9.661,0.4968,8.847
2022-04-07T21:32:10,43349.15,3209.7,117.81,0.2546,18.79,69,20.29,101.84,6.489,180,0.6992,0.02528,0.007892,2.503,1.623,2.55,1.497,3.888,167.56,14.86,0.9669,1.628,0.5909,2.506,435.05,1.079,54.1,0.7803,11.01,2.46e-05,0.2256,3.026,1.329,2.387,0.2108,9.671,0.4969,8.844
2022-04-07T21:32:40,43364.16,3211.26,117.83,0.2547,18.79,69,20.3,102.13,6.482,180.01,0.6992,0.02529,0.007892,2.501,1.625,2.55,1.498,3.884,167.56,14.86,0.9668,1.628,0.5909,2.507,435.06,1.079,54.11,0.7807,11.01,2.462e-05,0.2256,3.026,1.329,2.388,0.2108,9.673,0.4972,8.847
2022-04-07T21:33:10,43368.22,3211.61,117.84,0.2548,18.79,69,20.31,102.12,6.481,180,0.6992,0.02528,0.007892,2.502,1.628,2.55,1.497,3.885,167.51,14.86,0.9668,1.628,0.5909,2.508,435.19,1.079,54.11,0.7808,11.01,2.462e-05,0.2256,3.025,1.329,2.387,0.2109,9.676,0.4972,8.848
2022-04-07T21:33:40,43367.55,3211.59,117.84,0.2547,18.79,69,20.29,101.91,6.483,179.97,0.6992,0.02528,0.007892,2.502,1.626,2.55,1.498,3.886,167.43,14.86,0.9664,1.628,0.5909,2.508,435.14,1.079,54.11,0.7809,11.01,2.463e-05,0.2256,3.024,1.329,2.388,0.2109,9.671,0.4975,8.848
2022-04-07T21:34:10,43368.34,3213.49,117.87,0.2546,18.83,69,20.3,101.86,6.482,179.96,0.6992,0.02533,0.007892,2.501,1.626,2.55,1.498,3.886,167.4,14.86,0.9664,1.628,0.5909,2.507,435.17,1.079,54.11,0.7809,11.01,2.464e-05,0.2256,3.025,1.329,2.388,0.2109,9.675,0.4975,8.848
2022-04-07T21:34:41,43371.01,3214.13,117.87,0.2549,18.83,69,20.29,101.86,6.479,179.97,0.6992,0.02534,0.007892,2.501,1.627,2.55,1.498,3.886,167.49,14.86,0.9664,1.628,0.5909,2.507,435.15,1.079,54.12,0.781,11.01,2.463e-05,0.2256,3.025,1.33,2.388,0.211,9.677,0.4976,8.842
2022-04-07T21:35:11,43377.07,3216.29,117.89,0.2551,18.83,69,20.29,101.91,6.479,180.01,0.697,0.02533,0.007894,2.503,1.627,2.55,1.5,3.885,167.52,14.86,0.9664,1.628,0.5909,2.508,435.5,1.08,54.12,0.7811,11.01,2.464e-05,0.2256,3.028,1.33,2.39,0.211,9.678,0.4978,8.842
2022-04-07T21:35:41,43424.56,3218.7,118.2,0.2554,18.83,69.1,20.31,102,6.482,180.39,0.697,0.02532,0.007887,2.5,1.627,2.55,1.502,3.887,167.66,14.94,0.9664,1.628,0.5909,2.511,435.59,1.082,54.2,0.7816,11.01,2.466e-05,0.2264,3.031,1.332,2.392,0.2112,9.707,0.4986,8.847
2022-04-07T21:36:11,43497.43,3224.12,118.24,0.2554,18.83,69.1,20.33,102.07,6.482,180.46,0.6987,0.02532,0.007887,2.502,1.627,2.55,1.502,3.889,167.79,14.94,0.9645,1.628,0.5909,2.513,435.83,1.082,54.24,0.7822,11.01,2.466e-05,0.2267,3.032,1.333,2.393,0.2114,9.719,0.4988,8.853
2022-04-07T21:36:41,43469.6,3225.61,118.06,0.2555,18.83,69.3,20.33,102.13,6.485,180.49,0.6992,0.02536,0.0079,2.501,1.626,2.55,1.502,3.889,167.78,14.94,0.9689,1.638,0.5909,2.513,436.04,1.082,54.29,0.7822,11,2.466e-05,0.2267,3.035,1.333,2.396,0.2113,9.696,0.4988,8.86
2022-04-07T21:37:11,43463.53,3225.41,117.79,0.2554,18.83,69.3,20.33,102.23,6.486,180.5,0.6992,0.02535,0.0079,2.502,1.626,2.55,1.502,3.889,167.75,14.94,0.9689,1.64,0.5909,2.514,436.06,1.081,54.21,0.7821,11,2.467e-05,0.2262,3.035,1.333,2.395,0.2113,9.68,0.4989,8.872
2022-04-07T21:37:41,43419.62,3222.89,117.73,0.2555,18.83,69.1,20.33,102.12,6.485,180.45,0.6993,0.02533,0.0079,2.501,1.624,2.55,1.501,3.876,167.42,14.94,0.971,1.64,0.5909,2.513,435.99,1.081,54.17,0.7818,10.97,2.466e-05,0.2261,3.031,1.33,2.394,0.2113,9.679,0.4989,8.871
2022-04-07T21:38:11,43420.16,3220.99,117.88,0.2558,18.89,69.1,20.31,102.08,6.481,180.45,0.6993,0.02531,0.0079,2.501,1.624,2.55,1.5,3.88,167.31,14.94,0.971,1.64,0.5909,2.513,435.66,1.08,54.14,0.7809,10.96,2.464e-05,0.2261,3.031,1.33,2.392,0.2112,9.665,0.4983,8.878
2022-04-07T21:38:42,43441.45,3222.07,118,0.2559,18.83,69.1,20.3,102.16,6.483,180.57,0.6994,0.02532,0.0079,2.498,1.625,2.55,1.501,3.886,167.48,15.04,0.971,1.638,0.5909,2.513,435.65,1.082,54.14,0.781,10.98,2.465e-05,0.2261,3.033,1.33,2.393,0.2112,9.682,0.4983,8.88
2022-04-07T21:39:12,43504.38,3226.77,118.05,0.2559,18.84,69.1,20.31,102.13,6.483,180.59,0.6993,0.02538,0.0079,2.499,1.625,2.55,1.502,3.879,167.51,15.04,0.971,1.637,0.5909,2.514,435.71,1.082,54.15,0.7812,11.01,2.465e-05,0.2261,3.036,1.332,2.394,0.2112,9.681,0.4983,8.886
2022-04-07T21:39:42,43467.94,3226.59,118.03,0.2561,18.88,69.1,20.31,102.18,6.496,180.57,0.7009,0.02537,0.00791,2.501,1.624,2.55,1.502,3.878,167.5,15.04,0.971,1.637,0.5909,2.515,435.66,1.082,54.17,0.7812,10.99,2.466e-05,0.2264,3.036,1.332,2.393,0.2113,9.671,0.4986,8.887
2022-04-07T21:40:12,43451.24,3226.03,117.83,0.2561,18.88,69.1,20.32,102.1,6.499,180.55,0.7,0.02538,0.00791,2.502,1.624,2.55,1.502,3.875,167.47,15.04,0.971,1.64,0.5909,2.515,435.62,1.082,54.18,0.781,10.99,2.467e-05,0.2262,3.034,1.331,2.393,0.2113,9.676,0.4985,8.883
2022-04-07T21:40:42,43460.8,3224.68,117.83,0.2562,18.88,69.1,20.32,102.03,6.5,180.53,0.7009,0.02535,0.00791,2.5,1.624,2.55,1.502,3.879,167.51,15.04,0.9714,1.643,0.5909,2.515,435.65,1.082,54.17,0.7809,10.99,2.467e-05,0.2262,3.035,1.332,2.393,0.2113,9.675,0.4984,8.889
2022-04-07T21:41:12,43468.78,3224.54,117.83,0.2563,18.88,69.1,20.32,101.89,6.499,180.54,0.7009,0.02536,0.00791,2.501,1.625,2.55,1.501,3.879,167.54,15.04,0.9714,1.64,0.5909,2.515,435.74,1.082,54.18,0.7808,10.99,2.467e-05,0.2262,3.036,1.333,2.393,0.2113,9.685,0.4983,8.889
2022-04-07T21:41:42,43463.41,3224.24,117.82,0.2562,18.88,69.1,20.32,101.85,6.5,180.52,0.7009,0.02539,0.00791,2.498,1.625,2.55,1.502,3.879,167.48,15.04,0.9707,1.64,0.5909,2.515,435.66,1.082,54.2,0.7808,10.99,2.467e-05,0.2262,3.034,1.333,2.394,0.2114,9.666,0.4987,8.884
2022-04-07T21:42:13,43429.69,3220.82,117.71,0.2557,18.88,69,20.31,101.75,6.488,180.36,0.7009,0.02538,0.00791,2.498,1.625,2.55,1.5,3.871,167.37,15.04,0.9707,1.639,0.5909,2.514,435.52,1.082,54.18,0.7806,10.99,2.465e-05,0.2257,3.031,1.331,2.393,0.2114,9.642,0.4984,8.887
2022-04-07T21:42:43,43415.35,3216.54,117.67,0.2554,18.88,68.9,20.29,101.64,6.488,180.18,0.7009,0.02531,0.007895,2.5,1.625,2.55,1.5,3.873,167.25,15.04,0.9707,1.639,0.5909,2.512,435.09,1.081,54.15,0.7804,10.96,2.463e-05,0.2255,3.028,1.33,2.391,0.2113,9.641,0.4984,8.882
2022-04-07T21:43:13,43429.06,3218.83,117.85,0.2557,18.88,68.9,20.28,101.67,6.481,180.25,0.7009,0.02529,0.007903,2.497,1.626,2.55,1.5,3.873,167.23,15.04,0.9707,1.639,0.5909,2.513,435.09,1.082,54.13,0.7805,10.96,2.462e-05,0.2255,3.032,1.33,2.391,0.2113,9.65,0.4981,8.876
2022-04-07T21:43:43,43414.52,3218.88,117.85,0.2556,18.88,68.9,20.28,101.72,6.495,180.14,0.7009,0.02529,0.007889,2.5,1.626,2.55,1.5,3.873,167.37,15.05,0.9707,1.644,0.5909,2.514,435.28,1.082,54.14,0.7805,10.99,2.464e-05,0.2255,3.032,1.33,2.391,0.2113,9.657,0.4988,8.872
2022-04-07T21:44:13,43408.43,3217.96,117.72,0.2556,18.88,68.9,20.27,101.95,6.495,180.15,0.7009,0.02527,0.007889,2.499,1.626,2.55,1.5,3.86,167.33,15.05,0.9707,1.644,0.5909,2.514,435.35,1.082,54.12,0.7804,10.97,2.463e-05,0.2259,3.031,1.33,2.39,0.2114,9.651,0.4987,8.871
2022-04-07T21:44:43,43420.63,3220.05,117.79,0.2556,18.89,68.9,20.28,101.97,6.497,180.16,0.7008,0.02527,0.007889,2.5,1.626,2.55,1.5,3.86,167.37,15.05,0.9707,1.644,0.5909,2.514,435.34,1.082,54.13,0.7806,10.99,2.463e-05,0.2261,3.032,1.331,2.39,0.2114,9.652,0.4988,8.873
2022-04-07T21:45:13,43400.56,3217.73,117.77,0.2554,18.88,68.9,20.28,101.95,6.493,180.09,0.7008,0.02528,0.007889,2.498,1.626,2.55,1.499,3.86,167.29,15.05,0.9707,1.64,0.5909,2.514,435.19,1.082,54.12,0.7801,10.98,2.463e-05,0.226,3.031,1.33,2.391,0.2114,9.649,0.4988,8.873
2022-04-07T21:45:43,43410.33,3220.33,117.55,0.2559,18.88,69,20.28,102.01,6.487,180.04,0.7,0.0253,0.007889,2.501,1.626,2.55,1.499,3.888,167.33,15.05,0.9699,1.64,0.5909,2.514,435.24,1.082,54.12,0.7807,10.98,2.464e-05,0.226,3.031,1.33,2.392,0.2114,9.641,0.4989,8.874
2022-04-07T21:46:14,43390.2,3219.63,117.49,0.2557,18.88,68.9,20.28,101.87,6.492,179.96,0.6991,0.0253,0.007889,2.499,1.625,2.55,1.5,3.878,167.27,15.05,0.9699,1.645,0.5909,2.514,435.16,1.082,54.12,0.7806,10.97,2.464e-05,0.2261,3.029,1.329,2.391,0.2114,9.631,0.499,8.873
2022-04-07T21:46:44,43398.06,3218.79,117.55,0.2561,18.88,68.9,20.27,101.81,6.483,180,0.6979,0.0253,0.007889,2.499,1.626,2.55,1.5,3.878,167.29,15.05,0.9699,1.649,0.5909,2.515,435.17,1.082,54.11,0.7806,10.97,2.464e-05,0.2259,3.029,1.328,2.391,0.2113,9.626,0.499,8.871
2022-04-07T21:47:14,43404.07,3219.19,117.53,0.2563,18.88,68.9,20.28,101.83,6.48,179.98,0.6978,0.02531,0.007889,2.499,1.626,2.55,1.499,3.877,167.31,15.05,0.9699,1.653,0.5909,2.515,435.18,1.081,54.1,0.7807,10.97,2.464e-05,0.2259,3.031,1.329,2.391,0.2113,9.621,0.499,8.871
2022-04-07T21:47:44,43420.46,3220.1,117.51,0.2562,18.88,68.9,20.28,101.87,6.477,179.96,0.6988,0.02531,0.007889,2.499,1.626,2.56,1.499,3.877,167.37,15.05,0.9694,1.649,0.5909,2.515,435.2,1.082,54.12,0.7807,10.97,2.464e-05,0.2259,3.031,1.329,2.392,0.2113,9.625,0.4991,8.872
2022-04-07T21:48:14,43427.59,3220.78,117.59,0.2565,18.88,68.9,20.28,101.9,6.475,180,0.6976,0.02531,0.007889,2.497,1.626,2.56,1.5,3.877,167.47,15.05,0.9694,1.648,0.5909,2.515,435.48,1.084,54.11,0.7809,11,2.464e-05,0.2259,3.033,1.329,2.392,0.2113,9.631,0.499,8.874
2022-04-07T21:48:44,43431.21,3221.04,117.63,0.2566,18.88,68.9,20.28,101.95,6.482,179.98,0.6976,0.02531,0.007889,2.496,1.626,2.56,1.5,3.878,167.5,15.05,0.9694,1.648,0.5909,2.515,435.49,1.085,54.12,0.7809,11,2.465e-05,0.2259,3.033,1.33,2.392,0.2113,9.616,0.4993,8.874
2022-04-07T21:49:14,43448.62,3221.19,117.66,0.2566,18.88,69,20.28,102.03,6.482,180,0.6976,0.02533,0.007896,2.496,1.626,2.56,1.5,3.879,167.58,15.05,0.9694,1.648,0.5909,2.516,435.45,1.086,54.14,0.7811,11,2.464e-05,0.2259,3.033,1.33,2.392,0.2114,9.622,0.4993,8.872
2022-04-07T21:49:45,43452.03,3221.53,117.65,0.2565,18.82,69,20.28,102.06,6.476,180.01,0.6976,0.02535,0.007896,2.495,1.626,2.56,1.5,3.877,167.63,15.05,0.9694,1.65,0.5909,2.515,435.47,1.086,54.15,0.7816,11.01,2.462e-05,0.2259,3.032,1.33,2.392,0.2114,9.63,0.4993,8.876
2022-04-07T21:50:15,43506.59,3223.29,118.02,0.2568,18.82,68.9,20.31,102.13,6.476,180.13,0.6976,0.02539,0.007896,2.496,1.626,2.56,1.501,3.882,167.68,15.05,0.9694,1.65,0.5909,2.518,435.52,1.086,54.19,0.7822,11.04,2.464e-05,0.2259,3.034,1.331,2.392,0.2114,9.641,0.4996,8.883
2022-04-07T21:50:45,43534.61,3223.19,117.9,0.2567,18.85,68.9,20.32,102.24,6.487,180.22,0.6976,0.02542,0.007896,2.497,1.626,2.56,1.501,3.87,167.72,15.1,0.9694,1.65,0.5909,2.519,435.77,1.086,54.31,0.7822,11.05,2.464e-05,0.2263,3.036,1.331,2.393,0.2114,9.634,0.4999,8.885
2022-04-07T21:51:15,43492.9,3220.45,117.77,0.2566,18.85,68.9,20.31,102.11,6.477,180.22,0.6976,0.02544,0.007896,2.498,1.625,2.56,1.501,3.865,167.67,15.1,0.9694,1.655,0.5909,2.518,435.78,1.084,54.31,0.7821,11.01,2.465e-05,0.2262,3.033,1.331,2.393,0.2115,9.629,0.4998,8.885
2022-04-07T21:51:45,43480.92,3219.12,117.67,0.2561,18.85,68.9,20.3,102.07,6.479,180.09,0.698,0.02545,0.007892,2.496,1.626,2.56,1.5,3.864,167.64,15.11,0.9686,1.655,0.5909,2.517,435.68,1.084,54.3,0.7821,11,2.464e-05,0.2262,3.032,1.33,2.391,0.2115,9.625,0.5003,8.886
2022-04-07T21:52:15,43495.95,3221.44,117.77,0.2563,18.85,68.9,20.31,102.11,6.475,180.12,0.6991,0.02546,0.007892,2.495,1.625,2.56,1.501,3.872,167.64,15.11,0.9686,1.651,0.5909,2.517,435.56,1.085,54.31,0.7821,11.02,2.465e-05,0.2261,3.033,1.331,2.391,0.2115,9.624,0.5005,8.885
2022-04-07T21:52:45,43506.81,3219.93,117.61,0.2564,18.85,68.9,20.31,102.13,6.47,180.1,0.6991,0.02546,0.007892,2.503,1.626,2.56,1.501,3.873,167.61,15.11,0.9686,1.655,0.5909,2.517,435.57,1.085,54.33,0.7822,11,2.465e-05,0.2263,3.034,1.331,2.391,0.2115,9.627,0.5005,8.882
2022-04-07T21:53:15,43504.85,3219.66,117.59,0.2563,18.8,68.9,20.31,102.17,6.477,180.31,0.6991,0.02546,0.007892,2.504,1.625,2.56,1.501,3.872,167.64,15.11,0.9686,1.655,0.5909,2.518,435.59,1.085,54.33,0.7824,11.01,2.465e-05,0.2263,3.034,1.331,2.391,0.2115,9.631,0.5002,8.882
2022-04-07T21:53:45,43486.56,3219.72,117.62,0.2563,18.8,69,20.32,102.15,6.474,180.35,0.6991,0.02545,0.007892,2.504,1.625,2.56,1.501,3.873,167.66,15.11,0.9686,1.655,0.5909,2.518,435.49,1.085,54.34,0.7824,11.01,2.465e-05,0.2263,3.034,1.331,2.391,0.2116,9.603,0.5002,8.877
2022-04-07T21:54:16,43493.29,3219.54,117.59,0.2567,18.8,69,20.32,102.14,6.48,180.41,0.699,0.02545,0.007892,2.505,1.623,2.56,1.501,3.873,167.67,15.11,0.9683,1.652,0.5909,2.519,435.51,1.085,54.34,0.7823,11.01,2.465e-05,0.2263,3.034,1.331,2.391,0.2116,9.603,0.5001,8.879
2022-04-07T21:54:46,43502.55,3220.28,117.69,0.2569,18.8,68.8,20.33,102.16,6.488,180.42,0.699,0.02546,0.007892,2.504,1.623,2.56,1.5,3.873,167.67,15.11,0.9683,1.653,0.5909,2.519,435.51,1.086,54.35,0.7823,11.01,2.466e-05,0.2264,3.035,1.331,2.391,0.2115,9.599,0.5,8.88
2022-04-07T21:55:16,43506.67,3220.5,117.68,0.257,18.8,69,20.33,102.16,6.48,180.41,0.699,0.02546,0.007892,2.504,1.623,2.56,1.501,3.873,167.67,15.11,0.9682,1.653,0.5909,2.519,435.51,1.086,54.35,0.7823,11.01,2.466e-05,0.2264,3.036,1.332,2.391,0.2116,9.597,0.5,8.879
2022-04-07T21:55:46,43476.85,3219.18,117.55,0.2565,18.8,68.8,20.33,102.11,6.484,180.38,0.6961,0.02547,0.007892,2.504,1.616,2.56,1.501,3.869,167.64,15.11,0.966,1.653,0.5909,2.518,435.42,1.086,54.35,0.7822,11,2.465e-05,0.2266,3.034,1.331,2.391,0.2116,9.596,0.5001,8.873
2022-04-07T21:56:16,43475.34,3218.54,117.55,0.2565,18.8,68.9,20.33,102.04,6.479,180.36,0.696,0.02548,0.007892,2.503,1.614,2.56,1.5,3.87,167.62,15.11,0.966,1.652,0.5909,2.518,435.33,1.086,54.34,0.7821,11,2.464e-05,0.2265,3.035,1.331,2.391,0.2116,9.589,0.5001,8.868
2022-04-07T21:56:46,43476.3,3218.54,117.54,0.2565,18.8,68.9,20.33,102.03,6.479,180.37,0.698,0.02546,0.007892,2.505,1.614,2.56,1.5,3.873,167.61,14.94,0.966,1.652,0.5909,2.518,435.41,1.086,54.34,0.782,11,2.463e-05,0.2265,3.035,1.331,2.391,0.2117,9.588,0.4997,8.868
2022-04-07T21:57:16,43476.78,3218.44,117.54,0.2564,18.77,68.8,20.33,101.95,6.49,180.36,0.698,0.02545,0.007892,2.505,1.613,2.56,1.502,3.873,167.56,14.94,0.9692,1.652,0.5909,2.518,435.42,1.086,54.32,0.782,11,2.463e-05,0.2265,3.034,1.33,2.391,0.2117,9.58,0.4993,8.869
2022-04-07T21:57:47,43475.22,3218.12,117.36,0.2564,18.77,68.8,20.33,101.94,6.493,180.3,0.698,0.02545,0.007892,2.504,1.612,2.56,1.502,3.873,167.63,14.94,0.9692,1.651,0.5909,2.518,435.32,1.085,54.31,0.7818,11,2.462e-05,0.2265,3.035,1.33,2.39,0.2116,9.576,0.4993,8.868
2022-04-07T21:58:17,43476.3,3217.6,117.3,0.2563,18.77,68.8,20.33,101.96,6.495,180.3,0.698,0.02542,0.007892,2.504,1.612,2.56,1.501,3.874,167.63,14.94,0.9692,1.651,0.5909,2.518,435.39,1.086,54.31,0.7818,11,2.462e-05,0.2265,3.035,1.33,2.39,0.2116,9.572,0.4992,8.865
2022-04-07T21:58:47,43494.99,3218.78,117.39,0.2566,18.77,68.8,20.35,102.03,6.493,180.49,0.698,0.02544,0.007892,2.503,1.612,2.56,1.501,3.877,167.69,14.94,0.9692,1.656,0.5909,2.518,435.47,1.086,54.33,0.782,11,2.463e-05,0.2263,3.037,1.331,2.391,0.2117,9.581,0.4999,8.868
2022-04-07T21:59:17,43513.42,3220.05,117.41,0.2569,18.77,68.8,20.36,102.04,6.496,180.53,0.698,0.02541,0.007892,2.504,1.612,2.56,1.502,3.878,167.66,14.94,0.9645,1.647,0.5909,2.518,435.49,1.086,54.33,0.7821,11.01,2.464e-05,0.2263,3.039,1.332,2.391,0.2116,9.591,0.4998,8.865
2022-04-07T21:59:48,43510.03,3217.41,117.37,0.2569,18.85,68.8,20.36,102.05,6.494,180.47,0.6975,0.02541,0.007892,2.503,1.61,2.56,1.502,3.877,167.68,14.94,0.9645,1.647,0.5909,2.518,435.43,1.086,54.32,0.782,11.02,2.464e-05,0.2263,3.039,1.332,2.392,0.2116,9.606,0.4997,8.871
2022-04-07T22:00:18,43492.59,3216.88,117.31,0.2564,18.85,68.8,20.35,102.04,6.494,180.26,0.6972,0.02544,0.007892,2.501,1.612,2.56,1.502,3.877,167.45,14.94,0.969,1.647,0.5909,2.517,435.32,1.085,54.28,0.7819,11.02,2.464e-05,0.2263,3.036,1.332,2.391,0.2117,9.606,0.4996,8.869
2022-04-07T22:00:48,43495.71,3215.93,117.28,0.2562,18.85,68.8,20.34,101.98,6.49,180.15,0.6964,0.02545,0.007892,2.503,1.612,2.56,1.501,3.877,167.31,14.94,0.969,1.651,0.5909,2.515,435.21,1.085,54.23,0.782,11.02,2.461e-05,0.2263,3.035,1.331,2.39,0.2115,9.587,0.4992,8.871
2022-04-07T22:01:18,43508.9,3216.06,117.31,0.2562,18.85,68.8,20.34,101.89,6.496,180.24,0.6964,0.02543,0.007894,2.5,1.61,2.56,1.502,3.88,167.31,14.94,0.969,1.65,0.5909,2.517,435.2,1.085,54.24,0.7824,11.02,2.464e-05,0.2264,3.036,1.33,2.39,0.2114,9.589,0.4995,8.87
2022-04-07T22:01:48,43515.11,3216.63,117.31,0.2563,18.85,69,20.35,101.99,6.494,180.16,0.6958,0.02545,0.007894,2.502,1.611,2.56,1.503,3.886,167.4,14.94,0.969,1.65,0.5909,2.519,435.28,1.086,54.25,0.7825,11.02,2.466e-05,0.2264,3.037,1.332,2.391,0.2114,9.586,0.4998,8.875
2022-04-07T22:02:18,43523.67,3219.55,117.32,0.2563,18.85,69,20.37,101.97,6.49,180.13,0.6989,0.02544,0.007894,2.504,1.611,2.56,1.503,3.882,167.38,14.94,0.969,1.65,0.5909,2.52,435.61,1.086,54.29,0.783,11.03,2.467e-05,0.2264,3.039,1.333,2.392,0.2114,9.597,0.5002,8.871
2022-04-07T22:02:48,43529.43,3219.89,117.56,0.2566,18.84,69,20.37,102.03,6.488,180.12,0.6985,0.02544,0.007894,2.504,1.611,2.56,1.503,3.882,167.37,14.94,0.969,1.65,0.5909,2.519,435.67,1.086,54.29,0.783,11.04,2.464e-05,0.2263,3.04,1.332,2.394,0.2115,9.591,0.4999,8.871
2022-04-07T22:03:18,43534.73,3220.6,117.51,0.2564,18.89,69,20.37,102.04,6.491,179.98,0.6985,0.02547,0.007894,2.505,1.611,2.56,1.503,3.876,167.35,14.94,0.969,1.65,0.5909,2.519,435.67,1.086,54.33,0.7833,11.04,2.465e-05,0.2263,3.04,1.333,2.394,0.2114,9.593,0.4999,8.877
2022-04-07T22:03:48,43534.2,3219.75,117.47,0.2566,18.93,69,20.37,102.06,6.492,179.96,0.6985,0.02546,0.007894,2.505,1.611,2.56,1.503,3.88,167.35,14.94,0.9694,1.653,0.5909,2.52,435.51,1.086,54.34,0.7833,11.03,2.462e-05,0.2262,3.04,1.332,2.395,0.2114,9.589,0.4998,8.877
2022-04-07T22:04:19,43537.04,3220.78,117.41,0.2562,18.93,69,20.37,102.06,6.488,179.87,0.6985,0.02547,0.007888,2.503,1.611,2.56,1.502,3.873,167.36,14.94,0.9694,1.647,0.5909,2.519,435.53,1.086,54.34,0.7831,11.03,2.462e-05,0.2263,3.04,1.332,2.395,0.2114,9.58,0.5,8.877
2022-04-07T22:04:50,43544.54,3221.08,117.44,0.2562,18.91,68.9,20.37,102.1,6.487,179.84,0.6985,0.02547,0.007888,2.502,1.611,2.56,1.502,3.873,167.39,14.94,0.9694,1.647,0.5909,2.519,435.63,1.085,54.35,0.7834,11.03,2.463e-05,0.2263,3.04,1.332,2.395,0.2114,9.578,0.4996,8.871
2022-04-07T22:05:20,43548.78,3221.34,117.43,0.2561,18.95,68.9,20.38,102.14,6.494,179.93,0.6985,0.02546,0.007888,2.504,1.612,2.56,1.502,3.874,167.45,14.94,0.9694,1.655,0.5909,2.52,435.57,1.086,54.36,0.7836,11.04,2.462e-05,0.2264,3.04,1.331,2.396,0.2114,9.58,0.4996,8.87
2022-04-07T22:05:50,43517.81,3219.32,117.26,0.2557,18.9,68.9,20.37,102.11,6.491,179.87,0.6986,0.02547,0.007888,2.505,1.612,2.56,1.501,3.871,167.42,14.94,0.9694,1.654,0.5909,2.519,435.53,1.086,54.33,0.7834,11.05,2.461e-05,0.2262,3.04,1.33,2.396,0.2115,9.572,0.4993,8.872
2022-04-07T22:06:20,43544.42,3221.15,117.34,0.2561,18.9,69,20.38,102.13,6.49,179.95,0.6986,0.02544,0.007888,2.506,1.611,2.56,1.502,3.877,167.52,14.94,0.9694,1.654,0.5909,2.522,435.56,1.087,54.36,0.784,11.05,2.462e-05,0.2262,3.043,1.331,2.396,0.2114,9.574,0.4993,8.872
2022-04-07T22:06:50,43538.23,3220.35,117.35,0.256,18.95,69,20.37,102.12,6.487,179.83,0.6986,0.02546,0.007892,2.503,1.611,2.56,1.502,3.873,167.45,14.94,0.9694,1.632,0.5909,2.519,435.55,1.086,54.32,0.784,11.04,2.462e-05,0.2262,3.042,1.329,2.395,0.2115,9.568,0.4992,8.875
2022-04-07T22:07:20,43528.39,3219.49,117.45,0.2558,18.95,69,20.37,102.09,6.483,179.74,0.6986,0.02547,0.007892,2.502,1.611,2.56,1.502,3.875,167.37,14.94,0.9694,1.633,0.5909,2.519,435.32,1.085,54.27,0.7837,11.03,2.461e-05,0.2263,3.039,1.329,2.394,0.2114,9.569,0.4988,8.875
2022-04-07T22:07:50,43516.87,3217.68,117.4,0.2557,18.95,69.1,20.35,102.04,6.487,179.75,0.6986,0.02548,0.007892,2.503,1.611,2.56,1.501,3.871,167.26,14.94,0.9694,1.632,0.5909,2.518,435.24,1.086,54.24,0.7837,11.02,2.46e-05,0.2262,3.037,1.329,2.395,0.2114,9.562,0.4982,8.875
2022-04-07T22:08:20,43505.3,3217.1,117.38,0.2555,18.95,69.1,20.34,101.91,6.484,179.73,0.699,0.02546,0.007892,2.505,1.611,2.56,1.501,3.875,167.21,14.94,0.9694,1.632,0.5909,2.516,435.03,1.086,54.18,0.7838,11.02,2.46e-05,0.2262,3.037,1.328,2.394,0.2113,9.551,0.4979,8.872
2022-04-07T22:08:51,43494.73,3217.05,117.47,0.2555,18.95,69.1,20.33,101.9,6.484,179.57,0.6988,0.02545,0.007892,2.505,1.611,2.56,1.5,3.873,167.18,14.94,0.9694,1.632,0.5909,2.514,434.82,1.085,54.17,0.7834,11.02,2.458e-05,0.2262,3.037,1.327,2.393,0.2112,9.545,0.4976,8.875
2022-04-07T22:09:21,43500.86,3216.18,117.53,0.2555,18.95,69.1,20.33,101.85,6.482,179.6,0.6988,0.02546,0.00788,2.504,1.611,2.56,1.501,3.876,167.13,14.94,0.9694,1.632,0.5909,2.513,434.9,1.085,54.15,0.7835,11.02,2.459e-05,0.2261,3.037,1.327,2.392,0.2111,9.541,0.4974,8.871
2022-04-07T22:09:51,43493.46,3216.64,117.59,0.2554,18.95,69,20.32,101.9,6.489,179.61,0.6988,0.02546,0.00788,2.504,1.611,2.56,1.501,3.876,167.07,14.87,0.9694,1.632,0.5909,2.512,434.81,1.085,54.16,0.7835,11.02,2.458e-05,0.2263,3.037,1.327,2.393,0.2112,9.548,0.4974,8.872
2022-04-07T22:10:21,43497.9,3216.83,117.65,0.2554,18.95,69,20.32,101.88,6.49,179.54,0.6988,0.02546,0.00788,2.505,1.611,2.56,1.501,3.872,167.12,14.87,0.9694,1.632,0.5909,2.513,434.77,1.084,54.16,0.7842,11.01,2.459e-05,0.2261,3.037,1.327,2.393,0.2113,9.551,0.4974,8.872
2022-04-07T22:10:51,43496.26,3216.49,117.61,0.2555,18.95,69,20.32,101.83,6.484,179.45,0.6988,0.02544,0.00788,2.503,1.611,2.56,1.501,3.872,167.11,14.87,0.9694,1.633,0.5909,2.514,434.72,1.085,54.18,0.7843,11,2.458e-05,0.2261,3.037,1.327,2.392,0.2113,9.551,0.4974,8.873
2022-04-07T22:11:21,43495.24,3216.42,117.62,0.2554,18.95,68.9,20.32,101.8,6.487,179.46,0.6988,0.02544,0.00788,2.506,1.611,2.56,1.501,3.871,167.11,14.87,0.9705,1.633,0.5909,2.514,434.83,1.084,54.19,0.7842,11,2.458e-05,0.2261,3.037,1.327,2.392,0.2113,9.566,0.4975,8.873
2022-04-07T22:11:51,43528.69,3217.93,117.73,0.2557,18.95,68.9,20.33,101.9,6.491,179.47,0.6989,0.02545,0.007886,2.505,1.611,2.56,1.501,3.875,167.3,14.87,0.9705,1.633,0.5909,2.514,434.85,1.085,54.21,0.7846,11,2.461e-05,0.226,3.04,1.328,2.394,0.2113,9.571,0.4977,8.878
2022-04-07T22:12:21,43523.64,3218.05,117.68,0.2558,18.95,68.9,20.34,101.95,6.492,179.59,0.6989,0.02546,0.007886,2.504,1.611,2.56,1.501,3.878,167.34,14.87,0.9705,1.633,0.5909,2.516,434.98,1.086,54.26,0.7844,11.01,2.461e-05,0.226,3.039,1.328,2.395,0.2115,9.574,0.4981,8.879
2022-04-07T22:12:51,43523.2,3219.38,117.75,0.2558,18.95,69,20.34,101.92,6.49,179.58,0.6989,0.02547,0.007886,2.504,1.612,2.56,1.501,3.868,167.36,14.87,0.9705,1.633,0.5909,2.516,435.06,1.085,54.29,0.7845,11.01,2.461e-05,0.226,3.04,1.329,2.395,0.2115,9.575,0.4982,8.874
2022-04-07T22:13:22,43523.46,3219.83,117.79,0.2559,18.95,68.9,20.34,101.96,6.49,179.58,0.6989,0.02538,0.007886,2.502,1.613,2.56,1.502,3.869,167.44,14.87,0.9705,1.633,0.5909,2.516,435.14,1.086,54.3,0.7846,11.01,2.462e-05,0.226,3.042,1.329,2.396,0.2116,9.577,0.4986,8.877
2022-04-07T22:13:52,43513.21,3219.02,117.7,0.2559,18.95,68.9,20.34,101.97,6.49,179.56,0.6989,0.02528,0.007886,2.503,1.613,2.56,1.502,3.865,167.42,14.87,0.9645,1.633,0.5909,2.516,435.14,1.086,54.3,0.7845,11.01,2.461e-05,0.2263,3.041,1.328,2.396,0.2115,9.577,0.4986,8.877
2022-04-07T22:14:22,43514.24,3218.76,117.74,0.2558,18.87,68.9,20.34,101.94,6.494,179.76,0.6989,0.02532,0.007886,2.503,1.614,2.56,1.502,3.864,167.4,14.87,0.9645,1.633,0.5909,2.517,435.17,1.086,54.29,0.7847,11.02,2.461e-05,0.2263,3.042,1.328,2.396,0.2115,9.577,0.4988,8.872
2022-04-07T22:14:52,43523.59,3218.93,117.75,0.2558,18.87,68.9,20.34,101.92,6.493,179.9,0.6989,0.0253,0.007886,2.503,1.614,2.56,1.502,3.865,167.5,14.84,0.9686,1.633,0.5909,2.517,435.18,1.086,54.29,0.7847,11.03,2.462e-05,0.2263,3.042,1.328,2.397,0.2115,9.587,0.4989,8.875
2022-04-07T22:15:22,43541.92,3220.97,117.81,0.2559,18.87,68.9,20.36,101.95,6.494,180.04,0.6989,0.02529,0.0079,2.503,1.615,2.56,1.502,3.867,167.68,14.84,0.9686,1.634,0.5909,2.518,435.36,1.087,54.33,0.785,11.03,2.463e-05,0.2263,3.043,1.329,2.399,0.2116,9.597,0.4993,8.873
2022-04-07T22:15:52,43543.23,3220.85,117.81,0.2559,18.87,68.9,20.37,101.96,6.494,180.06,0.6989,0.0253,0.007887,2.504,1.615,2.56,1.502,3.864,167.71,14.85,0.9686,1.634,0.5909,2.52,435.47,1.086,54.36,0.7851,11.03,2.463e-05,0.2263,3.044,1.329,2.399,0.2117,9.603,0.4992,8.876
2022-04-07T22:16:22,43517.89,3219.97,117.77,0.2558,18.87,68.9,20.33,101.89,6.495,180.05,0.6998,0.02529,0.007887,2.505,1.618,2.56,1.503,3.864,167.56,14.85,0.9693,1.634,0.5909,2.518,435.31,1.086,54.35,0.7849,11.04,2.463e-05,0.2264,3.043,1.328,2.399,0.2116,9.602,0.4992,8.876
2022-04-07T22:16:52,43489.87,3218.39,117.76,0.256,18.83,68.9,20.32,101.84,6.498,180.12,0.6998,0.02528,0.007887,2.505,1.621,2.56,1.502,3.866,167.35,14.85,0.9693,1.634,0.5909,2.515,435.15,1.085,54.32,0.7845,11.02,2.462e-05,0.2263,3.041,1.328,2.398,0.2116,9.606,0.4987,8.877
2022-04-07T22:17:23,43498.06,3219.21,117.76,0.256,18.83,69,20.33,101.87,6.5,180.34,0.6998,0.02526,0.007887,2.502,1.622,2.56,1.501,3.863,167.33,14.85,0.9645,1.634,0.5909,2.517,435.26,1.085,54.32,0.7845,11.02,2.463e-05,0.2263,3.043,1.328,2.398,0.2115,9.612,0.4987,8.871
2022-04-07T22:17:53,43508.27,3219.13,117.76,0.2562,18.83,69,20.33,101.89,6.497,180.34,0.6998,0.02527,0.007887,2.502,1.622,2.56,1.5,3.863,167.33,14.85,0.9645,1.633,0.5909,2.517,435.05,1.085,54.31,0.7844,11.02,2.464e-05,0.2265,3.041,1.328,2.398,0.2115,9.614,0.4987,8.875
2022-04-07T22:18:23,43522.21,3219.5,117.77,0.2564,18.83,69,20.35,101.9,6.497,180.41,0.6999,0.02526,0.007887,2.504,1.622,2.56,1.501,3.865,167.38,14.85,0.9698,1.634,0.5909,2.517,435.12,1.085,54.31,0.7844,11.02,2.464e-05,0.2265,3.042,1.328,2.399,0.2116,9.636,0.4991,8.871
2022-04-07T22:18:53,43534.1,3220.29,117.84,0.2564,18.83,69,20.36,101.9,6.504,180.46,0.6986,0.02528,0.0079,2.503,1.622,2.56,1.502,3.872,167.38,14.89,0.9698,1.633,0.5909,2.519,435.3,1.085,54.32,0.7845,11.03,2.465e-05,0.2265,3.042,1.328,2.398,0.2116,9.65,0.4997,8.876
2022-04-07T22:19:23,43535.22,3220.54,117.86,0.2566,18.83,69,20.36,102.02,6.499,180.69,0.6986,0.02527,0.00788,2.504,1.622,2.56,1.502,3.872,167.49,14.89,0.9698,1.633,0.5909,2.519,435.39,1.086,54.32,0.7844,11.03,2.465e-05,0.2266,3.042,1.328,2.399,0.2116,9.655,0.4996,8.871
2022-04-07T22:19:53,43539.08,3220.6,117.89,0.2566,18.83,69,20.36,102.03,6.498,180.77,0.6983,0.02528,0.00788,2.505,1.619,2.56,1.503,3.872,167.54,14.89,0.9698,1.633,0.5909,2.519,435.38,1.085,54.32,0.7844,11.03,2.466e-05,0.2266,3.044,1.328,2.399,0.2117,9.652,0.5,8.869
2022-04-07T22:20:23,43536.82,3220.77,117.9,0.2564,18.83,69,20.36,102.04,6.492,180.67,0.6983,0.02528,0.00788,2.504,1.619,2.56,1.502,3.868,167.55,14.89,0.9686,1.633,0.5909,2.519,435.14,1.085,54.31,0.7843,11.05,2.467e-05,0.2266,3.044,1.328,2.4,0.2117,9.643,0.5,8.864
2022-04-07T22:20:53,43536.33,3219.71,117.91,0.2565,18.81,69.1,20.36,102.03,6.492,180.65,0.6983,0.02529,0.00788,2.504,1.62,2.56,1.502,3.869,167.56,14.89,0.9686,1.633,0.5909,2.519,435.14,1.086,54.32,0.7841,11.05,2.467e-05,0.2266,3.045,1.328,2.399,0.2117,9.636,0.4998,8.87
2022-04-07T22:21:23,43536.16,3221.01,117.91,0.2565,18.73,69.1,20.36,102.01,6.492,180.66,0.6983,0.02529,0.00788,2.505,1.62,2.56,1.503,3.869,167.63,14.89,0.9686,1.637,0.5909,2.519,435.03,1.086,54.31,0.7839,11.05,2.466e-05,0.2266,3.045,1.328,2.399,0.2116,9.644,0.5001,8.868
2022-04-07T22:21:54,43540.3,3220.88,117.96,0.2565,18.72,69.1,20.36,101.99,6.493,180.71,0.6983,0.02528,0.00788,2.499,1.621,2.56,1.503,3.872,167.63,14.89,0.9686,1.637,0.5909,2.52,434.93,1.086,54.31,0.784,11.06,2.468e-05,0.2267,3.045,1.329,2.399,0.2117,9.64,0.5004,8.859
2022-04-07T22:22:24,43545.84,3221.36,118.06,0.2568,18.72,69.1,20.38,101.98,6.495,180.64,0.6983,0.02528,0.007898,2.496,1.621,2.56,1.503,3.872,167.71,14.89,0.9686,1.636,0.5909,2.521,435.01,1.086,54.31,0.7841,11.06,2.469e-05,0.2269,3.045,1.329,2.4,0.2117,9.645,0.5008,8.855
2022-04-07T22:22:54,43555.03,3224.34,118.09,0.2572,18.72,69,20.38,102.02,6.499,180.64,0.6983,0.02528,0.007916,2.492,1.622,2.56,1.503,3.873,167.72,14.89,0.9686,1.636,0.5909,2.523,435.1,1.087,54.31,0.7842,11.08,2.469e-05,0.227,3.047,1.33,2.401,0.2117,9.647,0.5008,8.864
2022-04-07T22:23:24,43560.18,3225.18,118.13,0.2573,18.72,69.1,20.39,102.05,6.549,180.71,0.6983,0.02528,0.007915,2.492,1.621,2.57,1.504,3.873,167.75,14.89,0.9686,1.636,0.5909,2.523,435.32,1.087,54.34,0.7845,11.08,2.469e-05,0.2271,3.047,1.334,2.402,0.2117,9.645,0.5009,8.86
2022-04-07T22:23:54,43552.25,3225.13,118.23,0.2573,18.72,69.1,20.38,102.11,6.541,180.77,0.6982,0.02528,0.007915,2.491,1.622,2.57,1.504,3.865,167.76,14.89,0.9686,1.638,0.5909,2.525,435.37,1.087,54.36,0.7844,11.08,2.469e-05,0.2272,3.048,1.336,2.402,0.2118,9.648,0.5011,8.86
2022-04-07T22:24:24,43565.45,3228.42,118.29,0.2575,18.72,69.1,20.39,102.19,6.538,180.85,0.698,0.02529,0.007915,2.49,1.622,2.57,1.507,3.866,167.79,14.89,0.9686,1.638,0.5909,2.526,435.61,1.088,54.38,0.7845,11.08,2.469e-05,0.2276,3.053,1.337,2.404,0.2119,9.655,0.5016,8.863
2022-04-07T22:24:54,43573.68,3229.17,118.29,0.2577,18.74,69.3,20.39,102.29,6.53,180.78,0.698,0.02529,0.007915,2.49,1.623,2.57,1.508,3.867,167.96,14.89,0.9724,1.638,0.5909,2.527,435.75,1.088,54.39,0.7846,11.06,2.469e-05,0.2277,3.054,1.337,2.404,0.212,9.666,0.5018,8.868
2022-04-07T22:25:25,43575.14,3228.89,118.2,0.2574,18.74,69.3,20.39,102.3,6.536,180.84,0.698,0.02529,0.007915,2.491,1.623,2.57,1.508,3.872,168.12,14.89,0.9724,1.636,0.5909,2.53,435.69,1.087,54.45,0.7844,11.05,2.47e-05,0.2279,3.053,1.339,2.404,0.2121,9.658,0.5018,8.87
2022-04-07T22:25:55,43553.35,3230.16,118.19,0.2576,18.74,69.3,20.38,102.35,6.534,180.98,0.698,0.02528,0.007898,2.492,1.623,2.57,1.508,3.866,168.05,14.89,0.9724,1.637,0.5909,2.529,435.67,1.086,54.46,0.7844,11.05,2.469e-05,0.2276,3.052,1.34,2.403,0.2121,9.645,0.5019,8.871
2022-04-07T22:26:25,43560.02,3229.12,118.17,0.2575,18.74,69.3,20.36,102.34,6.529,181.04,0.6981,0.02528,0.007898,2.493,1.624,2.57,1.508,3.868,168.09,14.89,0.9724,1.637,0.5909,2.528,435.52,1.087,54.44,0.7842,11.05,2.469e-05,0.2276,3.051,1.339,2.403,0.2122,9.646,0.5019,8.87
2022-04-07T22:26:55,43560.83,3228.7,118.18,0.2575,18.74,69.2,20.36,102.33,6.527,181.06,0.698,0.02527,0.007897,2.491,1.623,2.57,1.508,3.866,168.23,14.89,0.9724,1.637,0.5909,2.528,435.57,1.087,54.44,0.7842,11.05,2.469e-05,0.2276,3.051,1.339,2.404,0.2122,9.638,0.5019,8.869
2022-04-07T22:27:25,43544.22,3227.33,118.12,0.2575,18.73,69.1,20.34,102.37,6.532,181.02,0.6979,0.02527,0.007897,2.49,1.623,2.57,1.507,3.866,168.2,14.89,0.9724,1.638,0.5909,2.527,435.49,1.087,54.41,0.7839,11.03,2.47e-05,0.2276,3.051,1.339,2.404,0.2121,9.657,0.502,8.872
2022-04-07T22:27:55,43537.25,3226.3,118.07,0.2575,18.68,69.1,20.34,102.4,6.53,181.07,0.6977,0.02526,0.007897,2.492,1.623,2.57,1.507,3.867,168.22,14.89,0.9718,1.638,0.5909,2.526,435.13,1.087,54.42,0.7837,11.02,2.468e-05,0.2276,3.051,1.339,2.404,0.2121,9.656,0.5018,8.872
2022-04-07T22:28:25,43532.72,3225.93,118.08,0.2573,18.68,69.2,20.34,102.41,6.53,180.93,0.6971,0.02526,0.007897,2.493,1.623,2.57,1.507,3.867,168.17,14.89,0.9718,1.638,0.5909,2.527,435.15,1.087,54.41,0.7838,11.03,2.468e-05,0.2276,3.05,1.339,2.404,0.212,9.648,0.5011,8.872
2022-04-07T22:28:55,43526.1,3225.81,118.09,0.2574,18.68,69.1,20.33,102.44,6.522,180.85,0.6971,0.02524,0.007897,2.492,1.623,2.57,1.507,3.867,168.22,14.89,0.9686,1.638,0.5909,2.527,435.21,1.087,54.42,0.7837,11.03,2.467e-05,0.2273,3.05,1.34,2.404,0.212,9.652,0.5011,8.864
2022-04-07T22:29:25,43527.93,3225.54,118.09,0.2574,18.68,69.1,20.33,102.43,6.523,180.93,0.6971,0.02525,0.007892,2.493,1.623,2.57,1.506,3.866,168.27,14.89,0.9717,1.638,0.5909,2.527,435.27,1.087,54.43,0.7839,11.03,2.467e-05,0.2273,3.05,1.339,2.404,0.212,9.658,0.5019,8.864
2022-04-07T22:29:56,43524.71,3225.64,118.15,0.2573,18.68,69.1,20.33,102.5,6.519,180.86,0.6971,0.02525,0.007892,2.493,1.623,2.57,1.506,3.868,168.23,14.89,0.9717,1.638,0.5909,2.528,435.33,1.088,54.46,0.784,11.03,2.467e-05,0.2274,3.05,1.34,2.404,0.212,9.661,0.502,8.866
2022-04-07T22:30:26,43522.33,3225.45,118.15,0.257,18.68,69.1,20.33,102.52,6.52,180.72,0.6971,0.02526,0.007899,2.493,1.623,2.57,1.506,3.868,168.2,14.89,0.9717,1.639,0.5909,2.526,435.24,1.086,54.44,0.7839,11.03,2.467e-05,0.2274,3.05,1.34,2.404,0.212,9.664,0.502,8.863
2022-04-07T22:30:56,43535.66,3225.92,118.16,0.257,18.7,69.2,20.34,102.55,6.524,180.71,0.6971,0.02525,0.007899,2.494,1.623,2.57,1.506,3.869,168.2,14.89,0.9717,1.639,0.5909,2.526,435.33,1.087,54.44,0.7839,11.03,2.468e-05,0.2274,3.05,1.34,2.405,0.212,9.669,0.5021,8.861
2022-04-07T22:31:26,43536.02,3225.82,118.17,0.2572,18.68,69.2,20.34,102.55,6.524,180.7,0.6971,0.02524,0.007899,2.493,1.623,2.57,1.505,3.872,168.32,14.89,0.9717,1.639,0.5909,2.526,435.36,1.087,54.45,0.784,11.02,2.467e-05,0.2278,3.049,1.34,2.404,0.212,9.663,0.5019,8.868
2022-04-07T22:31:56,43534.31,3225.83,118.18,0.2573,18.68,69.2,20.35,102.44,6.524,180.75,0.6972,0.02523,0.007899,2.492,1.623,2.57,1.506,3.867,168.34,14.89,0.9714,1.636,0.5909,2.526,435.25,1.087,54.45,0.784,11.02,2.468e-05,0.2278,3.049,1.34,2.405,0.212,9.662,0.5019,8.869
2022-04-07T22:32:26,43562.56,3227.56,118.35,0.2574,18.68,69.2,20.37,102.48,6.528,180.83,0.6972,0.02525,0.007899,2.494,1.623,2.57,1.507,3.869,168.58,14.89,0.9714,1.636,0.5909,2.53,435.44,1.087,54.47,0.7845,11.02,2.47e-05,0.2278,3.053,1.342,2.406,0.2121,9.662,0.5017,8.868
2022-04-07T22:32:56,43574.71,3229.26,118.45,0.2574,18.68,69.2,20.37,102.55,6.522,180.88,0.6972,0.02525,0.007899,2.493,1.623,2.57,1.509,3.869,168.8,14.89,0.9714,1.636,0.5909,2.531,435.87,1.088,54.5,0.785,11.02,2.472e-05,0.2281,3.055,1.344,2.41,0.2123,9.662,0.5017,8.874
2022-04-07T22:33:26,43564.56,3229.6,118.34,0.2577,18.68,69.2,20.37,102.54,6.527,180.84,0.6972,0.02527,0.007899,2.492,1.623,2.57,1.509,3.879,168.81,14.89,0.9714,1.636,0.5909,2.531,435.79,1.088,54.52,0.7847,11.03,2.471e-05,0.2277,3.055,1.344,2.409,0.2122,9.68,0.5025,8.878
2022-04-07T22:33:57,43555.46,3228.96,118.45,0.2578,18.69,69.3,20.37,102.55,6.522,180.84,0.6978,0.02527,0.007899,2.494,1.623,2.57,1.507,3.878,168.82,14.89,0.9714,1.636,0.5909,2.532,435.7,1.088,54.52,0.7849,11.03,2.472e-05,0.2277,3.055,1.344,2.41,0.2122,9.684,0.5021,8.879
2022-04-07T22:34:27,43557.01,3229.08,118.35,0.2579,18.69,69.3,20.36,102.48,6.511,180.82,0.6978,0.02526,0.007899,2.493,1.623,2.57,1.508,3.888,168.79,14.89,0.9714,1.636,0.5909,2.531,435.74,1.088,54.55,0.7849,11.03,2.471e-05,0.2277,3.056,1.344,2.409,0.2122,9.681,0.5021,8.875
2022-04-07T22:34:57,43544.24,3226.57,118.18,0.2578,18.7,69.3,20.35,102.5,6.504,180.69,0.6978,0.02526,0.007899,2.491,1.624,2.57,1.507,3.885,168.64,14.89,0.9714,1.636,0.5909,2.529,435.6,1.088,54.53,0.7846,11.03,2.47e-05,0.2275,3.056,1.342,2.409,0.2122,9.679,0.5023,8.873
2022-04-07T22:35:28,43538.52,3226.68,118.18,0.258,18.7,69.2,20.35,102.52,6.521,180.65,0.6977,0.02526,0.007899,2.491,1.625,2.57,1.507,3.89,168.64,14.89,0.9714,1.637,0.5909,2.529,435.52,1.088,54.5,0.7845,11.02,2.47e-05,0.2275,3.053,1.342,2.407,0.2123,9.677,0.5023,8.872
2022-04-07T22:35:58,43538.12,3227.04,118.18,0.258,18.7,69.2,20.35,102.56,6.493,180.66,0.6975,0.02527,0.007899,2.491,1.625,2.57,1.507,3.892,168.7,14.89,0.9714,1.637,0.5909,2.531,435.52,1.088,54.52,0.7845,11.01,2.471e-05,0.2273,3.054,1.342,2.407,0.2122,9.671,0.502,8.866
2022-04-07T22:36:28,43536.45,3227.34,118.16,0.2574,18.7,69.2,20.35,102.6,6.494,180.56,0.6975,0.02526,0.007899,2.491,1.624,2.57,1.507,3.894,168.69,14.89,0.9609,1.637,0.5909,2.53,435.45,1.089,54.52,0.7846,11.01,2.473e-05,0.2273,3.053,1.342,2.408,0.2123,9.682,0.502,8.866
2022-04-07T22:36:58,43533.81,3227.47,118.13,0.2575,18.7,69.2,20.36,102.54,6.494,180.5,0.6975,0.02527,0.007899,2.493,1.624,2.57,1.507,3.894,168.65,14.89,0.9578,1.637,0.5909,2.531,435.53,1.088,54.52,0.7846,11.01,2.472e-05,0.2273,3.054,1.342,2.408,0.2123,9.685,0.502,8.865
2022-04-07T22:37:28,43533.75,3227.49,118.09,0.2575,18.68,69.2,20.36,102.44,6.499,180.37,0.6975,0.02526,0.007899,2.493,1.624,2.57,1.506,3.898,168.66,14.89,0.9578,1.636,0.5909,2.531,435.53,1.088,54.52,0.7845,11.01,2.473e-05,0.2273,3.053,1.343,2.408,0.2123,9.705,0.5022,8.86
2022-04-07T22:37:58,43533.89,3227.57,118.1,0.2575,18.69,69.3,20.36,102.37,6.499,180.29,0.6975,0.02527,0.007899,2.491,1.624,2.57,1.507,3.898,168.76,14.89,0.9578,1.637,0.5909,2.531,435.45,1.089,54.51,0.7845,11.01,2.473e-05,0.2273,3.053,1.343,2.408,0.2123,9.706,0.5022,8.865
2022-04-07T22:38:28,43538.43,3227.63,118.17,0.2574,18.69,69.3,20.37,102.35,6.504,180.33,0.6978,0.02529,0.007899,2.491,1.625,2.57,1.506,3.898,168.79,14.89,0.9578,1.637,0.5909,2.531,435.52,1.089,54.53,0.7846,11.04,2.474e-05,0.2273,3.054,1.345,2.408,0.2123,9.715,0.5022,8.866
2022-04-07T22:38:58,43543.87,3228.67,118.24,0.2573,18.69,69.3,20.38,102.33,6.499,180.31,0.6978,0.02528,0.007903,2.491,1.625,2.57,1.507,3.897,168.8,14.89,0.9578,1.635,0.5909,2.531,435.56,1.089,54.53,0.7847,11.04,2.475e-05,0.2276,3.054,1.345,2.408,0.2123,9.715,0.5022,8.867
2022-04-07T22:39:28,43539.14,3228.26,118.16,0.2573,18.69,69.3,20.38,102.32,6.506,180.33,0.6978,0.02529,0.007891,2.492,1.624,2.57,1.507,3.896,168.75,14.89,0.9578,1.635,0.5909,2.531,435.66,1.089,54.55,0.7846,11.05,2.475e-05,0.2276,3.054,1.344,2.408,0.2123,9.718,0.5025,8.873
2022-04-07T22:39:59,43525.35,3226.88,118.01,0.2571,18.69,69.4,20.36,102.3,6.491,180.31,0.6978,0.02527,0.007891,2.493,1.624,2.57,1.506,3.893,168.66,14.89,0.9587,1.635,0.5909,2.529,435.75,1.087,54.5,0.7845,11.05,2.471e-05,0.2276,3.051,1.342,2.408,0.2123,9.716,0.5023,8.869
2022-04-07T22:40:29,43507.47,3226.14,117.93,0.2572,18.69,69.4,20.36,102.25,6.49,180.21,0.6978,0.02529,0.007891,2.493,1.623,2.57,1.506,3.892,168.59,14.89,0.9599,1.636,0.5909,2.527,435.59,1.087,54.47,0.7843,11.02,2.47e-05,0.2273,3.05,1.341,2.408,0.2123,9.697,0.5022,8.87
2022-04-07T22:40:59,43522,3226.6,118.01,0.2572,18.69,69.4,20.36,102.25,6.493,180.37,0.6978,0.02528,0.007891,2.492,1.622,2.57,1.506,3.899,168.73,14.89,0.9599,1.637,0.5909,2.529,435.66,1.088,54.47,0.7844,11.03,2.472e-05,0.2276,3.054,1.34,2.409,0.2123,9.692,0.5019,8.874
2022-04-07T22:41:29,43527.1,3226.67,118.12,0.2573,18.7,69.4,20.37,102.31,6.499,180.35,0.6978,0.02527,0.007891,2.493,1.622,2.57,1.506,3.899,168.72,14.89,0.9599,1.636,0.5909,2.53,435.53,1.088,54.5,0.7848,11.02,2.472e-05,0.2276,3.053,1.34,2.409,0.2124,9.7,0.5021,8.875
2022-04-07T22:41:59,43540.99,3226.9,117.94,0.2576,18.7,69.4,20.37,102.29,6.497,180.43,0.6962,0.02528,0.007885,2.493,1.622,2.57,1.508,3.899,168.71,14.89,0.9599,1.636,0.5909,2.532,435.46,1.088,54.49,0.7847,11.02,2.472e-05,0.2276,3.053,1.342,2.409,0.2124,9.703,0.5021,8.876
2022-04-07T22:42:29,43530.78,3226.21,117.89,0.2577,18.7,69.4,20.36,102.28,6.495,180.46,0.6962,0.0253,0.007885,2.494,1.623,2.57,1.507,3.904,168.69,14.89,0.9599,1.637,0.5909,2.531,435.5,1.088,54.48,0.7846,11.02,2.471e-05,0.2276,3.053,1.341,2.409,0.2124,9.709,0.5021,8.871
2022-04-07T22:42:59,43529.33,3226.22,117.89,0.2577,18.7,69.4,20.37,102.32,6.498,180.49,0.6962,0.02529,0.007885,2.493,1.623,2.57,1.507,3.903,168.64,14.89,0.9599,1.637,0.5909,2.531,435.57,1.088,54.5,0.7845,11.02,2.471e-05,0.2276,3.054,1.341,2.409,0.2124,9.703,0.5021,8.871
2022-04-07T22:43:29,43531.34,3225.75,117.91,0.2577,18.7,69.2,20.37,102.34,6.503,180.51,0.6962,0.02529,0.007885,2.493,1.623,2.57,1.507,3.907,168.62,14.89,0.9589,1.64,0.5909,2.531,435.48,1.088,54.5,0.7844,11,2.473e-05,0.2276,3.053,1.341,2.409,0.2123,9.707,0.5014,8.877
2022-04-07T22:43:59,43530.49,3225.95,117.88,0.2577,18.68,69.2,20.37,102.31,6.502,180.41,0.6962,0.02528,0.007885,2.494,1.623,2.57,1.507,3.888,168.63,14.89,0.9589,1.639,0.5909,2.531,435.49,1.087,54.5,0.7845,11,2.473e-05,0.2276,3.053,1.341,2.409,0.2123,9.693,0.5014,8.873
2022-04-07T22:44:30,43530.09,3225.93,117.95,0.2583,18.68,69.2,20.37,102.35,6.515,180.47,0.6962,0.02529,0.007885,2.494,1.623,2.57,1.506,3.896,168.62,14.89,0.9589,1.639,0.5909,2.532,435.42,1.087,54.5,0.7845,10.98,2.473e-05,0.2273,3.053,1.342,2.409,0.2123,9.686,0.5011,8.874
2022-04-07T22:45:00,43531.83,3226.19,117.95,0.2583,18.68,69.2,20.37,102.39,6.518,180.46,0.6962,0.02529,0.00788,2.494,1.623,2.57,1.506,3.9,168.64,14.89,0.9589,1.641,0.5909,2.532,435.5,1.087,54.5,0.7845,10.98,2.472e-05,0.2273,3.053,1.341,2.409,0.2123,9.679,0.5011,8.873
2022-04-07T22:45:30,43532.41,3226.4,117.95,0.2583,18.68,69.2,20.37,102.41,6.519,180.45,0.6962,0.02528,0.00788,2.493,1.623,2.57,1.506,3.903,168.62,14.89,0.9589,1.641,0.5909,2.532,435.42,1.088,54.52,0.7844,10.98,2.472e-05,0.2273,3.053,1.342,2.409,0.2123,9.687,0.5011,8.876
2022-04-07T22:46:00,43530.01,3226.46,117.86,0.2583,18.68,69.2,20.37,102.41,6.519,180.38,0.6962,0.02528,0.00788,2.493,1.623,2.57,1.507,3.906,168.62,14.9,0.9589,1.643,0.5909,2.532,435.33,1.088,54.52,0.7843,10.98,2.472e-05,0.2273,3.053,1.342,2.409,0.2123,9.688,0.501,8.877
2022-04-07T22:46:30,43525.23,3226.36,117.77,0.258,18.68,69.2,20.37,102.35,6.516,180.16,0.6962,0.02529,0.00788,2.493,1.623,2.57,1.506,3.908,168.59,14.9,0.9589,1.643,0.5909,2.532,435.36,1.088,54.53,0.7844,10.99,2.471e-05,0.2273,3.052,1.341,2.408,0.2123,9.686,0.5002,8.878
2022-04-07T22:47:00,43532.68,3227.33,117.87,0.258,18.68,69.2,20.38,102.4,6.517,180.17,0.6962,0.02528,0.00788,2.493,1.623,2.57,1.506,3.911,168.72,14.9,0.9589,1.643,0.5909,2.531,435.37,1.088,54.54,0.7843,10.99,2.473e-05,0.2275,3.054,1.342,2.409,0.2124,9.687,0.5004,8.873
2022-04-07T22:47:30,43556.64,3229.08,117.9,0.2585,18.68,69.2,20.38,102.54,6.521,180.31,0.6961,0.02528,0.007901,2.492,1.623,2.57,1.507,3.919,168.85,14.9,0.9589,1.64,0.5909,2.534,435.47,1.088,54.59,0.7847,11.01,2.474e-05,0.2275,3.055,1.343,2.409,0.2125,9.698,0.5004,8.881
2022-04-07T22:48:00,43569.59,3229.96,118.04,0.2586,18.68,69.4,20.4,102.56,6.521,180.33,0.6983,0.0253,0.007905,2.494,1.623,2.57,1.508,3.914,168.9,14.9,0.9589,1.644,0.5909,2.534,435.8,1.088,54.59,0.7851,11.01,2.474e-05,0.2274,3.055,1.344,2.41,0.2124,9.7,0.5008,8.885
2022-04-07T22:48:30,43577.23,3231.02,118.15,0.2591,18.68,69.4,20.4,102.69,6.536,180.46,0.6983,0.0253,0.007905,2.491,1.624,2.57,1.508,3.914,169.09,14.9,0.9585,1.644,0.5909,2.537,436.06,1.089,54.69,0.7861,11.01,2.475e-05,0.2274,3.058,1.346,2.41,0.2125,9.706,0.5015,8.888
2022-04-07T22:49:01,43584.97,3231.11,118.2,0.2592,18.68,69.5,20.41,102.73,6.539,180.48,0.6983,0.0253,0.007907,2.492,1.624,2.58,1.508,3.914,169.1,14.9,0.9585,1.644,0.5909,2.537,436.1,1.088,54.75,0.7864,11.02,2.476e-05,0.2274,3.059,1.347,2.41,0.2125,9.734,0.5016,8.89
2022-04-07T22:49:31,43597.05,3231.24,118.17,0.259,18.68,69.5,20.41,102.82,6.531,180.59,0.6983,0.0253,0.007911,2.493,1.624,2.58,1.508,3.922,169.07,14.9,0.9609,1.644,0.5909,2.537,436.09,1.089,54.74,0.7865,11.02,2.477e-05,0.2278,3.06,1.346,2.412,0.2126,9.734,0.5016,8.898
2022-04-07T22:50:01,43600.01,3231.95,118.21,0.259,18.74,69.5,20.41,102.82,6.537,180.61,0.6983,0.02529,0.007911,2.493,1.623,2.58,1.509,3.916,169.12,14.9,0.9609,1.647,0.5909,2.536,436.23,1.089,54.78,0.7866,11.04,2.477e-05,0.2278,3.06,1.347,2.413,0.2126,9.741,0.5023,8.893
2022-04-07T22:50:31,43591.47,3231.2,118.12,0.2591,18.74,69.5,20.4,102.78,6.534,180.6,0.696,0.02529,0.007911,2.493,1.624,2.58,1.508,3.92,169.06,14.9,0.9568,1.647,0.5909,2.534,436.2,1.09,54.77,0.7865,11.04,2.476e-05,0.2277,3.059,1.346,2.411,0.2125,9.737,0.5023,8.892
2022-04-07T22:51:01,43569.62,3231.04,118.01,0.2591,18.74,69.5,20.38,102.73,6.523,180.52,0.696,0.02527,0.007911,2.492,1.624,2.58,1.508,3.92,169,14.91,0.9588,1.647,0.5909,2.535,436.05,1.09,54.77,0.7863,11.04,2.476e-05,0.2276,3.059,1.344,2.41,0.2125,9.691,0.5023,8.899
2022-04-07T22:51:31,43573.14,3232.24,118.12,0.2591,18.74,69.5,20.39,102.78,6.523,180.55,0.6987,0.02529,0.007911,2.493,1.624,2.58,1.507,3.914,169.03,14.91,0.959,1.644,0.5909,2.534,435.94,1.09,54.72,0.786,11.04,2.476e-05,0.2276,3.059,1.344,2.409,0.2125,9.694,0.5021,8.894
2022-04-07T22:52:01,43594.99,3232.95,118.2,0.2591,18.74,69.6,20.4,102.83,6.533,180.59,0.6951,0.02528,0.007912,2.494,1.624,2.58,1.508,3.914,169.07,14.93,0.959,1.649,0.5909,2.537,436.12,1.09,54.75,0.7864,11.05,2.477e-05,0.2276,3.059,1.344,2.41,0.2125,9.691,0.5025,8.894
2022-04-07T22:52:32,43595.94,3233.4,118.2,0.2591,18.74,69.6,20.4,102.89,6.532,180.58,0.6959,0.0253,0.007912,2.493,1.622,2.58,1.508,3.915,169.11,14.93,0.959,1.649,0.5909,2.537,436.2,1.091,54.78,0.7865,11.05,2.477e-05,0.2276,3.06,1.344,2.41,0.2126,9.687,0.5025,8.893
2022-04-07T22:53:02,43596.79,3233.21,118.25,0.2591,18.73,69.6,20.4,102.89,6.527,180.69,0.6959,0.02528,0.007968,2.495,1.622,2.58,1.508,3.921,169.15,14.93,0.9588,1.649,0.5909,2.535,436.25,1.09,54.78,0.7865,11.05,2.478e-05,0.2279,3.06,1.343,2.41,0.2125,9.678,0.5027,8.892
2022-04-07T22:53:32,43601.07,3232.66,118.25,0.2591,18.75,69.6,20.41,102.88,6.527,180.7,0.696,0.02529,0.007953,2.494,1.622,2.58,1.508,3.921,169.18,14.93,0.951,1.65,0.5909,2.536,436.25,1.09,54.77,0.7864,11.06,2.478e-05,0.2279,3.061,1.343,2.41,0.2125,9.68,0.503,8.893
2022-04-07T22:54:02,43589.7,3231.95,118.31,0.2591,18.75,69.6,20.4,102.9,6.526,180.66,0.696,0.02528,0.007953,2.495,1.623,2.58,1.506,3.912,169.05,14.93,0.9548,1.65,0.5909,2.536,436.12,1.089,54.76,0.7861,11.06,2.477e-05,0.2276,3.059,1.342,2.41,0.2125,9.687,0.5028,8.892
2022-04-07T22:54:32,43585.35,3231.52,118.47,0.2594,18.75,69.6,20.39,102.91,6.53,180.68,0.696,0.02528,0.007933,2.495,1.623,2.58,1.507,3.91,169.14,14.93,0.9548,1.649,0.5909,2.536,436.14,1.09,54.76,0.7861,11.06,2.477e-05,0.2276,3.06,1.342,2.41,0.2125,9.69,0.5029,8.896
2022-04-07T22:55:02,43586.49,3231.42,118.48,0.2593,18.75,69.6,20.39,102.97,6.521,180.77,0.696,0.02527,0.007933,2.493,1.623,2.58,1.507,3.91,169.11,14.94,0.9548,1.649,0.5909,2.536,436.03,1.09,54.79,0.786,11.05,2.477e-05,0.2276,3.06,1.341,2.41,0.2125,9.695,0.5027,8.9
2022-04-07T22:55:32,43592.41,3231.66,118.56,0.2598,18.75,69.6,20.4,103.03,6.527,180.8,0.696,0.02527,0.007933,2.494,1.622,2.58,1.508,3.918,169.14,14.94,0.9606,1.65,0.5909,2.536,436.15,1.09,54.8,0.7863,11.06,2.476e-05,0.2276,3.061,1.341,2.41,0.2125,9.705,0.5024,8.895
2022-04-07T22:56:02,43605.28,3232.87,118.57,0.2598,18.77,69.6,20.41,103.06,6.526,180.77,0.6941,0.02528,0.007933,2.495,1.622,2.58,1.508,3.917,169.21,14.94,0.9609,1.65,0.5909,2.537,436.23,1.089,54.82,0.7864,11.06,2.476e-05,0.2276,3.062,1.342,2.41,0.2125,9.717,0.5025,8.894
2022-04-07T22:56:32,43618.42,3233.27,118.54,0.2598,18.77,69.6,20.41,103.04,6.526,180.93,0.6941,0.02529,0.007933,2.494,1.622,2.58,1.508,3.918,169.28,14.94,0.9567,1.65,0.5909,2.538,436.29,1.09,54.88,0.7868,11.07,2.477e-05,0.2276,3.062,1.345,2.411,0.2125,9.725,0.5029,8.895
2022-04-07T22:57:03,43624.75,3233.55,118.59,0.2598,18.73,69.6,20.41,103.05,6.526,180.98,0.6941,0.02528,0.007935,2.494,1.622,2.58,1.508,3.919,169.29,14.94,0.9567,1.649,0.5909,2.538,436.31,1.091,54.92,0.7872,11.07,2.479e-05,0.2276,3.062,1.345,2.411,0.2127,9.729,0.503,8.905
2022-04-07T22:57:33,43625.57,3233.92,118.64,0.2599,18.76,69.6,20.42,103.06,6.526,180.99,0.6941,0.02528,0.007935,2.493,1.623,2.58,1.508,3.918,169.37,14.94,0.9548,1.649,0.5909,2.539,436.4,1.092,54.94,0.7874,11.07,2.479e-05,0.2281,3.066,1.347,2.414,0.2128,9.73,0.5033,8.901
2022-04-07T22:58:03,43626.82,3234.42,118.65,0.2599,18.76,69.6,20.42,103.11,6.527,180.9,0.6941,0.02529,0.007935,2.493,1.624,2.58,1.509,3.918,169.4,14.94,0.9595,1.649,0.5909,2.541,436.44,1.092,54.98,0.7873,11.07,2.479e-05,0.2282,3.068,1.347,2.414,0.2128,9.728,0.5034,8.901
2022-04-07T22:58:33,43627.53,3234.5,118.61,0.2603,18.74,69.6,20.42,103.13,6.531,181.08,0.6934,0.02528,0.007935,2.493,1.624,2.58,1.509,3.916,169.46,14.94,0.9595,1.652,0.5909,2.541,436.47,1.092,55.02,0.7873,11.07,2.479e-05,0.2282,3.068,1.347,2.415,0.2128,9.702,0.5034,8.905
2022-04-07T22:59:03,43628.81,3235.36,118.6,0.2604,18.74,69.6,20.42,103.13,6.529,181.16,0.6934,0.02527,0.007935,2.495,1.624,2.58,1.509,3.918,169.49,14.94,0.9553,1.652,0.5909,2.54,436.56,1.092,55.03,0.7873,11.06,2.479e-05,0.2281,3.069,1.346,2.415,0.2128,9.695,0.5034,8.904
2022-04-07T22:59:33,43623.22,3235.6,118.55,0.2584,18.74,69.6,20.43,103.27,6.523,181.12,0.6934,0.02528,0.007941,2.495,1.624,2.58,1.51,3.918,169.51,14.94,0.9599,1.651,0.5909,2.542,436.56,1.092,55.01,0.7875,11.06,2.479e-05,0.2283,3.07,1.347,2.415,0.2127,9.688,0.5035,8.906
2022-04-07T23:00:03,43624.37,3235.48,118.53,0.2578,18.74,69.7,20.43,103.34,6.525,181.15,0.6933,0.02529,0.007941,2.495,1.625,2.58,1.51,3.918,169.5,14.94,0.9599,1.65,0.5909,2.543,436.6,1.092,55.01,0.7875,11.06,2.48e-05,0.2283,3.07,1.347,2.416,0.2127,9.691,0.5036,8.9
2022-04-07T23:00:33,43596.32,3233.66,118.4,0.2579,18.74,69.7,20.41,103.27,6.525,181.12,0.6935,0.02531,0.007941,2.494,1.625,2.58,1.508,3.914,169.42,14.94,0.9575,1.649,0.5909,2.54,436.4,1.091,54.96,0.7869,11.06,2.479e-05,0.2283,3.067,1.346,2.416,0.2126,9.682,0.5034,8.899
2022-04-07T23:01:03,43598.42,3233.34,118.31,0.2586,18.76,69.6,20.41,103.22,6.522,181,0.6935,0.02528,0.007941,2.494,1.624,2.58,1.508,3.913,169.29,14.94,0.9599,1.649,0.5909,2.54,436.3,1.091,54.92,0.7868,11.07,2.479e-05,0.2281,3.065,1.345,2.415,0.2126,9.676,0.5034,8.893
2022-04-07T23:01:34,43595.98,3232.96,118.3,0.2582,18.76,69.5,20.41,103.2,6.533,180.97,0.6933,0.0253,0.007941,2.494,1.625,2.58,1.508,3.91,169.13,14.94,0.9599,1.647,0.5909,2.54,436.16,1.091,54.9,0.7867,11.07,2.479e-05,0.2281,3.064,1.345,2.414,0.2125,9.678,0.503,8.897
2022-04-07T23:02:04,43609.5,3234.09,118.31,0.2583,18.76,69.5,20.41,103.17,6.532,181.03,0.692,0.02531,0.007941,2.499,1.625,2.58,1.508,3.913,169.25,14.94,0.9579,1.647,0.5909,2.541,436.42,1.092,54.89,0.7869,11.08,2.48e-05,0.2283,3.065,1.345,2.415,0.2125,9.683,0.5032,8.896
2022-04-07T23:02:34,43614.91,3236.12,118.32,0.2588,18.76,69.7,20.43,103.18,6.532,181.04,0.6936,0.02531,0.00794,2.5,1.625,2.58,1.508,3.918,169.28,14.94,0.9609,1.647,0.5909,2.541,436.63,1.091,54.87,0.7871,11.08,2.481e-05,0.2284,3.065,1.345,2.415,0.2125,9.692,0.5032,8.899
2022-04-07T23:03:04,43614.92,3236.57,118.35,0.2588,18.76,69.6,20.43,103.13,6.524,181.01,0.6936,0.0253,0.007971,2.505,1.624,2.58,1.509,3.918,169.39,14.96,0.9609,1.648,0.5909,2.54,436.75,1.091,54.86,0.7872,11.08,2.482e-05,0.2284,3.067,1.345,2.416,0.2126,9.672,0.5032,8.907
2022-04-07T23:03:34,43613.54,3236.65,118.35,0.2587,18.8,69.6,20.44,103.1,6.532,181.03,0.6919,0.0253,0.007971,2.506,1.624,2.58,1.509,3.894,169.46,14.96,0.9609,1.648,0.5909,2.54,436.72,1.092,54.84,0.7874,11.08,2.482e-05,0.2285,3.067,1.346,2.415,0.2126,9.659,0.5033,8.904
2022-04-07T23:04:04,43614.34,3237.43,118.37,0.2587,18.8,69.6,20.43,103.1,6.532,181.04,0.6928,0.0253,0.007971,2.506,1.624,2.58,1.509,3.89,169.52,14.96,0.9609,1.648,0.5909,2.539,436.8,1.092,54.83,0.7875,11.07,2.482e-05,0.2287,3.069,1.346,2.416,0.2126,9.667,0.5032,8.904
2022-04-07T23:04:34,43621.06,3238.72,118.58,0.259,18.8,69.6,20.44,103.13,6.532,181.12,0.6925,0.02529,0.007971,2.506,1.624,2.58,1.509,3.895,169.54,14.96,0.9609,1.648,0.5909,2.54,436.9,1.092,54.85,0.7874,11.07,2.483e-05,0.2289,3.069,1.346,2.416,0.2126,9.667,0.5034,8.908
2022-04-07T23:05:04,43631.84,3238.79,118.63,0.259,18.8,69.6,20.45,103.21,6.53,181.25,0.6925,0.02529,0.007971,2.505,1.624,2.58,1.51,3.905,169.59,14.96,0.9609,1.646,0.5909,2.54,436.92,1.092,54.87,0.7876,11.07,2.484e-05,0.229,3.07,1.348,2.418,0.2126,9.706,0.5036,8.912
2022-04-07T23:05:34,43615,3239.72,118.47,0.259,18.8,69.8,20.46,103.35,6.537,181.32,0.6931,0.0253,0.007971,2.507,1.625,2.58,1.511,3.897,169.71,14.96,0.9609,1.646,0.5909,2.54,436.95,1.092,54.89,0.7876,11.07,2.483e-05,0.2285,3.071,1.349,2.42,0.2127,9.708,0.5036,8.913
2022-04-07T23:06:05,43622.67,3240.29,118.47,0.2586,18.8,69.8,20.46,103.38,6.537,181.29,0.6931,0.02529,0.007971,2.503,1.624,2.58,1.511,3.897,169.81,14.96,0.9609,1.648,0.5909,2.542,436.74,1.093,54.89,0.7876,11.06,2.483e-05,0.2287,3.072,1.349,2.421,0.2127,9.698,0.5035,8.913
2022-04-07T23:06:35,43618.32,3239.5,118.38,0.2582,18.82,69.8,20.46,103.39,6.535,181.24,0.6931,0.02529,0.007971,2.502,1.624,2.58,1.511,3.909,169.73,14.96,0.9609,1.648,0.5909,2.541,436.64,1.092,54.88,0.7876,11.06,2.482e-05,0.2285,3.071,1.347,2.419,0.2128,9.687,0.5031,8.911
2022-04-07T23:07:05,43622.16,3239.5,118.37,0.2582,18.81,69.8,20.46,103.3,6.539,181.28,0.6931,0.0253,0.007971,2.502,1.624,2.58,1.511,3.912,169.6,14.96,0.9609,1.656,0.5909,2.541,436.65,1.092,54.88,0.7877,11.06,2.482e-05,0.2288,3.07,1.347,2.419,0.2128,9.68,0.5031,8.912
2022-04-07T23:07:35,43631.3,3239.69,118.33,0.2584,18.8,69.8,20.46,103.19,6.542,181.34,0.6931,0.02529,0.007983,2.501,1.625,2.58,1.512,3.919,169.52,14.96,0.9609,1.653,0.5909,2.541,436.54,1.092,54.89,0.7877,11.06,2.482e-05,0.2288,3.07,1.347,2.419,0.2128,9.68,0.503,8.913
2022-04-07T23:08:05,43646.08,3241.13,118.34,0.2585,18.8,69.8,20.46,103.2,6.543,181.32,0.6972,0.02528,0.007983,2.504,1.625,2.58,1.512,3.915,169.53,14.96,0.9609,1.653,0.5909,2.542,436.58,1.092,54.89,0.7878,11.07,2.483e-05,0.2288,3.073,1.349,2.419,0.2128,9.685,0.5032,8.918
2022-04-07T23:08:36,43649.66,3241.76,118.45,0.2589,18.86,69.7,20.46,103.2,6.541,181.37,0.6964,0.02529,0.007972,2.504,1.625,2.58,1.513,3.916,169.65,14.96,0.9609,1.653,0.5909,2.544,436.69,1.093,54.97,0.7879,11.08,2.484e-05,0.2289,3.075,1.35,2.42,0.2128,9.682,0.5032,8.919
2022-04-07T23:09:06,43650.96,3241.7,118.41,0.2588,18.86,69.7,20.47,103.22,6.544,181.33,0.6964,0.02529,0.007972,2.504,1.626,2.58,1.514,3.904,169.72,14.96,0.9609,1.651,0.5909,2.544,436.68,1.092,55.01,0.7882,11.08,2.484e-05,0.2289,3.076,1.35,2.421,0.2129,9.693,0.5033,8.919
2022-04-07T23:09:36,43642.42,3241.59,118.35,0.2587,18.86,69.6,20.47,103.23,6.544,181.36,0.6969,0.02528,0.007972,2.503,1.626,2.58,1.513,3.909,169.72,14.96,0.9609,1.651,0.5909,2.542,436.63,1.092,55.02,0.7881,11.08,2.484e-05,0.2288,3.08,1.351,2.421,0.213,9.697,0.5033,8.919
2022-04-07T23:10:06,43646.8,3241.55,118.35,0.2587,18.86,69.6,20.47,103.23,6.544,181.31,0.6968,0.02528,0.007972,2.504,1.626,2.58,1.513,3.907,169.68,14.96,0.9609,1.651,0.5909,2.543,436.68,1.093,55.04,0.7881,11.08,2.483e-05,0.2288,3.081,1.35,2.421,0.213,9.7,0.5037,8.917
2022-04-07T23:10:36,43637.47,3241.22,118.34,0.2587,18.86,69.7,20.47,103.22,6.548,181.24,0.6962,0.02529,0.007972,2.505,1.626,2.58,1.513,3.909,169.61,14.96,0.9609,1.651,0.5909,2.542,436.67,1.093,55.04,0.788,11.07,2.483e-05,0.2286,3.079,1.349,2.42,0.213,9.699,0.5037,8.916
2022-04-07T23:11:06,43636.93,3240.68,118.23,0.2589,18.86,69.7,20.47,103.22,6.545,181.23,0.6962,0.02528,0.007994,2.502,1.626,2.58,1.513,3.908,169.59,14.96,0.9609,1.653,0.5909,2.54,436.42,1.092,55.04,0.7877,11.07,2.481e-05,0.2284,3.077,1.349,2.418,0.213,9.698,0.5037,8.916
2022-04-07T23:11:36,43637.36,3239.19,118.29,0.2589,18.86,69.7,20.47,103.3,6.545,181.25,0.6962,0.02528,0.007991,2.502,1.626,2.58,1.512,3.91,169.66,14.96,0.9609,1.653,0.5909,2.541,436.46,1.092,55.02,0.7878,11.07,2.481e-05,0.2284,3.077,1.349,2.417,0.213,9.703,0.5033,8.917
2022-04-07T23:12:06,43645.43,3241.25,118.4,0.2592,18.86,69.7,20.46,103.3,6.548,181.25,0.6962,0.02528,0.007991,2.505,1.626,2.58,1.512,3.911,169.72,14.96,0.9609,1.653,0.5909,2.542,436.51,1.092,55.02,0.7883,11.07,2.481e-05,0.2287,3.08,1.35,2.419,0.2131,9.714,0.5033,8.918
2022-04-07T23:12:36,43646.46,3241.57,118.47,0.2597,18.84,69.7,20.47,103.4,6.564,181.27,0.6962,0.02529,0.007991,2.503,1.626,2.58,1.512,3.912,169.7,14.96,0.9609,1.653,0.5909,2.543,436.57,1.092,55.08,0.7883,11.08,2.482e-05,0.2287,3.08,1.35,2.419,0.2131,9.721,0.5032,8.917
2022-04-07T23:13:07,43655.71,3241.74,118.58,0.2599,18.86,69.7,20.48,103.54,6.591,181.28,0.6962,0.02529,0.007991,2.504,1.626,2.58,1.513,3.914,169.72,14.91,0.9609,1.652,0.5909,2.544,436.59,1.093,55.1,0.7883,11.09,2.484e-05,0.2288,3.081,1.351,2.42,0.2133,9.729,0.5031,8.917
2022-04-07T23:13:37,43658.41,3242.65,118.61,0.2601,18.82,69.7,20.49,103.63,6.591,181.29,0.6975,0.0253,0.007991,2.505,1.627,2.58,1.512,3.914,169.57,14.91,0.9609,1.652,0.5909,2.545,436.66,1.093,55.14,0.7884,11.09,2.485e-05,0.2288,3.081,1.351,2.42,0.2135,9.735,0.5033,8.92
2022-04-07T23:14:07,43657.93,3242.72,118.75,0.2605,18.82,69.8,20.48,103.66,6.599,181.28,0.6983,0.02529,0.007991,2.505,1.627,2.58,1.513,3.916,169.45,14.91,0.9609,1.652,0.5909,2.545,436.7,1.093,55.18,0.7882,11.09,2.485e-05,0.2288,3.081,1.351,2.42,0.2135,9.735,0.5037,8.924
2022-04-07T23:14:37,43676.43,3244.74,118.71,0.2609,18.83,69.8,20.49,103.8,6.599,181.36,0.6983,0.02531,0.007978,2.506,1.626,2.58,1.513,3.918,169.55,14.91,0.9609,1.659,0.5909,2.546,436.77,1.093,55.19,0.7885,11.09,2.485e-05,0.2291,3.082,1.351,2.421,0.2135,9.745,0.5036,8.926
2022-04-07T23:15:07,43673.78,3244.74,118.69,0.2605,18.83,69.8,20.54,103.9,6.6,181.45,0.699,0.02529,0.007997,2.506,1.627,2.58,1.513,3.921,169.53,14.91,0.9609,1.654,0.5909,2.546,436.88,1.094,55.17,0.7886,11.09,2.486e-05,0.229,3.083,1.351,2.421,0.2135,9.736,0.5037,8.928
2022-04-07T23:15:37,43678.38,3245,118.69,0.2604,18.83,69.8,20.54,103.91,6.626,181.5,0.699,0.0253,0.007997,2.505,1.627,2.58,1.513,3.921,169.57,14.91,0.9604,1.654,0.5909,2.547,436.95,1.095,55.17,0.7887,11.09,2.485e-05,0.229,3.084,1.351,2.421,0.2135,9.738,0.5038,8.932
2022-04-07T23:16:07,43684.39,3245.49,118.71,0.2605,18.83,69.8,20.53,103.88,6.632,181.43,0.699,0.02531,0.007997,2.507,1.627,2.58,1.513,3.925,169.61,14.91,0.9604,1.657,0.5909,2.546,437,1.095,55.15,0.7889,11.09,2.483e-05,0.2289,3.085,1.351,2.421,0.2135,9.735,0.5035,8.933
2022-04-07T23:16:37,43695.46,3250.14,118.74,0.2608,18.83,70,20.55,103.93,6.614,181.39,0.699,0.02531,0.007997,2.505,1.627,2.58,1.514,3.922,169.61,14.91,0.9604,1.657,0.5909,2.548,437.17,1.096,55.16,0.7889,11.13,2.484e-05,0.2293,3.087,1.352,2.423,0.2136,9.732,0.5035,8.932
2022-04-07T23:17:07,43693.88,3249.69,118.83,0.2611,18.84,70,20.56,103.94,6.625,181.55,0.6991,0.0253,0.007997,2.505,1.627,2.58,1.515,3.921,169.65,14.91,0.9604,1.657,0.5909,2.548,437.18,1.096,55.23,0.7888,11.16,2.484e-05,0.2295,3.087,1.352,2.426,0.2136,9.73,0.5037,8.933
2022-04-07T23:17:38,43697.15,3250.71,119.25,0.2613,18.84,70,20.59,104.09,6.624,181.8,0.6998,0.02532,0.008003,2.506,1.627,2.58,1.517,3.924,169.64,14.91,0.9604,1.657,0.5909,2.548,437.4,1.096,55.28,0.7889,11.18,2.484e-05,0.2297,3.088,1.353,2.426,0.2136,9.74,0.5041,8.933
2022-04-07T23:18:08,43699.14,3250.05,119.37,0.2616,18.84,70,20.61,104.13,6.62,181.81,0.7004,0.02531,0.008003,2.507,1.627,2.58,1.517,3.924,169.76,14.96,0.9605,1.657,0.5909,2.548,437.32,1.097,55.27,0.789,11.18,2.485e-05,0.2297,3.088,1.353,2.426,0.2136,9.747,0.5043,8.928
2022-04-07T23:18:38,43702.81,3251.04,119.56,0.2616,18.84,70,20.62,104.13,6.636,181.87,0.7004,0.02532,0.00799,2.504,1.627,2.58,1.518,3.935,169.78,14.96,0.9609,1.657,0.5909,2.549,437.37,1.097,55.2,0.789,11.17,2.486e-05,0.2296,3.089,1.353,2.428,0.2136,9.753,0.5048,8.933
2022-04-07T23:19:08,43709.78,3250.58,119.63,0.2617,18.84,70.1,20.6,104.17,6.632,181.88,0.7004,0.02532,0.008002,2.518,1.627,2.58,1.517,3.935,169.79,14.96,0.9605,1.658,0.5909,2.549,437.39,1.097,55.2,0.789,11.15,2.486e-05,0.2296,3.089,1.353,2.427,0.2136,9.767,0.5048,8.928
2022-04-07T23:19:38,43711.25,3250.75,119.6,0.2617,18.86,70.1,20.6,104.26,6.631,181.79,0.7004,0.02532,0.008004,2.518,1.628,2.58,1.518,3.935,169.82,14.96,0.9605,1.658,0.5909,2.549,437.43,1.097,55.17,0.7891,11.16,2.487e-05,0.2296,3.088,1.353,2.427,0.2138,9.776,0.5049,8.933
2022-04-07T23:20:08,43717.73,3252,119.64,0.2618,18.86,70.1,20.6,104.34,6.639,181.82,0.7005,0.02531,0.008004,2.517,1.629,2.58,1.518,3.935,169.84,14.96,0.9605,1.658,0.5909,2.55,437.61,1.098,55.18,0.7892,11.16,2.488e-05,0.2296,3.087,1.353,2.427,0.2139,9.782,0.5048,8.933
2022-04-07T23:20:38,43715.33,3252.3,119.78,0.2616,18.87,70.1,20.61,104.36,6.628,181.93,0.7005,0.02532,0.008008,2.513,1.629,2.58,1.518,3.939,169.79,14.96,0.9605,1.659,0.5909,2.55,437.68,1.098,55.17,0.7893,11.17,2.488e-05,0.2295,3.087,1.353,2.428,0.2139,9.767,0.5048,8.932
2022-04-07T23:21:08,43729.18,3256.09,119.79,0.2614,18.87,70.2,20.63,104.53,6.631,181.98,0.7007,0.02534,0.007994,2.513,1.629,2.58,1.519,3.937,169.82,14.96,0.9605,1.659,0.5909,2.551,437.89,1.099,55.23,0.7893,11.19,2.49e-05,0.2299,3.088,1.354,2.428,0.214,9.795,0.5049,8.929
2022-04-07T23:21:39,43737.38,3256.09,119.73,0.2613,18.86,70.2,20.64,104.49,6.63,182.03,0.7008,0.0254,0.007994,2.514,1.63,2.58,1.519,3.938,169.8,14.96,0.9629,1.659,0.5909,2.552,437.95,1.099,55.23,0.7894,11.19,2.49e-05,0.2299,3.089,1.355,2.428,0.2141,9.789,0.5054,8.929
2022-04-07T23:22:09,43734.9,3256.93,119.41,0.2619,18.86,70.2,20.62,104.52,6.63,182.15,0.7009,0.02544,0.007994,2.515,1.63,2.58,1.518,3.938,169.76,14.96,0.9629,1.659,0.5909,2.552,437.86,1.099,55.21,0.7895,11.18,2.489e-05,0.2297,3.088,1.355,2.428,0.2143,9.805,0.5054,8.93
2022-04-07T23:22:39,43690.53,3252.95,119.38,0.2614,18.88,70.2,20.59,104.43,6.632,181.69,0.7009,0.02536,0.007994,2.514,1.629,2.58,1.517,3.938,169.69,14.96,0.9581,1.659,0.5909,2.549,437.57,1.098,55.16,0.7892,11.16,2.486e-05,0.2294,3.085,1.354,2.426,0.2142,9.777,0.5044,8.934
2022-04-07T23:23:09,43676.09,3252.33,119.37,0.2611,18.88,70.1,20.58,104.3,6.632,181.71,0.7009,0.02534,0.007994,2.515,1.628,2.58,1.515,3.936,169.46,14.96,0.9605,1.657,0.5909,2.548,437.27,1.097,55.09,0.789,11.16,2.485e-05,0.2292,3.081,1.352,2.422,0.214,9.794,0.5043,8.932
2022-04-07T23:23:39,43672.98,3250.89,119.38,0.261,18.88,69.8,20.53,104.2,6.612,181.41,0.7,0.02535,0.007975,2.513,1.627,2.58,1.514,3.937,169.4,14.96,0.9605,1.659,0.5909,2.542,437.23,1.096,55.02,0.7888,11.14,2.482e-05,0.2292,3.081,1.349,2.421,0.2139,9.771,0.5037,8.926
2022-04-07T23:24:09,43660.74,3246.93,119.26,0.2607,18.88,69.8,20.52,104.18,6.602,181.37,0.7,0.02536,0.007975,2.513,1.627,2.58,1.513,3.937,169.4,14.96,0.9605,1.659,0.5909,2.54,437.05,1.096,55,0.7884,11.14,2.481e-05,0.229,3.078,1.349,2.419,0.2139,9.781,0.5037,8.922
2022-04-07T23:24:39,43614.3,3245.6,119.05,0.2609,18.85,69.8,20.49,104,6.593,181,0.7,0.02532,0.007977,2.513,1.625,2.58,1.51,3.937,169.16,14.96,0.9605,1.659,0.5909,2.537,436.66,1.096,54.93,0.7878,11.11,2.476e-05,0.2287,3.071,1.348,2.414,0.2138,9.771,0.503,8.919
2022-04-07T23:25:09,43596.69,3242.92,118.85,0.2602,18.88,69.8,20.48,103.81,6.59,180.96,0.7,0.02531,0.007967,2.513,1.625,2.58,1.51,3.937,168.65,14.96,0.9605,1.651,0.5909,2.536,436.61,1.095,54.92,0.7876,11.11,2.476e-05,0.2288,3.069,1.347,2.414,0.2138,9.762,0.5023,8.919
2022-04-07T23:25:39,43605.5,3242.97,118.97,0.2604,18.9,69.8,20.48,103.78,6.575,180.86,0.7,0.02533,0.007963,2.514,1.626,2.58,1.51,3.94,168.69,14.96,0.9605,1.651,0.5909,2.536,436.32,1.094,54.88,0.7876,11.1,2.477e-05,0.2287,3.07,1.348,2.412,0.2138,9.792,0.5021,8.925
2022-04-07T23:26:10,43605.73,3243.32,118.9,0.2605,18.9,69.8,20.49,103.78,6.594,181.09,0.7014,0.02533,0.007963,2.512,1.625,2.58,1.511,3.938,168.82,14.96,0.9605,1.651,0.5909,2.538,436.54,1.095,54.88,0.7877,11.1,2.479e-05,0.2289,3.071,1.349,2.414,0.214,9.832,0.5024,8.926
2022-04-07T23:26:40,43620.63,3243.92,119.02,0.2608,18.91,69.7,20.51,103.79,6.591,181.09,0.7014,0.02534,0.007959,2.511,1.625,2.58,1.512,3.943,168.84,14.96,0.9606,1.65,0.5909,2.538,436.6,1.096,54.91,0.7879,11.11,2.479e-05,0.229,3.073,1.35,2.415,0.214,9.837,0.5026,8.926
2022-04-07T23:27:10,43638.24,3242.51,119.02,0.2611,18.91,69.7,20.52,103.75,6.59,181.04,0.7016,0.02537,0.007959,2.513,1.624,2.58,1.512,3.944,168.81,14.96,0.9602,1.65,0.5909,2.539,436.67,1.096,54.92,0.7879,11.11,2.48e-05,0.229,3.073,1.35,2.415,0.214,9.829,0.5029,8.928
2022-04-07T23:27:40,43634.19,3241.73,119.02,0.2609,18.91,69.7,20.51,103.65,6.585,181.06,0.7046,0.02544,0.007959,2.513,1.624,2.58,1.512,3.945,168.83,14.96,0.9602,1.65,0.5909,2.538,436.66,1.096,54.94,0.7879,11.11,2.48e-05,0.229,3.072,1.351,2.415,0.2141,9.827,0.5032,8.932
2022-04-07T23:28:10,43608.72,3239.64,118.99,0.2608,18.91,69.7,20.5,103.62,6.583,180.97,0.7051,0.02543,0.007959,2.513,1.623,2.58,1.511,3.945,168.7,14.96,0.9602,1.65,0.5909,2.537,436.44,1.096,54.93,0.7878,11.1,2.48e-05,0.229,3.069,1.349,2.415,0.2139,9.836,0.5029,8.928
2022-04-07T23:28:40,43602.85,3239.21,118.88,0.2609,18.91,69.7,20.49,103.53,6.581,180.94,0.7051,0.02541,0.007959,2.512,1.624,2.58,1.51,3.946,168.67,14.96,0.9602,1.65,0.5909,2.536,436.48,1.094,54.93,0.7876,11.1,2.48e-05,0.2289,3.068,1.349,2.414,0.2139,9.863,0.503,8.932
2022-04-07T23:29:10,43604.47,3239.24,118.89,0.2612,18.88,69.7,20.49,103.54,6.582,180.98,0.703,0.02534,0.007948,2.512,1.623,2.6,1.51,3.946,168.64,14.96,0.9597,1.65,0.5909,2.538,436.53,1.095,54.93,0.7876,11.1,2.48e-05,0.2289,3.068,1.349,2.414,0.2138,9.88,0.503,8.924
2022-04-07T23:29:40,43595.94,3238.42,118.88,0.2612,18.91,69.7,20.49,103.51,6.597,180.99,0.7041,0.02539,0.007959,2.514,1.622,2.6,1.511,3.948,168.81,14.96,0.9597,1.65,0.5909,2.537,436.45,1.094,54.98,0.7876,11.1,2.479e-05,0.2291,3.07,1.349,2.414,0.2138,9.88,0.5029,8.923
2022-04-07T23:30:10,43604.71,3238.68,118.95,0.2612,18.91,69.7,20.49,103.51,6.598,180.98,0.7035,0.02539,0.007959,2.512,1.623,2.59,1.511,3.948,168.89,14.96,0.9597,1.653,0.5909,2.538,436.42,1.094,55.01,0.7875,11.12,2.479e-05,0.2291,3.07,1.349,2.414,0.2139,9.913,0.5029,8.922
2022-04-07T23:30:41,43603.53,3239.24,118.92,0.2608,18.91,69.7,20.49,103.51,6.59,181.29,0.7035,0.02539,0.007959,2.511,1.622,2.59,1.51,3.941,168.8,14.96,0.9597,1.649,0.5909,2.537,436.47,1.094,54.99,0.7875,11.12,2.477e-05,0.2291,3.07,1.349,2.413,0.2137,9.904,0.5029,8.926
2022-04-07T23:31:11,43601.67,3238.9,118.88,0.2607,18.91,69.7,20.49,103.49,6.596,181.21,0.7051,0.0254,0.007959,2.513,1.623,2.59,1.511,3.947,168.85,14.96,0.9597,1.649,0.5909,2.537,436.43,1.095,54.99,0.7879,11.12,2.478e-05,0.2291,3.071,1.35,2.413,0.2137,9.885,0.5032,8.927
2022-04-07T23:31:41,43606.35,3239.2,118.91,0.2607,18.91,69.7,20.49,103.5,6.6,181.13,0.704,0.0254,0.007959,2.511,1.626,2.59,1.511,3.949,168.85,14.96,0.9597,1.649,0.5909,2.538,436.52,1.094,54.98,0.7879,11.12,2.479e-05,0.2291,3.071,1.35,2.414,0.2137,9.885,0.5036,8.923
2022-04-07T23:32:11,43598.57,3238.79,118.88,0.2599,18.91,69.7,20.49,103.57,6.598,181,0.7051,0.0254,0.007959,2.512,1.625,2.59,1.51,3.957,168.82,14.96,0.9597,1.651,0.5909,2.539,436.51,1.094,54.95,0.7875,11.12,2.479e-05,0.2291,3.068,1.35,2.414,0.2137,9.866,0.5035,8.922
2022-04-07T23:32:41,43596.77,3238.99,118.73,0.2598,18.91,69.7,20.49,103.58,6.593,181.05,0.7051,0.0254,0.007959,2.512,1.626,2.59,1.51,3.997,168.83,14.96,0.9597,1.651,0.5912,2.541,436.44,1.094,54.95,0.7875,11.12,2.478e-05,0.229,3.069,1.349,2.414,0.2136,9.883,0.5035,8.923
2022-04-07T23:33:11,43589.3,3238.79,118.82,0.2601,18.91,69.7,20.49,103.56,6.595,181,0.7051,0.02538,0.00797,2.512,1.627,2.59,1.51,3.997,168.73,14.96,0.9597,1.65,0.5912,2.545,436.48,1.094,54.93,0.7874,11.12,2.478e-05,0.229,3.069,1.349,2.415,0.2136,9.888,0.5035,8.921
2022-04-07T23:33:41,43619.7,3243.14,119.06,0.2605,18.91,69.8,20.5,103.69,6.609,181.48,0.7051,0.0254,0.007977,2.508,1.627,2.59,1.511,4.008,168.83,14.96,0.9597,1.653,0.5922,2.548,436.49,1.096,54.94,0.7884,11.15,2.482e-05,0.2294,3.071,1.351,2.419,0.2138,9.917,0.5037,8.922
2022-04-07T23:34:11,43642.82,3242.67,119.1,0.2605,18.91,69.8,20.52,103.74,6.61,181.42,0.7051,0.02542,0.007977,2.512,1.627,2.59,1.513,3.993,168.89,14.96,0.9597,1.656,0.5951,2.55,436.99,1.096,54.95,0.7883,11.15,2.48e-05,0.2295,3.075,1.351,2.42,0.2138,9.914,0.5045,8.926
2022-04-07T23:34:41,43614.9,3241.74,118.8,0.2603,18.91,69.9,20.51,103.68,6.602,181.37,0.7051,0.02539,0.00798,2.513,1.627,2.59,1.512,4.006,168.82,14.96,0.9597,1.655,0.5951,2.548,436.9,1.096,54.91,0.7881,11.15,2.48e-05,0.2292,3.075,1.351,2.42,0.2138,9.916,0.5046,8.923
2022-04-07T23:35:12,43611.95,3241.23,118.84,0.26,18.91,69.9,20.5,103.6,6.609,181.34,0.7035,0.0254,0.00798,2.509,1.627,2.59,1.512,4,168.84,14.96,0.9597,1.651,0.5951,2.548,436.74,1.095,54.85,0.7879,11.15,2.479e-05,0.2293,3.074,1.35,2.421,0.2138,9.905,0.5045,8.918
2022-04-07T23:35:42,43613.55,3240.76,119.03,0.26,18.91,69.9,20.51,103.61,6.611,181.39,0.704,0.02541,0.00798,2.511,1.627,2.59,1.513,4.003,168.89,14.96,0.9597,1.65,0.5933,2.548,436.76,1.095,54.85,0.7878,11.18,2.479e-05,0.2293,3.075,1.35,2.42,0.2139,9.904,0.5045,8.923
2022-04-07T23:36:12,43605.13,3241.11,118.99,0.2599,18.91,69.9,20.51,103.59,6.613,181.39,0.705,0.02542,0.00798,2.51,1.627,2.59,1.512,4.008,168.92,14.96,0.9597,1.65,0.5933,2.547,436.76,1.096,54.83,0.7878,11.18,2.479e-05,0.2293,3.075,1.351,2.42,0.2139,9.881,0.5044,8.928
2022-04-07T23:36:42,43596.84,3240.87,118.93,0.2602,18.91,69.9,20.51,103.55,6.613,181.38,0.705,0.02542,0.00798,2.512,1.626,2.59,1.513,4.018,168.95,14.96,0.9674,1.65,0.5933,2.547,436.91,1.095,54.82,0.7877,11.18,2.479e-05,0.2293,3.074,1.351,2.421,0.2138,9.884,0.5044,8.928
2022-04-07T23:37:12,43595.9,3241.04,118.86,0.2601,18.91,69.8,20.52,103.52,6.618,181.41,0.7048,0.02541,0.00796,2.508,1.626,2.59,1.513,4.032,168.88,14.96,0.9634,1.65,0.5933,2.547,436.95,1.095,54.81,0.7876,11.18,2.479e-05,0.2293,3.074,1.35,2.42,0.2138,9.897,0.5044,8.927
2022-04-07T23:37:42,43594.86,3240.19,118.87,0.2598,18.91,69.8,20.52,103.51,6.625,181.44,0.7048,0.02543,0.00796,2.508,1.626,2.59,1.513,4.03,168.92,14.96,0.9634,1.65,0.5933,2.547,437.02,1.095,54.8,0.7876,11.18,2.479e-05,0.2293,3.074,1.35,2.419,0.2139,9.911,0.5047,8.923
2022-04-07T23:38:13,43592.29,3238.74,118.87,0.2596,18.91,69.8,20.52,103.51,6.631,181.43,0.7054,0.0254,0.00796,2.51,1.627,2.59,1.513,4.04,168.92,14.96,0.9634,1.65,0.5933,2.546,436.99,1.095,54.79,0.7876,11.18,2.48e-05,0.2293,3.075,1.35,2.419,0.2139,9.904,0.5047,8.924
2022-04-07T23:38:43,43588.41,3239.02,118.88,0.2595,18.91,69.8,20.51,103.53,6.625,181.4,0.7054,0.02541,0.00796,2.509,1.626,2.59,1.512,4.032,168.89,14.96,0.9634,1.649,0.5933,2.546,436.97,1.095,54.75,0.7875,11.18,2.48e-05,0.2293,3.075,1.35,2.419,0.2138,9.908,0.5047,8.999
2022-04-07T23:39:13,43590.66,3239.8,119.06,0.2595,18.91,69.9,20.52,103.53,6.629,181.48,0.704,0.02539,0.00796,2.509,1.626,2.59,1.512,4.033,168.92,14.96,0.9634,1.65,0.5933,2.547,437.08,1.095,54.78,0.7884,11.17,2.48e-05,0.2293,3.075,1.35,2.418,0.2139,9.912,0.5047,9.001
2022-04-07T23:39:43,43600.51,3240.2,119.1,0.2596,18.91,70,20.52,103.54,6.635,181.45,0.7043,0.0254,0.007976,2.51,1.626,2.59,1.513,4.032,168.87,14.96,0.9634,1.65,0.5933,2.547,437.21,1.095,54.8,0.7884,11.2,2.481e-05,0.2293,3.077,1.35,2.419,0.2139,9.921,0.5047,9.015
2022-04-07T23:40:13,43597.23,3240.08,119.09,0.2597,18.91,70,20.53,103.57,6.617,181.38,0.7042,0.02542,0.007976,2.509,1.626,2.59,1.513,4.029,168.87,14.96,0.9633,1.65,0.5933,2.547,437.39,1.095,54.81,0.7886,11.2,2.481e-05,0.2295,3.078,1.351,2.419,0.2139,9.926,0.5049,9.017
2022-04-07T23:40:43,43597.57,3239.34,119.09,0.2594,18.91,70,20.53,103.55,6.625,181.46,0.7042,0.02542,0.007959,2.508,1.627,2.59,1.514,4.025,168.87,14.96,0.9633,1.654,0.5933,2.547,437.45,1.094,54.8,0.7886,11.2,2.481e-05,0.2295,3.078,1.35,2.42,0.2139,9.925,0.5047,9.022
2022-04-07T23:41:13,43596.46,3239.55,119.04,0.2593,18.91,70,20.53,103.56,6.628,181.44,0.7042,0.02541,0.007959,2.508,1.628,2.59,1.513,4.029,168.9,14.96,0.9633,1.654,0.5933,2.547,437.39,1.094,54.81,0.7887,11.2,2.48e-05,0.2295,3.079,1.35,2.419,0.2139,9.923,0.5047,9.022
2022-04-07T23:41:43,43591.15,3239.34,119.07,0.259,18.91,70,20.52,103.57,6.634,181.46,0.7042,0.02543,0.007959,2.505,1.627,2.59,1.513,4.03,168.89,14.96,0.9639,1.654,0.5933,2.547,437.46,1.094,54.81,0.789,11.17,2.48e-05,0.2295,3.08,1.351,2.42,0.2139,9.918,0.5047,9.018
2022-04-07T23:42:13,43565.23,3237.72,119.1,0.259,18.88,70,20.52,103.54,6.632,181.35,0.7022,0.02539,0.007959,2.502,1.627,2.59,1.514,4.028,168.83,14.96,0.9639,1.654,0.5933,2.546,437.25,1.094,54.81,0.7888,11.17,2.479e-05,0.2294,3.078,1.35,2.419,0.2138,9.905,0.5048,9.018
2022-04-07T23:42:44,43563.04,3237.16,119.06,0.2585,18.88,69.9,20.52,103.5,6.622,181.29,0.7022,0.02534,0.007959,2.504,1.626,2.59,1.513,4.028,168.87,14.96,0.9639,1.657,0.5933,2.546,437.1,1.093,54.81,0.7886,11.17,2.478e-05,0.2294,3.083,1.349,2.418,0.2137,9.902,0.5043,9.023
2022-04-07T23:43:14,43568.44,3237.12,119.24,0.2587,18.88,70,20.53,103.49,6.619,181.37,0.7038,0.02532,0.007959,2.503,1.626,2.59,1.514,4.018,169.33,14.98,0.9579,1.656,0.5933,2.546,437.16,1.093,54.82,0.7886,11.17,2.479e-05,0.2294,3.085,1.349,2.42,0.2136,9.899,0.5042,9.017
2022-04-07T23:43:44,43559.99,3236.81,119.28,0.2585,18.88,70,20.53,103.45,6.621,181.37,0.7038,0.02532,0.007959,2.504,1.624,2.59,1.514,4.024,169.54,14.98,0.9579,1.653,0.5933,2.545,437.13,1.093,54.83,0.7884,11.17,2.478e-05,0.2294,3.087,1.349,2.42,0.2137,9.888,0.5042,9.024
2022-04-07T23:44:14,43560.71,3236.63,119.28,0.2584,18.88,70,20.53,103.41,6.606,181.4,0.7038,0.02535,0.007959,2.504,1.625,2.59,1.514,4.032,169.67,14.98,0.9558,1.653,0.5933,2.545,437.2,1.093,54.83,0.7885,11.17,2.478e-05,0.2295,3.087,1.349,2.421,0.2137,9.888,0.5042,9.024
2022-04-07T23:44:44,43556.38,3236.57,119.26,0.2585,18.89,70,20.53,103.41,6.617,181.35,0.7038,0.02535,0.007959,2.502,1.625,2.59,1.512,4.03,169.68,14.98,0.9558,1.651,0.5933,2.543,437.2,1.093,54.86,0.7885,11.16,2.479e-05,0.2295,3.088,1.35,2.421,0.2137,9.898,0.5043,9.042
2022-04-07T23:45:14,43558.71,3236.02,119.28,0.2585,18.84,70,20.54,103.41,6.616,181.32,0.7037,0.02535,0.007959,2.501,1.625,2.59,1.512,4.03,169.51,14.98,0.9558,1.651,0.5933,2.543,437.13,1.092,54.87,0.7884,11.17,2.478e-05,0.2295,3.087,1.35,2.422,0.2136,9.892,0.5044,9.051
2022-04-07T23:45:45,43573.47,3237.92,119.74,0.2593,18.84,69.9,20.55,103.43,6.617,181.51,0.7004,0.02533,0.007959,2.501,1.626,2.59,1.516,4.03,169.68,14.98,0.9558,1.651,0.5933,2.544,437.61,1.093,54.95,0.7895,11.17,2.48e-05,0.2295,3.095,1.351,2.425,0.2137,9.896,0.5051,9.061
2022-04-07T23:46:15,43563.61,3236.33,119.44,0.2594,18.84,69.9,20.54,103.42,6.616,181.41,0.7004,0.02534,0.007959,2.503,1.625,2.59,1.515,4.029,169.58,14.98,0.9601,1.653,0.5933,2.546,437.5,1.093,54.95,0.7896,11.18,2.48e-05,0.2298,3.094,1.354,2.425,0.2137,9.886,0.5055,9.064
2022-04-07T23:46:45,43569.74,3237.08,119.36,0.2593,18.84,70,20.51,103.44,6.613,181.49,0.7003,0.02535,0.007959,2.502,1.625,2.59,1.514,4.027,169.66,14.98,0.9601,1.655,0.5933,2.546,437.62,1.093,54.93,0.7894,11.2,2.48e-05,0.2297,3.094,1.355,2.424,0.2136,9.879,0.5053,9.07
2022-04-07T23:47:15,43558.75,3237.24,119.08,0.2593,18.84,70,20.47,103.48,6.613,181.46,0.7003,0.02533,0.007959,2.501,1.625,2.59,1.514,4.027,169.72,14.98,0.9601,1.655,0.5933,2.547,437.61,1.093,54.89,0.7891,11.2,2.48e-05,0.2293,3.091,1.354,2.424,0.2134,9.871,0.5051,9.074
2022-04-07T23:47:45,43553.22,3237.23,119.06,0.2592,18.84,70,20.46,103.48,6.623,181.6,0.7002,0.02534,0.007959,2.504,1.625,2.59,1.516,4.073,169.74,14.98,0.9601,1.655,0.5933,2.547,437.56,1.093,54.85,0.7892,11.22,2.48e-05,0.2293,3.091,1.355,2.423,0.2133,9.87,0.5051,9.075
2022-04-07T23:48:15,43552.49,3237.15,119.07,0.2591,18.9,70,20.46,103.48,6.613,181.6,0.7002,0.02534,0.007959,2.511,1.625,2.59,1.516,4.073,169.74,14.98,0.9615,1.655,0.5933,2.546,437.63,1.093,54.85,0.7892,11.23,2.48e-05,0.2293,3.091,1.354,2.423,0.2133,9.87,0.5051,9.075
2022-04-07T23:48:45,43549.52,3236.99,119.08,0.2592,18.9,70,20.46,103.48,6.624,181.54,0.7002,0.02535,0.008013,2.514,1.626,2.59,1.517,4.073,169.76,14.98,0.9615,1.657,0.5933,2.546,437.74,1.093,54.86,0.7891,11.25,2.48e-05,0.2292,3.089,1.354,2.421,0.2133,9.861,0.5052,9.07
2022-04-07T23:49:15,43549.74,3237.18,119.02,0.2588,18.9,70,20.46,103.46,6.619,181.59,0.7014,0.02534,0.008015,2.517,1.627,2.59,1.517,4.1,169.78,14.98,0.9627,1.657,0.5933,2.547,437.77,1.094,54.88,0.789,11.25,2.481e-05,0.229,3.089,1.354,2.42,0.2133,9.868,0.5052,9.074
2022-04-07T23:49:45,43548.82,3237.15,119.02,0.2586,18.9,70,20.47,103.47,6.624,181.65,0.7014,0.02536,0.007991,2.52,1.627,2.59,1.517,4.1,169.8,14.98,0.9627,1.657,0.5933,2.548,437.75,1.094,54.89,0.7891,11.23,2.481e-05,0.229,3.083,1.354,2.42,0.2133,9.862,0.5051,9.076
2022-04-07T23:50:16,43552.34,3237.32,119.02,0.2585,18.9,70.1,20.47,103.49,6.626,181.7,0.7014,0.02535,0.007991,2.519,1.627,2.59,1.517,4.1,169.8,14.98,0.9627,1.656,0.5933,2.548,437.81,1.095,54.89,0.7891,11.23,2.482e-05,0.229,3.081,1.354,2.42,0.2133,9.86,0.5052,9.073
2022-04-07T23:50:46,43560.64,3238.11,119.01,0.2589,18.86,70,20.48,103.52,6.625,181.69,0.7014,0.02534,0.007991,2.519,1.627,2.59,1.517,4.101,169.83,14.98,0.9627,1.656,0.5933,2.549,437.81,1.095,54.9,0.789,11.23,2.483e-05,0.229,3.081,1.356,2.419,0.2133,9.88,0.5053,9.072
2022-04-07T23:51:16,43558.34,3238.01,118.97,0.2589,18.86,70,20.48,103.56,6.621,181.72,0.7014,0.02535,0.007991,2.518,1.627,2.59,1.516,4.101,169.94,14.98,0.9627,1.656,0.5933,2.55,437.82,1.095,54.91,0.789,11.22,2.483e-05,0.2289,3.091,1.355,2.421,0.2133,9.891,0.5067,9.059
2022-04-07T23:51:46,43559.09,3238.03,118.95,0.2589,18.86,70,20.48,103.56,6.624,181.78,0.7015,0.02536,0.007991,2.52,1.626,2.59,1.517,4.101,169.9,14.98,0.962,1.654,0.5933,2.549,437.7,1.095,54.91,0.7889,11.22,2.483e-05,0.229,3.094,1.357,2.422,0.2133,9.895,0.507,9.065
2022-04-07T23:52:16,43562.62,3238.65,118.96,0.2591,18.86,70,20.48,103.58,6.615,181.78,0.7015,0.02535,0.007991,2.52,1.626,2.59,1.518,4.095,170.08,14.95,0.962,1.654,0.5933,2.55,437.83,1.095,54.92,0.7888,11.22,2.483e-05,0.2291,3.097,1.356,2.424,0.2134,9.907,0.5074,9.066
2022-04-07T23:52:46,43558.86,3237.65,118.92,0.259,18.86,70,20.48,103.62,6.615,181.8,0.7015,0.02535,0.007969,2.531,1.627,2.59,1.516,4.1,169.76,14.95,0.962,1.654,0.5933,2.549,437.75,1.096,54.91,0.7887,11.25,2.484e-05,0.2291,3.091,1.356,2.423,0.2134,9.903,0.5074,9.068
2022-04-07T23:53:16,43539.3,3235.39,118.91,0.259,18.86,70,20.47,103.6,6.605,181.67,0.7015,0.02534,0.007969,2.53,1.626,2.59,1.515,4.1,169.64,14.96,0.9636,1.654,0.5933,2.546,437.65,1.095,54.85,0.7885,11.25,2.481e-05,0.2286,3.089,1.355,2.422,0.2133,9.894,0.5068,9.065
2022-04-07T23:53:46,43499.9,3232.05,118.85,0.258,18.86,70,20.44,103.49,6.609,181.53,0.7015,0.02528,0.007969,2.534,1.624,2.59,1.512,4.087,169.53,14.96,0.9636,1.652,0.5933,2.541,437.44,1.093,54.79,0.7874,11.24,2.476e-05,0.2281,3.081,1.352,2.418,0.2129,9.869,0.5057,9.041
2022-04-07T23:54:17,43489.99,3233.75,118.68,0.2583,18.77,70,20.43,103.47,6.607,181.41,0.7014,0.02529,0.007969,2.535,1.627,2.59,1.513,4.086,169.45,14.92,0.9636,1.652,0.5933,2.543,436.87,1.093,54.79,0.7875,11.23,2.479e-05,0.2284,3.083,1.353,2.419,0.2129,9.878,0.5061,9.041
2022-04-07T23:54:47,43473.92,3231.44,118.52,0.2583,18.77,70,20.41,103.4,6.607,181.39,0.7014,0.02532,0.007969,2.534,1.628,2.59,1.513,4.098,169.28,14.92,0.9636,1.652,0.5933,2.539,436.45,1.093,54.75,0.7873,11.2,2.478e-05,0.2278,3.08,1.35,2.418,0.2128,9.851,0.5049,9.04
2022-04-07T23:55:17,43457.11,3229.51,118.58,0.2577,18.77,69.9,20.39,103.34,6.602,181.37,0.7002,0.02529,0.007991,2.533,1.628,2.59,1.512,4.093,169.27,14.92,0.9636,1.652,0.5933,2.539,436.27,1.092,54.77,0.7874,11.2,2.477e-05,0.2278,3.079,1.35,2.415,0.2128,9.85,0.5045,9.037
2022-04-07T23:55:47,43449.47,3229.69,118.51,0.2576,18.77,69.9,20.39,103.29,6.606,181.41,0.7002,0.02529,0.007991,2.534,1.628,2.59,1.512,4.08,169.33,14.92,0.9636,1.652,0.5933,2.539,436.31,1.092,54.77,0.7872,11.2,2.478e-05,0.2278,3.079,1.35,2.415,0.2127,9.85,0.5042,9.033
2022-04-07T23:56:17,43460.92,3230.68,118.62,0.2575,18.77,69.9,20.41,103.35,6.612,181.54,0.7003,0.02529,0.007991,2.534,1.629,2.59,1.513,4.075,169.34,14.92,0.9621,1.652,0.5933,2.539,436.37,1.092,54.79,0.7874,11.2,2.478e-05,0.2278,3.08,1.35,2.415,0.2127,9.844,0.5047,9.023
2022-04-07T23:56:48,43482.09,3231.11,118.65,0.2574,18.8,69.9,20.42,103.45,6.617,181.59,0.7003,0.0253,0.007991,2.533,1.628,2.59,1.514,4.074,169.28,14.92,0.9621,1.652,0.5933,2.541,436.75,1.092,54.8,0.7876,11.22,2.479e-05,0.2278,3.082,1.35,2.416,0.2128,9.845,0.5046,9.023
2022-04-07T23:57:18,43476.78,3231.71,118.64,0.2574,18.76,69.9,20.43,103.51,6.617,181.62,0.7003,0.02531,0.007991,2.532,1.628,2.59,1.514,4.067,169.32,14.92,0.9621,1.652,0.5933,2.541,436.71,1.093,54.82,0.7877,11.22,2.48e-05,0.2282,3.081,1.351,2.416,0.2129,9.851,0.5046,9.019
2022-04-07T23:57:48,43470.34,3230.41,118.62,0.2573,18.76,69.9,20.42,103.5,6.619,181.58,0.7014,0.02531,0.007984,2.534,1.63,2.59,1.514,4.071,169.26,14.92,0.961,1.652,0.5933,2.54,436.5,1.093,54.84,0.7875,11.21,2.479e-05,0.2279,3.082,1.35,2.416,0.2128,9.842,0.5051,9.018
2022-04-07T23:58:19,43457.56,3229.79,118.61,0.2571,18.84,69.9,20.42,103.43,6.621,181.32,0.7016,0.02528,0.007984,2.533,1.629,2.59,1.513,4.071,169.26,14.92,0.961,1.651,0.5933,2.539,436.29,1.092,54.83,0.7874,11.21,2.48e-05,0.228,3.079,1.349,2.415,0.2128,9.836,0.5052,9.019
2022-04-07T23:58:49,43447.65,3228.32,118.41,0.2568,18.84,69.9,20.4,103.36,6.602,181.25,0.7016,0.0253,0.007969,2.534,1.63,2.59,1.511,4.056,169.1,14.92,0.961,1.651,0.5933,2.537,436.23,1.092,54.83,0.7871,11.18,2.478e-05,0.228,3.078,1.349,2.414,0.2127,9.825,0.5052,9.009
2022-04-07T23:59:19,43465.73,3229.14,118.6,0.2568,18.84,69.9,20.41,103.41,6.604,181.35,0.7007,0.02529,0.007969,2.536,1.63,2.6,1.511,4.058,169.31,14.92,0.961,1.651,0.5933,2.538,436.01,1.091,54.81,0.7872,11.17,2.478e-05,0.228,3.078,1.349,2.413,0.2127,9.837,0.5046,9.012
2022-04-07T23:59:49,43460.26,3228.89,118.64,0.2572,18.84,70,20.42,103.51,6.602,181.38,0.6999,0.02532,0.007969,2.538,1.63,2.6,1.513,4.053,169.32,14.92,0.961,1.651,0.5933,2.541,436.2,1.091,54.87,0.7875,11.18,2.479e-05,0.228,3.078,1.349,2.415,0.2129,9.83,0.5044,9.017
2022-04-08T00:00:19,43439.55,3227.16,118.47,0.2571,18.84,70,20.4,103.51,6.592,181.35,0.7004,0.02524,0.007969,2.538,1.629,2.6,1.511,4.054,169.03,14.92,0.9606,1.651,0.5933,2.537,436.04,1.09,54.83,0.7871,11.18,2.479e-05,0.228,3.076,1.348,2.414,0.2127,9.829,0.504,9.012
