2022-04-09T00:00:26,42259.19,3192.5,109.92,0.253,17.22,65.1,19.42,94.62,6.146,171.9,0.6289,0.02372,0.007482,2.363,1.546,2.43,1.434,3.736,160.59,14.26,0.833,1.483,0.6115,2.34,421.46,1.025,50.7,0.7548,10.78,2.38e-05,0.2138,2.9,1.247,2.267,0.2019,8.638,0.474,8.398
2022-04-09T00:00:56,42249.5,3193.7,109.94,0.2537,17.22,65.1,19.42,94.63,6.143,171.88,0.6289,0.0237,0.007467,2.368,1.545,2.43,1.436,3.737,160.72,14.26,0.833,1.484,0.6115,2.34,421.25,1.025,50.74,0.7544,10.78,2.38e-05,0.2135,2.899,1.247,2.266,0.2019,8.632,0.4739,8.4
2022-04-09T00:01:26,42291.88,3195.7,110.13,0.254,17.22,65.1,19.43,94.67,6.159,171.88,0.6289,0.02376,0.007467,2.368,1.545,2.43,1.437,3.733,160.86,14.26,0.833,1.488,0.6115,2.345,421.69,1.026,50.8,0.7549,10.76,2.381e-05,0.214,2.902,1.249,2.267,0.2021,8.623,0.4739,8.402
2022-04-09T00:01:56,42360.37,3199.79,110.44,0.2553,17.22,65.2,19.48,94.81,6.16,172.26,0.6305,0.02385,0.007488,2.386,1.547,2.43,1.439,3.742,161.22,14.26,0.8344,1.496,0.6115,2.351,422.6,1.027,50.91,0.7561,10.84,2.386e-05,0.215,2.909,1.254,2.27,0.2023,8.658,0.4764,8.407
2022-04-09T00:02:26,42358.27,3201.52,110.69,0.2551,17.22,65.2,19.5,94.82,6.179,171.93,0.6306,0.02385,0.007488,2.392,1.546,2.43,1.44,3.743,161.3,14.29,0.8344,1.495,0.6115,2.351,422.66,1.028,50.95,0.7566,10.84,2.388e-05,0.2144,2.907,1.254,2.27,0.2021,8.675,0.4759,8.402
2022-04-09T00:02:56,42364.79,3204.91,110.74,0.2564,17.22,65.2,19.5,94.88,6.176,172.19,0.6315,0.02387,0.007482,2.392,1.548,2.43,1.442,3.742,161.45,14.29,0.8344,1.495,0.6115,2.353,423,1.029,51.01,0.7575,10.83,2.388e-05,0.2144,2.912,1.257,2.272,0.2023,8.675,0.4765,8.416
2022-04-09T00:03:26,42332.22,3201.63,110.59,0.2559,17.22,65.2,19.48,94.96,6.165,172.06,0.6314,0.02377,0.007521,2.392,1.548,2.43,1.443,3.742,161.47,14.29,0.8344,1.495,0.6115,2.353,423.07,1.028,51,0.7571,10.83,2.386e-05,0.2147,2.91,1.256,2.273,0.2022,8.673,0.4764,8.416
2022-04-09T00:03:56,42312.03,3200.54,110.41,0.2559,17.22,65.4,19.47,94.9,6.164,172.19,0.6336,0.02376,0.007503,2.391,1.549,2.43,1.442,3.753,161.37,14.29,0.8344,1.492,0.5872,2.35,422.59,1.027,51.01,0.7565,10.83,2.383e-05,0.2145,2.907,1.254,2.273,0.2021,8.662,0.4764,8.406
2022-04-09T00:04:26,42333.42,3199.93,110.47,0.2561,17.26,65.5,19.47,94.97,6.164,172.41,0.6336,0.02378,0.007503,2.394,1.548,2.43,1.443,3.755,161.31,14.29,0.8344,1.494,0.5872,2.349,422.63,1.027,51.12,0.7571,10.83,2.386e-05,0.2145,2.91,1.254,2.274,0.2022,8.653,0.4769,8.405
2022-04-09T00:04:56,42338.2,3200.06,110.47,0.2559,17.28,65.4,19.48,94.96,6.164,172.5,0.6335,0.02378,0.007502,2.394,1.548,2.43,1.443,3.755,161.36,14.29,0.8344,1.493,0.5872,2.35,422.73,1.027,51.12,0.7572,10.83,2.387e-05,0.2148,2.912,1.255,2.275,0.2023,8.653,0.4771,8.405
2022-04-09T00:05:26,42336.41,3200.75,110.46,0.2559,17.28,65.4,19.5,94.99,6.164,172.35,0.6334,0.02378,0.007511,2.394,1.547,2.43,1.443,3.755,161.36,14.31,0.8344,1.493,0.6008,2.35,422.75,1.027,51.17,0.7571,10.83,2.387e-05,0.2148,2.912,1.256,2.275,0.2022,8.671,0.4772,8.414
2022-04-09T00:05:56,42335.37,3200.58,110.46,0.2556,17.28,65.5,19.49,94.95,6.168,172.52,0.6334,0.02378,0.007511,2.394,1.547,2.43,1.443,3.755,161.47,14.31,0.8344,1.495,0.6008,2.35,422.75,1.027,51.15,0.7573,10.84,2.385e-05,0.2148,2.91,1.256,2.276,0.2022,8.672,0.4771,8.414
2022-04-09T00:06:26,42346.15,3200.47,110.49,0.2557,17.28,65.4,19.49,94.96,6.163,172.86,0.6335,0.02377,0.007511,2.363,1.547,2.43,1.443,3.787,161.52,14.31,0.8298,1.495,0.6008,2.353,422.8,1.027,51.15,0.7574,10.86,2.385e-05,0.2148,2.912,1.257,2.276,0.2022,8.678,0.4775,8.43
2022-04-09T00:06:56,42369.17,3201.33,110.63,0.2558,17.28,65.4,19.51,94.99,6.172,172.98,0.6335,0.02381,0.007511,2.369,1.548,2.43,1.443,3.785,161.57,14.31,0.8298,1.495,0.6008,2.353,423.17,1.028,51.16,0.7577,10.86,2.386e-05,0.215,2.913,1.258,2.278,0.2023,8.69,0.4781,8.442
2022-04-09T00:07:26,42366.8,3201.11,110.5,0.2557,17.28,65.6,19.51,95.07,6.173,173.29,0.6335,0.02381,0.007511,2.369,1.544,2.43,1.444,3.812,161.6,14.31,0.8298,1.496,0.5872,2.353,423.15,1.027,51.16,0.7577,10.85,2.387e-05,0.2149,2.911,1.258,2.277,0.2023,8.706,0.4782,8.447
2022-04-09T00:07:56,42362.6,3201.28,110.67,0.2559,17.37,65.6,19.51,95.14,6.172,173.31,0.6335,0.02379,0.007497,2.369,1.545,2.43,1.444,3.796,161.61,14.31,0.8298,1.499,0.5872,2.353,423.26,1.027,51.12,0.7574,10.85,2.387e-05,0.2149,2.911,1.258,2.277,0.2022,8.71,0.4779,8.451
2022-04-09T00:08:26,42347.88,3201.14,110.56,0.256,17.37,65.5,19.51,95.12,6.168,173.26,0.6335,0.0238,0.007497,2.369,1.545,2.43,1.444,3.801,161.63,14.31,0.8318,1.499,0.5872,2.352,423.41,1.028,51.12,0.7572,10.84,2.386e-05,0.2149,2.912,1.257,2.276,0.202,8.71,0.4779,8.457
2022-04-09T00:08:56,42318.85,3198.66,110.22,0.256,17.37,65.6,19.48,95.03,6.168,173.16,0.6335,0.02377,0.007497,2.369,1.545,2.43,1.443,3.807,161.43,14.31,0.8318,1.499,0.5872,2.348,423.17,1.027,51.07,0.757,10.83,2.383e-05,0.2149,2.908,1.255,2.275,0.2018,8.706,0.4775,8.449
2022-04-09T00:09:26,42285.92,3196.72,109.91,0.2545,17.37,65.5,19.46,94.82,6.156,172.81,0.6323,0.02372,0.007497,2.369,1.543,2.43,1.439,3.807,161.29,14.27,0.8255,1.492,0.5872,2.345,422.12,1.025,50.95,0.7566,10.79,2.379e-05,0.2139,2.904,1.251,2.27,0.2014,8.692,0.4774,8.423
2022-04-09T00:09:56,42282.86,3194.86,110.1,0.2549,17.37,65.5,19.44,94.88,6.155,172.71,0.6319,0.0237,0.007497,2.364,1.542,2.43,1.439,3.792,161.29,14.27,0.8255,1.492,0.5872,2.348,422.25,1.025,50.95,0.7563,10.79,2.38e-05,0.2143,2.903,1.253,2.273,0.2014,8.705,0.4775,8.417
2022-04-09T00:10:26,42292.9,3193.73,110.1,0.2551,17.33,65.7,19.44,94.85,6.165,172.84,0.6319,0.0237,0.007497,2.364,1.542,2.43,1.439,3.792,161.27,14.27,0.8255,1.493,0.5872,2.348,421.87,1.024,50.96,0.7561,10.82,2.379e-05,0.2143,2.902,1.252,2.272,0.2014,8.699,0.4776,8.424
2022-04-09T00:10:56,42295.46,3193.48,110.03,0.255,17.33,65.7,19.45,94.83,6.162,172.86,0.6319,0.02371,0.007496,2.364,1.541,2.43,1.439,3.796,161.22,14.27,0.8255,1.491,0.5872,2.347,421.76,1.025,50.95,0.756,10.82,2.379e-05,0.2143,2.901,1.252,2.272,0.2013,8.696,0.4777,8.425
2022-04-09T00:11:26,42299.24,3193.73,110.04,0.2549,17.36,65.7,19.45,94.81,6.163,172.79,0.633,0.02369,0.007467,2.364,1.541,2.43,1.438,3.8,161.09,14.27,0.8255,1.491,0.5872,2.345,421.77,1.024,50.92,0.756,10.82,2.378e-05,0.2143,2.902,1.252,2.272,0.2014,8.688,0.4774,8.43
2022-04-09T00:11:56,42310.86,3194.59,110.11,0.255,17.36,65.7,19.45,94.83,6.177,172.69,0.6335,0.02379,0.007456,2.366,1.541,2.43,1.439,3.8,161.15,14.27,0.8267,1.491,0.5872,2.347,422.09,1.026,50.95,0.7563,10.82,2.38e-05,0.2148,2.903,1.255,2.275,0.2015,8.712,0.4781,8.436
2022-04-09T00:12:26,42310.69,3195.84,110.13,0.2555,17.36,65.6,19.45,94.76,6.188,172.01,0.6335,0.02378,0.007456,2.366,1.541,2.43,1.44,3.786,161.28,14.27,0.8267,1.495,0.5872,2.348,422.03,1.025,50.94,0.7564,10.82,2.38e-05,0.2147,2.907,1.254,2.274,0.2015,8.709,0.4784,8.432
2022-04-09T00:12:56,42311.79,3195.08,110.01,0.2555,17.36,65.6,19.45,94.69,6.197,171.87,0.6334,0.02377,0.007477,2.366,1.54,2.43,1.439,3.796,161.29,14.27,0.8255,1.495,0.5872,2.348,422,1.025,50.95,0.7562,10.82,2.38e-05,0.2148,2.906,1.254,2.273,0.2014,8.711,0.4784,8.43
2022-04-09T00:13:26,42325.42,3196.56,110.02,0.2556,17.36,65.6,19.46,94.7,6.195,171.83,0.6334,0.0238,0.00746,2.366,1.54,2.43,1.441,3.795,161.4,14.27,0.8255,1.495,0.5872,2.349,422.21,1.026,50.94,0.7565,10.82,2.38e-05,0.2148,2.906,1.255,2.274,0.2014,8.719,0.4784,8.439
2022-04-09T00:13:56,42356.74,3197.27,110.16,0.2569,17.39,65.5,19.48,94.78,6.199,171.78,0.6334,0.02381,0.00746,2.366,1.54,2.43,1.441,3.784,161.55,14.27,0.8255,1.496,0.5872,2.35,422.44,1.027,50.95,0.7572,10.89,2.384e-05,0.2151,2.908,1.257,2.276,0.2016,8.73,0.479,8.443
2022-04-09T00:14:26,42365.46,3198.37,110.21,0.2572,17.39,65.5,19.51,94.83,6.192,171.89,0.6334,0.02384,0.00746,2.368,1.541,2.43,1.441,3.784,161.69,14.27,0.8255,1.496,0.5872,2.354,422.83,1.029,50.97,0.7578,10.89,2.385e-05,0.215,2.912,1.258,2.278,0.2017,8.73,0.4799,8.462
2022-04-09T00:14:56,42373.96,3201.28,110.22,0.2572,17.39,65.5,19.5,94.83,6.197,171.9,0.6334,0.02387,0.00746,2.368,1.543,2.43,1.444,3.796,161.72,14.27,0.8255,1.496,0.5872,2.354,422.88,1.029,50.98,0.758,10.89,2.386e-05,0.215,2.913,1.259,2.278,0.2018,8.74,0.4799,8.475
2022-04-09T00:15:26,42369.59,3201.04,110.22,0.2571,17.39,65.6,19.5,94.8,6.206,171.77,0.6333,0.02386,0.00746,2.366,1.543,2.43,1.444,3.796,161.72,14.27,0.82,1.496,0.5872,2.353,423.09,1.029,50.97,0.7578,10.89,2.386e-05,0.215,2.912,1.259,2.278,0.2018,8.74,0.4805,8.461
2022-04-09T00:15:56,42353.12,3198.9,110.12,0.257,17.39,65.7,19.48,94.74,6.184,171.62,0.6333,0.02384,0.00746,2.366,1.541,2.43,1.443,3.794,161.6,14.27,0.8261,1.495,0.5872,2.349,422.37,1.028,50.91,0.7571,10.89,2.383e-05,0.2149,2.911,1.257,2.276,0.2016,8.733,0.4794,8.447
2022-04-09T00:16:26,42223.58,3193.43,110.05,0.2552,17.34,65.5,19.43,94.61,6.163,171.27,0.6333,0.02369,0.00746,2.366,1.538,2.43,1.441,3.776,161.28,14.27,0.8261,1.492,0.5872,2.344,421.65,1.026,50.79,0.7563,10.79,2.379e-05,0.2145,2.902,1.256,2.272,0.2012,8.732,0.478,8.416
2022-04-09T00:16:56,42281.32,3197.11,110.2,0.2553,17.34,65.5,19.46,94.65,6.167,171.23,0.6333,0.02376,0.007456,2.366,1.538,2.44,1.441,3.785,161.35,14.27,0.8261,1.493,0.5872,2.35,421.59,1.026,50.82,0.757,10.79,2.384e-05,0.2143,2.905,1.256,2.274,0.2014,8.729,0.4779,8.425
2022-04-09T00:17:26,42359.19,3201.07,110.25,0.2572,17.38,65.8,19.5,94.82,6.182,171.72,0.6333,0.02383,0.007455,2.367,1.539,2.44,1.443,3.791,161.66,14.26,0.8261,1.498,0.5872,2.358,422.48,1.031,51,0.7589,10.85,2.387e-05,0.2148,2.909,1.256,2.278,0.202,8.73,0.4782,8.428
2022-04-09T00:17:56,42263.13,3197.91,110.09,0.2559,17.37,65.6,19.47,94.67,6.162,171.82,0.6333,0.02377,0.007482,2.367,1.537,2.45,1.441,3.789,161.45,14.26,0.8261,1.498,0.5872,2.35,422.12,1.028,51.01,0.7576,10.81,2.381e-05,0.214,2.904,1.257,2.275,0.2015,8.738,0.4784,8.429
2022-04-09T00:18:26,42249.31,3196.9,110.23,0.2562,17.35,65.6,19.47,94.67,6.169,171.75,0.6319,0.02375,0.007482,2.367,1.547,2.45,1.441,3.775,161.38,14.22,0.8261,1.498,0.5872,2.349,421.96,1.029,51,0.7572,10.8,2.385e-05,0.2143,2.907,1.256,2.273,0.2016,8.738,0.4782,8.431
2022-04-09T00:18:56,42239.27,3193.8,110.21,0.2559,17.35,65.6,19.45,94.58,6.165,171.64,0.6326,0.02373,0.007482,2.36,1.545,2.45,1.439,3.771,161.29,14.22,0.8261,1.498,0.5872,2.345,421.77,1.028,50.95,0.7567,10.8,2.381e-05,0.2139,2.904,1.253,2.273,0.2014,8.725,0.4766,8.428
2022-04-09T00:19:26,42257.08,3194.67,110.37,0.2563,17.35,65.6,19.46,94.64,6.158,171.76,0.6348,0.02376,0.007482,2.36,1.545,2.45,1.44,3.77,161.33,14.22,0.8238,1.494,0.5872,2.35,421.85,1.028,50.93,0.7571,10.81,2.385e-05,0.2144,2.905,1.253,2.272,0.2015,8.724,0.4772,8.423
2022-04-09T00:19:56,42275.19,3198.73,110.39,0.2564,17.35,65.6,19.48,94.69,6.181,171.76,0.6348,0.02383,0.007482,2.36,1.545,2.45,1.441,3.776,161.48,14.22,0.8238,1.494,0.5872,2.35,422.18,1.029,50.97,0.7577,10.81,2.385e-05,0.2144,2.908,1.254,2.272,0.2016,8.748,0.4773,8.429
2022-04-09T00:20:26,42266.86,3197.93,110.35,0.2563,17.35,65.7,19.47,94.71,6.17,171.71,0.6327,0.0237,0.007482,2.36,1.545,2.45,1.44,3.773,161.41,14.22,0.8238,1.494,0.5872,2.349,422.16,1.028,50.98,0.7573,10.81,2.386e-05,0.2142,2.907,1.253,2.271,0.2016,8.749,0.4776,8.432
2022-04-09T00:20:56,42269.93,3197.97,110.35,0.2565,17.35,65.7,19.47,94.7,6.186,171.73,0.6326,0.02373,0.007464,2.36,1.545,2.45,1.441,3.771,161.5,14.22,0.8238,1.494,0.5872,2.349,422.06,1.028,50.98,0.7572,10.81,2.385e-05,0.2142,2.908,1.253,2.271,0.2015,8.753,0.4776,8.431
2022-04-09T00:21:26,42269.06,3197.21,110.34,0.2564,17.42,65.5,19.47,94.75,6.188,171.77,0.6326,0.02374,0.007464,2.36,1.546,2.45,1.44,3.771,161.48,14.23,0.8238,1.495,0.5872,2.348,422,1.027,50.97,0.7572,10.81,2.384e-05,0.2142,2.907,1.253,2.27,0.2015,8.754,0.4767,8.431
2022-04-09T00:21:56,42249.93,3195.54,110.15,0.2564,17.42,65.6,19.45,94.7,6.185,171.69,0.6326,0.0237,0.007464,2.36,1.546,2.45,1.439,3.768,161.4,14.23,0.8238,1.494,0.5872,2.346,421.6,1.027,50.93,0.7569,10.79,2.383e-05,0.2139,2.903,1.251,2.267,0.2013,8.75,0.4763,8.425
2022-04-09T00:22:26,42258.11,3195.01,110.18,0.2562,17.42,65.4,19.45,94.69,6.18,171.78,0.6326,0.0237,0.007464,2.365,1.546,2.45,1.438,3.768,161.39,14.23,0.8236,1.501,0.5872,2.347,421.77,1.027,50.89,0.7568,10.78,2.383e-05,0.2139,2.905,1.251,2.266,0.2013,8.755,0.4764,8.427
2022-04-09T00:22:56,42252.72,3195.12,110.19,0.2561,17.42,65.5,19.45,94.7,6.189,171.83,0.6312,0.02371,0.007464,2.365,1.546,2.45,1.439,3.773,161.34,14.23,0.8244,1.496,0.5872,2.347,421.85,1.028,50.92,0.7569,10.81,2.385e-05,0.2141,2.907,1.252,2.267,0.2013,8.758,0.4767,8.427
2022-04-09T00:23:26,42261.51,3194.75,110.25,0.2563,17.42,65.4,19.46,94.77,6.16,171.98,0.6312,0.0237,0.007464,2.365,1.546,2.45,1.44,3.771,161.4,14.23,0.8244,1.496,0.5872,2.349,421.92,1.029,50.92,0.7564,10.81,2.385e-05,0.2141,2.907,1.252,2.267,0.2013,8.758,0.4771,8.431
2022-04-09T00:23:56,42265.79,3194.6,110.24,0.2563,17.39,65.5,19.46,94.82,6.151,171.92,0.6312,0.0237,0.007464,2.365,1.546,2.45,1.439,3.768,161.39,14.23,0.8244,1.496,0.5872,2.349,421.92,1.029,50.91,0.7565,10.81,2.389e-05,0.214,2.908,1.252,2.267,0.2013,8.773,0.4773,8.436
2022-04-09T00:24:26,42277.19,3194.66,110.36,0.2562,17.4,65.5,19.47,94.91,6.145,172,0.6312,0.02372,0.007464,2.365,1.547,2.45,1.439,3.768,161.45,14.23,0.8244,1.501,0.5872,2.35,421.98,1.028,50.96,0.7565,10.82,2.39e-05,0.214,2.908,1.253,2.268,0.2014,8.782,0.4777,8.43
2022-04-09T00:24:56,42280.25,3195.18,110.32,0.2562,17.4,65.5,19.47,94.88,6.15,172.2,0.6312,0.02374,0.007464,2.365,1.547,2.45,1.439,3.769,161.55,14.23,0.8244,1.501,0.5872,2.35,422.2,1.029,50.97,0.7565,10.82,2.39e-05,0.214,2.91,1.254,2.268,0.2013,8.781,0.4778,8.43
2022-04-09T00:25:26,42281.48,3195.57,110.32,0.2567,17.4,65.5,19.47,94.86,6.147,172.25,0.633,0.02373,0.007463,2.365,1.547,2.45,1.441,3.763,161.55,14.23,0.8244,1.501,0.5872,2.352,422.35,1.029,51,0.7565,10.82,2.39e-05,0.214,2.91,1.254,2.269,0.2013,8.791,0.478,8.435
2022-04-09T00:25:56,42288.74,3196.87,110.39,0.2569,17.4,65.6,19.48,94.84,6.142,172.38,0.6328,0.02378,0.007463,2.365,1.547,2.45,1.441,3.763,161.55,14.23,0.8229,1.501,0.5872,2.353,422.61,1.029,51.04,0.7565,10.82,2.39e-05,0.214,2.912,1.256,2.269,0.2014,8.798,0.478,8.434
2022-04-09T00:26:26,42318.71,3201.24,110.56,0.2573,17.4,65.5,19.5,94.9,6.152,172.6,0.6258,0.02382,0.007463,2.365,1.548,2.45,1.442,3.767,161.79,14.23,0.8271,1.503,0.5872,2.357,422.88,1.03,51.09,0.7569,10.83,2.392e-05,0.2145,2.915,1.258,2.273,0.2017,8.81,0.4792,8.443
2022-04-09T00:26:56,42326.81,3200.15,110.66,0.2573,17.4,65.5,19.52,94.99,6.151,172.64,0.6276,0.02376,0.007463,2.366,1.548,2.45,1.443,3.772,161.87,14.23,0.8271,1.503,0.5872,2.357,423.06,1.031,51.09,0.7572,10.84,2.394e-05,0.2147,2.918,1.259,2.275,0.2018,8.814,0.4792,8.443
2022-04-09T00:27:26,42328.31,3200.83,110.67,0.2572,17.42,65.5,19.52,95,6.149,172.7,0.625,0.02375,0.007463,2.366,1.549,2.45,1.444,3.772,161.97,14.22,0.8277,1.503,0.5872,2.358,423.03,1.03,51.12,0.757,10.84,2.393e-05,0.2147,2.92,1.26,2.278,0.2018,8.82,0.4795,8.445
2022-04-09T00:27:56,42331.76,3201.66,110.75,0.2576,17.42,65.5,19.51,95.01,6.149,172.68,0.625,0.02378,0.007463,2.366,1.549,2.45,1.443,3.772,161.97,14.22,0.8277,1.503,0.5872,2.358,423.14,1.031,51.12,0.7571,10.82,2.392e-05,0.2147,2.92,1.26,2.278,0.202,8.822,0.4792,8.442
2022-04-09T00:28:26,42329.72,3201.47,110.92,0.2579,17.42,65.5,19.51,95.02,6.155,172.82,0.629,0.02382,0.007463,2.366,1.548,2.45,1.444,3.777,161.97,14.23,0.8277,1.508,0.5872,2.358,423.14,1.031,51.14,0.7575,10.82,2.394e-05,0.2147,2.921,1.261,2.28,0.202,8.825,0.4791,8.443
2022-04-09T00:28:56,42326.16,3201.64,110.93,0.2581,17.42,65.4,19.53,95.01,6.156,172.93,0.6287,0.02385,0.007463,2.366,1.548,2.45,1.444,3.779,162,14.23,0.8354,1.508,0.5872,2.359,423.25,1.031,51.15,0.7573,10.83,2.394e-05,0.2148,2.922,1.261,2.281,0.2019,8.835,0.4789,8.45
2022-04-09T00:29:26,42320.62,3200.86,110.82,0.2582,17.42,65.4,19.52,94.96,6.15,172.76,0.6289,0.02384,0.007463,2.366,1.548,2.45,1.445,3.779,161.97,14.23,0.8339,1.505,0.5872,2.358,423.22,1.031,51.11,0.7573,10.83,2.391e-05,0.2149,2.921,1.261,2.279,0.2019,8.826,0.4787,8.453
2022-04-09T00:29:56,42327.38,3200.37,110.84,0.2586,17.42,65.4,19.53,94.96,6.154,172.76,0.6289,0.02383,0.007463,2.366,1.548,2.45,1.444,3.78,162.04,14.23,0.8339,1.505,0.5872,2.359,423.08,1.031,51.14,0.7574,10.83,2.392e-05,0.2149,2.923,1.261,2.28,0.2019,8.825,0.4783,8.454
2022-04-09T00:30:26,42310.61,3199.73,110.68,0.2587,17.42,65.4,19.53,94.94,6.145,172.64,0.625,0.02384,0.007482,2.366,1.548,2.45,1.444,3.781,161.98,14.23,0.8339,1.505,0.5872,2.358,422.85,1.031,51.13,0.7569,10.83,2.391e-05,0.2147,2.921,1.259,2.282,0.2019,8.825,0.4781,8.454
2022-04-09T00:30:56,42309.65,3199.63,110.69,0.2581,17.42,65.3,19.53,94.9,6.15,172.65,0.6287,0.02387,0.007482,2.366,1.549,2.45,1.443,3.773,161.86,14.23,0.8339,1.502,0.5872,2.357,422.73,1.03,51.13,0.7564,10.83,2.39e-05,0.2145,2.92,1.26,2.279,0.2019,8.825,0.4781,8.454
2022-04-09T00:31:26,42310.77,3202.65,110.73,0.2582,17.42,65.3,19.54,94.95,6.151,172.94,0.6266,0.02403,0.007482,2.366,1.549,2.45,1.443,3.776,161.87,14.23,0.8339,1.502,0.5872,2.358,423.02,1.032,51.13,0.7567,10.83,2.391e-05,0.2146,2.924,1.261,2.28,0.2019,8.826,0.479,8.449
2022-04-09T00:31:56,42336.93,3204.12,110.73,0.2583,17.42,65.3,19.55,95,6.156,173.18,0.6266,0.02397,0.007482,2.366,1.55,2.45,1.445,3.777,161.86,14.23,0.8339,1.503,0.5872,2.359,423.12,1.032,51.16,0.757,10.87,2.393e-05,0.215,2.925,1.261,2.282,0.2019,8.835,0.4789,8.452
2022-04-09T00:32:26,42341.15,3205.28,110.9,0.2592,17.42,65.4,19.56,95.01,6.159,173.31,0.6266,0.02396,0.007482,2.366,1.55,2.45,1.446,3.777,161.89,14.23,0.8294,1.502,0.5872,2.36,423.14,1.032,51.22,0.757,10.88,2.394e-05,0.215,2.924,1.262,2.282,0.202,8.832,0.4797,8.455
2022-04-09T00:32:56,42339.38,3205.98,110.87,0.2592,17.42,65.4,19.55,95.07,6.154,173.38,0.6267,0.02395,0.007462,2.369,1.549,2.45,1.446,3.781,161.87,14.23,0.8294,1.502,0.5872,2.36,423.24,1.032,51.3,0.757,10.88,2.394e-05,0.2151,2.924,1.263,2.282,0.2022,8.811,0.4796,8.445
2022-04-09T00:33:26,42337.69,3205.97,110.84,0.2592,17.42,65.4,19.55,95.09,6.161,173.37,0.6267,0.02395,0.00746,2.369,1.549,2.45,1.445,3.78,161.89,14.27,0.8294,1.502,0.5872,2.359,423.23,1.032,51.3,0.7566,10.86,2.392e-05,0.2151,2.924,1.263,2.282,0.2022,8.813,0.4796,8.449
2022-04-09T00:33:56,42338.76,3205.9,110.82,0.2591,17.42,65.4,19.55,95.14,6.161,173.34,0.6265,0.02395,0.00746,2.37,1.549,2.45,1.446,3.78,161.86,14.27,0.8289,1.502,0.5872,2.359,423.19,1.032,51.31,0.7564,10.85,2.393e-05,0.2151,2.924,1.262,2.282,0.2021,8.798,0.4805,8.448
2022-04-09T00:34:26,42357,3207.68,110.85,0.2596,17.42,65.4,19.56,95.26,6.161,173.32,0.6263,0.02392,0.00746,2.37,1.549,2.45,1.446,3.795,162.04,14.27,0.8289,1.502,0.5872,2.36,423.28,1.033,51.34,0.7568,10.85,2.394e-05,0.2152,2.927,1.263,2.283,0.2022,8.796,0.4809,8.448
2022-04-09T00:34:56,42362.61,3207.91,111.04,0.2597,17.42,65.4,19.57,95.24,6.168,173.58,0.6312,0.02394,0.00746,2.37,1.549,2.45,1.446,3.794,162.14,14.27,0.8289,1.503,0.5872,2.362,423.4,1.033,51.31,0.7568,10.85,2.394e-05,0.2152,2.928,1.264,2.285,0.2024,8.813,0.4807,8.444
2022-04-09T00:35:26,42355.51,3206.51,110.93,0.2595,17.42,65.4,19.57,95.22,6.183,173.44,0.6312,0.02396,0.00746,2.37,1.549,2.45,1.446,3.794,162.13,14.27,0.8289,1.504,0.5872,2.361,423.47,1.033,51.32,0.7567,10.86,2.393e-05,0.2152,2.925,1.264,2.285,0.2023,8.807,0.4807,8.447
2022-04-09T00:35:56,42342.93,3205.58,110.85,0.2591,17.42,65.4,19.55,95.25,6.165,173.21,0.6317,0.02387,0.00746,2.363,1.549,2.45,1.444,3.79,162.03,14.27,0.8289,1.497,0.5872,2.36,423.41,1.032,51.32,0.7565,10.85,2.392e-05,0.2152,2.923,1.264,2.283,0.2024,8.797,0.4797,8.437
2022-04-09T00:36:26,42336.68,3205.1,110.86,0.2595,17.42,65.4,19.54,95.24,6.171,173.37,0.6322,0.02386,0.00746,2.363,1.548,2.46,1.443,3.792,162.07,14.27,0.8289,1.497,0.5872,2.36,423.29,1.032,51.27,0.7559,10.84,2.391e-05,0.2149,2.924,1.262,2.283,0.2022,8.797,0.4797,8.438
2022-04-09T00:36:56,42339.87,3205.21,110.91,0.2601,17.42,65.4,19.54,95.25,6.173,173.3,0.6322,0.02387,0.00746,2.363,1.549,2.46,1.443,3.791,162.13,14.27,0.8331,1.5,0.5872,2.357,423.14,1.032,51.26,0.7563,10.85,2.393e-05,0.2149,2.924,1.263,2.283,0.2022,8.799,0.4797,8.433
2022-04-09T00:37:26,42339.97,3205.91,110.85,0.2606,17.42,65.4,19.54,95.23,6.153,173.38,0.6322,0.02386,0.00746,2.363,1.549,2.46,1.443,3.792,162.05,14.27,0.8331,1.501,0.5872,2.358,423.09,1.032,51.24,0.7564,10.85,2.393e-05,0.2149,2.925,1.264,2.283,0.2023,8.806,0.4799,8.432
2022-04-09T00:37:56,42332.17,3203.2,110.84,0.2601,17.42,65.4,19.54,95.23,6.157,173.4,0.6322,0.02386,0.00746,2.363,1.549,2.46,1.443,3.79,162.04,14.27,0.835,1.5,0.5872,2.357,423.11,1.032,51.26,0.7564,10.85,2.393e-05,0.2149,2.923,1.263,2.282,0.2022,8.788,0.4795,8.425
2022-04-09T00:38:26,42322.23,3203.13,110.84,0.2602,17.42,65.4,19.54,95.24,6.143,173.36,0.6322,0.02386,0.00746,2.363,1.549,2.46,1.443,3.79,162.13,14.27,0.835,1.5,0.5872,2.356,422.85,1.032,51.26,0.7563,10.85,2.392e-05,0.2149,2.923,1.263,2.282,0.2022,8.787,0.4795,8.424
2022-04-09T00:38:56,42338.15,3205.72,110.94,0.2606,17.42,65.4,19.54,95.28,6.167,173.42,0.6322,0.0239,0.00746,2.363,1.549,2.46,1.445,3.796,162.25,14.27,0.827,1.502,0.5872,2.356,423.08,1.032,51.29,0.7566,10.87,2.394e-05,0.2149,2.925,1.265,2.283,0.2024,8.794,0.4809,8.422
2022-04-09T00:39:26,42330.15,3205.18,110.95,0.2609,17.42,65.5,19.54,95.28,6.165,173.37,0.6322,0.02391,0.00746,2.366,1.549,2.46,1.446,3.795,162.2,14.27,0.827,1.504,0.5872,2.357,423.04,1.032,51.3,0.7566,10.87,2.393e-05,0.2152,2.927,1.265,2.283,0.2024,8.799,0.4809,8.426
2022-04-09T00:39:56,42325.07,3205.01,110.96,0.261,17.42,65.5,19.54,95.31,6.157,173.33,0.6339,0.02393,0.00746,2.366,1.55,2.46,1.446,3.795,162.3,14.27,0.827,1.5,0.5872,2.356,422.99,1.032,51.31,0.7564,10.87,2.393e-05,0.2152,2.929,1.265,2.284,0.2024,8.811,0.4812,8.421
2022-04-09T00:40:26,42312.64,3202.17,110.96,0.2611,17.42,65.5,19.53,95.2,6.138,173.23,0.6339,0.02392,0.00746,2.366,1.55,2.46,1.446,3.794,162.28,14.27,0.8319,1.5,0.5872,2.356,422.88,1.032,51.29,0.7564,10.83,2.393e-05,0.215,2.929,1.265,2.284,0.2024,8.816,0.4813,8.42
2022-04-09T00:40:56,42313.21,3202,110.99,0.2611,17.33,65.5,19.53,95.21,6.138,173.15,0.6339,0.0239,0.007467,2.366,1.55,2.46,1.446,3.797,162.2,14.27,0.8319,1.5,0.5872,2.357,422.88,1.031,51.23,0.7567,10.83,2.392e-05,0.215,2.929,1.265,2.284,0.2024,8.813,0.4809,8.415
2022-04-09T00:41:26,42316.05,3203.39,111.04,0.2612,17.32,65.4,19.53,95.18,6.142,173.16,0.6339,0.02392,0.007467,2.366,1.551,2.46,1.446,3.797,162.25,14.27,0.8319,1.501,0.5872,2.356,422.83,1.032,51.23,0.7566,10.83,2.393e-05,0.215,2.929,1.264,2.284,0.2024,8.805,0.4805,8.415
2022-04-09T00:41:56,42310.63,3203.2,110.98,0.2616,17.34,65.4,19.53,95.1,6.143,173.13,0.6339,0.02392,0.007467,2.366,1.55,2.46,1.446,3.797,162.19,14.27,0.8339,1.501,0.5872,2.357,422.84,1.032,51.22,0.7565,10.83,2.393e-05,0.215,2.929,1.264,2.284,0.2025,8.805,0.4805,8.42
2022-04-09T00:42:26,42312.58,3203,110.97,0.2618,17.34,65.4,19.54,95.14,6.139,173.19,0.6339,0.0239,0.007467,2.366,1.549,2.46,1.445,3.797,162.2,14.24,0.8339,1.505,0.5872,2.357,422.87,1.031,51.24,0.7564,10.83,2.392e-05,0.215,2.93,1.265,2.285,0.2024,8.817,0.4805,8.413
2022-04-09T00:42:56,42312.51,3202.93,110.97,0.2627,17.34,65.4,19.54,95.15,6.133,173.11,0.6352,0.0239,0.007467,2.366,1.549,2.46,1.446,3.807,162.19,14.24,0.8339,1.498,0.5872,2.356,422.81,1.032,51.28,0.7566,10.83,2.392e-05,0.215,2.93,1.266,2.286,0.2025,8.821,0.4808,8.414
2022-04-09T00:43:26,42323.37,3203.82,111,0.2636,17.34,65.4,19.55,95.16,6.128,173.21,0.6352,0.0239,0.007467,2.366,1.549,2.46,1.446,3.813,162.15,14.24,0.8359,1.497,0.5872,2.357,422.95,1.032,51.31,0.7566,10.83,2.393e-05,0.2153,2.932,1.267,2.286,0.2025,8.814,0.481,8.419
2022-04-09T00:43:56,42327.28,3205.36,111.12,0.2644,17.34,65.4,19.56,95.16,6.129,173.41,0.6356,0.02392,0.007467,2.366,1.551,2.46,1.447,3.809,162.3,14.24,0.8359,1.497,0.5872,2.357,423.1,1.033,51.34,0.7568,10.83,2.394e-05,0.2155,2.932,1.268,2.287,0.2026,8.813,0.4814,8.433
2022-04-09T00:44:26,42335.08,3205.63,111.05,0.2654,17.34,65.4,19.56,95.21,6.139,173.49,0.6359,0.02394,0.007467,2.366,1.55,2.46,1.447,3.817,162.34,14.24,0.8359,1.502,0.5872,2.36,423.22,1.033,51.37,0.757,10.83,2.393e-05,0.2157,2.932,1.268,2.288,0.2027,8.812,0.4815,8.434
2022-04-09T00:44:56,42317.84,3205.19,111.05,0.2657,17.28,65.4,19.55,95.2,6.107,173.46,0.6357,0.02392,0.007467,2.366,1.55,2.46,1.446,3.802,162.31,14.24,0.8359,1.502,0.5872,2.358,423.09,1.032,51.37,0.7569,10.83,2.393e-05,0.2157,2.931,1.268,2.288,0.2027,8.806,0.4818,8.437
2022-04-09T00:45:26,42315.21,3205.23,111.07,0.2642,17.28,65.3,19.56,95.2,6.106,173.54,0.6357,0.02392,0.00747,2.366,1.551,2.46,1.446,3.821,162.26,14.24,0.8359,1.502,0.5872,2.357,423.03,1.032,51.36,0.7568,10.83,2.393e-05,0.2157,2.932,1.268,2.288,0.2026,8.802,0.4822,8.433
2022-04-09T00:45:56,42314,3204.23,111.01,0.2633,17.28,65.3,19.55,95.22,6.107,173.65,0.6344,0.02392,0.00747,2.366,1.551,2.46,1.447,3.823,162.28,14.24,0.8359,1.5,0.5872,2.358,423.1,1.032,51.35,0.7567,10.83,2.392e-05,0.2156,2.932,1.268,2.288,0.2027,8.804,0.4822,8.432
2022-04-09T00:46:26,42319.44,3204.47,111.01,0.2632,17.28,65.3,19.55,95.2,6.111,173.69,0.6332,0.0239,0.00747,2.366,1.55,2.46,1.447,3.821,162.31,14.24,0.8359,1.502,0.5872,2.361,423.17,1.032,51.34,0.7569,10.86,2.392e-05,0.2156,2.931,1.268,2.287,0.2027,8.804,0.4822,8.433
2022-04-09T00:46:56,42323.24,3205.92,111.03,0.2627,17.28,65.3,19.57,95.19,6.113,173.77,0.6319,0.02389,0.00747,2.368,1.553,2.46,1.447,3.82,162.35,14.24,0.8377,1.502,0.5872,2.36,423.17,1.032,51.38,0.757,10.86,2.393e-05,0.2158,2.933,1.268,2.288,0.2028,8.804,0.4831,8.433
2022-04-09T00:47:26,42329.09,3207.11,111.09,0.2625,17.32,65.3,19.57,95.19,6.113,173.8,0.6319,0.0239,0.00747,2.368,1.553,2.46,1.447,3.82,162.4,14.24,0.8377,1.504,0.5872,2.363,423.33,1.033,51.41,0.757,10.89,2.396e-05,0.2159,2.933,1.269,2.289,0.2028,8.809,0.4839,8.434
2022-04-09T00:47:56,42338.14,3208.52,111.18,0.262,17.28,65.3,19.57,95.26,6.109,173.85,0.6309,0.02391,0.00747,2.368,1.554,2.46,1.449,3.823,162.42,14.24,0.835,1.504,0.5872,2.362,423.55,1.034,51.43,0.757,10.9,2.397e-05,0.2162,2.935,1.269,2.29,0.2028,8.814,0.4847,8.434
2022-04-09T00:48:26,42342.82,3208.54,111.18,0.262,17.28,65.3,19.59,95.27,6.104,173.8,0.6327,0.0239,0.007469,2.368,1.555,2.46,1.447,3.822,162.42,14.24,0.835,1.504,0.5872,2.362,423.52,1.034,51.43,0.7569,10.9,2.397e-05,0.2163,2.935,1.27,2.29,0.2029,8.809,0.4845,8.433
2022-04-09T00:48:56,42345.02,3208.52,111.2,0.2619,17.28,65.4,19.59,95.28,6.12,173.93,0.6327,0.02389,0.007469,2.368,1.554,2.46,1.447,3.82,162.42,14.24,0.835,1.504,0.5908,2.362,423.57,1.034,51.44,0.757,10.9,2.396e-05,0.2161,2.936,1.27,2.291,0.2029,8.809,0.4846,8.444
2022-04-09T00:49:26,42345.04,3208.4,111.24,0.2615,17.28,65.3,19.59,95.32,6.112,173.98,0.6327,0.02391,0.007469,2.368,1.554,2.46,1.447,3.82,162.43,14.22,0.835,1.506,0.5908,2.362,423.6,1.034,51.45,0.7569,10.9,2.396e-05,0.2161,2.937,1.27,2.291,0.2028,8.807,0.4849,8.448
2022-04-09T00:49:56,42343.56,3207.98,111.42,0.2619,17.28,65.3,19.59,95.33,6.112,174.27,0.6327,0.02392,0.007469,2.368,1.554,2.46,1.447,3.816,162.45,14.22,0.835,1.506,0.5908,2.363,423.57,1.034,51.45,0.757,10.9,2.396e-05,0.2161,2.939,1.27,2.292,0.2028,8.807,0.4849,8.449
2022-04-09T00:50:26,42328.4,3206.16,111.28,0.2617,17.28,65.3,19.58,95.32,6.114,174.18,0.6327,0.02391,0.007469,2.368,1.554,2.46,1.447,3.816,162.38,14.22,0.835,1.506,0.5908,2.361,423.55,1.034,51.45,0.7566,10.9,2.395e-05,0.2161,2.938,1.269,2.292,0.2028,8.807,0.485,8.444
2022-04-09T00:50:56,42342.52,3208.67,111.38,0.2622,17.33,65.3,19.59,95.32,6.114,174.19,0.6308,0.02392,0.00748,2.368,1.553,2.46,1.448,3.811,162.47,14.22,0.835,1.507,0.5908,2.362,423.57,1.034,51.49,0.7568,10.9,2.396e-05,0.2162,2.938,1.271,2.292,0.2028,8.816,0.4861,8.443
2022-04-09T00:51:26,42345.53,3208.68,111.34,0.263,17.34,65.4,19.6,95.35,6.105,174.05,0.6308,0.02392,0.00749,2.368,1.554,2.46,1.448,3.813,162.47,14.22,0.835,1.507,0.5908,2.362,423.61,1.035,51.5,0.7569,10.87,2.397e-05,0.2162,2.939,1.271,2.292,0.2029,8.816,0.4861,8.445
2022-04-09T00:51:56,42350.52,3208.98,111.39,0.2631,17.32,65.4,19.6,95.35,6.102,174.01,0.6281,0.0239,0.00749,2.368,1.554,2.46,1.449,3.81,162.47,14.22,0.835,1.505,0.5908,2.362,423.56,1.035,51.5,0.7569,10.87,2.398e-05,0.2162,2.94,1.271,2.293,0.2029,8.814,0.487,8.456
2022-04-09T00:52:26,42276.8,3203.46,111.03,0.2621,17.32,65.2,19.56,95.16,6.107,173.78,0.6276,0.02384,0.007477,2.365,1.554,2.46,1.446,3.805,162.14,14.22,0.8405,1.5,0.5908,2.356,422.98,1.032,51.42,0.7558,10.88,2.394e-05,0.2155,2.929,1.267,2.289,0.2025,8.793,0.4873,8.454
2022-04-09T00:52:56,42331.4,3204.98,111.04,0.2626,17.33,65.3,19.58,95.08,6.099,173.91,0.6273,0.02385,0.007475,2.365,1.551,2.46,1.447,3.811,162.14,14.22,0.8405,1.5,0.5908,2.358,422.94,1.033,51.37,0.7561,10.85,2.394e-05,0.2159,2.931,1.268,2.289,0.2027,8.787,0.4877,8.449
2022-04-09T00:53:26,42394.61,3206.92,111.39,0.2629,17.33,65.3,19.59,95.32,6.12,174.04,0.6273,0.02393,0.007475,2.365,1.553,2.46,1.449,3.812,162.47,14.22,0.8424,1.507,0.5908,2.362,423.09,1.035,51.4,0.757,10.89,2.396e-05,0.2164,2.94,1.271,2.293,0.203,8.798,0.49,8.46
2022-04-09T00:53:56,42405,3212.26,111.41,0.2635,17.33,65.3,19.61,95.4,6.124,174.1,0.6273,0.02395,0.007475,2.365,1.553,2.46,1.45,3.814,162.5,14.22,0.8424,1.509,0.5908,2.362,423.17,1.036,51.46,0.7575,10.89,2.4e-05,0.2165,2.942,1.271,2.295,0.2031,8.807,0.4907,8.466
2022-04-09T00:54:26,42416.78,3213.78,111.64,0.2642,17.33,65.3,19.62,95.41,6.141,174.19,0.6282,0.02397,0.007475,2.365,1.554,2.46,1.451,3.822,162.53,14.22,0.8424,1.509,0.5908,2.365,423.25,1.036,51.54,0.7584,10.92,2.4e-05,0.2166,2.948,1.271,2.297,0.2031,8.806,0.4908,8.469
2022-04-09T00:54:56,42419.64,3214.4,111.53,0.2643,17.33,65.3,19.63,95.46,6.139,174.49,0.6291,0.02397,0.007475,2.365,1.554,2.46,1.451,3.818,162.56,14.22,0.8424,1.513,0.5908,2.365,424.15,1.036,51.56,0.7584,10.92,2.402e-05,0.2166,2.947,1.273,2.297,0.2032,8.816,0.4915,8.472
2022-04-09T00:55:26,42408.87,3212.6,111.42,0.2641,17.34,65.4,19.61,95.43,6.151,174.42,0.6291,0.02395,0.007485,2.365,1.556,2.46,1.451,3.819,162.47,14.22,0.8423,1.509,0.5908,2.365,423.95,1.036,51.51,0.7583,10.92,2.402e-05,0.2166,2.948,1.273,2.297,0.2031,8.815,0.4909,8.472
2022-04-09T00:55:56,42410.17,3215.76,111.51,0.2632,17.39,65.4,19.63,95.48,6.157,174.57,0.6305,0.02396,0.007485,2.367,1.556,2.46,1.452,3.819,162.56,14.22,0.8423,1.51,0.5908,2.366,424.14,1.037,51.53,0.7587,10.92,2.402e-05,0.2163,2.949,1.274,2.298,0.2032,8.82,0.4914,8.476
2022-04-09T00:56:26,42412.19,3215.85,111.51,0.2634,17.39,65.4,19.63,95.48,6.171,174.57,0.6305,0.02395,0.007485,2.367,1.556,2.46,1.453,3.819,162.56,14.22,0.8423,1.512,0.5908,2.365,424.13,1.037,51.52,0.7588,10.92,2.402e-05,0.2163,2.95,1.275,2.298,0.2032,8.824,0.4913,8.476
2022-04-09T00:56:56,42420.87,3216.16,111.53,0.2637,17.39,65.4,19.64,95.57,6.169,174.62,0.6305,0.02395,0.007485,2.367,1.555,2.46,1.452,3.824,162.63,14.22,0.8423,1.514,0.5908,2.366,424.26,1.037,51.54,0.7589,10.92,2.403e-05,0.2168,2.951,1.275,2.299,0.2034,8.832,0.4919,8.477
2022-04-09T00:57:26,42414.22,3214.71,111.57,0.2631,17.39,65.4,19.62,95.55,6.161,174.64,0.6305,0.02395,0.007485,2.367,1.555,2.46,1.452,3.825,162.57,14.22,0.8423,1.514,0.5908,2.365,424.2,1.037,51.51,0.7586,10.92,2.402e-05,0.2165,2.949,1.275,2.297,0.2033,8.831,0.4921,8.477
2022-04-09T00:57:56,42418.96,3214.89,111.6,0.263,17.39,65.5,19.62,95.61,6.164,174.63,0.6305,0.02394,0.007485,2.368,1.556,2.46,1.452,3.83,162.66,14.22,0.8461,1.514,0.5908,2.365,424.23,1.036,51.52,0.7586,10.94,2.402e-05,0.2165,2.951,1.276,2.297,0.2033,8.833,0.4922,8.472
2022-04-09T00:58:26,42429.71,3214.72,111.65,0.2628,17.39,65.5,19.62,95.63,6.165,174.42,0.6312,0.02396,0.007477,2.368,1.555,2.46,1.452,3.83,162.66,14.22,0.8461,1.515,0.5908,2.366,424.47,1.037,51.56,0.7588,10.94,2.403e-05,0.2167,2.951,1.276,2.299,0.2034,8.838,0.4924,8.472
2022-04-09T00:58:56,42433.6,3215.76,111.75,0.263,17.39,65.5,19.63,95.63,6.167,174.32,0.6312,0.02395,0.007477,2.37,1.555,2.46,1.453,3.838,162.68,14.22,0.8461,1.517,0.5908,2.366,424.7,1.037,51.6,0.7589,10.93,2.404e-05,0.2167,2.951,1.275,2.3,0.2034,8.844,0.4928,8.479
2022-04-09T00:59:26,42438.95,3215.94,111.69,0.2632,17.39,65.5,19.63,95.58,6.173,174.28,0.6317,0.02397,0.007477,2.37,1.556,2.46,1.453,3.835,162.68,14.22,0.8478,1.515,0.5908,2.366,424.59,1.037,51.6,0.7588,10.93,2.403e-05,0.2167,2.951,1.275,2.3,0.2035,8.839,0.4929,8.476
2022-04-09T00:59:56,42438.77,3215.81,111.75,0.2634,17.39,65.5,19.63,95.64,6.166,174.29,0.631,0.02398,0.007477,2.371,1.556,2.46,1.453,3.834,162.62,14.22,0.8478,1.515,0.5901,2.366,424.61,1.038,51.62,0.7589,10.93,2.404e-05,0.2168,2.951,1.274,2.3,0.2034,8.842,0.4931,8.476
2022-04-09T01:00:26,42404.33,3213.52,111.6,0.263,17.47,65.5,19.62,95.63,6.164,174.1,0.6312,0.02391,0.007477,2.372,1.557,2.46,1.453,3.835,162.63,14.22,0.8478,1.515,0.5901,2.365,424.36,1.036,51.61,0.7585,10.93,2.402e-05,0.2168,2.949,1.273,2.299,0.2034,8.838,0.4927,8.476
2022-04-09T01:00:56,42397.38,3213.47,111.55,0.2623,17.47,65.5,19.62,95.63,6.16,174.07,0.6312,0.02387,0.007487,2.372,1.557,2.46,1.45,3.825,162.6,14.22,0.8454,1.513,0.5901,2.364,424.26,1.036,51.6,0.7586,10.93,2.401e-05,0.2164,2.947,1.271,2.299,0.2033,8.836,0.492,8.473
2022-04-09T01:01:26,42392.81,3213.56,111.43,0.2617,17.47,65.5,19.61,95.58,6.162,173.83,0.6312,0.02385,0.007487,2.372,1.557,2.46,1.449,3.829,162.66,14.27,0.8454,1.507,0.5901,2.364,424.12,1.036,51.58,0.7584,10.93,2.401e-05,0.2163,2.945,1.271,2.297,0.2032,8.831,0.4916,8.477
2022-04-09T01:01:56,42388.5,3213.23,111.41,0.2618,17.47,65.4,19.61,95.55,6.162,173.83,0.6312,0.02385,0.007478,2.372,1.557,2.46,1.449,3.83,162.66,14.27,0.8454,1.507,0.5901,2.364,424.15,1.036,51.57,0.7585,10.93,2.401e-05,0.2163,2.946,1.271,2.297,0.2033,8.832,0.4902,8.472
2022-04-09T01:02:26,42392.33,3213.14,111.4,0.2618,17.47,65.4,19.62,95.53,6.162,173.95,0.6321,0.02386,0.007476,2.372,1.557,2.46,1.45,3.83,162.7,14.27,0.8454,1.507,0.5901,2.365,424.22,1.037,51.59,0.7586,10.92,2.399e-05,0.2163,2.946,1.272,2.298,0.2033,8.838,0.4897,8.475
2022-04-09T01:02:56,42374.68,3212.17,111.23,0.2624,17.42,65.4,19.61,95.45,6.164,173.88,0.6321,0.02385,0.007476,2.372,1.556,2.46,1.45,3.83,162.63,14.27,0.8454,1.503,0.5901,2.363,424.19,1.036,51.56,0.7585,10.92,2.399e-05,0.2163,2.946,1.272,2.298,0.2034,8.837,0.4893,8.476
2022-04-09T01:03:26,42376.02,3212.01,111.27,0.2624,17.42,65.3,19.62,95.44,6.158,173.91,0.6313,0.02383,0.007476,2.372,1.556,2.46,1.45,3.816,162.6,14.27,0.8454,1.503,0.5901,2.363,424.19,1.037,51.56,0.7585,10.92,2.399e-05,0.2163,2.946,1.273,2.298,0.2034,8.837,0.4896,8.471
2022-04-09T01:03:56,42384.86,3213.05,111.36,0.2625,17.42,65.3,19.63,95.49,6.166,173.95,0.6314,0.02386,0.007476,2.372,1.556,2.46,1.451,3.816,162.64,14.27,0.8454,1.506,0.5901,2.365,424.29,1.037,51.58,0.7586,10.92,2.399e-05,0.2168,2.948,1.275,2.3,0.2034,8.848,0.4898,8.472
2022-04-09T01:04:26,42438.86,3213.88,111.53,0.2637,17.42,65.3,19.64,95.57,6.181,173.95,0.6314,0.02397,0.007476,2.372,1.556,2.46,1.453,3.816,162.73,14.22,0.8538,1.506,0.5901,2.366,424.7,1.038,51.64,0.7589,10.89,2.4e-05,0.2168,2.951,1.277,2.302,0.2035,8.846,0.4906,8.485
2022-04-09T01:04:56,42453.2,3216.97,111.58,0.2641,17.42,65.4,19.65,95.63,6.183,174.02,0.6314,0.02397,0.007478,2.372,1.556,2.46,1.453,3.824,162.79,14.22,0.8538,1.506,0.5901,2.368,424.73,1.038,51.7,0.7595,10.89,2.404e-05,0.217,2.953,1.277,2.303,0.2036,8.861,0.4909,8.486
2022-04-09T01:05:26,42429.9,3216.33,111.6,0.2634,17.46,65.4,19.64,95.67,6.172,173.86,0.6314,0.02392,0.007478,2.372,1.556,2.46,1.454,3.823,162.77,14.22,0.8565,1.51,0.5901,2.367,424.55,1.038,51.68,0.7592,10.89,2.403e-05,0.2171,2.95,1.276,2.302,0.2035,8.855,0.4909,8.485
2022-04-09T01:05:56,42433.47,3217.5,111.62,0.2635,17.46,65.4,19.65,95.72,6.168,173.84,0.6314,0.02392,0.00748,2.372,1.557,2.46,1.454,3.823,162.79,14.22,0.8565,1.512,0.5901,2.368,424.6,1.038,51.71,0.7595,10.89,2.404e-05,0.2168,2.954,1.276,2.301,0.2036,8.854,0.4904,8.474
2022-04-09T01:06:26,42437.21,3217.26,111.42,0.2635,17.46,65.4,19.65,95.71,6.17,173.89,0.6314,0.02396,0.00748,2.372,1.557,2.46,1.454,3.823,162.81,14.22,0.8565,1.512,0.5901,2.369,424.78,1.038,51.72,0.7594,10.89,2.404e-05,0.217,2.955,1.277,2.302,0.2036,8.861,0.4892,8.473
2022-04-09T01:06:56,42445.91,3218.39,111.52,0.2639,17.46,65.4,19.66,95.76,6.174,173.86,0.6334,0.02397,0.00748,2.372,1.557,2.46,1.455,3.822,162.84,14.22,0.8565,1.512,0.5901,2.37,424.7,1.038,51.72,0.7595,10.89,2.404e-05,0.217,2.955,1.277,2.303,0.2036,8.867,0.4892,8.473
2022-04-09T01:07:26,42456.25,3220.65,111.54,0.2646,17.46,65.4,19.66,95.79,6.174,173.91,0.634,0.02399,0.00748,2.372,1.557,2.46,1.456,3.825,162.87,14.27,0.8565,1.512,0.5901,2.37,424.92,1.039,51.75,0.7596,10.89,2.407e-05,0.2172,2.958,1.277,2.303,0.2037,8.875,0.4885,8.475
2022-04-09T01:07:56,42458.17,3220.87,111.61,0.2648,17.46,65.4,19.65,95.75,6.176,173.95,0.6344,0.024,0.00748,2.372,1.557,2.46,1.456,3.824,162.86,14.27,0.8565,1.512,0.5901,2.37,424.96,1.039,51.73,0.7598,10.91,2.407e-05,0.2172,2.959,1.277,2.304,0.2037,8.876,0.4888,8.48
2022-04-09T01:08:26,42458.87,3220.83,111.6,0.265,17.46,65.4,19.65,95.74,6.177,173.91,0.6347,0.02402,0.007476,2.372,1.557,2.46,1.457,3.824,162.89,14.27,0.8591,1.517,0.5901,2.371,425.1,1.039,51.73,0.76,10.91,2.406e-05,0.2173,2.959,1.277,2.305,0.2036,8.879,0.4887,8.482
2022-04-09T01:08:56,42460.04,3221.69,111.58,0.2652,17.46,65.4,19.67,95.69,6.176,173.95,0.6347,0.02404,0.007477,2.372,1.556,2.46,1.457,3.822,162.88,14.27,0.8565,1.516,0.5901,2.371,425.1,1.039,51.73,0.7601,10.91,2.407e-05,0.2173,2.959,1.277,2.304,0.2036,8.879,0.4889,8.49
2022-04-09T01:09:26,42461.17,3221.18,111.64,0.2649,17.46,65.4,19.67,95.61,6.175,173.97,0.6359,0.02403,0.007477,2.372,1.556,2.46,1.456,3.821,162.87,14.27,0.853,1.513,0.5901,2.37,425.04,1.039,51.74,0.7602,10.91,2.407e-05,0.2173,2.958,1.277,2.304,0.2036,8.884,0.4889,8.494
2022-04-09T01:09:56,42462.54,3221.2,111.75,0.2649,17.46,65.4,19.67,95.62,6.177,174.01,0.6369,0.02403,0.007477,2.372,1.557,2.47,1.456,3.821,162.89,14.27,0.853,1.513,0.5901,2.37,425.16,1.04,51.77,0.7603,10.91,2.408e-05,0.2173,2.959,1.278,2.304,0.2036,8.889,0.4886,8.495
2022-04-09T01:10:26,42452.48,3220.03,111.54,0.2645,17.46,65.4,19.66,95.61,6.173,173.99,0.637,0.02403,0.007477,2.372,1.557,2.47,1.455,3.82,162.99,14.27,0.8519,1.516,0.5901,2.37,425.03,1.04,51.78,0.7603,10.91,2.407e-05,0.217,2.958,1.276,2.304,0.2037,8.887,0.4883,8.49
2022-04-09T01:10:56,42435.66,3218.81,111.52,0.2643,17.46,65.4,19.65,95.58,6.163,173.97,0.637,0.02399,0.007477,2.372,1.557,2.47,1.455,3.82,162.94,14.27,0.8519,1.51,0.5901,2.368,424.95,1.04,51.77,0.76,10.91,2.405e-05,0.217,2.956,1.275,2.303,0.2036,8.883,0.4882,8.494
2022-04-09T01:11:26,42423.84,3217.8,111.5,0.2639,17.46,65.4,19.65,95.55,6.155,173.72,0.637,0.024,0.007477,2.366,1.556,2.47,1.455,3.82,162.92,14.27,0.8519,1.51,0.5901,2.367,424.84,1.04,51.71,0.7599,10.91,2.404e-05,0.217,2.954,1.274,2.302,0.2036,8.873,0.4875,8.487
2022-04-09T01:11:56,42422.04,3217.61,111.49,0.2636,17.46,65.3,19.65,95.54,6.153,173.69,0.6374,0.02403,0.007477,2.366,1.556,2.47,1.453,3.816,162.84,14.27,0.8519,1.51,0.5901,2.367,424.62,1.04,51.7,0.7595,10.91,2.403e-05,0.2167,2.953,1.273,2.3,0.2036,8.862,0.4873,8.487
2022-04-09T01:12:26,42405.55,3216.55,111.47,0.2638,17.46,65.3,19.65,95.5,6.136,173.62,0.6369,0.02401,0.007477,2.366,1.557,2.47,1.452,3.815,162.8,14.28,0.8519,1.508,0.5901,2.365,424.4,1.039,51.64,0.7591,10.91,2.402e-05,0.2167,2.951,1.274,2.3,0.2035,8.849,0.4869,8.488
2022-04-09T01:12:56,42395.82,3214.78,111.19,0.2638,17.46,65.3,19.63,95.45,6.133,173.51,0.637,0.02399,0.007477,2.366,1.556,2.47,1.45,3.812,162.77,14.28,0.8519,1.504,0.5901,2.363,424.14,1.039,51.59,0.759,10.89,2.4e-05,0.2167,2.948,1.273,2.298,0.2033,8.849,0.4866,8.481
2022-04-09T01:13:26,42392.3,3214.13,111.15,0.2636,17.42,65.3,19.61,95.38,6.121,173.42,0.6382,0.02397,0.007477,2.366,1.556,2.47,1.45,3.81,162.63,14.28,0.8606,1.504,0.5901,2.362,423.95,1.039,51.5,0.7589,10.89,2.399e-05,0.2167,2.947,1.273,2.296,0.2032,8.832,0.4866,8.485
2022-04-09T01:13:56,42367.74,3212.99,111,0.2626,17.42,65.2,19.6,95.32,6.126,173.29,0.6383,0.02395,0.007477,2.366,1.556,2.47,1.449,3.803,162.45,14.28,0.8518,1.504,0.5901,2.36,423.76,1.038,51.47,0.7582,10.86,2.4e-05,0.2162,2.944,1.27,2.295,0.2031,8.82,0.4863,8.479
2022-04-09T01:14:26,42362.44,3211.27,111.14,0.2627,17.42,65.2,19.6,95.29,6.121,173.03,0.6383,0.02388,0.007472,2.369,1.556,2.47,1.447,3.803,162.31,14.28,0.8518,1.503,0.5901,2.361,423.4,1.038,51.45,0.7582,10.85,2.398e-05,0.2159,2.942,1.269,2.294,0.203,8.82,0.4863,8.475
2022-04-09T01:14:56,42405.25,3214.48,111.26,0.2634,17.42,65.2,19.62,95.34,6.138,173.33,0.6384,0.024,0.007472,2.369,1.556,2.47,1.45,3.809,162.63,14.28,0.8518,1.506,0.5901,2.364,423.76,1.039,51.52,0.759,10.9,2.402e-05,0.2167,2.946,1.271,2.298,0.2031,8.824,0.4867,8.462
2022-04-09T01:15:26,42369.02,3213.08,111.15,0.2629,17.42,65.2,19.6,95.28,6.13,173.18,0.638,0.02394,0.007472,2.369,1.557,2.47,1.448,3.807,162.44,14.28,0.8518,1.506,0.5901,2.363,423.59,1.039,51.49,0.7589,10.9,2.401e-05,0.2167,2.946,1.27,2.296,0.203,8.819,0.487,8.461
2022-04-09T01:15:56,42373.61,3210.54,110.99,0.2627,17.42,65.2,19.58,95.17,6.132,173.16,0.6392,0.02394,0.007472,2.369,1.556,2.47,1.448,3.8,162.4,14.28,0.8518,1.506,0.5901,2.36,423.46,1.037,51.46,0.7585,10.9,2.399e-05,0.2159,2.944,1.27,2.296,0.203,8.819,0.4869,8.453
2022-04-09T01:16:26,42388.03,3211.79,111.12,0.2626,17.37,65.2,19.57,95.17,6.136,173.18,0.6392,0.02393,0.007472,2.369,1.556,2.47,1.447,3.806,162.46,14.28,0.8488,1.505,0.5901,2.36,423.36,1.039,51.46,0.7587,10.86,2.399e-05,0.2159,2.945,1.27,2.296,0.2031,8.82,0.4868,8.454
2022-04-09T01:16:56,42395.52,3212.64,111.15,0.2628,17.36,65.2,19.58,95.2,6.134,173.32,0.64,0.02395,0.007477,2.369,1.556,2.47,1.448,3.801,162.53,14.28,0.8488,1.505,0.5901,2.361,423.51,1.038,51.48,0.7588,10.86,2.398e-05,0.2159,2.946,1.27,2.296,0.2032,8.816,0.487,8.452
2022-04-09T01:17:26,42394.77,3212.64,111.12,0.2631,17.36,65.2,19.58,95.22,6.135,173.33,0.6396,0.02395,0.007477,2.37,1.556,2.47,1.448,3.8,162.56,14.28,0.8488,1.505,0.5901,2.361,423.55,1.039,51.5,0.7588,10.88,2.399e-05,0.2159,2.946,1.271,2.297,0.2032,8.818,0.4874,8.453
2022-04-09T01:17:56,42408.3,3213.16,111.21,0.2634,17.36,65.2,19.58,95.26,6.14,173.38,0.6396,0.02394,0.007477,2.37,1.557,2.47,1.448,3.792,162.61,14.28,0.8488,1.51,0.5901,2.362,423.8,1.039,51.53,0.7588,10.88,2.399e-05,0.2159,2.948,1.271,2.298,0.2032,8.824,0.4874,8.454
2022-04-09T01:18:26,42410.29,3214.04,111.09,0.2645,17.36,65.2,19.59,95.3,6.146,173.39,0.6396,0.02394,0.007477,2.37,1.557,2.47,1.448,3.797,162.59,14.28,0.8518,1.51,0.5901,2.364,423.74,1.039,51.54,0.7587,10.88,2.399e-05,0.2164,2.946,1.273,2.298,0.2033,8.825,0.4881,8.462
2022-04-09T01:18:56,42420.85,3215.22,111.19,0.2648,17.36,65.2,19.59,95.35,6.151,173.4,0.6397,0.02394,0.007477,2.37,1.557,2.47,1.449,3.797,162.69,14.28,0.8518,1.509,0.5901,2.364,423.77,1.039,51.55,0.7588,10.88,2.4e-05,0.2163,2.95,1.273,2.3,0.2033,8.825,0.4881,8.459
2022-04-09T01:19:26,42440.53,3217.85,111.21,0.2647,17.37,65.2,19.61,95.44,6.154,173.45,0.6397,0.02394,0.007477,2.37,1.557,2.47,1.449,3.8,162.77,14.28,0.8518,1.512,0.5901,2.364,423.95,1.04,51.59,0.7591,10.88,2.4e-05,0.2163,2.951,1.274,2.302,0.2034,8.834,0.4885,8.463
2022-04-09T01:19:56,42438.43,3218.82,111.29,0.2648,17.37,65.3,19.61,95.5,6.155,173.41,0.6398,0.02399,0.007487,2.37,1.558,2.47,1.451,3.798,162.84,14.28,0.8518,1.512,0.5901,2.367,424.14,1.04,51.63,0.7598,10.91,2.402e-05,0.2167,2.956,1.275,2.305,0.2036,8.835,0.489,8.472
2022-04-09T01:20:26,42423.51,3219.5,111.32,0.2647,17.37,65.3,19.61,95.51,6.155,173.38,0.6398,0.02399,0.007487,2.37,1.558,2.47,1.45,3.792,162.84,14.28,0.8578,1.509,0.5901,2.367,423.97,1.04,51.64,0.7598,10.91,2.401e-05,0.2166,2.956,1.276,2.306,0.2037,8.835,0.4885,8.484
2022-04-09T01:20:56,42422.81,3219.22,111.26,0.2646,17.37,65.3,19.61,95.54,6.152,173.43,0.6412,0.02397,0.007487,2.37,1.557,2.47,1.451,3.794,163.02,14.28,0.8578,1.509,0.5901,2.366,424.02,1.04,51.63,0.7598,10.91,2.4e-05,0.2167,2.956,1.276,2.305,0.2037,8.838,0.4882,8.485
2022-04-09T01:21:26,42422.45,3217.72,111.25,0.2638,17.37,65.3,19.6,95.49,6.154,173.4,0.6411,0.02394,0.007487,2.37,1.558,2.47,1.451,3.794,163,14.28,0.8578,1.512,0.5901,2.366,423.87,1.04,51.63,0.76,10.91,2.401e-05,0.2167,2.955,1.276,2.306,0.2037,8.838,0.4881,8.484
2022-04-09T01:21:56,42413.8,3216.97,111.17,0.2637,17.37,65.3,19.59,95.45,6.145,173.28,0.6397,0.02393,0.007487,2.369,1.558,2.47,1.451,3.795,162.97,14.28,0.8572,1.51,0.5901,2.366,423.82,1.039,51.61,0.7598,10.91,2.399e-05,0.2167,2.954,1.276,2.303,0.2037,8.838,0.4879,8.479
2022-04-09T01:22:26,42404.22,3214.44,111.03,0.2629,17.39,65.3,19.59,95.33,6.142,173.21,0.6397,0.02391,0.00749,2.369,1.558,2.47,1.448,3.791,162.85,14.28,0.8572,1.51,0.5901,2.363,423.51,1.039,51.57,0.7595,10.9,2.398e-05,0.2167,2.952,1.273,2.302,0.2035,8.835,0.4868,8.466
2022-04-09T01:22:56,42395.5,3215.06,111.01,0.2632,17.39,65.3,19.58,95.34,6.143,173.34,0.639,0.02389,0.007481,2.369,1.558,2.47,1.448,3.794,162.86,14.28,0.8572,1.51,0.5901,2.363,423.6,1.039,51.52,0.7595,10.9,2.397e-05,0.2162,2.951,1.273,2.301,0.2035,8.824,0.4868,8.464
2022-04-09T01:23:26,42392.31,3213.53,111,0.2632,17.39,65.3,19.58,95.23,6.143,173.23,0.6384,0.02388,0.007481,2.369,1.557,2.47,1.447,3.791,162.85,14.28,0.8572,1.508,0.5901,2.362,423.55,1.038,51.49,0.7595,10.9,2.398e-05,0.2162,2.95,1.273,2.3,0.2035,8.825,0.4865,8.459
2022-04-09T01:23:56,42392.91,3213.73,111.01,0.2634,17.39,65.3,19.58,95.21,6.148,173.23,0.6417,0.02387,0.007481,2.369,1.557,2.47,1.447,3.795,162.83,14.29,0.8572,1.509,0.5901,2.361,423.59,1.038,51.45,0.7594,10.9,2.398e-05,0.2162,2.949,1.274,2.299,0.2034,8.829,0.4862,8.464
2022-04-09T01:24:26,42393.63,3211.9,111.01,0.2635,17.39,65.3,19.58,95.24,6.142,173.22,0.6417,0.02387,0.007481,2.369,1.557,2.47,1.447,3.783,162.82,14.29,0.8572,1.512,0.5901,2.362,423.41,1.038,51.44,0.7594,10.9,2.398e-05,0.2162,2.95,1.274,2.299,0.2033,8.831,0.4869,8.46
2022-04-09T01:24:56,42393.87,3211.84,110.95,0.2633,17.38,65.3,19.58,95.28,6.147,173.22,0.6418,0.02387,0.007481,2.37,1.557,2.47,1.447,3.792,162.79,14.29,0.8572,1.512,0.5904,2.362,423.36,1.038,51.42,0.7593,10.9,2.398e-05,0.2162,2.95,1.274,2.299,0.2033,8.833,0.4878,8.459
2022-04-09T01:25:26,42376.64,3210.75,110.87,0.2633,17.38,65.4,19.58,95.22,6.147,173.23,0.6402,0.02385,0.007481,2.37,1.557,2.47,1.447,3.788,162.7,14.29,0.8572,1.512,0.5904,2.362,423.37,1.037,51.39,0.759,10.9,2.396e-05,0.2162,2.948,1.273,2.299,0.2032,8.833,0.4876,8.458
2022-04-09T01:25:56,42350.55,3209.39,110.49,0.2624,17.38,65.2,19.56,95.16,6.145,172.92,0.6425,0.02382,0.007471,2.37,1.556,2.47,1.445,3.783,162.48,14.29,0.8572,1.51,0.5904,2.359,423.12,1.036,51.37,0.7586,10.86,2.393e-05,0.2157,2.944,1.271,2.296,0.203,8.818,0.4867,8.453
2022-04-09T01:26:26,42343.05,3209.09,110.51,0.2624,17.38,65.2,19.54,95.12,6.132,172.71,0.6425,0.02377,0.00747,2.37,1.556,2.47,1.445,3.782,162.45,14.29,0.8544,1.51,0.5904,2.356,422.92,1.035,51.33,0.7585,10.85,2.392e-05,0.2158,2.942,1.271,2.293,0.203,8.815,0.4867,8.451
2022-04-09T01:26:56,42346.3,3209.7,110.5,0.2623,17.38,65.2,19.54,95.06,6.134,172.78,0.6404,0.02379,0.00747,2.37,1.556,2.47,1.445,3.777,162.49,14.24,0.8544,1.51,0.5904,2.357,422.99,1.036,51.28,0.7585,10.85,2.392e-05,0.2158,2.942,1.271,2.294,0.203,8.81,0.4865,8.444
2022-04-09T01:27:26,42341.19,3208.81,110.47,0.2618,17.38,65.1,19.53,94.95,6.137,172.58,0.6412,0.0238,0.00747,2.37,1.554,2.47,1.443,3.779,162.44,14.24,0.8544,1.51,0.5904,2.357,422.89,1.036,51.27,0.7585,10.85,2.391e-05,0.2157,2.941,1.271,2.295,0.203,8.814,0.4868,8.444
2022-04-09T01:27:56,42362.17,3210.2,110.45,0.2619,17.38,65.1,19.53,94.94,6.147,172.55,0.6412,0.02382,0.00747,2.37,1.552,2.47,1.444,3.783,162.5,14.28,0.8544,1.51,0.5904,2.357,422.87,1.036,51.27,0.7587,10.85,2.391e-05,0.2157,2.944,1.271,2.295,0.203,8.82,0.4872,8.442
2022-04-09T01:28:26,42356.59,3208.97,110.4,0.2618,17.38,65.1,19.53,94.94,6.141,172.53,0.6412,0.02386,0.00747,2.37,1.551,2.47,1.443,3.783,162.5,14.28,0.8501,1.512,0.5904,2.357,422.71,1.036,51.26,0.7587,10.85,2.39e-05,0.2157,2.943,1.27,2.295,0.2031,8.818,0.4875,8.441
2022-04-09T01:28:56,42362.73,3208.96,110.37,0.2616,17.38,65.1,19.53,94.95,6.144,172.62,0.6398,0.02386,0.007475,2.37,1.55,2.47,1.444,3.777,162.49,14.28,0.8487,1.512,0.5904,2.358,422.72,1.036,51.27,0.7588,10.85,2.39e-05,0.2157,2.943,1.271,2.295,0.2031,8.82,0.4878,8.441
2022-04-09T01:29:26,42362.22,3208.28,110.42,0.2616,17.38,65.1,19.53,95,6.142,172.55,0.6398,0.02386,0.007475,2.37,1.551,2.47,1.444,3.777,162.52,14.28,0.8483,1.512,0.5904,2.358,422.72,1.036,51.29,0.7587,10.85,2.391e-05,0.2158,2.942,1.271,2.294,0.2032,8.826,0.4879,8.436
2022-04-09T01:29:56,42362.56,3207.3,110.41,0.2616,17.38,65.1,19.53,94.99,6.143,172.54,0.6398,0.02386,0.007475,2.37,1.55,2.47,1.443,3.779,162.48,14.28,0.8483,1.512,0.5904,2.358,422.64,1.036,51.28,0.7589,10.85,2.391e-05,0.2152,2.941,1.27,2.293,0.2032,8.826,0.4873,8.439
2022-04-09T01:30:26,42365.94,3207.58,110.26,0.2616,17.37,65.2,19.53,95.01,6.143,172.61,0.6398,0.02386,0.007475,2.37,1.55,2.47,1.442,3.777,162.54,14.28,0.8483,1.512,0.5904,2.358,422.63,1.036,51.28,0.7587,10.85,2.391e-05,0.2152,2.941,1.27,2.294,0.2032,8.826,0.4869,8.434
2022-04-09T01:30:56,42382.57,3208.19,110.32,0.2621,17.38,65.2,19.54,95.03,6.149,172.56,0.6398,0.02386,0.007475,2.37,1.55,2.47,1.443,3.777,162.6,14.28,0.8483,1.512,0.5904,2.359,422.79,1.036,51.29,0.7589,10.85,2.393e-05,0.2148,2.943,1.271,2.295,0.2032,8.83,0.4871,8.438
2022-04-09T01:31:26,42370.71,3207.21,110.21,0.262,17.38,65.1,19.54,94.99,6.137,172.59,0.6397,0.02385,0.007475,2.37,1.551,2.47,1.443,3.775,162.54,14.28,0.8504,1.508,0.5904,2.359,422.76,1.035,51.29,0.759,10.85,2.391e-05,0.2148,2.943,1.271,2.294,0.2032,8.828,0.4871,8.437
2022-04-09T01:31:56,42373.86,3207.56,110.3,0.2622,17.38,65.1,19.55,94.99,6.141,172.72,0.6397,0.02386,0.007475,2.37,1.551,2.47,1.443,3.777,162.62,14.27,0.8504,1.508,0.5904,2.361,422.69,1.035,51.31,0.7591,10.85,2.388e-05,0.2147,2.941,1.272,2.293,0.2032,8.831,0.487,8.432
2022-04-09T01:32:26,42409.38,3209.54,110.47,0.2628,17.38,65.1,19.57,95.04,6.138,172.91,0.6405,0.02391,0.007475,2.374,1.552,2.47,1.445,3.78,162.87,14.27,0.8504,1.515,0.5904,2.361,422.84,1.037,51.39,0.7597,10.85,2.392e-05,0.2152,2.946,1.273,2.297,0.2034,8.832,0.4874,8.438
2022-04-09T01:32:56,42412.46,3213.09,110.48,0.2629,17.38,65.2,19.57,95.12,6.146,172.94,0.6422,0.02391,0.007475,2.374,1.551,2.47,1.445,3.782,162.93,14.31,0.8504,1.516,0.5905,2.363,423.39,1.037,51.41,0.7601,10.85,2.394e-05,0.2152,2.948,1.273,2.299,0.2035,8.85,0.4869,8.442
2022-04-09T01:33:26,42412.48,3214.4,110.7,0.2631,17.38,65.2,19.57,95.12,6.149,173.25,0.6422,0.02389,0.007475,2.374,1.552,2.47,1.446,3.781,162.95,14.31,0.8504,1.519,0.5905,2.363,423.48,1.037,51.47,0.7609,10.85,2.395e-05,0.2156,2.951,1.276,2.301,0.2035,8.855,0.4872,8.449
2022-04-09T01:33:56,42410.61,3213.92,110.69,0.2636,17.38,65.2,19.57,95.14,6.143,173.21,0.6422,0.02394,0.007475,2.374,1.552,2.47,1.445,3.78,162.99,14.31,0.8504,1.519,0.5905,2.364,423.49,1.037,51.46,0.7611,10.85,2.394e-05,0.2156,2.95,1.276,2.301,0.2035,8.857,0.4879,8.443
2022-04-09T01:34:26,42401.84,3212.46,110.66,0.2629,17.38,65.2,19.57,95.12,6.146,173.19,0.6422,0.02393,0.007485,2.374,1.553,2.47,1.445,3.782,162.96,14.31,0.8504,1.519,0.5905,2.363,423.32,1.037,51.46,0.7606,10.85,2.393e-05,0.2156,2.95,1.275,2.3,0.2034,8.856,0.4885,8.442
2022-04-09T01:34:56,42403.81,3212.28,110.74,0.2626,17.38,65.2,19.58,95.17,6.15,173.2,0.6422,0.02393,0.007485,2.374,1.553,2.47,1.446,3.782,162.95,14.31,0.8504,1.518,0.5905,2.362,423.38,1.037,51.44,0.7605,10.85,2.392e-05,0.2156,2.952,1.275,2.302,0.2033,8.853,0.4885,8.447
2022-04-09T01:35:26,42385.58,3209.88,110.57,0.2625,17.35,65.2,19.56,95.08,6.152,173,0.6426,0.02389,0.007485,2.374,1.554,2.47,1.444,3.782,162.72,14.31,0.8514,1.512,0.5905,2.357,423.18,1.036,51.4,0.7599,10.89,2.388e-05,0.215,2.947,1.274,2.299,0.2031,8.846,0.4877,8.439
2022-04-09T01:35:56,42366.87,3209.87,110.56,0.2618,17.35,65.2,19.55,94.97,6.151,172.88,0.6426,0.02385,0.007485,2.374,1.554,2.47,1.443,3.776,162.71,14.31,0.8514,1.512,0.5817,2.357,423.01,1.035,51.36,0.7596,10.89,2.387e-05,0.215,2.945,1.272,2.297,0.203,8.846,0.4869,8.437
2022-04-09T01:36:26,42355.52,3208.57,110.29,0.261,17.35,65.1,19.54,94.93,6.154,172.86,0.6421,0.02381,0.007485,2.374,1.553,2.47,1.443,3.775,162.67,14.31,0.847,1.504,0.5817,2.356,422.88,1.035,51.32,0.7595,10.89,2.387e-05,0.215,2.943,1.272,2.295,0.2029,8.844,0.4862,8.431
2022-04-09T01:36:56,42358,3207.53,110.27,0.261,17.35,65.1,19.54,94.93,6.151,172.82,0.6423,0.02382,0.00748,2.374,1.552,2.47,1.443,3.77,162.71,14.31,0.847,1.504,0.5817,2.356,422.82,1.035,51.27,0.7594,10.89,2.386e-05,0.2149,2.944,1.272,2.294,0.2029,8.844,0.4856,8.432
2022-04-09T01:37:26,42359.86,3207.5,110.2,0.2619,17.35,65.1,19.54,94.88,6.153,172.83,0.6412,0.02384,0.00748,2.374,1.552,2.47,1.443,3.77,162.7,14.31,0.8552,1.506,0.5905,2.356,422.68,1.035,51.26,0.7591,10.89,2.386e-05,0.2149,2.944,1.272,2.295,0.2029,8.845,0.4859,8.431
2022-04-09T01:37:56,42358.61,3207.21,109.8,0.2614,17.35,65.1,19.52,94.83,6.147,172.69,0.6412,0.02383,0.00748,2.374,1.552,2.47,1.442,3.77,162.52,14.31,0.8508,1.506,0.5905,2.353,422.6,1.034,51.25,0.7588,10.89,2.385e-05,0.2149,2.941,1.27,2.294,0.2029,8.845,0.486,8.43
2022-04-09T01:38:26,42340.53,3204.2,109.75,0.2612,17.35,64.9,19.51,94.76,6.145,172.63,0.6397,0.0238,0.00748,2.374,1.552,2.47,1.441,3.768,162.19,14.31,0.8508,1.506,0.5905,2.35,422.4,1.033,51.17,0.7584,10.86,2.385e-05,0.2148,2.941,1.269,2.289,0.2029,8.825,0.4859,8.418
2022-04-09T01:38:56,42302.59,3202.94,109.41,0.2612,17.29,64.9,19.5,94.65,6.138,172.38,0.641,0.0238,0.00748,2.374,1.551,2.47,1.441,3.764,162.12,14.31,0.8508,1.5,0.5905,2.348,422.09,1.033,51.13,0.7578,10.82,2.383e-05,0.2143,2.938,1.268,2.286,0.2027,8.819,0.4845,8.419
2022-04-09T01:39:26,42318.06,3203.89,109.56,0.2611,17.29,64.9,19.49,94.63,6.136,172.36,0.6415,0.02381,0.00748,2.373,1.549,2.47,1.44,3.764,162.14,14.31,0.8508,1.505,0.5905,2.35,422.21,1.032,51.11,0.7581,10.82,2.383e-05,0.2143,2.936,1.268,2.286,0.2026,8.816,0.4843,8.418
2022-04-09T01:39:56,42317.73,3204.17,109.54,0.2612,17.17,64.9,19.49,94.69,6.141,172.31,0.6415,0.02385,0.007464,2.373,1.549,2.47,1.441,3.763,162.15,14.31,0.846,1.505,0.5905,2.351,422.23,1.032,51.12,0.7582,10.82,2.385e-05,0.2146,2.937,1.268,2.288,0.2026,8.823,0.4846,8.418
2022-04-09T01:40:26,42322.91,3204.03,109.57,0.2615,17.17,64.9,19.49,94.71,6.135,172.28,0.6415,0.02385,0.00745,2.373,1.549,2.47,1.441,3.763,162.24,14.31,0.846,1.507,0.5905,2.351,422.17,1.032,51.17,0.7584,10.82,2.386e-05,0.2146,2.937,1.268,2.289,0.2028,8.828,0.4848,8.417
2022-04-09T01:40:56,42324.3,3205.23,109.56,0.2615,17.17,64.9,19.49,94.62,6.137,172.39,0.6415,0.02384,0.00745,2.373,1.549,2.47,1.441,3.762,162.24,14.31,0.846,1.507,0.5905,2.35,422.29,1.032,51.19,0.7584,10.83,2.387e-05,0.2146,2.938,1.267,2.289,0.2028,8.823,0.4852,8.421
2022-04-09T01:41:26,42316.7,3204.49,109.4,0.2608,17.17,64.9,19.48,94.58,6.135,172.28,0.6415,0.02386,0.00745,2.373,1.549,2.47,1.44,3.76,162.23,14.31,0.846,1.507,0.5905,2.349,422.39,1.032,51.19,0.7583,10.8,2.385e-05,0.2146,2.938,1.266,2.289,0.2028,8.816,0.4852,8.432
2022-04-09T01:41:56,42305.71,3203.76,109.44,0.2607,17.17,64.8,19.48,94.53,6.136,172.1,0.6415,0.02387,0.00745,2.371,1.548,2.47,1.44,3.761,161.99,14.26,0.846,1.507,0.5905,2.35,422.12,1.031,51.17,0.7582,10.8,2.386e-05,0.2145,2.937,1.266,2.289,0.2028,8.802,0.4849,8.429
2022-04-09T01:42:26,42305.66,3204.15,109.49,0.2605,17.18,64.8,19.48,94.5,6.135,172.05,0.6403,0.02387,0.00745,2.371,1.548,2.47,1.439,3.761,162,14.26,0.846,1.504,0.5905,2.349,422.01,1.032,51.13,0.7581,10.8,2.385e-05,0.2145,2.937,1.265,2.288,0.2028,8.801,0.4848,8.43
2022-04-09T01:42:56,42305.68,3204.52,109.4,0.2604,17.18,64.8,19.48,94.47,6.135,171.97,0.6403,0.02387,0.00745,2.371,1.548,2.47,1.439,3.767,161.99,14.26,0.8552,1.504,0.5905,2.349,422.05,1.031,51.13,0.7581,10.8,2.384e-05,0.2145,2.938,1.264,2.288,0.2027,8.793,0.4849,8.433
2022-04-09T01:43:26,42313.91,3204.59,109.58,0.2606,17.18,64.8,19.49,94.45,6.137,171.9,0.6403,0.02388,0.007453,2.371,1.548,2.47,1.439,3.767,162.06,14.26,0.8552,1.504,0.5905,2.35,422.08,1.032,51.13,0.7581,10.8,2.386e-05,0.2145,2.939,1.264,2.289,0.2027,8.79,0.4847,8.436
2022-04-09T01:43:56,42317.49,3205.43,109.45,0.2605,17.18,64.8,19.49,94.46,6.136,171.92,0.6403,0.02385,0.007453,2.371,1.548,2.47,1.439,3.764,162.06,14.26,0.8552,1.504,0.5905,2.35,422.18,1.032,51.15,0.7582,10.8,2.386e-05,0.2145,2.939,1.265,2.289,0.2027,8.794,0.4847,8.431
2022-04-09T01:44:26,42327.47,3206.28,109.5,0.2609,17.18,64.8,19.5,94.55,6.138,171.89,0.6403,0.02384,0.007453,2.371,1.548,2.47,1.439,3.762,162.09,14.26,0.8552,1.509,0.5905,2.351,422.18,1.032,51.19,0.7586,10.8,2.387e-05,0.2145,2.938,1.266,2.289,0.2027,8.795,0.4853,8.431
2022-04-09T01:44:56,42333.59,3205.94,109.46,0.2611,17.15,64.8,19.5,94.53,6.141,171.9,0.642,0.02384,0.007453,2.371,1.549,2.47,1.439,3.762,162.1,14.26,0.8552,1.509,0.5905,2.35,422.33,1.032,51.2,0.7588,10.8,2.387e-05,0.2148,2.94,1.266,2.29,0.2026,8.794,0.4851,8.437
2022-04-09T01:45:26,42333.24,3205.86,109.47,0.2611,17.15,64.9,19.5,94.53,6.137,171.95,0.642,0.02383,0.007453,2.371,1.549,2.47,1.44,3.761,162.1,14.26,0.8552,1.509,0.5905,2.35,422.54,1.032,51.21,0.7588,10.8,2.387e-05,0.2148,2.94,1.265,2.291,0.2026,8.789,0.4854,8.432
2022-04-09T01:45:56,42319.4,3205.2,109.47,0.2611,17.15,64.9,19.49,94.54,6.136,171.91,0.642,0.02381,0.007453,2.371,1.549,2.47,1.44,3.77,162.07,14.3,0.8498,1.509,0.5905,2.35,422.46,1.032,51.22,0.7585,10.8,2.385e-05,0.2148,2.939,1.265,2.29,0.2027,8.785,0.4854,8.431
2022-04-09T01:46:26,42315.71,3203.97,109.73,0.2608,17.15,64.9,19.5,94.54,6.132,171.9,0.642,0.0238,0.007453,2.371,1.549,2.47,1.439,3.765,162.03,14.3,0.8498,1.509,0.5905,2.351,422.34,1.032,51.21,0.7586,10.8,2.385e-05,0.2148,2.938,1.264,2.289,0.2026,8.786,0.4854,8.431
2022-04-09T01:46:56,42322.86,3204.52,109.76,0.2609,17.15,64.9,19.5,94.6,6.135,171.99,0.642,0.02383,0.007453,2.371,1.55,2.47,1.44,3.768,162.09,14.23,0.8408,1.509,0.5905,2.352,422.36,1.032,51.22,0.759,10.8,2.386e-05,0.2145,2.94,1.265,2.29,0.2027,8.784,0.4856,8.43
2022-04-09T01:47:26,42325.17,3205.02,109.76,0.2611,17.15,64.9,19.51,94.63,6.135,172.16,0.642,0.02382,0.007453,2.371,1.549,2.47,1.44,3.765,162.09,14.23,0.8408,1.506,0.5905,2.352,422.53,1.032,51.21,0.759,10.8,2.386e-05,0.2145,2.941,1.266,2.29,0.2027,8.783,0.4852,8.432
2022-04-09T01:47:56,42325.02,3204.41,109.82,0.2611,17.16,64.9,19.5,94.65,6.136,172.14,0.642,0.02381,0.007453,2.371,1.549,2.47,1.44,3.77,162.07,14.23,0.8488,1.503,0.5905,2.352,422.38,1.032,51.21,0.7589,10.8,2.385e-05,0.2145,2.941,1.266,2.291,0.2027,8.772,0.4848,8.431
2022-04-09T01:48:26,42326.73,3204.69,109.85,0.2614,17.18,64.9,19.51,94.65,6.136,172.2,0.6421,0.02381,0.007453,2.371,1.549,2.47,1.441,3.77,162.08,14.23,0.8488,1.503,0.5905,2.352,422.43,1.032,51.22,0.7589,10.8,2.385e-05,0.2145,2.942,1.267,2.291,0.2026,8.767,0.4842,8.436
2022-04-09T01:48:56,42325.32,3204.52,109.95,0.2619,17.19,64.9,19.51,94.69,6.136,172.13,0.6421,0.02386,0.007453,2.371,1.549,2.47,1.441,3.772,162.09,14.23,0.8488,1.506,0.5905,2.352,422.46,1.032,51.22,0.7589,10.8,2.386e-05,0.2145,2.942,1.267,2.291,0.2026,8.767,0.4842,8.431
2022-04-09T01:49:26,42324.33,3204.14,109.99,0.2621,17.19,64.8,19.51,94.65,6.136,172.05,0.6431,0.02387,0.007453,2.371,1.549,2.47,1.441,3.772,162.09,14.23,0.8488,1.512,0.5905,2.352,422.38,1.032,51.21,0.7586,10.8,2.387e-05,0.2145,2.941,1.266,2.29,0.2027,8.762,0.4845,8.432
2022-04-09T01:49:56,42325.01,3204.08,110.03,0.2618,17.19,64.9,19.51,94.61,6.144,172.01,0.6431,0.02385,0.007453,2.371,1.549,2.47,1.442,3.765,162.07,14.23,0.8491,1.506,0.5905,2.352,422.31,1.031,51.21,0.7586,10.8,2.387e-05,0.2145,2.942,1.266,2.29,0.2027,8.762,0.4847,8.437
2022-04-09T01:50:26,42332.78,3205.28,110.12,0.2618,17.19,64.9,19.51,94.63,6.146,171.93,0.6431,0.02386,0.00745,2.371,1.549,2.47,1.443,3.775,162.08,14.23,0.8491,1.508,0.5905,2.352,422.34,1.032,51.22,0.7586,10.8,2.387e-05,0.215,2.944,1.266,2.29,0.2027,8.762,0.4847,8.432
2022-04-09T01:50:56,42348.25,3206.42,110.18,0.262,17.19,64.9,19.53,94.69,6.148,172.06,0.6431,0.02387,0.00745,2.372,1.549,2.47,1.444,3.775,162.13,14.23,0.8491,1.508,0.5905,2.354,422.89,1.033,51.28,0.7596,10.8,2.39e-05,0.2154,2.947,1.268,2.292,0.2029,8.767,0.4846,8.431
2022-04-09T01:51:26,42350.34,3207.09,110.24,0.2621,17.19,64.9,19.53,94.78,6.151,172.05,0.6431,0.02388,0.007468,2.372,1.55,2.47,1.444,3.775,162.15,14.23,0.8491,1.508,0.5905,2.354,422.97,1.033,51.3,0.7598,10.8,2.39e-05,0.2154,2.947,1.268,2.294,0.203,8.766,0.4849,8.431
2022-04-09T01:51:56,42325.15,3205.8,110.05,0.2618,17.19,64.9,19.53,94.73,6.146,171.9,0.6431,0.02387,0.007453,2.372,1.549,2.47,1.444,3.775,162.08,14.29,0.8491,1.508,0.5905,2.353,422.75,1.033,51.28,0.7594,10.8,2.389e-05,0.215,2.944,1.267,2.293,0.203,8.758,0.4843,8.429
2022-04-09T01:52:26,42324.26,3205.9,110.01,0.2618,17.19,64.9,19.52,94.74,6.15,171.87,0.6449,0.02387,0.007453,2.372,1.549,2.47,1.442,3.772,162.08,14.29,0.853,1.508,0.5905,2.352,422.65,1.032,51.27,0.7592,10.8,2.389e-05,0.215,2.943,1.266,2.292,0.203,8.754,0.4843,8.426
2022-04-09T01:52:56,42333.65,3206.16,110.02,0.2618,17.19,64.9,19.52,94.8,6.147,172.02,0.644,0.02388,0.007453,2.372,1.549,2.47,1.442,3.771,162.12,14.29,0.853,1.513,0.5905,2.352,422.79,1.032,51.25,0.7593,10.8,2.389e-05,0.215,2.944,1.265,2.291,0.203,8.761,0.4841,8.427
2022-04-09T01:53:26,42338.14,3206.96,110.07,0.262,17.19,64.9,19.52,94.83,6.152,172.06,0.6443,0.02388,0.007453,2.372,1.549,2.47,1.442,3.771,162.15,14.29,0.853,1.514,0.5905,2.352,422.83,1.032,51.28,0.7593,10.8,2.391e-05,0.215,2.944,1.267,2.293,0.2031,8.769,0.4841,8.423
2022-04-09T01:53:56,42332.56,3206.52,110.09,0.2619,17.19,64.9,19.52,94.84,6.145,172.06,0.6443,0.02386,0.007453,2.372,1.55,2.47,1.443,3.775,162.18,14.29,0.853,1.514,0.5905,2.352,422.95,1.033,51.28,0.7595,10.8,2.391e-05,0.2155,2.945,1.266,2.293,0.2031,8.765,0.4843,8.422
2022-04-09T01:54:26,42338.59,3207.46,110.16,0.2621,17.17,64.9,19.52,94.84,6.153,172.23,0.6448,0.02388,0.007451,2.372,1.551,2.47,1.442,3.775,162.23,14.29,0.8526,1.51,0.5905,2.353,423.06,1.032,51.29,0.76,10.8,2.39e-05,0.2155,2.947,1.266,2.293,0.2032,8.768,0.4843,8.421
2022-04-09T01:54:56,42344.33,3207.39,110.31,0.2624,17.19,64.9,19.53,94.84,6.153,172.36,0.6429,0.0239,0.007451,2.372,1.551,2.47,1.444,3.775,162.34,14.3,0.8526,1.51,0.5905,2.353,422.98,1.033,51.29,0.7602,10.8,2.392e-05,0.2155,2.948,1.268,2.294,0.2032,8.77,0.4843,8.421
2022-04-09T01:55:26,42355.53,3206.81,110.27,0.2623,17.19,64.9,19.53,94.93,6.151,172.43,0.6429,0.02389,0.007451,2.372,1.554,2.47,1.443,3.777,162.28,14.3,0.8526,1.51,0.5905,2.354,423.05,1.033,51.3,0.7603,10.8,2.392e-05,0.2155,2.948,1.268,2.295,0.2033,8.779,0.4842,8.42
2022-04-09T01:55:56,42367.64,3209.19,110.36,0.2624,17.19,64.9,19.54,94.87,6.157,172.64,0.6429,0.02389,0.007451,2.372,1.554,2.47,1.445,3.784,162.35,14.24,0.8526,1.513,0.5905,2.353,423.3,1.034,51.36,0.7605,10.8,2.392e-05,0.2155,2.949,1.268,2.295,0.2033,8.794,0.4845,8.425
2022-04-09T01:56:26,42385.01,3210.93,110.5,0.2625,17.19,64.9,19.55,94.81,6.161,172.68,0.6429,0.02392,0.007451,2.372,1.553,2.47,1.445,3.783,162.4,14.24,0.8526,1.513,0.5905,2.356,423.4,1.034,51.36,0.7607,10.87,2.394e-05,0.2155,2.952,1.268,2.297,0.2033,8.803,0.4845,8.43
2022-04-09T01:56:56,42385.9,3212.26,110.53,0.2625,17.19,64.9,19.56,94.76,6.16,172.84,0.6429,0.02395,0.007451,2.372,1.553,2.47,1.445,3.785,162.44,14.24,0.8526,1.513,0.5905,2.356,423.55,1.034,51.37,0.7606,10.87,2.395e-05,0.2155,2.952,1.268,2.297,0.2033,8.806,0.4855,8.431
2022-04-09T01:57:26,42386.17,3213.59,110.6,0.2624,17.19,64.9,19.56,94.77,6.159,172.85,0.6429,0.02395,0.007466,2.372,1.553,2.47,1.446,3.782,162.48,14.24,0.8526,1.513,0.5905,2.357,423.75,1.035,51.45,0.7604,10.87,2.395e-05,0.2155,2.953,1.268,2.297,0.2034,8.806,0.4855,8.436
2022-04-09T01:57:56,42393.99,3214.49,110.62,0.2622,17.19,64.9,19.56,94.79,6.164,172.86,0.6443,0.02396,0.007466,2.372,1.553,2.47,1.447,3.783,162.59,14.24,0.8525,1.514,0.5905,2.357,423.7,1.035,51.46,0.7606,10.85,2.397e-05,0.2155,2.954,1.269,2.299,0.2034,8.806,0.4857,8.442
2022-04-09T01:58:26,42392.4,3214.32,110.58,0.2618,17.19,64.9,19.56,94.78,6.163,172.83,0.6443,0.02396,0.007466,2.372,1.553,2.47,1.447,3.786,162.59,14.24,0.8525,1.515,0.5905,2.357,423.89,1.034,51.44,0.7606,10.85,2.397e-05,0.216,2.955,1.27,2.299,0.2034,8.816,0.4859,8.445
2022-04-09T01:58:56,42393.89,3214.45,110.59,0.2618,17.2,64.9,19.57,94.75,6.165,172.86,0.6437,0.02398,0.007466,2.372,1.553,2.47,1.447,3.787,162.59,14.24,0.8525,1.515,0.5905,2.358,423.85,1.034,51.44,0.7608,10.85,2.398e-05,0.216,2.955,1.269,2.299,0.2033,8.813,0.4861,8.445
2022-04-09T01:59:26,42419.3,3215.38,110.63,0.2621,17.2,64.9,19.58,94.76,6.164,172.82,0.6437,0.024,0.007466,2.373,1.555,2.47,1.448,3.789,162.83,14.24,0.8527,1.515,0.5905,2.358,423.95,1.035,51.45,0.7612,10.86,2.398e-05,0.2162,2.957,1.271,2.301,0.2034,8.823,0.4863,8.441
2022-04-09T01:59:56,42429.27,3215.18,110.6,0.2625,17.2,64.9,19.59,94.72,6.172,173.12,0.6444,0.02396,0.007466,2.373,1.555,2.47,1.448,3.79,162.89,14.24,0.8527,1.516,0.5905,2.36,424.13,1.036,51.45,0.7614,10.88,2.398e-05,0.2162,2.957,1.271,2.303,0.2035,8.828,0.4867,8.446
2022-04-09T02:00:26,42424.85,3216.2,110.63,0.2625,17.2,64.9,19.59,94.8,6.172,173.13,0.6454,0.02405,0.007466,2.376,1.555,2.47,1.448,3.789,162.91,14.24,0.8527,1.516,0.5905,2.36,424.21,1.035,51.47,0.7613,10.89,2.398e-05,0.2162,2.957,1.272,2.304,0.2035,8.831,0.4868,8.452
2022-04-09T02:00:56,42424.49,3216.58,110.68,0.2626,17.2,65,19.6,94.91,6.177,173.27,0.6454,0.02404,0.007466,2.376,1.555,2.47,1.449,3.792,163.03,14.23,0.8527,1.512,0.5905,2.362,424.41,1.036,51.47,0.7617,10.89,2.398e-05,0.2162,2.958,1.272,2.305,0.2035,8.834,0.4869,8.448
2022-04-09T02:01:26,42433.58,3222.27,110.83,0.2626,17.2,65,19.61,94.94,6.182,173.45,0.6456,0.02404,0.007466,2.376,1.556,2.47,1.451,3.792,163.05,14.23,0.8527,1.512,0.5905,2.365,424.89,1.037,51.49,0.7622,10.87,2.399e-05,0.2165,2.96,1.273,2.306,0.2036,8.834,0.4869,8.462
2022-04-09T02:01:56,42428.87,3220.34,110.76,0.2623,17.2,65,19.62,94.9,6.182,173.39,0.6501,0.02406,0.00749,2.376,1.557,2.47,1.451,3.792,163.15,14.23,0.8529,1.515,0.5905,2.363,424.86,1.037,51.47,0.7623,10.87,2.4e-05,0.2165,2.959,1.274,2.306,0.2036,8.841,0.4866,8.465
2022-04-09T02:02:26,42426.95,3220.36,110.75,0.2613,17.22,65,19.62,94.89,6.182,173.37,0.6498,0.02404,0.00749,2.376,1.557,2.47,1.45,3.792,163.08,14.23,0.8529,1.517,0.5905,2.363,424.85,1.037,51.43,0.7625,10.87,2.398e-05,0.2165,2.96,1.274,2.306,0.2036,8.83,0.4861,8.466
2022-04-09T02:02:56,42429.27,3220.44,110.76,0.2612,17.22,65,19.62,94.93,6.184,173.34,0.6493,0.02403,0.007484,2.376,1.557,2.47,1.451,3.792,163.03,14.23,0.8529,1.517,0.5905,2.362,424.81,1.036,51.44,0.7625,10.87,2.397e-05,0.2165,2.961,1.274,2.305,0.2036,8.826,0.4854,8.465
2022-04-09T02:03:26,42422.3,3218.42,110.75,0.2605,17.29,65,19.61,94.92,6.181,173.24,0.6493,0.02401,0.007485,2.372,1.557,2.47,1.451,3.796,162.93,14.23,0.8529,1.517,0.5905,2.358,424.88,1.036,51.37,0.7625,10.87,2.398e-05,0.2162,2.958,1.274,2.305,0.2035,8.817,0.4854,8.467
2022-04-09T02:03:56,42409.85,3216.93,110.55,0.2605,17.26,65,19.59,94.89,6.176,173.12,0.6493,0.02401,0.007485,2.372,1.556,2.47,1.45,3.789,162.89,14.23,0.8529,1.517,0.5905,2.358,424.35,1.036,51.33,0.7623,10.88,2.395e-05,0.2159,2.957,1.272,2.303,0.2034,8.807,0.4851,8.463
2022-04-09T02:04:26,42399.25,3217.51,110.54,0.2605,17.27,65,19.59,94.88,6.175,173.06,0.6494,0.02402,0.007485,2.372,1.556,2.47,1.449,3.784,162.84,14.23,0.8529,1.513,0.5905,2.358,424.31,1.035,51.27,0.7617,10.88,2.395e-05,0.2159,2.956,1.272,2.303,0.2033,8.805,0.4852,8.467
2022-04-09T02:04:56,42402.56,3217.56,110.53,0.2608,17.27,65,19.6,94.94,6.175,173.11,0.6494,0.02404,0.007485,2.374,1.556,2.47,1.45,3.787,162.82,14.23,0.8529,1.513,0.5905,2.357,424.26,1.035,51.28,0.7616,10.88,2.396e-05,0.2159,2.958,1.273,2.303,0.2034,8.805,0.4853,8.462
2022-04-09T02:05:26,42402.26,3217.3,110.55,0.2617,17.27,65,19.6,94.96,6.175,173.1,0.6494,0.02407,0.007485,2.374,1.555,2.47,1.45,3.782,162.84,14.23,0.8529,1.513,0.5905,2.357,424.21,1.034,51.26,0.7615,10.88,2.396e-05,0.2159,2.957,1.272,2.303,0.2034,8.825,0.4854,8.467
2022-04-09T02:05:56,42405.31,3217.25,110.53,0.2617,17.27,65,19.61,94.98,6.17,173.07,0.6508,0.02411,0.007485,2.374,1.555,2.47,1.45,3.783,162.84,14.23,0.8521,1.513,0.5905,2.358,424.22,1.034,51.27,0.7615,10.88,2.396e-05,0.2159,2.958,1.273,2.303,0.2034,8.826,0.4855,8.462
2022-04-09T02:06:26,42406.13,3216.64,110.43,0.2612,17.27,65,19.61,94.97,6.169,173.02,0.6503,0.02411,0.007485,2.374,1.556,2.47,1.45,3.783,162.82,14.23,0.8521,1.518,0.5905,2.357,424.19,1.034,51.29,0.7616,10.88,2.396e-05,0.2162,2.958,1.272,2.303,0.2034,8.829,0.486,8.466
2022-04-09T02:06:56,42404.91,3216.55,110.36,0.261,17.27,65,19.61,95.03,6.168,173,0.6503,0.02405,0.007485,2.374,1.556,2.47,1.45,3.788,162.87,14.23,0.8521,1.518,0.5905,2.357,424.14,1.034,51.3,0.7616,10.88,2.395e-05,0.2162,2.958,1.272,2.303,0.2034,8.829,0.486,8.462
2022-04-09T02:07:26,42405.01,3216.49,110.32,0.2611,17.28,65,19.61,95.07,6.167,173.03,0.6503,0.02406,0.007485,2.374,1.556,2.47,1.449,3.788,162.89,14.23,0.8531,1.518,0.5905,2.357,424.09,1.034,51.3,0.7616,10.88,2.395e-05,0.2162,2.957,1.272,2.303,0.2034,8.834,0.486,8.461
2022-04-09T02:07:56,42405.25,3217.44,110.37,0.2611,17.28,65,19.62,95.13,6.175,173.11,0.6503,0.02406,0.007485,2.374,1.556,2.47,1.451,3.787,162.96,14.23,0.8531,1.515,0.5905,2.36,424.15,1.035,51.32,0.7619,10.88,2.394e-05,0.2162,2.957,1.273,2.302,0.2034,8.835,0.4862,8.468
2022-04-09T02:08:26,42407.5,3218.3,110.49,0.2612,17.28,65.1,19.63,95.22,6.172,173.2,0.6503,0.02406,0.007485,2.374,1.556,2.47,1.452,3.791,163.16,14.23,0.8531,1.515,0.5905,2.36,424.44,1.035,51.35,0.7623,10.88,2.396e-05,0.2162,2.959,1.274,2.304,0.2035,8.843,0.4866,8.467
2022-04-09T02:08:56,42407.47,3218.56,110.45,0.2611,17.28,65.1,19.63,95.2,6.172,173.17,0.6481,0.02407,0.007469,2.374,1.556,2.47,1.451,3.79,163.16,14.23,0.8531,1.515,0.5905,2.36,424.53,1.034,51.36,0.7624,10.88,2.396e-05,0.2162,2.959,1.274,2.304,0.2035,8.853,0.4868,8.479
2022-04-09T02:09:26,42388.39,3217.16,110.29,0.2608,17.28,65.1,19.62,95.17,6.169,173.04,0.6481,0.02404,0.007469,2.374,1.556,2.47,1.451,3.782,163.08,14.23,0.8531,1.517,0.5905,2.359,424.31,1.034,51.34,0.7622,10.88,2.396e-05,0.216,2.956,1.273,2.302,0.2035,8.851,0.4864,8.483
2022-04-09T02:09:56,42360.91,3215.84,110.27,0.2608,17.28,65.1,19.6,95.17,6.166,172.9,0.6484,0.02401,0.007469,2.374,1.556,2.46,1.45,3.785,162.89,14.23,0.8529,1.509,0.5905,2.358,424.11,1.034,51.33,0.7616,10.87,2.393e-05,0.2157,2.956,1.272,2.302,0.2035,8.847,0.4864,8.482
2022-04-09T02:10:26,42355.66,3213.35,110.08,0.2596,17.27,65.1,19.6,95.11,6.16,172.91,0.6474,0.02401,0.007469,2.37,1.556,2.46,1.448,3.784,162.78,14.23,0.8529,1.507,0.5905,2.356,423.86,1.033,51.26,0.7613,10.84,2.392e-05,0.2154,2.951,1.271,2.299,0.2032,8.84,0.4857,8.472
2022-04-09T02:10:56,42350.69,3212.61,110.06,0.2594,17.27,65,19.59,95.08,6.16,173.15,0.6474,0.02396,0.007469,2.37,1.556,2.46,1.447,3.784,162.53,14.23,0.8529,1.51,0.5905,2.354,423.69,1.033,51.24,0.7612,10.84,2.391e-05,0.2151,2.951,1.27,2.298,0.2029,8.833,0.4857,8.449
2022-04-09T02:11:26,42351.51,3212.37,110.05,0.2594,17.27,64.9,19.59,95.05,6.166,173.19,0.6483,0.02397,0.007469,2.37,1.554,2.45,1.447,3.787,162.51,14.23,0.853,1.507,0.5905,2.355,423.63,1.033,51.24,0.7611,10.82,2.391e-05,0.2151,2.95,1.269,2.297,0.203,8.821,0.4855,8.449
2022-04-09T02:11:56,42333.38,3210.02,109.97,0.2592,17.27,64.9,19.57,95.06,6.163,173.14,0.6483,0.02394,0.007469,2.37,1.554,2.45,1.446,3.782,162.5,14.23,0.853,1.506,0.5905,2.354,423.43,1.033,51.23,0.7609,10.81,2.39e-05,0.2151,2.95,1.268,2.295,0.2029,8.82,0.4851,8.442
2022-04-09T02:12:26,42331.47,3210,109.93,0.2593,17.27,65,19.57,95.03,6.157,173.17,0.6483,0.02391,0.007469,2.37,1.553,2.45,1.446,3.782,162.41,14.23,0.8549,1.505,0.5905,2.354,423.36,1.031,51.21,0.7609,10.81,2.389e-05,0.2151,2.949,1.268,2.295,0.2029,8.817,0.4853,8.437
2022-04-09T02:12:56,42342.97,3211.15,110,0.2602,17.27,65,19.58,95.13,6.156,173.33,0.6483,0.02392,0.007469,2.37,1.553,2.45,1.447,3.788,162.54,14.23,0.8552,1.509,0.5905,2.355,423.59,1.032,51.22,0.7612,10.81,2.391e-05,0.2151,2.951,1.268,2.298,0.203,8.826,0.4851,8.439
2022-04-09T02:13:26,42335.72,3210.35,109.94,0.2599,17.24,64.9,19.57,95.12,6.157,173.25,0.6482,0.02391,0.007469,2.37,1.553,2.45,1.446,3.788,162.45,14.23,0.8552,1.509,0.5905,2.355,423.52,1.031,51.22,0.761,10.81,2.391e-05,0.2153,2.949,1.267,2.297,0.203,8.822,0.4854,8.439
2022-04-09T02:13:56,42337.72,3210.38,109.99,0.2601,17.24,64.9,19.57,95.12,6.158,173.23,0.6466,0.02391,0.007469,2.37,1.554,2.45,1.446,3.784,162.55,14.23,0.8552,1.511,0.5905,2.355,423.52,1.031,51.23,0.7609,10.81,2.391e-05,0.2153,2.949,1.267,2.297,0.203,8.822,0.4853,8.427
2022-04-09T02:14:26,42337.18,3210.33,109.98,0.26,17.24,64.9,19.57,95.04,6.156,173.22,0.6462,0.02391,0.007469,2.37,1.554,2.45,1.446,3.786,162.62,14.23,0.8552,1.511,0.5905,2.355,423.48,1.032,51.32,0.761,10.81,2.39e-05,0.2153,2.95,1.267,2.297,0.203,8.814,0.485,8.429
2022-04-09T02:14:56,42338.72,3209.9,110.06,0.2599,17.24,65,19.57,95.01,6.155,173.13,0.6462,0.0239,0.007469,2.37,1.554,2.45,1.446,3.784,162.63,14.23,0.8552,1.511,0.5905,2.355,423.5,1.032,51.35,0.7609,10.85,2.39e-05,0.2153,2.95,1.268,2.298,0.203,8.814,0.485,8.43
2022-04-09T02:15:26,42336.87,3209.98,110.16,0.2599,17.24,64.8,19.57,95.09,6.16,173.06,0.6462,0.02392,0.007469,2.37,1.554,2.45,1.447,3.784,162.77,14.23,0.8536,1.511,0.5905,2.354,423.51,1.032,51.41,0.7614,10.85,2.39e-05,0.2153,2.95,1.268,2.3,0.203,8.815,0.485,8.435
2022-04-09T02:15:56,42343.87,3211.09,110.25,0.2602,17.24,64.8,19.58,95.14,6.161,173.1,0.6462,0.024,0.007469,2.37,1.555,2.45,1.448,3.785,162.83,14.28,0.8536,1.511,0.5905,2.355,423.69,1.032,51.51,0.7614,10.85,2.392e-05,0.2153,2.951,1.269,2.301,0.203,8.822,0.486,8.434
2022-04-09T02:16:26,42352.28,3211.34,110.32,0.2604,17.24,64.8,19.57,95.16,6.16,173.11,0.6462,0.02402,0.007469,2.366,1.555,2.45,1.447,3.787,162.92,14.28,0.8536,1.511,0.5905,2.355,423.68,1.032,51.54,0.7614,10.85,2.391e-05,0.2155,2.953,1.269,2.302,0.203,8.826,0.486,8.435
2022-04-09T02:16:56,42359.03,3211.7,110.36,0.2609,17.24,64.9,19.58,95.27,6.16,173.22,0.6462,0.02401,0.007469,2.366,1.553,2.45,1.447,3.782,162.99,14.28,0.8536,1.511,0.5905,2.358,423.9,1.032,51.55,0.7615,10.85,2.391e-05,0.2155,2.955,1.27,2.302,0.203,8.835,0.4869,8.437
2022-04-09T02:17:26,42366.63,3212.14,110.39,0.261,17.24,64.9,19.59,95.31,6.164,173.21,0.6462,0.02405,0.007469,2.366,1.55,2.45,1.448,3.782,163.08,14.28,0.8536,1.51,0.5905,2.359,423.96,1.032,51.58,0.7619,10.87,2.392e-05,0.2155,2.955,1.27,2.303,0.2031,8.84,0.4869,8.437
2022-04-09T02:17:56,42359,3211.33,110.34,0.2611,17.25,64.9,19.59,95.29,6.165,173.27,0.6462,0.02403,0.007469,2.366,1.549,2.45,1.448,3.782,163.02,14.28,0.8531,1.51,0.5905,2.359,423.93,1.031,51.59,0.762,10.87,2.392e-05,0.2155,2.955,1.269,2.303,0.2032,8.844,0.4867,8.436
2022-04-09T02:18:26,42361.03,3211.47,110.34,0.2611,17.25,64.8,19.59,95.29,6.165,173.33,0.6462,0.02402,0.007469,2.366,1.548,2.45,1.448,3.783,163.07,14.28,0.8531,1.51,0.5905,2.359,423.86,1.031,51.61,0.762,10.87,2.392e-05,0.2155,2.955,1.269,2.302,0.2031,8.848,0.4873,8.437
2022-04-09T02:18:56,42364.74,3211.45,110.24,0.2611,17.25,64.9,19.6,95.31,6.168,173.28,0.6462,0.02402,0.007469,2.366,1.548,2.45,1.447,3.783,163.09,14.23,0.8531,1.51,0.5905,2.357,423.87,1.032,51.61,0.7622,10.87,2.392e-05,0.2155,2.955,1.269,2.302,0.2032,8.847,0.4873,8.432
2022-04-09T02:19:26,42362.98,3211.32,110.21,0.2608,17.25,64.9,19.6,95.33,6.17,173.2,0.6462,0.02401,0.007469,2.366,1.548,2.45,1.447,3.783,163.1,14.23,0.8531,1.511,0.5905,2.358,423.85,1.032,51.62,0.7621,10.87,2.391e-05,0.2155,2.955,1.27,2.302,0.2031,8.847,0.4873,8.43
2022-04-09T02:19:56,42367.74,3211.84,110.33,0.261,17.25,64.9,19.61,95.32,6.172,173.11,0.6462,0.02401,0.007469,2.366,1.548,2.45,1.447,3.784,163.26,14.23,0.8531,1.511,0.5905,2.359,423.81,1.032,51.64,0.7621,10.87,2.393e-05,0.2158,2.957,1.27,2.302,0.2031,8.846,0.4867,8.434
2022-04-09T02:20:26,42388.78,3212.43,110.36,0.2611,17.27,65.1,19.62,95.36,6.168,173.16,0.6462,0.02403,0.007469,2.366,1.549,2.45,1.45,3.784,163.31,14.23,0.8531,1.513,0.5905,2.361,424.02,1.032,51.7,0.7624,10.87,2.394e-05,0.2159,2.958,1.272,2.304,0.2032,8.85,0.4864,8.435
2022-04-09T02:20:56,42388.95,3212.85,110.36,0.261,17.27,65.1,19.61,95.38,6.178,173.2,0.6462,0.02404,0.007469,2.366,1.549,2.45,1.449,3.785,163.42,14.23,0.8531,1.513,0.5905,2.361,424.04,1.032,51.72,0.7624,10.87,2.394e-05,0.2161,2.96,1.272,2.304,0.2033,8.853,0.4866,8.436
2022-04-09T02:21:26,42385.11,3212.98,110.48,0.261,17.27,65.1,19.6,95.38,6.18,173.13,0.6462,0.02403,0.007469,2.366,1.55,2.45,1.45,3.783,163.32,14.23,0.8531,1.513,0.5905,2.361,424.1,1.033,51.65,0.7625,10.87,2.392e-05,0.2162,2.96,1.271,2.304,0.2033,8.861,0.4861,8.439
2022-04-09T02:21:56,42348.44,3209.2,110.14,0.2597,17.27,65.1,19.55,95.25,6.169,173,0.647,0.02391,0.007459,2.363,1.549,2.45,1.447,3.773,162.85,14.23,0.8531,1.505,0.5905,2.357,423.91,1.031,51.53,0.7617,10.85,2.388e-05,0.2153,2.958,1.268,2.299,0.203,8.844,0.4849,8.433
2022-04-09T02:22:26,42321.72,3207.41,110.04,0.2596,17.27,65,19.54,95.23,6.178,172.98,0.647,0.0239,0.007459,2.363,1.549,2.45,1.446,3.77,162.81,14.23,0.8531,1.505,0.5905,2.354,423.49,1.03,51.49,0.7613,10.85,2.387e-05,0.2151,2.951,1.266,2.297,0.2029,8.838,0.4848,8.429
2022-04-09T02:22:56,42310.69,3206.63,109.88,0.2596,17.27,65,19.53,95.15,6.181,172.97,0.647,0.02389,0.007459,2.363,1.548,2.45,1.445,3.768,162.84,14.23,0.8531,1.505,0.5905,2.352,423.26,1.03,51.37,0.761,10.85,2.387e-05,0.2151,2.949,1.265,2.295,0.2028,8.829,0.483,8.428
2022-04-09T02:23:26,42319.2,3207.59,109.88,0.2596,17.25,64.8,19.53,95.13,6.18,172.94,0.647,0.02389,0.007459,2.363,1.547,2.45,1.445,3.768,162.8,14.23,0.8531,1.507,0.5905,2.353,423.12,1.03,51.34,0.7609,10.85,2.388e-05,0.215,2.95,1.264,2.294,0.2027,8.82,0.4834,8.421
2022-04-09T02:23:56,42322.44,3208.15,109.89,0.2597,17.25,64.8,19.54,95.15,6.174,173.01,0.647,0.02391,0.007459,2.363,1.545,2.45,1.445,3.766,162.85,14.23,0.8531,1.507,0.5905,2.353,423.22,1.029,51.35,0.761,10.85,2.388e-05,0.215,2.951,1.264,2.295,0.2027,8.822,0.4834,8.426
2022-04-09T02:24:26,42316.64,3208.08,109.99,0.2598,17.25,64.9,19.54,95.15,6.175,172.96,0.647,0.02393,0.007459,2.363,1.545,2.45,1.444,3.765,162.68,14.23,0.8531,1.506,0.5905,2.353,423.25,1.029,51.36,0.7611,10.85,2.389e-05,0.215,2.951,1.265,2.295,0.2027,8.826,0.4833,8.425
2022-04-09T02:24:56,42314.81,3208.97,109.86,0.2598,17.25,64.9,19.55,95.11,6.178,172.98,0.647,0.02393,0.007456,2.361,1.545,2.45,1.445,3.765,162.68,14.23,0.8531,1.506,0.5905,2.353,423.19,1.03,51.36,0.761,10.84,2.389e-05,0.215,2.951,1.264,2.295,0.2027,8.826,0.4833,8.429
2022-04-09T02:25:26,42312.31,3207.77,109.77,0.2594,17.25,64.8,19.52,95.1,6.177,172.88,0.647,0.02392,0.007456,2.361,1.545,2.45,1.444,3.764,162.47,14.23,0.853,1.508,0.5905,2.351,422.99,1.029,51.31,0.7609,10.84,2.387e-05,0.215,2.948,1.263,2.294,0.2027,8.82,0.4828,8.428
2022-04-09T02:25:56,42313.14,3207.48,109.64,0.2593,17.25,64.8,19.53,95.07,6.178,172.91,0.647,0.02391,0.007456,2.361,1.546,2.45,1.443,3.766,162.5,14.28,0.8531,1.508,0.5905,2.35,423.06,1.029,51.32,0.7605,10.84,2.386e-05,0.2149,2.948,1.262,2.292,0.2027,8.819,0.4834,8.427
2022-04-09T02:26:26,42317.95,3207.76,109.56,0.2594,17.25,64.8,19.53,95.09,6.178,172.91,0.6464,0.0239,0.007456,2.361,1.546,2.45,1.442,3.767,162.51,14.28,0.8531,1.508,0.5905,2.35,422.94,1.028,51.29,0.7607,10.84,2.387e-05,0.2145,2.947,1.262,2.292,0.2027,8.819,0.4829,8.428
2022-04-09T02:26:56,42307.92,3207.19,109.48,0.2593,17.25,64.8,19.53,95.08,6.176,172.91,0.6464,0.0239,0.007456,2.361,1.545,2.45,1.443,3.763,162.43,14.28,0.8531,1.505,0.5905,2.35,422.85,1.029,51.28,0.7606,10.84,2.386e-05,0.2145,2.947,1.262,2.291,0.2027,8.82,0.4828,8.428
2022-04-09T02:27:26,42313.4,3207.45,109.41,0.2592,17.25,64.9,19.53,95.06,6.178,172.92,0.6464,0.0239,0.00743,2.361,1.545,2.45,1.443,3.762,162.45,14.28,0.8552,1.505,0.5905,2.35,422.79,1.028,51.27,0.7603,10.84,2.385e-05,0.2144,2.945,1.261,2.291,0.2027,8.82,0.4828,8.423
2022-04-09T02:27:56,42313.67,3206.45,109.39,0.2594,17.2,64.9,19.53,94.97,6.174,172.94,0.6464,0.02391,0.00743,2.361,1.545,2.45,1.442,3.76,162.45,14.28,0.8532,1.505,0.5905,2.349,422.83,1.028,51.24,0.7604,10.82,2.384e-05,0.2145,2.945,1.261,2.291,0.2027,8.817,0.4826,8.422
2022-04-09T02:28:26,42325.59,3207.05,109.56,0.2593,17.2,64.9,19.54,95.01,6.158,172.98,0.6464,0.02389,0.00743,2.359,1.546,2.45,1.442,3.758,162.51,14.28,0.8532,1.505,0.5905,2.35,422.88,1.029,51.23,0.7603,10.83,2.385e-05,0.2145,2.946,1.262,2.291,0.2027,8.817,0.4831,8.422
2022-04-09T02:28:56,42332.4,3207.19,109.63,0.2593,17.2,64.9,19.54,95.02,6.158,173,0.6464,0.02389,0.00743,2.363,1.546,2.45,1.442,3.761,162.51,14.28,0.8532,1.507,0.5909,2.35,423.04,1.029,51.24,0.7609,10.83,2.386e-05,0.2145,2.946,1.262,2.292,0.2027,8.834,0.4831,8.424
2022-04-09T02:29:26,42354.93,3208.1,109.76,0.2599,17.2,64.9,19.56,95.07,6.162,173.15,0.6453,0.02397,0.00743,2.363,1.546,2.45,1.444,3.761,162.61,14.28,0.8536,1.506,0.5909,2.351,423.33,1.029,51.27,0.7612,10.83,2.388e-05,0.2145,2.951,1.262,2.293,0.2028,8.843,0.4833,8.427
2022-04-09T02:29:56,42366.73,3210.35,109.76,0.2601,17.2,64.9,19.56,95.07,6.163,173.27,0.6453,0.02398,0.007513,2.363,1.547,2.45,1.445,3.761,162.66,14.28,0.8536,1.512,0.5909,2.351,423.43,1.03,51.29,0.7614,10.83,2.387e-05,0.2145,2.952,1.263,2.294,0.2029,8.846,0.4839,8.432
2022-04-09T02:30:26,42355.58,3209.15,109.73,0.2596,17.19,64.9,19.56,95.01,6.161,173.17,0.6453,0.02395,0.007513,2.363,1.546,2.45,1.444,3.76,162.54,14.28,0.8536,1.506,0.5909,2.349,423.41,1.029,51.28,0.7614,10.83,2.387e-05,0.2145,2.949,1.262,2.293,0.2029,8.832,0.4826,8.432
2022-04-09T02:30:56,42347.43,3209.38,109.72,0.2597,17.19,64.9,19.55,95,6.163,173.12,0.6453,0.02394,0.007484,2.363,1.547,2.45,1.444,3.76,162.52,14.31,0.8536,1.506,0.5909,2.349,423.39,1.03,51.22,0.7613,10.83,2.386e-05,0.2145,2.948,1.262,2.291,0.2028,8.829,0.4824,8.436
2022-04-09T02:31:26,42353.56,3209.57,109.59,0.2597,17.19,64.9,19.55,95,6.156,173.08,0.6453,0.02394,0.007484,2.361,1.547,2.45,1.443,3.76,162.48,14.31,0.8536,1.506,0.5909,2.347,423.35,1.03,51.21,0.761,10.83,2.385e-05,0.2145,2.948,1.261,2.291,0.2027,8.827,0.4825,8.436
2022-04-09T02:31:56,42337.68,3208.45,109.55,0.2597,17.19,64.9,19.53,94.92,6.158,172.97,0.6453,0.02394,0.007484,2.359,1.544,2.45,1.443,3.76,162.31,14.23,0.8537,1.509,0.5909,2.344,423.3,1.029,51.1,0.7603,10.83,2.382e-05,0.2139,2.943,1.259,2.288,0.2025,8.814,0.4816,8.435
2022-04-09T02:32:26,42320.67,3207.77,109.14,0.2592,17.19,64.9,19.53,94.8,6.156,172.93,0.6453,0.02391,0.007484,2.36,1.54,2.45,1.442,3.756,162.24,14.23,0.8537,1.509,0.5909,2.344,423.14,1.029,51.06,0.7603,10.83,2.382e-05,0.2139,2.943,1.258,2.288,0.2025,8.814,0.4816,8.43
2022-04-09T02:32:56,42318.71,3206.25,109.12,0.2592,17.19,64.8,19.52,94.76,6.154,172.91,0.6453,0.0239,0.007484,2.359,1.54,2.45,1.441,3.756,162.23,14.23,0.8537,1.508,0.5909,2.344,422.84,1.029,51.07,0.7603,10.83,2.382e-05,0.2139,2.943,1.258,2.288,0.2025,8.807,0.4813,8.429
2022-04-09T02:33:26,42316.41,3206.17,109.11,0.2594,17.19,64.8,19.52,94.69,6.153,172.88,0.6453,0.02393,0.00743,2.359,1.539,2.45,1.441,3.754,162.2,14.23,0.8537,1.508,0.5909,2.341,422.59,1.029,51.05,0.7602,10.83,2.381e-05,0.2137,2.942,1.258,2.287,0.2025,8.8,0.4809,8.428
2022-04-09T02:33:56,42314.17,3206.12,109,0.2592,17.19,64.8,19.52,94.58,6.155,172.91,0.6453,0.02393,0.00743,2.358,1.539,2.45,1.441,3.752,162.15,14.23,0.8537,1.506,0.5909,2.342,422.56,1.029,51.02,0.7601,10.82,2.381e-05,0.2137,2.942,1.257,2.287,0.2024,8.801,0.4809,8.417
2022-04-09T02:34:26,42310.92,3205.09,108.93,0.2587,17.19,64.8,19.51,94.5,6.16,172.88,0.6453,0.0239,0.00743,2.358,1.539,2.45,1.439,3.756,162.14,14.23,0.8537,1.505,0.5909,2.339,422.39,1.029,51.01,0.7599,10.81,2.379e-05,0.2133,2.941,1.255,2.286,0.2024,8.794,0.4805,8.416
2022-04-09T02:34:56,42330.48,3206.64,109.02,0.2587,17.19,64.8,19.52,94.53,6.161,172.95,0.6453,0.0239,0.00743,2.358,1.539,2.45,1.439,3.756,162.24,14.23,0.8537,1.506,0.5909,2.342,422.42,1.029,51.02,0.76,10.81,2.381e-05,0.2137,2.942,1.256,2.287,0.2024,8.793,0.4808,8.418
2022-04-09T02:35:26,42312.69,3204.41,108.96,0.2583,17.18,64.8,19.51,94.46,6.154,172.9,0.6453,0.02389,0.00743,2.358,1.539,2.45,1.438,3.731,161.99,14.23,0.8537,1.506,0.5909,2.336,422.25,1.028,51,0.7597,10.81,2.38e-05,0.2135,2.939,1.255,2.286,0.2024,8.773,0.4807,8.413
2022-04-09T02:35:56,42300.75,3203.32,108.82,0.2576,17.19,64.7,19.5,94.38,6.154,172.88,0.6451,0.0239,0.00743,2.355,1.538,2.45,1.436,3.732,161.93,14.23,0.8531,1.504,0.5909,2.333,421.92,1.028,50.94,0.7591,10.81,2.378e-05,0.213,2.935,1.254,2.283,0.2022,8.773,0.4807,8.41
2022-04-09T02:36:26,42286.84,3203.14,108.74,0.2573,17.19,64.7,19.49,94.37,6.154,172.9,0.6451,0.02388,0.00743,2.355,1.538,2.45,1.436,3.738,161.89,14.23,0.8552,1.503,0.5909,2.333,421.78,1.027,50.85,0.7588,10.81,2.378e-05,0.2129,2.932,1.253,2.28,0.202,8.765,0.4798,8.408
2022-04-09T02:36:56,42280.23,3202.25,108.74,0.2571,17.19,64.7,19.48,94.28,6.143,172.91,0.6451,0.02387,0.00743,2.355,1.538,2.45,1.433,3.733,161.79,14.23,0.8552,1.503,0.5909,2.33,421.22,1.026,50.81,0.7585,10.8,2.377e-05,0.2124,2.93,1.253,2.278,0.2019,8.739,0.4785,8.402
2022-04-09T02:37:26,42276.79,3200.99,108.74,0.2566,17.19,64.7,19.46,94.24,6.144,172.83,0.6441,0.02387,0.00743,2.353,1.537,2.45,1.433,3.733,161.59,14.23,0.8552,1.502,0.5756,2.331,421.24,1.026,50.85,0.7584,10.81,2.374e-05,0.2125,2.93,1.252,2.28,0.2019,8.746,0.4786,8.389
2022-04-09T02:37:56,42271.42,3200.27,108.47,0.2566,17.19,64.7,19.45,94.21,6.14,172.57,0.6437,0.02384,0.007379,2.353,1.537,2.45,1.433,3.73,161.6,14.23,0.8524,1.501,0.5756,2.331,421.24,1.026,50.82,0.7583,10.81,2.373e-05,0.2125,2.929,1.25,2.277,0.2018,8.736,0.478,8.387
2022-04-09T02:38:26,42261.69,3200.29,108.62,0.2567,17.16,64.6,19.45,94.16,6.14,172.74,0.6436,0.02383,0.007379,2.352,1.535,2.45,1.433,3.73,161.66,14.23,0.85,1.496,0.5756,2.331,421.06,1.026,50.82,0.7581,10.82,2.374e-05,0.2126,2.929,1.251,2.276,0.2018,8.746,0.4784,8.38
2022-04-09T02:38:56,42254.27,3199.53,108.55,0.2564,17.16,64.6,19.43,94.05,6.142,172.77,0.6436,0.02381,0.00737,2.352,1.532,2.45,1.432,3.727,161.3,14.23,0.85,1.496,0.5756,2.329,420.94,1.026,50.83,0.7581,10.82,2.373e-05,0.2126,2.929,1.25,2.276,0.2017,8.748,0.478,8.379
2022-04-09T02:39:26,42258.59,3199.49,108.67,0.2565,17.19,64.6,19.43,94.04,6.142,172.74,0.6436,0.02382,0.00737,2.354,1.532,2.45,1.432,3.727,161.33,14.23,0.85,1.499,0.5756,2.331,420.93,1.026,50.86,0.7581,10.83,2.373e-05,0.2126,2.929,1.252,2.276,0.2017,8.737,0.478,8.376
2022-04-09T02:39:56,42241.63,3195.76,108.59,0.2563,17.19,64.7,19.42,93.99,6.136,172.65,0.6434,0.02381,0.00737,2.357,1.533,2.45,1.432,3.727,161.2,14.23,0.85,1.499,0.5756,2.329,420.7,1.025,50.83,0.758,10.81,2.372e-05,0.2126,2.926,1.251,2.274,0.2016,8.705,0.4777,8.367
2022-04-09T02:40:26,42236.8,3194.76,108.52,0.2562,17.19,64.6,19.41,93.9,6.136,172.46,0.6434,0.02381,0.00737,2.357,1.533,2.42,1.431,3.724,161.2,14.23,0.8526,1.499,0.5756,2.329,420.68,1.025,50.78,0.7576,10.81,2.37e-05,0.2126,2.925,1.25,2.273,0.2015,8.701,0.4779,8.371
2022-04-09T02:40:56,42223.08,3194.23,108.38,0.2562,17.19,64.6,19.41,93.86,6.136,172.33,0.6434,0.0238,0.00737,2.357,1.533,2.42,1.431,3.725,161.19,14.23,0.8526,1.498,0.5756,2.327,420.45,1.025,50.68,0.7572,10.81,2.369e-05,0.2122,2.923,1.249,2.273,0.2015,8.699,0.4776,8.364
2022-04-09T02:41:26,42222.12,3192.81,108.41,0.2562,17.19,64.5,19.4,93.8,6.126,172.28,0.6417,0.02379,0.007371,2.357,1.532,2.42,1.43,3.724,161.22,14.23,0.8526,1.498,0.5756,2.326,420.53,1.025,50.66,0.7568,10.81,2.368e-05,0.2122,2.923,1.249,2.275,0.2015,8.695,0.4774,8.36
2022-04-09T02:41:56,42212.71,3192.24,108.33,0.2562,17.18,64.5,19.36,93.81,6.126,172.09,0.6417,0.02379,0.00736,2.357,1.527,2.42,1.43,3.724,161.17,14.23,0.8526,1.491,0.5756,2.325,420.32,1.025,50.65,0.7568,10.79,2.369e-05,0.2122,2.921,1.248,2.273,0.2014,8.693,0.4764,8.36
2022-04-09T02:42:26,42220.75,3192.1,108.51,0.2567,17.18,64.4,19.38,93.72,6.129,172.18,0.6416,0.02378,0.00736,2.358,1.527,2.42,1.43,3.722,161.22,14.23,0.8523,1.498,0.5756,2.326,420.36,1.025,50.68,0.7571,10.79,2.369e-05,0.2123,2.92,1.248,2.272,0.2014,8.695,0.4763,8.356
2022-04-09T02:42:56,42224.35,3193.75,108.68,0.2572,17.16,64.4,19.38,93.71,6.128,172.16,0.6417,0.02379,0.007357,2.358,1.525,2.42,1.43,3.724,161.24,14.23,0.85,1.491,0.5756,2.328,420.38,1.025,50.74,0.7573,10.79,2.371e-05,0.2123,2.922,1.249,2.274,0.2016,8.708,0.4764,8.355
2022-04-09T02:43:26,42264.8,3196.94,108.72,0.2573,17.16,64.5,19.39,93.85,6.13,172.35,0.6417,0.02381,0.00734,2.358,1.526,2.42,1.434,3.724,161.46,14.23,0.85,1.491,0.5756,2.33,420.83,1.027,50.88,0.7576,10.79,2.374e-05,0.2123,2.927,1.251,2.276,0.2018,8.716,0.4764,8.372
2022-04-09T02:43:56,42286.75,3200.23,109.3,0.2581,17.16,64.6,19.42,94.11,6.147,172.65,0.6416,0.02391,0.007347,2.358,1.53,2.42,1.435,3.745,161.7,14.23,0.85,1.502,0.5756,2.337,420.99,1.027,50.99,0.7578,10.82,2.376e-05,0.2132,2.934,1.254,2.28,0.202,8.734,0.4765,8.382
2022-04-09T02:44:26,42301.04,3201.81,109.31,0.2585,17.16,64.6,19.43,94.16,6.148,172.76,0.6416,0.02392,0.007347,2.359,1.531,2.42,1.436,3.74,161.81,14.23,0.85,1.502,0.5756,2.339,421.58,1.028,51.04,0.7587,10.82,2.379e-05,0.2135,2.937,1.256,2.285,0.2021,8.74,0.4786,8.397
2022-04-09T02:44:56,42269.56,3197.17,108.89,0.2579,17.16,64.6,19.41,94.09,6.142,172.6,0.6416,0.02387,0.00735,2.359,1.532,2.42,1.436,3.72,161.73,14.23,0.85,1.496,0.5756,2.334,421.28,1.028,51.02,0.7586,10.82,2.376e-05,0.2135,2.931,1.254,2.281,0.202,8.726,0.4785,8.396
2022-04-09T02:45:26,42281.29,3199.66,109.13,0.2581,17.19,64.6,19.42,94.09,6.132,172.67,0.6416,0.02387,0.00735,2.358,1.53,2.42,1.436,3.73,161.75,14.23,0.85,1.496,0.5756,2.338,421.22,1.028,50.96,0.7584,10.82,2.377e-05,0.2135,2.936,1.255,2.28,0.202,8.725,0.4787,8.39
2022-04-09T02:45:56,42289.83,3200.11,109.21,0.2589,17.19,64.6,19.44,94.21,6.146,172.68,0.6417,0.02391,0.00735,2.358,1.529,2.42,1.436,3.733,161.78,14.23,0.8524,1.499,0.5756,2.339,421.6,1.028,51,0.7587,10.81,2.378e-05,0.2133,2.936,1.256,2.281,0.202,8.72,0.4789,8.386
2022-04-09T02:46:26,42307.15,3201.21,109.28,0.2594,17.19,64.6,19.45,94.24,6.146,172.71,0.6417,0.02389,0.007345,2.359,1.53,2.42,1.438,3.733,161.81,14.23,0.8524,1.501,0.5756,2.34,421.67,1.029,51.09,0.759,10.81,2.38e-05,0.2133,2.938,1.257,2.283,0.2021,8.72,0.4794,8.395
2022-04-09T02:46:56,42319.17,3202.72,109.36,0.2594,17.19,64.7,19.46,94.28,6.15,172.97,0.6417,0.02391,0.007345,2.359,1.53,2.42,1.438,3.736,161.94,14.23,0.8524,1.501,0.5756,2.342,421.85,1.029,51.1,0.7591,10.81,2.381e-05,0.2133,2.939,1.259,2.284,0.2022,8.728,0.4801,8.396
2022-04-09T02:47:26,42309.76,3204.05,109.26,0.2589,17.19,64.7,19.45,94.34,6.15,172.88,0.6417,0.0239,0.007345,2.359,1.531,2.42,1.439,3.736,161.98,14.23,0.8524,1.5,0.5756,2.34,421.62,1.029,51.08,0.7588,10.81,2.379e-05,0.2133,2.939,1.259,2.285,0.2023,8.726,0.4804,8.387
2022-04-09T02:47:56,42278.14,3200.2,109.03,0.2588,17.21,64.7,19.42,94.24,6.148,172.79,0.6414,0.02386,0.007345,2.359,1.531,2.42,1.436,3.732,161.75,14.23,0.8524,1.5,0.5756,2.336,421.28,1.028,51.01,0.7585,10.81,2.378e-05,0.2133,2.936,1.258,2.281,0.2021,8.713,0.4806,8.38
2022-04-09T02:48:26,42251.62,3199.33,108.86,0.2581,17.21,64.7,19.4,94.14,6.135,172.46,0.6414,0.02383,0.007345,2.359,1.53,2.42,1.435,3.722,161.58,14.23,0.8524,1.5,0.5756,2.332,420.95,1.027,50.91,0.758,10.81,2.377e-05,0.2132,2.931,1.254,2.278,0.2019,8.71,0.4806,8.375
2022-04-09T02:48:56,42250.26,3199.13,108.8,0.2587,17.18,64.7,19.39,94.13,6.135,172.42,0.6414,0.0238,0.007345,2.357,1.53,2.42,1.434,3.723,161.54,14.23,0.8524,1.5,0.5756,2.332,420.9,1.027,50.87,0.7578,10.78,2.376e-05,0.2132,2.93,1.253,2.276,0.2019,8.703,0.478,8.368
2022-04-09T02:49:26,42252.25,3198.56,108.81,0.259,17.17,64.6,19.39,94.14,6.138,172.4,0.6407,0.02384,0.00733,2.358,1.53,2.42,1.434,3.723,161.6,14.23,0.85,1.5,0.5756,2.333,420.74,1.027,50.89,0.7579,10.77,2.377e-05,0.2132,2.93,1.253,2.277,0.2018,8.704,0.4783,8.369
2022-04-09T02:49:56,42243.93,3195.62,108.81,0.2588,17.19,64.5,19.39,94.17,6.133,172.32,0.6407,0.02384,0.00733,2.358,1.529,2.42,1.433,3.725,161.6,14.23,0.85,1.494,0.5756,2.332,420.69,1.027,50.92,0.7577,10.77,2.377e-05,0.2134,2.93,1.253,2.277,0.2018,8.704,0.4786,8.369
2022-04-09T02:50:26,42244.69,3194.83,108.78,0.2586,17.19,64.5,19.39,94.21,6.126,172.38,0.6407,0.02384,0.007331,2.358,1.529,2.42,1.434,3.717,161.58,14.23,0.85,1.494,0.5756,2.333,420.57,1.027,50.9,0.7576,10.78,2.376e-05,0.2134,2.929,1.253,2.276,0.2018,8.708,0.4787,8.369
2022-04-09T02:50:56,42245.76,3194.13,108.87,0.2586,17.19,64.5,19.4,94.19,6.125,172.33,0.6405,0.02386,0.007331,2.358,1.53,2.42,1.433,3.726,161.63,14.23,0.853,1.494,0.5756,2.333,420.58,1.027,50.89,0.7576,10.77,2.376e-05,0.2134,2.929,1.253,2.276,0.2018,8.705,0.4788,8.364
2022-04-09T02:51:26,42270.03,3195,109.11,0.2593,17.19,64.5,19.42,94.3,6.128,172.54,0.6403,0.02391,0.007331,2.358,1.529,2.42,1.436,3.725,161.78,14.23,0.853,1.502,0.5756,2.333,420.84,1.027,50.9,0.758,10.77,2.378e-05,0.2135,2.934,1.255,2.28,0.202,8.717,0.4793,8.363
2022-04-09T02:51:56,42245.42,3194.89,108.9,0.2591,17.19,64.6,19.4,94.22,6.121,172.36,0.6406,0.02388,0.007331,2.358,1.53,2.42,1.434,3.72,161.76,14.23,0.853,1.502,0.5756,2.334,420.75,1.027,50.95,0.7576,10.77,2.378e-05,0.2139,2.93,1.253,2.278,0.2019,8.704,0.4797,8.364
2022-04-09T02:52:26,42232.69,3194.75,108.82,0.2588,17.19,64.5,19.39,94.06,6.118,172.27,0.6406,0.02387,0.007331,2.358,1.529,2.42,1.433,3.72,161.64,14.23,0.8552,1.502,0.5756,2.332,420.76,1.026,50.89,0.7575,10.77,2.377e-05,0.2139,2.927,1.252,2.275,0.2019,8.696,0.4788,8.368
2022-04-09T02:52:56,42232.57,3194.72,108.83,0.2589,17.18,64.5,19.38,94.06,6.122,172.25,0.6409,0.02385,0.007331,2.357,1.529,2.42,1.433,3.72,161.61,14.23,0.85,1.501,0.5756,2.332,420.67,1.026,50.87,0.7573,10.77,2.376e-05,0.2139,2.926,1.252,2.275,0.2019,8.694,0.4787,8.368
2022-04-09T02:53:26,42224.84,3191.48,108.82,0.2588,17.18,64.5,19.37,94.04,6.119,172.14,0.6409,0.02385,0.007328,2.357,1.527,2.42,1.432,3.72,161.44,14.23,0.85,1.501,0.5756,2.33,420.4,1.026,50.84,0.7572,10.76,2.375e-05,0.2132,2.924,1.251,2.273,0.2017,8.693,0.4787,8.369
2022-04-09T02:53:56,42220.85,3190.99,108.51,0.2587,17.18,64.4,19.35,93.91,6.11,172.11,0.6409,0.02382,0.007328,2.357,1.527,2.42,1.432,3.717,161.17,14.23,0.85,1.493,0.5756,2.328,420.33,1.025,50.82,0.757,10.76,2.375e-05,0.2132,2.925,1.25,2.272,0.2016,8.681,0.4783,8.358
2022-04-09T02:54:26,42216.65,3190.21,108.57,0.2587,17.18,64.4,19.33,93.88,6.11,171.92,0.6409,0.02378,0.007316,2.357,1.526,2.42,1.432,3.717,161.14,14.23,0.85,1.493,0.5756,2.327,420.12,1.025,50.7,0.7568,10.76,2.373e-05,0.213,2.923,1.25,2.269,0.2015,8.682,0.4766,8.352
2022-04-09T02:54:56,42184.56,3188.05,108.55,0.2575,17.18,64.4,19.31,93.76,6.103,171.52,0.6409,0.02376,0.007328,2.357,1.525,2.42,1.431,3.716,161,14.23,0.85,1.494,0.5756,2.326,420.05,1.024,50.69,0.7564,10.74,2.372e-05,0.2128,2.921,1.249,2.267,0.2012,8.675,0.4767,8.351
2022-04-09T02:55:26,42199.65,3190.01,108.6,0.2575,17.16,64.4,19.32,93.8,6.112,171.65,0.6409,0.02381,0.007341,2.357,1.521,2.42,1.431,3.718,161.08,14.23,0.8518,1.498,0.5756,2.327,420.13,1.026,50.71,0.7564,10.74,2.372e-05,0.2132,2.923,1.25,2.269,0.2013,8.678,0.4767,8.343
2022-04-09T02:55:56,42198.84,3189.23,108.66,0.2573,17.17,64.4,19.32,93.73,6.109,171.58,0.6409,0.02383,0.007341,2.357,1.515,2.42,1.432,3.712,161.03,14.23,0.8518,1.496,0.5756,2.327,420.24,1.025,50.72,0.7562,10.74,2.372e-05,0.2131,2.918,1.249,2.269,0.2013,8.672,0.4765,8.343
2022-04-09T02:56:26,42207.1,3189.5,108.69,0.2573,17.17,64.4,19.34,93.74,6.109,171.68,0.6409,0.02385,0.007341,2.357,1.513,2.42,1.431,3.712,161.13,14.22,0.8518,1.498,0.5756,2.328,420.28,1.025,50.8,0.7563,10.74,2.373e-05,0.213,2.917,1.249,2.268,0.2013,8.674,0.4772,8.348
2022-04-09T02:56:56,42208.37,3189.42,108.81,0.2572,17.16,64.2,19.34,93.77,6.106,171.77,0.6409,0.02389,0.007341,2.357,1.514,2.42,1.432,3.713,161.17,14.22,0.8518,1.499,0.5756,2.327,420.47,1.025,50.82,0.7562,10.74,2.373e-05,0.213,2.918,1.25,2.268,0.2014,8.675,0.4772,8.345
2022-04-09T02:57:26,42205.45,3188.58,108.73,0.2571,17.16,64.1,19.33,93.67,6.108,171.71,0.6409,0.02389,0.007341,2.357,1.513,2.42,1.431,3.708,161.12,14.22,0.8518,1.499,0.5756,2.326,420.25,1.025,50.78,0.756,10.74,2.372e-05,0.213,2.915,1.25,2.267,0.2013,8.675,0.4777,8.343
2022-04-09T02:57:56,42194.5,3185.65,108.7,0.2567,17.16,64.1,19.32,93.62,6.104,171.65,0.6409,0.02387,0.007341,2.357,1.512,2.42,1.43,3.7,161.02,14.22,0.8518,1.499,0.5756,2.323,420.04,1.025,50.74,0.7556,10.75,2.371e-05,0.213,2.914,1.249,2.266,0.2012,8.673,0.4767,8.331
2022-04-09T02:58:26,42174.71,3185.28,108.63,0.2567,17.16,64.1,19.3,93.6,6.1,171.3,0.6409,0.02385,0.007402,2.357,1.51,2.42,1.429,3.703,161,14.22,0.8523,1.499,0.5756,2.323,419.97,1.024,50.72,0.7557,10.75,2.371e-05,0.2127,2.913,1.249,2.265,0.2012,8.672,0.4767,8.336
2022-04-09T02:58:56,42199.4,3185.76,108.83,0.2567,17.16,64.2,19.32,93.74,6.117,171.59,0.6409,0.02388,0.007393,2.357,1.509,2.42,1.431,3.703,161.17,14.22,0.8523,1.499,0.5756,2.327,420.16,1.025,50.76,0.7559,10.8,2.372e-05,0.2131,2.917,1.25,2.266,0.2013,8.683,0.4773,8.331
2022-04-09T02:59:26,42173.46,3186.53,108.65,0.2563,17.15,64.2,19.31,93.67,6.108,171.46,0.6409,0.02387,0.007393,2.357,1.511,2.42,1.431,3.705,161.13,14.28,0.85,1.499,0.5756,2.325,419.99,1.024,50.73,0.7557,10.79,2.371e-05,0.2127,2.914,1.249,2.265,0.2012,8.679,0.477,8.326
2022-04-09T02:59:56,42175.67,3187.09,108.7,0.2566,17.12,64.2,19.31,93.68,6.113,171.48,0.6409,0.02389,0.007393,2.357,1.512,2.42,1.431,3.703,161.15,14.28,0.8523,1.499,0.5756,2.327,420.09,1.024,50.79,0.7556,10.79,2.372e-05,0.2127,2.915,1.25,2.266,0.2012,8.681,0.4782,8.331
2022-04-09T03:00:26,42203.61,3189.21,108.89,0.2568,17.12,64.2,19.33,93.73,6.119,171.5,0.6409,0.0239,0.007393,2.357,1.512,2.42,1.432,3.702,161.2,14.28,0.8523,1.499,0.5756,2.33,420.47,1.025,50.8,0.7561,10.79,2.373e-05,0.2127,2.915,1.25,2.266,0.2013,8.689,0.4785,8.331
2022-04-09T03:00:56,42215.37,3190.3,109.06,0.257,17.11,64.2,19.35,93.92,6.116,171.66,0.6389,0.02395,0.007393,2.357,1.514,2.42,1.434,3.709,161.48,14.28,0.8523,1.506,0.5756,2.331,420.91,1.026,50.89,0.7565,10.81,2.375e-05,0.2136,2.92,1.252,2.268,0.2016,8.697,0.4798,8.332
2022-04-09T03:01:26,42225.6,3191.11,109.17,0.2578,17.11,64.2,19.36,93.96,6.12,171.74,0.6389,0.02395,0.007393,2.357,1.514,2.42,1.436,3.704,161.51,14.28,0.8526,1.501,0.5756,2.331,421.03,1.027,50.94,0.7565,10.81,2.377e-05,0.2136,2.925,1.254,2.271,0.2018,8.715,0.4802,8.339
2022-04-09T03:01:56,42231.54,3192.61,109.15,0.2579,17.11,64.2,19.36,93.97,6.118,172.02,0.6388,0.02396,0.007393,2.357,1.515,2.42,1.435,3.707,161.49,14.28,0.8526,1.504,0.5907,2.333,421.12,1.026,50.98,0.7568,10.83,2.377e-05,0.2135,2.925,1.255,2.271,0.2018,8.715,0.4806,8.344
2022-04-09T03:02:26,42197.15,3189.46,108.88,0.2574,17.11,64.2,19.35,93.81,6.117,171.77,0.6388,0.02391,0.007393,2.357,1.515,2.42,1.434,3.7,161.41,14.28,0.8526,1.504,0.5907,2.327,420.77,1.026,50.94,0.7558,10.83,2.376e-05,0.2131,2.923,1.252,2.27,0.2017,8.708,0.4795,8.34
2022-04-09T03:02:56,42190.34,3189.04,108.82,0.2572,17.11,64.2,19.32,93.76,6.109,171.79,0.6388,0.02393,0.007393,2.357,1.514,2.42,1.433,3.7,161.22,14.28,0.8526,1.5,0.5907,2.327,420.57,1.025,50.9,0.7557,10.79,2.374e-05,0.2131,2.918,1.251,2.268,0.2014,8.7,0.4789,8.339
2022-04-09T03:03:26,42205.68,3191.09,108.86,0.2574,17.1,64.2,19.34,93.82,6.115,171.68,0.639,0.02392,0.007399,2.353,1.515,2.42,1.434,3.7,161.32,14.28,0.8526,1.507,0.5907,2.328,420.7,1.025,50.93,0.756,10.79,2.375e-05,0.2131,2.921,1.252,2.269,0.2014,8.7,0.4789,8.345
2022-04-09T03:03:56,42202,3189.57,108.83,0.2574,17.11,64.2,19.34,93.63,6.11,171.53,0.6376,0.02393,0.007399,2.353,1.515,2.42,1.433,3.7,161.31,14.28,0.8526,1.507,0.5907,2.327,420.71,1.025,50.93,0.7556,10.79,2.376e-05,0.2131,2.919,1.25,2.269,0.2014,8.705,0.4776,8.348
2022-04-09T03:04:26,42180.03,3186.55,108.64,0.2568,17.11,64.2,19.32,93.46,6.108,171.38,0.6376,0.0239,0.007408,2.353,1.514,2.42,1.43,3.703,161.13,14.28,0.8516,1.504,0.5907,2.323,420.42,1.024,50.86,0.7553,10.77,2.374e-05,0.2127,2.916,1.248,2.266,0.2014,8.703,0.4776,8.346
2022-04-09T03:04:56,42162.95,3184.03,108.62,0.2568,17.1,64.1,19.3,93.09,6.098,170.88,0.6376,0.02387,0.007408,2.353,1.51,2.42,1.429,3.702,161.12,14.28,0.8516,1.504,0.5907,2.318,420.29,1.023,50.76,0.755,10.76,2.371e-05,0.2125,2.915,1.248,2.265,0.2011,8.69,0.4773,8.344
2022-04-09T03:05:26,42143.6,3183.09,108.59,0.2566,17.1,64.1,19.29,93.06,6.104,170.75,0.6376,0.02388,0.007408,2.353,1.51,2.42,1.429,3.688,160.95,14.28,0.8508,1.504,0.5907,2.318,420.01,1.023,50.69,0.7546,10.78,2.37e-05,0.2126,2.913,1.246,2.265,0.201,8.673,0.4763,8.345
2022-04-09T03:05:56,42140.11,3183.89,108.68,0.2566,17.11,64.1,19.31,93.03,6.105,170.71,0.6376,0.02389,0.007408,2.353,1.511,2.42,1.43,3.691,160.99,14.28,0.85,1.504,0.5907,2.319,420.05,1.023,50.7,0.7546,10.78,2.372e-05,0.2126,2.914,1.246,2.265,0.2011,8.665,0.4762,8.348
2022-04-09T03:06:26,42136.59,3185.08,108.69,0.2566,17.11,64.1,19.32,93.03,6.103,170.75,0.6376,0.02387,0.007408,2.352,1.509,2.42,1.429,3.691,161.1,14.24,0.85,1.505,0.5907,2.319,420.18,1.024,50.69,0.7547,10.78,2.373e-05,0.2127,2.914,1.246,2.265,0.2009,8.666,0.4766,8.347
2022-04-09T03:06:56,42130.75,3183.34,108.55,0.2567,17.1,64.1,19.3,93.02,6.1,170.67,0.6364,0.02384,0.007388,2.352,1.507,2.42,1.428,3.687,161.02,14.24,0.85,1.505,0.5907,2.317,420.02,1.023,50.67,0.7545,10.78,2.372e-05,0.2127,2.912,1.245,2.264,0.2009,8.66,0.4766,8.337
2022-04-09T03:07:26,42152.05,3185.42,108.58,0.2565,17.1,64.1,19.32,93.03,6.113,170.87,0.637,0.02385,0.007381,2.352,1.506,2.42,1.428,3.688,161.16,14.24,0.85,1.505,0.5907,2.319,419.96,1.024,50.7,0.7545,10.78,2.371e-05,0.2125,2.916,1.246,2.265,0.2009,8.654,0.4763,8.335
2022-04-09T03:07:56,42153.86,3184.29,108.57,0.2568,17.1,64.1,19.3,93.04,6.111,170.75,0.6371,0.02385,0.007381,2.352,1.506,2.42,1.429,3.691,161.22,14.24,0.85,1.504,0.5907,2.318,419.97,1.024,50.7,0.7548,10.8,2.372e-05,0.2126,2.914,1.245,2.264,0.2007,8.667,0.4761,8.338
2022-04-09T03:08:26,42174.07,3184.01,108.79,0.257,17.1,64.1,19.31,92.97,6.11,170.92,0.6371,0.02388,0.007381,2.352,1.506,2.42,1.43,3.696,161.43,14.24,0.85,1.507,0.5907,2.32,420.29,1.024,50.72,0.755,10.8,2.374e-05,0.2128,2.915,1.246,2.265,0.2007,8.668,0.4768,8.341
2022-04-09T03:08:56,42176.68,3184.81,108.7,0.2572,17.1,64.1,19.33,92.93,6.111,170.98,0.6365,0.02381,0.007381,2.352,1.507,2.42,1.429,3.69,161.5,14.24,0.85,1.507,0.5907,2.321,420.27,1.024,50.71,0.7551,10.8,2.374e-05,0.2129,2.92,1.247,2.267,0.2008,8.67,0.4772,8.338
2022-04-09T03:09:26,42189.19,3185.8,108.88,0.257,17.1,64,19.33,92.86,6.114,170.98,0.6365,0.02382,0.007381,2.352,1.508,2.42,1.43,3.692,161.53,14.24,0.85,1.512,0.5907,2.322,420.4,1.024,50.7,0.7553,10.8,2.374e-05,0.2129,2.92,1.248,2.268,0.2008,8.67,0.4772,8.334
2022-04-09T03:09:56,42187.18,3186.57,108.85,0.2571,17.1,64.1,19.34,92.99,6.117,171.01,0.6381,0.02383,0.007381,2.352,1.509,2.42,1.43,3.693,161.44,14.24,0.85,1.511,0.5907,2.323,420.43,1.025,50.7,0.7556,10.8,2.375e-05,0.213,2.921,1.249,2.269,0.2009,8.68,0.4773,8.335
2022-04-09T03:10:26,42191.99,3187.2,108.95,0.2572,17.1,64.1,19.35,92.84,6.116,171.1,0.6381,0.02383,0.007372,2.352,1.509,2.42,1.43,3.696,161.74,14.15,0.8507,1.507,0.5907,2.324,420.51,1.025,50.75,0.7556,10.8,2.375e-05,0.213,2.922,1.25,2.271,0.2009,8.679,0.4782,8.333
2022-04-09T03:10:56,42208.41,3190.15,108.97,0.2581,17.1,64,19.36,92.9,6.117,171.33,0.6372,0.02384,0.007379,2.352,1.508,2.42,1.432,3.697,161.76,14.15,0.8507,1.507,0.5907,2.328,420.72,1.025,50.8,0.7563,10.83,2.378e-05,0.213,2.924,1.251,2.272,0.2011,8.682,0.4782,8.333
2022-04-09T03:11:26,42243,3192.34,109,0.2584,17.1,64.1,19.38,92.99,6.131,171.63,0.6372,0.02389,0.007379,2.352,1.515,2.42,1.432,3.709,161.89,14.15,0.8515,1.513,0.5907,2.33,421.14,1.027,50.91,0.7571,10.85,2.38e-05,0.214,2.927,1.254,2.275,0.2013,8.695,0.4792,8.347
2022-04-09T03:11:56,42263.47,3194.52,109.5,0.2593,17.1,64.1,19.39,93.05,6.131,171.73,0.6372,0.0239,0.007393,2.358,1.515,2.42,1.433,3.714,161.93,14.15,0.8515,1.517,0.5907,2.336,421.52,1.028,50.95,0.7584,10.88,2.384e-05,0.2141,2.934,1.255,2.277,0.2015,8.717,0.4799,8.363
2022-04-09T03:12:26,42324.54,3199.15,109.57,0.2591,17.56,64.1,19.41,93.15,6.14,171.96,0.6372,0.02397,0.007415,2.358,1.516,2.42,1.437,3.713,162.08,14.15,0.8515,1.518,0.5907,2.336,421.76,1.029,51.02,0.7586,10.89,2.384e-05,0.2147,2.937,1.256,2.28,0.2018,8.722,0.4799,8.36
2022-04-09T03:12:56,42350.08,3201.23,109.52,0.2592,17.56,64.4,19.44,93.2,6.128,171.96,0.6372,0.02399,0.007415,2.358,1.516,2.42,1.438,3.714,162.17,14.15,0.8521,1.516,0.5907,2.337,422.16,1.028,51.01,0.7587,10.87,2.386e-05,0.2147,2.938,1.258,2.28,0.2019,8.734,0.4818,8.376
2022-04-09T03:13:26,42348.4,3201.86,109.58,0.2594,17.56,64.4,19.44,93.18,6.123,171.93,0.6379,0.02398,0.007415,2.358,1.516,2.42,1.439,3.721,162.17,14.14,0.8521,1.516,0.5907,2.337,422.21,1.029,51.02,0.7588,10.87,2.386e-05,0.2147,2.937,1.258,2.278,0.2022,8.734,0.4822,8.376
2022-04-09T03:13:56,42362.77,3203.01,109.61,0.2597,17.56,64.4,19.46,93.18,6.124,172.01,0.6383,0.02397,0.007415,2.358,1.516,2.42,1.439,3.723,162.19,14.14,0.8521,1.523,0.5907,2.34,422.05,1.029,51.04,0.7591,10.85,2.385e-05,0.2149,2.938,1.259,2.279,0.2022,8.737,0.4817,8.364
2022-04-09T03:14:26,42372.63,3206.5,109.63,0.2603,17.56,64.4,19.47,93.22,6.13,172.28,0.6382,0.02397,0.007415,2.358,1.517,2.42,1.44,3.723,162.22,14.14,0.8508,1.523,0.5907,2.34,422.33,1.03,51.04,0.7595,10.85,2.385e-05,0.215,2.939,1.259,2.281,0.2024,8.731,0.4818,8.371
2022-04-09T03:14:56,42367.23,3206.21,109.69,0.2602,17.54,64.4,19.47,93.2,6.123,172.32,0.6382,0.02398,0.007422,2.358,1.517,2.43,1.44,3.724,162.27,14.14,0.8508,1.518,0.5907,2.34,422.25,1.03,51.05,0.7592,10.85,2.385e-05,0.2149,2.939,1.26,2.28,0.2023,8.741,0.4831,8.376
2022-04-09T03:15:26,42375.33,3206.73,109.71,0.2596,17.56,64.7,19.47,93.32,6.129,172.49,0.6382,0.02398,0.007422,2.358,1.517,2.43,1.441,3.724,162.39,14.14,0.8508,1.518,0.5907,2.341,422.27,1.03,51.04,0.7593,10.85,2.385e-05,0.2152,2.94,1.26,2.283,0.2023,8.744,0.4833,8.375
2022-04-09T03:15:56,42356.24,3205.95,109.71,0.2592,17.56,64.5,19.47,93.36,6.129,172.42,0.6382,0.02397,0.007422,2.358,1.516,2.43,1.441,3.73,162.38,14.14,0.8508,1.519,0.5907,2.34,422.3,1.03,51.02,0.7591,10.85,2.385e-05,0.2156,2.938,1.259,2.283,0.2024,8.742,0.4832,8.373
2022-04-09T03:16:26,42358.45,3205.46,109.61,0.2596,17.56,64.6,19.47,93.33,6.126,172.42,0.6382,0.02394,0.007422,2.358,1.513,2.43,1.44,3.722,162.06,14.13,0.8508,1.515,0.5907,2.34,422.02,1.03,51.02,0.759,10.85,2.385e-05,0.2156,2.939,1.26,2.282,0.2023,8.731,0.4836,8.371
2022-04-09T03:16:56,42360.85,3206.2,109.66,0.2595,17.56,64.6,19.47,93.39,6.123,172.47,0.6389,0.02396,0.007422,2.358,1.512,2.43,1.441,3.723,162.09,14.13,0.8508,1.516,0.5907,2.341,422.2,1.031,51.02,0.759,10.85,2.385e-05,0.2156,2.939,1.26,2.284,0.2023,8.736,0.4839,8.376
2022-04-09T03:17:26,42338.57,3205.19,109.46,0.2595,17.56,64.6,19.47,93.39,6.123,172.52,0.6387,0.02394,0.007422,2.358,1.511,2.43,1.44,3.728,162.16,14.13,0.8508,1.516,0.5907,2.342,422.02,1.03,50.99,0.7588,10.85,2.385e-05,0.2152,2.937,1.259,2.285,0.2022,8.735,0.4845,8.375
2022-04-09T03:17:56,42320.96,3203.66,109.28,0.2595,17.56,64.7,19.45,93.37,6.111,172.5,0.6387,0.0239,0.007443,2.358,1.511,2.43,1.439,3.723,162.21,14.13,0.8508,1.516,0.5907,2.34,421.79,1.03,50.95,0.7587,10.85,2.384e-05,0.215,2.934,1.259,2.281,0.2022,8.728,0.4836,8.37
2022-04-09T03:18:26,42323.92,3202.56,109.25,0.259,17.58,64.7,19.45,93.36,6.119,172.38,0.6387,0.02392,0.00744,2.358,1.511,2.43,1.439,3.723,162.21,14.13,0.8508,1.516,0.5907,2.339,421.77,1.029,50.93,0.7587,10.81,2.384e-05,0.215,2.935,1.258,2.281,0.2022,8.722,0.4834,8.371
2022-04-09T03:18:56,42291.51,3201.65,109.06,0.2583,17.58,64.5,19.43,93.27,6.111,172.04,0.6387,0.02389,0.00744,2.358,1.51,2.43,1.438,3.716,162.06,14.13,0.85,1.513,0.5907,2.336,421.53,1.028,50.87,0.7582,10.81,2.383e-05,0.2148,2.933,1.257,2.28,0.202,8.702,0.483,8.364
2022-04-09T03:19:26,42313.35,3201.59,109.17,0.2587,17.58,64.5,19.45,93.16,6.116,172.14,0.6387,0.02391,0.00744,2.358,1.51,2.43,1.436,3.72,162.01,14.13,0.85,1.513,0.5907,2.337,421.5,1.028,50.89,0.7584,10.82,2.383e-05,0.2148,2.933,1.257,2.281,0.202,8.709,0.4832,8.365
2022-04-09T03:19:56,42342.04,3201.94,109.41,0.2587,17.58,64.5,19.45,93.16,6.11,172.28,0.6387,0.02391,0.00744,2.36,1.511,2.43,1.436,3.72,161.99,14.13,0.85,1.514,0.5907,2.338,421.56,1.029,50.93,0.7584,10.82,2.383e-05,0.215,2.934,1.257,2.282,0.2021,8.707,0.4833,8.364
2022-04-09T03:20:26,42331.86,3200.41,109.28,0.2588,17.58,64.5,19.45,93.08,6.112,172.32,0.6383,0.02391,0.00744,2.36,1.511,2.43,1.436,3.72,161.96,14.13,0.8504,1.514,0.5907,2.339,421.79,1.028,50.97,0.7584,10.82,2.384e-05,0.215,2.934,1.256,2.283,0.2021,8.711,0.4835,8.365
2022-04-09T03:20:56,42321.78,3199.83,109.28,0.2588,17.54,64.5,19.46,93.08,6.114,172.21,0.6398,0.0239,0.00744,2.36,1.511,2.43,1.435,3.721,161.96,14.13,0.8504,1.514,0.5907,2.338,421.75,1.028,50.97,0.7583,10.82,2.384e-05,0.215,2.934,1.257,2.283,0.202,8.705,0.483,8.364
2022-04-09T03:21:26,42315.43,3199.99,109.37,0.2588,17.54,64.5,19.45,93.01,6.112,172.26,0.6398,0.0239,0.00744,2.36,1.511,2.43,1.436,3.72,161.96,14.13,0.8503,1.514,0.5907,2.339,421.67,1.028,50.96,0.7583,10.82,2.383e-05,0.215,2.935,1.257,2.283,0.2019,8.703,0.4826,8.364
2022-04-09T03:21:56,42312.4,3200.8,109.27,0.2585,17.54,64.5,19.45,92.94,6.113,172.17,0.6398,0.02389,0.00745,2.36,1.511,2.43,1.436,3.722,161.92,14.13,0.85,1.514,0.5907,2.339,421.72,1.028,50.95,0.7581,10.82,2.382e-05,0.215,2.935,1.256,2.283,0.2019,8.7,0.4827,8.365
2022-04-09T03:22:26,42314.64,3200.65,109.31,0.2585,17.57,64.5,19.46,92.92,6.117,172.16,0.6398,0.0239,0.00745,2.36,1.511,2.43,1.436,3.721,161.96,14.13,0.85,1.508,0.5907,2.339,421.72,1.029,50.94,0.7581,10.82,2.382e-05,0.215,2.937,1.257,2.283,0.202,8.699,0.483,8.369
2022-04-09T03:22:56,42316.28,3199.97,109.26,0.2585,17.57,64.5,19.45,92.82,6.114,172.21,0.6398,0.02388,0.00745,2.36,1.51,2.43,1.435,3.717,161.92,14.13,0.85,1.512,0.5907,2.338,421.66,1.028,50.94,0.7581,10.83,2.383e-05,0.2149,2.935,1.256,2.283,0.202,8.694,0.483,8.369
2022-04-09T03:23:26,42316.26,3197.24,109.25,0.2582,17.57,64.4,19.45,92.74,6.115,172.14,0.6398,0.02389,0.00745,2.36,1.51,2.43,1.435,3.716,161.92,14.13,0.85,1.513,0.5907,2.338,421.5,1.028,50.92,0.758,10.83,2.383e-05,0.2149,2.935,1.255,2.283,0.2019,8.694,0.4832,8.364
2022-04-09T03:23:56,42311.75,3197.38,109.17,0.2581,17.57,64.4,19.45,92.7,6.12,172.09,0.6398,0.02389,0.00745,2.36,1.509,2.43,1.434,3.716,161.92,14.13,0.8505,1.513,0.5907,2.338,421.39,1.027,50.92,0.758,10.83,2.381e-05,0.2147,2.934,1.255,2.281,0.202,8.691,0.4829,8.363
2022-04-09T03:24:26,42305.97,3196.74,109.13,0.2582,17.57,64.4,19.45,92.68,6.121,172.05,0.6398,0.02389,0.00744,2.359,1.509,2.43,1.434,3.718,161.88,14.13,0.8505,1.513,0.5907,2.337,421.33,1.026,50.91,0.7579,10.83,2.382e-05,0.2147,2.932,1.255,2.281,0.2019,8.691,0.483,8.363
2022-04-09T03:24:56,42288.1,3194.82,109.05,0.2581,17.57,64.3,19.43,92.72,6.12,171.86,0.6398,0.02388,0.007444,2.359,1.509,2.43,1.433,3.716,161.8,14.13,0.8505,1.509,0.5907,2.335,421.05,1.026,50.87,0.7574,10.83,2.381e-05,0.2141,2.93,1.254,2.279,0.2019,8.677,0.482,8.356
2022-04-09T03:25:26,42277.24,3193.9,109.03,0.2578,17.57,64.3,19.42,92.72,6.105,171.86,0.6396,0.02389,0.007444,2.357,1.508,2.43,1.433,3.718,161.7,14.15,0.8505,1.515,0.5907,2.334,420.89,1.026,50.81,0.7571,10.79,2.378e-05,0.2141,2.928,1.252,2.278,0.2018,8.67,0.4813,8.354
2022-04-09T03:25:56,42274.61,3193.43,108.9,0.2579,17.57,64.3,19.42,92.74,6.115,171.76,0.6396,0.0239,0.007444,2.357,1.508,2.43,1.433,3.715,161.71,14.15,0.85,1.517,0.5907,2.333,420.87,1.025,50.79,0.7571,10.79,2.379e-05,0.214,2.928,1.253,2.278,0.2017,8.667,0.4813,8.343
2022-04-09T03:26:26,42255.09,3191.29,108.77,0.2577,17.57,64.3,19.41,92.65,6.117,171.62,0.6396,0.02388,0.007444,2.357,1.506,2.43,1.431,3.705,161.53,14.15,0.85,1.516,0.5907,2.329,420.69,1.024,50.74,0.7566,10.77,2.378e-05,0.214,2.922,1.249,2.276,0.2015,8.664,0.4807,8.337
2022-04-09T03:26:56,42269.23,3192.06,108.83,0.2576,17.57,64.3,19.42,92.64,6.108,171.69,0.6391,0.02388,0.007444,2.357,1.506,2.43,1.431,3.713,161.61,14.15,0.85,1.517,0.5907,2.331,420.71,1.025,50.75,0.7568,10.76,2.378e-05,0.2137,2.923,1.25,2.276,0.2014,8.664,0.481,8.334
2022-04-09T03:27:26,42260.74,3191.54,108.8,0.2574,17.54,64.2,19.41,92.41,6.102,171.56,0.6381,0.02387,0.007444,2.358,1.506,2.43,1.431,3.709,161.49,14.15,0.85,1.525,0.5907,2.329,420.45,1.024,50.72,0.7565,10.75,2.376e-05,0.214,2.923,1.25,2.275,0.2014,8.652,0.4807,8.342
2022-04-09T03:27:56,42256,3192.42,108.79,0.2573,17.54,64.2,19.4,92.44,6.101,171.5,0.6381,0.02387,0.007418,2.359,1.505,2.43,1.43,3.708,161.49,14.15,0.85,1.524,0.5907,2.328,420.32,1.024,50.68,0.7564,10.74,2.376e-05,0.214,2.921,1.249,2.274,0.2014,8.65,0.4807,8.336
2022-04-09T03:28:26,42260.58,3193.06,108.9,0.2575,17.54,64.3,19.41,92.54,6.1,171.56,0.6377,0.02384,0.007418,2.359,1.505,2.43,1.432,3.708,161.56,14.07,0.8501,1.524,0.5907,2.329,420.5,1.024,50.68,0.7565,10.75,2.375e-05,0.214,2.923,1.25,2.274,0.2013,8.651,0.4795,8.334
2022-04-09T03:28:56,42278.53,3195.07,109.1,0.2577,17.54,64.4,19.44,92.57,6.109,171.78,0.6393,0.02389,0.007418,2.359,1.506,2.43,1.433,3.721,161.72,14.07,0.8501,1.53,0.5907,2.334,420.93,1.025,50.7,0.7573,10.75,2.378e-05,0.2145,2.926,1.251,2.276,0.2016,8.664,0.4803,8.337
2022-04-09T03:29:26,42335.25,3202.65,109.21,0.2589,17.54,64.5,19.45,92.67,6.11,172.01,0.6381,0.02395,0.007418,2.359,1.507,2.43,1.435,3.721,162.08,14.07,0.8501,1.539,0.5907,2.338,421.45,1.026,50.81,0.758,10.75,2.383e-05,0.2147,2.929,1.253,2.279,0.2017,8.683,0.4813,8.357
2022-04-09T03:29:56,42344.87,3203.76,109.25,0.2591,17.54,64.5,19.47,92.78,6.11,172.1,0.6381,0.02398,0.007418,2.359,1.507,2.43,1.437,3.725,162.15,14.07,0.8501,1.54,0.5907,2.339,421.57,1.027,50.87,0.7583,10.78,2.383e-05,0.2147,2.93,1.255,2.281,0.2018,8.695,0.4829,8.361
2022-04-09T03:30:26,42332.08,3201.72,109.06,0.2587,17.54,64.5,19.44,92.65,6.111,171.75,0.6382,0.02397,0.007442,2.358,1.508,2.43,1.436,3.725,162.08,14.05,0.85,1.532,0.5907,2.337,421.66,1.027,50.83,0.7583,10.79,2.38e-05,0.2147,2.93,1.254,2.279,0.2018,8.684,0.4825,8.362
2022-04-09T03:30:56,42338.82,3202.91,109.06,0.2587,17.54,64.5,19.45,92.67,6.111,171.69,0.6382,0.02397,0.007462,2.359,1.508,2.43,1.437,3.727,162.08,14.05,0.85,1.537,0.5907,2.337,421.8,1.027,50.83,0.7583,10.79,2.381e-05,0.2147,2.931,1.254,2.279,0.2018,8.684,0.4827,8.369
2022-04-09T03:31:26,42341.39,3203.24,109.04,0.2592,17.54,64.6,19.45,92.72,6.11,171.67,0.6382,0.02397,0.007462,2.359,1.508,2.43,1.436,3.726,162.19,14.05,0.85,1.537,0.5907,2.338,422.05,1.027,50.87,0.7585,10.79,2.381e-05,0.2144,2.931,1.254,2.28,0.2018,8.688,0.4825,8.377
2022-04-09T03:31:56,42348,3203.27,109.03,0.2591,17.54,64.6,19.46,92.78,6.12,171.64,0.6382,0.02397,0.007434,2.359,1.511,2.43,1.437,3.726,162.2,14.05,0.85,1.545,0.5907,2.338,422.34,1.027,50.87,0.7586,10.79,2.38e-05,0.2144,2.931,1.255,2.279,0.2019,8.691,0.4827,8.392
2022-04-09T03:32:26,42342.49,3203.58,109,0.259,17.54,64.6,19.45,92.76,6.119,171.74,0.6383,0.02396,0.00744,2.359,1.512,2.43,1.437,3.726,162.12,14.05,0.85,1.535,0.5907,2.338,422.45,1.028,50.87,0.7586,10.79,2.378e-05,0.2145,2.931,1.255,2.278,0.2019,8.691,0.4829,8.392
2022-04-09T03:32:56,42340.74,3203.72,109,0.2589,17.54,64.5,19.45,92.79,6.121,171.72,0.6383,0.02395,0.00744,2.359,1.511,2.43,1.436,3.703,162.1,14.05,0.85,1.535,0.5907,2.338,422.43,1.028,50.88,0.7586,10.79,2.378e-05,0.2145,2.931,1.255,2.278,0.2018,8.69,0.4831,8.392
2022-04-09T03:33:26,42352.66,3204.9,108.97,0.2587,17.54,64.5,19.46,92.79,6.121,171.9,0.6383,0.02395,0.007452,2.359,1.511,2.43,1.436,3.7,162.23,14.05,0.85,1.534,0.5907,2.338,422.48,1.029,50.91,0.759,10.79,2.378e-05,0.2146,2.933,1.256,2.279,0.2019,8.698,0.4829,8.396
2022-04-09T03:33:56,42356.42,3205.99,109.06,0.2584,17.54,64.6,19.46,92.84,6.121,171.94,0.6383,0.02396,0.007437,2.358,1.511,2.43,1.437,3.706,162.25,14.05,0.85,1.534,0.5907,2.338,422.54,1.028,50.94,0.7591,10.79,2.381e-05,0.2146,2.934,1.256,2.279,0.2019,8.707,0.4835,8.395
2022-04-09T03:34:26,42362.78,3206.24,109.1,0.2582,17.59,64.6,19.47,92.74,6.123,171.89,0.6383,0.02396,0.007469,2.358,1.512,2.43,1.437,3.708,162.36,14.05,0.85,1.539,0.5907,2.339,422.68,1.028,50.96,0.7591,10.82,2.381e-05,0.2148,2.934,1.256,2.279,0.2019,8.704,0.4838,8.397
2022-04-09T03:34:56,42362.24,3206.12,109.07,0.2579,17.59,64.6,19.47,92.7,6.118,171.93,0.6383,0.02396,0.007469,2.359,1.512,2.43,1.438,3.708,162.38,14.05,0.85,1.557,0.5907,2.338,422.74,1.029,50.99,0.7591,10.82,2.381e-05,0.2148,2.934,1.256,2.278,0.2019,8.706,0.4835,8.397
2022-04-09T03:35:26,42381.63,3206.42,109.19,0.258,17.59,64.6,19.47,92.75,6.123,171.95,0.6383,0.02396,0.00746,2.359,1.512,2.43,1.438,3.709,162.47,14.05,0.85,1.555,0.5907,2.339,422.85,1.029,51.01,0.7593,10.82,2.382e-05,0.2147,2.937,1.256,2.279,0.2019,8.706,0.4834,8.397
2022-04-09T03:35:56,42395.66,3206.65,109.2,0.258,17.59,64.6,19.47,92.83,6.121,172.04,0.6383,0.02398,0.007463,2.359,1.512,2.43,1.438,3.72,162.49,14.05,0.85,1.555,0.5907,2.34,422.85,1.03,51,0.7594,10.83,2.382e-05,0.2147,2.938,1.257,2.28,0.2021,8.713,0.4839,8.397
2022-04-09T03:36:26,42394.83,3207.18,109.22,0.2586,17.59,64.6,19.48,92.86,6.123,172.48,0.6383,0.02397,0.007479,2.359,1.512,2.43,1.438,3.714,162.51,14.11,0.85,1.555,0.5907,2.341,422.77,1.03,51.02,0.7593,10.83,2.383e-05,0.2151,2.94,1.258,2.281,0.2022,8.723,0.4842,8.398
2022-04-09T03:36:56,42401.39,3207.49,109.42,0.2588,17.64,64.6,19.49,92.87,6.125,172.52,0.6383,0.02398,0.007479,2.359,1.512,2.43,1.44,3.718,162.52,14.11,0.85,1.578,0.5907,2.342,422.8,1.03,51.07,0.7594,10.83,2.383e-05,0.215,2.942,1.258,2.281,0.2022,8.727,0.4842,8.404
2022-04-09T03:37:26,42394.84,3208.71,109.39,0.2588,17.47,64.6,19.49,92.83,6.125,172.5,0.6383,0.02397,0.007464,2.359,1.512,2.43,1.44,3.718,162.52,14.11,0.85,1.561,0.5907,2.343,422.87,1.03,51.11,0.7594,10.83,2.384e-05,0.215,2.941,1.258,2.283,0.2023,8.729,0.4848,8.4
2022-04-09T03:37:56,42396.39,3209.4,109.43,0.2587,17.47,64.6,19.48,92.81,6.125,172.56,0.6383,0.02397,0.007464,2.359,1.512,2.43,1.44,3.72,162.51,14.11,0.85,1.561,0.5907,2.343,422.8,1.029,51.11,0.7593,10.83,2.383e-05,0.215,2.942,1.258,2.283,0.2023,8.732,0.485,8.399
2022-04-09T03:38:26,42391.35,3209.16,109.43,0.2586,17.48,64.6,19.48,92.78,6.123,172.55,0.637,0.02398,0.007464,2.359,1.513,2.43,1.44,3.72,162.52,14.11,0.85,1.571,0.5907,2.342,422.78,1.029,51.11,0.7593,10.83,2.383e-05,0.215,2.941,1.259,2.283,0.2024,8.722,0.485,8.407
2022-04-09T03:38:56,42381.9,3207.52,109.36,0.2583,17.27,64.6,19.48,92.79,6.123,172.41,0.6393,0.02397,0.007464,2.359,1.513,2.43,1.44,3.72,162.52,14.11,0.85,1.569,0.5907,2.342,422.66,1.03,51.07,0.7591,10.83,2.383e-05,0.215,2.939,1.258,2.283,0.2024,8.722,0.4848,8.401
2022-04-09T03:39:26,42370.68,3206.8,109.25,0.2582,17.01,64.6,19.48,92.71,6.12,172.31,0.638,0.02395,0.007464,2.357,1.513,2.43,1.439,3.72,162.57,14.1,0.85,1.563,0.5907,2.342,422.65,1.029,51.06,0.759,10.83,2.383e-05,0.2148,2.939,1.258,2.282,0.2025,8.721,0.4849,8.375
2022-04-09T03:39:56,42360.8,3206.37,109.21,0.2581,17.12,64.6,19.45,92.69,6.119,172.31,0.638,0.02391,0.007479,2.357,1.513,2.43,1.439,3.717,162.56,14.1,0.85,1.566,0.5907,2.34,422.37,1.029,50.99,0.7588,10.83,2.382e-05,0.2148,2.934,1.256,2.281,0.2024,8.713,0.4835,8.375
2022-04-09T03:40:26,42359.32,3206.17,109.24,0.2581,17.17,64.6,19.46,92.68,6.122,172.27,0.638,0.02391,0.007479,2.357,1.513,2.43,1.438,3.72,162.62,14.1,0.844,1.568,0.5907,2.34,422.22,1.029,50.98,0.7587,10.83,2.382e-05,0.2148,2.932,1.256,2.279,0.2024,8.711,0.4838,8.375
2022-04-09T03:40:56,42364.76,3205.94,109.25,0.2579,17.17,64.6,19.45,92.67,6.122,172.32,0.638,0.02392,0.007479,2.357,1.513,2.43,1.437,3.715,162.65,14.1,0.844,1.568,0.5907,2.34,422.27,1.029,50.97,0.7587,10.83,2.382e-05,0.2147,2.931,1.256,2.279,0.2024,8.706,0.484,8.374
2022-04-09T03:41:26,42363.49,3205.93,109.25,0.2579,17.17,64.6,19.45,92.65,6.124,172.33,0.638,0.02391,0.007479,2.357,1.513,2.43,1.438,3.723,162.64,14.1,0.844,1.571,0.5909,2.339,422.25,1.028,51.01,0.7587,10.83,2.382e-05,0.2149,2.931,1.256,2.279,0.2025,8.704,0.4839,8.378
2022-04-09T03:41:56,42358.73,3204.54,109.21,0.2577,17.17,64.6,19.45,92.64,6.124,172.18,0.638,0.02389,0.007479,2.357,1.513,2.43,1.438,3.718,162.59,14.1,0.8428,1.567,0.5909,2.339,422.11,1.028,50.99,0.7587,10.83,2.382e-05,0.2149,2.93,1.256,2.279,0.2025,8.702,0.4834,8.378
2022-04-09T03:42:26,42354.48,3205.44,109.34,0.2577,17.17,64.5,19.46,92.64,6.123,172.21,0.6392,0.02392,0.007479,2.357,1.513,2.43,1.436,3.721,162.7,14.1,0.8428,1.565,0.5909,2.341,422.11,1.029,51.01,0.7589,10.83,2.382e-05,0.2147,2.932,1.256,2.28,0.2024,8.706,0.4832,8.379
2022-04-09T03:42:56,42363.45,3206.85,109.44,0.2583,17,64.5,19.47,92.67,6.128,172.46,0.6378,0.02396,0.007479,2.357,1.513,2.43,1.438,3.723,162.7,14.1,0.8428,1.571,0.5909,2.341,422.36,1.029,51.01,0.7591,10.83,2.382e-05,0.2147,2.934,1.257,2.281,0.2025,8.711,0.4834,8.378
2022-04-09T03:43:26,42364.45,3206.75,109.47,0.2583,17,64.5,19.47,92.68,6.128,172.56,0.6378,0.02398,0.007479,2.357,1.514,2.43,1.438,3.723,162.7,14.1,0.8448,1.574,0.5909,2.341,422.29,1.03,51,0.7592,10.85,2.382e-05,0.2152,2.936,1.257,2.281,0.2025,8.724,0.483,8.38
2022-04-09T03:43:56,42358.35,3205.9,109.39,0.2579,17.02,64.5,19.46,92.65,6.128,172.45,0.6378,0.02396,0.007479,2.353,1.514,2.43,1.438,3.723,162.62,14.1,0.8448,1.566,0.5909,2.341,422.27,1.029,50.96,0.7592,10.84,2.382e-05,0.215,2.934,1.257,2.282,0.2024,8.719,0.4819,8.375
2022-04-09T03:44:26,42356.46,3205.11,109.29,0.2578,17.02,64.5,19.46,92.56,6.123,172.27,0.6378,0.02395,0.007479,2.353,1.514,2.43,1.437,3.725,162.54,14.11,0.8448,1.574,0.5909,2.341,422.2,1.029,50.97,0.759,10.84,2.382e-05,0.215,2.932,1.257,2.281,0.2024,8.718,0.4819,8.373
2022-04-09T03:44:56,42353.07,3204.85,109.31,0.2575,17.02,64.5,19.46,92.55,6.123,172.17,0.6378,0.02397,0.007479,2.353,1.514,2.43,1.436,3.724,162.49,14.11,0.8448,1.557,0.5909,2.341,422.09,1.029,50.94,0.7589,10.84,2.382e-05,0.215,2.932,1.256,2.28,0.2024,8.707,0.4816,8.373
2022-04-09T03:45:26,42334.34,3204.44,109.31,0.2575,17.02,64.5,19.46,92.56,6.12,172.2,0.6378,0.02396,0.007479,2.353,1.511,2.43,1.436,3.724,162.2,14.11,0.8469,1.56,0.5909,2.339,421.84,1.029,50.93,0.7589,10.83,2.38e-05,0.2148,2.931,1.256,2.28,0.2023,8.705,0.4813,8.371
2022-04-09T03:45:56,42347.38,3205.22,109.46,0.2574,17.02,64.6,19.47,92.63,6.122,172.2,0.6393,0.02395,0.007479,2.353,1.511,2.43,1.436,3.722,162.44,14.11,0.8469,1.565,0.5909,2.339,422,1.029,50.93,0.7592,10.83,2.383e-05,0.2147,2.932,1.255,2.28,0.2023,8.697,0.4817,8.373
2022-04-09T03:46:26,42385.28,3209.04,109.67,0.2575,17.02,64.7,19.49,92.71,6.129,172.33,0.6393,0.02405,0.007479,2.357,1.512,2.43,1.437,3.739,162.66,14.11,0.8459,1.565,0.5909,2.341,422.3,1.03,50.98,0.7594,10.84,2.384e-05,0.2147,2.938,1.258,2.284,0.2025,8.723,0.4829,8.382
2022-04-09T03:46:56,42384.27,3208.83,109.55,0.2583,17.08,64.7,19.49,92.73,6.129,172.43,0.6393,0.02402,0.007479,2.357,1.512,2.43,1.441,3.734,162.83,14.11,0.8459,1.565,0.5909,2.346,422.4,1.031,50.97,0.7597,10.86,2.385e-05,0.2153,2.938,1.259,2.286,0.2027,8.72,0.4833,8.382
2022-04-09T03:47:26,42398.15,3209.06,109.6,0.2581,17.08,64.7,19.5,92.74,6.127,172.48,0.6393,0.02401,0.007471,2.357,1.512,2.43,1.44,3.731,162.89,14.11,0.8459,1.565,0.5909,2.346,422.61,1.03,51.06,0.7601,10.87,2.385e-05,0.2153,2.939,1.259,2.287,0.2027,8.72,0.484,8.382
2022-04-09T03:47:56,42396.72,3209.33,109.6,0.2581,17.1,64.7,19.5,92.76,6.127,172.45,0.6393,0.02395,0.007471,2.357,1.512,2.43,1.441,3.732,162.86,14.11,0.8459,1.565,0.5909,2.346,422.59,1.03,51.05,0.7601,10.87,2.385e-05,0.2153,2.938,1.259,2.286,0.2028,8.712,0.484,8.384
2022-04-09T03:48:26,42397.53,3210.11,109.54,0.2584,17.1,64.7,19.5,92.78,6.136,172.44,0.6395,0.02395,0.007471,2.357,1.512,2.43,1.44,3.731,162.91,14.11,0.8431,1.562,0.5909,2.346,422.73,1.03,51.04,0.7601,10.87,2.385e-05,0.2156,2.939,1.26,2.288,0.2028,8.713,0.4845,8.382
2022-04-09T03:48:56,42400.31,3210.83,109.58,0.2584,17.1,64.7,19.5,92.79,6.136,172.64,0.6395,0.02394,0.007471,2.357,1.513,2.43,1.442,3.732,163.03,14.11,0.8431,1.569,0.5909,2.346,422.78,1.03,51.04,0.7604,10.87,2.386e-05,0.2157,2.94,1.261,2.288,0.2028,8.714,0.4852,8.389
2022-04-09T03:49:26,42404.38,3212.26,109.67,0.2585,17.1,64.7,19.5,92.86,6.136,172.64,0.6395,0.02395,0.007471,2.357,1.514,2.43,1.441,3.732,163.05,14.08,0.8431,1.564,0.5909,2.347,422.95,1.03,51.11,0.7607,10.87,2.387e-05,0.2158,2.941,1.261,2.289,0.2028,8.711,0.4851,8.389
2022-04-09T03:49:56,42401.77,3212.65,109.68,0.2585,17.1,64.6,19.5,92.92,6.136,172.64,0.6395,0.02393,0.00748,2.357,1.514,2.43,1.442,3.732,163.04,14.08,0.8447,1.564,0.5909,2.347,423.04,1.03,51.16,0.7608,10.87,2.387e-05,0.2158,2.941,1.261,2.289,0.2029,8.716,0.4846,8.39
2022-04-09T03:50:26,42399.47,3211.85,109.69,0.2586,17.15,64.6,19.5,92.94,6.136,172.55,0.6395,0.02394,0.00748,2.357,1.514,2.43,1.441,3.736,163.04,14.11,0.8447,1.566,0.5909,2.347,423.09,1.03,51.18,0.7607,10.88,2.387e-05,0.2156,2.94,1.261,2.29,0.2029,8.714,0.4845,8.396
2022-04-09T03:50:56,42405.88,3213.44,109.81,0.2587,17.17,64.6,19.5,93,6.136,172.61,0.6396,0.02402,0.00748,2.357,1.515,2.43,1.442,3.732,163.08,14.11,0.8447,1.573,0.5909,2.348,423.14,1.031,51.22,0.761,10.89,2.387e-05,0.2156,2.941,1.262,2.29,0.2029,8.72,0.4849,8.397
2022-04-09T03:51:26,42414.37,3213.52,109.8,0.2588,17.17,64.6,19.51,93.06,6.136,172.6,0.6396,0.02403,0.00748,2.357,1.515,2.43,1.443,3.734,163.09,14.11,0.8447,1.571,0.5909,2.348,423.33,1.031,51.22,0.761,10.88,2.387e-05,0.2156,2.942,1.262,2.291,0.2029,8.727,0.485,8.397
2022-04-09T03:51:56,42413.65,3213.41,109.78,0.2591,17.17,64.6,19.51,93.03,6.137,172.69,0.6396,0.02395,0.00748,2.357,1.514,2.43,1.443,3.735,163.04,14.11,0.8454,1.582,0.5909,2.349,423.25,1.031,51.21,0.7611,10.88,2.387e-05,0.2159,2.941,1.262,2.291,0.2029,8.727,0.4842,8.393
2022-04-09T03:52:26,42418.45,3214.21,109.88,0.2591,17.18,64.7,19.51,93.15,6.137,172.68,0.6396,0.02394,0.00748,2.357,1.514,2.43,1.443,3.733,163.12,14.11,0.8454,1.584,0.5909,2.349,423.4,1.031,51.22,0.7614,10.88,2.386e-05,0.2159,2.942,1.262,2.291,0.203,8.739,0.4844,8.398
2022-04-09T03:52:56,42436.93,3215.1,109.9,0.2588,17.18,64.7,19.51,93.16,6.15,172.68,0.6396,0.02396,0.00748,2.357,1.515,2.43,1.443,3.739,163.17,14.11,0.8453,1.583,0.5909,2.349,423.41,1.031,51.23,0.7616,10.88,2.387e-05,0.2159,2.942,1.263,2.291,0.203,8.741,0.4844,8.399
2022-04-09T03:53:26,42424.6,3214.69,109.81,0.2587,17.18,64.7,19.51,93.18,6.149,172.71,0.6396,0.02393,0.00748,2.354,1.515,2.43,1.443,3.739,163.18,14.11,0.8453,1.583,0.5909,2.349,423.36,1.031,51.2,0.7617,10.88,2.387e-05,0.2159,2.943,1.263,2.291,0.2031,8.739,0.4844,8.399
2022-04-09T03:53:56,42423.08,3214.83,109.78,0.2587,17.18,64.7,19.51,93.25,6.149,172.68,0.6405,0.02394,0.00748,2.354,1.515,2.43,1.443,3.737,163.19,14.11,0.8453,1.583,0.5909,2.35,423.37,1.031,51.21,0.7617,10.88,2.387e-05,0.2159,2.943,1.262,2.291,0.2031,8.737,0.4844,8.395
2022-04-09T03:54:26,42419.83,3215.7,109.79,0.2584,17.18,64.7,19.51,93.23,6.152,172.7,0.6405,0.02394,0.00748,2.354,1.515,2.43,1.443,3.74,163.14,14.18,0.8453,1.583,0.5909,2.35,423.32,1.031,51.18,0.7618,10.88,2.387e-05,0.2159,2.944,1.262,2.291,0.203,8.737,0.4844,8.393
2022-04-09T03:54:56,42428.55,3216.54,109.8,0.259,17.18,64.7,19.51,93.25,6.154,172.72,0.6398,0.02395,0.00748,2.354,1.515,2.43,1.445,3.744,163.16,14.18,0.8453,1.583,0.5909,2.351,423.57,1.031,51.2,0.7621,10.88,2.386e-05,0.2159,2.945,1.263,2.292,0.203,8.741,0.4851,8.398
2022-04-09T03:55:26,42390.35,3214.88,109.78,0.2589,17.18,64.8,19.51,93.25,6.154,172.66,0.6398,0.02392,0.00748,2.354,1.515,2.43,1.444,3.737,163.05,14.18,0.8453,1.576,0.5909,2.348,423.45,1.031,51.18,0.7622,10.88,2.385e-05,0.2159,2.943,1.261,2.291,0.203,8.735,0.4852,8.393
2022-04-09T03:55:56,42384.53,3214.43,109.59,0.2588,17.18,64.8,19.51,93.12,6.132,172.39,0.6398,0.02386,0.00748,2.354,1.515,2.43,1.443,3.739,162.91,14.18,0.8424,1.572,0.5909,2.347,423.17,1.029,51.14,0.7621,10.88,2.384e-05,0.2157,2.938,1.26,2.288,0.2029,8.722,0.4851,8.391
2022-04-09T03:56:26,42403.66,3214.19,109.78,0.2587,17.18,64.8,19.51,93.13,6.148,172.5,0.6398,0.02387,0.00748,2.354,1.515,2.43,1.442,3.743,163.03,14.18,0.8424,1.575,0.5909,2.348,423.19,1.03,51.14,0.7617,10.88,2.386e-05,0.2153,2.941,1.26,2.288,0.2028,8.732,0.4849,8.39
2022-04-09T03:56:56,42408.96,3214.02,109.7,0.2587,17.18,64.8,19.51,93.15,6.144,172.42,0.6398,0.02391,0.00748,2.354,1.515,2.43,1.442,3.743,163.06,14.18,0.8424,1.575,0.5909,2.347,423.1,1.03,51.13,0.7617,10.9,2.386e-05,0.2157,2.94,1.26,2.287,0.2029,8.725,0.4846,8.391
2022-04-09T03:57:26,42402.38,3214.01,109.68,0.2585,17.18,64.8,19.51,93.18,6.142,172.41,0.6398,0.02389,0.00748,2.354,1.515,2.43,1.443,3.744,163.1,14.18,0.8424,1.567,0.5909,2.348,423.15,1.03,51.11,0.7617,10.9,2.385e-05,0.2156,2.94,1.261,2.287,0.2028,8.725,0.485,8.395
2022-04-09T03:57:56,42384.57,3213.12,109.67,0.2581,17.15,64.8,19.51,93.09,6.138,172.32,0.6404,0.02383,0.00748,2.354,1.516,2.43,1.442,3.741,163.01,14.18,0.8421,1.567,0.5909,2.346,422.94,1.03,51.1,0.7615,10.9,2.384e-05,0.2155,2.938,1.26,2.286,0.2028,8.724,0.4849,8.397
2022-04-09T03:58:26,42389.63,3212.29,109.59,0.2579,17.15,64.8,19.5,93.08,6.138,172.4,0.6395,0.02386,0.007463,2.354,1.516,2.43,1.441,3.741,163.08,14.18,0.8421,1.571,0.5909,2.346,422.99,1.03,51.09,0.7615,10.9,2.384e-05,0.2155,2.938,1.26,2.286,0.2027,8.714,0.4842,8.397
2022-04-09T03:58:56,42399.77,3212.88,109.63,0.2583,17.15,64.9,19.52,93.1,6.142,172.4,0.6395,0.02387,0.007463,2.354,1.517,2.43,1.442,3.741,163.16,14.18,0.8421,1.573,0.5909,2.347,422.98,1.03,51.1,0.7619,10.91,2.385e-05,0.2155,2.939,1.26,2.286,0.2028,8.715,0.4842,8.397
2022-04-09T03:59:26,42386.54,3210.53,109.6,0.2581,17.15,64.9,19.52,93,6.143,172.37,0.6395,0.02384,0.0075,2.354,1.517,2.43,1.441,3.753,163.04,14.18,0.8421,1.57,0.5909,2.345,422.86,1.03,51.09,0.7618,10.91,2.384e-05,0.2153,2.938,1.26,2.286,0.2028,8.714,0.4845,8.393
2022-04-09T03:59:56,42386.6,3210.6,109.4,0.2581,17.15,64.9,19.54,92.98,6.139,172.35,0.6395,0.02384,0.0075,2.354,1.517,2.43,1.441,3.753,163.05,14.18,0.8401,1.57,0.5909,2.345,422.94,1.03,51.07,0.7618,10.89,2.384e-05,0.2153,2.938,1.259,2.285,0.2028,8.716,0.4843,8.393
2022-04-09T04:00:26,42393.38,3211.54,109.65,0.2582,17.17,64.9,19.55,93.06,6.138,172.41,0.6395,0.02385,0.0075,2.354,1.517,2.43,1.441,3.751,163.1,14.18,0.8401,1.57,0.5909,2.346,423.02,1.03,51.1,0.7617,10.89,2.385e-05,0.2153,2.941,1.26,2.288,0.2028,8.717,0.4846,8.394
2022-04-09T04:00:56,42403.62,3213.46,109.62,0.2583,17.17,64.9,19.57,93.13,6.137,172.48,0.6395,0.02387,0.0075,2.354,1.517,2.43,1.442,3.755,163.17,14.18,0.8401,1.575,0.5909,2.346,423.04,1.03,51.13,0.7619,10.89,2.385e-05,0.2157,2.944,1.261,2.289,0.2029,8.726,0.4851,8.398
2022-04-09T04:01:26,42410.4,3212.7,109.63,0.2586,17.17,64.9,19.56,93.16,6.14,172.81,0.6395,0.02392,0.0075,2.354,1.517,2.43,1.443,3.757,163.23,14.18,0.8401,1.574,0.5909,2.347,423.2,1.031,51.14,0.7621,10.89,2.386e-05,0.2158,2.944,1.262,2.29,0.2029,8.723,0.4854,8.4
2022-04-09T04:01:56,42402.01,3211.26,109.53,0.2589,17.17,64.9,19.58,93.12,6.149,172.77,0.6391,0.02388,0.0075,2.354,1.517,2.43,1.442,3.751,163.03,14.18,0.8401,1.569,0.5909,2.346,423.29,1.03,51.11,0.762,10.89,2.386e-05,0.2156,2.943,1.262,2.29,0.203,8.725,0.4857,8.399
2022-04-09T04:02:26,42379,3210.62,109.52,0.2583,17.17,64.9,19.57,93.07,6.136,172.78,0.6391,0.02386,0.0075,2.351,1.517,2.43,1.441,3.751,162.95,14.18,0.8398,1.569,0.5909,2.345,423.23,1.03,51.09,0.7617,10.89,2.384e-05,0.2156,2.94,1.261,2.289,0.2028,8.72,0.4858,8.395
2022-04-09T04:02:56,42370.06,3210.15,109.41,0.2584,17.19,64.9,19.56,93,6.128,172.71,0.6391,0.02382,0.007486,2.351,1.517,2.43,1.441,3.753,162.72,14.18,0.8398,1.569,0.5909,2.344,422.86,1.03,51.07,0.7612,10.89,2.381e-05,0.2153,2.938,1.26,2.288,0.2027,8.721,0.4858,8.391
2022-04-09T04:03:26,42366.49,3208.4,109.24,0.2583,17.19,64.9,19.56,92.97,6.132,172.56,0.6391,0.02382,0.007486,2.351,1.517,2.43,1.439,3.749,162.65,14.18,0.8401,1.569,0.5909,2.342,422.67,1.03,51.01,0.7609,10.86,2.38e-05,0.2153,2.939,1.259,2.287,0.2026,8.721,0.4846,8.391
2022-04-09T04:03:56,42362.49,3206.92,109.13,0.2584,17.18,64.8,19.54,92.92,6.14,172.51,0.6391,0.02381,0.007486,2.351,1.517,2.43,1.439,3.757,162.66,14.18,0.8386,1.56,0.5909,2.342,422.43,1.029,51.01,0.7611,10.84,2.379e-05,0.2153,2.938,1.258,2.286,0.2026,8.727,0.4846,8.386
2022-04-09T04:04:26,42365.45,3207.89,109.18,0.2584,17.19,64.8,19.54,92.92,6.14,172.57,0.6391,0.02383,0.007486,2.351,1.517,2.43,1.439,3.752,162.73,14.17,0.8386,1.562,0.5909,2.342,422.33,1.029,51.02,0.7611,10.84,2.379e-05,0.2152,2.937,1.258,2.285,0.2025,8.728,0.4837,8.371
2022-04-09T04:04:56,42383.1,3209.2,109.22,0.2589,17.19,64.8,19.55,92.95,6.144,172.57,0.6391,0.02383,0.007486,2.351,1.516,2.43,1.441,3.752,162.84,14.17,0.8386,1.562,0.5909,2.344,422.42,1.029,51.08,0.7615,10.84,2.381e-05,0.2155,2.941,1.26,2.289,0.2026,8.73,0.484,8.372
2022-04-09T04:05:26,42374.79,3207.01,109.32,0.2588,17.19,64.8,19.56,92.95,6.136,172.67,0.6391,0.02383,0.007474,2.351,1.516,2.43,1.441,3.75,162.79,14.17,0.8386,1.562,0.5909,2.344,422.3,1.029,51.05,0.7616,10.84,2.382e-05,0.2152,2.941,1.26,2.289,0.2027,8.73,0.4843,8.373
2022-04-09T04:05:56,42363.4,3205.96,109.31,0.2587,17.19,64.9,19.55,92.92,6.129,172.55,0.6391,0.02379,0.007474,2.351,1.516,2.43,1.44,3.75,162.76,14.17,0.8386,1.565,0.5909,2.344,422.17,1.029,51.07,0.7615,10.84,2.38e-05,0.2152,2.94,1.26,2.287,0.2027,8.727,0.4844,8.369
2022-04-09T04:06:26,42364.88,3205.24,109.3,0.2587,17.19,64.9,19.55,92.9,6.134,172.5,0.6396,0.0238,0.007474,2.351,1.517,2.43,1.439,3.75,162.8,14.17,0.8386,1.565,0.5909,2.343,422.11,1.028,51.07,0.7612,10.84,2.38e-05,0.2151,2.941,1.26,2.287,0.2026,8.726,0.4844,8.367
2022-04-09T04:06:56,42370.3,3205.25,109.2,0.2585,17.19,64.9,19.55,92.86,6.13,172.43,0.6396,0.02381,0.007474,2.35,1.517,2.43,1.438,3.754,162.79,14.17,0.8386,1.563,0.5909,2.343,422,1.028,51.03,0.7612,10.84,2.38e-05,0.2151,2.941,1.259,2.286,0.2026,8.721,0.4846,8.355
2022-04-09T04:07:26,42373.85,3205.25,109.19,0.2584,17.16,64.9,19.55,92.87,6.134,172.4,0.6396,0.02383,0.007474,2.35,1.517,2.43,1.439,3.754,162.86,14.18,0.8386,1.563,0.5909,2.343,421.93,1.028,51.05,0.7612,10.84,2.38e-05,0.2151,2.941,1.259,2.285,0.2025,8.715,0.4843,8.341
2022-04-09T04:07:56,42375.1,3205.29,109.21,0.2585,17.16,64.7,19.55,92.94,6.134,172.44,0.6396,0.02382,0.007478,2.349,1.517,2.43,1.439,3.754,162.91,14.18,0.8386,1.563,0.5907,2.344,421.92,1.028,51.06,0.7611,10.83,2.38e-05,0.2151,2.942,1.259,2.287,0.2026,8.715,0.4835,8.347
2022-04-09T04:08:26,42368.51,3205.86,109.3,0.2597,17.16,64.7,19.56,92.94,6.132,172.54,0.6396,0.02381,0.007478,2.349,1.517,2.43,1.44,3.754,162.87,14.18,0.8386,1.563,0.5907,2.347,422.13,1.029,51.06,0.7611,10.85,2.38e-05,0.2151,2.942,1.26,2.285,0.2026,8.709,0.4835,8.349
2022-04-09T04:08:56,42369.69,3206.21,109.31,0.26,17.16,64.8,19.56,93.04,6.133,172.65,0.6396,0.02384,0.007487,2.349,1.517,2.43,1.441,3.757,162.94,14.18,0.8386,1.56,0.5909,2.346,422.32,1.03,51.07,0.7614,10.85,2.38e-05,0.2154,2.943,1.26,2.289,0.2027,8.71,0.4835,8.355
2022-04-09T04:09:26,42360.58,3205.84,109.16,0.2599,17.16,64.8,19.55,92.91,6.123,172.57,0.6396,0.02383,0.007474,2.349,1.516,2.43,1.44,3.754,162.84,14.18,0.8386,1.559,0.5909,2.345,422.15,1.029,51.08,0.7612,10.85,2.379e-05,0.2154,2.942,1.26,2.288,0.2027,8.698,0.4841,8.356
2022-04-09T04:09:56,42358.5,3206.35,109.13,0.259,17.15,64.8,19.54,92.85,6.128,172.47,0.6397,0.02383,0.007474,2.349,1.516,2.43,1.439,3.756,162.89,14.18,0.8386,1.562,0.5909,2.345,422.15,1.029,51.08,0.7611,10.85,2.379e-05,0.2154,2.942,1.26,2.288,0.2027,8.681,0.4844,8.357
2022-04-09T04:10:26,42360.58,3206.69,109.14,0.2591,17.16,64.8,19.55,92.85,6.126,172.5,0.6398,0.02383,0.007474,2.349,1.517,2.43,1.439,3.747,162.89,14.18,0.8386,1.562,0.5909,2.345,422.1,1.028,51.08,0.761,10.85,2.378e-05,0.2154,2.941,1.26,2.288,0.2026,8.684,0.4841,8.359
2022-04-09T04:10:56,42358.52,3206.54,109.13,0.2587,17.16,64.8,19.55,92.84,6.124,172.43,0.6435,0.02383,0.007474,2.349,1.517,2.43,1.439,3.747,162.89,14.18,0.8386,1.562,0.5909,2.344,422.14,1.028,51.08,0.761,10.85,2.377e-05,0.2154,2.94,1.259,2.288,0.2026,8.681,0.4845,8.358
2022-04-09T04:11:26,42343,3205.38,109.03,0.2585,17.18,64.7,19.54,92.88,6.117,172.4,0.6434,0.02382,0.007474,2.349,1.515,2.43,1.439,3.749,162.69,14.18,0.8397,1.562,0.5909,2.344,421.98,1.028,51.08,0.761,10.85,2.377e-05,0.2154,2.94,1.259,2.286,0.2026,8.674,0.4839,8.356
2022-04-09T04:11:56,42343.96,3205.14,109.02,0.2587,17.18,64.7,19.53,92.89,6.131,172.37,0.6416,0.02378,0.007487,2.349,1.515,2.43,1.438,3.747,162.58,14.18,0.8397,1.562,0.5909,2.344,421.93,1.027,51.05,0.7609,10.85,2.375e-05,0.2154,2.939,1.259,2.286,0.2026,8.668,0.4834,8.352
2022-04-09T04:12:26,42341.62,3205.41,109.03,0.2586,17.18,64.7,19.52,92.91,6.129,172.35,0.6414,0.02382,0.007487,2.349,1.515,2.43,1.438,3.747,162.49,14.18,0.8397,1.562,0.5909,2.344,421.63,1.027,51.09,0.761,10.84,2.375e-05,0.2154,2.939,1.257,2.285,0.2025,8.668,0.483,8.355
2022-04-09T04:12:56,42360.53,3207.26,109.23,0.259,17.18,64.7,19.53,92.96,6.136,172.38,0.6414,0.0238,0.007487,2.349,1.515,2.43,1.439,3.753,162.55,14.18,0.8397,1.559,0.5909,2.345,422.09,1.029,51.1,0.7612,10.84,2.376e-05,0.2154,2.94,1.259,2.286,0.2026,8.667,0.4834,8.354
2022-04-09T04:13:26,42374.31,3207.71,109.25,0.2591,17.18,64.7,19.53,93.03,6.138,172.49,0.6414,0.02381,0.007487,2.349,1.515,2.43,1.44,3.753,162.61,14.18,0.8397,1.559,0.5909,2.346,422.21,1.029,51.18,0.7613,10.84,2.377e-05,0.2154,2.941,1.26,2.287,0.2026,8.667,0.4834,8.363
2022-04-09T04:13:56,42390.25,3210.26,109.28,0.2597,17.18,64.7,19.55,93.14,6.137,172.71,0.6414,0.02388,0.007487,2.349,1.516,2.43,1.442,3.753,162.86,14.18,0.8397,1.559,0.5909,2.347,422.45,1.03,51.23,0.7617,10.9,2.38e-05,0.2154,2.944,1.26,2.288,0.2027,8.687,0.4843,8.364
2022-04-09T04:14:26,42381.33,3209.82,109.43,0.2595,17.18,64.7,19.55,93.14,6.137,172.63,0.6415,0.02389,0.007487,2.349,1.516,2.43,1.441,3.753,162.76,14.18,0.8397,1.559,0.5908,2.349,422.57,1.029,51.26,0.7616,10.9,2.38e-05,0.2156,2.944,1.26,2.288,0.2028,8.694,0.4856,8.367
2022-04-09T04:14:56,42393.74,3209.91,109.45,0.2595,17.18,64.7,19.56,93.19,6.135,172.69,0.6417,0.0239,0.007482,2.349,1.517,2.43,1.442,3.752,162.75,14.18,0.8397,1.568,0.5908,2.349,422.7,1.03,51.26,0.7616,10.9,2.38e-05,0.2157,2.944,1.262,2.289,0.2027,8.696,0.4858,8.361
2022-04-09T04:15:26,42398.45,3210.64,109.47,0.2601,17.18,64.7,19.56,93.23,6.138,172.75,0.6417,0.0239,0.007482,2.352,1.517,2.43,1.442,3.753,162.87,14.18,0.8397,1.566,0.5908,2.35,422.62,1.03,51.33,0.7616,10.91,2.38e-05,0.2157,2.945,1.262,2.29,0.2027,8.695,0.4855,8.362
2022-04-09T04:15:56,42398.34,3210.61,109.55,0.2601,17.16,64.7,19.56,93.22,6.138,172.69,0.6396,0.02393,0.007482,2.352,1.517,2.43,1.443,3.755,162.93,14.18,0.8397,1.566,0.5908,2.351,422.73,1.03,51.36,0.7617,10.91,2.38e-05,0.216,2.946,1.263,2.291,0.2028,8.701,0.4854,8.374
2022-04-09T04:16:26,42413.78,3211.96,109.71,0.26,17.16,64.8,19.58,93.68,6.145,173,0.6402,0.02392,0.007482,2.352,1.517,2.43,1.445,3.757,163.14,14.18,0.842,1.565,0.5908,2.355,422.86,1.031,51.41,0.7623,10.91,2.384e-05,0.2162,2.952,1.264,2.295,0.2029,8.717,0.4863,8.372
2022-04-09T04:16:56,42422.04,3212.06,109.77,0.2609,17.16,64.8,19.6,94.03,6.15,173.09,0.6389,0.02395,0.007482,2.352,1.517,2.43,1.446,3.76,163.15,14.18,0.842,1.566,0.5908,2.356,423.35,1.031,51.42,0.7625,10.91,2.387e-05,0.2166,2.955,1.264,2.298,0.2029,8.724,0.4863,8.372
2022-04-09T04:17:26,42437.31,3216.02,109.98,0.2612,17.16,64.8,19.62,94.04,6.141,173.57,0.6389,0.02395,0.007482,2.352,1.52,2.43,1.446,3.762,163.22,14.18,0.842,1.574,0.5908,2.36,423.47,1.031,51.46,0.763,10.93,2.388e-05,0.2168,2.959,1.265,2.3,0.2032,8.735,0.4871,8.379
2022-04-09T04:17:56,42423.83,3215.42,109.96,0.2612,17.16,64.9,19.63,93.99,6.145,173.55,0.6388,0.02396,0.007482,2.352,1.52,2.43,1.447,3.762,163.28,14.18,0.8418,1.571,0.5908,2.361,423.49,1.032,51.53,0.7628,10.94,2.387e-05,0.2166,2.958,1.264,2.299,0.2032,8.732,0.4875,8.384
2022-04-09T04:18:26,42424.19,3215.54,109.81,0.2616,17.21,65,19.63,93.93,6.157,173.06,0.6369,0.02397,0.007482,2.352,1.52,2.43,1.446,3.76,163.26,14.18,0.8418,1.569,0.5908,2.36,423.8,1.032,51.53,0.7628,10.94,2.387e-05,0.2168,2.957,1.264,2.298,0.2031,8.725,0.4878,8.382
2022-04-09T04:18:56,42442.31,3216.75,110.02,0.2618,17.21,65,19.65,94.03,6.156,173.13,0.6369,0.02397,0.007482,2.356,1.52,2.43,1.448,3.758,163.37,14.18,0.8418,1.571,0.5908,2.362,423.99,1.032,51.56,0.7632,10.94,2.389e-05,0.2168,2.962,1.265,2.301,0.2032,8.734,0.4882,8.386
2022-04-09T04:19:26,42448.15,3217.05,110.02,0.2612,17.21,65,19.65,94.07,6.16,173.18,0.6369,0.02398,0.007482,2.356,1.52,2.43,1.449,3.759,163.38,14.19,0.8418,1.571,0.5908,2.362,424.01,1.033,51.54,0.7633,10.94,2.39e-05,0.2171,2.961,1.265,2.3,0.2033,8.736,0.489,8.394
2022-04-09T04:19:56,42458.37,3217.39,110.03,0.2609,17.21,65,19.65,94.1,6.159,173.27,0.636,0.02398,0.007482,2.356,1.52,2.45,1.449,3.76,163.39,14.19,0.8418,1.57,0.5908,2.362,424.13,1.033,51.54,0.7634,10.94,2.391e-05,0.2171,2.963,1.267,2.3,0.2034,8.736,0.4883,8.392
2022-04-09T04:20:26,42455.47,3217.52,109.87,0.2605,17.21,65,19.65,94.13,6.164,173.27,0.6356,0.02396,0.007489,2.356,1.52,2.45,1.447,3.758,163.34,14.19,0.8418,1.57,0.5908,2.362,424.07,1.033,51.53,0.7632,10.91,2.39e-05,0.2171,2.963,1.266,2.3,0.2033,8.739,0.4885,8.397
2022-04-09T04:20:56,42452.85,3217.54,109.89,0.2606,17.21,65,19.67,94.1,6.162,173.18,0.6356,0.02397,0.007489,2.356,1.521,2.45,1.447,3.757,163.41,14.19,0.8418,1.57,0.5908,2.362,424.12,1.033,51.55,0.7632,10.91,2.39e-05,0.2168,2.962,1.266,2.3,0.2032,8.744,0.488,8.396
2022-04-09T04:21:26,42463.2,3219.12,109.89,0.2611,17.2,65,19.67,94.16,6.165,173.18,0.6356,0.02397,0.007489,2.356,1.52,2.45,1.448,3.758,163.42,14.19,0.8419,1.567,0.5908,2.362,424.17,1.033,51.56,0.7634,10.91,2.39e-05,0.2168,2.963,1.266,2.302,0.2033,8.742,0.4882,8.394
2022-04-09T04:21:56,42458.67,3217.68,109.89,0.2607,17.22,65,19.67,94.07,6.163,173.19,0.6356,0.02399,0.007489,2.356,1.52,2.45,1.447,3.755,163.42,14.19,0.8444,1.567,0.5908,2.362,424.14,1.033,51.56,0.7633,10.91,2.39e-05,0.217,2.962,1.266,2.302,0.2032,8.73,0.4881,8.397
2022-04-09T04:22:26,42442.49,3216.86,109.87,0.2601,17.21,65,19.66,94.03,6.156,173.22,0.6357,0.02395,0.007489,2.356,1.523,2.45,1.447,3.755,163.29,14.19,0.8444,1.568,0.5908,2.359,423.93,1.033,51.51,0.7631,10.91,2.387e-05,0.217,2.957,1.265,2.301,0.2031,8.727,0.4877,8.396
2022-04-09T04:22:56,42444.29,3216.43,109.89,0.2605,17.21,65.2,19.67,94.01,6.156,173.28,0.6357,0.0239,0.007489,2.356,1.54,2.45,1.446,3.757,163.39,14.19,0.8444,1.557,0.5908,2.359,423.86,1.032,51.5,0.7626,10.91,2.388e-05,0.217,2.958,1.265,2.301,0.2032,8.728,0.4878,8.397
2022-04-09T04:23:26,42445.52,3215.95,109.84,0.2606,17.21,65.2,19.66,93.97,6.163,173.31,0.6357,0.02392,0.007514,2.356,1.535,2.45,1.447,3.757,163.41,14.19,0.8444,1.557,0.5908,2.36,423.81,1.032,51.52,0.7632,10.91,2.389e-05,0.2169,2.958,1.264,2.301,0.2033,8.731,0.4875,8.395
2022-04-09T04:23:56,42441.18,3217.46,109.95,0.2608,17.21,65.2,19.67,94,6.167,173.44,0.6355,0.02394,0.007507,2.356,1.536,2.45,1.447,3.757,163.47,14.19,0.8444,1.561,0.5908,2.36,423.85,1.033,51.53,0.7633,10.91,2.389e-05,0.2169,2.96,1.264,2.301,0.2032,8.73,0.4875,8.394
2022-04-09T04:24:26,42461.9,3218.46,109.97,0.2607,17.21,65.1,19.68,94.07,6.172,173.66,0.6347,0.02399,0.007507,2.356,1.535,2.45,1.448,3.756,163.56,14.19,0.8414,1.558,0.5908,2.361,424.06,1.033,51.59,0.7636,10.91,2.391e-05,0.2169,2.963,1.265,2.303,0.2034,8.743,0.4887,8.392
2022-04-09T04:24:56,42479.47,3217.64,109.96,0.2607,17.21,65.1,19.68,94.09,6.17,173.81,0.6347,0.02399,0.007507,2.356,1.535,2.45,1.448,3.756,163.56,14.19,0.8414,1.558,0.5908,2.362,424.22,1.033,51.66,0.7635,10.91,2.391e-05,0.2173,2.964,1.265,2.304,0.2034,8.748,0.4891,8.396
2022-04-09T04:25:26,42485.2,3217.41,109.99,0.2607,17.21,65.1,19.67,94.19,6.177,173.91,0.6352,0.02399,0.007507,2.356,1.535,2.45,1.448,3.757,163.52,14.19,0.8414,1.558,0.5908,2.362,424.22,1.033,51.71,0.7634,10.91,2.391e-05,0.2173,2.965,1.266,2.304,0.2034,8.752,0.4891,8.411
2022-04-09T04:25:56,42486.89,3217.47,110.01,0.2611,17.21,65,19.67,94.2,6.174,173.9,0.6355,0.024,0.007507,2.356,1.535,2.45,1.449,3.76,163.61,14.19,0.8413,1.559,0.5908,2.362,424.26,1.034,51.7,0.7633,10.91,2.391e-05,0.2173,2.964,1.266,2.304,0.2035,8.754,0.4891,8.414
2022-04-09T04:26:26,42483.46,3217.18,110.01,0.2611,17.21,65,19.68,94.11,6.174,173.89,0.6357,0.02396,0.007507,2.356,1.535,2.45,1.449,3.757,163.6,14.19,0.8413,1.556,0.5908,2.361,424.13,1.033,51.67,0.7633,10.91,2.391e-05,0.2173,2.961,1.265,2.303,0.2035,8.755,0.489,8.41
2022-04-09T04:26:56,42458.26,3215.89,109.98,0.261,17.21,65,19.66,94.06,6.162,173.53,0.6357,0.02392,0.007502,2.356,1.535,2.45,1.447,3.753,163.53,14.19,0.8413,1.555,0.5908,2.36,423.94,1.033,51.58,0.7631,10.91,2.39e-05,0.2173,2.959,1.265,2.301,0.2035,8.753,0.4882,8.408
2022-04-09T04:27:26,42460.6,3215.51,109.99,0.2609,16.83,65,19.66,94.15,6.163,173.58,0.6379,0.02393,0.007502,2.356,1.535,2.45,1.447,3.753,163.59,14.19,0.8413,1.555,0.5908,2.361,423.91,1.032,51.57,0.7629,10.91,2.39e-05,0.2173,2.96,1.265,2.302,0.2035,8.752,0.4888,8.404
2022-04-09T04:27:56,42452.35,3214.42,109.92,0.2606,16.6,65,19.66,94.18,6.161,173.48,0.6378,0.02391,0.007502,2.356,1.535,2.45,1.445,3.755,163.56,14.19,0.8413,1.555,0.5908,2.36,423.73,1.032,51.54,0.7628,10.91,2.389e-05,0.2173,2.958,1.264,2.302,0.2033,8.742,0.4882,8.408
2022-04-09T04:28:26,42451.66,3214.26,109.96,0.2605,16.65,65,19.66,94.23,6.158,173.4,0.6393,0.0239,0.007502,2.356,1.535,2.45,1.445,3.753,163.58,14.19,0.8413,1.555,0.5908,2.359,423.65,1.032,51.55,0.7625,10.91,2.389e-05,0.2173,2.959,1.264,2.301,0.2034,8.746,0.4888,8.407
2022-04-09T04:28:56,42450.05,3213.79,109.95,0.2606,16.65,65.1,19.66,94.24,6.154,173.38,0.6393,0.02392,0.007502,2.356,1.535,2.45,1.446,3.753,163.58,14.19,0.844,1.551,0.5908,2.358,423.62,1.032,51.54,0.7623,10.91,2.389e-05,0.2173,2.958,1.264,2.301,0.2034,8.742,0.489,8.415
2022-04-09T04:29:26,42449.8,3213.78,109.94,0.2608,16.67,65.1,19.66,94.19,6.152,173.42,0.6397,0.02394,0.007502,2.356,1.535,2.45,1.446,3.756,163.6,14.19,0.8341,1.551,0.5908,2.359,423.54,1.032,51.54,0.7622,10.91,2.39e-05,0.2173,2.958,1.264,2.301,0.2033,8.743,0.4891,8.41
2022-04-09T04:29:56,42452.93,3214.76,109.97,0.2609,16.68,64.8,19.66,94.18,6.148,173.52,0.6395,0.02392,0.007502,2.356,1.536,2.45,1.447,3.756,163.64,14.19,0.8341,1.551,0.5908,2.359,423.62,1.032,51.56,0.7624,10.93,2.391e-05,0.2173,2.959,1.264,2.302,0.2033,8.742,0.489,8.405
2022-04-09T04:30:26,42458.27,3215.62,110.05,0.2612,16.69,64.9,19.67,94.21,6.147,173.65,0.6379,0.02395,0.007502,2.356,1.535,2.45,1.447,3.756,163.66,14.2,0.8341,1.552,0.5908,2.359,423.95,1.033,51.6,0.7626,10.93,2.391e-05,0.2173,2.961,1.265,2.303,0.2034,8.745,0.4889,8.406
2022-04-09T04:30:56,42459.04,3215.56,110.02,0.2611,16.69,64.9,19.67,94.23,6.162,173.67,0.6379,0.02396,0.007502,2.356,1.536,2.45,1.447,3.761,163.68,14.2,0.8341,1.552,0.5908,2.359,424.04,1.033,51.65,0.7626,10.93,2.392e-05,0.2168,2.961,1.265,2.303,0.2035,8.745,0.4887,8.413
2022-04-09T04:31:26,42462.98,3215.64,110.05,0.2611,16.67,64.9,19.67,94.28,6.169,173.72,0.6397,0.02395,0.007502,2.356,1.536,2.45,1.447,3.761,163.72,14.2,0.8341,1.552,0.5908,2.36,423.96,1.032,51.65,0.7626,10.93,2.391e-05,0.2168,2.962,1.265,2.303,0.2035,8.745,0.4887,8.412
2022-04-09T04:31:56,42465.14,3215.72,109.94,0.2611,16.66,64.9,19.66,94.3,6.17,173.69,0.6397,0.02396,0.007502,2.356,1.536,2.45,1.447,3.755,163.74,14.2,0.8354,1.552,0.5908,2.36,424.02,1.032,51.65,0.7626,10.93,2.392e-05,0.2168,2.961,1.266,2.303,0.2034,8.749,0.4886,8.412
2022-04-09T04:32:26,42466.68,3216.03,110.1,0.2611,16.59,64.9,19.67,94.32,6.168,173.67,0.6397,0.02399,0.007502,2.356,1.524,2.45,1.447,3.755,163.74,14.2,0.8354,1.552,0.5908,2.361,423.98,1.033,51.67,0.7628,10.94,2.393e-05,0.2168,2.961,1.266,2.304,0.2035,8.763,0.4885,8.409
2022-04-09T04:32:56,42467.72,3217.17,110.13,0.2619,16.59,64.9,19.67,94.34,6.169,173.7,0.6397,0.02398,0.007502,2.356,1.525,2.45,1.448,3.756,163.75,14.2,0.8354,1.553,0.5908,2.361,424.13,1.034,51.68,0.7629,10.97,2.393e-05,0.2168,2.963,1.267,2.305,0.2036,8.763,0.4889,8.412
2022-04-09T04:33:26,42466.07,3217.13,110.12,0.2628,16.59,64.9,19.67,94.37,6.168,173.7,0.6397,0.02398,0.007502,2.356,1.525,2.45,1.447,3.757,163.75,14.2,0.8354,1.553,0.5908,2.361,424.05,1.033,51.69,0.7629,10.96,2.393e-05,0.2168,2.963,1.267,2.305,0.2036,8.76,0.4891,8.414
2022-04-09T04:33:56,42460.15,3216.78,110.11,0.2629,16.58,64.9,19.66,94.31,6.17,173.59,0.6397,0.02397,0.007502,2.356,1.524,2.45,1.447,3.75,163.74,14.2,0.8354,1.553,0.5908,2.361,423.94,1.033,51.67,0.7628,10.96,2.393e-05,0.2172,2.961,1.267,2.305,0.2035,8.76,0.4883,8.424
2022-04-09T04:34:26,42447.04,3214.81,109.9,0.2627,16.58,64.9,19.64,94.25,6.17,173.31,0.6398,0.02391,0.007502,2.356,1.523,2.45,1.445,3.745,163.66,14.2,0.8413,1.55,0.5908,2.357,423.93,1.033,51.57,0.7625,10.96,2.392e-05,0.217,2.958,1.265,2.304,0.2035,8.744,0.4881,8.423
2022-04-09T04:34:56,42445.19,3214.78,109.88,0.2621,16.58,64.9,19.64,94.16,6.164,173.2,0.6398,0.02391,0.007502,2.356,1.523,2.45,1.445,3.741,163.68,14.2,0.8417,1.55,0.5908,2.358,423.68,1.031,51.57,0.7623,10.96,2.391e-05,0.2167,2.958,1.265,2.302,0.2035,8.741,0.488,8.423
2022-04-09T04:35:26,42445.7,3214.65,109.88,0.2621,16.58,64.9,19.64,94.15,6.16,173.19,0.6398,0.02391,0.00752,2.356,1.524,2.45,1.445,3.74,163.63,14.2,0.8417,1.55,0.5908,2.358,423.67,1.031,51.55,0.7621,10.96,2.391e-05,0.2167,2.958,1.264,2.302,0.2034,8.733,0.488,8.418
2022-04-09T04:35:56,42449.36,3214.8,109.91,0.2623,16.58,64.9,19.65,94.12,6.17,173.21,0.6398,0.02393,0.00752,2.356,1.523,2.45,1.445,3.74,163.71,14.2,0.8417,1.549,0.5908,2.358,423.69,1.031,51.57,0.7621,10.94,2.391e-05,0.2167,2.958,1.265,2.302,0.2034,8.733,0.488,8.422
2022-04-09T04:36:26,42451.98,3214.73,109.96,0.2625,16.58,64.9,19.64,94.09,6.17,173.37,0.6398,0.02394,0.007528,2.356,1.523,2.45,1.445,3.745,163.79,14.2,0.8417,1.547,0.5908,2.358,423.78,1.032,51.57,0.7622,10.94,2.39e-05,0.2167,2.96,1.265,2.302,0.2034,8.735,0.4882,8.423
2022-04-09T04:36:56,42452,3214.48,109.85,0.2624,16.58,64.9,19.64,94.07,6.17,173.27,0.6398,0.02395,0.007535,2.356,1.523,2.45,1.446,3.75,163.78,14.2,0.8417,1.545,0.5908,2.357,423.81,1.031,51.56,0.7622,10.94,2.391e-05,0.2169,2.959,1.265,2.302,0.2034,8.73,0.4887,8.424
2022-04-09T04:37:26,42453.58,3213.98,109.83,0.2623,16.58,64.9,19.65,94,6.168,173.13,0.6395,0.02394,0.007535,2.356,1.523,2.45,1.445,3.75,163.72,14.2,0.8417,1.547,0.5908,2.357,423.72,1.03,51.55,0.7622,10.94,2.391e-05,0.2169,2.959,1.265,2.302,0.2034,8.731,0.4886,8.419
2022-04-09T04:37:56,42453.89,3214.16,109.86,0.2623,16.59,64.9,19.65,93.98,6.177,173.26,0.6379,0.02393,0.007535,2.356,1.523,2.45,1.445,3.75,163.8,14.2,0.8417,1.545,0.5908,2.357,423.8,1.03,51.55,0.7623,10.94,2.39e-05,0.2166,2.959,1.265,2.302,0.2034,8.729,0.4891,8.419
2022-04-09T04:38:26,42453.29,3214.05,109.86,0.2622,16.59,64.9,19.64,93.98,6.173,173.22,0.6397,0.02391,0.007535,2.356,1.523,2.45,1.446,3.749,163.77,14.2,0.8417,1.545,0.5908,2.357,423.8,1.03,51.52,0.7622,10.94,2.39e-05,0.2166,2.959,1.265,2.302,0.2033,8.734,0.4894,8.417
2022-04-09T04:38:56,42453.9,3214.13,109.85,0.2622,16.58,64.9,19.65,93.98,6.171,173.24,0.6397,0.02391,0.007535,2.356,1.522,2.45,1.446,3.747,163.74,14.2,0.8417,1.545,0.5908,2.357,423.79,1.03,51.53,0.7622,10.94,2.389e-05,0.2167,2.959,1.265,2.302,0.2033,8.735,0.4894,8.422
2022-04-09T04:39:26,42463.94,3215.23,109.99,0.2626,16.61,64.8,19.65,94.1,6.177,173.09,0.6397,0.02391,0.007535,2.356,1.522,2.45,1.446,3.751,163.81,14.2,0.8417,1.541,0.5908,2.358,423.86,1.031,51.56,0.7625,10.96,2.39e-05,0.2169,2.96,1.266,2.303,0.2034,8.736,0.4897,8.424
2022-04-09T04:39:56,42451.52,3213.74,109.93,0.2622,16.65,64.8,19.64,94.07,6.178,173.09,0.6398,0.02391,0.007535,2.356,1.524,2.45,1.445,3.747,163.78,14.2,0.8417,1.542,0.5908,2.356,423.85,1.03,51.5,0.7621,10.95,2.389e-05,0.2169,2.955,1.264,2.302,0.2035,8.73,0.4897,8.426
2022-04-09T04:40:26,42448.35,3212.15,109.88,0.2618,16.65,64.8,19.63,94.01,6.181,172.91,0.6398,0.0239,0.007522,2.356,1.523,2.45,1.445,3.747,163.53,14.15,0.8453,1.542,0.5908,2.354,423.76,1.029,51.45,0.7614,10.95,2.387e-05,0.2165,2.952,1.262,2.299,0.2033,8.716,0.4887,8.426
2022-04-09T04:40:56,42443.81,3212.22,109.62,0.2618,16.65,64.8,19.64,93.98,6.178,172.87,0.6398,0.02388,0.007518,2.356,1.523,2.45,1.444,3.747,163.59,14.15,0.8453,1.542,0.5908,2.354,423.54,1.029,51.44,0.7613,10.95,2.387e-05,0.2163,2.95,1.262,2.297,0.2032,8.704,0.4888,8.424
2022-04-09T04:41:26,42448.28,3211.75,109.65,0.2618,16.65,64.7,19.64,93.96,6.169,172.76,0.6398,0.02388,0.007518,2.356,1.523,2.45,1.442,3.747,163.64,14.15,0.8453,1.542,0.5908,2.354,423.48,1.029,51.42,0.7613,10.95,2.387e-05,0.2163,2.952,1.262,2.297,0.2032,8.707,0.4883,8.425
2022-04-09T04:41:56,42463.02,3212.13,109.82,0.2622,16.65,64.7,19.64,94.01,6.179,172.96,0.6398,0.02391,0.007518,2.356,1.523,2.45,1.443,3.748,163.73,14.15,0.8453,1.542,0.5908,2.355,423.62,1.029,51.45,0.7615,10.94,2.389e-05,0.2163,2.954,1.263,2.297,0.2033,8.716,0.4884,8.414
2022-04-09T04:42:26,42470,3212.92,109.82,0.2623,16.65,64.7,19.65,94.04,6.179,173.13,0.6398,0.0239,0.007518,2.356,1.522,2.45,1.443,3.749,163.73,14.15,0.8453,1.542,0.5908,2.355,423.73,1.029,51.48,0.7618,10.94,2.39e-05,0.2167,2.954,1.263,2.299,0.2033,8.717,0.4893,8.414
2022-04-09T04:42:56,42472.4,3213.64,109.88,0.2625,16.65,64.7,19.66,94.08,6.177,173.14,0.6398,0.02392,0.007518,2.356,1.522,2.45,1.444,3.749,163.9,14.15,0.8453,1.542,0.5908,2.355,423.99,1.029,51.56,0.7621,10.94,2.39e-05,0.2167,2.956,1.264,2.299,0.2035,8.72,0.4896,8.415
2022-04-09T04:43:26,42493.03,3214.91,110.07,0.2625,16.68,64.7,19.66,94.2,6.184,173.45,0.6399,0.02397,0.007518,2.358,1.522,2.45,1.445,3.749,163.91,14.15,0.8453,1.542,0.5908,2.359,424.29,1.03,51.6,0.7622,10.94,2.391e-05,0.2167,2.957,1.265,2.3,0.2036,8.735,0.4904,8.418
2022-04-09T04:43:56,42495.48,3214.91,110.1,0.2629,16.68,64.7,19.66,94.21,6.178,173.4,0.6392,0.02405,0.007518,2.358,1.522,2.45,1.445,3.76,163.99,14.11,0.8453,1.542,0.5909,2.359,424.26,1.03,51.61,0.7622,10.94,2.391e-05,0.217,2.957,1.265,2.303,0.2036,8.74,0.4904,8.427
2022-04-09T04:44:26,42498.16,3214.99,110.1,0.2629,16.68,64.7,19.66,94.3,6.183,173.46,0.6392,0.02406,0.007518,2.358,1.522,2.45,1.447,3.761,163.99,14.11,0.8453,1.537,0.5909,2.36,424.4,1.03,51.61,0.7623,10.94,2.393e-05,0.2171,2.96,1.266,2.303,0.2037,8.737,0.4911,8.427
2022-04-09T04:44:56,42504.13,3215.27,110.18,0.2629,16.68,64.7,19.66,94.46,6.183,173.57,0.6399,0.02407,0.007518,2.358,1.524,2.45,1.447,3.761,164.06,14.11,0.8453,1.537,0.5909,2.362,424.47,1.031,51.62,0.7624,10.96,2.393e-05,0.2172,2.962,1.266,2.306,0.2036,8.738,0.4906,8.422
2022-04-09T04:45:26,42525.35,3216.51,110.15,0.263,16.68,64.9,19.67,94.45,6.195,173.62,0.6402,0.0241,0.007518,2.358,1.526,2.45,1.448,3.761,163.93,14.11,0.8488,1.534,0.5909,2.364,424.62,1.031,51.64,0.7627,10.96,2.394e-05,0.2172,2.963,1.267,2.307,0.2037,8.739,0.4901,8.427
2022-04-09T04:45:56,42506.49,3215.33,110.1,0.2629,16.66,64.9,19.67,94.38,6.186,173.34,0.6405,0.024,0.007518,2.358,1.527,2.45,1.448,3.764,163.94,14.11,0.8488,1.535,0.5909,2.363,424.68,1.03,51.59,0.7624,10.96,2.391e-05,0.2172,2.96,1.267,2.306,0.2036,8.73,0.4889,8.424
2022-04-09T04:46:26,42502.9,3215.92,110.03,0.2631,16.66,64.9,19.67,94.36,6.183,173.36,0.6405,0.02398,0.007518,2.358,1.526,2.45,1.446,3.762,163.89,14.11,0.8488,1.535,0.5909,2.362,424.6,1.03,51.57,0.7623,10.94,2.391e-05,0.2172,2.96,1.266,2.305,0.2036,8.726,0.4885,8.424
2022-04-09T04:46:56,42507.59,3216.13,110.06,0.2633,16.57,64.9,19.67,94.39,6.183,173.42,0.6405,0.02402,0.007518,2.358,1.526,2.45,1.446,3.763,164.08,14.04,0.8488,1.535,0.5909,2.362,424.64,1.03,51.54,0.7623,10.93,2.392e-05,0.2172,2.961,1.267,2.305,0.2037,8.722,0.489,8.428
2022-04-09T04:47:26,42503.86,3216.03,110.05,0.2633,16.57,64.9,19.67,94.38,6.186,173.39,0.6405,0.024,0.007518,2.358,1.526,2.45,1.446,3.762,164.14,14.04,0.8481,1.537,0.5909,2.361,424.61,1.03,51.54,0.7623,10.93,2.391e-05,0.2172,2.961,1.267,2.305,0.2037,8.722,0.4883,8.429
2022-04-09T04:47:56,42483.54,3214.63,109.86,0.2632,16.57,64.8,19.65,94.29,6.175,173.21,0.6405,0.02396,0.007518,2.358,1.526,2.45,1.446,3.762,164.09,14.1,0.8481,1.534,0.5909,2.36,424.26,1.029,51.52,0.7622,10.91,2.39e-05,0.2169,2.96,1.265,2.303,0.2035,8.71,0.4879,8.421
2022-04-09T04:48:26,42479.33,3213.69,109.78,0.2623,16.57,64.8,19.64,94.25,6.175,173.11,0.6405,0.02394,0.007535,2.358,1.526,2.45,1.444,3.762,164.04,14.1,0.8481,1.535,0.5909,2.356,424.04,1.029,51.47,0.7621,10.91,2.39e-05,0.2167,2.954,1.265,2.302,0.2035,8.708,0.4861,8.418
2022-04-09T04:48:56,42478.53,3212.81,109.81,0.2621,16.57,64.8,19.63,94.24,6.173,172.97,0.6405,0.02393,0.007535,2.358,1.525,2.45,1.444,3.762,164.1,14.1,0.8481,1.535,0.5909,2.358,424.02,1.029,51.49,0.7621,10.9,2.389e-05,0.2167,2.954,1.264,2.301,0.2034,8.704,0.4863,8.419
2022-04-09T04:49:26,42448.15,3210.76,109.65,0.2617,16.57,64.7,19.61,94.21,6.172,172.89,0.6405,0.0239,0.007535,2.358,1.525,2.45,1.444,3.76,164.05,14.1,0.8481,1.535,0.5909,2.354,423.8,1.028,51.45,0.7617,10.89,2.388e-05,0.2162,2.952,1.263,2.3,0.2032,8.702,0.4863,8.42
2022-04-09T04:49:56,42434.75,3209.4,109.56,0.2609,16.57,64.7,19.59,94.1,6.165,172.78,0.6405,0.02386,0.007535,2.358,1.523,2.45,1.442,3.755,163.83,14.1,0.8481,1.523,0.5909,2.353,423.38,1.027,51.42,0.7613,10.9,2.386e-05,0.216,2.948,1.262,2.297,0.203,8.699,0.4867,8.408
2022-04-09T04:50:26,42434.28,3209.7,109.55,0.2609,16.57,64.6,19.59,94.05,6.167,172.67,0.6405,0.02389,0.007535,2.358,1.522,2.45,1.442,3.755,163.83,14.1,0.8409,1.525,0.5909,2.353,423.44,1.028,51.34,0.7612,10.9,2.385e-05,0.2161,2.948,1.261,2.298,0.203,8.685,0.4865,8.398
2022-04-09T04:50:56,42442.71,3211.24,109.6,0.2611,16.57,64.6,19.6,94.09,6.181,172.82,0.6405,0.02392,0.007529,2.358,1.522,2.45,1.441,3.75,163.96,14.1,0.8409,1.525,0.5909,2.355,423.58,1.029,51.33,0.7613,10.93,2.385e-05,0.2162,2.948,1.262,2.298,0.203,8.693,0.4853,8.409
2022-04-09T04:51:26,42439.67,3210.45,109.56,0.2616,16.64,64.7,19.61,94.04,6.181,172.89,0.638,0.02394,0.007529,2.358,1.522,2.45,1.442,3.755,163.96,14.1,0.8409,1.523,0.5909,2.355,423.61,1.028,51.29,0.7613,10.93,2.386e-05,0.2163,2.948,1.262,2.3,0.203,8.684,0.4848,8.405
2022-04-09T04:51:56,42441.72,3210.55,109.63,0.2621,16.64,64.7,19.61,94.07,6.177,172.86,0.638,0.02392,0.007529,2.358,1.522,2.45,1.442,3.754,163.9,14.1,0.8409,1.525,0.5909,2.355,423.66,1.028,51.31,0.7613,10.93,2.386e-05,0.2163,2.95,1.263,2.299,0.203,8.681,0.4848,8.41
2022-04-09T04:52:26,42436.47,3208.71,109.53,0.2619,16.62,64.7,19.61,94.04,6.176,172.73,0.638,0.02386,0.007529,2.358,1.522,2.45,1.441,3.753,163.93,14.1,0.8409,1.522,0.5933,2.354,423.58,1.028,51.28,0.7611,10.93,2.385e-05,0.2162,2.948,1.262,2.3,0.203,8.681,0.4848,8.411
2022-04-09T04:52:56,42443.32,3210.1,109.64,0.262,16.66,64.6,19.61,94.02,6.174,172.85,0.638,0.02386,0.007529,2.358,1.522,2.45,1.442,3.753,163.95,14.04,0.8409,1.523,0.5933,2.355,423.57,1.028,51.31,0.7611,10.93,2.388e-05,0.2162,2.949,1.262,2.298,0.2031,8.677,0.4846,8.409
2022-04-09T04:53:26,42452.6,3210.55,109.59,0.262,16.66,64.7,19.6,94.01,6.186,173.48,0.638,0.02388,0.007529,2.358,1.523,2.45,1.443,3.757,163.96,14.04,0.8414,1.523,0.5933,2.355,423.56,1.028,51.33,0.7612,10.93,2.388e-05,0.2164,2.949,1.263,2.299,0.2031,8.677,0.4843,8.409
2022-04-09T04:53:56,42439.64,3209.75,109.55,0.262,16.66,64.6,19.6,93.97,6.185,173.4,0.6384,0.02384,0.007529,2.358,1.523,2.45,1.442,3.755,163.9,14.04,0.8414,1.524,0.5933,2.355,423.55,1.028,51.3,0.7612,10.93,2.387e-05,0.2164,2.948,1.262,2.299,0.2031,8.674,0.484,8.409
2022-04-09T04:54:26,42426.68,3209.5,109.45,0.262,16.66,64.6,19.59,93.96,6.177,173.39,0.6384,0.02382,0.007529,2.358,1.523,2.45,1.442,3.752,163.88,14.04,0.8414,1.522,0.597,2.353,423.54,1.027,51.27,0.7609,10.93,2.386e-05,0.216,2.946,1.261,2.298,0.203,8.671,0.4838,8.41
2022-04-09T04:54:56,42425.25,3208.92,109.47,0.2614,16.66,64.7,19.59,93.87,6.175,173.28,0.6379,0.02383,0.007529,2.358,1.523,2.45,1.441,3.753,163.89,14.04,0.8414,1.523,0.597,2.353,423.43,1.027,51.27,0.7608,10.93,2.386e-05,0.2158,2.946,1.261,2.298,0.2029,8.667,0.4834,8.405
2022-04-09T04:55:26,42434.05,3208.92,109.49,0.2614,16.69,64.7,19.6,93.85,6.178,173.14,0.638,0.02383,0.007527,2.358,1.524,2.45,1.44,3.753,163.92,14.04,0.8414,1.523,0.597,2.352,423.44,1.027,51.29,0.7608,10.93,2.386e-05,0.2158,2.946,1.261,2.298,0.2029,8.668,0.4828,8.404
2022-04-09T04:55:56,42428.82,3208.55,109.48,0.2616,16.69,64.7,19.6,93.96,6.178,173.15,0.638,0.02382,0.007527,2.358,1.523,2.45,1.441,3.75,163.91,14.04,0.8414,1.523,0.597,2.352,423.44,1.027,51.29,0.7608,10.93,2.387e-05,0.2158,2.946,1.261,2.297,0.2029,8.675,0.4828,8.411
2022-04-09T04:56:26,42437.97,3209.1,109.5,0.262,16.69,64.7,19.6,93.99,6.203,173.33,0.638,0.02384,0.007527,2.358,1.523,2.45,1.441,3.75,163.97,14.04,0.8412,1.523,0.597,2.353,423.53,1.027,51.38,0.7612,10.93,2.387e-05,0.2162,2.948,1.262,2.298,0.203,8.68,0.4835,8.41
2022-04-09T04:56:56,42443.09,3209.68,109.58,0.262,16.69,64.7,19.61,93.99,6.199,173.29,0.638,0.02384,0.007527,2.358,1.523,2.45,1.442,3.749,163.88,14.04,0.8412,1.52,0.597,2.355,423.59,1.027,51.42,0.7613,10.93,2.387e-05,0.2162,2.949,1.262,2.3,0.203,8.685,0.4833,8.41
2022-04-09T04:57:26,42437.09,3209.12,109.56,0.262,16.69,64.6,19.61,93.97,6.193,173.31,0.638,0.02383,0.007527,2.358,1.523,2.45,1.442,3.747,163.91,14.04,0.8412,1.52,0.597,2.354,423.44,1.027,51.4,0.7611,10.93,2.386e-05,0.2162,2.949,1.262,2.3,0.2029,8.685,0.4835,8.411
2022-04-09T04:57:56,42438.76,3209.08,109.56,0.2624,16.69,64.6,19.61,93.95,6.186,173.27,0.638,0.02383,0.007527,2.358,1.523,2.45,1.442,3.747,163.91,14.04,0.8412,1.521,0.5907,2.352,423.39,1.027,51.41,0.7611,10.93,2.386e-05,0.2162,2.949,1.263,2.299,0.2029,8.678,0.4837,8.41
2022-04-09T04:58:26,42438.45,3209.25,109.54,0.2625,16.69,64.6,19.59,93.95,6.19,173.3,0.638,0.02383,0.00751,2.358,1.524,2.45,1.441,3.747,163.97,14.04,0.8412,1.521,0.5907,2.353,423.41,1.027,51.41,0.761,10.93,2.386e-05,0.2162,2.949,1.262,2.299,0.2029,8.683,0.4837,8.409
2022-04-09T04:58:56,42439.27,3210.15,109.54,0.2625,16.69,64.6,19.59,93.94,6.191,173.31,0.6388,0.02384,0.00751,2.358,1.524,2.45,1.442,3.744,163.97,14.04,0.8412,1.521,0.5907,2.353,423.46,1.027,51.43,0.7611,10.93,2.386e-05,0.2162,2.949,1.262,2.299,0.2029,8.683,0.4837,8.411
2022-04-09T04:59:26,42421.6,3207.66,109.52,0.262,16.69,64.6,19.58,93.87,6.191,173.16,0.6385,0.02384,0.00751,2.358,1.523,2.45,1.441,3.744,163.86,14.04,0.8412,1.519,0.5907,2.352,423.53,1.027,51.36,0.7611,10.92,2.386e-05,0.216,2.948,1.261,2.299,0.2028,8.677,0.4839,8.407
2022-04-09T04:59:56,42402.11,3206.39,109.46,0.2615,16.69,64.5,19.58,93.84,6.188,173.06,0.6385,0.02379,0.00751,2.358,1.521,2.45,1.441,3.744,163.81,14.07,0.8426,1.52,0.5907,2.35,422.69,1.026,51.35,0.7606,10.9,2.384e-05,0.2158,2.945,1.26,2.297,0.2026,8.659,0.4836,8.398
2022-04-09T05:00:26,42428.52,3208.61,109.51,0.2618,16.67,64.5,19.58,93.93,6.194,173.1,0.6385,0.02387,0.00751,2.358,1.522,2.45,1.441,3.738,163.9,14.07,0.8426,1.514,0.5907,2.352,422.77,1.026,51.38,0.7609,10.9,2.387e-05,0.2158,2.948,1.261,2.302,0.2027,8.671,0.4848,8.398
2022-04-09T05:00:56,42419.91,3207.21,109.5,0.2616,16.69,64.5,19.59,93.93,6.196,172.96,0.6385,0.02384,0.007525,2.358,1.522,2.45,1.442,3.733,163.9,14.06,0.8426,1.521,0.5907,2.352,423.01,1.026,51.36,0.7611,10.9,2.385e-05,0.2162,2.947,1.26,2.301,0.2027,8.669,0.4848,8.399
2022-04-09T05:01:26,42412.26,3206.55,109.53,0.2616,16.69,64.6,19.59,93.85,6.183,172.88,0.6385,0.0238,0.007525,2.358,1.522,2.45,1.44,3.733,163.81,14.06,0.8426,1.521,0.5907,2.35,422.94,1.026,51.32,0.7608,10.9,2.385e-05,0.216,2.945,1.26,2.299,0.2026,8.664,0.4846,8.399
2022-04-09T05:01:56,42404.12,3203.95,109.47,0.2614,16.69,64.6,19.56,93.81,6.182,172.7,0.6377,0.0238,0.007525,2.358,1.52,2.45,1.44,3.733,163.72,14.06,0.8426,1.521,0.5907,2.35,422.5,1.026,51.29,0.7607,10.89,2.383e-05,0.2156,2.944,1.26,2.299,0.2026,8.658,0.4852,8.392
2022-04-09T05:02:26,42438.99,3205.02,109.7,0.2615,16.69,64.6,19.58,93.89,6.199,172.82,0.6377,0.02385,0.007525,2.358,1.52,2.45,1.441,3.74,163.85,14.06,0.8426,1.521,0.5907,2.351,422.7,1.026,51.32,0.761,10.89,2.386e-05,0.2161,2.946,1.261,2.3,0.2026,8.665,0.4852,8.404
2022-04-09T05:02:56,42439.32,3206.75,109.72,0.2616,16.69,64.6,19.58,93.88,6.191,172.9,0.6386,0.02384,0.007525,2.358,1.519,2.45,1.441,3.739,163.89,14.06,0.8426,1.529,0.5907,2.352,422.79,1.027,51.34,0.7609,10.89,2.385e-05,0.2161,2.947,1.262,2.3,0.2027,8.67,0.485,8.407
2022-04-09T05:03:26,42442.34,3207.03,109.74,0.2626,16.74,64.6,19.58,93.87,6.189,172.91,0.6394,0.02384,0.007525,2.358,1.519,2.45,1.441,3.74,163.89,14.06,0.8426,1.528,0.5907,2.352,422.82,1.027,51.4,0.761,10.92,2.386e-05,0.2161,2.948,1.262,2.3,0.2028,8.672,0.4849,8.407
2022-04-09T05:03:56,42443.6,3207.13,109.75,0.2628,16.74,64.6,19.59,93.88,6.193,172.84,0.6394,0.02388,0.007522,2.358,1.52,2.45,1.442,3.739,163.87,14.06,0.8426,1.528,0.5907,2.353,422.92,1.027,51.43,0.7612,10.92,2.386e-05,0.2162,2.948,1.262,2.3,0.2028,8.674,0.4849,8.408
2022-04-09T05:04:26,42442.05,3207.14,109.77,0.2631,16.78,64.6,19.58,93.96,6.193,172.83,0.6397,0.02388,0.007522,2.358,1.519,2.45,1.442,3.737,163.84,14.06,0.8426,1.528,0.5907,2.354,423,1.027,51.43,0.7611,10.92,2.385e-05,0.2163,2.949,1.262,2.3,0.2028,8.674,0.4857,8.411
2022-04-09T05:04:56,42443.6,3207.53,109.78,0.2631,16.78,64.6,19.6,93.98,6.202,172.89,0.6397,0.02388,0.007522,2.358,1.519,2.45,1.442,3.737,163.83,14.06,0.8426,1.532,0.5907,2.355,422.93,1.027,51.45,0.7611,10.91,2.385e-05,0.2163,2.95,1.262,2.3,0.2028,8.678,0.4856,8.42
2022-04-09T05:05:26,42445.75,3207.44,109.81,0.2631,16.78,64.6,19.6,94,6.199,172.87,0.6397,0.02388,0.007522,2.358,1.518,2.45,1.442,3.745,163.86,14.06,0.8426,1.533,0.5907,2.355,423.07,1.027,51.46,0.7611,10.91,2.385e-05,0.2165,2.95,1.262,2.3,0.2028,8.675,0.4856,8.419
2022-04-09T05:05:56,42434.87,3205.6,109.62,0.2628,16.78,64.6,19.59,93.96,6.191,172.82,0.6397,0.02387,0.007522,2.358,1.517,2.45,1.442,3.739,163.82,14.07,0.8426,1.532,0.5907,2.354,422.97,1.026,51.42,0.7609,10.91,2.384e-05,0.2163,2.95,1.261,2.3,0.2027,8.674,0.4856,8.418
2022-04-09T05:06:26,42426.27,3206.12,109.63,0.2626,16.78,64.6,19.58,94.01,6.189,172.73,0.6397,0.02387,0.007522,2.358,1.517,2.45,1.442,3.739,163.89,14.07,0.8426,1.532,0.5907,2.353,422.75,1.026,51.43,0.7608,10.89,2.383e-05,0.2163,2.949,1.261,2.298,0.2027,8.671,0.4857,8.413
2022-04-09T05:06:56,42436.52,3206.25,109.66,0.2629,16.77,64.6,19.58,94.09,6.194,172.79,0.6397,0.02391,0.007522,2.358,1.517,2.45,1.442,3.742,163.89,14.07,0.8426,1.532,0.5907,2.354,422.76,1.026,51.51,0.761,10.89,2.385e-05,0.2163,2.951,1.262,2.299,0.2028,8.672,0.4866,8.415
2022-04-09T05:07:26,42442.62,3206.76,109.83,0.2628,16.77,64.6,19.58,94.12,6.197,172.9,0.6385,0.02391,0.007522,2.358,1.517,2.45,1.444,3.742,163.99,14.07,0.8429,1.532,0.5907,2.356,422.82,1.027,51.52,0.7612,10.89,2.386e-05,0.2163,2.95,1.263,2.3,0.2028,8.673,0.4866,8.415
2022-04-09T05:07:56,42434.39,3205.87,109.79,0.2629,16.77,64.6,19.59,94.07,6.19,172.89,0.6384,0.02392,0.007522,2.358,1.518,2.45,1.444,3.74,164.07,14.07,0.8429,1.532,0.5907,2.355,422.78,1.027,51.51,0.7611,10.89,2.386e-05,0.2168,2.951,1.263,2.301,0.2028,8.675,0.4866,8.421
2022-04-09T05:08:26,42435.46,3206.3,109.8,0.2624,16.74,64.6,19.59,94.07,6.196,172.87,0.6373,0.02392,0.007522,2.358,1.518,2.45,1.444,3.74,164.1,14.07,0.8429,1.531,0.5699,2.355,422.79,1.027,51.51,0.761,10.89,2.386e-05,0.2167,2.952,1.263,2.301,0.2029,8.674,0.4877,8.421
2022-04-09T05:08:56,42459.49,3209.7,109.85,0.263,16.76,64.7,19.61,94.18,6.204,173.11,0.6373,0.02396,0.007522,2.358,1.518,2.45,1.445,3.749,164.25,14.06,0.8429,1.536,0.5699,2.358,422.97,1.028,51.52,0.7618,10.93,2.389e-05,0.2172,2.958,1.263,2.304,0.2031,8.684,0.4879,8.422
2022-04-09T05:09:26,42478.07,3211.27,110.08,0.2632,16.76,64.7,19.63,94.21,6.229,173.3,0.6373,0.02399,0.007522,2.358,1.519,2.45,1.446,3.758,164.3,14.06,0.8316,1.536,0.5699,2.361,423.13,1.029,51.53,0.762,10.94,2.39e-05,0.2172,2.958,1.265,2.306,0.2031,8.697,0.4879,8.422
2022-04-09T05:09:56,42485.72,3212,110.12,0.2633,16.76,64.6,19.63,94.21,6.231,173.38,0.6373,0.02399,0.007522,2.358,1.52,2.45,1.447,3.756,164.3,14.06,0.8391,1.536,0.5699,2.36,423.44,1.029,51.59,0.7623,10.94,2.391e-05,0.2172,2.959,1.265,2.307,0.2034,8.694,0.4892,8.425
2022-04-09T05:10:26,42481.18,3211.74,109.99,0.2636,16.76,64.6,19.63,94.2,6.228,173.28,0.6373,0.02399,0.007522,2.358,1.521,2.45,1.446,3.752,164.24,14.06,0.8391,1.53,0.5699,2.36,423.5,1.029,51.53,0.7623,10.94,2.391e-05,0.2172,2.957,1.266,2.307,0.2034,8.684,0.4895,8.425
2022-04-09T05:10:56,42471.11,3212.44,110.01,0.2636,16.8,64.6,19.63,94.21,6.227,173.39,0.6403,0.02398,0.007522,2.358,1.522,2.45,1.446,3.745,164.33,14.06,0.8391,1.53,0.5699,2.36,423.45,1.029,51.56,0.7623,10.94,2.391e-05,0.2172,2.959,1.267,2.306,0.2034,8.687,0.4895,8.43
2022-04-09T05:11:26,42472.24,3212.58,110.05,0.2636,16.8,64.6,19.64,94.23,6.222,173.38,0.6409,0.02398,0.007522,2.358,1.522,2.45,1.447,3.745,164.31,14.06,0.8391,1.53,0.5699,2.36,423.33,1.029,51.54,0.7623,10.94,2.39e-05,0.2172,2.959,1.267,2.307,0.2034,8.684,0.4889,8.43
2022-04-09T05:11:56,42475.8,3212.97,110.04,0.2636,16.8,64.6,19.64,94.24,6.222,173.33,0.6409,0.02397,0.007522,2.358,1.522,2.45,1.447,3.747,164.3,14.06,0.8391,1.53,0.5699,2.36,423.38,1.028,51.53,0.7625,10.94,2.391e-05,0.2172,2.959,1.267,2.306,0.2034,8.682,0.4889,8.43
2022-04-09T05:12:26,42476.49,3213.01,110.04,0.2631,16.79,64.7,19.64,94.24,6.226,173.34,0.641,0.02396,0.007522,2.358,1.523,2.45,1.447,3.746,164.27,14.06,0.839,1.53,0.5699,2.36,423.41,1.028,51.54,0.7625,10.94,2.389e-05,0.2172,2.959,1.267,2.306,0.2034,8.683,0.4891,8.43
2022-04-09T05:12:56,42491.2,3213.83,110.17,0.2631,16.77,64.7,19.64,94.36,6.225,173.67,0.6414,0.02397,0.007522,2.358,1.523,2.45,1.447,3.752,164.29,14.06,0.839,1.539,0.5699,2.361,423.55,1.03,51.55,0.7626,10.94,2.39e-05,0.2172,2.961,1.268,2.307,0.2035,8.687,0.4893,8.431
2022-04-09T05:13:26,42492.74,3214.16,110.17,0.2633,16.77,64.7,19.64,94.39,6.229,173.81,0.6411,0.02397,0.007522,2.358,1.524,2.45,1.447,3.746,164.37,14.06,0.839,1.538,0.5699,2.361,423.53,1.029,51.56,0.7628,10.94,2.391e-05,0.2172,2.962,1.268,2.307,0.2035,8.697,0.4893,8.431
2022-04-09T05:13:56,42494.16,3215.02,110.13,0.263,16.77,64.6,19.65,94.37,6.23,173.81,0.6411,0.02397,0.007522,2.358,1.524,2.45,1.448,3.748,164.43,14.07,0.839,1.54,0.5699,2.362,423.52,1.029,51.56,0.7628,10.94,2.392e-05,0.2172,2.961,1.268,2.307,0.2035,8.696,0.4892,8.432
2022-04-09T05:14:26,42504.06,3216.33,110.18,0.2628,16.77,64.6,19.65,94.33,6.236,173.84,0.6438,0.02398,0.007522,2.358,1.525,2.45,1.448,3.749,164.41,14.07,0.839,1.54,0.5699,2.363,423.73,1.029,51.6,0.7633,10.95,2.392e-05,0.2174,2.962,1.268,2.308,0.2035,8.7,0.4892,8.438
2022-04-09T05:14:56,42513.07,3216.16,110.19,0.2629,16.77,64.6,19.65,94.32,6.237,173.87,0.6436,0.02398,0.007522,2.358,1.525,2.45,1.447,3.749,164.42,14.07,0.839,1.54,0.5699,2.363,423.8,1.029,51.57,0.7633,10.95,2.392e-05,0.2174,2.962,1.268,2.308,0.2035,8.701,0.489,8.439
2022-04-09T05:15:26,42510.16,3216.72,110.24,0.2628,16.77,64.6,19.65,94.44,6.236,173.88,0.6414,0.02397,0.007522,2.358,1.526,2.45,1.447,3.749,164.41,14.07,0.8419,1.54,0.5699,2.364,423.76,1.029,51.57,0.7635,10.95,2.393e-05,0.2173,2.961,1.268,2.309,0.2035,8.697,0.4891,8.433
2022-04-09T05:15:56,42517.72,3216.46,110.27,0.2628,16.8,64.6,19.65,94.44,6.235,173.95,0.6414,0.02396,0.007522,2.358,1.526,2.45,1.448,3.749,164.42,14.07,0.8419,1.545,0.5699,2.364,423.81,1.029,51.57,0.7635,10.95,2.393e-05,0.2173,2.961,1.269,2.309,0.2035,8.696,0.4895,8.438
2022-04-09T05:16:26,42538.26,3217.21,110.3,0.2629,16.8,64.6,19.67,94.49,6.235,174.06,0.6414,0.02397,0.007521,2.358,1.526,2.45,1.449,3.749,164.56,14.07,0.8432,1.545,0.5699,2.365,424.03,1.03,51.61,0.7639,10.96,2.394e-05,0.2173,2.962,1.269,2.311,0.2037,8.701,0.4897,8.442
2022-04-09T05:16:56,42544.44,3218.08,110.31,0.263,16.81,64.7,19.67,94.49,6.237,174.03,0.6414,0.02399,0.007521,2.358,1.526,2.45,1.449,3.753,164.56,14.07,0.8432,1.545,0.5699,2.365,424.11,1.03,51.65,0.7639,10.98,2.394e-05,0.2173,2.964,1.27,2.312,0.2037,8.699,0.4898,8.443
2022-04-09T05:17:26,42545.55,3220.06,110.43,0.2641,16.81,64.7,19.67,94.52,6.23,174.1,0.6414,0.02399,0.007521,2.357,1.525,2.45,1.449,3.75,164.5,14.07,0.8423,1.551,0.5699,2.366,424.19,1.03,51.66,0.7642,10.98,2.394e-05,0.2174,2.963,1.27,2.311,0.2037,8.708,0.49,8.452
2022-04-09T05:17:56,42539.3,3219.36,110.38,0.2641,16.82,64.9,19.67,94.52,6.235,174.05,0.6414,0.02399,0.007521,2.357,1.525,2.45,1.449,3.751,164.51,14.07,0.8423,1.54,0.5699,2.364,424.38,1.03,51.66,0.7642,10.98,2.394e-05,0.2174,2.963,1.27,2.312,0.2037,8.712,0.4893,8.464
2022-04-09T05:18:26,42538.65,3219.64,110.41,0.264,16.81,64.9,19.67,94.49,6.235,174.05,0.6431,0.02399,0.007521,2.357,1.526,2.45,1.449,3.752,164.54,14.07,0.8432,1.54,0.5699,2.365,424.3,1.03,51.65,0.7642,10.98,2.392e-05,0.2173,2.962,1.27,2.312,0.2037,8.711,0.4896,8.463
2022-04-09T05:18:56,42521.67,3218.59,110.34,0.2635,16.81,64.9,19.67,94.39,6.227,173.68,0.6432,0.02395,0.007524,2.357,1.524,2.45,1.45,3.751,164.47,14.07,0.8432,1.54,0.5699,2.363,424.32,1.03,51.63,0.7643,10.98,2.392e-05,0.2171,2.96,1.27,2.311,0.2037,8.712,0.4896,8.464
2022-04-09T05:19:26,42524.55,3218.93,110.3,0.2637,16.81,65,19.66,94.39,6.226,173.34,0.6443,0.02394,0.007524,2.357,1.524,2.45,1.449,3.751,164.47,14.07,0.8432,1.539,0.5699,2.363,424.32,1.029,51.62,0.7642,10.98,2.391e-05,0.2171,2.959,1.27,2.311,0.2037,8.71,0.4893,8.464
2022-04-09T05:19:56,42523.57,3218.86,110.3,0.2638,16.79,65,19.66,94.4,6.29,173.35,0.6443,0.02392,0.00754,2.357,1.524,2.45,1.449,3.75,164.49,14.07,0.8501,1.541,0.5699,2.363,424.03,1.03,51.63,0.7642,10.98,2.39e-05,0.2171,2.96,1.27,2.31,0.2037,8.702,0.4892,8.457
2022-04-09T05:20:26,42514.51,3217.45,110.06,0.2633,16.79,65,19.64,94.33,6.289,173.31,0.6443,0.02392,0.007552,2.357,1.524,2.46,1.446,3.746,164.2,14.07,0.8501,1.541,0.5699,2.361,423.64,1.03,51.57,0.7639,10.98,2.39e-05,0.2165,2.958,1.268,2.308,0.2036,8.7,0.4893,8.45
2022-04-09T05:20:56,42504.33,3216.69,110.13,0.2632,16.79,64.9,19.64,94.36,6.278,173.27,0.6444,0.02392,0.007566,2.357,1.524,2.46,1.447,3.748,164.19,14.07,0.8501,1.541,0.5699,2.361,423.47,1.031,51.57,0.7639,10.98,2.39e-05,0.2169,2.958,1.269,2.307,0.2037,8.699,0.4894,8.447
2022-04-09T05:21:26,42495.33,3215.38,110.11,0.2633,16.79,64.9,19.63,94.32,6.286,173.08,0.6444,0.0239,0.007566,2.357,1.524,2.46,1.447,3.748,164.14,14.07,0.8498,1.54,0.5699,2.359,423.49,1.03,51.56,0.7637,10.98,2.389e-05,0.2168,2.955,1.268,2.306,0.2036,8.676,0.4894,8.444
2022-04-09T05:21:56,42487.81,3214.74,110.09,0.263,16.79,64.8,19.62,94.27,6.282,173.01,0.6444,0.02387,0.007516,2.357,1.524,2.46,1.445,3.737,163.98,14.04,0.8498,1.535,0.5699,2.359,423.27,1.029,51.49,0.7633,10.94,2.389e-05,0.2168,2.952,1.267,2.305,0.2035,8.675,0.4888,8.45
2022-04-09T05:22:26,42490.55,3215.16,110.01,0.2628,16.8,64.8,19.62,94.23,6.286,173.02,0.6444,0.02386,0.007516,2.357,1.523,2.46,1.446,3.74,164.04,14.04,0.8501,1.535,0.5699,2.358,423.31,1.029,51.49,0.7633,10.94,2.389e-05,0.2168,2.953,1.267,2.305,0.2035,8.671,0.4888,8.458
2022-04-09T05:22:56,42486.76,3214.92,109.99,0.2626,16.79,64.8,19.63,94.19,6.286,173.01,0.6445,0.02387,0.007516,2.357,1.523,2.46,1.446,3.742,164.01,14.07,0.8501,1.535,0.5699,2.358,423.31,1.03,51.49,0.7633,10.94,2.389e-05,0.2168,2.953,1.267,2.305,0.2035,8.667,0.4888,8.461
2022-04-09T05:23:26,42480.23,3214.42,109.95,0.2624,16.79,64.8,19.62,94.22,6.288,173.01,0.647,0.02387,0.007516,2.357,1.524,2.46,1.444,3.741,164.01,14.07,0.8448,1.535,0.5699,2.357,423.4,1.029,51.46,0.7632,10.96,2.388e-05,0.2168,2.951,1.267,2.305,0.2035,8.665,0.4884,8.46
2022-04-09T05:23:56,42476.65,3213.64,109.97,0.2627,16.79,64.8,19.62,94.21,6.29,173.02,0.647,0.0239,0.007516,2.357,1.523,2.46,1.445,3.741,164.04,14.07,0.8448,1.535,0.5699,2.357,423.37,1.029,51.45,0.763,10.96,2.388e-05,0.2165,2.951,1.267,2.305,0.2035,8.665,0.4884,8.458
2022-04-09T05:24:26,42486.82,3213.81,110,0.2631,16.8,64.8,19.62,94.29,6.289,173.18,0.6469,0.02392,0.007497,2.357,1.523,2.46,1.445,3.741,164.09,14.07,0.8448,1.535,0.5699,2.359,423.22,1.029,51.52,0.7631,10.96,2.389e-05,0.2165,2.952,1.267,2.304,0.2035,8.668,0.4886,8.457
2022-04-09T05:24:56,42491.65,3212.76,109.97,0.2633,16.81,64.8,19.62,94.26,6.283,173.19,0.6455,0.02392,0.007466,2.357,1.523,2.46,1.445,3.743,164.08,14.07,0.8448,1.535,0.5699,2.358,423.21,1.029,51.51,0.7631,10.96,2.388e-05,0.2165,2.953,1.267,2.304,0.2035,8.667,0.4886,8.458
2022-04-09T05:25:26,42479.27,3212.58,109.82,0.2641,16.81,64.8,19.62,94.23,6.29,173.22,0.6468,0.02389,0.007466,2.357,1.523,2.46,1.445,3.743,164.09,14.07,0.8448,1.535,0.5699,2.358,423.16,1.028,51.5,0.7631,10.94,2.389e-05,0.2165,2.951,1.267,2.304,0.2035,8.671,0.4883,8.46
2022-04-09T05:25:56,42480.7,3212.67,109.79,0.2642,16.81,64.9,19.62,94.23,6.291,173.21,0.6468,0.02389,0.007465,2.357,1.523,2.46,1.445,3.747,164.09,14.06,0.8422,1.535,0.5699,2.358,423.08,1.028,51.49,0.7631,10.94,2.389e-05,0.2165,2.95,1.267,2.304,0.2035,8.668,0.4883,8.467
2022-04-09T05:26:26,42485.07,3213.2,109.9,0.2643,16.81,64.9,19.63,94.19,6.294,173.15,0.6468,0.02389,0.007479,2.357,1.523,2.46,1.445,3.755,164.1,14.06,0.8422,1.535,0.5699,2.359,423.22,1.029,51.5,0.7633,10.94,2.388e-05,0.2165,2.952,1.267,2.304,0.2035,8.667,0.4889,8.463
2022-04-09T05:26:56,42488.22,3214.93,109.96,0.2643,16.81,64.9,19.63,94.18,6.295,173.21,0.6468,0.0239,0.00749,2.357,1.523,2.46,1.446,3.755,164.12,14.06,0.8422,1.537,0.5699,2.36,423.35,1.029,51.51,0.7634,10.94,2.389e-05,0.2168,2.953,1.267,2.305,0.2035,8.672,0.489,8.463
2022-04-09T05:27:26,42481.12,3213.2,109.84,0.2648,16.81,64.9,19.63,94.13,6.298,173.06,0.6469,0.02389,0.00749,2.357,1.522,2.46,1.445,3.746,164.19,14.06,0.8422,1.537,0.5699,2.359,423.31,1.029,51.53,0.7633,10.94,2.389e-05,0.2164,2.953,1.267,2.304,0.2036,8.672,0.489,8.462
2022-04-09T05:27:56,42485.82,3213.42,109.86,0.2649,16.82,64.9,19.63,94.14,6.298,173.09,0.647,0.02389,0.00749,2.357,1.522,2.46,1.445,3.752,164.15,14.06,0.8423,1.537,0.5699,2.359,423.27,1.029,51.51,0.7633,10.94,2.389e-05,0.2164,2.953,1.267,2.304,0.2036,8.671,0.4891,8.465
2022-04-09T05:28:26,42479.23,3212.68,109.87,0.265,16.82,64.9,19.63,94.14,6.288,173.04,0.646,0.0239,0.00749,2.357,1.522,2.46,1.445,3.753,164.15,14.06,0.8423,1.542,0.5699,2.359,423.23,1.029,51.51,0.7633,10.94,2.388e-05,0.2164,2.951,1.268,2.303,0.2036,8.671,0.4888,8.464
2022-04-09T05:28:56,42478.49,3213.02,109.88,0.2652,16.82,64.9,19.63,94.13,6.274,173.14,0.6468,0.02391,0.00749,2.357,1.522,2.46,1.445,3.753,164.19,14.06,0.8423,1.542,0.5699,2.359,423.24,1.029,51.51,0.7632,10.94,2.389e-05,0.2164,2.952,1.268,2.303,0.2036,8.663,0.4885,8.469
2022-04-09T05:29:26,42489.34,3213.33,109.99,0.2657,16.82,64.9,19.64,94.19,6.261,173.48,0.6468,0.02391,0.00749,2.357,1.522,2.46,1.447,3.753,164.26,14.06,0.8423,1.542,0.5699,2.361,423.46,1.03,51.52,0.7636,10.94,2.391e-05,0.2164,2.953,1.269,2.303,0.2036,8.673,0.4896,8.464
2022-04-09T05:29:56,42485.96,3213.59,109.97,0.2655,16.82,64.9,19.64,94.16,6.264,173.34,0.6468,0.02389,0.007474,2.357,1.523,2.46,1.446,3.753,164.27,14.06,0.8423,1.543,0.5699,2.359,423.5,1.029,51.55,0.7635,10.94,2.389e-05,0.2169,2.952,1.268,2.304,0.2036,8.667,0.4889,8.462
2022-04-09T05:30:26,42484.14,3213.39,109.97,0.2653,16.81,64.8,19.64,94.1,6.266,173.33,0.6468,0.02388,0.007474,2.357,1.523,2.46,1.445,3.751,164.2,14.06,0.8423,1.543,0.5699,2.359,423.24,1.029,51.54,0.7634,10.94,2.388e-05,0.2169,2.952,1.268,2.303,0.2035,8.666,0.4888,8.463
2022-04-09T05:30:56,42486.63,3213.82,110.01,0.2654,16.81,64.8,19.65,94.13,6.268,173.35,0.6468,0.02391,0.007474,2.357,1.523,2.46,1.446,3.752,164.19,14.06,0.8423,1.541,0.5699,2.359,423.32,1.03,51.55,0.7635,10.94,2.389e-05,0.2165,2.952,1.268,2.303,0.2035,8.67,0.4888,8.469
2022-04-09T05:31:26,42486.75,3213.32,110.09,0.2654,16.81,64.8,19.65,94.11,6.268,173.34,0.6468,0.0239,0.007474,2.357,1.523,2.46,1.447,3.753,164.24,14.06,0.8423,1.541,0.5699,2.36,423.42,1.03,51.53,0.7636,10.94,2.389e-05,0.2165,2.953,1.269,2.303,0.2036,8.671,0.4886,8.469
2022-04-09T05:31:56,42485.11,3213.31,110.07,0.2653,16.83,64.8,19.65,94.04,6.27,173.28,0.6457,0.0239,0.007474,2.359,1.523,2.46,1.447,3.756,164.22,14.06,0.8423,1.541,0.5699,2.359,423.38,1.03,51.51,0.7638,10.94,2.388e-05,0.2165,2.955,1.269,2.304,0.2036,8.676,0.4883,8.469
2022-04-09T05:32:26,42485.42,3213,110.14,0.2653,16.83,64.9,19.64,94,6.275,173.34,0.6446,0.02391,0.007474,2.359,1.523,2.46,1.447,3.757,164.19,14.06,0.8423,1.541,0.5699,2.359,423.31,1.03,51.52,0.7638,10.94,2.388e-05,0.2168,2.956,1.269,2.304,0.2036,8.677,0.4882,8.464
2022-04-09T05:32:56,42486.3,3213.09,110.16,0.2656,16.83,64.9,19.64,94,6.274,173.31,0.645,0.02391,0.007474,2.36,1.524,2.46,1.447,3.757,164.22,14.03,0.8423,1.541,0.5699,2.36,423.34,1.03,51.54,0.7638,10.97,2.389e-05,0.2168,2.957,1.27,2.305,0.2036,8.682,0.4881,8.469
2022-04-09T05:33:26,42486.47,3212.56,110.13,0.265,16.88,64.9,19.63,93.97,6.263,173.29,0.645,0.02389,0.007495,2.36,1.524,2.46,1.446,3.759,164.2,14.03,0.8423,1.538,0.5699,2.359,423.14,1.03,51.54,0.7636,10.97,2.388e-05,0.2168,2.955,1.27,2.305,0.2036,8.679,0.4881,8.469
2022-04-09T05:33:56,42486.33,3212.48,110.11,0.2644,16.88,64.9,19.62,93.96,6.263,173.26,0.645,0.02388,0.007497,2.36,1.525,2.46,1.446,3.757,164.21,14.03,0.8423,1.538,0.5699,2.358,423.16,1.03,51.53,0.7636,10.97,2.388e-05,0.2169,2.956,1.269,2.305,0.2036,8.683,0.4882,8.464
2022-04-09T05:34:26,42485.96,3212.71,110.14,0.2643,16.88,64.9,19.63,93.95,6.263,173.23,0.645,0.0239,0.007484,2.36,1.526,2.46,1.447,3.757,164.26,14.03,0.8423,1.538,0.5699,2.359,423.14,1.03,51.54,0.7634,10.94,2.387e-05,0.2169,2.957,1.269,2.305,0.2036,8.683,0.4882,8.465
2022-04-09T05:34:56,42488.14,3212.73,110.15,0.2644,16.88,64.9,19.63,93.93,6.262,173.2,0.645,0.02388,0.007484,2.356,1.526,2.46,1.446,3.754,164.27,14.03,0.8423,1.538,0.5699,2.359,423.22,1.029,51.54,0.7635,10.94,2.388e-05,0.2169,2.957,1.269,2.304,0.2036,8.689,0.488,8.465
2022-04-09T05:35:26,42487.84,3212.05,110.17,0.2641,16.88,64.9,19.64,93.95,6.261,173.19,0.645,0.02389,0.007484,2.356,1.526,2.46,1.445,3.753,164.24,14.03,0.8423,1.536,0.5699,2.358,423.16,1.03,51.54,0.7636,10.94,2.388e-05,0.2169,2.955,1.269,2.304,0.2035,8.687,0.4875,8.469
2022-04-09T05:35:56,42487.55,3210.97,110.17,0.264,16.9,64.9,19.63,93.95,6.27,173.17,0.6446,0.02387,0.007484,2.356,1.526,2.46,1.446,3.753,164.24,14.03,0.8423,1.538,0.5699,2.358,423.1,1.03,51.5,0.7635,10.95,2.387e-05,0.2169,2.954,1.268,2.303,0.2034,8.687,0.4873,8.468
2022-04-09T05:36:26,42499.78,3211.8,110.2,0.264,16.91,64.9,19.63,94.07,6.268,173.27,0.6446,0.02387,0.007484,2.356,1.526,2.46,1.446,3.753,164.31,14.03,0.8457,1.538,0.5699,2.359,423.13,1.03,51.52,0.7639,10.95,2.388e-05,0.2169,2.956,1.268,2.303,0.2034,8.687,0.4877,8.463
2022-04-09T05:36:56,42507.75,3214.74,110.4,0.2649,16.91,64.9,19.64,94.12,6.283,173.53,0.6446,0.02392,0.007484,2.356,1.526,2.46,1.447,3.763,164.49,14.03,0.8457,1.538,0.5699,2.362,423.22,1.031,51.53,0.7643,10.97,2.388e-05,0.2171,2.959,1.27,2.305,0.2035,8.689,0.488,8.463
2022-04-09T05:37:26,42486.14,3214.18,110.37,0.2653,16.91,64.9,19.64,94.13,6.276,173.51,0.6446,0.02394,0.007484,2.354,1.527,2.46,1.448,3.763,164.47,14.03,0.8457,1.538,0.5699,2.361,423.33,1.032,51.55,0.7641,10.97,2.39e-05,0.2172,2.959,1.269,2.305,0.2036,8.684,0.4885,8.459
2022-04-09T05:37:56,42502.9,3216.24,110.4,0.2655,16.91,64.8,19.65,94.21,6.281,173.58,0.6446,0.02397,0.007484,2.354,1.527,2.46,1.448,3.763,164.56,14.03,0.8457,1.539,0.5699,2.364,423.67,1.032,51.57,0.7644,10.97,2.391e-05,0.2172,2.961,1.27,2.308,0.2037,8.695,0.4885,8.455
2022-04-09T05:38:26,42518.3,3216.92,110.39,0.2648,16.91,64.8,19.65,94.24,6.278,173.56,0.646,0.02399,0.007484,2.356,1.527,2.46,1.449,3.764,164.56,14.03,0.8457,1.539,0.5699,2.364,423.67,1.033,51.57,0.7644,10.97,2.391e-05,0.2172,2.962,1.271,2.309,0.2037,8.697,0.4889,8.453
2022-04-09T05:38:56,42516.9,3216.81,110.47,0.2646,16.91,64.9,19.65,94.28,6.279,173.57,0.6458,0.02398,0.007484,2.356,1.527,2.46,1.45,3.766,164.5,14.03,0.8457,1.539,0.5699,2.363,423.82,1.033,51.63,0.7645,10.97,2.392e-05,0.2173,2.961,1.272,2.309,0.2037,8.698,0.4889,8.454
2022-04-09T05:39:26,42521.62,3217.6,110.5,0.2649,16.95,64.9,19.65,94.32,6.283,173.59,0.6458,0.02398,0.007484,2.356,1.527,2.46,1.449,3.765,164.56,14.03,0.8405,1.539,0.5699,2.364,423.85,1.034,51.65,0.7645,10.97,2.392e-05,0.2173,2.962,1.272,2.31,0.2038,8.705,0.4889,8.454
2022-04-09T05:39:56,42521.06,3217.31,110.49,0.2648,16.95,64.9,19.65,94.35,6.289,173.59,0.6457,0.024,0.007484,2.356,1.527,2.46,1.45,3.765,164.54,14.03,0.8405,1.539,0.5699,2.364,423.88,1.034,51.65,0.7644,10.97,2.392e-05,0.2173,2.962,1.272,2.31,0.2037,8.702,0.4885,8.458
2022-04-09T05:40:26,42521.12,3217.74,110.45,0.2649,16.95,64.8,19.65,94.34,6.289,173.66,0.6457,0.02399,0.007484,2.356,1.527,2.46,1.45,3.765,164.52,14.03,0.8405,1.544,0.5699,2.364,423.81,1.033,51.63,0.7643,10.97,2.392e-05,0.2173,2.962,1.272,2.31,0.2037,8.699,0.4892,8.457
2022-04-09T05:40:56,42522.03,3218.79,110.47,0.2653,16.95,64.8,19.65,94.35,6.29,173.79,0.6458,0.02401,0.007484,2.356,1.527,2.46,1.45,3.765,164.55,14.03,0.8405,1.544,0.5699,2.364,423.97,1.034,51.66,0.7645,10.97,2.393e-05,0.2173,2.963,1.273,2.31,0.2037,8.708,0.4894,8.457
2022-04-09T05:41:26,42524.16,3218.34,110.46,0.2652,16.95,64.8,19.65,94.34,6.294,173.8,0.6458,0.02403,0.007484,2.356,1.527,2.46,1.45,3.766,164.56,14.03,0.8405,1.543,0.5699,2.364,424.17,1.034,51.67,0.7645,10.97,2.392e-05,0.2173,2.964,1.272,2.311,0.2038,8.706,0.4895,8.455
2022-04-09T05:41:56,42521.17,3218.12,110.45,0.2652,16.95,64.8,19.65,94.29,6.29,173.74,0.6458,0.02402,0.007484,2.356,1.529,2.46,1.45,3.784,164.54,14.05,0.8405,1.54,0.5699,2.362,424.14,1.034,51.67,0.7643,10.97,2.392e-05,0.2172,2.964,1.271,2.312,0.2038,8.696,0.4889,8.457
2022-04-09T05:42:26,42493.94,3216.63,110.36,0.2646,16.95,64.8,19.63,94.25,6.291,173.66,0.6445,0.02392,0.007484,2.356,1.528,2.46,1.448,3.783,164.36,14.05,0.8405,1.537,0.5699,2.358,423.86,1.033,51.61,0.7638,10.94,2.39e-05,0.2172,2.96,1.269,2.31,0.2037,8.685,0.4881,8.452
2022-04-09T05:42:56,42481.06,3216.25,110.27,0.2645,16.95,64.8,19.6,94.21,6.282,173.47,0.6443,0.0239,0.007484,2.356,1.526,2.45,1.447,3.779,164.31,14.05,0.8405,1.535,0.5699,2.357,423.65,1.033,51.57,0.7636,10.93,2.39e-05,0.2172,2.959,1.268,2.306,0.2037,8.678,0.4877,8.451
2022-04-09T05:43:26,42478.59,3216.68,110.29,0.2645,16.95,64.8,19.6,94.18,6.289,173.41,0.6443,0.0239,0.007484,2.356,1.526,2.45,1.447,3.791,164.3,14.05,0.8405,1.535,0.5699,2.357,423.53,1.032,51.55,0.7635,10.92,2.39e-05,0.2172,2.956,1.268,2.305,0.2036,8.671,0.4876,8.449
2022-04-09T05:43:56,42505.11,3218.57,110.44,0.265,16.95,64.9,19.61,94.26,6.289,173.67,0.6443,0.02396,0.007484,2.36,1.526,2.45,1.447,3.792,164.38,14.05,0.8422,1.534,0.5699,2.361,423.81,1.034,51.61,0.7636,10.92,2.392e-05,0.217,2.961,1.269,2.307,0.2036,8.679,0.4866,8.457
2022-04-09T05:44:26,42515.38,3218.37,110.37,0.2651,16.96,64.9,19.62,94.23,6.312,173.63,0.6443,0.024,0.007484,2.36,1.526,2.45,1.448,3.786,164.39,14.05,0.8422,1.548,0.5699,2.361,423.92,1.033,51.61,0.7636,10.94,2.393e-05,0.2171,2.962,1.268,2.307,0.2036,8.678,0.4867,8.457
2022-04-09T05:44:56,42498.76,3217.89,110.28,0.265,16.96,64.9,19.62,94.16,6.308,173.62,0.6458,0.02394,0.007484,2.36,1.526,2.45,1.447,3.792,164.43,14.05,0.8422,1.548,0.5699,2.359,423.83,1.033,51.6,0.7635,10.94,2.391e-05,0.2171,2.961,1.268,2.306,0.2037,8.677,0.487,8.455
2022-04-09T05:45:26,42500.94,3218.01,110.29,0.2648,16.96,64.9,19.62,94.17,6.308,173.68,0.6458,0.02395,0.007484,2.36,1.526,2.45,1.446,3.791,164.45,14.05,0.8422,1.548,0.5699,2.359,423.74,1.033,51.6,0.7636,10.94,2.392e-05,0.2174,2.96,1.267,2.305,0.2037,8.682,0.4866,8.445
2022-04-09T05:45:56,42507.24,3218.61,110.42,0.2648,16.96,64.9,19.62,94.31,6.308,173.69,0.6462,0.02396,0.007484,2.36,1.526,2.45,1.447,3.788,164.46,14.03,0.8422,1.539,0.5699,2.362,423.88,1.033,51.6,0.7638,10.94,2.393e-05,0.2174,2.96,1.268,2.306,0.2037,8.682,0.4866,8.451
2022-04-09T05:46:26,42510.53,3218.44,110.45,0.2648,16.96,64.9,19.63,94.36,6.311,173.72,0.6464,0.02397,0.007484,2.36,1.526,2.45,1.447,3.788,164.6,14.03,0.8417,1.539,0.5699,2.36,423.88,1.033,51.61,0.7639,10.94,2.394e-05,0.2174,2.961,1.27,2.306,0.2037,8.695,0.4869,8.45
2022-04-09T05:46:56,42522.5,3218.2,110.47,0.2652,16.96,64.9,19.64,94.37,6.309,173.75,0.6443,0.02397,0.007484,2.36,1.526,2.45,1.449,3.785,164.65,14.05,0.8417,1.541,0.5699,2.361,424.03,1.034,51.62,0.764,10.94,2.392e-05,0.2174,2.963,1.27,2.308,0.2038,8.699,0.4872,8.45
2022-04-09T05:47:26,42526.04,3219,110.52,0.2656,16.96,64.9,19.64,94.38,6.309,173.76,0.6443,0.02397,0.007484,2.36,1.526,2.45,1.449,3.787,164.64,14.05,0.8411,1.541,0.5699,2.362,424.05,1.034,51.66,0.7643,10.94,2.391e-05,0.2174,2.964,1.271,2.308,0.2038,8.703,0.4874,8.451
2022-04-09T05:47:56,42526.78,3219.04,110.49,0.2656,16.97,64.5,19.65,94.39,6.308,173.75,0.6462,0.02397,0.007484,2.36,1.526,2.45,1.449,3.788,164.74,14.05,0.8411,1.541,0.5699,2.363,424.01,1.034,51.67,0.7644,10.92,2.392e-05,0.2174,2.964,1.271,2.308,0.2038,8.705,0.488,8.45
2022-04-09T05:48:26,42525.27,3219.03,110.51,0.2667,16.97,64.6,19.65,94.4,6.31,173.79,0.6462,0.02398,0.007484,2.36,1.526,2.45,1.449,3.785,164.75,14.05,0.8411,1.541,0.5699,2.363,424.1,1.034,51.68,0.7644,10.92,2.39e-05,0.2174,2.966,1.271,2.309,0.2037,8.705,0.4884,8.45
2022-04-09T05:48:56,42522.05,3219.3,110.58,0.2662,16.97,64.6,19.65,94.41,6.314,173.91,0.6451,0.02398,0.007484,2.36,1.526,2.45,1.448,3.785,164.7,14.05,0.8411,1.54,0.5699,2.364,424.03,1.033,51.7,0.7645,10.92,2.391e-05,0.2172,2.965,1.271,2.31,0.2038,8.707,0.4883,8.45
2022-04-09T05:49:26,42517.13,3218.65,110.56,0.2662,16.97,64.6,19.65,94.43,6.311,173.94,0.6451,0.02397,0.007484,2.36,1.526,2.45,1.448,3.785,164.65,14.05,0.8411,1.54,0.5699,2.364,424.01,1.034,51.69,0.7645,10.92,2.39e-05,0.2172,2.964,1.27,2.309,0.2037,8.709,0.4881,8.45
2022-04-09T05:49:56,42511.99,3217.82,110.48,0.2655,16.97,64.6,19.64,94.42,6.314,173.78,0.6462,0.02398,0.007484,2.36,1.527,2.45,1.448,3.783,164.47,14.05,0.84,1.54,0.5699,2.362,424.09,1.034,51.69,0.7643,10.92,2.39e-05,0.2172,2.963,1.269,2.309,0.2037,8.715,0.4882,8.444
2022-04-09T05:50:26,42509.84,3217.52,110.56,0.2647,16.97,64.4,19.65,94.4,6.315,173.73,0.6463,0.02397,0.007484,2.36,1.527,2.45,1.448,3.785,164.48,14.05,0.84,1.539,0.5699,2.363,423.97,1.033,51.67,0.7643,10.92,2.389e-05,0.217,2.962,1.269,2.308,0.2037,8.706,0.4876,8.447
2022-04-09T05:50:56,42520.68,3218.43,110.6,0.2651,16.97,64.4,19.65,94.37,6.318,173.72,0.6463,0.024,0.007484,2.36,1.528,2.45,1.447,3.786,164.51,14.05,0.84,1.539,0.5699,2.363,423.97,1.033,51.67,0.7643,10.92,2.39e-05,0.2171,2.965,1.269,2.308,0.2038,8.706,0.4873,8.448
2022-04-09T05:51:26,42522.54,3218.5,110.69,0.2658,16.96,64.5,19.65,94.38,6.321,173.79,0.6463,0.02398,0.007497,2.36,1.528,2.45,1.447,3.784,164.5,14.05,0.84,1.539,0.5699,2.362,424.11,1.033,51.66,0.7645,10.92,2.391e-05,0.2172,2.965,1.27,2.308,0.2038,8.708,0.4875,8.449
2022-04-09T05:51:56,42521.93,3218.35,110.7,0.2664,16.96,64.5,19.65,94.37,6.321,173.79,0.6463,0.02396,0.007497,2.36,1.528,2.45,1.448,3.783,164.53,14.05,0.8386,1.537,0.5699,2.363,424.06,1.033,51.66,0.7645,10.92,2.391e-05,0.2173,2.965,1.27,2.309,0.2038,8.711,0.4877,8.443
2022-04-09T05:52:26,42523.63,3219.57,110.81,0.2664,16.96,64.5,19.66,94.53,6.324,173.8,0.6463,0.02397,0.007497,2.36,1.528,2.45,1.449,3.784,164.53,14.05,0.8392,1.537,0.5699,2.363,424.07,1.034,51.67,0.7646,10.92,2.391e-05,0.2174,2.966,1.27,2.31,0.2038,8.711,0.4883,8.437
2022-04-09T05:52:56,42537.02,3219.4,110.88,0.2667,16.96,64.5,19.67,94.64,6.316,173.85,0.6463,0.02397,0.007497,2.358,1.528,2.45,1.449,3.787,164.61,14.05,0.8392,1.534,0.5699,2.366,424.19,1.034,51.7,0.7648,10.92,2.393e-05,0.2174,2.967,1.271,2.311,0.2038,8.714,0.4881,8.436
2022-04-09T05:53:26,42540.77,3219.81,110.89,0.2665,16.96,64.4,19.67,94.68,6.319,173.88,0.6463,0.02397,0.007497,2.358,1.528,2.45,1.449,3.787,164.62,14.05,0.84,1.535,0.5699,2.367,424.11,1.035,51.73,0.765,10.95,2.393e-05,0.2174,2.967,1.272,2.311,0.2038,8.724,0.4885,8.432
2022-04-09T05:53:56,42546.78,3219.86,110.91,0.2666,16.96,64.4,19.67,94.67,6.319,173.98,0.6472,0.02397,0.007497,2.358,1.529,2.45,1.45,3.787,164.65,14.05,0.84,1.535,0.5699,2.367,424.1,1.034,51.75,0.7651,10.95,2.393e-05,0.2174,2.967,1.272,2.311,0.2038,8.725,0.489,8.434
2022-04-09T05:54:26,42547.51,3220.32,110.98,0.2666,16.96,64.4,19.67,94.67,6.319,174.05,0.6471,0.02397,0.007497,2.358,1.529,2.45,1.449,3.787,164.76,14.05,0.84,1.535,0.5699,2.368,424.23,1.035,51.76,0.765,10.94,2.393e-05,0.2175,2.968,1.272,2.312,0.2038,8.721,0.489,8.434
2022-04-09T05:54:56,42546.44,3220.09,110.98,0.2662,16.96,64.4,19.67,94.67,6.317,174.04,0.6471,0.02397,0.007497,2.358,1.529,2.45,1.45,3.787,164.76,14.05,0.84,1.538,0.5699,2.368,424.37,1.035,51.79,0.765,10.94,2.393e-05,0.2174,2.97,1.272,2.312,0.2038,8.722,0.489,8.433
2022-04-09T05:55:26,42546.41,3219.81,111.01,0.2658,16.97,64.5,19.67,94.65,6.313,174.1,0.6471,0.02397,0.007497,2.358,1.529,2.45,1.45,3.789,164.76,14.05,0.8386,1.538,0.5699,2.369,424.45,1.035,51.8,0.765,10.94,2.393e-05,0.2174,2.971,1.272,2.311,0.2038,8.724,0.489,8.439
2022-04-09T05:55:56,42542.19,3219.19,110.96,0.2662,16.97,64.5,19.67,94.63,6.312,174.08,0.6471,0.02396,0.007457,2.358,1.531,2.45,1.449,3.788,164.7,14.05,0.8386,1.538,0.5699,2.367,424.35,1.035,51.81,0.7648,10.92,2.392e-05,0.2173,2.969,1.272,2.311,0.2038,8.725,0.4887,8.437
2022-04-09T05:56:26,42578.33,3221.09,110.95,0.2663,16.97,64.5,19.68,94.67,6.3,174.17,0.6471,0.02403,0.007457,2.358,1.532,2.45,1.449,3.797,164.81,14.05,0.84,1.544,0.5699,2.368,424.44,1.035,51.84,0.7652,10.92,2.394e-05,0.2177,2.97,1.273,2.313,0.2039,8.724,0.4892,8.44
2022-04-09T05:56:56,42596.02,3221.81,111.04,0.2664,16.97,64.5,19.69,94.7,6.312,174.15,0.6471,0.02404,0.007457,2.358,1.532,2.45,1.45,3.794,164.81,14.05,0.84,1.544,0.5699,2.369,424.47,1.036,51.85,0.7656,10.95,2.395e-05,0.2178,2.97,1.273,2.313,0.2039,8.728,0.4894,8.441
2022-04-09T05:57:26,42596.79,3222.32,111.08,0.2663,16.98,64.5,19.71,94.72,6.311,174.14,0.6471,0.02404,0.007457,2.358,1.531,2.45,1.451,3.794,164.82,14.05,0.84,1.544,0.5699,2.369,424.82,1.036,51.92,0.7657,10.95,2.395e-05,0.2178,2.972,1.274,2.314,0.2039,8.731,0.4893,8.444
2022-04-09T05:57:56,42598.47,3222.36,111.08,0.2664,16.98,64.5,19.71,94.72,6.312,174.25,0.648,0.02405,0.007457,2.358,1.53,2.45,1.451,3.793,164.81,14.05,0.84,1.544,0.5699,2.369,424.87,1.036,51.94,0.7657,10.96,2.394e-05,0.2177,2.973,1.274,2.315,0.2039,8.728,0.4893,8.449
2022-04-09T05:58:26,42598.75,3224.42,111.04,0.2663,16.98,64.6,19.71,94.78,6.308,174.32,0.648,0.02404,0.007471,2.358,1.53,2.45,1.452,3.798,164.91,14.05,0.8385,1.544,0.5699,2.37,424.83,1.036,51.96,0.7663,10.97,2.394e-05,0.218,2.975,1.274,2.315,0.204,8.729,0.4894,8.449
2022-04-09T05:58:56,42608.88,3225.55,111.07,0.2663,16.98,64.7,19.73,94.77,6.308,174.38,0.648,0.02404,0.007471,2.358,1.532,2.45,1.452,3.8,164.85,14.05,0.8385,1.546,0.5699,2.371,425.01,1.036,51.96,0.7661,10.98,2.395e-05,0.218,2.974,1.275,2.316,0.2041,8.739,0.4892,8.45
2022-04-09T05:59:26,42602.69,3227.03,111.08,0.2663,16.98,64.7,19.72,94.8,6.31,174.38,0.648,0.02405,0.007471,2.358,1.531,2.45,1.453,3.8,164.89,14.05,0.84,1.54,0.5699,2.37,425.31,1.037,51.94,0.7661,10.99,2.396e-05,0.218,2.974,1.275,2.317,0.2041,8.738,0.4891,8.457
2022-04-09T05:59:56,42593.53,3226.7,111.13,0.2666,16.98,64.7,19.71,94.82,6.309,174.08,0.6465,0.02403,0.007471,2.358,1.531,2.45,1.452,3.795,164.89,14.05,0.84,1.541,0.5699,2.37,425.21,1.037,51.9,0.7659,10.99,2.396e-05,0.2178,2.974,1.275,2.317,0.204,8.74,0.4893,8.457
2022-04-09T06:00:26,42594.28,3226.19,111,0.267,16.98,64.7,19.71,94.87,6.304,174.03,0.6465,0.02401,0.007471,2.358,1.531,2.45,1.453,3.796,164.88,14.05,0.84,1.541,0.5699,2.371,425.2,1.037,51.88,0.7659,10.99,2.396e-05,0.2178,2.975,1.275,2.318,0.204,8.737,0.4895,8.459
2022-04-09T06:00:56,42578.39,3224.28,110.96,0.267,16.98,64.8,19.71,94.79,6.3,174.19,0.6465,0.024,0.007471,2.361,1.531,2.45,1.451,3.792,164.86,14.05,0.84,1.541,0.5699,2.37,425.14,1.036,51.89,0.7657,10.99,2.395e-05,0.2178,2.975,1.274,2.317,0.2039,8.733,0.4895,8.458
2022-04-09T06:01:26,42575.76,3224.3,110.93,0.2682,16.98,64.7,19.7,94.73,6.297,174.32,0.6465,0.02399,0.007476,2.363,1.53,2.45,1.451,3.791,164.87,14.05,0.84,1.541,0.5699,2.369,424.93,1.036,51.88,0.7658,10.99,2.394e-05,0.2178,2.974,1.273,2.317,0.2039,8.733,0.4892,8.458
2022-04-09T06:01:56,42578.86,3223.9,110.92,0.2685,16.98,64.7,19.71,94.73,6.299,174.11,0.6465,0.02401,0.007476,2.363,1.53,2.45,1.451,3.791,164.82,13.87,0.8392,1.543,0.5699,2.369,424.86,1.036,51.87,0.7658,10.99,2.394e-05,0.2178,2.975,1.273,2.317,0.2039,8.732,0.4888,8.458
2022-04-09T06:02:26,42569.37,3223.45,110.71,0.2685,16.98,64.9,19.71,94.62,6.282,174.03,0.647,0.024,0.007476,2.363,1.533,2.45,1.451,3.791,164.79,13.87,0.8392,1.543,0.5699,2.369,424.85,1.036,51.86,0.7658,10.99,2.394e-05,0.2178,2.974,1.273,2.316,0.2038,8.733,0.4884,8.452
2022-04-09T06:02:56,42572.28,3222.46,110.71,0.2684,16.98,64.8,19.7,94.64,6.286,174.01,0.647,0.024,0.007476,2.363,1.534,2.45,1.452,3.794,164.82,13.87,0.8392,1.543,0.5699,2.369,424.82,1.037,51.85,0.7656,10.99,2.395e-05,0.2178,2.975,1.273,2.317,0.2038,8.733,0.4883,8.452
2022-04-09T06:03:26,42570.18,3222.47,110.71,0.2679,17,64.8,19.7,94.63,6.285,173.86,0.6465,0.02399,0.007476,2.363,1.534,2.45,1.452,3.792,164.83,13.87,0.8392,1.544,0.5699,2.369,424.87,1.037,51.85,0.7655,10.99,2.395e-05,0.2178,2.974,1.274,2.316,0.2037,8.735,0.4883,8.453
2022-04-09T06:03:56,42569.97,3222.4,110.74,0.2675,17,64.8,19.7,94.62,6.284,173.79,0.6465,0.02398,0.007459,2.363,1.529,2.45,1.452,3.797,164.76,13.8,0.8392,1.544,0.5699,2.369,424.88,1.036,51.84,0.7655,10.95,2.394e-05,0.2177,2.972,1.274,2.315,0.2037,8.738,0.4881,8.457
2022-04-09T06:04:26,42561.33,3220.44,110.65,0.2675,17,64.8,19.7,94.61,6.27,173.81,0.6465,0.02399,0.007459,2.359,1.529,2.45,1.45,3.793,164.72,13.8,0.8392,1.544,0.5699,2.367,424.88,1.036,51.84,0.7655,10.95,2.393e-05,0.2176,2.971,1.273,2.312,0.2036,8.735,0.4878,8.457
2022-04-09T06:04:56,42564.27,3220.9,110.67,0.2674,17,64.8,19.7,94.56,6.269,173.78,0.6465,0.02397,0.007459,2.359,1.53,2.45,1.45,3.791,164.71,13.67,0.8392,1.544,0.5699,2.367,424.87,1.035,51.81,0.7653,10.95,2.393e-05,0.2176,2.966,1.272,2.311,0.2036,8.741,0.4872,8.457
2022-04-09T06:05:26,42541.77,3220.35,110.5,0.2674,17,64.8,19.69,94.55,6.263,173.72,0.6465,0.02396,0.007459,2.359,1.53,2.45,1.449,3.793,164.72,13.67,0.8372,1.544,0.5699,2.366,424.66,1.036,51.78,0.7652,10.95,2.392e-05,0.2176,2.965,1.272,2.31,0.2036,8.736,0.4868,8.457
2022-04-09T06:05:56,42532.1,3220.01,110.54,0.266,16.97,64.7,19.69,94.56,6.26,173.76,0.647,0.02398,0.007459,2.359,1.53,2.45,1.449,3.793,164.7,13.65,0.8372,1.54,0.5699,2.366,424.69,1.036,51.77,0.765,10.95,2.393e-05,0.2173,2.965,1.272,2.31,0.2035,8.731,0.487,8.457
2022-04-09T06:06:26,42530.84,3219.83,110.53,0.2658,16.97,64.8,19.68,94.52,6.262,173.7,0.647,0.02397,0.007459,2.359,1.53,2.45,1.449,3.793,164.71,13.65,0.8372,1.54,0.5699,2.366,424.63,1.035,51.81,0.7646,10.95,2.392e-05,0.2173,2.965,1.272,2.31,0.2034,8.729,0.4865,8.452
2022-04-09T06:06:56,42521.1,3219.36,110.52,0.2659,16.96,64.8,19.67,94.47,6.258,173.73,0.647,0.02397,0.007459,2.359,1.53,2.45,1.449,3.799,164.69,13.61,0.8372,1.537,0.5699,2.365,424.5,1.035,51.8,0.7643,10.95,2.392e-05,0.2174,2.965,1.272,2.309,0.2034,8.726,0.4866,8.451
2022-04-09T06:07:26,42530.49,3219.78,110.61,0.2669,16.92,64.8,19.67,94.51,6.262,173.85,0.647,0.02397,0.007459,2.359,1.53,2.45,1.449,3.798,164.78,13.61,0.8387,1.539,0.5699,2.366,424.43,1.035,51.8,0.7644,10.95,2.392e-05,0.2174,2.966,1.273,2.31,0.2033,8.731,0.4867,8.457
2022-04-09T06:07:56,42529.11,3219.42,110.63,0.2672,16.92,64.8,19.67,94.5,6.261,173.84,0.647,0.02397,0.007459,2.359,1.53,2.45,1.449,3.8,164.78,13.59,0.8387,1.537,0.5699,2.372,424.47,1.035,51.8,0.7642,10.95,2.392e-05,0.2174,2.966,1.273,2.31,0.2033,8.731,0.4864,8.458
2022-04-09T06:08:26,42542.43,3220.57,110.65,0.2671,16.92,64.8,19.68,94.55,6.261,173.97,0.647,0.02397,0.007459,2.359,1.53,2.44,1.45,3.806,164.86,13.59,0.8387,1.539,0.5699,2.374,424.47,1.036,51.85,0.7644,10.95,2.392e-05,0.2174,2.969,1.275,2.311,0.2034,8.738,0.4869,8.458
2022-04-09T06:08:56,42541.41,3220.78,110.72,0.267,16.91,64.8,19.68,94.54,6.27,173.96,0.647,0.02398,0.007459,2.359,1.53,2.44,1.45,3.803,164.83,13.59,0.8387,1.539,0.5699,2.372,424.56,1.036,51.86,0.7644,10.95,2.392e-05,0.2174,2.97,1.276,2.312,0.2034,8.736,0.4866,8.462
2022-04-09T06:09:26,42540.68,3220.64,110.72,0.2667,16.91,64.8,19.68,94.54,6.276,173.98,0.647,0.02399,0.007459,2.362,1.531,2.44,1.45,3.803,164.83,13.35,0.8387,1.539,0.5699,2.374,424.61,1.036,51.88,0.7644,10.95,2.392e-05,0.2174,2.969,1.275,2.313,0.2034,8.737,0.4866,8.459
2022-04-09T06:09:56,42542.31,3220.62,110.72,0.2664,16.91,64.8,19.68,94.5,6.268,174,0.647,0.02401,0.007459,2.362,1.531,2.44,1.449,3.802,164.85,13.4,0.8388,1.539,0.5699,2.377,424.68,1.036,51.87,0.7643,10.95,2.392e-05,0.2174,2.969,1.275,2.312,0.2035,8.739,0.4872,8.46
2022-04-09T06:10:26,42543.88,3220.53,110.67,0.2666,16.91,64.8,19.67,94.46,6.267,173.92,0.6465,0.024,0.007459,2.362,1.532,2.44,1.448,3.802,164.83,13.4,0.8388,1.539,0.5699,2.379,424.72,1.036,51.85,0.7642,10.95,2.392e-05,0.2174,2.966,1.274,2.312,0.2035,8.74,0.4869,8.46
2022-04-09T06:10:56,42553.48,3220.95,110.71,0.2672,16.91,64.8,19.67,94.46,6.263,173.92,0.6465,0.02401,0.007459,2.362,1.532,2.44,1.449,3.802,164.77,13.4,0.8388,1.539,0.5699,2.377,424.67,1.035,51.83,0.7642,10.95,2.391e-05,0.2174,2.967,1.275,2.311,0.2034,8.745,0.4869,8.454
2022-04-09T06:11:26,42555.61,3221.08,110.75,0.2673,16.91,64.7,19.67,94.46,6.268,174.04,0.6466,0.02402,0.007459,2.362,1.532,2.44,1.448,3.808,164.79,13.4,0.8388,1.541,0.5699,2.377,424.68,1.036,51.82,0.7642,10.95,2.391e-05,0.2174,2.967,1.274,2.311,0.2035,8.748,0.487,8.458
2022-04-09T06:11:56,42563.88,3221.42,110.76,0.2673,16.91,64.8,19.68,94.48,6.266,174.12,0.647,0.02403,0.007459,2.364,1.532,2.44,1.45,3.808,164.85,13.43,0.8388,1.541,0.5699,2.376,424.89,1.036,51.83,0.7641,10.95,2.392e-05,0.2181,2.968,1.274,2.313,0.2035,8.75,0.488,8.456
2022-04-09T06:12:26,42563.66,3221.89,110.86,0.2673,16.91,64.8,19.67,94.47,6.267,174.09,0.6465,0.02403,0.007459,2.364,1.532,2.44,1.45,3.808,164.89,13.43,0.8388,1.541,0.5699,2.376,424.81,1.036,51.85,0.764,10.95,2.393e-05,0.2181,2.968,1.275,2.313,0.2035,8.752,0.4883,8.465
2022-04-09T06:12:56,42565.57,3222.84,110.77,0.2674,16.91,64.8,19.67,94.42,6.277,173.97,0.6465,0.02403,0.00747,2.364,1.532,2.44,1.45,3.806,164.85,13.36,0.8393,1.541,0.5967,2.372,424.94,1.036,51.85,0.7641,10.95,2.393e-05,0.2181,2.968,1.275,2.313,0.2035,8.753,0.4883,8.465
2022-04-09T06:13:26,42565.49,3221.71,110.71,0.2675,16.91,64.7,19.67,94.42,6.275,173.88,0.6465,0.02403,0.00747,2.364,1.532,2.44,1.45,3.806,164.75,13.36,0.84,1.542,0.5967,2.369,424.78,1.036,51.84,0.764,10.95,2.391e-05,0.2181,2.967,1.275,2.312,0.2035,8.754,0.488,8.464
2022-04-09T06:13:56,42534,3220.79,110.57,0.2674,16.91,64.8,19.65,94.35,6.27,173.71,0.6465,0.02399,0.00747,2.364,1.532,2.44,1.449,3.806,164.71,13.4,0.84,1.542,0.5967,2.368,424.67,1.035,51.81,0.7628,10.95,2.391e-05,0.2177,2.963,1.274,2.31,0.2035,8.748,0.4871,8.458
2022-04-09T06:14:26,42499.36,3217.16,110.52,0.2667,16.91,64.4,19.64,94.32,6.268,173.52,0.6465,0.02393,0.00747,2.364,1.531,2.44,1.447,3.79,164.55,13.4,0.84,1.534,0.5967,2.364,424.28,1.035,51.72,0.7623,10.95,2.389e-05,0.2174,2.96,1.273,2.309,0.2033,8.746,0.4866,8.457
2022-04-09T06:14:56,42483.31,3216.26,110.54,0.2665,16.91,64.4,19.63,94.25,6.262,173.45,0.6465,0.02394,0.00747,2.361,1.529,2.44,1.448,3.787,164.52,13.51,0.84,1.534,0.5967,2.362,424.15,1.035,51.69,0.7622,10.95,2.388e-05,0.2173,2.96,1.272,2.307,0.2032,8.724,0.4867,8.453
2022-04-09T06:15:26,42486.69,3216.69,110.61,0.2666,16.81,64.4,19.64,94.28,6.258,173.34,0.6465,0.02398,0.00747,2.361,1.529,2.44,1.447,3.793,164.58,13.51,0.84,1.532,0.5967,2.362,424.27,1.034,51.72,0.7622,10.95,2.388e-05,0.2173,2.961,1.273,2.307,0.2031,8.734,0.4866,8.457
2022-04-09T06:15:56,42492.99,3216.91,110.64,0.2679,16.81,64.5,19.64,94.27,6.264,173.32,0.647,0.02404,0.00747,2.361,1.529,2.44,1.449,3.811,164.52,13.51,0.8392,1.532,0.5967,2.363,424.49,1.034,51.72,0.7625,10.95,2.389e-05,0.2173,2.962,1.272,2.308,0.2032,8.736,0.4873,8.452
2022-04-09T06:16:26,42489.19,3216.81,110.55,0.2683,16.81,64.5,19.63,94.21,6.268,173.35,0.647,0.02403,0.00747,2.361,1.529,2.44,1.448,3.82,164.54,13.51,0.8392,1.534,0.5967,2.363,424.38,1.035,51.71,0.7625,10.95,2.388e-05,0.2173,2.962,1.272,2.308,0.2032,8.737,0.4864,8.458
2022-04-09T06:16:56,42483.33,3213.54,110.49,0.2682,16.81,64.5,19.63,94.14,6.26,173.37,0.647,0.02402,0.00747,2.361,1.529,2.43,1.448,3.82,164.42,13.51,0.8392,1.534,0.5967,2.361,424.16,1.034,51.7,0.7621,10.95,2.387e-05,0.2172,2.961,1.271,2.308,0.2032,8.732,0.4864,8.458
2022-04-09T06:17:26,42491.29,3214.25,110.63,0.2686,16.81,64.5,19.63,94.09,6.269,173.38,0.647,0.02399,0.00747,2.361,1.529,2.43,1.448,3.812,164.45,13.51,0.8392,1.534,0.5967,2.362,424.3,1.034,51.71,0.762,10.95,2.387e-05,0.2172,2.962,1.271,2.307,0.2032,8.729,0.4867,8.457
2022-04-09T06:17:56,42485.31,3213.46,110.56,0.2687,16.78,64.5,19.62,94.03,6.271,173.35,0.647,0.024,0.00747,2.361,1.529,2.43,1.447,3.812,164.47,13.51,0.8393,1.532,0.5967,2.362,424.33,1.034,51.71,0.7615,10.95,2.386e-05,0.2172,2.961,1.271,2.307,0.2031,8.731,0.4866,8.451
2022-04-09T06:18:26,42482.61,3211.29,110.52,0.2687,16.78,64.5,19.62,94.01,6.271,173.29,0.647,0.02399,0.00747,2.361,1.53,2.43,1.447,3.806,164.46,13.49,0.8393,1.532,0.5967,2.361,424.22,1.034,51.7,0.7613,10.91,2.385e-05,0.2169,2.959,1.271,2.306,0.203,8.72,0.4867,8.457
2022-04-09T06:18:56,42469.13,3208.56,110.26,0.2675,16.78,64.2,19.61,93.97,6.269,173.14,0.6471,0.02396,0.00747,2.361,1.526,2.43,1.446,3.802,164.21,13.49,0.8393,1.53,0.5967,2.36,423.75,1.033,51.69,0.7611,10.9,2.384e-05,0.2165,2.955,1.27,2.304,0.2029,8.712,0.4867,8.456
2022-04-09T06:19:26,42465.2,3208.32,110.29,0.2676,16.78,64.2,19.59,93.97,6.269,172.96,0.6471,0.02394,0.00747,2.361,1.525,2.43,1.445,3.802,164.19,13.42,0.8393,1.53,0.5967,2.36,423.72,1.032,51.68,0.761,10.87,2.384e-05,0.2165,2.957,1.27,2.303,0.2028,8.707,0.4855,8.456
2022-04-09T06:19:56,42466.59,3209.03,110.29,0.2677,16.78,64.2,19.6,93.93,6.274,172.94,0.647,0.02395,0.007468,2.361,1.515,2.43,1.445,3.798,164.2,13.42,0.8393,1.53,0.5967,2.36,423.64,1.032,51.63,0.7609,10.88,2.384e-05,0.2167,2.957,1.269,2.303,0.2028,8.704,0.4854,8.456
2022-04-09T06:20:26,42466.07,3209.59,110.31,0.2678,16.78,64.3,19.6,93.93,6.273,172.98,0.6451,0.02397,0.007468,2.361,1.518,2.43,1.446,3.793,164.22,13.42,0.8393,1.53,0.5967,2.36,423.65,1.032,51.62,0.7611,10.88,2.384e-05,0.2167,2.957,1.269,2.303,0.2027,8.704,0.4854,8.451
2022-04-09T06:20:56,42471.18,3208.77,110.3,0.2679,16.7,64.2,19.62,93.95,6.277,172.97,0.6451,0.024,0.007468,2.361,1.519,2.43,1.446,3.799,164.2,13.42,0.8393,1.528,0.5967,2.361,423.84,1.033,51.62,0.7613,10.88,2.384e-05,0.2168,2.958,1.27,2.304,0.2028,8.709,0.4853,8.457
2022-04-09T06:21:26,42477.02,3208.82,110.34,0.2683,16.75,64.2,19.63,93.86,6.279,172.99,0.6451,0.02404,0.007468,2.361,1.518,2.43,1.446,3.8,164.28,13.42,0.8393,1.528,0.5967,2.361,423.85,1.033,51.63,0.7613,10.9,2.385e-05,0.2168,2.957,1.27,2.304,0.2028,8.716,0.4858,8.451
2022-04-09T06:21:56,42476.2,3209.23,110.34,0.2681,16.75,64.2,19.63,93.86,6.292,173.01,0.6451,0.02406,0.007468,2.361,1.518,2.43,1.446,3.802,164.26,13.42,0.8393,1.534,0.5967,2.361,423.86,1.033,51.66,0.7613,10.91,2.385e-05,0.2168,2.957,1.27,2.303,0.2028,8.717,0.4858,8.454
2022-04-09T06:22:26,42468.43,3208.63,110.38,0.2681,16.75,64.3,19.64,93.8,6.289,173.03,0.6451,0.02402,0.007468,2.361,1.517,2.43,1.446,3.802,164.23,13.5,0.8393,1.534,0.5967,2.362,423.79,1.032,51.66,0.7606,10.88,2.384e-05,0.2168,2.956,1.27,2.302,0.2027,8.709,0.4857,8.457
2022-04-09T06:22:56,42459.05,3208.09,110.34,0.2682,16.75,64.3,19.63,93.78,6.291,173.08,0.6451,0.024,0.007468,2.361,1.517,2.43,1.445,3.794,164.18,13.5,0.8393,1.532,0.5967,2.361,423.86,1.033,51.65,0.7606,10.88,2.383e-05,0.2169,2.955,1.27,2.301,0.2027,8.704,0.4857,8.456
2022-04-09T06:23:26,42462.1,3208.38,110.34,0.2687,16.75,64.3,19.63,93.77,6.279,173.05,0.6464,0.024,0.007468,2.361,1.517,2.43,1.446,3.794,164.19,13.46,0.8393,1.532,0.5967,2.361,423.81,1.032,51.65,0.7605,10.89,2.383e-05,0.2169,2.954,1.27,2.3,0.2028,8.706,0.4855,8.451
2022-04-09T06:23:56,42481.57,3209.4,110.41,0.2696,16.75,64.4,19.64,93.77,6.27,173.04,0.6464,0.02402,0.007468,2.361,1.523,2.43,1.446,3.799,164.29,13.46,0.8393,1.536,0.5967,2.361,423.87,1.033,51.71,0.7603,10.89,2.383e-05,0.2168,2.956,1.27,2.301,0.2028,8.706,0.4855,8.456
2022-04-09T06:24:26,42491.42,3209.78,110.48,0.2695,16.75,64.4,19.64,93.8,6.269,173.17,0.6464,0.02402,0.007468,2.361,1.526,2.43,1.446,3.799,164.4,13.46,0.8393,1.535,0.5967,2.363,424.04,1.033,51.72,0.7603,10.89,2.384e-05,0.2168,2.959,1.271,2.3,0.2028,8.713,0.4859,8.457
2022-04-09T06:24:56,42486.41,3209.36,110.33,0.2689,16.7,64.3,19.64,93.78,6.27,173.2,0.6464,0.02401,0.007468,2.361,1.526,2.43,1.446,3.799,164.31,13.46,0.8393,1.535,0.5967,2.361,424.03,1.032,51.72,0.7602,10.9,2.384e-05,0.217,2.956,1.271,2.3,0.2028,8.712,0.4855,8.457
2022-04-09T06:25:26,42478.2,3208.06,110.31,0.2696,16.7,64.3,19.64,93.72,6.258,173.17,0.6464,0.02401,0.007481,2.361,1.524,2.43,1.445,3.79,164.28,13.46,0.8393,1.533,0.5967,2.36,424,1.032,51.66,0.7602,10.9,2.383e-05,0.217,2.957,1.271,2.301,0.2028,8.713,0.4857,8.457
2022-04-09T06:25:56,42479.35,3207.94,110.31,0.2696,16.7,64.3,19.64,93.69,6.254,173.14,0.6459,0.02401,0.007481,2.363,1.523,2.43,1.445,3.79,164.26,13.46,0.8393,1.533,0.5967,2.361,423.83,1.033,51.66,0.7601,10.9,2.383e-05,0.217,2.958,1.271,2.301,0.2028,8.715,0.4857,8.457
2022-04-09T06:26:26,42489.99,3209.01,110.4,0.2694,16.7,64.3,19.64,93.79,6.211,173.15,0.6459,0.024,0.007481,2.363,1.525,2.43,1.445,3.793,164.29,13.51,0.84,1.533,0.5967,2.362,423.92,1.032,51.67,0.7604,10.9,2.384e-05,0.2172,2.959,1.271,2.301,0.2028,8.717,0.4856,8.456
2022-04-09T06:26:56,42490.19,3209.31,110.4,0.2689,16.7,64.3,19.65,93.82,6.229,173.21,0.6459,0.024,0.007481,2.362,1.523,2.43,1.446,3.797,164.32,13.51,0.84,1.534,0.5967,2.362,424.09,1.033,51.68,0.7603,10.9,2.385e-05,0.2172,2.959,1.271,2.302,0.2028,8.717,0.4857,8.456
2022-04-09T06:27:26,42487.8,3209.34,110.39,0.2692,16.75,64.4,19.65,93.76,6.201,173.21,0.6459,0.02401,0.007481,2.362,1.523,2.43,1.446,3.796,164.32,13.51,0.84,1.533,0.5967,2.362,424.1,1.033,51.69,0.7602,10.9,2.386e-05,0.2172,2.958,1.271,2.302,0.2029,8.71,0.4856,8.452
2022-04-09T06:27:56,42483.1,3208.8,110.29,0.269,16.7,64.4,19.65,93.77,6.195,173.28,0.6459,0.02397,0.007481,2.362,1.526,2.43,1.446,3.791,164.26,13.51,0.8393,1.533,0.5967,2.361,424.1,1.033,51.66,0.7593,10.9,2.385e-05,0.2173,2.958,1.27,2.301,0.2028,8.706,0.4854,8.451
2022-04-09T06:28:26,42481.23,3208.82,110.31,0.2692,16.7,64.4,19.63,93.77,6.195,173.3,0.6438,0.02397,0.007481,2.362,1.527,2.43,1.446,3.791,164.27,13.46,0.8393,1.531,0.5967,2.361,424.02,1.032,51.64,0.7592,10.9,2.385e-05,0.2172,2.958,1.27,2.302,0.2028,8.707,0.4852,8.456
2022-04-09T06:28:56,42487.58,3208.69,110.3,0.2691,16.7,64.4,19.62,93.77,6.195,173.3,0.6438,0.02397,0.007481,2.362,1.526,2.43,1.446,3.788,164.29,13.46,0.8393,1.531,0.5967,2.361,424.05,1.033,51.64,0.7591,10.9,2.385e-05,0.2172,2.957,1.27,2.301,0.2028,8.705,0.4852,8.457
2022-04-09T06:29:26,42489.88,3209.23,110.34,0.2684,16.7,64.2,19.61,93.78,6.201,173.24,0.6438,0.02398,0.007481,2.362,1.526,2.43,1.446,3.787,164.38,13.46,0.839,1.531,0.5967,2.361,423.98,1.033,51.67,0.759,10.9,2.385e-05,0.2172,2.958,1.27,2.301,0.2028,8.705,0.4855,8.455
2022-04-09T06:29:56,42491.24,3208.98,110.33,0.2686,16.7,64.3,19.61,93.79,6.2,173.26,0.6438,0.02399,0.00747,2.362,1.527,2.43,1.446,3.787,164.38,13.46,0.839,1.532,0.5967,2.361,424,1.033,51.68,0.7589,10.9,2.385e-05,0.2172,2.957,1.27,2.301,0.2028,8.705,0.4857,8.457
2022-04-09T06:30:26,42489.5,3208.92,110.34,0.2687,16.7,64.3,19.59,93.79,6.199,173.23,0.6437,0.02399,0.00747,2.367,1.53,2.43,1.446,3.792,164.37,13.46,0.839,1.532,0.5967,2.361,424.09,1.032,51.67,0.7588,10.9,2.385e-05,0.2172,2.957,1.271,2.302,0.2029,8.707,0.4857,8.452
2022-04-09T06:30:56,42482.8,3207.97,110.24,0.269,16.71,64.3,19.59,93.68,6.193,173.08,0.6437,0.02398,0.007469,2.367,1.53,2.43,1.446,3.787,164.31,13.46,0.839,1.532,0.5967,2.36,424.01,1.032,51.64,0.7588,10.9,2.385e-05,0.2172,2.954,1.27,2.3,0.2029,8.702,0.4853,8.457
2022-04-09T06:31:26,42482.23,3207.97,110.21,0.2691,16.72,64.3,19.58,93.67,6.193,173.06,0.6435,0.02398,0.007469,2.366,1.53,2.43,1.446,3.785,164.32,13.46,0.839,1.532,0.5967,2.358,424.02,1.033,51.64,0.7587,10.91,2.385e-05,0.2171,2.953,1.27,2.3,0.2029,8.698,0.4844,8.463
2022-04-09T06:31:56,42485.45,3208.51,110.27,0.2695,16.72,64.3,19.59,93.66,6.203,173.13,0.6435,0.02398,0.007469,2.366,1.53,2.43,1.446,3.788,164.36,13.46,0.839,1.533,0.5967,2.359,423.97,1.033,51.65,0.7588,10.91,2.385e-05,0.2171,2.953,1.27,2.3,0.2028,8.699,0.4847,8.462
2022-04-09T06:32:26,42483.88,3206.43,110.16,0.2691,16.72,64.3,19.59,93.64,6.206,173.03,0.6435,0.02398,0.007469,2.366,1.529,2.43,1.444,3.786,164.36,13.51,0.839,1.533,0.5967,2.358,423.99,1.033,51.71,0.7588,10.91,2.384e-05,0.2171,2.951,1.27,2.3,0.2028,8.695,0.4847,8.463
2022-04-09T06:32:56,42482.78,3206.83,110.14,0.2685,16.72,64.3,19.59,93.64,6.204,173.07,0.6435,0.02396,0.007469,2.369,1.529,2.43,1.444,3.787,164.35,13.51,0.839,1.533,0.5967,2.358,424.03,1.032,51.72,0.7588,10.91,2.384e-05,0.2171,2.951,1.27,2.299,0.2028,8.697,0.485,8.463
2022-04-09T06:33:26,42482.34,3206.95,110.18,0.2686,16.72,64.3,19.59,93.64,6.206,173.09,0.6435,0.02398,0.007468,2.369,1.53,2.43,1.444,3.783,164.38,13.5,0.8375,1.533,0.5967,2.359,424.03,1.031,51.73,0.7588,10.91,2.384e-05,0.2171,2.951,1.27,2.3,0.2029,8.696,0.4846,8.464
2022-04-09T06:33:56,42478.94,3206.67,110.17,0.2686,16.72,64.3,19.58,93.61,6.196,173,0.644,0.02397,0.007468,2.377,1.53,2.42,1.445,3.782,164.32,13.5,0.8375,1.533,0.5967,2.357,423.94,1.031,51.71,0.7582,10.91,2.383e-05,0.217,2.951,1.269,2.299,0.2028,8.691,0.4845,8.464
2022-04-09T06:34:26,42472.72,3205.2,110.09,0.2681,16.73,64.3,19.57,93.54,6.201,172.99,0.644,0.024,0.007468,2.377,1.53,2.42,1.444,3.791,164.29,13.48,0.8375,1.531,0.5967,2.357,423.81,1.031,51.65,0.758,10.91,2.383e-05,0.217,2.95,1.269,2.298,0.2028,8.687,0.4847,8.463
2022-04-09T06:34:56,42474.17,3205.98,110.1,0.268,16.74,64.2,19.57,93.53,6.2,173,0.6449,0.02399,0.007468,2.377,1.53,2.42,1.444,3.782,164.3,13.48,0.8375,1.531,0.5967,2.357,423.8,1.031,51.66,0.7581,10.91,2.383e-05,0.217,2.952,1.269,2.298,0.2028,8.682,0.4848,8.464
2022-04-09T06:35:26,42495.33,3208.54,110.28,0.2684,16.77,64.3,19.59,93.64,6.2,173.22,0.6458,0.02401,0.007468,2.383,1.529,2.42,1.446,3.791,164.49,13.46,0.8375,1.533,0.5967,2.362,424.02,1.032,51.76,0.7585,10.91,2.385e-05,0.2174,2.953,1.27,2.301,0.2028,8.692,0.485,8.464
2022-04-09T06:35:56,42512.88,3208.76,110.29,0.2683,16.77,64.3,19.6,93.66,6.199,173.25,0.6414,0.02402,0.007468,2.383,1.531,2.42,1.446,3.79,164.52,13.46,0.8375,1.534,0.5967,2.361,423.98,1.032,51.81,0.7586,10.9,2.386e-05,0.2174,2.956,1.27,2.302,0.2028,8.695,0.4852,8.464
2022-04-09T06:36:26,42500.5,3206.5,110.23,0.2682,16.79,64.3,19.59,93.66,6.197,173.21,0.6414,0.02399,0.007481,2.386,1.531,2.42,1.445,3.793,164.54,13.46,0.8375,1.534,0.5967,2.361,424.1,1.032,51.77,0.7586,10.9,2.386e-05,0.2174,2.955,1.27,2.302,0.2028,8.69,0.4853,8.464
2022-04-09T06:36:56,42490.99,3205.67,110.15,0.268,16.79,64.3,19.58,93.68,6.195,173.24,0.6441,0.02398,0.007481,2.386,1.533,2.42,1.445,3.788,164.38,13.46,0.84,1.53,0.5967,2.357,423.95,1.032,51.76,0.7584,10.9,2.384e-05,0.2174,2.951,1.269,2.3,0.2029,8.69,0.4852,8.459
2022-04-09T06:37:26,42470.29,3205.21,110.13,0.2681,16.79,64.3,19.58,93.64,6.191,173.12,0.6441,0.02415,0.007481,2.386,1.533,2.42,1.444,3.792,164.31,13.46,0.8389,1.53,0.5967,2.357,423.9,1.031,51.74,0.758,10.9,2.383e-05,0.2171,2.95,1.268,2.298,0.2028,8.678,0.4845,8.459
2022-04-09T06:37:56,42471.35,3204.65,110.13,0.2679,16.79,64.3,19.58,93.61,6.191,172.95,0.6441,0.02413,0.007481,2.386,1.533,2.42,1.444,3.791,164.25,13.46,0.84,1.53,0.5967,2.354,423.86,1.031,51.74,0.758,10.9,2.383e-05,0.2167,2.95,1.268,2.297,0.2027,8.677,0.4844,8.464
2022-04-09T06:38:26,42468.39,3204.59,110.12,0.2679,16.79,64.3,19.56,93.61,6.193,172.95,0.6441,0.02407,0.007481,2.386,1.532,2.42,1.444,3.791,164.28,13.51,0.84,1.53,0.5967,2.35,423.79,1.03,51.76,0.758,10.9,2.383e-05,0.2164,2.95,1.268,2.296,0.2027,8.676,0.4842,8.464
2022-04-09T06:38:56,42448.55,3204.59,110.07,0.2678,16.8,64.3,19.57,93.61,6.203,172.92,0.6441,0.02407,0.007468,2.386,1.532,2.42,1.444,3.788,164.3,13.51,0.84,1.53,0.5967,2.351,423.62,1.03,51.8,0.7579,10.9,2.383e-05,0.2165,2.951,1.268,2.296,0.2026,8.682,0.4844,8.463
2022-04-09T06:39:26,42417.46,3202.35,110.03,0.2673,16.76,64.2,19.54,93.51,6.199,172.6,0.6426,0.02399,0.007468,2.382,1.531,2.41,1.442,3.78,164.14,13.46,0.8389,1.525,0.5967,2.349,423.44,1.03,51.72,0.7574,10.9,2.382e-05,0.2161,2.946,1.267,2.293,0.2025,8.669,0.4835,8.453
2022-04-09T06:39:56,42421.55,3200.83,109.89,0.2668,16.76,64.3,19.55,93.5,6.198,172.63,0.6427,0.02404,0.007468,2.382,1.531,2.41,1.442,3.78,164.08,13.46,0.8389,1.526,0.5967,2.349,422.87,1.03,51.74,0.7574,10.9,2.379e-05,0.2161,2.946,1.266,2.294,0.2025,8.661,0.4831,8.437
2022-04-09T06:40:26,42433.8,3202.78,110.01,0.267,16.76,64.3,19.56,93.59,6.205,172.62,0.6427,0.02405,0.007468,2.387,1.53,2.41,1.442,3.784,164.05,13.45,0.8389,1.527,0.5967,2.35,423.38,1.031,51.81,0.7578,10.9,2.378e-05,0.2161,2.946,1.267,2.293,0.2025,8.665,0.4832,8.437
2022-04-09T06:40:56,42424.66,3201.55,109.92,0.2673,16.74,64.3,19.55,93.56,6.21,172.66,0.6427,0.024,0.007468,2.387,1.532,2.41,1.442,3.784,164.13,13.45,0.8389,1.527,0.5967,2.351,423.24,1.03,51.8,0.7578,10.9,2.377e-05,0.2164,2.946,1.266,2.293,0.2025,8.671,0.4831,8.441
2022-04-09T06:41:26,42437.05,3202.24,109.92,0.2673,16.73,64.2,19.55,93.6,6.206,172.7,0.6427,0.024,0.007441,2.387,1.531,2.41,1.443,3.781,164.14,13.45,0.8389,1.527,0.5967,2.351,423.26,1.03,51.83,0.7577,10.9,2.379e-05,0.2163,2.948,1.266,2.293,0.2024,8.671,0.4831,8.441
2022-04-09T06:41:56,42435.67,3200.58,109.96,0.2671,16.73,64.2,19.55,93.57,6.21,172.5,0.6428,0.02405,0.00744,2.387,1.532,2.41,1.443,3.783,164.06,13.45,0.8389,1.524,0.5967,2.35,423.19,1.03,51.81,0.7575,10.9,2.378e-05,0.2162,2.947,1.266,2.293,0.2024,8.664,0.4828,8.423
2022-04-09T06:42:26,42427.69,3200.14,109.83,0.267,16.73,64.2,19.54,93.52,6.206,172.44,0.6427,0.02402,0.00744,2.387,1.533,2.41,1.441,3.783,164.01,13.51,0.839,1.522,0.5967,2.349,423.03,1.03,51.79,0.7575,10.9,2.377e-05,0.2162,2.945,1.266,2.293,0.2024,8.663,0.4827,8.411
2022-04-09T06:42:56,42440.54,3200.48,109.86,0.2669,16.73,64.2,19.55,93.53,6.206,172.49,0.6427,0.02402,0.00744,2.387,1.533,2.41,1.442,3.787,164.09,13.51,0.839,1.522,0.5967,2.349,423.28,1.03,51.82,0.7577,10.9,2.377e-05,0.2162,2.948,1.266,2.293,0.2024,8.664,0.4828,8.409
2022-04-09T06:43:26,42439.03,3200.51,109.89,0.2671,16.73,64.2,19.56,93.58,6.206,172.55,0.6427,0.02402,0.00743,2.387,1.533,2.41,1.441,3.784,164.11,13.45,0.839,1.522,0.5967,2.35,423.19,1.03,51.83,0.7577,10.9,2.378e-05,0.2162,2.947,1.266,2.292,0.2024,8.666,0.4828,8.404
2022-04-09T06:43:56,42462.27,3202.74,110.09,0.2677,16.73,64.3,19.57,93.75,6.206,172.72,0.6428,0.02403,0.00743,2.387,1.533,2.41,1.442,3.784,164.13,13.45,0.839,1.522,0.5967,2.351,423.43,1.03,51.9,0.758,10.9,2.379e-05,0.2162,2.949,1.268,2.293,0.2025,8.678,0.4832,8.403
2022-04-09T06:44:26,42461.31,3202.27,109.99,0.2679,16.73,64.3,19.57,93.72,6.215,172.78,0.6428,0.02404,0.00743,2.387,1.533,2.41,1.442,3.785,164.17,13.55,0.8379,1.528,0.5928,2.35,423.35,1.031,51.93,0.7579,10.9,2.38e-05,0.2162,2.95,1.268,2.294,0.2025,8.674,0.4831,8.41
2022-04-09T06:44:56,42459.12,3201.72,110,0.2683,16.73,64.3,19.57,93.72,6.225,172.7,0.6432,0.02402,0.00743,2.387,1.532,2.41,1.443,3.784,164.15,13.55,0.8379,1.528,0.5928,2.351,423.43,1.031,51.94,0.7578,10.9,2.38e-05,0.2165,2.949,1.269,2.295,0.2025,8.677,0.4832,8.405
2022-04-09T06:45:26,42459.44,3201.5,110.01,0.2679,16.73,64.3,19.57,93.73,6.224,172.72,0.6432,0.02402,0.00743,2.387,1.533,2.41,1.443,3.784,164.15,13.55,0.8389,1.528,0.5928,2.351,423.52,1.031,51.92,0.7579,10.9,2.38e-05,0.2165,2.949,1.269,2.294,0.2028,8.679,0.4831,8.403
2022-04-09T06:45:56,42460.14,3201.35,109.99,0.2677,16.73,64.2,19.57,93.71,6.216,172.72,0.6432,0.02404,0.00744,2.387,1.533,2.41,1.443,3.78,164.11,13.55,0.8389,1.532,0.5928,2.351,423.47,1.032,51.93,0.7581,10.9,2.38e-05,0.2165,2.949,1.268,2.294,0.2029,8.679,0.483,8.403
2022-04-09T06:46:26,42459.9,3201.18,109.99,0.2675,16.73,64.2,19.57,93.74,6.218,172.71,0.6432,0.02401,0.00744,2.387,1.533,2.41,1.444,3.78,164.12,13.54,0.8389,1.55,0.5928,2.352,423.43,1.031,51.94,0.7581,10.9,2.381e-05,0.2165,2.95,1.269,2.294,0.2031,8.68,0.4829,8.403
2022-04-09T06:46:56,42471.82,3203.39,110.14,0.2678,16.73,64.2,19.58,93.8,6.219,173.08,0.6432,0.02402,0.00744,2.391,1.533,2.41,1.445,3.785,164.17,13.54,0.84,1.558,0.5928,2.353,423.61,1.032,51.97,0.7585,10.9,2.383e-05,0.2165,2.953,1.27,2.295,0.2032,8.689,0.4837,8.413
2022-04-09T06:47:26,42477.71,3205.37,110.27,0.2679,16.73,64.2,19.6,93.86,6.22,173.28,0.6453,0.02403,0.007441,2.391,1.535,2.41,1.446,3.784,164.29,13.54,0.84,1.556,0.5928,2.359,423.81,1.033,52.02,0.7588,10.9,2.384e-05,0.217,2.957,1.271,2.297,0.2033,8.699,0.4841,8.42
2022-04-09T06:47:56,42491.83,3205.47,110.26,0.2684,16.73,64.2,19.6,93.87,6.224,173.31,0.6453,0.02403,0.007441,2.391,1.535,2.41,1.446,3.781,164.32,13.54,0.839,1.556,0.5928,2.362,423.76,1.034,52.02,0.7589,10.9,2.384e-05,0.217,2.957,1.271,2.298,0.2032,8.699,0.4842,8.426
2022-04-09T06:48:26,42496.61,3205.64,110.34,0.2687,16.75,64.2,19.62,93.87,6.228,173.32,0.6465,0.02403,0.007441,2.391,1.535,2.41,1.446,3.781,164.33,13.54,0.8376,1.575,0.5928,2.362,423.83,1.034,52.03,0.7588,10.9,2.385e-05,0.2171,2.957,1.274,2.298,0.2034,8.706,0.485,8.426
2022-04-09T06:48:56,42493.86,3206.24,110.39,0.2687,16.75,64.2,19.62,93.86,6.226,173.33,0.6464,0.02401,0.007441,2.391,1.536,2.41,1.446,3.781,164.34,13.54,0.8376,1.577,0.5928,2.362,423.68,1.033,52.03,0.7587,10.9,2.385e-05,0.2171,2.957,1.273,2.298,0.2035,8.706,0.485,8.425
2022-04-09T06:49:26,42490.12,3205.42,110.39,0.2686,16.75,64.2,19.62,93.86,6.225,173.36,0.6466,0.02402,0.007441,2.391,1.535,2.41,1.446,3.782,164.34,13.45,0.84,1.577,0.5928,2.361,423.74,1.034,52.05,0.7588,10.9,2.384e-05,0.2171,2.957,1.273,2.297,0.2031,8.707,0.4852,8.419
2022-04-09T06:49:56,42485.43,3205.39,110.39,0.2682,16.75,64.3,19.62,93.86,6.225,173.33,0.6466,0.02401,0.007441,2.391,1.535,2.41,1.445,3.782,164.31,13.45,0.84,1.576,0.5928,2.36,423.62,1.034,52.06,0.7588,10.9,2.384e-05,0.2171,2.957,1.272,2.297,0.2032,8.706,0.485,8.42
2022-04-09T06:50:26,42484.85,3205.99,110.42,0.2678,16.75,64.3,19.63,93.9,6.223,173.2,0.6467,0.02402,0.007441,2.391,1.535,2.41,1.446,3.785,164.31,13.45,0.84,1.575,0.5928,2.36,423.73,1.033,52.07,0.7589,10.9,2.384e-05,0.2173,2.958,1.273,2.297,0.2027,8.709,0.485,8.419
2022-04-09T06:50:56,42485.41,3206.27,110.45,0.268,16.75,64.3,19.64,93.9,6.222,173.2,0.6467,0.02402,0.007441,2.391,1.535,2.41,1.446,3.786,164.31,13.45,0.84,1.575,0.5928,2.361,423.69,1.034,52.06,0.7589,10.9,2.384e-05,0.2173,2.959,1.273,2.298,0.2025,8.711,0.4851,8.424
2022-04-09T06:51:26,42484.58,3206.73,110.48,0.2681,16.75,64.3,19.65,93.93,6.232,173.33,0.6467,0.02403,0.007441,2.391,1.535,2.41,1.446,3.786,164.34,13.45,0.84,1.575,0.5928,2.361,423.86,1.034,52.06,0.7589,10.9,2.385e-05,0.2173,2.961,1.273,2.298,0.2025,8.712,0.4851,8.42
2022-04-09T06:51:56,42485.11,3207.36,110.58,0.2682,16.75,64.2,19.66,93.93,6.232,173.24,0.6438,0.02401,0.007441,2.391,1.535,2.41,1.446,3.787,164.36,13.45,0.84,1.575,0.5928,2.362,423.95,1.034,52.03,0.7588,10.9,2.385e-05,0.2173,2.961,1.273,2.299,0.2025,8.714,0.4854,8.419
2022-04-09T06:52:26,42483.27,3206.57,110.61,0.2682,16.75,64.2,19.65,93.91,6.228,173.25,0.6438,0.02401,0.007441,2.387,1.535,2.41,1.448,3.789,164.4,13.45,0.8389,1.575,0.5928,2.364,423.96,1.033,52.02,0.7589,10.9,2.385e-05,0.2175,2.961,1.273,2.3,0.2027,8.716,0.4853,8.421
2022-04-09T06:52:56,42485.04,3207.4,110.59,0.2683,16.74,64.2,19.66,93.91,6.229,173.34,0.6445,0.02401,0.007441,2.387,1.535,2.41,1.448,3.79,164.43,13.45,0.8389,1.572,0.5928,2.363,423.97,1.033,52.02,0.7588,10.9,2.386e-05,0.2175,2.961,1.273,2.3,0.2029,8.716,0.4853,8.419
2022-04-09T06:53:26,42488.96,3206.84,110.51,0.2682,16.79,64.2,19.66,93.96,6.223,173.36,0.6444,0.02402,0.007441,2.387,1.534,2.41,1.447,3.799,164.56,13.45,0.8389,1.578,0.5928,2.363,424.09,1.033,52.04,0.7588,10.92,2.385e-05,0.2175,2.962,1.273,2.301,0.2028,8.72,0.4857,8.422
2022-04-09T06:53:56,42488.43,3205.98,110.39,0.2675,16.79,64.2,19.66,93.93,6.219,173.33,0.6444,0.02401,0.007441,2.387,1.535,2.41,1.446,3.799,164.49,13.45,0.8389,1.572,0.5928,2.363,424.01,1.032,52.03,0.7587,10.91,2.384e-05,0.2173,2.96,1.273,2.3,0.2029,8.71,0.4857,8.425
2022-04-09T06:54:26,42472.98,3203.88,110.24,0.267,16.78,64.2,19.64,93.83,6.218,173.09,0.6444,0.02402,0.007444,2.387,1.535,2.41,1.446,3.801,164.34,13.45,0.8389,1.565,0.5928,2.361,423.94,1.032,51.98,0.7584,10.91,2.381e-05,0.2169,2.957,1.272,2.299,0.2028,8.697,0.4854,8.421
2022-04-09T06:54:56,42470.47,3205.04,110.29,0.2671,16.77,64.2,19.64,93.81,6.214,173.15,0.6444,0.024,0.007444,2.387,1.535,2.41,1.445,3.801,164.37,13.45,0.8376,1.566,0.5928,2.36,423.72,1.032,52,0.7583,10.91,2.381e-05,0.2169,2.956,1.272,2.299,0.2028,8.688,0.4854,8.42
2022-04-09T06:55:26,42468.07,3203.5,110.31,0.2671,16.77,64.2,19.64,93.79,6.214,173.12,0.6444,0.02399,0.007444,2.387,1.535,2.41,1.445,3.794,164.34,13.45,0.8376,1.566,0.5928,2.36,423.71,1.031,52,0.7583,10.91,2.38e-05,0.2171,2.956,1.272,2.297,0.2028,8.689,0.4851,8.418
2022-04-09T06:55:56,42459.11,3203.63,110.32,0.2669,16.77,64.2,19.64,93.78,6.213,173.14,0.6444,0.02399,0.007444,2.387,1.535,2.41,1.445,3.802,164.39,13.45,0.8383,1.57,0.5928,2.36,423.56,1.032,52.07,0.7583,10.91,2.379e-05,0.2169,2.956,1.272,2.297,0.2028,8.688,0.4852,8.413
2022-04-09T06:56:26,42460.03,3202.68,110.22,0.2669,16.77,64.2,19.64,93.76,6.216,173.12,0.6441,0.02399,0.007444,2.387,1.534,2.41,1.444,3.804,164.37,13.45,0.8383,1.57,0.5928,2.359,423.29,1.031,52.09,0.7582,10.91,2.379e-05,0.2169,2.954,1.271,2.296,0.2027,8.689,0.4852,8.413
2022-04-09T06:56:56,42459.08,3202.19,110.22,0.2671,16.77,64.2,19.64,93.74,6.216,173.11,0.6423,0.024,0.007444,2.387,1.534,2.41,1.445,3.798,164.34,13.45,0.8383,1.567,0.5928,2.355,423.22,1.032,52.14,0.7581,10.91,2.379e-05,0.2169,2.954,1.271,2.296,0.2027,8.686,0.4854,8.412
2022-04-09T06:57:26,42459.3,3202.08,110.23,0.2671,16.76,64.2,19.64,93.69,6.213,172.92,0.6422,0.02401,0.007444,2.387,1.533,2.41,1.444,3.796,164.33,13.45,0.8383,1.567,0.5928,2.355,423.13,1.032,52.13,0.7581,10.91,2.379e-05,0.2169,2.954,1.271,2.295,0.2028,8.685,0.4853,8.41
2022-04-09T06:57:56,42460.45,3201.88,110.24,0.267,16.76,64.2,19.64,93.64,6.212,172.94,0.6422,0.02399,0.007444,2.387,1.533,2.41,1.444,3.799,164.34,13.45,0.8383,1.567,0.5928,2.355,423.09,1.032,52.15,0.7581,10.91,2.379e-05,0.2168,2.953,1.271,2.294,0.2027,8.681,0.4853,8.411
2022-04-09T06:58:26,42458.79,3201.97,110.23,0.267,16.76,64.2,19.65,93.66,6.225,173,0.6423,0.02401,0.007444,2.387,1.533,2.41,1.444,3.796,164.36,13.67,0.8383,1.575,0.5928,2.355,422.93,1.031,52.16,0.7581,10.91,2.379e-05,0.2168,2.952,1.271,2.294,0.2027,8.678,0.4853,8.41
2022-04-09T06:58:56,42464.74,3203.47,110.25,0.2672,16.76,64.1,19.65,93.69,6.226,173.13,0.6422,0.02402,0.007444,2.387,1.533,2.41,1.444,3.802,164.38,13.67,0.8386,1.583,0.5928,2.358,422.96,1.032,52.18,0.7581,10.91,2.379e-05,0.2168,2.954,1.271,2.293,0.2028,8.683,0.4853,8.416
2022-04-09T06:59:26,42458.32,3202.82,110.24,0.2672,16.76,64.1,19.65,93.71,6.214,173.26,0.6422,0.02401,0.007444,2.387,1.533,2.41,1.444,3.799,164.35,13.66,0.84,1.586,0.5928,2.357,423.14,1.031,52.25,0.7581,10.91,2.38e-05,0.2168,2.955,1.272,2.293,0.2027,8.685,0.4853,8.416
2022-04-09T06:59:56,42455.15,3202.53,110.25,0.2672,16.76,64.1,19.64,93.7,6.219,173.22,0.6422,0.024,0.007444,2.387,1.533,2.41,1.445,3.798,164.34,13.66,0.84,1.586,0.5928,2.357,423.08,1.032,52.26,0.7581,10.91,2.38e-05,0.2168,2.954,1.272,2.294,0.2027,8.687,0.4854,8.409
2022-04-09T07:00:26,42449.75,3202.66,110.26,0.2662,16.76,64.2,19.65,93.7,6.214,173.14,0.6422,0.02398,0.007444,2.387,1.532,2.41,1.445,3.798,164.27,13.66,0.84,1.583,0.5928,2.356,423.07,1.032,52.27,0.7583,10.91,2.379e-05,0.2168,2.953,1.272,2.293,0.2027,8.686,0.4857,8.407
2022-04-09T07:00:56,42451.47,3202.83,110.32,0.266,16.76,64.2,19.65,93.77,6.219,173.17,0.6422,0.024,0.007449,2.387,1.532,2.41,1.445,3.793,164.31,13.66,0.84,1.587,0.5928,2.356,423.17,1.032,52.29,0.7584,10.91,2.379e-05,0.217,2.954,1.272,2.294,0.2028,8.697,0.4857,8.406
2022-04-09T07:01:26,42451.09,3202.57,110.39,0.2654,16.76,64.2,19.65,93.86,6.218,173.18,0.6433,0.02399,0.007449,2.387,1.533,2.41,1.445,3.797,164.45,13.66,0.84,1.587,0.5928,2.357,423.23,1.033,52.29,0.7584,10.91,2.379e-05,0.217,2.954,1.272,2.295,0.2028,8.694,0.4858,8.408
2022-04-09T07:01:56,42445.18,3202.46,110.47,0.2648,16.76,64.2,19.66,93.85,6.218,173.21,0.6433,0.024,0.007449,2.387,1.533,2.41,1.445,3.797,164.43,13.66,0.84,1.587,0.5928,2.357,423.32,1.033,52.32,0.7584,10.9,2.379e-05,0.217,2.954,1.271,2.295,0.2028,8.693,0.486,8.406
2022-04-09T07:02:26,42455.9,3203.82,110.45,0.2646,16.76,64.2,19.66,93.85,6.218,173.23,0.6431,0.02402,0.007449,2.387,1.533,2.41,1.446,3.797,164.49,13.66,0.84,1.587,0.5928,2.357,423.43,1.033,52.3,0.7584,10.9,2.38e-05,0.2168,2.955,1.271,2.295,0.2028,8.7,0.4861,8.401
2022-04-09T07:02:56,42467.22,3205.13,110.6,0.2651,16.76,64.2,19.66,93.89,6.218,173.43,0.6431,0.02402,0.007449,2.387,1.534,2.41,1.448,3.805,164.63,13.66,0.8384,1.586,0.5928,2.358,423.66,1.033,52.31,0.7586,10.9,2.382e-05,0.217,2.958,1.272,2.297,0.2028,8.703,0.4865,8.422
2022-04-09T07:03:26,42468.93,3205.09,110.55,0.2648,16.76,64.2,19.67,93.94,6.222,173.44,0.6431,0.02401,0.00745,2.387,1.534,2.41,1.448,3.805,164.66,13.65,0.8384,1.586,0.5928,2.36,423.95,1.034,52.27,0.7587,10.9,2.382e-05,0.217,2.957,1.273,2.298,0.2029,8.705,0.4863,8.426
2022-04-09T07:03:56,42459.28,3205.15,110.54,0.2651,16.76,64.1,19.67,93.97,6.228,173.47,0.6431,0.02401,0.00745,2.387,1.534,2.41,1.447,3.8,164.59,13.65,0.8384,1.586,0.5928,2.36,423.85,1.034,52.21,0.7586,10.9,2.382e-05,0.217,2.956,1.272,2.298,0.2029,8.705,0.4859,8.424
2022-04-09T07:04:26,42461.18,3205.65,110.63,0.2651,16.79,64.1,19.67,94.02,6.233,173.52,0.6431,0.02403,0.00745,2.387,1.534,2.41,1.447,3.804,164.61,13.66,0.8384,1.586,0.5928,2.36,423.76,1.033,52.16,0.7586,10.9,2.383e-05,0.217,2.955,1.272,2.298,0.2028,8.709,0.4861,8.426
2022-04-09T07:04:56,42469.55,3205.92,110.64,0.2649,16.79,64.1,19.67,94,6.233,173.54,0.6431,0.02402,0.00745,2.387,1.533,2.41,1.447,3.805,164.62,13.66,0.8384,1.585,0.5928,2.359,423.9,1.034,52.17,0.7585,10.9,2.384e-05,0.217,2.956,1.272,2.298,0.2029,8.708,0.4861,8.426
2022-04-09T07:05:26,42469.93,3205.87,110.65,0.265,16.79,64.1,19.68,94.05,6.229,173.56,0.643,0.02402,0.00745,2.387,1.533,2.41,1.448,3.814,164.61,13.74,0.8384,1.583,0.5928,2.359,423.85,1.034,52.18,0.7586,10.9,2.385e-05,0.217,2.958,1.273,2.298,0.2029,8.708,0.4863,8.434
2022-04-09T07:05:56,42470.39,3206.2,110.68,0.2653,16.79,64.1,19.68,94.04,6.227,173.47,0.643,0.02401,0.00745,2.387,1.533,2.41,1.448,3.813,164.58,13.74,0.8384,1.583,0.5928,2.36,423.9,1.034,52.18,0.7588,10.9,2.385e-05,0.217,2.958,1.274,2.298,0.2029,8.71,0.486,8.435
2022-04-09T07:06:26,42479.09,3206.54,110.73,0.2651,16.79,64.2,19.68,94.08,6.227,173.56,0.643,0.02402,0.007436,2.387,1.533,2.41,1.448,3.813,164.57,13.7,0.8384,1.583,0.5928,2.362,423.95,1.035,52.18,0.7587,10.9,2.386e-05,0.217,2.96,1.274,2.298,0.2028,8.712,0.486,8.435
2022-04-09T07:06:56,42471.63,3204.76,110.65,0.2652,16.83,64.2,19.68,94.08,6.227,173.52,0.643,0.024,0.007439,2.387,1.533,2.41,1.448,3.818,164.59,13.7,0.84,1.587,0.5928,2.362,423.88,1.035,52.17,0.7587,10.9,2.386e-05,0.217,2.959,1.274,2.298,0.2028,8.714,0.486,8.435
2022-04-09T07:07:26,42469.32,3205.12,110.66,0.2653,16.83,64.2,19.68,94.06,6.222,173.52,0.643,0.024,0.007464,2.387,1.533,2.41,1.447,3.823,164.6,13.69,0.84,1.587,0.5928,2.362,423.92,1.035,52.15,0.7587,10.9,2.385e-05,0.217,2.958,1.274,2.298,0.2028,8.711,0.4858,8.424
2022-04-09T07:07:56,42475.23,3205.86,110.72,0.2655,16.79,64.2,19.68,94.09,6.221,173.56,0.643,0.024,0.007464,2.387,1.533,2.41,1.448,3.82,164.65,13.69,0.84,1.587,0.5928,2.361,423.91,1.035,52.16,0.7599,10.91,2.385e-05,0.217,2.958,1.274,2.298,0.2029,8.716,0.4855,8.428
2022-04-09T07:08:26,42470.01,3205.77,110.71,0.2655,16.81,64.2,19.69,94.1,6.221,173.63,0.6436,0.02399,0.007464,2.39,1.533,2.41,1.448,3.82,164.64,13.68,0.84,1.587,0.5928,2.361,423.93,1.036,52.2,0.7602,10.91,2.385e-05,0.217,2.959,1.275,2.298,0.2028,8.72,0.4857,8.429
2022-04-09T07:08:56,42466.43,3205.45,110.7,0.2653,16.81,64.2,19.68,94.11,6.221,173.64,0.6436,0.02398,0.007464,2.39,1.531,2.41,1.448,3.82,164.77,13.68,0.8383,1.581,0.5928,2.361,423.96,1.036,52.22,0.7602,10.91,2.384e-05,0.217,2.959,1.275,2.298,0.2028,8.721,0.4857,8.429
2022-04-09T07:09:26,42469.29,3205.66,110.63,0.2654,16.81,64.2,19.68,94.12,6.214,173.71,0.6436,0.02399,0.007464,2.39,1.531,2.41,1.448,3.815,164.78,13.67,0.8383,1.582,0.5928,2.361,423.99,1.037,52.23,0.76,10.91,2.384e-05,0.217,2.959,1.275,2.298,0.2028,8.721,0.4857,8.429
2022-04-09T07:09:56,42469.23,3205.71,110.64,0.2655,16.81,64.1,19.68,94.16,6.214,173.68,0.6436,0.02399,0.007464,2.39,1.531,2.41,1.448,3.824,164.79,13.67,0.8387,1.582,0.5928,2.361,424.02,1.038,52.23,0.7598,10.91,2.385e-05,0.217,2.959,1.275,2.298,0.2028,8.723,0.4858,8.429
2022-04-09T07:10:26,42468.11,3205.76,110.62,0.2653,16.81,64.2,19.67,94.17,6.214,173.61,0.6436,0.02399,0.007474,2.39,1.531,2.41,1.448,3.815,164.82,13.67,0.8387,1.582,0.5928,2.361,424.02,1.037,52.22,0.7598,10.91,2.384e-05,0.217,2.96,1.275,2.298,0.2029,8.723,0.4858,8.429
2022-04-09T07:10:56,42465.26,3205.6,110.64,0.2651,16.83,64.2,19.67,94.2,6.225,173.59,0.6436,0.02397,0.007474,2.39,1.531,2.41,1.448,3.82,164.81,13.67,0.8387,1.582,0.5928,2.362,424.03,1.038,52.2,0.7599,10.91,2.385e-05,0.217,2.959,1.275,2.298,0.2029,8.722,0.4861,8.424
2022-04-09T07:11:26,42458.16,3205.02,110.6,0.2647,16.83,64.2,19.67,94.18,6.223,173.52,0.6418,0.02398,0.007474,2.39,1.531,2.41,1.448,3.816,164.77,13.67,0.8387,1.582,0.5928,2.362,423.77,1.038,52.18,0.7598,10.91,2.384e-05,0.217,2.957,1.274,2.297,0.2029,8.722,0.4861,8.428
2022-04-09T07:11:56,42436.73,3203.82,110.58,0.2646,16.82,64.2,19.66,94.14,6.22,173.31,0.6418,0.02399,0.007474,2.39,1.53,2.41,1.446,3.82,164.73,13.67,0.8387,1.582,0.5928,2.359,423.49,1.037,52.07,0.7593,10.91,2.383e-05,0.217,2.955,1.273,2.296,0.2027,8.712,0.4855,8.429
2022-04-09T07:12:26,42433.59,3202.04,110.39,0.2637,16.82,64.2,19.65,94.11,6.224,173.12,0.6417,0.02397,0.007474,2.387,1.53,2.41,1.444,3.818,164.58,13.69,0.8387,1.582,0.5928,2.358,423.15,1.037,52.03,0.759,10.91,2.382e-05,0.217,2.954,1.273,2.295,0.2025,8.705,0.4848,8.424
2022-04-09T07:12:56,42427.52,3201.9,110.36,0.2637,16.82,64.2,19.63,94.09,6.224,173.1,0.6417,0.02396,0.007468,2.387,1.53,2.41,1.444,3.818,164.44,13.69,0.84,1.585,0.5928,2.357,423.08,1.035,52.03,0.7588,10.91,2.381e-05,0.2165,2.952,1.271,2.294,0.2025,8.696,0.484,8.419
2022-04-09T07:13:26,42414.48,3199.63,110.33,0.2635,16.82,64.1,19.61,94.1,6.226,173.05,0.6417,0.02396,0.007463,2.387,1.529,2.41,1.444,3.816,164.37,13.71,0.84,1.589,0.5928,2.353,422.85,1.035,52,0.7586,10.91,2.381e-05,0.2163,2.95,1.269,2.293,0.2024,8.684,0.4837,8.416
2022-04-09T07:13:56,42411.06,3199.35,110.37,0.2638,16.82,64,19.61,94.08,6.222,172.88,0.6417,0.02398,0.007463,2.387,1.529,2.41,1.443,3.816,164.28,13.71,0.84,1.589,0.5928,2.352,422.72,1.035,51.99,0.7576,10.88,2.38e-05,0.2163,2.949,1.269,2.292,0.2022,8.68,0.4833,8.41
2022-04-09T07:14:26,42410.32,3198.88,110.44,0.2639,16.82,64.1,19.61,94.13,6.222,172.89,0.6417,0.02398,0.007463,2.387,1.529,2.41,1.443,3.818,164.28,13.71,0.84,1.589,0.5928,2.351,422.67,1.034,51.95,0.7574,10.87,2.38e-05,0.2163,2.949,1.268,2.292,0.2021,8.676,0.4833,8.409
2022-04-09T07:14:56,42412.01,3198.05,110.41,0.2643,16.82,64.1,19.62,94.16,6.223,172.95,0.6431,0.02398,0.007463,2.387,1.529,2.41,1.443,3.816,164.34,13.71,0.8333,1.575,0.5928,2.351,422.83,1.034,52.02,0.7573,10.87,2.38e-05,0.2163,2.951,1.269,2.292,0.2021,8.68,0.4838,8.409
2022-04-09T07:15:26,42421.04,3198.43,110.46,0.2642,16.82,64.1,19.61,94.23,6.223,172.99,0.6416,0.02398,0.007463,2.387,1.529,2.41,1.443,3.817,164.37,13.73,0.8333,1.576,0.5928,2.351,422.91,1.035,52.06,0.7575,10.87,2.381e-05,0.2163,2.95,1.269,2.293,0.2022,8.686,0.4844,8.407
2022-04-09T07:15:56,42423.07,3198.79,110.35,0.2641,16.82,64.1,19.6,94.25,6.212,172.92,0.6416,0.02398,0.007463,2.385,1.53,2.41,1.443,3.816,164.31,13.73,0.8408,1.573,0.5928,2.352,423.13,1.035,52.12,0.7577,10.87,2.38e-05,0.2163,2.952,1.27,2.293,0.2022,8.692,0.4845,8.411
2022-04-09T07:16:26,42426.51,3199.47,110.4,0.2633,16.77,64.1,19.6,94.3,6.202,172.95,0.6416,0.02396,0.00745,2.385,1.53,2.41,1.443,3.816,164.35,13.73,0.8408,1.577,0.5928,2.351,423.11,1.035,52.13,0.7575,10.88,2.381e-05,0.2163,2.952,1.269,2.292,0.2022,8.696,0.4846,8.417
2022-04-09T07:16:56,42436.01,3199.79,110.45,0.2634,16.79,64.1,19.6,94.29,6.202,173.13,0.6416,0.02398,0.00745,2.385,1.527,2.41,1.444,3.8,164.32,13.73,0.8408,1.575,0.5928,2.353,423.23,1.035,52.18,0.7576,10.88,2.381e-05,0.2163,2.953,1.269,2.293,0.2023,8.693,0.4846,8.419
2022-04-09T07:17:26,42435.58,3200.88,110.51,0.264,16.79,64.1,19.6,94.29,6.204,173.09,0.6416,0.02398,0.00745,2.385,1.527,2.41,1.444,3.816,164.28,13.73,0.8408,1.575,0.5928,2.353,423.22,1.036,52.2,0.7576,10.88,2.382e-05,0.2163,2.953,1.27,2.293,0.2023,8.694,0.4847,8.42
2022-04-09T07:17:56,42455.62,3202.03,110.6,0.2644,16.79,64.1,19.61,94.39,6.207,173.27,0.6416,0.024,0.00745,2.385,1.528,2.41,1.446,3.814,164.48,13.73,0.8408,1.579,0.5928,2.355,423.37,1.037,52.3,0.7579,10.88,2.383e-05,0.2163,2.957,1.271,2.294,0.2025,8.696,0.4847,8.421
2022-04-09T07:18:26,42462.1,3203.63,110.58,0.2642,16.79,64.3,19.62,94.54,6.207,173.34,0.6431,0.024,0.00745,2.385,1.528,2.41,1.446,3.814,164.65,13.64,0.8408,1.579,0.5928,2.36,423.58,1.036,52.33,0.758,10.91,2.383e-05,0.2163,2.959,1.273,2.296,0.2024,8.709,0.4856,8.415
2022-04-09T07:18:56,42459.52,3202.96,110.54,0.2641,16.79,64.3,19.63,94.52,6.207,173.32,0.6431,0.024,0.00745,2.385,1.528,2.41,1.447,3.814,164.7,13.64,0.8375,1.579,0.5928,2.361,423.59,1.036,52.34,0.7582,10.91,2.383e-05,0.2163,2.958,1.272,2.297,0.2026,8.707,0.4856,8.416
2022-04-09T07:19:26,42465.01,3203.33,110.6,0.2642,16.79,64.3,19.62,94.56,6.198,173.49,0.6431,0.02399,0.00745,2.385,1.529,2.41,1.447,3.817,164.67,13.64,0.8367,1.579,0.5928,2.361,423.7,1.036,52.28,0.7585,10.91,2.383e-05,0.2169,2.958,1.272,2.297,0.2028,8.704,0.4856,8.415
2022-04-09T07:19:56,42467.2,3203.71,110.65,0.2643,16.79,64.2,19.63,94.57,6.201,173.52,0.6431,0.02399,0.007437,2.385,1.529,2.41,1.446,3.817,164.71,13.64,0.8367,1.579,0.5928,2.361,423.62,1.037,52.28,0.7585,10.91,2.383e-05,0.2169,2.958,1.273,2.297,0.2031,8.703,0.4856,8.419
2022-04-09T07:20:26,42478.98,3205.21,110.82,0.2645,16.79,64.3,19.64,94.68,6.198,173.58,0.6431,0.02399,0.007444,2.385,1.53,2.41,1.446,3.817,164.82,13.64,0.8367,1.583,0.5928,2.364,423.74,1.037,52.33,0.7588,10.91,2.385e-05,0.2169,2.961,1.273,2.298,0.2033,8.707,0.4856,8.417
2022-04-09T07:20:56,42442.16,3203.88,110.7,0.2645,16.79,64.1,19.64,94.63,6.2,173.44,0.6431,0.02398,0.007437,2.385,1.53,2.41,1.447,3.817,164.85,13.64,0.8367,1.581,0.5928,2.362,423.73,1.037,52.3,0.7586,10.91,2.384e-05,0.2168,2.959,1.273,2.297,0.2034,8.702,0.4859,8.416
2022-04-09T07:21:26,42448.07,3205.83,110.68,0.2648,16.79,64.2,19.64,94.65,6.198,173.47,0.6431,0.02399,0.007437,2.385,1.53,2.41,1.449,3.816,164.75,13.67,0.8367,1.582,0.5928,2.364,424.01,1.037,52.29,0.7589,10.91,2.386e-05,0.2171,2.962,1.273,2.297,0.2035,8.701,0.4864,8.417
2022-04-09T07:21:56,42438.69,3203.98,110.58,0.2645,16.81,64.2,19.63,94.6,6.195,173.41,0.6436,0.02396,0.007437,2.385,1.531,2.41,1.448,3.805,164.69,13.67,0.836,1.582,0.5928,2.362,423.86,1.036,52.27,0.7587,10.91,2.386e-05,0.2171,2.958,1.272,2.297,0.2035,8.694,0.4862,8.411
2022-04-09T07:22:26,42442.33,3203.87,110.58,0.2647,16.81,64.2,19.62,94.59,6.195,173.43,0.6439,0.02395,0.007437,2.385,1.531,2.41,1.447,3.804,164.7,13.67,0.836,1.582,0.5928,2.362,423.83,1.036,52.27,0.7585,10.91,2.385e-05,0.2168,2.959,1.272,2.296,0.2035,8.702,0.4862,8.41
2022-04-09T07:22:56,42441.37,3203.94,110.62,0.2647,16.81,64.3,19.61,94.56,6.202,173.43,0.6439,0.02396,0.007437,2.385,1.531,2.41,1.447,3.808,164.71,13.67,0.836,1.582,0.5928,2.362,423.89,1.036,52.26,0.7584,10.91,2.385e-05,0.2168,2.958,1.272,2.295,0.2034,8.711,0.4861,8.416
2022-04-09T07:23:26,42440.82,3204.23,110.62,0.2647,16.81,64.3,19.63,94.62,6.202,173.46,0.6439,0.02395,0.007437,2.385,1.531,2.41,1.447,3.808,164.75,13.67,0.836,1.581,0.5928,2.362,423.9,1.037,52.26,0.7584,10.91,2.386e-05,0.2168,2.958,1.272,2.295,0.2034,8.712,0.4861,8.411
2022-04-09T07:23:56,42440.5,3204.13,110.62,0.2648,16.81,64.3,19.64,94.64,6.201,173.47,0.6439,0.02395,0.007458,2.381,1.531,2.41,1.448,3.812,164.77,13.67,0.8367,1.579,0.5928,2.36,423.79,1.037,52.24,0.7583,10.91,2.386e-05,0.2168,2.958,1.272,2.295,0.2034,8.712,0.4861,8.415
2022-04-09T07:24:26,42440.49,3203.86,110.58,0.2648,16.81,64.3,19.62,94.62,6.198,173.28,0.6439,0.02392,0.007458,2.381,1.53,2.41,1.447,3.811,164.65,13.67,0.8367,1.579,0.5928,2.36,423.74,1.036,52.21,0.7582,10.91,2.385e-05,0.2168,2.956,1.272,2.295,0.2034,8.701,0.4861,8.417
2022-04-09T07:24:56,42423.4,3202.14,110.57,0.2646,16.81,64.3,19.61,94.62,6.198,173.24,0.6439,0.02392,0.007458,2.381,1.531,2.41,1.447,3.811,164.71,13.67,0.8367,1.58,0.5928,2.358,423.49,1.036,52.2,0.7582,10.91,2.384e-05,0.2168,2.956,1.27,2.294,0.2034,8.702,0.4862,8.416
2022-04-09T07:25:26,42419.08,3201.51,110.56,0.2645,16.81,64.3,19.6,94.61,6.209,173.12,0.6439,0.02388,0.007458,2.381,1.531,2.41,1.446,3.801,164.7,13.67,0.8389,1.58,0.5928,2.357,423.39,1.036,52.17,0.7578,10.91,2.383e-05,0.2168,2.955,1.27,2.293,0.2034,8.702,0.4859,8.413
2022-04-09T07:25:56,42411.88,3200.96,110.36,0.2645,16.81,64.2,19.59,94.61,6.211,173.09,0.6437,0.02387,0.007458,2.381,1.531,2.41,1.446,3.799,164.68,13.67,0.8389,1.58,0.5928,2.357,423.24,1.036,52.13,0.7577,10.91,2.383e-05,0.2168,2.953,1.27,2.292,0.2033,8.702,0.4858,8.41
2022-04-09T07:26:26,42412.51,3200.96,110.39,0.2642,16.8,64.2,19.59,94.55,6.211,172.88,0.6437,0.02392,0.007458,2.381,1.53,2.41,1.445,3.799,164.61,13.67,0.8389,1.578,0.5928,2.356,423.17,1.035,52.12,0.7576,10.91,2.383e-05,0.2163,2.952,1.269,2.291,0.2032,8.696,0.4856,8.409
2022-04-09T07:26:56,42412.33,3200.57,110.29,0.264,16.82,64.2,19.58,94.48,6.211,172.87,0.6445,0.02397,0.007458,2.378,1.53,2.41,1.446,3.799,164.57,13.67,0.8389,1.575,0.5928,2.355,423.19,1.036,52.07,0.7575,10.91,2.381e-05,0.2164,2.951,1.269,2.291,0.2031,8.692,0.4855,8.408
2022-04-09T07:27:26,42411.79,3200.64,110.28,0.2641,16.82,64.2,19.58,94.48,6.211,172.89,0.6445,0.02399,0.007458,2.378,1.53,2.41,1.446,3.796,164.56,13.73,0.8399,1.575,0.5928,2.356,423.13,1.036,52.08,0.7576,10.91,2.382e-05,0.2164,2.951,1.268,2.29,0.2031,8.685,0.4855,8.402
2022-04-09T07:27:56,42409.58,3200.62,110.27,0.264,16.81,64.2,19.58,94.44,6.214,172.8,0.6447,0.02398,0.007458,2.378,1.53,2.41,1.445,3.796,164.56,13.73,0.8399,1.58,0.5934,2.356,423,1.036,52.08,0.7575,10.91,2.382e-05,0.2164,2.95,1.268,2.29,0.203,8.681,0.485,8.408
2022-04-09T07:28:26,42407.57,3200.18,110.25,0.2639,16.81,64.2,19.58,94.46,6.214,172.82,0.6447,0.02394,0.007458,2.378,1.53,2.41,1.444,3.795,164.56,13.73,0.8399,1.579,0.5934,2.356,423.1,1.037,52.14,0.7575,10.87,2.382e-05,0.2164,2.949,1.268,2.29,0.203,8.673,0.4848,8.407
2022-04-09T07:28:56,42411.24,3200.67,110.31,0.2637,16.81,64.2,19.58,94.47,6.216,172.84,0.6447,0.02394,0.007439,2.378,1.53,2.41,1.446,3.795,164.61,13.73,0.8399,1.579,0.59,2.356,423.14,1.036,52.11,0.7575,10.87,2.383e-05,0.2164,2.951,1.269,2.291,0.2031,8.675,0.485,8.402
2022-04-09T07:29:26,42398.09,3200.41,110.28,0.2634,16.8,64.2,19.58,94.45,6.216,172.95,0.6446,0.02391,0.007439,2.378,1.531,2.41,1.445,3.79,164.56,13.73,0.8399,1.579,0.59,2.356,423.03,1.036,52.1,0.7575,10.87,2.383e-05,0.2164,2.954,1.268,2.292,0.203,8.673,0.4851,8.401
2022-04-09T07:29:56,42393.9,3199.07,110.19,0.2631,16.8,64.3,19.57,94.37,6.216,172.81,0.6447,0.02393,0.007439,2.378,1.531,2.41,1.445,3.79,164.43,13.73,0.8399,1.579,0.59,2.355,423.04,1.036,52.06,0.7575,10.86,2.382e-05,0.2164,2.953,1.268,2.29,0.203,8.67,0.4851,8.402
2022-04-09T07:30:26,42383.26,3198.65,110.17,0.2628,16.8,64.2,19.56,94.36,6.212,172.64,0.6416,0.02394,0.007439,2.378,1.53,2.41,1.445,3.796,164.42,13.78,0.8399,1.577,0.59,2.354,423.04,1.036,52.06,0.7575,10.86,2.382e-05,0.2164,2.951,1.267,2.289,0.2029,8.656,0.485,8.403
2022-04-09T07:30:56,42401.71,3200.87,110.35,0.2636,16.8,64.1,19.58,94.49,6.217,172.83,0.6414,0.02395,0.007439,2.378,1.53,2.41,1.446,3.794,164.54,13.78,0.8399,1.58,0.59,2.358,423.29,1.036,52.17,0.7579,10.86,2.383e-05,0.2165,2.957,1.269,2.292,0.2033,8.674,0.4859,8.403
2022-04-09T07:31:26,42402.99,3201.46,110.37,0.2632,16.8,64.1,19.59,94.54,6.217,172.93,0.6414,0.02398,0.007439,2.378,1.525,2.41,1.447,3.789,164.6,13.7,0.8399,1.585,0.59,2.359,423.36,1.037,52.17,0.758,10.89,2.383e-05,0.2165,2.957,1.269,2.293,0.2034,8.671,0.4857,8.404
2022-04-09T07:31:56,42374.14,3199.49,110.24,0.2629,16.84,64.2,19.58,94.5,6.211,172.76,0.6414,0.02394,0.007443,2.378,1.524,2.41,1.446,3.789,164.47,13.7,0.8399,1.58,0.59,2.357,423.21,1.037,52.19,0.7577,10.86,2.382e-05,0.2165,2.953,1.268,2.292,0.2032,8.664,0.4854,8.403
2022-04-09T07:32:26,42374.66,3198.76,110.13,0.2629,16.81,64.2,19.57,94.48,6.206,172.77,0.6414,0.02394,0.007443,2.377,1.525,2.41,1.446,3.787,164.47,13.7,0.8399,1.58,0.59,2.355,422.99,1.037,52.18,0.7575,10.86,2.382e-05,0.2165,2.949,1.268,2.292,0.2032,8.661,0.4854,8.402
2022-04-09T07:32:56,42371.75,3198.16,110.06,0.2627,16.81,64.2,19.55,94.34,6.206,172.7,0.6414,0.02392,0.007443,2.377,1.524,2.41,1.445,3.788,164.33,13.7,0.8399,1.58,0.59,2.353,422.9,1.037,52.11,0.7571,10.86,2.378e-05,0.2165,2.947,1.267,2.29,0.2031,8.648,0.4843,8.399
2022-04-09T07:33:26,42369.69,3197.82,110.06,0.2628,16.78,64.1,19.55,94.25,6.205,172.55,0.6414,0.0239,0.007443,2.377,1.524,2.41,1.445,3.784,164.26,13.7,0.8368,1.579,0.59,2.353,422.77,1.037,52.07,0.757,10.86,2.377e-05,0.216,2.945,1.265,2.29,0.203,8.644,0.4835,8.392
2022-04-09T07:33:56,42366.06,3196.23,110.06,0.2627,16.78,64.1,19.55,94.19,6.208,172.48,0.6414,0.02391,0.007443,2.377,1.522,2.41,1.444,3.784,164.23,13.7,0.8368,1.579,0.59,2.352,422.59,1.037,52.08,0.7569,10.84,2.378e-05,0.216,2.945,1.265,2.289,0.203,8.644,0.4835,8.392
2022-04-09T07:34:26,42366.57,3196.42,110.15,0.2626,16.78,64.1,19.55,94.18,6.199,172.37,0.6413,0.02391,0.007443,2.377,1.522,2.41,1.444,3.784,164.24,13.7,0.8368,1.58,0.59,2.351,422.53,1.036,52.07,0.7568,10.84,2.378e-05,0.216,2.945,1.264,2.288,0.203,8.65,0.4834,8.394
2022-04-09T07:34:56,42363.93,3195.96,110.08,0.2625,16.78,64.1,19.54,94.15,6.199,172.32,0.6413,0.02391,0.007443,2.377,1.522,2.41,1.443,3.785,164.23,13.7,0.8368,1.58,0.59,2.349,422.41,1.037,52.04,0.7567,10.81,2.377e-05,0.2159,2.943,1.263,2.287,0.203,8.644,0.483,8.398
2022-04-09T07:35:26,42384.71,3197.14,110.22,0.2625,16.78,64.1,19.56,94.17,6.198,172.42,0.6411,0.02395,0.007443,2.377,1.522,2.41,1.443,3.79,164.24,13.7,0.8368,1.583,0.59,2.352,422.5,1.037,52.1,0.7572,10.82,2.378e-05,0.2159,2.945,1.264,2.288,0.203,8.644,0.4827,8.396
2022-04-09T07:35:56,42378.73,3196.84,110.19,0.2623,16.78,64.2,19.56,94.16,6.2,172.44,0.6349,0.02391,0.007443,2.377,1.522,2.41,1.444,3.79,164.22,13.7,0.8373,1.583,0.59,2.351,422.56,1.037,52.07,0.7574,10.82,2.379e-05,0.2159,2.946,1.263,2.288,0.203,8.646,0.4829,8.397
2022-04-09T07:36:26,42395.83,3198.94,110.22,0.2625,16.78,64.2,19.56,94.17,6.199,172.71,0.636,0.02394,0.007443,2.381,1.522,2.41,1.444,3.797,164.26,13.66,0.8373,1.583,0.59,2.352,422.58,1.037,52.09,0.7575,10.82,2.381e-05,0.2163,2.948,1.264,2.289,0.2031,8.649,0.4835,8.392
2022-04-09T07:36:56,42394.27,3199.29,110.21,0.2626,16.78,64.2,19.56,94.17,6.198,172.78,0.636,0.02395,0.007443,2.381,1.522,2.41,1.445,3.796,164.27,13.66,0.8373,1.583,0.59,2.353,422.69,1.037,52.05,0.7576,10.82,2.382e-05,0.2163,2.948,1.265,2.289,0.2031,8.654,0.4832,8.4
2022-04-09T07:37:26,42411.21,3201.47,110.32,0.2635,16.78,64.2,19.57,94.27,6.199,172.86,0.636,0.02393,0.007443,2.381,1.523,2.41,1.447,3.8,164.34,13.66,0.8396,1.586,0.59,2.355,422.94,1.037,52.08,0.7582,10.84,2.384e-05,0.2167,2.952,1.265,2.289,0.2032,8.67,0.4841,8.404
2022-04-09T07:37:56,42408.02,3203.44,110.4,0.2632,16.78,64.2,19.58,94.24,6.219,173.03,0.6358,0.02398,0.007443,2.381,1.523,2.41,1.448,3.796,164.43,13.66,0.8396,1.586,0.59,2.358,423.12,1.037,52.13,0.7585,10.84,2.386e-05,0.2167,2.954,1.266,2.291,0.2033,8.673,0.4847,8.409
2022-04-09T07:38:26,42409.65,3203.76,110.32,0.2631,16.84,64.2,19.59,94.28,6.21,173.06,0.6343,0.02396,0.007434,2.381,1.523,2.41,1.448,3.797,164.49,13.66,0.8396,1.586,0.59,2.359,423.24,1.038,52.15,0.7586,10.84,2.386e-05,0.2167,2.955,1.267,2.293,0.2035,8.671,0.4847,8.412
2022-04-09T07:38:56,42407.65,3203.55,110.33,0.2633,16.84,64.1,19.59,94.28,6.248,173.09,0.635,0.02395,0.007434,2.381,1.524,2.41,1.448,3.788,164.62,13.66,0.8396,1.585,0.59,2.359,423.26,1.038,52.14,0.7587,10.84,2.387e-05,0.2167,2.955,1.267,2.293,0.2035,8.675,0.4853,8.427
2022-04-09T07:39:26,42412.07,3204.3,110.38,0.2636,16.84,64.1,19.59,94.27,6.25,173.24,0.635,0.02396,0.007434,2.381,1.523,2.41,1.449,3.793,164.73,13.66,0.8474,1.592,0.59,2.36,423.36,1.039,52.08,0.7588,10.84,2.386e-05,0.2167,2.957,1.267,2.294,0.2035,8.678,0.4856,8.427
2022-04-09T07:39:56,42414.59,3204.41,110.4,0.2636,16.84,64.4,19.59,94.27,6.242,173.27,0.6372,0.02395,0.007434,2.381,1.522,2.41,1.449,3.795,164.77,13.66,0.8453,1.59,0.59,2.36,423.3,1.039,52.1,0.7588,10.84,2.386e-05,0.2167,2.957,1.267,2.294,0.2036,8.679,0.4855,8.424
2022-04-09T07:40:26,42413.34,3204.45,110.45,0.264,16.82,64.4,19.59,94.25,6.242,173.25,0.6341,0.02394,0.007434,2.38,1.523,2.41,1.449,3.795,164.83,13.66,0.8431,1.591,0.59,2.36,423.28,1.039,52.14,0.759,10.84,2.387e-05,0.2167,2.958,1.268,2.294,0.2036,8.684,0.4856,8.429
2022-04-09T07:40:56,42420.54,3205.74,110.48,0.2641,16.82,64.4,19.59,94.28,6.264,173.28,0.6342,0.02394,0.007434,2.38,1.523,2.41,1.448,3.797,164.93,13.66,0.8431,1.591,0.59,2.36,423.54,1.039,52.16,0.7591,10.84,2.387e-05,0.2167,2.96,1.268,2.295,0.2037,8.694,0.4858,8.429
2022-04-09T07:41:26,42431.83,3206.91,110.57,0.2648,16.82,64.5,19.61,94.37,6.264,173.35,0.6342,0.02396,0.007434,2.38,1.523,2.41,1.449,3.798,164.95,13.66,0.8431,1.591,0.59,2.362,423.68,1.04,52.23,0.7592,10.84,2.389e-05,0.217,2.962,1.268,2.295,0.2038,8.695,0.4862,8.432
2022-04-09T07:41:56,42432.57,3206.54,110.52,0.2643,16.82,65.1,19.62,94.36,6.268,173.44,0.6345,0.02394,0.007434,2.38,1.523,2.41,1.449,3.798,164.95,13.66,0.8448,1.59,0.59,2.361,423.74,1.04,52.23,0.7595,10.84,2.389e-05,0.2168,2.962,1.269,2.296,0.2038,8.695,0.4864,8.432
2022-04-09T07:42:26,42431.89,3205.65,110.48,0.2642,16.82,64.7,19.62,94.34,6.265,173.41,0.6345,0.02394,0.007434,2.38,1.523,2.41,1.449,3.802,164.92,13.66,0.8448,1.59,0.59,2.361,423.68,1.039,52.23,0.7596,10.84,2.389e-05,0.2168,2.962,1.268,2.297,0.2038,8.697,0.4864,8.431
2022-04-09T07:42:56,42414.47,3205.09,110.36,0.2645,16.82,65.1,19.61,94.31,6.262,173.42,0.6345,0.02391,0.00744,2.38,1.523,2.41,1.448,3.796,164.86,13.66,0.8448,1.588,0.59,2.361,423.62,1.039,52.18,0.7593,10.84,2.389e-05,0.2168,2.96,1.268,2.297,0.2038,8.696,0.4864,8.43
2022-04-09T07:43:26,42411.26,3205.02,110.36,0.2642,16.82,65,19.6,94.32,6.259,173.38,0.6345,0.02391,0.00744,2.38,1.523,2.41,1.449,3.795,164.85,13.66,0.8455,1.584,0.59,2.361,423.53,1.039,52.16,0.7593,10.84,2.388e-05,0.2168,2.958,1.267,2.296,0.2037,8.699,0.4865,8.431
2022-04-09T07:43:56,42398.02,3203.51,110.23,0.2638,16.82,65,19.59,94.32,6.274,173.22,0.6345,0.02391,0.00744,2.38,1.523,2.41,1.448,3.791,164.78,13.66,0.8462,1.592,0.59,2.359,423.4,1.04,52.12,0.7592,10.83,2.387e-05,0.2168,2.956,1.266,2.295,0.2038,8.696,0.486,8.432
2022-04-09T07:44:26,42394.81,3202.93,110.19,0.2636,16.82,65,19.59,94.31,6.274,173.22,0.6365,0.0239,0.00744,2.38,1.523,2.41,1.447,3.788,164.81,13.66,0.8462,1.591,0.59,2.359,423.07,1.039,52.05,0.7591,10.83,2.386e-05,0.2168,2.955,1.265,2.295,0.2036,8.686,0.4859,8.425
2022-04-09T07:44:56,42387.46,3202.06,110.18,0.2636,16.82,65,19.58,94.29,6.272,173.15,0.6365,0.02387,0.00744,2.38,1.523,2.41,1.447,3.788,164.67,13.66,0.8462,1.591,0.59,2.359,423.05,1.039,52.03,0.7591,10.83,2.386e-05,0.2164,2.955,1.265,2.294,0.2037,8.684,0.4859,8.423
2022-04-09T07:45:26,42400.68,3203.27,110.3,0.2641,16.82,65,19.6,94.42,6.272,173.27,0.6398,0.02392,0.00744,2.38,1.523,2.41,1.448,3.788,164.81,13.66,0.8462,1.591,0.59,2.36,423.08,1.039,52.06,0.7596,10.83,2.389e-05,0.2163,2.958,1.267,2.296,0.2038,8.692,0.4864,8.432
2022-04-09T07:45:56,42412.11,3205,110.39,0.2643,16.85,65.4,19.61,94.46,6.278,173.47,0.6397,0.02392,0.00744,2.38,1.523,2.41,1.449,3.791,164.78,13.66,0.8462,1.593,0.59,2.361,423.28,1.04,52.1,0.7598,10.83,2.39e-05,0.2166,2.962,1.267,2.297,0.2039,8.698,0.4867,8.432
2022-04-09T07:46:26,42435.34,3206.09,110.42,0.2642,16.85,65.3,19.63,94.5,6.281,173.58,0.6399,0.02392,0.00744,2.38,1.523,2.41,1.449,3.793,164.82,13.66,0.8462,1.591,0.59,2.365,423.69,1.041,52.17,0.7598,10.86,2.391e-05,0.2166,2.963,1.269,2.298,0.2038,8.707,0.4871,8.443
2022-04-09T07:46:56,42437.91,3206.44,110.43,0.2648,16.85,65.3,19.64,94.52,6.279,173.63,0.6399,0.02393,0.00744,2.38,1.527,2.41,1.449,3.793,164.85,13.66,0.8424,1.591,0.59,2.364,423.81,1.041,52.16,0.7599,10.87,2.392e-05,0.2168,2.963,1.269,2.299,0.204,8.708,0.4878,8.444
2022-04-09T07:47:26,42441.93,3207,110.46,0.2656,16.85,65.3,19.65,94.55,6.28,173.72,0.6401,0.02394,0.00744,2.38,1.526,2.41,1.449,3.797,164.9,13.67,0.8424,1.591,0.59,2.365,424.06,1.041,52.17,0.7603,10.87,2.394e-05,0.2168,2.963,1.269,2.3,0.204,8.717,0.4878,8.449
2022-04-09T07:47:56,42457.38,3207.58,110.62,0.2656,16.85,65.5,19.65,94.64,6.28,173.85,0.6405,0.02396,0.007409,2.382,1.526,2.41,1.452,3.795,164.95,13.67,0.8424,1.597,0.5683,2.367,424.14,1.041,52.2,0.7604,10.87,2.394e-05,0.217,2.965,1.27,2.3,0.204,8.718,0.4883,8.451
2022-04-09T07:48:26,42458.17,3209.36,110.6,0.2658,16.9,65.5,19.65,94.64,6.284,173.63,0.6405,0.02397,0.007409,2.384,1.526,2.41,1.451,3.794,165.05,13.66,0.8424,1.597,0.5683,2.366,424.25,1.041,52.19,0.7607,10.87,2.395e-05,0.217,2.965,1.271,2.3,0.204,8.719,0.4883,8.451
2022-04-09T07:48:56,42459.47,3209.49,110.64,0.2657,16.9,65.2,19.65,94.67,6.285,173.73,0.6405,0.02398,0.007409,2.384,1.526,2.41,1.452,3.796,165.05,13.66,0.8424,1.597,0.5683,2.367,424.34,1.041,52.19,0.7608,10.87,2.395e-05,0.217,2.966,1.271,2.301,0.204,8.721,0.4882,8.454
2022-04-09T07:49:26,42465.75,3210.65,110.72,0.2656,16.9,65.3,19.65,94.71,6.285,173.75,0.6405,0.024,0.007409,2.384,1.526,2.41,1.453,3.795,165.22,13.66,0.8424,1.594,0.5683,2.368,424.48,1.042,52.2,0.7609,10.88,2.397e-05,0.217,2.967,1.271,2.301,0.204,8.725,0.4877,8.458
2022-04-09T07:49:56,42482.72,3211.07,110.73,0.2657,16.9,65.2,19.66,94.93,6.286,173.81,0.6405,0.02399,0.007409,2.384,1.526,2.41,1.454,3.796,165.23,13.66,0.8424,1.595,0.5683,2.367,424.52,1.042,52.2,0.761,10.88,2.397e-05,0.2174,2.967,1.272,2.302,0.2041,8.726,0.4881,8.459
2022-04-09T07:50:26,42482.61,3210.93,110.71,0.2661,16.9,65.2,19.66,94.96,6.281,173.83,0.6405,0.024,0.007439,2.384,1.526,2.41,1.453,3.807,165.24,13.66,0.8443,1.595,0.5683,2.369,424.62,1.043,52.19,0.7609,10.88,2.398e-05,0.2175,2.97,1.271,2.302,0.2041,8.736,0.4885,8.458
2022-04-09T07:50:56,42493.29,3211.67,110.75,0.2661,16.9,65.3,19.67,94.97,6.281,174,0.6405,0.02402,0.007439,2.384,1.528,2.41,1.453,3.805,165.21,13.66,0.8443,1.595,0.5683,2.37,424.63,1.043,52.19,0.7612,10.89,2.397e-05,0.2176,2.97,1.272,2.304,0.2041,8.734,0.4885,8.465
2022-04-09T07:51:26,42480.49,3210.82,110.6,0.2656,16.9,65.3,19.66,94.93,6.274,173.94,0.6406,0.02398,0.00744,2.384,1.529,2.41,1.453,3.812,165.18,13.66,0.8443,1.595,0.5683,2.369,424.49,1.044,52.19,0.761,10.89,2.396e-05,0.2173,2.967,1.271,2.303,0.204,8.731,0.4875,8.46
2022-04-09T07:51:56,42476.82,3210.61,110.57,0.2656,16.9,65.3,19.66,94.91,6.272,173.58,0.6406,0.02398,0.00744,2.384,1.528,2.41,1.452,3.809,165.28,13.66,0.8443,1.599,0.5683,2.367,424.3,1.043,52.19,0.7608,10.89,2.396e-05,0.217,2.965,1.27,2.302,0.2039,8.731,0.487,8.451
2022-04-09T07:52:26,42486.8,3209.5,110.69,0.2656,16.86,65.3,19.67,95.02,6.271,173.74,0.6399,0.02397,0.00744,2.384,1.528,2.41,1.45,3.809,165.32,13.66,0.8443,1.592,0.5683,2.369,424.39,1.044,52.18,0.7608,10.89,2.396e-05,0.2174,2.968,1.271,2.303,0.2039,8.728,0.4874,8.452
2022-04-09T07:52:56,42502.06,3210.2,110.64,0.2657,16.86,65.3,19.68,95.12,6.265,173.78,0.6399,0.02399,0.00744,2.381,1.528,2.41,1.451,3.814,165.3,13.66,0.8443,1.594,0.5683,2.37,424.59,1.044,52.17,0.761,10.89,2.398e-05,0.2175,2.969,1.271,2.303,0.2039,8.735,0.4874,8.453
2022-04-09T07:53:26,42502.04,3211.49,110.68,0.2664,16.9,65.4,19.69,95.09,6.266,173.75,0.6413,0.024,0.00744,2.381,1.529,2.41,1.453,3.809,165.33,13.66,0.8419,1.594,0.5683,2.37,424.7,1.044,52.15,0.7613,10.89,2.398e-05,0.2175,2.968,1.272,2.303,0.2038,8.737,0.4874,8.458
2022-04-09T07:53:56,42503.37,3211.21,110.68,0.2664,16.87,65.3,19.69,95.12,6.268,173.73,0.6411,0.02399,0.007445,2.381,1.529,2.41,1.453,3.812,165.32,13.66,0.8419,1.597,0.5683,2.37,424.61,1.043,52.15,0.7613,10.9,2.398e-05,0.2172,2.968,1.273,2.303,0.2038,8.739,0.4874,8.457
2022-04-09T07:54:26,42497.69,3211.33,110.69,0.2656,16.87,65.6,19.68,95.13,6.275,173.74,0.6411,0.02399,0.007445,2.381,1.529,2.41,1.452,3.812,165.35,13.66,0.8419,1.594,0.5683,2.371,424.68,1.044,52.16,0.7616,10.9,2.398e-05,0.2173,2.968,1.274,2.303,0.2039,8.74,0.488,8.453
2022-04-09T07:54:56,42495.01,3211.46,110.7,0.2656,16.9,65.6,19.68,95.11,6.269,173.76,0.6411,0.02399,0.007445,2.381,1.529,2.41,1.452,3.812,165.36,13.71,0.8419,1.594,0.5683,2.371,424.57,1.043,52.16,0.7615,10.9,2.398e-05,0.2173,2.968,1.274,2.304,0.2039,8.741,0.488,8.452
2022-04-09T07:55:26,42497.34,3211.82,110.74,0.2656,16.9,65.5,19.69,95.15,6.263,173.84,0.6411,0.02405,0.007445,2.381,1.529,2.41,1.452,3.813,165.39,13.69,0.8419,1.596,0.5683,2.371,424.65,1.044,52.15,0.7617,10.91,2.398e-05,0.2173,2.969,1.275,2.304,0.2039,8.742,0.4885,8.457
2022-04-09T07:55:56,42503.04,3212.02,110.73,0.2656,16.9,65.5,19.69,95.15,6.263,173.89,0.6411,0.02405,0.007445,2.381,1.529,2.41,1.453,3.812,165.55,13.69,0.8419,1.594,0.5683,2.371,424.57,1.044,52.15,0.7615,10.91,2.397e-05,0.2173,2.97,1.275,2.304,0.2039,8.739,0.4884,8.463
2022-04-09T07:56:26,42493.62,3211.14,110.73,0.2647,16.9,65.5,19.68,95.1,6.264,173.81,0.6413,0.02404,0.007445,2.381,1.529,2.41,1.452,3.813,165.61,13.73,0.8416,1.594,0.5683,2.37,424.55,1.043,52.11,0.7614,10.91,2.395e-05,0.2171,2.968,1.275,2.303,0.2038,8.737,0.4877,8.466
2022-04-09T07:56:56,42473.16,3209.62,110.63,0.2644,16.9,65.6,19.67,95.12,6.264,173.76,0.6413,0.02401,0.007445,2.385,1.529,2.41,1.451,3.813,165.4,13.73,0.8517,1.59,0.5683,2.369,424.34,1.043,52.08,0.7612,10.89,2.394e-05,0.2169,2.967,1.274,2.302,0.2038,8.733,0.4866,8.463
2022-04-09T07:57:26,42471.37,3209.34,110.64,0.2643,16.89,65.6,19.67,95.15,6.265,173.76,0.6413,0.02401,0.007445,2.385,1.527,2.41,1.452,3.813,165.27,13.73,0.8517,1.586,0.5683,2.366,424.35,1.042,52.08,0.7608,10.89,2.393e-05,0.2169,2.966,1.275,2.302,0.2037,8.718,0.4866,8.465
2022-04-09T07:57:56,42468.24,3209.32,110.65,0.2642,16.89,65.6,19.66,95.13,6.258,173.7,0.6413,0.02402,0.007445,2.385,1.527,2.41,1.452,3.814,165.28,13.73,0.8447,1.586,0.5683,2.365,424.26,1.042,52.06,0.7606,10.89,2.392e-05,0.2169,2.966,1.274,2.302,0.2037,8.706,0.4862,8.462
2022-04-09T07:58:26,42466.87,3208.18,110.55,0.2644,16.89,65.6,19.67,95.14,6.256,173.69,0.6413,0.024,0.007445,2.385,1.527,2.41,1.452,3.814,165.26,13.73,0.8447,1.586,0.5683,2.364,424.1,1.043,52.04,0.7604,10.89,2.392e-05,0.2169,2.964,1.274,2.301,0.2037,8.707,0.4862,8.461
2022-04-09T07:58:56,42470.73,3208.93,110.65,0.2645,16.89,65.6,19.67,95.16,6.259,173.7,0.6413,0.02405,0.007445,2.385,1.527,2.41,1.451,3.814,165.31,13.73,0.8447,1.589,0.5683,2.366,424.18,1.043,52.05,0.7606,10.89,2.394e-05,0.2169,2.965,1.275,2.301,0.2038,8.712,0.4863,8.46
2022-04-09T07:59:26,42481.49,3210.44,110.71,0.2646,16.89,65.6,19.67,95.16,6.265,173.76,0.6413,0.02403,0.007445,2.385,1.528,2.41,1.452,3.814,165.36,13.73,0.8472,1.589,0.5683,2.366,424.32,1.043,52.06,0.7608,10.89,2.395e-05,0.2172,2.965,1.275,2.302,0.2038,8.719,0.4869,8.462
2022-04-09T07:59:56,42479.75,3209.52,110.7,0.2645,16.89,65.6,19.67,95.16,6.263,173.7,0.6413,0.02407,0.007445,2.385,1.528,2.41,1.452,3.817,165.39,13.73,0.8472,1.589,0.5683,2.366,424.41,1.043,52.11,0.7608,10.89,2.395e-05,0.2171,2.965,1.275,2.302,0.2038,8.722,0.4873,8.466
2022-04-09T08:00:26,42481.15,3209.56,110.65,0.2646,16.89,65.7,19.68,95.19,6.264,173.82,0.6413,0.02408,0.007445,2.385,1.529,2.41,1.453,3.817,165.45,13.73,0.8472,1.591,0.5683,2.365,424.49,1.044,52.11,0.761,10.89,2.395e-05,0.2171,2.966,1.276,2.301,0.2039,8.721,0.4875,8.463
2022-04-09T08:00:56,42489.02,3211.12,110.79,0.2647,16.89,65.8,19.69,95.23,6.265,173.91,0.6413,0.0241,0.007445,2.385,1.53,2.41,1.453,3.818,165.52,13.73,0.8472,1.591,0.5683,2.367,424.62,1.044,52.11,0.7613,10.89,2.396e-05,0.2173,2.969,1.277,2.303,0.2039,8.729,0.4875,8.464
2022-04-09T08:01:26,42493.88,3211.3,110.74,0.2648,16.89,65.8,19.69,95.22,6.268,173.95,0.6413,0.02409,0.007445,2.385,1.53,2.41,1.453,3.82,165.54,13.73,0.8442,1.591,0.5683,2.367,424.59,1.044,52.08,0.7615,10.9,2.396e-05,0.2173,2.968,1.277,2.303,0.2039,8.734,0.4881,8.467
2022-04-09T08:01:56,42493.81,3211.3,110.75,0.2653,16.89,65.7,19.69,95.27,6.272,173.96,0.6413,0.02408,0.007445,2.383,1.529,2.41,1.452,3.817,165.6,13.73,0.8442,1.591,0.5692,2.366,424.54,1.044,52.09,0.7617,10.9,2.397e-05,0.2173,2.967,1.277,2.303,0.2039,8.737,0.4881,8.463
2022-04-09T08:02:26,42494.56,3211.24,110.75,0.2655,16.89,65.7,19.69,95.31,6.274,174,0.6413,0.0241,0.00745,2.387,1.529,2.41,1.452,3.817,165.51,13.73,0.8442,1.591,0.5692,2.367,424.56,1.044,52.09,0.7623,10.9,2.397e-05,0.2173,2.966,1.277,2.303,0.2041,8.737,0.4878,8.466
2022-04-09T08:02:56,42494.67,3211.01,110.78,0.2655,16.92,65.7,19.69,95.38,6.277,174,0.6413,0.02409,0.00745,2.387,1.529,2.41,1.453,3.817,165.52,13.73,0.8487,1.589,0.5692,2.367,424.51,1.044,52.09,0.7624,10.91,2.397e-05,0.2173,2.965,1.277,2.303,0.2041,8.729,0.4874,8.462
2022-04-09T08:03:26,42484.58,3209.86,110.66,0.265,16.92,65.7,19.68,95.31,6.291,173.82,0.6413,0.02409,0.00745,2.387,1.529,2.41,1.453,3.817,165.44,13.73,0.845,1.585,0.5897,2.364,424.41,1.044,52.06,0.7621,10.91,2.397e-05,0.2169,2.963,1.277,2.302,0.2041,8.726,0.4874,8.461
2022-04-09T08:03:56,42481.18,3209.26,110.65,0.2646,16.92,65.7,19.68,95.3,6.291,173.69,0.6413,0.02409,0.00745,2.387,1.529,2.41,1.452,3.817,165.44,13.73,0.845,1.584,0.5897,2.364,424.34,1.044,52.05,0.7621,10.91,2.398e-05,0.2169,2.963,1.276,2.301,0.2041,8.726,0.4867,8.461
2022-04-09T08:04:26,42442.49,3207.87,110.59,0.2639,16.92,65.7,19.65,95.11,6.288,173.11,0.6413,0.02407,0.00745,2.387,1.528,2.41,1.452,3.809,165.11,13.73,0.845,1.586,0.5897,2.362,423.84,1.042,51.96,0.7611,10.89,2.396e-05,0.2165,2.96,1.273,2.298,0.2035,8.706,0.4862,8.452
2022-04-09T08:04:56,42442.37,3206.68,110.34,0.2635,16.92,65.7,19.64,94.99,6.292,173.05,0.6413,0.02404,0.00745,2.387,1.527,2.41,1.449,3.809,165.15,13.73,0.845,1.582,0.6075,2.361,423.85,1.041,51.97,0.7608,10.89,2.391e-05,0.2162,2.956,1.273,2.297,0.2033,8.707,0.4864,8.451
2022-04-09T08:05:26,42433.04,3203.89,110.3,0.2631,16.95,65.3,19.63,94.94,6.295,173.03,0.6413,0.02404,0.007463,2.387,1.527,2.41,1.448,3.809,165.17,13.73,0.845,1.58,0.5716,2.357,423.65,1.04,51.83,0.7606,10.89,2.391e-05,0.2162,2.956,1.272,2.297,0.2032,8.706,0.4862,8.448
2022-04-09T08:05:56,42438.03,3205.01,110.42,0.2634,16.87,65.5,19.63,95.01,6.296,173.21,0.6413,0.02404,0.007462,2.387,1.524,2.41,1.449,3.806,165.15,13.73,0.845,1.581,0.5716,2.358,423.58,1.041,51.86,0.7609,10.88,2.392e-05,0.2164,2.956,1.273,2.296,0.2033,8.708,0.487,8.443
2022-04-09T08:06:26,42440.87,3204.89,110.41,0.2638,16.87,65.4,19.63,94.96,6.295,173.29,0.6413,0.02408,0.007445,2.387,1.523,2.41,1.448,3.803,165.19,13.73,0.845,1.582,0.5716,2.358,423.72,1.041,51.87,0.7608,10.88,2.393e-05,0.2164,2.958,1.274,2.297,0.2033,8.71,0.4872,8.447
2022-04-09T08:06:56,42441.73,3204.22,110.44,0.2641,16.87,65.4,19.63,94.84,6.295,173.27,0.6416,0.02409,0.007445,2.387,1.524,2.41,1.449,3.8,165.24,13.73,0.845,1.58,0.5716,2.358,423.78,1.041,51.89,0.7609,10.89,2.393e-05,0.2164,2.958,1.274,2.297,0.2034,8.711,0.4878,8.449
2022-04-09T08:07:26,42425.01,3202.73,110.3,0.2635,16.87,65.4,19.62,94.78,6.297,173.12,0.6422,0.02407,0.007445,2.387,1.524,2.41,1.448,3.799,165.2,13.73,0.845,1.58,0.5716,2.357,423.64,1.041,51.9,0.7604,10.89,2.392e-05,0.2164,2.955,1.274,2.297,0.2033,8.709,0.4872,8.449
2022-04-09T08:07:56,42429.14,3203.26,110.36,0.2636,16.87,65.4,19.63,94.84,6.293,173.19,0.6421,0.02409,0.007445,2.387,1.525,2.41,1.449,3.802,165.21,13.73,0.845,1.582,0.5716,2.357,423.64,1.041,51.94,0.7606,10.89,2.393e-05,0.2164,2.955,1.274,2.297,0.2033,8.701,0.4873,8.442
2022-04-09T08:08:26,42421.09,3203.4,110.36,0.2632,16.87,65.4,19.63,94.87,6.296,173.21,0.6421,0.02408,0.007445,2.387,1.525,2.41,1.449,3.801,165.13,13.73,0.8458,1.582,0.5716,2.357,423.62,1.041,51.95,0.7606,10.89,2.393e-05,0.2164,2.956,1.274,2.297,0.2033,8.701,0.4873,8.443
2022-04-09T08:08:56,42431.52,3203.95,110.42,0.2633,16.87,65.4,19.64,94.88,6.299,173.25,0.6421,0.02412,0.007445,2.387,1.525,2.41,1.449,3.802,165.12,13.73,0.8458,1.582,0.5716,2.357,423.89,1.041,51.96,0.7607,10.88,2.393e-05,0.2164,2.957,1.274,2.296,0.2034,8.708,0.487,8.442
2022-04-09T08:09:26,42428.32,3203.97,110.39,0.2629,16.87,65.4,19.63,94.88,6.28,173.22,0.6421,0.02411,0.007447,2.387,1.525,2.41,1.448,3.801,165.16,13.77,0.8458,1.582,0.5716,2.357,423.9,1.039,51.97,0.7607,10.88,2.391e-05,0.2164,2.954,1.273,2.297,0.2034,8.704,0.4865,8.442
2022-04-09T08:09:56,42428.01,3204.47,110.4,0.2631,16.87,65.4,19.64,94.88,6.28,173.24,0.6421,0.0241,0.007447,2.387,1.525,2.41,1.449,3.803,165.16,13.77,0.8466,1.582,0.5716,2.357,423.88,1.039,51.97,0.7607,10.88,2.39e-05,0.2163,2.954,1.273,2.296,0.2034,8.702,0.4868,8.443
2022-04-09T08:10:26,42425.06,3204.13,110.37,0.2629,16.87,65.3,19.63,94.87,6.286,173.28,0.6421,0.02409,0.007447,2.387,1.525,2.41,1.449,3.8,165.17,13.77,0.8403,1.586,0.5813,2.359,423.91,1.038,51.98,0.7605,10.86,2.392e-05,0.2163,2.954,1.273,2.296,0.2034,8.701,0.4869,8.445
2022-04-09T08:10:56,42427.71,3204.01,110.35,0.263,16.87,65.4,19.63,94.86,6.286,173.19,0.6414,0.02409,0.007447,2.387,1.525,2.41,1.449,3.8,165.16,13.77,0.8403,1.586,0.5813,2.359,423.85,1.038,51.98,0.7605,10.86,2.392e-05,0.2163,2.954,1.273,2.296,0.2034,8.704,0.4869,8.446
2022-04-09T08:11:26,42426.59,3203.88,110.32,0.2625,16.88,65.4,19.63,94.76,6.285,173.17,0.6416,0.02408,0.007447,2.387,1.525,2.41,1.448,3.8,165.11,13.77,0.8403,1.586,0.5813,2.359,423.82,1.038,51.97,0.7603,10.86,2.392e-05,0.2163,2.955,1.273,2.296,0.2034,8.702,0.4865,8.446
2022-04-09T08:11:56,42426.58,3204.14,110.34,0.2629,16.96,65.3,19.63,94.75,6.285,173.14,0.6429,0.02407,0.007463,2.387,1.525,2.41,1.449,3.797,165.14,13.77,0.8416,1.584,0.5813,2.36,423.68,1.039,52.03,0.7604,10.86,2.391e-05,0.2163,2.956,1.274,2.297,0.2034,8.703,0.4864,8.445
2022-04-09T08:12:26,42422.98,3203.8,110.34,0.2629,16.96,65.3,19.63,94.75,6.283,173.08,0.6428,0.02408,0.007463,2.387,1.525,2.41,1.449,3.797,164.99,13.77,0.8416,1.585,0.5813,2.36,423.67,1.038,52.02,0.7604,10.86,2.391e-05,0.2163,2.954,1.275,2.297,0.2035,8.708,0.4864,8.445
2022-04-09T08:12:56,42424.02,3203.89,110.38,0.2629,16.95,65.3,19.63,94.78,6.284,173.17,0.6428,0.02409,0.007463,2.387,1.526,2.41,1.45,3.801,165.1,13.71,0.8416,1.585,0.5813,2.36,423.98,1.038,51.98,0.7605,10.86,2.389e-05,0.2163,2.955,1.276,2.297,0.2035,8.711,0.4867,8.445
2022-04-09T08:13:26,42426.66,3204.06,110.33,0.2625,16.94,65.3,19.63,94.77,6.282,173.19,0.6428,0.02408,0.007463,2.387,1.528,2.41,1.449,3.802,165.11,13.71,0.8414,1.585,0.5813,2.361,423.91,1.038,51.95,0.7606,10.86,2.388e-05,0.2164,2.955,1.276,2.298,0.2036,8.714,0.487,8.446
2022-04-09T08:13:56,42426.19,3204.08,110.31,0.2625,16.87,65.3,19.62,94.78,6.284,173.19,0.6428,0.02408,0.007463,2.387,1.526,2.41,1.449,3.802,165.03,13.71,0.8414,1.593,0.5813,2.361,423.91,1.038,51.87,0.7606,10.86,2.388e-05,0.2164,2.955,1.276,2.297,0.2037,8.703,0.487,8.445
2022-04-09T08:14:26,42431.53,3204.67,110.34,0.2627,16.87,65.3,19.64,94.83,6.288,173.33,0.6428,0.02407,0.007463,2.387,1.528,2.41,1.45,3.799,165.11,13.71,0.8414,1.59,0.5813,2.362,423.96,1.038,51.92,0.7608,10.86,2.389e-05,0.2164,2.955,1.276,2.298,0.2037,8.709,0.4873,8.447
2022-04-09T08:14:56,42440.98,3204.91,110.44,0.2629,16.87,65.3,19.63,94.92,6.288,173.43,0.6434,0.02408,0.007463,2.387,1.528,2.41,1.451,3.807,165.09,13.71,0.8414,1.59,0.5813,2.362,423.97,1.038,51.92,0.7605,10.86,2.389e-05,0.2164,2.957,1.277,2.298,0.2037,8.716,0.4876,8.448
2022-04-09T08:15:26,42444.1,3205.72,110.53,0.2629,16.87,65.3,19.65,95.02,6.284,173.5,0.6434,0.02408,0.007466,2.388,1.528,2.41,1.451,3.803,165.1,13.71,0.8414,1.59,0.5813,2.364,424.2,1.038,51.95,0.7607,10.86,2.39e-05,0.2164,2.959,1.277,2.299,0.2038,8.723,0.4877,8.443
2022-04-09T08:15:56,42454.42,3207.13,110.63,0.2634,16.87,65.3,19.66,95.09,6.291,173.55,0.6434,0.02409,0.007466,2.388,1.528,2.41,1.453,3.806,165.18,13.71,0.8438,1.591,0.5813,2.367,424.43,1.038,51.97,0.7609,10.86,2.391e-05,0.2164,2.962,1.278,2.301,0.2041,8.727,0.4877,8.442
2022-04-09T08:16:26,42454.08,3207.08,110.63,0.2635,16.87,65.3,19.66,95.11,6.286,173.56,0.6434,0.02411,0.007466,2.388,1.528,2.41,1.453,3.808,165.14,13.71,0.8438,1.592,0.5971,2.367,424.54,1.039,52,0.761,10.86,2.391e-05,0.2168,2.962,1.279,2.301,0.2041,8.731,0.4879,8.446
2022-04-09T08:16:56,42454.78,3207.37,110.64,0.2634,16.89,65.4,19.66,95.02,6.292,173.67,0.6434,0.02414,0.007466,2.388,1.527,2.41,1.452,3.806,165.16,13.71,0.8438,1.592,0.5813,2.367,424.59,1.039,52,0.761,10.86,2.391e-05,0.2168,2.961,1.279,2.301,0.2041,8.726,0.4881,8.451
2022-04-09T08:17:26,42467.63,3207.86,110.68,0.2636,16.93,65.4,19.67,95.02,6.284,173.7,0.6434,0.02416,0.007466,2.388,1.527,2.41,1.453,3.806,165.17,13.71,0.8425,1.592,0.5813,2.369,424.56,1.039,52.04,0.7611,10.86,2.392e-05,0.2168,2.963,1.28,2.301,0.2042,8.735,0.4881,8.451
2022-04-09T08:17:56,42460.94,3207.59,110.68,0.2637,16.9,65.4,19.67,95.02,6.281,173.67,0.6426,0.02413,0.007466,2.388,1.528,2.41,1.453,3.801,165.19,13.69,0.8425,1.58,0.5813,2.369,424.68,1.039,52.08,0.761,10.86,2.392e-05,0.2168,2.963,1.279,2.302,0.2043,8.735,0.4881,8.451
2022-04-09T08:18:26,42463.2,3207.59,110.69,0.2638,16.9,65.4,19.67,95.03,6.278,173.75,0.6426,0.02414,0.007466,2.388,1.528,2.41,1.453,3.802,165.18,13.69,0.8425,1.58,0.5813,2.369,424.61,1.039,52.05,0.761,10.86,2.392e-05,0.2168,2.963,1.279,2.304,0.2043,8.733,0.488,8.456
2022-04-09T08:18:56,42461.61,3207.67,110.71,0.2634,16.9,65.5,19.67,95.03,6.276,173.81,0.6434,0.02414,0.007466,2.388,1.528,2.41,1.453,3.801,165.21,13.69,0.8425,1.58,0.5813,2.369,424.58,1.04,52.05,0.7609,10.86,2.392e-05,0.2168,2.963,1.279,2.304,0.2043,8.732,0.4879,8.456
2022-04-09T08:19:26,42461.18,3207.72,110.71,0.2632,16.9,65.5,19.67,95.02,6.275,173.84,0.6434,0.02412,0.007466,2.388,1.528,2.41,1.452,3.804,165.21,13.69,0.843,1.58,0.5813,2.369,424.67,1.039,52.06,0.761,10.86,2.392e-05,0.2168,2.963,1.279,2.304,0.2043,8.733,0.4882,8.462
2022-04-09T08:19:56,42459.33,3208.12,110.76,0.2632,16.9,65.5,19.67,95.03,6.279,173.8,0.6435,0.02411,0.007466,2.385,1.528,2.41,1.453,3.801,165.21,13.69,0.843,1.581,0.5813,2.369,424.66,1.039,52.05,0.761,10.88,2.392e-05,0.2168,2.965,1.279,2.304,0.2043,8.73,0.4883,8.468
2022-04-09T08:20:26,42453.59,3207.75,110.71,0.2631,16.9,65.5,19.67,95.01,6.277,173.82,0.6435,0.02409,0.007466,2.385,1.528,2.41,1.453,3.811,165.15,13.69,0.843,1.581,0.5813,2.369,424.61,1.039,52.03,0.7609,10.88,2.393e-05,0.217,2.964,1.279,2.304,0.2043,8.727,0.4883,8.472
2022-04-09T08:20:56,42453.26,3207.69,110.7,0.2629,16.9,65.5,19.67,95,6.276,173.73,0.6435,0.02406,0.007466,2.385,1.528,2.41,1.453,3.811,165.09,13.75,0.843,1.58,0.5813,2.368,424.49,1.039,52.01,0.7607,10.88,2.394e-05,0.217,2.964,1.28,2.304,0.2043,8.728,0.4882,8.467
2022-04-09T08:21:26,42451.61,3207.7,110.7,0.263,16.9,65.4,19.67,95,6.277,173.71,0.6435,0.02403,0.007466,2.385,1.528,2.41,1.453,3.81,165.1,13.75,0.843,1.58,0.5813,2.367,424.52,1.039,52.01,0.7607,10.88,2.393e-05,0.217,2.964,1.28,2.304,0.2043,8.733,0.4884,8.464
2022-04-09T08:21:56,42445.93,3206.94,110.63,0.2628,16.9,65.2,19.66,94.91,6.283,173.75,0.6435,0.02402,0.007466,2.385,1.527,2.41,1.453,3.81,165.08,13.75,0.8439,1.578,0.5813,2.367,424.36,1.038,51.98,0.7606,10.88,2.393e-05,0.217,2.962,1.279,2.304,0.2042,8.733,0.4884,8.463
2022-04-09T08:22:26,42444.02,3206.88,110.63,0.2628,16.9,65.2,19.66,94.95,6.276,173.71,0.6435,0.02404,0.007466,2.385,1.528,2.41,1.454,3.81,165.14,13.75,0.8439,1.574,0.5813,2.368,424.43,1.038,51.99,0.7606,10.88,2.394e-05,0.217,2.963,1.279,2.304,0.2042,8.734,0.4883,8.468
2022-04-09T08:22:56,42419.16,3205.99,110.52,0.262,16.88,65.2,19.65,94.89,6.28,173.47,0.6435,0.02402,0.007466,2.385,1.527,2.41,1.453,3.806,165.05,13.75,0.8439,1.576,0.5813,2.365,424.19,1.037,51.94,0.7606,10.88,2.392e-05,0.2167,2.961,1.278,2.303,0.2042,8.729,0.4876,8.467
2022-04-09T08:23:26,42415.65,3205.62,110.5,0.2618,16.86,65.2,19.65,94.86,6.28,173.54,0.6435,0.02401,0.007466,2.385,1.527,2.41,1.453,3.806,165.05,13.75,0.8439,1.576,0.5813,2.364,424.13,1.037,51.92,0.7604,10.88,2.39e-05,0.2167,2.961,1.278,2.303,0.2042,8.725,0.4874,8.462
2022-04-09T08:23:56,42416.05,3205.02,110.49,0.2622,16.85,65.1,19.65,94.76,6.282,173.59,0.6435,0.02402,0.007466,2.385,1.528,2.41,1.453,3.805,164.98,13.75,0.8439,1.575,0.5813,2.364,424.01,1.038,51.9,0.7603,10.88,2.387e-05,0.2167,2.961,1.278,2.302,0.2041,8.727,0.4873,8.47
2022-04-09T08:24:26,42418.27,3204.84,110.52,0.2624,16.85,65.1,19.64,94.76,6.281,173.62,0.6435,0.02402,0.007466,2.385,1.527,2.41,1.452,3.805,164.83,13.75,0.8437,1.575,0.5813,2.365,423.94,1.037,51.89,0.7604,10.88,2.387e-05,0.2167,2.961,1.278,2.301,0.2041,8.729,0.4872,8.464
2022-04-09T08:24:56,42417.32,3204.84,110.52,0.2624,16.86,65,19.64,94.78,6.283,173.59,0.6418,0.024,0.007466,2.385,1.527,2.41,1.453,3.812,164.82,13.75,0.8437,1.575,0.5813,2.364,424.04,1.038,51.87,0.7604,10.88,2.388e-05,0.2167,2.961,1.279,2.301,0.2042,8.729,0.4874,8.463
2022-04-09T08:25:26,42433.72,3205.09,110.62,0.2621,16.86,65,19.65,94.82,6.287,173.54,0.6418,0.02401,0.00744,2.385,1.527,2.41,1.452,3.813,164.86,13.75,0.8437,1.575,0.5813,2.366,424.13,1.038,51.92,0.7604,10.88,2.387e-05,0.2167,2.965,1.279,2.303,0.2042,8.733,0.4873,8.468
2022-04-09T08:25:56,42423.74,3204.84,110.6,0.2621,16.86,65.1,19.65,94.86,6.285,173.5,0.6418,0.024,0.00744,2.385,1.527,2.41,1.453,3.814,164.83,13.75,0.8426,1.57,0.5813,2.365,424.01,1.037,51.9,0.7603,10.88,2.387e-05,0.2167,2.963,1.279,2.303,0.2043,8.73,0.4871,8.465
2022-04-09T08:26:26,42422.21,3204.57,110.58,0.2619,16.86,65.1,19.64,94.85,6.28,173.48,0.6418,0.024,0.00744,2.385,1.528,2.41,1.453,3.813,164.81,13.75,0.8426,1.567,0.5813,2.365,423.92,1.038,51.87,0.7603,10.88,2.387e-05,0.2167,2.962,1.279,2.303,0.2042,8.728,0.4871,8.463
2022-04-09T08:26:56,42420.02,3204.2,110.48,0.2616,16.86,65.1,19.64,94.79,6.281,173.43,0.6417,0.02399,0.00744,2.385,1.528,2.41,1.453,3.807,164.69,13.75,0.8426,1.567,0.5813,2.363,423.78,1.038,51.84,0.7603,10.88,2.384e-05,0.2167,2.962,1.278,2.302,0.2041,8.725,0.4871,8.462
2022-04-09T08:27:26,42402.34,3202.67,110.49,0.2617,16.86,65.1,19.64,94.79,6.298,173.41,0.645,0.02399,0.00744,2.385,1.528,2.41,1.452,3.807,164.65,13.75,0.8426,1.564,0.5813,2.362,423.72,1.037,51.83,0.7601,10.88,2.382e-05,0.2167,2.959,1.277,2.301,0.204,8.726,0.4866,8.46
2022-04-09T08:27:56,42401,3202.27,110.46,0.2616,16.86,65,19.62,94.8,6.303,173.4,0.645,0.02397,0.00744,2.385,1.528,2.41,1.451,3.807,164.67,13.75,0.8409,1.564,0.5813,2.361,423.61,1.037,51.8,0.7598,10.88,2.382e-05,0.2167,2.958,1.277,2.299,0.204,8.71,0.4863,8.456
2022-04-09T08:28:26,42386.57,3200.94,110.44,0.2615,16.86,64.9,19.6,94.71,6.303,173.39,0.6463,0.02394,0.00744,2.385,1.527,2.41,1.45,3.807,164.66,13.75,0.84,1.563,0.5813,2.36,423.32,1.036,51.78,0.7592,10.88,2.378e-05,0.2163,2.957,1.276,2.298,0.2039,8.706,0.4863,8.46
2022-04-09T08:28:56,42393.25,3202.42,110.45,0.2615,16.86,65,19.61,94.81,6.293,173.19,0.644,0.02397,0.00744,2.382,1.526,2.41,1.452,3.808,164.51,13.75,0.84,1.564,0.5813,2.36,423.47,1.036,51.76,0.7595,10.87,2.379e-05,0.2163,2.958,1.276,2.297,0.2039,8.696,0.4862,8.458
2022-04-09T08:29:26,42383.98,3202.56,110.39,0.2616,16.86,64.9,19.61,94.79,6.298,173.3,0.644,0.02399,0.00744,2.382,1.526,2.41,1.45,3.809,164.49,13.75,0.84,1.562,0.5813,2.36,423.64,1.036,51.8,0.7597,10.87,2.379e-05,0.2163,2.958,1.276,2.298,0.2039,8.696,0.4866,8.46
2022-04-09T08:29:56,42382.17,3202.35,110.42,0.2618,16.86,64.9,19.62,94.75,6.291,173.32,0.644,0.02398,0.007446,2.382,1.525,2.41,1.45,3.81,164.43,13.75,0.84,1.564,0.5813,2.359,423.62,1.036,51.8,0.7597,10.87,2.381e-05,0.2163,2.957,1.277,2.298,0.2039,8.701,0.4867,8.455
2022-04-09T08:30:26,42386.26,3202.77,110.48,0.2617,16.85,64.9,19.62,94.76,6.292,173.29,0.6439,0.02398,0.007446,2.382,1.525,2.41,1.45,3.814,164.44,13.75,0.8342,1.564,0.5813,2.359,423.71,1.037,51.83,0.7598,10.87,2.382e-05,0.2163,2.957,1.276,2.297,0.204,8.7,0.4859,8.455
2022-04-09T08:30:56,42386.61,3202.84,110.49,0.2616,16.86,64.9,19.62,94.68,6.284,173.26,0.6439,0.02398,0.007446,2.382,1.525,2.41,1.451,3.816,164.41,13.75,0.8342,1.567,0.5813,2.359,423.62,1.037,51.86,0.7598,10.87,2.382e-05,0.2163,2.957,1.277,2.297,0.204,8.703,0.4859,8.455
2022-04-09T08:31:26,42389.47,3202.83,110.47,0.2615,16.88,64.9,19.62,94.68,6.284,173.3,0.6458,0.02397,0.007446,2.382,1.526,2.41,1.451,3.817,164.42,13.75,0.8342,1.584,0.5813,2.36,423.72,1.037,51.87,0.7597,10.87,2.381e-05,0.2163,2.956,1.277,2.298,0.204,8.707,0.4859,8.458
2022-04-09T08:31:56,42407.78,3204.49,110.55,0.2614,16.88,65,19.63,94.7,6.286,173.48,0.6444,0.02399,0.007446,2.382,1.526,2.41,1.453,3.818,164.5,13.73,0.8342,1.584,0.5813,2.361,423.85,1.037,51.9,0.7601,10.87,2.383e-05,0.2163,2.959,1.278,2.298,0.2042,8.711,0.4865,8.453
2022-04-09T08:32:26,42380.01,3203.17,110.54,0.2615,16.87,65,19.62,94.69,6.286,173.5,0.6444,0.02399,0.007446,2.382,1.526,2.41,1.452,3.818,164.46,13.73,0.8342,1.584,0.5813,2.361,423.75,1.036,51.87,0.76,10.87,2.382e-05,0.2165,2.957,1.277,2.299,0.2042,8.706,0.4864,8.454
2022-04-09T08:32:56,42382.61,3202.96,110.55,0.2614,16.87,64.8,19.61,94.64,6.285,173.41,0.6444,0.02399,0.007446,2.382,1.526,2.41,1.451,3.811,164.4,13.75,0.8342,1.584,0.5813,2.36,423.74,1.036,51.87,0.7601,10.87,2.381e-05,0.2165,2.957,1.276,2.299,0.2042,8.7,0.4864,8.454
2022-04-09T08:33:26,42380.39,3202.69,110.54,0.2615,16.87,64.9,19.61,94.66,6.285,173.41,0.6444,0.02401,0.007446,2.382,1.526,2.41,1.451,3.812,164.35,13.75,0.8342,1.579,0.5813,2.36,423.71,1.036,51.9,0.7601,10.87,2.381e-05,0.2165,2.957,1.276,2.299,0.2042,8.701,0.4868,8.455
2022-04-09T08:33:56,42380.82,3202.67,110.55,0.2618,16.87,64.9,19.61,94.64,6.285,173.41,0.6444,0.02404,0.007446,2.382,1.526,2.41,1.452,3.813,164.21,13.74,0.8342,1.582,0.5813,2.36,423.76,1.037,51.89,0.76,10.87,2.381e-05,0.2165,2.959,1.276,2.299,0.2041,8.702,0.4868,8.454
2022-04-09T08:34:26,42373.62,3202.08,110.48,0.2618,16.87,64.9,19.6,94.65,6.285,173.39,0.6444,0.02404,0.007446,2.382,1.526,2.41,1.451,3.811,164.2,13.74,0.8407,1.582,0.5813,2.359,423.81,1.036,51.89,0.7601,10.87,2.383e-05,0.2165,2.957,1.275,2.298,0.2041,8.696,0.4867,8.459
2022-04-09T08:34:56,42397.5,3204.45,110.76,0.2624,16.84,65,19.63,94.72,6.292,173.54,0.6433,0.02412,0.007446,2.382,1.526,2.41,1.453,3.811,164.51,13.75,0.8407,1.583,0.5813,2.363,423.93,1.038,51.94,0.7605,10.87,2.385e-05,0.2168,2.96,1.277,2.301,0.2042,8.714,0.4873,8.463
2022-04-09T08:35:26,42473.35,3206.92,111.02,0.2625,16.85,65.2,19.69,94.92,6.293,174.03,0.6454,0.02416,0.007446,2.385,1.528,2.41,1.455,3.814,164.7,13.75,0.8399,1.583,0.5813,2.37,424.37,1.04,51.96,0.7619,10.91,2.39e-05,0.2172,2.963,1.281,2.306,0.2045,8.725,0.4884,8.485
2022-04-09T08:35:56,42453.87,3208.44,110.81,0.2622,16.85,65.2,19.68,94.91,6.293,173.92,0.6454,0.02409,0.007446,2.385,1.528,2.42,1.454,3.814,164.77,13.75,0.8399,1.594,0.5813,2.368,424.91,1.04,52.03,0.7617,10.91,2.387e-05,0.2172,2.968,1.279,2.305,0.2045,8.727,0.488,8.477
2022-04-09T08:36:26,42453.11,3207.85,110.71,0.262,16.85,65.2,19.68,94.89,6.29,173.92,0.646,0.02409,0.007446,2.385,1.529,2.42,1.455,3.814,164.8,13.75,0.8399,1.589,0.5813,2.368,425.06,1.04,52,0.7615,10.91,2.386e-05,0.2172,2.966,1.279,2.304,0.2045,8.729,0.4886,8.472
2022-04-09T08:36:56,42457.97,3207.56,110.77,0.2621,16.85,65.2,19.69,94.91,6.286,173.93,0.6439,0.02407,0.007446,2.385,1.529,2.42,1.455,3.814,164.81,13.75,0.8399,1.589,0.5813,2.368,424.61,1.04,52.02,0.7616,10.91,2.387e-05,0.2169,2.967,1.279,2.304,0.2045,8.719,0.4883,8.471
2022-04-09T08:37:26,42456.16,3208.32,110.76,0.2618,16.85,65.2,19.69,94.88,6.292,173.99,0.6448,0.02413,0.007446,2.385,1.53,2.42,1.456,3.815,164.86,13.75,0.8399,1.584,0.5996,2.368,424.6,1.04,52,0.7615,10.91,2.388e-05,0.2169,2.965,1.279,2.303,0.2045,8.724,0.4883,8.471
2022-04-09T08:37:56,42457.07,3208.53,110.77,0.2617,16.85,65.2,19.69,94.87,6.289,173.99,0.6448,0.02415,0.007446,2.385,1.529,2.42,1.456,3.816,164.8,13.75,0.8399,1.584,0.5996,2.368,424.63,1.039,52,0.7615,10.91,2.388e-05,0.2169,2.966,1.28,2.304,0.2046,8.724,0.4883,8.47
2022-04-09T08:38:26,42459.27,3208.96,110.77,0.2618,16.85,65.1,19.69,94.92,6.288,173.99,0.6448,0.02414,0.007446,2.385,1.53,2.42,1.457,3.816,164.8,13.75,0.84,1.581,0.5996,2.369,424.84,1.04,52,0.7616,10.88,2.388e-05,0.2169,2.967,1.28,2.304,0.2046,8.724,0.4885,8.465
2022-04-09T08:38:56,42458.28,3209.06,110.84,0.2619,16.85,65.2,19.68,94.93,6.291,174.03,0.6448,0.02415,0.007446,2.385,1.528,2.42,1.456,3.817,164.8,13.75,0.84,1.581,0.5996,2.369,424.8,1.04,51.98,0.7617,10.88,2.388e-05,0.2169,2.967,1.28,2.304,0.2046,8.726,0.4886,8.477
2022-04-09T08:39:26,42461.33,3210.49,110.87,0.2619,16.85,65.2,19.69,94.93,6.294,174.06,0.6448,0.02413,0.007446,2.385,1.528,2.42,1.456,3.818,164.79,13.75,0.84,1.581,0.5996,2.369,424.86,1.04,51.98,0.7617,10.88,2.388e-05,0.217,2.967,1.28,2.304,0.2046,8.726,0.4887,8.477
2022-04-09T08:39:56,42469.25,3211.07,110.93,0.2621,16.85,65.2,19.7,94.99,6.289,174.07,0.6448,0.02414,0.007446,2.385,1.528,2.43,1.457,3.817,164.8,13.75,0.84,1.585,0.5996,2.37,424.97,1.04,51.98,0.7618,10.88,2.387e-05,0.217,2.969,1.281,2.304,0.2046,8.73,0.4888,8.477
2022-04-09T08:40:26,42479.27,3211.38,110.94,0.2619,16.86,65.2,19.7,95.06,6.287,174.1,0.6449,0.02413,0.007446,2.385,1.528,2.43,1.457,3.817,164.86,13.75,0.84,1.585,0.5996,2.369,425.05,1.04,51.97,0.7619,10.88,2.388e-05,0.217,2.969,1.28,2.304,0.2046,8.73,0.4887,8.478
2022-04-09T08:40:56,42495.36,3212.11,110.96,0.262,16.85,65.2,19.71,95.1,6.288,174.07,0.6449,0.02418,0.007446,2.385,1.53,2.43,1.458,3.817,164.91,13.75,0.84,1.585,0.5996,2.37,425.19,1.041,51.98,0.7624,10.88,2.39e-05,0.217,2.971,1.281,2.305,0.2047,8.747,0.4887,8.485
2022-04-09T08:41:26,42503.1,3214.15,110.97,0.2626,16.85,65.2,19.71,95.19,6.288,174.13,0.6449,0.02418,0.007462,2.385,1.53,2.43,1.458,3.818,164.98,13.75,0.8393,1.583,0.5996,2.371,425.44,1.041,52.03,0.7626,10.88,2.39e-05,0.2173,2.97,1.281,2.306,0.2049,8.745,0.4891,8.487
2022-04-09T08:41:56,42493.45,3214.38,110.98,0.2627,16.85,65.2,19.7,95.19,6.29,174.12,0.6449,0.02417,0.007462,2.385,1.531,2.43,1.458,3.815,164.98,13.74,0.8393,1.582,0.5996,2.37,425.28,1.041,52.1,0.7626,10.88,2.391e-05,0.2173,2.969,1.281,2.306,0.2048,8.744,0.4891,8.488
2022-04-09T08:42:26,42484.3,3212.64,110.9,0.2622,16.85,65.3,19.69,95.16,6.292,174.08,0.6449,0.02417,0.007462,2.385,1.532,2.43,1.456,3.812,164.86,13.74,0.8393,1.581,0.5996,2.37,425.18,1.04,52.07,0.7622,10.88,2.39e-05,0.2173,2.968,1.28,2.305,0.2047,8.738,0.4882,8.481
2022-04-09T08:42:56,42485.51,3212.68,110.92,0.2624,16.85,65.3,19.69,95.17,6.292,174.09,0.6449,0.02414,0.007462,2.385,1.532,2.43,1.456,3.813,164.86,13.74,0.8431,1.581,0.5996,2.37,425.22,1.04,52.07,0.762,10.88,2.389e-05,0.217,2.969,1.28,2.307,0.2048,8.733,0.4884,8.479
2022-04-09T08:43:26,42470.82,3211.31,110.9,0.2625,16.85,65.3,19.68,95.11,6.289,174.04,0.6449,0.02414,0.007462,2.385,1.531,2.43,1.456,3.805,164.84,13.74,0.8431,1.581,0.5996,2.369,425.24,1.04,52.04,0.7614,10.88,2.387e-05,0.217,2.968,1.28,2.307,0.2048,8.733,0.4884,8.476
2022-04-09T08:43:56,42465.36,3211.48,110.9,0.2625,16.85,65.6,19.67,95.09,6.286,174.01,0.6449,0.02413,0.007462,2.385,1.531,2.43,1.456,3.804,164.71,13.74,0.8431,1.581,0.6003,2.369,425.19,1.039,52.01,0.7613,10.88,2.387e-05,0.217,2.968,1.28,2.305,0.2047,8.735,0.4882,8.472
2022-04-09T08:44:26,42474.65,3212.21,110.98,0.2625,16.85,65.7,19.68,95.13,6.294,174.09,0.6449,0.02413,0.007462,2.385,1.531,2.43,1.458,3.804,164.81,13.74,0.8431,1.581,0.6003,2.37,425.37,1.04,52,0.7612,10.88,2.388e-05,0.2169,2.97,1.281,2.306,0.2048,8.743,0.4888,8.473
2022-04-09T08:44:56,42468.36,3211.95,110.95,0.2626,16.85,65.4,19.69,95.16,6.28,174.1,0.6449,0.02416,0.007462,2.385,1.528,2.43,1.457,3.804,164.79,13.74,0.8378,1.581,0.6003,2.371,425.25,1.04,52.04,0.7612,10.88,2.388e-05,0.2169,2.97,1.281,2.306,0.2048,8.743,0.489,8.472
2022-04-09T08:45:26,42468.97,3212.56,110.91,0.2626,16.87,65.4,19.69,95.14,6.288,173.93,0.6449,0.02416,0.007462,2.385,1.53,2.43,1.457,3.804,164.76,13.74,0.8378,1.578,0.6003,2.371,425.23,1.04,52.04,0.7612,10.88,2.388e-05,0.2169,2.97,1.281,2.306,0.2048,8.743,0.4893,8.485
2022-04-09T08:45:56,42456.95,3212.17,110.91,0.2622,16.87,65.4,19.68,95.1,6.285,173.66,0.6449,0.02415,0.007462,2.385,1.529,2.43,1.456,3.802,164.74,13.74,0.8378,1.578,0.5917,2.37,425.18,1.039,52.03,0.7612,10.88,2.388e-05,0.2167,2.968,1.28,2.305,0.2047,8.744,0.4893,8.482
2022-04-09T08:46:26,42457.27,3210.56,110.97,0.2622,16.85,65.4,19.67,95.1,6.274,173.61,0.6457,0.02414,0.007462,2.384,1.529,2.43,1.457,3.802,164.68,13.74,0.8378,1.575,0.5916,2.369,425.07,1.039,52.02,0.7612,10.88,2.387e-05,0.2167,2.967,1.279,2.304,0.2047,8.741,0.489,8.476
2022-04-09T08:46:56,42455.9,3210.29,110.97,0.2622,16.85,65.4,19.68,95.1,6.276,173.76,0.6457,0.02414,0.007462,2.384,1.529,2.43,1.457,3.802,164.7,13.78,0.8445,1.574,0.5916,2.369,425.08,1.039,52.05,0.7614,10.88,2.387e-05,0.2167,2.968,1.28,2.305,0.2047,8.741,0.4887,8.472
2022-04-09T08:47:26,42457.81,3210.2,110.96,0.2617,16.85,65.5,19.67,95.1,6.276,173.78,0.6457,0.02413,0.007462,2.384,1.53,2.43,1.456,3.802,164.69,13.78,0.8442,1.574,0.5916,2.369,425.05,1.039,52.08,0.7615,10.88,2.386e-05,0.2167,2.968,1.279,2.305,0.2047,8.74,0.4887,8.468
2022-04-09T08:47:56,42432.79,3209.64,110.81,0.2616,16.85,65.2,19.65,94.95,6.282,173.52,0.6457,0.02409,0.007462,2.384,1.529,2.43,1.456,3.797,164.54,13.79,0.8442,1.575,0.5916,2.368,424.65,1.038,52.04,0.7614,10.88,2.386e-05,0.2169,2.964,1.278,2.303,0.2046,8.732,0.4882,8.464
2022-04-09T08:48:26,42399.28,3207.49,110.68,0.2612,16.85,65.2,19.62,94.91,6.265,173.36,0.6457,0.02403,0.007462,2.384,1.527,2.43,1.456,3.791,164.47,13.79,0.8442,1.568,0.5916,2.365,424.18,1.038,52,0.761,10.88,2.384e-05,0.2164,2.96,1.277,2.301,0.2043,8.721,0.4874,8.463
2022-04-09T08:48:56,42403.82,3204.6,110.68,0.2614,16.86,65.3,19.62,94.88,6.266,173.4,0.6453,0.02406,0.007457,2.384,1.527,2.43,1.454,3.796,164.43,13.77,0.8442,1.569,0.5916,2.364,424.12,1.038,51.94,0.7607,10.88,2.384e-05,0.2164,2.961,1.277,2.301,0.2043,8.722,0.4873,8.459
2022-04-09T08:49:26,42408.04,3205.89,110.81,0.2617,16.86,65.1,19.62,94.82,6.259,173.36,0.6435,0.0241,0.007467,2.384,1.526,2.43,1.456,3.793,164.44,13.77,0.8433,1.569,0.5728,2.365,424.13,1.038,51.95,0.7603,10.88,2.384e-05,0.2164,2.962,1.276,2.301,0.2043,8.725,0.4873,8.464
2022-04-09T08:49:56,42416.63,3205.44,110.76,0.2617,16.87,65.3,19.64,94.85,6.256,173.44,0.6435,0.02408,0.007455,2.384,1.527,2.43,1.456,3.792,164.54,13.77,0.8433,1.571,0.5728,2.365,424.33,1.038,51.95,0.7606,10.88,2.383e-05,0.2164,2.963,1.277,2.301,0.2045,8.719,0.4882,8.464
2022-04-09T08:50:26,42417.74,3205.45,110.82,0.2617,16.87,65.3,19.65,94.85,6.252,173.5,0.6435,0.02407,0.007455,2.384,1.527,2.43,1.456,3.793,164.56,13.77,0.8433,1.57,0.5728,2.364,424.34,1.038,51.95,0.7607,10.88,2.383e-05,0.2164,2.963,1.277,2.3,0.2045,8.719,0.4881,8.466
2022-04-09T08:50:56,42419.06,3205.58,110.86,0.2618,16.87,65.3,19.65,94.82,6.254,173.7,0.6435,0.02407,0.00744,2.384,1.528,2.43,1.456,3.793,164.61,13.77,0.8433,1.569,0.5915,2.365,424.48,1.038,51.96,0.7613,10.88,2.384e-05,0.2164,2.963,1.278,2.3,0.2045,8.728,0.4883,8.468
2022-04-09T08:51:26,42413.91,3204.94,110.81,0.2617,16.87,65.3,19.65,94.78,6.254,173.69,0.6435,0.02406,0.00744,2.383,1.529,2.43,1.456,3.793,164.53,13.77,0.8433,1.569,0.5915,2.365,424.33,1.037,51.94,0.7611,10.88,2.385e-05,0.2164,2.963,1.277,2.3,0.2046,8.728,0.4886,8.458
2022-04-09T08:51:56,42407.73,3204.86,110.81,0.2614,16.87,65.3,19.65,94.78,6.251,173.61,0.6435,0.02407,0.00744,2.383,1.53,2.43,1.456,3.789,164.64,13.8,0.8427,1.567,0.5915,2.365,424.29,1.037,51.97,0.761,10.88,2.384e-05,0.2164,2.964,1.277,2.301,0.2047,8.73,0.4887,8.456
2022-04-09T08:52:26,42435.21,3208.18,111.06,0.2619,16.87,65.3,19.67,94.91,6.253,173.82,0.6439,0.02413,0.00744,2.383,1.53,2.43,1.458,3.789,164.71,13.8,0.8427,1.568,0.5915,2.367,424.58,1.038,52.03,0.7615,10.88,2.388e-05,0.2165,2.967,1.279,2.304,0.2049,8.731,0.4888,8.461
2022-04-09T08:52:56,42462.08,3208.24,111.07,0.262,16.87,65.3,19.68,94.97,6.259,173.91,0.6439,0.02415,0.00744,2.383,1.531,2.43,1.457,3.796,164.77,13.8,0.8427,1.568,0.5915,2.369,424.9,1.039,52.03,0.7619,10.88,2.388e-05,0.2167,2.969,1.279,2.304,0.205,8.733,0.4891,8.467
2022-04-09T08:53:26,42464.35,3208.91,111.07,0.262,16.87,65.4,19.69,94.99,6.261,173.95,0.6439,0.02415,0.007446,2.383,1.531,2.43,1.458,3.799,164.8,13.8,0.8427,1.569,0.5917,2.369,424.88,1.039,52.09,0.7624,10.88,2.388e-05,0.2167,2.97,1.28,2.304,0.205,8.737,0.4897,8.465
2022-04-09T08:53:56,42464.23,3208.89,111.04,0.262,16.88,65.3,19.69,94.96,6.26,174.02,0.6439,0.02413,0.007446,2.383,1.531,2.43,1.458,3.801,164.84,13.8,0.8435,1.569,0.5917,2.369,425,1.04,52.1,0.7623,10.88,2.389e-05,0.2167,2.97,1.28,2.304,0.205,8.737,0.4898,8.465
2022-04-09T08:54:26,42477.22,3210.03,111.09,0.2623,16.9,65.3,19.71,94.97,6.259,174.07,0.6439,0.02413,0.007446,2.383,1.532,2.43,1.459,3.797,164.93,13.8,0.8435,1.566,0.5917,2.371,424.99,1.04,52.12,0.7623,10.88,2.389e-05,0.2167,2.971,1.28,2.307,0.205,8.74,0.4898,8.47
2022-04-09T08:54:56,42479.2,3210.25,111.09,0.2624,16.92,65.3,19.72,94.93,6.256,174.06,0.643,0.02414,0.007446,2.383,1.532,2.43,1.459,3.797,164.85,13.78,0.8435,1.567,0.5917,2.372,425.12,1.04,52.12,0.7624,10.88,2.389e-05,0.2167,2.972,1.28,2.308,0.205,8.741,0.4899,8.47
2022-04-09T08:55:26,42478.25,3211.44,111.09,0.2624,16.92,65.3,19.71,94.97,6.257,174.09,0.643,0.02413,0.007446,2.383,1.532,2.43,1.46,3.797,164.97,13.78,0.8435,1.568,0.5917,2.372,425.21,1.04,52.12,0.7624,10.88,2.389e-05,0.217,2.973,1.28,2.31,0.205,8.743,0.4899,8.47
2022-04-09T08:55:56,42476.11,3211.44,111.08,0.2624,16.92,65.5,19.72,94.98,6.255,174.08,0.643,0.02413,0.007446,2.383,1.532,2.43,1.46,3.797,164.94,13.78,0.8435,1.568,0.5917,2.372,425.21,1.04,52.13,0.7625,10.88,2.389e-05,0.217,2.973,1.28,2.311,0.205,8.745,0.4903,8.477
2022-04-09T08:56:26,42476.22,3211.46,111.1,0.2622,16.92,65.4,19.72,95.01,6.256,174.11,0.643,0.02413,0.007446,2.383,1.532,2.43,1.46,3.798,164.92,13.78,0.8442,1.568,0.5917,2.372,425.11,1.039,52.13,0.7626,10.88,2.39e-05,0.217,2.974,1.28,2.312,0.205,8.747,0.4906,8.478
2022-04-09T08:56:56,42476.54,3211.27,111.08,0.2622,16.92,65.5,19.72,95.05,6.257,174.14,0.643,0.02413,0.007446,2.383,1.532,2.43,1.461,3.799,164.94,13.78,0.8442,1.571,0.5917,2.372,425.13,1.039,52.13,0.7625,10.88,2.389e-05,0.217,2.974,1.28,2.312,0.205,8.747,0.4906,8.479
2022-04-09T08:57:26,42441.21,3208.17,111.03,0.2619,16.92,65.5,19.7,95,6.255,174.13,0.645,0.02407,0.007446,2.383,1.531,2.43,1.459,3.799,164.75,13.78,0.8442,1.571,0.5917,2.369,424.85,1.038,52.03,0.7616,10.9,2.387e-05,0.2166,2.968,1.278,2.309,0.2049,8.738,0.4906,8.471
2022-04-09T08:57:56,42447.09,3208.13,110.96,0.262,16.97,65.5,19.7,95.02,6.246,174.09,0.645,0.02407,0.007446,2.383,1.531,2.43,1.46,3.8,164.74,13.8,0.8442,1.569,0.5917,2.369,424.66,1.038,52.03,0.7618,10.9,2.387e-05,0.2166,2.969,1.278,2.305,0.2049,8.743,0.4906,8.471
2022-04-09T08:58:26,42454.89,3207.79,111.03,0.2624,16.99,65.5,19.7,95.04,6.25,174.19,0.645,0.02412,0.007457,2.383,1.531,2.43,1.459,3.797,164.89,13.8,0.844,1.568,0.5917,2.371,424.65,1.038,52,0.762,10.9,2.389e-05,0.2166,2.969,1.279,2.306,0.2049,8.75,0.4897,8.471
2022-04-09T08:58:56,42453.88,3207.89,111.02,0.2625,16.99,65.5,19.71,95.06,6.256,174.19,0.645,0.02413,0.007457,2.382,1.531,2.43,1.459,3.797,164.79,13.74,0.844,1.568,0.5917,2.37,424.77,1.039,52.02,0.7619,10.9,2.388e-05,0.2166,2.968,1.279,2.306,0.2049,8.755,0.4897,8.476
2022-04-09T08:59:26,42454.84,3208.13,111.02,0.2627,16.99,65.4,19.71,95.06,6.253,174.29,0.645,0.02413,0.007457,2.382,1.531,2.43,1.459,3.794,164.84,13.74,0.844,1.568,0.5917,2.37,424.74,1.039,52.02,0.7618,10.9,2.388e-05,0.2166,2.968,1.279,2.306,0.2049,8.755,0.4894,8.475
2022-04-09T08:59:56,42456.29,3208.46,111.01,0.2629,16.98,65.4,19.71,95.05,6.251,174.34,0.645,0.02414,0.007457,2.382,1.532,2.43,1.46,3.797,164.95,13.74,0.844,1.568,0.5917,2.37,424.7,1.038,52,0.762,10.9,2.388e-05,0.2166,2.97,1.28,2.307,0.205,8.76,0.4895,8.477
2022-04-09T09:00:26,42476.55,3210.57,111.07,0.263,16.98,65.4,19.72,95.09,6.263,174.52,0.6416,0.02418,0.007457,2.382,1.534,2.43,1.462,3.799,165.02,13.74,0.844,1.571,0.5931,2.372,425.09,1.039,52.03,0.7624,10.9,2.389e-05,0.2166,2.972,1.281,2.309,0.2051,8.765,0.4901,8.477
2022-04-09T09:00:56,42471.13,3209.81,110.96,0.2627,16.98,65.4,19.71,95.03,6.262,174.34,0.6442,0.02415,0.007457,2.382,1.533,2.43,1.461,3.799,165.21,13.74,0.844,1.569,0.5931,2.371,425.26,1.039,52.06,0.7624,10.9,2.389e-05,0.2166,2.971,1.28,2.308,0.2052,8.769,0.4905,8.479
2022-04-09T09:01:26,42463.31,3209.76,110.97,0.2625,16.98,65.5,19.71,95.03,6.26,174.37,0.6442,0.02415,0.007457,2.382,1.534,2.43,1.461,3.799,165.2,13.74,0.844,1.569,0.5931,2.371,425.39,1.039,52.07,0.7623,10.9,2.388e-05,0.2169,2.971,1.281,2.309,0.2052,8.767,0.4901,8.488
2022-04-09T09:01:56,42463.27,3209.52,110.97,0.2621,16.98,65.5,19.71,95.03,6.258,174.32,0.6442,0.02414,0.007457,2.382,1.533,2.43,1.46,3.799,165.12,13.79,0.844,1.569,0.5931,2.37,425.26,1.039,52.07,0.7621,10.9,2.388e-05,0.2169,2.971,1.281,2.309,0.2052,8.753,0.4901,8.488
2022-04-09T09:02:26,42461.21,3209.08,110.93,0.2619,16.98,65.5,19.71,95.01,6.26,174.3,0.6442,0.02411,0.007457,2.382,1.533,2.43,1.46,3.793,165.19,13.79,0.8472,1.568,0.5931,2.37,425.23,1.039,52.08,0.7622,10.9,2.387e-05,0.2169,2.971,1.28,2.309,0.2051,8.738,0.4906,8.487
2022-04-09T09:02:56,42448.06,3208.75,110.82,0.2616,16.98,65.5,19.71,94.99,6.261,174.04,0.6442,0.02408,0.007461,2.382,1.533,2.43,1.46,3.795,165.07,13.8,0.8472,1.57,0.5931,2.37,425.2,1.038,52.09,0.7618,10.9,2.387e-05,0.2167,2.969,1.279,2.309,0.205,8.734,0.4906,8.485
2022-04-09T09:03:26,42446.92,3208.7,110.84,0.2616,16.98,65.5,19.7,94.95,6.262,173.82,0.6442,0.02408,0.007461,2.382,1.533,2.43,1.46,3.796,165.09,13.8,0.8494,1.564,0.5931,2.368,425.22,1.038,52.08,0.7616,10.9,2.386e-05,0.2167,2.968,1.28,2.308,0.205,8.731,0.4906,8.487
2022-04-09T09:03:56,42446.54,3208.96,110.92,0.2618,16.98,65.5,19.71,94.92,6.262,174,0.6432,0.02411,0.007461,2.386,1.533,2.43,1.461,3.794,165.08,13.8,0.8494,1.567,0.5931,2.369,425.19,1.038,52.08,0.7614,10.9,2.387e-05,0.2167,2.968,1.279,2.308,0.205,8.73,0.4907,8.488
2022-04-09T09:04:26,42448.5,3209.11,110.9,0.2619,16.98,65.3,19.7,94.9,6.257,174.05,0.6422,0.0241,0.007461,2.384,1.534,2.43,1.461,3.794,165.21,13.8,0.8494,1.566,0.5931,2.369,425.2,1.039,52.08,0.7617,10.9,2.387e-05,0.2167,2.968,1.28,2.308,0.205,8.732,0.491,8.486
2022-04-09T09:04:56,42448.87,3208.8,110.92,0.2619,16.98,65.4,19.69,94.86,6.262,174.07,0.6421,0.02409,0.007461,2.383,1.534,2.43,1.46,3.794,165.24,13.8,0.8494,1.566,0.5932,2.369,425.27,1.039,52.08,0.7616,10.9,2.388e-05,0.2167,2.968,1.28,2.308,0.205,8.726,0.4914,8.486
2022-04-09T09:05:26,42448.45,3208.9,110.93,0.2619,16.98,65.4,19.69,94.82,6.259,174.1,0.6421,0.02408,0.007401,2.383,1.534,2.43,1.46,3.795,165.23,13.8,0.8494,1.565,0.5932,2.369,425.27,1.038,52.09,0.7616,10.9,2.387e-05,0.2167,2.968,1.281,2.308,0.2051,8.722,0.4914,8.487
2022-04-09T09:05:56,42441.39,3208.73,110.93,0.2619,16.96,65.2,19.7,94.85,6.258,174.17,0.6416,0.02408,0.007401,2.383,1.534,2.43,1.46,3.792,165.15,13.8,0.8471,1.565,0.5932,2.368,425.29,1.038,52.09,0.7618,10.9,2.388e-05,0.2167,2.968,1.281,2.308,0.205,8.72,0.4912,8.49
2022-04-09T09:06:26,42443.56,3208.99,110.92,0.2619,16.99,65.2,19.7,94.84,6.25,174.15,0.6421,0.02409,0.007401,2.383,1.534,2.43,1.46,3.793,165.14,13.8,0.8471,1.567,0.5932,2.368,425.25,1.038,52.09,0.7617,10.9,2.388e-05,0.2167,2.968,1.281,2.308,0.205,8.719,0.4913,8.489
2022-04-09T09:06:56,42460.34,3209.73,110.93,0.2622,16.99,65.2,19.7,94.85,6.248,174.08,0.6438,0.02408,0.007401,2.383,1.536,2.43,1.46,3.793,165.26,13.8,0.8471,1.568,0.5932,2.369,425.25,1.039,52.1,0.7618,10.9,2.388e-05,0.2167,2.968,1.283,2.308,0.205,8.715,0.4909,8.489
2022-04-09T09:07:26,42457.45,3210.47,110.92,0.2621,16.99,65.2,19.71,94.82,6.25,174.13,0.6438,0.0241,0.007401,2.383,1.534,2.43,1.46,3.792,165.34,13.8,0.8471,1.569,0.5932,2.368,425.33,1.039,52.09,0.7618,10.9,2.388e-05,0.2167,2.968,1.283,2.309,0.205,8.717,0.4909,8.49
2022-04-09T09:07:56,42461.92,3210.58,110.96,0.2624,16.99,65.3,19.71,94.84,6.252,174.15,0.6447,0.02411,0.007401,2.383,1.533,2.43,1.459,3.794,165.37,13.8,0.8471,1.57,0.5932,2.368,425.53,1.039,52.11,0.762,10.9,2.387e-05,0.2167,2.969,1.283,2.309,0.205,8.721,0.4907,8.485
2022-04-09T09:08:26,42461.76,3210.66,110.97,0.2624,16.99,65.3,19.72,94.89,6.252,174.17,0.6446,0.02411,0.007403,2.383,1.533,2.43,1.46,3.794,165.38,13.8,0.8482,1.572,0.5805,2.369,425.59,1.038,52.12,0.7621,10.9,2.387e-05,0.2167,2.969,1.283,2.309,0.2051,8.721,0.4902,8.489
2022-04-09T09:08:56,42462.43,3210.75,110.94,0.2624,16.9,65.4,19.71,94.88,6.25,174.1,0.6446,0.02411,0.007403,2.383,1.533,2.43,1.46,3.796,165.36,13.8,0.8482,1.569,0.5805,2.369,425.42,1.038,52.07,0.7619,10.92,2.387e-05,0.2167,2.966,1.282,2.309,0.2051,8.715,0.4894,8.49
2022-04-09T09:09:26,42456.03,3210.7,110.94,0.2621,16.9,65.4,19.71,94.87,6.262,174.12,0.6446,0.02408,0.007403,2.383,1.533,2.43,1.459,3.797,165.4,13.8,0.849,1.573,0.5805,2.368,425.32,1.039,52.06,0.7617,10.92,2.387e-05,0.2167,2.967,1.281,2.308,0.205,8.714,0.4896,8.484
2022-04-09T09:09:56,42458.32,3211.11,110.97,0.2621,16.9,65.4,19.7,94.87,6.262,174.09,0.6447,0.02409,0.007403,2.383,1.533,2.43,1.458,3.798,165.44,13.81,0.849,1.573,0.5805,2.368,425.31,1.038,52.07,0.7617,10.92,2.387e-05,0.2168,2.968,1.282,2.308,0.2051,8.715,0.4899,8.487
2022-04-09T09:10:26,42459.35,3211.36,110.97,0.2621,16.9,65.4,19.71,94.86,6.253,174.09,0.6443,0.02409,0.007403,2.383,1.535,2.43,1.458,3.796,165.43,13.81,0.849,1.573,0.5805,2.369,425.23,1.039,52.08,0.7617,10.92,2.386e-05,0.2168,2.966,1.282,2.308,0.2051,8.716,0.4899,8.488
2022-04-09T09:10:56,42456.15,3210.5,110.96,0.2621,16.9,65.4,19.71,94.86,6.253,174.08,0.6443,0.0241,0.007411,2.383,1.535,2.43,1.461,3.798,165.4,13.81,0.849,1.573,0.5805,2.369,425.31,1.039,52.07,0.7617,10.92,2.385e-05,0.2168,2.967,1.281,2.309,0.205,8.717,0.49,8.488
2022-04-09T09:11:26,42457.35,3210.96,110.92,0.262,16.9,65.4,19.71,94.88,6.256,174.1,0.6443,0.0241,0.007411,2.383,1.535,2.43,1.461,3.798,165.43,13.81,0.849,1.573,0.5805,2.368,425.3,1.038,52.08,0.7618,10.92,2.385e-05,0.2168,2.968,1.281,2.309,0.2051,8.715,0.4901,8.483
2022-04-09T09:11:56,42457.13,3211.07,110.93,0.2621,16.94,65.4,19.72,94.85,6.258,174.1,0.6443,0.02413,0.007411,2.383,1.54,2.43,1.461,3.793,165.43,13.81,0.849,1.573,0.5805,2.368,425.3,1.039,52.08,0.7618,10.92,2.385e-05,0.2168,2.967,1.281,2.308,0.2051,8.719,0.4901,8.484
2022-04-09T09:12:26,42455.75,3211.43,110.96,0.262,16.94,65.4,19.71,94.83,6.258,174.1,0.6443,0.02409,0.007411,2.383,1.537,2.43,1.463,3.796,165.44,13.81,0.8557,1.573,0.5805,2.368,425.34,1.038,52.07,0.7616,10.92,2.386e-05,0.2168,2.967,1.281,2.308,0.2051,8.714,0.4897,8.484
2022-04-09T09:12:56,42457.71,3212.06,110.95,0.2622,16.94,65.4,19.72,94.85,6.259,174.08,0.6444,0.02409,0.007411,2.383,1.539,2.43,1.462,3.796,165.42,13.68,0.8557,1.568,0.5805,2.37,425.39,1.038,52.08,0.7616,10.92,2.386e-05,0.2168,2.968,1.282,2.309,0.205,8.716,0.4892,8.488
2022-04-09T09:13:26,42461.66,3211.99,110.95,0.2622,16.94,65.4,19.71,94.88,6.256,174.21,0.6444,0.02409,0.007412,2.383,1.539,2.43,1.462,3.796,165.43,13.68,0.8557,1.567,0.5805,2.369,425.64,1.038,52.09,0.7617,10.94,2.387e-05,0.2168,2.967,1.282,2.308,0.205,8.712,0.4892,8.49
2022-04-09T09:13:56,42462.93,3212.31,110.97,0.2623,16.94,65.4,19.72,94.9,6.259,174.21,0.6448,0.0241,0.007412,2.383,1.537,2.43,1.464,3.799,165.44,13.73,0.8557,1.567,0.5805,2.369,425.6,1.038,52.1,0.7617,10.94,2.384e-05,0.2168,2.968,1.282,2.308,0.205,8.717,0.4896,8.49
2022-04-09T09:14:26,42468.77,3212.67,110.97,0.2623,16.95,65.4,19.72,94.94,6.259,174.09,0.6448,0.0241,0.007412,2.383,1.542,2.43,1.463,3.799,165.44,13.73,0.8557,1.567,0.5805,2.369,425.64,1.039,52.11,0.7618,10.94,2.383e-05,0.2168,2.968,1.282,2.309,0.2051,8.72,0.4904,8.491
2022-04-09T09:14:56,42466.81,3212.38,110.97,0.2624,16.95,65.4,19.72,94.97,6.26,174.09,0.6448,0.02411,0.007412,2.383,1.542,2.43,1.464,3.797,165.43,13.75,0.8557,1.567,0.5805,2.369,425.73,1.038,52.13,0.7617,10.94,2.383e-05,0.2168,2.968,1.281,2.309,0.2051,8.721,0.4909,8.494
2022-04-09T09:15:26,42465.72,3212.88,110.94,0.2625,16.95,65.4,19.72,94.98,6.258,174.22,0.6448,0.02411,0.007412,2.383,1.541,2.43,1.464,3.797,165.42,13.75,0.8557,1.567,0.5805,2.369,425.82,1.039,52.1,0.7617,10.94,2.383e-05,0.2168,2.968,1.282,2.309,0.205,8.724,0.4908,8.495
2022-04-09T09:15:56,42462.17,3212.7,110.93,0.2625,16.95,65.4,19.71,94.99,6.258,174.06,0.6449,0.02411,0.007412,2.383,1.541,2.43,1.463,3.798,165.38,13.73,0.8488,1.566,0.5805,2.369,426,1.038,52.08,0.7619,10.94,2.381e-05,0.2168,2.968,1.281,2.309,0.2051,8.725,0.4905,8.491
2022-04-09T09:16:26,42454.82,3212.37,110.93,0.2622,16.95,65.4,19.71,94.92,6.255,173.79,0.6449,0.02409,0.007412,2.383,1.541,2.43,1.461,3.797,165.33,13.73,0.8488,1.564,0.5805,2.367,425.92,1.039,52.06,0.7616,10.94,2.381e-05,0.2168,2.965,1.28,2.307,0.205,8.725,0.4901,8.495
2022-04-09T09:16:56,42447.1,3211.34,110.92,0.262,16.95,65.4,19.7,94.92,6.254,173.8,0.6449,0.02408,0.007412,2.383,1.541,2.43,1.462,3.798,165.36,13.73,0.8488,1.564,0.5805,2.365,425.87,1.039,52.05,0.7614,10.94,2.381e-05,0.2168,2.966,1.28,2.307,0.2049,8.712,0.4901,8.495
2022-04-09T09:17:26,42445.5,3210.97,110.9,0.2619,16.95,65.4,19.7,94.92,6.254,173.82,0.6449,0.02409,0.007412,2.383,1.54,2.43,1.461,3.797,165.37,13.73,0.8488,1.564,0.5805,2.366,425.77,1.038,52.03,0.7614,10.94,2.381e-05,0.2168,2.967,1.28,2.307,0.205,8.713,0.4901,8.494
2022-04-09T09:17:56,42445.64,3210.71,110.92,0.2619,16.95,65.4,19.7,94.87,6.254,174.21,0.6449,0.02409,0.007412,2.383,1.54,2.43,1.461,3.797,165.37,13.73,0.8488,1.564,0.5805,2.365,425.7,1.039,52.03,0.7615,10.94,2.381e-05,0.2168,2.966,1.28,2.307,0.205,8.71,0.4899,8.49
2022-04-09T09:18:26,42445.85,3210.6,110.89,0.2614,16.95,65.4,19.7,94.82,6.251,174.21,0.6454,0.02409,0.007412,2.383,1.54,2.43,1.46,3.797,165.33,13.73,0.8488,1.564,0.5805,2.364,425.81,1.038,52.05,0.7614,10.94,2.381e-05,0.2168,2.965,1.28,2.307,0.205,8.705,0.4899,8.496
2022-04-09T09:18:56,42442.22,3210.51,110.89,0.2614,16.95,65.4,19.7,94.81,6.249,174.07,0.6454,0.02409,0.007412,2.383,1.54,2.43,1.46,3.798,165.26,13.74,0.8488,1.566,0.5805,2.364,425.61,1.038,52.05,0.7615,10.89,2.38e-05,0.2168,2.964,1.28,2.306,0.2049,8.704,0.4895,8.496
2022-04-09T09:19:26,42428.55,3209.42,110.74,0.2612,16.95,65.4,19.7,94.78,6.245,174.12,0.6454,0.02406,0.007412,2.383,1.54,2.43,1.459,3.791,165.17,13.74,0.8488,1.569,0.5805,2.362,425.52,1.038,52.04,0.7612,10.88,2.38e-05,0.2163,2.963,1.279,2.305,0.2049,8.699,0.4895,8.491
2022-04-09T09:19:56,42428.64,3209.35,110.78,0.2613,16.95,65.4,19.7,94.75,6.25,174.23,0.6454,0.02406,0.007412,2.383,1.541,2.43,1.46,3.792,165.12,13.73,0.8488,1.569,0.5805,2.362,425.48,1.038,52.03,0.7612,10.88,2.379e-05,0.2163,2.963,1.279,2.304,0.2049,8.697,0.4891,8.483
2022-04-09T09:20:26,42428.79,3208.54,110.76,0.2612,16.97,65.4,19.7,94.74,6.249,174.21,0.6454,0.02407,0.007412,2.383,1.541,2.43,1.459,3.792,165.13,13.73,0.8483,1.565,0.5805,2.363,425.34,1.038,52.03,0.7613,10.88,2.38e-05,0.2163,2.964,1.279,2.305,0.2049,8.697,0.4885,8.493
2022-04-09T09:20:56,42429.06,3208.69,110.76,0.2613,16.97,65.4,19.7,94.73,6.251,174.14,0.6455,0.02406,0.007412,2.383,1.541,2.43,1.46,3.8,165.13,13.73,0.8483,1.566,0.5805,2.363,425.37,1.038,52.03,0.7613,10.88,2.38e-05,0.2163,2.964,1.28,2.305,0.2049,8.694,0.4887,8.497
2022-04-09T09:21:26,42430.47,3208.74,110.79,0.2613,16.97,65.4,19.7,94.71,6.246,174.15,0.6455,0.02405,0.007412,2.383,1.54,2.43,1.46,3.797,165.07,13.73,0.8483,1.566,0.5805,2.362,425.3,1.038,52.03,0.7614,10.88,2.38e-05,0.2163,2.963,1.28,2.306,0.2049,8.695,0.4887,8.496
2022-04-09T09:21:56,42433.48,3209.5,110.78,0.2613,16.97,65.4,19.69,94.7,6.251,174.15,0.6455,0.02406,0.007412,2.382,1.54,2.43,1.46,3.796,165.12,13.73,0.8474,1.567,0.5805,2.362,425.43,1.038,52.04,0.7613,10.88,2.381e-05,0.2163,2.965,1.28,2.306,0.2049,8.694,0.4883,8.496
2022-04-09T09:22:26,42446.19,3209.7,110.89,0.2613,16.97,65.5,19.7,94.73,6.253,174.28,0.6455,0.02407,0.007412,2.382,1.541,2.43,1.46,3.797,165.2,13.73,0.8474,1.566,0.5805,2.363,425.74,1.038,52.1,0.7617,10.88,2.381e-05,0.2163,2.966,1.281,2.306,0.2049,8.7,0.4885,8.491
2022-04-09T09:22:56,42444.19,3210.3,110.9,0.2616,16.97,65.5,19.7,94.74,6.253,174.29,0.6455,0.02407,0.007403,2.382,1.541,2.43,1.461,3.797,165.3,13.73,0.8474,1.564,0.5805,2.363,426.16,1.039,52.13,0.7623,10.88,2.381e-05,0.2163,2.968,1.281,2.308,0.205,8.697,0.4885,8.491
2022-04-09T09:23:26,42442.61,3210.25,110.87,0.2616,16.97,65.5,19.7,94.72,6.253,174.19,0.6455,0.02406,0.007403,2.382,1.541,2.43,1.461,3.797,165.2,13.73,0.8474,1.564,0.5805,2.362,426.12,1.038,52.13,0.7622,10.88,2.381e-05,0.2163,2.968,1.281,2.308,0.205,8.697,0.4889,8.492
2022-04-09T09:23:56,42433.05,3208.67,110.79,0.2614,16.97,65.5,19.69,94.58,6.25,173.9,0.6454,0.02405,0.007403,2.382,1.541,2.43,1.46,3.793,165.19,13.73,0.8475,1.566,0.5805,2.358,425.96,1.038,52.1,0.7619,10.88,2.379e-05,0.2163,2.966,1.28,2.306,0.205,8.695,0.4883,8.498
2022-04-09T09:24:26,42428.6,3208.71,110.75,0.2613,16.97,65.4,19.67,94.53,6.252,173.93,0.6463,0.02404,0.007403,2.382,1.541,2.43,1.459,3.793,165.1,13.73,0.8475,1.566,0.5805,2.356,425.77,1.037,52.06,0.7611,10.88,2.377e-05,0.2163,2.963,1.279,2.305,0.205,8.687,0.4883,8.493
2022-04-09T09:24:56,42427.73,3208.29,110.6,0.261,16.97,65.4,19.66,94.5,6.252,173.78,0.6463,0.02406,0.007403,2.382,1.541,2.43,1.459,3.79,165.1,13.77,0.844,1.566,0.5805,2.347,425.58,1.037,52.05,0.761,10.88,2.376e-05,0.2163,2.962,1.278,2.304,0.2047,8.685,0.488,8.492
2022-04-09T09:25:26,42425.14,3207.27,110.5,0.2607,16.97,65.5,19.64,94.48,6.256,173.76,0.6463,0.02405,0.007403,2.382,1.541,2.43,1.459,3.792,164.95,13.77,0.8476,1.558,0.5805,2.348,425.63,1.037,52.04,0.7607,10.88,2.374e-05,0.2163,2.96,1.278,2.302,0.2047,8.683,0.4882,8.491
2022-04-09T09:25:56,42426.31,3207.12,110.51,0.2607,16.95,65.5,19.64,94.47,6.256,173.74,0.6463,0.02405,0.007403,2.382,1.541,2.43,1.458,3.792,164.87,13.77,0.8476,1.558,0.5805,2.347,425.44,1.036,52.03,0.7605,10.88,2.374e-05,0.2163,2.96,1.278,2.302,0.2046,8.679,0.4877,8.489
2022-04-09T09:26:26,42425.61,3206.54,110.61,0.2608,16.95,65.3,19.63,94.47,6.257,173.79,0.6463,0.02405,0.007394,2.382,1.541,2.43,1.459,3.795,165.03,13.77,0.8476,1.558,0.5805,2.347,425.16,1.036,52.03,0.7605,10.88,2.374e-05,0.2163,2.96,1.279,2.302,0.2046,8.679,0.488,8.486
2022-04-09T09:26:56,42432.14,3207.19,110.7,0.2611,16.95,65.3,19.65,94.56,6.26,173.79,0.646,0.02405,0.007389,2.382,1.542,2.43,1.46,3.793,165.18,13.77,0.8476,1.554,0.5805,2.348,425.45,1.037,52.06,0.7608,10.89,2.376e-05,0.2163,2.962,1.279,2.302,0.2047,8.682,0.4883,8.481
2022-04-09T09:27:26,42419.86,3206.12,110.63,0.2608,16.95,65.3,19.65,94.52,6.254,173.84,0.646,0.02404,0.007389,2.382,1.542,2.43,1.459,3.799,165.06,13.77,0.8472,1.552,0.5805,2.345,425.27,1.037,52.05,0.7606,10.89,2.376e-05,0.2163,2.96,1.278,2.302,0.2046,8.679,0.4879,8.474
2022-04-09T09:27:56,42427.13,3207.48,110.63,0.2608,16.95,65.3,19.66,94.55,6.253,173.83,0.6457,0.02406,0.007389,2.382,1.542,2.43,1.459,3.798,165.16,13.77,0.8472,1.554,0.569,2.346,425.53,1.037,52.07,0.7607,10.89,2.376e-05,0.2163,2.962,1.279,2.303,0.2047,8.677,0.4885,8.478
2022-04-09T09:28:26,42427.97,3207.55,110.63,0.2607,16.95,65.3,19.66,94.48,6.264,173.88,0.6458,0.02405,0.007389,2.382,1.542,2.43,1.46,3.798,165.18,13.77,0.8472,1.551,0.569,2.347,425.51,1.037,52.08,0.7608,10.89,2.376e-05,0.2163,2.961,1.278,2.304,0.2047,8.677,0.4885,8.468
2022-04-09T09:28:56,42426.86,3207.55,110.55,0.2606,16.95,65.3,19.67,94.49,6.268,173.84,0.6458,0.02405,0.007389,2.382,1.542,2.43,1.46,3.799,165.11,13.77,0.8472,1.551,0.569,2.347,425.46,1.037,52.08,0.7609,10.89,2.376e-05,0.2163,2.961,1.278,2.304,0.2047,8.679,0.4884,8.467
2022-04-09T09:29:26,42421.61,3207.31,110.47,0.2607,16.95,65.3,19.66,94.47,6.27,173.86,0.6458,0.02403,0.007389,2.384,1.542,2.43,1.46,3.798,164.97,13.77,0.8472,1.551,0.569,2.345,425.1,1.036,52.08,0.7607,10.89,2.375e-05,0.2163,2.96,1.277,2.304,0.2048,8.68,0.4889,8.471
2022-04-09T09:29:56,42421.69,3206.91,110.55,0.2607,16.95,65.3,19.66,94.48,6.266,173.75,0.6458,0.02405,0.007389,2.384,1.543,2.43,1.46,3.797,164.92,13.77,0.8472,1.554,0.569,2.344,425.15,1.036,52.07,0.7606,10.89,2.375e-05,0.2163,2.96,1.277,2.304,0.2047,8.682,0.4889,8.468
2022-04-09T09:30:26,42421.65,3206.97,110.6,0.2607,16.95,65.3,19.66,94.49,6.265,173.79,0.6458,0.02405,0.007391,2.384,1.542,2.43,1.46,3.797,164.94,13.77,0.8472,1.554,0.569,2.345,425.03,1.036,52.07,0.7609,10.89,2.376e-05,0.2163,2.961,1.277,2.304,0.2048,8.686,0.489,8.463
2022-04-09T09:30:56,42421.94,3206.94,110.59,0.2607,16.95,65.3,19.66,94.5,6.263,173.79,0.6458,0.02406,0.007392,2.384,1.542,2.43,1.461,3.797,164.99,13.77,0.8472,1.553,0.569,2.345,424.91,1.037,52.09,0.761,10.89,2.376e-05,0.2163,2.961,1.277,2.304,0.2048,8.687,0.4892,8.465
2022-04-09T09:31:26,42424.16,3207.41,110.62,0.2606,16.93,65.3,19.67,94.55,6.263,173.83,0.6458,0.02402,0.007392,2.384,1.542,2.43,1.462,3.797,165,13.77,0.8472,1.553,0.569,2.345,425.04,1.036,52.12,0.7612,10.89,2.377e-05,0.2163,2.963,1.278,2.305,0.2049,8.687,0.4894,8.47
2022-04-09T09:31:56,42430.85,3208.13,110.71,0.2608,16.97,65.3,19.67,94.58,6.271,174.07,0.6458,0.02405,0.007392,2.384,1.543,2.43,1.462,3.797,165.17,13.77,0.8472,1.553,0.569,2.345,425.18,1.038,52.14,0.7618,10.89,2.378e-05,0.2167,2.964,1.278,2.306,0.205,8.699,0.4894,8.468
2022-04-09T09:32:26,42417.34,3206.64,110.69,0.2605,16.97,65.3,19.66,94.53,6.263,173.99,0.6458,0.02405,0.007392,2.384,1.542,2.43,1.461,3.803,165.18,13.77,0.847,1.553,0.569,2.343,425.18,1.037,52.11,0.7616,10.89,2.379e-05,0.2166,2.96,1.278,2.306,0.2049,8.695,0.4893,8.469
2022-04-09T09:32:56,42420.66,3206.24,110.69,0.2598,16.97,65.3,19.66,94.54,6.253,173.91,0.6458,0.02403,0.007392,2.384,1.542,2.43,1.461,3.8,165.17,13.77,0.847,1.553,0.569,2.342,425.16,1.037,52.11,0.7614,10.89,2.379e-05,0.2166,2.96,1.277,2.304,0.205,8.693,0.4893,8.469
2022-04-09T09:33:26,42410.42,3205.71,110.6,0.2595,16.97,65.3,19.65,94.51,6.257,173.79,0.6458,0.02402,0.007392,2.384,1.541,2.43,1.46,3.8,165.14,13.77,0.847,1.554,0.569,2.34,424.95,1.036,52.09,0.7613,10.89,2.378e-05,0.2166,2.96,1.276,2.305,0.2048,8.685,0.4892,8.469
2022-04-09T09:33:56,42410.19,3203.85,110.58,0.2593,16.97,65.3,19.65,94.47,6.254,173.62,0.6459,0.02401,0.007386,2.384,1.54,2.43,1.459,3.799,165.14,13.77,0.847,1.547,0.569,2.339,424.83,1.036,52.07,0.7608,10.89,2.374e-05,0.2166,2.96,1.276,2.304,0.2047,8.676,0.4892,8.463
2022-04-09T09:34:26,42414.46,3204.29,110.64,0.2592,16.97,65.3,19.66,94.47,6.253,173.56,0.6458,0.02402,0.007386,2.384,1.54,2.43,1.459,3.799,165.22,13.77,0.847,1.548,0.569,2.34,424.83,1.036,52.08,0.7609,10.89,2.371e-05,0.2166,2.959,1.276,2.303,0.2047,8.678,0.4893,8.464
2022-04-09T09:34:56,42413.89,3204.08,110.58,0.2591,16.97,65.2,19.65,94.36,6.255,173.53,0.6458,0.02399,0.007386,2.384,1.54,2.43,1.459,3.799,165.16,13.76,0.847,1.548,0.569,2.338,424.75,1.036,52.06,0.7609,10.89,2.373e-05,0.2166,2.958,1.276,2.304,0.2046,8.678,0.4895,8.465
2022-04-09T09:35:26,42419.79,3204.2,110.62,0.2592,16.97,65.2,19.65,94.41,6.26,173.54,0.6458,0.02403,0.007386,2.384,1.541,2.43,1.46,3.802,165.1,13.76,0.847,1.548,0.569,2.339,424.78,1.036,52.09,0.7611,10.89,2.374e-05,0.2165,2.959,1.276,2.304,0.2048,8.679,0.4897,8.464
2022-04-09T09:35:56,42425.39,3203.98,110.72,0.2595,16.96,65.2,19.66,94.42,6.259,173.64,0.6458,0.02404,0.007386,2.384,1.541,2.43,1.46,3.801,165.07,13.76,0.847,1.548,0.569,2.34,424.9,1.036,52.1,0.7613,10.89,2.374e-05,0.2165,2.96,1.276,2.305,0.2048,8.686,0.4897,8.464
2022-04-09T09:36:26,42434.63,3205.29,110.81,0.2598,16.96,65.3,19.67,94.45,6.27,173.67,0.6458,0.02405,0.007352,2.383,1.54,2.43,1.461,3.802,165.08,13.76,0.8462,1.55,0.569,2.341,425.05,1.037,52.11,0.7615,10.89,2.375e-05,0.2165,2.962,1.277,2.307,0.2049,8.697,0.49,8.47
2022-04-09T09:36:56,42448.99,3207.48,110.89,0.2602,16.96,65.3,19.69,94.51,6.276,173.87,0.6458,0.02406,0.007332,2.383,1.54,2.43,1.462,3.806,165.23,13.76,0.8462,1.55,0.5689,2.342,425.25,1.037,52.16,0.7618,10.89,2.378e-05,0.2165,2.967,1.278,2.309,0.2049,8.709,0.4902,8.475
2022-04-09T09:37:26,42443.71,3206.88,110.85,0.2601,16.96,65.3,19.69,94.48,6.28,173.8,0.646,0.02408,0.007332,2.383,1.54,2.43,1.461,3.802,165.19,13.76,0.8462,1.55,0.5689,2.342,425.42,1.037,52.14,0.7618,10.89,2.377e-05,0.2165,2.965,1.277,2.308,0.205,8.709,0.4901,8.478
2022-04-09T09:37:56,42437.53,3206.56,110.8,0.2599,16.96,65.3,19.68,94.5,6.28,173.77,0.6459,0.02408,0.007332,2.383,1.541,2.43,1.462,3.801,165.08,13.76,0.8452,1.553,0.5689,2.342,425.29,1.037,52.11,0.7615,10.89,2.377e-05,0.2165,2.963,1.277,2.307,0.205,8.713,0.4901,8.478
2022-04-09T09:38:26,42440.53,3206.38,110.78,0.2599,16.67,65.3,19.68,94.5,6.283,173.76,0.6459,0.02408,0.007332,2.383,1.542,2.43,1.462,3.8,165.09,13.76,0.8452,1.552,0.5689,2.342,425.22,1.037,52.11,0.7614,10.9,2.377e-05,0.2165,2.963,1.276,2.306,0.2049,8.703,0.4891,8.478
2022-04-09T09:38:56,42437.97,3205.96,110.83,0.2599,16.67,65.3,19.67,94.5,6.286,173.75,0.6459,0.02408,0.007332,2.383,1.541,2.43,1.461,3.803,165.03,13.76,0.8452,1.552,0.5689,2.34,425.21,1.037,52.11,0.7615,10.9,2.377e-05,0.2165,2.964,1.276,2.307,0.2049,8.698,0.4891,8.473
2022-04-09T09:39:26,42442.31,3206.24,110.79,0.26,16.82,65.3,19.67,94.51,6.282,173.75,0.6459,0.02408,0.007332,2.383,1.54,2.43,1.461,3.804,164.97,13.76,0.8452,1.552,0.5689,2.341,425.14,1.037,52.11,0.7614,10.9,2.377e-05,0.2165,2.964,1.276,2.307,0.2049,8.696,0.489,8.47
2022-04-09T09:39:56,42433.19,3206.03,110.73,0.26,16.83,65.3,19.67,94.48,6.28,173.74,0.6459,0.02407,0.007352,2.383,1.54,2.43,1.46,3.799,164.82,13.76,0.8457,1.551,0.5689,2.339,425.03,1.037,52.11,0.7614,10.9,2.375e-05,0.2166,2.964,1.275,2.306,0.2049,8.692,0.4887,8.47
2022-04-09T09:40:26,42412.62,3203.83,110.68,0.26,16.83,65.3,19.66,94.43,6.28,173.7,0.6459,0.02403,0.007352,2.383,1.54,2.43,1.46,3.804,164.81,13.76,0.8457,1.55,0.5689,2.338,425.05,1.036,52.1,0.7612,10.88,2.375e-05,0.2166,2.961,1.275,2.306,0.2048,8.687,0.4883,8.463
2022-04-09T09:40:56,42412.54,3203.7,110.71,0.2596,16.83,65.3,19.65,94.4,6.28,173.69,0.6459,0.02402,0.007352,2.383,1.54,2.43,1.459,3.801,164.83,13.76,0.8457,1.551,0.5689,2.337,424.9,1.036,52.05,0.7611,10.88,2.377e-05,0.2163,2.959,1.275,2.304,0.2048,8.685,0.4882,8.462
2022-04-09T09:41:26,42413,3202.86,110.69,0.2597,16.81,65.2,19.65,94.35,6.281,173.68,0.6459,0.02402,0.007352,2.383,1.54,2.43,1.458,3.801,164.83,13.76,0.8453,1.551,0.5689,2.338,424.86,1.037,52.04,0.7612,10.88,2.376e-05,0.2163,2.959,1.275,2.303,0.2048,8.686,0.4884,8.462
2022-04-09T09:41:56,42407.1,3202.72,110.66,0.2597,16.81,65.2,19.64,94.29,6.281,173.58,0.6459,0.024,0.007352,2.383,1.54,2.43,1.459,3.801,164.79,13.76,0.8453,1.551,0.5689,2.338,424.82,1.037,52.03,0.7612,10.88,2.375e-05,0.2163,2.958,1.274,2.304,0.2047,8.683,0.4884,8.455
2022-04-09T09:42:26,42408.46,3202.82,110.66,0.2597,16.81,65.2,19.64,94.35,6.277,173.63,0.6459,0.02401,0.007336,2.383,1.539,2.43,1.458,3.801,164.86,13.76,0.8453,1.55,0.5689,2.34,424.83,1.037,52.05,0.7613,10.88,2.375e-05,0.2163,2.959,1.275,2.303,0.2047,8.683,0.4884,8.459
2022-04-09T09:42:56,42409.08,3203.05,110.64,0.2599,16.83,65.2,19.65,94.37,6.282,173.63,0.6459,0.024,0.007336,2.383,1.539,2.43,1.459,3.803,164.86,13.76,0.8452,1.552,0.5689,2.341,424.7,1.036,52.03,0.7614,10.88,2.375e-05,0.2163,2.959,1.275,2.303,0.2046,8.682,0.4887,8.458
2022-04-09T09:43:26,42409.81,3203.04,110.67,0.26,16.83,65.2,19.64,94.32,6.279,173.61,0.6455,0.024,0.007334,2.383,1.539,2.43,1.459,3.803,164.86,13.76,0.8452,1.552,0.5689,2.341,424.76,1.036,52.04,0.7614,10.88,2.376e-05,0.2163,2.959,1.275,2.303,0.2046,8.681,0.4895,8.459
2022-04-09T09:43:56,42409.05,3202.24,110.56,0.26,16.83,65.2,19.64,94.28,6.281,173.58,0.6455,0.02399,0.007334,2.383,1.539,2.43,1.459,3.805,164.79,13.76,0.844,1.552,0.5689,2.34,424.62,1.036,52.03,0.7612,10.88,2.376e-05,0.2163,2.959,1.275,2.304,0.2045,8.677,0.4894,8.454
2022-04-09T09:44:26,42403.29,3200.52,110.5,0.26,16.83,65.2,19.63,94.29,6.281,173.58,0.6455,0.02396,0.007334,2.383,1.539,2.43,1.459,3.802,164.72,13.76,0.844,1.55,0.5689,2.339,424.5,1.036,52,0.761,10.87,2.375e-05,0.2162,2.958,1.274,2.303,0.2045,8.675,0.4894,8.451
2022-04-09T09:44:56,42399.58,3201.43,110.5,0.2596,16.83,65.2,19.63,94.3,6.279,173.59,0.6454,0.02397,0.007334,2.383,1.539,2.43,1.459,3.807,164.74,13.76,0.8453,1.551,0.5689,2.34,424.38,1.036,51.99,0.7611,10.87,2.372e-05,0.2162,2.958,1.274,2.303,0.2045,8.685,0.4893,8.448
2022-04-09T09:45:26,42402.75,3200.33,110.43,0.2595,16.83,65.3,19.63,94.3,6.28,173.54,0.6454,0.02397,0.007334,2.383,1.539,2.43,1.458,3.803,164.82,13.76,0.8453,1.551,0.5689,2.34,424.43,1.036,51.99,0.7611,10.87,2.371e-05,0.2162,2.958,1.275,2.302,0.2045,8.687,0.4894,8.449
2022-04-09T09:45:56,42400.56,3200.07,110.43,0.2594,16.82,65.3,19.63,94.29,6.28,173.52,0.6453,0.02397,0.007334,2.384,1.54,2.43,1.458,3.814,164.8,13.76,0.8453,1.55,0.5689,2.338,424.44,1.036,51.99,0.7612,10.87,2.371e-05,0.2162,2.957,1.274,2.302,0.2045,8.686,0.4891,8.45
2022-04-09T09:46:26,42398.76,3200.06,110.42,0.2594,16.82,65.1,19.63,94.28,6.275,173.43,0.6453,0.02397,0.007334,2.384,1.54,2.43,1.458,3.804,164.8,13.76,0.844,1.55,0.5689,2.338,424.27,1.035,51.99,0.7613,10.87,2.376e-05,0.2162,2.957,1.274,2.302,0.2045,8.68,0.4893,8.453
2022-04-09T09:46:56,42399.83,3200.51,110.43,0.2594,16.82,65.1,19.63,94.33,6.275,173.52,0.6453,0.02397,0.007334,2.384,1.54,2.43,1.459,3.805,164.71,13.76,0.8405,1.55,0.5689,2.338,424.28,1.035,52.04,0.7614,10.88,2.377e-05,0.2162,2.959,1.274,2.302,0.2045,8.677,0.4892,8.452
2022-04-09T09:47:26,42399.39,3200.31,110.44,0.2588,16.82,65.1,19.63,94.29,6.275,173.58,0.6453,0.02398,0.007334,2.384,1.54,2.43,1.459,3.808,164.68,13.76,0.8405,1.55,0.5689,2.336,424.28,1.036,52.03,0.7614,10.88,2.377e-05,0.2162,2.958,1.274,2.303,0.2046,8.677,0.4892,8.452
2022-04-09T09:47:56,42400.97,3200.16,110.43,0.2586,16.82,65.1,19.63,94.31,6.275,173.57,0.6453,0.02398,0.007334,2.384,1.54,2.43,1.458,3.808,164.68,13.76,0.8405,1.55,0.5689,2.334,424.22,1.036,52.03,0.7613,10.88,2.381e-05,0.2162,2.958,1.274,2.302,0.2046,8.677,0.4891,8.453
2022-04-09T09:48:26,42404,3201.04,110.54,0.2596,16.82,65.1,19.63,94.34,6.275,173.6,0.6453,0.02399,0.007334,2.384,1.54,2.43,1.459,3.808,164.74,13.76,0.8405,1.55,0.5689,2.337,424.36,1.036,52.05,0.7614,10.88,2.382e-05,0.2162,2.959,1.274,2.304,0.2046,8.674,0.489,8.459
2022-04-09T09:48:56,42419.49,3204.43,110.66,0.2596,16.79,65.2,19.65,94.39,6.279,173.75,0.6453,0.02403,0.007334,2.388,1.54,2.43,1.459,3.818,164.88,13.76,0.8405,1.55,0.5689,2.339,424.44,1.037,52.07,0.7621,10.88,2.385e-05,0.2162,2.963,1.276,2.307,0.2048,8.686,0.4892,8.464
2022-04-09T09:49:26,42438.33,3204.61,110.68,0.2597,16.88,65.3,19.67,94.49,6.288,173.86,0.6453,0.02405,0.007334,2.388,1.541,2.43,1.46,3.818,164.91,13.76,0.8405,1.556,0.5689,2.34,425.03,1.037,52.1,0.7622,10.88,2.385e-05,0.2162,2.964,1.276,2.307,0.2048,8.69,0.4898,8.466
2022-04-09T09:49:56,42429.2,3203.94,110.72,0.26,16.88,65.3,19.66,94.48,6.288,173.79,0.6453,0.02402,0.007334,2.388,1.541,2.43,1.46,3.81,164.98,13.76,0.8405,1.556,0.5689,2.339,425.14,1.037,52.12,0.7626,10.88,2.383e-05,0.2162,2.963,1.277,2.308,0.2049,8.69,0.4895,8.471
2022-04-09T09:50:26,42431.01,3204,110.72,0.2602,16.88,65.2,19.66,94.52,6.284,173.78,0.6453,0.02403,0.007334,2.388,1.542,2.43,1.461,3.813,165.02,13.76,0.8389,1.554,0.5689,2.339,425.19,1.037,52.13,0.7626,10.88,2.383e-05,0.2162,2.965,1.277,2.309,0.2049,8.691,0.4895,8.475
2022-04-09T09:50:56,42439.66,3204.61,110.77,0.2604,16.88,65.2,19.66,94.57,6.288,173.82,0.6453,0.02405,0.007334,2.388,1.542,2.43,1.461,3.812,165.06,13.76,0.8389,1.554,0.5689,2.34,425.32,1.038,52.14,0.7627,10.88,2.384e-05,0.2162,2.966,1.278,2.31,0.2049,8.697,0.4904,8.473
2022-04-09T09:51:26,42434.96,3204.9,110.68,0.2598,16.88,65.2,19.66,94.53,6.287,173.8,0.6453,0.02402,0.007334,2.388,1.542,2.43,1.459,3.815,164.94,13.76,0.8389,1.554,0.5689,2.338,425.08,1.038,52.11,0.7624,10.88,2.383e-05,0.2169,2.964,1.277,2.31,0.2049,8.692,0.4901,8.471
2022-04-09T09:51:56,42437.67,3205.1,110.71,0.2597,16.87,65.2,19.67,94.55,6.285,173.88,0.6453,0.024,0.007334,2.388,1.542,2.43,1.459,3.817,164.98,13.76,0.8389,1.552,0.5689,2.339,425.08,1.038,52.13,0.7624,10.88,2.383e-05,0.2169,2.964,1.277,2.311,0.2049,8.69,0.4898,8.476
2022-04-09T09:52:26,42439.13,3205.55,110.66,0.2597,16.87,65.3,19.68,94.56,6.288,174.13,0.6453,0.02402,0.007334,2.388,1.542,2.43,1.459,3.812,165.02,13.76,0.8366,1.552,0.5689,2.338,425.19,1.037,52.14,0.7626,10.88,2.383e-05,0.2169,2.964,1.277,2.311,0.2049,8.689,0.4898,8.473
2022-04-09T09:52:56,42437.04,3206.18,110.73,0.2598,16.85,65.4,19.68,94.59,6.285,174.08,0.6453,0.02402,0.007334,2.388,1.542,2.43,1.46,3.814,164.99,13.76,0.8366,1.559,0.5689,2.338,425.16,1.037,52.13,0.7627,10.88,2.382e-05,0.2169,2.965,1.277,2.31,0.2049,8.697,0.49,8.473
2022-04-09T09:53:26,42444.37,3206.93,110.75,0.26,16.85,65.4,19.67,94.62,6.292,173.99,0.6453,0.02404,0.007334,2.388,1.542,2.43,1.46,3.815,165.08,13.76,0.8366,1.555,0.5729,2.338,425.15,1.037,52.15,0.763,10.88,2.383e-05,0.2169,2.966,1.277,2.311,0.2049,8.697,0.4902,8.473
2022-04-09T09:53:56,42445.87,3206.96,110.79,0.26,16.86,65.4,19.68,94.69,6.29,173.95,0.6453,0.02405,0.007334,2.388,1.548,2.43,1.46,3.818,165.13,13.76,0.8366,1.555,0.5729,2.339,425.34,1.038,52.16,0.7634,10.89,2.384e-05,0.2169,2.966,1.278,2.312,0.2049,8.708,0.4906,8.472
2022-04-09T09:54:26,42458.02,3207.05,110.8,0.2601,16.86,65.4,19.69,94.69,6.292,173.98,0.6453,0.02405,0.007335,2.388,1.548,2.43,1.46,3.818,165.12,13.76,0.8325,1.568,0.5729,2.339,425.42,1.038,52.19,0.7635,10.89,2.384e-05,0.2169,2.967,1.278,2.312,0.2049,8.724,0.4904,8.472
2022-04-09T09:54:56,42471.73,3208.1,110.89,0.2602,16.87,65.4,19.69,94.79,6.297,174.16,0.645,0.02407,0.007335,2.387,1.548,2.44,1.46,3.815,165.14,13.76,0.8325,1.564,0.5729,2.34,425.63,1.039,52.21,0.7636,10.89,2.385e-05,0.2169,2.969,1.278,2.313,0.205,8.734,0.4908,8.473
2022-04-09T09:55:26,42473.88,3210.55,110.91,0.2608,16.87,65.3,19.7,94.77,6.302,174.17,0.6435,0.02409,0.007335,2.387,1.548,2.44,1.461,3.853,165.13,13.76,0.8325,1.565,0.5729,2.34,425.72,1.039,52.22,0.7635,10.89,2.386e-05,0.217,2.97,1.279,2.313,0.2051,8.739,0.4912,8.475
2022-04-09T09:55:56,42477.52,3210.4,110.9,0.2605,16.87,65.3,19.7,94.74,6.303,174.09,0.6435,0.02408,0.007335,2.387,1.548,2.44,1.462,3.854,165.16,13.81,0.8361,1.565,0.5729,2.341,425.75,1.039,52.23,0.7634,10.89,2.385e-05,0.217,2.969,1.279,2.313,0.2051,8.734,0.4913,8.476
2022-04-09T09:56:26,42476.72,3211.69,110.91,0.2604,16.87,65.4,19.69,94.75,6.308,174.11,0.6435,0.0241,0.007335,2.387,1.548,2.44,1.462,3.852,165.17,13.81,0.8361,1.565,0.5729,2.341,425.84,1.039,52.25,0.7634,10.89,2.385e-05,0.217,2.969,1.279,2.313,0.2051,8.734,0.4909,8.486
2022-04-09T09:56:56,42468.07,3210.69,110.9,0.2604,16.87,65.4,19.69,94.74,6.306,174.1,0.6435,0.0241,0.007335,2.387,1.548,2.44,1.461,3.857,165.06,13.81,0.8361,1.566,0.5729,2.339,425.83,1.039,52.24,0.7632,10.89,2.384e-05,0.217,2.968,1.278,2.313,0.2051,8.732,0.4907,8.486
2022-04-09T09:57:26,42469.85,3210.65,110.82,0.2603,16.86,65.4,19.68,94.76,6.306,174.24,0.6435,0.02407,0.00735,2.387,1.548,2.44,1.461,3.858,165.06,13.81,0.836,1.566,0.5729,2.339,425.77,1.039,52.23,0.7633,10.89,2.383e-05,0.217,2.968,1.278,2.312,0.2052,8.736,0.4907,8.485
2022-04-09T09:57:56,42468.4,3210.6,110.77,0.2603,16.86,65.4,19.68,94.75,6.306,174.25,0.6442,0.02407,0.00735,2.387,1.549,2.44,1.461,3.857,164.95,13.81,0.836,1.567,0.5729,2.339,425.8,1.039,52.21,0.7632,10.89,2.384e-05,0.217,2.969,1.277,2.312,0.2051,8.74,0.4906,8.486
2022-04-09T09:58:26,42470.73,3210.57,110.8,0.2603,16.86,65.4,19.68,94.77,6.302,174.33,0.6442,0.02406,0.00735,2.387,1.549,2.44,1.461,3.857,165.11,13.81,0.836,1.568,0.5729,2.337,425.79,1.04,52.23,0.7633,10.89,2.384e-05,0.217,2.969,1.277,2.311,0.2052,8.74,0.4906,8.481
2022-04-09T09:58:56,42459.3,3210.27,110.76,0.2602,16.86,65.3,19.67,94.76,6.302,174.25,0.6442,0.02404,0.00735,2.387,1.548,2.44,1.46,3.857,165.01,13.81,0.836,1.567,0.5729,2.336,425.72,1.039,52.22,0.7632,10.89,2.382e-05,0.217,2.967,1.276,2.311,0.205,8.735,0.4902,8.485
2022-04-09T09:59:26,42453.39,3210.02,110.75,0.2601,16.86,65.4,19.67,94.77,6.29,174.21,0.6442,0.02403,0.00735,2.387,1.547,2.44,1.461,3.857,165.01,13.81,0.835,1.567,0.5863,2.336,425.68,1.039,52.23,0.7631,10.89,2.381e-05,0.217,2.966,1.276,2.31,0.205,8.736,0.4901,8.485
2022-04-09T09:59:56,42442.93,3208.17,110.72,0.26,16.83,65.4,19.66,94.67,6.272,174.22,0.6442,0.02403,0.00735,2.387,1.547,2.44,1.46,3.852,164.96,13.81,0.835,1.567,0.5863,2.336,425.45,1.039,52.21,0.7627,10.89,2.381e-05,0.217,2.965,1.276,2.31,0.205,8.737,0.4897,8.479
2022-04-09T10:00:26,42452.28,3208.37,110.75,0.26,16.83,65.4,19.66,94.69,6.266,174.26,0.6442,0.02402,0.00735,2.387,1.547,2.44,1.46,3.85,165.01,13.8,0.829,1.566,0.5863,2.334,425.73,1.039,52.23,0.7628,10.89,2.382e-05,0.2168,2.966,1.276,2.309,0.205,8.738,0.4899,8.483
2022-04-09T10:00:56,42452.7,3209.62,110.75,0.2603,16.88,65.3,19.67,94.69,6.277,174.36,0.644,0.02404,0.00735,2.387,1.547,2.44,1.46,3.855,164.99,13.8,0.829,1.562,0.5863,2.336,426.03,1.039,52.25,0.763,10.89,2.382e-05,0.2169,2.967,1.277,2.31,0.205,8.74,0.49,8.487
2022-04-09T10:01:26,42449.02,3207.65,110.63,0.2604,16.84,65.3,19.67,94.71,6.283,174.47,0.644,0.02402,0.00735,2.387,1.546,2.44,1.46,3.858,164.95,13.8,0.829,1.562,0.5863,2.334,425.93,1.039,52.24,0.7627,10.89,2.382e-05,0.2169,2.965,1.277,2.309,0.205,8.742,0.4906,8.482
2022-04-09T10:01:56,42444.25,3207.29,110.57,0.2602,16.84,65.3,19.66,94.66,6.288,174.39,0.644,0.02401,0.00736,2.387,1.546,2.44,1.459,3.858,164.88,13.8,0.8316,1.565,0.5863,2.333,425.84,1.039,52.21,0.7627,10.89,2.381e-05,0.2169,2.962,1.276,2.309,0.205,8.742,0.4897,8.481
2022-04-09T10:02:26,42415.43,3204.63,110.52,0.2599,16.84,65.3,19.65,94.63,6.288,174.41,0.644,0.02399,0.00736,2.387,1.546,2.44,1.459,3.852,164.8,13.8,0.8316,1.562,0.5863,2.332,425.56,1.038,52.19,0.7624,10.89,2.379e-05,0.2166,2.96,1.275,2.307,0.2048,8.737,0.4898,8.475
2022-04-09T10:02:56,42409.98,3203.98,110.45,0.2598,16.84,65.4,19.64,94.55,6.288,174.32,0.644,0.02397,0.00736,2.386,1.545,2.44,1.458,3.855,164.54,13.8,0.8345,1.563,0.5863,2.331,425.4,1.037,52.17,0.7621,10.89,2.378e-05,0.2166,2.959,1.275,2.306,0.2046,8.733,0.4897,8.472
2022-04-09T10:03:26,42412.27,3204.42,110.53,0.2598,16.84,65.2,19.64,94.53,6.288,174.37,0.644,0.02403,0.00736,2.386,1.545,2.44,1.458,3.852,164.54,13.8,0.8345,1.563,0.5863,2.331,425.48,1.038,52.17,0.7622,10.89,2.379e-05,0.2166,2.959,1.274,2.306,0.2046,8.731,0.49,8.464
2022-04-09T10:03:56,42399.91,3203.65,110.44,0.2599,16.84,65.4,19.64,94.52,6.289,174.33,0.644,0.02399,0.00736,2.386,1.544,2.44,1.457,3.851,164.6,13.8,0.8345,1.557,0.5863,2.329,425.46,1.037,52.16,0.762,10.89,2.377e-05,0.2166,2.959,1.274,2.306,0.2046,8.729,0.4897,8.464
2022-04-09T10:04:26,42404.54,3203.98,110.43,0.2598,16.85,65.4,19.63,94.47,6.292,174.41,0.644,0.024,0.00736,2.386,1.544,2.44,1.456,3.851,164.61,13.81,0.835,1.559,0.5863,2.329,425.61,1.037,52.17,0.762,10.89,2.38e-05,0.2167,2.958,1.274,2.306,0.2046,8.733,0.4895,8.468
2022-04-09T10:04:56,42392.47,3202.04,110.34,0.2594,16.84,65.3,19.63,94.44,6.284,174.28,0.6441,0.02398,0.00736,2.386,1.544,2.44,1.456,3.851,164.55,13.81,0.835,1.559,0.5863,2.328,425.33,1.036,52.14,0.7618,10.87,2.379e-05,0.2167,2.957,1.274,2.305,0.2044,8.731,0.4895,8.467
2022-04-09T10:05:26,42397.92,3202.87,110.41,0.2593,16.84,65.3,19.63,94.41,6.285,174.29,0.6441,0.02397,0.00735,2.386,1.544,2.44,1.456,3.859,164.68,13.81,0.8367,1.559,0.5863,2.328,425.37,1.037,52.14,0.7618,10.87,2.379e-05,0.2168,2.957,1.273,2.305,0.2045,8.725,0.4895,8.466
2022-04-09T10:05:56,42395.17,3202.51,110.42,0.2593,16.84,65.3,19.63,94.38,6.286,174.29,0.6443,0.02396,0.00735,2.386,1.544,2.44,1.457,3.86,164.75,13.81,0.8367,1.559,0.5863,2.328,425.26,1.036,52.11,0.762,10.87,2.379e-05,0.2168,2.957,1.273,2.305,0.2046,8.716,0.4895,8.467
2022-04-09T10:06:26,42399.59,3202.52,110.41,0.2591,16.84,65.4,19.63,94.36,6.287,174.32,0.6443,0.02395,0.007347,2.386,1.544,2.44,1.456,3.857,164.77,13.8,0.8367,1.556,0.5863,2.328,425.32,1.036,52.13,0.7619,10.87,2.379e-05,0.2168,2.957,1.273,2.305,0.2045,8.713,0.4895,8.467
2022-04-09T10:06:56,42400.82,3202.72,110.38,0.2595,16.84,65.4,19.63,94.37,6.294,174.38,0.6443,0.02396,0.007347,2.386,1.544,2.44,1.456,3.857,164.79,13.8,0.8367,1.556,0.5863,2.328,425.25,1.036,52.14,0.762,10.87,2.379e-05,0.2168,2.956,1.273,2.305,0.2045,8.713,0.4891,8.466
2022-04-09T10:07:26,42400.75,3203.36,110.4,0.2596,16.85,65.4,19.64,94.4,6.298,174.4,0.6457,0.02396,0.007347,2.386,1.545,2.44,1.456,3.858,164.79,13.8,0.8337,1.556,0.5863,2.328,425.37,1.036,52.2,0.7618,10.87,2.379e-05,0.2168,2.957,1.273,2.305,0.2045,8.713,0.4891,8.462
2022-04-09T10:07:56,42399.79,3203.13,110.4,0.2596,16.85,65.4,19.64,94.36,6.3,174.4,0.6443,0.02395,0.007347,2.385,1.544,2.44,1.456,3.858,164.8,13.8,0.8337,1.556,0.5863,2.329,425.36,1.036,52.26,0.7619,10.87,2.379e-05,0.2168,2.956,1.272,2.305,0.2045,8.712,0.4894,8.462
2022-04-09T10:08:26,42399.79,3203.13,110.4,0.2597,16.87,65.4,19.64,94.36,6.299,174.4,0.6443,0.02396,0.007347,2.385,1.544,2.44,1.457,3.858,164.84,13.8,0.8337,1.558,0.5863,2.329,425.39,1.036,52.25,0.7619,10.87,2.379e-05,0.2168,2.957,1.273,2.305,0.2046,8.713,0.4894,8.466
2022-04-09T10:08:56,42426.53,3204.89,110.44,0.2598,16.87,65.3,19.65,94.42,6.304,174.52,0.6443,0.02399,0.007347,2.385,1.544,2.44,1.458,3.861,164.89,13.8,0.8254,1.563,0.5863,2.329,425.41,1.036,52.29,0.762,10.87,2.381e-05,0.2168,2.959,1.273,2.305,0.2046,8.714,0.4896,8.468
2022-04-09T10:09:26,42416.29,3203.63,110.33,0.2597,16.87,65.3,19.65,94.43,6.3,174.52,0.6443,0.02398,0.007347,2.386,1.544,2.44,1.457,3.858,164.87,13.8,0.8254,1.561,0.5863,2.33,425.37,1.036,52.3,0.762,10.87,2.381e-05,0.2168,2.958,1.272,2.305,0.2046,8.72,0.4889,8.461
2022-04-09T10:09:56,42416.59,3203.22,110.37,0.2597,16.87,65.3,19.64,94.42,6.295,174.55,0.6443,0.02399,0.007347,2.386,1.544,2.44,1.456,3.858,164.89,13.8,0.8363,1.562,0.5863,2.329,425.3,1.036,52.31,0.762,10.87,2.381e-05,0.2168,2.958,1.271,2.305,0.2046,8.717,0.4886,8.467
2022-04-09T10:10:26,42435.2,3204.88,110.38,0.2597,16.87,65.6,19.65,94.5,6.301,174.87,0.6443,0.02403,0.007347,2.386,1.544,2.44,1.458,3.87,164.93,13.85,0.8363,1.562,0.5863,2.33,425.48,1.037,52.32,0.762,10.87,2.382e-05,0.2171,2.96,1.272,2.306,0.2046,8.718,0.4886,8.463
2022-04-09T10:10:56,42432.34,3204.81,110.37,0.2597,16.88,65.5,19.65,94.44,6.301,175.03,0.6441,0.02407,0.007347,2.386,1.546,2.44,1.457,3.87,164.95,13.85,0.8363,1.562,0.5863,2.329,425.53,1.037,52.33,0.7622,10.87,2.383e-05,0.2171,2.96,1.272,2.306,0.2047,8.718,0.4891,8.467
2022-04-09T10:11:26,42420.18,3204.31,110.34,0.2595,16.88,65.5,19.65,94.34,6.3,175.03,0.6441,0.02406,0.007356,2.386,1.547,2.44,1.457,3.87,164.91,13.85,0.8363,1.562,0.5863,2.329,425.55,1.036,52.29,0.7619,10.87,2.38e-05,0.2171,2.959,1.271,2.306,0.2047,8.713,0.4892,8.467
2022-04-09T10:11:56,42410.9,3203.29,110.15,0.2596,16.88,65.5,19.63,94.31,6.299,175.13,0.6441,0.02406,0.007356,2.386,1.545,2.44,1.457,3.867,164.85,13.85,0.8363,1.562,0.5863,2.328,425.33,1.036,52.26,0.7617,10.86,2.379e-05,0.2171,2.959,1.271,2.306,0.2046,8.712,0.4884,8.463
2022-04-09T10:12:26,42399.86,3202.53,109.9,0.2593,16.88,65.5,19.63,94.26,6.291,175.05,0.6441,0.02404,0.007356,2.386,1.546,2.44,1.455,3.87,164.71,13.85,0.8363,1.562,0.5863,2.327,425.2,1.035,52.23,0.7616,10.84,2.377e-05,0.2171,2.958,1.27,2.304,0.2045,8.71,0.4881,8.462
2022-04-09T10:12:56,42397.4,3202.56,109.9,0.2592,16.88,65.5,19.62,94.26,6.285,174.9,0.6441,0.02403,0.007356,2.386,1.546,2.44,1.455,3.865,164.68,13.85,0.8363,1.562,0.5863,2.327,425.18,1.035,52.2,0.7615,10.85,2.376e-05,0.2171,2.957,1.27,2.304,0.2044,8.709,0.4879,8.456
2022-04-09T10:13:26,42398,3202.76,109.92,0.2591,16.88,65.5,19.62,94.26,6.289,174.87,0.6441,0.02404,0.007356,2.385,1.545,2.44,1.455,3.865,164.67,13.85,0.8385,1.562,0.5863,2.327,425.03,1.035,52.22,0.7615,10.84,2.377e-05,0.2171,2.958,1.27,2.304,0.2044,8.704,0.4874,8.455
2022-04-09T10:13:56,42398.9,3203.24,109.93,0.2591,16.88,65.5,19.62,94.26,6.289,174.74,0.6455,0.02401,0.007356,2.385,1.545,2.44,1.455,3.865,164.63,13.85,0.8385,1.562,0.5863,2.327,425.14,1.035,52.14,0.7615,10.84,2.377e-05,0.2171,2.958,1.27,2.304,0.2045,8.706,0.487,8.461
2022-04-09T10:14:26,42418.01,3204.46,110.01,0.2596,16.87,65.5,19.62,94.29,6.291,174.93,0.6455,0.02402,0.007356,2.385,1.545,2.44,1.455,3.873,164.61,13.82,0.8385,1.562,0.5863,2.328,425.4,1.035,52.15,0.7615,10.84,2.379e-05,0.2171,2.96,1.27,2.304,0.2045,8.711,0.4876,8.461
2022-04-09T10:14:56,42408.18,3204.06,109.92,0.2596,16.87,65.5,19.62,94.28,6.294,174.93,0.6455,0.02403,0.007342,2.385,1.545,2.44,1.456,3.871,164.61,13.82,0.8385,1.562,0.5863,2.327,425.41,1.035,52.16,0.7618,10.84,2.378e-05,0.2171,2.958,1.27,2.303,0.2045,8.7,0.4876,8.463
2022-04-09T10:15:26,42411.82,3204.2,110,0.2594,16.88,65.5,19.63,94.28,6.285,174.85,0.6455,0.02405,0.007355,2.385,1.544,2.44,1.455,3.875,164.64,13.82,0.8389,1.562,0.5863,2.327,425.34,1.036,52.16,0.7618,10.84,2.378e-05,0.2171,2.959,1.27,2.303,0.2045,8.702,0.488,8.463
2022-04-09T10:15:56,42422.26,3204.79,110.02,0.2595,16.88,65.5,19.62,94.28,6.293,174.8,0.6458,0.02405,0.007355,2.385,1.543,2.44,1.457,3.897,164.62,13.82,0.8389,1.558,0.5863,2.326,425.35,1.036,52.17,0.7619,10.84,2.378e-05,0.217,2.959,1.27,2.304,0.2045,8.702,0.4883,8.464
2022-04-09T10:16:26,42424.41,3205.53,110.03,0.2598,16.88,65.4,19.63,94.25,6.292,174.77,0.6458,0.02405,0.007355,2.385,1.543,2.44,1.457,3.905,164.65,13.82,0.8389,1.558,0.5863,2.327,425.38,1.036,52.18,0.7622,10.84,2.378e-05,0.217,2.961,1.27,2.304,0.2046,8.71,0.4883,8.463
2022-04-09T10:16:56,42423.31,3204.56,110.04,0.2591,16.88,65.4,19.63,94.24,6.288,174.85,0.646,0.02404,0.007338,2.385,1.542,2.44,1.457,3.896,164.63,13.82,0.8389,1.558,0.5863,2.327,425.49,1.036,52.17,0.7624,10.84,2.379e-05,0.217,2.96,1.27,2.303,0.2046,8.709,0.4883,8.468
2022-04-09T10:17:26,42426.97,3204.87,110.08,0.2593,16.88,65.4,19.64,94.31,6.287,174.93,0.646,0.02405,0.007338,2.385,1.542,2.44,1.457,3.896,164.62,13.82,0.8389,1.558,0.5863,2.327,425.4,1.035,52.14,0.7623,10.84,2.379e-05,0.217,2.96,1.27,2.303,0.2046,8.713,0.4883,8.469
2022-04-09T10:17:56,42427.92,3205.21,110.14,0.2591,16.88,65.4,19.64,94.28,6.285,174.95,0.646,0.02406,0.007338,2.385,1.544,2.44,1.457,3.905,164.65,13.82,0.8389,1.558,0.5863,2.328,425.49,1.036,52.12,0.7623,10.84,2.379e-05,0.217,2.96,1.27,2.303,0.2045,8.717,0.4883,8.468
2022-04-09T10:18:26,42441.97,3207.39,110.28,0.2591,16.89,65.4,19.65,94.3,6.294,175.03,0.6459,0.02406,0.007338,2.385,1.545,2.44,1.457,3.905,164.76,13.82,0.8389,1.56,0.5863,2.328,425.51,1.036,52.17,0.7626,10.85,2.38e-05,0.2173,2.962,1.27,2.304,0.2046,8.72,0.4885,8.468
2022-04-09T10:18:56,42446.95,3207.66,110.21,0.2593,16.89,65.4,19.65,94.33,6.292,175.09,0.6459,0.02407,0.007338,2.385,1.545,2.44,1.458,3.905,164.78,13.82,0.8389,1.561,0.5863,2.328,425.81,1.036,52.18,0.7626,10.85,2.38e-05,0.2174,2.962,1.271,2.306,0.2046,8.717,0.4886,8.464
2022-04-09T10:19:26,42445.88,3207.43,110.19,0.2595,16.89,65.5,19.64,94.33,6.293,175.04,0.6461,0.02406,0.007338,2.385,1.545,2.44,1.458,3.905,164.75,13.82,0.8389,1.561,0.5863,2.328,425.86,1.036,52.17,0.7624,10.85,2.382e-05,0.2174,2.964,1.271,2.306,0.2047,8.716,0.4886,8.464
2022-04-09T10:19:56,42446.51,3208.55,110.19,0.2596,16.89,65.5,19.64,94.34,6.302,175.07,0.6472,0.02403,0.007338,2.385,1.546,2.44,1.458,3.906,164.78,13.82,0.8365,1.556,0.5863,2.329,425.8,1.037,52.18,0.7624,10.85,2.382e-05,0.2174,2.965,1.271,2.307,0.2047,8.716,0.4887,8.464
2022-04-09T10:20:26,42455.73,3208.59,110.19,0.2594,16.89,65.7,19.64,94.35,6.294,175.06,0.6472,0.02404,0.007338,2.385,1.546,2.44,1.458,3.906,164.81,13.82,0.8365,1.556,0.5863,2.328,425.78,1.037,52.18,0.7624,10.85,2.382e-05,0.2174,2.965,1.271,2.307,0.2048,8.715,0.4888,8.464
2022-04-09T10:20:56,42442.63,3207.76,110.11,0.2592,16.89,65.7,19.63,94.3,6.289,175.07,0.6475,0.02401,0.007338,2.385,1.545,2.44,1.457,3.903,164.76,13.82,0.8365,1.558,0.5863,2.328,425.74,1.036,52.17,0.7623,10.85,2.382e-05,0.2174,2.964,1.27,2.307,0.2047,8.713,0.4888,8.463
2022-04-09T10:21:26,42439.77,3207.45,110.11,0.2594,16.89,65.5,19.63,94.31,6.284,175.08,0.6474,0.02397,0.007356,2.385,1.545,2.44,1.457,3.906,164.78,13.84,0.8374,1.558,0.5863,2.327,425.78,1.037,52.17,0.7624,10.85,2.383e-05,0.2174,2.964,1.27,2.306,0.2047,8.715,0.4888,8.469
2022-04-09T10:21:56,42429.41,3206.63,110.04,0.2594,16.89,65.5,19.62,94.3,6.283,175.09,0.6474,0.02396,0.007356,2.385,1.545,2.44,1.457,3.905,164.79,13.84,0.8374,1.558,0.5863,2.328,425.64,1.036,52.18,0.7622,10.85,2.381e-05,0.2174,2.963,1.27,2.306,0.2046,8.712,0.4885,8.463
2022-04-09T10:22:26,42430.15,3206.7,110.05,0.2593,16.87,65.5,19.62,94.28,6.283,175.12,0.6474,0.02396,0.007356,2.385,1.545,2.44,1.457,3.907,164.8,13.85,0.8374,1.558,0.5863,2.328,425.62,1.036,52.19,0.7621,10.85,2.381e-05,0.2174,2.963,1.27,2.306,0.2046,8.711,0.4885,8.462
2022-04-09T10:22:56,42429.5,3206.88,110.13,0.2593,16.87,65.5,19.62,94.28,6.283,175.11,0.6474,0.02396,0.007356,2.385,1.545,2.44,1.457,3.906,164.84,13.85,0.8374,1.558,0.5863,2.328,425.54,1.037,52.21,0.7622,10.84,2.381e-05,0.2174,2.964,1.27,2.306,0.2046,8.713,0.488,8.464
2022-04-09T10:23:26,42435.28,3207.9,110.16,0.2591,16.87,65.5,19.63,94.28,6.28,175.1,0.6474,0.02401,0.007356,2.385,1.545,2.44,1.457,3.906,164.87,13.85,0.8374,1.557,0.5863,2.33,425.69,1.037,52.21,0.7623,10.84,2.382e-05,0.2174,2.964,1.271,2.306,0.2047,8.715,0.4882,8.466
2022-04-09T10:23:56,42434.19,3207.55,110.13,0.259,16.87,65.6,19.62,94.29,6.281,175.19,0.6471,0.02401,0.007356,2.385,1.546,2.44,1.456,3.909,164.87,13.85,0.8374,1.557,0.5863,2.33,425.68,1.036,52.21,0.7625,10.84,2.383e-05,0.2174,2.964,1.27,2.306,0.2047,8.715,0.4882,8.467
2022-04-09T10:24:26,42434.15,3206.91,110.08,0.2589,16.87,65.6,19.62,94.26,6.28,175.26,0.647,0.024,0.007356,2.385,1.545,2.44,1.456,3.9,164.87,13.85,0.8374,1.557,0.5863,2.329,425.61,1.036,52.18,0.7622,10.84,2.383e-05,0.2174,2.963,1.27,2.306,0.2047,8.708,0.4882,8.486
2022-04-09T10:24:56,42417.75,3205.41,109.93,0.2587,16.77,65.5,19.61,94.2,6.276,175.08,0.647,0.02398,0.007356,2.385,1.544,2.44,1.456,3.892,164.75,13.85,0.8374,1.548,0.5863,2.327,425.49,1.036,52.15,0.762,10.83,2.381e-05,0.2172,2.96,1.27,2.304,0.2046,8.705,0.4876,8.475
2022-04-09T10:25:26,42413.61,3204.87,109.8,0.2586,16.77,65.5,19.59,94.08,6.272,174.74,0.647,0.02396,0.007356,2.385,1.544,2.44,1.455,3.892,164.63,13.85,0.8374,1.55,0.5863,2.325,425.26,1.035,52.09,0.762,10.83,2.38e-05,0.2172,2.958,1.268,2.303,0.2046,8.7,0.4872,8.476
2022-04-09T10:25:56,42395.63,3202.19,109.69,0.2585,16.79,65.5,19.57,94.03,6.272,174.62,0.647,0.02394,0.007356,2.385,1.544,2.44,1.454,3.892,164.48,13.85,0.8374,1.552,0.5863,2.324,424.72,1.033,52.05,0.7615,10.83,2.378e-05,0.2172,2.956,1.267,2.302,0.2044,8.692,0.4871,8.473
2022-04-09T10:26:26,42398.83,3202.49,109.7,0.2584,16.79,65.5,19.58,94.02,6.286,174.49,0.6471,0.02394,0.007356,2.385,1.543,2.44,1.453,3.882,164.43,13.85,0.8339,1.549,0.5863,2.321,424.63,1.032,52.06,0.7615,10.82,2.377e-05,0.2168,2.955,1.267,2.3,0.2042,8.684,0.4872,8.469
2022-04-09T10:26:56,42403.45,3202.99,109.82,0.2584,16.79,65.5,19.6,94,6.273,174.52,0.6441,0.02395,0.007356,2.385,1.542,2.44,1.454,3.882,164.41,13.85,0.8339,1.553,0.5863,2.322,424.87,1.032,52.06,0.7614,10.82,2.377e-05,0.2168,2.956,1.266,2.3,0.2042,8.684,0.4871,8.465
2022-04-09T10:27:26,42407.08,3202.99,109.73,0.2584,16.79,65.5,19.59,93.96,6.275,174.5,0.6441,0.02394,0.007356,2.385,1.542,2.44,1.454,3.882,164.52,13.87,0.8339,1.553,0.5863,2.322,424.98,1.033,52.06,0.7613,10.82,2.377e-05,0.2168,2.956,1.267,2.3,0.2042,8.681,0.4871,8.474
2022-04-09T10:27:56,42410.51,3202.86,109.71,0.2585,16.79,65.5,19.58,93.96,6.273,174.59,0.6441,0.02394,0.007356,2.385,1.542,2.44,1.453,3.874,164.42,13.87,0.8336,1.553,0.5863,2.321,424.84,1.033,52.06,0.7613,10.82,2.379e-05,0.2168,2.956,1.267,2.3,0.2042,8.682,0.4875,8.475
2022-04-09T10:28:26,42396.28,3201.13,109.66,0.2579,16.79,65.5,19.57,93.89,6.28,174.32,0.6441,0.02396,0.007356,2.385,1.541,2.44,1.453,3.873,164.3,13.87,0.8336,1.552,0.5872,2.317,424.78,1.032,51.97,0.7611,10.81,2.377e-05,0.2168,2.954,1.266,2.3,0.204,8.679,0.4866,8.464
2022-04-09T10:28:56,42394.45,3201.04,109.46,0.2576,16.79,65.5,19.57,93.89,6.28,174.24,0.6441,0.02397,0.007356,2.385,1.54,2.44,1.453,3.869,164.08,13.87,0.8336,1.552,0.5872,2.316,424.7,1.032,51.98,0.7611,10.81,2.376e-05,0.2168,2.954,1.265,2.299,0.204,8.678,0.4866,8.466
2022-04-09T10:29:26,42391.43,3200.87,109.37,0.2575,16.79,65.6,19.57,93.9,6.274,174.27,0.6442,0.02398,0.007356,2.385,1.54,2.44,1.452,3.871,164.09,13.87,0.8336,1.552,0.5872,2.317,424.54,1.031,51.98,0.7609,10.81,2.375e-05,0.2168,2.953,1.265,2.298,0.2039,8.672,0.4863,8.466
2022-04-09T10:29:56,42389.53,3201.34,109.32,0.2573,16.79,65.6,19.56,93.9,6.274,174.27,0.6442,0.02395,0.007334,2.384,1.54,2.44,1.452,3.874,164.08,13.87,0.8336,1.545,0.5872,2.316,424.57,1.031,51.94,0.7608,10.81,2.377e-05,0.2168,2.952,1.264,2.298,0.2038,8.674,0.486,8.464
2022-04-09T10:30:26,42378.28,3201.55,109.42,0.2571,16.79,65.6,19.56,93.9,6.276,174.27,0.6442,0.02395,0.007334,2.384,1.54,2.44,1.453,3.873,164.06,13.87,0.8315,1.546,0.5872,2.317,424.57,1.031,51.91,0.7609,10.81,2.379e-05,0.2168,2.952,1.263,2.297,0.2038,8.674,0.4859,8.462
2022-04-09T10:30:56,42373.6,3200.54,109.43,0.2575,16.74,65.6,19.56,93.87,6.277,174.28,0.6442,0.02396,0.007334,2.384,1.54,2.44,1.453,3.864,164.06,13.87,0.8315,1.545,0.5872,2.318,424.57,1.031,51.92,0.7609,10.81,2.378e-05,0.2168,2.952,1.263,2.297,0.2038,8.675,0.4859,8.463
2022-04-09T10:31:26,42372.32,3200.59,109.38,0.2573,16.74,65.6,19.56,93.86,6.271,174.24,0.6443,0.02393,0.007334,2.384,1.54,2.44,1.452,3.867,164.03,13.87,0.8317,1.545,0.5872,2.317,424.41,1.031,51.92,0.7609,10.81,2.377e-05,0.2166,2.952,1.262,2.297,0.2038,8.676,0.4854,8.456
2022-04-09T10:31:56,42369.26,3200.42,109.37,0.2572,16.74,65.5,19.56,93.84,6.275,174.16,0.6443,0.02393,0.007334,2.384,1.54,2.44,1.452,3.867,163.91,13.87,0.8317,1.544,0.5872,2.316,424.35,1.031,51.88,0.7603,10.81,2.376e-05,0.2166,2.952,1.262,2.296,0.2036,8.675,0.4853,8.461
2022-04-09T10:32:26,42349.79,3198.38,109.22,0.2567,16.74,64.9,19.55,93.84,6.27,173.9,0.6457,0.02387,0.007334,2.384,1.538,2.44,1.451,3.867,163.96,13.82,0.8317,1.544,0.5872,2.316,424.25,1.031,51.83,0.76,10.8,2.375e-05,0.2161,2.947,1.262,2.293,0.2036,8.675,0.485,8.449
2022-04-09T10:32:56,42362.89,3199.88,109.33,0.2569,16.74,65.2,19.55,93.86,6.272,173.89,0.6457,0.02387,0.00733,2.384,1.539,2.44,1.452,3.866,164.07,13.82,0.8317,1.544,0.5872,2.314,424.37,1.032,51.87,0.7605,10.8,2.377e-05,0.2161,2.95,1.263,2.295,0.2038,8.666,0.4854,8.451
2022-04-09T10:33:26,42366.03,3200.74,109.36,0.2571,16.74,65.1,19.55,93.9,6.272,173.89,0.6457,0.02387,0.007318,2.384,1.539,2.44,1.452,3.863,164.12,13.82,0.8309,1.545,0.5872,2.315,424.53,1.032,51.88,0.7607,10.8,2.377e-05,0.2165,2.951,1.263,2.296,0.2038,8.666,0.4855,8.457
2022-04-09T10:33:56,42394.51,3202.39,109.58,0.2574,16.73,65.2,19.58,93.96,6.271,173.94,0.6457,0.02388,0.007318,2.384,1.539,2.44,1.452,3.863,164.17,13.82,0.8309,1.552,0.5872,2.317,424.96,1.032,51.92,0.7613,10.8,2.378e-05,0.2165,2.952,1.263,2.296,0.2039,8.669,0.4858,8.458
2022-04-09T10:34:26,42428.11,3206.21,109.84,0.2576,16.75,65.5,19.61,94.14,6.271,174.23,0.6457,0.02398,0.007318,2.384,1.541,2.44,1.455,3.877,164.41,13.86,0.8309,1.556,0.5872,2.319,425.51,1.033,52.03,0.7616,10.87,2.381e-05,0.2171,2.96,1.266,2.301,0.2042,8.689,0.4862,8.473
2022-04-09T10:34:56,42431.67,3207.69,109.9,0.2576,16.78,65.5,19.61,94.19,6.284,174.22,0.6441,0.02396,0.007318,2.384,1.541,2.44,1.457,3.878,164.39,13.86,0.8309,1.556,0.5872,2.32,425.67,1.033,52.05,0.7617,10.87,2.381e-05,0.2173,2.96,1.266,2.302,0.2042,8.688,0.4859,8.477
2022-04-09T10:35:26,42462.01,3209.05,110,0.2579,16.78,65.5,19.63,94.24,6.283,174.34,0.6441,0.02399,0.007318,2.384,1.54,2.44,1.457,3.883,164.51,13.88,0.8309,1.561,0.5872,2.324,425.81,1.034,52.06,0.7622,10.87,2.382e-05,0.2172,2.963,1.268,2.304,0.2043,8.7,0.4865,8.513
2022-04-09T10:35:56,42454.48,3208.4,109.99,0.2579,16.78,65.5,19.63,94.24,6.283,174.39,0.644,0.02398,0.007332,2.384,1.54,2.44,1.457,3.882,164.51,13.88,0.8309,1.561,0.5872,2.324,426.02,1.034,52.06,0.7622,10.87,2.382e-05,0.2172,2.961,1.268,2.305,0.2044,8.701,0.4866,8.517
2022-04-09T10:36:26,42460.11,3208.45,110,0.2581,16.78,65.5,19.62,94.32,6.29,174.66,0.644,0.02399,0.007332,2.384,1.54,2.44,1.458,3.883,164.67,13.88,0.8309,1.557,0.5872,2.325,425.93,1.035,52.07,0.7622,10.87,2.382e-05,0.2172,2.962,1.268,2.305,0.2043,8.705,0.4865,8.512
2022-04-09T10:36:56,42458.85,3208.85,110.04,0.2581,16.78,65.5,19.62,94.34,6.288,174.73,0.644,0.02397,0.007332,2.387,1.54,2.44,1.458,3.879,164.74,13.88,0.8309,1.556,0.5872,2.325,426,1.035,52.07,0.7621,10.87,2.381e-05,0.2172,2.962,1.268,2.304,0.2043,8.705,0.4863,8.516
2022-04-09T10:37:26,42448.98,3208.22,109.98,0.2581,16.78,65.5,19.61,94.34,6.282,174.64,0.6445,0.02397,0.007332,2.387,1.54,2.44,1.458,3.879,164.75,13.88,0.8329,1.556,0.5872,2.324,425.87,1.035,52.03,0.7621,10.87,2.381e-05,0.2172,2.961,1.268,2.304,0.2044,8.701,0.4864,8.517
2022-04-09T10:37:56,42453.26,3208.25,110,0.2582,16.78,65.5,19.61,94.38,6.277,174.61,0.6445,0.02398,0.007332,2.387,1.546,2.44,1.457,3.895,164.75,13.88,0.8328,1.556,0.5872,2.323,425.83,1.035,52.02,0.762,10.87,2.381e-05,0.2173,2.961,1.268,2.304,0.2044,8.706,0.4865,8.518
2022-04-09T10:38:26,42451.4,3207.53,109.95,0.2582,16.78,65.5,19.62,94.38,6.278,174.6,0.6448,0.02398,0.007332,2.387,1.547,2.44,1.456,3.894,164.77,13.89,0.8328,1.555,0.5872,2.321,425.87,1.035,52,0.762,10.87,2.382e-05,0.2173,2.96,1.268,2.304,0.2045,8.696,0.4865,8.514
2022-04-09T10:38:56,42449.18,3206.97,109.89,0.2579,16.78,65.5,19.61,94.38,6.279,174.55,0.6448,0.02397,0.007328,2.387,1.548,2.44,1.457,3.89,164.61,13.89,0.8328,1.555,0.5872,2.32,425.75,1.035,51.98,0.762,10.87,2.382e-05,0.2173,2.958,1.267,2.304,0.2045,8.696,0.4865,8.515
2022-04-09T10:39:26,42455.83,3208.65,110.01,0.2581,16.78,65.5,19.61,94.41,6.282,174.6,0.6448,0.02398,0.007328,2.387,1.546,2.44,1.458,3.899,164.73,13.87,0.8328,1.555,0.5872,2.321,425.83,1.036,52.07,0.7622,10.87,2.382e-05,0.2173,2.959,1.268,2.304,0.2045,8.694,0.4863,8.517
2022-04-09T10:39:56,42462.19,3209.15,110.09,0.2585,16.78,65.5,19.62,94.43,6.285,174.73,0.6448,0.024,0.007328,2.387,1.545,2.44,1.459,3.89,164.76,13.87,0.8328,1.555,0.5872,2.322,425.89,1.036,52.12,0.7624,10.87,2.383e-05,0.2173,2.96,1.268,2.304,0.2046,8.704,0.4863,8.518
2022-04-09T10:40:26,42466.06,3209.61,110.14,0.2585,16.79,65.5,19.63,94.44,6.291,174.81,0.6448,0.02401,0.007328,2.387,1.546,2.44,1.46,3.89,164.76,13.87,0.8328,1.557,0.5871,2.322,426.27,1.037,52.16,0.7627,10.87,2.384e-05,0.2175,2.961,1.269,2.304,0.2046,8.709,0.4868,8.52
2022-04-09T10:40:56,42467.53,3210.67,110.08,0.2587,16.75,65.6,19.63,94.46,6.294,174.8,0.6448,0.02402,0.007328,2.387,1.545,2.44,1.46,3.893,164.76,13.87,0.8328,1.558,0.5871,2.323,426.27,1.037,52.18,0.7627,10.87,2.383e-05,0.2175,2.962,1.269,2.304,0.2046,8.709,0.4871,8.519
2022-04-09T10:41:26,42467.48,3210.35,110.06,0.2586,16.75,65.7,19.64,94.46,6.289,174.81,0.6448,0.02403,0.007333,2.387,1.546,2.44,1.46,3.893,164.76,13.87,0.8328,1.558,0.5871,2.323,426.24,1.037,52.17,0.7624,10.88,2.383e-05,0.2175,2.961,1.27,2.303,0.2046,8.708,0.4875,8.519
2022-04-09T10:41:56,42475.28,3211.6,110.12,0.2587,16.79,65.8,19.64,94.52,6.289,175.09,0.6448,0.02405,0.007359,2.384,1.546,2.44,1.46,3.893,164.83,13.87,0.8328,1.558,0.5989,2.326,426.49,1.036,52.19,0.7624,10.88,2.384e-05,0.2175,2.962,1.27,2.303,0.2046,8.715,0.4874,8.519
2022-04-09T10:42:26,42476.95,3211.25,110.15,0.259,16.79,65.8,19.64,94.55,6.287,175.19,0.6448,0.02406,0.007359,2.384,1.546,2.44,1.459,3.923,164.78,13.87,0.8328,1.558,0.5989,2.326,426.44,1.037,52.17,0.7624,10.88,2.384e-05,0.2175,2.962,1.27,2.304,0.2046,8.717,0.4876,8.523
2022-04-09T10:42:56,42472.36,3209.72,110.08,0.2585,16.79,65.8,19.64,94.54,6.277,175.25,0.6448,0.02406,0.007359,2.384,1.546,2.44,1.459,3.905,164.71,13.87,0.8289,1.553,0.5989,2.325,426.45,1.037,52.16,0.7624,10.87,2.383e-05,0.2175,2.962,1.27,2.304,0.2047,8.72,0.4877,8.519
2022-04-09T10:43:26,42470.58,3209.13,110.1,0.2582,16.79,65.9,19.63,94.54,6.278,175.11,0.6448,0.02406,0.007359,2.384,1.547,2.44,1.458,3.901,164.72,13.87,0.83,1.552,0.5989,2.325,426.36,1.036,52.17,0.7623,10.87,2.383e-05,0.2175,2.961,1.27,2.303,0.2046,8.72,0.4877,8.518
2022-04-09T10:43:56,42465.99,3209.04,110.11,0.2582,16.79,65.9,19.63,94.57,6.277,175.07,0.6448,0.02408,0.007359,2.384,1.547,2.44,1.459,3.901,164.71,13.87,0.8339,1.552,0.5989,2.324,426.32,1.036,52.15,0.7623,10.87,2.383e-05,0.2175,2.961,1.269,2.303,0.2045,8.712,0.4878,8.517
2022-04-09T10:44:26,42466.68,3209.28,110.14,0.2584,16.84,65.8,19.63,94.58,6.277,175.08,0.6448,0.02408,0.007359,2.384,1.547,2.44,1.459,3.907,164.74,13.9,0.8339,1.552,0.5989,2.324,426.32,1.036,52.16,0.7623,10.87,2.383e-05,0.2175,2.961,1.27,2.304,0.2045,8.717,0.4877,8.517
2022-04-09T10:44:56,42467.12,3209.46,110.18,0.2585,16.84,65.8,19.63,94.61,6.274,175.07,0.6448,0.02407,0.007341,2.39,1.547,2.44,1.459,3.91,164.76,13.9,0.8339,1.552,0.6085,2.324,426.37,1.036,52.17,0.7623,10.87,2.383e-05,0.2175,2.961,1.27,2.304,0.2044,8.718,0.4876,8.518
2022-04-09T10:45:26,42466.19,3209.46,110.19,0.2585,16.84,65.8,19.62,94.62,6.275,175,0.6448,0.02408,0.007355,2.39,1.547,2.44,1.459,3.902,164.78,13.9,0.8339,1.552,0.6085,2.325,426.47,1.036,52.19,0.7625,10.87,2.383e-05,0.2175,2.96,1.27,2.304,0.2045,8.72,0.4878,8.518
2022-04-09T10:45:56,42443.72,3207.59,110.05,0.2583,16.84,65.8,19.61,94.61,6.283,174.85,0.6448,0.02408,0.007355,2.39,1.546,2.44,1.458,3.904,164.71,13.9,0.8337,1.552,0.6085,2.326,426.24,1.037,52.19,0.7621,10.87,2.383e-05,0.2175,2.957,1.269,2.304,0.2044,8.716,0.4876,8.518
2022-04-09T10:46:26,42412.98,3206.19,109.81,0.2582,16.84,65.4,19.59,94.58,6.284,174.63,0.6448,0.02408,0.007355,2.39,1.546,2.44,1.456,3.902,164.6,13.89,0.825,1.552,0.6085,2.322,425.98,1.035,52.15,0.762,10.87,2.383e-05,0.2175,2.953,1.267,2.302,0.2043,8.698,0.4872,8.506
2022-04-09T10:46:56,42407.29,3206.59,109.86,0.2581,16.84,65.4,19.59,94.57,6.284,174.63,0.6448,0.02406,0.007337,2.39,1.545,2.44,1.455,3.903,164.45,13.89,0.825,1.55,0.6085,2.322,425.86,1.035,52.11,0.7618,10.87,2.381e-05,0.2175,2.954,1.267,2.3,0.2042,8.696,0.4869,8.515
2022-04-09T10:47:26,42421.44,3206.77,109.84,0.2578,16.84,65.5,19.59,94.53,6.284,174.58,0.6448,0.02424,0.00735,2.39,1.544,2.44,1.456,3.902,164.56,13.89,0.825,1.549,0.6085,2.321,425.91,1.034,52.14,0.7618,10.87,2.382e-05,0.2175,2.954,1.267,2.3,0.2041,8.707,0.4867,8.516
2022-04-09T10:47:56,42427.34,3207.23,109.97,0.258,16.84,65.6,19.6,94.59,6.283,174.8,0.6448,0.02447,0.007341,2.387,1.545,2.44,1.455,3.905,164.64,13.89,0.825,1.554,0.6085,2.324,426,1.035,52.16,0.7621,10.87,2.383e-05,0.2175,2.955,1.268,2.303,0.2043,8.72,0.4867,8.518
2022-04-09T10:48:26,42419.12,3207.26,109.97,0.2579,16.84,65.6,19.6,94.64,6.282,174.84,0.6448,0.02442,0.007341,2.387,1.545,2.44,1.455,3.902,164.63,13.89,0.825,1.552,0.6085,2.324,426.09,1.036,52.16,0.762,10.87,2.383e-05,0.2175,2.955,1.268,2.302,0.2043,8.717,0.4872,8.519
2022-04-09T10:48:56,42419.03,3206.95,109.94,0.2577,16.84,65.5,19.6,94.65,6.284,174.66,0.646,0.0243,0.007341,2.387,1.545,2.44,1.455,3.902,164.61,13.89,0.825,1.552,0.6085,2.323,425.98,1.036,52.17,0.7619,10.87,2.382e-05,0.2175,2.955,1.269,2.301,0.2042,8.736,0.4876,8.514
2022-04-09T10:49:26,42418.22,3207.15,109.97,0.2579,16.84,65.9,19.6,94.74,6.28,174.7,0.646,0.0243,0.007341,2.387,1.545,2.44,1.455,3.908,164.66,13.89,0.8335,1.552,0.6085,2.323,425.83,1.035,52.17,0.7619,10.87,2.382e-05,0.2175,2.956,1.269,2.301,0.2042,8.739,0.4879,8.513
2022-04-09T10:49:56,42416.02,3207.11,109.96,0.2579,16.84,65.9,19.6,94.69,6.28,174.77,0.646,0.02436,0.007341,2.387,1.544,2.44,1.456,3.903,164.73,13.89,0.8335,1.552,0.5888,2.322,425.99,1.036,52.14,0.7619,10.87,2.382e-05,0.2175,2.955,1.268,2.302,0.2042,8.744,0.4874,8.505
2022-04-09T10:50:26,42412.09,3207.01,109.86,0.2579,16.84,65.9,19.59,94.68,6.274,174.69,0.646,0.02438,0.007341,2.387,1.545,2.44,1.455,3.906,164.58,13.89,0.8335,1.552,0.5888,2.322,425.95,1.036,52.12,0.7617,10.87,2.381e-05,0.2173,2.954,1.268,2.301,0.2041,8.749,0.4873,8.498
2022-04-09T10:50:56,42407.35,3206.1,109.86,0.2579,16.84,65.9,19.59,94.65,6.281,174.71,0.646,0.0244,0.007335,2.387,1.545,2.44,1.453,3.904,164.57,13.89,0.8335,1.55,0.592,2.323,425.8,1.035,52.08,0.7616,10.87,2.381e-05,0.2173,2.954,1.267,2.301,0.2041,8.75,0.487,8.497
2022-04-09T10:51:26,42407.66,3206.08,109.93,0.258,16.84,65.9,19.58,94.59,6.281,174.78,0.6451,0.0244,0.007335,2.387,1.546,2.44,1.454,3.905,164.56,13.89,0.8335,1.548,0.592,2.323,425.71,1.036,52.08,0.7615,10.87,2.381e-05,0.2173,2.953,1.267,2.302,0.2041,8.749,0.4872,8.496
2022-04-09T10:51:56,42407.54,3206.34,109.92,0.258,16.84,65.8,19.59,94.6,6.28,174.97,0.6451,0.02437,0.007335,2.387,1.546,2.44,1.453,3.906,164.57,13.89,0.8334,1.549,0.592,2.323,425.66,1.036,52.1,0.7615,10.87,2.381e-05,0.2173,2.954,1.267,2.302,0.2041,8.749,0.4876,8.498
2022-04-09T10:52:26,42421.76,3207.65,110.1,0.2581,16.84,65.8,19.61,94.71,6.28,175.13,0.6451,0.02436,0.007332,2.387,1.546,2.44,1.454,3.907,164.77,13.89,0.8334,1.554,0.592,2.325,425.96,1.035,52.11,0.7619,10.87,2.382e-05,0.2173,2.958,1.268,2.303,0.204,8.75,0.488,8.501
2022-04-09T10:52:56,42423.3,3207.75,110.06,0.2582,16.84,65.8,19.61,94.71,6.282,175.22,0.6451,0.02433,0.007332,2.386,1.547,2.44,1.455,3.907,164.73,13.89,0.8334,1.554,0.592,2.325,426.15,1.035,52.15,0.7619,10.87,2.384e-05,0.2173,2.959,1.269,2.306,0.2041,8.755,0.4885,8.502
2022-04-09T10:53:26,42419.92,3207.09,110.03,0.2581,16.84,65.8,19.61,94.7,6.285,175.21,0.6451,0.02434,0.007332,2.386,1.548,2.44,1.455,3.908,164.66,13.89,0.8334,1.554,0.592,2.326,426.09,1.035,52.15,0.7617,10.87,2.384e-05,0.2173,2.956,1.269,2.305,0.2042,8.753,0.4885,8.5
2022-04-09T10:53:56,42423.39,3208.09,110.17,0.2581,16.84,65.8,19.6,94.7,6.285,175.21,0.6451,0.02433,0.007332,2.385,1.548,2.44,1.456,3.911,164.69,13.89,0.8334,1.554,0.592,2.325,426.19,1.035,52.13,0.7618,10.87,2.384e-05,0.2173,2.957,1.269,2.305,0.2041,8.751,0.4885,8.493
2022-04-09T10:54:26,42412.78,3206.73,109.99,0.2581,16.84,65.8,19.6,94.68,6.285,175.23,0.647,0.02431,0.007332,2.385,1.548,2.44,1.455,3.911,164.6,13.89,0.8334,1.55,0.592,2.325,426.1,1.035,52.14,0.7616,10.87,2.385e-05,0.2173,2.956,1.269,2.305,0.204,8.744,0.4875,8.492
2022-04-09T10:54:56,42411.03,3206.32,109.94,0.2581,16.84,65.8,19.6,94.69,6.285,175.14,0.647,0.02432,0.007327,2.385,1.547,2.44,1.454,3.911,164.53,13.89,0.8334,1.55,0.5898,2.324,426.03,1.035,52.13,0.7615,10.87,2.384e-05,0.2173,2.955,1.268,2.305,0.204,8.745,0.4866,8.493
2022-04-09T10:55:26,42415.42,3206.44,109.96,0.2584,16.86,65.8,19.6,94.69,6.284,175.13,0.647,0.02432,0.007329,2.385,1.547,2.44,1.454,3.913,164.6,13.89,0.8334,1.55,0.5898,2.324,426.04,1.035,52.15,0.7615,10.87,2.385e-05,0.2173,2.957,1.269,2.307,0.2041,8.742,0.4864,8.493
2022-04-09T10:55:56,42422.3,3208.17,110.02,0.2585,16.86,65.8,19.61,94.73,6.288,175.2,0.647,0.02432,0.007329,2.385,1.548,2.44,1.455,3.91,164.66,13.89,0.8334,1.55,0.5898,2.326,426.35,1.035,52.17,0.7616,10.89,2.385e-05,0.2173,2.959,1.269,2.308,0.204,8.755,0.4867,8.499
2022-04-09T10:56:26,42424.16,3208.13,110.04,0.2586,16.86,65.8,19.61,94.73,6.288,175.21,0.6476,0.02432,0.007355,2.385,1.548,2.44,1.455,3.91,164.72,13.9,0.8334,1.55,0.5904,2.327,426.19,1.035,52.22,0.7616,10.89,2.386e-05,0.2173,2.96,1.27,2.309,0.204,8.757,0.4864,8.498
2022-04-09T10:56:56,42434.99,3209.3,110.1,0.2588,16.86,65.7,19.62,94.79,6.282,175.34,0.6476,0.02433,0.007355,2.385,1.548,2.46,1.455,3.912,164.89,13.9,0.8334,1.55,0.5904,2.329,426.29,1.036,52.24,0.7619,10.89,2.387e-05,0.2173,2.961,1.271,2.308,0.2041,8.769,0.487,8.494
2022-04-09T10:57:26,42434.87,3209.49,110.11,0.2588,16.86,65.7,19.62,94.78,6.282,175.4,0.6476,0.02432,0.007355,2.385,1.549,2.46,1.456,3.912,164.84,13.91,0.8334,1.549,0.5904,2.329,426.22,1.036,52.25,0.762,10.89,2.388e-05,0.2175,2.961,1.271,2.309,0.2042,8.77,0.4865,8.495
2022-04-09T10:57:56,42435.84,3209.55,110.1,0.2592,16.86,65.7,19.63,94.76,6.282,175.42,0.6476,0.02429,0.007355,2.388,1.549,2.46,1.456,3.912,164.82,13.91,0.8334,1.549,0.5904,2.329,426.24,1.036,52.26,0.762,10.89,2.387e-05,0.2175,2.961,1.271,2.309,0.2041,8.772,0.4867,8.497
2022-04-09T10:58:26,42435.39,3209.62,110.1,0.2593,16.87,65.7,19.62,94.74,6.286,175.37,0.6476,0.02431,0.007355,2.388,1.549,2.46,1.456,3.912,164.82,13.91,0.8334,1.549,0.5904,2.329,426.24,1.036,52.25,0.7619,10.89,2.387e-05,0.2175,2.961,1.271,2.309,0.2041,8.772,0.4866,8.491
2022-04-09T10:58:56,42435.6,3209.27,110.14,0.2594,16.87,65.7,19.62,94.79,6.286,175.38,0.6476,0.0243,0.007355,2.388,1.549,2.46,1.455,3.91,164.86,13.91,0.8334,1.55,0.5904,2.329,426.19,1.036,52.23,0.7619,10.89,2.386e-05,0.2175,2.962,1.27,2.308,0.2041,8.77,0.4866,8.498
2022-04-09T10:59:26,42441.11,3210.17,110.19,0.2595,16.87,65.8,19.64,94.81,6.284,175.52,0.6476,0.0243,0.007355,2.388,1.549,2.46,1.456,3.911,165.02,13.91,0.8325,1.55,0.5904,2.331,426.23,1.036,52.23,0.7621,10.89,2.387e-05,0.2175,2.962,1.271,2.31,0.2042,8.781,0.4872,8.5
2022-04-09T10:59:56,42462.44,3211.25,110.28,0.2597,16.87,65.8,19.64,94.83,6.282,175.68,0.6476,0.02437,0.007355,2.388,1.549,2.46,1.456,3.91,165,13.91,0.8302,1.55,0.5904,2.331,426.51,1.036,52.32,0.7623,10.89,2.389e-05,0.2175,2.964,1.272,2.311,0.2044,8.784,0.4876,8.504
2022-04-09T11:00:26,42471.19,3211.9,110.3,0.2599,16.87,65.8,19.66,94.82,6.281,175.81,0.6476,0.0244,0.007355,2.387,1.551,2.46,1.458,3.91,165.05,13.92,0.8302,1.558,0.5904,2.333,426.65,1.036,52.34,0.7625,10.89,2.389e-05,0.2175,2.966,1.272,2.312,0.2044,8.792,0.488,8.505
2022-04-09T11:00:56,42472.04,3210.81,110.21,0.2598,16.87,65.9,19.64,94.77,6.28,175.5,0.6476,0.02437,0.007356,2.385,1.551,2.46,1.457,3.887,164.98,13.92,0.8302,1.557,0.5904,2.333,426.7,1.035,52.32,0.7627,10.89,2.389e-05,0.2175,2.965,1.271,2.312,0.2044,8.8,0.4878,8.506
2022-04-09T11:01:26,42455.95,3208.23,110.13,0.2588,16.87,65.9,19.62,94.66,6.278,175.19,0.6476,0.02432,0.007356,2.385,1.551,2.46,1.456,3.842,164.78,13.96,0.8302,1.55,0.5904,2.331,426.41,1.034,52.24,0.7624,10.9,2.388e-05,0.2175,2.961,1.27,2.311,0.2044,8.787,0.4877,8.501
2022-04-09T11:01:56,42450.56,3208.5,110.19,0.2588,16.85,65.9,19.62,94.72,6.285,175.3,0.6476,0.0243,0.007356,2.385,1.55,2.46,1.456,3.82,164.7,13.96,0.8302,1.55,0.5904,2.331,426.34,1.035,52.21,0.7621,10.9,2.387e-05,0.2175,2.961,1.271,2.31,0.2044,8.793,0.4877,8.502
2022-04-09T11:02:26,42453.67,3209.61,110.21,0.2588,16.85,65.9,19.62,94.73,6.277,175.4,0.6481,0.0243,0.007356,2.385,1.55,2.46,1.456,3.821,164.8,13.9,0.8286,1.55,0.5904,2.332,426.56,1.035,52.23,0.7624,10.9,2.388e-05,0.2176,2.962,1.271,2.31,0.2044,8.792,0.4873,8.506
2022-04-09T11:02:56,42459.78,3209.89,110.2,0.2589,16.85,65.9,19.63,94.74,6.277,175.52,0.6481,0.02435,0.007356,2.385,1.55,2.46,1.457,3.82,164.81,13.9,0.8286,1.554,0.5904,2.333,426.87,1.035,52.24,0.7625,10.9,2.389e-05,0.2179,2.964,1.271,2.311,0.2044,8.796,0.4883,8.507
2022-04-09T11:03:26,42471.95,3211.18,110.25,0.2591,16.85,65.9,19.63,94.77,6.282,175.54,0.6481,0.02438,0.007348,2.385,1.55,2.46,1.457,3.826,164.99,13.93,0.8286,1.554,0.5904,2.334,426.86,1.035,52.24,0.7624,10.9,2.389e-05,0.2179,2.966,1.271,2.312,0.2045,8.812,0.4881,8.509
2022-04-09T11:03:56,42442.71,3210.7,110.1,0.2591,16.85,65.9,19.62,94.78,6.279,175.43,0.6481,0.02432,0.007348,2.385,1.551,2.46,1.457,3.831,164.87,13.93,0.8286,1.554,0.5904,2.331,426.77,1.034,52.22,0.7625,10.9,2.387e-05,0.2175,2.963,1.27,2.312,0.2044,8.815,0.4884,8.506
2022-04-09T11:04:26,42443.3,3210.99,110.05,0.259,16.87,65.8,19.62,94.78,6.279,175.28,0.6481,0.02432,0.00736,2.385,1.551,2.46,1.457,3.836,164.87,13.93,0.8283,1.553,0.5904,2.331,426.48,1.034,52.22,0.7622,10.9,2.387e-05,0.2175,2.962,1.27,2.311,0.2044,8.815,0.4884,8.502
2022-04-09T11:04:56,42440.6,3209.36,110.04,0.2589,16.87,65.9,19.62,94.76,6.279,175.24,0.6483,0.0243,0.00736,2.385,1.55,2.46,1.456,3.838,164.91,13.93,0.8283,1.549,0.5904,2.331,426.59,1.034,52.21,0.7622,10.9,2.387e-05,0.2175,2.963,1.269,2.311,0.2044,8.814,0.4875,8.505
2022-04-09T11:05:26,42441.21,3210.04,110.11,0.259,16.87,65.8,19.63,94.75,6.279,175.33,0.6483,0.0243,0.00736,2.385,1.551,2.46,1.456,3.838,165,13.93,0.8283,1.555,0.5904,2.331,426.62,1.034,52.21,0.7621,10.9,2.388e-05,0.2175,2.963,1.269,2.311,0.2043,8.813,0.488,8.507
2022-04-09T11:05:56,42448.5,3209.8,110.1,0.259,16.87,65.8,19.62,94.76,6.279,175.47,0.6483,0.0243,0.00736,2.385,1.551,2.46,1.456,3.842,165.07,13.93,0.8283,1.555,0.5904,2.328,426.84,1.034,52.22,0.7623,10.9,2.388e-05,0.2177,2.964,1.269,2.311,0.2044,8.812,0.4884,8.506
2022-04-09T11:06:26,42453.42,3210.44,110.13,0.2591,16.87,65.8,19.63,94.79,6.279,175.56,0.6483,0.0243,0.00736,2.385,1.551,2.46,1.456,3.844,165.12,13.97,0.8283,1.555,0.5904,2.329,426.96,1.034,52.24,0.7623,10.9,2.388e-05,0.2177,2.966,1.269,2.312,0.2044,8.814,0.4889,8.505
2022-04-09T11:06:56,42452.9,3210.39,110.14,0.2595,16.87,65.8,19.63,94.78,6.28,175.53,0.6483,0.02429,0.00736,2.386,1.551,2.46,1.457,3.846,165.14,13.97,0.8283,1.555,0.5904,2.33,426.91,1.034,52.23,0.7623,10.9,2.388e-05,0.2177,2.965,1.27,2.312,0.2045,8.81,0.489,8.507
2022-04-09T11:07:26,42456.08,3210.46,110.14,0.2597,16.84,65.8,19.63,94.79,6.28,175.56,0.6482,0.0243,0.007362,2.385,1.551,2.46,1.456,3.846,165.18,13.97,0.8283,1.551,0.5904,2.33,427.02,1.034,52.24,0.7625,10.9,2.387e-05,0.2177,2.965,1.27,2.312,0.2045,8.806,0.4892,8.508
2022-04-09T11:07:56,42449.13,3210.17,110.07,0.2594,16.88,65.7,19.63,94.79,6.279,175.47,0.6483,0.02431,0.007362,2.385,1.551,2.46,1.456,3.831,165.18,13.97,0.8317,1.551,0.5904,2.33,426.96,1.034,52.24,0.7623,10.9,2.387e-05,0.2177,2.965,1.27,2.312,0.2045,8.798,0.4887,8.509
2022-04-09T11:08:26,42454.34,3209.74,110.1,0.2594,16.82,65.7,19.63,94.79,6.284,175.44,0.6477,0.02434,0.007362,2.385,1.551,2.46,1.456,3.831,165.16,13.97,0.8284,1.555,0.5904,2.331,426.89,1.034,52.25,0.7622,10.91,2.388e-05,0.2177,2.965,1.27,2.312,0.2045,8.802,0.4888,8.508
2022-04-09T11:08:56,42452.62,3209.11,110.04,0.2593,16.82,65.7,19.63,94.75,6.282,175.36,0.6477,0.02431,0.007362,2.385,1.551,2.46,1.456,3.831,165.13,13.97,0.8284,1.555,0.6096,2.331,426.72,1.034,52.24,0.7622,10.91,2.386e-05,0.2177,2.964,1.269,2.312,0.2045,8.793,0.4885,8.509
2022-04-09T11:09:26,42447.42,3208.66,110.04,0.2593,16.82,65.8,19.62,94.72,6.285,175.42,0.6477,0.02432,0.007362,2.385,1.551,2.46,1.455,3.828,165.08,13.89,0.8284,1.552,0.6096,2.329,426.7,1.033,52.22,0.7623,10.91,2.386e-05,0.2177,2.962,1.269,2.311,0.2045,8.792,0.4879,8.505
2022-04-09T11:09:56,42447.77,3208.71,109.98,0.2593,16.82,65.8,19.63,94.72,6.283,175.35,0.6477,0.02434,0.007362,2.385,1.552,2.46,1.455,3.825,165.03,13.89,0.8284,1.551,0.6096,2.33,426.78,1.033,52.22,0.7622,10.91,2.387e-05,0.2177,2.962,1.269,2.31,0.2045,8.788,0.4876,8.503
2022-04-09T11:10:26,42443.13,3207.64,109.89,0.2593,16.82,65.8,19.61,94.7,6.28,175.29,0.6479,0.02433,0.007361,2.385,1.552,2.46,1.455,3.825,164.96,13.89,0.8284,1.55,0.6096,2.329,426.75,1.032,52.18,0.7621,10.91,2.386e-05,0.2177,2.962,1.269,2.31,0.2044,8.783,0.4875,8.504
2022-04-09T11:10:56,42451.84,3207.53,109.92,0.2595,16.82,65.8,19.62,94.65,6.28,175.27,0.6479,0.02434,0.007366,2.385,1.552,2.46,1.455,3.817,165.05,13.89,0.8284,1.55,0.6096,2.329,426.75,1.032,52.2,0.7621,10.91,2.386e-05,0.2177,2.962,1.268,2.31,0.2044,8.784,0.4874,8.508
2022-04-09T11:11:26,42451.92,3207.67,109.96,0.2594,16.82,65.8,19.63,94.64,6.274,175.23,0.6477,0.02436,0.007366,2.385,1.551,2.46,1.455,3.817,165.21,13.89,0.8303,1.55,0.6096,2.33,426.77,1.033,52.2,0.762,10.91,2.387e-05,0.2177,2.964,1.269,2.312,0.2045,8.788,0.4877,8.508
2022-04-09T11:11:56,42465.6,3209.25,110.03,0.2594,16.82,65.8,19.63,94.63,6.274,175.23,0.6471,0.02436,0.007366,2.385,1.551,2.46,1.456,3.816,165.23,13.89,0.8303,1.557,0.6096,2.331,426.87,1.033,52.21,0.7623,10.91,2.387e-05,0.2177,2.966,1.269,2.313,0.2045,8.796,0.4878,8.508
2022-04-09T11:12:26,42477.25,3209.71,110.09,0.2595,16.82,65.8,19.63,94.65,6.283,175.35,0.6469,0.02436,0.007366,2.385,1.551,2.46,1.456,3.816,165.24,13.94,0.8303,1.557,0.6096,2.331,426.94,1.034,52.24,0.7625,10.92,2.388e-05,0.2177,2.966,1.27,2.313,0.2046,8.805,0.4879,8.506
2022-04-09T11:12:56,42477.31,3209.95,110.13,0.2598,16.82,65.8,19.63,94.65,6.284,175.34,0.6454,0.02437,0.007366,2.385,1.552,2.46,1.456,3.818,165.32,13.94,0.8303,1.557,0.6096,2.331,427.03,1.034,52.26,0.7626,10.91,2.389e-05,0.2177,2.967,1.271,2.313,0.2048,8.8,0.4879,8.508
2022-04-09T11:13:26,42478.03,3210.01,110.13,0.2599,16.9,65.6,19.63,94.66,6.288,175.33,0.6454,0.02436,0.007366,2.387,1.555,2.46,1.456,3.82,165.34,13.94,0.8303,1.555,0.6096,2.331,427.11,1.034,52.28,0.7628,10.92,2.389e-05,0.218,2.967,1.271,2.314,0.205,8.798,0.4885,8.509
2022-04-09T11:13:56,42479.23,3210.47,110.16,0.2602,16.9,65.6,19.64,94.68,6.286,175.32,0.6454,0.02436,0.007366,2.387,1.555,2.46,1.457,3.818,165.28,13.94,0.8303,1.555,0.6096,2.332,427.25,1.034,52.3,0.7627,10.92,2.388e-05,0.2181,2.968,1.272,2.315,0.205,8.799,0.4888,8.507
2022-04-09T11:14:26,42475.17,3209.78,110.16,0.2599,16.9,65.7,19.64,94.7,6.285,175.24,0.6454,0.02439,0.007366,2.387,1.556,2.46,1.456,3.822,165.32,13.94,0.8303,1.555,0.6096,2.332,427.09,1.034,52.3,0.7624,10.93,2.387e-05,0.2181,2.968,1.272,2.317,0.205,8.809,0.4886,8.508
2022-04-09T11:14:56,42485.17,3210.73,110.14,0.2601,16.9,65.7,19.65,94.75,6.284,175.3,0.6454,0.0244,0.007366,2.387,1.556,2.46,1.456,3.82,165.35,13.94,0.8325,1.557,0.6096,2.331,427.07,1.034,52.28,0.7623,10.93,2.387e-05,0.2185,2.969,1.272,2.318,0.2051,8.804,0.4885,8.504
2022-04-09T11:15:26,42487.31,3210.73,110.24,0.2606,16.9,65.7,19.65,94.83,6.284,175.57,0.6454,0.02447,0.007366,2.387,1.556,2.46,1.457,3.823,165.43,13.91,0.8333,1.554,0.6096,2.332,427.17,1.034,52.27,0.7624,10.93,2.388e-05,0.2185,2.969,1.272,2.319,0.2051,8.805,0.4884,8.503
2022-04-09T11:15:56,42487.94,3210.95,110.32,0.2606,16.89,65.7,19.65,94.89,6.282,175.56,0.6462,0.02443,0.007366,2.387,1.556,2.46,1.457,3.823,165.46,13.91,0.8333,1.556,0.6096,2.333,427.36,1.035,52.27,0.7624,10.93,2.389e-05,0.2191,2.97,1.272,2.319,0.2051,8.805,0.4888,8.505
2022-04-09T11:16:26,42502.16,3211.88,110.38,0.2605,16.89,65.8,19.66,94.92,6.283,175.68,0.6462,0.02444,0.007364,2.387,1.558,2.46,1.458,3.816,165.55,13.91,0.8333,1.556,0.6096,2.333,427.45,1.035,52.31,0.7626,10.93,2.39e-05,0.2194,2.973,1.273,2.321,0.2051,8.811,0.4889,8.51
2022-04-09T11:16:56,42486.85,3211.11,110.37,0.2599,16.89,65.8,19.65,94.89,6.295,175.77,0.6462,0.02444,0.007375,2.387,1.559,2.46,1.458,3.821,165.54,13.91,0.8333,1.555,0.6096,2.332,427.44,1.035,52.33,0.7626,10.93,2.39e-05,0.2188,2.972,1.272,2.32,0.2051,8.812,0.4892,8.511
2022-04-09T11:17:26,42496.47,3211.96,110.43,0.2602,16.89,65.8,19.66,94.97,6.295,175.83,0.6462,0.02444,0.007375,2.387,1.559,2.46,1.459,3.821,165.6,13.91,0.8333,1.555,0.6096,2.333,427.53,1.036,52.37,0.7627,10.94,2.39e-05,0.2191,2.978,1.273,2.321,0.2052,8.819,0.4894,8.512
2022-04-09T11:17:56,42504.69,3213.04,110.53,0.2602,16.89,65.7,19.66,94.96,6.297,175.9,0.6462,0.02443,0.007375,2.384,1.559,2.46,1.459,3.821,165.62,13.91,0.8333,1.555,0.6096,2.334,427.51,1.037,52.46,0.7628,10.94,2.391e-05,0.2191,2.978,1.273,2.321,0.2051,8.821,0.4896,8.511
2022-04-09T11:18:26,42513.71,3213.05,110.52,0.2602,16.89,65.7,19.67,94.92,6.297,176.01,0.6462,0.02443,0.007375,2.384,1.559,2.46,1.459,3.822,165.61,13.91,0.8333,1.56,0.6096,2.334,427.69,1.037,52.5,0.7632,10.94,2.394e-05,0.2191,2.978,1.273,2.321,0.2052,8.821,0.4902,8.516
2022-04-09T11:18:56,42514.2,3213.1,110.53,0.2603,16.9,65.7,19.67,94.93,6.299,176.03,0.6462,0.02443,0.007375,2.384,1.558,2.46,1.459,3.822,165.66,13.91,0.8417,1.553,0.6096,2.335,427.85,1.038,52.52,0.7632,10.94,2.394e-05,0.2191,2.979,1.273,2.321,0.2052,8.823,0.4906,8.521
2022-04-09T11:19:26,42513.95,3213.71,110.55,0.2607,16.93,65.8,19.68,94.96,6.287,176.04,0.6462,0.02443,0.007375,2.387,1.559,2.46,1.459,3.822,165.71,13.91,0.8417,1.558,0.6096,2.336,427.75,1.038,52.54,0.7631,10.94,2.395e-05,0.219,2.983,1.274,2.323,0.2053,8.822,0.4906,8.519
2022-04-09T11:19:56,42514.05,3213.88,110.58,0.2609,16.97,65.8,19.67,94.96,6.288,176.13,0.6463,0.02441,0.007365,2.387,1.558,2.46,1.46,3.821,165.73,13.91,0.8417,1.557,0.6096,2.335,427.86,1.038,52.58,0.7631,10.93,2.393e-05,0.219,2.983,1.274,2.324,0.2052,8.823,0.4908,8.519
2022-04-09T11:20:26,42515.69,3214.36,110.6,0.2611,16.97,65.8,19.67,94.94,6.288,176.11,0.6462,0.02416,0.007365,2.387,1.558,2.46,1.46,3.822,165.81,13.91,0.841,1.555,0.5871,2.336,427.9,1.037,52.58,0.7631,10.93,2.393e-05,0.219,2.982,1.274,2.323,0.2052,8.825,0.4907,8.52
2022-04-09T11:20:56,42519.11,3215.31,110.54,0.2611,16.97,65.7,19.67,94.86,6.289,176.07,0.6479,0.02406,0.007365,2.387,1.558,2.46,1.46,3.822,165.77,13.91,0.841,1.559,0.5871,2.336,427.92,1.037,52.62,0.7631,10.93,2.393e-05,0.2191,2.982,1.274,2.323,0.2052,8.827,0.4907,8.525
2022-04-09T11:21:26,42531.29,3216.51,110.59,0.2612,16.96,65.7,19.67,94.89,6.289,176.02,0.6479,0.02408,0.007365,2.387,1.559,2.46,1.459,3.831,165.86,13.91,0.841,1.56,0.5871,2.336,428.06,1.037,52.5,0.7633,10.93,2.395e-05,0.2192,2.983,1.275,2.323,0.2052,8.828,0.4903,8.529
2022-04-09T11:21:56,42515.22,3215.34,110.51,0.2612,16.96,65.7,19.67,94.86,6.297,176.08,0.6473,0.0241,0.007365,2.387,1.558,2.46,1.459,3.825,165.87,13.91,0.841,1.555,0.5871,2.335,428.01,1.037,52.46,0.7633,10.93,2.395e-05,0.219,2.986,1.274,2.321,0.2053,8.826,0.4901,8.527
2022-04-09T11:22:26,42501.22,3214.73,110.46,0.2607,16.96,65.7,19.67,94.86,6.292,176.08,0.6479,0.02414,0.007373,2.387,1.559,2.47,1.459,3.827,165.78,13.91,0.8401,1.552,0.5869,2.335,427.9,1.037,52.46,0.763,10.93,2.394e-05,0.219,2.986,1.274,2.322,0.2052,8.822,0.4896,8.526
2022-04-09T11:22:56,42500.67,3214.69,110.53,0.2606,16.96,65.7,19.68,94.95,6.292,176.09,0.6479,0.02415,0.007365,2.383,1.559,2.47,1.458,3.827,165.76,13.9,0.8401,1.552,0.5869,2.336,427.78,1.037,52.47,0.7629,10.93,2.395e-05,0.2189,2.986,1.274,2.321,0.2052,8.825,0.4901,8.519
2022-04-09T11:23:26,42500.77,3214.74,110.57,0.2606,16.96,65.7,19.67,94.97,6.292,176.14,0.649,0.02418,0.007365,2.383,1.558,2.47,1.458,3.83,165.72,13.9,0.8401,1.552,0.5869,2.335,427.8,1.038,52.45,0.763,10.93,2.394e-05,0.2189,2.986,1.275,2.321,0.2052,8.825,0.49,8.52
2022-04-09T11:23:56,42501.4,3215.84,110.58,0.2606,16.96,65.7,19.68,94.97,6.295,176.19,0.6492,0.02417,0.007375,2.383,1.559,2.47,1.458,3.83,165.72,13.9,0.8401,1.552,0.5869,2.335,427.77,1.038,52.45,0.763,10.93,2.394e-05,0.2189,2.985,1.274,2.321,0.2052,8.828,0.4897,8.525
2022-04-09T11:24:26,42503.22,3215.61,110.56,0.2605,16.96,65.7,19.68,94.92,6.295,176.24,0.6492,0.02416,0.007375,2.383,1.559,2.47,1.458,3.83,165.71,13.9,0.8401,1.552,0.5869,2.335,427.77,1.038,52.45,0.763,10.93,2.394e-05,0.2189,2.983,1.273,2.32,0.2052,8.828,0.4896,8.52
2022-04-09T11:24:56,42471.91,3212.87,110.51,0.2602,16.96,65.7,19.66,94.78,6.292,175.7,0.6484,0.02414,0.007375,2.383,1.558,2.47,1.457,3.825,165.61,13.9,0.8401,1.552,0.5869,2.331,427.43,1.038,52.4,0.7624,10.93,2.392e-05,0.2189,2.976,1.272,2.316,0.2051,8.822,0.4889,8.514
2022-04-09T11:25:26,42459.45,3211.07,110.49,0.2601,16.92,65.7,19.65,94.7,6.292,175.7,0.6479,0.02412,0.007375,2.383,1.558,2.47,1.456,3.823,165.52,13.9,0.8401,1.55,0.5869,2.328,427.06,1.038,52.37,0.7621,10.93,2.39e-05,0.2185,2.976,1.271,2.316,0.2049,8.821,0.4889,8.508
2022-04-09T11:25:56,42450.82,3210.28,110.23,0.2599,16.92,65.8,19.64,94.66,6.287,175.63,0.6484,0.02413,0.007375,2.383,1.556,2.47,1.455,3.822,165.47,13.9,0.8367,1.55,0.5869,2.327,426.82,1.037,52.31,0.7618,10.93,2.389e-05,0.2185,2.973,1.271,2.315,0.2047,8.821,0.4882,8.508
2022-04-09T11:26:26,42443.54,3210.77,110.3,0.2599,16.92,65.7,19.64,94.67,6.29,175.74,0.6469,0.02411,0.007357,2.383,1.556,2.47,1.455,3.82,165.51,13.9,0.8367,1.549,0.5869,2.327,426.81,1.037,52.3,0.762,10.93,2.39e-05,0.2184,2.974,1.27,2.316,0.2047,8.817,0.4885,8.505
2022-04-09T11:26:56,42449.99,3210.57,110.36,0.2599,16.92,65.7,19.64,94.67,6.294,175.75,0.6469,0.02411,0.007357,2.383,1.556,2.47,1.456,3.823,165.58,13.9,0.8367,1.549,0.5869,2.328,426.9,1.037,52.32,0.7621,10.93,2.39e-05,0.2184,2.974,1.271,2.317,0.2048,8.818,0.4885,8.508
2022-04-09T11:27:26,42449.94,3210.79,110.42,0.2598,16.92,65.8,19.65,94.61,6.287,175.81,0.6484,0.02413,0.007357,2.383,1.557,2.47,1.456,3.824,165.65,13.9,0.8367,1.549,0.5869,2.329,426.95,1.038,52.34,0.762,10.93,2.39e-05,0.2184,2.975,1.272,2.317,0.2048,8.826,0.4889,8.504
2022-04-09T11:27:56,42450.75,3210.92,110.41,0.2597,16.92,65.8,19.64,94.61,6.281,176,0.6467,0.02413,0.007357,2.383,1.557,2.47,1.456,3.825,165.69,13.9,0.8287,1.55,0.5869,2.331,426.94,1.037,52.36,0.7622,10.93,2.39e-05,0.2184,2.974,1.273,2.316,0.2048,8.829,0.4894,8.504
2022-04-09T11:28:26,42484.19,3213.06,110.44,0.2603,16.92,65.8,19.66,94.64,6.29,176.1,0.6468,0.02415,0.007357,2.383,1.557,2.47,1.457,3.832,165.74,13.9,0.8286,1.558,0.5869,2.333,427.17,1.038,52.45,0.7626,10.93,2.393e-05,0.2188,2.981,1.274,2.319,0.205,8.834,0.4897,8.51
2022-04-09T11:28:56,42486.19,3213,110.54,0.2602,16.92,65.7,19.66,94.69,6.288,176.15,0.6468,0.02415,0.007357,2.385,1.558,2.47,1.458,3.837,165.77,13.9,0.8286,1.558,0.5869,2.333,427.25,1.038,52.49,0.7626,10.93,2.392e-05,0.2188,2.98,1.274,2.32,0.205,8.839,0.4897,8.511
2022-04-09T11:29:26,42491.5,3213.65,110.51,0.2601,16.92,65.7,19.67,94.78,6.289,176.3,0.6469,0.02417,0.007357,2.385,1.558,2.47,1.459,3.837,165.78,13.9,0.8286,1.558,0.5869,2.333,427.13,1.038,52.52,0.7626,10.93,2.394e-05,0.2188,2.979,1.275,2.32,0.205,8.84,0.4897,8.509
2022-04-09T11:29:56,42483.73,3212.83,110.48,0.26,16.92,65.7,19.67,94.75,6.281,176.33,0.6468,0.02417,0.007357,2.382,1.558,2.47,1.459,3.839,165.84,13.9,0.8286,1.554,0.5869,2.334,427.04,1.038,52.52,0.7626,10.93,2.394e-05,0.2188,2.979,1.275,2.32,0.2051,8.836,0.4893,8.507
2022-04-09T11:30:26,42482.44,3213.34,110.47,0.2601,16.92,65.8,19.67,94.77,6.28,176.31,0.6468,0.02417,0.007357,2.382,1.558,2.47,1.459,3.84,165.82,13.9,0.8312,1.554,0.5869,2.334,427.07,1.038,52.5,0.7625,10.93,2.393e-05,0.2188,2.979,1.275,2.321,0.205,8.836,0.4894,8.496
2022-04-09T11:30:56,42500.53,3213.91,110.51,0.2604,16.92,65.8,19.67,94.87,6.294,176.3,0.6468,0.02417,0.007357,2.382,1.559,2.47,1.459,3.842,165.81,13.9,0.8312,1.558,0.5869,2.335,427.13,1.038,52.5,0.7627,10.93,2.394e-05,0.2188,2.98,1.275,2.321,0.2051,8.837,0.4895,8.487
2022-04-09T11:31:26,42499.26,3212.91,110.41,0.2604,16.92,65.6,19.68,94.9,6.292,176.31,0.6452,0.02417,0.007357,2.382,1.559,2.47,1.458,3.843,165.77,13.9,0.8312,1.557,0.5869,2.333,427.2,1.038,52.49,0.7627,10.91,2.396e-05,0.2188,2.981,1.274,2.322,0.2051,8.832,0.4892,8.492
2022-04-09T11:31:56,42489.01,3212.15,110.32,0.2604,16.92,65.7,19.67,94.89,6.286,176.31,0.6457,0.02416,0.007357,2.382,1.56,2.47,1.459,3.84,165.72,13.9,0.8312,1.553,0.5869,2.333,427.15,1.038,52.47,0.7627,10.91,2.396e-05,0.2188,2.978,1.274,2.322,0.2051,8.831,0.4892,8.494
2022-04-09T11:32:26,42473.23,3210.91,110.22,0.26,16.92,65.6,19.67,94.81,6.28,176.26,0.6457,0.02414,0.007357,2.382,1.56,2.47,1.458,3.835,165.65,13.9,0.8312,1.548,0.5869,2.333,426.76,1.038,52.43,0.7624,10.91,2.393e-05,0.2188,2.976,1.273,2.32,0.2051,8.831,0.4886,8.487
2022-04-09T11:32:56,42458.82,3210.69,110.23,0.26,16.92,65.6,19.66,94.81,6.282,176.18,0.6457,0.02413,0.007357,2.382,1.56,2.47,1.458,3.835,165.62,13.9,0.8312,1.548,0.5869,2.332,426.67,1.037,52.42,0.7621,10.91,2.392e-05,0.2188,2.976,1.273,2.319,0.2049,8.831,0.4884,8.481
2022-04-09T11:33:26,42458.73,3209.56,110.22,0.26,16.9,65.6,19.67,94.73,6.276,176.17,0.6457,0.02411,0.007357,2.382,1.559,2.47,1.456,3.833,165.61,13.9,0.832,1.548,0.5869,2.33,426.51,1.037,52.4,0.762,10.91,2.392e-05,0.2188,2.974,1.273,2.317,0.2049,8.817,0.4883,8.48
2022-04-09T11:33:56,42457.73,3209.47,110.22,0.26,16.92,65.6,19.65,94.69,6.274,176.23,0.6459,0.02407,0.007375,2.382,1.559,2.47,1.456,3.831,165.57,13.9,0.832,1.548,0.5869,2.329,426.47,1.037,52.39,0.762,10.92,2.392e-05,0.2185,2.974,1.272,2.317,0.2049,8.813,0.4882,8.48
2022-04-09T11:34:26,42464.31,3210.01,110.22,0.2602,16.92,65.6,19.66,94.68,6.272,176.52,0.6479,0.02405,0.007375,2.382,1.559,2.47,1.457,3.831,165.63,13.9,0.832,1.55,0.5869,2.328,426.54,1.037,52.41,0.762,10.92,2.393e-05,0.2185,2.975,1.273,2.316,0.205,8.815,0.4888,8.48
2022-04-09T11:34:56,42467.96,3210.31,110.25,0.2601,16.92,65.7,19.66,94.72,6.274,176.51,0.648,0.02407,0.007375,2.382,1.559,2.47,1.457,3.833,165.74,13.95,0.832,1.548,0.5869,2.332,426.54,1.037,52.49,0.7623,10.92,2.393e-05,0.2185,2.978,1.273,2.319,0.205,8.816,0.4895,8.481
2022-04-09T11:35:26,42471.84,3210.47,110.31,0.2602,16.92,65.7,19.66,94.8,6.282,176.59,0.6478,0.02408,0.007375,2.382,1.559,2.47,1.458,3.833,165.77,13.95,0.832,1.549,0.5869,2.332,426.65,1.037,52.49,0.7621,10.92,2.393e-05,0.2187,2.977,1.273,2.32,0.205,8.814,0.4893,8.476
2022-04-09T11:35:56,42472.97,3210,110.33,0.2602,16.92,65.7,19.66,94.82,6.297,176.48,0.6458,0.02407,0.007375,2.382,1.559,2.47,1.458,3.833,165.78,13.95,0.832,1.549,0.5869,2.333,426.68,1.037,52.49,0.7622,10.92,2.394e-05,0.2187,2.977,1.273,2.32,0.2051,8.819,0.4895,8.481
2022-04-09T11:36:26,42472.4,3209.38,110.31,0.2601,16.92,65.7,19.66,94.83,6.288,176.34,0.6471,0.02405,0.007382,2.382,1.56,2.47,1.457,3.829,165.8,13.95,0.8347,1.549,0.5869,2.333,426.7,1.036,52.48,0.7621,10.92,2.394e-05,0.2187,2.977,1.273,2.32,0.2051,8.819,0.4898,8.48
2022-04-09T11:36:56,42460.84,3208.63,110.22,0.2601,16.92,65.6,19.66,94.8,6.288,176.33,0.6471,0.02404,0.007373,2.382,1.56,2.47,1.457,3.824,165.74,13.95,0.8347,1.546,0.5869,2.332,426.64,1.036,52.46,0.762,10.92,2.393e-05,0.2187,2.974,1.272,2.318,0.2051,8.818,0.4899,8.48
2022-04-09T11:37:26,42458.38,3208.57,110.23,0.2601,16.92,65.6,19.66,94.71,6.288,176.43,0.6457,0.024,0.007373,2.382,1.56,2.47,1.457,3.827,165.74,13.95,0.8347,1.546,0.5869,2.333,426.68,1.037,52.46,0.7618,10.92,2.393e-05,0.2187,2.975,1.272,2.317,0.2051,8.815,0.4901,8.481
2022-04-09T11:37:56,42454.97,3209.06,110.33,0.2601,16.92,65.6,19.66,94.7,6.289,176.43,0.6455,0.02401,0.007373,2.382,1.56,2.47,1.457,3.828,165.82,13.95,0.8309,1.546,0.5869,2.333,426.89,1.037,52.45,0.7618,10.92,2.393e-05,0.2187,2.976,1.272,2.317,0.205,8.814,0.4901,8.482
2022-04-09T11:38:26,42452.38,3209.61,110.32,0.26,16.92,65.6,19.66,94.73,6.291,176.36,0.6455,0.02401,0.007373,2.382,1.56,2.47,1.458,3.828,165.78,13.95,0.8309,1.547,0.5869,2.334,426.87,1.037,52.45,0.7619,10.92,2.393e-05,0.2187,2.977,1.273,2.317,0.2051,8.809,0.4902,8.488
2022-04-09T11:38:56,42449.1,3209.45,110.34,0.2601,16.92,65.7,19.66,94.68,6.289,176.38,0.6468,0.02398,0.007373,2.382,1.561,2.47,1.457,3.828,165.72,13.95,0.8309,1.548,0.5889,2.334,426.97,1.036,52.39,0.7621,10.93,2.392e-05,0.2187,2.976,1.273,2.317,0.205,8.805,0.4905,8.49
2022-04-09T11:39:26,42450.52,3209.18,110.34,0.2602,16.92,65.7,19.66,94.67,6.288,176.41,0.6453,0.02398,0.007373,2.382,1.561,2.47,1.457,3.826,165.76,13.95,0.8309,1.546,0.5889,2.333,427,1.037,52.39,0.7621,10.93,2.391e-05,0.2187,2.976,1.273,2.317,0.205,8.804,0.4905,8.496
2022-04-09T11:39:56,42446.17,3209.02,110.34,0.2602,16.92,65.7,19.66,94.65,6.283,176.41,0.6463,0.02397,0.00738,2.382,1.561,2.47,1.458,3.824,165.72,13.98,0.8309,1.546,0.5889,2.333,426.96,1.037,52.39,0.7621,10.93,2.391e-05,0.2187,2.976,1.273,2.317,0.205,8.806,0.4905,8.496
2022-04-09T11:40:26,42454.43,3210.32,110.42,0.2603,16.92,65.7,19.66,94.71,6.284,176.42,0.6463,0.02398,0.007385,2.382,1.56,2.47,1.457,3.825,165.76,13.98,0.8309,1.547,0.5889,2.334,426.97,1.037,52.4,0.7623,10.92,2.392e-05,0.2187,2.976,1.273,2.316,0.2051,8.809,0.4905,8.496
2022-04-09T11:40:56,42464.86,3211.08,110.48,0.2603,16.92,65.7,19.67,94.71,6.29,176.45,0.6452,0.02398,0.007385,2.382,1.56,2.47,1.457,3.827,165.75,13.98,0.8309,1.547,0.5889,2.334,427.09,1.037,52.41,0.7624,10.92,2.392e-05,0.2187,2.978,1.274,2.316,0.2052,8.81,0.4906,8.491
2022-04-09T11:41:26,42462.28,3211.08,110.44,0.2603,16.92,65.7,19.68,94.68,6.293,176.51,0.6454,0.024,0.007385,2.382,1.56,2.47,1.459,3.826,165.83,13.98,0.8297,1.547,0.5889,2.334,427.14,1.038,52.4,0.7625,10.92,2.393e-05,0.2187,2.979,1.274,2.316,0.2052,8.809,0.4908,8.497
2022-04-09T11:41:56,42459.63,3211.25,110.47,0.2604,16.92,65.7,19.67,94.68,6.285,176.56,0.646,0.024,0.007385,2.381,1.561,2.47,1.459,3.826,165.82,13.98,0.8297,1.548,0.5889,2.334,427.14,1.038,52.39,0.7627,10.92,2.393e-05,0.2187,2.978,1.274,2.316,0.2052,8.797,0.4906,8.496
2022-04-09T11:42:26,42456.78,3210.65,110.44,0.2604,16.92,65.6,19.67,94.73,6.289,176.52,0.646,0.024,0.007385,2.381,1.561,2.47,1.459,3.831,165.8,13.98,0.8297,1.548,0.5889,2.332,427.13,1.038,52.36,0.7623,10.92,2.393e-05,0.2187,2.978,1.274,2.315,0.2052,8.784,0.4903,8.498
2022-04-09T11:42:56,42459.5,3210.9,110.45,0.2605,16.92,65.6,19.67,94.73,6.289,176.47,0.646,0.024,0.007385,2.381,1.561,2.47,1.458,3.826,165.83,13.98,0.8297,1.548,0.5889,2.333,427.1,1.038,52.35,0.7623,10.92,2.393e-05,0.2187,2.977,1.274,2.316,0.2052,8.784,0.4906,8.499
2022-04-09T11:43:26,42464.45,3210.29,110.45,0.2604,16.92,65.6,19.67,94.75,6.289,176.53,0.6461,0.02401,0.007385,2.381,1.56,2.47,1.458,3.826,166.05,13.98,0.8293,1.549,0.5889,2.334,427.12,1.038,52.38,0.7624,10.92,2.391e-05,0.2187,2.978,1.274,2.316,0.2053,8.77,0.4911,8.498
2022-04-09T11:43:56,42476.21,3212.58,110.63,0.2605,16.92,65.6,19.68,94.91,6.289,176.65,0.6461,0.02404,0.007385,2.381,1.561,2.47,1.458,3.828,166.36,13.98,0.8293,1.55,0.5889,2.334,427.25,1.039,52.44,0.7626,10.92,2.393e-05,0.2187,2.98,1.275,2.318,0.2053,8.772,0.4912,8.497
2022-04-09T11:44:26,42474.8,3212.24,110.66,0.2607,16.92,65.6,19.69,94.94,6.291,176.68,0.646,0.02404,0.007385,2.381,1.56,2.47,1.458,3.826,166.39,13.98,0.8306,1.549,0.5889,2.335,427.15,1.038,52.46,0.7627,10.92,2.393e-05,0.2187,2.983,1.275,2.32,0.2053,8.775,0.4918,8.493
2022-04-09T11:44:56,42475.27,3211.95,110.64,0.2607,16.92,65.6,19.69,94.88,6.289,176.68,0.6451,0.02405,0.007385,2.381,1.561,2.47,1.459,3.827,166.38,13.98,0.8306,1.547,0.5889,2.335,427.31,1.038,52.47,0.7628,10.92,2.393e-05,0.2187,2.982,1.275,2.321,0.2054,8.783,0.4919,8.507
2022-04-09T11:45:26,42470.82,3211.21,110.66,0.2603,16.93,65.6,19.69,94.86,6.29,176.68,0.6465,0.02402,0.007385,2.382,1.561,2.47,1.458,3.826,166.37,13.98,0.8306,1.546,0.5889,2.334,427.28,1.038,52.45,0.7628,10.92,2.393e-05,0.2187,2.982,1.274,2.32,0.2054,8.783,0.4927,8.512
2022-04-09T11:45:56,42453.1,3210.63,110.54,0.2602,16.96,65.7,19.67,94.8,6.29,176.68,0.645,0.02399,0.007392,2.381,1.561,2.47,1.458,3.83,166.29,13.98,0.8306,1.546,0.5889,2.333,427.13,1.038,52.43,0.7627,10.92,2.391e-05,0.2187,2.98,1.273,2.319,0.2053,8.768,0.4933,8.51
2022-04-09T11:46:26,42457.02,3210.34,110.54,0.2602,16.96,65.5,19.67,94.76,6.289,176.68,0.645,0.02399,0.007392,2.381,1.561,2.47,1.458,3.83,166,13.98,0.8306,1.546,0.5889,2.333,427.09,1.037,52.4,0.7625,10.92,2.39e-05,0.2187,2.979,1.272,2.318,0.2054,8.764,0.4936,8.512
2022-04-09T11:46:56,42468.83,3211.43,110.56,0.2603,16.96,65.5,19.68,94.78,6.289,176.77,0.645,0.024,0.007392,2.381,1.561,2.47,1.458,3.83,165.98,13.98,0.8306,1.548,0.5889,2.334,427.13,1.038,52.41,0.7628,10.92,2.391e-05,0.2188,2.981,1.273,2.318,0.2053,8.763,0.4938,8.512
2022-04-09T11:47:26,42472.65,3212.35,110.63,0.2605,16.96,65.5,19.69,94.85,6.289,176.81,0.645,0.02402,0.007392,2.381,1.56,2.47,1.458,3.83,165.98,13.98,0.8284,1.548,0.5889,2.334,427.2,1.038,52.48,0.7628,10.92,2.392e-05,0.2188,2.982,1.273,2.319,0.2054,8.764,0.4943,8.511
2022-04-09T11:47:56,42469.32,3211.57,110.58,0.2605,16.96,65.5,19.68,94.87,6.289,176.83,0.645,0.02403,0.007392,2.381,1.56,2.47,1.458,3.83,165.92,13.91,0.8284,1.548,0.5889,2.334,427.28,1.038,52.47,0.7629,10.92,2.393e-05,0.2188,2.982,1.273,2.319,0.2055,8.763,0.4943,8.517
2022-04-09T11:48:26,42469.37,3211.45,110.58,0.2605,16.96,65.5,19.68,94.91,6.289,176.84,0.645,0.02399,0.007392,2.381,1.559,2.47,1.458,3.83,165.9,13.91,0.8295,1.545,0.5889,2.334,427.28,1.038,52.47,0.7628,10.92,2.393e-05,0.2188,2.983,1.273,2.319,0.2055,8.762,0.4943,8.517
2022-04-09T11:48:56,42468.65,3211.34,110.57,0.2606,16.94,65.6,19.68,94.88,6.289,176.78,0.645,0.02395,0.007392,2.381,1.56,2.47,1.458,3.829,165.86,13.98,0.8295,1.546,0.5889,2.333,427.25,1.038,52.48,0.7629,10.92,2.392e-05,0.2188,2.982,1.272,2.319,0.2055,8.764,0.4951,8.519
2022-04-09T11:49:26,42463.37,3210.3,110.46,0.2604,16.94,65.6,19.67,94.87,6.289,176.49,0.645,0.02396,0.007405,2.381,1.56,2.47,1.458,3.828,165.62,13.98,0.8295,1.546,0.5889,2.333,427.22,1.038,52.43,0.7628,10.92,2.391e-05,0.2188,2.982,1.272,2.319,0.2055,8.762,0.4949,8.518
2022-04-09T11:49:56,42465.19,3210.83,110.51,0.2605,16.94,65.6,19.67,94.88,6.299,176.51,0.645,0.02393,0.007419,2.381,1.56,2.47,1.458,3.83,165.64,13.98,0.8295,1.547,0.5889,2.335,427.13,1.038,52.41,0.7629,10.92,2.39e-05,0.2188,2.983,1.272,2.318,0.2055,8.763,0.4952,8.519
2022-04-09T11:50:26,42466.16,3210.74,110.51,0.2606,16.94,65.6,19.66,94.89,6.299,176.49,0.645,0.02394,0.007419,2.38,1.56,2.47,1.458,3.832,165.56,13.98,0.8295,1.55,0.5889,2.335,427.2,1.038,52.42,0.7629,10.92,2.39e-05,0.2188,2.982,1.272,2.318,0.2055,8.761,0.4951,8.522
2022-04-09T11:50:56,42464.18,3210.89,110.54,0.2606,16.94,65.6,19.66,94.88,6.29,176.42,0.645,0.02393,0.007419,2.38,1.56,2.47,1.458,3.832,165.58,13.98,0.8295,1.55,0.5889,2.334,427.24,1.038,52.38,0.7629,10.92,2.391e-05,0.2192,2.981,1.272,2.318,0.2055,8.76,0.4943,8.519
2022-04-09T11:51:26,42462.19,3210.38,110.53,0.2606,16.96,65.6,19.66,94.89,6.291,176.46,0.645,0.02394,0.007419,2.38,1.56,2.47,1.458,3.832,165.52,13.98,0.8295,1.55,0.5889,2.333,427.21,1.038,52.32,0.7629,10.92,2.389e-05,0.2192,2.98,1.271,2.318,0.2055,8.761,0.4931,8.523
2022-04-09T11:51:56,42463.82,3210.63,110.53,0.2606,16.96,65.6,19.66,94.88,6.283,176.52,0.645,0.02395,0.007419,2.378,1.56,2.47,1.458,3.831,165.59,13.98,0.8295,1.548,0.5889,2.334,427.03,1.038,52.31,0.7629,10.92,2.389e-05,0.2192,2.981,1.271,2.318,0.2055,8.755,0.4929,8.519
2022-04-09T11:52:26,42463.21,3209.5,110.44,0.2606,16.96,65.6,19.66,94.81,6.294,176.57,0.645,0.02395,0.007428,2.378,1.56,2.47,1.458,3.83,165.64,13.98,0.8282,1.548,0.5889,2.334,426.99,1.037,52.29,0.7628,10.92,2.388e-05,0.2193,2.98,1.271,2.318,0.2054,8.75,0.4927,8.514
2022-04-09T11:52:56,42463.01,3209.63,110.42,0.2606,16.96,65.6,19.65,94.83,6.289,176.58,0.645,0.02396,0.007428,2.378,1.56,2.47,1.456,3.825,165.63,13.93,0.8276,1.548,0.5889,2.335,426.9,1.037,52.28,0.7628,10.87,2.389e-05,0.2193,2.979,1.271,2.317,0.2054,8.755,0.4925,8.51
2022-04-09T11:53:26,42460.57,3209.75,110.43,0.2606,16.96,65.6,19.65,94.81,6.289,176.43,0.645,0.02396,0.007428,2.385,1.56,2.47,1.456,3.825,165.63,13.93,0.8276,1.548,0.5889,2.335,426.96,1.038,52.28,0.7628,10.87,2.389e-05,0.2193,2.979,1.271,2.316,0.2054,8.753,0.4925,8.51
2022-04-09T11:53:56,42460.83,3209.65,110.42,0.2604,16.96,65.6,19.65,94.77,6.289,176.39,0.645,0.02396,0.007428,2.385,1.56,2.47,1.456,3.821,165.64,13.89,0.8276,1.548,0.5889,2.337,426.88,1.038,52.27,0.7627,10.87,2.389e-05,0.2193,2.976,1.27,2.315,0.2054,8.744,0.4926,8.515
2022-04-09T11:54:26,42455.3,3208.69,110.36,0.2604,16.9,65.5,19.64,94.76,6.285,176.36,0.645,0.02396,0.007428,2.385,1.56,2.47,1.456,3.823,165.62,13.89,0.8276,1.548,0.5889,2.336,426.71,1.038,52.22,0.7626,10.87,2.388e-05,0.2193,2.975,1.27,2.315,0.2054,8.741,0.4926,8.516
2022-04-09T11:54:56,42454.85,3208.99,110.33,0.2604,16.9,65.5,19.64,94.76,6.297,176.28,0.645,0.02397,0.007428,2.385,1.56,2.47,1.456,3.829,165.66,13.87,0.8276,1.549,0.5889,2.336,426.64,1.038,52.22,0.7625,10.87,2.388e-05,0.2193,2.975,1.27,2.315,0.2054,8.738,0.4926,8.516
2022-04-09T11:55:26,42454.03,3209.07,110.31,0.2603,16.9,65.5,19.64,94.8,6.291,176.26,0.645,0.02395,0.00742,2.385,1.559,2.47,1.456,3.829,165.65,13.87,0.8276,1.549,0.5889,2.335,426.7,1.038,52.22,0.7624,10.87,2.388e-05,0.2193,2.975,1.27,2.315,0.2055,8.745,0.4928,8.516
2022-04-09T11:55:56,42451.98,3208.91,110.32,0.2601,16.9,65.5,19.63,94.82,6.295,175.99,0.6385,0.02397,0.00742,2.38,1.559,2.47,1.457,3.829,165.64,13.8,0.8276,1.541,0.5889,2.334,426.53,1.038,52.22,0.7624,10.87,2.388e-05,0.2193,2.974,1.269,2.314,0.2055,8.743,0.4927,8.511
2022-04-09T11:56:26,42454.54,3209.63,110.4,0.2602,16.9,65.5,19.63,94.82,6.295,176,0.6385,0.02397,0.00742,2.378,1.56,2.47,1.456,3.826,165.69,13.8,0.8276,1.542,0.5889,2.335,426.59,1.037,52.25,0.7624,10.87,2.389e-05,0.2193,2.974,1.269,2.314,0.2055,8.746,0.4933,8.511
2022-04-09T11:56:56,42453.76,3209.17,110.41,0.2602,16.93,65.6,19.63,94.78,6.297,176.08,0.6395,0.02396,0.00742,2.378,1.56,2.47,1.456,3.826,165.67,13.7,0.8283,1.541,0.5889,2.335,426.53,1.037,52.24,0.7625,10.87,2.389e-05,0.2193,2.974,1.269,2.314,0.2055,8.743,0.4937,8.515
2022-04-09T11:57:26,42443.02,3209.59,110.39,0.2602,16.92,65.5,19.63,94.73,6.296,176.24,0.6309,0.02396,0.00742,2.378,1.555,2.47,1.457,3.83,165.65,13.7,0.8283,1.541,0.5889,2.335,426.43,1.037,52.26,0.7624,10.87,2.389e-05,0.2193,2.974,1.269,2.314,0.2054,8.749,0.4929,8.51
2022-04-09T11:57:56,42442.92,3209.58,110.4,0.2606,16.92,65.5,19.63,94.72,6.293,176.23,0.6212,0.02395,0.00742,2.378,1.557,2.47,1.457,3.825,165.63,13.68,0.8283,1.541,0.5889,2.335,426.37,1.038,52.25,0.7624,10.87,2.389e-05,0.2193,2.973,1.269,2.313,0.2054,8.748,0.4929,8.51
2022-04-09T11:58:26,42440.3,3208.82,110.37,0.2604,16.92,65.5,19.63,94.69,6.293,176.21,0.6212,0.02395,0.00742,2.376,1.558,2.47,1.457,3.822,165.6,13.68,0.8283,1.542,0.5889,2.333,426.44,1.038,52.21,0.7622,10.87,2.388e-05,0.2193,2.972,1.269,2.313,0.2053,8.744,0.4932,8.507
2022-04-09T11:58:56,42434.08,3208.69,110.36,0.2605,16.92,65.5,19.63,94.61,6.294,176.22,0.6092,0.02395,0.00742,2.376,1.558,2.47,1.457,3.823,165.52,13.68,0.8283,1.543,0.5889,2.332,426.32,1.037,52.2,0.7619,10.86,2.388e-05,0.2193,2.973,1.269,2.312,0.2054,8.745,0.4929,8.508
2022-04-09T11:59:26,42441.37,3209.58,110.38,0.2607,16.92,65.5,19.63,94.63,6.292,176.19,0.6102,0.02395,0.00742,2.376,1.558,2.47,1.457,3.825,165.51,13.68,0.8306,1.538,0.5889,2.334,426.38,1.037,52.21,0.7619,10.86,2.389e-05,0.2193,2.975,1.269,2.314,0.2053,8.745,0.493,8.505
2022-04-09T11:59:56,42442.98,3209.66,110.46,0.2608,16.92,65.5,19.64,94.68,6.294,176.2,0.6102,0.02396,0.00742,2.376,1.557,2.47,1.458,3.824,165.56,13.68,0.8274,1.542,0.5889,2.335,426.56,1.037,52.28,0.7621,10.86,2.391e-05,0.2193,2.977,1.27,2.315,0.2053,8.761,0.4941,8.509
2022-04-09T12:00:26,42446.63,3209.73,110.54,0.2607,16.92,65.5,19.65,94.76,6.302,176.09,0.6102,0.02396,0.00742,2.376,1.558,2.47,1.459,3.824,165.74,13.68,0.8274,1.54,0.5889,2.335,426.71,1.037,52.3,0.7624,10.86,2.393e-05,0.2193,2.979,1.27,2.317,0.2055,8.766,0.4941,8.51
2022-04-09T12:00:56,42439.42,3206.46,110.35,0.2603,16.92,65.5,19.65,94.66,6.294,175.9,0.6102,0.02395,0.00742,2.376,1.556,2.47,1.457,3.82,165.62,13.68,0.8274,1.539,0.5844,2.33,426.49,1.037,52.3,0.7619,10.86,2.389e-05,0.219,2.977,1.269,2.315,0.2054,8.763,0.4936,8.505
2022-04-09T12:01:26,42432.49,3206.52,110.44,0.2601,16.92,65.5,19.64,94.63,6.294,175.83,0.6142,0.02396,0.00742,2.379,1.556,2.47,1.457,3.82,165.71,13.68,0.8274,1.539,0.5844,2.331,426.25,1.036,52.3,0.7619,10.87,2.39e-05,0.2188,2.975,1.268,2.314,0.2053,8.76,0.494,8.501
2022-04-09T12:01:56,42439.64,3207.51,110.5,0.26,16.92,65.6,19.65,94.69,6.294,175.87,0.6142,0.02395,0.00742,2.379,1.555,2.47,1.457,3.82,165.8,13.68,0.8274,1.541,0.5844,2.333,426.37,1.037,52.27,0.762,10.87,2.391e-05,0.2188,2.978,1.268,2.316,0.2054,8.757,0.4937,8.507
2022-04-09T12:02:26,42445.12,3206.84,110.49,0.2604,16.92,65.6,19.65,94.72,6.298,176.13,0.6172,0.02395,0.00742,2.379,1.555,2.47,1.458,3.819,165.79,13.68,0.8306,1.544,0.5844,2.333,426.44,1.037,52.28,0.7621,10.87,2.391e-05,0.2188,2.978,1.269,2.316,0.2054,8.767,0.4948,8.507
2022-04-09T12:02:56,42450.76,3207.31,110.54,0.2604,16.92,65.6,19.65,94.76,6.303,176.42,0.6187,0.02394,0.00742,2.379,1.555,2.47,1.458,3.819,165.81,13.68,0.8306,1.544,0.5841,2.333,426.53,1.037,52.31,0.7621,10.87,2.39e-05,0.2188,2.978,1.269,2.316,0.2054,8.767,0.4968,8.508
2022-04-09T12:03:26,42454.52,3207.68,110.58,0.2604,16.92,65.6,19.65,94.77,6.299,176.48,0.6195,0.02396,0.007427,2.377,1.554,2.47,1.458,3.819,165.83,13.68,0.8306,1.546,0.5841,2.334,426.6,1.037,52.32,0.762,10.87,2.39e-05,0.2188,2.978,1.27,2.317,0.2054,8.771,0.4983,8.508
2022-04-09T12:03:56,42449.83,3207.51,110.53,0.2601,16.92,65.6,19.64,94.67,6.297,176.14,0.6195,0.02395,0.007427,2.377,1.562,2.47,1.458,3.817,165.71,13.68,0.8283,1.546,0.5841,2.332,426.57,1.037,52.28,0.7617,10.87,2.39e-05,0.2188,2.975,1.269,2.316,0.2054,8.771,0.4987,8.51
2022-04-09T12:04:26,42455.07,3207.69,110.54,0.2602,16.93,65.6,19.64,94.72,6.296,176.12,0.6181,0.02396,0.007427,2.377,1.561,2.47,1.458,3.825,165.72,13.68,0.8283,1.545,0.5841,2.333,426.48,1.036,52.24,0.7617,10.87,2.389e-05,0.2188,2.977,1.269,2.316,0.2054,8.773,0.4993,8.509
2022-04-09T12:04:56,42451.44,3207.35,110.47,0.26,16.93,65.6,19.63,94.68,6.3,176.12,0.615,0.02395,0.007427,2.377,1.56,2.47,1.458,3.82,165.73,13.68,0.8283,1.544,0.5841,2.332,426.48,1.037,52.23,0.7617,10.87,2.389e-05,0.219,2.975,1.269,2.317,0.2054,8.78,0.4992,8.511
2022-04-09T12:05:26,42448.95,3206.69,110.46,0.2599,16.93,65.6,19.63,94.7,6.301,176.17,0.618,0.02394,0.007427,2.377,1.562,2.47,1.457,3.82,165.75,13.68,0.8283,1.544,0.5841,2.332,426.37,1.037,52.21,0.7618,10.87,2.389e-05,0.219,2.975,1.269,2.317,0.2054,8.77,0.4993,8.513
2022-04-09T12:05:56,42441.11,3206.71,110.44,0.26,16.93,65.6,19.62,94.64,6.302,176.09,0.6179,0.02394,0.007427,2.377,1.562,2.47,1.456,3.82,165.71,13.68,0.8283,1.544,0.5841,2.332,426.36,1.037,52.19,0.7617,10.87,2.386e-05,0.219,2.974,1.268,2.317,0.2054,8.768,0.5042,8.516
2022-04-09T12:06:26,42434.78,3206.54,110.36,0.2601,16.93,65.5,19.62,94.71,6.302,176.14,0.6179,0.02395,0.007427,2.377,1.562,2.47,1.457,3.817,165.79,13.68,0.8298,1.544,0.5841,2.333,426.28,1.036,52.17,0.7615,10.87,2.386e-05,0.2187,2.973,1.268,2.316,0.2054,8.766,0.5066,8.515
2022-04-09T12:06:56,42427.27,3206.32,110.31,0.26,16.93,65.5,19.61,94.74,6.298,176.06,0.6198,0.02395,0.007427,2.377,1.562,2.47,1.456,3.815,165.77,13.68,0.8298,1.541,0.5841,2.333,426.28,1.037,52.14,0.7615,10.87,2.384e-05,0.2185,2.972,1.268,2.315,0.2054,8.763,0.5102,8.515
2022-04-09T12:07:26,42421.92,3206.28,110.3,0.2602,16.93,65.5,19.61,94.75,6.302,176.09,0.6196,0.02396,0.007427,2.377,1.562,2.47,1.456,3.807,165.69,13.68,0.8298,1.541,0.5841,2.332,426.32,1.036,52.12,0.7615,10.87,2.384e-05,0.2185,2.971,1.267,2.315,0.2053,8.76,0.5122,8.51
2022-04-09T12:07:56,42419.3,3205.02,110.22,0.2602,16.93,65.6,19.61,94.7,6.298,176.15,0.6197,0.02395,0.007419,2.372,1.562,2.47,1.456,3.807,165.65,13.68,0.8298,1.541,0.5841,2.331,426.24,1.036,52.1,0.7615,10.86,2.384e-05,0.2185,2.971,1.267,2.314,0.2053,8.757,0.5123,8.506
2022-04-09T12:08:26,42423.09,3204.99,110.2,0.2602,16.93,65.6,19.6,94.68,6.299,176.26,0.6199,0.02394,0.007419,2.372,1.562,2.47,1.457,3.807,165.64,13.68,0.8298,1.539,0.5841,2.332,426.25,1.036,52.09,0.7615,10.86,2.384e-05,0.2185,2.971,1.267,2.314,0.2052,8.752,0.5134,8.506
2022-04-09T12:08:56,42422.76,3204.71,110.24,0.2602,16.93,65.6,19.59,94.68,6.295,176.18,0.6199,0.02395,0.007419,2.372,1.562,2.47,1.457,3.802,165.68,13.68,0.8298,1.537,0.5841,2.33,426.27,1.036,52.11,0.7615,10.86,2.384e-05,0.2185,2.971,1.267,2.313,0.2053,8.751,0.5122,8.503
2022-04-09T12:09:26,42416.79,3204.08,110.22,0.2599,16.93,65.6,19.58,94.66,6.299,176.09,0.6198,0.02395,0.007419,2.372,1.562,2.47,1.456,3.8,165.54,13.68,0.8324,1.536,0.5841,2.33,426.17,1.036,52.09,0.7614,10.86,2.384e-05,0.2182,2.97,1.266,2.313,0.2053,8.746,0.5118,8.501
2022-04-09T12:09:56,42416.17,3203.97,110.18,0.26,16.93,65.6,19.57,94.65,6.299,176.08,0.6198,0.02395,0.007419,2.372,1.562,2.47,1.456,3.802,165.47,13.68,0.8324,1.535,0.5841,2.329,426.11,1.036,52.08,0.7613,10.86,2.384e-05,0.218,2.968,1.266,2.313,0.2052,8.748,0.5109,8.501
2022-04-09T12:10:26,42416.47,3205.01,110.2,0.2601,16.92,65.6,19.57,94.6,6.295,176.08,0.6199,0.02394,0.00742,2.367,1.561,2.47,1.455,3.802,165.38,13.68,0.8324,1.534,0.5841,2.33,425.95,1.036,52.12,0.7612,10.86,2.384e-05,0.218,2.968,1.266,2.312,0.2052,8.746,0.5102,8.506
2022-04-09T12:10:56,42414.59,3204.97,110.24,0.26,16.93,65.6,19.57,94.47,6.293,176.11,0.6198,0.02395,0.00742,2.367,1.561,2.47,1.455,3.802,165.35,13.73,0.8324,1.534,0.5841,2.331,425.9,1.035,52.12,0.7611,10.86,2.384e-05,0.218,2.968,1.266,2.311,0.2051,8.745,0.509,8.502
2022-04-09T12:11:26,42411.53,3203.97,110.23,0.26,16.93,65.6,19.56,94.44,6.293,176.13,0.6189,0.02394,0.00742,2.367,1.562,2.47,1.456,3.798,165.38,13.73,0.8324,1.539,0.5841,2.331,425.86,1.035,52.11,0.7608,10.85,2.383e-05,0.218,2.965,1.266,2.311,0.205,8.741,0.5098,8.5
2022-04-09T12:11:56,42423.02,3205.45,110.26,0.2601,16.93,65.5,19.57,94.43,6.292,176.19,0.6189,0.02395,0.00742,2.365,1.562,2.47,1.457,3.798,165.51,13.73,0.8324,1.537,0.5841,2.332,425.88,1.035,52.15,0.761,10.85,2.384e-05,0.2183,2.968,1.267,2.312,0.205,8.743,0.5102,8.5
2022-04-09T12:12:26,42446.72,3207.18,110.41,0.2602,16.93,65.5,19.6,94.55,6.293,176.54,0.6195,0.02397,0.00742,2.365,1.562,2.47,1.458,3.798,165.64,13.73,0.831,1.541,0.5841,2.334,426,1.036,52.18,0.7617,10.85,2.386e-05,0.2183,2.973,1.268,2.314,0.2052,8.745,0.5124,8.509
2022-04-09T12:12:56,42453.78,3207.07,110.44,0.2606,16.93,65.5,19.61,94.58,6.294,176.54,0.6188,0.02397,0.00742,2.365,1.566,2.47,1.457,3.802,165.77,13.73,0.831,1.541,0.5845,2.337,426.08,1.037,52.2,0.7616,10.85,2.386e-05,0.2186,2.974,1.269,2.317,0.2054,8.755,0.5142,8.508
2022-04-09T12:13:26,42453.61,3207.91,110.43,0.2607,16.93,65.5,19.62,94.52,6.294,176.47,0.62,0.02399,0.00742,2.365,1.565,2.47,1.458,3.802,165.77,13.73,0.831,1.54,0.5845,2.336,426.37,1.037,52.24,0.7617,10.85,2.387e-05,0.2186,2.973,1.269,2.317,0.2054,8.757,0.5135,8.514
2022-04-09T12:13:56,42464.55,3208.53,110.51,0.2606,16.93,65.5,19.63,94.6,6.291,176.51,0.6199,0.02401,0.00742,2.365,1.565,2.47,1.458,3.801,165.88,13.68,0.831,1.54,0.5845,2.337,426.4,1.038,52.25,0.7617,10.85,2.388e-05,0.2186,2.975,1.27,2.317,0.2054,8.769,0.5144,8.504
2022-04-09T12:14:26,42468.13,3208.65,110.48,0.2606,16.93,65.5,19.63,94.57,6.3,176.59,0.6187,0.024,0.00742,2.365,1.566,2.47,1.459,3.808,166.01,13.68,0.831,1.542,0.5845,2.338,426.54,1.038,52.26,0.7619,10.85,2.389e-05,0.2188,2.975,1.271,2.317,0.2055,8.779,0.5144,8.51
2022-04-09T12:14:56,42447.12,3208.27,110.47,0.2604,16.93,65.5,19.63,94.53,6.295,176.51,0.617,0.024,0.00742,2.371,1.565,2.47,1.458,3.805,165.89,13.68,0.831,1.542,0.5845,2.337,426.49,1.037,52.26,0.7615,10.85,2.389e-05,0.2186,2.973,1.271,2.316,0.2055,8.776,0.5133,8.51
2022-04-09T12:15:26,42441.46,3209,110.42,0.2606,16.93,65.5,19.62,94.5,6.293,176.45,0.6165,0.02398,0.00742,2.371,1.565,2.47,1.458,3.805,165.96,13.68,0.831,1.542,0.5845,2.338,426.49,1.038,52.27,0.7618,10.85,2.39e-05,0.2186,2.973,1.271,2.317,0.2055,8.766,0.5127,8.51
2022-04-09T12:15:56,42441.44,3209.53,110.48,0.2607,16.93,65.5,19.62,94.48,6.29,176.46,0.6165,0.02396,0.00742,2.371,1.565,2.47,1.458,3.806,166,13.68,0.832,1.539,0.5845,2.339,426.39,1.038,52.26,0.7617,10.85,2.39e-05,0.2184,2.972,1.27,2.316,0.2055,8.766,0.5149,8.509
2022-04-09T12:16:26,42433.75,3209.12,110.38,0.2606,16.93,65.5,19.62,94.52,6.29,175.97,0.6165,0.02397,0.00742,2.371,1.565,2.47,1.458,3.803,166.04,13.68,0.832,1.539,0.5853,2.338,426.34,1.038,52.26,0.7618,10.87,2.39e-05,0.2184,2.972,1.271,2.317,0.2055,8.77,0.5182,8.508
2022-04-09T12:16:56,42422,3208.73,110.28,0.2602,16.93,65.5,19.62,94.52,6.28,176,0.6169,0.02397,0.00742,2.371,1.565,2.47,1.458,3.801,166,13.7,0.832,1.538,0.5853,2.338,426.34,1.038,52.22,0.7618,10.87,2.39e-05,0.2184,2.97,1.27,2.316,0.2055,8.767,0.5265,8.504
2022-04-09T12:17:26,42413.85,3207.33,110.24,0.2599,16.95,65.6,19.61,94.47,6.273,175.56,0.617,0.02394,0.00742,2.368,1.566,2.47,1.456,3.798,165.99,13.7,0.8303,1.538,0.5853,2.337,426.21,1.037,52.14,0.7617,10.87,2.388e-05,0.218,2.966,1.27,2.314,0.2054,8.757,0.5256,8.503
2022-04-09T12:17:56,42414.64,3207.2,110.26,0.2595,16.95,65.6,19.59,94.46,6.263,175.57,0.617,0.02393,0.00742,2.368,1.566,2.47,1.457,3.796,165.97,13.7,0.8303,1.538,0.603,2.336,426.14,1.037,52.14,0.7616,10.87,2.388e-05,0.218,2.966,1.271,2.313,0.2053,8.757,0.5296,8.508
2022-04-09T12:18:26,42410.15,3206.86,110.23,0.2595,16.93,65.6,19.58,94.43,6.258,175.44,0.6169,0.02393,0.00742,2.368,1.565,2.47,1.456,3.796,165.98,13.7,0.8303,1.532,0.5856,2.335,425.87,1.037,52.13,0.7616,10.87,2.388e-05,0.218,2.965,1.27,2.312,0.2053,8.757,0.5354,8.501
2022-04-09T12:18:56,42401.22,3206.32,110.08,0.2594,16.93,65.6,19.58,94.4,6.255,175.46,0.6169,0.02392,0.00742,2.368,1.565,2.47,1.455,3.796,165.94,13.7,0.8303,1.531,0.5856,2.333,425.64,1.037,52.12,0.7615,10.87,2.387e-05,0.2179,2.964,1.269,2.311,0.2052,8.753,0.5357,8.496
2022-04-09T12:19:26,42404.96,3204.97,110.15,0.2589,16.93,65.6,19.58,94.41,6.256,175.36,0.6169,0.02392,0.00742,2.368,1.565,2.47,1.455,3.795,165.95,13.7,0.8303,1.53,0.5856,2.333,425.65,1.037,52.13,0.7615,10.87,2.386e-05,0.2179,2.962,1.269,2.311,0.2052,8.752,0.5362,8.496
2022-04-09T12:19:56,42407.36,3204.63,110.14,0.259,16.93,65.5,19.59,94.42,6.263,175.43,0.6148,0.02392,0.007434,2.368,1.565,2.47,1.454,3.797,165.93,13.7,0.8279,1.531,0.5856,2.335,425.63,1.036,52.14,0.7614,10.87,2.387e-05,0.2179,2.963,1.269,2.311,0.2052,8.748,0.5386,8.492
2022-04-09T12:20:26,42411.45,3205,110.14,0.2593,16.93,65.5,19.59,94.39,6.263,175.5,0.6151,0.02392,0.007434,2.366,1.565,2.47,1.455,3.796,165.92,13.7,0.8279,1.533,0.5856,2.334,425.62,1.036,52.13,0.7614,10.87,2.39e-05,0.2178,2.965,1.269,2.311,0.2052,8.751,0.5417,8.492
2022-04-09T12:20:56,42423.29,3205.89,110.21,0.2595,16.93,65.5,19.6,94.43,6.276,175.58,0.6154,0.02393,0.007434,2.366,1.565,2.47,1.455,3.8,165.96,13.7,0.8279,1.532,0.5856,2.334,425.85,1.036,52.12,0.7615,10.87,2.392e-05,0.2178,2.966,1.27,2.312,0.2052,8.753,0.5434,8.496
2022-04-09T12:21:26,42419.38,3206.03,110.14,0.2595,16.93,65.5,19.6,94.42,6.269,175.68,0.6154,0.02393,0.007434,2.366,1.564,2.47,1.455,3.798,165.92,13.7,0.8279,1.532,0.5856,2.335,425.81,1.037,52.11,0.7617,10.87,2.393e-05,0.2178,2.965,1.27,2.312,0.2052,8.753,0.5433,8.498
2022-04-09T12:21:56,42418.38,3205.2,110.16,0.2595,16.93,65.5,19.59,94.42,6.265,175.57,0.6172,0.02393,0.007434,2.366,1.564,2.47,1.455,3.797,165.91,13.68,0.8277,1.532,0.5856,2.334,425.7,1.037,52.09,0.7616,10.87,2.397e-05,0.2178,2.963,1.27,2.312,0.2053,8.763,0.5446,8.498
2022-04-09T12:22:26,42418.94,3205.98,110.25,0.2593,16.93,65.5,19.59,94.45,6.262,175.65,0.6144,0.02395,0.007434,2.366,1.564,2.47,1.456,3.798,165.92,13.68,0.8277,1.532,0.5856,2.335,425.81,1.037,52.11,0.7616,10.87,2.397e-05,0.2182,2.964,1.27,2.312,0.2052,8.768,0.545,8.494
2022-04-09T12:22:56,42423.66,3206.21,110.32,0.2593,16.93,65.5,19.6,94.48,6.263,175.75,0.6156,0.02395,0.007437,2.366,1.564,2.47,1.456,3.798,165.96,13.68,0.8277,1.529,0.5856,2.335,425.96,1.037,52.12,0.7617,10.87,2.397e-05,0.2182,2.964,1.27,2.312,0.2052,8.772,0.5448,8.496
2022-04-09T12:23:26,42428.29,3207.21,110.36,0.2594,16.93,65.5,19.61,94.59,6.261,175.79,0.6157,0.02394,0.007436,2.366,1.564,2.47,1.457,3.798,165.91,13.68,0.8277,1.529,0.5856,2.337,426.1,1.037,52.12,0.7618,10.87,2.397e-05,0.2182,2.964,1.271,2.313,0.2052,8.78,0.5453,8.493
2022-04-09T12:23:56,42427.58,3207.75,110.3,0.2594,16.93,65.5,19.61,94.56,6.26,175.72,0.6169,0.02394,0.007436,2.366,1.564,2.47,1.457,3.798,165.91,13.68,0.8277,1.532,0.5856,2.337,426.28,1.037,52.12,0.7616,10.87,2.398e-05,0.2182,2.963,1.271,2.313,0.2052,8.776,0.543,8.497
2022-04-09T12:24:26,42432.61,3207.44,110.42,0.2594,16.93,65.6,19.61,94.61,6.26,175.72,0.6169,0.02394,0.007436,2.366,1.564,2.47,1.457,3.804,165.9,13.68,0.8263,1.532,0.5856,2.337,426.28,1.038,52.1,0.7614,10.87,2.401e-05,0.218,2.964,1.271,2.313,0.2052,8.777,0.5429,8.498
2022-04-09T12:24:56,42448.84,3209.24,110.42,0.2594,16.93,65.5,19.62,94.62,6.265,175.78,0.6169,0.02395,0.007436,2.366,1.564,2.47,1.457,3.802,165.94,13.68,0.8263,1.532,0.5856,2.337,426.24,1.038,52.12,0.7618,10.87,2.403e-05,0.218,2.964,1.272,2.313,0.2053,8.783,0.5429,8.501
2022-04-09T12:25:26,42445.11,3209.35,110.46,0.2595,16.93,65.6,19.62,94.64,6.27,175.77,0.6169,0.02395,0.007436,2.366,1.563,2.47,1.457,3.802,165.92,13.68,0.8266,1.532,0.5856,2.338,426.26,1.038,52.11,0.7619,10.87,2.402e-05,0.218,2.965,1.272,2.313,0.2054,8.78,0.5448,8.5
2022-04-09T12:25:56,42452.42,3209.53,110.49,0.2595,16.93,65.6,19.63,94.64,6.269,175.93,0.6168,0.02396,0.00743,2.366,1.563,2.47,1.458,3.805,165.93,13.73,0.8273,1.532,0.5856,2.338,426.45,1.038,52.1,0.762,10.87,2.402e-05,0.218,2.966,1.272,2.314,0.2054,8.784,0.5459,8.502
2022-04-09T12:26:26,42450.91,3209.5,110.49,0.2595,16.93,65.6,19.63,94.66,6.269,175.93,0.6193,0.02398,0.00743,2.365,1.564,2.47,1.457,3.803,165.94,13.73,0.8273,1.532,0.5856,2.338,426.54,1.038,52.1,0.7621,10.87,2.401e-05,0.218,2.966,1.272,2.314,0.2054,8.782,0.545,8.502
2022-04-09T12:26:56,42449.3,3209.34,110.48,0.2594,16.93,65.6,19.63,94.73,6.272,175.92,0.6184,0.02396,0.00743,2.365,1.564,2.47,1.458,3.803,165.97,13.73,0.8273,1.532,0.5856,2.337,426.47,1.039,52.11,0.7621,10.87,2.401e-05,0.218,2.965,1.272,2.314,0.2054,8.782,0.5426,8.506
2022-04-09T12:27:26,42448.47,3209.39,110.48,0.2592,16.93,65.5,19.63,94.73,6.272,175.84,0.6184,0.02393,0.00743,2.365,1.564,2.47,1.458,3.803,165.94,13.73,0.8273,1.53,0.6026,2.337,426.56,1.038,52.1,0.7621,10.87,2.402e-05,0.218,2.964,1.272,2.314,0.2054,8.785,0.5426,8.507
2022-04-09T12:27:56,42455.02,3210.17,110.52,0.2592,16.93,65.5,19.63,94.73,6.272,175.79,0.6188,0.02396,0.00743,2.365,1.564,2.47,1.457,3.803,165.98,13.73,0.8266,1.53,0.6026,2.338,426.64,1.038,52.11,0.7621,10.87,2.403e-05,0.218,2.964,1.272,2.314,0.2054,8.787,0.5415,8.504
2022-04-09T12:28:26,42451.88,3210.23,110.5,0.2591,16.93,65.6,19.64,94.76,6.274,175.81,0.6184,0.02395,0.00743,2.365,1.564,2.47,1.456,3.805,165.97,13.73,0.8281,1.53,0.6026,2.339,426.61,1.038,52.11,0.7621,10.87,2.403e-05,0.218,2.964,1.272,2.313,0.2053,8.786,0.542,8.508
2022-04-09T12:28:56,42459.17,3210.67,110.51,0.2593,16.93,65.6,19.64,94.73,6.273,175.81,0.6188,0.02394,0.00744,2.365,1.564,2.47,1.457,3.808,165.83,13.68,0.8281,1.534,0.6026,2.34,426.55,1.038,52.12,0.7621,10.87,2.404e-05,0.218,2.964,1.273,2.313,0.2054,8.789,0.5478,8.503
2022-04-09T12:29:26,42458.57,3210.1,110.51,0.2591,16.93,65.6,19.64,94.77,6.273,175.79,0.6188,0.02394,0.007459,2.369,1.564,2.47,1.456,3.808,165.87,13.68,0.8281,1.532,0.6026,2.34,426.61,1.038,52.11,0.7622,10.87,2.403e-05,0.2177,2.964,1.273,2.313,0.2053,8.792,0.5463,8.504
2022-04-09T12:29:56,42457.42,3210.47,110.49,0.259,16.93,65.5,19.65,94.8,6.273,175.81,0.6198,0.02392,0.007469,2.366,1.564,2.47,1.456,3.808,165.85,13.68,0.8281,1.534,0.6026,2.34,426.64,1.038,52.11,0.7622,10.87,2.402e-05,0.2177,2.964,1.274,2.313,0.2054,8.792,0.5443,8.504
2022-04-09T12:30:26,42457.02,3210.65,110.57,0.259,16.93,65.5,19.65,94.84,6.278,175.81,0.6196,0.02393,0.007469,2.365,1.564,2.47,1.457,3.808,165.84,13.68,0.8281,1.534,0.6026,2.341,426.62,1.038,52.11,0.7623,10.87,2.403e-05,0.2177,2.964,1.275,2.313,0.2054,8.795,0.5451,8.507
2022-04-09T12:30:56,42459.96,3210.42,110.62,0.259,16.93,65.5,19.66,94.87,6.277,175.87,0.6187,0.02394,0.007475,2.365,1.564,2.47,1.457,3.805,165.85,13.68,0.8266,1.534,0.6026,2.341,426.5,1.038,52.13,0.7625,10.87,2.403e-05,0.2177,2.965,1.276,2.313,0.2054,8.807,0.546,8.509
2022-04-09T12:31:26,42456.23,3210.29,110.63,0.2589,16.93,65.6,19.65,94.91,6.279,175.97,0.6187,0.02391,0.007475,2.365,1.564,2.47,1.458,3.805,165.89,13.68,0.8266,1.534,0.6026,2.342,426.41,1.038,52.12,0.7625,10.87,2.404e-05,0.2177,2.965,1.276,2.313,0.2055,8.811,0.5435,8.505
2022-04-09T12:31:56,42456.83,3210.3,110.64,0.2591,16.93,65.6,19.65,94.95,6.284,176.07,0.6189,0.02389,0.007475,2.365,1.564,2.47,1.457,3.801,165.91,13.68,0.8264,1.531,0.6026,2.343,426.26,1.038,52.13,0.7625,10.87,2.403e-05,0.2177,2.965,1.276,2.313,0.2055,8.817,0.541,8.506
2022-04-09T12:32:26,42459.88,3210.71,110.65,0.2593,16.93,65.6,19.65,94.95,6.286,176.13,0.6189,0.02391,0.007475,2.365,1.565,2.47,1.458,3.801,165.96,13.68,0.8264,1.533,0.5865,2.343,426.2,1.038,52.16,0.7625,10.87,2.404e-05,0.2178,2.967,1.277,2.314,0.2054,8.818,0.5398,8.508
2022-04-09T12:32:56,42458.76,3210.76,110.7,0.2593,16.93,65.6,19.65,94.91,6.286,176.12,0.6189,0.02392,0.007475,2.367,1.564,2.47,1.458,3.801,165.94,13.68,0.8264,1.533,0.5865,2.344,426.24,1.038,52.15,0.7625,10.87,2.403e-05,0.2178,2.966,1.276,2.315,0.2055,8.812,0.539,8.511
2022-04-09T12:33:26,42492.01,3219.39,110.82,0.2597,16.93,65.2,19.66,95.01,6.286,176.3,0.6189,0.02391,0.0075,2.367,1.567,2.48,1.459,3.804,166.16,13.68,0.8264,1.546,0.5865,2.349,426.72,1.041,52.15,0.7636,10.87,2.406e-05,0.2185,2.965,1.277,2.316,0.2057,8.82,0.5393,8.521
2022-04-09T12:33:56,42487.69,3218.56,110.92,0.2598,16.93,65.2,19.66,95.03,6.289,176.4,0.6191,0.02392,0.007507,2.372,1.566,2.48,1.459,3.816,166.14,13.72,0.8264,1.543,0.5865,2.349,426.87,1.041,52.18,0.7636,10.87,2.408e-05,0.2184,2.975,1.279,2.318,0.2058,8.824,0.5421,8.522
2022-04-09T12:34:26,42497.92,3219.71,110.96,0.26,16.93,65.6,19.69,95.1,6.29,176.37,0.6195,0.02394,0.007507,2.37,1.566,2.48,1.459,3.818,166.19,13.72,0.8264,1.539,0.5865,2.349,427,1.042,52.23,0.7635,10.87,2.411e-05,0.2185,2.978,1.28,2.322,0.2058,8.832,0.5426,8.52
2022-04-09T12:34:56,42494.81,3219.05,110.96,0.2599,16.93,65.7,19.69,95.13,6.294,176.4,0.6194,0.02394,0.007507,2.37,1.567,2.48,1.459,3.82,166.27,13.71,0.8264,1.539,0.5865,2.352,426.98,1.041,52.24,0.7634,10.89,2.412e-05,0.2187,2.977,1.28,2.322,0.206,8.836,0.5425,8.521
2022-04-09T12:35:26,42498.97,3219.93,110.98,0.2599,16.93,65.7,19.69,95.16,6.296,176.37,0.6194,0.02394,0.007507,2.37,1.569,2.48,1.459,3.825,166.24,13.71,0.8268,1.539,0.5865,2.352,427.01,1.042,52.26,0.7634,10.89,2.414e-05,0.2187,2.979,1.28,2.322,0.2059,8.843,0.5406,8.521
2022-04-09T12:35:56,42497.44,3218.91,110.91,0.2599,16.93,65.7,19.69,95.13,6.294,176.3,0.6197,0.02394,0.007507,2.37,1.569,2.48,1.46,3.812,166.24,13.71,0.8268,1.539,0.5865,2.352,426.88,1.042,52.24,0.7634,10.88,2.412e-05,0.2184,2.977,1.28,2.322,0.2059,8.842,0.5417,8.52
2022-04-09T12:36:26,42494.07,3219.47,110.99,0.2599,16.95,65.7,19.69,95.21,6.292,176.36,0.6198,0.02394,0.007507,2.37,1.57,2.48,1.46,3.812,166.24,13.71,0.8268,1.539,0.5865,2.352,426.92,1.042,52.26,0.7633,10.88,2.412e-05,0.2188,2.978,1.28,2.325,0.206,8.842,0.5443,8.518
2022-04-09T12:36:56,42490.07,3219.32,111,0.2601,16.94,65.7,19.69,95.15,6.291,176.29,0.6198,0.02395,0.0075,2.37,1.57,2.48,1.459,3.812,166.21,13.71,0.8281,1.543,0.5865,2.352,426.74,1.042,52.31,0.7632,10.88,2.413e-05,0.2189,2.98,1.28,2.324,0.206,8.843,0.5484,8.519
2022-04-09T12:37:26,42480.66,3220.14,110.96,0.2597,16.94,65.7,19.68,95.09,6.291,176.16,0.6199,0.02395,0.0075,2.37,1.569,2.48,1.459,3.812,166.12,13.71,0.8266,1.543,0.5865,2.349,426.6,1.041,52.27,0.763,10.88,2.41e-05,0.2189,2.976,1.279,2.323,0.206,8.841,0.5489,8.513
2022-04-09T12:37:56,42481.31,3220.07,111,0.2598,16.94,65.7,19.68,95.09,6.295,176.13,0.6199,0.02394,0.0075,2.37,1.57,2.48,1.459,3.817,166.22,13.74,0.8266,1.543,0.5865,2.35,426.59,1.041,52.26,0.7631,10.88,2.413e-05,0.2189,2.978,1.279,2.324,0.206,8.843,0.5451,8.519
2022-04-09T12:38:26,42480.77,3220.14,111,0.2601,16.94,65.9,19.68,95.11,6.296,176.13,0.6199,0.02396,0.0075,2.37,1.569,2.48,1.459,3.813,166.28,13.74,0.828,1.543,0.5865,2.35,426.75,1.04,52.27,0.7631,10.88,2.413e-05,0.2189,2.977,1.278,2.325,0.2059,8.847,0.5435,8.519
2022-04-09T12:38:56,42481.46,3219.11,110.99,0.2601,16.94,65.8,19.68,95.08,6.296,176.05,0.6199,0.02396,0.0075,2.37,1.569,2.48,1.459,3.811,166.23,13.74,0.828,1.543,0.5865,2.351,426.73,1.04,52.27,0.7627,10.88,2.412e-05,0.2189,2.976,1.278,2.324,0.2058,8.844,0.5447,8.515
2022-04-09T12:39:26,42487.03,3221.4,111.22,0.2603,16.94,65.8,19.69,95.1,6.292,176.18,0.6199,0.02396,0.0075,2.37,1.569,2.48,1.459,3.815,166.51,13.74,0.828,1.543,0.5865,2.353,426.85,1.041,52.28,0.7628,10.88,2.413e-05,0.219,2.979,1.279,2.326,0.206,8.846,0.5471,8.518
2022-04-09T12:39:56,42490.77,3222.15,111.26,0.2604,16.94,65.8,19.71,95.18,6.292,176.18,0.6189,0.02397,0.00751,2.37,1.569,2.48,1.459,3.822,166.54,13.74,0.828,1.55,0.5865,2.354,427.02,1.041,52.31,0.7633,10.88,2.414e-05,0.2191,2.98,1.279,2.326,0.206,8.845,0.5458,8.525
2022-04-09T12:40:26,42491.48,3222.16,111.23,0.2604,16.94,65.8,19.7,95.16,6.292,176.17,0.6168,0.02395,0.00751,2.37,1.564,2.48,1.459,3.823,166.53,13.74,0.828,1.549,0.5865,2.353,427.03,1.041,52.34,0.7631,10.88,2.413e-05,0.2191,2.979,1.279,2.326,0.206,8.849,0.5453,8.524
2022-04-09T12:40:56,42490.59,3219.84,111.2,0.2603,16.94,65.8,19.69,95.13,6.293,176.15,0.6168,0.02395,0.00751,2.37,1.565,2.48,1.459,3.822,166.48,13.7,0.8266,1.549,0.5865,2.353,427,1.041,52.3,0.7631,10.88,2.412e-05,0.2191,2.978,1.278,2.325,0.206,8.849,0.5467,8.524
2022-04-09T12:41:26,42494.68,3220.85,111.32,0.2604,16.94,65.8,19.7,95.17,6.295,176.24,0.6115,0.02396,0.00751,2.37,1.565,2.49,1.46,3.828,166.55,13.7,0.8266,1.549,0.5865,2.354,427.07,1.041,52.32,0.7632,10.88,2.413e-05,0.2188,2.979,1.279,2.326,0.206,8.853,0.5465,8.526
2022-04-09T12:41:56,42491.97,3220.03,111.25,0.2605,16.94,65.8,19.7,95.17,6.292,176.2,0.6042,0.02396,0.00751,2.37,1.566,2.49,1.46,3.825,166.54,13.74,0.8266,1.549,0.5865,2.355,427.07,1.041,52.32,0.7631,10.88,2.413e-05,0.2188,2.977,1.279,2.326,0.206,8.854,0.545,8.522
2022-04-09T12:42:26,42487.74,3219.78,111.23,0.2601,16.94,65.8,19.69,95.09,6.292,176.23,0.6052,0.02396,0.00751,2.37,1.564,2.49,1.459,3.826,166.52,13.74,0.8266,1.549,0.5865,2.354,427.11,1.041,52.3,0.763,10.88,2.412e-05,0.2188,2.976,1.279,2.325,0.206,8.854,0.5453,8.527
2022-04-09T12:42:56,42490.17,3219.75,111.21,0.2602,16.93,65.8,19.69,95.04,6.291,176.19,0.6051,0.02396,0.00751,2.37,1.562,2.49,1.46,3.826,166.56,13.72,0.8266,1.549,0.5865,2.354,427.12,1.041,52.29,0.763,10.88,2.412e-05,0.2189,2.976,1.279,2.327,0.2059,8.852,0.5448,8.522
2022-04-09T12:43:26,42469.67,3219.4,111.05,0.26,16.93,65.8,19.68,95,6.289,176.2,0.6066,0.02396,0.0075,2.37,1.562,2.49,1.459,3.827,166.49,13.72,0.8266,1.545,0.5865,2.353,427.09,1.04,52.25,0.7628,10.89,2.411e-05,0.2188,2.975,1.279,2.326,0.2059,8.852,0.5522,8.521
2022-04-09T12:43:56,42472.5,3218.87,111.19,0.2601,16.93,65.8,19.69,95.06,6.287,176.15,0.6061,0.02396,0.007511,2.37,1.56,2.49,1.46,3.829,166.54,13.72,0.8268,1.545,0.5865,2.354,427.08,1.04,52.27,0.763,10.89,2.411e-05,0.2188,2.976,1.28,2.326,0.2059,8.85,0.5543,8.526
2022-04-09T12:44:26,42484.91,3218.89,111.24,0.2602,16.93,65.8,19.69,95.15,6.29,176.18,0.6078,0.02396,0.007511,2.37,1.56,2.49,1.46,3.829,166.57,13.72,0.8268,1.545,0.5865,2.354,427.13,1.04,52.3,0.7634,10.89,2.411e-05,0.2188,2.977,1.28,2.327,0.206,8.847,0.5601,8.525
2022-04-09T12:44:56,42486.64,3220.03,111.22,0.2601,16.93,65.8,19.7,95.16,6.289,176.15,0.6078,0.02397,0.0075,2.372,1.561,2.49,1.46,3.829,166.53,13.72,0.8268,1.549,0.5865,2.354,427.3,1.041,52.31,0.7634,10.89,2.412e-05,0.2189,2.976,1.28,2.327,0.206,8.848,0.5594,8.525
2022-04-09T12:45:26,42478.48,3220.21,111.21,0.2601,16.93,65.8,19.7,95.16,6.289,176.17,0.6081,0.02397,0.0075,2.372,1.561,2.49,1.46,3.828,166.56,13.72,0.8268,1.549,0.5865,2.355,427.34,1.041,52.33,0.7634,10.89,2.411e-05,0.2189,2.976,1.28,2.326,0.206,8.847,0.5632,8.521
2022-04-09T12:45:56,42476.36,3220.1,111.2,0.2599,16.91,65.8,19.69,95.16,6.292,176.13,0.6096,0.02394,0.0075,2.372,1.561,2.49,1.46,3.832,166.59,13.74,0.821,1.549,0.5865,2.354,427.43,1.042,52.32,0.7631,10.89,2.409e-05,0.2187,2.976,1.279,2.326,0.206,8.846,0.564,8.521
2022-04-09T12:46:26,42475.95,3220.59,111.2,0.2601,16.91,65.8,19.69,95.16,6.291,176.15,0.6098,0.02394,0.0075,2.372,1.561,2.49,1.46,3.826,166.57,13.74,0.825,1.549,0.5865,2.354,427.32,1.041,52.3,0.7631,10.89,2.408e-05,0.2187,2.976,1.279,2.326,0.206,8.844,0.5629,8.526
2022-04-09T12:46:56,42473.59,3220.47,111.1,0.2601,16.91,65.7,19.68,95.14,6.286,176.2,0.6098,0.02393,0.0075,2.372,1.56,2.49,1.459,3.826,166.55,13.74,0.825,1.549,0.5865,2.354,427.46,1.041,52.28,0.7631,10.89,2.409e-05,0.2187,2.976,1.278,2.326,0.206,8.849,0.5618,8.527
2022-04-09T12:47:26,42472.61,3220.59,111.02,0.26,16.91,65.7,19.68,95.05,6.285,176.15,0.61,0.02395,0.007511,2.372,1.56,2.49,1.459,3.833,166.56,13.74,0.825,1.549,0.5865,2.353,427.41,1.041,52.27,0.7631,10.89,2.409e-05,0.2187,2.976,1.278,2.326,0.206,8.847,0.5597,8.526
2022-04-09T12:47:56,42472.53,3219.97,110.97,0.26,16.91,65.7,19.68,95.03,6.281,176.06,0.6103,0.02393,0.007511,2.372,1.56,2.49,1.459,3.833,166.57,13.74,0.825,1.549,0.5865,2.353,427.34,1.041,52.28,0.7631,10.89,2.409e-05,0.2187,2.973,1.277,2.326,0.206,8.848,0.5586,8.523
2022-04-09T12:48:26,42469.26,3219.91,110.91,0.26,16.92,65.7,19.68,95.01,6.285,175.96,0.6103,0.02394,0.007511,2.372,1.559,2.49,1.459,3.834,166.57,13.74,0.825,1.549,0.5865,2.353,427.25,1.04,52.28,0.763,10.89,2.409e-05,0.2187,2.972,1.276,2.325,0.206,8.842,0.5567,8.521
2022-04-09T12:48:56,42470.87,3220.13,110.92,0.2601,16.93,65.8,19.69,95,6.285,175.92,0.6103,0.02395,0.007511,2.371,1.559,2.49,1.459,3.834,166.59,13.74,0.825,1.547,0.5865,2.353,427.29,1.041,52.29,0.7632,10.9,2.409e-05,0.2185,2.973,1.276,2.324,0.206,8.842,0.5568,8.524
2022-04-09T12:49:26,42472.48,3220.15,111.06,0.2601,16.93,65.8,19.69,95.02,6.285,175.9,0.6103,0.02394,0.007511,2.368,1.559,2.49,1.459,3.834,166.6,13.74,0.8251,1.55,0.5865,2.354,427.3,1.04,52.29,0.7633,10.9,2.41e-05,0.2185,2.973,1.276,2.325,0.206,8.837,0.5604,8.522
2022-04-09T12:49:56,42459.45,3219.36,110.98,0.2601,16.93,65.8,19.69,95,6.285,175.78,0.6103,0.02393,0.007511,2.371,1.557,2.49,1.46,3.824,166.6,13.74,0.8251,1.549,0.5865,2.354,427.11,1.04,52.27,0.7633,10.9,2.41e-05,0.2185,2.973,1.276,2.325,0.206,8.841,0.5632,8.527
2022-04-09T12:50:26,42452.75,3219.28,111.02,0.2596,16.93,65.6,19.68,94.95,6.283,175.64,0.6107,0.02393,0.007511,2.371,1.557,2.49,1.459,3.824,166.56,13.74,0.8251,1.548,0.5865,2.352,427.02,1.04,52.23,0.7628,10.9,2.408e-05,0.2183,2.97,1.275,2.322,0.2059,8.842,0.5632,8.521
2022-04-09T12:50:56,42454.19,3219.24,111.14,0.2596,16.93,65.6,19.67,94.93,6.289,175.65,0.6107,0.02394,0.007514,2.371,1.554,2.49,1.459,3.825,166.58,13.74,0.8251,1.548,0.5865,2.352,426.92,1.039,52.24,0.7627,10.89,2.408e-05,0.2183,2.97,1.275,2.322,0.2059,8.839,0.5578,8.52
2022-04-09T12:51:26,42451.44,3219.11,111.21,0.2598,16.93,65.7,19.68,94.93,6.284,175.64,0.6132,0.02392,0.007514,2.371,1.551,2.49,1.459,3.824,166.64,13.72,0.8251,1.548,0.5865,2.352,427.03,1.039,52.24,0.7627,10.89,2.408e-05,0.2183,2.97,1.275,2.322,0.2059,8.839,0.5604,8.521
2022-04-09T12:51:56,42452.39,3219.21,111.17,0.2601,16.93,65.7,19.69,94.96,6.285,175.62,0.6131,0.02392,0.007514,2.371,1.55,2.49,1.459,3.824,166.66,13.72,0.8251,1.548,0.5865,2.352,427.04,1.039,52.26,0.7627,10.89,2.408e-05,0.2183,2.97,1.275,2.322,0.2059,8.837,0.5589,8.521
2022-04-09T12:52:26,42449.73,3219.14,111.05,0.2601,16.93,65.6,19.69,94.96,6.286,175.59,0.6131,0.02391,0.007514,2.371,1.55,2.49,1.459,3.824,166.71,13.72,0.8251,1.548,0.5865,2.352,427.08,1.04,52.24,0.7626,10.89,2.408e-05,0.2183,2.969,1.275,2.321,0.2059,8.836,0.5588,8.52
2022-04-09T12:52:56,42448.61,3219.15,111.04,0.2601,16.93,65.7,19.69,94.98,6.278,175.62,0.6131,0.02392,0.007514,2.371,1.549,2.49,1.459,3.824,166.72,13.72,0.8251,1.547,0.5865,2.354,427.11,1.04,52.2,0.7626,10.89,2.408e-05,0.2183,2.969,1.275,2.322,0.2058,8.843,0.5589,8.52
2022-04-09T12:53:26,42450.92,3219.15,111.05,0.26,16.93,65.7,19.69,94.99,6.281,175.66,0.6136,0.02392,0.007497,2.371,1.551,2.49,1.459,3.83,166.72,13.72,0.8251,1.547,0.5865,2.355,427.11,1.04,52.19,0.7625,10.89,2.408e-05,0.2183,2.97,1.276,2.322,0.2058,8.847,0.5607,8.519
2022-04-09T12:53:56,42461.46,3219.9,111.07,0.2602,16.93,65.7,19.69,94.97,6.281,175.69,0.6137,0.02392,0.007497,2.371,1.55,2.49,1.459,3.832,166.74,13.72,0.8251,1.549,0.5865,2.357,426.98,1.04,52.2,0.7625,10.89,2.409e-05,0.2184,2.97,1.276,2.322,0.2059,8.844,0.5642,8.515
2022-04-09T12:54:26,42457.11,3220.55,111.09,0.26,16.93,65.7,19.69,94.99,6.28,175.72,0.6139,0.02394,0.007497,2.371,1.552,2.49,1.46,3.834,166.74,13.76,0.8251,1.549,0.5865,2.357,426.98,1.04,52.19,0.7624,10.89,2.41e-05,0.2183,2.971,1.276,2.322,0.2059,8.845,0.5645,8.517
2022-04-09T12:54:56,42456.27,3220.12,111.05,0.26,16.93,65.7,19.69,94.96,6.283,175.64,0.614,0.02392,0.007497,2.371,1.551,2.49,1.459,3.835,166.73,13.76,0.8251,1.549,0.5865,2.356,427.02,1.04,52.2,0.7624,10.89,2.41e-05,0.2183,2.97,1.276,2.322,0.2059,8.843,0.5645,8.516
2022-04-09T12:55:26,42453.53,3219.56,111.04,0.2601,16.93,65.7,19.7,94.96,6.283,175.61,0.6152,0.02387,0.007497,2.371,1.551,2.49,1.46,3.834,166.68,13.76,0.8251,1.549,0.5865,2.356,426.89,1.039,52.19,0.7622,10.89,2.41e-05,0.2184,2.971,1.276,2.322,0.2058,8.843,0.5643,8.514
2022-04-09T12:55:56,42445.89,3219.26,110.9,0.26,16.93,65.7,19.7,94.92,6.282,175.51,0.615,0.02387,0.007497,2.374,1.551,2.49,1.46,3.834,166.66,13.76,0.826,1.549,0.5865,2.355,426.62,1.04,52.19,0.7622,10.89,2.409e-05,0.2184,2.97,1.276,2.322,0.2057,8.839,0.5612,8.516
2022-04-09T12:56:26,42455.87,3220.5,110.99,0.2601,16.93,65.6,19.7,94.91,6.282,175.54,0.615,0.02388,0.007498,2.374,1.551,2.49,1.459,3.832,166.7,13.76,0.826,1.553,0.5865,2.356,426.61,1.04,52.16,0.762,10.89,2.409e-05,0.2182,2.971,1.275,2.321,0.2057,8.841,0.5627,8.519
2022-04-09T12:56:56,42456.11,3220.6,111,0.2603,16.93,65.7,19.7,94.87,6.279,175.59,0.6152,0.02394,0.007498,2.374,1.552,2.49,1.458,3.832,166.71,13.76,0.826,1.56,0.5865,2.355,426.76,1.04,52.15,0.762,10.89,2.408e-05,0.2182,2.971,1.275,2.322,0.2057,8.838,0.5631,8.52
2022-04-09T12:57:26,42482.2,3223.04,111.07,0.2604,16.96,65.7,19.71,94.96,6.289,175.78,0.6155,0.02395,0.007498,2.378,1.552,2.49,1.459,3.85,166.81,13.76,0.826,1.562,0.5864,2.359,426.84,1.04,52.16,0.7625,10.89,2.411e-05,0.2182,2.974,1.277,2.322,0.2058,8.843,0.5653,8.522
2022-04-09T12:57:56,42492.8,3223.73,111.35,0.2609,16.98,65.7,19.71,95.02,6.289,175.91,0.6157,0.02397,0.007498,2.378,1.555,2.49,1.46,3.849,166.83,13.76,0.826,1.562,0.5864,2.36,427.06,1.041,52.21,0.7626,10.89,2.413e-05,0.2188,2.978,1.277,2.325,0.2059,8.845,0.5692,8.523
2022-04-09T12:58:26,42501.23,3227.57,111.4,0.261,16.98,65.7,19.73,95.08,6.292,176.09,0.6157,0.02398,0.007498,2.378,1.555,2.49,1.46,3.849,166.85,13.8,0.8241,1.562,0.5864,2.362,427.57,1.041,52.24,0.763,10.89,2.414e-05,0.2188,2.978,1.28,2.326,0.206,8.849,0.5703,8.529
2022-04-09T12:58:56,42492.25,3228.03,111.55,0.2612,16.98,65.7,19.73,95.09,6.288,176.14,0.6158,0.02397,0.007487,2.378,1.558,2.49,1.46,3.866,166.8,13.8,0.8241,1.565,0.5864,2.362,427.49,1.042,52.24,0.7631,10.89,2.415e-05,0.2187,2.979,1.279,2.325,0.206,8.848,0.5687,8.532
2022-04-09T12:59:26,42496.13,3228.26,111.49,0.2614,16.98,65.8,19.74,95.05,6.282,176.24,0.616,0.02396,0.007487,2.378,1.559,2.49,1.46,3.86,166.94,13.8,0.8281,1.567,0.5864,2.362,427.42,1.041,52.24,0.7631,10.89,2.414e-05,0.2188,2.98,1.279,2.326,0.2059,8.854,0.5662,8.533
2022-04-09T12:59:56,42498.94,3228.31,111.48,0.2613,16.98,65.8,19.75,95.07,6.286,176.24,0.6169,0.02396,0.007487,2.378,1.559,2.49,1.46,3.861,167.18,13.8,0.8281,1.567,0.5864,2.363,427.56,1.041,52.24,0.763,10.89,2.414e-05,0.2188,2.979,1.279,2.327,0.2059,8.86,0.5663,8.538
2022-04-09T13:00:26,42501.33,3229.41,111.46,0.2613,16.98,65.8,19.75,95.05,6.29,176.44,0.6169,0.02396,0.007487,2.376,1.559,2.49,1.46,3.873,167.17,13.8,0.8281,1.567,0.5864,2.363,427.61,1.042,52.23,0.7631,10.89,2.414e-05,0.2188,2.98,1.279,2.327,0.2059,8.859,0.5652,8.54
2022-04-09T13:00:56,42490.01,3229.4,111.47,0.2616,16.98,65.8,19.76,95.05,6.29,176.53,0.6174,0.02395,0.007487,2.371,1.559,2.49,1.46,3.866,167.16,13.8,0.8281,1.561,0.5864,2.363,427.74,1.042,52.23,0.7632,10.89,2.414e-05,0.2188,2.981,1.28,2.327,0.206,8.858,0.5644,8.541
2022-04-09T13:01:26,42491.97,3229.38,111.41,0.2618,16.94,65.8,19.74,95.08,6.287,176.58,0.6175,0.02395,0.007487,2.371,1.558,2.49,1.46,3.869,167.01,13.75,0.8258,1.563,0.5864,2.364,427.79,1.042,52.22,0.7633,10.89,2.414e-05,0.2187,2.98,1.28,2.326,0.206,8.854,0.5617,8.545
2022-04-09T13:01:56,42496.09,3229.6,111.37,0.2621,16.94,65.8,19.73,95.1,6.287,176.66,0.6175,0.02397,0.007487,2.371,1.558,2.49,1.46,3.869,166.98,13.75,0.8258,1.562,0.5864,2.364,427.92,1.042,52.21,0.7633,10.89,2.413e-05,0.2187,2.98,1.28,2.325,0.206,8.853,0.5634,8.545
2022-04-09T13:02:26,42498.45,3229.92,111.29,0.2619,16.94,65.8,19.74,95.08,6.286,176.57,0.6175,0.02397,0.007475,2.371,1.558,2.49,1.46,3.866,167.13,13.75,0.8258,1.564,0.5864,2.364,427.91,1.042,52.19,0.7636,10.89,2.412e-05,0.2187,2.98,1.28,2.325,0.206,8.848,0.5616,8.547
2022-04-09T13:02:56,42487.13,3228.25,111.19,0.2616,16.94,65.7,19.74,95.04,6.284,176.38,0.6175,0.02397,0.007475,2.371,1.557,2.49,1.461,3.865,167.1,13.75,0.8258,1.564,0.5864,2.362,427.6,1.041,52.17,0.7637,10.89,2.411e-05,0.2187,2.978,1.279,2.323,0.2059,8.846,0.5615,8.542
2022-04-09T13:03:26,42484.13,3227.04,111.1,0.2617,16.94,65.7,19.73,94.99,6.282,176.23,0.6175,0.02398,0.007475,2.376,1.557,2.49,1.462,3.865,167.11,13.75,0.8258,1.56,0.5864,2.362,427.54,1.041,52.14,0.7636,10.89,2.411e-05,0.2187,2.977,1.278,2.323,0.2059,8.843,0.5619,8.548
2022-04-09T13:03:56,42478.94,3227.1,111.09,0.2618,16.95,65.7,19.73,94.98,6.282,176.21,0.6175,0.02399,0.007475,2.376,1.557,2.49,1.462,3.865,167.08,13.75,0.8258,1.561,0.5864,2.362,427.48,1.041,52.14,0.7635,10.89,2.41e-05,0.2187,2.978,1.278,2.323,0.2059,8.843,0.5619,8.548
2022-04-09T13:04:26,42478.97,3228.28,111.12,0.2623,16.96,65.8,19.73,94.98,6.282,176.28,0.615,0.02399,0.007475,2.376,1.556,2.49,1.462,3.86,167.08,13.78,0.8258,1.561,0.5864,2.362,427.47,1.041,52.14,0.7636,10.89,2.411e-05,0.2187,2.978,1.278,2.324,0.2059,8.841,0.5629,8.548
2022-04-09T13:04:56,42484.51,3229.84,111.23,0.2623,16.96,65.8,19.74,94.97,6.284,176.33,0.6148,0.02399,0.00748,2.376,1.556,2.5,1.462,3.86,167.14,13.78,0.8258,1.56,0.5864,2.362,427.69,1.041,52.14,0.7639,10.92,2.412e-05,0.2187,2.98,1.279,2.324,0.206,8.841,0.5628,8.549
2022-04-09T13:05:26,42484.57,3229.35,111.14,0.2623,16.96,65.8,19.74,94.94,6.284,176.34,0.6152,0.024,0.00748,2.376,1.556,2.5,1.462,3.86,167.12,13.78,0.8237,1.561,0.5864,2.362,427.69,1.042,52.13,0.7638,10.94,2.411e-05,0.2187,2.979,1.279,2.325,0.2059,8.842,0.5634,8.546
2022-04-09T13:05:56,42485,3229.29,111.17,0.2623,16.95,65.8,19.74,94.95,6.287,176.53,0.6152,0.024,0.00748,2.376,1.556,2.5,1.462,3.862,167.08,13.78,0.8237,1.563,0.5864,2.363,427.66,1.041,52.15,0.7637,10.94,2.412e-05,0.2186,2.98,1.28,2.324,0.2059,8.843,0.5707,8.549
2022-04-09T13:06:26,42485.26,3227.65,111.2,0.2625,16.95,65.8,19.75,94.98,6.281,176.53,0.6152,0.024,0.00748,2.376,1.556,2.5,1.462,3.86,167.05,13.78,0.8237,1.564,0.5864,2.363,427.67,1.041,52.15,0.7637,10.94,2.411e-05,0.2186,2.98,1.28,2.325,0.2059,8.842,0.5693,8.552
2022-04-09T13:06:56,42484.88,3227.35,111.2,0.2626,16.95,65.8,19.74,94.97,6.286,176.61,0.6152,0.024,0.00748,2.376,1.556,2.5,1.463,3.86,167.01,13.78,0.8237,1.564,0.5864,2.363,427.53,1.041,52.14,0.7637,10.94,2.411e-05,0.2186,2.979,1.28,2.324,0.2058,8.841,0.5689,8.557
2022-04-09T13:07:26,42473.94,3225.97,111.09,0.2622,16.95,65.8,19.74,94.92,6.278,176.44,0.6152,0.024,0.00748,2.376,1.556,2.5,1.463,3.856,166.89,13.78,0.8244,1.56,0.5864,2.362,427.39,1.041,52.13,0.7633,10.94,2.41e-05,0.2186,2.978,1.279,2.324,0.2058,8.837,0.57,8.553
2022-04-09T13:07:56,42473.48,3226.93,111.13,0.2622,16.95,65.8,19.75,94.92,6.278,176.52,0.6163,0.02399,0.00748,2.376,1.556,2.5,1.463,3.848,166.92,13.78,0.8244,1.56,0.5864,2.362,427.37,1.041,52.13,0.7633,10.94,2.41e-05,0.2186,2.979,1.279,2.323,0.2058,8.837,0.5674,8.558
2022-04-09T13:08:26,42466.27,3225.99,111.01,0.2623,16.96,65.8,19.74,94.9,6.285,176.49,0.6163,0.02396,0.00748,2.376,1.556,2.5,1.463,3.844,166.91,13.79,0.8244,1.555,0.5864,2.361,427.11,1.041,52.11,0.7636,10.94,2.41e-05,0.2186,2.979,1.279,2.323,0.2058,8.836,0.5672,8.555
2022-04-09T13:08:56,42465.55,3224.83,111.02,0.2623,16.96,65.7,19.72,94.82,6.281,176.53,0.6161,0.02396,0.00748,2.376,1.556,2.5,1.463,3.841,166.84,13.79,0.8244,1.555,0.5864,2.361,427.01,1.04,52.1,0.7635,10.94,2.408e-05,0.2186,2.979,1.278,2.322,0.2057,8.835,0.567,8.55
2022-04-09T13:09:26,42465.31,3224.75,111.03,0.2623,16.97,65.7,19.72,94.77,6.28,176.54,0.6161,0.02395,0.00748,2.376,1.556,2.5,1.463,3.839,166.97,13.79,0.8244,1.555,0.5864,2.361,426.98,1.039,52.07,0.7634,10.94,2.407e-05,0.2186,2.978,1.277,2.322,0.2057,8.833,0.568,8.556
2022-04-09T13:09:56,42462.84,3224.53,110.96,0.2622,16.97,65.7,19.72,94.8,6.283,176.64,0.6148,0.02395,0.00748,2.376,1.556,2.5,1.462,3.844,167.02,13.79,0.8244,1.569,0.5864,2.361,426.92,1.04,52.05,0.7633,10.94,2.407e-05,0.2186,2.978,1.277,2.322,0.2056,8.833,0.5685,8.556
2022-04-09T13:10:26,42463.34,3224.4,110.95,0.2621,16.97,65.8,19.71,94.83,6.282,176.59,0.6148,0.02395,0.00748,2.373,1.556,2.5,1.463,3.844,166.97,13.79,0.8248,1.569,0.5864,2.361,426.82,1.04,52.05,0.7632,10.94,2.407e-05,0.2186,2.978,1.277,2.322,0.2056,8.834,0.57,8.557
2022-04-09T13:10:56,42462.21,3224.37,111.02,0.2621,16.97,65.8,19.71,94.86,6.282,176.6,0.6161,0.02394,0.00748,2.375,1.556,2.5,1.463,3.844,166.97,13.79,0.8248,1.569,0.5864,2.361,426.93,1.039,52.05,0.7632,10.94,2.407e-05,0.2186,2.978,1.277,2.322,0.2056,8.837,0.5691,8.555
2022-04-09T13:11:26,42469.08,3225.53,111.08,0.2622,16.97,65.8,19.72,94.94,6.283,176.63,0.6176,0.02397,0.00748,2.375,1.556,2.5,1.463,3.841,167.11,13.79,0.824,1.564,0.5977,2.362,427.02,1.039,52.06,0.7633,10.94,2.408e-05,0.2184,2.979,1.278,2.322,0.2058,8.837,0.5704,8.556
2022-04-09T13:11:56,42468.55,3225.47,111.07,0.2624,16.97,65.8,19.73,94.97,6.283,176.64,0.6176,0.02396,0.00748,2.375,1.556,2.5,1.463,3.841,167.14,13.79,0.824,1.564,0.5977,2.362,427.14,1.04,52.08,0.7637,10.94,2.409e-05,0.2184,2.98,1.278,2.322,0.2058,8.835,0.568,8.556
2022-04-09T13:12:26,42469.27,3225.06,111.18,0.2625,16.97,65.8,19.73,95,6.283,176.55,0.6176,0.02395,0.00748,2.375,1.556,2.5,1.463,3.841,167.2,13.79,0.824,1.574,0.5977,2.362,427.07,1.04,52.07,0.7637,10.94,2.41e-05,0.2184,2.979,1.278,2.322,0.2058,8.835,0.5676,8.557
2022-04-09T13:12:56,42465.39,3223.73,111.28,0.2625,16.97,65.8,19.72,95.08,6.284,176.61,0.6176,0.02396,0.00748,2.375,1.556,2.5,1.463,3.839,167.19,13.79,0.824,1.574,0.5977,2.36,427.13,1.04,52.06,0.7635,10.96,2.409e-05,0.2184,2.979,1.278,2.322,0.2057,8.837,0.5666,8.552
2022-04-09T13:13:26,42465.32,3222.86,111.23,0.2624,16.97,65.9,19.71,94.91,6.282,176.35,0.6175,0.02394,0.00748,2.375,1.557,2.5,1.462,3.837,167.09,13.79,0.824,1.581,0.5977,2.359,427.01,1.04,52.05,0.7633,10.96,2.407e-05,0.2182,2.977,1.277,2.321,0.2058,8.835,0.5632,8.555
2022-04-09T13:13:56,42463.71,3222.56,111.17,0.2623,16.92,65.9,19.71,94.92,6.274,176.32,0.6175,0.02392,0.00748,2.375,1.557,2.5,1.461,3.839,167.06,13.79,0.824,1.584,0.5977,2.357,426.86,1.039,52.02,0.7632,10.96,2.407e-05,0.2182,2.977,1.277,2.321,0.2057,8.836,0.5636,8.556
2022-04-09T13:14:26,42462.88,3222.04,111.15,0.2622,16.92,65.8,19.72,94.99,6.27,176.3,0.6168,0.02393,0.00748,2.375,1.557,2.5,1.46,3.836,166.96,13.79,0.8249,1.584,0.5977,2.357,426.74,1.039,51.97,0.7631,10.96,2.407e-05,0.2182,2.976,1.276,2.321,0.2057,8.834,0.5629,8.55
2022-04-09T13:14:56,42465.68,3221.77,111.14,0.2622,16.92,65.8,19.71,95.01,6.267,176.36,0.6142,0.02392,0.00748,2.375,1.557,2.5,1.459,3.836,166.93,13.79,0.8249,1.596,0.5977,2.357,426.52,1.039,51.94,0.7631,10.96,2.407e-05,0.2179,2.975,1.276,2.319,0.2057,8.832,0.5628,8.549
2022-04-09T13:15:26,42463.29,3221.68,111.19,0.2624,16.92,65.7,19.71,95.06,6.271,176.36,0.6142,0.02391,0.00748,2.375,1.557,2.5,1.459,3.836,166.95,13.79,0.8239,1.596,0.5977,2.357,426.59,1.039,51.91,0.7632,10.96,2.406e-05,0.2179,2.975,1.276,2.319,0.2056,8.837,0.5615,8.549
2022-04-09T13:15:56,42462.06,3221.88,111.22,0.2624,16.92,65.7,19.71,95.07,6.271,176.28,0.6142,0.02391,0.007488,2.375,1.557,2.5,1.459,3.837,166.84,13.79,0.8239,1.592,0.5977,2.357,426.53,1.039,51.89,0.7631,10.96,2.406e-05,0.2179,2.975,1.275,2.319,0.2056,8.834,0.5606,8.548
2022-04-09T13:16:26,42460.92,3222.14,111.28,0.2626,16.92,65.8,19.72,95.06,6.272,176.46,0.6142,0.02392,0.007467,2.375,1.558,2.5,1.459,3.837,166.8,13.79,0.8239,1.595,0.5977,2.357,426.69,1.038,51.87,0.7632,10.96,2.406e-05,0.2179,2.975,1.275,2.319,0.2056,8.835,0.562,8.548
2022-04-09T13:16:56,42460.63,3222.36,111.25,0.2627,16.93,65.8,19.71,95.03,6.272,176.38,0.6143,0.02392,0.007467,2.375,1.553,2.5,1.459,3.838,166.75,13.79,0.8239,1.593,0.5977,2.357,426.68,1.038,51.85,0.7632,10.96,2.405e-05,0.2179,2.974,1.276,2.319,0.2056,8.835,0.564,8.548
2022-04-09T13:17:26,42460.37,3221.65,111.12,0.2627,16.93,65.8,19.71,95,6.273,176.21,0.6143,0.02392,0.007467,2.376,1.553,2.5,1.459,3.838,166.74,13.79,0.8239,1.593,0.5977,2.355,426.65,1.038,51.85,0.7631,10.96,2.405e-05,0.2179,2.975,1.276,2.318,0.2055,8.835,0.562,8.54
2022-04-09T13:17:56,42461.68,3220.1,111.03,0.2626,16.93,65.8,19.7,94.99,6.274,176.22,0.6142,0.02392,0.007467,2.376,1.553,2.5,1.459,3.834,166.76,13.79,0.8243,1.588,0.5977,2.356,426.31,1.038,51.82,0.7631,10.96,2.405e-05,0.2179,2.974,1.276,2.318,0.2054,8.836,0.5611,8.54
2022-04-09T13:18:26,42455.42,3220.03,111.03,0.2628,16.93,65.8,19.69,94.97,6.271,176.21,0.6143,0.02392,0.007467,2.376,1.553,2.5,1.459,3.834,166.71,13.79,0.8243,1.588,0.5977,2.356,426.29,1.039,51.8,0.763,10.96,2.405e-05,0.2179,2.974,1.276,2.318,0.2054,8.837,0.561,8.535
2022-04-09T13:18:56,42458.4,3220.31,111.05,0.2629,16.93,65.7,19.69,94.98,6.27,176.09,0.6135,0.02393,0.007467,2.375,1.553,2.5,1.458,3.834,166.74,13.79,0.8243,1.579,0.5977,2.356,426.32,1.039,51.8,0.763,10.96,2.404e-05,0.2178,2.975,1.276,2.318,0.2054,8.838,0.5607,8.524
2022-04-09T13:19:26,42460.68,3224.19,111.23,0.2629,16.92,65.7,19.7,95.03,6.269,176.3,0.612,0.02397,0.007467,2.375,1.552,2.5,1.459,3.837,166.81,13.79,0.8243,1.577,0.5838,2.358,426.6,1.039,51.89,0.7632,10.96,2.407e-05,0.218,2.979,1.277,2.322,0.2054,8.842,0.5613,8.532
2022-04-09T13:19:56,42485.74,3224.77,111.18,0.263,16.9,65.8,19.7,95.09,6.274,176.21,0.612,0.02397,0.007467,2.375,1.553,2.49,1.46,3.835,166.85,13.79,0.8227,1.577,0.5838,2.363,426.83,1.039,51.91,0.7638,10.96,2.408e-05,0.2182,2.98,1.277,2.323,0.2056,8.848,0.5673,8.536
2022-04-09T13:20:26,42482.78,3224.23,111.2,0.2631,16.9,65.8,19.72,95.04,6.269,176.21,0.6117,0.02398,0.007467,2.375,1.553,2.49,1.461,3.835,166.87,13.79,0.8227,1.577,0.5838,2.371,426.9,1.04,51.91,0.7638,10.96,2.408e-05,0.2182,2.982,1.277,2.323,0.2057,8.85,0.5708,8.536
2022-04-09T13:20:56,42474.3,3223.72,111.1,0.263,16.93,65.8,19.71,95,6.269,176.22,0.6115,0.02395,0.007494,2.375,1.553,2.49,1.461,3.835,166.81,13.79,0.8227,1.572,0.5838,2.37,426.72,1.039,51.89,0.7635,10.96,2.408e-05,0.2182,2.98,1.277,2.322,0.2057,8.849,0.5693,8.541
2022-04-09T13:21:26,42472.61,3223.28,111.05,0.263,16.92,65.9,19.71,95.01,6.268,176.1,0.6093,0.02395,0.007494,2.375,1.552,2.49,1.46,3.838,166.81,13.79,0.8227,1.572,0.5838,2.369,426.7,1.039,51.84,0.7634,10.94,2.408e-05,0.2181,2.98,1.277,2.322,0.2056,8.847,0.5681,8.536
2022-04-09T13:21:56,42470.57,3223.54,111.02,0.2631,16.92,65.9,19.7,95,6.265,176.07,0.6093,0.02396,0.007494,2.375,1.552,2.49,1.46,3.837,166.81,13.79,0.8227,1.572,0.5838,2.369,426.6,1.039,51.83,0.7636,10.94,2.408e-05,0.2181,2.98,1.277,2.322,0.2056,8.841,0.5686,8.534
2022-04-09T13:22:26,42469.54,3223.4,110.99,0.2632,16.92,65.9,19.7,95,6.267,176.06,0.6102,0.02395,0.007494,2.375,1.552,2.49,1.459,3.838,166.78,13.79,0.8227,1.572,0.5838,2.37,426.55,1.039,51.84,0.7636,10.94,2.408e-05,0.2181,2.98,1.277,2.321,0.2056,8.839,0.5697,8.536
2022-04-09T13:22:56,42466.42,3223.44,111.07,0.2629,16.92,65.9,19.7,94.99,6.266,176.05,0.6079,0.02396,0.007494,2.374,1.552,2.49,1.459,3.842,166.82,13.79,0.8227,1.571,0.5838,2.371,426.72,1.039,51.83,0.7638,10.94,2.408e-05,0.2183,2.981,1.276,2.321,0.2056,8.838,0.5725,8.538
2022-04-09T13:23:26,42459.6,3223.42,111.07,0.2631,16.92,65.8,19.7,95,6.266,176.04,0.6078,0.02396,0.007494,2.374,1.552,2.49,1.459,3.842,166.77,13.79,0.8227,1.571,0.5838,2.371,426.75,1.039,51.82,0.7638,10.94,2.408e-05,0.2183,2.981,1.276,2.321,0.2056,8.838,0.5719,8.533
2022-04-09T13:23:56,42466.13,3224.19,111.1,0.263,16.92,65.8,19.7,95.04,6.267,176.12,0.6078,0.02395,0.007494,2.374,1.552,2.49,1.459,3.845,166.76,13.79,0.821,1.571,0.5838,2.371,426.76,1.039,51.83,0.7639,10.94,2.408e-05,0.2183,2.982,1.277,2.322,0.2056,8.839,0.5714,8.554
2022-04-09T13:24:26,42467.66,3224.84,111.13,0.263,16.92,65.8,19.71,95.07,6.268,176.1,0.6089,0.02396,0.00748,2.374,1.553,2.49,1.461,3.845,166.78,13.79,0.8238,1.571,0.5838,2.37,426.79,1.039,51.85,0.7641,10.94,2.409e-05,0.2183,2.984,1.277,2.323,0.2056,8.84,0.5722,8.552
2022-04-09T13:24:56,42458.96,3223.69,111.13,0.2622,16.92,65.9,19.7,95.05,6.274,176.18,0.6089,0.02397,0.007478,2.374,1.552,2.49,1.461,3.84,166.72,13.79,0.8238,1.572,0.5838,2.368,426.99,1.04,51.84,0.7641,10.94,2.408e-05,0.2182,2.984,1.277,2.323,0.2057,8.838,0.5765,8.551
2022-04-09T13:25:26,42458.06,3223.86,111.08,0.2619,16.92,65.9,19.7,95.1,6.27,176.08,0.6089,0.02397,0.007478,2.374,1.551,2.49,1.46,3.834,166.72,13.79,0.8238,1.571,0.5838,2.367,426.86,1.039,51.82,0.7639,10.94,2.408e-05,0.2182,2.985,1.278,2.324,0.2057,8.839,0.5772,8.554
2022-04-09T13:25:56,42461.98,3224.93,111.14,0.2623,16.92,65.9,19.71,95.14,6.269,176.22,0.6089,0.02398,0.007494,2.374,1.551,2.49,1.461,3.834,166.68,13.79,0.8238,1.571,0.5838,2.367,426.93,1.039,51.84,0.764,10.94,2.408e-05,0.2183,2.985,1.278,2.325,0.2057,8.841,0.5777,8.555
2022-04-09T13:26:26,42463.39,3224.93,111.13,0.2629,16.92,65.9,19.7,95.18,6.27,176.27,0.6089,0.02397,0.007494,2.374,1.552,2.49,1.461,3.834,166.68,13.79,0.8241,1.571,0.5838,2.365,426.92,1.04,51.86,0.764,10.94,2.408e-05,0.2184,2.986,1.278,2.325,0.2057,8.842,0.5769,8.557
2022-04-09T13:26:56,42473.26,3225.26,111.26,0.263,16.92,65.8,19.72,95.22,6.275,176.26,0.6084,0.024,0.007494,2.374,1.552,2.49,1.461,3.84,166.81,13.79,0.8241,1.57,0.5838,2.366,426.98,1.04,51.87,0.7641,10.94,2.409e-05,0.2187,2.986,1.279,2.327,0.2057,8.845,0.5727,8.559
2022-04-09T13:27:26,42470.14,3225.28,111.21,0.263,16.92,65.8,19.71,95.21,6.276,176.2,0.6103,0.02399,0.007494,2.374,1.552,2.49,1.461,3.838,166.81,13.79,0.8241,1.57,0.5838,2.366,427.02,1.04,51.88,0.764,10.94,2.41e-05,0.2187,2.987,1.279,2.327,0.2058,8.843,0.5735,8.558
2022-04-09T13:27:56,42477.87,3225.89,111.25,0.263,16.92,65.8,19.72,95.18,6.273,176.27,0.6103,0.02399,0.007494,2.37,1.552,2.49,1.462,3.838,166.85,13.79,0.8241,1.595,0.5838,2.368,427.11,1.04,51.86,0.7641,10.94,2.409e-05,0.2187,2.989,1.279,2.327,0.2057,8.848,0.5744,8.558
2022-04-09T13:28:26,42475.53,3226.18,111.3,0.263,16.92,65.8,19.72,95.29,6.269,176.28,0.6106,0.02399,0.007493,2.37,1.552,2.49,1.462,3.835,166.85,13.79,0.8241,1.587,0.5838,2.369,427.08,1.04,51.86,0.764,10.94,2.41e-05,0.2189,2.989,1.28,2.328,0.2058,8.85,0.5758,8.558
2022-04-09T13:28:56,42480.95,3226.69,111.29,0.2629,16.92,65.8,19.72,95.3,6.27,176.3,0.6107,0.02403,0.007493,2.37,1.552,2.49,1.462,3.836,166.85,13.79,0.8245,1.584,0.5838,2.369,427.17,1.041,51.86,0.764,10.94,2.41e-05,0.2189,2.989,1.28,2.329,0.2058,8.856,0.5765,8.559
2022-04-09T13:29:26,42483.3,3226.67,111.27,0.263,16.91,65.9,19.72,95.3,6.276,176.3,0.6117,0.02403,0.007493,2.37,1.552,2.49,1.463,3.839,166.85,13.77,0.8247,1.583,0.5838,2.369,427.21,1.041,51.85,0.7638,10.94,2.411e-05,0.2189,2.99,1.28,2.328,0.2058,8.858,0.5766,8.559
2022-04-09T13:29:56,42489.82,3228,111.24,0.2632,16.91,65.9,19.73,95.32,6.276,176.33,0.6117,0.02404,0.007493,2.37,1.552,2.49,1.463,3.839,166.82,13.77,0.8247,1.583,0.5838,2.372,427.2,1.041,51.85,0.7637,10.94,2.411e-05,0.2189,2.989,1.28,2.327,0.2058,8.857,0.5754,8.565
2022-04-09T13:30:26,42490.99,3227.26,111.22,0.2628,16.91,65.9,19.73,95.33,6.274,176.31,0.6118,0.02405,0.007493,2.37,1.553,2.49,1.463,3.839,166.86,13.73,0.8247,1.583,0.5838,2.373,427.22,1.041,51.85,0.7635,10.97,2.411e-05,0.2191,2.99,1.281,2.328,0.2059,8.859,0.5752,8.565
2022-04-09T13:30:56,42493.66,3229.06,111.31,0.2629,16.91,65.9,19.73,95.33,6.272,176.39,0.6104,0.02406,0.007497,2.37,1.553,2.49,1.463,3.842,166.96,13.73,0.8247,1.59,0.5838,2.373,427.26,1.041,51.85,0.7635,10.97,2.412e-05,0.2192,2.99,1.281,2.328,0.2058,8.856,0.5751,8.565
2022-04-09T13:31:26,42503.86,3229.41,111.33,0.2631,16.91,65.9,19.73,95.33,6.27,176.49,0.6104,0.02407,0.007497,2.37,1.553,2.49,1.463,3.841,166.96,13.74,0.8247,1.596,0.5891,2.373,427.36,1.041,51.85,0.7636,10.99,2.412e-05,0.2193,2.992,1.281,2.329,0.2059,8.857,0.5751,8.561
2022-04-09T13:31:56,42504.05,3229.5,111.33,0.2629,16.91,65.9,19.74,95.29,6.27,176.54,0.6113,0.02407,0.00749,2.37,1.553,2.49,1.463,3.841,166.92,13.74,0.8247,1.595,0.5891,2.373,427.38,1.042,51.86,0.7636,10.99,2.413e-05,0.2193,2.992,1.281,2.331,0.2059,8.859,0.5769,8.562
2022-04-09T13:32:26,42503.16,3228.84,111.36,0.2628,16.91,65.8,19.74,95.3,6.27,176.58,0.607,0.02406,0.00751,2.372,1.553,2.49,1.463,3.841,166.97,13.74,0.8247,1.59,0.5891,2.373,427.47,1.041,51.86,0.7636,10.99,2.414e-05,0.2193,2.993,1.281,2.331,0.2059,8.86,0.5769,8.56
2022-04-09T13:32:56,42493.39,3228.64,111.24,0.2625,16.91,65.8,19.73,95.26,6.272,176.47,0.6073,0.02406,0.00751,2.372,1.553,2.49,1.463,3.839,166.92,13.74,0.8247,1.588,0.5891,2.372,427.19,1.041,51.86,0.7635,10.99,2.414e-05,0.2191,2.991,1.28,2.33,0.2057,8.86,0.5744,8.559
2022-04-09T13:33:26,42491.9,3227.84,111.23,0.2623,16.91,65.8,19.73,95.32,6.274,176.5,0.6073,0.02407,0.007492,2.372,1.553,2.49,1.463,3.851,166.77,13.74,0.8247,1.593,0.5891,2.372,427.26,1.041,51.84,0.7633,10.99,2.412e-05,0.2191,2.992,1.28,2.33,0.2058,8.86,0.5711,8.566
2022-04-09T13:33:56,42481.72,3225.8,111.09,0.2621,16.91,65.8,19.72,95.39,6.274,176.53,0.6073,0.02405,0.007492,2.372,1.553,2.49,1.463,3.848,166.73,13.74,0.8247,1.591,0.5891,2.37,427.13,1.041,51.84,0.7631,10.99,2.411e-05,0.2191,2.993,1.279,2.33,0.2057,8.857,0.5707,8.563
2022-04-09T13:34:26,42487.63,3226.7,111.2,0.2626,16.91,65.8,19.72,95.44,6.274,176.48,0.6073,0.024,0.007492,2.373,1.552,2.49,1.461,3.864,166.68,13.74,0.8235,1.588,0.5939,2.37,427.12,1.041,51.82,0.7629,10.96,2.412e-05,0.2188,2.993,1.279,2.33,0.2057,8.857,0.573,8.566
2022-04-09T13:34:56,42487.01,3226.19,111.14,0.2626,16.91,65.8,19.72,95.43,6.273,176.5,0.6073,0.024,0.007492,2.373,1.552,2.49,1.461,3.852,166.71,13.74,0.8235,1.594,0.5939,2.37,427.19,1.041,51.83,0.7628,10.96,2.412e-05,0.2188,2.993,1.279,2.329,0.2057,8.856,0.5735,8.568
2022-04-09T13:35:26,42489.67,3226.16,111.15,0.2626,16.94,65.8,19.72,95.51,6.274,176.5,0.6073,0.024,0.007492,2.373,1.552,2.49,1.461,3.865,166.65,13.74,0.8235,1.594,0.5939,2.37,427.15,1.041,51.82,0.7627,10.96,2.412e-05,0.2188,2.992,1.279,2.328,0.2057,8.855,0.573,8.568
2022-04-09T13:35:56,42488.01,3225.37,111.14,0.2624,16.94,65.8,19.73,95.57,6.271,176.48,0.6059,0.02399,0.007489,2.373,1.551,2.49,1.461,3.862,166.66,13.74,0.8244,1.594,0.5939,2.369,427.13,1.041,51.81,0.7627,10.96,2.412e-05,0.2188,2.992,1.278,2.328,0.2057,8.856,0.5711,8.566
2022-04-09T13:36:26,42489.31,3225.26,111.12,0.2624,16.94,65.8,19.72,95.71,6.269,176.45,0.607,0.024,0.007488,2.373,1.551,2.49,1.459,3.866,166.64,13.74,0.8244,1.595,0.5939,2.368,427.08,1.041,51.78,0.7627,10.96,2.412e-05,0.2188,2.992,1.279,2.328,0.2057,8.856,0.5708,8.565
2022-04-09T13:36:56,42486.67,3225.21,111.11,0.2622,16.94,65.8,19.71,95.78,6.266,176.46,0.607,0.024,0.00749,2.373,1.552,2.49,1.459,3.872,166.66,13.74,0.8244,1.595,0.5939,2.368,427.06,1.041,51.74,0.7625,10.96,2.411e-05,0.219,2.992,1.278,2.327,0.2057,8.855,0.57,8.561
2022-04-09T13:37:26,42488.14,3225.6,111.12,0.2622,16.94,65.9,19.71,95.84,6.27,176.47,0.607,0.024,0.00749,2.373,1.552,2.49,1.459,3.871,166.7,13.74,0.8272,1.594,0.5939,2.368,427.2,1.041,51.74,0.7625,10.96,2.412e-05,0.219,2.992,1.278,2.327,0.2057,8.858,0.5692,8.565
2022-04-09T13:37:56,42486.5,3225.89,111.28,0.2622,16.94,65.9,19.72,95.92,6.27,176.53,0.607,0.024,0.00749,2.373,1.552,2.49,1.46,3.876,166.76,13.74,0.8272,1.594,0.5939,2.369,427.3,1.041,51.76,0.7625,10.96,2.414e-05,0.219,2.993,1.278,2.328,0.2057,8.858,0.5698,8.562
2022-04-09T13:38:26,42495.02,3227.15,111.31,0.2622,16.94,66,19.72,95.98,6.267,176.59,0.607,0.02403,0.00749,2.373,1.552,2.49,1.46,3.876,166.8,13.74,0.8244,1.593,0.5939,2.37,427.59,1.042,51.77,0.7625,10.96,2.414e-05,0.2193,2.996,1.279,2.332,0.2057,8.86,0.5708,8.565
2022-04-09T13:38:56,42485.25,3225.93,111.27,0.2621,16.95,66,19.72,96.05,6.267,176.58,0.6072,0.02404,0.00749,2.373,1.553,2.49,1.461,3.87,166.84,13.74,0.8244,1.593,0.5939,2.369,427.47,1.042,51.78,0.7623,10.96,2.414e-05,0.2193,2.995,1.279,2.331,0.2057,8.861,0.5686,8.571
2022-04-09T13:39:26,42491.33,3226.59,111.28,0.2624,16.95,66,19.73,96.26,6.27,176.72,0.6072,0.02408,0.00749,2.371,1.552,2.49,1.461,3.869,166.87,13.74,0.8244,1.609,0.5939,2.371,427.35,1.042,51.8,0.7624,10.96,2.416e-05,0.2193,2.995,1.28,2.33,0.2057,8.862,0.5686,8.569
2022-04-09T13:39:56,42488.59,3226.39,111.29,0.2622,16.95,65.6,19.72,96.23,6.269,176.62,0.6059,0.02407,0.00749,2.371,1.552,2.49,1.461,3.87,166.83,13.74,0.8244,1.607,0.5939,2.37,427.37,1.042,51.81,0.7623,10.96,2.416e-05,0.2194,2.993,1.28,2.329,0.2057,8.879,0.5684,8.573
2022-04-09T13:40:26,42489.05,3226.08,111.19,0.2622,16.95,65.7,19.71,96.17,6.27,176.59,0.6069,0.02406,0.00749,2.371,1.552,2.49,1.46,3.877,166.73,13.74,0.8238,1.612,0.5939,2.369,427.33,1.042,51.74,0.7622,10.96,2.415e-05,0.2193,2.993,1.28,2.328,0.2057,8.871,0.5684,8.568
2022-04-09T13:40:56,42476.41,3224.2,111.17,0.2621,16.95,65.6,19.71,96.26,6.264,176.64,0.6063,0.02404,0.00749,2.371,1.552,2.49,1.46,3.872,166.67,13.74,0.8238,1.604,0.5939,2.367,427,1.042,51.7,0.7618,10.96,2.414e-05,0.219,2.991,1.28,2.327,0.2056,8.867,0.5704,8.565
2022-04-09T13:41:26,42473.82,3223.66,111.16,0.2621,16.95,65.6,19.72,96.41,6.264,176.68,0.6063,0.02402,0.00749,2.371,1.552,2.49,1.46,3.872,166.69,13.73,0.8238,1.602,0.5939,2.367,427.02,1.042,51.67,0.7613,10.96,2.414e-05,0.219,2.99,1.281,2.328,0.2053,8.857,0.5698,8.561
2022-04-09T13:41:56,42479.91,3224.51,111.24,0.2622,16.95,65.6,19.72,96.47,6.27,176.68,0.6064,0.02404,0.00749,2.371,1.553,2.49,1.461,3.893,166.73,13.73,0.8238,1.608,0.5939,2.369,427.14,1.043,51.7,0.7615,11.03,2.415e-05,0.2193,2.991,1.282,2.329,0.2054,8.858,0.5706,8.566
2022-04-09T13:42:26,42478.42,3224.79,111.3,0.2623,16.95,65.6,19.73,96.56,6.264,176.68,0.6064,0.02404,0.007493,2.371,1.553,2.49,1.461,3.884,166.78,13.76,0.8238,1.611,0.5939,2.372,427.23,1.043,51.71,0.7616,11.03,2.416e-05,0.2193,2.993,1.283,2.33,0.2055,8.893,0.5737,8.562
2022-04-09T13:42:56,42476.63,3224.22,111.24,0.2623,16.95,65.7,19.71,96.41,6.266,176.73,0.6064,0.02405,0.00749,2.371,1.553,2.49,1.461,3.889,166.77,13.76,0.8238,1.609,0.5939,2.373,427.15,1.042,51.7,0.7614,11.03,2.416e-05,0.2191,2.992,1.284,2.331,0.2054,8.922,0.5736,8.561
2022-04-09T13:43:26,42475.17,3224.14,111.25,0.2625,16.97,65.7,19.71,96.27,6.266,176.88,0.6064,0.02407,0.00749,2.371,1.552,2.49,1.461,3.89,166.76,13.76,0.8238,1.609,0.5939,2.372,427.21,1.043,51.69,0.7613,11.03,2.416e-05,0.2191,2.993,1.284,2.329,0.2054,8.911,0.5732,8.562
2022-04-09T13:43:56,42475.29,3224.51,111.25,0.2626,16.97,65.7,19.71,96.26,6.265,176.93,0.6076,0.02405,0.00749,2.371,1.552,2.49,1.461,3.89,166.72,13.76,0.8223,1.61,0.5939,2.372,427.03,1.042,51.67,0.7611,11.03,2.415e-05,0.2191,2.994,1.284,2.329,0.2054,8.914,0.5725,8.566
2022-04-09T13:44:26,42479.13,3224.7,111.24,0.2626,16.97,65.7,19.72,96.25,6.264,176.93,0.6076,0.02406,0.00749,2.371,1.553,2.49,1.461,3.893,166.78,13.76,0.8223,1.625,0.5939,2.373,427.01,1.041,51.69,0.7611,11.04,2.416e-05,0.2191,2.994,1.284,2.329,0.2053,8.908,0.5704,8.561
2022-04-09T13:44:56,42482.01,3224.48,111.25,0.2625,16.97,65.6,19.72,96.23,6.264,177.06,0.6076,0.02408,0.00749,2.371,1.553,2.49,1.461,3.909,166.76,13.76,0.8223,1.618,0.5939,2.373,427.12,1.041,51.68,0.7611,11.05,2.416e-05,0.2191,2.994,1.284,2.33,0.2054,8.908,0.5704,8.561
2022-04-09T13:45:26,42496.06,3225.17,111.3,0.2626,16.97,65.7,19.73,96.23,6.265,177.11,0.6076,0.02406,0.00749,2.373,1.554,2.49,1.462,3.912,166.76,13.76,0.8222,1.62,0.5939,2.373,427.3,1.042,51.69,0.7613,11.05,2.416e-05,0.2191,2.995,1.285,2.33,0.2054,8.909,0.5716,8.567
2022-04-09T13:45:56,42501.69,3226.76,111.48,0.2627,16.97,65.7,19.73,96.16,6.266,177.1,0.6076,0.02407,0.007486,2.375,1.554,2.49,1.462,3.909,166.9,13.76,0.8222,1.622,0.5939,2.375,427.61,1.042,51.68,0.7615,11.05,2.417e-05,0.2194,2.997,1.285,2.331,0.2055,8.919,0.5702,8.573
2022-04-09T13:46:26,42501.68,3228.05,111.49,0.263,16.94,65.7,19.74,96.15,6.267,177.22,0.6084,0.02406,0.00747,2.375,1.553,2.49,1.462,3.915,166.9,13.74,0.8222,1.622,0.5939,2.376,427.66,1.042,51.67,0.7617,11.05,2.418e-05,0.2194,2.997,1.286,2.332,0.2056,8.927,0.569,8.574
2022-04-09T13:46:56,42504.33,3228.16,111.49,0.2629,16.99,65.7,19.74,96.1,6.268,177.31,0.6084,0.02408,0.00747,2.375,1.551,2.49,1.463,3.915,166.91,13.74,0.8222,1.624,0.5939,2.375,427.65,1.042,51.69,0.7618,11.05,2.419e-05,0.2196,2.999,1.286,2.332,0.2056,8.928,0.5671,8.572
2022-04-09T13:47:26,42502.86,3228.73,111.5,0.2629,16.97,65.7,19.74,96.09,6.27,177.29,0.6084,0.02407,0.007419,2.375,1.554,2.49,1.464,3.915,166.92,13.74,0.8215,1.62,0.5939,2.376,427.7,1.043,51.74,0.762,11.05,2.419e-05,0.2197,2.999,1.287,2.334,0.2057,8.926,0.5679,8.566
2022-04-09T13:47:56,42502.84,3229.05,111.52,0.2628,16.97,65.7,19.74,96.09,6.275,177.27,0.6084,0.02407,0.007438,2.375,1.555,2.49,1.463,3.911,166.95,13.74,0.8215,1.63,0.5939,2.378,427.83,1.043,51.79,0.7621,11.04,2.419e-05,0.2197,3.001,1.288,2.335,0.2058,8.929,0.5685,8.569
2022-04-09T13:48:26,42503.54,3228.81,111.57,0.2628,16.97,65.8,19.74,96.04,6.275,177.29,0.6084,0.02406,0.007438,2.375,1.555,2.49,1.463,3.923,166.93,13.74,0.8215,1.623,0.5939,2.377,427.76,1.043,51.76,0.7621,11.04,2.419e-05,0.2197,3.001,1.288,2.335,0.2058,8.93,0.5673,8.568
2022-04-09T13:48:56,42497.17,3228.56,111.57,0.2626,16.97,65.8,19.74,95.98,6.27,177.12,0.6084,0.02405,0.007438,2.375,1.554,2.49,1.463,3.923,166.89,13.74,0.8215,1.609,0.5939,2.377,427.81,1.043,51.69,0.7619,11.04,2.42e-05,0.2195,3,1.287,2.334,0.2058,8.929,0.5672,8.578
2022-04-09T13:49:26,42494.52,3228.89,111.53,0.2623,16.97,65.8,19.74,95.96,6.275,177.26,0.6105,0.02404,0.00742,2.375,1.555,2.49,1.463,3.944,166.84,13.73,0.821,1.604,0.5939,2.375,427.7,1.042,51.68,0.762,11.04,2.421e-05,0.2195,2.996,1.287,2.332,0.2058,8.929,0.5671,8.581
2022-04-09T13:49:56,42496.03,3229.48,111.58,0.2623,16.97,65.8,19.74,96.09,6.272,177.46,0.6105,0.02405,0.00742,2.375,1.554,2.49,1.463,3.949,166.89,13.73,0.8182,1.606,0.5939,2.376,427.69,1.042,51.7,0.762,11.04,2.423e-05,0.2195,2.998,1.287,2.333,0.2058,8.947,0.5678,8.588
2022-04-09T13:50:26,42486.95,3229.67,111.58,0.2622,16.96,65.8,19.74,96.07,6.276,177.43,0.6105,0.02404,0.00742,2.375,1.555,2.49,1.463,3.929,166.79,13.73,0.8204,1.605,0.5939,2.376,427.71,1.042,51.71,0.7622,11.04,2.423e-05,0.2195,2.998,1.288,2.333,0.2058,8.96,0.5669,8.58
2022-04-09T13:50:56,42481.53,3227.92,111.51,0.2621,16.99,65.9,19.73,95.98,6.268,177.27,0.6116,0.02404,0.00742,2.375,1.556,2.49,1.462,3.938,166.77,13.73,0.8204,1.6,0.5939,2.374,427.61,1.042,51.7,0.762,11.04,2.421e-05,0.2194,2.999,1.287,2.333,0.2058,8.949,0.5662,8.585
2022-04-09T13:51:26,42479.11,3228.71,111.51,0.2621,16.99,65.9,19.74,95.98,6.269,177.69,0.6116,0.02404,0.00742,2.375,1.555,2.49,1.464,3.938,166.79,13.73,0.8204,1.6,0.5939,2.374,427.52,1.042,51.68,0.762,11.04,2.422e-05,0.2194,2.997,1.288,2.332,0.2057,8.95,0.5675,8.584
2022-04-09T13:51:56,42480.02,3228.31,111.55,0.262,16.99,65.9,19.74,95.95,6.268,177.76,0.6119,0.02403,0.00742,2.375,1.554,2.49,1.463,3.943,166.74,13.73,0.8204,1.595,0.5939,2.373,427.37,1.042,51.68,0.7621,11.04,2.423e-05,0.2193,2.996,1.287,2.33,0.2058,8.949,0.5675,8.581
2022-04-09T13:52:26,42480.03,3227.18,111.44,0.2621,16.99,65.9,19.73,95.86,6.272,177.71,0.6102,0.02402,0.00742,2.375,1.554,2.49,1.463,3.939,166.71,13.75,0.8204,1.595,0.5939,2.371,427.27,1.041,51.6,0.762,11.04,2.421e-05,0.2193,2.993,1.285,2.328,0.2057,8.94,0.5676,8.578
2022-04-09T13:52:56,42461.18,3225.07,111.41,0.2621,16.99,65.9,19.72,95.9,6.272,177.62,0.6102,0.024,0.00742,2.375,1.554,2.49,1.463,3.934,166.53,13.75,0.8204,1.595,0.5939,2.372,427.08,1.04,51.57,0.7617,11.02,2.421e-05,0.2193,2.992,1.284,2.327,0.2056,8.928,0.5679,8.572
2022-04-09T13:53:26,42459.29,3224.46,111.24,0.262,16.99,65.9,19.72,95.93,6.273,177.47,0.6102,0.02401,0.00742,2.375,1.554,2.49,1.462,3.94,166.51,13.75,0.8195,1.595,0.5939,2.371,427.01,1.039,51.56,0.7617,11.02,2.419e-05,0.2189,2.992,1.285,2.327,0.2056,8.93,0.5682,8.567
2022-04-09T13:53:56,42458.34,3224.24,111.23,0.2621,16.99,65.8,19.71,96.02,6.271,177.41,0.6102,0.02402,0.00742,2.375,1.553,2.49,1.462,3.945,166.53,13.75,0.8182,1.591,0.5939,2.371,427.05,1.039,51.55,0.7615,10.99,2.417e-05,0.219,2.993,1.284,2.328,0.2055,8.934,0.5699,8.563
2022-04-09T13:54:26,42455.89,3223.79,111.22,0.2621,16.99,65.8,19.71,96.08,6.271,177.53,0.6101,0.02401,0.007423,2.373,1.553,2.49,1.462,3.936,166.52,13.75,0.8182,1.591,0.5939,2.372,427.11,1.038,51.52,0.7615,11,2.416e-05,0.219,2.993,1.284,2.327,0.2056,8.935,0.5696,8.568
2022-04-09T13:54:56,42454.07,3223.63,111.21,0.262,16.99,65.8,19.7,95.95,6.271,177.58,0.6101,0.02401,0.007423,2.371,1.552,2.49,1.461,3.938,166.51,13.75,0.8182,1.6,0.5939,2.371,426.85,1.038,51.47,0.7616,11,2.416e-05,0.219,2.992,1.283,2.323,0.2055,8.936,0.5699,8.565
2022-04-09T13:55:26,42449.81,3221.89,111.07,0.262,16.99,65.8,19.68,95.92,6.269,177.55,0.6093,0.024,0.007423,2.371,1.551,2.49,1.46,3.935,166.45,13.74,0.8182,1.598,0.5939,2.369,426.65,1.037,51.41,0.7612,11,2.415e-05,0.219,2.991,1.282,2.322,0.2054,8.935,0.5694,8.563
2022-04-09T13:55:56,42452.16,3223,111.04,0.2619,16.99,65.8,19.69,95.89,6.265,177.53,0.6097,0.024,0.007423,2.371,1.551,2.49,1.46,3.938,166.46,13.74,0.8161,1.598,0.5939,2.368,426.83,1.037,51.42,0.7612,11,2.415e-05,0.2188,2.988,1.282,2.32,0.2053,8.941,0.5688,8.556
2022-04-09T13:56:26,42446.67,3222.36,111.06,0.2619,16.99,65.8,19.69,95.95,6.265,177.58,0.6085,0.02401,0.007423,2.371,1.552,2.49,1.46,3.935,166.47,13.73,0.8161,1.599,0.5939,2.368,426.69,1.037,51.44,0.7612,11,2.415e-05,0.2188,2.989,1.283,2.321,0.2054,8.942,0.5703,8.557
2022-04-09T13:56:56,42446.67,3222.16,111.18,0.2619,16.99,65.8,19.68,96.04,6.263,177.59,0.6085,0.024,0.007423,2.371,1.552,2.49,1.46,3.935,166.44,13.73,0.8217,1.599,0.5939,2.368,426.64,1.037,51.45,0.7611,11,2.414e-05,0.2188,2.988,1.282,2.321,0.2053,8.946,0.5698,8.554
2022-04-09T13:57:26,42446.88,3222,111.23,0.2619,16.99,65.8,19.69,96.05,6.262,177.59,0.6099,0.02399,0.007423,2.372,1.552,2.49,1.46,3.934,166.46,13.73,0.8232,1.599,0.5939,2.37,426.6,1.037,51.45,0.7611,11,2.414e-05,0.2189,2.988,1.282,2.321,0.2053,8.952,0.5701,8.554
2022-04-09T13:57:56,42450.04,3222.01,111.21,0.2619,16.99,65.8,19.7,96.08,6.26,177.63,0.61,0.02397,0.00742,2.372,1.552,2.49,1.46,3.935,166.33,13.73,0.8232,1.603,0.5939,2.369,426.62,1.037,51.46,0.7611,11,2.415e-05,0.2189,2.987,1.282,2.32,0.2052,8.952,0.5699,8.557
2022-04-09T13:58:26,42451.17,3222,111.18,0.2619,16.96,65.8,19.69,96.03,6.257,177.57,0.61,0.024,0.00742,2.372,1.552,2.49,1.46,3.935,166.31,13.73,0.8232,1.602,0.5939,2.37,426.73,1.037,51.48,0.7606,11,2.414e-05,0.2189,2.986,1.282,2.318,0.2052,8.954,0.5694,8.559
2022-04-09T13:58:56,42452.01,3222.2,111.33,0.2618,16.96,65.8,19.69,96.02,6.256,177.55,0.61,0.02401,0.00742,2.372,1.552,2.49,1.458,3.945,166.32,13.73,0.8232,1.602,0.5939,2.37,426.72,1.037,51.48,0.76,11,2.415e-05,0.2189,2.986,1.283,2.319,0.2053,8.965,0.5681,8.555
2022-04-09T13:59:26,42453.25,3222.11,111.38,0.262,16.96,65.8,19.69,96.04,6.253,177.66,0.61,0.02402,0.00742,2.372,1.552,2.49,1.459,3.947,166.35,13.73,0.8281,1.602,0.5939,2.37,426.73,1.037,51.51,0.7604,11,2.417e-05,0.2188,2.987,1.283,2.319,0.2052,8.969,0.5682,8.555
2022-04-09T13:59:56,42453.35,3222.38,111.4,0.262,16.96,65.8,19.69,95.98,6.252,177.59,0.6088,0.02403,0.00742,2.372,1.552,2.49,1.46,3.947,166.34,13.73,0.828,1.618,0.5939,2.37,426.72,1.037,51.5,0.7608,10.96,2.417e-05,0.2188,2.989,1.283,2.32,0.2052,8.976,0.5671,8.554
2022-04-09T14:00:26,42450.98,3221.09,111.38,0.2616,16.96,65.8,19.68,95.92,6.271,177.36,0.6054,0.02402,0.007434,2.372,1.552,2.49,1.46,3.95,166.34,13.73,0.828,1.618,0.5939,2.369,426.6,1.037,51.5,0.7606,10.96,2.417e-05,0.2188,2.987,1.281,2.32,0.2052,8.966,0.5671,8.554
2022-04-09T14:00:56,42461.36,3224.28,111.39,0.2617,16.95,65.8,19.68,95.85,6.26,177.45,0.6054,0.02403,0.007434,2.372,1.552,2.49,1.46,3.954,166.38,13.73,0.828,1.619,0.5939,2.369,426.74,1.037,51.53,0.761,10.96,2.416e-05,0.2189,2.99,1.282,2.321,0.2052,8.973,0.5675,8.565
2022-04-09T14:01:26,42465.68,3224.12,111.4,0.2619,16.97,65.9,19.69,95.89,6.259,177.43,0.6099,0.02405,0.007434,2.372,1.552,2.49,1.46,3.955,166.44,13.74,0.828,1.62,0.5939,2.371,426.77,1.037,51.54,0.7612,10.96,2.419e-05,0.2192,2.992,1.282,2.322,0.2052,8.978,0.5679,8.567
2022-04-09T14:01:56,42467.03,3224.17,111.52,0.2624,16.97,65.9,19.69,95.93,6.263,177.63,0.6099,0.02403,0.007434,2.372,1.552,2.49,1.46,3.964,166.44,13.74,0.828,1.614,0.5939,2.372,426.76,1.037,51.58,0.7613,10.96,2.42e-05,0.2193,2.995,1.282,2.323,0.2054,8.985,0.5694,8.565
2022-04-09T14:02:26,42474,3224.24,111.52,0.2624,16.98,65.9,19.69,95.91,6.265,177.58,0.6089,0.02405,0.007434,2.372,1.552,2.49,1.46,3.969,166.41,13.76,0.828,1.616,0.5939,2.373,426.86,1.037,51.6,0.7613,10.96,2.42e-05,0.2193,2.994,1.282,2.323,0.2055,8.991,0.5675,8.556
2022-04-09T14:02:56,42466.81,3224.21,111.5,0.2621,16.98,66,19.69,95.9,6.267,177.61,0.6089,0.02404,0.007434,2.372,1.552,2.49,1.46,3.963,166.41,13.76,0.8234,1.617,0.5939,2.373,426.84,1.038,51.59,0.7612,10.96,2.42e-05,0.2193,2.994,1.281,2.324,0.2055,8.991,0.5674,8.554
2022-04-09T14:03:26,42467.08,3224.28,111.48,0.262,16.98,66,19.7,95.85,6.268,177.56,0.6069,0.02404,0.007434,2.372,1.553,2.5,1.46,3.96,166.42,13.78,0.8234,1.619,0.5939,2.373,426.79,1.038,51.58,0.7613,10.96,2.42e-05,0.2193,2.994,1.282,2.323,0.2054,8.991,0.5674,8.555
2022-04-09T14:03:56,42466.15,3224.33,111.49,0.2618,16.98,66,19.7,95.84,6.27,177.53,0.6075,0.02405,0.007434,2.372,1.553,2.5,1.46,3.958,166.45,13.78,0.8234,1.622,0.5942,2.372,426.82,1.038,51.6,0.7613,11,2.421e-05,0.2193,2.994,1.282,2.325,0.2054,8.993,0.5665,8.564
2022-04-09T14:04:26,42469.51,3224.64,111.5,0.262,16.98,66,19.7,95.79,6.271,177.52,0.6075,0.02403,0.007434,2.372,1.554,2.5,1.461,3.958,166.45,13.78,0.8234,1.619,0.5942,2.374,427,1.037,51.6,0.7613,11,2.421e-05,0.2193,2.994,1.282,2.324,0.2055,8.995,0.5635,8.574
2022-04-09T14:04:56,42468.1,3224.57,111.53,0.2619,16.98,66,19.7,95.78,6.271,177.56,0.6075,0.02404,0.007434,2.372,1.554,2.5,1.461,3.956,166.45,13.78,0.828,1.616,0.5942,2.374,426.98,1.037,51.63,0.7613,11,2.42e-05,0.2194,2.995,1.282,2.323,0.2054,9.002,0.5644,8.577
2022-04-09T14:05:26,42469.55,3225.06,111.53,0.2619,16.98,66,19.7,95.77,6.273,177.55,0.6075,0.02403,0.007434,2.372,1.554,2.5,1.461,3.959,166.45,13.78,0.828,1.619,0.5942,2.374,426.89,1.038,51.63,0.7614,11,2.42e-05,0.2193,2.997,1.283,2.323,0.2053,9.013,0.5645,8.568
2022-04-09T14:05:56,42466.72,3225.08,111.52,0.2618,16.98,66,19.7,95.68,6.264,177.54,0.6096,0.02402,0.007434,2.372,1.554,2.5,1.461,3.966,166.42,13.78,0.828,1.622,0.5942,2.374,426.88,1.038,51.63,0.7615,11,2.421e-05,0.2193,2.994,1.282,2.323,0.2053,9.023,0.5637,8.577
2022-04-09T14:06:26,42472.96,3225.17,111.56,0.2617,16.97,66,19.71,95.59,6.263,177.49,0.6092,0.02402,0.007434,2.374,1.553,2.5,1.46,3.966,166.44,13.78,0.828,1.622,0.5942,2.375,426.89,1.037,51.66,0.7616,11,2.422e-05,0.2193,2.995,1.282,2.323,0.2054,9.032,0.5636,8.565
2022-04-09T14:06:56,42475.21,3225.58,111.57,0.2617,16.97,66,19.72,95.63,6.261,177.5,0.6092,0.02403,0.007434,2.374,1.553,2.5,1.462,3.966,166.47,13.78,0.8281,1.62,0.5942,2.375,426.88,1.038,51.67,0.7618,11,2.422e-05,0.2192,2.996,1.282,2.324,0.2054,9.033,0.5638,8.565
2022-04-09T14:07:26,42479.68,3225.99,111.72,0.2616,16.97,65.9,19.73,95.66,6.261,177.59,0.609,0.02403,0.007434,2.374,1.553,2.5,1.462,3.946,166.52,13.78,0.8373,1.619,0.5942,2.376,426.93,1.038,51.69,0.7619,11,2.422e-05,0.2192,3,1.283,2.324,0.2053,9.036,0.5645,8.565
2022-04-09T14:07:56,42482.12,3225.52,111.75,0.2617,16.97,65.9,19.72,95.61,6.269,177.63,0.609,0.02404,0.007434,2.374,1.553,2.5,1.463,3.925,166.56,13.78,0.8373,1.619,0.5942,2.376,426.86,1.038,51.68,0.7618,11,2.421e-05,0.2192,2.998,1.284,2.325,0.2054,9.04,0.5641,8.564
2022-04-09T14:08:26,42482.84,3224.66,111.75,0.2618,16.97,66,19.72,95.58,6.269,177.57,0.609,0.02403,0.007434,2.375,1.553,2.5,1.462,3.923,166.55,13.78,0.8373,1.608,0.5942,2.376,427,1.038,51.67,0.7617,11,2.42e-05,0.2192,2.997,1.284,2.324,0.2053,9.042,0.5638,8.565
2022-04-09T14:08:56,42487.97,3224.89,111.69,0.2619,16.91,66,19.72,95.61,6.269,177.6,0.609,0.02403,0.007434,2.375,1.553,2.5,1.463,3.912,166.64,13.78,0.8331,1.609,0.5942,2.378,427.04,1.038,51.68,0.7617,11,2.42e-05,0.2192,2.998,1.284,2.324,0.2054,9.042,0.5636,8.565
2022-04-09T14:09:26,42492.26,3225.14,111.7,0.2619,16.91,66,19.72,95.62,6.262,177.65,0.609,0.02403,0.007434,2.375,1.553,2.5,1.462,3.906,166.61,13.78,0.8331,1.609,0.5942,2.376,427.04,1.038,51.67,0.7619,11,2.42e-05,0.2193,2.999,1.285,2.325,0.2054,9.045,0.5629,8.566
2022-04-09T14:09:56,42490.8,3225.08,111.7,0.2618,16.91,66,19.72,95.62,6.261,177.7,0.6076,0.02403,0.007434,2.375,1.553,2.5,1.463,3.916,166.61,13.78,0.831,1.609,0.5942,2.376,427.09,1.038,51.65,0.7619,11,2.421e-05,0.2194,3.001,1.285,2.326,0.2053,9.047,0.5623,8.57
2022-04-09T14:10:26,42488.36,3225.18,111.67,0.2613,16.91,65.9,19.72,95.58,6.259,177.69,0.6078,0.02403,0.007434,2.375,1.553,2.5,1.463,3.914,166.61,13.77,0.831,1.602,0.5942,2.374,426.91,1.038,51.64,0.762,11,2.42e-05,0.2194,3,1.284,2.326,0.2054,9.027,0.5619,8.569
2022-04-09T14:10:56,42488.3,3225.47,111.64,0.261,16.91,65.9,19.72,95.59,6.26,177.7,0.6078,0.02403,0.007434,2.375,1.553,2.5,1.463,3.91,166.57,13.77,0.831,1.601,0.5942,2.376,426.88,1.038,51.63,0.762,11,2.42e-05,0.2194,3,1.284,2.325,0.2054,9.022,0.56,8.569
2022-04-09T14:11:26,42487.92,3225.26,111.52,0.2609,16.91,65.9,19.72,95.55,6.266,177.65,0.6089,0.02404,0.007434,2.375,1.553,2.5,1.462,3.91,166.58,13.77,0.831,1.601,0.5942,2.377,426.88,1.038,51.59,0.7619,11,2.42e-05,0.2194,3,1.283,2.325,0.2053,9.007,0.5597,8.566
2022-04-09T14:11:56,42488.89,3225.22,111.46,0.2607,16.91,65.9,19.71,95.54,6.266,177.61,0.6083,0.02403,0.007434,2.375,1.553,2.5,1.462,3.912,166.58,13.77,0.8311,1.601,0.5942,2.376,426.64,1.038,51.57,0.7619,11,2.42e-05,0.2192,2.996,1.282,2.325,0.2053,9.006,0.5596,8.557
2022-04-09T14:12:26,42463.99,3221.62,111.22,0.26,16.95,65.9,19.69,95.29,6.266,177.51,0.6083,0.02399,0.007434,2.374,1.553,2.5,1.461,3.906,166.3,13.77,0.8311,1.601,0.5942,2.373,426.28,1.037,51.52,0.7612,11,2.416e-05,0.2185,2.993,1.281,2.323,0.2051,8.998,0.5596,8.552
2022-04-09T14:12:56,42432.66,3219.87,111.09,0.2598,16.97,65.8,19.66,95.14,6.253,177,0.6082,0.02398,0.007434,2.374,1.55,2.5,1.458,3.896,166.1,13.77,0.8311,1.597,0.5942,2.371,425.63,1.036,51.44,0.7604,10.95,2.415e-05,0.2181,2.99,1.278,2.319,0.2048,8.979,0.5604,8.548
2022-04-09T14:13:26,42399.52,3217.16,110.96,0.2594,16.97,65.8,19.64,94.98,6.254,176.56,0.6095,0.02395,0.007433,2.374,1.548,2.49,1.457,3.9,165.98,13.77,0.835,1.596,0.6008,2.361,425.58,1.034,51.43,0.7595,10.89,2.41e-05,0.2177,2.982,1.275,2.316,0.2044,8.953,0.5586,8.535
2022-04-09T14:13:56,42398.56,3214.53,110.97,0.2593,16.9,65.8,19.62,94.9,6.25,176.48,0.6095,0.02396,0.007406,2.374,1.546,2.49,1.457,3.892,165.88,13.77,0.835,1.597,0.6008,2.365,425.39,1.034,51.38,0.7594,10.88,2.411e-05,0.2176,2.981,1.274,2.315,0.2045,8.947,0.5589,8.533
2022-04-09T14:14:26,42392.37,3212.6,110.79,0.2593,16.92,65.5,19.61,94.86,6.248,176.25,0.6095,0.02394,0.007406,2.374,1.547,2.49,1.456,3.892,165.71,13.77,0.835,1.595,0.6008,2.363,425.19,1.033,51.33,0.7591,10.88,2.409e-05,0.2178,2.98,1.274,2.314,0.2044,8.947,0.5588,8.53
2022-04-09T14:14:56,42377.61,3211.98,110.54,0.2592,16.92,65.6,19.61,94.74,6.248,175.86,0.6094,0.02394,0.007413,2.373,1.547,2.49,1.454,3.885,165.63,13.77,0.835,1.595,0.6008,2.362,424.97,1.033,51.23,0.7586,10.88,2.408e-05,0.2178,2.977,1.273,2.313,0.2043,8.944,0.5579,8.528
2022-04-09T14:15:26,42378.81,3210.29,110.59,0.2586,16.92,65.4,19.59,94.74,6.246,175.97,0.6095,0.02392,0.007415,2.373,1.547,2.49,1.454,3.88,165.64,13.77,0.835,1.595,0.6008,2.36,424.82,1.033,51.21,0.7587,10.88,2.41e-05,0.2178,2.977,1.271,2.312,0.2043,8.915,0.5581,8.525
2022-04-09T14:15:56,42401.23,3212.48,110.65,0.2588,16.92,65.4,19.61,94.73,6.244,176.32,0.609,0.02393,0.007401,2.373,1.546,2.48,1.455,3.885,165.74,13.77,0.835,1.595,0.6008,2.364,425.05,1.033,51.23,0.7592,10.88,2.412e-05,0.2172,2.981,1.271,2.313,0.2043,8.926,0.5597,8.525
2022-04-09T14:16:26,42397,3214.29,110.87,0.2589,16.92,65.4,19.63,94.73,6.244,176.47,0.6097,0.02396,0.007401,2.373,1.546,2.48,1.458,3.885,165.78,13.77,0.835,1.595,0.6008,2.366,425.3,1.034,51.33,0.7598,10.87,2.413e-05,0.2177,2.984,1.274,2.316,0.2045,8.939,0.5601,8.527
2022-04-09T14:16:56,42409.96,3215.35,110.9,0.259,16.91,65.4,19.63,94.83,6.244,176.48,0.6097,0.02397,0.007415,2.373,1.548,2.48,1.458,3.885,165.84,13.77,0.835,1.595,0.6008,2.366,425.56,1.034,51.35,0.7604,10.91,2.415e-05,0.218,2.988,1.275,2.32,0.2047,8.949,0.561,8.53
2022-04-09T14:17:26,42422.21,3216.79,110.92,0.2595,16.91,65.6,19.64,94.92,6.246,176.51,0.6098,0.02396,0.007435,2.373,1.549,2.48,1.456,3.899,165.97,13.77,0.833,1.6,0.6008,2.368,425.75,1.035,51.33,0.7603,10.91,2.416e-05,0.218,2.99,1.275,2.32,0.2048,8.961,0.5617,8.531
2022-04-09T14:17:56,42418.79,3215.78,110.8,0.2595,16.92,65.6,19.64,94.91,6.25,176.58,0.6098,0.02395,0.00744,2.373,1.553,2.48,1.456,3.898,166.07,13.77,0.8286,1.598,0.6008,2.368,425.7,1.036,51.33,0.7602,10.91,2.416e-05,0.218,2.988,1.275,2.32,0.2047,8.961,0.562,8.532
2022-04-09T14:18:26,42419.28,3215.99,110.75,0.2597,16.95,65.6,19.64,94.93,6.246,176.6,0.6098,0.02395,0.00744,2.373,1.552,2.49,1.456,3.9,166.01,13.77,0.833,1.598,0.6008,2.368,425.68,1.035,51.34,0.7602,10.91,2.417e-05,0.218,2.988,1.275,2.319,0.2047,8.96,0.5614,8.531
2022-04-09T14:18:56,42416.44,3216.53,110.85,0.2597,16.92,65.6,19.64,94.93,6.247,176.57,0.6097,0.02395,0.00745,2.373,1.554,2.49,1.456,3.904,165.75,13.77,0.833,1.598,0.5941,2.367,425.81,1.035,51.38,0.7604,10.91,2.416e-05,0.218,2.989,1.276,2.319,0.2047,8.958,0.5612,8.537
2022-04-09T14:19:26,42416.34,3216.47,110.83,0.259,16.92,65.6,19.65,94.93,6.243,176.55,0.6088,0.02396,0.00745,2.373,1.553,2.49,1.455,3.9,165.75,13.77,0.833,1.595,0.5941,2.366,425.67,1.035,51.38,0.7603,10.91,2.416e-05,0.2178,2.988,1.275,2.319,0.2046,8.957,0.5607,8.542
2022-04-09T14:19:56,42436.13,3217.36,110.85,0.2588,16.92,65.7,19.66,94.97,6.246,176.72,0.6089,0.02397,0.00745,2.373,1.553,2.49,1.455,3.913,165.78,13.74,0.8293,1.595,0.5941,2.368,425.82,1.036,51.38,0.7607,10.91,2.418e-05,0.2181,2.992,1.276,2.322,0.2047,8.967,0.5612,8.55
2022-04-09T14:20:26,42438.08,3218.77,111.02,0.2587,16.92,65.7,19.67,95,6.246,176.8,0.6089,0.02398,0.00745,2.373,1.553,2.49,1.456,3.913,165.84,13.74,0.8293,1.595,0.6024,2.368,426.09,1.036,51.42,0.7607,10.91,2.417e-05,0.2181,2.992,1.276,2.323,0.2047,8.969,0.5618,8.544
2022-04-09T14:20:56,42408.66,3216.6,110.72,0.2581,16.92,65.6,19.66,94.87,6.247,176.46,0.6079,0.02395,0.00745,2.373,1.552,2.49,1.455,3.908,165.76,13.74,0.8293,1.598,0.6024,2.363,425.94,1.035,51.4,0.7605,10.91,2.415e-05,0.2181,2.991,1.275,2.321,0.2046,8.961,0.5612,8.545
2022-04-09T14:21:26,42403.95,3215.57,110.56,0.258,16.92,65.6,19.64,94.84,6.244,176.49,0.6079,0.02395,0.00745,2.373,1.551,2.49,1.455,3.907,165.49,13.74,0.8293,1.598,0.6024,2.358,425.35,1.035,51.35,0.7595,10.91,2.414e-05,0.2172,2.988,1.273,2.319,0.2044,8.955,0.5613,8.538
2022-04-09T14:21:56,42388.21,3213.07,110.43,0.2578,16.9,65.6,19.6,94.7,6.24,176,0.6067,0.02392,0.00745,2.373,1.551,2.49,1.454,3.907,165.33,13.74,0.8285,1.594,0.6024,2.355,425,1.035,51.22,0.7592,10.91,2.412e-05,0.2167,2.979,1.272,2.314,0.2042,8.934,0.5628,8.521
2022-04-09T14:22:26,42390.11,3215.35,110.44,0.2578,16.89,65.3,19.6,94.71,6.238,176.16,0.6067,0.02393,0.00745,2.373,1.551,2.49,1.453,3.914,165.34,13.74,0.8285,1.596,0.6024,2.357,424.95,1.035,51.17,0.7591,10.91,2.411e-05,0.2172,2.98,1.271,2.315,0.2042,8.921,0.5662,8.511
2022-04-09T14:22:56,42384.49,3214.31,110.34,0.2573,16.89,65.3,19.6,94.62,6.241,175.98,0.6072,0.02392,0.00745,2.373,1.55,2.49,1.452,3.908,165.21,13.74,0.8285,1.598,0.6024,2.353,424.63,1.035,51.12,0.7584,10.91,2.41e-05,0.2167,2.975,1.269,2.313,0.2041,8.906,0.5642,8.507
2022-04-09T14:23:26,42376.85,3212.95,110.34,0.2575,16.89,65.3,19.59,94.66,6.235,175.83,0.6072,0.02387,0.007415,2.373,1.548,2.49,1.452,3.908,165.17,13.74,0.8285,1.598,0.6024,2.353,424.7,1.034,51.11,0.7582,10.87,2.41e-05,0.2165,2.971,1.269,2.309,0.2038,8.9,0.564,8.497
2022-04-09T14:23:56,42395.13,3213.41,110.38,0.2579,16.89,65.4,19.59,94.69,6.235,175.98,0.6072,0.02388,0.007435,2.373,1.548,2.49,1.452,3.887,165.29,13.74,0.8285,1.599,0.6024,2.354,424.67,1.035,51.12,0.7587,10.87,2.411e-05,0.2171,2.974,1.269,2.31,0.2039,8.892,0.5633,8.494
2022-04-09T14:24:26,42400.95,3213.19,110.37,0.2578,16.89,65.4,19.61,94.74,6.234,176.09,0.6072,0.02391,0.007435,2.373,1.547,2.49,1.453,3.889,165.31,13.74,0.8307,1.599,0.6024,2.354,424.8,1.035,51.15,0.7587,10.87,2.412e-05,0.217,2.973,1.269,2.308,0.2039,8.893,0.5634,8.495
2022-04-09T14:24:56,42402.21,3216.25,110.53,0.258,16.85,65.4,19.62,94.82,6.232,176.42,0.6072,0.02392,0.007435,2.373,1.547,2.49,1.453,3.889,165.4,13.74,0.8274,1.598,0.6024,2.356,425.1,1.035,51.21,0.7588,10.87,2.413e-05,0.217,2.973,1.271,2.31,0.204,8.912,0.5633,8.494
2022-04-09T14:25:27,42415.46,3218.16,110.59,0.2583,16.85,65.6,19.64,94.88,6.231,176.49,0.6061,0.02393,0.007435,2.373,1.548,2.49,1.454,3.892,165.45,13.74,0.8274,1.594,0.6024,2.357,425.25,1.036,51.21,0.7593,10.91,2.415e-05,0.217,2.976,1.272,2.312,0.2041,8.914,0.5622,8.501
2022-04-09T14:25:56,42406.18,3216.79,110.53,0.2584,16.85,65.6,19.63,94.91,6.235,176.42,0.6061,0.02392,0.007435,2.373,1.547,2.49,1.454,3.885,165.41,13.74,0.8274,1.59,0.6024,2.356,425.29,1.035,51.18,0.7589,10.91,2.415e-05,0.217,2.975,1.272,2.312,0.2041,8.903,0.5622,8.501
2022-04-09T14:26:26,42432.38,3218.44,110.69,0.2583,16.85,65.6,19.65,94.95,6.236,176.54,0.6061,0.02392,0.007435,2.373,1.547,2.49,1.455,3.894,165.44,13.74,0.8274,1.592,0.6024,2.359,425.39,1.036,51.22,0.7593,10.91,2.416e-05,0.2174,2.979,1.273,2.315,0.2041,8.911,0.5623,8.496
2022-04-09T14:26:56,42416.64,3216.69,110.54,0.2581,16.85,65.6,19.63,94.93,6.237,176.52,0.6061,0.02392,0.007435,2.373,1.548,2.49,1.453,3.875,165.33,13.74,0.8274,1.592,0.6024,2.358,425.08,1.036,51.22,0.759,10.91,2.414e-05,0.2174,2.976,1.272,2.312,0.2041,8.909,0.5644,8.493
2022-04-09T14:27:26,42425.85,3218.66,110.63,0.2581,16.85,65.5,19.63,94.96,6.241,176.65,0.6061,0.02392,0.007435,2.373,1.549,2.49,1.455,3.889,165.32,13.74,0.8274,1.592,0.6024,2.359,425.23,1.036,51.26,0.7592,10.93,2.416e-05,0.2174,2.978,1.273,2.313,0.2041,8.903,0.5651,8.495
2022-04-09T14:27:56,42426.44,3220.19,110.84,0.258,16.89,65.8,19.65,95.03,6.234,176.51,0.6053,0.02395,0.007435,2.373,1.548,2.49,1.455,3.889,165.39,13.74,0.8281,1.597,0.6024,2.359,425.54,1.037,51.28,0.7595,10.93,2.416e-05,0.2174,2.98,1.273,2.316,0.2042,8.905,0.5649,8.501
2022-04-09T14:28:26,42432.09,3223.41,110.88,0.2588,16.89,65.8,19.66,95.06,6.241,176.7,0.6053,0.02396,0.007435,2.373,1.549,2.49,1.455,3.878,165.41,13.74,0.8304,1.606,0.6024,2.362,425.65,1.037,51.38,0.7597,10.94,2.419e-05,0.2174,2.983,1.274,2.317,0.2043,8.904,0.564,8.513
2022-04-09T14:28:56,42431.88,3223.46,110.87,0.2589,16.89,65.8,19.66,95.06,6.241,176.71,0.6047,0.02397,0.007435,2.373,1.549,2.49,1.457,3.87,165.45,13.74,0.8323,1.608,0.6024,2.362,425.87,1.037,51.4,0.7598,10.95,2.419e-05,0.2174,2.983,1.275,2.316,0.2044,8.908,0.5638,8.522
2022-04-09T14:29:27,42433.19,3224.75,110.73,0.259,16.89,65.8,19.65,95,6.239,176.73,0.6012,0.02397,0.007448,2.372,1.55,2.49,1.456,3.876,165.47,13.74,0.8323,1.608,0.6024,2.361,425.97,1.037,51.4,0.7595,10.95,2.417e-05,0.2174,2.981,1.275,2.316,0.2044,8.908,0.5632,8.522
2022-04-09T14:29:56,42426,3224.39,110.75,0.259,16.89,65.8,19.65,95.01,6.235,176.7,0.6011,0.02395,0.007433,2.372,1.55,2.49,1.455,3.878,165.41,13.74,0.8323,1.616,0.6024,2.361,425.89,1.037,51.39,0.7594,10.95,2.418e-05,0.2174,2.981,1.276,2.315,0.2043,8.896,0.5629,8.518
2022-04-09T14:30:26,42426.74,3224.21,110.81,0.2591,16.89,65.8,19.65,94.97,6.235,176.61,0.6011,0.02396,0.007433,2.372,1.549,2.49,1.455,3.873,165.46,13.74,0.8316,1.615,0.6024,2.361,425.92,1.037,51.38,0.7594,10.95,2.419e-05,0.2174,2.98,1.276,2.314,0.2043,8.886,0.5618,8.518
2022-04-09T14:30:56,42426.04,3224.1,110.76,0.2591,16.89,65.8,19.65,94.89,6.242,176.64,0.6011,0.02394,0.007433,2.372,1.55,2.49,1.455,3.877,165.53,13.73,0.8315,1.618,0.6024,2.361,425.94,1.037,51.38,0.7595,10.95,2.418e-05,0.2173,2.983,1.276,2.315,0.2043,8.885,0.5645,8.52
2022-04-09T14:31:26,42420.88,3222.51,110.68,0.2589,16.89,65.9,19.63,94.86,6.243,176.52,0.6011,0.02392,0.007433,2.372,1.549,2.49,1.455,3.876,165.53,13.73,0.8315,1.618,0.6024,2.359,425.83,1.036,51.34,0.7593,10.95,2.417e-05,0.2173,2.981,1.275,2.314,0.2044,8.882,0.5636,8.518
2022-04-09T14:31:56,42417.82,3221.71,110.64,0.2591,16.89,65.8,19.63,94.84,6.234,176.41,0.6011,0.02391,0.007433,2.372,1.549,2.49,1.455,3.876,165.47,13.73,0.8315,1.62,0.6024,2.359,425.52,1.036,51.33,0.7592,10.95,2.416e-05,0.2171,2.979,1.275,2.313,0.2043,8.882,0.5632,8.518
2022-04-09T14:32:26,42424.45,3222.01,110.68,0.2591,16.93,65.8,19.64,94.86,6.234,176.5,0.6011,0.02391,0.007433,2.372,1.549,2.49,1.455,3.876,165.47,13.73,0.8315,1.62,0.6024,2.36,425.35,1.036,51.37,0.7591,10.95,2.416e-05,0.2171,2.979,1.276,2.313,0.2042,8.888,0.5623,8.514
2022-04-09T14:32:56,42423.87,3221.25,110.59,0.2588,16.93,65.8,19.64,94.64,6.252,176.56,0.6011,0.02391,0.007427,2.372,1.549,2.49,1.455,3.875,165.49,13.73,0.8315,1.62,0.6024,2.359,425.26,1.036,51.35,0.7591,10.95,2.416e-05,0.2173,2.98,1.275,2.314,0.2042,8.881,0.5619,8.514
2022-04-09T14:33:26,42420.35,3221.32,110.63,0.2589,16.92,65.7,19.64,94.55,6.256,176.58,0.6011,0.02392,0.007427,2.372,1.549,2.49,1.455,3.876,165.47,13.73,0.8311,1.619,0.6024,2.359,425.21,1.036,51.33,0.7592,10.91,2.416e-05,0.2172,2.98,1.277,2.313,0.2041,8.885,0.5619,8.513
2022-04-09T14:33:56,42420.22,3220.57,110.55,0.2588,16.92,65.7,19.63,94.53,6.251,176.47,0.6025,0.02391,0.007427,2.372,1.548,2.49,1.454,3.872,165.35,13.73,0.8311,1.616,0.6024,2.359,425.13,1.036,51.32,0.759,10.91,2.415e-05,0.2172,2.979,1.276,2.31,0.2041,8.881,0.5603,8.511
2022-04-09T14:34:26,42411.95,3219.11,110.48,0.2586,16.92,65.7,19.62,94.54,6.252,176.41,0.6025,0.0239,0.007427,2.372,1.548,2.49,1.454,3.87,165.33,13.73,0.8311,1.612,0.6024,2.357,424.9,1.036,51.29,0.7586,10.91,2.414e-05,0.217,2.976,1.276,2.309,0.2041,8.873,0.5603,8.509
2022-04-09T14:34:56,42414.42,3219.21,110.48,0.2582,16.92,65.7,19.62,94.45,6.259,176.42,0.6024,0.02388,0.007427,2.372,1.548,2.49,1.454,3.868,165.31,13.73,0.8311,1.609,0.5942,2.357,424.6,1.035,51.23,0.7582,10.89,2.414e-05,0.217,2.973,1.275,2.309,0.204,8.857,0.5605,8.51
2022-04-09T14:35:26,42408.54,3219.44,110.48,0.2582,16.92,65.7,19.61,94.38,6.257,176.18,0.6038,0.02389,0.007349,2.372,1.548,2.48,1.453,3.868,165.17,13.73,0.8311,1.607,0.5942,2.356,424.64,1.035,51.21,0.7582,10.89,2.415e-05,0.2168,2.974,1.274,2.307,0.2038,8.86,0.5612,8.502
2022-04-09T14:35:56,42397.55,3220.3,110.44,0.2582,16.91,65.7,19.61,94.31,6.257,175.9,0.6027,0.02387,0.007349,2.372,1.548,2.48,1.453,3.868,165.13,13.73,0.8311,1.609,0.5942,2.355,424.63,1.034,51.2,0.7582,10.89,2.417e-05,0.2168,2.972,1.273,2.306,0.2037,8.856,0.5609,8.501
2022-04-09T14:36:26,42399.57,3220.11,110.55,0.2583,16.9,65.7,19.61,94.33,6.256,175.91,0.6027,0.02389,0.007349,2.372,1.548,2.48,1.452,3.861,165.52,13.73,0.8311,1.609,0.5942,2.355,424.43,1.034,51.16,0.7582,10.89,2.416e-05,0.2168,2.972,1.272,2.307,0.2037,8.861,0.5614,8.493
2022-04-09T14:36:56,42402.74,3220.08,110.45,0.2583,16.9,65.7,19.61,94.31,6.248,175.92,0.6027,0.02389,0.007349,2.372,1.548,2.48,1.452,3.861,165.55,13.79,0.835,1.605,0.5942,2.356,424.27,1.034,51.16,0.7581,10.89,2.416e-05,0.2168,2.972,1.272,2.307,0.2037,8.86,0.5621,8.494
2022-04-09T14:37:26,42419.72,3220.5,110.63,0.2586,16.9,65.7,19.62,94.36,6.245,176.11,0.6027,0.02392,0.007349,2.372,1.549,2.48,1.454,3.861,165.8,13.79,0.8347,1.605,0.5942,2.359,424.38,1.035,51.2,0.7587,10.89,2.418e-05,0.2168,2.975,1.273,2.308,0.2038,8.882,0.5631,8.494
2022-04-09T14:37:56,42416.57,3221.77,110.65,0.2586,16.9,65.7,19.62,94.38,6.249,176.08,0.6027,0.02392,0.007349,2.372,1.549,2.48,1.455,3.861,165.79,13.79,0.8347,1.604,0.5942,2.359,424.57,1.034,51.2,0.7588,10.92,2.418e-05,0.2168,2.976,1.274,2.31,0.2039,8.881,0.5634,8.493
2022-04-09T14:38:26,42417.33,3221.24,110.64,0.2587,16.9,65.7,19.62,94.41,6.252,175.99,0.6027,0.02391,0.007349,2.372,1.548,2.48,1.455,3.844,165.81,13.79,0.8347,1.604,0.5942,2.36,424.44,1.034,51.28,0.7586,10.92,2.417e-05,0.2168,2.976,1.275,2.31,0.2039,8.89,0.5617,8.494
2022-04-09T14:38:56,42411.02,3219.86,110.48,0.2585,16.9,65.7,19.63,94.32,6.25,175.86,0.6036,0.02389,0.007349,2.372,1.548,2.48,1.454,3.849,165.73,13.79,0.8347,1.607,0.5942,2.358,424.12,1.034,51.27,0.7583,10.91,2.416e-05,0.2168,2.974,1.274,2.309,0.2038,8.876,0.5617,8.494
2022-04-09T14:39:26,42409.78,3219.07,110.5,0.2582,16.9,65.7,19.62,94.31,6.254,175.95,0.6024,0.02389,0.007349,2.372,1.548,2.48,1.453,3.837,165.72,13.79,0.8347,1.607,0.5942,2.358,424.08,1.034,51.24,0.7583,10.91,2.415e-05,0.217,2.972,1.273,2.308,0.2039,8.876,0.5616,8.488
2022-04-09T14:39:56,42410.89,3218.72,110.47,0.2584,16.91,65.7,19.63,94.3,6.258,175.92,0.6024,0.02389,0.007349,2.372,1.547,2.48,1.454,3.839,165.73,13.79,0.8347,1.607,0.5942,2.358,424.11,1.034,51.22,0.7583,10.91,2.415e-05,0.217,2.973,1.273,2.308,0.2038,8.869,0.5608,8.481
2022-04-09T14:40:26,42379.2,3217.33,110.36,0.2584,16.91,65.5,19.62,94.23,6.248,175.9,0.6024,0.02385,0.007349,2.372,1.547,2.48,1.454,3.838,165.63,13.79,0.8347,1.607,0.5942,2.355,424.05,1.033,51.19,0.7579,10.91,2.413e-05,0.2167,2.97,1.272,2.307,0.2038,8.866,0.5607,8.483
2022-04-09T14:40:56,42378.12,3217.11,110.36,0.2576,16.91,65.5,19.62,94.23,6.247,175.89,0.6024,0.02383,0.007345,2.372,1.546,2.48,1.454,3.838,165.62,13.79,0.8347,1.605,0.5942,2.355,423.97,1.033,51.17,0.7577,10.91,2.412e-05,0.2167,2.968,1.271,2.306,0.2037,8.858,0.5623,8.487
2022-04-09T14:41:26,42380.43,3216.71,110.36,0.2577,16.91,65.5,19.61,94.22,6.248,175.85,0.6024,0.02383,0.00734,2.372,1.547,2.48,1.452,3.838,165.58,13.79,0.8347,1.605,0.5942,2.354,423.92,1.032,51.12,0.7577,10.91,2.412e-05,0.2167,2.967,1.271,2.305,0.2036,8.857,0.5617,8.485
2022-04-09T14:41:56,42379.28,3216.33,110.37,0.2578,16.91,65.5,19.61,94.18,6.24,175.69,0.6024,0.02383,0.00734,2.372,1.544,2.48,1.452,3.838,165.6,13.79,0.8347,1.603,0.5942,2.354,423.97,1.032,51.07,0.7577,10.89,2.412e-05,0.2167,2.965,1.271,2.305,0.2036,8.854,0.5616,8.488
2022-04-09T14:42:26,42379.24,3216.2,110.31,0.2578,16.9,65.5,19.6,94.2,6.24,175.56,0.6022,0.02382,0.00734,2.372,1.544,2.48,1.452,3.834,165.62,13.79,0.8347,1.605,0.5942,2.355,423.95,1.033,51.05,0.7576,10.89,2.412e-05,0.2167,2.964,1.27,2.305,0.2036,8.848,0.5612,8.486
2022-04-09T14:42:56,42378.04,3216.19,110.35,0.2577,16.9,65.5,19.6,94.18,6.236,175.39,0.6053,0.02383,0.00734,2.372,1.543,2.48,1.451,3.838,165.6,13.79,0.8347,1.602,0.5942,2.355,423.96,1.033,51.06,0.7576,10.9,2.41e-05,0.2166,2.964,1.271,2.305,0.2035,8.845,0.561,8.487
2022-04-09T14:43:26,42377.73,3215.71,110.32,0.2577,16.9,65.5,19.6,94.14,6.23,175.16,0.6053,0.02384,0.00734,2.372,1.543,2.48,1.451,3.832,165.57,13.79,0.8347,1.603,0.5942,2.355,423.77,1.033,51.04,0.7576,10.9,2.409e-05,0.2166,2.964,1.271,2.305,0.2035,8.851,0.5607,8.478
2022-04-09T14:43:56,42372.2,3215.02,110.3,0.2577,16.9,65.5,19.6,94.12,6.228,175.09,0.6054,0.02383,0.00734,2.372,1.543,2.48,1.451,3.822,165.57,13.79,0.8347,1.597,0.5942,2.355,423.86,1.032,51.05,0.7575,10.91,2.408e-05,0.2166,2.964,1.271,2.305,0.2035,8.85,0.5595,8.48
2022-04-09T14:44:26,42413.08,3218.75,110.37,0.2578,16.9,65.5,19.63,94.2,6.23,175.81,0.6054,0.02387,0.00734,2.372,1.544,2.48,1.453,3.833,165.89,13.79,0.8347,1.604,0.5942,2.359,423.97,1.033,51.11,0.7579,10.91,2.412e-05,0.217,2.966,1.273,2.307,0.2037,8.862,0.5593,8.482
2022-04-09T14:44:56,42415.43,3219.08,110.69,0.2583,16.9,65.5,19.65,94.32,6.235,175.73,0.6054,0.02389,0.007332,2.372,1.545,2.48,1.454,3.844,165.93,13.79,0.8347,1.604,0.5942,2.362,424.14,1.033,51.21,0.7583,10.91,2.413e-05,0.217,2.971,1.274,2.307,0.2038,8.87,0.56,8.483
2022-04-09T14:45:26,42420.57,3220.94,110.77,0.2587,16.9,65.5,19.67,94.45,6.245,175.74,0.6041,0.0239,0.007362,2.372,1.547,2.48,1.455,3.844,165.95,13.79,0.8347,1.604,0.5942,2.362,424.86,1.033,51.23,0.7586,10.91,2.414e-05,0.217,2.975,1.274,2.31,0.204,8.871,0.5615,8.492
2022-04-09T14:45:56,42431.81,3221.19,110.76,0.2587,16.89,65.5,19.68,94.46,6.243,175.78,0.6041,0.0239,0.007362,2.372,1.547,2.48,1.456,3.845,165.98,13.79,0.8347,1.605,0.5942,2.363,425,1.033,51.25,0.7589,10.91,2.415e-05,0.2173,2.976,1.276,2.312,0.2041,8.877,0.5609,8.493
2022-04-09T14:46:26,42427.16,3222.15,110.59,0.2586,16.9,65.5,19.67,94.4,6.233,175.52,0.6055,0.0239,0.007362,2.372,1.546,2.48,1.455,3.852,165.95,13.79,0.8347,1.605,0.5942,2.363,424.81,1.033,51.21,0.7589,10.92,2.413e-05,0.2173,2.974,1.276,2.313,0.2041,8.876,0.5603,8.496
2022-04-09T14:46:56,42410.49,3219.76,110.36,0.2583,16.9,65.5,19.66,94.31,6.234,175.42,0.6055,0.02387,0.007362,2.372,1.546,2.48,1.454,3.845,165.84,13.79,0.8347,1.606,0.5942,2.361,424.54,1.033,51.18,0.7585,10.92,2.412e-05,0.2169,2.971,1.275,2.31,0.2039,8.864,0.5599,8.486
2022-04-09T14:47:26,42410.34,3220.22,110.41,0.2583,16.9,65.6,19.65,94.3,6.231,175.42,0.6056,0.02387,0.007362,2.372,1.545,2.48,1.453,3.851,165.84,13.79,0.8347,1.606,0.5942,2.361,424.39,1.033,51.14,0.7585,10.92,2.412e-05,0.2169,2.97,1.275,2.309,0.2039,8.856,0.5593,8.485
2022-04-09T14:47:56,42407.52,3219.96,110.41,0.258,16.9,65.6,19.65,94.27,6.228,175.39,0.6057,0.02384,0.007362,2.372,1.545,2.48,1.453,3.851,165.84,13.78,0.8347,1.603,0.5942,2.36,424.37,1.033,51.14,0.7584,10.92,2.412e-05,0.2169,2.971,1.274,2.309,0.2039,8.859,0.559,8.483
2022-04-09T14:48:26,42390.19,3219.53,110.38,0.2578,16.9,65.5,19.65,94.25,6.232,175.13,0.6072,0.02384,0.007348,2.372,1.546,2.48,1.453,3.834,165.77,13.78,0.8347,1.601,0.5942,2.359,424.12,1.032,51.11,0.7583,10.92,2.41e-05,0.2169,2.97,1.273,2.308,0.2039,8.846,0.5586,8.478
2022-04-09T14:48:56,42380.74,3219.1,110.24,0.2578,16.9,65.5,19.64,94.15,6.231,175.14,0.6022,0.02382,0.007348,2.372,1.546,2.48,1.452,3.827,165.78,13.78,0.8347,1.598,0.5942,2.357,424.04,1.031,51.09,0.7581,10.92,2.41e-05,0.2169,2.968,1.271,2.305,0.2037,8.833,0.5586,8.472
2022-04-09T14:49:26,42382.79,3217.83,110.23,0.2579,16.86,65.5,19.64,94.1,6.231,175.27,0.6024,0.02381,0.007348,2.372,1.545,2.48,1.451,3.82,165.79,13.78,0.8315,1.598,0.5942,2.358,424.04,1.031,51.06,0.7579,10.92,2.409e-05,0.2166,2.968,1.27,2.306,0.2037,8.817,0.5539,8.475
2022-04-09T14:49:56,42410.23,3218.8,110.41,0.2582,16.86,65.3,19.66,94.1,6.231,175.34,0.6024,0.02386,0.007348,2.372,1.545,2.48,1.453,3.821,165.89,13.78,0.8395,1.602,0.5942,2.36,424.48,1.031,51.09,0.7583,10.91,2.412e-05,0.2167,2.971,1.271,2.308,0.2037,8.818,0.5515,8.477
2022-04-09T14:50:26,42412.89,3220.47,110.41,0.2583,16.87,65.3,19.66,94.11,6.236,175.31,0.6024,0.02385,0.007348,2.369,1.545,2.48,1.454,3.821,165.91,13.78,0.8395,1.599,0.5942,2.36,424.51,1.032,51.08,0.7584,10.91,2.413e-05,0.2167,2.972,1.272,2.309,0.2037,8.822,0.5513,8.48
2022-04-09T14:50:56,42412.99,3220.69,110.52,0.2583,16.87,65.3,19.67,94.1,6.242,175.26,0.6024,0.02386,0.007328,2.369,1.545,2.48,1.454,3.829,165.94,13.79,0.8284,1.6,0.5942,2.359,424.53,1.032,51.1,0.7584,10.91,2.413e-05,0.2167,2.972,1.272,2.309,0.2037,8.827,0.5488,8.483
2022-04-09T14:51:26,42414.19,3220.42,110.55,0.2581,16.88,65.4,19.67,94.06,6.236,175.17,0.6023,0.02384,0.007345,2.369,1.545,2.48,1.454,3.825,165.97,13.79,0.8284,1.597,0.5942,2.358,424.64,1.032,51.08,0.7584,10.91,2.413e-05,0.2167,2.972,1.272,2.309,0.2037,8.827,0.5484,8.485
2022-04-09T14:51:56,42434.88,3222.08,110.7,0.2583,16.88,65.4,19.68,94.13,6.24,175.5,0.6023,0.02387,0.007345,2.366,1.545,2.48,1.455,3.83,166.12,13.79,0.8284,1.597,0.5942,2.36,424.71,1.032,51.08,0.7585,10.91,2.414e-05,0.2174,2.973,1.274,2.31,0.2038,8.833,0.5488,8.485
2022-04-09T14:52:26,42439.17,3222.22,110.71,0.2586,16.88,65.4,19.67,94.15,6.246,175.52,0.606,0.0239,0.007356,2.366,1.545,2.48,1.455,3.836,166.16,13.79,0.8274,1.602,0.5942,2.362,424.9,1.032,51.11,0.7587,10.9,2.414e-05,0.2174,2.974,1.274,2.312,0.2039,8.846,0.5479,8.485
2022-04-09T14:52:56,42435.81,3222.56,110.71,0.2587,16.88,65.4,19.67,94.14,6.252,175.55,0.6022,0.02389,0.007359,2.366,1.545,2.48,1.455,3.836,166.15,13.79,0.8245,1.602,0.5942,2.362,424.84,1.032,51.13,0.7591,10.9,2.413e-05,0.2173,2.976,1.273,2.312,0.204,8.846,0.5479,8.488
2022-04-09T14:53:26,42426.73,3222.82,110.59,0.2583,16.88,65.4,19.66,94.15,6.26,175.49,0.6022,0.0239,0.007359,2.366,1.547,2.48,1.455,3.836,166.22,13.79,0.8245,1.602,0.5942,2.362,424.88,1.032,51.15,0.7589,10.9,2.414e-05,0.2173,2.975,1.273,2.312,0.2041,8.849,0.548,8.483
2022-04-09T14:53:56,42422.98,3222.74,110.57,0.2583,16.9,65.6,19.66,94.14,6.259,175.43,0.6022,0.02388,0.007359,2.366,1.546,2.48,1.454,3.836,166.13,13.79,0.8255,1.601,0.5942,2.362,424.85,1.032,51.17,0.7589,10.89,2.413e-05,0.2173,2.976,1.273,2.311,0.2041,8.867,0.5497,8.484
2022-04-09T14:54:26,42432.7,3222.99,110.58,0.2584,16.89,65.6,19.67,94.2,6.255,175.47,0.6022,0.02389,0.007359,2.371,1.545,2.48,1.455,3.837,166.2,13.79,0.8245,1.601,0.5942,2.364,424.87,1.033,51.21,0.759,10.89,2.413e-05,0.2174,2.977,1.274,2.312,0.2041,8.889,0.5497,8.482
2022-04-09T14:54:56,42436.85,3223.15,110.63,0.2586,16.89,65.6,19.68,94.22,6.248,175.48,0.6022,0.02389,0.007359,2.371,1.545,2.48,1.455,3.841,166.24,13.78,0.8245,1.601,0.5915,2.365,424.97,1.033,51.21,0.7592,10.89,2.413e-05,0.2174,2.978,1.274,2.312,0.2043,8.91,0.5479,8.482
2022-04-09T14:55:26,42438.97,3223.24,110.65,0.2587,16.89,65.6,19.68,94.2,6.255,175.46,0.6016,0.02388,0.007361,2.371,1.545,2.48,1.454,3.842,166.24,13.78,0.8245,1.6,0.5915,2.364,424.82,1.033,51.21,0.7594,10.89,2.414e-05,0.2174,2.978,1.274,2.312,0.2043,8.903,0.548,8.483
2022-04-09T14:55:56,42430.36,3223.13,110.61,0.2588,16.89,65.6,19.67,94.16,6.252,175.41,0.6016,0.02386,0.007361,2.371,1.545,2.48,1.455,3.848,166.26,13.74,0.8085,1.601,0.5915,2.365,424.64,1.033,51.2,0.7592,10.89,2.413e-05,0.2174,2.978,1.274,2.312,0.2043,8.95,0.547,8.484
2022-04-09T14:56:26,42429.96,3222.21,110.6,0.2587,16.89,65.6,19.67,94.15,6.252,175.36,0.6016,0.02386,0.007361,2.371,1.544,2.48,1.454,3.859,166.27,13.74,0.8067,1.601,0.5915,2.365,424.53,1.033,51.17,0.7592,10.89,2.412e-05,0.2174,2.978,1.274,2.313,0.2043,8.951,0.547,8.481
2022-04-09T14:56:56,42436.78,3222.25,110.65,0.2588,16.89,65.6,19.68,94.15,6.256,175.35,0.6017,0.02385,0.007361,2.371,1.543,2.48,1.454,3.856,166.33,13.64,0.801,1.598,0.5915,2.364,424.55,1.033,51.17,0.7592,10.89,2.413e-05,0.2174,2.978,1.275,2.313,0.2043,8.951,0.547,8.48
2022-04-09T14:57:26,42432.11,3222.46,110.69,0.2588,16.82,65.5,19.69,94.19,6.256,175.5,0.6017,0.02386,0.007361,2.369,1.543,2.48,1.454,3.856,166.36,13.64,0.802,1.601,0.5915,2.365,424.64,1.033,51.18,0.7593,10.93,2.413e-05,0.2174,2.978,1.275,2.313,0.2044,8.957,0.5475,8.48
2022-04-09T14:57:56,42436.9,3223.48,110.69,0.2591,16.82,65.5,19.69,94.21,6.243,175.53,0.6016,0.02385,0.007361,2.369,1.543,2.48,1.454,3.856,166.36,13.69,0.806,1.601,0.5915,2.366,424.77,1.034,51.19,0.7593,10.93,2.414e-05,0.2174,2.978,1.276,2.313,0.2044,8.962,0.5474,8.48
2022-04-09T14:58:26,42435.45,3223.74,110.69,0.259,16.82,65.6,19.69,94.21,6.245,175.52,0.6044,0.02385,0.007344,2.369,1.544,2.49,1.455,3.87,166.4,13.69,0.806,1.599,0.5915,2.366,424.85,1.034,51.19,0.7594,10.93,2.415e-05,0.2174,2.978,1.275,2.313,0.2044,8.959,0.5462,8.488
2022-04-09T14:58:56,42442.23,3224.15,110.69,0.2589,16.82,65.6,19.69,94.25,6.243,175.41,0.6044,0.02385,0.00736,2.369,1.544,2.49,1.455,3.87,166.41,13.69,0.806,1.598,0.5915,2.368,424.78,1.034,51.18,0.7593,10.93,2.414e-05,0.2174,2.978,1.275,2.313,0.2044,8.962,0.5452,8.483
2022-04-09T14:59:26,42444.46,3224.51,110.78,0.2591,16.82,65.6,19.69,94.29,6.245,175.53,0.6044,0.02386,0.00736,2.369,1.544,2.49,1.456,3.846,166.49,13.69,0.806,1.591,0.5915,2.368,424.94,1.035,51.16,0.7596,10.93,2.415e-05,0.2174,2.979,1.276,2.314,0.2044,8.962,0.5463,8.482
2022-04-09T14:59:56,42457.62,3225.43,110.88,0.2592,16.81,65.6,19.7,94.33,6.245,175.65,0.6044,0.02386,0.007392,2.369,1.544,2.49,1.456,3.847,166.55,13.69,0.806,1.595,0.5915,2.372,425.27,1.035,51.17,0.7597,10.93,2.416e-05,0.2177,2.982,1.276,2.315,0.2045,8.962,0.5466,8.489
2022-04-09T15:00:26,42452.03,3228.53,110.88,0.2596,16.81,65.6,19.7,94.32,6.244,175.65,0.6044,0.02386,0.007392,2.369,1.545,2.49,1.458,3.86,166.57,13.69,0.8025,1.595,0.5915,2.373,425.39,1.035,51.17,0.76,10.93,2.415e-05,0.2177,2.983,1.277,2.315,0.2044,8.964,0.547,8.485
2022-04-09T15:00:56,42453.31,3229.23,110.89,0.2596,16.81,65.6,19.7,94.35,6.253,175.65,0.6044,0.02386,0.007392,2.369,1.545,2.49,1.457,3.841,166.63,13.69,0.8025,1.595,0.5911,2.372,425.42,1.035,51.22,0.7606,10.93,2.415e-05,0.2177,2.984,1.277,2.317,0.2045,8.972,0.5467,8.483
2022-04-09T15:01:26,42460.68,3228.45,110.86,0.2598,16.81,65.7,19.7,94.28,6.25,175.64,0.6044,0.02386,0.007392,2.369,1.545,2.49,1.457,3.84,166.68,13.69,0.8025,1.596,0.5911,2.37,425.33,1.035,51.21,0.7605,10.93,2.415e-05,0.2178,2.985,1.277,2.317,0.2045,8.972,0.5464,8.487
2022-04-09T15:01:56,42451.85,3225.83,110.83,0.2596,16.81,65.6,19.7,94.23,6.248,175.65,0.6028,0.02387,0.007392,2.367,1.546,2.49,1.457,3.836,166.66,13.64,0.8033,1.596,0.5912,2.37,425.2,1.035,51.19,0.7605,10.93,2.415e-05,0.2178,2.983,1.277,2.316,0.2044,8.964,0.5462,8.491
2022-04-09T15:02:26,42449.63,3225.6,110.83,0.2594,16.81,65.6,19.7,94.28,6.25,175.63,0.6043,0.02386,0.007392,2.367,1.546,2.49,1.456,3.832,166.54,13.64,0.8033,1.597,0.5912,2.37,425.07,1.035,51.17,0.7603,10.93,2.415e-05,0.2178,2.983,1.276,2.315,0.2044,8.963,0.5463,8.484
2022-04-09T15:02:56,42452.47,3225.5,110.77,0.2593,16.83,65.6,19.69,94.3,6.249,175.73,0.603,0.02387,0.007387,2.367,1.546,2.49,1.457,3.837,166.55,13.64,0.8033,1.59,0.5912,2.369,425.03,1.035,51.16,0.7604,10.93,2.416e-05,0.2178,2.981,1.276,2.315,0.2044,8.959,0.5473,8.486
2022-04-09T15:03:26,42458.1,3226.74,110.81,0.2594,16.8,65.6,19.7,94.31,6.248,175.63,0.6031,0.02388,0.007387,2.367,1.546,2.49,1.457,3.841,166.53,13.64,0.8033,1.592,0.5976,2.369,425.04,1.035,51.19,0.7605,10.93,2.417e-05,0.2178,2.982,1.277,2.315,0.2044,8.953,0.5475,8.489
2022-04-09T15:03:56,42458.37,3228.5,110.87,0.2597,16.8,65.6,19.7,94.31,6.248,175.65,0.6033,0.02389,0.007387,2.367,1.546,2.49,1.458,3.837,166.61,13.64,0.8033,1.59,0.5976,2.37,425.12,1.035,51.16,0.7608,10.93,2.418e-05,0.2178,2.982,1.277,2.315,0.2045,8.953,0.547,8.491
2022-04-09T15:04:26,42461.31,3229,110.82,0.2597,16.8,65.6,19.7,94.3,6.245,175.68,0.6033,0.02388,0.007387,2.367,1.546,2.49,1.457,3.837,166.62,13.64,0.8032,1.585,0.5976,2.371,425.31,1.035,51.15,0.7607,10.93,2.418e-05,0.2178,2.982,1.278,2.314,0.2045,8.965,0.5452,8.486
2022-04-09T15:04:56,42462.11,3228.89,110.82,0.2599,16.8,65.6,19.7,94.31,6.24,175.72,0.6033,0.02388,0.007387,2.367,1.546,2.49,1.458,3.838,166.74,13.69,0.8033,1.582,0.5976,2.371,425.22,1.036,51.13,0.7607,10.93,2.419e-05,0.2178,2.981,1.279,2.315,0.2045,8.991,0.5453,8.49
2022-04-09T15:05:26,42466.83,3229.61,110.82,0.2602,16.8,65.6,19.71,94.32,6.245,175.77,0.6032,0.02389,0.007387,2.37,1.547,2.49,1.459,3.838,166.74,13.69,0.8015,1.582,0.5976,2.372,425.25,1.035,51.16,0.7609,10.93,2.419e-05,0.2178,2.981,1.279,2.315,0.2045,9.002,0.5453,8.496
2022-04-09T15:05:56,42463.95,3228.83,110.79,0.26,16.8,65.6,19.7,94.27,6.238,175.76,0.6032,0.02389,0.007387,2.37,1.547,2.49,1.459,3.838,166.76,13.69,0.8015,1.584,0.5976,2.37,425.26,1.036,51.16,0.7608,10.93,2.419e-05,0.2178,2.979,1.279,2.314,0.2046,8.996,0.5441,8.493
2022-04-09T15:06:26,42458.04,3228.27,110.64,0.26,16.8,65.6,19.7,94.21,6.243,175.72,0.6042,0.02389,0.007399,2.37,1.546,2.49,1.458,3.836,166.74,13.69,0.8015,1.581,0.5848,2.369,425.09,1.035,51.14,0.7607,10.93,2.419e-05,0.2178,2.977,1.278,2.314,0.2046,8.996,0.5446,8.488
2022-04-09T15:06:56,42435.61,3226.35,110.45,0.2599,16.8,65.6,19.68,94.18,6.241,175.49,0.6044,0.02388,0.007387,2.37,1.543,2.49,1.456,3.832,166.45,13.69,0.8015,1.583,0.5848,2.367,424.86,1.035,51.12,0.7603,10.93,2.417e-05,0.2173,2.974,1.277,2.313,0.2044,8.978,0.5443,8.488
2022-04-09T15:07:26,42438.27,3225.89,110.43,0.2598,16.8,65.7,19.7,94.14,6.241,175.18,0.6044,0.02387,0.007387,2.37,1.544,2.49,1.455,3.832,166.45,13.69,0.8015,1.577,0.5848,2.367,424.42,1.035,51.15,0.7601,10.93,2.416e-05,0.2173,2.974,1.277,2.312,0.2043,8.957,0.5445,8.488
2022-04-09T15:07:56,42438.21,3225.82,110.39,0.2591,16.83,65.7,19.7,94.15,6.238,175.19,0.6045,0.02387,0.007363,2.37,1.544,2.49,1.456,3.827,166.57,13.69,0.8015,1.579,0.5848,2.367,424.38,1.034,51.16,0.7601,10.91,2.416e-05,0.2173,2.974,1.277,2.312,0.2043,8.953,0.5449,8.488
2022-04-09T15:08:26,42444.12,3226.98,110.5,0.2593,16.83,65.7,19.7,94.18,6.237,175.28,0.6043,0.02388,0.007386,2.367,1.543,2.49,1.457,3.838,166.65,13.69,0.8015,1.579,0.5848,2.367,424.44,1.035,51.2,0.7603,10.9,2.418e-05,0.2174,2.976,1.278,2.313,0.2044,8.961,0.5465,8.489
2022-04-09T15:08:56,42442.26,3227.53,110.52,0.2592,16.82,65.7,19.71,94.2,6.234,175.24,0.6045,0.02388,0.00736,2.367,1.543,2.49,1.457,3.838,166.69,13.69,0.8016,1.579,0.5848,2.367,424.46,1.035,51.19,0.7604,10.9,2.418e-05,0.2175,2.977,1.277,2.313,0.2044,8.963,0.5465,8.483
2022-04-09T15:09:26,42445.13,3227.26,110.57,0.2592,16.82,65.7,19.71,94.19,6.226,175.17,0.6045,0.02389,0.00736,2.367,1.543,2.49,1.457,3.839,166.7,13.69,0.8016,1.579,0.5848,2.368,424.55,1.035,51.21,0.7605,10.9,2.418e-05,0.2175,2.978,1.278,2.314,0.2044,8.963,0.5467,8.49
2022-04-09T15:09:56,42446.98,3226.67,110.51,0.2593,16.82,65.7,19.7,94.22,6.224,175.2,0.6044,0.02389,0.007383,2.366,1.543,2.49,1.458,3.839,166.71,13.69,0.8016,1.584,0.5848,2.368,424.67,1.034,51.23,0.7604,10.9,2.419e-05,0.2175,2.977,1.278,2.314,0.2044,8.957,0.5454,8.487
2022-04-09T15:10:26,42446.03,3227.5,110.55,0.2593,16.82,65.7,19.69,94.24,6.227,175.15,0.6046,0.02388,0.007383,2.366,1.543,2.49,1.458,3.851,166.72,13.69,0.8016,1.582,0.5854,2.368,424.71,1.035,51.23,0.7606,10.9,2.419e-05,0.2175,2.977,1.279,2.313,0.2045,8.951,0.5456,8.484
2022-04-09T15:10:56,42439.91,3226.53,110.53,0.2593,16.82,65.7,19.68,94.19,6.23,175.11,0.6046,0.02388,0.007383,2.366,1.543,2.49,1.458,3.849,166.65,13.69,0.8016,1.582,0.5854,2.367,424.78,1.035,51.21,0.7604,10.9,2.417e-05,0.2175,2.976,1.277,2.313,0.2044,8.947,0.5453,8.485
2022-04-09T15:11:26,42434.86,3226.7,110.46,0.259,16.82,65.7,19.68,94.08,6.23,174.96,0.6046,0.02387,0.007383,2.366,1.543,2.49,1.457,3.849,166.61,13.69,0.8019,1.581,0.5854,2.368,424.5,1.035,51.21,0.7602,10.9,2.416e-05,0.2175,2.975,1.277,2.312,0.2044,8.949,0.5439,8.482
2022-04-09T15:11:56,42438.01,3226.71,110.49,0.259,16.82,65.6,19.67,94.04,6.227,174.98,0.6046,0.02387,0.007383,2.366,1.543,2.49,1.455,3.845,166.57,13.69,0.8019,1.581,0.5854,2.368,424.47,1.035,51.18,0.7602,10.9,2.416e-05,0.2174,2.974,1.275,2.312,0.2044,8.948,0.543,8.488
2022-04-09T15:12:26,42435.35,3225.96,110.46,0.2591,16.82,65.5,19.67,94.02,6.228,174.97,0.6046,0.02387,0.007383,2.366,1.543,2.49,1.456,3.85,166.47,13.69,0.8019,1.578,0.5854,2.368,424.27,1.035,51.11,0.76,10.9,2.416e-05,0.2174,2.972,1.275,2.311,0.2042,8.943,0.5442,8.482
2022-04-09T15:12:56,42435.77,3226.24,110.47,0.259,16.82,65.5,19.68,94.02,6.221,174.89,0.6049,0.02387,0.00736,2.366,1.543,2.49,1.456,3.842,166.52,13.63,0.8,1.577,0.5854,2.368,424.28,1.035,51.13,0.7599,10.91,2.417e-05,0.2174,2.973,1.275,2.311,0.2042,8.939,0.544,8.479
2022-04-09T15:13:26,42424.96,3225.84,110.36,0.259,16.83,65.5,19.67,94.02,6.223,174.86,0.6049,0.02387,0.00736,2.366,1.543,2.49,1.455,3.842,166.51,13.63,0.8009,1.577,0.5854,2.369,424.24,1.034,51.13,0.7598,10.91,2.418e-05,0.2174,2.971,1.275,2.311,0.2042,8.946,0.5444,8.475
2022-04-09T15:13:56,42418.09,3224.62,110.26,0.2586,16.82,65.5,19.66,93.91,6.218,174.82,0.6031,0.02385,0.00734,2.366,1.543,2.49,1.454,3.842,166.23,13.63,0.8009,1.57,0.5854,2.367,424.1,1.035,51.07,0.7593,10.91,2.415e-05,0.2169,2.968,1.273,2.308,0.2042,8.941,0.5433,8.473
2022-04-09T15:14:26,42418.87,3224.61,110.24,0.2586,16.82,65.6,19.67,93.84,6.217,174.84,0.6031,0.02386,0.007324,2.365,1.543,2.49,1.455,3.842,166.32,13.63,0.8009,1.572,0.5854,2.367,423.98,1.034,51.05,0.7595,10.91,2.416e-05,0.2169,2.968,1.273,2.308,0.2042,8.938,0.5438,8.47
2022-04-09T15:14:56,42443.98,3226.4,110.41,0.2591,16.82,65.5,19.68,93.96,6.217,175.09,0.6031,0.02387,0.007324,2.365,1.542,2.49,1.455,3.833,166.39,13.63,0.8016,1.571,0.5854,2.37,424,1.035,51.04,0.7598,10.9,2.416e-05,0.2173,2.971,1.274,2.308,0.2042,8.936,0.5435,8.474
2022-04-09T15:15:26,42445.39,3225.44,110.35,0.2589,16.82,65.5,19.69,93.99,6.227,175.05,0.6031,0.02387,0.007324,2.365,1.543,2.49,1.456,3.832,166.52,13.63,0.8016,1.571,0.5854,2.369,424.08,1.035,51.11,0.7599,10.9,2.416e-05,0.2173,2.97,1.274,2.309,0.2043,8.94,0.5437,8.476
2022-04-09T15:15:56,42437.07,3225.37,110.21,0.2585,16.82,65.5,19.67,93.96,6.217,174.91,0.6031,0.02386,0.007324,2.365,1.543,2.49,1.455,3.832,166.37,13.63,0.8007,1.575,0.5854,2.367,424.08,1.035,51.09,0.7597,10.9,2.416e-05,0.2173,2.969,1.274,2.31,0.2041,8.941,0.5431,8.474
2022-04-09T15:16:26,42424.3,3224.99,110.15,0.2582,16.82,65.5,19.65,93.89,6.218,174.87,0.6034,0.02385,0.007324,2.365,1.542,2.49,1.454,3.826,166.3,13.63,0.8,1.573,0.5854,2.367,423.84,1.035,51.05,0.7591,10.88,2.416e-05,0.2168,2.967,1.273,2.307,0.204,8.929,0.5428,8.466
2022-04-09T15:16:56,42417.62,3223.85,110.17,0.2581,16.8,65.5,19.65,93.75,6.218,174.82,0.6034,0.02386,0.007346,2.365,1.542,2.49,1.454,3.831,166.28,13.69,0.8,1.573,0.5854,2.366,423.77,1.035,51.05,0.7591,10.88,2.416e-05,0.2168,2.966,1.272,2.306,0.2039,8.916,0.543,8.46
2022-04-09T15:17:26,42417.02,3223.03,110.13,0.2583,16.8,65.6,19.65,93.74,6.218,174.45,0.6034,0.02385,0.007346,2.369,1.542,2.49,1.454,3.824,166.29,13.69,0.8,1.569,0.5854,2.368,423.77,1.033,51.05,0.7589,10.88,2.415e-05,0.2168,2.965,1.272,2.306,0.2039,8.919,0.5429,8.46
2022-04-09T15:17:56,42410.43,3222.69,110.16,0.2583,16.8,65.6,19.65,93.7,6.218,174.37,0.6034,0.02385,0.007346,2.369,1.541,2.49,1.454,3.823,166.23,13.69,0.8,1.57,0.5854,2.366,423.66,1.033,51.03,0.7587,10.89,2.415e-05,0.2167,2.963,1.272,2.306,0.2039,8.919,0.5405,8.459
2022-04-09T15:18:26,42409.94,3222.89,110.19,0.2583,16.8,65.6,19.65,93.69,6.217,174.41,0.6034,0.02386,0.007346,2.369,1.541,2.49,1.454,3.854,166.24,13.69,0.8,1.57,0.5854,2.366,423.57,1.033,51.04,0.7587,10.9,2.414e-05,0.2167,2.964,1.271,2.306,0.2038,8.912,0.5401,8.462
2022-04-09T15:18:56,42396.58,3222.03,110.04,0.2579,16.8,65.6,19.62,93.53,6.206,174.42,0.6032,0.02384,0.007346,2.369,1.541,2.49,1.453,3.842,166.08,13.69,0.8,1.567,0.5854,2.366,423.42,1.032,51.03,0.7585,10.9,2.414e-05,0.2165,2.959,1.271,2.304,0.2037,8.906,0.5397,8.456
2022-04-09T15:19:26,42404.57,3222.79,110.12,0.2581,16.82,65.6,19.63,93.54,6.206,174.32,0.6032,0.02386,0.007346,2.369,1.541,2.49,1.453,3.84,166.14,13.69,0.8,1.567,0.5854,2.366,423.44,1.032,51.03,0.7586,10.9,2.415e-05,0.2166,2.959,1.271,2.305,0.2037,8.9,0.5392,8.454
2022-04-09T15:19:56,42398.46,3222.76,110.13,0.2582,16.8,65.6,19.63,93.5,6.206,174.29,0.6045,0.02386,0.007341,2.369,1.541,2.49,1.453,3.845,166.08,13.69,0.8,1.565,0.5854,2.366,423.45,1.032,51.02,0.7586,10.9,2.415e-05,0.2166,2.959,1.27,2.305,0.2037,8.905,0.538,8.459
2022-04-09T15:20:26,42400.11,3222.56,110.13,0.2582,16.8,65.5,19.62,93.45,6.208,174.32,0.6028,0.02385,0.007341,2.369,1.541,2.49,1.453,3.844,165.99,13.69,0.8,1.566,0.5854,2.366,423.5,1.032,51.02,0.7587,10.9,2.415e-05,0.2166,2.959,1.27,2.304,0.2038,8.904,0.5386,8.458
2022-04-09T15:20:56,42395.43,3222.15,110.06,0.2583,16.83,65.6,19.61,93.42,6.215,174.29,0.6045,0.02385,0.007341,2.369,1.54,2.49,1.453,3.84,165.97,13.69,0.8001,1.566,0.5854,2.366,423.32,1.032,50.99,0.7586,10.9,2.414e-05,0.2165,2.958,1.27,2.304,0.2037,8.899,0.5394,8.451
2022-04-09T15:21:26,42393.2,3221.26,110.07,0.2583,16.83,65.5,19.61,93.34,6.216,174.19,0.6045,0.02385,0.007341,2.369,1.54,2.49,1.453,3.84,165.92,13.69,0.8,1.566,0.5854,2.367,423.32,1.032,50.98,0.7586,10.9,2.414e-05,0.2165,2.958,1.27,2.304,0.2038,8.897,0.5405,8.452
2022-04-09T15:21:56,42386.17,3220.91,110.04,0.258,16.83,65.5,19.61,93.33,6.212,174.22,0.6045,0.02385,0.007341,2.369,1.54,2.49,1.453,3.837,165.86,13.69,0.8,1.564,0.5854,2.367,423.32,1.032,50.93,0.7584,10.9,2.413e-05,0.2165,2.957,1.269,2.303,0.2036,8.888,0.5402,8.452
2022-04-09T15:22:26,42393.57,3221.23,110.11,0.258,16.83,65.4,19.62,93.38,6.208,174.2,0.6045,0.02385,0.007341,2.369,1.54,2.48,1.453,3.839,165.88,13.69,0.8,1.565,0.5854,2.366,423.42,1.031,50.95,0.7584,10.9,2.414e-05,0.2165,2.958,1.268,2.304,0.2036,8.888,0.5409,8.452
2022-04-09T15:22:56,42391.04,3221.02,110.06,0.2577,16.83,65.5,19.62,93.38,6.21,174.25,0.6045,0.02385,0.007341,2.369,1.54,2.48,1.453,3.841,165.88,13.69,0.7947,1.565,0.5854,2.366,423.34,1.032,50.94,0.7585,10.87,2.414e-05,0.2165,2.958,1.268,2.303,0.2036,8.89,0.5404,8.453
2022-04-09T15:23:26,42385.25,3220.58,109.95,0.2575,16.82,65.5,19.6,93.36,6.208,174.09,0.6045,0.02385,0.007341,2.369,1.539,2.48,1.452,3.84,165.82,13.69,0.79,1.562,0.5854,2.367,423.26,1.031,50.92,0.7583,10.85,2.411e-05,0.2163,2.957,1.268,2.303,0.2036,8.873,0.5403,8.451
2022-04-09T15:23:56,42385.1,3220.33,109.88,0.2575,16.82,65.5,19.62,93.33,6.205,174.15,0.6048,0.02386,0.007341,2.369,1.539,2.48,1.451,3.838,165.81,13.69,0.79,1.562,0.5854,2.367,423.26,1.031,50.92,0.7582,10.76,2.411e-05,0.2163,2.957,1.268,2.303,0.2036,8.872,0.5405,8.451
2022-04-09T15:24:26,42384.24,3219.76,109.79,0.257,16.82,65.4,19.61,93.33,6.208,174.34,0.6048,0.02385,0.007345,2.367,1.539,2.48,1.451,3.838,165.77,13.69,0.79,1.562,0.5854,2.367,423.23,1.031,50.87,0.7582,10.8,2.411e-05,0.2164,2.955,1.267,2.302,0.2036,8.857,0.5395,8.45
2022-04-09T15:24:56,42375.91,3219.82,109.75,0.2571,16.82,65.5,19.6,93.33,6.208,174.48,0.6048,0.02385,0.007345,2.367,1.539,2.48,1.451,3.838,165.64,13.69,0.8004,1.563,0.5854,2.365,423.18,1.031,50.86,0.7585,10.8,2.411e-05,0.2164,2.955,1.266,2.3,0.2036,8.864,0.5395,8.451
2022-04-09T15:25:26,42378.33,3220.65,109.86,0.2571,16.82,65.5,19.61,93.33,6.209,174.38,0.6054,0.02386,0.007345,2.367,1.539,2.48,1.451,3.843,165.67,13.69,0.7926,1.563,0.5854,2.366,423.17,1.031,50.86,0.7587,10.78,2.411e-05,0.2165,2.955,1.267,2.301,0.2036,8.876,0.5397,8.447
2022-04-09T15:25:56,42383.58,3221.74,109.88,0.2572,16.82,65.4,19.61,93.36,6.211,174.48,0.6045,0.02387,0.007345,2.365,1.539,2.48,1.451,3.851,165.71,13.69,0.7926,1.562,0.5854,2.367,423.37,1.031,50.86,0.7587,10.78,2.413e-05,0.2166,2.954,1.267,2.301,0.2036,8.892,0.5397,8.446
2022-04-09T15:26:26,42397.43,3221.56,109.88,0.2572,16.82,65.5,19.62,93.44,6.226,174.93,0.6045,0.02389,0.007345,2.365,1.539,2.48,1.452,3.841,165.79,13.69,0.7926,1.562,0.5854,2.367,423.46,1.033,50.88,0.759,10.8,2.413e-05,0.2166,2.956,1.269,2.302,0.2036,8.893,0.5395,8.446
2022-04-09T15:26:56,42384.86,3220.45,109.87,0.2571,16.92,65.5,19.62,93.36,6.214,174.88,0.6045,0.02387,0.007345,2.365,1.539,2.48,1.451,3.841,165.71,13.69,0.7926,1.562,0.5854,2.367,423.41,1.032,50.89,0.759,10.77,2.411e-05,0.2166,2.955,1.268,2.302,0.2035,8.892,0.5389,8.451
2022-04-09T15:27:26,42375.99,3219.92,109.78,0.2569,16.92,65.4,19.61,93.33,6.212,174.69,0.6045,0.02386,0.007345,2.365,1.538,2.48,1.451,3.841,165.69,13.69,0.7938,1.561,0.5854,2.367,423.29,1.032,50.88,0.7588,10.77,2.411e-05,0.2166,2.954,1.267,2.302,0.2034,8.885,0.5388,8.445
2022-04-09T15:27:56,42373.89,3219.44,109.65,0.2566,16.92,65.3,19.6,93.3,6.221,174.45,0.6045,0.02385,0.007345,2.361,1.537,2.48,1.45,3.828,165.49,13.6,0.7938,1.561,0.5854,2.365,423.22,1.031,50.8,0.7577,10.77,2.411e-05,0.216,2.949,1.267,2.299,0.2034,8.874,0.5378,8.445
2022-04-09T15:28:26,42283.72,3216.77,109.78,0.2563,16.92,65.3,19.59,93.21,6.215,174.43,0.6055,0.02382,0.007345,2.361,1.535,2.48,1.449,3.829,165.41,13.6,0.789,1.561,0.5854,2.363,422.49,1.03,50.71,0.7574,10.73,2.408e-05,0.2159,2.947,1.266,2.297,0.2032,8.87,0.5373,8.443
2022-04-09T15:28:56,42295.52,3215.83,109.79,0.2555,16.92,65.3,19.58,93.18,6.205,174.46,0.6055,0.0238,0.007345,2.361,1.536,2.48,1.449,3.831,165.41,13.6,0.7836,1.56,0.5854,2.364,422.6,1.029,50.73,0.7569,10.73,2.408e-05,0.2162,2.948,1.264,2.296,0.2031,8.873,0.5375,8.437
2022-04-09T15:29:26,42339.29,3216.25,109.84,0.2557,16.83,65.3,19.57,93.29,6.207,174.39,0.6055,0.02386,0.007322,2.361,1.536,2.48,1.45,3.831,165.39,13.6,0.7821,1.557,0.5854,2.366,422.92,1.029,50.78,0.7571,10.76,2.41e-05,0.216,2.951,1.261,2.298,0.2031,8.876,0.5369,8.441
2022-04-09T15:29:56,42351.28,3220.28,110.06,0.2569,16.83,65.4,19.58,93.47,6.216,174.6,0.6055,0.02388,0.007322,2.361,1.536,2.48,1.45,3.824,165.54,13.6,0.7839,1.558,0.5854,2.367,423.1,1.031,50.81,0.758,10.77,2.412e-05,0.2162,2.954,1.262,2.301,0.2032,8.882,0.537,8.444
2022-04-09T15:30:26,42353.82,3221.82,110.02,0.2571,16.83,65.5,19.59,93.48,6.216,174.82,0.6055,0.02392,0.007322,2.361,1.536,2.48,1.451,3.824,165.57,13.6,0.7839,1.559,0.5854,2.368,423.24,1.032,50.85,0.7581,10.77,2.412e-05,0.2162,2.955,1.263,2.302,0.2033,8.886,0.5377,8.449
2022-04-09T15:30:56,42349.18,3220.68,109.9,0.2563,16.83,65.5,19.57,93.42,6.209,174.88,0.6055,0.02391,0.007322,2.361,1.536,2.48,1.449,3.826,165.4,13.57,0.78,1.561,0.5854,2.367,423.33,1.031,50.89,0.7578,10.77,2.41e-05,0.2162,2.954,1.26,2.3,0.2031,8.888,0.5368,8.444
2022-04-09T15:31:26,42337.84,3220.32,109.82,0.2561,16.83,65.5,19.57,93.42,6.209,175.11,0.6055,0.02391,0.007322,2.361,1.536,2.48,1.449,3.826,165.33,13.57,0.7813,1.561,0.5854,2.366,423.12,1.031,50.83,0.7573,10.77,2.41e-05,0.2162,2.952,1.259,2.299,0.2031,8.882,0.5379,8.443
2022-04-09T15:31:56,42320,3218.09,109.72,0.2557,16.83,65.4,19.54,93.36,6.209,175.11,0.6045,0.02384,0.00733,2.361,1.536,2.48,1.449,3.824,165.2,13.57,0.7802,1.56,0.5854,2.364,423.04,1.03,50.77,0.7571,10.69,2.409e-05,0.2162,2.95,1.258,2.298,0.2031,8.876,0.5372,8.442
2022-04-09T15:32:26,42318.09,3217.06,109.67,0.2556,16.83,65.3,19.5,93.27,6.21,175.22,0.6045,0.02382,0.00733,2.361,1.535,2.48,1.448,3.824,165.11,13.57,0.7777,1.56,0.5854,2.362,422.43,1.028,50.7,0.7566,10.69,2.406e-05,0.2156,2.948,1.257,2.296,0.2029,8.872,0.5358,8.438
2022-04-09T15:32:56,42317.97,3217.74,109.68,0.2556,16.83,65.3,19.5,93.24,6.209,175.28,0.6045,0.02383,0.00733,2.361,1.533,2.48,1.447,3.824,165.12,13.57,0.7801,1.56,0.5854,2.36,422.5,1.028,50.68,0.7568,10.69,2.406e-05,0.2157,2.948,1.256,2.294,0.2029,8.872,0.5347,8.433
2022-04-09T15:33:26,42317.18,3217.57,109.71,0.2556,16.81,65.2,19.51,93.24,6.213,175.76,0.6045,0.02383,0.00733,2.361,1.533,2.48,1.446,3.837,165.03,13.57,0.7801,1.554,0.5854,2.361,422.36,1.028,50.7,0.7568,10.69,2.406e-05,0.2156,2.949,1.255,2.294,0.2027,8.866,0.5344,8.431
2022-04-09T15:33:56,42313.27,3215.59,109.67,0.2556,16.81,65.2,19.51,93.23,6.217,175.55,0.6045,0.02382,0.00733,2.361,1.533,2.48,1.446,3.834,164.97,13.57,0.7801,1.559,0.5854,2.359,422.35,1.028,50.68,0.7567,10.65,2.406e-05,0.2161,2.948,1.254,2.293,0.2027,8.866,0.5338,8.428
2022-04-09T15:34:26,42279.22,3214.31,109.64,0.2555,16.94,65.2,19.5,93.08,6.209,175.85,0.6045,0.02381,0.00733,2.364,1.533,2.48,1.446,3.834,164.88,13.57,0.7831,1.559,0.5854,2.356,422.32,1.027,50.66,0.7565,10.65,2.404e-05,0.2156,2.945,1.253,2.293,0.2026,8.867,0.5344,8.426
2022-04-09T15:34:56,42287.33,3217.55,109.8,0.2559,16.88,65.2,19.52,93.13,6.202,176.34,0.6045,0.02382,0.00733,2.364,1.533,2.48,1.446,3.821,164.93,13.6,0.7839,1.559,0.5854,2.357,422.5,1.027,50.65,0.7568,10.62,2.405e-05,0.2156,2.948,1.255,2.294,0.2026,8.872,0.5344,8.426
2022-04-09T15:35:26,42295.08,3216.69,109.7,0.2559,16.88,65.3,19.51,93.2,6.202,176.62,0.6021,0.02383,0.00733,2.364,1.533,2.48,1.445,3.82,164.88,13.6,0.7902,1.555,0.5854,2.357,422.54,1.027,50.66,0.7568,10.66,2.403e-05,0.2158,2.948,1.254,2.295,0.2026,8.87,0.5351,8.428
2022-04-09T15:35:56,42300.15,3217.51,109.82,0.2557,16.88,65.3,19.51,93.22,6.189,176.92,0.6022,0.02383,0.00733,2.364,1.532,2.48,1.445,3.82,164.77,13.6,0.7902,1.555,0.5854,2.362,422.56,1.028,50.66,0.7569,10.68,2.404e-05,0.2158,2.948,1.253,2.294,0.2025,8.879,0.5359,8.428
2022-04-09T15:36:26,42294.26,3216.06,109.81,0.2556,16.88,65.3,19.5,93.12,6.197,176.11,0.6022,0.02382,0.007311,2.364,1.532,2.48,1.445,3.82,164.65,13.6,0.7902,1.555,0.5854,2.359,422.46,1.027,50.66,0.7568,10.64,2.403e-05,0.2158,2.946,1.253,2.294,0.2025,8.877,0.5353,8.432
2022-04-09T15:36:56,42269.58,3215.47,109.7,0.2554,16.88,65.3,19.49,93.1,6.19,175.61,0.6021,0.02382,0.007311,2.364,1.532,2.48,1.445,3.816,164.6,13.6,0.7919,1.555,0.5854,2.358,422.49,1.027,50.68,0.7566,10.63,2.403e-05,0.2158,2.944,1.252,2.293,0.2025,8.858,0.5351,8.426
2022-04-09T15:37:26,42290.42,3214.58,109.69,0.2553,16.83,65.3,19.49,93.1,6.187,175.22,0.6001,0.02381,0.007311,2.364,1.533,2.48,1.445,3.819,164.6,13.6,0.7919,1.553,0.5854,2.358,422.36,1.028,50.67,0.7562,10.63,2.401e-05,0.2158,2.945,1.252,2.293,0.2025,8.858,0.5351,8.425
2022-04-09T15:37:56,42280.76,3214.47,109.71,0.2556,16.83,65.2,19.5,93.09,6.19,174.57,0.6007,0.02379,0.007311,2.364,1.533,2.48,1.444,3.808,164.59,13.6,0.7902,1.552,0.5854,2.357,422.27,1.027,50.7,0.7564,10.64,2.4e-05,0.2159,2.945,1.252,2.295,0.2025,8.835,0.5355,8.425
2022-04-09T15:38:26,42292.11,3216.17,109.89,0.2559,16.79,65.2,19.52,93.17,6.185,174.56,0.5986,0.02377,0.007311,2.364,1.533,2.48,1.445,3.81,164.66,13.6,0.7914,1.556,0.5854,2.359,422.47,1.028,50.78,0.7568,10.63,2.402e-05,0.2159,2.947,1.253,2.296,0.2025,8.848,0.5396,8.43
2022-04-09T15:38:56,42302.9,3216.59,109.94,0.2562,16.8,64.8,19.52,93.23,6.183,174.11,0.5985,0.0238,0.007311,2.364,1.533,2.48,1.445,3.805,164.82,13.6,0.7918,1.557,0.5854,2.357,422.66,1.028,50.8,0.7569,10.65,2.402e-05,0.2159,2.95,1.254,2.298,0.2025,8.857,0.5386,8.426
2022-04-09T15:39:26,42307.1,3216.72,109.92,0.2562,16.79,64.9,19.53,93.24,6.181,174.09,0.6,0.02379,0.007311,2.364,1.536,2.48,1.445,3.81,164.9,13.6,0.791,1.557,0.5854,2.358,422.82,1.026,50.82,0.7569,10.64,2.403e-05,0.2159,2.951,1.254,2.298,0.2025,8.862,0.5389,8.426
2022-04-09T15:39:56,42301.71,3215.68,109.86,0.2562,16.79,64.8,19.53,93.12,6.181,173.9,0.6017,0.02379,0.007311,2.364,1.536,2.48,1.445,3.81,164.87,13.53,0.7902,1.554,0.5854,2.357,422.88,1.027,50.82,0.7568,10.64,2.4e-05,0.2159,2.949,1.254,2.299,0.2025,8.861,0.5392,8.427
2022-04-09T15:40:26,42307.63,3216.4,109.87,0.2563,16.79,65,19.52,93.17,6.181,173.72,0.6012,0.02379,0.007311,2.364,1.536,2.48,1.445,3.812,164.86,13.53,0.7902,1.559,0.5854,2.359,422.89,1.027,50.84,0.7568,10.65,2.401e-05,0.2159,2.951,1.253,2.299,0.2025,8.857,0.5388,8.434
2022-04-09T15:40:56,42323.16,3216.88,109.9,0.2566,16.79,65,19.53,93.22,6.18,172.64,0.6012,0.02381,0.007311,2.367,1.534,2.48,1.445,3.811,164.93,13.57,0.7902,1.559,0.5854,2.359,422.93,1.027,50.9,0.757,10.65,2.401e-05,0.2159,2.951,1.254,2.301,0.2026,8.874,0.5381,8.435
2022-04-09T15:41:26,42351.73,3219.72,110.15,0.2567,16.79,65,19.55,93.26,6.193,172.36,0.6012,0.02384,0.007311,2.367,1.535,2.48,1.446,3.816,165.04,13.57,0.787,1.559,0.5854,2.361,423.22,1.028,50.95,0.7576,10.65,2.403e-05,0.2159,2.952,1.254,2.304,0.2026,8.887,0.5382,8.437
2022-04-09T15:41:56,42343.25,3220.03,110.1,0.2568,16.79,64.4,19.56,93.33,6.195,173.09,0.6015,0.02387,0.00733,2.367,1.537,2.48,1.448,3.817,165.09,13.58,0.7778,1.557,0.5854,2.366,423.24,1.028,50.96,0.7575,10.65,2.404e-05,0.2159,2.955,1.256,2.305,0.2028,8.896,0.5386,8.442
2022-04-09T15:42:26,42329.41,3217.71,109.99,0.257,16.83,64.3,19.54,93.3,6.184,173.46,0.6015,0.02385,0.00733,2.367,1.537,2.48,1.447,3.817,164.7,13.58,0.7778,1.554,0.5854,2.363,423.03,1.028,50.93,0.7574,10.65,2.403e-05,0.2166,2.953,1.253,2.304,0.2029,8.896,0.5394,8.443
2022-04-09T15:42:56,42327.41,3217.28,110.01,0.2569,16.83,64.3,19.54,93.27,6.184,173.67,0.6015,0.02382,0.00733,2.367,1.536,2.48,1.446,3.818,164.61,13.58,0.78,1.551,0.5854,2.362,423,1.028,50.9,0.7574,10.64,2.402e-05,0.2165,2.951,1.252,2.303,0.2029,8.874,0.5393,8.447
2022-04-09T15:43:26,42330.46,3217.61,110.03,0.2566,16.83,64.3,19.54,93.24,6.182,173.65,0.6015,0.02384,0.00733,2.367,1.536,2.48,1.445,3.817,164.67,13.58,0.78,1.553,0.5854,2.364,422.96,1.028,50.91,0.7574,10.61,2.403e-05,0.2165,2.951,1.252,2.303,0.2029,8.873,0.539,8.446
2022-04-09T15:43:56,42331.58,3217.18,110,0.2565,16.83,64.3,19.54,93.27,6.182,173.55,0.6015,0.02384,0.00733,2.367,1.534,2.48,1.445,3.832,164.66,13.58,0.78,1.55,0.5854,2.365,422.98,1.028,50.91,0.7575,10.6,2.403e-05,0.2167,2.951,1.252,2.303,0.2029,8.876,0.539,8.443
2022-04-09T15:44:26,42324.06,3216.67,109.94,0.2563,16.83,64.3,19.54,93.26,6.187,173.59,0.6015,0.02382,0.00733,2.367,1.534,2.48,1.445,3.832,164.63,13.58,0.776,1.551,0.5854,2.366,422.96,1.027,50.88,0.7575,10.62,2.403e-05,0.2165,2.95,1.251,2.302,0.2029,8.878,0.5374,8.438
2022-04-09T15:44:56,42317.2,3216.67,109.96,0.2564,16.78,64.3,19.54,93.28,6.181,173.56,0.5981,0.02383,0.00732,2.367,1.534,2.48,1.445,3.824,164.56,13.6,0.776,1.551,0.5854,2.365,422.98,1.027,50.88,0.7572,10.63,2.403e-05,0.2166,2.95,1.252,2.302,0.2028,8.881,0.5377,8.437
2022-04-09T15:45:26,42315.41,3216.67,109.91,0.2565,16.8,64.3,19.54,93.31,6.181,173.72,0.5998,0.02382,0.00732,2.365,1.533,2.48,1.444,3.824,164.58,13.6,0.7762,1.551,0.5854,2.364,422.91,1.028,50.87,0.7573,10.63,2.403e-05,0.2166,2.95,1.251,2.302,0.2028,8.882,0.5371,8.44
2022-04-09T15:45:56,42309.5,3216.46,109.84,0.2562,16.8,64.5,19.53,93.26,6.184,173.59,0.5997,0.02382,0.00732,2.365,1.533,2.48,1.444,3.821,164.5,13.63,0.7762,1.55,0.5854,2.362,422.74,1.026,50.87,0.7571,10.63,2.401e-05,0.2166,2.946,1.25,2.301,0.2028,8.869,0.537,8.433
2022-04-09T15:46:26,42318.71,3217.07,109.92,0.2561,16.8,64.5,19.54,93.25,6.19,173.55,0.5997,0.02379,0.00732,2.365,1.533,2.48,1.444,3.818,164.67,13.63,0.7776,1.55,0.5854,2.364,422.62,1.026,50.87,0.7572,10.63,2.402e-05,0.2166,2.949,1.25,2.301,0.2027,8.873,0.5359,8.434
2022-04-09T15:46:56,42325.96,3217.51,110.09,0.2563,16.8,64.5,19.55,93.29,6.191,173.7,0.5997,0.02381,0.00732,2.365,1.533,2.48,1.444,3.818,164.86,13.63,0.7776,1.55,0.5854,2.366,422.79,1.026,50.91,0.7573,10.63,2.403e-05,0.2166,2.952,1.251,2.304,0.2027,8.884,0.5368,8.435
2022-04-09T15:47:26,42333.12,3217.82,110.14,0.257,16.8,64.7,19.56,93.31,6.19,173.8,0.5995,0.02381,0.007313,2.365,1.533,2.48,1.445,3.818,164.94,13.63,0.7776,1.55,0.5854,2.366,423.02,1.027,50.93,0.7575,10.66,2.403e-05,0.2165,2.952,1.253,2.304,0.2028,8.884,0.5362,8.435
2022-04-09T15:47:56,42338.46,3218.39,110.2,0.2572,16.8,64.7,19.57,93.33,6.181,173.97,0.5993,0.02381,0.007313,2.365,1.533,2.48,1.445,3.821,164.91,13.63,0.7776,1.55,0.5854,2.369,423.06,1.027,50.96,0.7576,10.65,2.405e-05,0.2165,2.954,1.254,2.305,0.2029,8.901,0.5363,8.435
2022-04-09T15:48:26,42328.38,3218.21,110.14,0.257,16.81,64.7,19.57,93.36,6.178,173.96,0.5994,0.02382,0.007313,2.365,1.534,2.48,1.445,3.821,164.94,13.63,0.7736,1.555,0.5854,2.369,423.08,1.026,50.98,0.7576,10.65,2.405e-05,0.2165,2.954,1.254,2.305,0.2028,8.897,0.536,8.438
2022-04-09T15:48:56,42305.69,3216.25,110.04,0.2567,16.82,64.6,19.55,93.3,6.18,173.82,0.5909,0.02377,0.007313,2.365,1.533,2.48,1.444,3.818,164.79,13.63,0.7736,1.55,0.5854,2.365,422.65,1.026,50.94,0.7572,10.62,2.403e-05,0.2165,2.949,1.253,2.302,0.2027,8.889,0.5354,8.435
2022-04-09T15:49:26,42277.54,3214.69,110,0.2567,16.82,64.7,19.53,93.21,6.161,173.21,0.5894,0.02374,0.007313,2.364,1.533,2.48,1.442,3.806,164.51,13.63,0.7736,1.548,0.5854,2.362,422,1.025,50.86,0.7569,10.63,2.4e-05,0.216,2.946,1.25,2.296,0.2025,8.875,0.5346,8.427
2022-04-09T15:49:56,42278.47,3214.2,109.79,0.256,16.82,64.8,19.52,93.19,6.166,173.09,0.5832,0.02374,0.007313,2.364,1.533,2.48,1.442,3.805,164.55,13.63,0.772,1.548,0.5854,2.361,421.93,1.024,50.85,0.7563,10.63,2.4e-05,0.2159,2.946,1.25,2.297,0.2025,8.875,0.5342,8.423
2022-04-09T15:50:26,42288.71,3214.91,109.88,0.2564,16.82,64.8,19.51,93.2,6.166,173.15,0.5832,0.02376,0.007299,2.364,1.532,2.47,1.442,3.809,164.58,13.63,0.772,1.544,0.5854,2.361,422.36,1.025,50.85,0.7566,10.63,2.4e-05,0.2159,2.945,1.25,2.296,0.2024,8.873,0.5339,8.423
2022-04-09T15:50:56,42299.17,3215.92,109.91,0.2565,16.82,64.7,19.52,93.2,6.184,173.41,0.5825,0.02376,0.007299,2.364,1.532,2.47,1.443,3.803,164.63,13.63,0.772,1.544,0.5854,2.361,422.44,1.026,50.85,0.7564,10.63,2.4e-05,0.2162,2.944,1.251,2.297,0.2025,8.873,0.5352,8.424
2022-04-09T15:51:26,42308,3215.15,110.02,0.2565,16.82,64.7,19.54,93.25,6.184,173.59,0.5824,0.02375,0.007299,2.364,1.532,2.47,1.442,3.806,164.65,13.63,0.7739,1.546,0.5854,2.361,422.51,1.026,50.86,0.7562,10.63,2.401e-05,0.2162,2.945,1.251,2.297,0.2024,8.874,0.5347,8.424
2022-04-09T15:51:56,42308.29,3214.92,109.95,0.2565,16.82,64.7,19.54,93.26,6.184,173.49,0.5802,0.02374,0.007299,2.364,1.535,2.47,1.442,3.806,164.74,13.64,0.7739,1.548,0.5854,2.361,422.49,1.026,50.87,0.7555,10.67,2.401e-05,0.2162,2.945,1.252,2.297,0.2024,8.884,0.5349,8.427
2022-04-09T15:52:26,42308.98,3214.73,109.95,0.2568,16.81,64.7,19.54,93.28,6.178,173.57,0.5801,0.02376,0.007299,2.364,1.535,2.47,1.443,3.807,164.77,13.64,0.7722,1.547,0.5854,2.362,422.49,1.026,50.87,0.7554,10.66,2.401e-05,0.2162,2.945,1.252,2.297,0.2025,8.886,0.5349,8.427
2022-04-09T15:52:56,42306.01,3213.94,109.99,0.2567,16.8,64.7,19.54,93.23,6.18,173.45,0.5819,0.02376,0.007299,2.364,1.535,2.47,1.443,3.806,164.7,13.65,0.7722,1.548,0.5854,2.361,422.36,1.026,50.86,0.7545,10.66,2.401e-05,0.2162,2.945,1.251,2.297,0.2024,8.878,0.5346,8.426
2022-04-09T15:53:26,42310.94,3214.22,109.99,0.2567,16.8,64.7,19.54,93.24,6.186,173.43,0.5807,0.02377,0.007298,2.364,1.536,2.47,1.443,3.805,164.7,13.65,0.7722,1.548,0.5854,2.361,422.42,1.026,50.87,0.7547,10.67,2.401e-05,0.2162,2.946,1.251,2.297,0.2023,8.862,0.535,8.426
2022-04-09T15:53:56,42302.69,3213,109.97,0.2566,16.8,64.7,19.52,93.2,6.18,173.47,0.5807,0.02377,0.007298,2.367,1.536,2.47,1.443,3.813,164.7,13.65,0.7722,1.549,0.5854,2.36,422.38,1.026,50.87,0.7543,10.67,2.401e-05,0.2162,2.945,1.251,2.297,0.2022,8.853,0.535,8.425
2022-04-09T15:54:26,42287.44,3212.3,109.87,0.2562,16.81,64.7,19.5,93.15,6.176,173.23,0.5809,0.02378,0.007298,2.364,1.536,2.47,1.441,3.808,164.58,13.62,0.7664,1.543,0.5854,2.359,422.01,1.026,50.83,0.7544,10.67,2.399e-05,0.2157,2.942,1.249,2.293,0.2022,8.836,0.5343,8.417
2022-04-09T15:54:56,42275.06,3211.58,109.73,0.256,16.81,64.7,19.5,93.09,6.162,173.16,0.579,0.02377,0.007298,2.364,1.535,2.47,1.441,3.806,164.48,13.62,0.7664,1.543,0.5854,2.358,421.88,1.025,50.78,0.7543,10.65,2.399e-05,0.2155,2.935,1.249,2.292,0.2022,8.832,0.534,8.412
2022-04-09T15:55:26,42246.23,3208.93,109.51,0.2555,16.81,64.6,19.47,93,6.168,172.89,0.5801,0.02376,0.007298,2.364,1.534,2.47,1.439,3.8,164.34,13.62,0.7664,1.538,0.5854,2.354,421.41,1.024,50.66,0.7537,10.64,2.397e-05,0.2152,2.931,1.248,2.289,0.202,8.815,0.5331,8.408
2022-04-09T15:55:56,42254.32,3206.99,109.69,0.2562,16.81,64.4,19.48,93.11,6.164,172.9,0.5788,0.02373,0.007298,2.364,1.532,2.47,1.438,3.803,164.61,13.62,0.768,1.538,0.5854,2.356,421.44,1.023,50.71,0.7539,10.63,2.396e-05,0.2155,2.934,1.249,2.29,0.202,8.812,0.5341,8.405
2022-04-09T15:56:26,42220.91,3205.16,109.68,0.256,16.81,64.5,19.47,93.04,6.161,172.79,0.5788,0.02372,0.007298,2.364,1.53,2.47,1.438,3.799,164.47,13.62,0.768,1.536,0.5854,2.354,421.24,1.022,50.68,0.7538,10.63,2.393e-05,0.2153,2.931,1.248,2.285,0.2019,8.816,0.5354,8.408
2022-04-09T15:56:56,42216.99,3205.98,109.65,0.256,16.8,64.4,19.46,92.98,6.164,172.82,0.5801,0.02371,0.007298,2.364,1.53,2.47,1.439,3.806,164.44,13.62,0.768,1.536,0.5854,2.354,421.4,1.023,50.67,0.7539,10.64,2.394e-05,0.2155,2.931,1.25,2.287,0.2019,8.812,0.5351,8.405
2022-04-09T15:57:26,42222.1,3206.24,109.53,0.2559,16.8,64.4,19.46,93.06,6.16,172.84,0.5808,0.02372,0.007319,2.369,1.53,2.47,1.439,3.8,164.45,13.65,0.768,1.539,0.5854,2.352,421.14,1.023,50.68,0.7539,10.64,2.393e-05,0.2154,2.934,1.25,2.287,0.202,8.807,0.5379,8.406
2022-04-09T15:57:56,42216.8,3206.31,109.56,0.2559,16.8,64.5,19.47,92.97,6.163,172.93,0.5789,0.0237,0.007319,2.369,1.53,2.47,1.438,3.8,164.39,13.65,0.766,1.538,0.5854,2.352,420.94,1.022,50.67,0.7537,10.64,2.391e-05,0.2154,2.934,1.249,2.285,0.202,8.797,0.54,8.401
2022-04-09T15:58:26,42226.13,3207.12,109.55,0.256,16.8,64.5,19.48,92.98,6.172,172.91,0.5789,0.02373,0.007319,2.364,1.53,2.47,1.438,3.799,164.4,13.65,0.766,1.538,0.5854,2.354,420.93,1.022,50.7,0.7538,10.64,2.393e-05,0.2156,2.935,1.25,2.286,0.202,8.8,0.5401,8.401
2022-04-09T15:58:56,42224.43,3207.04,109.55,0.2561,16.8,64.5,19.47,92.96,6.161,172.86,0.5804,0.02373,0.007319,2.364,1.53,2.47,1.438,3.796,164.36,13.65,0.766,1.541,0.5854,2.354,420.91,1.022,50.69,0.7542,10.64,2.392e-05,0.2156,2.934,1.25,2.287,0.202,8.79,0.5401,8.401
2022-04-09T15:59:26,42221.92,3207.43,109.51,0.2558,16.8,64.5,19.45,92.92,6.161,172.73,0.5799,0.02371,0.007319,2.364,1.529,2.47,1.439,3.8,164.29,13.65,0.766,1.539,0.5854,2.353,420.93,1.023,50.68,0.7541,10.66,2.392e-05,0.2156,2.932,1.25,2.286,0.202,8.781,0.5398,8.399
2022-04-09T15:59:56,42216.35,3208.2,109.55,0.2557,16.75,64.3,19.43,92.96,6.166,172.5,0.5789,0.02372,0.007319,2.364,1.529,2.47,1.438,3.8,164.33,13.65,0.7661,1.539,0.5854,2.355,420.88,1.023,50.68,0.7543,10.66,2.392e-05,0.2156,2.934,1.251,2.286,0.202,8.781,0.5396,8.404
2022-04-09T16:00:26,42250.65,3209.29,109.62,0.2558,16.77,64.4,19.44,93.03,6.173,172.81,0.5789,0.02377,0.007319,2.364,1.532,2.47,1.44,3.804,164.72,13.59,0.7661,1.539,0.5854,2.359,421.2,1.024,50.76,0.7549,10.66,2.396e-05,0.2158,2.938,1.252,2.289,0.2021,8.789,0.5397,8.405
2022-04-09T16:00:56,42226.94,3207.47,109.56,0.2562,16.79,64.2,19.42,92.96,6.167,172.94,0.5787,0.02375,0.007319,2.364,1.531,2.47,1.439,3.8,164.56,13.59,0.7661,1.539,0.5854,2.355,421.22,1.024,50.72,0.7542,10.66,2.395e-05,0.2161,2.933,1.253,2.285,0.2022,8.81,0.5397,8.41
2022-04-09T16:01:26,42216.62,3205.04,109.54,0.256,16.79,64.2,19.43,93,6.165,172.64,0.5796,0.02373,0.007319,2.364,1.53,2.47,1.439,3.802,164.53,13.65,0.7704,1.539,0.5842,2.352,421.1,1.023,50.75,0.7541,10.73,2.394e-05,0.2161,2.935,1.253,2.285,0.2021,8.81,0.5409,8.409
2022-04-09T16:01:56,42206.06,3205.03,109.63,0.2563,16.81,64.2,19.44,93.05,6.18,172.78,0.5796,0.02376,0.007321,2.364,1.531,2.47,1.439,3.805,164.47,13.65,0.7704,1.539,0.5842,2.356,420.87,1.022,50.78,0.7544,10.73,2.394e-05,0.2157,2.935,1.253,2.286,0.2021,8.795,0.5406,8.407
2022-04-09T16:02:26,42211.5,3206.15,109.73,0.2565,16.84,64.3,19.45,93.05,6.175,172.72,0.5796,0.02378,0.007321,2.364,1.53,2.47,1.438,3.805,164.51,13.6,0.7704,1.538,0.5842,2.356,420.89,1.023,50.79,0.7548,10.74,2.394e-05,0.2157,2.937,1.254,2.286,0.2021,8.798,0.5405,8.413
2022-04-09T16:02:56,42236,3207.43,109.74,0.2568,16.83,64.3,19.46,93.07,6.174,172.91,0.5786,0.02379,0.007321,2.364,1.53,2.47,1.44,3.801,164.61,13.6,0.7725,1.538,0.5842,2.36,421.28,1.023,50.82,0.755,10.73,2.396e-05,0.2157,2.941,1.256,2.29,0.2022,8.812,0.5405,8.414
2022-04-09T16:03:26,42256.74,3210.57,109.84,0.2574,16.83,64.3,19.48,93.18,6.177,173.01,0.5785,0.02383,0.007321,2.364,1.532,2.47,1.441,3.805,164.76,13.6,0.7725,1.545,0.5842,2.364,421.6,1.024,50.82,0.7551,10.74,2.397e-05,0.2157,2.943,1.256,2.291,0.2022,8.825,0.5405,8.413
2022-04-09T16:03:56,42278.39,3212.26,109.91,0.2576,16.83,64.5,19.5,93.31,6.178,173.21,0.5785,0.02388,0.007321,2.364,1.533,2.47,1.442,3.808,164.87,13.6,0.7671,1.546,0.5842,2.364,421.89,1.024,50.86,0.7557,10.74,2.399e-05,0.2157,2.946,1.257,2.291,0.2024,8.833,0.5402,8.42
2022-04-09T16:04:26,42265.7,3210.88,109.89,0.2573,16.83,64.5,19.47,93.24,6.178,173.24,0.5783,0.02385,0.007321,2.364,1.533,2.47,1.441,3.811,164.97,13.6,0.7671,1.547,0.5842,2.363,421.62,1.024,50.84,0.7558,10.74,2.399e-05,0.2157,2.945,1.258,2.29,0.2024,8.832,0.5395,8.418
2022-04-09T16:04:56,42273.74,3211.15,109.88,0.2572,16.83,64.5,19.48,93.25,6.165,173.17,0.5786,0.02386,0.007329,2.367,1.533,2.47,1.441,3.813,165.04,13.6,0.7671,1.547,0.5842,2.365,421.6,1.025,50.85,0.756,10.73,2.399e-05,0.2157,2.945,1.258,2.292,0.2024,8.834,0.5394,8.414
2022-04-09T16:05:26,42269.82,3210.2,109.87,0.2575,16.83,64.5,19.47,93.22,6.165,173.46,0.5791,0.02387,0.007329,2.367,1.534,2.47,1.44,3.832,164.98,13.65,0.7671,1.547,0.5842,2.364,421.52,1.025,50.84,0.756,10.73,2.398e-05,0.2157,2.945,1.258,2.291,0.2025,8.831,0.5401,8.414
2022-04-09T16:05:56,42280.94,3209.61,109.88,0.2576,16.84,64.5,19.47,93.26,6.162,173.46,0.5791,0.02388,0.007329,2.367,1.534,2.47,1.44,3.828,164.99,13.65,0.7671,1.547,0.5842,2.364,421.65,1.024,50.84,0.7559,10.73,2.399e-05,0.2157,2.945,1.258,2.292,0.2026,8.835,0.5406,8.414
2022-04-09T16:06:26,42292.26,3211.71,109.94,0.2575,16.79,64.5,19.48,93.32,6.182,173.73,0.5797,0.02389,0.007329,2.367,1.534,2.47,1.44,3.826,165.05,13.65,0.766,1.548,0.5842,2.365,421.82,1.025,50.85,0.7559,10.74,2.399e-05,0.2165,2.947,1.258,2.293,0.2027,8.843,0.541,8.411
2022-04-09T16:06:56,42293.4,3212.22,109.97,0.2576,16.8,64.5,19.49,93.4,6.18,173.63,0.5799,0.02392,0.007329,2.367,1.533,2.47,1.441,3.835,165.09,13.65,0.766,1.548,0.5842,2.366,422.05,1.025,50.87,0.756,10.74,2.399e-05,0.2165,2.949,1.259,2.295,0.2027,8.847,0.5392,8.412
2022-04-09T16:07:26,42291.39,3212.14,109.95,0.2577,16.8,64.5,19.48,93.52,6.178,173.62,0.5784,0.02392,0.007303,2.367,1.533,2.47,1.441,3.828,165.11,13.65,0.7648,1.55,0.5842,2.368,422.17,1.025,50.87,0.7562,10.74,2.4e-05,0.2166,2.95,1.26,2.296,0.2027,8.85,0.5385,8.414
2022-04-09T16:07:56,42282.5,3211.74,109.95,0.2578,16.8,64.5,19.48,93.48,6.17,173.63,0.5784,0.02393,0.007303,2.367,1.533,2.47,1.441,3.831,165.08,13.65,0.7671,1.561,0.5842,2.368,422.14,1.025,50.87,0.7562,10.74,2.399e-05,0.2166,2.947,1.26,2.295,0.2027,8.849,0.5368,8.422
2022-04-09T16:08:26,42283.15,3213.56,109.89,0.2581,16.8,64.5,19.48,93.5,6.17,173.6,0.5785,0.02393,0.007303,2.367,1.533,2.47,1.441,3.83,165.14,13.65,0.7671,1.565,0.5842,2.369,422.23,1.025,50.87,0.7562,10.74,2.399e-05,0.2166,2.947,1.26,2.295,0.2027,8.85,0.5371,8.42
2022-04-09T16:08:56,42286.55,3213.53,109.91,0.2581,16.8,64.6,19.48,93.6,6.175,173.73,0.5784,0.02392,0.007303,2.367,1.533,2.47,1.442,3.831,165.15,13.65,0.7671,1.557,0.5842,2.372,422.19,1.025,50.87,0.7564,10.74,2.399e-05,0.2167,2.948,1.26,2.296,0.2027,8.848,0.537,8.419
2022-04-09T16:09:26,42290.21,3213.81,109.95,0.2584,16.8,64.6,19.49,93.61,6.175,173.68,0.5792,0.02392,0.007303,2.367,1.533,2.47,1.442,3.835,165.23,13.65,0.7671,1.556,0.5842,2.371,422.23,1.025,50.89,0.7565,10.74,2.399e-05,0.2168,2.95,1.26,2.296,0.2027,8.847,0.537,8.42
2022-04-09T16:09:56,42287.92,3213.58,109.92,0.2583,16.81,64.6,19.49,93.6,6.179,173.66,0.5793,0.02392,0.007303,2.367,1.531,2.47,1.442,3.835,165.24,13.65,0.7664,1.556,0.5842,2.371,422.14,1.025,50.89,0.7565,10.74,2.399e-05,0.2171,2.95,1.26,2.296,0.2027,8.847,0.537,8.418
2022-04-09T16:10:26,42289.42,3213.79,109.93,0.2583,16.81,64.7,19.49,93.62,6.181,173.7,0.5798,0.02391,0.007303,2.367,1.531,2.47,1.442,3.835,165.27,13.65,0.7671,1.575,0.5842,2.371,422.22,1.026,50.9,0.7568,10.74,2.399e-05,0.2171,2.951,1.261,2.297,0.2028,8.854,0.5372,8.417
2022-04-09T16:10:56,42292.7,3213.8,109.93,0.2582,16.82,64.7,19.49,93.53,6.181,173.87,0.5799,0.02392,0.007303,2.367,1.531,2.47,1.443,3.835,165.3,13.65,0.7671,1.576,0.5842,2.372,422.26,1.026,50.91,0.7568,10.74,2.399e-05,0.217,2.95,1.261,2.297,0.2029,8.847,0.5378,8.422
2022-04-09T16:11:26,42296.55,3213.99,109.92,0.2583,16.82,64.7,19.48,93.55,6.181,173.91,0.5795,0.02391,0.007303,2.367,1.531,2.47,1.443,3.835,165.31,13.65,0.7661,1.576,0.5842,2.373,422.33,1.026,50.91,0.7567,10.74,2.399e-05,0.217,2.95,1.261,2.297,0.2029,8.843,0.5381,8.423
2022-04-09T16:11:56,42295.96,3214.11,109.94,0.2582,16.82,64.7,19.48,93.57,6.178,173.96,0.5795,0.02391,0.007331,2.367,1.531,2.47,1.442,3.835,165.32,13.65,0.7661,1.58,0.5842,2.373,422.36,1.026,50.94,0.7568,10.74,2.398e-05,0.217,2.95,1.261,2.297,0.2029,8.847,0.5382,8.423
2022-04-09T16:12:26,42288,3213.79,109.93,0.2581,16.82,64.6,19.47,93.55,6.184,174.05,0.5796,0.02391,0.007331,2.367,1.531,2.47,1.442,3.837,165.35,13.65,0.7653,1.57,0.5842,2.373,422.28,1.026,50.93,0.7566,10.74,2.399e-05,0.217,2.949,1.26,2.296,0.2028,8.841,0.5372,8.425
2022-04-09T16:12:56,42292.46,3213.98,109.94,0.2581,16.82,64.6,19.47,93.58,6.181,174.09,0.5798,0.02391,0.007331,2.367,1.531,2.47,1.442,3.838,165.27,13.65,0.78,1.57,0.5842,2.373,422.16,1.026,50.92,0.7567,10.74,2.398e-05,0.217,2.949,1.26,2.296,0.2029,8.842,0.537,8.424
2022-04-09T16:13:26,42294.69,3214.46,109.91,0.2581,16.82,64.7,19.47,93.59,6.182,174.06,0.5798,0.02392,0.007331,2.367,1.53,2.47,1.442,3.837,165.25,13.65,0.78,1.576,0.5838,2.373,422.24,1.026,50.92,0.7569,10.74,2.399e-05,0.217,2.949,1.26,2.296,0.2029,8.836,0.5357,8.424
2022-04-09T16:13:56,42296.57,3214.55,109.92,0.2581,16.81,64.7,19.47,93.6,6.184,174.08,0.5798,0.02395,0.007331,2.367,1.53,2.47,1.442,3.84,165.3,13.65,0.78,1.57,0.5838,2.373,422.22,1.026,50.93,0.7569,10.73,2.399e-05,0.217,2.949,1.261,2.296,0.2029,8.841,0.5368,8.42
2022-04-09T16:14:26,42310.67,3214.77,109.94,0.2584,16.81,64.8,19.48,93.81,6.185,174.32,0.5797,0.02396,0.007331,2.367,1.529,2.47,1.442,3.84,165.32,13.65,0.78,1.57,0.5838,2.376,422.35,1.027,50.97,0.7571,10.73,2.4e-05,0.217,2.95,1.261,2.297,0.203,8.844,0.537,8.424
2022-04-09T16:14:56,42306.59,3214.36,109.71,0.2584,16.81,64.8,19.47,93.78,6.183,174.35,0.5798,0.02395,0.007331,2.367,1.529,2.47,1.442,3.84,165.35,13.65,0.78,1.57,0.5838,2.376,422.26,1.027,50.97,0.757,10.73,2.399e-05,0.217,2.95,1.261,2.297,0.2029,8.841,0.537,8.424
2022-04-09T16:15:26,42302.99,3213.91,109.7,0.2582,16.81,64.8,19.46,93.86,6.184,174.22,0.5798,0.02394,0.007331,2.367,1.529,2.47,1.442,3.838,165.37,13.65,0.78,1.57,0.5838,2.376,422.24,1.027,50.94,0.7569,10.73,2.399e-05,0.217,2.949,1.261,2.297,0.203,8.837,0.5365,8.426
2022-04-09T16:15:56,42295.87,3213.65,109.73,0.2582,16.81,64.8,19.47,93.81,6.185,174.27,0.5799,0.02394,0.007331,2.367,1.529,2.47,1.442,3.839,165.41,13.65,0.7768,1.567,0.5838,2.375,422.24,1.026,50.97,0.757,10.73,2.4e-05,0.217,2.949,1.261,2.297,0.203,8.831,0.5355,8.43
2022-04-09T16:16:26,42300.13,3213.5,109.74,0.2583,16.82,64.7,19.46,93.78,6.185,174.25,0.5798,0.02395,0.007331,2.367,1.53,2.47,1.441,3.839,165.41,13.62,0.7768,1.581,0.5838,2.375,422.13,1.027,50.98,0.757,10.73,2.401e-05,0.217,2.949,1.261,2.297,0.203,8.832,0.5354,8.43
2022-04-09T16:16:56,42306.19,3213.96,109.76,0.2584,16.82,64.7,19.47,93.81,6.185,174.34,0.5799,0.02396,0.007324,2.367,1.531,2.47,1.441,3.837,165.47,13.62,0.7768,1.581,0.5838,2.379,422.32,1.027,51,0.757,10.73,2.402e-05,0.217,2.95,1.262,2.298,0.203,8.836,0.5353,8.431
2022-04-09T16:17:26,42337.4,3216.99,109.79,0.2585,16.77,64.8,19.48,93.92,6.194,174.38,0.5799,0.02399,0.007338,2.367,1.531,2.47,1.444,3.846,165.61,13.62,0.7787,1.581,0.5838,2.382,422.39,1.028,51.05,0.7573,10.79,2.405e-05,0.2173,2.954,1.262,2.3,0.2032,8.837,0.5351,8.437
2022-04-09T16:17:56,42337.7,3217.87,110.09,0.2591,16.77,65,19.49,94.02,6.201,174.41,0.5799,0.02399,0.007338,2.367,1.532,2.47,1.445,3.843,165.64,13.62,0.7823,1.579,0.5838,2.385,423.04,1.029,51.06,0.7576,10.79,2.406e-05,0.2173,2.955,1.264,2.301,0.2034,8.856,0.5342,8.435
2022-04-09T16:18:26,42338.86,3217.97,110.08,0.2591,16.77,64.9,19.49,94.06,6.204,174.55,0.5799,0.02399,0.007338,2.367,1.533,2.47,1.446,3.843,165.67,13.65,0.7823,1.583,0.5838,2.385,423.16,1.029,51.07,0.7576,10.79,2.406e-05,0.2173,2.956,1.264,2.303,0.2034,8.857,0.5337,8.437
2022-04-09T16:18:56,42351.22,3218.51,110.12,0.2592,16.77,65,19.5,94.11,6.204,174.55,0.5802,0.02399,0.007338,2.367,1.533,2.47,1.446,3.845,165.72,13.65,0.7823,1.583,0.5838,2.387,423.15,1.029,51.08,0.7578,10.79,2.406e-05,0.2173,2.957,1.264,2.304,0.2035,8.859,0.5334,8.439
2022-04-09T16:19:26,42346.05,3218.45,110.08,0.2592,16.77,65,19.5,94.12,6.206,174.63,0.5802,0.024,0.007338,2.367,1.535,2.47,1.445,3.842,165.76,13.65,0.7803,1.58,0.5838,2.388,423.16,1.029,51.08,0.7578,10.79,2.406e-05,0.2175,2.957,1.264,2.304,0.2037,8.865,0.5333,8.443
2022-04-09T16:19:56,42348.36,3219.02,110.1,0.2591,16.79,65,19.5,94.1,6.203,174.38,0.5821,0.02399,0.007338,2.367,1.536,2.47,1.447,3.843,165.8,13.65,0.7819,1.58,0.5838,2.388,423.19,1.029,51.07,0.7579,10.79,2.405e-05,0.2175,2.958,1.264,2.304,0.2037,8.866,0.532,8.445
2022-04-09T16:20:26,42345.52,3218.77,110.1,0.2588,16.81,65,19.5,94.1,6.209,174.37,0.5847,0.02401,0.007338,2.367,1.535,2.47,1.445,3.845,165.75,13.65,0.7819,1.578,0.5838,2.388,423.2,1.03,51.06,0.758,10.79,2.406e-05,0.2175,2.958,1.264,2.304,0.2037,8.864,0.5328,8.451
2022-04-09T16:20:56,42345.37,3219.38,110.13,0.2587,16.81,65,19.5,94.12,6.212,174.43,0.5874,0.024,0.007338,2.367,1.536,2.47,1.446,3.845,165.75,13.65,0.7819,1.576,0.5838,2.388,423.11,1.03,51.06,0.7579,10.81,2.408e-05,0.2175,2.957,1.264,2.304,0.2037,8.859,0.5331,8.452
2022-04-09T16:21:26,42351.88,3220.58,110.16,0.2587,16.81,65,19.5,94.13,6.208,174.5,0.5884,0.024,0.007338,2.367,1.536,2.47,1.447,3.845,165.79,13.65,0.7819,1.576,0.5838,2.389,423.36,1.03,51.07,0.7581,10.81,2.409e-05,0.2175,2.958,1.264,2.304,0.2037,8.854,0.5335,8.458
2022-04-09T16:21:56,42346.15,3220.14,110.15,0.2589,16.81,65.1,19.5,94.16,6.214,174.41,0.5884,0.02399,0.007327,2.367,1.536,2.47,1.446,3.845,165.75,13.65,0.7781,1.576,0.5838,2.388,423.41,1.03,51.06,0.758,10.81,2.409e-05,0.2175,2.958,1.263,2.303,0.2037,8.856,0.5337,8.459
2022-04-09T16:22:26,42355.64,3219.73,110.21,0.2591,16.81,65.1,19.51,94.17,6.214,174.36,0.5909,0.02399,0.007327,2.367,1.536,2.47,1.446,3.845,165.8,13.65,0.7781,1.579,0.5838,2.388,423.49,1.031,51.06,0.7582,10.81,2.409e-05,0.2175,2.959,1.264,2.304,0.2037,8.858,0.5333,8.462
2022-04-09T16:22:56,42356.65,3219.45,110.16,0.2589,16.81,65.3,19.5,94.12,6.214,174.47,0.59,0.02399,0.00734,2.367,1.537,2.47,1.446,3.849,165.78,13.65,0.7781,1.579,0.5838,2.388,423.41,1.03,51.08,0.7584,10.81,2.409e-05,0.2175,2.958,1.264,2.304,0.2037,8.856,0.5338,8.456
2022-04-09T16:23:26,42361.05,3220.33,110.25,0.259,16.83,65.3,19.5,94.16,6.213,174.41,0.59,0.02395,0.00734,2.367,1.538,2.47,1.446,3.849,165.8,13.65,0.7781,1.579,0.5838,2.388,423.35,1.03,51.07,0.7585,10.81,2.41e-05,0.2175,2.959,1.264,2.304,0.2037,8.86,0.5346,8.456
2022-04-09T16:23:56,42360.2,3220.12,110.19,0.2589,16.82,65.3,19.5,94.18,6.219,174.36,0.591,0.02395,0.00734,2.367,1.538,2.47,1.446,3.849,165.8,13.65,0.7781,1.579,0.5838,2.389,423.35,1.03,51.04,0.7584,10.81,2.41e-05,0.2175,2.958,1.264,2.304,0.2037,8.862,0.5344,8.455
2022-04-09T16:24:26,42360.73,3220.09,110.23,0.2589,16.82,65.4,19.5,94.17,6.228,174.36,0.5897,0.02395,0.00734,2.367,1.538,2.47,1.446,3.847,165.82,13.65,0.7984,1.579,0.5842,2.389,423.35,1.03,51.02,0.7584,10.81,2.409e-05,0.2175,2.959,1.264,2.304,0.2037,8.865,0.535,8.455
2022-04-09T16:24:56,42364.31,3220.39,110.23,0.2589,16.82,65.4,19.5,94.18,6.223,174.36,0.5916,0.02398,0.00734,2.367,1.538,2.47,1.446,3.847,165.83,13.65,0.7984,1.58,0.5842,2.389,423.3,1.03,51.02,0.7585,10.81,2.409e-05,0.2175,2.959,1.264,2.303,0.2037,8.865,0.535,8.455
2022-04-09T16:25:26,42370.37,3220.34,110.24,0.2591,16.82,65.4,19.5,94.19,6.224,174.36,0.5916,0.02397,0.007292,2.367,1.538,2.47,1.446,3.847,165.87,13.65,0.7984,1.58,0.5842,2.389,423.38,1.03,51.03,0.7585,10.81,2.409e-05,0.2176,2.96,1.264,2.304,0.2038,8.869,0.5353,8.456
2022-04-09T16:25:56,42389.55,3221.23,110.26,0.2593,16.82,65.5,19.51,94.16,6.232,174.56,0.5916,0.02399,0.007292,2.367,1.538,2.47,1.446,3.847,165.87,13.65,0.7984,1.58,0.5842,2.39,423.45,1.031,51.06,0.7588,10.81,2.409e-05,0.2176,2.962,1.264,2.305,0.2038,8.869,0.5355,8.465
2022-04-09T16:26:26,42399.96,3221.66,110.32,0.2593,16.83,65.5,19.51,94.07,6.233,174.54,0.5917,0.02399,0.007292,2.367,1.538,2.48,1.447,3.847,165.9,13.65,0.7984,1.58,0.5842,2.39,423.58,1.031,51.09,0.7589,10.81,2.41e-05,0.2176,2.963,1.265,2.306,0.2038,8.876,0.5352,8.462
2022-04-09T16:26:56,42401.26,3221.46,110.31,0.2594,16.83,65.4,19.51,94.06,6.233,174.41,0.5911,0.02396,0.007292,2.367,1.538,2.48,1.447,3.847,165.84,13.65,0.7984,1.578,0.5842,2.391,423.56,1.031,51.11,0.7589,10.81,2.409e-05,0.2176,2.963,1.265,2.306,0.2038,8.875,0.5349,8.461
2022-04-09T16:27:26,42412.09,3222.41,110.31,0.2593,16.84,65.4,19.5,94.1,6.237,174.42,0.5912,0.02399,0.007292,2.367,1.538,2.48,1.446,3.849,165.83,13.65,0.79,1.582,0.5842,2.39,423.58,1.031,51.11,0.759,10.81,2.41e-05,0.2176,2.963,1.266,2.306,0.2038,8.879,0.535,8.464
2022-04-09T16:27:56,42426.21,3222.93,110.32,0.2593,16.86,65.4,19.51,94.14,6.235,174.47,0.5918,0.02399,0.007292,2.367,1.538,2.48,1.447,3.847,165.89,13.65,0.79,1.581,0.5842,2.391,423.71,1.031,51.14,0.7592,10.82,2.411e-05,0.2176,2.963,1.266,2.306,0.2038,8.884,0.5363,8.465
2022-04-09T16:28:26,42409.89,3222.61,110.22,0.2593,16.86,65.4,19.5,94.02,6.239,174.48,0.5923,0.02398,0.007299,2.367,1.538,2.48,1.447,3.847,165.81,13.65,0.79,1.578,0.5842,2.39,423.72,1.03,51.1,0.759,10.82,2.41e-05,0.2176,2.958,1.265,2.303,0.2038,8.884,0.5355,8.469
2022-04-09T16:28:56,42408.6,3221.26,110.1,0.2588,16.86,65.5,19.5,94.05,6.214,174.43,0.5911,0.02396,0.007299,2.367,1.536,2.48,1.445,3.841,165.66,13.65,0.79,1.581,0.5842,2.39,423.65,1.03,51.1,0.7589,10.82,2.41e-05,0.2173,2.958,1.264,2.302,0.2037,8.893,0.5361,8.464
2022-04-09T16:29:26,42403.87,3220.93,110.12,0.2587,16.86,65.6,19.51,94.06,6.21,174.41,0.591,0.02396,0.007299,2.367,1.536,2.48,1.444,3.845,165.8,13.65,0.79,1.584,0.5842,2.39,423.63,1.031,51.09,0.7592,10.82,2.41e-05,0.2173,2.958,1.264,2.303,0.2037,8.898,0.536,8.468
2022-04-09T16:29:56,42412.81,3221.07,110.16,0.2588,16.86,65.5,19.52,94.11,6.209,174.51,0.592,0.02395,0.007299,2.367,1.536,2.48,1.446,3.845,165.86,13.65,0.7881,1.584,0.5842,2.391,423.7,1.031,51.09,0.7594,10.82,2.41e-05,0.2173,2.96,1.265,2.303,0.2037,8.901,0.5372,8.47
2022-04-09T16:30:26,42421.34,3221.53,110.22,0.2589,16.87,65.5,19.53,94.12,6.208,174.56,0.5921,0.02395,0.007299,2.367,1.536,2.48,1.446,3.846,165.96,13.65,0.7881,1.584,0.5842,2.393,423.85,1.031,51.11,0.7595,10.82,2.411e-05,0.2173,2.961,1.266,2.303,0.2038,8.907,0.5378,8.47
2022-04-09T16:30:56,42426.56,3222.23,110.4,0.259,16.87,65.6,19.53,94.1,6.209,174.5,0.5921,0.02395,0.007307,2.367,1.536,2.48,1.447,3.847,165.98,13.65,0.7881,1.583,0.5842,2.395,423.85,1.031,51.11,0.7597,10.82,2.412e-05,0.218,2.963,1.266,2.304,0.2038,8.908,0.5378,8.47
2022-04-09T16:31:26,42432.6,3222.93,110.38,0.2591,16.87,65.6,19.53,94.08,6.209,174.56,0.5921,0.02395,0.007307,2.367,1.536,2.48,1.447,3.848,166,13.65,0.7881,1.581,0.5842,2.397,423.81,1.031,51.14,0.7599,10.82,2.413e-05,0.218,2.964,1.267,2.305,0.2038,8.915,0.5376,8.466
2022-04-09T16:31:56,42437.25,3223.31,110.45,0.2591,16.88,65.6,19.53,94.07,6.203,174.59,0.5951,0.02395,0.007307,2.367,1.536,2.48,1.447,3.845,166.07,13.65,0.7908,1.581,0.5842,2.403,423.69,1.031,51.14,0.76,10.82,2.413e-05,0.2182,2.964,1.269,2.306,0.2038,8.916,0.538,8.47
2022-04-09T16:32:26,42439.72,3223.72,110.48,0.2589,16.88,65.7,19.54,94.08,6.204,174.65,0.5931,0.02395,0.007307,2.367,1.538,2.48,1.449,3.845,166.19,13.66,0.7908,1.585,0.5842,2.406,423.77,1.032,51.13,0.7601,10.82,2.414e-05,0.2183,2.966,1.269,2.307,0.2038,8.919,0.5403,8.471
2022-04-09T16:32:56,42447.64,3224.12,110.56,0.2591,16.88,65.7,19.55,94.13,6.229,174.78,0.5954,0.02398,0.007307,2.367,1.539,2.48,1.449,3.857,166.2,13.66,0.7908,1.586,0.584,2.407,423.89,1.033,51.19,0.7601,10.82,2.415e-05,0.2183,2.966,1.269,2.307,0.2039,8.929,0.5412,8.474
2022-04-09T16:33:26,42450.71,3224.8,110.53,0.2589,16.88,65.6,19.56,94.16,6.222,174.77,0.5954,0.02398,0.007307,2.367,1.538,2.48,1.449,3.858,166.16,13.66,0.7908,1.589,0.584,2.407,423.8,1.033,51.19,0.76,10.82,2.413e-05,0.2182,2.966,1.269,2.307,0.2038,8.916,0.5412,8.478
2022-04-09T16:33:56,42450.44,3225.22,110.5,0.259,16.88,65.6,19.57,94.16,6.222,174.72,0.5954,0.02399,0.007307,2.367,1.538,2.48,1.449,3.858,166.04,13.66,0.7908,1.589,0.584,2.407,423.86,1.033,51.19,0.7597,10.82,2.413e-05,0.2182,2.966,1.27,2.307,0.2038,8.914,0.5376,8.479
2022-04-09T16:34:26,42440.12,3225.72,110.49,0.259,16.88,65.6,19.58,94.12,6.205,174.73,0.5954,0.02399,0.007307,2.367,1.537,2.48,1.449,3.855,166.11,13.66,0.7908,1.579,0.5838,2.407,423.75,1.033,51.2,0.7596,10.82,2.414e-05,0.2182,2.965,1.269,2.306,0.2038,8.905,0.5363,8.478
2022-04-09T16:34:56,42435.59,3224.77,110.45,0.2587,16.88,65.6,19.56,94.15,6.2,174.62,0.5954,0.02397,0.007307,2.367,1.537,2.48,1.449,3.854,165.87,13.66,0.7908,1.575,0.5838,2.405,423.61,1.033,51.21,0.7593,10.82,2.413e-05,0.2182,2.963,1.268,2.304,0.2037,8.885,0.5373,8.474
2022-04-09T16:35:26,42447.99,3224.36,110.53,0.2585,16.88,65.6,19.57,94.17,6.159,174.6,0.5954,0.02397,0.007307,2.367,1.537,2.48,1.449,3.854,165.83,13.66,0.7908,1.575,0.5838,2.405,423.55,1.032,51.22,0.7594,10.82,2.412e-05,0.2182,2.964,1.267,2.303,0.2038,8.893,0.5371,8.474
2022-04-09T16:35:56,42447.52,3223.79,110.56,0.2585,16.89,65.6,19.57,94.17,6.156,174.54,0.5942,0.02396,0.007307,2.367,1.536,2.48,1.449,3.853,165.78,13.66,0.7896,1.575,0.5838,2.405,423.61,1.032,51.2,0.7594,10.82,2.412e-05,0.2182,2.964,1.267,2.302,0.2037,8.894,0.5371,8.474
2022-04-09T16:36:26,42431.42,3221.41,110.27,0.2584,16.89,65.6,19.55,94.07,6.145,174.24,0.5916,0.02397,0.007324,2.367,1.537,2.48,1.448,3.846,165.55,13.66,0.7869,1.575,0.5838,2.402,423.14,1.031,51.16,0.7592,10.82,2.411e-05,0.2179,2.96,1.266,2.3,0.2037,8.896,0.5383,8.473
2022-04-09T16:36:56,42426.55,3221.52,110.29,0.2582,16.89,65.6,19.54,94.06,6.144,174.16,0.5913,0.02395,0.007309,2.367,1.534,2.48,1.446,3.845,165.53,13.66,0.7869,1.577,0.5838,2.394,422.98,1.031,51.14,0.7586,10.82,2.41e-05,0.2178,2.96,1.266,2.301,0.2036,8.892,0.5384,8.471
2022-04-09T16:37:26,42412.89,3221.3,110.27,0.2577,16.9,65.2,19.53,94.03,6.147,174.06,0.5913,0.02394,0.007292,2.367,1.533,2.48,1.445,3.83,165.39,13.66,0.7869,1.576,0.5838,2.393,422.89,1.031,51.06,0.7583,10.82,2.409e-05,0.2176,2.959,1.264,2.3,0.2035,8.883,0.5384,8.466
2022-04-09T16:37:56,42423.89,3221.41,110.36,0.2581,16.9,65.2,19.53,94.07,6.154,174,0.5921,0.02393,0.007292,2.367,1.534,2.48,1.446,3.828,165.43,13.66,0.7898,1.578,0.5838,2.394,423.02,1.031,51.08,0.7585,10.82,2.409e-05,0.2176,2.962,1.264,2.302,0.2035,8.879,0.5384,8.469
2022-04-09T16:38:26,42432.19,3220.8,110.37,0.2582,16.9,65.2,19.54,94.08,6.152,174.05,0.5911,0.02392,0.007292,2.366,1.534,2.48,1.445,3.832,165.47,13.66,0.7898,1.578,0.5838,2.393,423.1,1.031,51.1,0.7585,10.82,2.41e-05,0.2178,2.961,1.264,2.302,0.2036,8.875,0.5385,8.474
2022-04-09T16:38:56,42426.53,3220.79,110.36,0.2582,16.9,65.2,19.54,94.08,6.152,174.01,0.5911,0.02393,0.007292,2.366,1.534,2.48,1.445,3.83,165.46,13.66,0.7935,1.576,0.5838,2.394,423.19,1.03,51.11,0.7585,10.82,2.41e-05,0.2178,2.961,1.264,2.301,0.2036,8.868,0.5385,8.475
2022-04-09T16:39:26,42425.72,3220.85,110.35,0.2581,16.9,65.2,19.54,94.08,6.158,174,0.5922,0.02393,0.007292,2.366,1.534,2.48,1.445,3.836,165.45,13.66,0.7935,1.576,0.5838,2.393,423.01,1.03,51.12,0.7585,10.82,2.409e-05,0.2178,2.96,1.264,2.3,0.2036,8.868,0.5385,8.476
2022-04-09T16:39:56,42431.55,3219.98,110.37,0.2581,16.9,65.2,19.54,94.06,6.158,174,0.5922,0.02394,0.007292,2.366,1.534,2.48,1.444,3.828,165.45,13.66,0.7935,1.575,0.584,2.393,423.13,1.031,51.12,0.7586,10.82,2.409e-05,0.2177,2.959,1.264,2.3,0.2036,8.86,0.5368,8.476
2022-04-09T16:40:26,42430.97,3220.01,110.37,0.2581,16.9,65.3,19.54,94.07,6.151,173.9,0.5926,0.02393,0.007314,2.366,1.534,2.48,1.444,3.828,165.48,13.66,0.7935,1.577,0.584,2.393,422.98,1.031,51.13,0.7587,10.82,2.409e-05,0.2177,2.959,1.264,2.3,0.2035,8.869,0.538,8.477
2022-04-09T16:40:56,42432,3221.14,110.38,0.2583,16.94,65.5,19.54,94.1,6.155,173.97,0.5926,0.02394,0.0073,2.366,1.534,2.48,1.446,3.829,165.53,13.66,0.7935,1.582,0.584,2.393,422.96,1.031,51.16,0.7587,10.82,2.41e-05,0.2177,2.959,1.264,2.3,0.2036,8.871,0.538,8.47
2022-04-09T16:41:26,42431.3,3221.25,110.39,0.2583,16.94,65.5,19.54,94.14,6.157,173.98,0.5927,0.02395,0.0073,2.366,1.534,2.48,1.445,3.83,165.6,13.67,0.7928,1.583,0.584,2.393,422.9,1.031,51.15,0.7587,10.82,2.41e-05,0.2177,2.96,1.264,2.301,0.2036,8.866,0.5392,8.474
2022-04-09T16:41:56,42430.42,3221.39,110.4,0.2583,16.94,65.5,19.54,94.16,6.155,174.03,0.5926,0.02394,0.0073,2.366,1.533,2.48,1.445,3.821,165.5,13.67,0.7928,1.583,0.584,2.393,422.93,1.03,51.15,0.7587,10.82,2.41e-05,0.2177,2.958,1.264,2.3,0.2036,8.856,0.5384,8.472
2022-04-09T16:42:26,42453.87,3222.41,110.4,0.2583,16.94,65.5,19.54,94.22,6.156,174.05,0.5931,0.02397,0.0073,2.372,1.531,2.48,1.445,3.831,165.62,13.67,0.7928,1.583,0.584,2.394,423.02,1.031,51.14,0.759,10.82,2.41e-05,0.2176,2.96,1.265,2.302,0.2036,8.85,0.5387,8.473
2022-04-09T16:42:56,42451.25,3222.31,110.34,0.2583,16.94,65.4,19.54,94.22,6.157,174.02,0.5931,0.02396,0.0073,2.378,1.531,2.48,1.446,3.829,165.53,13.67,0.7928,1.584,0.584,2.394,423.04,1.032,51.14,0.7587,10.78,2.41e-05,0.2176,2.96,1.265,2.301,0.2036,8.852,0.5385,8.474
2022-04-09T16:43:26,42444.33,3221.81,110.26,0.2584,16.94,65.4,19.53,94.26,6.157,174.03,0.5931,0.02395,0.00731,2.378,1.531,2.48,1.445,3.829,165.54,13.67,0.7928,1.584,0.584,2.394,422.98,1.031,51.15,0.7587,10.78,2.41e-05,0.2176,2.96,1.264,2.302,0.2036,8.856,0.5393,8.474
2022-04-09T16:43:56,42439.59,3221.79,110.24,0.2584,16.94,65.4,19.52,94.26,6.154,174.07,0.5931,0.02393,0.00731,2.378,1.531,2.48,1.445,3.825,165.51,13.67,0.7928,1.584,0.584,2.393,422.82,1.031,51.13,0.7587,10.78,2.408e-05,0.2176,2.96,1.263,2.301,0.2035,8.849,0.5391,8.474
2022-04-09T16:44:26,42436.43,3222.08,110.26,0.2585,16.94,65.4,19.52,94.24,6.152,174.09,0.5931,0.02394,0.00731,2.378,1.531,2.48,1.445,3.824,165.59,13.67,0.7928,1.579,0.584,2.395,422.93,1.031,51.14,0.7586,10.78,2.408e-05,0.2176,2.959,1.263,2.301,0.2035,8.849,0.5402,8.478
2022-04-09T16:44:56,42434.87,3222.32,110.28,0.2584,16.94,65.4,19.53,94.19,6.161,174.13,0.5931,0.02394,0.00731,2.378,1.531,2.48,1.446,3.819,165.61,13.67,0.7928,1.579,0.584,2.396,422.88,1.031,51.14,0.7586,10.78,2.408e-05,0.2176,2.959,1.263,2.301,0.2035,8.849,0.5409,8.478
2022-04-09T16:45:26,42437.58,3222.49,110.3,0.2584,16.94,65.3,19.53,94.19,6.157,174.02,0.5931,0.02394,0.00731,2.377,1.53,2.48,1.445,3.821,165.61,13.67,0.7928,1.579,0.584,2.397,423.03,1.031,51.15,0.7586,10.78,2.41e-05,0.218,2.96,1.264,2.302,0.2036,8.851,0.5409,8.479
2022-04-09T16:45:56,42435.38,3223.06,110.31,0.2585,16.94,65.4,19.53,94.25,6.152,174.08,0.5957,0.02394,0.00731,2.377,1.53,2.48,1.444,3.821,165.61,13.67,0.7904,1.579,0.584,2.397,422.91,1.031,51.15,0.7586,10.78,2.41e-05,0.2179,2.96,1.264,2.302,0.2036,8.851,0.5406,8.477
2022-04-09T16:46:26,42442.62,3222.98,110.37,0.2585,16.94,65.5,19.54,94.23,6.154,174.11,0.5957,0.02394,0.007287,2.377,1.53,2.48,1.446,3.819,165.62,13.67,0.7904,1.573,0.584,2.395,422.99,1.032,51.16,0.7585,10.78,2.41e-05,0.2179,2.96,1.264,2.301,0.2036,8.863,0.5399,8.481
2022-04-09T16:46:56,42442.16,3222.91,110.39,0.2584,16.94,65.5,19.54,94.21,6.156,174.11,0.5958,0.02394,0.007287,2.377,1.53,2.48,1.445,3.819,165.56,13.67,0.7904,1.573,0.584,2.394,422.89,1.031,51.16,0.7585,10.78,2.409e-05,0.2179,2.961,1.264,2.301,0.2036,8.867,0.5393,8.481
2022-04-09T16:47:26,42460.35,3222.97,110.46,0.2583,16.94,65.5,19.53,94.22,6.164,174.13,0.5958,0.02395,0.007287,2.377,1.53,2.48,1.446,3.821,165.64,13.61,0.7904,1.575,0.584,2.394,422.93,1.032,51.16,0.7588,10.78,2.41e-05,0.2179,2.962,1.265,2.303,0.2036,8.884,0.5399,8.481
2022-04-09T16:47:56,42456.65,3222.71,110.41,0.2583,16.88,65.5,19.54,94.23,6.173,174.15,0.5958,0.02395,0.007287,2.377,1.53,2.48,1.445,3.823,165.49,13.61,0.7904,1.575,0.584,2.395,423.09,1.032,51.16,0.7588,10.78,2.41e-05,0.2179,2.962,1.265,2.303,0.2037,8.881,0.5399,8.481
2022-04-09T16:48:26,42458.16,3222.72,110.42,0.2584,16.88,65.4,19.54,94.19,6.18,174.53,0.5959,0.02395,0.007287,2.377,1.53,2.48,1.445,3.823,165.48,13.61,0.7904,1.578,0.584,2.396,422.98,1.03,51.15,0.7588,10.8,2.411e-05,0.2179,2.962,1.265,2.303,0.2037,8.88,0.539,8.482
2022-04-09T16:48:56,42462.83,3223.13,110.48,0.2583,16.88,65.4,19.55,94.18,6.18,174.5,0.5959,0.02395,0.007287,2.377,1.531,2.48,1.445,3.823,165.57,13.61,0.7904,1.575,0.584,2.395,422.93,1.03,51.15,0.7588,10.8,2.411e-05,0.2179,2.963,1.266,2.303,0.2037,8.878,0.5394,8.484
2022-04-09T16:49:26,42465.82,3223.55,110.49,0.2585,16.88,65.4,19.55,94.21,6.179,174.47,0.594,0.02395,0.007287,2.377,1.532,2.48,1.446,3.825,165.55,13.61,0.7928,1.575,0.584,2.396,422.99,1.031,51.12,0.7589,10.8,2.411e-05,0.2179,2.964,1.266,2.304,0.2037,8.873,0.54,8.48
2022-04-09T16:49:56,42466.97,3223.28,110.49,0.2583,16.88,65.4,19.56,94.24,6.185,174.48,0.5958,0.02395,0.007287,2.377,1.528,2.48,1.446,3.823,165.5,13.61,0.7928,1.575,0.584,2.395,422.97,1.03,51.12,0.759,10.8,2.411e-05,0.2179,2.964,1.266,2.304,0.2037,8.869,0.5392,8.487
2022-04-09T16:50:26,42469.99,3223.27,110.56,0.2585,16.88,65.4,19.56,94.23,6.185,174.59,0.5957,0.02394,0.007287,2.377,1.529,2.48,1.445,3.822,165.47,13.61,0.7888,1.575,0.584,2.395,422.99,1.03,51.07,0.759,10.8,2.411e-05,0.2179,2.964,1.266,2.304,0.2037,8.864,0.5409,8.488
2022-04-09T16:50:56,42470.48,3223.37,110.66,0.2584,16.92,65.5,19.56,94.23,6.185,174.62,0.5957,0.02395,0.007287,2.38,1.529,2.48,1.446,3.822,165.53,13.61,0.791,1.575,0.584,2.395,422.94,1.031,51.05,0.7591,10.8,2.411e-05,0.2179,2.964,1.266,2.306,0.2037,8.866,0.541,8.487
2022-04-09T16:51:26,42485.94,3225.47,110.59,0.2587,16.91,65.5,19.57,94.24,6.193,174.67,0.5958,0.02397,0.007311,2.38,1.529,2.48,1.447,3.828,165.57,13.61,0.791,1.575,0.584,2.399,423.22,1.031,51.11,0.7593,10.8,2.412e-05,0.2182,2.966,1.267,2.307,0.2037,8.871,0.5419,8.493
2022-04-09T16:51:56,42488.49,3225.17,110.6,0.2587,16.91,65.5,19.57,94.26,6.194,174.68,0.596,0.02395,0.007311,2.381,1.53,2.48,1.447,3.828,165.57,13.61,0.791,1.582,0.584,2.399,423.27,1.032,51.1,0.7593,10.8,2.412e-05,0.2182,2.965,1.267,2.306,0.2037,8.869,0.5417,8.493
2022-04-09T16:52:26,42478.62,3224.85,110.62,0.2585,16.91,65.5,19.57,94.31,6.193,174.67,0.5962,0.02396,0.007311,2.381,1.529,2.48,1.446,3.828,165.57,13.61,0.791,1.582,0.584,2.4,423.19,1.031,51.07,0.7593,10.81,2.41e-05,0.2182,2.965,1.266,2.306,0.2037,8.871,0.5405,8.495
2022-04-09T16:52:56,42478.42,3224.28,110.52,0.2583,16.91,65.5,19.56,94.28,6.188,174.71,0.5962,0.02396,0.007311,2.381,1.527,2.48,1.446,3.832,165.52,13.61,0.791,1.589,0.584,2.399,423.11,1.031,51.05,0.7593,10.81,2.41e-05,0.218,2.962,1.266,2.305,0.2037,8.866,0.5397,8.496
2022-04-09T16:53:26,42483.07,3224.33,110.55,0.2584,16.91,65.7,19.56,94.26,6.19,174.73,0.5948,0.02393,0.007311,2.381,1.527,2.48,1.446,3.831,165.48,13.6,0.7914,1.593,0.584,2.399,423.08,1.031,51.05,0.7593,10.81,2.409e-05,0.218,2.963,1.267,2.305,0.2036,8.868,0.5398,8.495
2022-04-09T16:53:56,42480.05,3224.38,110.54,0.2585,16.91,65.7,19.56,94.24,6.182,174.72,0.5948,0.02394,0.007311,2.384,1.527,2.48,1.446,3.831,165.46,13.6,0.7914,1.59,0.584,2.4,423.09,1.031,51.04,0.7592,10.8,2.41e-05,0.218,2.963,1.267,2.305,0.2036,8.87,0.5396,8.493
2022-04-09T16:54:26,42465.82,3223.12,110.54,0.2585,16.91,66,19.55,94.24,6.178,174.68,0.5947,0.02394,0.007288,2.384,1.528,2.48,1.446,3.831,165.29,13.57,0.7914,1.593,0.584,2.398,422.9,1.03,51.01,0.7589,10.78,2.408e-05,0.218,2.962,1.266,2.304,0.2036,8.867,0.5396,8.485
2022-04-09T16:54:56,42474.44,3223.65,110.57,0.2586,16.91,66,19.56,94.26,6.186,174.68,0.5948,0.02396,0.007288,2.384,1.528,2.48,1.445,3.83,165.3,13.57,0.7914,1.591,0.584,2.398,422.97,1.03,51,0.7591,10.78,2.409e-05,0.2176,2.961,1.266,2.304,0.2035,8.866,0.5394,8.484
2022-04-09T16:55:26,42461.77,3223.07,110.5,0.2583,16.91,66,19.55,94.24,6.18,174.64,0.5948,0.02393,0.007288,2.384,1.527,2.48,1.445,3.83,165.29,13.6,0.791,1.589,0.5841,2.396,422.91,1.03,50.98,0.7588,10.78,2.407e-05,0.2176,2.96,1.266,2.304,0.2035,8.861,0.5404,8.487
2022-04-09T16:55:56,42462.05,3222.14,110.48,0.2582,16.91,66,19.55,94.25,6.178,174.57,0.5956,0.0239,0.007288,2.384,1.527,2.48,1.444,3.83,165.26,13.6,0.791,1.589,0.5841,2.397,422.78,1.03,50.98,0.7589,10.78,2.407e-05,0.2176,2.96,1.266,2.303,0.2036,8.864,0.5405,8.488
2022-04-09T16:56:26,42459.55,3222.07,110.46,0.2582,16.91,65.8,19.55,94.27,6.181,174.61,0.5949,0.0239,0.007288,2.384,1.527,2.48,1.444,3.829,165.22,13.6,0.791,1.583,0.5841,2.396,422.72,1.03,50.98,0.7588,10.78,2.407e-05,0.2173,2.96,1.265,2.302,0.2035,8.861,0.5413,8.486
2022-04-09T16:56:56,42456.28,3221.71,110.42,0.2583,16.9,65.8,19.54,94.28,6.183,174.55,0.595,0.0239,0.007288,2.384,1.526,2.48,1.443,3.829,165.24,13.6,0.791,1.584,0.5841,2.396,422.62,1.03,50.99,0.7588,10.78,2.405e-05,0.2173,2.959,1.264,2.302,0.2035,8.856,0.5414,8.484
2022-04-09T16:57:26,42451.58,3220.64,110.42,0.2582,16.89,65.8,19.53,94.23,6.183,174.49,0.5959,0.02389,0.007288,2.384,1.525,2.48,1.443,3.819,165.23,13.6,0.791,1.584,0.5841,2.395,422.4,1.029,50.96,0.7586,10.78,2.405e-05,0.2172,2.959,1.264,2.302,0.2034,8.852,0.5415,8.481
2022-04-09T16:57:56,42437.12,3219.86,110.32,0.2578,16.89,65.5,19.53,94.21,6.182,174.36,0.5959,0.02387,0.007288,2.384,1.525,2.48,1.442,3.822,165.17,13.6,0.791,1.578,0.5841,2.394,422.34,1.029,50.9,0.7583,10.76,2.405e-05,0.2171,2.956,1.264,2.301,0.2034,8.837,0.5419,8.481
2022-04-09T16:58:26,42429.03,3219.06,110.26,0.2569,16.89,65.9,19.52,93.93,6.182,174.21,0.5958,0.02384,0.007288,2.384,1.524,2.48,1.442,3.822,164.93,13.6,0.791,1.578,0.5841,2.392,422.22,1.029,50.89,0.7582,10.76,2.404e-05,0.2171,2.953,1.262,2.299,0.2033,8.838,0.5424,8.48
2022-04-09T16:58:56,42423.84,3218.41,110.19,0.2568,16.9,65.8,19.51,93.88,6.183,174.15,0.5958,0.02385,0.007278,2.384,1.524,2.48,1.441,3.824,164.88,13.6,0.7873,1.577,0.5841,2.391,422.15,1.028,50.88,0.7579,10.74,2.404e-05,0.2171,2.952,1.261,2.297,0.2032,8.837,0.5422,8.48
2022-04-09T16:59:26,42428.35,3219.45,110.2,0.2569,16.9,65.8,19.52,93.86,6.179,174.14,0.5958,0.02388,0.007278,2.384,1.524,2.48,1.442,3.824,164.88,13.6,0.7853,1.577,0.5841,2.39,422.09,1.028,50.93,0.7581,10.73,2.404e-05,0.217,2.953,1.262,2.296,0.203,8.827,0.5436,8.478
2022-04-09T16:59:56,42439.99,3219.96,110.27,0.2573,16.9,65.8,19.53,93.84,6.179,174.4,0.5934,0.02389,0.007277,2.381,1.524,2.48,1.442,3.824,165,13.6,0.7928,1.577,0.5841,2.392,422.28,1.028,50.97,0.7582,10.73,2.406e-05,0.2172,2.955,1.262,2.298,0.2031,8.828,0.5443,8.476
2022-04-09T17:00:26,42426.07,3219.27,110.17,0.2574,16.9,65.8,19.51,93.73,6.181,174.37,0.5934,0.02387,0.00729,2.381,1.524,2.48,1.441,3.821,164.91,13.6,0.7928,1.575,0.5841,2.391,422.27,1.028,50.96,0.7582,10.73,2.405e-05,0.2172,2.955,1.262,2.297,0.2032,8.819,0.5435,8.477
2022-04-09T17:00:56,42418.36,3217.85,110.05,0.2573,16.9,65.9,19.51,93.65,6.174,174.22,0.5923,0.02387,0.00729,2.379,1.522,2.48,1.44,3.821,164.82,13.6,0.7928,1.575,0.5841,2.391,421.97,1.028,50.93,0.7577,10.73,2.401e-05,0.2172,2.95,1.261,2.295,0.2032,8.805,0.5432,8.474
2022-04-09T17:01:26,42418.68,3217.82,110.13,0.2566,16.89,65.9,19.5,93.53,6.171,174.16,0.5934,0.02384,0.00729,2.379,1.522,2.48,1.44,3.821,164.82,13.6,0.7928,1.576,0.589,2.389,421.7,1.027,50.92,0.7577,10.71,2.401e-05,0.2172,2.949,1.26,2.294,0.2031,8.791,0.5429,8.458
2022-04-09T17:01:56,42412.73,3218.44,110.17,0.2569,16.89,65.9,19.5,93.52,6.167,174.09,0.5934,0.02385,0.00729,2.379,1.522,2.48,1.441,3.821,164.82,13.6,0.7928,1.578,0.589,2.391,421.85,1.027,50.94,0.7578,10.71,2.402e-05,0.2172,2.95,1.261,2.295,0.203,8.796,0.5429,8.459
2022-04-09T17:02:26,42414.81,3218.18,110.16,0.2567,16.89,65.8,19.51,93.53,6.167,174.25,0.5933,0.02386,0.00729,2.379,1.523,2.48,1.441,3.821,164.95,13.6,0.7928,1.578,0.589,2.391,421.93,1.027,50.92,0.7579,10.71,2.402e-05,0.2172,2.95,1.262,2.294,0.2029,8.796,0.5429,8.454
2022-04-09T17:02:56,42426.44,3219.73,110.2,0.2567,16.89,65.8,19.51,93.58,6.167,174.42,0.5918,0.02386,0.00729,2.379,1.523,2.48,1.44,3.821,165,13.6,0.7928,1.575,0.589,2.394,421.89,1.027,50.96,0.7578,10.73,2.402e-05,0.2172,2.951,1.262,2.295,0.203,8.801,0.5416,8.454
2022-04-09T17:03:26,42439.21,3220.25,110.3,0.2571,16.89,65.9,19.51,93.62,6.169,174.03,0.5928,0.02388,0.00729,2.379,1.522,2.48,1.442,3.821,165.04,13.6,0.7928,1.575,0.589,2.397,421.97,1.027,51.01,0.7582,10.73,2.403e-05,0.2172,2.952,1.262,2.297,0.2031,8.803,0.5427,8.458
2022-04-09T17:03:56,42441.83,3220.43,110.36,0.2572,16.89,65.7,19.52,93.62,6.172,173.87,0.5926,0.0239,0.00729,2.379,1.521,2.48,1.442,3.822,165.37,13.6,0.7928,1.578,0.589,2.397,422.2,1.028,51.01,0.7581,10.73,2.404e-05,0.2172,2.955,1.264,2.298,0.2031,8.803,0.5452,8.46
2022-04-09T17:04:26,42440.23,3220.46,110.31,0.2572,16.89,65.8,19.52,93.6,6.172,173.89,0.5926,0.02391,0.00729,2.379,1.521,2.48,1.442,3.821,165.38,13.6,0.7888,1.578,0.589,2.399,422.17,1.028,50.99,0.758,10.77,2.404e-05,0.2172,2.955,1.264,2.299,0.2031,8.8,0.5453,8.456
2022-04-09T17:04:56,42441.39,3220.47,110.27,0.2573,16.89,65.8,19.51,93.58,6.172,173.84,0.5927,0.02392,0.00729,2.379,1.522,2.48,1.441,3.826,165.42,13.6,0.7888,1.578,0.589,2.399,422.26,1.027,50.95,0.7579,10.77,2.404e-05,0.2172,2.955,1.264,2.298,0.2031,8.801,0.5441,8.458
2022-04-09T17:05:26,42436.78,3219.94,110.13,0.2571,16.89,65.8,19.51,93.56,6.172,173.8,0.5926,0.02394,0.00729,2.379,1.522,2.48,1.441,3.824,165.26,13.6,0.7888,1.579,0.589,2.399,422.09,1.027,50.92,0.7578,10.77,2.403e-05,0.2172,2.954,1.264,2.298,0.203,8.803,0.5429,8.457
2022-04-09T17:05:56,42429.25,3219.82,110.05,0.2569,16.88,65.8,19.51,93.55,6.172,173.92,0.5918,0.02392,0.00729,2.379,1.522,2.48,1.44,3.824,165.22,13.6,0.7888,1.58,0.5894,2.399,421.95,1.027,50.9,0.7577,10.77,2.402e-05,0.2172,2.952,1.264,2.298,0.2029,8.791,0.5432,8.455
2022-04-09T17:06:26,42432.93,3220.08,110.12,0.2568,16.88,65.8,19.51,93.58,6.172,174.02,0.5917,0.02393,0.00729,2.379,1.521,2.48,1.44,3.824,165.22,13.6,0.7906,1.58,0.5894,2.4,421.83,1.028,50.93,0.7577,10.77,2.402e-05,0.2172,2.954,1.264,2.298,0.2029,8.794,0.5435,8.446
2022-04-09T17:06:56,42443.37,3220.67,110.1,0.257,16.88,65.8,19.52,93.6,6.177,174.03,0.5917,0.02397,0.00729,2.379,1.522,2.48,1.44,3.824,165.26,13.6,0.7906,1.58,0.5894,2.404,421.97,1.028,50.93,0.758,10.79,2.402e-05,0.2175,2.954,1.265,2.299,0.2029,8.799,0.5443,8.452
2022-04-09T17:07:26,42450.19,3220.51,110.12,0.2572,16.88,65.8,19.52,93.59,6.183,173.94,0.5919,0.02396,0.00729,2.379,1.522,2.48,1.44,3.824,165.31,13.6,0.7912,1.579,0.5894,2.404,421.83,1.027,50.93,0.758,10.8,2.404e-05,0.2175,2.954,1.265,2.299,0.203,8.806,0.5433,8.456
2022-04-09T17:07:56,42454.9,3220.5,110.13,0.2572,16.88,65.8,19.52,93.61,6.188,173.9,0.5918,0.02396,0.00729,2.379,1.523,2.48,1.44,3.824,165.31,13.6,0.7912,1.574,0.5894,2.404,421.91,1.028,50.95,0.7581,10.8,2.405e-05,0.2175,2.955,1.266,2.299,0.203,8.806,0.5438,8.458
2022-04-09T17:08:26,42464.19,3220.7,110.15,0.2573,16.88,65.8,19.52,93.65,6.185,174.01,0.5918,0.02397,0.007294,2.379,1.523,2.48,1.441,3.822,165.38,13.6,0.7912,1.574,0.5894,2.405,421.95,1.028,50.98,0.7583,10.79,2.405e-05,0.2175,2.955,1.266,2.299,0.203,8.811,0.5438,8.457
2022-04-09T17:08:56,42470.08,3221.66,110.23,0.2581,16.88,65.8,19.53,93.7,6.192,174.12,0.597,0.02396,0.007313,2.379,1.526,2.48,1.441,3.827,165.45,13.6,0.7912,1.574,0.5894,2.406,422.13,1.029,51.02,0.7585,10.8,2.406e-05,0.2179,2.957,1.266,2.3,0.203,8.821,0.5445,8.453
2022-04-09T17:09:26,42473.01,3221.76,110.26,0.2581,16.86,65.7,19.53,93.74,6.194,174.13,0.598,0.02398,0.007313,2.379,1.526,2.48,1.442,3.824,165.51,13.6,0.7909,1.572,0.5894,2.407,422.21,1.029,51.03,0.7587,10.8,2.407e-05,0.2179,2.958,1.267,2.301,0.2032,8.825,0.5446,8.453
2022-04-09T17:09:56,42475.21,3221.82,110.32,0.2584,16.88,65.7,19.52,93.77,6.194,174.17,0.597,0.02397,0.007305,2.379,1.526,2.48,1.441,3.825,165.5,13.6,0.7909,1.567,0.5894,2.407,422.4,1.029,51.03,0.7588,10.8,2.407e-05,0.218,2.959,1.267,2.301,0.2032,8.835,0.545,8.45
2022-04-09T17:10:26,42476.05,3222.54,110.35,0.2583,16.88,65.7,19.53,93.83,6.196,174.16,0.597,0.02396,0.007305,2.379,1.526,2.48,1.442,3.824,165.48,13.6,0.7909,1.567,0.5894,2.408,422.41,1.029,51.03,0.7588,10.8,2.408e-05,0.218,2.959,1.267,2.3,0.2033,8.846,0.5462,8.454
2022-04-09T17:10:56,42501.12,3225.13,110.39,0.2585,16.9,65.7,19.54,93.88,6.203,174.54,0.5979,0.02398,0.007305,2.379,1.527,2.48,1.443,3.822,165.61,13.6,0.7928,1.567,0.5894,2.411,422.81,1.03,51.05,0.7594,10.82,2.409e-05,0.2182,2.96,1.267,2.302,0.2034,8.852,0.5478,8.457
2022-04-09T17:11:26,42516.01,3225.77,110.39,0.2585,16.9,65.7,19.55,93.97,6.206,174.62,0.5983,0.02401,0.007305,2.379,1.527,2.48,1.443,3.822,165.6,13.6,0.7928,1.569,0.5894,2.411,423.15,1.03,51.07,0.7596,10.82,2.411e-05,0.2182,2.962,1.268,2.303,0.2034,8.858,0.5483,8.46
2022-04-09T17:11:56,42512.28,3226.4,110.53,0.2587,16.9,65.8,19.56,94,6.204,174.69,0.5983,0.024,0.007305,2.379,1.527,2.48,1.444,3.829,165.59,13.6,0.791,1.569,0.5894,2.411,423.21,1.031,51.09,0.7597,10.82,2.412e-05,0.2186,2.962,1.268,2.304,0.2036,8.86,0.5493,8.467
2022-04-09T17:12:26,42497.91,3225.88,110.44,0.2583,16.9,65.8,19.56,93.97,6.201,174.74,0.5986,0.02396,0.007335,2.381,1.528,2.48,1.443,3.829,165.56,13.6,0.791,1.569,0.5894,2.409,423.1,1.031,51.06,0.7597,10.82,2.411e-05,0.2186,2.962,1.267,2.303,0.2035,8.863,0.5527,8.466
2022-04-09T17:12:56,42511.16,3226.22,110.48,0.2583,16.9,65.7,19.57,93.99,6.193,174.76,0.5968,0.02393,0.007335,2.382,1.528,2.48,1.443,3.826,165.58,13.6,0.791,1.563,0.5894,2.41,422.9,1.031,51.07,0.7598,10.81,2.411e-05,0.2182,2.962,1.268,2.302,0.2035,8.882,0.5528,8.461
2022-04-09T17:13:26,42502.13,3226.07,110.46,0.2584,16.92,65.7,19.56,93.97,6.183,174.76,0.597,0.02395,0.007335,2.382,1.528,2.48,1.443,3.827,165.59,13.6,0.791,1.564,0.5894,2.41,422.93,1.031,51.08,0.7597,10.81,2.411e-05,0.2185,2.962,1.268,2.302,0.2037,8.933,0.5543,8.46
2022-04-09T17:13:56,42501.41,3226.05,110.59,0.2587,16.92,65.7,19.57,93.94,6.172,174.79,0.597,0.02395,0.007335,2.382,1.528,2.48,1.442,3.83,165.71,13.6,0.791,1.564,0.5894,2.411,423.07,1.031,51.03,0.7597,10.81,2.411e-05,0.2185,2.962,1.268,2.302,0.2037,8.975,0.5537,8.464
2022-04-09T17:14:26,42497.1,3226.12,110.63,0.2587,16.92,65.7,19.57,93.95,6.168,174.81,0.5981,0.02397,0.007335,2.382,1.529,2.48,1.443,3.83,165.64,13.6,0.7913,1.564,0.5894,2.41,422.91,1.031,51.02,0.7603,10.81,2.411e-05,0.2185,2.962,1.268,2.303,0.2037,8.957,0.5536,8.462
2022-04-09T17:14:56,42499.78,3226.3,110.64,0.259,16.92,65.7,19.57,93.98,6.169,174.86,0.5968,0.02399,0.007335,2.382,1.527,2.48,1.443,3.833,165.66,13.6,0.7913,1.568,0.5894,2.41,422.99,1.031,51.01,0.7605,10.81,2.411e-05,0.2187,2.962,1.268,2.303,0.2036,8.959,0.5532,8.464
2022-04-09T17:15:26,42500.57,3227.1,110.7,0.2588,16.92,65.9,19.57,93.99,6.169,174.9,0.5989,0.024,0.007335,2.382,1.528,2.48,1.442,3.833,165.65,13.6,0.7913,1.568,0.5894,2.412,423.01,1.032,51.01,0.7606,10.81,2.412e-05,0.2187,2.963,1.268,2.303,0.2037,8.941,0.5537,8.465
2022-04-09T17:15:56,42500.71,3227.3,110.62,0.2588,16.92,65.9,19.58,94.01,6.169,174.91,0.5989,0.02399,0.007335,2.382,1.528,2.48,1.442,3.833,165.68,13.6,0.7908,1.568,0.5894,2.412,422.96,1.032,51.05,0.7606,10.81,2.412e-05,0.2187,2.964,1.268,2.303,0.2037,8.949,0.5541,8.472
2022-04-09T17:16:26,42499.31,3227.34,110.61,0.2588,16.92,65.7,19.58,94.06,6.159,174.83,0.598,0.02399,0.007335,2.382,1.528,2.48,1.443,3.839,165.82,13.6,0.7908,1.568,0.5894,2.411,423.03,1.031,51.05,0.7606,10.81,2.412e-05,0.2187,2.964,1.267,2.303,0.2036,8.943,0.557,8.477
2022-04-09T17:16:56,42499.14,3227.91,110.62,0.2585,16.92,65.6,19.58,94.04,6.163,174.86,0.5989,0.024,0.007335,2.382,1.528,2.48,1.442,3.84,165.84,13.6,0.7908,1.568,0.5894,2.412,422.97,1.032,51.03,0.7606,10.81,2.412e-05,0.2187,2.964,1.267,2.303,0.2037,8.947,0.557,8.476
2022-04-09T17:17:26,42498.7,3227.22,110.59,0.2585,16.92,65.6,19.57,94.02,6.165,174.78,0.5989,0.02403,0.007335,2.382,1.528,2.48,1.442,3.84,165.81,13.6,0.7908,1.568,0.584,2.412,423.14,1.032,51.03,0.7605,10.81,2.412e-05,0.2188,2.963,1.266,2.303,0.2037,8.953,0.5582,8.476
2022-04-09T17:17:56,42491.16,3227.04,110.58,0.2585,16.92,65.7,19.57,93.98,6.167,174.82,0.5989,0.02397,0.007343,2.382,1.528,2.48,1.441,3.84,165.76,13.6,0.789,1.568,0.584,2.411,423.02,1.031,51.01,0.7605,10.8,2.412e-05,0.2187,2.96,1.266,2.302,0.2037,8.947,0.5585,8.477
2022-04-09T17:18:26,42489.27,3227.02,110.59,0.2583,16.92,65.7,19.57,94.01,6.17,174.79,0.5988,0.02398,0.007323,2.382,1.528,2.48,1.441,3.84,165.84,13.6,0.789,1.563,0.584,2.41,423.02,1.031,50.97,0.7604,10.8,2.412e-05,0.2187,2.96,1.266,2.302,0.2037,8.946,0.5606,8.472
2022-04-09T17:18:56,42489.55,3227.14,110.59,0.2582,16.9,65.5,19.57,94,6.177,174.79,0.5987,0.02399,0.0073,2.382,1.528,2.48,1.441,3.841,165.8,13.6,0.789,1.563,0.584,2.411,422.89,1.032,50.97,0.7604,10.8,2.411e-05,0.2187,2.959,1.266,2.302,0.2037,8.944,0.5732,8.477
2022-04-09T17:19:26,42488.75,3227.06,110.61,0.2579,16.9,65.5,19.57,93.99,6.182,174.81,0.5985,0.02396,0.0073,2.382,1.528,2.48,1.441,3.84,165.81,13.6,0.789,1.559,0.584,2.41,422.89,1.031,50.98,0.7604,10.8,2.41e-05,0.2187,2.959,1.266,2.302,0.2036,8.946,0.5725,8.476
2022-04-09T17:19:56,42492.84,3227.34,110.64,0.258,16.9,65.6,19.57,94,6.178,174.64,0.5985,0.02397,0.007322,2.382,1.528,2.48,1.44,3.843,165.81,13.6,0.7888,1.56,0.584,2.41,422.72,1.032,50.98,0.7604,10.8,2.41e-05,0.2187,2.959,1.267,2.302,0.2037,8.948,0.5743,8.479
2022-04-09T17:20:26,42505.03,3228.19,110.74,0.258,16.9,65.5,19.59,94.05,6.188,174.34,0.5985,0.02401,0.007308,2.382,1.528,2.48,1.441,3.843,165.84,13.6,0.7888,1.563,0.584,2.413,422.85,1.031,51.01,0.7604,10.8,2.409e-05,0.2188,2.962,1.268,2.302,0.2037,8.948,0.572,8.474
2022-04-09T17:20:56,42503.59,3228.79,110.74,0.258,16.9,65.6,19.58,94.05,6.184,174.32,0.5985,0.02401,0.007308,2.382,1.528,2.48,1.442,3.842,165.8,13.6,0.7928,1.564,0.584,2.412,422.96,1.031,51.03,0.7605,10.8,2.409e-05,0.2188,2.961,1.268,2.303,0.2037,8.938,0.5702,8.479
2022-04-09T17:21:26,42512.22,3229.51,110.75,0.2583,16.9,65.5,19.59,94.09,6.186,174.58,0.5985,0.02402,0.007308,2.382,1.528,2.48,1.442,3.842,165.82,13.6,0.7928,1.564,0.584,2.414,422.95,1.031,51.06,0.7607,10.8,2.409e-05,0.2189,2.964,1.268,2.304,0.2038,8.943,0.5698,8.48
2022-04-09T17:21:56,42515.81,3229.88,110.76,0.2585,16.9,65.5,19.59,94.08,6.186,174.57,0.5985,0.02403,0.007308,2.382,1.529,2.48,1.442,3.841,165.82,13.6,0.7928,1.563,0.584,2.414,422.96,1.031,51.05,0.7607,10.8,2.41e-05,0.2189,2.964,1.269,2.307,0.2038,8.962,0.5695,8.48
2022-04-09T17:22:26,42514.72,3229.94,110.77,0.2594,16.9,65.5,19.59,94.1,6.182,174.9,0.5983,0.02402,0.007308,2.382,1.529,2.48,1.442,3.842,165.87,13.6,0.7923,1.565,0.584,2.413,423.06,1.032,51.03,0.7607,10.8,2.41e-05,0.219,2.965,1.269,2.307,0.2038,8.986,0.567,8.485
2022-04-09T17:22:56,42513.21,3229.85,110.75,0.2592,16.9,65.5,19.58,94.13,6.179,174.79,0.5984,0.02397,0.007308,2.382,1.529,2.48,1.442,3.842,165.88,13.6,0.7923,1.565,0.584,2.411,422.97,1.032,51.04,0.7608,10.8,2.408e-05,0.219,2.964,1.268,2.307,0.2038,8.968,0.5671,8.477
2022-04-09T17:23:26,42510.52,3230.07,110.76,0.2592,16.9,65.5,19.58,94.14,6.187,174.79,0.5984,0.02398,0.007343,2.382,1.529,2.48,1.441,3.847,165.92,13.6,0.7923,1.566,0.584,2.411,423.08,1.032,51.04,0.7607,10.8,2.408e-05,0.219,2.964,1.268,2.307,0.2038,8.957,0.5679,8.484
2022-04-09T17:23:56,42510.73,3230.08,110.76,0.2592,16.9,65.5,19.58,94.19,6.184,174.76,0.5984,0.02398,0.007343,2.382,1.529,2.48,1.442,3.847,165.91,13.6,0.7923,1.566,0.584,2.412,422.93,1.032,51.05,0.7607,10.8,2.408e-05,0.219,2.964,1.268,2.307,0.2038,8.956,0.5678,8.488
2022-04-09T17:24:26,42511.24,3230.13,110.77,0.2591,16.9,65.5,19.59,94.21,6.184,174.75,0.5984,0.02397,0.007343,2.382,1.529,2.48,1.442,3.847,165.94,13.6,0.7923,1.566,0.584,2.408,423,1.031,51.05,0.7607,10.8,2.408e-05,0.219,2.964,1.269,2.307,0.2038,8.956,0.569,8.483
2022-04-09T17:24:56,42509.94,3230.12,110.8,0.2587,16.9,65.6,19.58,94.21,6.186,174.6,0.5991,0.02397,0.007343,2.382,1.529,2.49,1.442,3.845,165.96,13.6,0.7923,1.568,0.5839,2.405,423.07,1.032,51.09,0.7607,10.8,2.409e-05,0.2189,2.964,1.269,2.308,0.2038,8.957,0.5712,8.483
2022-04-09T17:25:26,42508.23,3230.08,110.79,0.2588,16.9,65.6,19.58,94.21,6.186,174.68,0.5994,0.02394,0.007343,2.382,1.531,2.49,1.442,3.846,165.88,13.6,0.7923,1.568,0.5839,2.405,422.97,1.031,51.11,0.7606,10.83,2.409e-05,0.2189,2.963,1.268,2.308,0.2038,8.957,0.5701,8.489
2022-04-09T17:25:56,42508.13,3229.88,110.8,0.2587,16.9,65.5,19.59,94.2,6.181,174.68,0.5994,0.02394,0.007343,2.385,1.53,2.49,1.442,3.845,165.92,13.6,0.7923,1.568,0.5839,2.404,423.02,1.031,51.14,0.7605,10.83,2.409e-05,0.2189,2.964,1.268,2.308,0.2038,8.957,0.572,8.488
2022-04-09T17:26:26,42508.21,3229.94,110.82,0.259,16.93,65.5,19.59,94.17,6.186,174.7,0.5985,0.02394,0.007343,2.385,1.53,2.49,1.442,3.846,165.93,13.6,0.7923,1.568,0.5839,2.405,422.97,1.031,51.16,0.7606,10.84,2.409e-05,0.219,2.969,1.268,2.313,0.2038,8.959,0.5708,8.484
2022-04-09T17:26:56,42510.12,3230.12,110.82,0.259,16.93,65.5,19.58,94.15,6.189,174.65,0.6001,0.02393,0.007343,2.385,1.53,2.49,1.443,3.846,165.91,13.6,0.7923,1.564,0.5839,2.405,423.04,1.032,51.18,0.7606,10.84,2.409e-05,0.219,2.97,1.268,2.315,0.2038,8.974,0.5685,8.487
2022-04-09T17:27:26,42519.33,3230.4,110.84,0.2591,16.93,65.5,19.59,94.16,6.188,174.67,0.6007,0.02398,0.007343,2.385,1.531,2.49,1.443,3.848,165.94,13.6,0.7923,1.564,0.5839,2.409,423.07,1.031,51.21,0.7607,10.85,2.41e-05,0.2189,2.971,1.269,2.318,0.2038,8.989,0.5693,8.485
2022-04-09T17:27:56,42517.33,3230.36,110.89,0.2591,16.93,65.5,19.59,94.17,6.186,174.66,0.6008,0.024,0.007343,2.385,1.53,2.49,1.443,3.85,165.95,13.6,0.7923,1.564,0.5839,2.408,423.11,1.032,51.22,0.7607,10.85,2.41e-05,0.2189,2.972,1.268,2.318,0.2039,8.989,0.5699,8.483
2022-04-09T17:28:26,42512.55,3230.46,110.91,0.2591,16.93,65.5,19.59,94.18,6.186,174.63,0.6,0.024,0.007343,2.385,1.53,2.49,1.443,3.848,165.94,13.6,0.7923,1.564,0.5839,2.408,423.09,1.032,51.24,0.7608,10.85,2.411e-05,0.2189,2.969,1.268,2.316,0.2039,9,0.5725,8.484
2022-04-09T17:28:56,42510.07,3230.41,110.9,0.2591,16.93,65.5,19.59,94.2,6.189,174.61,0.6021,0.02399,0.007343,2.385,1.531,2.49,1.444,3.848,165.94,13.6,0.7923,1.564,0.5839,2.408,423.13,1.031,51.24,0.7607,10.85,2.411e-05,0.2189,2.968,1.268,2.314,0.2039,8.979,0.5705,8.483
2022-04-09T17:29:26,42493.05,3228.71,110.8,0.2585,16.93,65.7,19.57,94.19,6.186,174.35,0.6021,0.02396,0.007343,2.383,1.53,2.49,1.442,3.849,165.78,13.6,0.7923,1.563,0.5839,2.405,422.96,1.031,51.19,0.7605,10.83,2.411e-05,0.2186,2.965,1.267,2.311,0.2038,8.974,0.5696,8.483
2022-04-09T17:29:56,42493.7,3228.58,110.77,0.2585,16.93,65.8,19.57,94.08,6.179,174.23,0.6023,0.02391,0.007329,2.383,1.53,2.49,1.442,3.847,165.82,13.6,0.7923,1.563,0.5839,2.405,422.95,1.03,51.14,0.7604,10.83,2.41e-05,0.2186,2.962,1.266,2.309,0.2038,8.967,0.5705,8.48
2022-04-09T17:30:26,42496.9,3228.94,110.91,0.2588,16.93,65.8,19.59,94.15,6.178,174.51,0.6021,0.02391,0.007329,2.383,1.53,2.49,1.443,3.846,165.94,13.6,0.7923,1.563,0.5839,2.403,423.1,1.031,51.17,0.7604,10.83,2.409e-05,0.2182,2.965,1.268,2.31,0.2038,8.982,0.5684,8.483
2022-04-09T17:30:56,42511.78,3234.68,111.06,0.2592,16.93,65.6,19.63,94.19,6.189,174.86,0.6018,0.02399,0.007329,2.383,1.53,2.49,1.444,3.844,166.03,13.6,0.7928,1.566,0.5839,2.407,423.33,1.032,51.19,0.7607,10.83,2.411e-05,0.2182,2.969,1.269,2.314,0.2039,9.01,0.5698,8.481
2022-04-09T17:31:26,42595.16,3239.64,111.39,0.2596,16.92,65.8,19.67,94.3,6.187,175.13,0.6018,0.02406,0.007329,2.383,1.533,2.49,1.447,3.86,166.28,13.6,0.7928,1.566,0.5839,2.418,424.14,1.034,51.25,0.7622,10.86,2.415e-05,0.2196,2.977,1.272,2.319,0.2043,9.035,0.5732,8.504
2022-04-09T17:31:56,42595.52,3242.73,111.42,0.2598,16.92,65.9,19.67,94.49,6.187,175.38,0.6002,0.02404,0.007329,2.383,1.532,2.49,1.45,3.863,166.22,13.63,0.7928,1.568,0.5839,2.419,424.34,1.036,51.3,0.7633,10.87,2.418e-05,0.2196,2.98,1.274,2.321,0.2044,9.032,0.5756,8.504
2022-04-09T17:32:26,42594.91,3242.37,111.31,0.2597,16.89,65.9,19.68,94.49,6.2,175.69,0.6022,0.024,0.007321,2.389,1.532,2.49,1.45,3.874,166.2,13.63,0.7928,1.572,0.5839,2.418,424.34,1.035,51.3,0.7634,10.87,2.421e-05,0.2196,2.98,1.274,2.322,0.2044,9.032,0.577,8.507
2022-04-09T17:32:56,42596.32,3246.76,111.08,0.2597,16.89,66,19.68,94.5,6.196,175.59,0.6022,0.02401,0.007321,2.389,1.534,2.49,1.45,3.873,166.19,13.64,0.7928,1.572,0.5839,2.42,424.25,1.035,51.26,0.7635,10.87,2.421e-05,0.2196,2.98,1.274,2.32,0.2046,9.026,0.5767,8.506
2022-04-09T17:33:26,42559.07,3243.28,110.93,0.2592,16.89,65.9,19.65,94.32,6.194,175.39,0.6022,0.02397,0.007321,2.389,1.533,2.49,1.447,3.865,166.1,13.64,0.7928,1.572,0.5839,2.417,423.98,1.034,51.16,0.7628,10.87,2.418e-05,0.2196,2.977,1.272,2.319,0.2045,9.015,0.5747,8.507
2022-04-09T17:33:56,42559.9,3244.2,111.06,0.2594,16.89,65.9,19.66,94.36,6.193,175.5,0.5986,0.02397,0.007321,2.389,1.534,2.49,1.446,3.865,166.07,13.62,0.7935,1.574,0.5839,2.417,424.03,1.034,51.16,0.7625,10.87,2.418e-05,0.2192,2.974,1.272,2.317,0.2044,9.01,0.5751,8.503
2022-04-09T17:34:26,42576.25,3244.19,110.97,0.2594,16.89,66,19.65,94.39,6.196,175.45,0.6012,0.02398,0.007321,2.389,1.534,2.49,1.448,3.862,166.12,13.62,0.7935,1.576,0.5839,2.417,424.23,1.034,51.15,0.763,10.87,2.419e-05,0.2192,2.976,1.272,2.317,0.2045,9.005,0.5752,8.507
2022-04-09T17:34:56,42573.35,3243.97,110.98,0.2595,16.98,65.9,19.65,94.42,6.193,175.46,0.6011,0.02399,0.007321,2.389,1.534,2.49,1.448,3.861,166.15,13.62,0.7935,1.574,0.5839,2.417,424.38,1.034,51.16,0.763,10.87,2.419e-05,0.2193,2.976,1.273,2.317,0.2044,9.005,0.5752,8.513
2022-04-09T17:35:26,42560.43,3242.49,110.83,0.2594,16.97,65.9,19.65,94.37,6.193,175.43,0.6011,0.02397,0.007334,2.389,1.535,2.49,1.446,3.861,166.05,13.62,0.7935,1.574,0.5839,2.412,424.19,1.034,51.12,0.7625,10.87,2.414e-05,0.2192,2.973,1.272,2.315,0.2043,8.995,0.5754,8.504
2022-04-09T17:35:56,42555.9,3240.24,110.86,0.2593,16.97,65.9,19.65,94.31,6.193,175.36,0.6011,0.02396,0.007334,2.389,1.535,2.49,1.446,3.865,166.04,13.62,0.7931,1.576,0.5839,2.411,424.05,1.033,51.13,0.7624,10.87,2.414e-05,0.2192,2.972,1.272,2.314,0.2042,8.989,0.5753,8.506
2022-04-09T17:36:26,42563.5,3239.88,110.95,0.2594,16.94,66.1,19.65,94.37,6.193,175.59,0.6011,0.02396,0.007334,2.389,1.535,2.49,1.447,3.867,166.07,13.62,0.7931,1.576,0.5839,2.412,424.12,1.034,51.15,0.7622,10.87,2.415e-05,0.2192,2.976,1.272,2.315,0.2042,9,0.5762,8.507
2022-04-09T17:36:56,42567.09,3241.38,110.96,0.2594,16.96,65.8,19.65,94.39,6.192,175.74,0.6007,0.02398,0.007334,2.389,1.535,2.49,1.446,3.866,166.1,13.62,0.7935,1.579,0.5839,2.413,424.28,1.034,51.15,0.7623,10.87,2.416e-05,0.2192,2.976,1.273,2.316,0.2043,9.011,0.5743,8.511
2022-04-09T17:37:26,42562.66,3240.35,110.92,0.2596,16.96,65.8,19.65,94.43,6.189,175.6,0.6007,0.02396,0.007334,2.389,1.534,2.49,1.446,3.856,166.1,13.62,0.8014,1.579,0.5839,2.412,424.27,1.034,51.15,0.7622,10.87,2.414e-05,0.2192,2.976,1.273,2.315,0.2043,9.003,0.573,8.509
2022-04-09T17:37:56,42564.84,3240.55,110.91,0.2597,16.96,65.8,19.65,94.43,6.192,175.64,0.6007,0.02396,0.007329,2.389,1.534,2.49,1.447,3.859,166.1,13.65,0.804,1.579,0.5839,2.411,424.31,1.035,51.15,0.7622,10.87,2.413e-05,0.2192,2.976,1.273,2.315,0.2043,9.001,0.5716,8.512
2022-04-09T17:38:26,42567.16,3243.6,110.92,0.2597,16.96,65.8,19.65,94.42,6.194,175.71,0.6007,0.02397,0.007329,2.389,1.535,2.49,1.447,3.877,166.18,13.65,0.8039,1.581,0.5839,2.412,424.3,1.034,51.16,0.7622,10.87,2.414e-05,0.2192,2.976,1.273,2.315,0.2043,9.013,0.571,8.512
2022-04-09T17:38:56,42572.67,3243.01,110.97,0.2598,16.96,65.8,19.65,94.43,6.194,175.69,0.6007,0.02402,0.007329,2.389,1.535,2.49,1.447,3.879,166.23,13.66,0.8039,1.584,0.5839,2.412,424.44,1.035,51.18,0.7621,10.87,2.413e-05,0.2193,2.977,1.273,2.315,0.2043,9.019,0.5692,8.523
2022-04-09T17:39:26,42571.56,3243.23,110.95,0.2598,16.96,65.9,19.65,94.42,6.194,175.42,0.6007,0.02401,0.007329,2.389,1.535,2.49,1.448,3.875,166.2,13.66,0.8056,1.584,0.5839,2.411,424.41,1.035,51.19,0.762,10.87,2.414e-05,0.2193,2.976,1.273,2.315,0.2043,9.038,0.5655,8.525
2022-04-09T17:39:56,42567.5,3242.13,110.91,0.2597,16.96,65.8,19.65,94.38,6.19,175.55,0.6028,0.02398,0.007329,2.389,1.535,2.49,1.447,3.881,166.18,13.66,0.8005,1.587,0.5839,2.411,424.25,1.035,51.17,0.7619,10.87,2.413e-05,0.2193,2.976,1.272,2.315,0.2043,9.028,0.5655,8.527
2022-04-09T17:40:26,42569.05,3241.73,110.94,0.2598,16.95,65.8,19.65,94.41,6.196,175.41,0.6027,0.02399,0.007329,2.389,1.535,2.49,1.447,3.881,166.24,13.66,0.8005,1.587,0.5839,2.411,424.08,1.034,51.18,0.7616,10.87,2.413e-05,0.2193,2.976,1.272,2.315,0.2043,9.022,0.5669,8.526
2022-04-09T17:40:56,42570.6,3242.24,110.95,0.2598,16.95,65.8,19.64,94.44,6.19,175.76,0.6018,0.024,0.007329,2.391,1.535,2.49,1.448,3.881,166.26,13.66,0.8005,1.587,0.5839,2.41,424.21,1.033,51.19,0.7616,10.87,2.414e-05,0.2193,2.977,1.272,2.316,0.2043,9.014,0.5673,8.526
2022-04-09T17:41:26,42572.07,3242.59,111.1,0.2598,16.95,65.8,19.65,94.42,6.187,176.12,0.6019,0.02399,0.007329,2.391,1.535,2.49,1.448,3.883,166.27,13.66,0.8005,1.587,0.5839,2.409,424.23,1.033,51.18,0.7616,10.87,2.414e-05,0.2193,2.976,1.272,2.316,0.2043,9.014,0.5682,8.525
2022-04-09T17:41:56,42573.61,3242.82,110.95,0.2598,16.95,65.8,19.65,94.43,6.193,176.14,0.6027,0.02399,0.007329,2.391,1.535,2.49,1.447,3.884,166.23,13.66,0.8005,1.587,0.5839,2.41,424.26,1.033,51.19,0.762,10.87,2.414e-05,0.2193,2.976,1.272,2.316,0.2043,9.018,0.5687,8.526
2022-04-09T17:42:26,42561.79,3241.56,110.88,0.2594,16.95,65.8,19.64,94.35,6.191,176,0.6027,0.02395,0.007343,2.391,1.535,2.49,1.446,3.876,166.16,13.66,0.8065,1.587,0.5839,2.409,423.98,1.033,51.18,0.7617,10.87,2.414e-05,0.2193,2.974,1.27,2.314,0.2042,9.024,0.568,8.518
2022-04-09T17:42:56,42548.5,3238.51,110.82,0.259,16.93,65.9,19.63,94.3,6.193,175.73,0.6026,0.02389,0.007343,2.391,1.535,2.49,1.445,3.876,166.09,13.66,0.8049,1.587,0.5839,2.405,423.87,1.033,51.13,0.7613,10.87,2.411e-05,0.2188,2.973,1.27,2.312,0.204,9.028,0.5678,8.519
2022-04-09T17:43:26,42541.99,3237.74,110.87,0.259,16.93,65.9,19.62,94.27,6.194,175.65,0.6027,0.02392,0.007322,2.391,1.535,2.49,1.444,3.876,166.07,13.66,0.8077,1.581,0.5839,2.404,423.73,1.031,51.06,0.7612,10.87,2.41e-05,0.2188,2.969,1.269,2.31,0.204,9.018,0.5683,8.517
2022-04-09T17:43:56,42541.26,3238.31,110.9,0.259,16.93,65.9,19.62,94.25,6.194,175.74,0.6024,0.02392,0.007322,2.391,1.535,2.49,1.444,3.862,166.01,13.66,0.8077,1.582,0.5839,2.404,423.68,1.031,51.06,0.7613,10.87,2.411e-05,0.2188,2.97,1.269,2.31,0.204,9.033,0.5705,8.517
2022-04-09T17:44:26,42559.87,3240.46,111.01,0.259,16.93,65.8,19.63,94.31,6.195,176.31,0.6023,0.02393,0.007322,2.391,1.534,2.49,1.445,3.862,166.08,13.66,0.8051,1.582,0.5839,2.412,423.84,1.032,51.1,0.7616,10.87,2.412e-05,0.2188,2.973,1.269,2.312,0.2041,9.047,0.573,8.518
2022-04-09T17:44:56,42573.11,3240.08,110.95,0.2597,16.93,65.9,19.64,94.32,6.19,176.32,0.6023,0.02394,0.007322,2.391,1.534,2.49,1.446,3.862,166.2,13.66,0.8051,1.584,0.5839,2.411,423.96,1.033,51.13,0.7617,10.87,2.413e-05,0.2188,2.974,1.269,2.314,0.2042,9.071,0.5725,8.526
2022-04-09T17:45:26,42570.56,3239.64,110.92,0.2595,16.93,65.9,19.64,94.28,6.192,176.15,0.6023,0.02394,0.007322,2.391,1.534,2.49,1.445,3.874,166.19,13.66,0.8051,1.584,0.5838,2.411,424.11,1.033,51.14,0.7618,10.87,2.413e-05,0.2188,2.974,1.269,2.314,0.2043,9.086,0.5711,8.524
2022-04-09T17:45:56,42574.57,3239.4,110.92,0.2598,16.93,65.9,19.64,94.28,6.195,176.16,0.6023,0.02395,0.007331,2.394,1.534,2.49,1.446,3.883,166.19,13.66,0.8028,1.584,0.5838,2.41,424.1,1.033,51.14,0.7617,10.87,2.413e-05,0.2188,2.974,1.269,2.315,0.2042,9.065,0.5712,8.523
2022-04-09T17:46:26,42575.77,3239.26,110.95,0.2596,16.98,65.9,19.64,94.25,6.192,176.13,0.6023,0.02397,0.007331,2.393,1.534,2.49,1.446,3.883,166.18,13.66,0.8028,1.584,0.5838,2.411,423.96,1.033,51.16,0.7616,10.87,2.413e-05,0.2188,2.974,1.269,2.314,0.2042,9.063,0.5712,8.522
2022-04-09T17:46:56,42577.89,3240.01,111,0.2597,16.98,65.9,19.65,94.26,6.19,176.15,0.6035,0.02399,0.007331,2.392,1.534,2.49,1.447,3.892,166.22,13.66,0.8028,1.584,0.5838,2.411,423.92,1.033,51.2,0.7619,10.87,2.413e-05,0.2188,2.974,1.27,2.315,0.2043,9.068,0.5719,8.528
2022-04-09T17:47:26,42578.2,3239.65,110.91,0.2602,16.98,65.8,19.64,94.26,6.195,176.19,0.6035,0.02399,0.007331,2.392,1.534,2.49,1.446,3.898,166.22,13.66,0.8055,1.582,0.5838,2.411,423.69,1.034,51.23,0.7619,10.86,2.415e-05,0.2188,2.975,1.27,2.315,0.2043,9.089,0.5802,8.523
2022-04-09T17:47:56,42570.34,3239.7,110.91,0.26,16.98,65.8,19.64,94.28,6.194,176.3,0.6035,0.02399,0.007331,2.392,1.535,2.49,1.447,3.884,166.19,13.66,0.8055,1.581,0.5838,2.411,423.72,1.033,51.23,0.7617,10.86,2.414e-05,0.2188,2.975,1.269,2.314,0.2044,9.095,0.5762,8.527
2022-04-09T17:48:26,42570.92,3240.69,110.96,0.2601,16.98,65.8,19.64,94.29,6.192,176.41,0.6035,0.02398,0.007331,2.394,1.535,2.49,1.447,3.89,166.18,13.66,0.8078,1.581,0.5838,2.412,423.71,1.034,51.22,0.7617,10.86,2.415e-05,0.219,2.975,1.269,2.313,0.2044,9.111,0.5749,8.522
2022-04-09T17:48:56,42567.83,3240.35,110.92,0.2601,17,65.8,19.64,94.29,6.192,176.43,0.6035,0.02397,0.007328,2.394,1.535,2.49,1.446,3.893,166.17,13.66,0.8078,1.583,0.5838,2.411,423.77,1.033,51.22,0.7617,10.86,2.415e-05,0.2189,2.974,1.269,2.313,0.2044,9.112,0.577,8.521
2022-04-09T17:49:26,42559.22,3239.8,110.87,0.2601,17,65.8,19.62,94.27,6.196,176.25,0.6035,0.02397,0.007328,2.394,1.535,2.49,1.446,3.893,166.17,13.66,0.8078,1.581,0.5838,2.411,423.66,1.033,51.22,0.7615,10.84,2.413e-05,0.2189,2.973,1.269,2.313,0.2044,9.118,0.5746,8.522
2022-04-09T17:49:56,42560.18,3239.79,110.82,0.2598,17,65.8,19.62,94.26,6.193,176.43,0.6035,0.02396,0.007328,2.394,1.535,2.49,1.446,3.893,166.12,13.68,0.8078,1.581,0.5838,2.411,423.52,1.034,51.22,0.7615,10.84,2.413e-05,0.2189,2.971,1.269,2.312,0.2043,9.102,0.5751,8.521
2022-04-09T17:50:26,42564.42,3240.02,110.84,0.26,17,65.8,19.62,94.28,6.193,176.45,0.6035,0.02395,0.007328,2.393,1.534,2.49,1.447,3.893,166.12,13.68,0.8078,1.581,0.5838,2.412,423.56,1.034,51.23,0.7614,10.84,2.412e-05,0.2189,2.971,1.269,2.312,0.2043,9.112,0.5752,8.525
2022-04-09T17:50:56,42559.58,3239.31,110.73,0.26,17,65.8,19.62,94.28,6.193,176.39,0.6035,0.02396,0.007328,2.393,1.534,2.49,1.446,3.892,166.13,13.68,0.8078,1.581,0.5838,2.41,423.61,1.034,51.23,0.7614,10.84,2.413e-05,0.2189,2.971,1.269,2.311,0.2043,9.119,0.5773,8.523
2022-04-09T17:51:26,42559.18,3239.01,110.71,0.2599,17,65.8,19.62,94.34,6.192,176.39,0.6035,0.02393,0.007328,2.393,1.534,2.49,1.446,3.897,166.14,13.68,0.8078,1.581,0.5838,2.41,423.45,1.034,51.22,0.7613,10.84,2.414e-05,0.2189,2.971,1.269,2.311,0.2043,9.121,0.5785,8.518
2022-04-09T17:51:56,42552.84,3237.84,110.68,0.2598,16.95,65.6,19.61,94.31,6.192,176.4,0.6024,0.02391,0.007328,2.395,1.534,2.49,1.446,3.886,166.04,13.68,0.8078,1.581,0.5838,2.41,423.44,1.034,51.21,0.7612,10.84,2.413e-05,0.2188,2.97,1.268,2.311,0.2042,9.127,0.5778,8.516
2022-04-09T17:52:26,42544.73,3237.93,110.68,0.2594,16.93,65.6,19.61,94.27,6.191,176.43,0.6037,0.02392,0.007328,2.395,1.533,2.49,1.446,3.899,166.01,13.68,0.8143,1.581,0.5838,2.408,423.36,1.034,51.19,0.7612,10.84,2.413e-05,0.2187,2.97,1.268,2.31,0.2041,9.129,0.593,8.51
2022-04-09T17:52:56,42548.57,3238.94,110.68,0.2595,16.89,65.6,19.61,94.3,6.193,176.52,0.6037,0.0239,0.007328,2.396,1.533,2.49,1.446,3.904,166.06,13.69,0.8143,1.581,0.5838,2.411,423.6,1.034,51.2,0.7613,10.84,2.413e-05,0.2187,2.97,1.268,2.311,0.2042,9.133,0.5937,8.513
2022-04-09T17:53:26,42547.64,3239.25,110.78,0.2596,16.89,65.7,19.62,94.31,6.193,176.46,0.6038,0.02387,0.007328,2.395,1.533,2.49,1.446,3.904,166.07,13.69,0.8143,1.581,0.5838,2.412,423.64,1.034,51.2,0.7614,10.84,2.412e-05,0.2187,2.971,1.268,2.31,0.2042,9.133,0.5938,8.517
2022-04-09T17:53:56,42545.31,3238.82,110.78,0.2593,16.89,65.7,19.61,94.31,6.192,176.56,0.6038,0.02386,0.007316,2.395,1.533,2.49,1.446,3.905,166.06,13.69,0.8143,1.581,0.5838,2.412,423.71,1.034,51.2,0.7614,10.84,2.413e-05,0.2187,2.969,1.268,2.31,0.2042,9.128,0.5959,8.518
2022-04-09T17:54:26,42546.15,3238.77,110.8,0.2594,16.89,65.7,19.61,94.29,6.191,176.58,0.6039,0.02386,0.007316,2.395,1.533,2.49,1.446,3.905,166.05,13.69,0.8143,1.581,0.5838,2.41,423.64,1.034,51.21,0.7614,10.82,2.412e-05,0.2187,2.969,1.268,2.309,0.2042,9.125,0.5999,8.516
2022-04-09T17:54:56,42546.18,3238.77,110.8,0.2593,16.89,65.7,19.61,94.23,6.184,176.59,0.6039,0.02386,0.007316,2.395,1.533,2.49,1.446,3.902,165.95,13.69,0.8143,1.585,0.5838,2.409,423.54,1.035,51.23,0.7613,10.82,2.412e-05,0.2187,2.968,1.268,2.309,0.2042,9.14,0.597,8.514
2022-04-09T17:55:26,42544.72,3238.74,110.81,0.2591,16.89,65.7,19.61,94.25,6.187,176.67,0.6039,0.02386,0.007316,2.395,1.533,2.49,1.445,3.9,165.93,13.69,0.8143,1.585,0.5838,2.409,423.65,1.035,51.23,0.7614,10.82,2.412e-05,0.2187,2.969,1.268,2.309,0.2042,9.138,0.5987,8.515
2022-04-09T17:55:56,42560.77,3240.01,110.92,0.2594,16.88,65.7,19.61,94.29,6.187,176.8,0.6025,0.02386,0.007316,2.395,1.533,2.49,1.446,3.901,166.05,13.69,0.8143,1.574,0.5838,2.411,423.69,1.035,51.25,0.7615,10.82,2.413e-05,0.2187,2.971,1.269,2.31,0.2043,9.136,0.6037,8.511
2022-04-09T17:56:26,42564.99,3241.09,111.03,0.2594,16.89,65.7,19.62,94.28,6.19,176.7,0.6025,0.02387,0.007316,2.396,1.533,2.49,1.446,3.901,166.08,13.69,0.8109,1.575,0.5838,2.411,423.89,1.035,51.25,0.7616,10.84,2.413e-05,0.2187,2.972,1.269,2.312,0.2043,9.167,0.6044,8.515
2022-04-09T17:56:56,42564.42,3240.63,110.92,0.2594,16.88,65.7,19.63,94.23,6.191,176.61,0.6025,0.0239,0.007329,2.396,1.533,2.49,1.447,3.909,166.05,13.69,0.8109,1.575,0.5838,2.412,423.86,1.034,51.24,0.7615,10.84,2.414e-05,0.2187,2.971,1.27,2.313,0.2044,9.17,0.6041,8.515
2022-04-09T17:57:26,42564.82,3240.78,110.85,0.2594,16.88,65.9,19.63,94.21,6.196,176.49,0.6025,0.02394,0.007329,2.396,1.534,2.49,1.447,3.905,166.03,13.69,0.81,1.575,0.5838,2.412,423.8,1.034,51.24,0.7615,10.84,2.414e-05,0.2187,2.969,1.27,2.312,0.2044,9.165,0.6037,8.511
2022-04-09T17:57:56,42564.45,3241.16,110.85,0.2594,16.91,65.9,19.62,94.18,6.192,176.52,0.6025,0.02392,0.007329,2.396,1.534,2.49,1.446,3.907,165.97,13.69,0.81,1.575,0.5838,2.412,423.86,1.034,51.23,0.7615,10.84,2.414e-05,0.2187,2.97,1.27,2.312,0.2044,9.167,0.6021,8.51
2022-04-09T17:58:26,42564.88,3241.12,110.83,0.2594,16.89,65.9,19.62,94.18,6.193,176.6,0.6025,0.02394,0.007329,2.396,1.534,2.49,1.446,3.907,165.95,13.69,0.8115,1.575,0.5838,2.412,423.77,1.035,51.3,0.7615,10.83,2.413e-05,0.2187,2.97,1.269,2.311,0.2045,9.177,0.6011,8.511
2022-04-09T17:58:56,42559.45,3240.93,110.79,0.2592,16.89,65.9,19.62,94.16,6.194,176.6,0.6025,0.0239,0.007329,2.396,1.534,2.49,1.446,3.907,165.93,13.69,0.8115,1.576,0.5838,2.412,423.8,1.035,51.28,0.7615,10.83,2.412e-05,0.2187,2.97,1.268,2.31,0.2045,9.167,0.5994,8.512
2022-04-09T17:59:26,42565.33,3240.73,110.82,0.2593,16.89,66,19.62,94.2,6.194,176.61,0.6029,0.0239,0.007319,2.396,1.535,2.49,1.446,3.907,166.01,13.69,0.81,1.575,0.5838,2.413,423.8,1.035,51.26,0.7615,10.83,2.412e-05,0.2187,2.972,1.269,2.311,0.2045,9.157,0.6005,8.517
2022-04-09T17:59:56,42573.04,3240.89,110.87,0.2595,16.89,66,19.64,94.22,6.193,176.76,0.6025,0.0239,0.007319,2.396,1.534,2.49,1.446,3.9,166.01,13.65,0.81,1.575,0.5838,2.414,423.87,1.035,51.28,0.7616,10.83,2.412e-05,0.2187,2.972,1.27,2.312,0.2045,9.144,0.6007,8.518
2022-04-09T18:00:26,42578,3241.65,110.98,0.2596,16.89,66,19.64,94.2,6.192,176.94,0.6025,0.0239,0.007319,2.396,1.535,2.49,1.446,3.9,166.09,13.65,0.81,1.576,0.5838,2.418,423.94,1.035,51.28,0.7617,10.83,2.414e-05,0.2187,2.974,1.27,2.312,0.2045,9.146,0.5976,8.518
2022-04-09T18:00:56,42580.7,3243.05,111.01,0.2599,16.9,66,19.64,94.19,6.193,177.06,0.6025,0.0239,0.007319,2.396,1.535,2.49,1.448,3.9,166.09,13.65,0.812,1.576,0.5838,2.419,424.12,1.036,51.31,0.7618,10.83,2.414e-05,0.2191,2.975,1.27,2.313,0.2046,9.172,0.5971,8.523
2022-04-09T18:01:26,42595.66,3243.24,111.03,0.2599,16.9,65.9,19.65,94.21,6.194,176.93,0.6029,0.02394,0.007319,2.396,1.535,2.49,1.447,3.892,166.14,13.65,0.812,1.577,0.5838,2.419,424.09,1.035,51.32,0.762,10.88,2.414e-05,0.2191,2.975,1.27,2.313,0.2047,9.18,0.597,8.528
2022-04-09T18:01:56,42602.16,3244.32,111.05,0.26,16.91,65.9,19.67,94.25,6.194,177.04,0.6029,0.02394,0.007319,2.396,1.535,2.49,1.448,3.886,166.13,13.65,0.81,1.576,0.5838,2.422,424.23,1.036,51.3,0.762,10.88,2.414e-05,0.2192,2.976,1.271,2.315,0.2047,9.186,0.5933,8.526
2022-04-09T18:02:26,42603.7,3244.66,111.04,0.2603,16.91,66.1,19.66,94.33,6.193,177.13,0.6023,0.02395,0.007319,2.396,1.536,2.49,1.449,3.876,166.17,13.65,0.81,1.576,0.5838,2.422,424.41,1.036,51.3,0.7619,10.88,2.415e-05,0.2192,2.976,1.271,2.315,0.2047,9.206,0.5933,8.522
2022-04-09T18:02:56,42608.63,3244.64,111,0.2605,16.91,66.1,19.67,94.38,6.19,177.07,0.6023,0.02396,0.007311,2.396,1.536,2.49,1.449,3.884,166.27,13.61,0.81,1.576,0.5838,2.423,424.41,1.036,51.3,0.7621,10.88,2.415e-05,0.2192,2.976,1.272,2.316,0.2048,9.187,0.5933,8.525
2022-04-09T18:03:26,42609.53,3244.9,111.01,0.2605,16.91,66.1,19.67,94.41,6.194,177.08,0.6023,0.02397,0.007315,2.396,1.537,2.49,1.449,3.889,166.28,13.61,0.81,1.579,0.5838,2.425,424.39,1.036,51.28,0.7621,10.88,2.416e-05,0.2192,2.976,1.272,2.316,0.2048,9.17,0.5957,8.525
2022-04-09T18:03:56,42589.73,3244.4,110.92,0.2606,16.91,66.1,19.65,94.37,6.198,176.86,0.6023,0.02397,0.007315,2.395,1.536,2.49,1.449,3.882,166.25,13.61,0.81,1.576,0.5838,2.427,424.07,1.036,51.27,0.7619,10.88,2.415e-05,0.2192,2.973,1.272,2.315,0.2048,9.17,0.5946,8.522
2022-04-09T18:04:26,42591.25,3242.94,110.94,0.2606,16.9,66.1,19.64,94.35,6.192,176.84,0.6023,0.02393,0.007315,2.395,1.536,2.49,1.448,3.882,166.21,13.61,0.811,1.577,0.5838,2.428,424.09,1.036,51.25,0.7619,10.88,2.415e-05,0.2192,2.972,1.271,2.314,0.2048,9.165,0.5978,8.522
2022-04-09T18:04:56,42591.46,3242.49,110.93,0.2602,16.81,66.1,19.63,94.35,6.197,176.85,0.6023,0.02393,0.007315,2.395,1.536,2.49,1.448,3.882,166.21,13.61,0.812,1.578,0.5838,2.428,423.91,1.035,51.23,0.7619,10.88,2.414e-05,0.2192,2.971,1.271,2.314,0.2046,9.163,0.5956,8.523
2022-04-09T18:05:26,42583.56,3241.36,110.86,0.26,16.81,66.1,19.64,94.36,6.197,176.74,0.6028,0.02393,0.007315,2.395,1.535,2.49,1.448,3.88,166.18,13.61,0.8106,1.575,0.5838,2.427,423.86,1.035,51.21,0.7618,10.88,2.414e-05,0.2192,2.969,1.27,2.313,0.2046,9.159,0.5965,8.525
2022-04-09T18:05:56,42578.07,3240.47,110.83,0.2599,16.81,66.1,19.63,94.34,6.194,176.6,0.6029,0.02394,0.007315,2.395,1.535,2.49,1.447,3.878,166.26,13.62,0.8106,1.574,0.5838,2.428,423.59,1.035,51.21,0.7615,10.88,2.413e-05,0.2185,2.968,1.269,2.313,0.2046,9.154,0.598,8.525
2022-04-09T18:06:26,42579.13,3239.91,110.84,0.2598,16.81,66.3,19.63,94.3,6.194,176.6,0.6029,0.02395,0.007315,2.395,1.535,2.49,1.447,3.865,166.28,13.62,0.8106,1.575,0.5838,2.429,423.59,1.035,51.21,0.7616,10.88,2.413e-05,0.2185,2.969,1.269,2.313,0.2047,9.148,0.598,8.522
2022-04-09T18:06:56,42581.42,3239.54,110.84,0.2599,16.81,66.3,19.63,94.24,6.195,176.78,0.6028,0.02399,0.007315,2.395,1.535,2.49,1.447,3.865,166.26,13.62,0.8106,1.577,0.5838,2.428,423.56,1.035,51.23,0.7616,10.88,2.413e-05,0.2185,2.968,1.268,2.313,0.2045,9.158,0.5962,8.527
2022-04-09T18:07:26,42581.76,3238.65,110.79,0.26,16.81,66.3,19.62,94.25,6.193,176.74,0.6028,0.02397,0.007315,2.395,1.532,2.49,1.446,3.874,166.26,13.62,0.81,1.578,0.5838,2.43,423.52,1.035,51.22,0.7616,10.88,2.413e-05,0.2185,2.968,1.268,2.313,0.2045,9.161,0.595,8.521
2022-04-09T18:07:56,42587.28,3239.01,110.8,0.2601,16.78,66.2,19.63,94.26,6.194,176.68,0.6028,0.02399,0.007315,2.395,1.532,2.49,1.446,3.867,166.29,13.62,0.8106,1.578,0.5838,2.431,423.69,1.036,51.23,0.7618,10.88,2.415e-05,0.2185,2.969,1.269,2.314,0.2046,9.161,0.5949,8.515
2022-04-09T18:08:26,42586.12,3239.04,110.81,0.2601,16.78,66.2,19.63,94.28,6.194,176.73,0.6028,0.02399,0.007315,2.395,1.531,2.49,1.447,3.865,166.29,13.62,0.8106,1.577,0.5838,2.432,423.66,1.036,51.22,0.7619,10.88,2.414e-05,0.2185,2.971,1.269,2.314,0.2046,9.151,0.5919,8.518
2022-04-09T18:08:56,42589.22,3239.84,110.84,0.2604,16.78,66.2,19.63,94.23,6.194,176.66,0.6025,0.02398,0.007315,2.396,1.532,2.49,1.447,3.865,166.23,13.63,0.812,1.577,0.5838,2.431,423.64,1.036,51.22,0.762,10.88,2.414e-05,0.2185,2.971,1.27,2.315,0.2046,9.143,0.5935,8.519
2022-04-09T18:09:26,42573.48,3238.52,110.84,0.2603,16.78,66,19.62,94.21,6.195,176.59,0.6025,0.02397,0.007315,2.395,1.532,2.49,1.446,3.863,166.24,13.63,0.812,1.578,0.5838,2.432,423.58,1.035,51.23,0.7617,10.88,2.414e-05,0.2185,2.969,1.27,2.314,0.2045,9.133,0.5945,8.519
2022-04-09T18:09:56,42549.03,3237.16,110.74,0.2595,16.78,66,19.62,94.18,6.195,176.49,0.6025,0.02397,0.007327,2.395,1.532,2.49,1.446,3.856,166.09,13.58,0.812,1.578,0.5838,2.431,423.52,1.035,51.22,0.7616,10.88,2.413e-05,0.2185,2.969,1.269,2.314,0.2044,9.132,0.5944,8.519
2022-04-09T18:10:26,42542.68,3237.04,110.65,0.2594,16.78,66.1,19.61,94.05,6.186,176.01,0.6025,0.02392,0.007327,2.395,1.532,2.49,1.444,3.856,166.16,13.58,0.8106,1.578,0.5838,2.432,423.09,1.034,51.21,0.7613,10.88,2.411e-05,0.2185,2.965,1.268,2.311,0.2043,9.135,0.5949,8.516
2022-04-09T18:10:56,42536.44,3236.94,110.7,0.2595,16.78,66.1,19.59,94.04,6.191,176.08,0.6025,0.02392,0.007327,2.394,1.532,2.49,1.444,3.856,166.11,13.58,0.8106,1.573,0.5838,2.438,423.05,1.035,51.22,0.7611,10.88,2.41e-05,0.2185,2.966,1.267,2.311,0.2041,9.142,0.5957,8.506
2022-04-09T18:11:26,42535.18,3236.76,110.69,0.2595,16.77,66,19.59,94.04,6.192,176.01,0.6025,0.02393,0.007327,2.394,1.531,2.49,1.443,3.853,166.07,13.58,0.8106,1.573,0.5838,2.44,422.96,1.034,51.22,0.7608,10.88,2.409e-05,0.2185,2.966,1.267,2.311,0.2041,9.145,0.5956,8.509
2022-04-09T18:11:56,42531.07,3235.14,110.65,0.2592,16.77,66,19.59,93.99,6.191,176.07,0.6025,0.02388,0.007327,2.395,1.53,2.49,1.443,3.855,166.05,13.58,0.8106,1.575,0.5838,2.439,422.95,1.034,51.23,0.7607,10.88,2.408e-05,0.2183,2.966,1.267,2.31,0.2041,9.149,0.5956,8.507
2022-04-09T18:12:26,42526.11,3233.51,110.63,0.259,16.77,66,19.58,93.98,6.193,176.1,0.6025,0.02387,0.007327,2.389,1.529,2.49,1.443,3.852,165.97,13.58,0.81,1.575,0.5838,2.439,422.6,1.034,51.23,0.7607,10.88,2.408e-05,0.2183,2.965,1.267,2.309,0.204,9.149,0.5988,8.501
2022-04-09T18:12:56,42524.33,3233.31,110.64,0.2589,16.77,65.8,19.58,93.94,6.187,175.96,0.6019,0.02387,0.007327,2.389,1.529,2.49,1.443,3.853,165.95,13.63,0.81,1.575,0.5838,2.439,422.55,1.034,51.21,0.7605,10.88,2.409e-05,0.2183,2.964,1.266,2.308,0.204,9.128,0.6019,8.501
2022-04-09T18:13:26,42546.66,3234.85,110.69,0.259,16.77,65.8,19.59,93.94,6.193,176.05,0.6019,0.0239,0.007327,2.389,1.531,2.49,1.444,3.853,165.91,13.63,0.81,1.572,0.5838,2.44,422.51,1.034,51.23,0.761,10.88,2.41e-05,0.2184,2.966,1.267,2.309,0.2041,9.143,0.6032,8.493
2022-04-09T18:13:56,42543.71,3234.88,110.7,0.2598,16.76,65.8,19.59,93.92,6.193,175.99,0.6019,0.02389,0.007327,2.389,1.532,2.49,1.445,3.855,165.91,13.63,0.8106,1.572,0.5838,2.441,422.83,1.035,51.22,0.7611,10.88,2.41e-05,0.2185,2.966,1.267,2.31,0.2041,9.144,0.6033,8.503
2022-04-09T18:14:26,42535.6,3234.72,110.67,0.2602,16.76,65.8,19.59,93.85,6.197,176,0.6019,0.0239,0.007327,2.389,1.531,2.49,1.444,3.851,165.84,13.63,0.8106,1.571,0.5838,2.441,422.85,1.035,51.23,0.7611,10.88,2.41e-05,0.2185,2.967,1.267,2.31,0.2041,9.152,0.6029,8.497
2022-04-09T18:14:56,42536.86,3234.74,110.66,0.2603,16.76,65.8,19.59,93.84,6.2,175.97,0.6019,0.02389,0.007327,2.389,1.531,2.49,1.444,3.851,165.81,13.63,0.8106,1.571,0.5838,2.442,422.68,1.035,51.22,0.7611,10.88,2.409e-05,0.2185,2.967,1.267,2.309,0.2041,9.152,0.6038,8.496
2022-04-09T18:15:26,42522.73,3233.46,110.52,0.2597,16.76,66.1,19.57,93.84,6.201,175.88,0.6019,0.02387,0.007327,2.393,1.531,2.49,1.442,3.853,165.78,13.63,0.8109,1.571,0.5838,2.441,422.65,1.034,51.22,0.761,10.88,2.409e-05,0.2185,2.965,1.266,2.309,0.2041,9.139,0.6039,8.498
2022-04-09T18:15:56,42504.98,3232.48,110.43,0.2595,16.76,66,19.56,93.68,6.198,175.99,0.6022,0.02384,0.007327,2.393,1.531,2.49,1.442,3.85,165.7,13.63,0.81,1.569,0.5838,2.44,422.57,1.034,51.2,0.7607,10.88,2.409e-05,0.2181,2.964,1.266,2.307,0.204,9.127,0.6038,8.497
2022-04-09T18:16:26,42509.67,3232.75,110.46,0.2597,16.76,66,19.56,93.7,6.198,175.95,0.6023,0.02386,0.007327,2.393,1.531,2.49,1.443,3.848,165.73,13.63,0.81,1.569,0.5838,2.441,422.54,1.035,51.2,0.7605,10.88,2.408e-05,0.2183,2.964,1.266,2.305,0.204,9.126,0.601,8.496
2022-04-09T18:16:56,42510.17,3232.02,110.41,0.2593,16.76,65.9,19.56,93.68,6.198,175.9,0.6012,0.0239,0.00732,2.393,1.531,2.49,1.441,3.848,165.65,13.63,0.81,1.569,0.5838,2.44,422.63,1.035,51.19,0.7605,10.88,2.408e-05,0.2183,2.963,1.265,2.307,0.204,9.128,0.6019,8.497
2022-04-09T18:17:26,42512.99,3231.73,110.33,0.2593,16.77,65.9,19.56,93.63,6.197,175.93,0.5989,0.02388,0.00732,2.393,1.531,2.49,1.442,3.843,165.64,13.63,0.8114,1.568,0.5838,2.441,422.47,1.034,51.16,0.7604,10.88,2.409e-05,0.2183,2.963,1.265,2.306,0.2038,9.129,0.5997,8.496
2022-04-09T18:17:56,42520.12,3233.68,110.44,0.2594,16.77,65.8,19.56,93.63,6.196,176.05,0.5989,0.02389,0.00732,2.393,1.531,2.49,1.443,3.848,165.65,13.63,0.8114,1.568,0.5838,2.441,422.39,1.034,51.14,0.761,10.88,2.409e-05,0.2183,2.964,1.265,2.306,0.2038,9.127,0.6002,8.494
2022-04-09T18:18:26,42504.8,3233.11,110.33,0.2595,16.77,65.8,19.57,93.59,6.194,176.02,0.599,0.02387,0.00732,2.393,1.531,2.49,1.442,3.853,165.63,13.63,0.811,1.569,0.5838,2.441,422.32,1.034,51.13,0.7609,10.88,2.408e-05,0.2183,2.963,1.265,2.305,0.2039,9.122,0.5999,8.499
2022-04-09T18:18:56,42504.27,3232.63,110.31,0.2589,16.77,65.8,19.56,93.55,6.197,176.1,0.599,0.02387,0.00732,2.393,1.531,2.49,1.442,3.843,165.61,13.63,0.811,1.569,0.5838,2.44,422.38,1.034,51.12,0.7607,10.88,2.408e-05,0.2183,2.962,1.265,2.305,0.2038,9.119,0.5991,8.497
2022-04-09T18:19:26,42503.05,3232.48,110.3,0.2588,16.77,65.8,19.56,93.55,6.198,176.03,0.5988,0.02385,0.007316,2.393,1.531,2.49,1.442,3.845,165.51,13.63,0.811,1.569,0.5838,2.44,422.33,1.034,51.1,0.7605,10.88,2.408e-05,0.2183,2.962,1.265,2.304,0.2037,9.115,0.5994,8.5
2022-04-09T18:19:56,42485.99,3231.91,110.31,0.2587,16.78,65.8,19.55,93.54,6.198,176,0.5976,0.02384,0.007316,2.393,1.531,2.49,1.441,3.845,165.49,13.63,0.811,1.569,0.5838,2.438,422.23,1.034,51.07,0.7605,10.88,2.407e-05,0.2183,2.961,1.265,2.303,0.2038,9.119,0.6001,8.499
2022-04-09T18:20:26,42487.97,3231.49,110.31,0.2587,16.81,65.8,19.55,93.52,6.199,175.94,0.5976,0.02385,0.007318,2.393,1.531,2.49,1.441,3.846,165.48,13.63,0.811,1.569,0.5838,2.438,422.25,1.034,51.04,0.7604,10.88,2.409e-05,0.2183,2.958,1.264,2.302,0.2037,9.12,0.6008,8.497
2022-04-09T18:20:56,42472.44,3231.25,110.23,0.2583,16.81,65.8,19.54,93.49,6.198,175.88,0.5975,0.02385,0.007318,2.393,1.53,2.49,1.441,3.843,165.4,13.62,0.812,1.566,0.5838,2.436,422.08,1.033,51.03,0.7602,10.88,2.407e-05,0.2177,2.957,1.264,2.301,0.2036,9.124,0.6018,8.496
2022-04-09T18:21:26,42489.76,3231.89,110.47,0.2583,16.79,65.8,19.55,93.49,6.193,175.93,0.5975,0.02385,0.007318,2.393,1.53,2.49,1.441,3.847,165.36,13.62,0.8111,1.566,0.5838,2.437,422.18,1.033,51.05,0.7605,10.88,2.409e-05,0.2177,2.959,1.264,2.301,0.2037,9.132,0.6025,8.496
2022-04-09T18:21:56,42488.33,3232.53,110.44,0.2582,16.79,65.8,19.56,93.52,6.195,175.97,0.5973,0.02386,0.007318,2.393,1.53,2.49,1.442,3.844,165.45,13.62,0.8111,1.567,0.5841,2.437,422.18,1.034,51.07,0.7604,10.88,2.41e-05,0.2177,2.961,1.265,2.302,0.2037,9.136,0.6007,8.495
2022-04-09T18:22:26,42490.43,3232.34,110.44,0.2585,16.81,65.8,19.55,93.52,6.195,175.93,0.5973,0.02389,0.007318,2.393,1.53,2.49,1.442,3.845,165.43,13.62,0.8111,1.567,0.5841,2.44,422.37,1.034,51.07,0.7604,10.88,2.41e-05,0.2177,2.96,1.265,2.302,0.2038,9.131,0.6002,8.494
2022-04-09T18:22:56,42483.37,3231.23,110.38,0.2585,16.81,65.8,19.54,93.51,6.194,175.99,0.5987,0.02389,0.007309,2.39,1.53,2.49,1.441,3.842,165.34,13.62,0.812,1.562,0.5841,2.441,422.21,1.033,51.08,0.7603,10.88,2.409e-05,0.2177,2.958,1.265,2.303,0.2037,9.12,0.5997,8.497
2022-04-09T18:23:26,42482.81,3230.99,110.34,0.2583,16.81,65.8,19.54,93.44,6.194,176.02,0.5987,0.02388,0.007309,2.39,1.53,2.49,1.441,3.841,165.29,13.62,0.812,1.562,0.5841,2.441,422.21,1.033,51.08,0.7602,10.84,2.408e-05,0.2177,2.958,1.264,2.302,0.2037,9.123,0.5991,8.497
2022-04-09T18:23:56,42469.32,3230.37,110.26,0.2582,16.83,65.8,19.54,93.4,6.194,175.91,0.5987,0.02387,0.007309,2.39,1.53,2.49,1.44,3.84,165.28,13.63,0.812,1.562,0.584,2.44,421.94,1.034,51.05,0.7602,10.84,2.408e-05,0.2177,2.956,1.264,2.302,0.2036,9.123,0.6017,8.493
2022-04-09T18:24:26,42474.46,3230.35,110.25,0.2581,16.83,65.8,19.53,93.39,6.198,175.86,0.5987,0.02387,0.007309,2.39,1.53,2.49,1.44,3.84,165.28,13.63,0.812,1.562,0.584,2.44,421.93,1.033,51.04,0.7602,10.84,2.408e-05,0.2177,2.956,1.263,2.302,0.2036,9.12,0.6007,8.495
2022-04-09T18:24:56,42466.26,3229.79,110.23,0.2581,16.83,65.8,19.52,93.36,6.197,175.44,0.5987,0.02386,0.007309,2.39,1.53,2.49,1.44,3.84,165.14,13.64,0.812,1.562,0.584,2.44,421.89,1.033,51.03,0.7599,10.84,2.409e-05,0.2175,2.954,1.263,2.301,0.2036,9.119,0.6011,8.491
2022-04-09T18:25:26,42468.27,3230.03,110.24,0.2582,16.83,65.8,19.52,93.34,6.193,175.48,0.5975,0.02386,0.007309,2.39,1.53,2.49,1.439,3.84,165.15,13.64,0.812,1.562,0.5803,2.441,422.01,1.033,51.01,0.7598,10.84,2.407e-05,0.2175,2.954,1.262,2.3,0.2035,9.118,0.6019,8.492
2022-04-09T18:25:56,42465.49,3229.22,110.22,0.2583,16.83,65.8,19.52,93.34,6.193,175.42,0.5969,0.02386,0.007309,2.39,1.53,2.49,1.439,3.84,165.02,13.64,0.812,1.561,0.5803,2.44,421.88,1.033,50.99,0.7598,10.84,2.412e-05,0.2175,2.954,1.262,2.3,0.2035,9.115,0.6019,8.491
2022-04-09T18:26:26,42465.83,3229.88,110.25,0.2583,16.83,65.8,19.53,93.39,6.193,175.57,0.5966,0.02387,0.007309,2.39,1.53,2.49,1.44,3.84,165.11,13.64,0.8115,1.562,0.5803,2.442,421.92,1.033,51,0.7598,10.84,2.414e-05,0.2175,2.955,1.262,2.3,0.2035,9.11,0.6029,8.488
2022-04-09T18:26:56,42468.49,3229.51,110.19,0.2584,16.83,65.8,19.53,93.39,6.193,175.73,0.5971,0.02388,0.007309,2.391,1.53,2.49,1.44,3.84,165.13,13.64,0.8115,1.562,0.5803,2.442,421.84,1.033,51,0.7599,10.84,2.413e-05,0.2175,2.955,1.262,2.301,0.2033,9.107,0.6035,8.486
2022-04-09T18:27:26,42478.31,3229.61,110.27,0.2584,16.83,65.8,19.54,93.42,6.197,175.64,0.5971,0.02388,0.007309,2.391,1.529,2.49,1.44,3.841,165.2,13.64,0.8112,1.563,0.5803,2.442,421.98,1.032,51.01,0.7601,10.84,2.412e-05,0.2175,2.955,1.262,2.301,0.2033,9.112,0.6037,8.49
2022-04-09T18:27:56,42482.81,3229.8,110.33,0.2584,16.83,65.8,19.54,93.44,6.194,175.68,0.5971,0.02391,0.007309,2.391,1.529,2.49,1.441,3.841,165.18,13.64,0.8112,1.563,0.58,2.443,422.25,1.032,51.03,0.7602,10.84,2.412e-05,0.2175,2.956,1.262,2.301,0.2034,9.11,0.6056,8.497
2022-04-09T18:28:26,42483.35,3229.89,110.26,0.2584,16.83,65.8,19.54,93.46,6.196,175.7,0.5975,0.02392,0.007309,2.391,1.529,2.49,1.441,3.841,165.13,13.64,0.8113,1.563,0.58,2.444,422.18,1.033,51,0.7602,10.84,2.412e-05,0.2175,2.956,1.262,2.301,0.2034,9.115,0.606,8.488
2022-04-09T18:28:56,42482.08,3229.64,110.24,0.2584,16.83,65.8,19.54,93.44,6.195,175.59,0.5975,0.02392,0.007309,2.391,1.529,2.49,1.441,3.839,165.06,13.64,0.8113,1.563,0.58,2.444,422.01,1.032,50.99,0.7601,10.83,2.411e-05,0.2175,2.955,1.262,2.301,0.2034,9.11,0.6041,8.484
2022-04-09T18:29:26,42481.8,3230.09,110.25,0.2584,16.83,65.7,19.55,93.45,6.196,175.69,0.5975,0.02391,0.007313,2.395,1.529,2.49,1.441,3.843,165.13,13.64,0.8114,1.561,0.58,2.447,422.08,1.033,50.99,0.7601,10.84,2.411e-05,0.2175,2.956,1.262,2.301,0.2034,9.104,0.6047,8.486
2022-04-09T18:29:56,42482.97,3230.42,110.21,0.2585,16.78,65.7,19.54,93.45,6.194,175.64,0.5975,0.0239,0.007313,2.395,1.53,2.49,1.44,3.843,165.2,13.64,0.8112,1.558,0.58,2.45,422.02,1.033,50.99,0.7601,10.84,2.411e-05,0.2175,2.956,1.262,2.301,0.2034,9.11,0.6057,8.49
2022-04-09T18:30:26,42482.73,3230.17,110.18,0.2586,16.8,65.7,19.54,93.44,6.191,175.76,0.5975,0.02388,0.007313,2.395,1.53,2.49,1.44,3.846,165.17,13.64,0.8112,1.558,0.58,2.45,422.05,1.033,51,0.7601,10.84,2.412e-05,0.2175,2.957,1.262,2.302,0.2034,9.115,0.6033,8.486
2022-04-09T18:30:56,42482.04,3229.83,110.21,0.2583,16.8,65.5,19.55,93.41,6.191,175.68,0.5975,0.0239,0.007313,2.395,1.53,2.49,1.441,3.845,165.01,13.64,0.812,1.562,0.58,2.45,421.83,1.033,51,0.76,10.84,2.412e-05,0.2177,2.956,1.262,2.301,0.2034,9.112,0.6003,8.486
2022-04-09T18:31:26,42486.04,3230,110.23,0.2584,16.8,65.5,19.55,93.41,6.191,175.67,0.598,0.02389,0.007313,2.395,1.53,2.49,1.44,3.846,165.02,13.64,0.812,1.56,0.58,2.452,421.85,1.033,51,0.7601,10.84,2.411e-05,0.2177,2.956,1.262,2.302,0.2033,9.132,0.5977,8.484
2022-04-09T18:31:56,42484.45,3229.98,110.22,0.2585,16.8,65.6,19.54,93.36,6.196,175.76,0.598,0.02389,0.007313,2.395,1.53,2.49,1.44,3.847,164.93,13.64,0.812,1.56,0.58,2.452,421.92,1.032,51.02,0.76,10.84,2.411e-05,0.2177,2.956,1.262,2.301,0.2034,9.158,0.5962,8.484
2022-04-09T18:32:26,42485.28,3229.94,110.22,0.2585,16.8,65.6,19.54,93.34,6.195,175.78,0.598,0.02388,0.007305,2.395,1.53,2.49,1.44,3.856,164.88,13.64,0.8118,1.56,0.58,2.452,421.88,1.033,51.01,0.76,10.84,2.411e-05,0.2177,2.956,1.261,2.301,0.2033,9.168,0.5935,8.484
2022-04-09T18:32:56,42493.15,3230.75,110.28,0.2587,16.8,65.6,19.55,93.35,6.198,175.88,0.598,0.02388,0.007305,2.393,1.529,2.49,1.441,3.865,165.06,13.66,0.8118,1.56,0.58,2.46,422.07,1.033,51.04,0.7603,10.84,2.411e-05,0.2177,2.958,1.263,2.301,0.2034,9.215,0.5939,8.483
2022-04-09T18:33:26,42495.53,3230.93,110.29,0.2589,16.76,65.6,19.56,93.4,6.198,175.8,0.598,0.02389,0.007305,2.393,1.529,2.49,1.442,3.87,165.1,13.66,0.8118,1.56,0.58,2.461,422.11,1.033,51.1,0.7604,10.84,2.412e-05,0.2177,2.959,1.263,2.302,0.2034,9.218,0.594,8.484
2022-04-09T18:33:56,42512.27,3232.42,110.5,0.2591,16.76,65.6,19.56,93.57,6.192,175.79,0.598,0.0239,0.007305,2.391,1.529,2.49,1.442,3.871,165.2,13.66,0.8119,1.56,0.58,2.461,422.25,1.033,51.1,0.7604,10.84,2.414e-05,0.2177,2.96,1.264,2.302,0.2035,9.232,0.594,8.493
2022-04-09T18:34:26,42511.75,3233.13,110.48,0.2593,16.76,65.7,19.56,93.57,6.192,175.79,0.5981,0.0239,0.007305,2.391,1.529,2.49,1.443,3.871,165.36,13.66,0.812,1.563,0.58,2.464,422.44,1.033,51.11,0.7607,10.84,2.414e-05,0.2177,2.96,1.264,2.302,0.2035,9.232,0.5939,8.499
2022-04-09T18:34:56,42511.15,3233.34,110.53,0.2593,16.76,65.7,19.56,93.58,6.197,175.85,0.5983,0.02389,0.007305,2.391,1.529,2.49,1.443,3.862,165.38,13.66,0.8143,1.563,0.58,2.465,422.39,1.033,51.09,0.7606,10.84,2.413e-05,0.2177,2.96,1.264,2.303,0.2034,9.244,0.5936,8.5
2022-04-09T18:35:26,42511.15,3233.99,110.6,0.2593,16.76,65.7,19.56,93.61,6.204,175.91,0.5984,0.02389,0.007305,2.391,1.529,2.49,1.443,3.863,165.48,13.66,0.8143,1.562,0.58,2.464,422.45,1.033,51.07,0.7606,10.84,2.414e-05,0.2182,2.961,1.264,2.304,0.2035,9.236,0.5934,8.501
2022-04-09T18:35:56,42514.03,3234.06,110.55,0.2592,16.82,65.7,19.57,93.59,6.203,175.9,0.5984,0.02389,0.007305,2.391,1.529,2.49,1.443,3.865,165.44,13.66,0.8161,1.562,0.58,2.464,422.55,1.033,51.07,0.7606,10.84,2.414e-05,0.2182,2.961,1.264,2.304,0.2036,9.218,0.593,8.504
2022-04-09T18:36:26,42510.65,3233.59,110.46,0.2592,16.82,65.9,19.56,93.57,6.202,175.79,0.5986,0.0239,0.007305,2.391,1.529,2.49,1.444,3.86,165.39,13.66,0.8137,1.56,0.58,2.463,422.49,1.033,51.07,0.7605,10.83,2.414e-05,0.2183,2.961,1.264,2.305,0.2035,9.213,0.5936,8.504
2022-04-09T18:36:56,42512.37,3233.58,110.44,0.2593,16.82,65.9,19.56,93.6,6.201,175.82,0.5952,0.02389,0.007305,2.392,1.529,2.49,1.444,3.859,165.35,13.66,0.8137,1.562,0.58,2.463,422.27,1.033,51.05,0.7605,10.83,2.413e-05,0.2183,2.962,1.264,2.305,0.2035,9.23,0.5941,8.507
2022-04-09T18:37:26,42513.49,3233.53,110.44,0.2591,16.82,65.9,19.56,93.6,6.201,175.86,0.5943,0.02389,0.007305,2.392,1.529,2.49,1.444,3.86,165.35,13.66,0.8137,1.562,0.58,2.463,422.37,1.033,51.06,0.7605,10.83,2.413e-05,0.2183,2.962,1.264,2.304,0.2035,9.237,0.5941,8.507
2022-04-09T18:37:56,42511.28,3233.62,110.38,0.2589,16.82,65.9,19.56,93.65,6.196,175.84,0.5944,0.02389,0.007305,2.392,1.529,2.49,1.443,3.86,165.42,13.66,0.8183,1.562,0.58,2.464,422.36,1.032,51.06,0.7604,10.83,2.413e-05,0.2183,2.961,1.264,2.304,0.2035,9.256,0.5936,8.505
2022-04-09T18:38:26,42512.08,3233.53,110.39,0.259,16.82,66,19.56,93.67,6.197,175.87,0.5939,0.02393,0.007305,2.392,1.529,2.49,1.443,3.86,165.44,13.66,0.8183,1.562,0.58,2.464,422.38,1.032,51.04,0.7605,10.83,2.413e-05,0.2183,2.961,1.264,2.304,0.2035,9.249,0.5922,8.502
2022-04-09T18:38:56,42511.86,3233.56,110.36,0.2588,16.82,66,19.56,93.69,6.195,175.82,0.594,0.02396,0.007305,2.392,1.529,2.49,1.443,3.858,165.44,13.66,0.8183,1.562,0.58,2.464,422.34,1.032,51.03,0.7605,10.83,2.413e-05,0.2183,2.961,1.264,2.304,0.2036,9.235,0.5921,8.503
2022-04-09T18:39:26,42512.33,3233.59,110.36,0.2586,16.82,66,19.56,93.69,6.199,175.8,0.5938,0.02393,0.007305,2.392,1.529,2.49,1.444,3.864,165.45,13.66,0.8183,1.562,0.58,2.464,422.4,1.032,51.04,0.7604,10.83,2.414e-05,0.2183,2.959,1.263,2.304,0.2035,9.236,0.587,8.508
2022-04-09T18:39:56,42512.62,3233.74,110.36,0.2585,16.82,66,19.56,93.69,6.197,175.81,0.5938,0.0239,0.007305,2.392,1.529,2.49,1.445,3.863,165.47,13.66,0.8183,1.562,0.58,2.464,422.42,1.033,51.04,0.7604,10.83,2.413e-05,0.2183,2.959,1.263,2.304,0.2035,9.241,0.588,8.508
2022-04-09T18:40:26,42511.01,3233.26,110.36,0.2585,16.82,65.6,19.57,93.7,6.197,175.79,0.5938,0.02392,0.007357,2.391,1.529,2.49,1.444,3.862,165.58,13.66,0.8164,1.562,0.58,2.463,422.46,1.033,51.04,0.7606,10.83,2.413e-05,0.2183,2.959,1.263,2.304,0.2037,9.258,0.5885,8.508
2022-04-09T18:40:56,42500.15,3232.98,110.25,0.2585,16.82,65.6,19.56,93.7,6.196,175.62,0.5929,0.02391,0.007357,2.391,1.528,2.49,1.444,3.862,165.59,13.69,0.8164,1.562,0.5898,2.46,422.49,1.033,51.02,0.7605,10.83,2.413e-05,0.2183,2.958,1.263,2.303,0.2037,9.244,0.59,8.503
2022-04-09T18:41:26,42471.61,3231.9,110.18,0.2584,16.82,65.3,19.54,93.61,6.19,175.51,0.5928,0.02389,0.007357,2.394,1.528,2.49,1.443,3.862,165.36,13.69,0.8164,1.559,0.5898,2.453,422.32,1.032,50.97,0.7602,10.83,2.412e-05,0.2183,2.956,1.262,2.301,0.2037,9.243,0.5905,8.503
2022-04-09T18:41:56,42460.16,3230.65,110.07,0.2582,16.82,65.3,19.52,93.49,6.183,175.29,0.5926,0.02388,0.007357,2.394,1.527,2.49,1.441,3.862,165.27,13.67,0.8164,1.559,0.5898,2.454,422.07,1.032,50.94,0.76,10.78,2.41e-05,0.2183,2.952,1.26,2.299,0.2036,9.215,0.5914,8.496
2022-04-09T18:42:26,42463.91,3230.76,110.14,0.2576,16.82,65.3,19.53,93.49,6.182,175.38,0.5925,0.02388,0.007357,2.394,1.527,2.49,1.441,3.861,165.22,13.67,0.8164,1.559,0.5898,2.454,421.89,1.032,50.94,0.7598,10.77,2.41e-05,0.2175,2.953,1.26,2.298,0.2036,9.221,0.5936,8.494
2022-04-09T18:42:56,42463.29,3230.68,110.04,0.2575,16.82,65.4,19.53,93.49,6.194,175.37,0.5925,0.02388,0.00733,2.394,1.526,2.49,1.441,3.861,165.16,13.67,0.8164,1.559,0.5898,2.452,421.91,1.032,50.94,0.7597,10.77,2.412e-05,0.2175,2.953,1.258,2.297,0.2036,9.212,0.5937,8.493
2022-04-09T18:43:26,42466.2,3230.72,110.09,0.2574,16.82,65.4,19.53,93.53,6.192,175.28,0.5925,0.02387,0.00733,2.394,1.526,2.49,1.442,3.86,165.1,13.67,0.8164,1.559,0.5898,2.453,421.8,1.031,50.94,0.7598,10.77,2.412e-05,0.2175,2.953,1.258,2.297,0.2036,9.213,0.5937,8.488
2022-04-09T18:43:56,42467.11,3230.67,110.05,0.2574,16.82,65.4,19.53,93.55,6.191,175.13,0.5925,0.02383,0.00733,2.397,1.526,2.49,1.441,3.86,165.11,13.67,0.8164,1.559,0.5898,2.453,421.72,1.031,50.92,0.7598,10.77,2.412e-05,0.2175,2.952,1.258,2.298,0.2035,9.207,0.5946,8.491
2022-04-09T18:44:26,42464.65,3230.1,110.06,0.2574,16.82,65.3,19.52,93.5,6.192,175.16,0.5925,0.02384,0.00733,2.397,1.526,2.49,1.441,3.86,164.94,13.67,0.8164,1.559,0.5898,2.454,421.7,1.03,50.92,0.7597,10.77,2.412e-05,0.2175,2.952,1.258,2.299,0.2035,9.203,0.5943,8.483
2022-04-09T18:44:56,42467.21,3230.34,110.05,0.2572,16.82,65.4,19.52,93.46,6.186,174.89,0.5926,0.02383,0.00733,2.397,1.526,2.49,1.441,3.86,164.94,13.67,0.8164,1.559,0.5898,2.454,421.5,1.029,50.93,0.7596,10.77,2.412e-05,0.2175,2.952,1.258,2.298,0.2036,9.2,0.5942,8.481
2022-04-09T18:45:26,42465.54,3230.39,110.06,0.2573,16.82,65.3,19.53,93.46,6.183,175.08,0.5926,0.02385,0.00733,2.397,1.526,2.49,1.441,3.863,164.95,13.67,0.8164,1.559,0.5898,2.454,421.58,1.03,50.95,0.7595,10.77,2.411e-05,0.2175,2.952,1.258,2.298,0.2035,9.198,0.5943,8.479
2022-04-09T18:45:56,42467.48,3230.46,110.05,0.2576,16.82,65.3,19.53,93.47,6.183,174.99,0.5926,0.02383,0.00733,2.397,1.526,2.49,1.44,3.862,164.96,13.7,0.8164,1.56,0.5854,2.453,421.72,1.03,50.94,0.7597,10.77,2.412e-05,0.2175,2.953,1.258,2.298,0.2035,9.2,0.5944,8.486
2022-04-09T18:46:26,42464.74,3230.18,109.95,0.2576,16.82,65.3,19.53,93.49,6.19,174.89,0.5928,0.02384,0.00733,2.398,1.526,2.49,1.44,3.862,164.99,13.7,0.8142,1.56,0.5854,2.452,421.79,1.03,50.93,0.7597,10.77,2.413e-05,0.2175,2.951,1.258,2.296,0.2035,9.2,0.5989,8.482
2022-04-09T18:46:56,42466,3230.3,109.96,0.2572,16.76,65.4,19.53,93.49,6.184,174.85,0.5928,0.02384,0.00733,2.392,1.526,2.49,1.441,3.862,164.98,13.7,0.8142,1.56,0.5854,2.45,421.95,1.03,50.92,0.7597,10.77,2.411e-05,0.2175,2.951,1.258,2.296,0.2035,9.22,0.6011,8.484
2022-04-09T18:47:26,42466.51,3230.33,110.03,0.2572,16.76,65.4,19.53,93.51,6.184,174.91,0.5928,0.02383,0.00733,2.39,1.525,2.49,1.44,3.86,164.97,13.7,0.8129,1.559,0.5854,2.449,421.81,1.03,50.92,0.7597,10.77,2.412e-05,0.2175,2.951,1.258,2.296,0.2035,9.227,0.5999,8.483
2022-04-09T18:47:56,42466.14,3230.34,110.04,0.2573,16.76,65.4,19.53,93.51,6.186,174.92,0.5947,0.02382,0.00733,2.39,1.526,2.49,1.441,3.861,164.99,13.7,0.8129,1.559,0.5854,2.448,421.75,1.03,50.92,0.7597,10.77,2.413e-05,0.2175,2.952,1.258,2.296,0.2035,9.231,0.6,8.482
2022-04-09T18:48:26,42474.75,3230.76,110.18,0.2577,16.76,65.4,19.54,93.54,6.183,175,0.5947,0.02381,0.00733,2.39,1.526,2.49,1.441,3.861,165.03,13.7,0.8129,1.559,0.5854,2.45,421.88,1.03,50.96,0.7599,10.77,2.413e-05,0.2177,2.954,1.258,2.296,0.2036,9.243,0.5999,8.487
2022-04-09T18:48:56,42479.78,3230.82,110.21,0.2576,16.76,65.4,19.54,93.56,6.186,174.89,0.5949,0.02381,0.00733,2.39,1.525,2.49,1.442,3.861,165.04,13.7,0.8129,1.558,0.5854,2.45,422.09,1.031,50.98,0.7602,10.77,2.413e-05,0.2177,2.955,1.258,2.298,0.2037,9.29,0.5984,8.483
2022-04-09T18:49:26,42479.42,3231.56,110.21,0.2578,16.79,65.4,19.55,93.59,6.193,174.91,0.5949,0.02383,0.00733,2.39,1.527,2.49,1.442,3.858,165.07,13.7,0.8164,1.558,0.5854,2.449,422.12,1.03,50.97,0.7603,10.77,2.414e-05,0.2177,2.954,1.259,2.298,0.2037,9.3,0.5962,8.484
2022-04-09T18:49:56,42480.32,3231.56,110.23,0.2579,16.79,65.4,19.55,93.6,6.194,174.88,0.5948,0.02384,0.00733,2.39,1.527,2.49,1.442,3.857,165.3,13.7,0.8164,1.558,0.5854,2.451,422.15,1.03,50.96,0.7604,10.77,2.414e-05,0.2177,2.956,1.259,2.299,0.2037,9.314,0.5973,8.487
2022-04-09T18:50:26,42481.6,3231.77,110.23,0.2579,16.79,65.4,19.55,93.61,6.189,174.8,0.5946,0.02384,0.00733,2.394,1.528,2.49,1.443,3.857,165.4,13.7,0.8164,1.56,0.5877,2.455,422.15,1.031,50.98,0.7605,10.77,2.414e-05,0.2177,2.956,1.26,2.299,0.2037,9.306,0.5968,8.487
2022-04-09T18:50:56,42482.05,3231.77,110.11,0.2579,16.79,65.3,19.54,93.61,6.189,174.86,0.5957,0.02381,0.00733,2.391,1.527,2.49,1.443,3.859,165.41,13.7,0.8164,1.56,0.5877,2.459,422.17,1.03,50.97,0.7605,10.77,2.414e-05,0.2177,2.955,1.26,2.298,0.2038,9.312,0.5967,8.491
2022-04-09T18:51:26,42475.41,3231.7,110.04,0.2579,16.79,65.3,19.54,93.61,6.187,174.8,0.5957,0.02381,0.00733,2.391,1.527,2.49,1.443,3.859,165.24,13.7,0.8164,1.56,0.5877,2.46,422.11,1.031,50.96,0.7604,10.77,2.412e-05,0.2179,2.953,1.26,2.298,0.2037,9.31,0.5962,8.488
2022-04-09T18:51:56,42473.26,3231.13,110.03,0.2576,16.82,65.3,19.53,93.58,6.181,174.65,0.5959,0.0238,0.00733,2.391,1.527,2.49,1.442,3.858,165.1,13.7,0.8164,1.56,0.5877,2.46,421.88,1.03,50.95,0.7603,10.77,2.412e-05,0.2179,2.953,1.259,2.298,0.2036,9.315,0.5959,8.482
2022-04-09T18:52:26,42466.6,3230.7,110.02,0.2577,16.82,65.3,19.52,93.57,6.18,174.63,0.596,0.02375,0.00733,2.391,1.527,2.49,1.442,3.846,165.07,13.7,0.8164,1.56,0.5877,2.462,421.82,1.03,50.95,0.7601,10.77,2.411e-05,0.2176,2.953,1.26,2.297,0.2037,9.313,0.5939,8.481
2022-04-09T18:52:56,42464.88,3230.6,110.01,0.2575,16.86,65.3,19.52,93.55,6.18,174.65,0.596,0.0237,0.007332,2.391,1.527,2.49,1.441,3.847,165.07,13.7,0.8164,1.56,0.5877,2.462,421.8,1.03,50.94,0.7601,10.77,2.411e-05,0.2176,2.953,1.259,2.297,0.2037,9.346,0.5937,8.482
2022-04-09T18:53:26,42458.45,3230.15,110.03,0.2574,16.86,65.3,19.52,93.56,6.18,174.71,0.5959,0.02372,0.007332,2.391,1.526,2.49,1.442,3.838,164.91,13.7,0.8164,1.56,0.5877,2.462,421.85,1.03,50.95,0.76,10.77,2.411e-05,0.2176,2.952,1.259,2.296,0.2037,9.324,0.5936,8.482
2022-04-09T18:53:56,42457.22,3229.88,110.04,0.2575,16.86,65.3,19.51,93.54,6.179,174.76,0.5956,0.0237,0.007332,2.391,1.528,2.49,1.441,3.841,164.88,13.7,0.8164,1.56,0.5877,2.462,421.8,1.029,50.92,0.76,10.77,2.411e-05,0.2176,2.952,1.258,2.296,0.2036,9.349,0.5929,8.485
2022-04-09T18:54:26,42456.69,3229.84,110.06,0.2574,16.86,65.3,19.51,93.55,6.168,174.72,0.596,0.0237,0.007332,2.391,1.527,2.49,1.441,3.843,164.9,13.7,0.8164,1.56,0.5877,2.461,421.78,1.029,50.9,0.76,10.77,2.411e-05,0.2176,2.952,1.258,2.296,0.2036,9.344,0.5932,8.485
2022-04-09T18:54:56,42456.43,3230.32,110.2,0.2576,16.86,65.3,19.51,93.56,6.172,174.81,0.596,0.02369,0.007332,2.391,1.527,2.49,1.441,3.842,164.99,13.7,0.8164,1.56,0.5877,2.465,421.81,1.03,50.92,0.7601,10.77,2.411e-05,0.2176,2.953,1.258,2.296,0.2036,9.347,0.5943,8.487
2022-04-09T18:55:26,42456.52,3230.16,110.19,0.2576,16.86,65.2,19.52,93.58,6.168,174.75,0.596,0.02369,0.007332,2.391,1.527,2.49,1.441,3.848,165.01,13.7,0.8164,1.56,0.5877,2.47,421.79,1.03,50.92,0.7601,10.77,2.412e-05,0.2176,2.953,1.258,2.296,0.2037,9.35,0.5941,8.483
2022-04-09T18:55:56,42467.38,3230.47,110.2,0.2575,16.86,65.2,19.51,93.61,6.171,174.74,0.5959,0.02369,0.007316,2.391,1.527,2.49,1.442,3.847,165.04,13.7,0.8164,1.56,0.5877,2.466,422.01,1.03,50.93,0.76,10.77,2.412e-05,0.2176,2.955,1.258,2.297,0.2036,9.364,0.5973,8.483
2022-04-09T18:56:26,42465.95,3230.76,110.2,0.2577,16.86,65.2,19.52,93.65,6.175,174.83,0.5959,0.02372,0.007305,2.391,1.527,2.49,1.442,3.847,165.09,13.7,0.8164,1.56,0.5877,2.464,422.2,1.03,50.96,0.7604,10.77,2.413e-05,0.2176,2.955,1.258,2.297,0.2037,9.364,0.597,8.492
2022-04-09T18:56:56,42464.97,3230.75,110.16,0.2576,16.86,65.2,19.52,93.67,6.17,174.73,0.5937,0.02371,0.007302,2.391,1.527,2.49,1.443,3.843,165.09,13.7,0.8159,1.56,0.5877,2.463,422.16,1.03,50.94,0.7602,10.77,2.413e-05,0.2176,2.956,1.259,2.297,0.2037,9.348,0.5966,8.49
2022-04-09T18:57:26,42466.32,3230.53,110.15,0.2576,16.86,65.2,19.52,93.71,6.17,174.71,0.5936,0.02371,0.007302,2.395,1.527,2.49,1.442,3.846,165.08,13.7,0.8159,1.559,0.5877,2.462,422.2,1.03,50.92,0.7602,10.77,2.412e-05,0.2176,2.956,1.259,2.298,0.2037,9.35,0.5964,8.49
2022-04-09T18:57:56,42467.15,3231.55,110.19,0.2577,16.86,65.2,19.52,93.79,6.172,174.69,0.5948,0.02371,0.007302,2.392,1.528,2.49,1.442,3.845,165.24,13.7,0.8159,1.559,0.5877,2.461,422.15,1.03,50.92,0.7602,10.77,2.411e-05,0.2176,2.956,1.26,2.298,0.2037,9.373,0.5967,8.495
2022-04-09T18:58:26,42464.92,3232.03,110.22,0.2578,16.86,65.2,19.52,93.78,6.171,174.72,0.5948,0.02374,0.007302,2.39,1.528,2.49,1.443,3.847,165.25,13.7,0.8159,1.559,0.5877,2.461,422.16,1.029,50.91,0.7602,10.77,2.412e-05,0.2176,2.956,1.26,2.298,0.2038,9.364,0.5969,8.493
2022-04-09T18:58:56,42470.6,3233.12,110.24,0.2578,16.86,65.2,19.53,93.78,6.173,174.87,0.5948,0.02375,0.007302,2.39,1.528,2.49,1.443,3.847,165.28,13.7,0.8159,1.559,0.5877,2.461,422.25,1.029,50.92,0.7603,10.77,2.412e-05,0.2176,2.957,1.261,2.298,0.2039,9.352,0.5968,8.494
2022-04-09T18:59:26,42468.69,3233.09,110.25,0.2579,16.86,65.2,19.53,93.76,6.171,174.87,0.5948,0.02374,0.007302,2.39,1.528,2.49,1.442,3.849,165.29,13.7,0.8159,1.561,0.5877,2.46,422.25,1.029,50.9,0.7604,10.77,2.413e-05,0.2176,2.956,1.261,2.298,0.2039,9.343,0.5989,8.493
2022-04-09T18:59:56,42467.09,3232.91,110.22,0.2577,16.86,65.2,19.53,93.75,6.171,174.89,0.5949,0.02378,0.007302,2.39,1.528,2.49,1.442,3.846,165.24,13.7,0.8169,1.561,0.5877,2.46,422.22,1.029,50.9,0.7604,10.77,2.412e-05,0.2176,2.955,1.26,2.298,0.2039,9.334,0.5991,8.494
2022-04-09T19:00:26,42468.41,3232.72,110.17,0.2578,16.86,65.2,19.52,93.73,6.167,174.98,0.5949,0.02375,0.007302,2.39,1.528,2.49,1.441,3.846,165.25,13.7,0.8169,1.561,0.5877,2.461,422.14,1.029,50.88,0.7604,10.77,2.412e-05,0.2176,2.951,1.26,2.297,0.2038,9.332,0.5993,8.492
2022-04-09T19:00:56,42479.15,3233.96,110.43,0.2576,16.86,65.2,19.54,93.83,6.167,174.91,0.5948,0.0238,0.007302,2.39,1.528,2.49,1.441,3.851,165.41,13.7,0.8169,1.561,0.5877,2.463,422.19,1.031,50.91,0.7607,10.77,2.416e-05,0.2181,2.957,1.26,2.297,0.204,9.335,0.5994,8.492
2022-04-09T19:01:26,42528.04,3234.9,110.52,0.2579,16.86,65.1,19.57,93.9,6.177,175.26,0.5943,0.0238,0.007302,2.397,1.529,2.49,1.443,3.857,165.54,13.65,0.8169,1.561,0.5877,2.467,422.7,1.032,50.94,0.7617,10.76,2.417e-05,0.219,2.96,1.263,2.301,0.2042,9.337,0.5994,8.496
2022-04-09T19:01:56,42498.67,3234.27,110.47,0.2584,16.86,65.1,19.55,93.86,6.181,175.07,0.5943,0.02377,0.007302,2.397,1.529,2.49,1.442,3.85,165.44,13.65,0.8169,1.559,0.5877,2.465,422.78,1.031,50.92,0.7617,10.77,2.415e-05,0.219,2.958,1.261,2.3,0.2041,9.329,0.5977,8.496
2022-04-09T19:02:26,42499.61,3233.66,110.33,0.2585,16.86,65.2,19.55,93.82,6.165,175.12,0.5944,0.02377,0.00731,2.397,1.528,2.48,1.442,3.848,165.49,13.69,0.8169,1.559,0.5877,2.464,422.71,1.03,50.95,0.7616,10.77,2.415e-05,0.219,2.955,1.263,2.299,0.2041,9.321,0.5983,8.486
2022-04-09T19:02:56,42481.13,3232.29,110.2,0.2584,16.86,65.2,19.53,93.73,6.176,175.03,0.5944,0.02376,0.007302,2.397,1.527,2.48,1.441,3.848,165.31,13.69,0.8135,1.557,0.5877,2.46,422.24,1.03,50.89,0.7612,10.76,2.413e-05,0.219,2.952,1.261,2.298,0.204,9.306,0.5983,8.486
2022-04-09T19:03:26,42469.24,3231.97,110.21,0.2583,16.86,65.2,19.53,93.69,6.174,175.12,0.5944,0.02375,0.007302,2.397,1.527,2.48,1.441,3.828,165.27,13.62,0.8135,1.557,0.5877,2.458,422.25,1.029,50.87,0.761,10.76,2.413e-05,0.219,2.951,1.261,2.297,0.204,9.307,0.5985,8.485
2022-04-09T19:03:56,42473.9,3232.44,110.21,0.2584,16.84,65.2,19.53,93.72,6.173,175.09,0.5958,0.02375,0.007302,2.393,1.527,2.48,1.441,3.83,165.18,13.62,0.8135,1.557,0.5877,2.458,422.29,1.03,50.85,0.761,10.76,2.412e-05,0.219,2.951,1.262,2.297,0.204,9.297,0.5969,8.49
2022-04-09T19:04:26,42474.02,3232.39,110.2,0.2584,16.84,65.1,19.53,93.67,6.175,175.08,0.5951,0.02375,0.007302,2.393,1.528,2.48,1.441,3.83,165.17,13.61,0.8135,1.556,0.5877,2.459,422.17,1.029,50.85,0.7609,10.76,2.412e-05,0.219,2.951,1.261,2.297,0.2039,9.289,0.5949,8.489
2022-04-09T19:04:56,42473.36,3232.24,110.16,0.2585,16.84,65.1,19.53,93.65,6.17,175.11,0.5949,0.02376,0.007302,2.393,1.528,2.48,1.441,3.824,165.19,13.61,0.8135,1.556,0.5877,2.46,422.18,1.029,50.84,0.761,10.75,2.413e-05,0.219,2.951,1.261,2.297,0.204,9.288,0.5948,8.49
2022-04-09T19:05:26,42481.51,3232.49,110.15,0.2584,16.84,65.1,19.53,93.68,6.173,175.13,0.5936,0.02377,0.007302,2.39,1.528,2.48,1.441,3.83,165.26,13.63,0.8135,1.556,0.5877,2.46,422.2,1.03,50.85,0.761,10.77,2.413e-05,0.219,2.952,1.262,2.297,0.204,9.281,0.594,8.491
2022-04-09T19:05:56,42527.74,3235.56,110.33,0.2589,16.84,65.1,19.56,93.74,6.191,175.11,0.5934,0.0238,0.007318,2.39,1.529,2.48,1.443,3.832,165.36,13.63,0.8135,1.56,0.58,2.462,422.25,1.031,50.9,0.7621,10.78,2.414e-05,0.2187,2.955,1.263,2.3,0.2042,9.284,0.5946,8.495
2022-04-09T19:06:26,42528.77,3236.3,110.34,0.2589,16.84,65.2,19.57,93.79,6.184,175.12,0.5938,0.02385,0.007318,2.39,1.528,2.48,1.443,3.842,165.39,13.65,0.8165,1.56,0.58,2.464,422.48,1.032,50.93,0.7622,10.78,2.418e-05,0.2187,2.955,1.263,2.3,0.2043,9.288,0.5938,8.497
2022-04-09T19:06:56,42518.59,3236.22,110.37,0.2589,16.84,65.2,19.56,93.75,6.184,175.1,0.5938,0.02383,0.007318,2.39,1.528,2.48,1.443,3.836,165.43,13.65,0.8165,1.56,0.58,2.462,422.52,1.031,50.92,0.762,10.78,2.417e-05,0.2185,2.955,1.263,2.3,0.2043,9.286,0.5936,8.496
2022-04-09T19:07:26,42511.86,3235.88,110.35,0.2589,16.87,65.2,19.57,93.77,6.187,175.14,0.5938,0.02383,0.007318,2.39,1.528,2.48,1.443,3.837,165.47,13.67,0.8165,1.56,0.58,2.462,422.6,1.031,50.91,0.7618,10.78,2.417e-05,0.2186,2.955,1.263,2.3,0.2043,9.276,0.594,8.492
2022-04-09T19:07:56,42512.5,3235.78,110.34,0.2589,16.87,65.2,19.57,93.76,6.183,175.09,0.5899,0.02381,0.007318,2.395,1.529,2.48,1.442,3.837,165.47,13.67,0.82,1.56,0.58,2.462,422.34,1.031,50.9,0.7617,10.78,2.417e-05,0.2186,2.955,1.262,2.3,0.2043,9.261,0.5937,8.492
2022-04-09T19:08:26,42520.97,3235.94,110.4,0.2591,16.88,65.2,19.57,93.78,6.187,175.07,0.5903,0.02382,0.007318,2.395,1.528,2.48,1.442,3.84,165.48,13.67,0.82,1.56,0.58,2.462,422.4,1.031,50.91,0.762,10.78,2.417e-05,0.2186,2.955,1.263,2.299,0.2043,9.261,0.594,8.493
2022-04-09T19:08:56,42530.37,3236.19,110.43,0.2592,16.88,65.2,19.57,93.78,6.183,175.12,0.5903,0.02383,0.007318,2.395,1.528,2.48,1.443,3.84,165.48,13.67,0.82,1.56,0.58,2.462,422.4,1.032,50.91,0.762,10.78,2.417e-05,0.2187,2.955,1.263,2.3,0.2044,9.261,0.5936,8.491
2022-04-09T19:09:26,42529.05,3236.22,110.45,0.2591,16.88,65.2,19.58,93.78,6.181,175.14,0.5903,0.02381,0.007318,2.395,1.528,2.48,1.443,3.842,165.49,13.67,0.82,1.56,0.58,2.461,422.46,1.032,50.9,0.7622,10.78,2.417e-05,0.2187,2.957,1.264,2.3,0.2044,9.261,0.5933,8.495
2022-04-09T19:09:56,42530.81,3236.29,110.45,0.2591,16.88,65.2,19.58,93.81,6.181,175.18,0.5901,0.02382,0.007318,2.395,1.527,2.48,1.443,3.84,165.43,13.67,0.82,1.56,0.58,2.46,422.42,1.032,50.89,0.7622,10.78,2.416e-05,0.2187,2.957,1.264,2.3,0.2045,9.261,0.5927,8.496
2022-04-09T19:10:26,42535.93,3237.55,110.47,0.2592,16.88,65.2,19.62,93.83,6.183,175.43,0.5901,0.02382,0.007318,2.395,1.527,2.48,1.443,3.842,165.48,13.67,0.82,1.558,0.58,2.462,422.48,1.032,50.92,0.7623,10.78,2.416e-05,0.219,2.959,1.264,2.301,0.2045,9.259,0.5924,8.497
2022-04-09T19:10:56,42543.91,3238.17,110.56,0.2591,16.88,65.2,19.61,93.87,6.186,175.57,0.5901,0.02382,0.007318,2.395,1.526,2.48,1.443,3.837,165.48,13.67,0.8172,1.558,0.58,2.466,422.57,1.032,50.93,0.7625,10.78,2.417e-05,0.219,2.96,1.264,2.302,0.2046,9.256,0.5924,8.494
2022-04-09T19:11:26,42535.8,3237.3,110.43,0.2591,16.87,65.2,19.63,93.79,6.185,175.59,0.5901,0.02374,0.007327,2.395,1.528,2.48,1.444,3.837,165.42,13.67,0.8172,1.56,0.58,2.465,422.53,1.032,50.91,0.7623,10.78,2.416e-05,0.219,2.959,1.264,2.302,0.2045,9.255,0.5928,8.494
2022-04-09T19:11:56,42527.97,3236.98,110.42,0.259,16.87,65.2,19.61,93.74,6.184,175.44,0.5901,0.02373,0.007327,2.395,1.528,2.48,1.443,3.832,165.43,13.67,0.8167,1.558,0.58,2.463,422.22,1.032,50.91,0.762,10.78,2.416e-05,0.2189,2.957,1.263,2.301,0.2044,9.251,0.5936,8.495
2022-04-09T19:12:26,42527.37,3236.61,110.42,0.259,16.87,65.2,19.61,93.74,6.184,175.44,0.5881,0.02377,0.007327,2.395,1.528,2.48,1.443,3.835,165.42,13.67,0.8167,1.56,0.58,2.463,422.22,1.031,50.91,0.762,10.78,2.416e-05,0.2189,2.957,1.263,2.301,0.2045,9.247,0.595,8.494
2022-04-09T19:12:56,42527.6,3236.12,110.36,0.2588,16.87,65.2,19.61,93.7,6.186,175.51,0.5881,0.02376,0.007327,2.392,1.528,2.48,1.443,3.836,165.41,13.67,0.8167,1.561,0.58,2.463,422.08,1.032,50.9,0.762,10.78,2.416e-05,0.2189,2.957,1.262,2.301,0.2045,9.249,0.5959,8.499
2022-04-09T19:13:26,42526.24,3235.93,110.38,0.2589,16.87,65.2,19.61,93.69,6.186,175.64,0.5888,0.02375,0.007327,2.392,1.528,2.48,1.442,3.836,165.38,13.67,0.8167,1.561,0.58,2.463,421.98,1.032,50.9,0.762,10.78,2.416e-05,0.2189,2.957,1.262,2.301,0.2045,9.243,0.5957,8.499
2022-04-09T19:13:56,42527.54,3236.09,110.38,0.2591,16.87,65.2,19.61,93.7,6.172,175.55,0.5867,0.02372,0.007307,2.392,1.528,2.48,1.443,3.836,165.39,13.67,0.8169,1.561,0.58,2.463,422.03,1.031,50.91,0.762,10.78,2.415e-05,0.2189,2.959,1.262,2.302,0.2044,9.239,0.5948,8.494
2022-04-09T19:14:26,42543.25,3237.72,110.46,0.2593,16.87,65.2,19.62,93.75,6.172,175.7,0.5871,0.02376,0.007307,2.391,1.529,2.48,1.444,3.84,165.5,13.67,0.82,1.561,0.58,2.467,422.16,1.032,50.99,0.7622,10.78,2.417e-05,0.2189,2.962,1.263,2.303,0.2046,9.244,0.5955,8.498
2022-04-09T19:14:56,42540.9,3238.2,110.5,0.2591,16.87,65.2,19.62,93.76,6.173,175.79,0.5871,0.02376,0.007307,2.391,1.529,2.48,1.444,3.839,165.45,13.67,0.82,1.561,0.58,2.469,422.24,1.033,50.98,0.7623,10.78,2.418e-05,0.2189,2.961,1.263,2.303,0.2045,9.247,0.5945,8.498
2022-04-09T19:15:26,42539.68,3238.21,110.44,0.2591,16.87,65.2,19.62,93.76,6.177,175.71,0.5883,0.02376,0.007307,2.391,1.529,2.48,1.444,3.841,165.47,13.6,0.82,1.561,0.58,2.473,422.16,1.033,50.92,0.7624,10.78,2.418e-05,0.2189,2.961,1.264,2.303,0.2046,9.249,0.5937,8.499
2022-04-09T19:15:56,42544.7,3239.16,110.52,0.2592,16.87,65.2,19.62,93.78,6.173,175.75,0.587,0.02378,0.007307,2.391,1.529,2.48,1.444,3.84,165.5,13.6,0.82,1.561,0.58,2.478,422.13,1.032,50.95,0.7624,10.78,2.418e-05,0.219,2.963,1.264,2.304,0.2046,9.25,0.5932,8.5
2022-04-09T19:16:26,42538.95,3237.49,110.46,0.2591,16.87,65.2,19.62,93.78,6.174,175.76,0.5882,0.02377,0.007317,2.391,1.529,2.48,1.443,3.837,165.41,13.6,0.8188,1.562,0.58,2.482,422,1.032,50.96,0.7622,10.8,2.417e-05,0.219,2.962,1.264,2.304,0.2045,9.221,0.593,8.495
2022-04-09T19:16:56,42542.49,3238.21,110.53,0.2592,16.87,65.2,19.62,93.78,6.179,175.74,0.5882,0.02376,0.007317,2.391,1.528,2.48,1.443,3.838,165.41,13.6,0.8173,1.562,0.58,2.484,422,1.032,50.98,0.7622,10.8,2.419e-05,0.219,2.963,1.263,2.304,0.2044,9.177,0.5934,8.499
2022-04-09T19:17:26,42542.75,3238.05,110.52,0.2593,16.87,65.2,19.62,93.77,6.18,175.78,0.5896,0.02377,0.007335,2.389,1.528,2.48,1.442,3.837,165.42,13.6,0.8173,1.562,0.58,2.479,422.11,1.032,50.98,0.7622,10.8,2.419e-05,0.219,2.962,1.263,2.304,0.2045,9.185,0.5942,8.5
2022-04-09T19:17:56,42534.94,3237.8,110.51,0.2593,16.87,65.2,19.62,93.76,6.179,175.74,0.5898,0.02373,0.007335,2.389,1.528,2.48,1.443,3.834,165.45,13.6,0.8167,1.562,0.58,2.475,422.05,1.032,50.94,0.7622,10.81,2.418e-05,0.219,2.962,1.264,2.304,0.2045,9.184,0.594,8.5
2022-04-09T19:18:26,42536.57,3237.48,110.52,0.2593,16.86,65.1,19.62,93.74,6.179,175.81,0.5898,0.02372,0.007335,2.389,1.528,2.48,1.443,3.835,165.44,13.6,0.8167,1.563,0.5787,2.473,422.13,1.033,50.94,0.7622,10.81,2.419e-05,0.2189,2.962,1.263,2.304,0.2046,9.181,0.595,8.5
2022-04-09T19:18:56,42539.46,3237.49,110.52,0.2593,16.86,65.2,19.62,93.75,6.178,175.71,0.5901,0.02373,0.007335,2.389,1.528,2.48,1.443,3.835,165.46,13.6,0.8167,1.564,0.5787,2.467,422.09,1.032,50.93,0.7622,10.81,2.418e-05,0.2189,2.963,1.264,2.304,0.2046,9.165,0.5946,8.498
2022-04-09T19:19:26,42537.2,3237.39,110.42,0.2593,16.86,65.2,19.61,93.75,6.171,175.71,0.5901,0.02373,0.007335,2.389,1.528,2.48,1.442,3.835,165.46,13.62,0.8167,1.564,0.5787,2.466,422.15,1.033,50.93,0.7621,10.81,2.419e-05,0.2189,2.962,1.264,2.305,0.2046,9.163,0.5934,8.5
2022-04-09T19:19:56,42511.29,3235.69,110.24,0.2589,16.86,65.1,19.58,93.69,6.17,175.57,0.59,0.02368,0.007335,2.389,1.529,2.48,1.442,3.835,165.32,13.62,0.8167,1.564,0.5787,2.466,421.89,1.031,50.88,0.7616,10.81,2.417e-05,0.2189,2.958,1.263,2.303,0.2044,9.166,0.592,8.492
2022-04-09T19:20:26,42509.24,3235.68,110.19,0.2588,16.86,65.1,19.57,93.69,6.165,175.54,0.59,0.0237,0.007335,2.389,1.529,2.48,1.44,3.835,165.32,13.58,0.815,1.565,0.5787,2.465,421.78,1.032,50.86,0.7615,10.81,2.417e-05,0.2189,2.957,1.262,2.302,0.2044,9.169,0.5911,8.493
2022-04-09T19:20:56,42508.9,3235.76,110.2,0.2589,16.86,65.2,19.57,93.72,6.166,175.58,0.5891,0.0237,0.007335,2.387,1.529,2.48,1.44,3.828,165.31,13.58,0.815,1.565,0.5787,2.465,421.72,1.032,50.86,0.7615,10.81,2.416e-05,0.2189,2.958,1.263,2.302,0.2044,9.172,0.5909,8.491
2022-04-09T19:21:26,42510.52,3235.51,110.21,0.2589,16.85,65.2,19.58,93.79,6.166,175.48,0.5891,0.02369,0.007335,2.387,1.528,2.48,1.44,3.828,165.34,13.58,0.8173,1.565,0.5787,2.464,421.79,1.032,50.85,0.7615,10.81,2.417e-05,0.2189,2.958,1.262,2.302,0.2044,9.172,0.5905,8.491
2022-04-09T19:21:56,42507.81,3235.51,110.16,0.2588,16.85,65.2,19.57,93.79,6.172,175.31,0.5891,0.02371,0.0073,2.387,1.528,2.48,1.441,3.827,165.26,13.58,0.8173,1.561,0.5787,2.465,421.75,1.031,50.83,0.7616,10.81,2.416e-05,0.2189,2.958,1.261,2.301,0.2043,9.171,0.5904,8.491
2022-04-09T19:22:26,42543.05,3238.1,110.38,0.2592,16.86,65.1,19.58,93.89,6.178,175.52,0.5893,0.02373,0.0073,2.387,1.528,2.48,1.441,3.827,165.42,13.58,0.8173,1.564,0.5787,2.468,421.87,1.033,50.82,0.7623,10.81,2.418e-05,0.2189,2.961,1.261,2.301,0.2044,9.181,0.5905,8.492
2022-04-09T19:22:56,42510.95,3236.59,110.22,0.2588,16.85,65.1,19.58,93.86,6.187,175.53,0.5893,0.02372,0.0073,2.387,1.528,2.48,1.441,3.837,165.37,13.58,0.8173,1.562,0.5684,2.466,422.07,1.032,50.9,0.7618,10.81,2.418e-05,0.2189,2.959,1.261,2.302,0.2044,9.191,0.5905,8.493
2022-04-09T19:23:26,42510.14,3236.3,110.19,0.2588,16.85,65.1,19.58,93.87,6.18,175.5,0.5912,0.02375,0.0073,2.391,1.528,2.48,1.441,3.836,165.31,13.58,0.8173,1.562,0.5684,2.466,422.04,1.032,50.89,0.7619,10.77,2.418e-05,0.2189,2.959,1.261,2.302,0.2045,9.174,0.5906,8.492
2022-04-09T19:23:56,42510.58,3236.5,110.22,0.2589,16.85,65.1,19.58,93.89,6.187,175.39,0.591,0.02369,0.0073,2.391,1.528,2.48,1.441,3.837,165.39,13.58,0.8173,1.562,0.5684,2.467,421.88,1.032,50.86,0.7619,10.77,2.418e-05,0.2189,2.959,1.262,2.302,0.2045,9.16,0.5916,8.493
2022-04-09T19:24:26,42498.4,3235.37,110.19,0.2587,16.85,65.1,19.57,93.87,6.183,175.37,0.5909,0.02366,0.0073,2.391,1.528,2.48,1.441,3.834,165.3,13.58,0.8173,1.562,0.5684,2.466,421.86,1.031,50.86,0.7617,10.77,2.416e-05,0.2189,2.957,1.261,2.301,0.2045,9.162,0.5913,8.493
2022-04-09T19:24:56,42495.84,3235.49,110.19,0.2589,16.85,65.1,19.56,93.88,6.195,175.4,0.5902,0.02368,0.0073,2.391,1.527,2.48,1.442,3.834,165.32,13.58,0.8173,1.562,0.5684,2.466,421.9,1.031,50.85,0.7618,10.77,2.416e-05,0.2189,2.957,1.261,2.301,0.2045,9.164,0.5916,8.493
2022-04-09T19:25:26,42500.19,3235.45,110.18,0.2589,16.84,65.1,19.58,93.95,6.194,175.39,0.5902,0.02366,0.0073,2.391,1.527,2.48,1.442,3.836,165.31,13.57,0.8173,1.562,0.5684,2.468,421.79,1.031,50.86,0.7617,10.77,2.417e-05,0.2184,2.957,1.261,2.301,0.2045,9.167,0.5904,8.497
2022-04-09T19:25:56,42500.78,3235.45,110.18,0.259,16.84,65.1,19.57,94.01,6.193,175.41,0.5902,0.02367,0.0073,2.391,1.527,2.48,1.441,3.836,165.34,13.57,0.8176,1.562,0.5684,2.466,421.84,1.031,50.88,0.7616,10.77,2.418e-05,0.2187,2.957,1.261,2.301,0.2045,9.163,0.591,8.497
2022-04-09T19:26:26,42500.49,3235.32,110.18,0.2589,16.84,65.2,19.56,93.98,6.191,175.32,0.5902,0.02367,0.0073,2.391,1.527,2.48,1.441,3.836,165.24,13.57,0.8176,1.562,0.5684,2.466,421.76,1.031,50.88,0.7616,10.77,2.418e-05,0.2187,2.957,1.26,2.3,0.2044,9.163,0.5909,8.497
2022-04-09T19:26:56,42493.25,3234.51,110.14,0.2587,16.84,65.2,19.56,93.94,6.192,175.07,0.5902,0.02369,0.0073,2.391,1.528,2.48,1.441,3.835,165.23,13.57,0.8176,1.562,0.5684,2.466,421.84,1.031,50.87,0.7616,10.77,2.417e-05,0.2187,2.956,1.26,2.3,0.2044,9.165,0.5909,8.493
2022-04-09T19:27:26,42488.4,3234.23,110.13,0.2587,16.84,65.2,19.55,93.93,6.188,175.13,0.5914,0.02368,0.0073,2.391,1.528,2.48,1.44,3.836,165.14,13.57,0.8176,1.562,0.5684,2.465,421.74,1.03,50.87,0.7615,10.77,2.417e-05,0.2187,2.956,1.259,2.3,0.2045,9.159,0.5902,8.494
2022-04-09T19:27:56,42488.09,3234.09,110.13,0.2587,16.84,65.2,19.55,93.92,6.187,175.09,0.5916,0.02371,0.0073,2.391,1.528,2.48,1.44,3.839,165.15,13.57,0.8176,1.562,0.5684,2.464,421.82,1.031,50.87,0.7615,10.77,2.422e-05,0.2187,2.955,1.259,2.3,0.2045,9.146,0.5902,8.494
2022-04-09T19:28:26,42485.27,3234.15,110.06,0.2588,16.85,65.2,19.55,93.9,6.188,175.1,0.5917,0.02369,0.0073,2.392,1.528,2.48,1.44,3.837,165.08,13.57,0.8173,1.562,0.5684,2.463,421.79,1.031,50.86,0.7614,10.77,2.422e-05,0.2185,2.954,1.259,2.3,0.2044,9.145,0.5902,8.493
2022-04-09T19:28:56,42489.66,3234.18,110.11,0.2587,16.88,65.2,19.54,93.9,6.188,175.12,0.5919,0.02371,0.0073,2.392,1.528,2.48,1.44,3.835,165.05,13.57,0.8173,1.562,0.5684,2.463,421.68,1.031,50.87,0.7612,10.77,2.421e-05,0.2185,2.955,1.258,2.299,0.2045,9.143,0.5923,8.494
2022-04-09T19:29:26,42485.62,3233.31,110.06,0.2584,16.88,65.2,19.54,93.83,6.185,175.12,0.5919,0.02371,0.00728,2.392,1.528,2.48,1.44,3.835,165.05,13.57,0.8151,1.56,0.5684,2.461,421.68,1.03,50.87,0.7612,10.77,2.421e-05,0.2185,2.954,1.257,2.299,0.2044,9.135,0.5937,8.492
2022-04-09T19:29:56,42481.69,3232.45,110.04,0.2583,16.88,65.2,19.54,93.77,6.187,175.07,0.5919,0.02371,0.00728,2.397,1.528,2.48,1.44,3.836,165.09,13.57,0.8151,1.56,0.5684,2.46,421.63,1.03,50.86,0.761,10.77,2.42e-05,0.2181,2.952,1.257,2.299,0.2042,9.129,0.5944,8.497
2022-04-09T19:30:26,42480.51,3232.38,110,0.2583,16.88,65.2,19.53,93.73,6.181,175.07,0.5919,0.0237,0.00728,2.397,1.528,2.48,1.439,3.836,165.06,13.6,0.8151,1.56,0.5787,2.46,421.61,1.03,50.84,0.7608,10.77,2.419e-05,0.2181,2.951,1.257,2.299,0.204,9.13,0.5939,8.496
2022-04-09T19:30:56,42481.07,3231.77,109.88,0.2581,16.88,65.2,19.54,93.69,6.186,174.92,0.5919,0.02368,0.00728,2.397,1.527,2.48,1.438,3.837,165,13.6,0.8151,1.559,0.5787,2.46,421.58,1.03,50.84,0.7608,10.77,2.419e-05,0.2181,2.951,1.257,2.298,0.204,9.132,0.5924,8.496
2022-04-09T19:31:26,42477.19,3231.82,109.87,0.2581,16.88,65.2,19.54,93.67,6.184,174.87,0.5915,0.02367,0.00728,2.397,1.527,2.48,1.437,3.837,164.97,13.6,0.8132,1.559,0.5787,2.46,421.42,1.029,50.83,0.7608,10.77,2.418e-05,0.2181,2.95,1.256,2.296,0.2041,9.14,0.5918,8.497
2022-04-09T19:31:56,42472.03,3230.67,109.85,0.2582,16.88,65.2,19.53,93.64,6.183,174.91,0.5918,0.02364,0.007296,2.397,1.525,2.48,1.436,3.837,164.87,13.6,0.8132,1.559,0.5787,2.459,421.41,1.028,50.82,0.7606,10.77,2.418e-05,0.2181,2.948,1.255,2.295,0.2038,9.139,0.5913,8.491
2022-04-09T19:32:26,42482.4,3231.53,109.94,0.2584,16.88,65.1,19.53,93.64,6.185,174.89,0.5918,0.02368,0.007296,2.397,1.526,2.48,1.437,3.839,164.94,13.6,0.8132,1.559,0.5787,2.464,421.49,1.029,50.84,0.7606,10.77,2.418e-05,0.218,2.949,1.256,2.295,0.2039,9.153,0.5913,8.489
2022-04-09T19:32:56,42474.16,3230.48,109.96,0.2582,16.88,65.1,19.53,93.58,6.182,174.83,0.5908,0.02368,0.007295,2.397,1.525,2.48,1.437,3.839,164.82,13.6,0.8132,1.56,0.5787,2.462,421.44,1.029,50.82,0.7609,10.77,2.418e-05,0.218,2.948,1.256,2.295,0.2041,9.148,0.5922,8.484
2022-04-09T19:33:26,42477.53,3230.25,109.91,0.2582,16.88,65.1,19.53,93.58,6.174,174.85,0.593,0.02367,0.007295,2.397,1.525,2.48,1.437,3.839,164.85,13.6,0.8132,1.558,0.5787,2.461,421.44,1.029,50.8,0.7609,10.77,2.417e-05,0.218,2.948,1.256,2.295,0.2041,9.154,0.5935,8.485
2022-04-09T19:33:56,42476.19,3230.08,109.91,0.2581,16.88,65,19.53,93.6,6.176,174.84,0.5932,0.02367,0.007295,2.397,1.525,2.48,1.437,3.839,164.87,13.6,0.8132,1.558,0.5787,2.461,421.42,1.029,50.8,0.7608,10.77,2.417e-05,0.218,2.948,1.256,2.295,0.204,9.149,0.5939,8.484
2022-04-09T19:34:26,42479.44,3230.01,109.9,0.2581,16.88,65,19.55,93.61,6.174,174.97,0.5932,0.02368,0.007295,2.397,1.525,2.48,1.437,3.839,164.96,13.6,0.8126,1.558,0.5787,2.461,421.37,1.029,50.82,0.761,10.77,2.417e-05,0.218,2.949,1.256,2.295,0.2041,9.152,0.5942,8.483
2022-04-09T19:34:56,42474.52,3229.87,109.9,0.2581,16.88,65,19.56,93.6,6.174,175.02,0.5932,0.02368,0.007295,2.397,1.525,2.48,1.436,3.839,164.98,13.6,0.8126,1.558,0.5787,2.458,421.48,1.029,50.81,0.7609,10.77,2.415e-05,0.218,2.948,1.255,2.295,0.2041,9.147,0.5941,8.486
2022-04-09T19:35:26,42475.48,3229.78,109.9,0.2581,16.88,65,19.56,93.59,6.175,175.09,0.5932,0.02368,0.007295,2.397,1.525,2.48,1.436,3.839,164.88,13.6,0.8126,1.558,0.5787,2.455,421.37,1.029,50.81,0.7609,10.77,2.414e-05,0.218,2.948,1.255,2.295,0.204,9.149,0.594,8.487
2022-04-09T19:35:56,42470.74,3229.65,109.94,0.258,16.88,65.1,19.56,93.6,6.18,175.09,0.5931,0.02367,0.00729,2.397,1.524,2.48,1.437,3.839,164.87,13.6,0.8126,1.558,0.5787,2.455,421.42,1.029,50.81,0.7609,10.77,2.414e-05,0.218,2.948,1.255,2.295,0.204,9.148,0.594,8.488
2022-04-09T19:36:26,42472.62,3230,109.97,0.2577,16.88,65.1,19.56,93.59,6.176,175.07,0.5931,0.02364,0.00729,2.397,1.524,2.48,1.437,3.839,164.81,13.57,0.8126,1.558,0.5787,2.455,421.23,1.029,50.82,0.7609,10.77,2.414e-05,0.2178,2.949,1.255,2.295,0.2041,9.146,0.5938,8.485
2022-04-09T19:36:56,42471.74,3230.59,109.95,0.2576,16.86,65.1,19.55,93.6,6.174,175.15,0.5937,0.02366,0.00729,2.397,1.524,2.48,1.437,3.839,164.79,13.57,0.81,1.558,0.5787,2.455,421.28,1.029,50.82,0.7609,10.77,2.413e-05,0.2178,2.949,1.255,2.295,0.2041,9.146,0.5938,8.484
2022-04-09T19:37:26,42472.98,3230.57,109.95,0.2577,16.86,65.1,19.54,93.61,6.166,175.17,0.5936,0.02367,0.00729,2.395,1.524,2.48,1.437,3.825,164.82,13.61,0.81,1.56,0.5788,2.456,421.29,1.029,50.84,0.7609,10.77,2.413e-05,0.2182,2.949,1.255,2.295,0.2041,9.137,0.5951,8.486
2022-04-09T19:37:56,42470.25,3230.29,109.78,0.2575,16.85,65.1,19.54,93.61,6.17,175.16,0.5936,0.02367,0.00729,2.395,1.524,2.48,1.436,3.825,164.85,13.61,0.81,1.56,0.5788,2.455,421.17,1.028,50.84,0.7608,10.74,2.412e-05,0.2182,2.948,1.255,2.295,0.204,9.132,0.5943,8.487
2022-04-09T19:38:26,42477.74,3230.71,109.82,0.2578,16.85,65.1,19.55,93.64,6.175,175.17,0.5936,0.02369,0.00729,2.395,1.524,2.48,1.437,3.825,164.8,13.61,0.81,1.56,0.5788,2.457,421.32,1.029,50.86,0.761,10.74,2.413e-05,0.2181,2.948,1.255,2.296,0.2042,9.128,0.5942,8.488
2022-04-09T19:38:56,42484.78,3230.78,109.81,0.2578,16.89,65.1,19.55,93.65,6.174,175.17,0.5937,0.02371,0.00729,2.395,1.524,2.48,1.437,3.828,164.81,13.61,0.81,1.558,0.5913,2.457,421.39,1.029,50.88,0.761,10.74,2.413e-05,0.2181,2.949,1.255,2.296,0.2041,9.125,0.5946,8.492
2022-04-09T19:39:26,42481.4,3230.68,109.79,0.2578,16.89,65,19.55,93.69,6.17,175.17,0.5937,0.02371,0.00729,2.395,1.524,2.48,1.437,3.828,164.79,13.61,0.81,1.561,0.5913,2.455,421.32,1.029,50.88,0.761,10.74,2.413e-05,0.2181,2.949,1.255,2.296,0.2041,9.127,0.5946,8.492
2022-04-09T19:39:56,42478.81,3230.14,109.73,0.2574,16.88,64.9,19.54,93.69,6.172,175.19,0.5937,0.02369,0.00729,2.395,1.524,2.48,1.437,3.828,164.79,13.61,0.81,1.561,0.5913,2.454,421.37,1.029,50.87,0.7608,10.74,2.412e-05,0.2181,2.949,1.254,2.296,0.2041,9.126,0.5946,8.493
2022-04-09T19:40:26,42481.43,3230.65,109.73,0.2573,16.88,65.1,19.54,93.71,6.17,175.17,0.5937,0.02367,0.00729,2.395,1.525,2.48,1.436,3.827,164.78,13.61,0.81,1.56,0.5913,2.453,421.22,1.029,50.89,0.7607,10.76,2.413e-05,0.2183,2.949,1.254,2.296,0.2041,9.126,0.594,8.483
2022-04-09T19:40:56,42489.45,3231.28,109.89,0.2574,16.88,65.1,19.55,93.77,6.176,175.27,0.5937,0.0237,0.00729,2.393,1.525,2.48,1.438,3.832,164.84,13.61,0.81,1.56,0.5913,2.456,421.35,1.03,50.89,0.761,10.76,2.414e-05,0.2183,2.952,1.255,2.297,0.2042,9.125,0.5945,8.488
2022-04-09T19:41:26,42486.41,3231.32,109.83,0.2572,16.88,65.1,19.56,93.83,6.176,175.29,0.5937,0.0237,0.007294,2.393,1.524,2.48,1.438,3.832,164.91,13.61,0.81,1.561,0.5913,2.455,421.37,1.03,50.91,0.7611,10.76,2.415e-05,0.2185,2.953,1.257,2.297,0.2042,9.133,0.5939,8.491
2022-04-09T19:41:56,42482.63,3232.24,109.87,0.2571,16.88,65.1,19.55,93.83,6.171,175.31,0.5906,0.02371,0.007294,2.393,1.524,2.48,1.438,3.828,164.94,13.61,0.8119,1.561,0.5913,2.455,421.28,1.03,50.89,0.7609,10.76,2.415e-05,0.2183,2.952,1.257,2.298,0.2042,9.132,0.5938,8.487
2022-04-09T19:42:26,42488.82,3232.79,109.86,0.2571,16.89,65.1,19.55,93.84,6.173,175.33,0.5906,0.02372,0.007294,2.393,1.526,2.48,1.439,3.831,165.04,13.61,0.8119,1.562,0.5913,2.458,421.55,1.03,50.89,0.761,10.76,2.415e-05,0.2183,2.953,1.257,2.301,0.2044,9.128,0.5937,8.491
2022-04-09T19:42:56,42486.59,3232.59,109.85,0.257,16.89,65.1,19.55,93.84,6.17,175.3,0.5906,0.02371,0.007294,2.392,1.526,2.48,1.438,3.831,165.02,13.61,0.8119,1.56,0.5913,2.459,421.44,1.03,50.89,0.761,10.76,2.415e-05,0.2183,2.954,1.257,2.301,0.2043,9.121,0.593,8.497
2022-04-09T19:43:26,42486.43,3232.51,109.86,0.2571,16.89,65.1,19.55,93.85,6.169,175.3,0.5906,0.02371,0.007294,2.392,1.526,2.48,1.439,3.829,165.02,13.61,0.8127,1.562,0.5913,2.461,421.45,1.029,50.9,0.761,10.76,2.416e-05,0.2185,2.953,1.258,2.301,0.2043,9.116,0.5917,8.492
2022-04-09T19:43:56,42487.95,3232.46,109.87,0.2571,16.89,65.1,19.55,93.85,6.168,175.33,0.5906,0.02371,0.00729,2.394,1.526,2.48,1.439,3.829,165.01,13.61,0.8127,1.562,0.5789,2.462,421.54,1.029,50.87,0.7609,10.76,2.416e-05,0.2185,2.953,1.258,2.301,0.2043,9.119,0.5909,8.492
2022-04-09T19:44:26,42486.66,3232.45,109.89,0.257,16.89,65.1,19.55,93.85,6.166,175.32,0.5906,0.02372,0.00729,2.394,1.526,2.48,1.439,3.829,164.98,13.61,0.8119,1.563,0.5789,2.462,421.53,1.03,50.86,0.7609,10.76,2.416e-05,0.2185,2.953,1.258,2.301,0.2043,9.12,0.5908,8.496
2022-04-09T19:44:56,42486.8,3232.48,109.9,0.257,16.87,65.1,19.55,93.85,6.168,175.34,0.5936,0.02372,0.00729,2.394,1.526,2.48,1.439,3.829,165.01,13.61,0.8119,1.562,0.5789,2.461,421.52,1.029,50.87,0.761,10.76,2.416e-05,0.2185,2.954,1.259,2.301,0.2043,9.122,0.5904,8.496
2022-04-09T19:45:26,42486.43,3232.38,109.96,0.2574,16.87,65.1,19.56,93.87,6.172,175.35,0.5925,0.02372,0.00729,2.394,1.526,2.48,1.438,3.829,165.12,13.61,0.8119,1.562,0.5789,2.46,421.58,1.029,50.9,0.761,10.76,2.416e-05,0.2185,2.954,1.259,2.301,0.2043,9.12,0.5913,8.498
2022-04-09T19:45:56,42487.59,3232.39,109.98,0.2575,16.87,65.1,19.56,93.86,6.171,175.22,0.5925,0.02371,0.00729,2.394,1.526,2.48,1.439,3.829,165.13,13.61,0.8119,1.563,0.5789,2.46,421.68,1.03,50.9,0.761,10.76,2.416e-05,0.2184,2.953,1.259,2.301,0.2043,9.122,0.5907,8.493
2022-04-09T19:46:26,42487.69,3232.36,109.93,0.2575,16.87,65.1,19.55,93.89,6.172,174.98,0.5924,0.02372,0.007302,2.394,1.526,2.48,1.439,3.828,165.14,13.61,0.8119,1.563,0.5789,2.457,421.63,1.03,50.88,0.761,10.76,2.416e-05,0.2184,2.953,1.259,2.3,0.2043,9.124,0.5909,8.497
2022-04-09T19:46:56,42492.78,3232.69,109.95,0.2577,16.87,65,19.55,93.91,6.175,175.29,0.5934,0.02373,0.007302,2.394,1.526,2.48,1.439,3.83,165.26,13.61,0.8119,1.563,0.5789,2.461,421.63,1.029,50.88,0.761,10.76,2.416e-05,0.2187,2.954,1.259,2.301,0.2043,9.118,0.5921,8.497
2022-04-09T19:47:26,42531.49,3235.13,110.11,0.2582,16.87,65.2,19.58,94.03,6.175,175.49,0.5934,0.02376,0.007302,2.394,1.528,2.48,1.44,3.833,165.44,13.61,0.8119,1.567,0.5789,2.465,422.14,1.031,50.93,0.7617,10.8,2.418e-05,0.2192,2.957,1.261,2.304,0.2045,9.123,0.5932,8.504
2022-04-09T19:47:56,42522.98,3235.89,110.08,0.2581,16.88,65.2,19.58,94.04,6.176,175.72,0.5935,0.02374,0.007302,2.394,1.529,2.48,1.442,3.833,165.36,13.61,0.81,1.567,0.5789,2.463,422.32,1.031,50.92,0.7617,10.8,2.419e-05,0.219,2.959,1.261,2.305,0.2044,9.129,0.5933,8.501
2022-04-09T19:48:26,42526.65,3236.91,110.19,0.258,16.88,65.1,19.6,94.05,6.176,175.72,0.5935,0.02375,0.007302,2.394,1.529,2.48,1.442,3.833,165.42,13.63,0.81,1.565,0.5789,2.464,422.35,1.031,50.92,0.762,10.8,2.419e-05,0.2192,2.96,1.262,2.305,0.2046,9.132,0.5959,8.504
2022-04-09T19:48:56,42522.72,3237.03,110.17,0.258,16.88,65.1,19.6,94.04,6.172,175.63,0.5935,0.02374,0.007302,2.394,1.528,2.48,1.443,3.833,165.39,13.63,0.81,1.566,0.5789,2.463,422.35,1.031,50.92,0.762,10.8,2.419e-05,0.2192,2.96,1.262,2.305,0.2046,9.129,0.5957,8.502
2022-04-09T19:49:26,42523.05,3236.93,110.17,0.258,16.88,65.1,19.6,93.99,6.172,175.62,0.5957,0.02375,0.007302,2.394,1.528,2.48,1.443,3.833,165.44,13.63,0.81,1.566,0.5789,2.464,422.18,1.031,50.93,0.7619,10.8,2.419e-05,0.2191,2.961,1.262,2.305,0.2046,9.129,0.5945,8.503
2022-04-09T19:49:56,42526.75,3237,110.19,0.2582,16.88,65.1,19.59,93.99,6.171,175.6,0.5957,0.02373,0.007302,2.394,1.529,2.48,1.443,3.833,165.59,13.63,0.81,1.562,0.5789,2.464,422.25,1.031,50.93,0.762,10.8,2.421e-05,0.2191,2.962,1.262,2.305,0.2046,9.122,0.5941,8.507
2022-04-09T19:50:26,42527.71,3236.99,110.15,0.2582,16.88,65.1,19.6,93.99,6.17,175.57,0.5946,0.02373,0.007302,2.394,1.529,2.48,1.443,3.828,165.64,13.63,0.8115,1.568,0.5789,2.464,422.2,1.031,50.95,0.7621,10.8,2.42e-05,0.2191,2.962,1.262,2.306,0.2046,9.121,0.594,8.508
2022-04-09T19:50:56,42530.03,3237.78,110.15,0.2582,16.88,65.1,19.6,93.99,6.167,175.56,0.595,0.02373,0.007302,2.394,1.529,2.48,1.442,3.832,165.65,13.63,0.8115,1.568,0.5789,2.463,422.26,1.031,50.97,0.7622,10.8,2.42e-05,0.2193,2.962,1.262,2.307,0.2046,9.121,0.5947,8.507
2022-04-09T19:51:26,42534.71,3237.77,110.14,0.2583,16.88,65.1,19.6,94,6.171,175.58,0.5963,0.02378,0.007303,2.394,1.528,2.48,1.443,3.831,165.62,13.63,0.8146,1.568,0.5861,2.463,422.49,1.031,50.97,0.7624,10.8,2.422e-05,0.2193,2.964,1.262,2.308,0.2045,9.127,0.5943,8.508
2022-04-09T19:51:56,42534.73,3237.57,110.14,0.2583,16.88,65.1,19.6,93.95,6.163,175.66,0.5963,0.02375,0.007303,2.394,1.528,2.48,1.443,3.839,165.58,13.63,0.8146,1.57,0.5861,2.463,422.45,1.031,50.97,0.7624,10.8,2.422e-05,0.2193,2.964,1.262,2.309,0.2046,9.127,0.5942,8.507
2022-04-09T19:52:26,42534.26,3237.61,110.16,0.2582,16.88,65.1,19.6,93.99,6.167,175.64,0.5965,0.02371,0.007303,2.394,1.528,2.48,1.444,3.838,165.64,13.63,0.8146,1.57,0.5861,2.462,422.43,1.031,50.97,0.7624,10.8,2.422e-05,0.2193,2.964,1.262,2.309,0.2046,9.126,0.5937,8.506
2022-04-09T19:52:56,42533.76,3237.53,110.08,0.2582,16.88,65.1,19.57,94.01,6.163,175.61,0.5966,0.02372,0.007303,2.394,1.528,2.48,1.444,3.837,165.63,13.63,0.8146,1.57,0.5861,2.461,422.31,1.032,50.97,0.7622,10.8,2.422e-05,0.2193,2.963,1.262,2.309,0.2046,9.126,0.5941,8.507
2022-04-09T19:53:26,42535.25,3237.64,110.07,0.2582,16.9,65.1,19.56,94.05,6.163,175.64,0.5966,0.02369,0.007303,2.394,1.528,2.48,1.443,3.837,165.66,13.63,0.8146,1.57,0.5861,2.46,422.27,1.031,50.97,0.7623,10.8,2.422e-05,0.2193,2.964,1.261,2.308,0.2046,9.13,0.594,8.506
2022-04-09T19:53:56,42535.65,3237.84,110.12,0.2583,16.9,65.2,19.56,94.03,6.163,175.6,0.5966,0.0237,0.007309,2.394,1.528,2.48,1.443,3.838,165.66,13.63,0.8146,1.57,0.5861,2.46,422.27,1.031,50.97,0.7623,10.79,2.422e-05,0.2193,2.964,1.261,2.308,0.2045,9.129,0.5951,8.506
2022-04-09T19:54:26,42547.17,3238.17,110.11,0.2586,16.9,65.2,19.57,94.01,6.164,175.65,0.5963,0.02375,0.007309,2.394,1.528,2.48,1.443,3.838,165.66,13.63,0.8129,1.568,0.5861,2.46,422.38,1.031,50.97,0.7622,10.81,2.422e-05,0.2195,2.965,1.262,2.309,0.2046,9.129,0.5954,8.508
2022-04-09T19:54:56,42553.52,3238.17,110.11,0.2587,16.9,65.2,19.56,93.98,6.167,175.65,0.5964,0.02373,0.007319,2.394,1.528,2.48,1.444,3.838,165.68,13.63,0.8129,1.568,0.5861,2.46,422.34,1.031,50.98,0.7623,10.81,2.423e-05,0.2195,2.965,1.262,2.309,0.2046,9.131,0.5953,8.507
2022-04-09T19:55:26,42554.32,3238.38,110.11,0.2585,16.9,65.2,19.56,93.98,6.171,175.62,0.5964,0.02371,0.007318,2.394,1.528,2.48,1.444,3.838,165.72,13.63,0.8129,1.568,0.5788,2.46,422.32,1.031,50.98,0.7623,10.81,2.423e-05,0.2194,2.964,1.262,2.309,0.2046,9.138,0.5944,8.515
2022-04-09T19:55:56,42552.65,3238.11,110.06,0.2585,16.8,65.2,19.56,94.01,6.174,175.52,0.5964,0.02372,0.007316,2.394,1.528,2.48,1.443,3.838,165.69,13.63,0.8129,1.568,0.586,2.459,422.32,1.031,50.98,0.762,10.79,2.424e-05,0.2192,2.963,1.262,2.308,0.2045,9.141,0.5945,8.511
2022-04-09T19:56:26,42549.67,3238.3,110.08,0.2585,16.79,65.2,19.56,94.01,6.175,175.55,0.5964,0.0237,0.007316,2.394,1.528,2.48,1.443,3.838,165.69,13.63,0.8129,1.568,0.586,2.458,422.33,1.031,50.97,0.762,10.79,2.423e-05,0.2192,2.963,1.262,2.308,0.2046,9.137,0.595,8.51
2022-04-09T19:56:56,42543.92,3237.84,109.98,0.2581,16.79,65.2,19.55,93.93,6.172,175.36,0.5971,0.02371,0.007316,2.394,1.528,2.48,1.441,3.838,165.68,13.63,0.8129,1.567,0.586,2.458,422.25,1.031,50.97,0.7616,10.79,2.422e-05,0.2192,2.962,1.26,2.306,0.2045,9.123,0.5962,8.515
2022-04-09T19:57:26,42523.73,3235.28,109.94,0.2577,16.8,65,19.54,93.88,6.172,175.35,0.5975,0.02369,0.007316,2.394,1.528,2.48,1.44,3.838,165.53,13.63,0.8129,1.564,0.586,2.456,422.09,1.031,50.92,0.7614,10.79,2.421e-05,0.2188,2.957,1.259,2.305,0.2043,9.104,0.5959,8.514
2022-04-09T19:57:56,42521.43,3235.18,109.94,0.2579,16.79,65.1,19.54,93.9,6.169,175.36,0.5975,0.02366,0.007316,2.394,1.528,2.48,1.44,3.834,165.51,13.63,0.8129,1.568,0.586,2.455,422.01,1.031,50.89,0.7611,10.77,2.418e-05,0.2188,2.958,1.26,2.306,0.2043,9.103,0.5958,8.5
2022-04-09T19:58:26,42522.53,3235.13,109.87,0.2581,16.79,65.1,19.54,93.92,6.17,175.36,0.5975,0.02365,0.007316,2.394,1.528,2.48,1.441,3.831,165.41,13.63,0.8154,1.568,0.586,2.454,421.93,1.031,50.88,0.7611,10.77,2.418e-05,0.2188,2.958,1.259,2.306,0.2044,9.091,0.5963,8.501
2022-04-09T19:58:56,42518.48,3235.05,109.88,0.2582,16.79,65.1,19.54,93.95,6.171,175.6,0.5956,0.02365,0.007316,2.394,1.528,2.48,1.442,3.836,165.5,13.63,0.8154,1.568,0.586,2.455,421.97,1.031,50.88,0.7613,10.77,2.418e-05,0.2188,2.959,1.26,2.306,0.2043,9.091,0.5961,8.503
2022-04-09T19:59:26,42519.42,3234.68,109.85,0.2579,16.79,65.1,19.54,93.95,6.171,175.61,0.5956,0.02365,0.007316,2.394,1.528,2.48,1.442,3.836,165.52,13.64,0.816,1.568,0.586,2.454,422.1,1.031,50.87,0.7613,10.77,2.418e-05,0.2188,2.959,1.259,2.306,0.2041,9.093,0.5962,8.508
2022-04-09T19:59:56,42517.74,3234.05,109.84,0.2579,16.79,65.1,19.53,93.95,6.171,175.48,0.5956,0.02366,0.007316,2.394,1.529,2.48,1.441,3.836,165.49,13.64,0.816,1.568,0.586,2.453,421.97,1.031,50.82,0.7613,10.77,2.418e-05,0.2188,2.959,1.258,2.306,0.2041,9.092,0.6004,8.505
2022-04-09T20:00:26,42539.72,3236.07,110.02,0.2583,16.79,65,19.55,93.96,6.17,175.72,0.5956,0.0237,0.007316,2.394,1.529,2.48,1.442,3.836,165.64,13.64,0.818,1.567,0.586,2.455,421.53,1.031,50.84,0.7616,10.77,2.416e-05,0.2188,2.96,1.258,2.306,0.2041,9.088,0.5998,8.503
2022-04-09T20:00:56,42528.02,3235.35,109.86,0.2584,16.79,65,19.54,93.93,6.173,175.72,0.5957,0.02372,0.007316,2.394,1.529,2.48,1.442,3.842,165.6,13.64,0.818,1.567,0.586,2.454,421.41,1.031,50.87,0.7615,10.77,2.419e-05,0.219,2.962,1.258,2.308,0.2041,9.074,0.606,8.51
2022-04-09T20:01:26,42543.21,3236.25,109.95,0.2585,16.79,65.1,19.54,93.96,6.174,175.72,0.5973,0.02373,0.007316,2.394,1.529,2.48,1.443,3.86,165.74,13.64,0.82,1.567,0.5861,2.456,421.68,1.031,50.88,0.7618,10.8,2.419e-05,0.219,2.963,1.259,2.309,0.2041,9.075,0.6063,8.504
2022-04-09T20:01:56,42527.5,3234.63,109.94,0.2583,16.79,65.1,19.53,93.94,6.177,175.71,0.5973,0.0237,0.007316,2.394,1.53,2.48,1.443,3.86,165.7,13.64,0.82,1.567,0.5861,2.455,421.73,1.03,50.86,0.7618,10.8,2.418e-05,0.219,2.962,1.259,2.308,0.2041,9.073,0.6071,8.501
2022-04-09T20:02:26,42531.52,3234.66,109.93,0.2582,16.79,65.1,19.52,93.93,6.174,175.69,0.5973,0.0237,0.007316,2.394,1.53,2.48,1.443,3.86,165.72,13.64,0.82,1.567,0.5861,2.454,421.54,1.031,50.84,0.7619,10.8,2.419e-05,0.2191,2.96,1.259,2.308,0.2041,9.077,0.6068,8.5
2022-04-09T20:02:56,42530.97,3235.06,109.86,0.2584,16.79,65.1,19.51,93.94,6.174,175.78,0.5998,0.02368,0.007316,2.394,1.529,2.48,1.442,3.864,165.69,13.64,0.82,1.569,0.5861,2.454,421.58,1.03,50.85,0.7618,10.8,2.418e-05,0.2191,2.961,1.26,2.307,0.2041,9.084,0.606,8.498
2022-04-09T20:03:26,42530.43,3235.04,109.79,0.2585,16.79,65.1,19.52,93.98,6.175,175.76,0.5998,0.02368,0.007316,2.394,1.529,2.48,1.442,3.866,165.7,13.64,0.82,1.57,0.5861,2.454,421.63,1.03,50.84,0.7618,10.8,2.419e-05,0.2191,2.962,1.26,2.307,0.204,9.083,0.607,8.501
2022-04-09T20:03:56,42534.13,3235.13,109.83,0.2585,16.79,65.1,19.52,93.99,6.172,175.75,0.5998,0.02368,0.007316,2.394,1.529,2.48,1.443,3.865,165.71,13.64,0.82,1.57,0.5861,2.453,421.62,1.03,50.84,0.7618,10.8,2.42e-05,0.2193,2.962,1.26,2.306,0.204,9.074,0.6155,8.501
2022-04-09T20:04:26,42544.97,3236.02,109.9,0.2585,16.79,65.1,19.53,94,6.174,175.79,0.5995,0.02369,0.007316,2.394,1.529,2.48,1.443,3.867,165.79,13.67,0.82,1.57,0.5861,2.454,421.68,1.031,50.84,0.7619,10.8,2.42e-05,0.2193,2.963,1.26,2.306,0.2041,9.084,0.618,8.497
2022-04-09T20:04:56,42539.22,3235.77,109.88,0.2586,16.79,65.1,19.52,93.97,6.167,175.79,0.5968,0.02369,0.007316,2.394,1.53,2.48,1.443,3.868,165.77,13.67,0.82,1.57,0.5861,2.454,421.65,1.031,50.81,0.7619,10.8,2.421e-05,0.219,2.963,1.26,2.306,0.2041,9.079,0.6197,8.495
2022-04-09T20:05:26,42538.51,3235.62,109.91,0.2587,16.8,65.1,19.52,93.96,6.174,175.75,0.597,0.02369,0.007316,2.394,1.53,2.48,1.443,3.868,165.76,13.67,0.82,1.57,0.5861,2.454,421.61,1.031,50.81,0.7619,10.8,2.421e-05,0.219,2.962,1.26,2.306,0.2041,9.081,0.6194,8.495
2022-04-09T20:05:56,42547.4,3235.87,109.92,0.2592,16.8,65.1,19.52,93.94,6.173,175.74,0.5983,0.02369,0.007316,2.394,1.53,2.48,1.443,3.869,165.77,13.67,0.8164,1.57,0.5861,2.455,421.67,1.031,50.81,0.762,10.8,2.421e-05,0.2191,2.962,1.26,2.306,0.2041,9.081,0.6183,8.498
2022-04-09T20:06:26,42553.41,3236.72,109.94,0.2592,16.8,65.1,19.52,93.95,6.175,175.75,0.5982,0.02369,0.007316,2.396,1.53,2.48,1.443,3.87,165.84,13.67,0.8164,1.571,0.5861,2.456,421.79,1.031,50.83,0.7623,10.8,2.421e-05,0.2191,2.963,1.26,2.307,0.2041,9.085,0.6185,8.498
2022-04-09T20:06:56,42571.38,3237.95,110.07,0.2593,16.8,65.2,19.53,94.03,6.179,175.73,0.5982,0.02368,0.007316,2.396,1.531,2.48,1.445,3.864,165.9,13.67,0.8164,1.571,0.5861,2.455,422.03,1.032,50.86,0.7624,10.81,2.421e-05,0.2193,2.964,1.26,2.308,0.2043,9.085,0.6198,8.498
2022-04-09T20:07:26,42576.59,3237.96,110.19,0.2592,16.8,65.2,19.54,94.02,6.178,175.89,0.5983,0.02368,0.007316,2.396,1.531,2.48,1.445,3.863,165.94,13.67,0.8164,1.571,0.5788,2.453,422.14,1.032,50.88,0.7625,10.81,2.421e-05,0.2195,2.965,1.261,2.308,0.2044,9.092,0.6201,8.498
2022-04-09T20:07:56,42576.21,3237.93,110.2,0.2592,16.8,65.2,19.54,94.01,6.178,175.95,0.5984,0.02369,0.007316,2.396,1.531,2.48,1.445,3.863,165.9,13.67,0.8164,1.571,0.5788,2.454,422.21,1.033,50.88,0.7625,10.81,2.421e-05,0.2195,2.966,1.261,2.309,0.2044,9.097,0.6191,8.493
2022-04-09T20:08:26,42575.48,3238.1,110.21,0.2592,16.8,65.2,19.53,94.05,6.178,176.02,0.5984,0.02371,0.007316,2.396,1.531,2.48,1.445,3.863,165.93,13.67,0.8171,1.571,0.5788,2.458,422.19,1.032,50.89,0.7626,10.81,2.421e-05,0.2195,2.966,1.261,2.309,0.2044,9.104,0.6187,8.498
2022-04-09T20:08:56,42585.34,3238.5,110.31,0.2593,16.8,65.2,19.54,94.07,6.178,176.11,0.5988,0.02374,0.007316,2.397,1.532,2.48,1.445,3.866,165.99,13.67,0.8171,1.571,0.5788,2.458,422.23,1.033,50.89,0.7626,10.81,2.422e-05,0.2195,2.966,1.261,2.309,0.2044,9.11,0.619,8.497
2022-04-09T20:09:26,42575.86,3237.61,110.24,0.2593,16.8,65.2,19.54,94.02,6.185,176.04,0.5988,0.02373,0.007316,2.397,1.539,2.48,1.445,3.862,165.92,13.67,0.8171,1.573,0.5788,2.455,422.25,1.033,50.86,0.7626,10.81,2.421e-05,0.2195,2.964,1.26,2.309,0.2044,9.115,0.6188,8.495
2022-04-09T20:09:56,42579.66,3238.43,110.25,0.2595,16.8,65.2,19.53,94.06,6.184,176.07,0.5989,0.02372,0.007316,2.397,1.539,2.48,1.445,3.864,165.99,13.67,0.8171,1.573,0.5788,2.456,422.3,1.033,50.88,0.7627,10.81,2.422e-05,0.2195,2.965,1.261,2.309,0.2045,9.128,0.6184,8.497
2022-04-09T20:10:26,42584.54,3238.76,110.31,0.2595,16.75,65.2,19.54,94.08,6.183,176.05,0.5988,0.02372,0.007316,2.397,1.539,2.48,1.446,3.864,165.98,13.67,0.8171,1.575,0.5788,2.457,422.36,1.033,50.88,0.7628,10.81,2.42e-05,0.2195,2.966,1.261,2.309,0.2044,9.131,0.6185,8.5
2022-04-09T20:10:56,42582.78,3238.79,110.31,0.2596,16.75,65.3,19.54,94.09,6.183,175.96,0.5988,0.02375,0.007316,2.397,1.539,2.48,1.446,3.864,166.05,13.67,0.8171,1.571,0.5788,2.457,422.3,1.033,50.88,0.7627,10.81,2.42e-05,0.2191,2.965,1.261,2.309,0.2044,9.138,0.6185,8.499
2022-04-09T20:11:26,42584.14,3239,110.35,0.2596,16.75,65.3,19.54,94.09,6.178,176.02,0.5988,0.02374,0.007316,2.397,1.539,2.48,1.446,3.862,166.04,13.67,0.8166,1.574,0.5788,2.457,422.4,1.033,50.87,0.7625,10.81,2.42e-05,0.2191,2.966,1.261,2.309,0.2044,9.158,0.6133,8.499
2022-04-09T20:11:56,42592.27,3240.71,110.43,0.26,16.75,65.3,19.54,94.11,6.183,176.01,0.5974,0.02376,0.007316,2.397,1.539,2.48,1.446,3.862,166.15,13.67,0.8166,1.575,0.5788,2.46,422.59,1.033,50.88,0.7628,10.81,2.421e-05,0.2191,2.966,1.261,2.309,0.2044,9.157,0.6128,8.502
2022-04-09T20:12:26,42589.45,3240.79,110.47,0.2599,16.75,65.3,19.55,94.15,6.184,176.03,0.5975,0.02373,0.007316,2.397,1.539,2.48,1.446,3.862,166.08,13.67,0.8133,1.575,0.5788,2.461,422.64,1.033,50.9,0.7628,10.81,2.422e-05,0.2191,2.966,1.261,2.309,0.2044,9.185,0.613,8.503
2022-04-09T20:12:56,42597.47,3242.82,110.5,0.26,16.75,65.3,19.56,94.17,6.184,176.19,0.5973,0.02375,0.007316,2.397,1.539,2.48,1.447,3.863,166.2,13.67,0.8133,1.573,0.5788,2.462,422.71,1.033,50.91,0.7629,10.81,2.422e-05,0.2191,2.968,1.262,2.31,0.2045,9.184,0.6123,8.503
2022-04-09T20:13:26,42596.46,3243.05,110.56,0.2601,16.75,65.3,19.57,94.22,6.186,176.19,0.5973,0.02374,0.00732,2.397,1.539,2.48,1.448,3.875,166.23,13.67,0.8133,1.573,0.5788,2.461,422.75,1.033,50.93,0.7629,10.82,2.422e-05,0.2191,2.969,1.262,2.311,0.2045,9.186,0.6118,8.507
2022-04-09T20:13:56,42598.68,3243.46,110.55,0.2602,16.75,65.2,19.57,94.22,6.186,176.25,0.5972,0.02375,0.00732,2.397,1.539,2.48,1.447,3.875,166.25,13.67,0.8169,1.578,0.5788,2.464,422.74,1.033,50.94,0.763,10.82,2.421e-05,0.2192,2.969,1.262,2.312,0.2045,9.185,0.6112,8.507
2022-04-09T20:14:26,42606.54,3243.88,110.59,0.2603,16.75,65.2,19.58,94.24,6.192,176.27,0.5972,0.02376,0.00732,2.397,1.539,2.48,1.448,3.881,166.28,13.67,0.8214,1.578,0.5788,2.462,422.9,1.033,50.94,0.763,10.84,2.424e-05,0.2192,2.969,1.262,2.313,0.2046,9.184,0.6076,8.512
2022-04-09T20:14:56,42618.5,3244.3,110.61,0.2604,16.75,65.2,19.58,94.24,6.196,176.32,0.5972,0.02377,0.00732,2.397,1.54,2.48,1.448,3.884,166.26,13.67,0.8214,1.584,0.5788,2.462,423.05,1.034,50.96,0.763,10.84,2.424e-05,0.2192,2.97,1.263,2.313,0.2047,9.181,0.6067,8.515
2022-04-09T20:15:26,42610.84,3246.93,110.7,0.2605,16.75,65.2,19.59,94.26,6.194,176.32,0.5972,0.02376,0.00732,2.397,1.541,2.48,1.449,3.88,166.27,13.67,0.8214,1.586,0.5788,2.463,423.14,1.034,50.98,0.7631,10.84,2.424e-05,0.2192,2.97,1.263,2.313,0.2046,9.188,0.607,8.526
2022-04-09T20:15:56,42625.15,3248.32,110.75,0.2606,16.75,65.5,19.6,94.29,6.194,176.48,0.596,0.02375,0.007331,2.403,1.541,2.49,1.449,3.877,166.36,13.67,0.8194,1.588,0.5788,2.465,423.21,1.035,51,0.7632,10.84,2.424e-05,0.2192,2.971,1.263,2.314,0.2046,9.206,0.6066,8.529
2022-04-09T20:16:26,42624.61,3248.49,110.68,0.2605,16.75,65.5,19.6,94.3,6.199,176.54,0.596,0.02377,0.007331,2.403,1.541,2.49,1.449,3.877,166.36,13.67,0.8194,1.589,0.5788,2.47,423.09,1.035,51,0.7632,10.85,2.424e-05,0.2195,2.971,1.262,2.314,0.2046,9.204,0.6044,8.529
2022-04-09T20:16:56,42619.19,3248.28,110.68,0.2604,16.75,65.6,19.6,94.37,6.201,176.62,0.596,0.02378,0.007331,2.403,1.542,2.49,1.449,3.877,166.34,13.67,0.8194,1.589,0.5788,2.47,423.01,1.035,51,0.7631,10.85,2.425e-05,0.2195,2.972,1.263,2.314,0.2046,9.203,0.6038,8.525
2022-04-09T20:17:26,42619.42,3247.97,110.68,0.2602,16.75,65.6,19.6,94.37,6.204,176.6,0.596,0.02379,0.007331,2.403,1.544,2.49,1.449,3.877,166.32,13.67,0.8194,1.589,0.5788,2.47,423.09,1.035,51,0.763,10.85,2.424e-05,0.2195,2.971,1.263,2.314,0.2046,9.204,0.6026,8.526
2022-04-09T20:17:56,42620.35,3248.02,110.68,0.2601,16.75,65.6,19.6,94.36,6.195,176.59,0.596,0.0238,0.007331,2.403,1.543,2.49,1.449,3.877,166.33,13.67,0.8194,1.59,0.5788,2.471,423.08,1.035,51,0.7628,10.85,2.424e-05,0.2192,2.97,1.263,2.314,0.2046,9.206,0.6002,8.529
2022-04-09T20:18:26,42618.97,3248.65,110.74,0.2605,16.75,65.4,19.6,94.39,6.193,176.57,0.5969,0.02383,0.007331,2.403,1.543,2.49,1.449,3.877,166.36,13.68,0.819,1.594,0.5788,2.472,423.1,1.035,51.02,0.7629,10.85,2.425e-05,0.2194,2.971,1.263,2.314,0.2046,9.214,0.6006,8.525
2022-04-09T20:18:56,42616.51,3248.17,110.71,0.2606,16.75,65.4,19.61,94.4,6.192,176.63,0.5969,0.0237,0.007334,2.397,1.544,2.49,1.449,3.877,166.36,13.68,0.819,1.594,0.5788,2.471,423.1,1.036,51.01,0.7629,10.85,2.424e-05,0.2194,2.971,1.263,2.315,0.2047,9.219,0.6007,8.529
2022-04-09T20:19:26,42612.41,3247.84,110.7,0.2604,16.75,65.4,19.61,94.42,6.185,176.54,0.5969,0.02372,0.007334,2.403,1.544,2.49,1.448,3.877,166.36,13.68,0.819,1.594,0.5788,2.471,423.08,1.035,51,0.7629,10.85,2.425e-05,0.2194,2.971,1.263,2.314,0.2047,9.214,0.5996,8.524
2022-04-09T20:19:56,42612.05,3248.72,110.72,0.2602,16.75,65.4,19.61,94.41,6.185,176.55,0.5969,0.0237,0.007334,2.403,1.544,2.49,1.448,3.877,166.39,13.68,0.819,1.594,0.5788,2.471,423.23,1.035,51,0.7629,10.85,2.427e-05,0.2194,2.971,1.263,2.314,0.2047,9.204,0.5999,8.523
2022-04-09T20:20:26,42593.34,3247.3,110.68,0.26,16.74,65.6,19.61,94.37,6.181,176.53,0.5968,0.02364,0.007334,2.404,1.543,2.49,1.447,3.877,166.29,13.68,0.819,1.594,0.5788,2.47,423.03,1.035,50.98,0.7627,10.85,2.426e-05,0.2194,2.969,1.263,2.313,0.2046,9.201,0.5998,8.527
2022-04-09T20:20:56,42586.54,3246.6,110.64,0.2597,16.74,65.6,19.59,94.32,6.176,176.29,0.5959,0.02367,0.007334,2.404,1.543,2.49,1.448,3.877,166.23,13.68,0.819,1.592,0.5788,2.466,422.85,1.034,50.97,0.7626,10.85,2.425e-05,0.2194,2.968,1.262,2.313,0.2046,9.188,0.5996,8.527
2022-04-09T20:21:26,42592.63,3245.82,110.62,0.2599,16.73,65.6,19.59,94.29,6.173,176.23,0.5959,0.02368,0.007334,2.404,1.543,2.49,1.447,3.875,166.28,13.68,0.819,1.595,0.5788,2.465,422.74,1.034,50.96,0.7625,10.85,2.424e-05,0.2194,2.968,1.262,2.312,0.2045,9.175,0.5996,8.525
2022-04-09T20:21:56,42601.75,3245.87,110.59,0.2601,16.75,65.7,19.6,94.23,6.173,176.18,0.5932,0.02369,0.007334,2.403,1.543,2.49,1.447,3.879,166.34,13.68,0.815,1.595,0.5788,2.465,422.83,1.034,50.96,0.7628,10.85,2.426e-05,0.2192,2.968,1.263,2.312,0.2045,9.167,0.6,8.521
2022-04-09T20:22:26,42604.45,3245.62,110.64,0.2601,16.75,65.7,19.6,94.19,6.174,176.19,0.5942,0.02374,0.007334,2.401,1.543,2.49,1.448,3.876,166.32,13.68,0.815,1.593,0.5788,2.466,422.85,1.034,50.96,0.7628,10.85,2.426e-05,0.2192,2.969,1.262,2.313,0.2046,9.177,0.5992,8.522
2022-04-09T20:22:56,42599.97,3245.5,110.64,0.26,16.75,65.7,19.6,94.2,6.178,176.15,0.5948,0.02373,0.007334,2.401,1.544,2.49,1.448,3.875,166.32,13.68,0.815,1.593,0.5788,2.465,422.84,1.034,50.97,0.7627,10.85,2.426e-05,0.2192,2.968,1.263,2.313,0.2046,9.178,0.5992,8.526
2022-04-09T20:23:26,42587.13,3244.76,110.65,0.2598,16.75,65.5,19.59,94.17,6.178,176.19,0.5948,0.02372,0.007334,2.401,1.543,2.49,1.448,3.875,166.22,13.68,0.815,1.597,0.5788,2.465,422.75,1.034,50.97,0.7627,10.85,2.426e-05,0.2191,2.966,1.263,2.313,0.2046,9.181,0.6001,8.519
2022-04-09T20:23:56,42579.4,3243.9,110.61,0.2596,16.75,65.5,19.6,94.15,6.178,176.14,0.5948,0.02371,0.007334,2.401,1.543,2.49,1.447,3.875,166.22,13.68,0.815,1.597,0.5788,2.466,422.64,1.033,50.95,0.7624,10.85,2.426e-05,0.2191,2.966,1.262,2.312,0.2045,9.178,0.6,8.516
2022-04-09T20:24:26,42575.55,3243.04,110.58,0.2597,16.75,65.5,19.59,94.12,6.176,176.05,0.5946,0.02371,0.007334,2.403,1.543,2.49,1.447,3.865,166.12,13.68,0.815,1.597,0.5788,2.466,422.42,1.033,50.95,0.7622,10.79,2.425e-05,0.2191,2.965,1.262,2.311,0.2045,9.182,0.6004,8.517
2022-04-09T20:24:56,42568.13,3242.58,110.55,0.2596,16.75,65.5,19.59,94.03,6.176,176,0.5946,0.0237,0.007334,2.403,1.542,2.49,1.446,3.862,166.12,13.68,0.815,1.597,0.5788,2.466,422.4,1.033,50.93,0.7619,10.79,2.424e-05,0.219,2.965,1.261,2.31,0.2044,9.185,0.6002,8.516
2022-04-09T20:25:26,42579,3242.65,110.67,0.2596,16.71,65.5,19.59,94.05,6.184,175.95,0.5946,0.0237,0.007334,2.403,1.541,2.49,1.446,3.862,166.11,13.68,0.81,1.597,0.5788,2.467,422.36,1.033,50.93,0.762,10.79,2.425e-05,0.219,2.965,1.261,2.31,0.2045,9.187,0.6022,8.513
2022-04-09T20:25:56,42571.53,3242.69,110.73,0.2596,16.71,65.5,19.59,94.05,6.179,176.03,0.5936,0.0237,0.007334,2.403,1.542,2.49,1.447,3.862,166.1,13.68,0.8118,1.598,0.5788,2.468,422.5,1.033,50.95,0.7619,10.79,2.425e-05,0.2189,2.966,1.262,2.311,0.2045,9.192,0.6025,8.518
2022-04-09T20:26:26,42560.9,3242.32,110.63,0.2597,16.71,65.5,19.6,94.03,6.178,175.99,0.5936,0.02368,0.007334,2.403,1.542,2.49,1.446,3.86,166.08,13.68,0.8118,1.598,0.586,2.468,422.59,1.032,50.94,0.7619,10.79,2.425e-05,0.2189,2.965,1.261,2.311,0.2044,9.193,0.6036,8.508
2022-04-09T20:26:56,42554.16,3241.56,110.68,0.2599,16.71,65.5,19.59,94.01,6.172,175.92,0.5936,0.02369,0.007334,2.403,1.542,2.49,1.447,3.864,166.14,13.68,0.8132,1.598,0.586,2.466,422.43,1.032,50.92,0.7618,10.79,2.423e-05,0.2189,2.964,1.261,2.309,0.2044,9.198,0.6031,8.503
2022-04-09T20:27:26,42554.16,3241.14,110.63,0.2599,16.71,65.5,19.59,93.99,6.172,175.72,0.5936,0.02369,0.007334,2.403,1.541,2.49,1.447,3.862,166.15,13.68,0.8108,1.599,0.586,2.466,422.47,1.032,50.9,0.7617,10.79,2.424e-05,0.2189,2.964,1.261,2.309,0.2044,9.193,0.6033,8.497
2022-04-09T20:27:56,42552.11,3240.51,110.64,0.2597,16.71,65.5,19.59,93.97,6.173,175.72,0.5936,0.02368,0.007334,2.403,1.542,2.49,1.447,3.858,166.21,13.68,0.8108,1.598,0.586,2.467,422.46,1.032,50.89,0.7617,10.79,2.423e-05,0.2189,2.964,1.261,2.308,0.2044,9.193,0.6027,8.494
2022-04-09T20:28:26,42552.49,3240.47,110.63,0.2598,16.71,65.5,19.6,93.96,6.173,175.78,0.596,0.02372,0.007334,2.403,1.542,2.49,1.447,3.858,166.2,13.68,0.8108,1.6,0.586,2.466,422.29,1.032,50.88,0.7618,10.79,2.423e-05,0.2189,2.964,1.261,2.309,0.2044,9.195,0.6026,8.493
2022-04-09T20:28:56,42554.46,3240.48,110.63,0.2599,16.78,65.5,19.6,93.96,6.172,175.75,0.596,0.02373,0.007334,2.404,1.541,2.49,1.446,3.858,166.2,13.68,0.8108,1.6,0.586,2.466,422.25,1.032,50.89,0.7618,10.79,2.423e-05,0.2189,2.965,1.262,2.309,0.2043,9.196,0.6018,8.493
2022-04-09T20:29:26,42556.76,3240.68,110.57,0.2597,16.75,65.5,19.6,94,6.178,175.81,0.596,0.02376,0.007334,2.402,1.541,2.49,1.446,3.859,166.11,13.68,0.8108,1.6,0.586,2.467,422.26,1.032,50.87,0.7619,10.79,2.425e-05,0.2189,2.965,1.262,2.309,0.2043,9.196,0.6027,8.497
2022-04-09T20:29:56,42553.91,3240.34,110.59,0.2596,16.75,65.5,19.6,94.14,6.173,175.81,0.595,0.02376,0.007334,2.4,1.538,2.49,1.447,3.859,166.03,13.68,0.8103,1.602,0.586,2.466,422.33,1.032,50.86,0.7618,10.79,2.425e-05,0.2189,2.965,1.262,2.309,0.2043,9.185,0.6009,8.496
2022-04-09T20:30:26,42556.04,3239.9,110.58,0.2596,16.75,65.5,19.59,94.23,6.171,175.9,0.5949,0.02378,0.007334,2.4,1.532,2.49,1.447,3.859,166.03,13.68,0.8103,1.602,0.586,2.466,422.34,1.032,50.87,0.7618,10.79,2.424e-05,0.2189,2.965,1.262,2.309,0.2043,9.185,0.6014,8.493
2022-04-09T20:30:56,42557.22,3239.62,110.57,0.2597,16.75,65.5,19.6,94.3,6.177,175.95,0.5938,0.02378,0.007334,2.4,1.531,2.49,1.447,3.85,166.03,13.68,0.8103,1.609,0.586,2.466,422.39,1.033,50.88,0.7618,10.79,2.423e-05,0.2189,2.965,1.262,2.309,0.2043,9.187,0.5998,8.496
2022-04-09T20:31:26,42559.11,3239.92,110.63,0.26,16.75,65.5,19.6,94.37,6.177,176.13,0.5937,0.02379,0.007334,2.4,1.532,2.49,1.448,3.854,166.03,13.68,0.81,1.609,0.586,2.466,422.46,1.033,50.9,0.762,10.79,2.424e-05,0.2189,2.967,1.262,2.31,0.2043,9.189,0.6001,8.493
2022-04-09T20:31:56,42557.58,3240.35,110.6,0.2599,16.75,65.5,19.6,94.39,6.176,176.15,0.5936,0.02379,0.007334,2.4,1.532,2.49,1.448,3.854,166.03,13.68,0.81,1.608,0.586,2.467,422.39,1.033,50.9,0.7621,10.79,2.424e-05,0.2189,2.968,1.262,2.311,0.2043,9.206,0.6018,8.492
2022-04-09T20:32:26,42550.88,3239.84,110.59,0.2597,16.75,65.5,19.59,94.35,6.177,175.97,0.5947,0.02378,0.007333,2.4,1.532,2.49,1.447,3.857,166,13.68,0.81,1.6,0.586,2.465,422.39,1.032,50.86,0.7621,10.79,2.424e-05,0.2189,2.967,1.261,2.311,0.2043,9.207,0.6029,8.493
2022-04-09T20:32:56,42541.22,3239.69,110.52,0.2597,16.75,65.5,19.59,94.36,6.175,175.94,0.5947,0.02376,0.007333,2.4,1.531,2.49,1.448,3.853,166.07,13.68,0.81,1.6,0.6025,2.465,422.17,1.032,50.86,0.762,10.79,2.425e-05,0.2189,2.966,1.261,2.311,0.2043,9.271,0.6031,8.496
2022-04-09T20:33:26,42540.59,3239.25,110.52,0.2598,16.75,65.5,19.59,94.43,6.175,176.01,0.5947,0.02376,0.007333,2.4,1.531,2.49,1.448,3.853,166.07,13.68,0.81,1.6,0.6025,2.466,422.13,1.033,50.83,0.7619,10.79,2.425e-05,0.2189,2.966,1.261,2.31,0.2042,9.297,0.6066,8.495
2022-04-09T20:33:56,42531.71,3239.07,110.55,0.26,16.76,65.5,19.59,94.54,6.175,176.02,0.5947,0.02375,0.007333,2.4,1.531,2.49,1.448,3.847,166.03,13.68,0.8102,1.6,0.6025,2.466,422.22,1.033,50.84,0.7618,10.79,2.424e-05,0.2189,2.966,1.261,2.311,0.2042,9.287,0.6068,8.492
2022-04-09T20:34:26,42531.82,3238.94,110.54,0.2599,16.76,65.4,19.58,94.7,6.175,176.04,0.5947,0.02375,0.007333,2.402,1.531,2.49,1.448,3.848,166,13.68,0.8102,1.598,0.6025,2.466,422.18,1.033,50.83,0.7617,10.79,2.425e-05,0.2189,2.965,1.261,2.31,0.2042,9.276,0.6075,8.497
2022-04-09T20:34:56,42533.41,3238.54,110.59,0.2599,16.76,65.4,19.58,94.78,6.181,176.21,0.5947,0.02378,0.007333,2.402,1.531,2.49,1.447,3.848,166,13.68,0.8102,1.598,0.6025,2.468,422.22,1.033,50.84,0.7618,10.79,2.424e-05,0.2189,2.967,1.261,2.311,0.2041,9.282,0.6078,8.492
2022-04-09T20:35:26,42537.09,3238.89,110.6,0.2602,16.76,65.5,19.58,94.81,6.181,176.18,0.5947,0.02379,0.007333,2.402,1.531,2.49,1.449,3.848,166.01,13.68,0.8102,1.598,0.6025,2.47,422.11,1.033,50.84,0.762,10.79,2.425e-05,0.2189,2.967,1.261,2.311,0.2041,9.29,0.6138,8.492
2022-04-09T20:35:56,42533.78,3238.13,110.54,0.2602,16.76,65.5,19.58,94.8,6.175,176.1,0.5944,0.0238,0.007333,2.402,1.531,2.5,1.448,3.837,166.01,13.68,0.81,1.6,0.6027,2.472,422.21,1.033,50.82,0.7619,10.79,2.425e-05,0.2189,2.965,1.261,2.311,0.2041,9.306,0.6139,8.493
2022-04-09T20:36:26,42534.51,3237.49,110.51,0.2602,16.76,65.5,19.58,94.78,6.175,176.05,0.5934,0.0238,0.007333,2.4,1.531,2.5,1.447,3.84,166.01,13.68,0.81,1.6,0.6027,2.47,422.09,1.033,50.83,0.7619,10.79,2.424e-05,0.2189,2.965,1.261,2.311,0.2041,9.307,0.6124,8.497
2022-04-09T20:36:56,42533.16,3237.7,110.57,0.2602,16.76,65.5,19.58,94.84,6.175,176.03,0.5934,0.0238,0.007311,2.4,1.531,2.5,1.447,3.84,165.96,13.68,0.8103,1.6,0.6027,2.47,422.18,1.033,50.83,0.762,10.79,2.425e-05,0.2189,2.966,1.261,2.311,0.2041,9.318,0.6113,8.496
2022-04-09T20:37:26,42530.86,3237.89,110.57,0.2599,16.76,65.4,19.59,94.85,6.175,176.16,0.5932,0.02379,0.007333,2.4,1.531,2.5,1.447,3.83,165.97,13.68,0.8103,1.6,0.5897,2.469,422.05,1.034,50.83,0.762,10.79,2.424e-05,0.2189,2.967,1.262,2.312,0.2041,9.331,0.6107,8.498
2022-04-09T20:37:56,42521.21,3237.76,110.48,0.2599,16.76,65.3,19.58,94.81,6.174,176.05,0.5932,0.02375,0.007333,2.4,1.531,2.5,1.447,3.829,165.93,13.68,0.81,1.6,0.5788,2.469,422.08,1.033,50.84,0.7619,10.79,2.422e-05,0.2189,2.965,1.261,2.312,0.204,9.33,0.6085,8.499
2022-04-09T20:38:26,42520.09,3237.6,110.49,0.2599,16.76,65.3,19.58,94.75,6.174,176.05,0.5932,0.02375,0.007333,2.4,1.531,2.5,1.448,3.828,165.89,13.68,0.81,1.598,0.5788,2.47,422,1.033,50.82,0.7618,10.79,2.422e-05,0.2189,2.965,1.261,2.312,0.204,9.294,0.6085,8.492
2022-04-09T20:38:56,42522.32,3237.59,110.46,0.2598,16.77,65.3,19.57,94.81,6.173,176.07,0.5932,0.02377,0.007333,2.4,1.531,2.5,1.448,3.828,165.89,13.68,0.81,1.598,0.5788,2.474,422.04,1.033,50.82,0.7619,10.79,2.422e-05,0.2189,2.966,1.261,2.311,0.204,9.301,0.6086,8.494
2022-04-09T20:39:26,42521.22,3237.52,110.41,0.2599,16.76,65.3,19.58,94.8,6.172,176.06,0.5932,0.02378,0.007333,2.4,1.531,2.5,1.447,3.834,165.86,13.68,0.81,1.598,0.5788,2.474,421.99,1.033,50.82,0.7618,10.79,2.421e-05,0.2189,2.965,1.261,2.311,0.204,9.301,0.6107,8.499
2022-04-09T20:39:56,42523.69,3237.62,110.42,0.2599,16.76,65.3,19.58,94.88,6.173,176.04,0.5937,0.02378,0.007333,2.4,1.531,2.5,1.448,3.832,165.87,13.68,0.81,1.594,0.5788,2.476,421.98,1.033,50.83,0.7619,10.77,2.421e-05,0.2189,2.965,1.26,2.311,0.204,9.301,0.6115,8.497
2022-04-09T20:40:26,42522.05,3237.53,110.35,0.2599,16.76,65.3,19.57,94.88,6.173,175.79,0.5947,0.02376,0.007333,2.4,1.531,2.5,1.447,3.836,165.88,13.68,0.8101,1.581,0.5788,2.476,422.01,1.033,50.83,0.7619,10.77,2.421e-05,0.2189,2.964,1.26,2.311,0.204,9.293,0.6117,8.493
2022-04-09T20:40:56,42520.87,3237.4,110.32,0.2598,16.74,65.4,19.56,94.86,6.173,175.8,0.5947,0.02378,0.007333,2.4,1.532,2.5,1.446,3.836,165.84,13.68,0.8101,1.583,0.5788,2.476,421.93,1.032,50.81,0.7617,10.77,2.421e-05,0.2189,2.962,1.259,2.309,0.2039,9.287,0.6114,8.494
2022-04-09T20:41:26,42521.06,3237.34,110.33,0.2596,16.74,65.4,19.55,94.94,6.174,175.8,0.595,0.02379,0.007333,2.4,1.532,2.5,1.445,3.838,165.8,13.68,0.8101,1.583,0.5788,2.475,421.83,1.033,50.81,0.7617,10.77,2.421e-05,0.2189,2.962,1.26,2.308,0.2039,9.279,0.6108,8.497
2022-04-09T20:41:56,42521.89,3237.35,110.32,0.2598,16.74,65.4,19.54,94.95,6.174,175.8,0.5941,0.02378,0.007333,2.4,1.532,2.5,1.445,3.838,165.83,13.68,0.8101,1.581,0.5788,2.476,421.72,1.033,50.84,0.7617,10.77,2.422e-05,0.2189,2.962,1.26,2.309,0.2039,9.271,0.612,8.497
2022-04-09T20:42:26,42519.49,3237.37,110.36,0.26,16.74,65.4,19.55,94.94,6.173,175.74,0.5941,0.02377,0.007424,2.4,1.532,2.5,1.447,3.836,165.82,13.68,0.8101,1.581,0.5788,2.477,421.87,1.032,50.84,0.7616,10.77,2.421e-05,0.2189,2.963,1.261,2.309,0.204,9.267,0.6118,8.493
2022-04-09T20:42:56,42518.15,3237.35,110.39,0.2601,16.74,65.4,19.54,95.01,6.171,175.71,0.5941,0.02377,0.007419,2.4,1.532,2.5,1.447,3.835,165.67,13.68,0.8101,1.58,0.5788,2.478,421.84,1.032,50.84,0.7617,10.77,2.421e-05,0.2189,2.963,1.262,2.309,0.204,9.269,0.6112,8.493
2022-04-09T20:43:26,42516.03,3237.1,110.34,0.26,16.78,65.4,19.53,95.08,6.173,175.73,0.5941,0.02374,0.007415,2.4,1.532,2.5,1.447,3.833,165.65,13.68,0.8101,1.58,0.5788,2.477,421.87,1.032,50.82,0.7616,10.77,2.421e-05,0.2189,2.962,1.261,2.309,0.204,9.262,0.6121,8.487
2022-04-09T20:43:56,42514.54,3236.67,110.31,0.26,16.78,65.4,19.54,95.16,6.171,175.83,0.5942,0.02374,0.007415,2.4,1.532,2.5,1.446,3.836,165.65,13.68,0.8101,1.58,0.5788,2.474,421.77,1.033,50.81,0.7615,10.77,2.421e-05,0.2189,2.963,1.262,2.308,0.204,9.262,0.6121,8.49
2022-04-09T20:44:26,42514.78,3236.4,110.25,0.2594,16.78,65.4,19.53,95.2,6.17,175.83,0.5953,0.02379,0.007415,2.4,1.532,2.5,1.446,3.833,165.56,13.68,0.8101,1.579,0.5788,2.472,421.69,1.032,50.81,0.7615,10.77,2.42e-05,0.2189,2.962,1.261,2.308,0.204,9.257,0.6152,8.484
2022-04-09T20:44:56,42506.5,3235.01,110.2,0.2592,16.78,65.3,19.53,95.26,6.17,175.88,0.5953,0.02381,0.007415,2.402,1.532,2.49,1.445,3.828,165.45,13.68,0.8101,1.58,0.5788,2.471,421.57,1.032,50.8,0.7613,10.77,2.419e-05,0.2189,2.96,1.26,2.306,0.2039,9.235,0.6138,8.484
2022-04-09T20:45:26,42505,3234.33,110.15,0.259,16.78,65.3,19.52,95.21,6.169,175.8,0.5951,0.02381,0.007415,2.402,1.532,2.49,1.444,3.827,165.44,13.68,0.81,1.58,0.5788,2.471,421.47,1.032,50.8,0.7611,10.77,2.419e-05,0.2189,2.958,1.259,2.307,0.2039,9.222,0.611,8.483
2022-04-09T20:45:56,42497.54,3233.53,110.14,0.2589,16.78,65.3,19.52,95.1,6.168,175.64,0.5969,0.0238,0.007415,2.402,1.532,2.49,1.444,3.829,165.38,13.68,0.81,1.58,0.5788,2.468,421.33,1.032,50.79,0.761,10.77,2.418e-05,0.2189,2.958,1.259,2.306,0.2039,9.207,0.6106,8.481
2022-04-09T20:46:26,42495.72,3233.94,110.14,0.2592,16.78,65.3,19.52,95.17,6.168,175.6,0.5964,0.02379,0.007415,2.402,1.531,2.49,1.444,3.826,165.37,13.68,0.81,1.58,0.5788,2.471,421.42,1.032,50.81,0.761,10.77,2.418e-05,0.2189,2.958,1.259,2.306,0.2038,9.219,0.6096,8.496
2022-04-09T20:46:56,42481.69,3233.2,110.07,0.2591,16.78,65.3,19.52,95.14,6.17,175.55,0.5965,0.02378,0.007415,2.402,1.531,2.49,1.444,3.825,165.3,13.68,0.81,1.584,0.5788,2.468,421.41,1.032,50.79,0.7609,10.77,2.418e-05,0.2189,2.956,1.258,2.305,0.2038,9.234,0.608,8.51
2022-04-09T20:47:26,42480.57,3232.01,110.07,0.2588,16.78,65.3,19.52,95.14,6.168,175.56,0.5972,0.02378,0.007415,2.402,1.531,2.49,1.444,3.825,165.11,13.68,0.81,1.584,0.5928,2.467,421.27,1.031,50.8,0.7609,10.76,2.417e-05,0.2189,2.957,1.258,2.305,0.2039,9.234,0.6074,8.504
2022-04-09T20:47:56,42480.06,3231.38,110.05,0.2588,16.78,65.3,19.51,95.09,6.168,175.48,0.5946,0.02378,0.007415,2.402,1.531,2.49,1.442,3.825,165.11,13.68,0.81,1.584,0.5928,2.466,421.23,1.031,50.8,0.7608,10.76,2.417e-05,0.2189,2.956,1.258,2.305,0.2039,9.241,0.6083,8.508
2022-04-09T20:48:26,42478.5,3230.61,109.91,0.2586,16.78,65.3,19.51,95.02,6.175,175.46,0.5959,0.02378,0.007403,2.402,1.531,2.49,1.442,3.825,165.12,13.68,0.8101,1.586,0.5928,2.466,421.28,1.031,50.79,0.7608,10.76,2.417e-05,0.2189,2.956,1.258,2.305,0.2039,9.249,0.6098,8.497
2022-04-09T20:48:56,42480.27,3229.67,109.81,0.2585,16.78,65.4,19.51,95,6.174,175.43,0.5959,0.02375,0.007403,2.402,1.531,2.49,1.443,3.825,165.12,13.68,0.8101,1.587,0.5928,2.466,421.15,1.031,50.78,0.7608,10.76,2.417e-05,0.2189,2.956,1.258,2.305,0.2038,9.259,0.6114,8.496
2022-04-09T20:49:26,42472.55,3228.22,109.68,0.2581,16.78,65.4,19.51,94.97,6.168,175.37,0.5959,0.02373,0.007403,2.402,1.531,2.49,1.441,3.821,165.03,13.68,0.8103,1.586,0.5928,2.465,421.05,1.031,50.76,0.7605,10.76,2.416e-05,0.2189,2.954,1.257,2.304,0.2037,9.25,0.6133,8.498
2022-04-09T20:49:56,42473.15,3227.59,109.69,0.258,16.78,65.4,19.5,94.95,6.168,175.35,0.5959,0.02373,0.007403,2.402,1.53,2.49,1.441,3.822,165.03,13.68,0.8103,1.587,0.5928,2.465,420.95,1.031,50.76,0.7604,10.75,2.416e-05,0.2183,2.954,1.257,2.303,0.2037,9.25,0.6138,8.486
2022-04-09T20:50:26,42466.33,3226.13,109.67,0.2579,16.78,65.4,19.5,94.9,6.166,175.26,0.5958,0.02372,0.007403,2.402,1.53,2.49,1.44,3.822,165.05,13.68,0.8102,1.585,0.5928,2.464,420.89,1.03,50.75,0.7603,10.74,2.415e-05,0.2183,2.954,1.256,2.303,0.2036,9.239,0.614,8.485
2022-04-09T20:50:56,42471.42,3227.95,109.82,0.2583,16.75,65.4,19.5,95,6.167,175.2,0.5958,0.02374,0.007427,2.401,1.528,2.49,1.441,3.822,165.17,13.66,0.81,1.585,0.5928,2.466,421.04,1.031,50.79,0.7606,10.73,2.416e-05,0.2183,2.954,1.257,2.303,0.2036,9.251,0.6109,8.486
2022-04-09T20:51:26,42468.75,3226.97,109.84,0.2584,16.76,65,19.51,95.04,6.166,175.33,0.5948,0.02373,0.007427,2.398,1.528,2.49,1.441,3.823,165.19,13.66,0.81,1.585,0.5928,2.466,421.04,1.03,50.78,0.7606,10.73,2.416e-05,0.2183,2.954,1.257,2.303,0.2037,9.25,0.6105,8.489
2022-04-09T20:51:56,42469.37,3227.49,109.86,0.2585,16.76,65,19.51,95.06,6.167,175.34,0.5943,0.02373,0.007427,2.398,1.527,2.49,1.44,3.823,165.19,13.66,0.8103,1.585,0.5928,2.465,421.07,1.03,50.81,0.7606,10.73,2.416e-05,0.2183,2.954,1.257,2.304,0.2036,9.259,0.6092,8.491
2022-04-09T20:52:26,42473.61,3228.3,110,0.2586,16.76,65,19.51,95.12,6.167,175.59,0.5942,0.02376,0.007427,2.402,1.528,2.49,1.443,3.823,165.22,13.66,0.8103,1.585,0.5928,2.467,421.36,1.03,50.82,0.7607,10.73,2.417e-05,0.2183,2.956,1.258,2.304,0.2037,9.266,0.6093,8.49
2022-04-09T20:52:56,42491.7,3230.03,110.01,0.2588,16.76,65.1,19.51,95.24,6.171,175.63,0.5942,0.02379,0.007427,2.402,1.529,2.49,1.443,3.83,165.25,13.66,0.8103,1.584,0.5928,2.472,421.39,1.031,50.83,0.761,10.73,2.419e-05,0.2183,2.956,1.259,2.305,0.2037,9.278,0.6085,8.494
2022-04-09T20:53:26,42473.68,3229.06,109.93,0.2588,16.76,65.2,19.5,95.2,6.167,175.43,0.5941,0.02375,0.007421,2.402,1.529,2.49,1.442,3.824,165.1,13.66,0.8103,1.585,0.5928,2.472,421.28,1.03,50.85,0.7608,10.73,2.417e-05,0.2183,2.954,1.259,2.305,0.2037,9.287,0.6092,8.498
2022-04-09T20:53:56,42465.92,3228.37,109.86,0.2585,16.76,65,19.49,95.12,6.165,175.31,0.5888,0.02376,0.007421,2.402,1.53,2.49,1.441,3.829,165.03,13.66,0.8103,1.585,0.5928,2.471,421.21,1.03,50.81,0.7603,10.73,2.416e-05,0.2183,2.952,1.259,2.305,0.2035,9.282,0.6084,8.496
2022-04-09T20:54:26,42452.47,3228.12,109.85,0.2584,16.73,65,19.48,95.08,6.164,175.12,0.5888,0.02375,0.007421,2.402,1.531,2.49,1.44,3.825,165.02,13.66,0.8103,1.58,0.5928,2.469,421.14,1.029,50.79,0.7602,10.75,2.415e-05,0.2183,2.952,1.257,2.304,0.2034,9.278,0.6096,8.484
2022-04-09T20:54:56,42451.69,3227.76,109.75,0.2581,16.73,65,19.44,95.07,6.164,175.1,0.5888,0.02376,0.007421,2.402,1.531,2.49,1.44,3.825,164.98,13.66,0.8103,1.58,0.5928,2.468,420.89,1.029,50.78,0.7602,10.75,2.415e-05,0.2183,2.951,1.257,2.302,0.2034,9.272,0.6086,8.478
2022-04-09T20:55:26,42452.53,3227.45,109.74,0.2581,16.73,65,19.43,95.14,6.164,175.07,0.5894,0.02376,0.007421,2.399,1.529,2.49,1.44,3.823,164.99,13.66,0.8103,1.58,0.5928,2.467,420.93,1.029,50.76,0.7601,10.75,2.414e-05,0.2183,2.951,1.257,2.302,0.2033,9.22,0.6088,8.472
2022-04-09T20:55:56,42449.22,3227.73,109.71,0.2581,16.73,65,19.44,95.17,6.164,175.09,0.59,0.02377,0.007421,2.399,1.528,2.49,1.44,3.824,164.97,13.66,0.8103,1.581,0.6013,2.466,420.93,1.029,50.75,0.7601,10.75,2.414e-05,0.2183,2.951,1.257,2.302,0.2032,9.225,0.6075,8.471
2022-04-09T20:56:26,42445.81,3228.1,109.77,0.258,16.73,65,19.43,95.17,6.164,175.25,0.59,0.02376,0.007421,2.401,1.528,2.49,1.44,3.828,164.96,13.66,0.8146,1.581,0.6013,2.466,421.01,1.029,50.75,0.7601,10.75,2.415e-05,0.2183,2.951,1.257,2.301,0.2033,9.234,0.6076,8.47
2022-04-09T20:56:56,42445.32,3228,109.78,0.258,16.7,65,19.43,95.13,6.164,175.26,0.5907,0.02374,0.007421,2.401,1.527,2.49,1.44,3.83,164.94,13.66,0.8146,1.581,0.6013,2.466,420.91,1.029,50.74,0.7601,10.75,2.415e-05,0.2183,2.95,1.257,2.301,0.2032,9.22,0.6075,8.47
2022-04-09T20:57:26,42435.12,3227.54,109.7,0.2578,16.7,65,19.43,95.06,6.16,175.07,0.5919,0.02373,0.007421,2.401,1.527,2.49,1.44,3.83,164.87,13.66,0.8146,1.58,0.5928,2.466,420.9,1.029,50.74,0.76,10.75,2.415e-05,0.2183,2.949,1.256,2.3,0.2032,9.212,0.607,8.468
2022-04-09T20:57:56,42429.62,3225.78,109.62,0.2577,16.7,65,19.42,95.05,6.158,175.07,0.5904,0.02373,0.007421,2.397,1.527,2.49,1.438,3.822,164.83,13.66,0.8146,1.576,0.5928,2.463,420.83,1.028,50.73,0.76,10.75,2.414e-05,0.2183,2.948,1.255,2.3,0.2032,9.194,0.6058,8.46
2022-04-09T20:58:26,42434.59,3225.76,109.62,0.2578,16.7,65,19.43,95.02,6.157,175.15,0.5903,0.02373,0.007433,2.397,1.527,2.49,1.438,3.822,164.82,13.66,0.8157,1.576,0.5928,2.462,420.88,1.028,50.68,0.7595,10.75,2.414e-05,0.2183,2.949,1.255,2.3,0.2031,9.195,0.6055,8.461
2022-04-09T20:58:56,42431.97,3225.24,109.63,0.2579,16.7,65,19.43,94.98,6.162,175.14,0.5916,0.02374,0.007433,2.399,1.527,2.49,1.438,3.822,164.83,13.66,0.8157,1.571,0.5928,2.46,420.88,1.028,50.69,0.7596,10.75,2.415e-05,0.2183,2.947,1.254,2.3,0.2032,9.194,0.6039,8.455
2022-04-09T20:59:26,42430.37,3225.57,109.68,0.258,16.7,65,19.44,94.98,6.162,175.17,0.5916,0.02374,0.007433,2.401,1.527,2.49,1.438,3.822,164.91,13.66,0.8157,1.574,0.5928,2.458,421.02,1.028,50.68,0.7596,10.75,2.416e-05,0.2181,2.947,1.254,2.3,0.2032,9.189,0.6042,8.454
2022-04-09T20:59:56,42426.93,3224.94,109.66,0.2579,16.7,65,19.43,94.97,6.161,175.12,0.5915,0.02374,0.007433,2.401,1.527,2.49,1.438,3.821,164.84,13.66,0.8182,1.574,0.5928,2.454,421.02,1.028,50.66,0.7595,10.73,2.415e-05,0.2181,2.945,1.253,2.3,0.2032,9.187,0.6035,8.458
2022-04-09T21:00:26,42427.92,3224.71,109.66,0.2581,16.7,65,19.43,94.95,6.158,175.23,0.5915,0.02374,0.007433,2.401,1.527,2.49,1.438,3.821,164.78,13.66,0.8182,1.573,0.5928,2.458,420.98,1.028,50.65,0.7595,10.74,2.416e-05,0.218,2.947,1.254,2.3,0.2032,9.188,0.603,8.458
2022-04-09T21:00:56,42411.92,3222.97,109.64,0.2582,16.7,65,19.42,94.97,6.158,175.2,0.5915,0.02374,0.007407,2.401,1.526,2.49,1.439,3.82,164.74,13.66,0.8217,1.577,0.5928,2.458,420.94,1.028,50.66,0.7592,10.74,2.415e-05,0.218,2.947,1.254,2.301,0.2031,9.177,0.605,8.454
2022-04-09T21:01:26,42414.91,3224.93,109.84,0.2582,16.7,65,19.43,95.01,6.153,175.33,0.5888,0.02371,0.007407,2.401,1.526,2.49,1.439,3.821,164.82,13.66,0.8217,1.573,0.5928,2.463,420.99,1.028,50.7,0.7594,10.74,2.417e-05,0.218,2.948,1.255,2.301,0.2031,9.176,0.6046,8.454
2022-04-09T21:01:56,42415.13,3225.23,109.88,0.2583,16.7,65.1,19.43,95.06,6.156,175.39,0.5886,0.0237,0.0074,2.4,1.526,2.49,1.44,3.824,164.85,13.66,0.8217,1.579,0.5928,2.462,421.04,1.028,50.7,0.7593,10.74,2.417e-05,0.218,2.949,1.256,2.302,0.2032,9.177,0.6053,8.464
2022-04-09T21:02:26,42406.28,3224.54,109.79,0.258,16.7,65.1,19.43,95.08,6.155,175.38,0.5886,0.0237,0.007399,2.396,1.526,2.49,1.44,3.823,164.89,13.66,0.817,1.579,0.5928,2.461,420.88,1.027,50.68,0.7598,10.74,2.416e-05,0.218,2.947,1.255,2.302,0.2032,9.184,0.6082,8.462
2022-04-09T21:02:56,42403.88,3224.35,109.72,0.258,16.65,65.1,19.43,95,6.155,175.3,0.589,0.02373,0.007399,2.396,1.525,2.49,1.439,3.822,164.78,13.66,0.817,1.574,0.5928,2.46,420.73,1.027,50.69,0.7602,10.74,2.415e-05,0.2181,2.947,1.255,2.301,0.2032,9.191,0.6084,8.46
2022-04-09T21:03:26,42407.78,3224.74,109.69,0.258,16.64,65.1,19.42,94.96,6.157,175.33,0.5881,0.02373,0.007399,2.396,1.526,2.49,1.438,3.822,164.71,13.66,0.817,1.574,0.5928,2.46,420.75,1.027,50.69,0.7602,10.74,2.415e-05,0.2181,2.946,1.255,2.301,0.2032,9.199,0.6087,8.454
2022-04-09T21:03:56,42408,3225.05,109.7,0.2579,16.64,65.1,19.42,95.03,6.157,175.34,0.5885,0.02374,0.007399,2.396,1.526,2.49,1.44,3.822,164.69,13.66,0.817,1.574,0.5928,2.46,420.75,1.027,50.7,0.7603,10.74,2.415e-05,0.2181,2.948,1.256,2.301,0.2033,9.214,0.609,8.453
2022-04-09T21:04:26,42406.8,3224.51,109.69,0.2578,16.65,65.1,19.42,95.03,6.157,175.32,0.5886,0.02374,0.007399,2.396,1.526,2.49,1.439,3.82,164.65,13.66,0.817,1.574,0.5928,2.46,420.74,1.027,50.71,0.7602,10.74,2.415e-05,0.2181,2.947,1.256,2.301,0.2033,9.23,0.6094,8.454
2022-04-09T21:04:56,42407.02,3224.26,109.68,0.2579,16.65,65,19.42,95.04,6.16,175.34,0.5889,0.02374,0.007399,2.396,1.526,2.49,1.44,3.821,164.65,13.66,0.817,1.577,0.5928,2.462,420.89,1.028,50.7,0.7602,10.74,2.414e-05,0.2181,2.947,1.256,2.301,0.2032,9.233,0.6123,8.453
2022-04-09T21:05:26,42408.29,3223.96,109.65,0.2579,16.65,65,19.42,95.02,6.162,175.39,0.59,0.02373,0.007399,2.396,1.527,2.49,1.439,3.821,164.7,13.66,0.8162,1.576,0.5928,2.461,420.79,1.028,50.7,0.76,10.74,2.415e-05,0.2178,2.947,1.256,2.3,0.2032,9.235,0.6128,8.46
2022-04-09T21:05:56,42407.25,3223.82,109.6,0.2579,16.65,65,19.43,95,6.161,175.34,0.59,0.02373,0.007399,2.396,1.527,2.49,1.439,3.821,164.64,13.65,0.8162,1.577,0.5928,2.46,420.77,1.028,50.7,0.76,10.74,2.414e-05,0.2178,2.946,1.256,2.3,0.2031,9.203,0.6129,8.456
2022-04-09T21:06:26,42408.08,3223.95,109.62,0.2579,16.65,64.9,19.43,94.98,6.163,175.29,0.59,0.02372,0.007399,2.396,1.527,2.49,1.439,3.821,164.66,13.65,0.8162,1.577,0.5928,2.462,420.75,1.028,50.7,0.7598,10.74,2.415e-05,0.2178,2.946,1.256,2.3,0.2032,9.204,0.6118,8.457
2022-04-09T21:06:56,42421.61,3224.42,109.71,0.2579,16.65,65,19.44,95.01,6.163,175.34,0.5913,0.02372,0.007405,2.396,1.527,2.49,1.44,3.821,164.66,13.64,0.8162,1.577,0.5943,2.463,420.75,1.029,50.72,0.7598,10.74,2.415e-05,0.2178,2.947,1.256,2.301,0.2032,9.213,0.611,8.459
2022-04-09T21:07:26,42417.55,3224.42,109.72,0.2582,16.65,64.8,19.43,95.04,6.16,175.32,0.5916,0.02372,0.007405,2.396,1.526,2.49,1.44,3.821,164.67,13.64,0.8162,1.577,0.5943,2.465,420.93,1.029,50.72,0.76,10.74,2.415e-05,0.2178,2.948,1.256,2.301,0.2032,9.22,0.6122,8.46
2022-04-09T21:07:56,42419.59,3224.8,109.72,0.2583,16.65,64.8,19.43,95.04,6.157,175.31,0.5918,0.02377,0.007383,2.396,1.526,2.49,1.44,3.821,164.68,13.64,0.8155,1.577,0.5943,2.465,420.85,1.029,50.72,0.7599,10.74,2.416e-05,0.2178,2.948,1.257,2.301,0.2032,9.233,0.6121,8.46
2022-04-09T21:08:26,42419.66,3224.95,109.77,0.2583,16.65,64.7,19.43,95.03,6.159,175.32,0.5918,0.02376,0.007387,2.396,1.526,2.49,1.44,3.821,164.66,13.64,0.8155,1.577,0.5943,2.465,420.91,1.028,50.71,0.7599,10.74,2.416e-05,0.2178,2.948,1.257,2.301,0.2032,9.234,0.6123,8.459
2022-04-09T21:08:56,42429.42,3225.85,109.9,0.2583,16.65,64.7,19.43,95.04,6.165,175.32,0.5918,0.02374,0.007382,2.396,1.527,2.49,1.442,3.825,164.69,13.64,0.8155,1.577,0.5943,2.466,420.93,1.029,50.73,0.7601,10.74,2.417e-05,0.2184,2.949,1.258,2.301,0.2033,9.234,0.6115,8.455
2022-04-09T21:09:26,42429.51,3226.33,109.89,0.2584,16.67,64.7,19.44,95.13,6.167,175.36,0.5918,0.02373,0.007382,2.396,1.526,2.49,1.442,3.827,164.79,13.64,0.8155,1.577,0.5943,2.466,420.97,1.029,50.73,0.7601,10.74,2.417e-05,0.2184,2.951,1.259,2.302,0.2033,9.228,0.61,8.455
2022-04-09T21:09:56,42423.88,3226.28,109.9,0.2585,16.67,64.7,19.45,95.16,6.169,175.35,0.5918,0.02371,0.007382,2.396,1.526,2.49,1.443,3.826,164.82,13.63,0.8147,1.571,0.5943,2.466,421.16,1.029,50.71,0.7603,10.74,2.418e-05,0.2184,2.951,1.259,2.303,0.2033,9.233,0.6091,8.454
2022-04-09T21:10:26,42437.91,3227.81,109.93,0.2585,16.67,64.7,19.45,95.18,6.169,175.4,0.5918,0.02373,0.007382,2.396,1.526,2.49,1.444,3.826,164.88,13.63,0.8147,1.571,0.5943,2.467,421.3,1.03,50.72,0.7603,10.74,2.419e-05,0.2184,2.954,1.259,2.305,0.2034,9.24,0.6095,8.462
2022-04-09T21:10:56,42448.79,3229.22,110.11,0.2588,16.67,65,19.47,95.21,6.18,175.35,0.5918,0.02374,0.007382,2.398,1.527,2.49,1.444,3.827,164.97,13.63,0.8147,1.586,0.5943,2.468,421.49,1.03,50.72,0.7604,10.74,2.42e-05,0.2186,2.955,1.259,2.306,0.2035,9.239,0.6107,8.462
2022-04-09T21:11:26,42445.13,3229.28,110.03,0.2588,16.67,65,19.47,95.19,6.179,175.33,0.5917,0.02374,0.007382,2.398,1.527,2.49,1.445,3.827,164.98,13.63,0.8147,1.589,0.5943,2.468,421.41,1.031,50.72,0.7604,10.74,2.421e-05,0.2186,2.954,1.259,2.306,0.2034,9.237,0.6102,8.467
2022-04-09T21:11:56,42442.89,3228.24,109.97,0.2588,16.67,65,19.47,95.34,6.185,175.28,0.5918,0.02374,0.007396,2.398,1.527,2.49,1.444,3.827,164.9,13.63,0.8147,1.589,0.5943,2.468,421.34,1.03,50.7,0.7604,10.74,2.421e-05,0.2186,2.953,1.259,2.306,0.2033,9.23,0.6093,8.467
2022-04-09T21:12:26,42443.92,3228.06,109.89,0.2585,16.65,65.1,19.47,95.38,6.183,175.28,0.5918,0.02374,0.007396,2.398,1.527,2.49,1.444,3.837,164.8,13.63,0.8147,1.591,0.5943,2.468,421.24,1.03,50.69,0.7606,10.74,2.421e-05,0.2186,2.953,1.258,2.306,0.2033,9.227,0.6093,8.461
2022-04-09T21:12:56,42445.91,3228.09,109.88,0.2585,16.64,65.1,19.47,95.35,6.157,175.28,0.592,0.02374,0.007396,2.398,1.528,2.49,1.444,3.834,164.78,13.63,0.8134,1.591,0.5943,2.468,421.3,1.03,50.68,0.7606,10.74,2.421e-05,0.2186,2.953,1.258,2.305,0.2034,9.238,0.6087,8.455
2022-04-09T21:13:26,42447.31,3228.37,109.88,0.2585,16.64,65.1,19.47,95.38,6.156,175.27,0.5919,0.02373,0.007396,2.398,1.528,2.49,1.444,3.833,164.79,13.63,0.8134,1.591,0.5943,2.468,421.31,1.03,50.69,0.7607,10.74,2.421e-05,0.2186,2.953,1.258,2.305,0.2034,9.24,0.6086,8.458
2022-04-09T21:13:56,42451.27,3228.46,109.88,0.2584,16.64,65.1,19.47,95.37,6.155,175.23,0.592,0.02374,0.007396,2.398,1.528,2.49,1.443,3.833,164.77,13.63,0.8134,1.591,0.5943,2.467,421.32,1.03,50.68,0.7606,10.74,2.421e-05,0.2186,2.953,1.258,2.305,0.2034,9.245,0.6086,8.459
2022-04-09T21:14:26,42455.05,3228.51,109.96,0.2584,16.64,65.1,19.48,95.38,6.156,175.25,0.5924,0.02374,0.007393,2.398,1.528,2.49,1.445,3.835,164.79,13.63,0.8134,1.59,0.5943,2.466,421.28,1.03,50.71,0.7607,10.74,2.42e-05,0.2186,2.954,1.258,2.305,0.2034,9.254,0.609,8.456
2022-04-09T21:14:56,42457.16,3228.44,109.98,0.2587,16.64,65.1,19.49,95.38,6.155,175.27,0.5923,0.02374,0.007414,2.399,1.529,2.49,1.445,3.836,164.8,13.63,0.8134,1.59,0.5943,2.466,421.39,1.03,50.7,0.7604,10.74,2.42e-05,0.2186,2.954,1.258,2.305,0.2034,9.26,0.6091,8.464
2022-04-09T21:15:26,42456.92,3228.41,109.96,0.2589,16.64,65,19.49,95.37,6.157,175.26,0.5922,0.02373,0.007414,2.399,1.528,2.49,1.445,3.834,164.74,13.63,0.8134,1.59,0.5943,2.465,421.37,1.03,50.72,0.7604,10.74,2.421e-05,0.2186,2.954,1.258,2.305,0.2034,9.255,0.6104,8.466
2022-04-09T21:15:56,42456.61,3228.49,109.94,0.2589,16.64,65,19.49,95.31,6.156,175.29,0.5923,0.02373,0.007419,2.399,1.528,2.49,1.444,3.837,164.73,13.63,0.8134,1.586,0.5943,2.466,421.41,1.03,50.72,0.7604,10.74,2.421e-05,0.2186,2.955,1.258,2.305,0.2034,9.252,0.6157,8.466
2022-04-09T21:16:26,42458.21,3228.68,109.96,0.259,16.64,65,19.49,95.28,6.156,175.27,0.5924,0.02373,0.007419,2.399,1.528,2.49,1.445,3.836,164.73,13.63,0.81,1.577,0.5943,2.467,421.23,1.03,50.72,0.7604,10.74,2.42e-05,0.2186,2.955,1.258,2.305,0.2034,9.217,0.6153,8.464
2022-04-09T21:16:56,42459.44,3228.86,109.98,0.259,16.65,65.1,19.5,95.29,6.164,175.25,0.5924,0.02373,0.007419,2.399,1.528,2.49,1.445,3.836,164.75,13.63,0.8128,1.581,0.5943,2.468,421.33,1.03,50.73,0.7604,10.74,2.42e-05,0.2186,2.957,1.258,2.305,0.2034,9.205,0.6141,8.464
2022-04-09T21:17:26,42463.22,3229.78,109.97,0.259,16.65,65.1,19.49,95.28,6.164,175.2,0.5924,0.02374,0.007419,2.399,1.528,2.49,1.445,3.837,164.75,13.63,0.8128,1.581,0.5943,2.47,421.37,1.031,50.73,0.7604,10.74,2.421e-05,0.2186,2.957,1.258,2.306,0.2035,9.219,0.6137,8.465
2022-04-09T21:17:56,42471.79,3230.26,110.04,0.259,16.65,65.1,19.49,95.29,6.17,175.19,0.5924,0.02373,0.007419,2.399,1.529,2.49,1.445,3.837,164.82,13.63,0.8128,1.581,0.5943,2.469,421.49,1.031,50.73,0.7606,10.74,2.421e-05,0.2188,2.958,1.259,2.306,0.2034,9.224,0.6138,8.467
2022-04-09T21:18:26,42472.99,3229.68,110.04,0.2593,16.65,65.1,19.49,95.3,6.164,175.24,0.5924,0.02375,0.007435,2.399,1.529,2.49,1.446,3.837,164.82,13.63,0.8128,1.581,0.5943,2.47,421.51,1.031,50.74,0.7606,10.74,2.421e-05,0.2188,2.958,1.259,2.307,0.2035,9.215,0.6143,8.471
2022-04-09T21:18:56,42471.66,3229.65,110.04,0.2593,16.65,65.1,19.48,95.31,6.164,175.21,0.5927,0.02374,0.007435,2.399,1.529,2.49,1.445,3.837,164.86,13.63,0.8128,1.588,0.5943,2.469,421.49,1.031,50.74,0.7606,10.74,2.423e-05,0.2188,2.958,1.259,2.307,0.2035,9.218,0.6147,8.466
2022-04-09T21:19:26,42472.23,3229.65,110.05,0.2594,16.65,65.1,19.48,95.33,6.171,175.31,0.5927,0.02374,0.007428,2.399,1.529,2.49,1.445,3.836,164.92,13.63,0.8112,1.588,0.5943,2.47,421.57,1.031,50.74,0.7606,10.74,2.423e-05,0.2188,2.959,1.26,2.308,0.2035,9.213,0.6154,8.466
2022-04-09T21:19:56,42471.53,3229.67,110.05,0.2591,16.66,65.1,19.47,95.33,6.173,175.28,0.5927,0.02375,0.007431,2.396,1.529,2.49,1.445,3.837,164.89,13.67,0.8112,1.588,0.5943,2.47,421.56,1.031,50.75,0.7606,10.74,2.423e-05,0.2188,2.959,1.26,2.308,0.2034,9.223,0.6155,8.466
2022-04-09T21:20:26,42468.81,3229.49,110.04,0.2592,16.66,65.1,19.47,95.25,6.173,175.29,0.5927,0.02374,0.007431,2.396,1.529,2.49,1.445,3.836,164.83,13.67,0.8112,1.588,0.5943,2.47,421.43,1.031,50.75,0.7608,10.74,2.424e-05,0.2188,2.959,1.26,2.308,0.2035,9.217,0.6147,8.464
2022-04-09T21:20:56,42461.32,3229.41,110.06,0.2592,16.66,65.1,19.48,95.21,6.171,175.16,0.5927,0.02374,0.007431,2.396,1.529,2.49,1.445,3.836,164.83,13.67,0.8112,1.588,0.5943,2.47,421.48,1.031,50.75,0.7609,10.74,2.424e-05,0.2188,2.959,1.261,2.308,0.2035,9.218,0.6153,8.465
2022-04-09T21:21:26,42458.98,3229.44,110.06,0.2592,16.66,65.1,19.47,95.2,6.171,175.16,0.5928,0.02374,0.007431,2.396,1.529,2.49,1.445,3.839,164.82,13.67,0.8112,1.588,0.5943,2.47,421.51,1.031,50.76,0.7609,10.74,2.424e-05,0.2188,2.959,1.26,2.309,0.2035,9.217,0.6163,8.464
2022-04-09T21:21:56,42451.81,3229.23,109.97,0.2591,16.66,65.1,19.47,95.24,6.171,175.12,0.5928,0.02372,0.007431,2.396,1.528,2.49,1.445,3.84,164.75,13.67,0.8112,1.583,0.5943,2.47,421.47,1.03,50.76,0.7608,10.74,2.422e-05,0.2184,2.957,1.259,2.308,0.2034,9.217,0.6156,8.462
2022-04-09T21:22:26,42439.54,3228.75,109.96,0.2592,16.65,65.1,19.46,95.19,6.171,175.11,0.5928,0.02371,0.007483,2.396,1.528,2.49,1.445,3.839,164.62,13.67,0.8112,1.586,0.5943,2.467,421.28,1.031,50.75,0.7608,10.74,2.423e-05,0.2184,2.956,1.259,2.308,0.2034,9.207,0.6156,8.464
2022-04-09T21:22:56,42432.06,3228.54,109.92,0.2589,16.64,65.1,19.45,95.18,6.172,174.9,0.5928,0.0237,0.007483,2.396,1.528,2.49,1.444,3.839,164.63,13.66,0.8112,1.583,0.5943,2.466,421.12,1.03,50.74,0.7607,10.74,2.422e-05,0.2184,2.953,1.258,2.307,0.2033,9.194,0.6128,8.466
2022-04-09T21:23:26,42432.82,3227.31,109.94,0.2589,16.64,65.1,19.45,95.16,6.175,174.91,0.5928,0.02371,0.007464,2.399,1.528,2.49,1.444,3.839,164.61,13.66,0.8112,1.584,0.5943,2.466,421.12,1.03,50.74,0.7607,10.74,2.421e-05,0.218,2.952,1.258,2.305,0.2033,9.189,0.6129,8.464
2022-04-09T21:23:56,42430.01,3226.67,109.91,0.2589,16.67,65.2,19.44,95.06,6.167,174.94,0.5928,0.02371,0.007463,2.399,1.528,2.49,1.444,3.839,164.58,13.66,0.8112,1.584,0.5943,2.463,421.03,1.03,50.73,0.7607,10.74,2.421e-05,0.218,2.95,1.258,2.304,0.2033,9.189,0.6129,8.462
2022-04-09T21:24:26,42429.72,3226.9,109.91,0.2589,16.67,65.1,19.45,95.11,6.172,174.96,0.5928,0.02371,0.007463,2.399,1.527,2.49,1.444,3.837,164.57,13.66,0.8101,1.584,0.5943,2.463,421.05,1.03,50.73,0.7608,10.74,2.421e-05,0.218,2.951,1.258,2.305,0.2033,9.194,0.6128,8.458
2022-04-09T21:24:56,42438.4,3227.44,109.92,0.259,16.65,65.1,19.45,95.1,6.171,175,0.5929,0.02371,0.007463,2.399,1.527,2.49,1.444,3.835,164.58,13.66,0.8101,1.579,0.5943,2.462,421.14,1.03,50.74,0.761,10.74,2.42e-05,0.218,2.952,1.258,2.305,0.2032,9.201,0.6128,8.458
2022-04-09T21:25:26,42442.44,3228.05,110,0.2591,16.65,65.1,19.45,95.09,6.174,175.04,0.5929,0.02373,0.007463,2.399,1.527,2.49,1.444,3.837,164.57,13.66,0.8101,1.581,0.5943,2.461,421.16,1.03,50.74,0.7612,10.74,2.421e-05,0.218,2.953,1.259,2.305,0.2032,9.21,0.6125,8.462
2022-04-09T21:25:56,42444.95,3228.52,110.05,0.2591,16.69,65.1,19.47,95.08,6.174,175.02,0.5929,0.02371,0.007463,2.399,1.527,2.49,1.444,3.837,164.54,13.66,0.8101,1.583,0.5943,2.461,421.51,1.031,50.74,0.7613,10.74,2.421e-05,0.218,2.954,1.259,2.305,0.2032,9.212,0.6126,8.467
2022-04-09T21:26:26,42447.41,3229.01,110.05,0.259,16.69,65.1,19.47,95.08,6.168,174.96,0.5929,0.02367,0.007497,2.399,1.527,2.49,1.444,3.835,164.56,13.66,0.8101,1.583,0.5943,2.461,421.45,1.03,50.74,0.7615,10.74,2.423e-05,0.218,2.956,1.259,2.307,0.2032,9.214,0.6126,8.461
2022-04-09T21:26:56,42443.4,3229.89,110.02,0.2589,16.69,65.1,19.46,95.09,6.168,174.96,0.5929,0.02368,0.007497,2.399,1.527,2.49,1.446,3.836,164.61,13.66,0.8101,1.583,0.5943,2.461,421.38,1.03,50.74,0.7614,10.74,2.423e-05,0.218,2.956,1.259,2.307,0.2032,9.215,0.612,8.462
2022-04-09T21:27:26,42448.59,3231.89,110.09,0.2589,16.69,65.1,19.46,95.1,6.171,174.94,0.592,0.02369,0.00751,2.399,1.527,2.49,1.445,3.838,164.62,13.66,0.8101,1.585,0.5943,2.461,421.41,1.03,50.74,0.7613,10.74,2.423e-05,0.218,2.957,1.259,2.307,0.2032,9.214,0.6124,8.461
2022-04-09T21:27:56,42452.83,3233.09,110.11,0.2593,16.69,65.1,19.46,95.11,6.171,174.9,0.592,0.02371,0.007482,2.399,1.526,2.49,1.446,3.838,164.65,13.66,0.8101,1.584,0.5943,2.461,421.51,1.031,50.74,0.7613,10.74,2.423e-05,0.218,2.959,1.259,2.307,0.2033,9.222,0.6131,8.464
2022-04-09T21:28:26,42459.6,3234.48,110.12,0.2593,16.75,65.1,19.47,95.12,6.176,174.96,0.5934,0.0237,0.007482,2.399,1.526,2.49,1.445,3.838,164.67,13.66,0.8101,1.584,0.5943,2.461,421.61,1.03,50.72,0.7612,10.74,2.425e-05,0.218,2.96,1.26,2.308,0.2033,9.216,0.6139,8.466
2022-04-09T21:28:56,42456.83,3234.47,110.13,0.2593,16.75,65.1,19.47,95.15,6.171,175.01,0.5934,0.0237,0.00751,2.399,1.526,2.49,1.445,3.838,164.64,13.66,0.8101,1.584,0.5943,2.462,421.66,1.03,50.72,0.7613,10.74,2.427e-05,0.218,2.96,1.26,2.307,0.2032,9.216,0.6136,8.46
2022-04-09T21:29:26,42457.83,3236.08,110.14,0.2592,16.75,65.1,19.48,95.17,6.178,175,0.5934,0.02371,0.007479,2.399,1.526,2.49,1.445,3.833,164.66,13.66,0.8101,1.585,0.5943,2.463,421.58,1.03,50.7,0.7612,10.74,2.427e-05,0.218,2.96,1.26,2.308,0.2032,9.204,0.6133,8.464
2022-04-09T21:29:56,42453.76,3236.55,110.15,0.2592,16.75,65,19.48,95.23,6.178,174.95,0.5934,0.02371,0.00746,2.399,1.527,2.49,1.446,3.833,164.69,13.67,0.8101,1.585,0.5943,2.463,421.54,1.031,50.7,0.7612,10.74,2.427e-05,0.218,2.96,1.26,2.308,0.2032,9.201,0.6132,8.464
2022-04-09T21:30:26,42469.14,3241.93,110.23,0.2592,16.75,65.1,19.49,95.3,6.181,174.96,0.5934,0.02374,0.007488,2.399,1.526,2.49,1.446,3.835,164.82,13.67,0.8101,1.585,0.5934,2.462,421.64,1.031,50.72,0.7613,10.74,2.428e-05,0.218,2.96,1.26,2.307,0.2034,9.199,0.6124,8.468
2022-04-09T21:30:56,42482.67,3245.56,110.25,0.2597,16.89,65.2,19.49,95.41,6.172,175.05,0.5919,0.02375,0.007488,2.399,1.526,2.49,1.447,3.835,164.87,13.67,0.8157,1.585,0.5934,2.463,421.76,1.031,50.73,0.7613,10.74,2.428e-05,0.218,2.959,1.26,2.308,0.2034,9.195,0.6106,8.465
2022-04-09T21:31:26,42487.33,3248.33,110.29,0.2597,16.89,65,19.49,95.44,6.177,175.02,0.5912,0.02375,0.007492,2.399,1.526,2.49,1.447,3.841,164.89,13.67,0.8103,1.585,0.5934,2.463,421.96,1.031,50.74,0.7613,10.74,2.428e-05,0.218,2.959,1.261,2.308,0.2034,9.193,0.6101,8.471
2022-04-09T21:31:56,42489.96,3248.29,110.29,0.2598,16.89,65,19.5,95.44,6.177,175.06,0.5912,0.02373,0.007492,2.399,1.527,2.49,1.446,3.837,164.89,13.67,0.8103,1.587,0.5934,2.463,422.03,1.031,50.73,0.7613,10.74,2.431e-05,0.218,2.96,1.261,2.308,0.2033,9.188,0.6109,8.471
2022-04-09T21:32:26,42491.42,3248.28,110.33,0.2598,16.89,65,19.5,95.44,6.172,175.14,0.591,0.02375,0.007492,2.399,1.527,2.49,1.447,3.841,164.91,13.67,0.8103,1.587,0.5934,2.463,422.09,1.031,50.72,0.7613,10.74,2.432e-05,0.218,2.961,1.261,2.308,0.2034,9.197,0.61,8.464
2022-04-09T21:32:56,42492.61,3248.12,110.33,0.2599,16.89,65.2,19.5,95.46,6.172,175.32,0.591,0.02375,0.007492,2.399,1.527,2.49,1.447,3.842,164.98,13.67,0.8102,1.587,0.5934,2.462,421.99,1.031,50.73,0.7613,10.74,2.432e-05,0.218,2.961,1.261,2.308,0.2034,9.208,0.6088,8.464
2022-04-09T21:33:26,42494.67,3247.82,110.33,0.26,16.89,65.2,19.5,95.48,6.184,175.3,0.5915,0.02378,0.007492,2.399,1.527,2.49,1.447,3.842,164.96,13.67,0.8102,1.587,0.5934,2.464,422.05,1.031,50.73,0.7615,10.74,2.43e-05,0.218,2.961,1.262,2.309,0.2034,9.215,0.6077,8.469
2022-04-09T21:33:56,42493.32,3246.2,110.37,0.2601,16.89,65.2,19.5,95.47,6.187,175.32,0.5915,0.0238,0.007492,2.399,1.528,2.49,1.447,3.842,164.96,13.67,0.8103,1.587,0.5934,2.463,422.03,1.032,50.73,0.7615,10.74,2.43e-05,0.218,2.96,1.262,2.309,0.2034,9.221,0.6068,8.463
2022-04-09T21:34:26,42488.95,3244.53,110.36,0.2598,16.89,65.2,19.5,95.48,6.184,175.34,0.5915,0.02379,0.007492,2.4,1.528,2.49,1.448,3.848,164.96,13.67,0.8103,1.587,0.5934,2.463,422,1.031,50.74,0.7614,10.74,2.43e-05,0.218,2.961,1.262,2.309,0.2034,9.226,0.6077,8.465
2022-04-09T21:34:56,42489.27,3243.27,110.37,0.2598,16.89,65.2,19.5,95.48,6.187,175.44,0.5915,0.02381,0.007492,2.4,1.528,2.49,1.448,3.846,164.94,13.67,0.81,1.587,0.5934,2.462,421.98,1.031,50.74,0.7614,10.74,2.43e-05,0.218,2.961,1.262,2.309,0.2034,9.226,0.6065,8.462
2022-04-09T21:35:26,42489.05,3242.97,110.39,0.2597,16.89,65.2,19.5,95.5,6.183,175.46,0.5915,0.02382,0.007492,2.4,1.528,2.49,1.448,3.846,164.94,13.67,0.81,1.587,0.5934,2.463,421.85,1.031,50.75,0.7614,10.74,2.431e-05,0.218,2.961,1.262,2.309,0.2034,9.222,0.6065,8.466
2022-04-09T21:35:56,42491.35,3242.24,110.38,0.2597,16.87,65.2,19.51,95.52,6.183,175.49,0.5915,0.02382,0.007492,2.4,1.527,2.49,1.448,3.846,164.97,13.67,0.81,1.587,0.5938,2.462,421.91,1.031,50.75,0.7613,10.74,2.431e-05,0.2187,2.962,1.262,2.31,0.2035,9.222,0.6082,8.473
2022-04-09T21:36:26,42489.93,3241.92,110.38,0.2599,16.87,65.2,19.51,95.49,6.183,175.47,0.5918,0.02382,0.007492,2.4,1.527,2.49,1.448,3.846,165,13.67,0.81,1.587,0.5938,2.462,422.01,1.03,50.74,0.7613,10.74,2.432e-05,0.2187,2.962,1.262,2.31,0.2035,9.223,0.6077,8.472
2022-04-09T21:36:56,42489.19,3241.7,110.37,0.2599,16.87,65.2,19.51,95.48,6.181,175.48,0.5923,0.02384,0.007492,2.4,1.527,2.49,1.448,3.846,164.98,13.67,0.81,1.589,0.5938,2.463,421.97,1.03,50.75,0.7614,10.74,2.433e-05,0.2187,2.962,1.262,2.312,0.2034,9.22,0.6068,8.471
2022-04-09T21:37:26,42489.78,3241.4,110.32,0.2599,16.87,65.2,19.51,95.48,6.181,175.49,0.5923,0.02383,0.007492,2.4,1.527,2.49,1.448,3.845,164.97,13.67,0.81,1.589,0.5938,2.463,422.04,1.03,50.74,0.7614,10.74,2.433e-05,0.2187,2.962,1.262,2.312,0.2034,9.223,0.6063,8.469
2022-04-09T21:37:56,42488.2,3241.15,110.3,0.26,16.87,65.2,19.51,95.43,6.18,175.42,0.5923,0.02384,0.007492,2.4,1.527,2.49,1.448,3.849,165.08,13.67,0.81,1.589,0.5938,2.463,421.89,1.03,50.75,0.7612,10.74,2.433e-05,0.2187,2.962,1.262,2.312,0.2034,9.237,0.6054,8.477
2022-04-09T21:38:26,42490.32,3241.15,110.3,0.2601,16.89,65.3,19.51,95.44,6.183,175.47,0.5923,0.02385,0.007492,2.401,1.527,2.49,1.448,3.849,165.08,13.67,0.81,1.591,0.5938,2.463,421.99,1.03,50.75,0.7612,10.74,2.433e-05,0.2187,2.962,1.262,2.312,0.2034,9.239,0.6054,8.475
2022-04-09T21:38:56,42488.54,3240.93,110.32,0.2602,16.89,65.3,19.51,95.58,6.176,175.46,0.5923,0.02382,0.007492,2.401,1.528,2.49,1.447,3.849,165.07,13.67,0.8102,1.594,0.5938,2.464,421.93,1.03,50.74,0.7612,10.74,2.433e-05,0.2187,2.963,1.263,2.312,0.2034,9.257,0.6052,8.473
2022-04-09T21:39:26,42488.17,3240.56,110.3,0.2602,16.89,65.3,19.51,95.63,6.182,175.47,0.5936,0.02386,0.007492,2.401,1.528,2.49,1.447,3.849,165.09,13.67,0.8102,1.594,0.5938,2.463,421.97,1.031,50.74,0.7612,10.74,2.435e-05,0.2187,2.963,1.263,2.312,0.2034,9.271,0.6057,8.476
2022-04-09T21:39:56,42489.6,3240.53,110.3,0.2599,16.91,65.3,19.51,95.65,6.171,175.4,0.5936,0.02386,0.007484,2.399,1.528,2.49,1.448,3.849,165.11,13.67,0.8102,1.594,0.5938,2.463,422.01,1.031,50.74,0.7612,10.74,2.435e-05,0.2187,2.964,1.263,2.312,0.2034,9.26,0.6058,8.474
2022-04-09T21:40:26,42486.13,3240.01,110.28,0.2599,16.88,65.3,19.51,95.68,6.172,175.43,0.59,0.02387,0.007484,2.399,1.528,2.49,1.448,3.849,165.18,13.67,0.8102,1.594,0.5938,2.463,421.84,1.031,50.74,0.7612,10.74,2.439e-05,0.2187,2.964,1.263,2.311,0.2034,9.247,0.6054,8.471
2022-04-09T21:40:56,42486.1,3239.47,110.28,0.2597,16.88,65.3,19.51,95.72,6.172,175.4,0.5922,0.02387,0.007455,2.399,1.528,2.49,1.448,3.854,165.16,13.67,0.8103,1.595,0.5938,2.463,421.79,1.031,50.74,0.7612,10.74,2.439e-05,0.2187,2.964,1.262,2.311,0.2035,9.235,0.6034,8.477
2022-04-09T21:41:26,42483.38,3238.86,110.29,0.2599,16.88,65.3,19.51,95.73,6.179,175.47,0.5922,0.02386,0.007443,2.399,1.527,2.49,1.448,3.852,165.17,13.67,0.8102,1.598,0.5938,2.462,421.83,1.03,50.74,0.7612,10.74,2.44e-05,0.2187,2.964,1.262,2.311,0.2035,9.231,0.6047,8.474
2022-04-09T21:41:56,42483.6,3238.64,110.32,0.2599,16.88,65.2,19.51,95.86,6.171,175.48,0.5922,0.02386,0.00744,2.399,1.528,2.49,1.448,3.853,165.14,13.67,0.8102,1.598,0.5938,2.461,421.88,1.031,50.74,0.7612,10.74,2.44e-05,0.2187,2.963,1.262,2.311,0.2035,9.236,0.6053,8.475
2022-04-09T21:42:26,42480.15,3237.1,110.31,0.2599,16.88,65.1,19.51,95.9,6.171,175.51,0.5923,0.02386,0.007438,2.399,1.528,2.49,1.448,3.853,165.15,13.67,0.8102,1.598,0.5938,2.461,421.87,1.031,50.74,0.7612,10.74,2.44e-05,0.2187,2.963,1.262,2.311,0.2034,9.237,0.6054,8.476
2022-04-09T21:42:56,42478.49,3237.08,110.31,0.2599,16.88,65.2,19.51,96.1,6.184,175.47,0.5923,0.02386,0.007438,2.399,1.528,2.49,1.448,3.859,165.16,13.68,0.8103,1.593,0.5938,2.46,421.82,1.03,50.74,0.7612,10.74,2.44e-05,0.2187,2.963,1.262,2.311,0.2035,9.255,0.6076,8.476
2022-04-09T21:43:26,42479.99,3234.92,110.32,0.2597,16.89,65.2,19.52,96.09,6.171,175.46,0.5923,0.02385,0.007438,2.399,1.528,2.49,1.448,3.857,165.14,13.68,0.81,1.593,0.5938,2.459,421.79,1.031,50.74,0.7611,10.74,2.44e-05,0.2184,2.963,1.262,2.311,0.2034,9.253,0.6085,8.478
2022-04-09T21:43:56,42522.1,3237.9,110.35,0.2601,16.89,65.2,19.52,96.08,6.181,175.52,0.5926,0.02386,0.007438,2.399,1.528,2.49,1.448,3.857,165.15,13.68,0.8103,1.589,0.5938,2.46,421.91,1.031,50.76,0.7619,10.74,2.441e-05,0.2184,2.965,1.262,2.31,0.2034,9.255,0.6107,8.474
2022-04-09T21:44:26,42533.05,3239.78,110.5,0.2603,16.89,65.2,19.53,96.09,6.181,175.58,0.5928,0.02386,0.007438,2.399,1.528,2.49,1.45,3.857,165.28,13.68,0.8102,1.594,0.5938,2.46,422.32,1.031,50.77,0.7622,10.74,2.444e-05,0.2184,2.966,1.263,2.311,0.2035,9.267,0.6095,8.476
2022-04-09T21:44:56,42552.33,3242.73,110.6,0.2607,16.89,65.1,19.54,96.17,6.182,175.58,0.594,0.02385,0.007438,2.399,1.528,2.49,1.45,3.86,165.34,13.68,0.8102,1.595,0.6291,2.46,422.63,1.032,50.78,0.7625,10.74,2.447e-05,0.2184,2.967,1.263,2.314,0.2036,9.277,0.6096,8.481
2022-04-09T21:45:26,42551.81,3242.72,110.52,0.2604,16.89,65.1,19.55,96.24,6.182,175.6,0.594,0.02387,0.007438,2.399,1.529,2.49,1.45,3.86,165.42,13.68,0.81,1.596,0.6291,2.46,422.75,1.032,50.82,0.7626,10.74,2.442e-05,0.2184,2.968,1.263,2.314,0.2038,9.264,0.6084,8.49
2022-04-09T21:45:56,42542.57,3241.87,110.46,0.2603,16.88,65.2,19.54,96.16,6.177,175.68,0.5939,0.02387,0.007438,2.399,1.53,2.49,1.451,3.863,165.41,13.68,0.8084,1.595,0.6291,2.461,422.75,1.033,50.83,0.7627,10.74,2.442e-05,0.2184,2.968,1.263,2.313,0.2037,9.267,0.6083,8.488
2022-04-09T21:46:26,42551.12,3243.39,110.54,0.2604,16.88,65.2,19.54,96.08,6.177,175.7,0.5945,0.02386,0.007438,2.402,1.53,2.49,1.451,3.863,165.43,13.68,0.8084,1.594,0.6291,2.461,422.9,1.032,50.85,0.7627,10.74,2.442e-05,0.2184,2.968,1.264,2.314,0.2037,9.271,0.6078,8.487
2022-04-09T21:46:56,42546.83,3242.37,110.47,0.2604,16.88,65.2,19.54,96.03,6.179,175.64,0.5945,0.02386,0.007438,2.402,1.53,2.49,1.45,3.859,165.4,13.68,0.8084,1.594,0.6291,2.46,422.8,1.032,50.84,0.7627,10.74,2.433e-05,0.2184,2.967,1.263,2.314,0.2038,9.283,0.6088,8.486
2022-04-09T21:47:26,42558.57,3242.92,110.53,0.261,16.88,65.2,19.55,95.92,6.179,175.79,0.5945,0.02386,0.007477,2.4,1.531,2.49,1.451,3.861,165.41,13.68,0.8084,1.594,0.6291,2.46,422.71,1.032,50.85,0.7627,10.74,2.437e-05,0.2184,2.968,1.264,2.314,0.2038,9.275,0.6094,8.483
2022-04-09T21:47:56,42560.03,3241.7,110.48,0.2605,16.88,65.2,19.55,95.94,6.183,175.81,0.5945,0.02387,0.007456,2.4,1.531,2.49,1.451,3.859,165.44,13.68,0.8084,1.593,0.6291,2.46,422.73,1.032,50.85,0.7628,10.74,2.437e-05,0.2184,2.969,1.264,2.316,0.2039,9.26,0.6099,8.486
2022-04-09T21:48:26,42559.53,3241.65,110.47,0.2612,16.9,65.2,19.55,95.88,6.183,175.87,0.5945,0.02386,0.007456,2.4,1.53,2.49,1.451,3.859,165.39,13.68,0.8084,1.594,0.6291,2.46,422.78,1.032,50.86,0.7627,10.81,2.438e-05,0.2184,2.969,1.264,2.316,0.2039,9.27,0.6099,8.482
2022-04-09T21:48:56,42558.83,3241.27,110.47,0.2612,16.9,65.2,19.55,95.86,6.179,175.85,0.5945,0.02386,0.007443,2.4,1.531,2.49,1.451,3.859,165.41,13.68,0.8084,1.591,0.6291,2.46,422.72,1.032,50.86,0.7629,10.81,2.438e-05,0.2184,2.97,1.264,2.316,0.2039,9.269,0.6093,8.479
2022-04-09T21:49:26,42559.67,3241.22,110.47,0.2613,16.93,65.2,19.55,95.87,6.18,175.8,0.5945,0.02387,0.007443,2.4,1.53,2.49,1.451,3.86,165.4,13.68,0.8084,1.591,0.6291,2.46,422.76,1.033,50.87,0.7628,10.81,2.435e-05,0.2184,2.97,1.264,2.317,0.2038,9.269,0.6091,8.481
2022-04-09T21:49:56,42572.33,3242.26,110.53,0.2615,16.94,65.2,19.55,95.91,6.181,175.82,0.5933,0.02386,0.007443,2.4,1.53,2.49,1.451,3.86,165.44,13.65,0.8084,1.591,0.6291,2.46,422.77,1.032,50.89,0.7628,10.81,2.436e-05,0.2184,2.97,1.265,2.317,0.2039,9.266,0.6082,8.484
2022-04-09T21:50:26,42569.11,3242.66,110.52,0.2616,16.94,65.1,19.55,95.9,6.181,175.85,0.5945,0.02387,0.007443,2.4,1.531,2.49,1.451,3.859,165.47,13.65,0.8081,1.591,0.6291,2.459,422.79,1.032,50.9,0.7627,10.81,2.433e-05,0.2184,2.968,1.265,2.318,0.2039,9.252,0.6068,8.486
2022-04-09T21:50:56,42560.09,3242.19,110.5,0.2613,16.94,65.1,19.54,95.79,6.181,175.85,0.5947,0.02387,0.007443,2.4,1.531,2.49,1.451,3.859,165.48,13.65,0.8081,1.591,0.6291,2.459,422.7,1.032,50.9,0.7624,10.81,2.431e-05,0.2184,2.968,1.265,2.317,0.2039,9.25,0.6065,8.482
2022-04-09T21:51:26,42563.36,3241.12,110.41,0.2613,16.94,65.1,19.55,95.7,6.183,175.83,0.5947,0.02387,0.007443,2.403,1.529,2.49,1.451,3.859,165.47,13.65,0.8081,1.588,0.6291,2.459,422.76,1.033,50.89,0.7624,10.81,2.43e-05,0.2184,2.968,1.265,2.317,0.2039,9.246,0.606,8.479
2022-04-09T21:51:56,42559.19,3240.44,110.37,0.2612,16.94,65.1,19.55,95.7,6.183,175.87,0.5947,0.02388,0.007443,2.403,1.53,2.49,1.451,3.861,165.41,13.65,0.8081,1.585,0.6291,2.459,422.65,1.032,50.89,0.7624,10.81,2.431e-05,0.2184,2.968,1.265,2.317,0.2038,9.258,0.6079,8.487
2022-04-09T21:52:26,42563.83,3240.43,110.38,0.2611,16.91,65.2,19.55,95.69,6.185,175.92,0.5947,0.02387,0.007443,2.403,1.53,2.49,1.451,3.869,165.4,13.65,0.8081,1.586,0.6291,2.458,422.62,1.032,50.89,0.7624,10.81,2.432e-05,0.2184,2.968,1.265,2.316,0.2038,9.262,0.6085,8.487
2022-04-09T21:52:56,42568.42,3240.7,110.37,0.2615,16.91,65.1,19.55,95.64,6.18,175.92,0.5946,0.02389,0.007443,2.403,1.53,2.49,1.451,3.865,165.4,13.6,0.8081,1.586,0.6291,2.458,422.75,1.032,50.9,0.7624,10.81,2.432e-05,0.2184,2.968,1.265,2.315,0.2038,9.27,0.6085,8.481
2022-04-09T21:53:26,42568.3,3240.6,110.36,0.2613,16.91,65.1,19.55,95.57,6.181,175.95,0.5946,0.02391,0.007456,2.403,1.53,2.49,1.451,3.865,165.33,13.6,0.8081,1.586,0.6291,2.458,422.68,1.032,50.9,0.7623,10.81,2.431e-05,0.2188,2.968,1.265,2.314,0.2038,9.266,0.609,8.487
2022-04-09T21:53:56,42569.37,3240.52,110.35,0.2613,16.91,65.1,19.55,95.55,6.194,175.93,0.5946,0.02391,0.007456,2.403,1.53,2.49,1.451,3.865,165.33,13.6,0.8081,1.586,0.6291,2.458,422.62,1.032,50.9,0.7623,10.81,2.431e-05,0.2188,2.969,1.265,2.315,0.2039,9.264,0.6085,8.482
2022-04-09T21:54:26,42566.48,3240.11,110.32,0.261,16.91,65,19.55,95.52,6.194,175.93,0.5946,0.02392,0.007456,2.403,1.53,2.49,1.45,3.868,165.32,13.6,0.8081,1.583,0.6291,2.457,422.36,1.033,50.92,0.7623,10.81,2.432e-05,0.2188,2.969,1.265,2.315,0.2039,9.264,0.6071,8.483
2022-04-09T21:54:56,42560.22,3239.77,110.32,0.261,16.91,65,19.55,95.42,6.195,175.92,0.5946,0.02389,0.007456,2.403,1.53,2.49,1.45,3.863,165.37,13.6,0.8081,1.583,0.6291,2.457,422.34,1.033,50.92,0.7623,10.81,2.431e-05,0.2186,2.969,1.266,2.314,0.2039,9.258,0.607,8.477
2022-04-09T21:55:26,42563.4,3240.18,110.31,0.2609,16.93,65,19.55,95.44,6.195,175.85,0.5946,0.0239,0.007456,2.403,1.531,2.49,1.45,3.863,165.35,13.6,0.8081,1.583,0.6291,2.456,422.22,1.033,50.92,0.7623,10.8,2.431e-05,0.2186,2.968,1.266,2.314,0.2038,9.258,0.6069,8.478
2022-04-09T21:55:56,42561.74,3239.86,110.3,0.261,16.93,65,19.55,95.48,6.195,175.9,0.5946,0.02389,0.007456,2.403,1.531,2.49,1.45,3.862,165.35,13.53,0.8081,1.583,0.6291,2.456,422.32,1.032,50.92,0.7624,10.8,2.431e-05,0.2186,2.968,1.266,2.314,0.2038,9.257,0.6088,8.479
2022-04-09T21:56:26,42561.55,3239.13,110.3,0.2612,16.93,64.9,19.54,95.49,6.195,175.94,0.5946,0.02389,0.007456,2.403,1.538,2.49,1.45,3.861,165.36,13.53,0.8081,1.583,0.6291,2.456,422.37,1.033,50.92,0.7623,10.8,2.433e-05,0.2186,2.968,1.265,2.315,0.2037,9.256,0.6106,8.477
2022-04-09T21:56:56,42563.19,3238.45,110.29,0.261,16.93,64.9,19.53,95.47,6.195,175.95,0.5946,0.02388,0.007456,2.403,1.537,2.49,1.45,3.861,165.36,13.53,0.8088,1.582,0.6291,2.456,422.44,1.032,50.92,0.7623,10.8,2.432e-05,0.2186,2.968,1.265,2.314,0.2037,9.264,0.6113,8.475
2022-04-09T21:57:26,42561.29,3238.46,110.29,0.2606,16.93,64.9,19.54,95.45,6.188,175.96,0.5946,0.0239,0.007456,2.403,1.537,2.49,1.45,3.861,165.39,13.53,0.8088,1.582,0.6291,2.456,422.4,1.032,50.92,0.7623,10.8,2.433e-05,0.2186,2.969,1.265,2.315,0.2038,9.266,0.6129,8.476
2022-04-09T21:57:56,42560.68,3238.54,110.31,0.2608,16.93,64.9,19.53,95.4,6.189,176,0.5946,0.02388,0.007467,2.403,1.539,2.49,1.451,3.861,165.39,13.53,0.8087,1.582,0.6291,2.455,422.39,1.032,50.93,0.7623,10.8,2.432e-05,0.2186,2.97,1.265,2.315,0.2037,9.265,0.6153,8.478
2022-04-09T21:58:26,42560.86,3238.03,110.31,0.2607,16.97,65,19.53,95.35,6.192,176.06,0.5946,0.02389,0.007467,2.403,1.539,2.49,1.45,3.857,165.38,13.53,0.8087,1.582,0.6291,2.454,422.34,1.032,50.94,0.7623,10.8,2.432e-05,0.2186,2.971,1.265,2.316,0.2038,9.269,0.6144,8.477
2022-04-09T21:58:56,42556.42,3237.69,110.26,0.2606,16.97,65,19.54,95.33,6.192,175.86,0.5946,0.02388,0.007467,2.403,1.538,2.49,1.45,3.857,165.37,13.55,0.8087,1.581,0.6291,2.453,422.4,1.032,50.93,0.7623,10.8,2.432e-05,0.2186,2.97,1.264,2.316,0.2038,9.269,0.6146,8.477
2022-04-09T21:59:26,42555.54,3237.57,110.27,0.2606,16.97,65,19.54,95.3,6.192,175.86,0.5946,0.02389,0.007467,2.403,1.539,2.49,1.45,3.858,165.39,13.55,0.8087,1.581,0.6291,2.453,422.4,1.032,50.94,0.7624,10.8,2.432e-05,0.2186,2.97,1.264,2.316,0.2037,9.288,0.6146,8.476
2022-04-09T21:59:56,42556.77,3237.11,110.27,0.2603,16.97,65,19.54,95.31,6.192,175.94,0.5945,0.02388,0.007467,2.403,1.539,2.49,1.45,3.858,165.39,13.55,0.8103,1.581,0.6291,2.453,422.33,1.032,50.94,0.7623,10.8,2.434e-05,0.2186,2.97,1.263,2.315,0.2038,9.309,0.6155,8.476
2022-04-09T22:00:26,42570.56,3237.99,110.5,0.2601,16.97,65,19.55,95.4,6.185,175.95,0.5945,0.02388,0.007467,2.403,1.539,2.49,1.45,3.858,165.45,13.55,0.8103,1.582,0.6291,2.454,422.44,1.032,50.97,0.7623,10.8,2.433e-05,0.2186,2.973,1.265,2.316,0.2039,9.333,0.6168,8.477
2022-04-09T22:00:56,42566,3238.95,110.53,0.2603,16.97,65,19.55,95.37,6.185,175.97,0.5945,0.02388,0.007467,2.403,1.539,2.49,1.45,3.856,165.56,13.55,0.8103,1.581,0.6291,2.455,422.41,1.034,51.02,0.7626,10.8,2.435e-05,0.2186,2.973,1.265,2.318,0.2038,9.323,0.6163,8.474
2022-04-09T22:01:26,42568.86,3239,110.59,0.2603,16.97,65.1,19.56,95.36,6.185,175.96,0.5945,0.02389,0.007467,2.403,1.539,2.49,1.45,3.856,165.58,13.55,0.8087,1.581,0.6291,2.455,422.45,1.034,51.03,0.7627,10.8,2.434e-05,0.2186,2.974,1.266,2.318,0.2039,9.308,0.6142,8.471
2022-04-09T22:01:56,42569.39,3238.97,110.67,0.2602,16.97,65.1,19.56,95.32,6.194,175.94,0.5945,0.02387,0.007467,2.403,1.538,2.49,1.449,3.856,165.58,13.56,0.8087,1.581,0.6291,2.455,422.33,1.034,51.03,0.7628,10.8,2.434e-05,0.2186,2.973,1.266,2.318,0.2038,9.317,0.6135,8.482
2022-04-09T22:02:26,42565.09,3238.95,110.64,0.2606,16.97,65,19.56,95.28,6.194,175.71,0.5946,0.02387,0.007467,2.403,1.538,2.49,1.449,3.86,165.61,13.56,0.8087,1.581,0.6291,2.455,422.38,1.034,51.03,0.7627,10.8,2.433e-05,0.2186,2.972,1.266,2.318,0.2039,9.317,0.6155,8.482
2022-04-09T22:02:56,42563.49,3238.91,110.64,0.2606,16.97,65.1,19.56,95.26,6.194,175.53,0.5946,0.02387,0.007467,2.403,1.538,2.49,1.45,3.862,165.58,13.57,0.8103,1.581,0.6291,2.455,422.39,1.034,51.03,0.7627,10.8,2.432e-05,0.2186,2.97,1.264,2.317,0.2039,9.303,0.6184,8.483
2022-04-09T22:03:26,42562.57,3238.63,110.62,0.2604,16.97,65.1,19.55,95.24,6.195,175.61,0.5946,0.02387,0.007467,2.403,1.538,2.49,1.45,3.862,165.54,13.57,0.8103,1.581,0.6291,2.455,422.28,1.034,51.03,0.7627,10.8,2.431e-05,0.2186,2.97,1.264,2.316,0.2038,9.303,0.6178,8.484
2022-04-09T22:03:56,42562.54,3238.76,110.55,0.2605,16.97,65,19.55,95.23,6.189,175.52,0.5946,0.02386,0.007467,2.403,1.539,2.49,1.45,3.86,165.52,13.57,0.8103,1.581,0.6291,2.454,422.33,1.034,51.03,0.7627,10.8,2.43e-05,0.2186,2.97,1.265,2.316,0.2038,9.302,0.616,8.486
2022-04-09T22:04:26,42563.05,3238.99,110.52,0.2604,16.77,65,19.56,95.29,6.187,175.53,0.5946,0.02387,0.007467,2.403,1.542,2.49,1.45,3.862,165.55,13.57,0.8103,1.581,0.6291,2.454,422.29,1.034,51.03,0.7627,10.8,2.431e-05,0.2186,2.971,1.265,2.316,0.2038,9.3,0.6154,8.481
2022-04-09T22:04:56,42562.96,3239.82,110.52,0.2605,16.77,65.1,19.57,95.44,6.187,175.5,0.5946,0.02387,0.007467,2.403,1.542,2.49,1.449,3.862,165.56,13.57,0.8069,1.581,0.6291,2.454,422.47,1.034,51.04,0.7627,10.8,2.43e-05,0.2186,2.972,1.266,2.316,0.2038,9.3,0.616,8.479
2022-04-09T22:05:26,42561.82,3240.25,110.55,0.2605,16.77,65,19.57,95.43,6.194,175.44,0.5946,0.02386,0.007467,2.403,1.541,2.49,1.45,3.862,165.53,13.57,0.8069,1.581,0.5929,2.454,422.53,1.034,51.07,0.7628,10.8,2.43e-05,0.2186,2.972,1.266,2.316,0.2038,9.3,0.6165,8.48
2022-04-09T22:05:56,42583.6,3239.89,110.76,0.2605,16.77,65,19.57,95.39,6.194,175.47,0.5904,0.02386,0.007467,2.403,1.542,2.49,1.45,3.866,165.63,13.57,0.8069,1.581,0.5929,2.457,422.54,1.034,51.09,0.763,10.8,2.433e-05,0.2186,2.974,1.267,2.317,0.2039,9.301,0.6158,8.481
2022-04-09T22:06:26,42582.29,3241.9,110.75,0.2607,16.77,65.1,19.57,95.46,6.193,175.48,0.5929,0.02389,0.007467,2.403,1.543,2.49,1.451,3.867,165.64,13.57,0.8068,1.581,0.5929,2.456,422.75,1.034,51.1,0.763,10.8,2.433e-05,0.2186,2.974,1.267,2.317,0.2039,9.309,0.6155,8.482
2022-04-09T22:06:56,42567.56,3241.38,110.57,0.2607,16.77,65.1,19.55,95.42,6.191,175.42,0.5928,0.02389,0.007467,2.403,1.543,2.49,1.451,3.867,165.63,13.57,0.8068,1.581,0.5929,2.458,422.89,1.034,51.08,0.7623,10.8,2.431e-05,0.2186,2.974,1.267,2.316,0.2038,9.31,0.6177,8.484
2022-04-09T22:07:26,42589.01,3242.06,110.6,0.2608,16.74,65,19.56,95.43,6.205,175.52,0.5949,0.02389,0.007456,2.403,1.543,2.49,1.451,3.868,165.7,13.57,0.8068,1.581,0.5929,2.458,422.98,1.033,51.1,0.7618,10.8,2.433e-05,0.2186,2.975,1.267,2.317,0.2039,9.319,0.6208,8.48
2022-04-09T22:07:56,42593.48,3242.41,110.69,0.2608,16.73,65,19.55,95.45,6.21,175.55,0.5919,0.02388,0.007456,2.403,1.544,2.49,1.451,3.868,165.7,13.53,0.8068,1.581,0.5929,2.458,423,1.034,51.12,0.7617,10.8,2.434e-05,0.2186,2.975,1.268,2.318,0.2039,9.319,0.6232,8.485
2022-04-09T22:08:26,42593.18,3243.05,110.63,0.2611,16.73,65,19.55,95.41,6.205,175.55,0.5919,0.02388,0.007456,2.403,1.544,2.49,1.451,3.868,165.33,13.53,0.8068,1.58,0.5929,2.458,423.03,1.034,51.12,0.7617,10.8,2.435e-05,0.2186,2.975,1.267,2.318,0.2039,9.325,0.6241,8.487
2022-04-09T22:08:56,42593.23,3243,110.63,0.2611,16.73,65.1,19.55,95.42,6.203,175.55,0.5919,0.02388,0.007456,2.403,1.544,2.49,1.451,3.868,165.26,13.53,0.8068,1.58,0.5929,2.458,423.05,1.034,51.12,0.7617,10.8,2.434e-05,0.2186,2.975,1.267,2.317,0.2039,9.318,0.6221,8.487
2022-04-09T22:09:26,42590.25,3242.73,110.62,0.2609,16.73,65.1,19.55,95.4,6.204,175.55,0.5919,0.02388,0.007456,2.403,1.544,2.49,1.45,3.869,165.27,13.53,0.8084,1.58,0.5929,2.458,422.99,1.033,51.12,0.7615,10.8,2.432e-05,0.2186,2.974,1.265,2.317,0.2039,9.319,0.622,8.497
2022-04-09T22:09:56,42586.84,3242.15,110.62,0.2608,16.73,65.1,19.55,95.37,6.209,175.54,0.5919,0.02388,0.007456,2.403,1.543,2.49,1.451,3.869,165.3,13.53,0.8084,1.58,0.5929,2.458,422.97,1.033,51.13,0.7614,10.81,2.432e-05,0.2186,2.974,1.265,2.317,0.2038,9.313,0.6217,8.503
2022-04-09T22:10:26,42595.93,3242.96,110.63,0.261,16.73,65.1,19.56,95.37,6.208,175.52,0.5945,0.02389,0.007456,2.403,1.543,2.49,1.451,3.869,165.3,13.53,0.8084,1.581,0.5929,2.459,422.82,1.034,51.14,0.7614,10.81,2.434e-05,0.2186,2.975,1.265,2.317,0.2039,9.319,0.62,8.505
2022-04-09T22:10:56,42598.38,3243.38,110.66,0.261,16.73,65.1,19.55,95.34,6.208,175.48,0.5945,0.02388,0.007456,2.403,1.544,2.49,1.451,3.872,165.32,13.55,0.8084,1.581,0.5929,2.459,422.88,1.034,51.13,0.7617,10.81,2.435e-05,0.2186,2.975,1.266,2.317,0.2039,9.328,0.6198,8.507
2022-04-09T22:11:26,42592.63,3241.76,110.63,0.2609,16.73,65.1,19.56,95.32,6.203,175.5,0.5949,0.02387,0.007456,2.403,1.545,2.49,1.451,3.869,165.34,13.55,0.8084,1.58,0.5929,2.46,422.83,1.034,51.13,0.7615,10.81,2.433e-05,0.2186,2.975,1.266,2.316,0.2039,9.316,0.6178,8.503
2022-04-09T22:11:56,42593.06,3241.74,110.61,0.2608,16.73,65,19.56,95.3,6.208,175.5,0.5953,0.02388,0.007456,2.403,1.545,2.49,1.451,3.87,165.32,13.55,0.8076,1.581,0.5929,2.459,422.68,1.034,51.13,0.7614,10.81,2.433e-05,0.2186,2.975,1.266,2.316,0.2039,9.315,0.6188,8.504
2022-04-09T22:12:26,42592.99,3241.58,110.61,0.2608,16.73,65,19.56,95.25,6.208,175.5,0.5957,0.02388,0.007456,2.403,1.546,2.49,1.451,3.869,165.28,13.55,0.8076,1.581,0.5929,2.459,422.68,1.034,51.13,0.7614,10.81,2.433e-05,0.2186,2.975,1.265,2.316,0.2039,9.307,0.6178,8.506
2022-04-09T22:12:56,42592.16,3241.42,110.61,0.2609,16.73,65,19.56,95.23,6.201,175.43,0.5957,0.02388,0.007456,2.403,1.546,2.49,1.45,3.869,165.3,13.55,0.8103,1.581,0.5929,2.459,422.69,1.034,51.13,0.7616,10.81,2.433e-05,0.2186,2.975,1.265,2.315,0.2039,9.303,0.6163,8.509
2022-04-09T22:13:26,42557.81,3238.9,110.42,0.2609,16.73,65,19.55,95.21,6.2,175.38,0.5957,0.0239,0.007456,2.403,1.546,2.49,1.449,3.869,165.24,13.55,0.8103,1.581,0.5929,2.457,422.4,1.033,51.11,0.7613,10.81,2.431e-05,0.2186,2.972,1.265,2.314,0.2039,9.295,0.6146,8.505
2022-04-09T22:13:56,42559.17,3239.14,110.47,0.2606,16.73,65,19.55,95.18,6.198,175.31,0.5957,0.02389,0.007456,2.403,1.547,2.49,1.45,3.867,165.23,13.51,0.8103,1.581,0.5929,2.457,422.23,1.033,51.1,0.7612,10.81,2.43e-05,0.2186,2.971,1.264,2.314,0.2039,9.279,0.6145,8.506
2022-04-09T22:14:26,42559.72,3238.94,110.46,0.2599,16.73,65,19.55,95.16,6.197,175.29,0.5957,0.02391,0.007456,2.403,1.546,2.49,1.449,3.865,165.21,13.51,0.8103,1.581,0.5929,2.457,422.19,1.033,51.09,0.7612,10.81,2.429e-05,0.2186,2.971,1.264,2.313,0.2039,9.275,0.6143,8.507
2022-04-09T22:14:56,42561.57,3239.47,110.49,0.26,16.73,65,19.56,95.14,6.197,175.34,0.5957,0.02389,0.007443,2.403,1.547,2.49,1.45,3.864,165.12,13.51,0.8103,1.581,0.5929,2.457,422.07,1.033,51.08,0.7613,10.81,2.429e-05,0.2186,2.971,1.264,2.314,0.2037,9.272,0.6142,8.504
2022-04-09T22:15:26,42569.89,3239.06,110.59,0.2602,16.73,65,19.56,95.17,6.207,175.34,0.5953,0.02388,0.007435,2.403,1.547,2.49,1.449,3.864,165.15,13.51,0.8103,1.581,0.5929,2.457,421.97,1.033,51.08,0.7614,10.81,2.429e-05,0.2186,2.97,1.264,2.314,0.2038,9.296,0.6155,8.506
2022-04-09T22:15:56,42583.88,3240.62,110.61,0.2604,16.92,65,19.56,95.16,6.202,175.4,0.5959,0.02388,0.007435,2.403,1.547,2.49,1.45,3.861,165.19,13.51,0.809,1.581,0.5929,2.458,422.12,1.033,51.12,0.7614,10.81,2.431e-05,0.2186,2.972,1.264,2.314,0.2038,9.295,0.6155,8.512
2022-04-09T22:16:26,42595.92,3242.29,110.77,0.2606,16.92,65,19.57,95.18,6.201,175.39,0.5959,0.02388,0.007435,2.403,1.546,2.49,1.451,3.861,165.26,13.51,0.809,1.581,0.5929,2.46,422.07,1.034,51.13,0.7618,10.8,2.433e-05,0.2186,2.973,1.265,2.316,0.2039,9.305,0.6153,8.51
2022-04-09T22:16:56,42597.74,3243.27,110.74,0.2607,16.92,65,19.58,95.16,6.203,175.53,0.5959,0.02389,0.007435,2.403,1.547,2.49,1.452,3.861,165.28,13.51,0.809,1.581,0.5929,2.459,422.26,1.034,51.15,0.7618,10.8,2.433e-05,0.2186,2.975,1.266,2.317,0.2039,9.316,0.612,8.511
2022-04-09T22:17:26,42600.86,3243.68,110.74,0.2608,16.92,65,19.6,95.16,6.202,175.6,0.5959,0.02389,0.007435,2.403,1.547,2.49,1.452,3.861,165.25,13.51,0.809,1.581,0.5929,2.459,422.32,1.035,51.2,0.7618,10.82,2.434e-05,0.2195,2.975,1.266,2.316,0.2039,9.316,0.6108,8.511
2022-04-09T22:17:56,42597.8,3243.35,110.69,0.2608,16.92,65,19.6,95.14,6.201,175.57,0.5959,0.02393,0.007435,2.403,1.547,2.49,1.452,3.86,165.26,13.51,0.809,1.581,0.5929,2.458,422.61,1.034,51.21,0.7618,10.82,2.434e-05,0.2195,2.975,1.266,2.316,0.2039,9.317,0.6106,8.512
2022-04-09T22:18:26,42595.54,3243.34,110.72,0.2608,16.92,65,19.6,95.14,6.199,175.58,0.5968,0.02393,0.007435,2.403,1.547,2.49,1.452,3.853,165.26,13.51,0.8092,1.581,0.5929,2.458,422.6,1.034,51.21,0.7619,10.82,2.435e-05,0.2195,2.975,1.267,2.316,0.2039,9.325,0.6102,8.515
2022-04-09T22:18:56,42593.5,3243.6,110.73,0.2608,16.91,65,19.59,95.15,6.2,175.6,0.5968,0.02392,0.007435,2.403,1.547,2.49,1.451,3.854,165.25,13.51,0.8092,1.581,0.5929,2.458,422.58,1.034,51.22,0.7619,10.83,2.436e-05,0.2195,2.975,1.267,2.316,0.204,9.319,0.6097,8.512
2022-04-09T22:19:26,42598.24,3244.05,110.74,0.2608,16.91,64.9,19.6,95.13,6.203,175.63,0.5968,0.02392,0.007435,2.403,1.547,2.49,1.451,3.86,165.28,13.51,0.8092,1.581,0.5929,2.458,422.63,1.035,51.22,0.762,10.83,2.436e-05,0.2195,2.975,1.267,2.316,0.2039,9.32,0.6089,8.511
2022-04-09T22:19:56,42599.6,3244.64,110.85,0.2611,16.91,65,19.6,95.12,6.206,175.6,0.5968,0.02391,0.00745,2.403,1.547,2.49,1.452,3.857,165.27,13.51,0.8088,1.58,0.5929,2.458,422.86,1.034,51.21,0.762,10.83,2.437e-05,0.2195,2.974,1.267,2.316,0.204,9.313,0.6091,8.512
2022-04-09T22:20:26,42597.28,3244.71,110.85,0.2613,16.91,65,19.61,95.11,6.203,175.62,0.5968,0.02392,0.00745,2.403,1.547,2.49,1.451,3.86,165.29,13.51,0.8088,1.58,0.5929,2.459,422.89,1.035,51.21,0.7619,10.83,2.436e-05,0.2202,2.975,1.267,2.317,0.204,9.31,0.6093,8.516
2022-04-09T22:20:56,42598.15,3244.58,110.89,0.2613,16.91,65,19.61,95.07,6.203,175.61,0.5968,0.02392,0.00745,2.403,1.547,2.49,1.451,3.86,165.3,13.52,0.8088,1.581,0.5929,2.459,422.88,1.034,51.22,0.7618,10.83,2.438e-05,0.2205,2.975,1.267,2.318,0.204,9.308,0.6093,8.526
2022-04-09T22:21:26,42602.56,3244.73,110.87,0.2614,16.91,65,19.62,95,6.203,175.63,0.5973,0.02392,0.00745,2.403,1.547,2.49,1.451,3.86,165.27,13.52,0.8088,1.581,0.5929,2.458,423.01,1.034,51.23,0.762,10.83,2.437e-05,0.2204,2.975,1.267,2.318,0.204,9.316,0.6093,8.522
2022-04-09T22:21:56,42604.44,3245.35,110.88,0.2614,16.89,65,19.63,95.01,6.203,175.67,0.5968,0.02392,0.00745,2.403,1.547,2.49,1.452,3.859,165.31,13.52,0.8088,1.581,0.5929,2.458,423.04,1.034,51.23,0.7622,10.83,2.438e-05,0.2205,2.975,1.268,2.318,0.204,9.319,0.6093,8.525
2022-04-09T22:22:26,42603.09,3246.71,110.9,0.2613,16.89,65.1,19.63,95.1,6.205,175.71,0.5968,0.02394,0.00745,2.403,1.547,2.49,1.453,3.86,165.35,13.52,0.8088,1.581,0.5929,2.458,423.16,1.036,51.23,0.7622,10.83,2.439e-05,0.2205,2.975,1.268,2.318,0.2041,9.342,0.6069,8.519
2022-04-09T22:22:56,42609.76,3248.36,110.99,0.2613,16.85,65.1,19.63,95.08,6.205,175.78,0.5968,0.02394,0.007454,2.403,1.547,2.49,1.453,3.862,165.39,13.52,0.8082,1.581,0.5929,2.459,423.27,1.036,51.23,0.7624,10.83,2.44e-05,0.2209,2.977,1.269,2.319,0.2039,9.343,0.6062,8.521
2022-04-09T22:23:26,42612.8,3248.75,111,0.2616,16.85,65.2,19.63,95.06,6.206,175.89,0.5968,0.02394,0.007461,2.403,1.547,2.49,1.454,3.862,165.5,13.52,0.8082,1.58,0.5929,2.46,423.36,1.036,51.23,0.7625,10.83,2.441e-05,0.2208,2.978,1.269,2.319,0.204,9.345,0.6066,8.523
2022-04-09T22:23:56,42613.49,3248.39,110.94,0.2617,16.85,65.2,19.63,95.06,6.206,176,0.5968,0.02395,0.007461,2.403,1.547,2.49,1.453,3.865,165.51,13.52,0.8082,1.58,0.5929,2.46,423.48,1.035,51.25,0.7623,10.83,2.441e-05,0.2208,2.978,1.268,2.319,0.204,9.334,0.608,8.519
2022-04-09T22:24:26,42608.34,3248.09,110.92,0.2615,16.85,65,19.63,95.02,6.206,175.99,0.5974,0.02396,0.007461,2.403,1.548,2.49,1.454,3.865,165.47,13.52,0.8103,1.581,0.5929,2.46,423.56,1.036,51.23,0.7625,10.83,2.44e-05,0.2208,2.978,1.269,2.319,0.2041,9.326,0.608,8.523
2022-04-09T22:24:56,42604.59,3247.5,110.85,0.2613,16.85,65,19.63,95.03,6.206,176.03,0.5973,0.02397,0.007461,2.403,1.548,2.49,1.453,3.867,165.46,13.52,0.8103,1.581,0.5929,2.46,423.49,1.035,51.21,0.7623,10.83,2.439e-05,0.2208,2.978,1.269,2.319,0.204,9.333,0.609,8.524
2022-04-09T22:25:26,42605.7,3246.92,110.86,0.2614,16.87,65,19.64,95.03,6.206,176,0.5955,0.02397,0.007461,2.403,1.547,2.49,1.454,3.866,165.43,13.53,0.8103,1.581,0.5929,2.46,423.47,1.035,51.2,0.7623,10.83,2.439e-05,0.2208,2.978,1.268,2.319,0.2039,9.34,0.6086,8.522
2022-04-09T22:25:56,42603.64,3246.75,110.91,0.2614,16.87,65.1,19.64,95.01,6.206,176.03,0.5971,0.02398,0.007461,2.403,1.547,2.49,1.454,3.865,165.43,13.53,0.8103,1.581,0.5929,2.459,423.56,1.034,51.19,0.7623,10.83,2.439e-05,0.2208,2.977,1.268,2.319,0.2039,9.341,0.6086,8.521
2022-04-09T22:26:26,42602.7,3245.61,110.92,0.2614,16.87,65.1,19.64,95.05,6.205,176.03,0.5971,0.02398,0.007461,2.403,1.547,2.49,1.453,3.865,165.44,13.53,0.8084,1.581,0.5929,2.46,423.47,1.035,51.18,0.7623,10.83,2.44e-05,0.2208,2.978,1.269,2.319,0.2039,9.337,0.6083,8.534
2022-04-09T22:26:56,42607.38,3246.01,110.96,0.2612,16.87,65.1,19.64,95.03,6.204,176.08,0.5973,0.02398,0.007461,2.403,1.547,2.49,1.454,3.865,165.43,13.53,0.8084,1.58,0.5929,2.46,423.52,1.035,51.19,0.7623,10.84,2.441e-05,0.2208,2.98,1.269,2.32,0.2038,9.337,0.6083,8.535
2022-04-09T22:27:26,42615.54,3246.94,110.96,0.2613,16.87,65.1,19.64,95.01,6.205,176.14,0.5973,0.02397,0.007461,2.403,1.547,2.49,1.454,3.866,165.45,13.53,0.8084,1.58,0.5929,2.46,423.61,1.035,51.18,0.7624,10.85,2.442e-05,0.2208,2.981,1.269,2.32,0.2038,9.337,0.6082,8.541
2022-04-09T22:27:56,42615.24,3247.06,111,0.2613,16.91,65.1,19.66,95.02,6.205,176.32,0.5973,0.02399,0.007461,2.403,1.547,2.49,1.454,3.866,165.47,13.53,0.8081,1.58,0.5929,2.46,423.76,1.035,51.18,0.7624,10.85,2.442e-05,0.2208,2.98,1.27,2.321,0.2039,9.341,0.6112,8.54
2022-04-09T22:28:26,42616.37,3247.06,110.99,0.2613,16.91,65,19.66,95,6.208,176.43,0.5973,0.02399,0.007451,2.403,1.547,2.49,1.454,3.866,165.5,13.53,0.8081,1.581,0.5929,2.459,423.77,1.036,51.19,0.7623,10.85,2.442e-05,0.2208,2.981,1.27,2.321,0.2038,9.347,0.6105,8.546
2022-04-09T22:28:56,42595.17,3245.97,110.82,0.2609,16.91,65.1,19.64,94.97,6.205,176.39,0.5973,0.02399,0.00746,2.399,1.547,2.49,1.453,3.87,165.42,13.53,0.8103,1.578,0.5929,2.459,423.82,1.035,51.2,0.7623,10.85,2.441e-05,0.2208,2.98,1.27,2.321,0.2038,9.333,0.6108,8.542
2022-04-09T22:29:26,42575.96,3244.94,110.67,0.2609,16.91,65,19.63,94.93,6.205,176.26,0.5971,0.02397,0.007442,2.399,1.543,2.49,1.452,3.87,165.32,13.53,0.8103,1.579,0.5929,2.457,423.59,1.034,51.2,0.762,10.85,2.439e-05,0.2203,2.978,1.269,2.319,0.2037,9.325,0.6111,8.545
2022-04-09T22:29:56,42575.98,3244.7,110.65,0.2609,16.91,65,19.62,94.94,6.207,176.15,0.5971,0.02393,0.007442,2.399,1.544,2.49,1.452,3.871,165.3,13.53,0.8091,1.579,0.5929,2.457,423.44,1.035,51.19,0.762,10.85,2.439e-05,0.2205,2.977,1.268,2.318,0.2037,9.327,0.6119,8.537
2022-04-09T22:30:26,42583.04,3244.2,110.75,0.261,16.91,65,19.62,94.96,6.212,176.22,0.5971,0.02394,0.007451,2.399,1.544,2.49,1.453,3.871,165.37,13.53,0.8091,1.579,0.5929,2.457,423.4,1.035,51.21,0.7621,10.85,2.44e-05,0.2205,2.977,1.268,2.319,0.2036,9.328,0.6148,8.536
2022-04-09T22:30:56,42582.56,3244.25,110.79,0.2611,16.91,65,19.63,95.02,6.211,176.27,0.5971,0.02395,0.007441,2.399,1.545,2.49,1.452,3.877,165.39,13.53,0.8091,1.577,0.5929,2.457,423.3,1.035,51.21,0.762,10.85,2.44e-05,0.2207,2.979,1.269,2.319,0.2036,9.33,0.6138,8.535
2022-04-09T22:31:26,42588.94,3245.61,110.86,0.2612,16.91,65,19.64,95.05,6.21,176.32,0.5971,0.02395,0.007441,2.399,1.545,2.49,1.453,3.877,165.46,13.53,0.8088,1.577,0.5929,2.459,423.5,1.036,51.22,0.762,10.85,2.441e-05,0.2207,2.982,1.27,2.32,0.2037,9.335,0.6123,8.534
2022-04-09T22:31:56,42584.28,3245.78,110.83,0.2611,16.91,65,19.64,95.07,6.209,176.29,0.5971,0.02395,0.007441,2.399,1.545,2.49,1.453,3.877,165.48,13.53,0.8088,1.577,0.5929,2.459,423.65,1.036,51.22,0.7619,10.86,2.442e-05,0.2207,2.982,1.27,2.321,0.2037,9.326,0.6127,8.536
2022-04-09T22:32:26,42592.4,3246.9,110.89,0.2611,16.91,65.1,19.64,95.15,6.209,176.39,0.5971,0.02396,0.007441,2.399,1.546,2.49,1.453,3.879,165.49,13.53,0.8088,1.581,0.5929,2.458,423.65,1.036,51.24,0.7617,10.86,2.443e-05,0.2207,2.981,1.27,2.321,0.2037,9.309,0.6109,8.535
2022-04-09T22:32:56,42589.45,3246.71,110.86,0.2608,16.91,65.1,19.65,95.11,6.209,176.39,0.5967,0.02396,0.007441,2.399,1.545,2.49,1.453,3.879,165.47,13.53,0.8088,1.579,0.5929,2.458,423.57,1.036,51.23,0.7617,10.85,2.443e-05,0.2207,2.981,1.27,2.321,0.2037,9.309,0.6101,8.536
2022-04-09T22:33:26,42589.67,3246.74,110.87,0.2607,16.96,65.1,19.65,95.12,6.208,176.36,0.5969,0.02396,0.007452,2.399,1.544,2.49,1.452,3.884,165.51,13.55,0.8088,1.579,0.5929,2.458,423.52,1.036,51.24,0.7617,10.85,2.445e-05,0.2207,2.98,1.27,2.321,0.2036,9.304,0.6086,8.536
2022-04-09T22:33:56,42590.04,3246.79,110.84,0.2607,16.91,65.1,19.65,95.11,6.207,176.28,0.5969,0.02396,0.007452,2.399,1.544,2.49,1.453,3.881,165.51,13.55,0.8088,1.581,0.5929,2.458,423.52,1.036,51.25,0.7616,10.85,2.445e-05,0.2207,2.98,1.27,2.321,0.2037,9.298,0.6085,8.539
2022-04-09T22:34:26,42589.58,3246.69,110.79,0.2607,16.91,65.1,19.65,95.11,6.207,176.38,0.5969,0.02397,0.007452,2.399,1.544,2.49,1.453,3.883,165.5,13.55,0.8088,1.577,0.5929,2.458,423.56,1.035,51.26,0.7615,10.85,2.443e-05,0.2207,2.981,1.27,2.321,0.2037,9.289,0.6085,8.537
2022-04-09T22:34:56,42590.62,3246.91,110.8,0.2605,16.91,65.1,19.66,95.12,6.209,176.37,0.5969,0.02397,0.007449,2.399,1.545,2.49,1.452,3.889,165.49,13.55,0.8089,1.577,0.5929,2.458,423.63,1.036,51.26,0.7614,10.85,2.443e-05,0.2207,2.982,1.27,2.322,0.2036,9.293,0.6087,8.53
2022-04-09T22:35:26,42580.62,3246.59,110.88,0.2606,16.91,65.1,19.66,95.15,6.208,176.4,0.5969,0.02395,0.007433,2.399,1.544,2.49,1.453,3.883,165.49,13.55,0.8089,1.578,0.5929,2.458,423.64,1.035,51.26,0.7615,10.85,2.442e-05,0.2207,2.984,1.27,2.321,0.2036,9.287,0.6104,8.529
2022-04-09T22:35:56,42585.57,3246.84,110.93,0.2604,16.91,65.1,19.66,95.22,6.211,176.35,0.5969,0.02395,0.007433,2.399,1.545,2.49,1.454,3.883,165.51,13.55,0.8089,1.578,0.5929,2.458,423.71,1.036,51.26,0.7615,10.85,2.442e-05,0.2207,2.983,1.27,2.321,0.2036,9.282,0.6102,8.531
2022-04-09T22:36:26,42587.8,3247.96,110.98,0.2605,16.91,65.1,19.66,95.25,6.213,176.26,0.5969,0.02397,0.007436,2.399,1.546,2.49,1.454,3.889,165.52,13.55,0.8089,1.577,0.5929,2.458,423.62,1.036,51.25,0.7615,10.85,2.441e-05,0.2207,2.985,1.27,2.321,0.2036,9.284,0.612,8.531
2022-04-09T22:36:56,42600.34,3249.21,111.04,0.2608,16.91,65.1,19.67,95.26,6.21,176.33,0.5953,0.02396,0.007436,2.399,1.547,2.49,1.454,3.893,165.53,13.55,0.8089,1.577,0.5929,2.459,423.66,1.035,51.26,0.7615,10.85,2.442e-05,0.2207,2.986,1.27,2.322,0.2037,9.285,0.612,8.528
2022-04-09T22:37:26,42588.37,3249.35,111.01,0.2609,16.91,65.1,19.67,95.36,6.21,176.34,0.5948,0.02396,0.007436,2.401,1.547,2.49,1.455,3.891,165.5,13.55,0.8093,1.577,0.5929,2.458,423.73,1.035,51.27,0.7616,10.85,2.442e-05,0.2207,2.986,1.271,2.323,0.2037,9.283,0.6096,8.531
2022-04-09T22:37:56,42581.65,3248.96,111,0.2607,16.91,65.1,19.66,95.35,6.211,176.3,0.5935,0.02396,0.007436,2.401,1.547,2.49,1.454,3.891,165.49,13.55,0.8093,1.579,0.5929,2.456,423.69,1.036,51.26,0.7615,10.85,2.442e-05,0.2207,2.986,1.27,2.322,0.2037,9.28,0.6097,8.529
2022-04-09T22:38:26,42580.09,3247.11,111,0.2606,16.91,65.1,19.67,95.34,6.211,176.25,0.5935,0.02395,0.007436,2.401,1.547,2.49,1.454,3.898,165.47,13.55,0.8093,1.579,0.5929,2.455,423.53,1.036,51.27,0.7613,10.85,2.44e-05,0.2207,2.983,1.269,2.321,0.2036,9.267,0.6096,8.531
2022-04-09T22:38:56,42577.9,3248.88,110.99,0.2605,16.91,65,19.66,95.35,6.211,176.25,0.5932,0.02395,0.007427,2.401,1.547,2.49,1.454,3.893,165.45,13.55,0.8093,1.579,0.5929,2.455,423.61,1.035,51.26,0.7612,10.85,2.441e-05,0.2207,2.983,1.269,2.32,0.2035,9.269,0.609,8.531
2022-04-09T22:39:26,42580.82,3249.17,111.03,0.2608,16.92,65.1,19.66,95.34,6.213,176.28,0.5934,0.02396,0.007427,2.401,1.547,2.49,1.455,3.893,165.46,13.51,0.8093,1.579,0.5929,2.452,423.71,1.036,51.29,0.7612,10.85,2.441e-05,0.2207,2.985,1.27,2.321,0.2036,9.277,0.6098,8.535
2022-04-09T22:39:56,42581.33,3249.56,111.15,0.2608,16.92,65.1,19.66,95.35,6.213,176.32,0.5934,0.02396,0.007427,2.401,1.547,2.49,1.454,3.893,165.47,13.51,0.8093,1.579,0.5929,2.452,423.72,1.035,51.31,0.7614,10.85,2.441e-05,0.2207,2.986,1.27,2.321,0.2036,9.275,0.6108,8.531
2022-04-09T22:40:26,42583.14,3249.7,111.25,0.2607,16.92,65.1,19.66,95.37,6.21,176.23,0.5933,0.02396,0.007427,2.401,1.547,2.49,1.456,3.893,165.49,13.51,0.8093,1.579,0.5929,2.454,423.88,1.036,51.32,0.7615,10.85,2.442e-05,0.2207,2.986,1.27,2.322,0.2036,9.278,0.6101,8.542
2022-04-09T22:40:56,42582.73,3250.19,111.31,0.2606,16.92,65.1,19.66,95.36,6.212,176.27,0.5933,0.02396,0.007427,2.401,1.547,2.49,1.456,3.89,165.48,13.51,0.8103,1.579,0.5929,2.454,423.9,1.035,51.33,0.7615,10.85,2.442e-05,0.2207,2.984,1.269,2.322,0.2036,9.278,0.6096,8.541
2022-04-09T22:41:26,42560.69,3249.58,111.18,0.2605,16.92,65.1,19.65,95.28,6.21,176.22,0.5933,0.02395,0.007427,2.401,1.547,2.49,1.455,3.889,165.41,13.51,0.8103,1.574,0.5929,2.452,423.82,1.036,51.31,0.7613,10.85,2.441e-05,0.2207,2.982,1.268,2.32,0.2035,9.272,0.6073,8.545
2022-04-09T22:41:56,42544.52,3247.69,111.08,0.2604,16.92,65.1,19.63,95.21,6.211,176.16,0.5932,0.02394,0.007427,2.401,1.547,2.49,1.454,3.886,165.34,13.51,0.8103,1.573,0.5929,2.45,423.73,1.035,51.29,0.761,10.85,2.44e-05,0.2207,2.98,1.268,2.319,0.2034,9.248,0.6059,8.545
2022-04-09T22:42:26,42534.87,3247.93,110.94,0.2603,16.91,65,19.62,95.16,6.213,176.11,0.5933,0.02393,0.007427,2.401,1.547,2.49,1.453,3.883,165.34,13.48,0.8103,1.573,0.5929,2.444,423.58,1.035,51.26,0.7607,10.85,2.439e-05,0.2207,2.977,1.266,2.316,0.2033,9.247,0.605,8.542
2022-04-09T22:42:56,42540.48,3248.11,110.92,0.2604,16.91,65,19.62,95.2,6.213,176,0.592,0.02393,0.007427,2.401,1.547,2.49,1.453,3.883,165.32,13.48,0.8081,1.572,0.5929,2.444,423.47,1.035,51.27,0.7605,10.85,2.438e-05,0.2207,2.978,1.266,2.316,0.2033,9.248,0.606,8.541
2022-04-09T22:43:26,42544.09,3248.52,110.89,0.2605,16.95,65,19.61,95.22,6.208,176.01,0.5929,0.02394,0.007426,2.401,1.547,2.49,1.454,3.883,165.33,13.5,0.8103,1.572,0.5929,2.445,423.5,1.035,51.25,0.7605,10.85,2.438e-05,0.2207,2.979,1.265,2.316,0.2032,9.243,0.6052,8.541
2022-04-09T22:43:56,42541.09,3248.31,110.84,0.2605,16.95,65,19.61,95.2,6.207,176.02,0.5929,0.02394,0.007426,2.401,1.541,2.49,1.454,3.883,165.34,13.5,0.8103,1.57,0.5929,2.445,423.45,1.034,51.25,0.7604,10.85,2.438e-05,0.2207,2.979,1.265,2.316,0.2032,9.249,0.607,8.545
2022-04-09T22:44:26,42536.89,3248.16,110.84,0.2606,16.95,65.1,19.62,95.2,6.209,175.99,0.5929,0.02394,0.007415,2.401,1.538,2.49,1.453,3.881,165.33,13.5,0.813,1.57,0.5929,2.448,423.44,1.035,51.25,0.7604,10.85,2.438e-05,0.2207,2.979,1.266,2.316,0.2032,9.244,0.607,8.543
2022-04-09T22:44:56,42538.66,3248.38,110.91,0.2607,16.95,65.1,19.62,95.21,6.207,176.08,0.5929,0.02394,0.007407,2.401,1.539,2.49,1.453,3.89,165.35,13.5,0.813,1.568,0.5929,2.448,423.49,1.035,51.27,0.7604,10.85,2.438e-05,0.2207,2.979,1.266,2.317,0.2031,9.247,0.6067,8.544
2022-04-09T22:45:26,42534.11,3248.59,110.91,0.2607,16.95,65.1,19.63,95.25,6.208,176.02,0.5929,0.02393,0.007415,2.401,1.538,2.49,1.454,3.884,165.37,13.5,0.813,1.571,0.5929,2.45,423.53,1.035,51.28,0.7603,10.85,2.44e-05,0.2207,2.979,1.267,2.317,0.2032,9.248,0.6056,8.54
2022-04-09T22:45:56,42533.67,3248.7,110.9,0.2607,16.95,65.1,19.62,95.21,6.208,176.07,0.5929,0.02389,0.007415,2.401,1.537,2.49,1.454,3.884,165.4,13.5,0.813,1.571,0.5929,2.45,423.49,1.035,51.26,0.7604,10.85,2.441e-05,0.2207,2.979,1.267,2.318,0.2032,9.254,0.605,8.54
2022-04-09T22:46:26,42531.62,3248.7,110.94,0.2608,16.92,65.1,19.62,95.2,6.207,176.1,0.593,0.0239,0.007407,2.401,1.537,2.49,1.454,3.884,165.4,13.51,0.813,1.571,0.5929,2.451,423.34,1.036,51.26,0.7604,10.84,2.441e-05,0.2207,2.979,1.267,2.317,0.2032,9.251,0.6035,8.548
2022-04-09T22:46:56,42520.4,3246.83,110.81,0.2607,16.92,65.1,19.62,95.17,6.206,175.93,0.593,0.0239,0.007415,2.397,1.537,2.49,1.453,3.884,165.4,13.51,0.813,1.571,0.5929,2.45,423.21,1.036,51.25,0.7601,10.84,2.44e-05,0.2202,2.978,1.267,2.315,0.2032,9.25,0.603,8.54
2022-04-09T22:47:26,42525.86,3247.49,110.84,0.2606,16.92,65.1,19.62,95.18,6.208,176.06,0.5929,0.02392,0.007415,2.388,1.538,2.49,1.453,3.884,165.44,13.51,0.813,1.571,0.5929,2.45,423.09,1.035,51.25,0.7598,10.83,2.44e-05,0.22,2.977,1.266,2.315,0.2032,9.251,0.6029,8.54
2022-04-09T22:47:56,42523.55,3247.8,110.82,0.2608,16.92,65.1,19.62,95.18,6.216,176.2,0.5929,0.02394,0.007415,2.388,1.538,2.49,1.454,3.884,165.43,13.51,0.8238,1.571,0.5929,2.45,423.1,1.036,51.25,0.7597,10.83,2.44e-05,0.22,2.978,1.266,2.316,0.2033,9.253,0.6037,8.539
2022-04-09T22:48:26,42523.34,3247.37,110.8,0.2608,16.92,65.1,19.62,95.19,6.218,176.16,0.5929,0.02401,0.007415,2.388,1.538,2.49,1.453,3.884,165.42,13.51,0.8238,1.571,0.5929,2.45,423.33,1.035,51.25,0.7597,10.83,2.441e-05,0.22,2.977,1.266,2.316,0.2032,9.258,0.6039,8.543
2022-04-09T22:48:56,42520.92,3246.73,110.76,0.2609,16.92,65.1,19.61,95.13,6.218,176.1,0.5927,0.02401,0.007415,2.388,1.539,2.49,1.452,3.88,165.42,13.51,0.8238,1.57,0.5929,2.449,423.4,1.035,51.24,0.7596,10.83,2.44e-05,0.22,2.976,1.265,2.316,0.2032,9.257,0.6037,8.544
2022-04-09T22:49:26,42520.61,3246.34,110.72,0.2608,16.9,65.1,19.6,95.12,6.218,176.1,0.5927,0.02402,0.007415,2.388,1.539,2.49,1.453,3.881,165.41,13.51,0.8217,1.57,0.5929,2.448,423.34,1.035,51.24,0.7595,10.83,2.44e-05,0.22,2.976,1.265,2.315,0.2033,9.26,0.6037,8.546
2022-04-09T22:49:56,42521.78,3246.38,110.73,0.2608,16.9,65.1,19.61,95.11,6.221,176.14,0.5927,0.02402,0.007416,2.388,1.539,2.49,1.453,3.881,165.41,13.51,0.8246,1.572,0.5929,2.448,423.33,1.035,51.19,0.7594,10.83,2.44e-05,0.22,2.976,1.265,2.314,0.2032,9.258,0.6038,8.545
2022-04-09T22:50:26,42520.85,3246.39,110.72,0.2607,17.43,65.1,19.6,95.12,6.22,176.14,0.5906,0.02403,0.007422,2.388,1.539,2.49,1.452,3.893,165.41,13.51,0.8246,1.571,0.5929,2.445,423.38,1.035,51.16,0.7595,10.83,2.44e-05,0.22,2.976,1.265,2.314,0.2032,9.255,0.604,8.546
2022-04-09T22:50:56,42519.67,3246.55,110.7,0.2608,17.31,65.1,19.61,95.11,6.22,176.1,0.5907,0.02403,0.007418,2.388,1.539,2.49,1.453,3.893,165.37,13.51,0.8212,1.572,0.5929,2.445,423.38,1.035,51.17,0.7597,10.83,2.44e-05,0.22,2.976,1.265,2.314,0.2032,9.258,0.6044,8.542
2022-04-09T22:51:26,42519.77,3246.5,110.69,0.2608,17.37,65.1,19.61,95.09,6.22,176.06,0.5911,0.02404,0.007418,2.388,1.537,2.49,1.452,3.89,165.37,13.51,0.8212,1.572,0.5929,2.446,423.37,1.035,51.17,0.7598,10.83,2.44e-05,0.22,2.977,1.264,2.314,0.2032,9.256,0.6047,8.548
2022-04-09T22:51:56,42523.07,3246.39,110.72,0.2608,17.37,65.1,19.61,95.12,6.221,176.01,0.5911,0.02404,0.007426,2.388,1.538,2.49,1.453,3.89,165.38,13.51,0.8212,1.572,0.5929,2.447,423.4,1.036,51.17,0.7599,10.83,2.44e-05,0.22,2.977,1.265,2.315,0.2032,9.254,0.6052,8.544
2022-04-09T22:52:26,42522.92,3246.44,110.88,0.261,17.37,65.1,19.61,95.16,6.221,176.04,0.591,0.02405,0.007426,2.388,1.539,2.49,1.453,3.891,165.38,13.52,0.8212,1.572,0.5929,2.449,423.33,1.036,51.21,0.76,10.83,2.44e-05,0.22,2.977,1.265,2.315,0.2031,9.26,0.6066,8.545
2022-04-09T22:52:56,42521.03,3246.39,110.88,0.2607,17.35,65,19.61,95.17,6.221,176.07,0.591,0.02405,0.007426,2.388,1.539,2.49,1.453,3.891,165.38,13.52,0.8212,1.572,0.5929,2.45,423.31,1.036,51.2,0.7599,10.83,2.44e-05,0.22,2.978,1.265,2.315,0.2031,9.26,0.6078,8.547
2022-04-09T22:53:26,42517.62,3245.56,110.87,0.2604,17.39,65.1,19.6,95.1,6.224,175.96,0.591,0.02404,0.007426,2.388,1.539,2.49,1.453,3.891,165.41,13.52,0.8212,1.572,0.5929,2.45,423.21,1.036,51.19,0.76,10.83,2.44e-05,0.22,2.977,1.264,2.315,0.2031,9.262,0.6084,8.548
2022-04-09T22:53:56,42509.25,3245.34,110.78,0.2602,17.39,65.1,19.6,95.1,6.223,175.99,0.591,0.024,0.007426,2.388,1.539,2.49,1.453,3.894,165.37,13.52,0.8212,1.572,0.5929,2.447,423.2,1.036,51.13,0.7597,10.83,2.438e-05,0.22,2.976,1.263,2.314,0.203,9.255,0.6077,8.547
2022-04-09T22:54:26,42515.14,3244.56,110.74,0.2602,17.37,65.1,19.59,95.09,6.225,175.95,0.591,0.02403,0.007445,2.388,1.539,2.49,1.453,3.894,165.38,13.52,0.8212,1.572,0.5929,2.446,423.18,1.036,51.11,0.7597,10.83,2.438e-05,0.22,2.976,1.263,2.314,0.2031,9.247,0.6067,8.547
2022-04-09T22:54:56,42517.3,3244.86,110.76,0.2602,17.39,65.1,19.59,95.12,6.225,175.9,0.591,0.02404,0.007445,2.388,1.538,2.49,1.452,3.893,165.4,13.52,0.8212,1.572,0.5929,2.446,423.22,1.036,51.08,0.7598,10.83,2.438e-05,0.22,2.975,1.262,2.314,0.203,9.251,0.6061,8.547
2022-04-09T22:55:26,42518.9,3244.68,110.73,0.2602,17.39,65.1,19.59,95.12,6.225,175.93,0.5898,0.02405,0.007445,2.388,1.538,2.49,1.452,3.895,165.41,13.52,0.8212,1.572,0.5929,2.447,423.28,1.036,51.09,0.7599,10.83,2.439e-05,0.22,2.975,1.263,2.315,0.2031,9.252,0.6063,8.55
2022-04-09T22:55:56,42516.8,3244.58,110.7,0.2601,17.39,65.1,19.59,95.06,6.224,175.91,0.5898,0.02405,0.007445,2.388,1.538,2.49,1.452,3.888,165.46,13.52,0.8212,1.57,0.5929,2.446,423.38,1.035,51.1,0.7599,10.83,2.44e-05,0.22,2.975,1.262,2.315,0.2029,9.258,0.6059,8.542
2022-04-09T22:56:26,42515.25,3244.92,110.7,0.2601,17.39,65.1,19.59,95.05,6.224,175.92,0.5898,0.02403,0.007445,2.388,1.538,2.49,1.452,3.889,165.49,13.52,0.8212,1.571,0.5929,2.447,423.34,1.036,51.1,0.7599,10.83,2.44e-05,0.22,2.975,1.263,2.315,0.2031,9.245,0.6061,8.549
2022-04-09T22:56:56,42517.19,3245.58,110.71,0.2602,17.39,65.1,19.59,95.07,6.225,175.93,0.5885,0.02403,0.007445,2.388,1.538,2.49,1.452,3.889,165.51,13.52,0.8212,1.571,0.5929,2.447,423.39,1.036,51.09,0.7598,10.83,2.439e-05,0.22,2.975,1.263,2.315,0.203,9.241,0.6058,8.552
2022-04-09T22:57:26,42518.8,3245.71,110.76,0.2604,17.38,65.1,19.6,95.06,6.225,175.9,0.59,0.02403,0.007445,2.388,1.538,2.49,1.454,3.879,165.43,13.5,0.8212,1.571,0.5929,2.447,423.32,1.036,51.09,0.7599,10.83,2.438e-05,0.22,2.975,1.264,2.315,0.2029,9.228,0.6057,8.545
2022-04-09T22:57:56,42519.45,3245.96,110.71,0.2602,17.38,65.1,19.6,95.06,6.227,175.85,0.59,0.02402,0.007445,2.388,1.539,2.49,1.454,3.88,165.48,13.5,0.8223,1.571,0.5929,2.447,423.37,1.036,51.09,0.76,10.83,2.438e-05,0.2205,2.975,1.264,2.315,0.2031,9.232,0.6057,8.545
2022-04-09T22:58:26,42517.27,3245.7,110.72,0.2601,17.36,65.1,19.59,95.03,6.238,175.93,0.59,0.02402,0.007445,2.388,1.539,2.49,1.453,3.88,165.5,13.5,0.8223,1.571,0.5929,2.446,423.46,1.036,51.1,0.7599,10.83,2.437e-05,0.2205,2.975,1.264,2.315,0.2031,9.234,0.6057,8.542
2022-04-09T22:58:56,42518.77,3245.52,110.7,0.2601,17.34,65.1,19.59,95.02,6.235,175.81,0.59,0.02402,0.007445,2.388,1.539,2.49,1.453,3.88,165.5,13.5,0.8223,1.571,0.5929,2.446,423.67,1.036,51.1,0.7598,10.83,2.438e-05,0.2205,2.974,1.264,2.315,0.203,9.239,0.6056,8.542
2022-04-09T22:59:26,42521.19,3245.62,110.79,0.2602,17.37,65.1,19.6,95.06,6.244,175.81,0.59,0.02402,0.007445,2.388,1.539,2.49,1.453,3.893,165.56,13.52,0.8211,1.573,0.5929,2.445,423.7,1.036,51.11,0.7598,10.83,2.437e-05,0.2205,2.974,1.264,2.316,0.2031,9.243,0.6069,8.55
2022-04-09T22:59:56,42538.92,3247.21,110.95,0.2607,17.37,65.2,19.61,95.09,6.246,175.91,0.59,0.02403,0.007445,2.388,1.539,2.49,1.455,3.896,165.6,13.52,0.8211,1.574,0.5929,2.448,423.95,1.036,51.12,0.76,10.83,2.438e-05,0.2205,2.978,1.266,2.317,0.2032,9.257,0.6072,8.553
2022-04-09T23:00:26,42524.17,3246.24,110.88,0.2607,17.37,65.2,19.6,95.08,6.249,175.88,0.5921,0.02402,0.007445,2.388,1.539,2.49,1.454,3.894,165.62,13.52,0.8211,1.574,0.5929,2.446,423.85,1.036,51.11,0.7598,10.83,2.438e-05,0.2205,2.978,1.265,2.318,0.2032,9.263,0.6081,8.554
2022-04-09T23:00:56,42528.35,3247.25,110.93,0.2605,17.37,65.5,19.6,95.06,6.247,175.95,0.5911,0.024,0.007445,2.388,1.539,2.49,1.455,3.891,165.62,13.52,0.8211,1.574,0.5929,2.447,423.76,1.036,51.11,0.7598,10.83,2.439e-05,0.2205,2.978,1.266,2.317,0.2033,9.258,0.6084,8.555
2022-04-09T23:01:26,42529.83,3247.42,110.96,0.2607,17.37,65.4,19.6,95.05,6.247,176.28,0.5911,0.02401,0.007445,2.388,1.539,2.49,1.456,3.891,165.62,13.52,0.8211,1.572,0.5929,2.447,423.92,1.036,51.13,0.7597,10.83,2.439e-05,0.2204,2.979,1.266,2.317,0.2032,9.275,0.6076,8.554
2022-04-09T23:01:56,42531.66,3247.47,110.96,0.2607,17.37,65.4,19.61,95,6.264,176.41,0.5912,0.024,0.007445,2.388,1.539,2.49,1.455,3.892,165.61,13.52,0.8234,1.572,0.5929,2.446,423.98,1.036,51.13,0.7598,10.84,2.439e-05,0.2204,2.978,1.266,2.317,0.2033,9.267,0.6081,8.556
2022-04-09T23:02:26,42535.82,3248.41,111.03,0.2605,17.33,65.4,19.61,94.98,6.262,176.4,0.5912,0.02399,0.007445,2.388,1.538,2.49,1.456,3.89,165.77,13.52,0.8234,1.572,0.5929,2.449,423.88,1.036,51.15,0.7599,10.84,2.44e-05,0.2204,2.979,1.267,2.318,0.2032,9.265,0.607,8.552
2022-04-09T23:02:56,42535.52,3248.65,111.06,0.2607,17.33,65.5,19.61,95,6.261,176.38,0.5912,0.024,0.007445,2.388,1.538,2.49,1.456,3.89,165.85,13.52,0.8234,1.572,0.5929,2.448,423.86,1.036,51.15,0.7597,10.84,2.44e-05,0.2206,2.979,1.267,2.319,0.2032,9.256,0.6072,8.558
2022-04-09T23:03:26,42539.8,3248.72,111.11,0.2608,17.33,65.5,19.61,95.02,6.263,176.33,0.5925,0.02401,0.007445,2.388,1.539,2.49,1.456,3.89,165.95,13.52,0.8234,1.572,0.5929,2.448,423.87,1.036,51.17,0.7599,10.84,2.44e-05,0.2206,2.98,1.267,2.319,0.2033,9.256,0.6075,8.555
2022-04-09T23:03:56,42538.68,3248.84,111.14,0.2607,17.33,65.4,19.61,95.01,6.265,176.4,0.5925,0.02401,0.007445,2.386,1.538,2.49,1.456,3.887,165.97,13.52,0.8234,1.572,0.5929,2.448,424.04,1.036,51.17,0.76,10.84,2.439e-05,0.2206,2.98,1.267,2.318,0.2033,9.254,0.6064,8.558
2022-04-09T23:04:26,42537.33,3249.26,111.11,0.2606,17.33,65.4,19.61,94.99,6.263,176.37,0.5917,0.02402,0.007445,2.386,1.539,2.49,1.455,3.883,165.93,13.52,0.8239,1.572,0.5926,2.448,423.95,1.037,51.16,0.76,10.84,2.438e-05,0.2206,2.98,1.268,2.319,0.2033,9.26,0.607,8.556
2022-04-09T23:04:56,42534.83,3249.3,111.09,0.2606,17.38,65.4,19.6,94.98,6.263,176.31,0.5923,0.02402,0.007445,2.386,1.538,2.49,1.456,3.886,165.95,13.52,0.8239,1.572,0.5926,2.448,423.89,1.037,51.16,0.76,10.84,2.438e-05,0.221,2.98,1.267,2.319,0.2033,9.263,0.6072,8.558
2022-04-09T23:05:26,42530.3,3249.3,111.05,0.2604,17.38,65.4,19.6,95.02,6.265,176.2,0.5923,0.02402,0.007445,2.386,1.538,2.49,1.455,3.885,165.91,13.56,0.8239,1.574,0.5926,2.447,423.87,1.036,51.15,0.7598,10.84,2.437e-05,0.221,2.979,1.268,2.318,0.2032,9.261,0.6072,8.556
2022-04-09T23:05:56,42534.65,3249.68,111.09,0.2604,17.38,65.4,19.6,95.03,6.262,176.21,0.5923,0.02402,0.007445,2.386,1.538,2.49,1.455,3.885,165.98,13.56,0.8257,1.574,0.5928,2.448,423.82,1.037,51.19,0.76,10.84,2.438e-05,0.221,2.98,1.268,2.318,0.2033,9.273,0.6074,8.558
2022-04-09T23:06:26,42538.26,3249.97,111.08,0.2605,17.38,65.4,19.6,95.03,6.261,176.23,0.5923,0.02401,0.007445,2.386,1.538,2.49,1.455,3.885,165.98,13.56,0.8257,1.574,0.5928,2.448,424.02,1.036,51.21,0.7601,10.84,2.438e-05,0.221,2.98,1.268,2.318,0.2033,9.285,0.6081,8.557
2022-04-09T23:06:56,42538.63,3250.06,111.1,0.261,17.38,65.4,19.6,95.05,6.261,176.2,0.5923,0.02403,0.007445,2.386,1.538,2.49,1.456,3.878,165.99,13.56,0.8257,1.574,0.5928,2.448,423.94,1.036,51.23,0.7601,10.84,2.439e-05,0.221,2.982,1.268,2.32,0.2033,9.296,0.6086,8.556
2022-04-09T23:07:26,42543.34,3250.07,111.14,0.261,17.38,65.4,19.6,95.07,6.257,176.24,0.5923,0.02401,0.007445,2.386,1.539,2.49,1.455,3.876,165.99,13.56,0.8257,1.572,0.5928,2.447,424.01,1.036,51.23,0.7601,10.87,2.44e-05,0.221,2.982,1.269,2.321,0.2033,9.289,0.6066,8.552
2022-04-09T23:07:56,42539.16,3252.32,111.25,0.2613,17.37,65.4,19.6,95.18,6.257,176.29,0.5923,0.02401,0.007426,2.387,1.539,2.49,1.456,3.88,166.08,13.56,0.8257,1.575,0.5928,2.45,424.02,1.037,51.25,0.7604,10.87,2.442e-05,0.2213,2.983,1.269,2.321,0.2034,9.289,0.607,8.552
2022-04-09T23:08:26,42529.15,3248.35,111.07,0.2608,17.37,65.4,19.59,95.19,6.246,176.25,0.5926,0.02399,0.007443,2.387,1.538,2.49,1.456,3.882,166.04,13.57,0.8257,1.575,0.5928,2.446,423.76,1.036,51.23,0.7599,10.88,2.44e-05,0.2209,2.981,1.268,2.319,0.2033,9.284,0.606,8.55
2022-04-09T23:08:56,42522.27,3247.68,111.03,0.2611,17.37,65.3,19.59,95.22,6.246,176.27,0.594,0.02399,0.007443,2.387,1.539,2.49,1.455,3.881,166.04,13.57,0.8236,1.573,0.5928,2.446,423.66,1.036,51.21,0.7597,10.88,2.44e-05,0.2209,2.98,1.267,2.318,0.2034,9.279,0.6053,8.548
2022-04-09T23:09:26,42516.48,3247.04,110.96,0.2612,17.37,65.4,19.58,95.21,6.244,176.16,0.594,0.02397,0.007443,2.387,1.539,2.49,1.455,3.878,166.02,13.57,0.8236,1.573,0.5928,2.445,423.63,1.036,51.2,0.759,10.88,2.438e-05,0.2209,2.979,1.266,2.318,0.2033,9.279,0.6055,8.544
2022-04-09T23:09:56,42517.13,3247.44,110.96,0.2613,17.37,65.4,19.58,95.2,6.243,176.14,0.594,0.02397,0.007443,2.387,1.539,2.49,1.454,3.878,166.05,13.57,0.8236,1.573,0.5928,2.445,423.57,1.036,51.21,0.759,10.88,2.438e-05,0.2209,2.979,1.265,2.318,0.2034,9.277,0.6061,8.548
2022-04-09T23:10:26,42510.38,3246.45,110.86,0.2612,17.37,65.4,19.57,95.16,6.239,176.16,0.5941,0.02399,0.007443,2.387,1.539,2.49,1.455,3.877,166.03,13.57,0.8236,1.573,0.6099,2.443,423.5,1.035,51.18,0.759,10.88,2.437e-05,0.2209,2.979,1.265,2.317,0.2032,9.278,0.6056,8.545
2022-04-09T23:10:56,42496.56,3245.36,110.82,0.261,17.34,65.5,19.56,95.14,6.239,176.16,0.5931,0.02398,0.007396,2.387,1.539,2.49,1.454,3.878,166.01,13.57,0.8236,1.574,0.6099,2.444,423.4,1.035,51.16,0.7589,10.85,2.436e-05,0.2209,2.976,1.264,2.316,0.2032,9.279,0.6049,8.544
2022-04-09T23:11:26,42495.61,3244.34,110.83,0.261,17.34,65.5,19.56,95.12,6.238,176.16,0.5931,0.02398,0.007396,2.387,1.538,2.49,1.454,3.877,165.96,13.57,0.819,1.574,0.6099,2.443,423.22,1.035,51.16,0.7588,10.85,2.435e-05,0.2209,2.976,1.264,2.316,0.2032,9.266,0.6048,8.536
2022-04-09T23:11:56,42497.16,3244.41,110.81,0.2611,17.32,65.5,19.56,95.19,6.239,176.1,0.5931,0.02397,0.007396,2.387,1.538,2.49,1.453,3.877,165.97,13.57,0.819,1.572,0.6099,2.443,423.19,1.035,51.15,0.7588,10.85,2.433e-05,0.2209,2.976,1.264,2.314,0.2032,9.265,0.6019,8.538
2022-04-09T23:12:26,42492.55,3243.98,110.71,0.2609,17.32,65.5,19.56,95.18,6.239,176.11,0.5931,0.02398,0.007383,2.387,1.538,2.49,1.453,3.874,165.97,13.57,0.819,1.574,0.6099,2.443,423.14,1.035,51.15,0.7588,10.84,2.433e-05,0.2209,2.974,1.265,2.314,0.2031,9.263,0.5998,8.537
2022-04-09T23:12:56,42489.67,3242.69,110.77,0.261,17.34,65.5,19.56,95.16,6.235,176.08,0.5931,0.02397,0.007384,2.387,1.538,2.49,1.453,3.874,165.98,13.57,0.819,1.574,0.6099,2.443,423.09,1.035,51.15,0.7588,10.84,2.432e-05,0.2209,2.975,1.265,2.313,0.2031,9.257,0.5998,8.538
2022-04-09T23:13:26,42492.17,3243.1,110.77,0.2609,17.34,65.5,19.56,95.16,6.229,176.05,0.5931,0.02397,0.007384,2.387,1.537,2.49,1.453,3.873,166,13.57,0.819,1.574,0.6099,2.443,423.21,1.035,51.17,0.7588,10.84,2.433e-05,0.2209,2.975,1.265,2.313,0.2032,9.257,0.5983,8.538
2022-04-09T23:13:56,42494.72,3242.96,110.85,0.2606,17.34,65.5,19.57,95.16,6.232,176.1,0.5931,0.02399,0.007384,2.387,1.537,2.49,1.453,3.873,166.04,13.57,0.819,1.574,0.6099,2.443,423.13,1.035,51.18,0.7588,10.84,2.433e-05,0.2209,2.975,1.265,2.314,0.2032,9.265,0.5974,8.537
2022-04-09T23:14:26,42496.24,3242.83,110.82,0.2604,17.34,65.5,19.56,95.14,6.232,176.1,0.5923,0.02399,0.007384,2.387,1.537,2.49,1.453,3.885,166.06,13.57,0.819,1.571,0.6099,2.443,423.17,1.035,51.14,0.7589,10.84,2.433e-05,0.2209,2.975,1.265,2.314,0.2031,9.268,0.5973,8.535
2022-04-09T23:14:56,42495.3,3242.61,110.84,0.2604,17.34,65.5,19.56,95.13,6.242,176.07,0.5937,0.02399,0.007384,2.387,1.537,2.49,1.454,3.885,166.11,13.57,0.817,1.571,0.6099,2.443,423.2,1.035,51.15,0.7589,10.84,2.433e-05,0.2209,2.975,1.265,2.314,0.2031,9.263,0.5973,8.538
2022-04-09T23:15:26,42494.02,3242.26,110.81,0.2603,17.34,65.5,19.56,95.1,6.246,176.12,0.5937,0.02401,0.007384,2.387,1.537,2.49,1.453,3.872,166.13,13.57,0.817,1.571,0.6099,2.443,423.13,1.035,51.15,0.7588,10.84,2.433e-05,0.2209,2.975,1.265,2.314,0.2031,9.26,0.5972,8.533
2022-04-09T23:15:56,42493.21,3242.05,110.81,0.2602,17.34,65.5,19.56,95.01,6.232,176.21,0.5937,0.02401,0.007382,2.387,1.537,2.49,1.453,3.881,166.12,13.57,0.817,1.571,0.6099,2.443,423.24,1.035,51.15,0.7588,10.84,2.433e-05,0.2209,2.975,1.265,2.314,0.203,9.254,0.5971,8.533
2022-04-09T23:16:26,42495.39,3243.34,110.82,0.2603,17.34,65.6,19.56,95.02,6.237,176.26,0.5937,0.02401,0.007382,2.387,1.537,2.49,1.453,3.88,165.99,13.57,0.817,1.571,0.6099,2.443,423.17,1.035,51.16,0.7586,10.84,2.431e-05,0.2209,2.975,1.265,2.314,0.2031,9.251,0.5971,8.533
2022-04-09T23:16:56,42495.23,3243.31,110.88,0.2605,17.34,65.7,19.56,95.02,6.237,176.22,0.5937,0.02401,0.007382,2.387,1.537,2.49,1.453,3.88,166.02,13.57,0.817,1.571,0.6099,2.446,423.29,1.035,51.16,0.7586,10.84,2.432e-05,0.2209,2.976,1.266,2.314,0.203,9.259,0.5968,8.535
2022-04-09T23:17:26,42495.75,3243.36,110.86,0.2606,17.34,65.7,19.56,95.01,6.231,176.26,0.5937,0.024,0.007382,2.387,1.536,2.49,1.453,3.88,166.02,13.57,0.8133,1.571,0.6099,2.447,423.27,1.035,51.17,0.7587,10.84,2.433e-05,0.2209,2.977,1.266,2.315,0.203,9.269,0.5972,8.537
2022-04-09T23:17:56,42497.39,3242.61,110.83,0.2605,17.34,65.7,19.56,94.96,6.238,176.17,0.5914,0.024,0.007382,2.387,1.537,2.49,1.454,3.879,166.04,13.57,0.8175,1.57,0.6099,2.446,423.34,1.035,51.16,0.7587,10.84,2.433e-05,0.2209,2.977,1.265,2.315,0.203,9.264,0.5968,8.54
2022-04-09T23:18:26,42496.45,3242.35,110.77,0.2603,17.34,65.6,19.56,94.91,6.235,176.14,0.5919,0.024,0.007382,2.387,1.537,2.49,1.454,3.878,165.97,13.57,0.8175,1.569,0.6099,2.445,423.24,1.034,51.17,0.7587,10.84,2.433e-05,0.2209,2.975,1.265,2.315,0.203,9.256,0.5964,8.542
2022-04-09T23:18:56,42498.32,3242.39,110.78,0.2604,17.35,65.6,19.56,94.9,6.234,176.19,0.5915,0.02398,0.007382,2.387,1.537,2.49,1.454,3.874,165.97,13.57,0.8175,1.569,0.6099,2.445,423.13,1.034,51.16,0.7587,10.84,2.433e-05,0.2209,2.976,1.265,2.315,0.203,9.25,0.5965,8.543
2022-04-09T23:19:26,42500.8,3243.29,110.83,0.2602,17.35,65.6,19.56,94.91,6.234,176.23,0.5915,0.024,0.007382,2.387,1.537,2.49,1.454,3.874,166.03,13.57,0.8175,1.571,0.6099,2.445,423.16,1.034,51.16,0.7588,10.84,2.433e-05,0.2209,2.976,1.266,2.315,0.203,9.254,0.5966,8.551
2022-04-09T23:19:56,42500.59,3243.14,110.84,0.2606,17.35,65.7,19.57,94.91,6.236,176.22,0.5924,0.024,0.007382,2.387,1.536,2.49,1.454,3.874,166.15,13.57,0.8175,1.572,0.6099,2.447,423.16,1.034,51.16,0.7589,10.84,2.433e-05,0.2214,2.978,1.266,2.316,0.2029,9.257,0.5968,8.547
2022-04-09T23:20:26,42493.4,3242.61,110.78,0.2607,17.35,65.7,19.56,94.91,6.233,176.23,0.5924,0.024,0.007382,2.387,1.532,2.49,1.453,3.872,166.14,13.61,0.8181,1.569,0.6099,2.446,423.16,1.034,51.15,0.7587,10.84,2.433e-05,0.2214,2.978,1.266,2.317,0.2031,9.257,0.5958,8.552
2022-04-09T23:20:56,42496.78,3243.28,111,0.2609,17.35,65.7,19.56,94.88,6.234,176.22,0.5924,0.02399,0.007382,2.387,1.534,2.49,1.453,3.872,166.15,13.61,0.8181,1.572,0.6099,2.447,423,1.034,51.15,0.7587,10.84,2.433e-05,0.2214,2.978,1.266,2.316,0.203,9.266,0.5957,8.545
2022-04-09T23:21:26,42496.68,3243.37,111.08,0.2609,17.35,65.7,19.56,94.87,6.238,176.26,0.5924,0.02401,0.007382,2.387,1.533,2.49,1.453,3.872,166.15,13.61,0.8205,1.572,0.6099,2.447,423.2,1.035,51.16,0.7588,10.84,2.433e-05,0.2214,2.978,1.265,2.316,0.203,9.265,0.5956,8.546
2022-04-09T23:21:56,42496.09,3243.44,111.2,0.2609,17.35,65.7,19.57,94.85,6.24,176.28,0.5924,0.024,0.007382,2.387,1.533,2.49,1.453,3.873,166.16,13.61,0.8205,1.572,0.6099,2.448,423.1,1.034,51.16,0.7588,10.84,2.433e-05,0.2214,2.978,1.265,2.316,0.2031,9.275,0.594,8.545
2022-04-09T23:22:26,42491.54,3243.34,111.26,0.2609,17.34,65.7,19.57,94.84,6.238,176.26,0.5921,0.024,0.007414,2.387,1.533,2.49,1.454,3.869,166.14,13.61,0.8205,1.57,0.6099,2.448,423.12,1.034,51.16,0.7587,10.84,2.434e-05,0.2214,2.978,1.265,2.316,0.2031,9.272,0.5939,8.545
2022-04-09T23:22:56,42491.58,3243.61,111.24,0.2609,17.34,65.7,19.57,94.83,6.238,176.26,0.5928,0.02401,0.007414,2.387,1.532,2.49,1.456,3.87,166.18,13.61,0.8168,1.57,0.6099,2.448,423.17,1.034,51.16,0.7588,10.84,2.434e-05,0.2216,2.979,1.265,2.316,0.2032,9.27,0.5939,8.551
2022-04-09T23:23:26,42489.31,3243.38,111.24,0.2612,17.34,65.6,19.58,94.86,6.236,176.21,0.5928,0.024,0.007414,2.387,1.532,2.49,1.456,3.87,166.19,13.61,0.8175,1.569,0.6099,2.448,423.09,1.034,51.17,0.7588,10.84,2.434e-05,0.2216,2.979,1.265,2.316,0.2031,9.262,0.5938,8.546
2022-04-09T23:23:56,42484.85,3242.93,111.21,0.2611,17.34,65.6,19.57,94.87,6.236,176.21,0.5931,0.024,0.007414,2.387,1.532,2.49,1.456,3.87,166.2,13.61,0.8175,1.573,0.6099,2.449,423.11,1.034,51.16,0.7588,10.84,2.434e-05,0.2218,2.979,1.265,2.316,0.2031,9.267,0.5938,8.55
2022-04-09T23:24:26,42491.88,3244.27,111.22,0.2611,17.34,65.7,19.58,94.96,6.236,176.22,0.5931,0.02401,0.007414,2.387,1.531,2.49,1.457,3.87,166.28,13.61,0.8175,1.573,0.6099,2.448,423.19,1.034,51.16,0.7587,10.84,2.434e-05,0.2222,2.979,1.265,2.317,0.203,9.278,0.5939,8.55
2022-04-09T23:24:56,42499.71,3244.34,111.25,0.2612,17.35,65.7,19.58,94.98,6.234,176.41,0.5931,0.02402,0.007414,2.387,1.531,2.49,1.457,3.87,166.44,13.61,0.8175,1.573,0.6099,2.448,423.25,1.035,51.16,0.7587,10.84,2.434e-05,0.2226,2.982,1.266,2.317,0.2032,9.274,0.595,8.548
2022-04-09T23:25:26,42495.9,3244.32,111.23,0.2612,17.35,65.7,19.59,94.99,6.238,176.39,0.5931,0.02403,0.007378,2.387,1.531,2.49,1.458,3.871,166.77,13.61,0.8175,1.573,0.6099,2.448,423.25,1.035,51.15,0.7585,10.84,2.434e-05,0.2234,2.982,1.266,2.319,0.2032,9.28,0.5944,8.552
2022-04-09T23:25:56,42494.74,3244.59,111.24,0.2611,17.35,65.7,19.59,94.98,6.238,176.39,0.5931,0.02402,0.007378,2.387,1.531,2.49,1.458,3.87,166.86,13.61,0.8175,1.572,0.6099,2.448,423.28,1.034,51.13,0.7584,10.84,2.434e-05,0.2237,2.983,1.267,2.319,0.2032,9.278,0.5939,8.551
2022-04-09T23:26:26,42495.35,3244.31,111.26,0.2612,17.35,65.7,19.59,95.01,6.233,176.39,0.5937,0.02403,0.007378,2.387,1.531,2.49,1.458,3.87,166.98,13.61,0.8175,1.573,0.6099,2.448,423.29,1.034,51.13,0.7585,10.84,2.434e-05,0.2231,2.983,1.267,2.319,0.2032,9.283,0.5942,8.551
2022-04-09T23:26:56,42500.46,3244.54,111.32,0.2615,17.35,65.7,19.61,95.09,6.236,176.47,0.5937,0.02404,0.007378,2.387,1.531,2.49,1.458,3.872,166.96,13.61,0.8175,1.573,0.6099,2.45,423.35,1.035,51.16,0.7586,10.84,2.437e-05,0.2239,2.986,1.268,2.321,0.2032,9.289,0.5944,8.55
2022-04-09T23:27:26,42502.6,3244.74,111.36,0.2615,17.35,65.7,19.62,95.11,6.236,176.52,0.5937,0.02403,0.007378,2.387,1.531,2.49,1.458,3.88,167.07,13.61,0.8175,1.573,0.6099,2.451,423.42,1.035,51.18,0.7587,10.84,2.437e-05,0.2238,2.986,1.268,2.322,0.2033,9.292,0.5948,8.547
2022-04-09T23:27:56,42506.01,3245.19,111.4,0.2616,17.33,65.7,19.62,95.13,6.239,176.61,0.5937,0.02404,0.007385,2.387,1.531,2.49,1.458,3.88,167.06,13.61,0.8175,1.569,0.6099,2.452,423.56,1.035,51.18,0.7587,10.84,2.437e-05,0.2238,2.988,1.269,2.322,0.2033,9.297,0.5947,8.546
2022-04-09T23:28:26,42506.64,3246.17,111.41,0.2615,17.34,65.8,19.62,95.14,6.239,176.67,0.5937,0.02405,0.007385,2.387,1.531,2.49,1.458,3.88,167.06,13.61,0.8175,1.574,0.6099,2.452,423.71,1.035,51.19,0.7587,10.84,2.437e-05,0.2242,2.989,1.269,2.323,0.2033,9.305,0.5953,8.547
2022-04-09T23:28:56,42515.47,3246.88,111.53,0.2617,17.34,65.8,19.63,95.21,6.252,176.79,0.594,0.02405,0.007385,2.387,1.531,2.49,1.459,3.881,167.09,13.61,0.8192,1.574,0.6099,2.455,423.71,1.036,51.2,0.7589,10.84,2.438e-05,0.2243,2.992,1.269,2.327,0.2034,9.304,0.5965,8.547
2022-04-09T23:29:26,42514.67,3247.16,111.52,0.2618,17.34,65.8,19.64,95.23,6.249,176.91,0.594,0.02405,0.007385,2.387,1.531,2.49,1.459,3.881,167.01,13.61,0.8192,1.572,0.6099,2.456,423.87,1.036,51.26,0.7589,10.84,2.437e-05,0.2241,2.991,1.27,2.326,0.2034,9.301,0.596,8.546
2022-04-09T23:29:56,42516.2,3247,111.71,0.2618,17.34,65.9,19.66,95.29,6.249,177.25,0.594,0.02406,0.007385,2.387,1.533,2.49,1.46,3.881,167.05,13.61,0.8376,1.572,0.6099,2.456,423.93,1.035,51.3,0.7589,10.84,2.438e-05,0.2239,2.99,1.27,2.326,0.2035,9.301,0.5955,8.558
2022-04-09T23:30:26,42516.81,3247.83,111.77,0.2618,17.34,65.9,19.66,95.31,6.248,177.65,0.5934,0.02405,0.007385,2.387,1.537,2.49,1.46,3.881,167.03,13.61,0.8376,1.572,0.6099,2.456,424,1.035,51.36,0.7588,10.84,2.438e-05,0.2239,2.993,1.27,2.327,0.2035,9.308,0.5955,8.557
2022-04-09T23:30:56,42525.02,3248.89,111.84,0.2619,17.34,65.9,19.67,95.37,6.249,177.95,0.5933,0.02404,0.007385,2.387,1.537,2.49,1.46,3.885,167.08,13.61,0.84,1.577,0.6099,2.456,424.09,1.035,51.38,0.7588,10.84,2.438e-05,0.2238,2.994,1.271,2.329,0.2036,9.313,0.5961,8.559
2022-04-09T23:31:26,42544.25,3249.89,111.96,0.2621,17.33,65.9,19.68,95.43,6.252,178.05,0.594,0.02405,0.007385,2.387,1.537,2.49,1.46,3.885,167.1,13.61,0.84,1.577,0.6099,2.457,424.35,1.036,51.39,0.7591,10.84,2.441e-05,0.2238,2.996,1.271,2.33,0.2036,9.317,0.5962,8.563
2022-04-09T23:31:56,42548.41,3251.97,112.03,0.2622,17.34,65.9,19.67,95.52,6.25,178.02,0.594,0.02406,0.007385,2.387,1.537,2.49,1.461,3.886,167.09,13.61,0.84,1.575,0.6099,2.458,424.63,1.036,51.44,0.7591,10.87,2.442e-05,0.2238,2.996,1.272,2.33,0.2037,9.326,0.598,8.556
2022-04-09T23:32:26,42586.8,3253.82,112.69,0.2624,17.38,66.1,19.68,95.84,6.25,177.45,0.594,0.02407,0.007385,2.387,1.538,2.49,1.462,3.888,167.15,13.61,0.84,1.58,0.6099,2.465,424.86,1.037,51.52,0.7601,10.94,2.446e-05,0.2238,3.001,1.274,2.332,0.2039,9.333,0.6007,8.564
2022-04-09T23:32:56,42595.53,3257,113.06,0.2628,17.38,66,19.7,95.9,6.257,177.52,0.5942,0.02411,0.007385,2.387,1.54,2.49,1.464,3.888,167.23,13.61,0.84,1.58,0.6099,2.466,425.06,1.038,51.54,0.7605,10.96,2.451e-05,0.2252,3.002,1.274,2.334,0.2041,9.335,0.6017,8.577
2022-04-09T23:33:26,42610.66,3262.15,113.17,0.2629,17.43,66,19.72,95.91,6.257,177.62,0.5942,0.0241,0.007414,2.387,1.54,2.49,1.464,3.907,167.27,13.61,0.84,1.583,0.6099,2.468,425.6,1.039,51.63,0.7609,10.95,2.456e-05,0.2254,3.003,1.276,2.334,0.2041,9.338,0.6018,8.579
2022-04-09T23:33:56,42704.01,3263.76,113.43,0.2629,17.4,66,19.75,96.02,6.27,177.71,0.5961,0.02416,0.007419,2.39,1.541,2.49,1.465,3.93,167.47,13.61,0.8262,1.583,0.6099,2.473,426.13,1.04,51.66,0.7616,10.95,2.456e-05,0.2259,3.004,1.279,2.334,0.2043,9.343,0.6012,8.595
2022-04-09T23:34:26,42668.62,3260.86,113.04,0.2629,17.41,66.1,19.72,96.21,6.263,177.85,0.5964,0.02415,0.007428,2.39,1.542,2.49,1.462,3.919,167.39,13.61,0.8286,1.583,0.6099,2.468,426,1.039,51.65,0.7609,10.95,2.453e-05,0.225,2.998,1.28,2.332,0.2042,9.341,0.6008,8.589
2022-04-09T23:34:56,42652.63,3260.64,113.08,0.2628,17.41,66.1,19.7,96.16,6.259,177.82,0.5964,0.02414,0.007428,2.39,1.541,2.49,1.463,3.919,167.36,13.61,0.8286,1.583,0.6099,2.467,425.91,1.039,51.64,0.7609,10.95,2.453e-05,0.2251,2.997,1.28,2.331,0.2042,9.326,0.6007,8.588
2022-04-09T23:35:26,42652.53,3261.17,113.13,0.2627,17.42,66.1,19.7,96.15,6.256,177.87,0.5963,0.02412,0.007428,2.39,1.542,2.49,1.463,3.912,167.44,13.61,0.8263,1.584,0.6099,2.469,425.67,1.04,51.66,0.7611,10.95,2.456e-05,0.2256,3.001,1.282,2.335,0.2042,9.328,0.6007,8.591
2022-04-09T23:35:56,42654.11,3259.97,113.07,0.2627,17.39,66.2,19.7,96.09,6.265,177.88,0.596,0.02414,0.007428,2.39,1.541,2.49,1.463,3.915,167.43,13.61,0.8263,1.585,0.6099,2.471,425.75,1.039,51.66,0.7612,10.94,2.456e-05,0.2249,3,1.283,2.336,0.2043,9.34,0.6001,8.59
2022-04-09T23:36:26,42653.41,3259.97,112.95,0.263,17.37,66.2,19.7,96.09,6.267,177.81,0.5963,0.02414,0.007428,2.39,1.541,2.49,1.463,3.918,167.45,13.61,0.8263,1.585,0.6099,2.472,425.71,1.04,51.65,0.7613,10.94,2.455e-05,0.2249,3,1.284,2.337,0.2044,9.341,0.6005,8.586
2022-04-09T23:36:56,42665.01,3260.13,112.94,0.2632,17.37,66.2,19.72,96.05,6.271,177.88,0.5963,0.02415,0.007428,2.39,1.541,2.49,1.463,3.918,167.45,13.61,0.8242,1.585,0.6099,2.474,425.82,1.041,51.67,0.7615,10.94,2.456e-05,0.2251,3.001,1.285,2.337,0.2044,9.336,0.6002,8.589
2022-04-09T23:37:26,42682.48,3260.76,112.97,0.2633,17.37,66.3,19.74,96.09,6.275,177.99,0.5963,0.02417,0.007451,2.39,1.542,2.49,1.464,3.918,167.53,13.61,0.8242,1.585,0.6315,2.474,425.97,1.04,51.68,0.7616,10.94,2.458e-05,0.2251,3.003,1.286,2.337,0.2044,9.337,0.5988,8.592
2022-04-09T23:37:56,42711.74,3262.4,113.1,0.2636,17.37,66.5,19.75,96.05,6.272,178.12,0.5973,0.02419,0.007451,2.39,1.542,2.49,1.464,3.924,167.53,13.61,0.8242,1.585,0.6315,2.475,425.94,1.041,51.69,0.7619,10.94,2.459e-05,0.2251,3.003,1.285,2.337,0.2045,9.352,0.5981,8.591
2022-04-09T23:38:26,42744.42,3262.66,113.13,0.2636,17.37,66.4,19.76,96.09,6.277,178.17,0.5973,0.02419,0.007435,2.39,1.543,2.49,1.465,3.924,167.58,13.61,0.8242,1.587,0.6315,2.477,426.14,1.041,51.7,0.7621,10.94,2.459e-05,0.2255,3.004,1.287,2.337,0.2045,9.372,0.5964,8.6
2022-04-09T23:38:56,42752.66,3263.21,113.09,0.2638,17.37,66.3,19.8,96.1,6.278,178.3,0.5973,0.02419,0.007435,2.392,1.543,2.49,1.466,3.924,167.55,13.61,0.8275,1.587,0.6157,2.477,426.29,1.042,51.71,0.7625,10.98,2.461e-05,0.2256,3.004,1.287,2.338,0.2046,9.372,0.5956,8.596
2022-04-09T23:39:26,42756.34,3264.06,113.08,0.2638,17.4,66.5,19.82,96.07,6.279,178.34,0.5973,0.02419,0.007435,2.392,1.543,2.49,1.465,3.927,167.56,13.61,0.8275,1.586,0.6157,2.477,426.29,1.042,51.72,0.7625,10.98,2.461e-05,0.2256,3.005,1.288,2.337,0.2046,9.375,0.5954,8.595
2022-04-09T23:39:56,42755.19,3264.23,113.07,0.2638,17.38,66.5,19.81,96.11,6.283,178.38,0.5953,0.02419,0.007435,2.392,1.543,2.49,1.466,3.924,167.57,13.61,0.8275,1.586,0.6157,2.478,426.18,1.043,51.73,0.7625,10.98,2.459e-05,0.2256,3.006,1.289,2.337,0.2046,9.375,0.5953,8.602
2022-04-09T23:40:26,42762.81,3263.62,113.03,0.2638,17.39,66.5,19.8,96.09,6.284,178.16,0.5968,0.02418,0.007435,2.392,1.543,2.49,1.466,3.927,167.6,13.57,0.8311,1.586,0.6157,2.477,426.27,1.043,51.74,0.7627,10.99,2.46e-05,0.2251,3.008,1.293,2.337,0.2046,9.369,0.5965,8.604
2022-04-09T23:40:56,42758.23,3263.2,112.75,0.2636,17.39,66.5,19.78,96.08,6.284,178.29,0.5968,0.02417,0.007435,2.392,1.542,2.49,1.465,3.93,167.58,13.57,0.8311,1.588,0.6157,2.477,426.36,1.043,51.73,0.7632,10.99,2.461e-05,0.2251,3.007,1.295,2.337,0.2047,9.371,0.5979,8.603
2022-04-09T23:41:26,42724.88,3260.42,112.53,0.2634,17.39,66.5,19.76,95.98,6.29,178.15,0.5972,0.02418,0.007474,2.394,1.542,2.49,1.465,3.928,167.53,13.56,0.8311,1.587,0.6157,2.475,426.13,1.042,51.69,0.7628,10.99,2.458e-05,0.2251,3.004,1.295,2.334,0.2046,9.371,0.5982,8.599
2022-04-09T23:41:56,42698.45,3259.94,112.57,0.263,17.34,66.5,19.75,95.95,6.284,177.79,0.5972,0.02416,0.00745,2.398,1.542,2.49,1.464,3.928,167.41,13.56,0.8311,1.587,0.6069,2.472,425.9,1.042,51.67,0.7627,10.99,2.457e-05,0.2251,3.003,1.295,2.333,0.2047,9.353,0.5991,8.598
2022-04-09T23:42:26,42710.85,3259.36,112.79,0.2634,17.34,66.5,19.77,95.99,6.282,178.08,0.5961,0.02417,0.00745,2.398,1.541,2.49,1.464,3.927,167.41,13.53,0.8337,1.587,0.5909,2.473,426.09,1.042,51.68,0.7627,10.99,2.458e-05,0.225,3.005,1.295,2.335,0.2047,9.365,0.6016,8.6
2022-04-09T23:42:56,42712.88,3260.43,112.9,0.2636,17.34,66.5,19.78,96.05,6.267,178.34,0.5959,0.02417,0.00745,2.398,1.541,2.49,1.465,3.927,167.54,13.53,0.8337,1.587,0.6069,2.474,426.2,1.042,51.7,0.7628,10.99,2.458e-05,0.2252,3.006,1.295,2.335,0.2047,9.377,0.6016,8.6
2022-04-09T23:43:26,42716.33,3260.34,112.86,0.2637,17.34,66.4,19.78,96.09,6.267,178.46,0.596,0.02418,0.00745,2.398,1.542,2.49,1.466,3.932,167.54,13.53,0.8337,1.587,0.6069,2.473,426.28,1.042,51.72,0.7625,10.99,2.458e-05,0.2252,3.005,1.298,2.335,0.2047,9.391,0.6005,8.605
2022-04-09T23:43:56,42704.07,3259.35,112.71,0.2637,17.34,66.6,19.76,96.02,6.267,178.18,0.596,0.02418,0.00745,2.398,1.542,2.49,1.464,3.927,167.51,13.53,0.8337,1.59,0.6069,2.474,426.18,1.042,51.71,0.7625,10.99,2.458e-05,0.2252,3.004,1.298,2.334,0.2046,9.384,0.5999,8.607
2022-04-09T23:44:26,42697.67,3259.04,112.71,0.2635,17.34,66.5,19.75,95.98,6.263,177.93,0.5961,0.02415,0.00745,2.398,1.542,2.49,1.464,3.934,167.52,13.53,0.8298,1.59,0.6069,2.473,426.06,1.041,51.7,0.7623,10.99,2.456e-05,0.2251,3.004,1.298,2.334,0.2046,9.37,0.5996,8.61
2022-04-09T23:44:56,42692.44,3258.94,112.7,0.2632,17.34,66.5,19.75,96.02,6.264,177.8,0.5961,0.02416,0.00745,2.398,1.542,2.49,1.464,3.93,167.44,13.53,0.8298,1.588,0.6069,2.473,426.01,1.042,51.71,0.7623,10.99,2.456e-05,0.2251,3.004,1.297,2.333,0.2047,9.37,0.6,8.603
2022-04-09T23:45:26,42693.75,3259.14,112.8,0.2631,17.33,66.5,19.78,96.1,6.26,177.93,0.5961,0.02414,0.007446,2.398,1.543,2.49,1.464,3.938,167.28,13.59,0.8298,1.588,0.6069,2.475,426.02,1.042,51.75,0.7626,10.99,2.457e-05,0.2251,3.007,1.298,2.334,0.2046,9.37,0.5998,8.605
2022-04-09T23:45:56,42683.29,3258.87,112.92,0.2632,17.23,66.6,19.76,96.15,6.262,178.22,0.5959,0.02411,0.007446,2.398,1.543,2.49,1.464,3.938,167.25,13.59,0.8327,1.589,0.6069,2.474,426.05,1.042,51.76,0.7627,10.99,2.456e-05,0.2261,3.007,1.3,2.336,0.2046,9.369,0.6,8.609
2022-04-09T23:46:26,42666.94,3258.17,112.87,0.2631,17.23,66.6,19.75,96.25,6.257,178.21,0.5959,0.02411,0.007446,2.394,1.542,2.49,1.464,3.938,167.29,13.6,0.8327,1.589,0.6069,2.474,426.04,1.042,51.74,0.7626,10.99,2.457e-05,0.2269,3.006,1.3,2.334,0.2045,9.365,0.6005,8.607
2022-04-09T23:46:56,42655.55,3257.08,112.7,0.2631,17.25,66.5,19.73,96.17,6.258,178.07,0.5959,0.02409,0.007446,2.394,1.543,2.49,1.463,3.927,167.19,13.6,0.8327,1.589,0.6069,2.47,425.73,1.041,51.72,0.7625,10.91,2.453e-05,0.2261,3.002,1.298,2.333,0.2045,9.359,0.6015,8.606
2022-04-09T23:47:26,42653.84,3257.03,112.74,0.2632,17.22,66.5,19.73,96.2,6.256,178.02,0.5959,0.02407,0.007446,2.394,1.543,2.49,1.463,3.931,167.15,13.6,0.8327,1.589,0.6069,2.471,425.61,1.041,51.71,0.7619,10.91,2.453e-05,0.2261,2.999,1.297,2.331,0.2044,9.357,0.6016,8.601
2022-04-09T23:47:56,42660.48,3257.12,112.75,0.2633,17.22,66.5,19.73,96.21,6.256,178.03,0.5959,0.0241,0.007435,2.394,1.542,2.49,1.463,3.931,167.16,13.6,0.8327,1.588,0.6069,2.471,425.65,1.041,51.64,0.7618,10.91,2.453e-05,0.2263,2.999,1.296,2.332,0.2044,9.352,0.6016,8.601
2022-04-09T23:48:26,42653.16,3256.99,112.75,0.2631,17.22,66.5,19.73,96.22,6.257,178,0.5959,0.02414,0.007435,2.394,1.542,2.49,1.463,3.933,167.15,13.6,0.8298,1.586,0.6069,2.471,425.86,1.041,51.63,0.7618,10.91,2.453e-05,0.2265,2.998,1.295,2.332,0.2044,9.35,0.6006,8.599
2022-04-09T23:48:56,42659.06,3256.95,112.71,0.2628,17.2,66.5,19.73,96.25,6.259,178.12,0.5959,0.02414,0.007435,2.394,1.542,2.49,1.463,3.927,167.1,13.6,0.8298,1.585,0.6069,2.47,425.8,1.04,51.6,0.7617,10.91,2.453e-05,0.2265,2.998,1.295,2.332,0.2044,9.353,0.6006,8.595
2022-04-09T23:49:26,42647.87,3256.54,112.64,0.2629,17.2,66.4,19.73,96.25,6.257,178.15,0.5957,0.02414,0.007435,2.394,1.542,2.49,1.462,3.928,167.07,13.6,0.8298,1.585,0.6069,2.469,425.88,1.04,51.6,0.7615,10.91,2.453e-05,0.2265,2.996,1.296,2.33,0.2044,9.358,0.6006,8.597
2022-04-09T23:49:56,42650.61,3256.54,112.65,0.2627,17.2,66.4,19.73,96.35,6.256,178.05,0.5958,0.02414,0.007435,2.394,1.542,2.49,1.462,3.928,167.06,13.6,0.8298,1.585,0.6069,2.47,425.79,1.04,51.58,0.7616,10.91,2.453e-05,0.2262,2.996,1.296,2.33,0.2045,9.364,0.6006,8.6
2022-04-09T23:50:26,42679.07,3259.93,112.76,0.2629,17.2,66.5,19.75,96.46,6.26,178.17,0.5958,0.02418,0.007435,2.394,1.541,2.49,1.463,3.931,167.16,13.6,0.8298,1.586,0.6069,2.473,425.85,1.043,51.63,0.7618,10.91,2.456e-05,0.2263,2.999,1.296,2.334,0.2046,9.367,0.5998,8.6
2022-04-09T23:50:56,42773.54,3265.44,113.02,0.2637,17.2,66.6,19.8,96.6,6.275,178.53,0.5959,0.02423,0.007435,2.394,1.543,2.49,1.465,3.931,167.41,13.6,0.8298,1.59,0.6069,2.476,426.52,1.044,51.68,0.7627,10.96,2.46e-05,0.2266,3.004,1.301,2.338,0.2049,9.368,0.5995,8.612
2022-04-09T23:51:26,42790.74,3265.56,113.21,0.2638,17.2,66.7,19.8,96.63,6.276,178.58,0.5959,0.02425,0.007435,2.394,1.542,2.49,1.465,3.943,167.47,13.6,0.8298,1.591,0.6069,2.475,426.46,1.044,51.69,0.763,10.97,2.461e-05,0.2265,3.004,1.302,2.338,0.2049,9.393,0.599,8.616
2022-04-09T23:51:56,42772.28,3264.42,113.06,0.2635,17.23,66.7,19.79,96.57,6.285,178.67,0.5959,0.02424,0.007435,2.394,1.542,2.49,1.465,3.939,167.36,13.6,0.8298,1.591,0.6069,2.475,426.42,1.044,51.72,0.7627,10.97,2.461e-05,0.2262,3.004,1.301,2.337,0.2048,9.395,0.5976,8.614
2022-04-09T23:52:26,42756.04,3262.4,112.9,0.2634,17.23,66.5,19.78,96.49,6.285,178.53,0.596,0.02424,0.007435,2.397,1.542,2.49,1.464,3.941,167.33,13.6,0.8274,1.591,0.6069,2.473,426.33,1.043,51.69,0.7626,10.97,2.458e-05,0.2257,3.001,1.299,2.336,0.2048,9.386,0.5981,8.616
2022-04-09T23:52:56,42738.99,3260.26,112.86,0.2634,17.27,66.5,19.77,96.49,6.27,178.45,0.596,0.02414,0.007444,2.397,1.542,2.49,1.463,3.941,167.25,13.6,0.8274,1.589,0.6069,2.471,426.24,1.043,51.68,0.7623,10.97,2.458e-05,0.2258,3,1.299,2.336,0.2047,9.373,0.5978,8.617
2022-04-09T23:53:26,42736.42,3260.29,112.98,0.2635,17.27,66.5,19.76,96.49,6.273,178.49,0.5972,0.02419,0.007444,2.397,1.542,2.49,1.463,3.946,167.21,13.6,0.8316,1.59,0.6069,2.472,426.25,1.043,51.67,0.7623,10.97,2.458e-05,0.2258,3.001,1.298,2.336,0.2048,9.381,0.5979,8.617
2022-04-09T23:53:56,42765.02,3262.72,113.2,0.2637,17.27,66.5,19.77,96.61,6.283,178.63,0.5972,0.02425,0.007444,2.397,1.544,2.49,1.464,3.95,167.28,13.6,0.8316,1.593,0.6069,2.473,426.41,1.044,51.66,0.7626,10.97,2.461e-05,0.2261,3.005,1.298,2.338,0.2049,9.396,0.5982,8.618
2022-04-09T23:54:26,42783.51,3263.15,113.21,0.2641,17.27,66.7,19.79,96.81,6.277,178.72,0.5972,0.02426,0.007444,2.397,1.544,2.49,1.465,3.946,167.37,13.6,0.8316,1.591,0.6069,2.473,426.82,1.045,51.73,0.763,10.99,2.462e-05,0.2261,3.005,1.299,2.339,0.2049,9.4,0.5979,8.618
2022-04-09T23:54:56,42780.39,3263.8,113.15,0.2642,17.27,66.6,19.79,96.87,6.286,178.73,0.5974,0.02426,0.007444,2.397,1.543,2.49,1.465,3.948,167.45,13.6,0.8316,1.593,0.6069,2.474,427.26,1.046,51.74,0.7631,10.99,2.462e-05,0.2258,3.006,1.299,2.339,0.2049,9.401,0.598,8.622
2022-04-09T23:55:26,42769.42,3262.4,113.06,0.2641,17.27,66.6,19.79,96.85,6.278,178.61,0.5972,0.02424,0.007444,2.397,1.543,2.49,1.464,3.945,167.41,13.6,0.8316,1.594,0.6069,2.473,427.09,1.045,51.75,0.7632,11.01,2.461e-05,0.2259,3.003,1.299,2.337,0.205,9.401,0.5974,8.624
2022-04-09T23:55:56,42761.44,3262.9,113.06,0.264,17.27,66.6,19.78,96.92,6.276,178.58,0.5972,0.02423,0.007444,2.397,1.542,2.49,1.464,3.949,167.24,13.6,0.8329,1.59,0.6069,2.472,426.89,1.045,51.75,0.7629,11,2.461e-05,0.2261,3.004,1.298,2.339,0.2049,9.398,0.5972,8.624
2022-04-09T23:56:26,42772.91,3261.28,112.92,0.264,17.27,66.6,19.78,97.07,6.276,178.41,0.5972,0.02422,0.007444,2.397,1.543,2.49,1.464,3.948,167.29,13.6,0.8329,1.59,0.6069,2.473,426.98,1.044,51.73,0.7628,11,2.461e-05,0.2261,3.003,1.298,2.338,0.2049,9.396,0.5973,8.625
2022-04-09T23:56:56,42775.09,3261.64,112.93,0.2642,17.27,66.7,19.78,97.08,6.283,178.42,0.5974,0.02424,0.007444,2.397,1.543,2.49,1.464,3.948,167.26,13.6,0.8329,1.591,0.6069,2.472,427.05,1.045,51.74,0.7628,11,2.461e-05,0.2259,3.005,1.299,2.339,0.2049,9.396,0.5967,8.631
2022-04-09T23:57:26,42779.87,3262.65,113.01,0.2643,17.27,66.6,19.78,97.34,6.275,178.43,0.5973,0.02424,0.007449,2.397,1.542,2.49,1.464,3.948,167.3,13.62,0.8329,1.591,0.5921,2.474,427.11,1.045,51.77,0.7631,11,2.461e-05,0.2259,3.005,1.3,2.339,0.2049,9.402,0.5977,8.637
2022-04-09T23:57:56,42774.15,3262.86,113.01,0.2643,17.27,66.6,19.79,97.35,6.279,178.46,0.5968,0.02425,0.007449,2.4,1.544,2.49,1.464,3.946,167.31,13.62,0.8329,1.591,0.5921,2.473,427.06,1.045,51.78,0.763,11,2.461e-05,0.2259,3.006,1.3,2.339,0.205,9.397,0.5973,8.635
2022-04-09T23:58:26,42763.4,3262.08,112.95,0.2639,17.27,66.6,19.77,97.45,6.275,178.41,0.5968,0.02423,0.007449,2.4,1.544,2.49,1.464,3.949,167.28,13.62,0.8329,1.591,0.5921,2.473,426.87,1.045,51.76,0.763,11,2.461e-05,0.2258,3.005,1.3,2.338,0.205,9.394,0.5972,8.636
2022-04-09T23:58:56,42755.81,3260.82,112.95,0.2641,17.26,66.6,19.77,97.45,6.277,178.28,0.5969,0.02423,0.007449,2.4,1.544,2.49,1.464,3.94,167.26,13.62,0.8341,1.592,0.5921,2.474,426.9,1.045,51.77,0.7629,11,2.461e-05,0.2259,3.004,1.3,2.338,0.205,9.4,0.5992,8.632
2022-04-09T23:59:26,42758.64,3260.46,112.98,0.2643,17.26,66.6,19.76,97.46,6.273,178.34,0.5974,0.02423,0.007449,2.4,1.544,2.49,1.464,3.95,167.25,13.62,0.8305,1.592,0.6139,2.474,426.87,1.045,51.76,0.7625,11,2.461e-05,0.2259,3.006,1.301,2.338,0.205,9.402,0.6007,8.633
2022-04-09T23:59:56,42745.92,3258.47,112.92,0.2641,17.26,66.6,19.75,97.44,6.282,178.24,0.5974,0.02422,0.007449,2.4,1.544,2.49,1.463,3.949,167.2,13.62,0.8305,1.592,0.6139,2.474,426.79,1.044,51.74,0.7622,11,2.46e-05,0.2259,3.003,1.3,2.338,0.2048,9.395,0.6008,8.632
