2022-04-12T00:00:26,39516.35,2979.5,99.75,0.2262,15.03,56.7,17.21,82.45,5.403,152.66,0.488,0.02083,0.006147,2.11,1.449,2.074,1.334,3.396,150.58,12.35,0.7406,1.51,0.5732,2.168,394.46,0.9196,45.14,0.6948,10.94,2.217e-05,0.1927,2.675,1.121,2.056,0.1865,7.723,0.4785,7.607
2022-04-12T00:00:56,39564.1,2984.42,99.98,0.2268,15.09,57,17.24,82.64,5.405,153,0.4891,0.02087,0.006141,2.117,1.45,2.076,1.338,3.414,150.82,12.35,0.7406,1.516,0.5732,2.171,395.1,0.9225,45.23,0.696,10.94,2.221e-05,0.1934,2.684,1.123,2.059,0.1868,7.733,0.4792,7.614
2022-04-12T00:01:26,39557.82,2984.5,99.97,0.2268,15.09,57,17.24,82.63,5.429,152.94,0.4891,0.02086,0.006141,2.117,1.454,2.075,1.338,3.411,150.75,12.29,0.7337,1.525,0.5732,2.173,395.04,0.9217,45.22,0.6961,10.96,2.221e-05,0.1932,2.683,1.124,2.059,0.1869,7.736,0.4792,7.619
2022-04-12T00:01:56,39616.48,2984.2,99.98,0.2269,15.08,57,17.25,82.78,5.424,152.93,0.4902,0.02085,0.006165,2.117,1.456,2.079,1.34,3.412,150.8,12.29,0.7363,1.519,0.5732,2.171,395.17,0.9234,45.19,0.6962,10.96,2.224e-05,0.1932,2.683,1.125,2.06,0.1869,7.739,0.4794,7.621
2022-04-12T00:02:26,39632.93,2987.22,100.16,0.2272,15.07,57,17.27,82.91,5.429,152.96,0.4895,0.02089,0.006163,2.122,1.456,2.08,1.34,3.41,151.02,12.29,0.742,1.523,0.5732,2.174,395.3,0.9236,45.24,0.6967,11.01,2.225e-05,0.1932,2.689,1.125,2.063,0.187,7.738,0.4798,7.62
2022-04-12T00:02:56,39621.16,2986.16,100.13,0.2273,15.09,57,17.27,82.96,5.455,152.95,0.4916,0.02088,0.006162,2.122,1.457,2.079,1.34,3.414,151.15,12.29,0.7419,1.517,0.5732,2.173,395.24,0.9243,45.26,0.6964,11.01,2.225e-05,0.1936,2.687,1.126,2.063,0.187,7.732,0.4798,7.62
2022-04-12T00:03:26,39620.21,2986.82,100.27,0.2272,15.09,57,17.26,82.91,5.453,153,0.4916,0.02085,0.006162,2.109,1.456,2.079,1.34,3.418,151.15,12.26,0.7419,1.517,0.5732,2.174,395.22,0.9237,45.27,0.6974,11.01,2.225e-05,0.1934,2.687,1.126,2.064,0.187,7.739,0.4799,7.618
2022-04-12T00:03:56,39638.03,2986.26,100.39,0.2272,15.1,57.1,17.27,82.94,5.45,152.94,0.4921,0.0209,0.006162,2.109,1.456,2.08,1.339,3.417,151.15,12.26,0.7419,1.513,0.5732,2.174,395.27,0.9249,45.25,0.6973,11.01,2.224e-05,0.1934,2.689,1.126,2.065,0.187,7.744,0.4799,7.62
2022-04-12T00:04:26,39647.36,2987.91,100.44,0.2275,15.11,56.9,17.29,82.95,5.454,153.06,0.4921,0.02091,0.006162,2.109,1.457,2.081,1.341,3.419,151.18,12.22,0.7419,1.516,0.5732,2.176,395.37,0.9251,45.32,0.6979,11.01,2.225e-05,0.1934,2.69,1.127,2.067,0.1871,7.756,0.4803,7.622
2022-04-12T00:04:56,39673.27,2988.37,100.46,0.2276,15.12,57,17.3,83.12,5.466,153.11,0.4949,0.02095,0.006162,2.109,1.456,2.082,1.342,3.419,151.15,12.22,0.7382,1.519,0.5732,2.177,395.4,0.9254,45.33,0.6981,11.04,2.226e-05,0.1941,2.691,1.127,2.068,0.1871,7.754,0.4803,7.627
2022-04-12T00:05:26,39658.38,2986.79,100.4,0.2275,15.12,56.9,17.35,83.19,5.468,153.23,0.4949,0.02093,0.006162,2.109,1.457,2.081,1.341,3.419,151.19,12.22,0.7382,1.519,0.5732,2.177,395.54,0.9254,45.32,0.6984,11.02,2.227e-05,0.1938,2.691,1.128,2.068,0.1871,7.753,0.4805,7.626
2022-04-12T00:05:56,39611.75,2985.51,100.29,0.2274,15.12,56.9,17.35,83.16,5.468,153,0.4949,0.02092,0.006179,2.109,1.458,2.078,1.34,3.419,151.14,12.22,0.7382,1.507,0.5732,2.177,395.42,0.925,45.28,0.698,11.04,2.226e-05,0.1937,2.688,1.127,2.067,0.187,7.743,0.4806,7.625
2022-04-12T00:06:26,39608.36,2984.13,100.15,0.2272,15.12,56.9,17.35,82.98,5.482,152.84,0.4942,0.02085,0.006184,2.109,1.459,2.077,1.34,3.419,150.95,12.22,0.7387,1.506,0.5732,2.177,395.33,0.9237,45.24,0.6975,10.99,2.224e-05,0.1935,2.685,1.125,2.065,0.1869,7.735,0.4806,7.621
2022-04-12T00:06:56,39593.9,2983.96,100.17,0.2271,15.12,57,17.35,82.91,5.491,152.74,0.4919,0.02079,0.006184,2.109,1.457,2.077,1.339,3.417,150.87,12.22,0.7387,1.507,0.5732,2.173,395.23,0.9234,45.21,0.6972,10.99,2.223e-05,0.1935,2.683,1.123,2.064,0.1869,7.724,0.4805,7.615
2022-04-12T00:07:26,39606.51,2984.95,100.18,0.2272,15.13,57,17.36,82.92,5.492,152.77,0.4919,0.0208,0.006184,2.109,1.456,2.077,1.34,3.417,150.88,12.22,0.7387,1.507,0.5732,2.173,395.25,0.9236,45.23,0.6971,10.99,2.225e-05,0.1936,2.684,1.123,2.064,0.1869,7.718,0.4801,7.617
2022-04-12T00:07:56,39543.03,2982.84,99.99,0.2272,15.13,56.7,17.36,82.53,5.478,152.56,0.4929,0.0208,0.006184,2.107,1.456,2.074,1.336,3.401,150.56,12.22,0.7387,1.504,0.5732,2.171,394.76,0.9208,45.17,0.6958,10.94,2.219e-05,0.1928,2.677,1.12,2.058,0.1867,7.71,0.4786,7.609
2022-04-12T00:08:26,39477.62,2975.85,99.73,0.2259,15.11,56.5,17.33,82.4,5.483,152.08,0.4908,0.02073,0.006184,2.107,1.452,2.071,1.334,3.4,150.35,12.22,0.7387,1.5,0.5732,2.165,393.92,0.9202,45.15,0.694,10.92,2.217e-05,0.1927,2.672,1.118,2.055,0.1864,7.704,0.4783,7.602
2022-04-12T00:08:56,39487.67,2974,99.7,0.2258,15.11,56.5,17.32,82.27,5.471,152.12,0.4908,0.02075,0.006184,2.107,1.451,2.072,1.333,3.403,150.43,12.22,0.7387,1.502,0.5732,2.164,393.78,0.9194,45.06,0.6936,10.89,2.214e-05,0.1923,2.672,1.118,2.055,0.1862,7.695,0.4774,7.59
2022-04-12T00:09:26,39497.87,2974.82,99.79,0.2258,15.09,56.5,17.32,82.1,5.468,152.15,0.4912,0.02075,0.006164,2.107,1.451,2.072,1.334,3.403,150.39,12.21,0.7387,1.502,0.5732,2.164,393.81,0.9191,45.07,0.6941,10.89,2.214e-05,0.1922,2.673,1.117,2.056,0.1862,7.695,0.4778,7.588
2022-04-12T00:09:56,39492.92,2974.2,99.75,0.2258,15.1,56.5,17.31,82.07,5.466,152.07,0.491,0.02076,0.006141,2.107,1.45,2.072,1.334,3.403,150.28,12.21,0.7387,1.502,0.5732,2.167,393.66,0.9193,45.08,0.6943,10.89,2.213e-05,0.1922,2.671,1.117,2.056,0.1863,7.682,0.4776,7.585
2022-04-12T00:10:26,39451.74,2972.84,99.68,0.2258,15.13,56.5,17.31,81.99,5.46,152.03,0.4905,0.02076,0.006075,2.107,1.45,2.065,1.333,3.399,150.36,12.22,0.7371,1.502,0.5728,2.164,393.53,0.9192,45.13,0.6943,10.89,2.212e-05,0.192,2.67,1.116,2.054,0.1862,7.676,0.4777,7.583
2022-04-12T00:10:56,39430.14,2972.02,99.57,0.2255,15.13,57,17.3,81.96,5.448,151.94,0.4905,0.02084,0.0061,2.105,1.448,2.063,1.333,3.398,150.35,12.22,0.7371,1.5,0.5728,2.163,393.32,0.919,45.09,0.6941,10.86,2.212e-05,0.1918,2.67,1.115,2.053,0.1862,7.67,0.4775,7.58
2022-04-12T00:11:26,39434.86,2970.35,99.62,0.2256,15.13,56.8,17.31,82.02,5.442,151.86,0.4921,0.02083,0.0061,2.105,1.447,2.064,1.334,3.398,150.57,12.22,0.7371,1.5,0.5728,2.163,393.34,0.9189,45.1,0.6943,10.86,2.211e-05,0.1918,2.67,1.115,2.053,0.1863,7.671,0.4778,7.575
2022-04-12T00:11:56,39448.27,2971.53,99.59,0.2253,15.13,56.9,17.31,82.02,5.438,151.84,0.4921,0.02083,0.006107,2.105,1.447,2.066,1.334,3.396,150.51,12.22,0.7372,1.493,0.5728,2.164,393.45,0.9193,45.07,0.6944,10.9,2.21e-05,0.1917,2.67,1.115,2.054,0.1863,7.675,0.4777,7.58
2022-04-12T00:12:26,39445.34,2972.18,99.64,0.2255,15.14,56.9,17.32,82.08,5.459,151.81,0.4921,0.02071,0.0061,2.105,1.447,2.065,1.333,3.397,150.59,12.22,0.7372,1.489,0.5728,2.164,393.48,0.9195,45.09,0.6949,10.9,2.211e-05,0.1917,2.67,1.116,2.054,0.1862,7.675,0.4781,7.585
2022-04-12T00:12:56,39415.48,2971.69,99.54,0.2255,15.14,56.9,17.33,82.05,5.458,151.65,0.4921,0.02068,0.0061,2.103,1.446,2.064,1.33,3.397,150.41,12.22,0.7372,1.487,0.5728,2.163,393.52,0.919,45.06,0.6944,10.87,2.21e-05,0.1916,2.67,1.116,2.053,0.1861,7.674,0.4784,7.584
2022-04-12T00:13:26,39417.67,2969,99.46,0.2252,15.14,56.8,17.33,82,5.455,151.6,0.4921,0.02069,0.006117,2.103,1.444,2.064,1.33,3.396,150.32,12.16,0.7372,1.487,0.5728,2.161,393.34,0.9186,45.03,0.6946,10.85,2.21e-05,0.1917,2.67,1.115,2.051,0.1862,7.671,0.4784,7.574
2022-04-12T00:13:56,39400.05,2966.06,99.39,0.2252,15.17,56.8,17.33,81.93,5.45,151.55,0.4909,0.02065,0.006117,2.103,1.445,2.062,1.328,3.396,150.22,12.16,0.7387,1.479,0.5728,2.161,393.15,0.9183,44.95,0.6944,10.85,2.209e-05,0.1914,2.667,1.114,2.05,0.186,7.663,0.4783,7.578
2022-04-12T00:14:26,39449.04,2969.97,99.62,0.2258,15.15,56.8,17.34,82.13,5.449,151.56,0.4931,0.02064,0.006102,2.105,1.447,2.031,1.328,3.396,150.68,12.16,0.7387,1.485,0.5728,2.167,393.55,0.9198,44.87,0.6944,10.89,2.208e-05,0.1919,2.669,1.114,2.052,0.1862,7.669,0.4785,7.572
2022-04-12T00:14:56,39528.3,2968.99,99.67,0.2261,15.15,56.8,17.39,82.23,5.451,152.05,0.4931,0.02073,0.006102,2.105,1.449,2.018,1.329,3.403,150.82,12.16,0.7387,1.491,0.5728,2.171,393.75,0.9207,44.91,0.6961,10.88,2.21e-05,0.1919,2.673,1.116,2.055,0.1864,7.675,0.4789,7.574
2022-04-12T00:15:26,39551.42,2970.92,99.69,0.2261,15.2,56.8,17.42,82.3,5.463,152.13,0.4915,0.02074,0.006133,2.118,1.448,2.022,1.334,3.406,150.8,12.16,0.7387,1.491,0.5728,2.172,393.99,0.9207,45.03,0.6969,10.88,2.212e-05,0.192,2.673,1.119,2.058,0.1866,7.689,0.4793,7.587
2022-04-12T00:15:56,39621.25,2977.68,100.04,0.2262,15.25,56.8,17.42,82.38,5.484,152.46,0.4958,0.02075,0.006135,2.122,1.451,2.019,1.336,3.415,150.98,12.16,0.7495,1.491,0.5728,2.176,394.76,0.9232,45.1,0.6987,10.88,2.213e-05,0.1926,2.676,1.122,2.059,0.187,7.693,0.4794,7.612
2022-04-12T00:16:26,39704.75,2983.18,100.09,0.227,15.25,57.5,17.43,82.58,5.479,152.69,0.4952,0.02087,0.006142,2.122,1.457,2.032,1.339,3.415,151.11,12.16,0.7495,1.491,0.5728,2.181,394.94,0.925,45.24,0.7022,10.94,2.224e-05,0.193,2.687,1.124,2.062,0.1873,7.71,0.4808,7.621
2022-04-12T00:16:56,39690.82,2983.13,100.17,0.2272,15.25,57.2,17.43,82.55,5.477,152.78,0.4952,0.02082,0.006142,2.123,1.456,2.035,1.34,3.433,151.11,12.17,0.7495,1.51,0.5728,2.179,395.21,0.9243,45.24,0.7017,10.95,2.224e-05,0.1931,2.685,1.124,2.061,0.1873,7.711,0.481,7.615
2022-04-12T00:17:26,39619.91,2980.33,99.92,0.2268,15.25,57.5,17.39,82.36,5.472,152.43,0.4947,0.02076,0.006155,2.119,1.454,2.031,1.337,3.427,150.88,12.2,0.7495,1.503,0.5728,2.174,395.09,0.9221,45.21,0.7003,10.95,2.221e-05,0.1925,2.682,1.121,2.056,0.187,7.692,0.4805,7.607
2022-04-12T00:17:56,39677.94,2982.69,100.35,0.2274,15.25,57.3,17.43,82.63,5.47,152.74,0.4938,0.02083,0.006152,2.119,1.456,2.032,1.34,3.422,151.23,12.2,0.7495,1.504,0.5728,2.182,395.31,0.9242,45.25,0.7018,10.96,2.221e-05,0.1932,2.686,1.124,2.062,0.1874,7.705,0.4819,7.615
2022-04-12T00:18:26,39691.32,2983.21,100.33,0.2274,15.25,57.3,17.43,82.57,5.478,152.67,0.4962,0.02086,0.006161,2.119,1.455,2.033,1.339,3.422,151.15,12.2,0.7495,1.493,0.5728,2.181,395.44,0.9249,45.26,0.7017,10.97,2.222e-05,0.1931,2.686,1.123,2.061,0.1873,7.713,0.4813,7.612
2022-04-12T00:18:56,39696.35,2983.95,100.29,0.2276,15.25,57.3,17.43,82.57,5.476,152.67,0.4962,0.02088,0.006161,2.119,1.455,2.03,1.34,3.441,151.12,12.2,0.7495,1.489,0.5728,2.182,395.62,0.9258,45.24,0.7015,10.97,2.226e-05,0.1931,2.688,1.124,2.062,0.1874,7.72,0.4818,7.618
2022-04-12T00:19:26,39612.84,2983.33,100.26,0.2272,15.25,57.3,17.39,82.47,5.472,152.45,0.4966,0.02087,0.006161,2.117,1.455,2.026,1.339,3.454,151.03,12.2,0.7489,1.489,0.5728,2.18,395.43,0.9255,45.2,0.7006,10.95,2.224e-05,0.1931,2.688,1.124,2.062,0.1873,7.707,0.4814,7.613
2022-04-12T00:19:56,39616.76,2980.74,100.11,0.2273,15.25,57.3,17.39,82.48,5.458,152.51,0.4948,0.02078,0.006161,2.117,1.452,2.024,1.339,3.44,151.05,12.2,0.7489,1.484,0.5728,2.18,395.42,0.9242,45.15,0.7003,10.95,2.222e-05,0.1928,2.684,1.124,2.06,0.1875,7.706,0.4812,7.613
2022-04-12T00:20:26,39619.82,2980.68,100.06,0.2273,15.25,57.2,17.38,82.37,5.452,152.42,0.4944,0.02079,0.006161,2.117,1.453,2.027,1.338,3.442,150.99,12.21,0.7489,1.483,0.5728,2.18,395.26,0.9235,45.11,0.7003,10.95,2.222e-05,0.1928,2.683,1.123,2.06,0.1873,7.703,0.4809,7.605
2022-04-12T00:20:56,39628.62,2981.62,100.17,0.2275,15.26,57.2,17.38,82.39,5.45,152.46,0.4944,0.0208,0.006161,2.117,1.452,2.022,1.339,3.452,151.07,12.21,0.7489,1.483,0.5728,2.182,395.41,0.9236,45.12,0.7003,10.95,2.222e-05,0.1928,2.683,1.123,2.061,0.1874,7.708,0.4811,7.609
2022-04-12T00:21:26,39635.23,2983.43,100.19,0.2278,15.26,57.2,17.4,82.49,5.45,152.62,0.4944,0.02081,0.006195,2.117,1.452,2.025,1.341,3.452,151.14,12.18,0.7489,1.478,0.5728,2.183,395.57,0.9243,45.14,0.7005,10.95,2.224e-05,0.1928,2.686,1.124,2.063,0.1875,7.717,0.481,7.612
2022-04-12T00:21:56,39618.32,2981.23,100.16,0.2276,15.26,57.2,17.38,82.42,5.46,152.51,0.4944,0.02081,0.006181,2.117,1.452,2.024,1.34,3.458,151.05,12.18,0.7489,1.478,0.5728,2.181,395.32,0.9249,45.16,0.7004,10.95,2.224e-05,0.1928,2.685,1.123,2.062,0.1875,7.717,0.4809,7.609
2022-04-12T00:22:26,39637.45,2982.06,100.35,0.2281,15.26,57.2,17.39,82.46,5.453,152.52,0.4944,0.02082,0.006181,2.117,1.452,2.025,1.341,3.454,151.11,12.18,0.7489,1.469,0.5728,2.183,395.56,0.9255,45.21,0.7007,10.95,2.224e-05,0.1928,2.686,1.125,2.063,0.1875,7.72,0.4809,7.612
2022-04-12T00:22:56,39668.16,2987.27,100.44,0.2285,15.29,57.2,17.41,82.59,5.468,152.74,0.4944,0.02085,0.006181,2.117,1.454,2.025,1.341,3.463,151.18,12.18,0.7489,1.475,0.5728,2.185,395.8,0.9263,45.25,0.701,10.98,2.227e-05,0.1935,2.691,1.126,2.066,0.1878,7.726,0.481,7.624
2022-04-12T00:23:26,39663.63,2986.91,100.45,0.2285,15.29,57.2,17.41,82.63,5.466,152.73,0.4943,0.02087,0.006181,2.117,1.454,2.025,1.343,3.463,151.3,12.18,0.7489,1.471,0.5728,2.188,395.93,0.927,45.24,0.7015,10.97,2.226e-05,0.1933,2.691,1.125,2.066,0.1879,7.726,0.4815,7.63
2022-04-12T00:23:56,39669.67,2988.15,100.47,0.2284,15.27,57.2,17.43,82.72,5.467,152.8,0.4943,0.02089,0.006181,2.117,1.453,2.02,1.345,3.469,151.31,12.18,0.7489,1.472,0.5728,2.189,396.25,0.927,45.28,0.7019,11.02,2.227e-05,0.1934,2.692,1.126,2.067,0.1879,7.726,0.4818,7.63
2022-04-12T00:24:26,39675.35,2987.88,100.52,0.2287,15.27,57.4,17.44,82.72,5.466,152.88,0.4943,0.02088,0.006181,2.117,1.453,2.02,1.344,3.463,151.34,12.18,0.7489,1.474,0.5728,2.19,396.28,0.927,45.27,0.702,11.02,2.229e-05,0.1938,2.693,1.126,2.068,0.1879,7.727,0.4818,7.635
2022-04-12T00:24:56,39680.08,2987.7,100.49,0.2288,15.27,57.4,17.43,82.74,5.465,152.84,0.4943,0.02088,0.006211,2.117,1.453,2.021,1.344,3.468,151.29,12.18,0.7524,1.474,0.5728,2.189,396.23,0.9275,45.28,0.7019,11.02,2.228e-05,0.1935,2.692,1.126,2.067,0.188,7.727,0.4817,7.638
2022-04-12T00:25:26,39666.46,2987.11,100.47,0.2292,15.27,57.4,17.43,82.73,5.47,152.85,0.4943,0.02086,0.006217,2.117,1.453,2.025,1.344,3.475,151.29,12.18,0.7524,1.474,0.5728,2.189,396.12,0.9272,45.29,0.7017,11.01,2.228e-05,0.1935,2.691,1.126,2.067,0.188,7.725,0.4819,7.635
2022-04-12T00:25:56,39681.77,2987.7,100.39,0.2293,15.27,57.5,17.44,82.79,5.475,152.86,0.4953,0.02084,0.006217,2.116,1.453,2.019,1.345,3.475,151.34,12.18,0.7521,1.477,0.5728,2.189,396.18,0.9267,45.33,0.7016,11.01,2.229e-05,0.1935,2.692,1.127,2.069,0.188,7.728,0.4822,7.627
2022-04-12T00:26:26,39681.48,2987.84,100.42,0.2293,15.27,57.4,17.44,82.82,5.472,152.83,0.4958,0.02087,0.006205,2.116,1.453,2.019,1.345,3.475,151.38,12.2,0.7521,1.477,0.5728,2.191,396.18,0.9268,45.31,0.7013,11.01,2.229e-05,0.1935,2.694,1.127,2.07,0.188,7.729,0.4825,7.631
2022-04-12T00:26:56,39678.03,2988.7,100.4,0.2298,15.34,57.5,17.44,82.83,5.472,152.83,0.4958,0.02086,0.006205,2.116,1.453,2.022,1.345,3.486,151.51,12.2,0.7521,1.477,0.5728,2.193,396.29,0.9268,45.3,0.7013,11.01,2.23e-05,0.1935,2.694,1.127,2.07,0.188,7.729,0.4822,7.631
2022-04-12T00:27:26,39686.25,2989.33,100.43,0.2299,15.3,57.5,17.45,82.88,5.475,152.89,0.4958,0.02086,0.006217,2.116,1.453,2.022,1.346,3.486,151.52,12.18,0.7521,1.477,0.5728,2.193,396.41,0.9277,45.37,0.7015,11.01,2.231e-05,0.1937,2.695,1.128,2.07,0.188,7.735,0.4824,7.636
2022-04-12T00:27:56,39690.56,2988.84,100.56,0.2298,15.33,57.4,17.48,82.9,5.472,152.95,0.4958,0.0209,0.006206,2.116,1.454,2.025,1.346,3.49,151.5,12.18,0.7521,1.478,0.5728,2.194,396.62,0.9279,45.43,0.7021,11.01,2.234e-05,0.1939,2.695,1.128,2.07,0.1881,7.741,0.4826,7.637
2022-04-12T00:28:26,39679.91,2988.49,100.45,0.2297,15.33,57.4,17.46,82.88,5.474,152.81,0.4958,0.0209,0.006206,2.116,1.453,2.03,1.345,3.48,151.42,12.18,0.7521,1.478,0.5728,2.193,396.59,0.9274,45.41,0.7019,11.01,2.232e-05,0.1938,2.696,1.128,2.068,0.188,7.739,0.4828,7.634
2022-04-12T00:28:56,39648.78,2987.34,100.36,0.2292,15.31,57.4,17.44,82.81,5.474,152.58,0.4958,0.02089,0.006206,2.114,1.453,2.033,1.342,3.482,151.27,12.18,0.7521,1.475,0.5728,2.192,396.21,0.9261,45.4,0.7008,11.01,2.23e-05,0.1937,2.694,1.126,2.067,0.1881,7.73,0.4819,7.63
2022-04-12T00:29:26,39654.59,2986.58,100.32,0.2292,15.31,57.4,17.43,82.79,5.47,152.56,0.4958,0.02085,0.006206,2.113,1.451,2.033,1.343,3.49,151.23,12.18,0.7521,1.475,0.5728,2.191,396.11,0.9255,45.4,0.7004,11.01,2.229e-05,0.1933,2.694,1.126,2.067,0.1879,7.731,0.482,7.629
2022-04-12T00:29:56,39666.52,2987.33,100.39,0.2293,15.31,57.3,17.43,82.82,5.473,152.58,0.4942,0.02084,0.006206,2.113,1.451,2.034,1.344,3.481,151.27,12.18,0.7521,1.473,0.5728,2.194,396.23,0.926,45.38,0.7007,11.02,2.23e-05,0.1938,2.695,1.125,2.068,0.188,7.724,0.4818,7.629
2022-04-12T00:30:26,39690.37,2989.23,100.51,0.2293,15.31,57.3,17.45,82.98,5.475,152.83,0.4942,0.02085,0.006206,2.113,1.452,2.035,1.345,3.491,151.41,12.18,0.7521,1.477,0.5728,2.195,396.16,0.9271,45.46,0.7012,11.02,2.231e-05,0.1937,2.701,1.127,2.07,0.1881,7.738,0.4824,7.63
2022-04-12T00:30:56,39696.13,2989.76,100.52,0.2298,15.31,57.4,17.46,83,5.481,152.9,0.4946,0.02089,0.006203,2.115,1.453,2.036,1.346,3.486,151.52,12.18,0.7521,1.477,0.5728,2.197,396.45,0.9292,45.47,0.7017,11.02,2.232e-05,0.1942,2.706,1.128,2.074,0.1882,7.742,0.4828,7.636
2022-04-12T00:31:26,39694.22,2989.53,100.57,0.2298,15.29,57.4,17.47,83.05,5.481,152.95,0.4946,0.02087,0.006208,2.115,1.454,2.036,1.347,3.484,151.54,12.18,0.7521,1.477,0.5728,2.197,396.55,0.9286,45.51,0.7016,11.09,2.235e-05,0.1942,2.708,1.128,2.074,0.1882,7.748,0.4832,7.633
2022-04-12T00:31:56,39672.25,2987.75,100.48,0.2299,15.29,57.3,17.45,82.99,5.475,152.78,0.4946,0.02085,0.006206,2.115,1.454,2.037,1.346,3.484,151.52,12.21,0.7551,1.478,0.5728,2.196,396.47,0.9284,45.5,0.701,11.09,2.234e-05,0.1941,2.705,1.127,2.074,0.1882,7.741,0.4834,7.626
2022-04-12T00:32:26,39663.69,2987.6,100.5,0.2297,15.29,57.4,17.45,83.05,5.474,152.79,0.4946,0.02083,0.006206,2.115,1.454,2.039,1.345,3.483,151.53,12.21,0.7551,1.478,0.5728,2.194,396.43,0.9278,45.5,0.7007,11.06,2.231e-05,0.1941,2.704,1.127,2.073,0.1881,7.741,0.4834,7.622
2022-04-12T00:32:56,39671.95,2987.38,100.51,0.2293,15.29,57.4,17.44,83.1,5.474,152.75,0.4946,0.02083,0.006217,2.115,1.454,2.039,1.346,3.485,151.49,12.21,0.7551,1.478,0.5728,2.193,396.02,0.9276,45.49,0.7008,11.06,2.232e-05,0.1941,2.704,1.127,2.074,0.1881,7.745,0.4827,7.619
2022-04-12T00:33:26,39711.43,2991.04,100.62,0.2299,15.29,57.4,17.45,83.17,5.482,153.09,0.4968,0.02088,0.006217,2.116,1.454,2.041,1.348,3.488,151.63,12.21,0.7551,1.478,0.5728,2.198,396.62,0.9283,45.55,0.7015,11.1,2.234e-05,0.1946,2.706,1.129,2.077,0.1883,7.745,0.4832,7.622
2022-04-12T00:33:56,39713.84,2989.77,100.62,0.2298,15.37,57.4,17.46,83.21,5.484,152.86,0.4985,0.02088,0.006217,2.116,1.456,2.041,1.346,3.493,151.61,12.21,0.7551,1.481,0.5728,2.193,396.69,0.9282,45.58,0.7018,11.09,2.234e-05,0.1946,2.709,1.129,2.076,0.1882,7.755,0.4831,7.622
2022-04-12T00:34:26,39650.12,2988.25,100.31,0.2295,15.37,57.4,17.41,83.11,5.464,152.55,0.4985,0.02079,0.006217,2.116,1.454,2.033,1.344,3.472,151.27,12.21,0.7551,1.479,0.5728,2.19,396.33,0.9265,45.55,0.701,11.09,2.23e-05,0.1939,2.702,1.127,2.072,0.188,7.735,0.4829,7.622
2022-04-12T00:34:56,39629.65,2983.03,100.23,0.2294,15.31,57.4,17.41,82.88,5.463,152.46,0.4961,0.02077,0.006217,2.116,1.453,2.033,1.343,3.482,151.25,12.21,0.7635,1.479,0.5728,2.189,395.71,0.9262,45.51,0.7001,11.05,2.228e-05,0.1938,2.699,1.124,2.071,0.1879,7.728,0.4823,7.624
2022-04-12T00:35:26,39630.07,2982.56,100.14,0.2292,15.3,57.4,17.39,82.91,5.463,152.42,0.4951,0.02079,0.0062,2.116,1.453,2.033,1.342,3.482,151.26,12.21,0.7635,1.479,0.5728,2.189,395.58,0.9262,45.5,0.7,11.02,2.228e-05,0.1938,2.699,1.124,2.071,0.1879,7.725,0.4821,7.623
2022-04-12T00:35:56,39635.09,2982.8,100.23,0.2293,15.31,57.4,17.4,82.9,5.459,152.5,0.496,0.02085,0.0062,2.118,1.453,2.033,1.343,3.482,151.28,12.21,0.7635,1.479,0.5728,2.19,395.57,0.9263,45.52,0.7001,11.02,2.228e-05,0.1938,2.701,1.125,2.071,0.1881,7.726,0.4819,7.628
2022-04-12T00:36:26,39636.8,2983.31,100.13,0.2293,15.31,57.4,17.39,82.84,5.469,152.53,0.496,0.02084,0.0062,2.118,1.452,2.033,1.343,3.482,151.22,12.21,0.7601,1.481,0.5728,2.19,395.64,0.9264,45.52,0.7,11.02,2.228e-05,0.1938,2.7,1.124,2.071,0.1881,7.727,0.4817,7.623
2022-04-12T00:36:56,39656.6,2985.12,100.16,0.2297,15.31,57.4,17.4,82.98,5.462,152.55,0.4951,0.02084,0.0062,2.118,1.452,2.034,1.344,3.489,151.3,12.21,0.7601,1.481,0.5728,2.194,395.63,0.9281,45.55,0.7007,11.05,2.229e-05,0.1938,2.703,1.126,2.074,0.1882,7.728,0.4821,7.625
2022-04-12T00:37:26,39652.15,2984.03,100.23,0.2298,15.31,57.4,17.42,83.05,5.463,152.63,0.4956,0.02085,0.0062,2.118,1.453,2.034,1.343,3.491,151.28,12.21,0.7601,1.481,0.5728,2.194,395.76,0.9278,45.57,0.7006,11.05,2.228e-05,0.1938,2.702,1.127,2.074,0.1883,7.734,0.4818,7.627
2022-04-12T00:37:56,39656.88,2982.96,100.27,0.2296,15.31,57.4,17.41,83.09,5.461,152.66,0.4952,0.02084,0.006205,2.118,1.452,2.035,1.344,3.487,151.28,12.18,0.7601,1.481,0.5728,2.194,395.63,0.9272,45.54,0.7005,11.02,2.228e-05,0.194,2.702,1.127,2.073,0.1883,7.739,0.4819,7.628
2022-04-12T00:38:26,39657.62,2981.4,100.26,0.2294,15.31,57.4,17.41,83.06,5.45,152.58,0.4952,0.02084,0.006205,2.118,1.452,2.038,1.343,3.491,151.23,12.18,0.7601,1.485,0.5728,2.194,395.68,0.9275,45.53,0.7004,11.01,2.227e-05,0.1939,2.702,1.127,2.073,0.1883,7.739,0.4819,7.623
2022-04-12T00:38:56,39647.79,2980.88,100.23,0.2292,15.3,57.4,17.41,83.03,5.441,152.52,0.4948,0.02081,0.006205,2.114,1.452,2.037,1.342,3.493,151.22,12.21,0.7569,1.481,0.5728,2.194,395.61,0.9264,45.52,0.7002,11.01,2.226e-05,0.1939,2.702,1.127,2.071,0.1883,7.739,0.4816,7.622
2022-04-12T00:39:26,39689.58,2984.57,100.53,0.2299,15.29,57.4,17.42,83.11,5.447,152.67,0.4937,0.02086,0.006205,2.118,1.451,2.04,1.344,3.493,151.28,12.21,0.7569,1.485,0.5728,2.195,395.98,0.9281,45.52,0.7011,11.02,2.227e-05,0.1939,2.705,1.128,2.073,0.1885,7.756,0.4821,7.628
2022-04-12T00:39:56,39741.69,2987.43,100.57,0.2304,15.33,57.6,17.44,83.19,5.463,153.19,0.4949,0.02089,0.006205,2.118,1.453,2.042,1.347,3.493,151.61,12.21,0.76,1.481,0.5728,2.2,396.25,0.9303,45.54,0.7023,11.05,2.231e-05,0.1946,2.71,1.13,2.078,0.1888,7.762,0.4828,7.632
2022-04-12T00:40:26,39742.17,2987.64,100.59,0.2304,15.33,58,17.46,83.26,5.462,153.17,0.4949,0.02088,0.006205,2.118,1.453,2.042,1.348,3.509,151.61,12.21,0.76,1.485,0.5728,2.201,396.54,0.9297,45.64,0.7023,11.05,2.232e-05,0.1948,2.711,1.131,2.079,0.1888,7.762,0.4833,7.635
2022-04-12T00:40:56,39777.93,2989.06,100.77,0.2305,15.36,58,17.46,83.39,5.464,153.39,0.4948,0.02087,0.006205,2.118,1.453,2.047,1.348,3.511,151.69,12.21,0.76,1.484,0.5728,2.202,396.92,0.9304,45.66,0.7029,11.05,2.235e-05,0.1951,2.714,1.132,2.081,0.1889,7.764,0.4834,7.642
2022-04-12T00:41:26,39778.62,2990.71,100.78,0.2304,15.33,58.1,17.46,83.43,5.463,153.29,0.4948,0.02088,0.006205,2.118,1.453,2.047,1.348,3.515,151.7,12.21,0.76,1.484,0.5728,2.2,396.9,0.931,45.67,0.703,11.05,2.235e-05,0.1949,2.714,1.132,2.08,0.189,7.765,0.4834,7.642
2022-04-12T00:41:56,39765.04,2990.82,100.76,0.2304,15.33,58.1,17.46,83.45,5.472,153.33,0.4948,0.02087,0.006205,2.118,1.454,2.044,1.349,3.509,151.71,12.21,0.7584,1.484,0.5728,2.2,396.9,0.9312,45.66,0.7035,11.05,2.236e-05,0.195,2.713,1.132,2.081,0.1891,7.764,0.4833,7.643
2022-04-12T00:42:26,39777.81,2991.36,100.78,0.2304,15.33,58.1,17.46,83.5,5.468,153.31,0.4949,0.02087,0.006205,2.118,1.455,2.045,1.349,3.517,151.74,12.21,0.7584,1.487,0.5728,2.202,396.9,0.9313,45.7,0.7037,11.05,2.237e-05,0.195,2.714,1.133,2.083,0.1892,7.767,0.4833,7.648
2022-04-12T00:42:56,39778.7,2991.34,100.81,0.2305,15.33,58.1,17.46,83.49,5.472,153.4,0.5004,0.02088,0.006202,2.124,1.455,2.04,1.349,3.525,151.76,12.21,0.7584,1.489,0.5728,2.202,396.89,0.9317,45.75,0.7036,11.05,2.237e-05,0.1952,2.716,1.133,2.083,0.1892,7.772,0.4833,7.647
2022-04-12T00:43:26,39803.23,2991.84,100.96,0.2305,15.33,58.1,17.47,83.45,5.476,153.42,0.5014,0.02092,0.006202,2.124,1.456,2.041,1.349,3.525,151.8,12.21,0.7634,1.488,0.5728,2.202,396.91,0.9322,45.75,0.704,11.05,2.237e-05,0.1953,2.717,1.134,2.085,0.1891,7.774,0.4833,7.649
2022-04-12T00:43:56,39821.94,2994.09,101.02,0.2307,15.38,58.2,17.49,83.37,5.482,153.49,0.502,0.02096,0.006202,2.124,1.456,2.042,1.349,3.528,151.77,12.21,0.7634,1.494,0.5728,2.203,396.96,0.9324,45.77,0.704,11.05,2.237e-05,0.1953,2.717,1.135,2.086,0.1892,7.779,0.4836,7.65
2022-04-12T00:44:26,39802.63,2992.34,100.9,0.2306,15.38,58.2,17.49,83.33,5.476,153.42,0.502,0.02093,0.006202,2.126,1.455,2.041,1.35,3.528,151.8,12.21,0.7595,1.493,0.5728,2.202,396.95,0.932,45.76,0.7038,11.05,2.237e-05,0.1952,2.715,1.134,2.085,0.1891,7.78,0.4834,7.649
2022-04-12T00:44:56,39772.82,2991.24,100.87,0.2305,15.38,58.1,17.48,83.24,5.465,153.39,0.501,0.0209,0.006202,2.126,1.455,2.04,1.348,3.542,151.67,12.21,0.7589,1.489,0.5398,2.201,396.69,0.9313,45.73,0.7038,11.05,2.237e-05,0.195,2.713,1.134,2.084,0.189,7.774,0.4837,7.651
2022-04-12T00:45:26,39737.89,2988.96,100.76,0.2305,15.38,58.1,17.48,83.2,5.471,153.36,0.5021,0.02095,0.006224,2.126,1.455,2.038,1.347,3.539,151.77,12.21,0.7589,1.488,0.5398,2.199,396.52,0.9297,45.73,0.7035,11.05,2.237e-05,0.195,2.711,1.132,2.083,0.189,7.773,0.4836,7.648
2022-04-12T00:45:56,39791.43,2993.1,101,0.2307,15.38,58.1,17.48,83.21,5.468,153.32,0.5014,0.021,0.006213,2.126,1.453,2.046,1.349,3.554,151.86,12.21,0.7589,1.494,0.5398,2.205,396.98,0.9319,45.76,0.7048,11.05,2.239e-05,0.1953,2.714,1.135,2.087,0.1891,7.781,0.4842,7.651
2022-04-12T00:46:26,39767.59,2990.91,100.88,0.2305,15.38,58.1,17.48,83.22,5.481,153.37,0.5014,0.02102,0.006213,2.126,1.453,2.045,1.349,3.562,151.85,12.21,0.7589,1.492,0.5398,2.205,396.75,0.9323,45.76,0.7044,11.04,2.239e-05,0.1953,2.714,1.136,2.087,0.1892,7.782,0.4846,7.65
2022-04-12T00:46:56,39786.71,2992.94,100.96,0.2307,15.38,57.8,17.48,83.29,5.473,153.35,0.5022,0.021,0.006215,2.126,1.454,2.047,1.349,3.555,151.9,12.21,0.7589,1.492,0.5398,2.205,396.98,0.9315,45.77,0.7045,11.04,2.238e-05,0.1952,2.715,1.136,2.088,0.1893,7.784,0.4847,7.651
2022-04-12T00:47:26,39778.28,2992.16,100.87,0.2306,15.38,57.7,17.48,83.29,5.481,153.31,0.5021,0.02098,0.006215,2.126,1.453,2.046,1.35,3.553,151.91,12.21,0.7589,1.493,0.5398,2.204,396.93,0.931,45.76,0.7042,11.04,2.239e-05,0.1951,2.712,1.135,2.087,0.1892,7.78,0.4846,7.65
2022-04-12T00:47:56,39770.04,2991.42,100.76,0.2301,15.38,57.7,17.47,83.32,5.482,153.23,0.502,0.021,0.006215,2.126,1.452,2.048,1.349,3.537,151.87,12.32,0.7605,1.49,0.5398,2.203,396.92,0.9309,45.76,0.7041,11.04,2.238e-05,0.1951,2.712,1.134,2.087,0.1892,7.778,0.4845,7.651
2022-04-12T00:48:26,39759.73,2990.69,100.83,0.2301,15.38,57.7,17.47,83.34,5.482,153.27,0.5008,0.021,0.006215,2.126,1.452,2.05,1.35,3.549,151.81,12.32,0.7605,1.49,0.5398,2.204,396.86,0.932,45.72,0.7042,11.04,2.237e-05,0.1952,2.712,1.134,2.088,0.1891,7.771,0.4845,7.651
2022-04-12T00:48:56,39743.6,2990.07,100.79,0.2301,15.38,57.7,17.46,83.34,5.487,153.22,0.5002,0.02099,0.006215,2.126,1.453,2.05,1.348,3.562,151.76,12.32,0.7605,1.489,0.5398,2.202,396.71,0.9314,45.69,0.7043,11.04,2.238e-05,0.1951,2.712,1.133,2.087,0.1891,7.766,0.4846,7.651
2022-04-12T00:49:26,39731.61,2988.27,100.73,0.2301,15.35,57.8,17.45,83.31,5.479,153.1,0.5003,0.02099,0.006223,2.126,1.452,2.049,1.349,3.55,151.65,12.32,0.7605,1.49,0.5398,2.201,396.51,0.9304,45.66,0.7039,11.04,2.237e-05,0.1949,2.71,1.132,2.086,0.189,7.76,0.4842,7.644
2022-04-12T00:49:56,39730.4,2989.74,100.76,0.2298,15.35,57.8,17.45,83.27,5.472,153.18,0.5003,0.02098,0.006223,2.126,1.451,2.049,1.349,3.554,151.75,12.32,0.7661,1.49,0.5398,2.204,396.62,0.9307,45.66,0.704,11.04,2.237e-05,0.1949,2.712,1.132,2.087,0.189,7.757,0.4843,7.64
2022-04-12T00:50:26,39744.67,2990.45,100.95,0.23,15.35,57.8,17.46,83.4,5.476,153.29,0.5003,0.02101,0.006223,2.126,1.452,2.05,1.349,3.565,151.84,12.32,0.7714,1.482,0.5398,2.206,396.76,0.931,45.67,0.7046,11.04,2.238e-05,0.1949,2.715,1.134,2.088,0.1892,7.772,0.4849,7.64
2022-04-12T00:50:56,39721.53,2988.59,100.72,0.2295,15.35,57.8,17.45,83.31,5.471,153.05,0.5003,0.02092,0.006223,2.126,1.453,2.049,1.347,3.557,151.57,12.32,0.7714,1.479,0.5398,2.203,396.48,0.9301,45.64,0.7036,11,2.236e-05,0.1948,2.714,1.132,2.086,0.189,7.762,0.4841,7.639
2022-04-12T00:51:26,39707.73,2988.26,100.69,0.2294,15.35,57.8,17.44,83.29,5.464,153.04,0.5022,0.02093,0.006223,2.126,1.453,2.048,1.347,3.557,151.58,12.32,0.7714,1.482,0.5398,2.202,396.39,0.9301,45.62,0.7034,10.99,2.235e-05,0.1948,2.711,1.132,2.085,0.189,7.758,0.484,7.641
2022-04-12T00:51:56,39706.94,2988.2,100.68,0.2293,15.35,57.8,17.43,83.25,5.467,152.99,0.5022,0.02094,0.006221,2.126,1.452,2.049,1.347,3.557,151.58,12.32,0.7714,1.494,0.5398,2.201,396.39,0.9303,45.6,0.7032,10.99,2.235e-05,0.1948,2.711,1.131,2.083,0.189,7.758,0.4839,7.641
2022-04-12T00:52:26,39713.49,2988.23,100.66,0.2292,15.35,57.7,17.43,83.27,5.467,153.02,0.5022,0.02095,0.006221,2.122,1.452,2.05,1.347,3.557,151.6,12.32,0.7702,1.489,0.5398,2.199,396.39,0.9302,45.61,0.7032,10.99,2.236e-05,0.1947,2.711,1.131,2.084,0.1891,7.758,0.4837,7.634
2022-04-12T00:52:56,39713.84,2987.84,100.54,0.2293,15.38,57.7,17.43,83.26,5.476,152.97,0.5022,0.02097,0.006207,2.122,1.453,2.053,1.347,3.552,151.63,12.32,0.7702,1.491,0.5398,2.199,396.43,0.9298,45.61,0.7034,10.99,2.236e-05,0.1947,2.709,1.131,2.084,0.1891,7.76,0.4833,7.639
2022-04-12T00:53:26,39707.67,2986.72,100.53,0.2293,15.38,57.6,17.42,83.29,5.47,152.99,0.5022,0.02095,0.006207,2.122,1.453,2.053,1.346,3.56,151.55,12.32,0.7706,1.491,0.5398,2.199,396.36,0.93,45.61,0.7032,11,2.237e-05,0.1947,2.709,1.13,2.082,0.1891,7.761,0.4827,7.639
2022-04-12T00:53:56,39716.81,2987,100.56,0.2289,15.38,57.6,17.42,83.32,5.474,153.01,0.5022,0.02095,0.006207,2.124,1.453,2.054,1.346,3.563,151.56,12.32,0.7706,1.491,0.5398,2.199,396.18,0.9301,45.61,0.7032,11,2.236e-05,0.1947,2.709,1.13,2.082,0.1891,7.765,0.4828,7.64
2022-04-12T00:54:26,39701.7,2985.14,100.5,0.2288,15.37,57.6,17.42,83.3,5.466,152.94,0.4993,0.02095,0.006207,2.124,1.452,2.055,1.345,3.563,151.49,12.32,0.7706,1.485,0.5398,2.198,396.16,0.9291,45.61,0.7028,11,2.235e-05,0.1947,2.708,1.129,2.082,0.1891,7.765,0.4824,7.64
2022-04-12T00:54:56,39682.81,2984.93,100.54,0.2288,15.34,57.6,17.42,83.21,5.463,152.96,0.4993,0.02093,0.006207,2.124,1.451,2.056,1.344,3.552,151.43,12.28,0.7706,1.487,0.5398,2.198,395.97,0.9294,45.59,0.7028,10.96,2.233e-05,0.1944,2.705,1.128,2.081,0.189,7.756,0.4824,7.634
2022-04-12T00:55:26,39688.15,2985.33,100.54,0.2287,15.39,57.4,17.42,83.22,5.463,152.93,0.4993,0.02092,0.006207,2.124,1.45,2.056,1.345,3.558,151.4,12.28,0.7706,1.489,0.5398,2.198,395.86,0.9294,45.58,0.703,10.96,2.233e-05,0.1945,2.706,1.129,2.081,0.1889,7.755,0.4824,7.634
2022-04-12T00:55:56,39684.78,2985.23,100.45,0.2287,15.39,57.6,17.41,83.21,5.462,152.89,0.4993,0.02093,0.006207,2.124,1.449,2.058,1.345,3.555,151.35,12.32,0.7717,1.489,0.5398,2.198,395.84,0.9292,45.58,0.7028,10.96,2.234e-05,0.1945,2.706,1.129,2.082,0.1889,7.753,0.4824,7.627
2022-04-12T00:56:26,39643.69,2983.05,100.18,0.2282,15.39,57.6,17.38,83.1,5.446,152.7,0.4993,0.02091,0.006207,2.123,1.449,2.054,1.342,3.548,151.22,12.32,0.7717,1.481,0.5398,2.192,395.36,0.9272,45.55,0.7021,10.93,2.232e-05,0.1941,2.698,1.126,2.077,0.1886,7.737,0.4818,7.623
2022-04-12T00:56:56,39611,2973.18,99.91,0.2281,15.34,57.6,17.36,82.99,5.445,152.48,0.4955,0.02091,0.006207,2.106,1.447,2.053,1.34,3.548,151.17,12.28,0.7717,1.479,0.5398,2.189,394.86,0.9257,45.5,0.701,10.9,2.227e-05,0.1938,2.695,1.124,2.074,0.1882,7.727,0.4817,7.615
2022-04-12T00:57:26,39567.59,2974.42,99.93,0.2281,15.25,57.5,17.35,82.91,5.458,152.51,0.4944,0.02092,0.006192,2.106,1.446,2.05,1.339,3.528,150.92,12.28,0.77,1.479,0.5398,2.19,394.73,0.9262,45.47,0.7006,10.92,2.226e-05,0.194,2.695,1.123,2.072,0.1882,7.716,0.4811,7.61
2022-04-12T00:57:56,39577.06,2974.37,99.99,0.2278,15.25,57.5,17.36,82.98,5.458,152.43,0.4944,0.02091,0.006186,2.106,1.446,2.051,1.339,3.534,150.91,12.27,0.77,1.479,0.5398,2.19,394.69,0.9261,45.48,0.7001,10.92,2.226e-05,0.194,2.696,1.122,2.073,0.1882,7.717,0.4814,7.61
2022-04-12T00:58:26,39566.97,2973.36,99.89,0.2276,15.13,57.4,17.35,82.94,5.44,152.29,0.4943,0.02092,0.006186,2.106,1.445,2.048,1.34,3.534,150.91,12.27,0.77,1.479,0.5398,2.189,394.78,0.9256,45.46,0.7,10.92,2.226e-05,0.194,2.696,1.121,2.072,0.1882,7.714,0.4812,7.605
2022-04-12T00:58:56,39572.37,2974.31,99.94,0.2274,15.13,57.4,17.35,82.96,5.447,152.27,0.4905,0.02092,0.006197,2.106,1.445,2.048,1.34,3.536,150.93,12.27,0.77,1.479,0.5398,2.189,394.79,0.9262,45.46,0.7003,10.92,2.226e-05,0.194,2.698,1.122,2.072,0.1883,7.714,0.4816,7.617
2022-04-12T00:59:26,39574.22,2974.68,100,0.2277,15.13,57.4,17.34,82.97,5.452,152.3,0.4905,0.02092,0.006186,2.103,1.445,2.048,1.341,3.545,151.01,12.27,0.7646,1.48,0.5398,2.19,394.99,0.9266,45.46,0.7004,10.94,2.226e-05,0.194,2.7,1.123,2.074,0.1884,7.721,0.4816,7.617
2022-04-12T00:59:56,39575.63,2973.37,100,0.2275,15.13,57.4,17.34,82.95,5.451,152.22,0.4904,0.02095,0.006186,2.103,1.444,2.048,1.341,3.532,150.98,12.27,0.7674,1.48,0.5398,2.189,395.01,0.9266,45.44,0.7003,10.92,2.226e-05,0.194,2.699,1.123,2.074,0.1884,7.715,0.4814,7.619
2022-04-12T01:00:26,39576.86,2974.77,100.05,0.2277,15.13,57.4,17.34,83,5.449,152.41,0.4905,0.02096,0.006186,2.103,1.444,2.049,1.342,3.543,151.14,12.27,0.7674,1.48,0.5398,2.19,395,0.9267,45.43,0.7006,10.92,2.226e-05,0.194,2.699,1.124,2.075,0.1884,7.722,0.4815,7.613
2022-04-12T01:00:56,39563.73,2974.22,100.02,0.2276,15.12,57.5,17.34,82.95,5.455,152.38,0.4905,0.02096,0.006186,2.103,1.444,2.049,1.341,3.546,151.14,12.27,0.7674,1.477,0.5398,2.189,394.95,0.9267,45.44,0.7008,10.92,2.227e-05,0.1941,2.699,1.123,2.075,0.1884,7.722,0.4812,7.613
2022-04-12T01:01:26,39546.07,2973.22,99.98,0.2275,15.14,57.5,17.33,82.89,5.456,152.36,0.4937,0.02092,0.006186,2.103,1.444,2.048,1.34,3.549,151.06,12.27,0.7672,1.48,0.5398,2.19,394.9,0.9257,45.43,0.7006,10.91,2.225e-05,0.1937,2.698,1.123,2.075,0.1883,7.707,0.4812,7.61
2022-04-12T01:01:56,39541.08,2971.11,99.95,0.2275,15.14,57.5,17.33,82.86,5.456,152.33,0.4937,0.02088,0.006197,2.099,1.444,2.048,1.34,3.549,151.06,12.27,0.7672,1.477,0.5398,2.189,394.83,0.9257,45.43,0.7002,10.91,2.225e-05,0.1938,2.699,1.122,2.074,0.1882,7.705,0.481,7.611
2022-04-12T01:02:26,39535.98,2969.9,99.98,0.2275,15.14,57.5,17.34,82.83,5.456,152.46,0.4937,0.02088,0.006197,2.099,1.444,2.044,1.339,3.549,151.11,12.27,0.7672,1.476,0.5398,2.19,394.76,0.9255,45.42,0.7003,10.91,2.225e-05,0.1938,2.699,1.123,2.074,0.1882,7.712,0.4813,7.617
2022-04-12T01:02:56,39525.34,2970.55,99.97,0.2275,15.14,57.5,17.34,82.81,5.448,152.36,0.4937,0.02089,0.006197,2.103,1.442,2.044,1.339,3.545,151.17,12.27,0.7672,1.478,0.5398,2.19,394.62,0.9257,45.43,0.7004,10.91,2.225e-05,0.1936,2.699,1.122,2.074,0.1882,7.709,0.4814,7.617
2022-04-12T01:03:26,39508.87,2967.43,99.87,0.2275,15.14,57.5,17.34,82.82,5.427,152.31,0.4937,0.02091,0.006197,2.103,1.442,2.043,1.34,3.55,151.14,12.27,0.7672,1.476,0.5398,2.189,394.47,0.9253,45.43,0.7001,10.91,2.224e-05,0.1936,2.697,1.122,2.073,0.1882,7.706,0.4812,7.612
2022-04-12T01:03:56,39419.1,2960.17,99.69,0.227,15.14,57.1,17.3,82.65,5.417,152,0.4936,0.02084,0.006197,2.103,1.436,2.038,1.337,3.53,150.92,12.22,0.7672,1.47,0.5398,2.184,394.04,0.9235,45.39,0.6989,10.85,2.22e-05,0.1931,2.688,1.12,2.068,0.1878,7.691,0.4805,7.609
2022-04-12T01:04:26,39450.21,2960.2,99.71,0.2272,15.11,57.3,17.31,82.67,5.421,152.07,0.4924,0.02085,0.006197,2.103,1.437,2.04,1.337,3.533,151.01,12.22,0.7672,1.47,0.5398,2.185,394.03,0.9245,45.42,0.6988,10.85,2.22e-05,0.1933,2.69,1.12,2.07,0.1878,7.697,0.4805,7.609
2022-04-12T01:04:56,39473.11,2962.75,99.9,0.2275,15.09,57.2,17.31,82.72,5.426,152.05,0.4918,0.02087,0.006176,2.101,1.437,2.041,1.338,3.533,151.17,12.22,0.7672,1.473,0.5398,2.186,394.22,0.9248,45.44,0.6993,10.85,2.222e-05,0.1933,2.691,1.12,2.071,0.1878,7.699,0.4807,7.609
2022-04-12T01:05:26,39476.08,2963.45,99.94,0.2276,15.09,57.1,17.32,82.77,5.431,152.15,0.4919,0.0209,0.006176,2.101,1.437,2.042,1.338,3.52,151.17,12.22,0.7672,1.471,0.5398,2.187,394.29,0.9255,45.46,0.6994,10.85,2.223e-05,0.1935,2.693,1.121,2.071,0.1879,7.702,0.4807,7.61
2022-04-12T01:05:56,39478.61,2965.66,99.97,0.2276,15.09,57.2,17.32,82.76,5.425,152.24,0.4919,0.02091,0.006176,2.101,1.437,2.048,1.339,3.516,151.2,12.22,0.767,1.473,0.5398,2.188,394.45,0.9255,45.46,0.6997,10.85,2.222e-05,0.1935,2.694,1.122,2.072,0.1878,7.704,0.4807,7.611
2022-04-12T01:06:26,39495.99,2971.79,100.03,0.2277,15.09,57.2,17.34,82.88,5.435,152.35,0.4919,0.02094,0.006176,2.101,1.438,2.046,1.341,3.516,151.29,12.22,0.767,1.474,0.5398,2.188,394.68,0.9261,45.5,0.7,10.93,2.221e-05,0.1938,2.696,1.123,2.074,0.1882,7.708,0.4811,7.614
2022-04-12T01:06:56,39493.96,2969.65,99.86,0.2277,15.09,57.2,17.34,82.82,5.436,152.31,0.4919,0.02091,0.006176,2.101,1.44,2.046,1.34,3.516,151.23,12.22,0.767,1.473,0.5398,2.188,394.72,0.9263,45.52,0.6996,10.92,2.219e-05,0.1938,2.696,1.123,2.075,0.1881,7.704,0.4809,7.619
2022-04-12T01:07:26,39516.16,2970,99.92,0.2277,15.09,57.2,17.34,82.79,5.451,152.31,0.493,0.02095,0.006192,2.101,1.443,2.045,1.34,3.518,151.24,12.22,0.767,1.477,0.5398,2.188,394.8,0.9266,45.51,0.6996,10.92,2.218e-05,0.1938,2.696,1.124,2.076,0.1882,7.706,0.4807,7.618
2022-04-12T01:07:56,39543.46,2972.53,100.07,0.228,15.12,57.3,17.36,82.85,5.447,152.33,0.493,0.02095,0.006192,2.103,1.443,2.046,1.342,3.517,151.28,12.22,0.767,1.476,0.5398,2.187,394.82,0.9271,45.57,0.6998,10.92,2.218e-05,0.1938,2.698,1.125,2.079,0.1882,7.714,0.4811,7.619
2022-04-12T01:08:26,39533.8,2972.12,100.13,0.2282,15.12,57.3,17.36,82.88,5.454,152.42,0.4922,0.02099,0.006181,2.103,1.444,2.048,1.342,3.518,151.37,12.22,0.7646,1.477,0.5686,2.188,394.9,0.9272,45.6,0.6998,10.94,2.219e-05,0.1941,2.7,1.125,2.083,0.1883,7.715,0.4809,7.626
2022-04-12T01:08:56,39550.04,2972.42,100.2,0.2282,15.09,57.3,17.36,82.97,5.451,152.6,0.4935,0.02098,0.006193,2.103,1.443,2.047,1.342,3.517,151.43,12.22,0.7646,1.477,0.5686,2.188,395.04,0.9275,45.61,0.7001,10.95,2.221e-05,0.1943,2.701,1.126,2.083,0.1884,7.72,0.4809,7.628
2022-04-12T01:09:26,39572.25,2972.5,100.2,0.2283,15.09,57.3,17.36,83.01,5.455,152.62,0.4938,0.021,0.006193,2.103,1.451,2.049,1.342,3.518,151.62,12.22,0.7646,1.487,0.5686,2.188,395.1,0.9282,45.62,0.7002,10.95,2.221e-05,0.1943,2.701,1.126,2.084,0.1884,7.723,0.4809,7.629
2022-04-12T01:09:56,39564.66,2973.38,100.23,0.2287,15.09,57.4,17.37,83.07,5.457,152.71,0.4939,0.02097,0.006193,2.103,1.45,2.054,1.342,3.512,151.61,12.22,0.7646,1.487,0.5686,2.188,395.15,0.9283,45.62,0.7004,10.95,2.221e-05,0.1943,2.702,1.127,2.084,0.1885,7.737,0.4816,7.628
2022-04-12T01:10:26,39580.73,2975.13,100.3,0.2289,15.09,57.4,17.37,83.06,5.456,152.78,0.4939,0.02098,0.006193,2.103,1.451,2.054,1.343,3.512,151.79,12.22,0.7646,1.489,0.5686,2.188,395.41,0.9285,45.63,0.7005,10.96,2.221e-05,0.1943,2.704,1.127,2.085,0.1886,7.739,0.4821,7.635
2022-04-12T01:10:56,39580.47,2975.92,100.29,0.2288,15.09,57.4,17.37,83.07,5.459,152.74,0.4939,0.02099,0.006193,2.103,1.451,2.054,1.344,3.513,151.94,12.23,0.7646,1.496,0.5686,2.188,395.42,0.9286,45.61,0.7004,10.96,2.22e-05,0.1943,2.703,1.127,2.084,0.1886,7.74,0.4824,7.638
2022-04-12T01:11:26,39580.09,2976.33,100.29,0.2289,15.09,57.4,17.38,83.09,5.461,152.73,0.4939,0.02099,0.006217,2.103,1.451,2.053,1.344,3.513,151.94,12.23,0.7646,1.496,0.5686,2.188,395.52,0.9287,45.61,0.7005,10.96,2.22e-05,0.1943,2.703,1.128,2.084,0.1886,7.741,0.4823,7.638
2022-04-12T01:11:56,39617,2977.59,100.34,0.2291,15.09,57.4,17.4,83.16,5.47,152.98,0.4939,0.02105,0.006217,2.106,1.452,2.055,1.344,3.513,152.08,12.23,0.7646,1.496,0.5686,2.19,395.78,0.9294,45.63,0.7013,10.96,2.221e-05,0.1945,2.705,1.128,2.085,0.1887,7.746,0.4824,7.638
2022-04-12T01:12:26,39625.53,2979.16,100.58,0.2293,15.16,57.6,17.43,83.24,5.474,153.13,0.4956,0.02106,0.006212,2.106,1.454,2.055,1.345,3.533,152.1,12.23,0.7646,1.496,0.5686,2.194,395.93,0.9307,45.68,0.7017,10.98,2.224e-05,0.1947,2.708,1.129,2.087,0.1889,7.753,0.4827,7.64
2022-04-12T01:12:56,39642.63,2978.69,100.51,0.2293,15.13,57.6,17.42,83.23,5.465,153.05,0.4961,0.02103,0.006212,2.106,1.455,2.056,1.346,3.532,152.07,12.23,0.7646,1.496,0.5686,2.193,395.9,0.9313,45.68,0.7018,10.98,2.225e-05,0.1949,2.707,1.13,2.087,0.189,7.753,0.4827,7.64
2022-04-12T01:13:26,39663.84,2979.35,100.62,0.2293,15.13,57.6,17.44,83.25,5.466,153.22,0.4962,0.02104,0.006212,2.106,1.455,2.055,1.346,3.531,152.08,12.23,0.7646,1.499,0.5686,2.192,395.96,0.932,45.68,0.7021,10.98,2.226e-05,0.195,2.71,1.13,2.089,0.189,7.756,0.4829,7.635
2022-04-12T01:13:56,39680.89,2981.65,100.62,0.2294,15.13,57.6,17.45,83.3,5.474,153.22,0.4962,0.02104,0.006212,2.106,1.455,2.056,1.346,3.545,152.1,12.25,0.7646,1.498,0.5686,2.192,396.17,0.9316,45.7,0.7021,10.97,2.226e-05,0.1948,2.71,1.131,2.089,0.189,7.759,0.4831,7.634
2022-04-12T01:14:26,39658.3,2979.51,100.53,0.2294,15.13,57.6,17.44,83.3,5.455,153.21,0.4952,0.02092,0.006212,2.106,1.455,2.055,1.346,3.531,152.08,12.25,0.7676,1.498,0.5686,2.191,395.96,0.932,45.7,0.7019,10.97,2.222e-05,0.1948,2.709,1.13,2.09,0.189,7.755,0.4828,7.634
2022-04-12T01:14:56,39661.14,2980.07,100.58,0.2294,15.13,57.6,17.45,83.29,5.473,153.22,0.495,0.02098,0.006209,2.106,1.455,2.055,1.345,3.531,152.08,12.25,0.7672,1.498,0.5686,2.19,396.1,0.932,45.7,0.702,10.97,2.222e-05,0.1948,2.71,1.131,2.09,0.189,7.756,0.4829,7.634
2022-04-12T01:15:26,39665.97,2980.98,100.6,0.2295,15.13,57.6,17.46,83.3,5.47,153.35,0.495,0.02102,0.006209,2.106,1.455,2.055,1.346,3.531,152.06,12.25,0.7672,1.498,0.5686,2.192,396.1,0.9326,45.69,0.7023,10.97,2.223e-05,0.1948,2.71,1.131,2.09,0.189,7.758,0.483,7.641
2022-04-12T01:15:56,39678.06,2981.68,100.64,0.2297,15.13,57.6,17.47,83.31,5.47,153.38,0.495,0.02101,0.006209,2.106,1.456,2.056,1.346,3.545,152.09,12.25,0.7672,1.498,0.5686,2.193,396.19,0.9329,45.71,0.7025,10.97,2.222e-05,0.1948,2.712,1.132,2.091,0.189,7.761,0.483,7.642
2022-04-12T01:16:26,39663.39,2981.33,100.56,0.2296,15.1,57.7,17.47,83.3,5.473,153.35,0.4951,0.02102,0.006209,2.106,1.457,2.055,1.347,3.552,152.09,12.25,0.7672,1.5,0.5686,2.191,396.27,0.9323,45.7,0.7024,10.97,2.22e-05,0.195,2.712,1.132,2.09,0.189,7.76,0.483,7.642
2022-04-12T01:16:56,39632.4,2980.67,100.46,0.2294,15.17,57.7,17.45,83.23,5.474,153.29,0.4951,0.02101,0.006209,2.106,1.456,2.054,1.344,3.552,152.03,12.24,0.7672,1.496,0.5686,2.19,396.22,0.9311,45.68,0.7021,10.97,2.219e-05,0.1947,2.709,1.132,2.089,0.1889,7.76,0.4832,7.648
2022-04-12T01:17:26,39624.41,2979.79,100.37,0.2293,15.17,57.7,17.45,83.14,5.453,153.11,0.4951,0.021,0.006209,2.103,1.455,2.053,1.343,3.555,151.99,12.24,0.7672,1.497,0.5686,2.189,395.74,0.9312,45.6,0.7019,10.97,2.215e-05,0.1946,2.707,1.129,2.088,0.1889,7.748,0.4829,7.643
2022-04-12T01:17:56,39621.83,2979.99,100.48,0.2295,15.17,57.8,17.45,83.13,5.451,153.13,0.4944,0.02102,0.006209,2.103,1.454,2.053,1.344,3.566,152.04,12.23,0.7705,1.497,0.5686,2.189,395.81,0.9313,45.62,0.7021,10.93,2.213e-05,0.1946,2.71,1.128,2.088,0.1889,7.754,0.4834,7.648
2022-04-12T01:18:26,39623.71,2980.66,100.55,0.2295,15.17,57.3,17.46,83.16,5.456,153.16,0.4933,0.02103,0.00622,2.103,1.454,2.053,1.345,3.559,152.13,12.23,0.7663,1.5,0.5686,2.19,395.82,0.932,45.65,0.7023,10.93,2.213e-05,0.1949,2.713,1.129,2.089,0.1888,7.751,0.4836,7.648
2022-04-12T01:18:56,39642.98,2983.67,100.62,0.2297,15.17,57.5,17.46,83.25,5.47,153.36,0.4933,0.02105,0.006222,2.103,1.454,2.054,1.347,3.576,152.19,12.23,0.7663,1.5,0.5686,2.193,396.13,0.9326,45.69,0.7026,10.97,2.216e-05,0.1951,2.715,1.131,2.091,0.189,7.76,0.4843,7.649
2022-04-12T01:19:26,39666.94,2983.69,100.62,0.23,15.17,57.6,17.47,83.28,5.47,153.41,0.4933,0.02105,0.006222,2.103,1.454,2.056,1.347,3.542,152.14,12.23,0.7663,1.5,0.5686,2.194,396.11,0.9328,45.71,0.7027,10.97,2.216e-05,0.1951,2.715,1.131,2.092,0.189,7.757,0.484,7.645
2022-04-12T01:19:56,39672.12,2983.86,100.66,0.2299,15.15,57.6,17.48,83.4,5.471,153.44,0.4934,0.02106,0.006229,2.103,1.454,2.056,1.348,3.522,152.15,12.23,0.7687,1.5,0.5686,2.194,396.22,0.9325,45.74,0.7029,10.97,2.215e-05,0.1951,2.715,1.132,2.093,0.1891,7.761,0.4841,7.645
2022-04-12T01:20:26,39656.22,2981.91,100.53,0.2298,15.12,57.5,17.47,83.38,5.468,153.43,0.4952,0.02103,0.00624,2.1,1.454,2.056,1.347,3.52,152.07,12.23,0.7687,1.502,0.5686,2.193,396.04,0.9324,45.72,0.7029,10.97,2.215e-05,0.1948,2.712,1.131,2.09,0.189,7.756,0.4835,7.649
2022-04-12T01:20:56,39664.23,2982.8,100.55,0.2297,15.1,57.5,17.47,83.38,5.467,153.45,0.4937,0.02105,0.006227,2.1,1.453,2.057,1.347,3.531,152.06,12.25,0.7687,1.503,0.5686,2.192,396.13,0.9327,45.71,0.7026,10.97,2.213e-05,0.1948,2.713,1.132,2.091,0.1891,7.753,0.4833,7.644
2022-04-12T01:21:26,39654.94,2982.17,100.53,0.2297,15.1,57.5,17.47,83.41,5.476,153.47,0.4937,0.02104,0.006215,2.1,1.453,2.057,1.347,3.518,152.04,12.25,0.7687,1.503,0.5686,2.192,396.08,0.9319,45.7,0.7025,10.97,2.214e-05,0.1949,2.713,1.131,2.091,0.189,7.753,0.4832,7.643
2022-04-12T01:21:56,39656.38,2982.18,100.48,0.2297,15.1,57.5,17.47,83.45,5.477,153.43,0.4937,0.02104,0.006215,2.1,1.454,2.057,1.347,3.511,152.04,12.25,0.7693,1.506,0.5686,2.192,396,0.932,45.69,0.7026,10.97,2.215e-05,0.1949,2.713,1.131,2.091,0.189,7.755,0.4831,7.647
2022-04-12T01:22:26,39662.58,2982.39,100.44,0.2298,15.1,57.5,17.47,83.51,5.473,153.45,0.4937,0.02106,0.006221,2.1,1.454,2.058,1.347,3.517,152.03,12.25,0.7693,1.507,0.5686,2.192,396.05,0.9317,45.69,0.7027,10.92,2.215e-05,0.1949,2.712,1.131,2.091,0.189,7.757,0.4827,7.642
2022-04-12T01:22:56,39659.67,2982.09,100.47,0.2296,15.1,57.5,17.47,83.51,5.469,153.41,0.4937,0.02106,0.006222,2.1,1.454,2.058,1.347,3.511,152,12.25,0.7693,1.506,0.5686,2.192,396.07,0.932,45.69,0.7027,10.91,2.215e-05,0.1949,2.712,1.131,2.091,0.189,7.757,0.4827,7.647
2022-04-12T01:23:26,39655.78,2981.6,100.43,0.2296,15.1,57.5,17.46,83.5,5.47,153.41,0.4937,0.02107,0.006206,2.1,1.454,2.057,1.346,3.511,152,12.25,0.7693,1.508,0.5686,2.192,395.98,0.9317,45.67,0.7026,10.91,2.215e-05,0.1949,2.711,1.131,2.09,0.189,7.758,0.4824,7.648
2022-04-12T01:23:56,39645.74,2980.41,100.41,0.2296,15.1,57.4,17.46,83.44,5.469,153.27,0.4964,0.02104,0.006206,2.1,1.451,2.057,1.345,3.51,151.97,12.25,0.7693,1.507,0.5686,2.19,395.73,0.931,45.63,0.7022,10.91,2.214e-05,0.1945,2.708,1.13,2.089,0.1889,7.753,0.4825,7.648
2022-04-12T01:24:26,39643.25,2980.14,100.4,0.2295,15.1,57.4,17.46,83.44,5.469,153.27,0.4964,0.02107,0.006206,2.1,1.451,2.057,1.345,3.508,151.93,12.25,0.7693,1.507,0.5686,2.188,395.85,0.931,45.64,0.7023,10.91,2.214e-05,0.1945,2.708,1.129,2.088,0.1889,7.75,0.482,7.643
2022-04-12T01:24:56,39638.07,2979.97,100.34,0.2296,15.1,57.4,17.46,83.41,5.469,153.28,0.4964,0.02106,0.006206,2.098,1.451,2.056,1.345,3.508,151.97,12.25,0.7693,1.507,0.5686,2.188,395.79,0.9315,45.61,0.7024,10.91,2.215e-05,0.1945,2.708,1.13,2.088,0.1888,7.749,0.4821,7.639
2022-04-12T01:25:26,39638.4,2979.99,100.34,0.2294,15.1,57.4,17.46,83.42,5.469,153.26,0.4964,0.02109,0.006206,2.101,1.451,2.054,1.346,3.51,151.94,12.25,0.7693,1.511,0.5686,2.188,395.8,0.9313,45.61,0.7026,10.91,2.214e-05,0.1946,2.709,1.13,2.088,0.1889,7.749,0.4825,7.64
2022-04-12T01:25:56,39605.13,2978.94,100.29,0.2293,15.1,57.4,17.45,83.39,5.471,153.21,0.4964,0.02106,0.006206,2.101,1.452,2.053,1.345,3.508,151.9,12.25,0.7693,1.506,0.5686,2.188,395.81,0.9313,45.63,0.7025,10.91,2.214e-05,0.1943,2.707,1.129,2.087,0.1889,7.748,0.4827,7.634
2022-04-12T01:26:26,39579.12,2975.05,100.12,0.2292,15.1,57.4,17.44,83.22,5.466,153.01,0.4958,0.02104,0.006206,2.101,1.45,2.051,1.344,3.508,151.78,12.25,0.7737,1.506,0.5686,2.184,395.66,0.9304,45.61,0.7022,10.91,2.213e-05,0.1941,2.705,1.127,2.085,0.1887,7.719,0.4824,7.634
2022-04-12T01:26:56,39586.18,2975.06,100.2,0.2291,15.1,57.4,17.44,83.23,5.472,152.99,0.4948,0.02104,0.006272,2.101,1.449,2.053,1.343,3.509,151.9,12.25,0.7701,1.504,0.5686,2.183,395.25,0.9307,45.61,0.7021,10.88,2.213e-05,0.194,2.702,1.127,2.084,0.1887,7.716,0.4818,7.63
2022-04-12T01:27:26,39592.15,2975.25,100.28,0.2289,15.1,57.3,17.44,83.26,5.466,152.99,0.4948,0.02105,0.00625,2.101,1.448,2.054,1.343,3.505,151.91,12.25,0.7701,1.504,0.5686,2.184,395.04,0.9307,45.63,0.7019,10.88,2.213e-05,0.1941,2.702,1.128,2.084,0.1886,7.719,0.4817,7.624
2022-04-12T01:27:56,39627.65,2979.25,100.53,0.2296,15.1,57.5,17.46,83.46,5.475,153.33,0.4948,0.02109,0.00625,2.101,1.449,2.056,1.345,3.509,152.13,12.25,0.7701,1.509,0.5686,2.186,395.7,0.9323,45.67,0.703,10.92,2.215e-05,0.1943,2.704,1.129,2.087,0.1889,7.719,0.4823,7.639
2022-04-12T01:28:26,39667.35,2984.61,100.66,0.2295,15.1,57.6,17.48,83.55,5.489,153.46,0.4947,0.02112,0.006276,2.101,1.451,2.058,1.347,3.509,152.22,12.25,0.7701,1.515,0.5686,2.188,395.81,0.9329,45.75,0.7032,10.93,2.217e-05,0.1946,2.706,1.131,2.091,0.1892,7.732,0.4825,7.641
2022-04-12T01:28:56,39702.05,2983.75,100.62,0.2297,15.1,57.6,17.49,83.56,5.498,153.45,0.4948,0.02113,0.006294,2.101,1.453,2.063,1.348,3.509,152.26,12.25,0.7701,1.516,0.5686,2.19,396.03,0.9332,45.8,0.7034,10.94,2.221e-05,0.195,2.714,1.133,2.094,0.1891,7.742,0.4826,7.641
2022-04-12T01:29:26,39710.1,2986.13,100.62,0.2298,15.1,57.6,17.49,83.61,5.494,153.52,0.4948,0.02113,0.006294,2.101,1.454,2.063,1.348,3.516,152.23,12.25,0.7701,1.517,0.5686,2.191,396.07,0.9341,45.9,0.7036,10.94,2.222e-05,0.1949,2.714,1.133,2.095,0.1892,7.742,0.4826,7.648
2022-04-12T01:29:56,39706.98,2985.2,100.6,0.2299,15.1,57.7,17.49,83.62,5.494,153.52,0.4985,0.02113,0.006313,2.101,1.454,2.063,1.349,3.517,152.18,12.26,0.77,1.517,0.5686,2.192,396.14,0.9344,45.94,0.7037,10.94,2.222e-05,0.1949,2.714,1.133,2.094,0.1892,7.735,0.483,7.647
2022-04-12T01:30:26,39711.81,2985.41,100.63,0.23,15.1,57.7,17.5,83.67,5.489,153.53,0.4981,0.02113,0.006312,2.101,1.453,2.064,1.35,3.516,152.19,12.26,0.77,1.516,0.5686,2.192,396.4,0.9348,45.94,0.7041,10.94,2.223e-05,0.1949,2.716,1.133,2.094,0.1892,7.74,0.4829,7.647
2022-04-12T01:30:56,39722.83,2985.43,100.85,0.2301,15.1,57.7,17.5,83.7,5.492,153.58,0.4993,0.02114,0.006325,2.101,1.453,2.062,1.349,3.521,152.27,12.26,0.77,1.519,0.5686,2.192,396.56,0.9349,45.93,0.7042,10.94,2.224e-05,0.1949,2.716,1.134,2.095,0.1893,7.745,0.4836,7.648
2022-04-12T01:31:26,39713.62,2985.26,100.82,0.23,15.1,57.7,17.51,83.66,5.486,153.57,0.4993,0.02112,0.006325,2.102,1.453,2.062,1.349,3.522,152.25,12.26,0.7705,1.518,0.5686,2.192,396.53,0.9354,45.92,0.704,10.94,2.224e-05,0.1949,2.715,1.134,2.094,0.1893,7.746,0.4833,7.647
2022-04-12T01:31:56,39680.88,2983.97,100.81,0.2298,15.1,57.7,17.5,83.61,5.471,153.52,0.4992,0.02109,0.006322,2.102,1.453,2.06,1.349,3.519,152.26,12.26,0.7705,1.515,0.5686,2.19,396.32,0.9352,45.87,0.7039,10.94,2.224e-05,0.1948,2.714,1.134,2.093,0.1893,7.739,0.4832,7.648
2022-04-12T01:32:26,39650.73,2981.99,100.77,0.2295,15.1,57.7,17.48,83.48,5.454,153.38,0.4992,0.02107,0.006312,2.1,1.452,2.058,1.348,3.519,152.06,12.26,0.7705,1.512,0.5686,2.189,396.07,0.9346,45.79,0.7035,10.94,2.222e-05,0.1945,2.711,1.132,2.089,0.189,7.726,0.4827,7.646
2022-04-12T01:32:56,39661.43,2981.5,100.77,0.2296,15.1,57.5,17.48,83.48,5.463,153.38,0.4992,0.02107,0.006336,2.1,1.449,2.059,1.347,3.519,152.12,12.26,0.7705,1.513,0.5686,2.188,395.99,0.9347,45.8,0.7029,10.94,2.22e-05,0.1946,2.711,1.132,2.091,0.189,7.725,0.4827,7.641
2022-04-12T01:33:26,39677.39,2982.7,100.7,0.2297,15.1,57.5,17.48,83.52,5.469,153.48,0.4991,0.02108,0.006336,2.1,1.449,2.06,1.348,3.519,152.19,12.26,0.7705,1.513,0.5686,2.189,396.05,0.9345,45.81,0.7033,10.92,2.222e-05,0.1948,2.713,1.132,2.092,0.1891,7.733,0.4826,7.641
2022-04-12T01:33:56,39704.56,2983.51,100.71,0.2298,15.17,57.6,17.49,83.53,5.475,153.43,0.497,0.02107,0.006346,2.1,1.451,2.061,1.348,3.525,152.21,12.26,0.7705,1.515,0.5686,2.191,396.18,0.9348,45.8,0.7034,10.92,2.222e-05,0.1948,2.714,1.134,2.094,0.1892,7.738,0.4824,7.643
2022-04-12T01:34:26,39661.56,2979.6,100.49,0.2297,15.09,57.6,17.48,83.52,5.46,153.33,0.4959,0.02105,0.006384,2.1,1.453,2.059,1.347,3.516,152.13,12.26,0.7705,1.513,0.5686,2.187,396.14,0.9336,45.71,0.7025,10.92,2.22e-05,0.1945,2.71,1.133,2.091,0.189,7.739,0.4818,7.649
2022-04-12T01:34:56,39667.69,2979.61,100.55,0.2297,15.09,57.6,17.48,83.5,5.467,153.36,0.4958,0.02106,0.006378,2.105,1.453,2.056,1.347,3.523,152.13,12.26,0.7705,1.514,0.5686,2.188,396.01,0.9338,45.73,0.7025,10.92,2.22e-05,0.1945,2.711,1.133,2.091,0.189,7.722,0.4824,7.648
2022-04-12T01:35:26,39652.45,2980.07,100.56,0.2295,15.09,57.6,17.48,83.52,5.466,153.4,0.4958,0.02105,0.006378,2.1,1.452,2.056,1.346,3.519,152,12.26,0.7705,1.51,0.5686,2.187,396.06,0.9333,45.74,0.7021,10.91,2.22e-05,0.1945,2.711,1.132,2.09,0.189,7.723,0.4822,7.648
2022-04-12T01:35:56,39676.99,2979.27,100.59,0.2296,15.09,57.6,17.49,83.59,5.472,153.5,0.4947,0.02104,0.00637,2.1,1.453,2.057,1.347,3.525,152.02,12.26,0.7705,1.51,0.5686,2.188,396,0.9334,45.75,0.7024,10.91,2.223e-05,0.1946,2.714,1.132,2.091,0.1891,7.723,0.4825,7.646
2022-04-12T01:36:26,39685.69,2980.25,100.59,0.2296,15.09,57.7,17.49,83.61,5.465,153.51,0.4957,0.02106,0.006383,2.1,1.452,2.057,1.348,3.528,152.02,12.26,0.7705,1.509,0.5686,2.188,396.09,0.9339,45.74,0.7025,10.92,2.222e-05,0.1948,2.714,1.131,2.091,0.1891,7.728,0.4825,7.643
2022-04-12T01:36:56,39681.76,2979.98,100.52,0.2298,15.09,57.7,17.49,83.62,5.469,153.42,0.4957,0.02106,0.006371,2.1,1.452,2.057,1.348,3.528,152.02,12.26,0.7664,1.507,0.5686,2.187,396.14,0.9337,45.73,0.7023,10.92,2.222e-05,0.1946,2.713,1.132,2.091,0.1892,7.726,0.4827,7.649
2022-04-12T01:37:26,39689.21,2980.43,100.57,0.2299,15.09,57.7,17.49,83.59,5.464,153.52,0.4958,0.02103,0.006371,2.102,1.452,2.057,1.347,3.526,151.98,12.26,0.7697,1.517,0.5686,2.187,396.02,0.9342,45.72,0.7025,10.92,2.222e-05,0.1946,2.714,1.132,2.091,0.1891,7.722,0.4827,7.637
2022-04-12T01:37:56,39687.6,2980.4,100.58,0.2299,15.09,57.7,17.49,83.6,5.471,153.55,0.4949,0.02105,0.006368,2.102,1.452,2.059,1.348,3.527,152.01,12.26,0.7697,1.516,0.5686,2.188,396,0.9341,45.73,0.7028,10.92,2.222e-05,0.1946,2.715,1.133,2.091,0.1891,7.725,0.4831,7.635
2022-04-12T01:38:26,39689.04,2980.63,100.56,0.2302,15.09,57.7,17.49,83.59,5.477,153.61,0.4948,0.02106,0.006366,2.102,1.451,2.061,1.348,3.528,152.01,12.26,0.7697,1.516,0.5686,2.188,396.08,0.9338,45.73,0.703,10.92,2.222e-05,0.1947,2.714,1.133,2.092,0.1891,7.727,0.4828,7.637
2022-04-12T01:38:56,39683.41,2980.49,100.57,0.2302,15.09,57.7,17.48,83.49,5.473,153.64,0.4948,0.02105,0.006323,2.102,1.451,2.06,1.347,3.529,152.04,12.26,0.7697,1.516,0.5686,2.188,396.06,0.9342,45.74,0.703,10.91,2.221e-05,0.1947,2.714,1.133,2.091,0.1891,7.726,0.483,7.637
2022-04-12T01:39:26,39659.65,2978.93,100.47,0.2299,15.17,57.7,17.48,83.46,5.464,153.61,0.4948,0.02105,0.006323,2.102,1.451,2.06,1.346,3.53,151.96,12.26,0.7697,1.525,0.5686,2.186,395.91,0.9337,45.71,0.7027,10.91,2.22e-05,0.1945,2.712,1.132,2.091,0.1891,7.717,0.4828,7.636
2022-04-12T01:39:56,39629.26,2975.88,100.41,0.2298,15.09,57.4,17.47,83.29,5.458,153.52,0.4948,0.02101,0.006291,2.102,1.45,2.058,1.346,3.526,151.95,12.16,0.7695,1.52,0.5686,2.185,395.67,0.9334,45.68,0.7025,10.91,2.218e-05,0.1943,2.711,1.131,2.09,0.189,7.716,0.4822,7.632
2022-04-12T01:40:26,39628.64,2975.19,100.44,0.2298,15.17,57.5,17.47,83.29,5.458,153.52,0.4961,0.02101,0.006237,2.102,1.448,2.058,1.346,3.521,151.94,12.16,0.7695,1.524,0.5686,2.185,395.65,0.9335,45.67,0.7028,10.92,2.218e-05,0.1943,2.711,1.131,2.09,0.189,7.714,0.4823,7.636
2022-04-12T01:40:56,39609.84,2973.46,100.42,0.2298,15.17,57.5,17.46,83.26,5.449,153.5,0.4961,0.021,0.006244,2.102,1.448,2.057,1.346,3.51,151.88,12.16,0.7695,1.526,0.5686,2.183,395.66,0.9336,45.67,0.7026,10.92,2.218e-05,0.1943,2.71,1.13,2.089,0.1889,7.706,0.4825,7.633
2022-04-12T01:41:26,39604.29,2972.31,100.38,0.2294,15.17,57.5,17.45,83.25,5.441,153.43,0.4953,0.021,0.006244,2.102,1.448,2.057,1.345,3.508,151.86,12.16,0.7695,1.527,0.5686,2.182,395.51,0.9335,45.66,0.7023,10.92,2.217e-05,0.1941,2.709,1.13,2.089,0.1888,7.7,0.482,7.633
2022-04-12T01:41:56,39587.25,2970.11,100.23,0.2293,15.17,57.5,17.44,83.22,5.443,153.28,0.495,0.02098,0.006244,2.102,1.448,2.053,1.344,3.505,151.74,12.16,0.7695,1.527,0.5686,2.181,395.31,0.9328,45.56,0.7017,10.92,2.216e-05,0.194,2.707,1.129,2.087,0.1886,7.701,0.4817,7.628
2022-04-12T01:42:26,39574.42,2969.79,100.27,0.2292,15.17,57.5,17.42,83.21,5.428,153.11,0.4961,0.02096,0.006244,2.102,1.447,2.05,1.343,3.506,151.64,12.16,0.7706,1.517,0.5686,2.179,395.31,0.9324,45.58,0.7016,10.88,2.215e-05,0.194,2.706,1.128,2.086,0.1885,7.694,0.4813,7.627
2022-04-12T01:42:56,39567.24,2969.69,100.25,0.2294,15.17,57.5,17.42,83.27,5.43,153.1,0.4961,0.02097,0.006244,2.102,1.447,2.05,1.343,3.5,151.6,12.23,0.7706,1.507,0.5686,2.178,395.18,0.932,45.58,0.7018,10.87,2.215e-05,0.194,2.704,1.128,2.086,0.1884,7.686,0.4814,7.626
2022-04-12T01:43:26,39555.61,2968.94,100.24,0.2291,15.14,57.4,17.41,83.21,5.432,153.08,0.4961,0.02096,0.006244,2.102,1.447,2.049,1.343,3.503,151.62,12.23,0.7706,1.507,0.5686,2.177,395.05,0.932,45.59,0.7015,10.86,2.214e-05,0.194,2.703,1.128,2.084,0.1884,7.682,0.4812,7.623
2022-04-12T01:43:56,39556.23,2969.11,100.23,0.2293,15.14,57.4,17.42,83.19,5.436,153.07,0.4961,0.02094,0.006259,2.102,1.448,2.049,1.343,3.503,151.58,12.23,0.7706,1.515,0.5686,2.178,395.06,0.9321,45.59,0.7017,10.86,2.215e-05,0.1939,2.703,1.127,2.085,0.1885,7.684,0.4812,7.628
2022-04-12T01:44:26,39523.83,2968.9,100.19,0.2293,15.14,57.4,17.41,83.16,5.432,152.95,0.4961,0.02093,0.00627,2.102,1.447,2.047,1.342,3.498,151.51,12.23,0.7671,1.513,0.5686,2.176,394.87,0.9309,45.56,0.7013,10.86,2.212e-05,0.1938,2.703,1.126,2.085,0.1882,7.683,0.4811,7.621
2022-04-12T01:44:56,39572.94,2973.99,100.29,0.2295,15.14,57.6,17.42,83.33,5.436,153.02,0.4961,0.02096,0.00628,2.1,1.447,2.05,1.345,3.518,151.66,12.23,0.7671,1.516,0.5686,2.18,395.4,0.9329,45.62,0.7023,10.86,2.216e-05,0.1941,2.708,1.128,2.089,0.1883,7.669,0.4812,7.624
2022-04-12T01:45:26,39608.34,2977.89,100.6,0.2297,15.14,57.6,17.44,83.4,5.449,153.17,0.4942,0.02098,0.00628,2.1,1.45,2.053,1.347,3.513,151.68,12.23,0.7645,1.512,0.5686,2.182,395.62,0.9331,45.64,0.7028,10.89,2.218e-05,0.1944,2.711,1.129,2.09,0.1885,7.674,0.4811,7.643
2022-04-12T01:45:56,39561.93,2976.47,100.43,0.2297,15.14,57.5,17.42,83.36,5.449,153.18,0.4952,0.02097,0.006298,2.1,1.45,2.05,1.346,3.516,151.65,12.18,0.7645,1.512,0.5686,2.177,395.78,0.9319,45.66,0.7023,10.89,2.214e-05,0.1944,2.709,1.128,2.09,0.1882,7.667,0.4813,7.648
2022-04-12T01:46:26,39542.1,2973.14,100.43,0.2291,15.14,57.3,17.41,83.22,5.435,153.19,0.4944,0.02102,0.006267,2.1,1.447,2.054,1.343,3.504,151.52,12.18,0.7645,1.512,0.5686,2.178,395.58,0.932,45.63,0.7018,10.88,2.215e-05,0.194,2.706,1.128,2.085,0.1883,7.663,0.481,7.632
2022-04-12T01:46:56,39528.2,2972.4,100.21,0.2291,15.14,57.3,17.41,83.15,5.426,153.06,0.4944,0.02098,0.006253,2.1,1.447,2.053,1.343,3.499,151.52,12.2,0.7645,1.516,0.5686,2.177,395.33,0.9319,45.56,0.7018,10.87,2.214e-05,0.1941,2.704,1.128,2.087,0.1882,7.668,0.4806,7.623
2022-04-12T01:47:26,39534.51,2972.08,100.24,0.2292,15.14,57.3,17.4,83.19,5.431,153.01,0.4944,0.02105,0.006253,2.1,1.447,2.053,1.343,3.499,151.43,12.2,0.7646,1.517,0.5686,2.176,395.37,0.9318,45.53,0.7017,10.87,2.213e-05,0.1941,2.705,1.127,2.086,0.1882,7.682,0.4802,7.624
2022-04-12T01:47:56,39506.03,2971.64,100.24,0.2292,15.14,57.3,17.4,83.12,5.431,152.99,0.4944,0.02103,0.006253,2.1,1.447,2.052,1.343,3.499,151.45,12.2,0.7646,1.516,0.5686,2.176,395.23,0.9318,45.51,0.7013,10.87,2.213e-05,0.194,2.703,1.126,2.084,0.1882,7.674,0.4802,7.623
2022-04-12T01:48:26,39520.84,2973.47,100.24,0.2292,15.14,57.3,17.41,83.11,5.434,153.1,0.4944,0.02103,0.006253,2.1,1.448,2.053,1.343,3.49,151.43,12.2,0.7674,1.515,0.5686,2.178,395.21,0.9317,45.52,0.7015,10.87,2.213e-05,0.194,2.704,1.126,2.085,0.1882,7.677,0.4804,7.629
2022-04-12T01:48:56,39534.68,2973.84,100.33,0.2293,15.14,57.3,17.42,83.18,5.449,153.25,0.4944,0.02105,0.006253,2.1,1.448,2.049,1.345,3.498,151.54,12.2,0.7674,1.511,0.5686,2.181,395.29,0.932,45.55,0.7022,10.87,2.214e-05,0.1943,2.706,1.127,2.087,0.1883,7.684,0.4811,7.63
2022-04-12T01:49:26,39510.66,2972.61,100.2,0.2292,15.14,57.3,17.41,83.12,5.439,153.21,0.4943,0.02104,0.006253,2.1,1.448,2.047,1.343,3.494,151.51,12.2,0.7674,1.513,0.5413,2.179,395.1,0.9317,45.51,0.7015,10.88,2.213e-05,0.1941,2.703,1.126,2.085,0.1882,7.686,0.481,7.624
2022-04-12T01:49:56,39508.33,2972.12,100.12,0.2292,15.14,57.2,17.41,83.11,5.431,153.13,0.4952,0.02102,0.0063,2.1,1.448,2.045,1.344,3.495,151.51,12.06,0.7676,1.513,0.5413,2.178,395.06,0.9319,45.5,0.7012,10.88,2.213e-05,0.1939,2.703,1.126,2.085,0.1882,7.681,0.481,7.623
2022-04-12T01:50:26,39499.67,2970.92,100.14,0.2289,15.14,57.3,17.41,83.05,5.431,153.08,0.4952,0.02101,0.006281,2.1,1.449,2.044,1.342,3.499,151.47,12.06,0.7676,1.507,0.5413,2.177,394.95,0.9308,45.47,0.7011,10.88,2.213e-05,0.1939,2.701,1.126,2.084,0.1881,7.681,0.4807,7.629
2022-04-12T01:50:56,39486.27,2970.09,99.84,0.2288,15.14,57.3,17.39,82.96,5.418,152.9,0.4952,0.02098,0.006281,2.1,1.448,2.043,1.342,3.498,151.39,12.09,0.7758,1.507,0.5413,2.175,394.82,0.9308,45.45,0.7005,10.84,2.21e-05,0.1939,2.698,1.125,2.082,0.1879,7.67,0.4806,7.621
2022-04-12T01:51:26,39473.44,2969.85,99.89,0.2289,15.14,57.3,17.39,82.97,5.435,152.9,0.4952,0.02097,0.006281,2.1,1.448,2.044,1.342,3.498,151.43,12.09,0.7758,1.507,0.5413,2.175,394.74,0.9303,45.46,0.7006,10.83,2.212e-05,0.1939,2.7,1.125,2.081,0.188,7.673,0.4809,7.622
2022-04-12T01:51:56,39512.7,2971.94,100.01,0.2293,15.14,57.3,17.41,83.03,5.438,153.01,0.4952,0.02102,0.006281,2.1,1.448,2.046,1.342,3.505,151.45,12.09,0.7695,1.512,0.5413,2.176,394.95,0.9309,45.46,0.7011,10.87,2.213e-05,0.194,2.702,1.125,2.082,0.1881,7.682,0.4812,7.623
2022-04-12T01:52:26,39512.61,2971.73,99.94,0.2292,15.14,57.3,17.41,83.06,5.443,153.13,0.4934,0.02102,0.006281,2.1,1.448,2.046,1.342,3.503,151.61,12.09,0.7695,1.512,0.5413,2.176,395.03,0.931,45.52,0.7013,10.87,2.213e-05,0.194,2.701,1.125,2.082,0.1881,7.684,0.4817,7.629
2022-04-12T01:52:56,39497.54,2970.91,99.9,0.2291,15.14,57.3,17.41,83.03,5.415,153.08,0.4934,0.02098,0.006281,2.1,1.446,2.045,1.343,3.504,151.53,12.09,0.7695,1.507,0.5413,2.176,394.93,0.9315,45.51,0.7009,10.86,2.212e-05,0.1938,2.699,1.125,2.083,0.1881,7.685,0.4817,7.62
2022-04-12T01:53:26,39497.27,2970.82,99.9,0.2291,15.14,57.2,17.4,83.04,5.417,153.06,0.4934,0.02098,0.006275,2.1,1.446,2.046,1.343,3.5,151.57,12.09,0.7695,1.507,0.5413,2.174,394.86,0.9314,45.57,0.7009,10.86,2.211e-05,0.1938,2.699,1.125,2.081,0.1881,7.68,0.4809,7.618
2022-04-12T01:53:56,39496.8,2970.67,99.89,0.2291,15.07,57.3,17.4,83.02,5.413,153.07,0.4934,0.02097,0.006275,2.1,1.447,2.046,1.342,3.5,151.56,12.09,0.7695,1.509,0.5413,2.174,394.92,0.9312,45.58,0.7008,10.86,2.211e-05,0.1938,2.699,1.125,2.081,0.188,7.681,0.4811,7.618
2022-04-12T01:54:26,39489.52,2967.47,99.87,0.2289,15.07,57.2,17.4,82.98,5.413,152.95,0.4934,0.02096,0.006275,2.1,1.446,2.048,1.342,3.501,151.55,12.09,0.7695,1.512,0.5413,2.174,394.91,0.931,45.58,0.7003,10.86,2.212e-05,0.1938,2.699,1.125,2.081,0.188,7.68,0.4807,7.618
2022-04-12T01:54:56,39497.92,2968.91,99.89,0.229,15.07,57.2,17.41,82.93,5.407,153.03,0.4934,0.02098,0.006275,2.1,1.446,2.048,1.343,3.501,151.57,12.09,0.7701,1.509,0.5413,2.175,394.99,0.9313,45.6,0.7004,10.88,2.212e-05,0.1939,2.7,1.125,2.083,0.188,7.682,0.4807,7.614
2022-04-12T01:55:26,39523.12,2971.33,99.91,0.2292,15.07,57.2,17.41,82.94,5.412,153.1,0.4926,0.021,0.006275,2.1,1.447,2.049,1.343,3.501,151.58,12.09,0.7707,1.509,0.5413,2.176,395.09,0.9315,45.61,0.7007,10.88,2.213e-05,0.1941,2.7,1.126,2.083,0.188,7.686,0.4812,7.62
2022-04-12T01:55:56,39527.89,2970.8,99.91,0.2291,15.07,57.4,17.42,82.94,5.417,153.18,0.4926,0.021,0.006275,2.1,1.447,2.047,1.344,3.505,151.6,12.1,0.7707,1.513,0.5413,2.176,395.05,0.932,45.65,0.7008,10.88,2.213e-05,0.194,2.701,1.126,2.081,0.1881,7.689,0.4813,7.621
2022-04-12T01:56:26,39514.64,2970.9,100,0.2292,15.07,57.4,17.42,82.91,5.418,153.12,0.4925,0.021,0.006275,2.1,1.447,2.046,1.344,3.505,151.7,12.1,0.7707,1.513,0.5413,2.175,395.25,0.932,45.64,0.7008,10.87,2.214e-05,0.194,2.701,1.126,2.081,0.1881,7.689,0.4813,7.625
2022-04-12T01:56:56,39493.1,2970.17,99.86,0.2291,15.07,57.4,17.41,82.83,5.403,153.06,0.4925,0.02097,0.006275,2.1,1.447,2.045,1.343,3.505,151.6,12.1,0.7707,1.513,0.5413,2.174,395.1,0.9317,45.59,0.7001,10.85,2.212e-05,0.1939,2.7,1.125,2.079,0.1879,7.68,0.4817,7.615
2022-04-12T01:57:26,39487.55,2970.17,99.85,0.2288,15.07,57.3,17.4,82.77,5.409,153.04,0.4919,0.02099,0.006275,2.1,1.447,2.046,1.342,3.497,151.57,12.1,0.7702,1.513,0.5413,2.173,394.79,0.931,45.57,0.7,10.85,2.213e-05,0.1938,2.699,1.125,2.079,0.1879,7.681,0.4817,7.62
2022-04-12T01:57:56,39503.3,2971.85,99.97,0.2291,15.07,57.3,17.41,82.78,5.42,153.03,0.4919,0.02099,0.006275,2.1,1.443,2.047,1.343,3.504,151.65,12.1,0.7702,1.515,0.5413,2.175,395,0.9318,45.58,0.7004,10.86,2.213e-05,0.194,2.702,1.125,2.08,0.1879,7.682,0.4809,7.617
2022-04-12T01:58:26,39508.92,2972.97,100.01,0.229,15.09,57.3,17.42,82.82,5.411,153.06,0.4919,0.02102,0.006284,2.1,1.442,2.05,1.344,3.506,151.81,12.1,0.7702,1.517,0.5413,2.178,395.06,0.9321,45.61,0.7002,10.86,2.215e-05,0.1943,2.702,1.126,2.081,0.188,7.687,0.4809,7.617
2022-04-12T01:58:56,39506.27,2972.85,100.01,0.229,15.09,57.3,17.42,82.8,5.408,153.05,0.4919,0.02103,0.006284,2.1,1.443,2.05,1.343,3.507,151.82,12.11,0.7702,1.517,0.5413,2.178,395.07,0.9325,45.62,0.7003,10.86,2.215e-05,0.1942,2.702,1.126,2.082,0.188,7.69,0.4809,7.618
2022-04-12T01:59:26,39501.13,2971.85,99.88,0.2288,14.99,57.3,17.42,82.72,5.402,152.98,0.4919,0.02104,0.006292,2.1,1.444,2.047,1.343,3.509,151.8,12.11,0.7702,1.518,0.5413,2.178,395.02,0.9323,45.61,0.7001,10.84,2.215e-05,0.1941,2.701,1.126,2.081,0.188,7.683,0.4809,7.619
2022-04-12T01:59:56,39500.56,2972.03,99.89,0.2287,14.99,57.3,17.42,82.7,5.401,153,0.4927,0.02104,0.006292,2.1,1.444,2.047,1.343,3.509,151.8,12.11,0.7702,1.518,0.5413,2.177,395.02,0.9322,45.6,0.7001,10.82,2.215e-05,0.1941,2.701,1.126,2.08,0.188,7.681,0.4809,7.619
2022-04-12T02:00:26,39506.46,2972.13,99.89,0.2287,14.99,57.3,17.42,82.69,5.407,153.01,0.4926,0.02103,0.006279,2.1,1.443,2.05,1.344,3.501,151.8,12.11,0.7702,1.519,0.5413,2.177,395.14,0.9323,45.6,0.7002,10.82,2.215e-05,0.1941,2.7,1.126,2.081,0.188,7.681,0.4804,7.618
2022-04-12T02:00:56,39511.17,2972.43,99.94,0.2287,14.99,57.3,17.42,82.72,5.411,153.01,0.4921,0.02101,0.006279,2.101,1.443,2.05,1.344,3.499,151.88,12.11,0.7739,1.519,0.5413,2.178,395.18,0.9319,45.6,0.7001,10.82,2.216e-05,0.194,2.701,1.126,2.081,0.188,7.682,0.4801,7.618
2022-04-12T02:01:26,39504.95,2972.5,99.98,0.2288,14.99,57.3,17.42,82.77,5.401,153.06,0.4921,0.02101,0.006279,2.101,1.443,2.05,1.344,3.494,151.94,12.11,0.7739,1.519,0.5413,2.179,395.17,0.9323,45.61,0.7002,10.81,2.217e-05,0.1943,2.702,1.126,2.082,0.1879,7.684,0.4801,7.618
2022-04-12T02:01:56,39508.93,2972.6,100.01,0.229,14.98,57.3,17.43,82.82,5.405,153.04,0.4921,0.02102,0.006279,2.101,1.443,2.05,1.344,3.494,151.92,12.11,0.7739,1.5,0.5413,2.18,395.27,0.9325,45.61,0.7001,10.79,2.217e-05,0.1944,2.703,1.127,2.082,0.188,7.686,0.4802,7.62
2022-04-12T02:02:26,39508.93,2973.28,100.12,0.2291,14.98,57.3,17.43,82.86,5.407,153.01,0.4921,0.02102,0.006279,2.101,1.443,2.049,1.344,3.493,151.91,12.11,0.7739,1.5,0.5413,2.18,395.27,0.9327,45.61,0.7002,10.79,2.216e-05,0.1944,2.704,1.127,2.082,0.188,7.687,0.4799,7.62
2022-04-12T02:02:56,39498.33,2972.63,100.03,0.2289,14.92,57.3,17.42,82.84,5.405,152.95,0.492,0.02099,0.006279,2.101,1.443,2.048,1.344,3.49,151.8,12.11,0.7739,1.501,0.5413,2.178,395.18,0.9323,45.52,0.6999,10.78,2.214e-05,0.1941,2.703,1.126,2.081,0.1879,7.685,0.4798,7.625
2022-04-12T02:03:26,39503.18,2972.72,100.09,0.2289,14.99,57.3,17.42,82.83,5.41,152.96,0.4936,0.02101,0.006241,2.101,1.443,2.048,1.344,3.487,151.87,12.11,0.7739,1.503,0.5413,2.177,395.14,0.9324,45.52,0.7,10.78,2.212e-05,0.1943,2.701,1.126,2.081,0.188,7.677,0.4794,7.626
2022-04-12T02:03:56,39523.82,2973.92,100.24,0.2291,14.92,57.3,17.43,82.87,5.41,152.97,0.4936,0.02101,0.00624,2.101,1.444,2.049,1.345,3.487,151.92,12.11,0.7739,1.503,0.5413,2.178,395.48,0.9331,45.54,0.7004,10.78,2.213e-05,0.1945,2.704,1.127,2.082,0.188,7.677,0.4799,7.626
2022-04-12T02:04:26,39519.97,2974.15,100.22,0.2294,14.92,57.3,17.43,82.92,5.411,153.02,0.4936,0.02102,0.006224,2.101,1.447,2.049,1.345,3.486,151.95,12.11,0.7708,1.503,0.5413,2.178,395.43,0.9333,45.55,0.7005,10.79,2.214e-05,0.1945,2.703,1.128,2.083,0.188,7.681,0.48,7.63
2022-04-12T02:04:56,39530.66,2975.89,100.23,0.2295,14.96,57.3,17.44,82.95,5.413,153.1,0.4936,0.02103,0.006224,2.101,1.447,2.049,1.346,3.486,152,12.1,0.7708,1.5,0.5413,2.18,395.63,0.9333,45.56,0.7006,10.81,2.215e-05,0.1945,2.704,1.128,2.083,0.1881,7.686,0.4801,7.629
2022-04-12T02:05:26,39529.82,2975.39,100.31,0.2295,15.04,57.3,17.43,82.94,5.412,153.09,0.4936,0.02104,0.00625,2.101,1.448,2.049,1.347,3.486,151.98,12.1,0.7708,1.494,0.5413,2.179,395.68,0.9336,45.55,0.7006,10.81,2.215e-05,0.1946,2.704,1.128,2.084,0.1881,7.685,0.4799,7.632
2022-04-12T02:05:56,39540.46,2976.28,100.33,0.2296,15.04,57.2,17.44,82.97,5.411,153.03,0.4936,0.02104,0.006224,2.101,1.448,2.05,1.347,3.487,152.02,12.1,0.7708,1.497,0.5413,2.18,395.76,0.9335,45.56,0.7008,10.81,2.215e-05,0.1945,2.705,1.128,2.084,0.1881,7.687,0.4803,7.633
2022-04-12T02:06:26,39544.18,2976.41,100.38,0.2296,15.04,57.2,17.44,82.99,5.415,153.11,0.4936,0.02104,0.006224,2.101,1.448,2.05,1.346,3.49,152.08,12.1,0.7708,1.497,0.5413,2.18,395.85,0.9342,45.56,0.7009,10.82,2.214e-05,0.1946,2.706,1.129,2.085,0.1881,7.693,0.4806,7.637
2022-04-12T02:06:56,39546.21,2977.46,100.44,0.2297,14.96,57.3,17.45,83.06,5.417,153.14,0.4942,0.02105,0.006224,2.101,1.448,2.048,1.346,3.49,152.13,12.1,0.7708,1.5,0.5413,2.181,396.05,0.9343,45.62,0.7009,10.82,2.216e-05,0.1948,2.707,1.129,2.086,0.1881,7.693,0.4808,7.637
2022-04-12T02:07:26,39522.84,2976.14,100.31,0.2297,15.04,57.3,17.45,83,5.413,153.09,0.4942,0.02106,0.006224,2.101,1.448,2.047,1.345,3.491,152.05,12.1,0.7708,1.497,0.5413,2.18,395.96,0.9337,45.59,0.7005,10.82,2.216e-05,0.1948,2.704,1.129,2.085,0.1881,7.689,0.4804,7.632
2022-04-12T02:07:56,39519.49,2975.54,100.26,0.2296,15.04,57.3,17.43,82.95,5.41,153.05,0.4942,0.02101,0.006224,2.101,1.448,2.047,1.345,3.493,152.01,12.13,0.7706,1.497,0.5564,2.179,395.86,0.9337,45.59,0.7004,10.82,2.216e-05,0.1948,2.703,1.128,2.084,0.1881,7.687,0.4805,7.632
2022-04-12T02:08:26,39506.3,2973.55,100.14,0.2293,15.04,57.3,17.42,82.87,5.407,152.99,0.4942,0.02098,0.006224,2.101,1.445,2.046,1.344,3.491,151.96,12.13,0.7646,1.497,0.5564,2.176,395.56,0.9328,45.52,0.7002,10.82,2.213e-05,0.1945,2.7,1.126,2.083,0.1878,7.677,0.4798,7.628
2022-04-12T02:08:56,39509.88,2974.49,100.18,0.2293,14.96,57.3,17.43,82.85,5.408,153.06,0.4942,0.02096,0.006224,2.101,1.445,2.046,1.344,3.491,152.01,12.13,0.7645,1.5,0.5564,2.176,395.56,0.9329,45.53,0.7002,10.82,2.214e-05,0.1947,2.701,1.127,2.082,0.1879,7.676,0.48,7.628
2022-04-12T02:09:26,39505.95,2973.15,100.11,0.2293,14.96,57.3,17.42,82.79,5.402,152.95,0.4902,0.02094,0.006242,2.101,1.445,2.047,1.344,3.482,151.96,12.13,0.7645,1.5,0.5564,2.176,395.4,0.9331,45.52,0.7001,10.82,2.213e-05,0.1945,2.699,1.126,2.082,0.1879,7.661,0.48,7.628
2022-04-12T02:09:56,39519.56,2973.83,100.12,0.2294,14.96,57.3,17.43,82.81,5.408,152.91,0.4914,0.02093,0.006234,2.101,1.445,2.05,1.344,3.484,151.97,12.13,0.7645,1.5,0.5564,2.177,395.6,0.9333,45.5,0.7002,10.81,2.214e-05,0.1947,2.701,1.126,2.082,0.1879,7.663,0.4798,7.63
2022-04-12T02:10:26,39539.58,2974.78,100.16,0.2296,14.96,57.3,17.44,82.83,5.411,153.19,0.4914,0.02097,0.006234,2.101,1.446,2.051,1.345,3.487,152.06,12.13,0.7615,1.5,0.5564,2.179,395.64,0.9339,45.51,0.7008,10.86,2.215e-05,0.1947,2.704,1.128,2.082,0.188,7.672,0.4796,7.632
2022-04-12T02:10:56,39536.96,2976.97,100.48,0.2297,14.96,57.3,17.44,82.84,5.408,153.2,0.4913,0.021,0.006237,2.101,1.446,2.046,1.347,3.488,152.05,12.13,0.7615,1.502,0.5564,2.181,395.83,0.9342,45.63,0.7008,10.86,2.216e-05,0.1947,2.702,1.128,2.082,0.1879,7.673,0.4799,7.636
2022-04-12T02:11:26,39520.6,2976.74,100.33,0.2294,14.96,57.3,17.44,82.82,5.403,153.03,0.4913,0.02099,0.00624,2.101,1.446,2.046,1.346,3.48,152,12.13,0.7661,1.501,0.5564,2.18,395.79,0.9341,45.59,0.7004,10.84,2.215e-05,0.1947,2.702,1.127,2.082,0.1879,7.668,0.4799,7.636
2022-04-12T02:11:56,39515.44,2976.04,100.42,0.2291,14.96,57.3,17.44,82.79,5.398,153.04,0.4913,0.02097,0.006239,2.101,1.446,2.045,1.346,3.48,151.96,12.13,0.7661,1.501,0.5564,2.179,395.74,0.9333,45.57,0.7003,10.84,2.215e-05,0.1946,2.701,1.127,2.081,0.1879,7.659,0.4793,7.636
2022-04-12T02:12:26,39512.9,2975.39,100.34,0.229,14.96,57.2,17.43,82.64,5.394,152.96,0.4913,0.02097,0.006239,2.101,1.446,2.045,1.344,3.482,151.94,12.13,0.7661,1.501,0.5564,2.178,395.55,0.9333,45.56,0.7002,10.84,2.215e-05,0.1945,2.699,1.126,2.081,0.1879,7.655,0.4791,7.637
2022-04-12T02:12:56,39520.74,2976.05,100.45,0.229,14.96,57.2,17.43,82.65,5.396,152.96,0.4918,0.02098,0.006239,2.101,1.446,2.045,1.345,3.482,151.94,12.15,0.7661,1.502,0.5564,2.18,395.65,0.9332,45.58,0.7004,10.84,2.215e-05,0.1948,2.7,1.127,2.081,0.1878,7.655,0.4791,7.633
2022-04-12T02:13:26,39526.62,2975.88,100.46,0.2291,14.96,57.2,17.44,82.59,5.399,153.02,0.4919,0.02098,0.006239,2.101,1.446,2.046,1.345,3.483,151.96,12.15,0.7661,1.502,0.5564,2.179,395.64,0.9337,45.65,0.7004,10.84,2.215e-05,0.1948,2.7,1.127,2.082,0.1879,7.656,0.4791,7.633
2022-04-12T02:13:56,39533.84,2976.15,100.51,0.2295,14.96,57.2,17.44,82.6,5.397,153.04,0.4919,0.02099,0.006239,2.101,1.446,2.051,1.345,3.481,151.97,12.16,0.7661,1.502,0.5564,2.179,395.65,0.9336,45.69,0.7004,10.84,2.215e-05,0.1948,2.701,1.128,2.082,0.1879,7.655,0.4791,7.633
2022-04-12T02:14:26,39540.47,2976.1,100.52,0.2294,14.96,57.2,17.44,82.63,5.402,153.01,0.4919,0.021,0.006239,2.1,1.446,2.051,1.345,3.482,152.01,12.16,0.7673,1.502,0.5564,2.18,395.71,0.9333,45.7,0.7004,10.87,2.216e-05,0.1948,2.702,1.128,2.083,0.1879,7.656,0.479,7.639
2022-04-12T02:14:56,39538.12,2976.18,100.48,0.2293,14.96,57.2,17.44,82.61,5.406,153.02,0.4919,0.02101,0.006266,2.1,1.446,2.051,1.345,3.482,151.98,12.16,0.7673,1.499,0.5639,2.179,395.74,0.9336,45.71,0.7005,10.87,2.215e-05,0.1948,2.7,1.128,2.083,0.1879,7.656,0.4789,7.64
2022-04-12T02:15:26,39538.07,2975.63,100.49,0.2292,14.96,57.2,17.45,82.62,5.4,153.04,0.4912,0.02103,0.00626,2.1,1.446,2.051,1.346,3.485,152.02,12.16,0.7671,1.501,0.5648,2.179,395.73,0.9333,45.69,0.7005,10.87,2.216e-05,0.1948,2.7,1.127,2.082,0.1879,7.656,0.4788,7.645
2022-04-12T02:15:56,39510.96,2973.26,100.46,0.2291,14.96,57.2,17.44,82.59,5.397,152.94,0.4909,0.021,0.00626,2.1,1.445,2.049,1.344,3.481,151.86,12.16,0.7671,1.5,0.5648,2.178,395.53,0.933,45.69,0.7002,10.87,2.214e-05,0.1948,2.699,1.126,2.081,0.1877,7.653,0.4788,7.636
2022-04-12T02:16:26,39500.05,2971.92,100.24,0.2288,14.96,57.2,17.43,82.55,5.394,152.79,0.4909,0.02098,0.00626,2.1,1.444,2.049,1.344,3.48,151.76,12.16,0.7671,1.5,0.5648,2.177,395.42,0.9324,45.67,0.7,10.87,2.213e-05,0.1945,2.695,1.125,2.077,0.1877,7.644,0.4788,7.639
2022-04-12T02:16:56,39483.56,2970.86,100.16,0.2286,14.98,57.2,17.42,82.45,5.396,152.71,0.4909,0.02098,0.006225,2.1,1.444,2.046,1.344,3.482,151.67,12.16,0.7671,1.498,0.5648,2.174,395.23,0.9319,45.62,0.6999,10.87,2.213e-05,0.1945,2.693,1.124,2.076,0.1876,7.636,0.4782,7.631
2022-04-12T02:17:26,39445.21,2967.76,99.93,0.2286,14.97,57.1,17.39,82.42,5.393,152.5,0.4909,0.02093,0.006217,2.096,1.444,2.044,1.341,3.478,151.54,12.16,0.7671,1.488,0.5648,2.171,395.01,0.9301,45.6,0.6995,10.79,2.21e-05,0.1942,2.691,1.122,2.073,0.1875,7.627,0.478,7.631
2022-04-12T02:17:56,39432.82,2966.56,99.68,0.2282,14.97,57.1,17.37,82.29,5.388,152.32,0.4909,0.02092,0.006211,2.096,1.44,2.04,1.34,3.468,151.45,12.16,0.7671,1.487,0.5648,2.17,394.97,0.9294,45.56,0.6991,10.79,2.21e-05,0.1937,2.687,1.122,2.072,0.1874,7.614,0.4774,7.617
2022-04-12T02:18:26,39437.54,2965.92,99.65,0.2279,14.97,57,17.36,82.24,5.395,152.21,0.4909,0.02093,0.006211,2.096,1.441,2.04,1.339,3.468,151.41,12.16,0.7675,1.486,0.5648,2.169,394.83,0.9293,45.52,0.6986,10.8,2.208e-05,0.1936,2.686,1.121,2.072,0.1874,7.612,0.477,7.621
2022-04-12T02:18:56,39420.33,2966.86,99.73,0.2279,14.97,56.7,17.37,82.25,5.389,152.11,0.4901,0.02092,0.006181,2.096,1.439,2.042,1.339,3.468,151.43,12.16,0.7675,1.49,0.5648,2.171,394.82,0.9288,45.54,0.6983,10.78,2.208e-05,0.1935,2.688,1.121,2.071,0.1873,7.613,0.477,7.613
2022-04-12T02:19:26,39461.67,2967.81,99.87,0.228,14.97,57.1,17.38,82.33,5.401,152.45,0.4906,0.02096,0.006181,2.096,1.44,2.044,1.341,3.468,151.42,12.16,0.7675,1.49,0.5648,2.171,394.82,0.9288,45.54,0.6988,10.82,2.21e-05,0.1936,2.69,1.121,2.074,0.1875,7.611,0.4767,7.617
2022-04-12T02:19:56,39422,2963.7,99.81,0.2278,14.97,57.1,17.36,82.25,5.39,152.26,0.4901,0.02092,0.006181,2.096,1.44,2.042,1.338,3.46,151.18,12.16,0.7639,1.486,0.5648,2.169,394.6,0.9285,45.55,0.6984,10.81,2.207e-05,0.1933,2.685,1.12,2.072,0.1874,7.603,0.4766,7.616
2022-04-12T02:20:26,39427.66,2965.72,99.63,0.2277,14.97,57.1,17.36,82.21,5.399,152.28,0.4901,0.02091,0.006181,2.096,1.44,2.039,1.338,3.451,151.13,12.16,0.7614,1.486,0.5648,2.169,394.55,0.9286,45.54,0.698,10.79,2.209e-05,0.1932,2.686,1.121,2.069,0.1874,7.608,0.4763,7.619
2022-04-12T02:20:56,39418.71,2964.41,99.55,0.2277,14.97,57.1,17.34,82.17,5.388,152.19,0.4901,0.02091,0.006181,2.095,1.44,2.039,1.337,3.453,151.15,12.16,0.7614,1.487,0.5648,2.169,394.31,0.9278,45.49,0.6979,10.79,2.207e-05,0.1935,2.685,1.12,2.069,0.1872,7.602,0.4764,7.62
2022-04-12T02:21:26,39414.92,2964.13,99.53,0.2277,14.97,57.1,17.34,82.16,5.394,152.21,0.4903,0.02094,0.006198,2.095,1.44,2.039,1.337,3.45,151.15,12.16,0.7666,1.487,0.5648,2.168,394.28,0.9282,45.49,0.6981,10.79,2.207e-05,0.1934,2.685,1.12,2.069,0.1872,7.602,0.4764,7.615
2022-04-12T02:21:56,39403.57,2963.5,99.47,0.2276,14.97,57.1,17.34,82.14,5.394,152.22,0.4901,0.02094,0.00618,2.095,1.439,2.038,1.337,3.45,151.11,12.16,0.7666,1.483,0.5648,2.167,394.23,0.9273,45.49,0.6981,10.79,2.207e-05,0.1934,2.684,1.119,2.068,0.1872,7.596,0.4764,7.619
2022-04-12T02:22:26,39420.78,2963.9,99.56,0.2277,14.97,56.9,17.35,82.15,5.401,152.29,0.4901,0.02096,0.00618,2.095,1.439,2.039,1.338,3.45,151.11,12.16,0.7666,1.483,0.5648,2.168,394.36,0.9274,45.51,0.6983,10.79,2.207e-05,0.1934,2.685,1.12,2.069,0.1872,7.591,0.4764,7.62
2022-04-12T02:22:56,39422.03,2964.26,99.57,0.2277,14.97,56.9,17.35,82.11,5.398,152.3,0.49,0.02094,0.006158,2.095,1.439,2.039,1.338,3.449,151.07,12.16,0.7666,1.483,0.5648,2.17,394.32,0.9274,45.51,0.6982,10.8,2.207e-05,0.1934,2.684,1.119,2.069,0.1872,7.593,0.4764,7.62
2022-04-12T02:23:26,39421.55,2963.95,99.57,0.2277,14.97,57,17.35,82.09,5.402,152.23,0.49,0.02092,0.006153,2.095,1.439,2.039,1.338,3.444,151.06,12.16,0.7675,1.485,0.5648,2.169,394.18,0.9282,45.49,0.6983,10.8,2.208e-05,0.1934,2.684,1.12,2.069,0.1872,7.592,0.4764,7.625
2022-04-12T02:23:56,39419.64,2964.14,99.51,0.2277,14.97,57,17.35,81.99,5.402,152.17,0.49,0.02093,0.006143,2.095,1.439,2.039,1.336,3.448,151.08,12.16,0.7675,1.485,0.5648,2.168,394.15,0.9273,45.46,0.6983,10.8,2.207e-05,0.1934,2.68,1.119,2.069,0.1872,7.592,0.4761,7.626
2022-04-12T02:24:26,39419.23,2963.47,99.52,0.2276,14.97,57,17.33,81.92,5.397,152.14,0.49,0.02092,0.006143,2.095,1.439,2.039,1.336,3.443,151.04,12.16,0.7675,1.486,0.5648,2.168,394.11,0.9271,45.46,0.6981,10.79,2.207e-05,0.1931,2.679,1.118,2.068,0.1872,7.592,0.4757,7.626
2022-04-12T02:24:56,39423.23,2963.5,99.48,0.2275,14.97,57,17.34,81.98,5.401,152.21,0.49,0.02091,0.00612,2.095,1.439,2.039,1.335,3.443,151.02,12.16,0.7675,1.484,0.5648,2.169,394.18,0.9277,45.45,0.6981,10.79,2.207e-05,0.1931,2.679,1.119,2.068,0.1872,7.595,0.4757,7.626
2022-04-12T02:25:26,39435.96,2964.17,99.55,0.2277,14.97,57,17.35,82,5.401,152.23,0.49,0.0209,0.00612,2.095,1.439,2.04,1.337,3.453,151.08,12.16,0.7675,1.484,0.5648,2.17,394.31,0.928,45.44,0.6985,10.79,2.209e-05,0.1934,2.681,1.119,2.07,0.1871,7.599,0.4758,7.627
2022-04-12T02:25:56,39424.47,2963.7,99.51,0.2276,14.97,56.9,17.35,81.97,5.403,152.21,0.4904,0.02089,0.00612,2.095,1.439,2.039,1.337,3.45,151.01,12.16,0.7671,1.486,0.5648,2.168,394.17,0.9281,45.43,0.6984,10.79,2.208e-05,0.1934,2.679,1.119,2.07,0.1872,7.603,0.476,7.626
2022-04-12T02:26:26,39379.37,2955.92,99.29,0.2273,14.97,56.8,17.32,81.87,5.393,151.91,0.4904,0.02084,0.00612,2.093,1.437,2.037,1.334,3.447,150.89,12.16,0.7789,1.486,0.5648,2.164,393.9,0.9271,45.38,0.6976,10.75,2.205e-05,0.193,2.676,1.117,2.067,0.1869,7.602,0.476,7.615
2022-04-12T02:26:56,39336.38,2955.44,99.18,0.227,15.01,56.7,17.3,81.84,5.388,151.74,0.4904,0.02082,0.00612,2.093,1.435,2.034,1.333,3.438,150.81,12.16,0.7789,1.486,0.5648,2.163,393.53,0.9264,45.3,0.6972,10.75,2.203e-05,0.1927,2.674,1.116,2.066,0.1867,7.576,0.4756,7.607
2022-04-12T02:27:26,39343.07,2956.06,99.29,0.2271,14.97,56.6,17.3,81.83,5.393,151.71,0.4904,0.02085,0.006131,2.094,1.435,2.03,1.334,3.437,150.79,12.16,0.7789,1.476,0.5648,2.16,393.51,0.9262,45.31,0.6973,10.72,2.203e-05,0.1929,2.675,1.117,2.067,0.1867,7.572,0.4743,7.607
2022-04-12T02:27:56,39352.01,2958.58,99.36,0.2269,14.97,56.6,17.3,81.87,5.399,151.72,0.4904,0.02085,0.006131,2.094,1.435,2.03,1.334,3.437,150.84,12.12,0.7789,1.473,0.5648,2.164,393.52,0.9267,45.31,0.6974,10.76,2.202e-05,0.193,2.678,1.117,2.067,0.1867,7.571,0.474,7.603
2022-04-12T02:28:26,39347.29,2959.06,99.24,0.2268,14.97,56.9,17.3,81.9,5.394,151.75,0.4904,0.02083,0.006131,2.094,1.435,2.03,1.335,3.438,150.84,12.12,0.7789,1.472,0.5648,2.164,393.59,0.9268,45.3,0.6973,10.76,2.202e-05,0.1929,2.677,1.118,2.067,0.1867,7.569,0.4737,7.603
2022-04-12T02:28:56,39344.45,2958.9,99.19,0.2269,14.97,56.8,17.3,81.91,5.397,151.69,0.49,0.02083,0.006131,2.094,1.434,2.027,1.334,3.437,150.84,12.12,0.7789,1.473,0.5648,2.164,393.62,0.9275,45.31,0.6973,10.76,2.202e-05,0.1928,2.676,1.118,2.066,0.1866,7.565,0.4738,7.604
2022-04-12T02:29:26,39345.44,2958.65,99.22,0.2268,14.97,56.8,17.3,81.88,5.389,151.67,0.4905,0.02082,0.006131,2.094,1.434,2.027,1.334,3.438,150.82,12.13,0.7789,1.473,0.5564,2.164,393.51,0.9273,45.27,0.6974,10.76,2.202e-05,0.193,2.677,1.118,2.066,0.1865,7.561,0.4732,7.604
2022-04-12T02:29:56,39350.53,2958.81,99.23,0.2268,14.97,56.8,17.3,81.9,5.388,151.62,0.4905,0.02085,0.006131,2.094,1.434,2.027,1.335,3.438,150.77,12.13,0.7692,1.474,0.5564,2.163,393.51,0.9276,45.26,0.6969,10.75,2.202e-05,0.193,2.677,1.118,2.066,0.1865,7.562,0.4728,7.604
2022-04-12T02:30:26,39346.84,2958.47,99.18,0.2267,15.03,56.8,17.3,81.89,5.385,151.61,0.4905,0.02086,0.00614,2.094,1.435,2.026,1.335,3.436,150.75,12.13,0.7692,1.474,0.5564,2.163,393.5,0.9273,45.26,0.697,10.77,2.198e-05,0.193,2.679,1.119,2.065,0.1864,7.562,0.4724,7.604
2022-04-12T02:30:56,39351.8,2959.19,99.19,0.2269,15.03,56.8,17.3,81.86,5.384,151.6,0.4905,0.02088,0.006143,2.083,1.436,2.026,1.334,3.438,150.8,12.13,0.7692,1.475,0.5564,2.164,393.61,0.9276,45.26,0.6972,10.77,2.2e-05,0.1931,2.679,1.119,2.067,0.1866,7.568,0.4725,7.602
2022-04-12T02:31:26,39343.71,2958.42,98.98,0.2268,15.03,56.9,17.3,81.84,5.384,151.56,0.4905,0.02088,0.006127,2.083,1.436,2.026,1.335,3.438,150.81,12.13,0.7692,1.475,0.5564,2.164,393.63,0.9269,45.26,0.6973,10.77,2.199e-05,0.1929,2.679,1.119,2.067,0.1865,7.568,0.4725,7.606
2022-04-12T02:31:56,39351.32,2958.34,98.87,0.2266,15.03,56.9,17.29,81.81,5.384,151.58,0.4905,0.02088,0.006127,2.083,1.435,2.027,1.334,3.436,150.77,12.13,0.7692,1.472,0.5564,2.164,393.71,0.9274,45.34,0.6973,10.77,2.2e-05,0.1929,2.678,1.118,2.066,0.1864,7.562,0.4725,7.607
2022-04-12T02:32:26,39354.27,2958.37,98.92,0.2264,15.03,56.9,17.28,81.76,5.384,151.56,0.4906,0.02088,0.006127,2.083,1.436,2.027,1.334,3.436,150.74,12.13,0.7692,1.474,0.5564,2.162,393.6,0.9272,45.31,0.6971,10.74,2.199e-05,0.1926,2.678,1.118,2.065,0.1864,7.561,0.4718,7.607
2022-04-12T02:32:56,39360.24,2958.24,98.92,0.2266,15.03,56.9,17.28,81.71,5.381,151.58,0.4907,0.02088,0.006127,2.083,1.436,2.027,1.335,3.436,150.74,12.13,0.7692,1.471,0.5564,2.163,393.56,0.927,45.28,0.6973,10.76,2.2e-05,0.1927,2.679,1.117,2.066,0.1865,7.557,0.4717,7.606
2022-04-12T02:33:26,39359.38,2957.84,98.92,0.2265,15.03,56.9,17.28,81.66,5.381,151.58,0.4907,0.02088,0.006127,2.083,1.436,2.027,1.334,3.438,150.73,12.13,0.7692,1.471,0.5564,2.163,393.47,0.9264,45.29,0.6974,10.76,2.201e-05,0.1927,2.677,1.118,2.066,0.1864,7.554,0.4719,7.608
2022-04-12T02:33:56,39329.35,2956.02,98.61,0.2262,15.03,56.9,17.26,81.55,5.373,151.16,0.4906,0.02089,0.006127,2.08,1.436,2.026,1.332,3.434,150.57,12.13,0.7692,1.471,0.5564,2.159,393.17,0.9255,45.25,0.6967,10.73,2.197e-05,0.1923,2.673,1.116,2.064,0.1862,7.548,0.4714,7.603
2022-04-12T02:34:26,39320.92,2952.27,98.57,0.2258,15.03,56.7,17.23,81.45,5.368,150.99,0.4906,0.02085,0.006127,2.08,1.435,2.025,1.331,3.434,150.45,12.1,0.7647,1.47,0.5564,2.157,392.89,0.9246,45.11,0.6965,10.73,2.196e-05,0.1921,2.67,1.114,2.061,0.1862,7.545,0.4711,7.597
2022-04-12T02:34:56,39303.3,2951.89,98.55,0.2256,15.03,56.7,17.23,81.41,5.357,150.78,0.49,0.02085,0.006129,2.08,1.433,2.025,1.33,3.427,150.28,12.1,0.7694,1.468,0.5564,2.153,392.54,0.9242,45,0.6957,10.71,2.194e-05,0.1919,2.668,1.113,2.058,0.1861,7.542,0.4708,7.595
2022-04-12T02:35:26,39336.09,2952.3,98.68,0.226,15.03,56.7,17.23,81.41,5.355,150.87,0.49,0.02086,0.006128,2.08,1.433,2.027,1.33,3.434,150.4,12.1,0.7694,1.473,0.5564,2.156,392.65,0.9244,44.99,0.6957,10.71,2.194e-05,0.1921,2.672,1.114,2.059,0.1861,7.549,0.4709,7.589
2022-04-12T02:35:56,39335.72,2952.2,98.72,0.2259,15.02,56.8,17.23,81.42,5.365,150.84,0.49,0.02086,0.006128,2.08,1.434,2.027,1.33,3.435,150.42,12.1,0.7694,1.473,0.5564,2.156,392.81,0.9247,45,0.6959,10.73,2.194e-05,0.1925,2.672,1.114,2.06,0.1862,7.547,0.4708,7.597
2022-04-12T02:36:26,39330.66,2952.65,98.62,0.2257,14.93,56.8,17.23,81.4,5.365,150.81,0.49,0.02086,0.00613,2.08,1.434,2.027,1.329,3.435,150.41,12.1,0.7694,1.473,0.5564,2.157,392.93,0.9242,45,0.6955,10.73,2.192e-05,0.1922,2.671,1.115,2.059,0.1861,7.544,0.4705,7.593
2022-04-12T02:36:56,39362.75,2952.63,98.63,0.2256,14.9,56.7,17.22,81.39,5.359,150.88,0.49,0.02085,0.006117,2.082,1.431,2.028,1.33,3.442,150.42,12.1,0.7668,1.473,0.5564,2.157,392.87,0.9244,44.99,0.6956,10.71,2.192e-05,0.1921,2.671,1.114,2.058,0.1861,7.543,0.4688,7.59
2022-04-12T02:37:26,39392.74,2954.59,98.8,0.2261,14.9,56.8,17.26,81.42,5.372,151.15,0.4905,0.02089,0.006118,2.082,1.434,2.03,1.332,3.45,150.51,12.1,0.7671,1.473,0.5564,2.16,393.31,0.925,45.08,0.6967,10.74,2.196e-05,0.1927,2.674,1.117,2.061,0.1863,7.56,0.467,7.604
2022-04-12T02:37:56,39409.36,2960.06,98.92,0.2264,14.9,56.8,17.29,81.49,5.372,151.22,0.4905,0.02092,0.006118,2.082,1.435,2.025,1.333,3.448,150.72,12.1,0.7671,1.478,0.5564,2.162,393.63,0.9251,45.16,0.6968,10.74,2.199e-05,0.1926,2.678,1.117,2.062,0.1863,7.565,0.4672,7.608
2022-04-12T02:38:26,39389.83,2959.6,98.9,0.2263,14.9,56.7,17.29,81.42,5.372,151.19,0.4905,0.02092,0.00613,2.082,1.435,2.024,1.332,3.448,150.64,12.1,0.7695,1.475,0.5564,2.162,393.66,0.9249,45.24,0.6967,10.73,2.198e-05,0.1925,2.678,1.117,2.061,0.1863,7.556,0.4659,7.601
2022-04-12T02:38:56,39381.47,2959.82,98.8,0.2261,14.9,56.7,17.28,81.41,5.357,151.2,0.4905,0.02091,0.006151,2.082,1.434,2.023,1.333,3.448,150.6,12.1,0.7695,1.475,0.5564,2.16,393.55,0.9249,45.25,0.6964,10.73,2.198e-05,0.1924,2.676,1.117,2.061,0.1863,7.552,0.4659,7.604
2022-04-12T02:39:26,39391.72,2960.25,98.84,0.226,14.89,57.4,17.28,81.41,5.362,151.26,0.4905,0.0209,0.006134,2.082,1.434,2.024,1.333,3.451,150.51,12.1,0.7698,1.475,0.5564,2.16,393.45,0.9249,45.31,0.6965,10.73,2.198e-05,0.1926,2.677,1.117,2.061,0.1862,7.55,0.4649,7.601
2022-04-12T02:39:56,39387.88,2959.98,98.86,0.226,14.89,57.3,17.28,81.36,5.365,151.22,0.4905,0.0209,0.006134,2.082,1.435,2.021,1.333,3.45,150.5,12.1,0.7698,1.475,0.5564,2.159,393.44,0.9248,45.29,0.6965,10.73,2.198e-05,0.1926,2.678,1.116,2.062,0.1862,7.55,0.4649,7.601
2022-04-12T02:40:26,39392.71,2960.32,98.87,0.2262,14.89,57.2,17.29,81.4,5.355,151.24,0.4908,0.0209,0.006134,2.082,1.435,2.022,1.333,3.449,150.48,12.1,0.7698,1.475,0.5564,2.16,393.58,0.9255,45.31,0.6967,10.73,2.199e-05,0.1924,2.678,1.117,2.061,0.1862,7.553,0.4646,7.6
2022-04-12T02:40:56,39392.74,2960.67,98.93,0.2262,14.89,57.2,17.29,81.4,5.353,151.28,0.4908,0.0209,0.006134,2.082,1.435,2.026,1.333,3.449,150.55,12.1,0.7698,1.476,0.5564,2.161,393.56,0.9253,45.29,0.6968,10.73,2.199e-05,0.1926,2.679,1.117,2.062,0.1862,7.554,0.4644,7.601
2022-04-12T02:41:26,39394.71,2961,98.96,0.2264,14.89,57.2,17.3,81.43,5.354,151.28,0.4908,0.02091,0.006134,2.082,1.435,2.028,1.333,3.455,150.6,12.1,0.7698,1.478,0.5564,2.162,393.61,0.9254,45.34,0.6967,10.74,2.2e-05,0.1926,2.68,1.117,2.062,0.1863,7.556,0.4643,7.606
2022-04-12T02:41:56,39419.92,2962.23,99.03,0.2266,14.89,57.4,17.3,81.49,5.359,151.33,0.4908,0.02092,0.006134,2.082,1.434,2.032,1.334,3.454,150.63,12.1,0.7698,1.478,0.5564,2.161,393.9,0.9256,45.33,0.697,10.75,2.201e-05,0.1928,2.681,1.118,2.063,0.1863,7.557,0.464,7.609
2022-04-12T02:42:26,39446.37,2964.54,99.11,0.2267,14.89,57.4,17.31,81.58,5.354,151.46,0.4908,0.02094,0.006126,2.082,1.435,2.036,1.335,3.466,150.67,12.12,0.7698,1.478,0.5564,2.164,394.08,0.927,45.34,0.6976,10.75,2.202e-05,0.193,2.683,1.119,2.064,0.1864,7.563,0.4637,7.609
2022-04-12T02:42:56,39447.84,2965.23,99.09,0.2266,14.95,57.4,17.33,81.68,5.356,151.62,0.4922,0.02095,0.006126,2.085,1.435,2.036,1.336,3.463,150.71,12.12,0.7698,1.482,0.5564,2.165,393.99,0.927,45.39,0.6977,10.77,2.203e-05,0.193,2.684,1.12,2.065,0.1865,7.563,0.4634,7.611
2022-04-12T02:43:26,39423.78,2963.3,99.03,0.2263,14.95,57.3,17.31,81.67,5.344,151.62,0.4922,0.02095,0.006126,2.083,1.435,2.035,1.335,3.466,150.65,12.12,0.7698,1.479,0.5564,2.164,393.94,0.9265,45.34,0.6975,10.77,2.202e-05,0.1927,2.683,1.119,2.063,0.1865,7.549,0.4633,7.603
2022-04-12T02:43:56,39414.26,2961.28,98.97,0.226,14.95,57.3,17.3,81.66,5.341,151.57,0.4922,0.02089,0.006126,2.083,1.434,2.036,1.333,3.458,150.58,12.12,0.7698,1.479,0.5564,2.163,393.87,0.9263,45.31,0.6972,10.77,2.201e-05,0.1927,2.68,1.118,2.062,0.1864,7.546,0.4631,7.599
2022-04-12T02:44:26,39409.02,2961.35,99.09,0.2261,14.95,57.3,17.3,81.67,5.342,151.47,0.4922,0.02088,0.006126,2.083,1.434,2.034,1.333,3.455,150.56,12.12,0.772,1.479,0.5564,2.162,393.85,0.9262,45.33,0.6971,10.76,2.2e-05,0.1927,2.68,1.117,2.062,0.1863,7.541,0.4634,7.596
2022-04-12T02:44:56,39403.2,2961.35,98.96,0.2261,14.95,57.3,17.31,81.67,5.342,151.47,0.4922,0.02086,0.006126,2.083,1.434,2.034,1.334,3.456,150.56,12.12,0.772,1.484,0.5564,2.162,393.93,0.9255,45.34,0.6969,10.76,2.201e-05,0.1925,2.681,1.118,2.062,0.1863,7.537,0.4632,7.586
2022-04-12T02:45:26,39374.34,2960.5,98.93,0.2261,14.95,57.2,17.3,81.62,5.326,151.42,0.4912,0.02086,0.006126,2.083,1.434,2.033,1.332,3.446,150.52,12.14,0.772,1.484,0.5564,2.161,393.76,0.925,45.34,0.6968,10.76,2.2e-05,0.1925,2.678,1.117,2.06,0.1862,7.538,0.4632,7.585
2022-04-12T02:45:56,39393.84,2961.2,98.99,0.226,14.95,57.1,17.31,81.65,5.329,151.4,0.4912,0.02088,0.006126,2.083,1.434,2.034,1.333,3.448,150.55,12.14,0.772,1.489,0.5564,2.161,393.67,0.9249,45.38,0.6965,10.74,2.201e-05,0.1924,2.679,1.117,2.06,0.1862,7.538,0.4632,7.585
2022-04-12T02:46:26,39403.33,2961.67,99.06,0.2263,14.89,57.1,17.31,81.67,5.328,151.48,0.4908,0.0209,0.006126,2.084,1.434,2.034,1.333,3.454,150.57,12.14,0.772,1.489,0.5564,2.162,393.73,0.9251,45.39,0.6966,10.78,2.202e-05,0.1925,2.679,1.117,2.061,0.1862,7.539,0.4634,7.59
2022-04-12T02:46:56,39418.8,2963.83,99.2,0.2264,14.89,57.1,17.35,81.81,5.334,151.76,0.4908,0.0209,0.006126,2.084,1.436,2.035,1.335,3.46,150.84,12.14,0.772,1.49,0.5564,2.164,394.17,0.9261,45.45,0.6968,10.8,2.203e-05,0.1925,2.682,1.12,2.064,0.1864,7.549,0.4641,7.596
2022-04-12T02:47:26,39434.16,2963.68,99.19,0.2264,14.89,57.1,17.35,81.81,5.334,151.77,0.4908,0.0209,0.006137,2.084,1.436,2.036,1.334,3.462,150.8,12.14,0.7729,1.489,0.5564,2.166,394.22,0.9264,45.47,0.697,10.8,2.202e-05,0.1925,2.684,1.119,2.063,0.1865,7.55,0.4643,7.597
2022-04-12T02:47:56,39446.2,2964.74,99.3,0.2263,14.89,57.1,17.36,81.85,5.346,151.85,0.4908,0.0209,0.006137,2.084,1.436,2.036,1.334,3.468,150.89,12.14,0.7686,1.49,0.5564,2.167,394.37,0.9269,45.52,0.6973,10.78,2.204e-05,0.193,2.685,1.12,2.066,0.1864,7.552,0.4648,7.6
2022-04-12T02:48:26,39448.51,2967.57,99.21,0.2264,14.89,57.4,17.35,81.83,5.339,151.86,0.4908,0.0209,0.006137,2.084,1.436,2.036,1.335,3.468,150.84,12.14,0.7686,1.491,0.5564,2.167,394.48,0.927,45.49,0.6972,10.77,2.204e-05,0.1929,2.686,1.12,2.065,0.1865,7.557,0.4648,7.6
2022-04-12T02:48:56,39451.21,2966.61,99.12,0.2264,14.9,57.5,17.35,81.82,5.345,151.85,0.4925,0.02091,0.006137,2.084,1.433,2.036,1.335,3.468,150.81,12.14,0.7686,1.495,0.5564,2.167,394.42,0.9273,45.48,0.6969,10.77,2.204e-05,0.1929,2.687,1.12,2.064,0.1865,7.557,0.4649,7.601
2022-04-12T02:49:26,39458.1,2966.53,99.13,0.2263,14.9,57.5,17.34,81.73,5.343,151.76,0.4925,0.0209,0.006137,2.084,1.433,2.036,1.334,3.468,150.86,12.13,0.7679,1.495,0.5564,2.166,394.37,0.9273,45.42,0.697,10.77,2.205e-05,0.1928,2.686,1.12,2.065,0.1864,7.56,0.4648,7.603
2022-04-12T02:49:56,39458.33,2966.56,99.08,0.2262,14.9,57.5,17.35,81.72,5.349,151.74,0.4925,0.02089,0.006137,2.085,1.433,2.039,1.334,3.468,150.85,12.13,0.771,1.495,0.5564,2.165,394.38,0.9273,45.39,0.6969,10.77,2.205e-05,0.1924,2.685,1.12,2.064,0.1863,7.56,0.4648,7.601
2022-04-12T02:50:26,39463.54,2966.14,99.08,0.2262,14.9,57.5,17.35,81.68,5.347,151.75,0.4925,0.0209,0.006149,2.085,1.434,2.039,1.334,3.47,150.89,12.14,0.771,1.493,0.5564,2.165,394.46,0.9271,45.35,0.697,10.77,2.205e-05,0.1926,2.685,1.12,2.064,0.1864,7.556,0.4649,7.598
2022-04-12T02:50:56,39457.6,2965.5,99.02,0.2262,14.9,57.5,17.35,81.6,5.346,151.64,0.4925,0.0209,0.006149,2.085,1.434,2.044,1.334,3.47,150.84,12.14,0.771,1.494,0.5564,2.164,394.4,0.9271,45.35,0.6969,10.77,2.205e-05,0.1926,2.685,1.12,2.064,0.1863,7.554,0.4646,7.598
2022-04-12T02:51:26,39454.01,2964.98,98.96,0.2261,14.9,57.3,17.34,81.57,5.335,151.62,0.4907,0.0209,0.006149,2.085,1.434,2.044,1.333,3.47,150.76,12.14,0.771,1.495,0.5564,2.163,394.43,0.926,45.35,0.697,10.77,2.205e-05,0.1926,2.683,1.119,2.063,0.1864,7.553,0.4647,7.598
2022-04-12T02:51:56,39468.27,2965.53,99.02,0.2262,14.9,57.3,17.34,81.56,5.334,151.64,0.4907,0.0209,0.006149,2.085,1.435,2.05,1.334,3.463,150.78,12.14,0.771,1.507,0.5564,2.163,394.44,0.9272,45.35,0.6968,10.77,2.204e-05,0.1926,2.685,1.12,2.064,0.1864,7.557,0.4647,7.591
2022-04-12T02:52:26,39472.11,2965.87,99.06,0.2263,14.91,57.3,17.35,81.59,5.341,151.7,0.4906,0.0209,0.006149,2.085,1.435,2.05,1.335,3.472,150.86,12.14,0.7711,1.507,0.5564,2.163,394.46,0.9272,45.36,0.6968,10.77,2.205e-05,0.1926,2.686,1.12,2.065,0.1864,7.558,0.4651,7.593
2022-04-12T02:52:56,39469.44,2965.63,99.02,0.2262,14.85,57.3,17.36,81.59,5.346,151.67,0.4906,0.0209,0.00616,2.085,1.435,2.05,1.334,3.474,150.88,12.14,0.7701,1.506,0.5564,2.163,394.52,0.9266,45.34,0.6964,10.77,2.204e-05,0.1926,2.684,1.119,2.065,0.1863,7.555,0.4653,7.597
2022-04-12T02:53:26,39437.99,2962.93,98.97,0.2259,14.85,57.3,17.33,81.48,5.339,151.32,0.4906,0.02088,0.00616,2.085,1.435,2.052,1.331,3.468,150.64,12.14,0.766,1.496,0.5564,2.16,394.33,0.9252,45.25,0.6956,10.77,2.203e-05,0.1924,2.678,1.118,2.062,0.1863,7.55,0.4645,7.596
2022-04-12T02:53:56,39436.38,2962.13,98.95,0.2258,14.91,57,17.31,81.47,5.329,151.32,0.4906,0.02088,0.006149,2.085,1.435,2.048,1.331,3.468,150.63,12.14,0.7737,1.493,0.5564,2.159,394.25,0.9247,45.24,0.6951,10.77,2.202e-05,0.1924,2.676,1.117,2.06,0.186,7.539,0.4644,7.591
2022-04-12T02:54:26,39448.73,2964.2,98.92,0.2258,14.85,57,17.32,81.45,5.345,151.36,0.4902,0.02089,0.006149,2.085,1.434,2.049,1.331,3.472,150.52,12.14,0.7737,1.491,0.5564,2.159,394.06,0.9252,45.22,0.6954,10.77,2.203e-05,0.1922,2.679,1.117,2.06,0.186,7.545,0.4636,7.584
2022-04-12T02:54:56,39478.37,2965.17,98.97,0.226,14.85,57.1,17.34,81.61,5.343,151.6,0.4922,0.02089,0.006149,2.086,1.434,2.045,1.332,3.479,150.78,12.14,0.766,1.494,0.5564,2.161,394.33,0.9261,45.27,0.6957,10.81,2.204e-05,0.1927,2.681,1.118,2.063,0.1862,7.552,0.4643,7.586
2022-04-12T02:55:26,39474.47,2965.02,98.98,0.2261,14.85,57.1,17.37,81.64,5.333,151.66,0.4922,0.02093,0.006149,2.086,1.435,2.045,1.332,3.48,150.75,12.14,0.766,1.494,0.5564,2.163,394.43,0.9265,45.33,0.6958,10.79,2.206e-05,0.1928,2.682,1.119,2.063,0.1862,7.558,0.4647,7.591
2022-04-12T02:55:56,39476.79,2965.59,99.17,0.2258,14.85,57.1,17.36,81.64,5.335,151.68,0.4922,0.02093,0.006149,2.086,1.435,2.045,1.333,3.48,150.73,12.14,0.766,1.494,0.5564,2.163,394.58,0.9265,45.34,0.6961,10.79,2.207e-05,0.1928,2.681,1.119,2.063,0.1863,7.56,0.4646,7.591
2022-04-12T02:56:26,39471.77,2965.73,99.18,0.2258,14.85,57.1,17.36,81.61,5.34,151.6,0.4922,0.02093,0.006149,2.086,1.434,2.045,1.333,3.474,150.73,12.14,0.766,1.494,0.5564,2.163,394.43,0.9265,45.34,0.696,10.79,2.207e-05,0.1928,2.681,1.119,2.063,0.1863,7.555,0.4649,7.592
2022-04-12T02:56:56,39476.74,2965.75,99.21,0.226,14.85,57.5,17.35,81.62,5.336,151.58,0.4922,0.02092,0.006149,2.086,1.435,2.045,1.333,3.475,150.75,12.14,0.766,1.494,0.5564,2.163,394.54,0.9263,45.36,0.6961,10.79,2.208e-05,0.1928,2.681,1.119,2.063,0.1864,7.56,0.4648,7.592
2022-04-12T02:57:26,39468.35,2965.61,99.17,0.2257,14.85,57.5,17.29,81.63,5.335,151.42,0.4922,0.0209,0.006149,2.084,1.435,2.044,1.333,3.472,150.69,12.13,0.766,1.495,0.5564,2.163,394.34,0.9259,45.32,0.6957,10.79,2.206e-05,0.1926,2.681,1.119,2.063,0.1862,7.553,0.4645,7.591
2022-04-12T02:57:56,39464.49,2964.46,99.19,0.2258,14.9,57.4,17.27,81.62,5.336,151.4,0.4911,0.02091,0.006149,2.083,1.434,2.046,1.333,3.472,150.63,12.13,0.766,1.495,0.5564,2.163,394.39,0.9259,45.32,0.6956,10.79,2.206e-05,0.1927,2.68,1.118,2.061,0.1863,7.551,0.4645,7.594
2022-04-12T02:58:26,39469.39,2964.67,99.19,0.2258,14.9,57.4,17.27,81.63,5.333,151.51,0.4911,0.02091,0.00616,2.083,1.433,2.046,1.332,3.472,150.77,12.13,0.766,1.495,0.5564,2.163,394.45,0.9261,45.32,0.6958,10.79,2.205e-05,0.1927,2.68,1.119,2.062,0.1862,7.554,0.4645,7.594
2022-04-12T02:58:56,39477.96,2966.28,99.21,0.226,14.9,57.4,17.27,81.7,5.349,151.53,0.4911,0.02092,0.00616,2.083,1.433,2.047,1.332,3.478,150.83,12.13,0.766,1.495,0.5564,2.164,394.78,0.9271,45.4,0.696,10.79,2.206e-05,0.1929,2.681,1.12,2.063,0.1863,7.56,0.4649,7.594
2022-04-12T02:59:26,39482.54,2966,99.21,0.2261,14.9,57.4,17.27,81.69,5.349,151.53,0.4911,0.02091,0.00616,2.083,1.432,2.047,1.334,3.478,150.79,12.13,0.766,1.495,0.5564,2.165,394.79,0.9268,45.37,0.6959,10.79,2.208e-05,0.1928,2.681,1.12,2.063,0.1863,7.562,0.4656,7.596
2022-04-12T02:59:56,39479.1,2965.03,99.2,0.2259,14.9,57.4,17.27,81.69,5.344,151.53,0.4911,0.02091,0.00616,2.083,1.432,2.047,1.334,3.483,150.75,12.13,0.766,1.495,0.5564,2.164,394.82,0.9273,45.38,0.6959,10.79,2.208e-05,0.1928,2.681,1.12,2.062,0.1863,7.56,0.4657,7.592
2022-04-12T03:00:26,39478.53,2965.12,99.12,0.2258,14.82,57.4,17.26,81.66,5.349,151.5,0.491,0.02091,0.00616,2.083,1.433,2.045,1.334,3.483,150.71,12.14,0.766,1.496,0.5564,2.164,394.7,0.9273,45.39,0.696,10.8,2.207e-05,0.1928,2.681,1.119,2.062,0.1864,7.551,0.4677,7.597
2022-04-12T03:00:56,39478.3,2965.14,99.14,0.2257,14.82,57.4,17.26,81.64,5.345,151.51,0.491,0.02091,0.00616,2.085,1.433,2.039,1.332,3.48,150.71,12.14,0.766,1.496,0.5564,2.163,394.76,0.9269,45.36,0.696,10.8,2.206e-05,0.1928,2.68,1.119,2.062,0.1862,7.552,0.4676,7.597
2022-04-12T03:01:26,39494.56,2966.85,99.33,0.226,14.82,57.5,17.27,81.71,5.354,151.64,0.491,0.02095,0.00616,2.085,1.434,2.04,1.334,3.484,150.81,12.14,0.7694,1.495,0.5564,2.166,394.78,0.9275,45.41,0.6962,10.81,2.207e-05,0.193,2.684,1.12,2.063,0.1863,7.556,0.468,7.597
2022-04-12T03:01:56,39495.37,2968.06,99.32,0.226,14.87,57.5,17.27,81.81,5.348,151.73,0.491,0.02093,0.006172,2.085,1.434,2.041,1.334,3.485,150.82,12.14,0.7694,1.494,0.5564,2.167,394.82,0.9279,45.4,0.6966,10.81,2.207e-05,0.193,2.684,1.12,2.065,0.1863,7.556,0.4684,7.603
2022-04-12T03:02:26,39490.21,2967.31,99.31,0.2261,14.87,57.5,17.26,81.78,5.343,151.73,0.491,0.02093,0.006186,2.085,1.434,2.041,1.334,3.485,150.83,12.14,0.7694,1.499,0.5564,2.167,394.87,0.9287,45.4,0.6965,10.81,2.208e-05,0.193,2.683,1.12,2.064,0.1864,7.555,0.4682,7.605
2022-04-12T03:02:56,39496.01,2968.13,99.27,0.2262,14.87,57.5,17.26,81.82,5.343,151.77,0.491,0.02095,0.006186,2.085,1.434,2.041,1.334,3.485,150.85,12.14,0.7694,1.499,0.5564,2.166,395,0.9289,45.38,0.6965,10.81,2.208e-05,0.193,2.684,1.12,2.064,0.1865,7.557,0.4677,7.602
2022-04-12T03:03:26,39507.58,2968.43,99.31,0.2264,14.87,57.5,17.27,81.92,5.35,151.89,0.491,0.02094,0.006186,2.085,1.441,2.041,1.335,3.485,150.9,12.14,0.7694,1.499,0.5564,2.167,395.22,0.929,45.42,0.6968,10.82,2.208e-05,0.1933,2.684,1.121,2.065,0.1865,7.562,0.4677,7.602
2022-04-12T03:03:56,39528.84,2970.11,99.39,0.2264,14.87,57.4,17.28,82.02,5.355,152,0.491,0.02094,0.006186,2.085,1.441,2.04,1.335,3.49,150.95,12.14,0.7694,1.499,0.5564,2.169,395.37,0.9292,45.45,0.6973,10.85,2.21e-05,0.1933,2.685,1.122,2.067,0.1865,7.57,0.4677,7.602
2022-04-12T03:04:26,39528.96,2970.17,99.46,0.2265,14.9,57.4,17.29,82.04,5.355,152,0.493,0.02096,0.006186,2.085,1.441,2.04,1.335,3.488,151.13,12.14,0.7694,1.498,0.5564,2.168,395.39,0.9291,45.45,0.6975,10.83,2.209e-05,0.1933,2.687,1.122,2.067,0.1866,7.572,0.4687,7.607
2022-04-12T03:04:56,39530.39,2970.42,99.34,0.2265,14.9,57.4,17.29,82,5.357,151.96,0.493,0.02096,0.006186,2.085,1.441,2.04,1.335,3.49,151.11,12.14,0.7694,1.498,0.5564,2.168,395.38,0.9291,45.46,0.6974,10.83,2.209e-05,0.1936,2.687,1.123,2.067,0.1866,7.572,0.4686,7.603
2022-04-12T03:05:26,39530.85,2970.22,99.32,0.2266,14.9,57.4,17.29,82.02,5.358,151.95,0.493,0.02096,0.006186,2.085,1.441,2.04,1.336,3.486,151.14,12.14,0.7694,1.498,0.5564,2.168,395.32,0.9296,45.45,0.6972,10.83,2.209e-05,0.1935,2.687,1.122,2.068,0.1866,7.57,0.4687,7.603
2022-04-12T03:05:56,39518.98,2968.45,99.23,0.2264,14.9,57.4,17.28,81.96,5.356,151.86,0.493,0.02095,0.00619,2.085,1.44,2.039,1.336,3.491,151.09,12.14,0.7694,1.497,0.5564,2.167,395.37,0.929,45.45,0.697,10.83,2.208e-05,0.1934,2.684,1.122,2.067,0.1866,7.564,0.4681,7.602
2022-04-12T03:06:26,39530.11,2969.54,99.32,0.2265,14.9,57.4,17.28,82,5.372,151.97,0.493,0.02095,0.00619,2.09,1.441,2.04,1.336,3.491,151.21,12.14,0.7689,1.497,0.5564,2.167,395.4,0.9284,45.44,0.6973,10.83,2.21e-05,0.1933,2.686,1.123,2.067,0.1866,7.567,0.468,7.603
2022-04-12T03:06:56,39532.27,2969.37,99.32,0.2265,14.9,57.4,17.28,82.03,5.372,151.92,0.4926,0.02095,0.00619,2.09,1.44,2.04,1.335,3.489,151.09,12.14,0.7689,1.497,0.5564,2.167,395.3,0.9286,45.44,0.6972,10.83,2.21e-05,0.1934,2.686,1.122,2.067,0.1865,7.563,0.468,7.602
2022-04-12T03:07:26,39522.08,2968.88,99.31,0.2263,14.9,57.4,17.27,81.99,5.363,151.88,0.4926,0.02091,0.00619,2.09,1.439,2.039,1.335,3.489,151.1,12.14,0.7689,1.497,0.5564,2.166,395.09,0.9285,45.43,0.6971,10.83,2.21e-05,0.1934,2.685,1.122,2.066,0.1864,7.559,0.4677,7.608
2022-04-12T03:07:56,39506.22,2966.93,99.29,0.2261,14.83,57.4,17.26,81.91,5.356,151.63,0.4925,0.0209,0.00619,2.09,1.44,2.039,1.334,3.481,151.04,12.14,0.766,1.491,0.5564,2.163,395.12,0.9278,45.41,0.6971,10.81,2.207e-05,0.1933,2.684,1.121,2.064,0.1862,7.551,0.4669,7.597
2022-04-12T03:08:26,39524.61,2967.51,99.16,0.2262,14.9,57.4,17.27,81.9,5.36,151.75,0.4925,0.02092,0.006176,2.09,1.439,2.039,1.334,3.481,151.03,12.14,0.766,1.491,0.5564,2.164,395.05,0.9281,45.42,0.6967,10.81,2.207e-05,0.1933,2.683,1.122,2.064,0.1862,7.552,0.4674,7.596
2022-04-12T03:08:56,39545.81,2967.89,99.26,0.2265,14.9,57.4,17.28,81.89,5.365,151.84,0.4925,0.02092,0.006176,2.09,1.439,2.041,1.336,3.481,151.02,12.14,0.766,1.491,0.5564,2.166,395.07,0.9288,45.42,0.6971,10.83,2.208e-05,0.1933,2.685,1.122,2.064,0.1863,7.559,0.468,7.6
2022-04-12T03:09:26,39550.44,2969.29,99.26,0.2265,14.9,57.3,17.28,81.91,5.368,151.88,0.4927,0.02092,0.006176,2.09,1.439,2.041,1.336,3.486,151.13,12.14,0.7689,1.496,0.5564,2.166,395.18,0.9291,45.44,0.6972,10.83,2.211e-05,0.1933,2.686,1.123,2.065,0.1864,7.558,0.4679,7.6
2022-04-12T03:09:56,39564.61,2970.39,99.27,0.2266,14.9,57.3,17.29,81.96,5.371,151.95,0.4942,0.02093,0.006188,2.09,1.44,2.041,1.337,3.493,151.26,12.14,0.7689,1.496,0.5564,2.167,395.29,0.9296,45.46,0.6976,10.83,2.211e-05,0.1935,2.687,1.124,2.066,0.1864,7.566,0.4681,7.601
2022-04-12T03:10:26,39563.12,2969.27,99.33,0.2266,14.9,57.4,17.29,82.02,5.373,151.96,0.4942,0.02094,0.006175,2.09,1.44,2.041,1.336,3.49,151.16,12.14,0.7689,1.502,0.5564,2.167,395.37,0.9296,45.45,0.6975,10.83,2.212e-05,0.1932,2.686,1.123,2.067,0.1866,7.567,0.4682,7.607
2022-04-12T03:10:56,39573.14,2969.03,99.31,0.2266,14.9,57.3,17.29,82.04,5.369,152.02,0.4942,0.02094,0.006164,2.09,1.44,2.04,1.337,3.491,151.19,12.14,0.7689,1.502,0.5564,2.166,395.32,0.9297,45.46,0.6976,10.83,2.212e-05,0.1933,2.686,1.123,2.066,0.1866,7.565,0.4683,7.608
2022-04-12T03:11:26,39584.64,2969.04,99.37,0.2267,14.9,57.3,17.29,82.06,5.364,152.13,0.4942,0.02094,0.006164,2.093,1.442,2.041,1.336,3.494,151.17,12.14,0.7689,1.502,0.5564,2.168,395.41,0.9297,45.44,0.6979,10.83,2.212e-05,0.1933,2.687,1.123,2.066,0.1866,7.566,0.4684,7.607
2022-04-12T03:11:56,39609.31,2970.25,99.46,0.2268,14.9,57.3,17.3,82.09,5.373,152.19,0.4945,0.02094,0.006164,2.093,1.442,2.042,1.337,3.491,151.17,12.14,0.7689,1.5,0.5564,2.169,395.44,0.9299,45.45,0.6979,10.83,2.213e-05,0.1934,2.688,1.124,2.067,0.1867,7.573,0.4679,7.608
2022-04-12T03:12:26,39594.76,2970.44,99.52,0.2266,14.9,57.4,17.3,82.15,5.379,152.2,0.4959,0.02095,0.006164,2.091,1.444,2.041,1.337,3.489,151.27,12.14,0.7689,1.5,0.5564,2.169,395.49,0.9305,45.46,0.698,10.83,2.212e-05,0.1936,2.688,1.124,2.068,0.1867,7.573,0.468,7.609
2022-04-12T03:12:56,39596.87,2970.14,99.5,0.2267,14.9,57.4,17.3,82.21,5.378,152.15,0.4964,0.02094,0.006164,2.091,1.443,2.045,1.338,3.492,151.32,12.14,0.7689,1.5,0.5564,2.169,395.64,0.9296,45.48,0.6978,10.83,2.212e-05,0.1934,2.689,1.124,2.068,0.1866,7.577,0.4678,7.609
2022-04-12T03:13:26,39595.72,2969.43,99.49,0.2266,14.9,57.4,17.29,82.17,5.353,152.13,0.4962,0.02096,0.006164,2.091,1.443,2.045,1.337,3.492,151.32,12.14,0.7689,1.5,0.5564,2.168,395.61,0.9293,45.48,0.6977,10.85,2.212e-05,0.1935,2.688,1.124,2.068,0.1866,7.582,0.4676,7.608
2022-04-12T03:13:56,39596.91,2969.53,99.43,0.2266,14.9,57.4,17.3,82.2,5.35,152.19,0.4962,0.02097,0.006164,2.091,1.443,2.045,1.337,3.492,151.37,12.14,0.7692,1.503,0.5564,2.169,395.55,0.9287,45.46,0.6978,10.85,2.211e-05,0.1935,2.689,1.124,2.069,0.1866,7.585,0.4674,7.609
2022-04-12T03:14:26,39593.01,2969.51,99.43,0.2265,14.9,57.3,17.29,82.15,5.355,152.21,0.4962,0.02096,0.006164,2.091,1.443,2.043,1.337,3.492,151.37,12.14,0.7692,1.503,0.5564,2.168,395.51,0.9283,45.45,0.6977,10.85,2.212e-05,0.1935,2.689,1.125,2.069,0.1866,7.585,0.4672,7.617
2022-04-12T03:14:56,39592.25,2969.84,99.49,0.2266,14.9,57.2,17.29,82.17,5.358,152.17,0.4962,0.02095,0.006149,2.091,1.443,2.043,1.337,3.492,151.33,12.14,0.7692,1.502,0.5564,2.168,395.52,0.928,45.47,0.6978,10.85,2.212e-05,0.1935,2.689,1.125,2.068,0.1866,7.585,0.4674,7.617
2022-04-12T03:15:26,39592.1,2969.21,99.48,0.2265,14.9,57.1,17.28,82.2,5.351,152.15,0.4962,0.02096,0.006149,2.091,1.443,2.043,1.338,3.492,151.38,12.14,0.7692,1.502,0.5564,2.168,395.45,0.9273,45.47,0.6978,10.85,2.212e-05,0.1935,2.689,1.126,2.068,0.1866,7.589,0.4677,7.618
2022-04-12T03:15:56,39574.26,2968.66,99.46,0.2263,14.88,57.2,17.27,82.13,5.344,152.09,0.4966,0.02094,0.006168,2.091,1.443,2.042,1.338,3.467,151.31,12.14,0.7713,1.489,0.5564,2.168,395.35,0.9269,45.44,0.6976,10.84,2.211e-05,0.1933,2.687,1.125,2.066,0.1866,7.589,0.4677,7.618
2022-04-12T03:16:26,39590.74,2971.57,99.44,0.2263,14.88,57.3,17.26,82.15,5.357,152.1,0.4974,0.02096,0.006168,2.093,1.443,2.042,1.338,3.47,151.32,12.14,0.7718,1.495,0.5564,2.169,395.52,0.9262,45.45,0.6979,10.86,2.213e-05,0.1933,2.688,1.125,2.069,0.1867,7.582,0.468,7.617
2022-04-12T03:16:56,39587.15,2971.56,99.35,0.2262,14.88,57.2,17.25,82.02,5.346,152,0.4965,0.02094,0.006168,2.095,1.441,2.043,1.336,3.471,151.29,12.14,0.7718,1.495,0.5564,2.168,395.36,0.9246,45.43,0.6978,10.82,2.213e-05,0.1932,2.686,1.124,2.067,0.1866,7.572,0.4672,7.616
2022-04-12T03:17:26,39578.64,2971.02,99.33,0.2263,14.88,57.2,17.25,82.02,5.348,152.1,0.4965,0.02095,0.006168,2.095,1.442,2.042,1.336,3.459,151.31,12.14,0.7718,1.488,0.5564,2.168,395.39,0.9248,45.42,0.6977,10.84,2.212e-05,0.1933,2.687,1.124,2.067,0.1866,7.57,0.4675,7.613
2022-04-12T03:17:56,39552.63,2969.14,99.18,0.2263,14.88,57.2,17.23,81.95,5.343,151.88,0.4956,0.0209,0.006168,2.095,1.441,2.039,1.335,3.446,151.16,12.14,0.7723,1.489,0.5564,2.168,395.3,0.9243,45.4,0.6973,10.84,2.209e-05,0.1931,2.685,1.123,2.065,0.1865,7.567,0.4673,7.602
2022-04-12T03:18:26,39552.92,2969.1,99.19,0.2261,14.88,57.2,17.22,81.95,5.342,151.91,0.4956,0.02093,0.006162,2.098,1.441,2.036,1.336,3.452,151.14,12.14,0.7723,1.488,0.5564,2.167,395.16,0.9237,45.4,0.697,10.84,2.209e-05,0.1931,2.686,1.123,2.066,0.1864,7.565,0.4668,7.602
2022-04-12T03:18:56,39550.35,2968.98,99.18,0.2262,14.88,57.2,17.23,81.98,5.34,151.96,0.4956,0.02091,0.006162,2.098,1.44,2.036,1.335,3.455,151.17,12.14,0.7723,1.488,0.5564,2.167,395.18,0.9241,45.41,0.6971,10.84,2.208e-05,0.1931,2.685,1.123,2.064,0.1863,7.567,0.4673,7.603
2022-04-12T03:19:26,39525.25,2967.81,99.07,0.226,14.89,57.2,17.2,81.96,5.331,151.88,0.4956,0.02089,0.006162,2.095,1.439,2.042,1.334,3.45,151.12,12.14,0.7718,1.487,0.5564,2.165,395,0.9233,45.38,0.6967,10.83,2.207e-05,0.1929,2.683,1.122,2.063,0.1862,7.564,0.4668,7.601
2022-04-12T03:19:56,39528.3,2966.52,99.05,0.2259,14.89,57.2,17.2,81.93,5.329,151.89,0.4956,0.02088,0.006162,2.095,1.439,2.041,1.335,3.452,151.17,12.14,0.7718,1.488,0.5564,2.165,395.12,0.9234,45.37,0.6967,10.83,2.207e-05,0.193,2.683,1.122,2.061,0.1863,7.563,0.4669,7.6
2022-04-12T03:20:26,39528.67,2967.26,99.11,0.2259,14.89,57.2,17.2,81.92,5.33,151.87,0.4947,0.0209,0.006162,2.095,1.439,2.041,1.335,3.454,151.19,12.14,0.7718,1.482,0.5564,2.165,395.05,0.9236,45.35,0.6968,10.83,2.205e-05,0.1929,2.684,1.123,2.062,0.1862,7.565,0.4672,7.599
2022-04-12T03:20:56,39528.27,2967.54,99.06,0.2259,14.89,57.2,17.2,81.89,5.338,151.83,0.4952,0.02089,0.006162,2.095,1.438,2.041,1.335,3.454,151.23,12.14,0.7718,1.489,0.5564,2.165,395.03,0.9235,45.34,0.6972,10.83,2.206e-05,0.1928,2.684,1.122,2.062,0.1862,7.566,0.4673,7.599
2022-04-12T03:21:26,39533.01,2967.7,99.06,0.2261,14.89,57.2,17.2,81.91,5.337,151.85,0.4952,0.02088,0.006161,2.095,1.438,2.041,1.335,3.448,151.3,12.14,0.7718,1.489,0.5564,2.166,395.03,0.9234,45.34,0.6972,10.81,2.206e-05,0.1928,2.685,1.123,2.063,0.1862,7.566,0.4675,7.608
2022-04-12T03:21:56,39562.38,2969.71,99.09,0.2262,14.98,57.1,17.23,81.96,5.347,152.1,0.4943,0.02088,0.006161,2.095,1.439,2.043,1.337,3.449,151.37,12.14,0.7718,1.489,0.5564,2.168,395.34,0.9243,45.38,0.6974,10.81,2.208e-05,0.1928,2.689,1.123,2.064,0.1862,7.575,0.4677,7.609
2022-04-12T03:22:26,39557.75,2969.28,99.09,0.2262,15.01,57.1,17.23,81.95,5.349,152.15,0.4959,0.02091,0.006161,2.095,1.439,2.038,1.338,3.446,151.42,12.14,0.7711,1.489,0.5564,2.168,395.28,0.9241,45.41,0.6973,10.83,2.208e-05,0.1928,2.688,1.123,2.065,0.1863,7.58,0.4679,7.611
2022-04-12T03:22:56,39520.19,2967.99,99.08,0.2261,15.01,57.2,17.22,81.9,5.336,152.05,0.4959,0.02088,0.006161,2.095,1.438,2.036,1.336,3.44,151.36,12.14,0.7711,1.485,0.5564,2.167,395.14,0.9233,45.4,0.6972,10.83,2.205e-05,0.1928,2.685,1.122,2.063,0.1862,7.578,0.4672,7.608
2022-04-12T03:23:26,39509.13,2967.31,99.04,0.226,14.98,57.2,17.22,81.87,5.333,151.94,0.4964,0.02085,0.006161,2.095,1.438,2.035,1.336,3.444,151.3,12.14,0.7711,1.485,0.5564,2.165,395.09,0.9227,45.37,0.697,10.79,2.204e-05,0.1928,2.684,1.122,2.062,0.1861,7.567,0.4673,7.609
2022-04-12T03:23:56,39509.16,2967.7,99.07,0.2262,15.03,57.2,17.2,81.87,5.336,151.96,0.4953,0.02086,0.006157,2.095,1.438,2.035,1.336,3.444,151.31,12.14,0.7711,1.485,0.5564,2.166,394.99,0.9229,45.36,0.697,10.79,2.204e-05,0.1927,2.685,1.122,2.062,0.186,7.564,0.467,7.606
2022-04-12T03:24:26,39509.55,2967.82,99.08,0.2262,15.03,57.2,17.21,81.86,5.346,151.93,0.4948,0.02088,0.006157,2.095,1.435,2.035,1.335,3.444,151.32,12.14,0.77,1.485,0.5564,2.165,395.02,0.9225,45.36,0.6972,10.79,2.203e-05,0.1927,2.686,1.122,2.062,0.1861,7.565,0.4665,7.607
2022-04-12T03:24:56,39515.19,2968.05,99.09,0.2262,15.03,57.2,17.21,81.87,5.339,151.92,0.4948,0.02087,0.006157,2.095,1.435,2.035,1.336,3.451,151.34,12.14,0.77,1.485,0.5564,2.165,395.09,0.9223,45.39,0.6973,10.79,2.204e-05,0.1927,2.687,1.123,2.062,0.1861,7.569,0.4661,7.609
2022-04-12T03:25:26,39535.14,2968.95,99.2,0.2264,15.03,57.2,17.22,81.92,5.338,152.08,0.4957,0.02087,0.006157,2.095,1.435,2.034,1.337,3.454,151.42,12.14,0.77,1.485,0.5564,2.165,395.33,0.9229,45.44,0.6975,10.77,2.208e-05,0.1927,2.69,1.124,2.064,0.1862,7.575,0.4664,7.611
2022-04-12T03:25:56,39533.83,2968.5,98.95,0.2264,15.03,57.2,17.2,81.91,5.335,152.04,0.4964,0.02088,0.006157,2.095,1.436,2.034,1.337,3.45,151.39,12.14,0.7743,1.485,0.5627,2.166,395.19,0.9226,45.42,0.6975,10.78,2.206e-05,0.1928,2.689,1.123,2.063,0.1862,7.573,0.4663,7.609
2022-04-12T03:26:26,39536.63,2968.99,98.95,0.2266,15.03,57.2,17.19,81.97,5.338,152.06,0.496,0.02088,0.00615,2.095,1.436,2.037,1.337,3.449,151.46,12.14,0.7712,1.488,0.5627,2.168,395.33,0.9226,45.44,0.6976,10.78,2.206e-05,0.1928,2.689,1.124,2.063,0.1862,7.573,0.4662,7.607
2022-04-12T03:26:56,39545.05,2969.03,98.96,0.2266,15.03,57.2,17.19,81.97,5.341,152.05,0.496,0.02093,0.00615,2.095,1.436,2.037,1.337,3.451,151.49,12.14,0.7712,1.486,0.5627,2.169,395.37,0.9226,45.44,0.6977,10.78,2.207e-05,0.1928,2.691,1.124,2.063,0.1863,7.573,0.4662,7.616
2022-04-12T03:27:26,39557.16,2969.42,98.96,0.2266,15.03,57,17.2,81.98,5.34,152.08,0.4955,0.02096,0.00615,2.095,1.436,2.036,1.338,3.454,151.46,12.14,0.7712,1.486,0.5627,2.17,395.47,0.9232,45.46,0.6977,10.79,2.207e-05,0.1928,2.69,1.125,2.063,0.1862,7.573,0.466,7.616
2022-04-12T03:27:56,39558.57,2969.44,98.92,0.2266,15.03,57.1,17.19,81.96,5.34,152.1,0.4967,0.02097,0.00615,2.095,1.437,2.036,1.337,3.453,151.45,12.14,0.7712,1.488,0.5627,2.17,395.45,0.9231,45.45,0.6977,10.79,2.207e-05,0.1928,2.69,1.124,2.063,0.1862,7.575,0.4659,7.611
2022-04-12T03:28:26,39566.18,2970.02,98.92,0.2267,15.05,57.3,17.2,81.96,5.337,152.11,0.4965,0.02095,0.00615,2.096,1.436,2.036,1.337,3.455,151.53,12.14,0.7712,1.488,0.5627,2.169,395.48,0.923,45.45,0.6977,10.79,2.207e-05,0.1928,2.688,1.124,2.064,0.1861,7.579,0.4657,7.617
2022-04-12T03:28:56,39577.82,2970.59,98.94,0.2267,15.05,57.3,17.2,81.9,5.345,152.12,0.4966,0.02097,0.00615,2.097,1.436,2.039,1.337,3.456,151.54,12.14,0.7712,1.487,0.5627,2.169,395.51,0.9231,45.45,0.6978,10.79,2.208e-05,0.1929,2.689,1.125,2.063,0.1863,7.58,0.4655,7.618
2022-04-12T03:29:26,39579.46,2970.64,98.93,0.2267,15.02,57.3,17.2,81.9,5.342,152.1,0.4956,0.02096,0.006149,2.097,1.436,2.042,1.337,3.466,151.42,12.14,0.7712,1.49,0.5627,2.168,395.48,0.9225,45.43,0.6978,10.8,2.208e-05,0.1929,2.688,1.124,2.063,0.1862,7.568,0.4655,7.612
2022-04-12T03:29:56,39574.28,2970.76,98.9,0.2267,15.02,57.3,17.2,81.84,5.34,152.08,0.4955,0.02095,0.006149,2.097,1.436,2.039,1.337,3.464,151.42,12.14,0.7712,1.484,0.5627,2.168,395.48,0.9229,45.42,0.6975,10.79,2.208e-05,0.1928,2.688,1.124,2.063,0.1863,7.568,0.4653,7.612
2022-04-12T03:30:26,39569.37,2970.82,99,0.2267,15.02,57.3,17.2,81.83,5.336,152.14,0.4955,0.02094,0.006149,2.097,1.436,2.039,1.337,3.464,151.45,12.17,0.7718,1.482,0.5627,2.168,395.48,0.9235,45.43,0.6976,10.79,2.208e-05,0.1928,2.69,1.125,2.063,0.1862,7.569,0.4652,7.613
2022-04-12T03:30:56,39563.47,2970.79,99.04,0.2266,15.02,57.3,17.2,81.81,5.336,152.14,0.4955,0.02093,0.006149,2.097,1.435,2.039,1.337,3.47,151.52,12.17,0.7718,1.484,0.5627,2.169,395.64,0.924,45.43,0.6976,10.79,2.208e-05,0.1931,2.689,1.125,2.063,0.1862,7.568,0.4657,7.613
2022-04-12T03:31:26,39563.11,2970.59,98.92,0.2265,15.02,57.3,17.2,81.75,5.341,152.01,0.4955,0.02093,0.006149,2.097,1.435,2.041,1.337,3.474,151.47,12.17,0.7718,1.484,0.5627,2.168,395.57,0.9234,45.46,0.6974,10.8,2.207e-05,0.1931,2.687,1.126,2.063,0.1862,7.569,0.4658,7.613
2022-04-12T03:31:56,39556.03,2970.28,98.89,0.2265,15.04,57.3,17.19,81.69,5.332,151.96,0.4962,0.02089,0.00614,2.097,1.435,2.041,1.336,3.482,151.45,12.17,0.7718,1.48,0.5627,2.168,395.56,0.9224,45.44,0.6972,10.8,2.207e-05,0.1928,2.686,1.125,2.062,0.186,7.567,0.4657,7.613
2022-04-12T03:32:26,39548.48,2970.18,98.84,0.2265,15.09,57.3,17.18,81.66,5.332,151.92,0.4961,0.02089,0.006123,2.097,1.437,2.041,1.336,3.482,151.43,12.17,0.7732,1.48,0.5627,2.168,395.6,0.923,45.41,0.6973,10.8,2.206e-05,0.1928,2.685,1.125,2.062,0.1861,7.558,0.4656,7.613
2022-04-12T03:32:56,39546.15,2970.07,98.81,0.2265,15.09,57.3,17.18,81.58,5.331,151.89,0.4961,0.02089,0.006123,2.097,1.442,2.041,1.335,3.478,151.47,12.17,0.7732,1.48,0.5627,2.168,395.48,0.9227,45.39,0.6973,10.8,2.206e-05,0.1928,2.684,1.124,2.062,0.186,7.556,0.465,7.617
2022-04-12T03:33:26,39551.35,2970.86,98.82,0.2265,15.09,57.3,17.18,81.6,5.34,151.91,0.4961,0.02089,0.006124,2.097,1.442,2.041,1.335,3.48,151.5,12.2,0.7732,1.485,0.5627,2.168,395.58,0.9232,45.41,0.6977,10.81,2.207e-05,0.1928,2.686,1.124,2.062,0.1861,7.554,0.4652,7.614
2022-04-12T03:33:56,39546.17,2969.72,98.8,0.2263,15.09,57.2,17.18,81.6,5.336,151.83,0.4962,0.02089,0.006124,2.097,1.441,2.038,1.335,3.48,151.48,12.2,0.7732,1.485,0.5627,2.167,395.59,0.9218,45.41,0.6976,10.81,2.207e-05,0.1927,2.686,1.124,2.061,0.186,7.554,0.4648,7.611
2022-04-12T03:34:26,39542.34,2969.43,98.86,0.2263,15.09,57.2,17.18,81.6,5.337,151.82,0.4957,0.02094,0.006124,2.097,1.441,2.038,1.335,3.481,151.5,12.18,0.7732,1.485,0.5627,2.167,395.49,0.9214,45.41,0.6975,10.81,2.207e-05,0.1927,2.686,1.125,2.061,0.1861,7.554,0.4648,7.615
2022-04-12T03:34:56,39546.85,2970.04,98.87,0.2263,15.09,57.2,17.18,81.63,5.34,151.86,0.4957,0.02092,0.006124,2.097,1.441,2.038,1.336,3.485,151.52,12.18,0.7732,1.485,0.5627,2.167,395.61,0.9201,45.43,0.6978,10.81,2.208e-05,0.1927,2.685,1.125,2.061,0.1861,7.553,0.4648,7.615
2022-04-12T03:35:26,39544.07,2969.31,98.82,0.2262,15.04,57.2,17.18,81.64,5.339,151.86,0.4951,0.02091,0.006124,2.097,1.441,2.038,1.334,3.485,151.5,12.18,0.7732,1.483,0.5627,2.167,395.73,0.9195,45.44,0.698,10.78,2.207e-05,0.1926,2.683,1.125,2.061,0.186,7.552,0.4649,7.615
2022-04-12T03:35:56,39575.99,2972.67,98.8,0.2264,15.04,57.1,17.19,81.68,5.338,151.92,0.4952,0.02088,0.00613,2.097,1.441,2.039,1.336,3.481,151.52,12.18,0.7732,1.486,0.5627,2.168,395.78,0.9198,45.46,0.6984,10.79,2.208e-05,0.1929,2.688,1.125,2.062,0.1861,7.552,0.4654,7.611
2022-04-12T03:36:26,39594.06,2972.72,98.82,0.2267,15.04,57.1,17.21,81.73,5.348,151.98,0.4952,0.0209,0.006142,2.097,1.44,2.04,1.338,3.482,151.69,12.18,0.7732,1.486,0.5627,2.17,395.97,0.9209,45.51,0.6985,10.81,2.209e-05,0.193,2.689,1.126,2.063,0.1862,7.57,0.4656,7.611
2022-04-12T03:36:56,39588.71,2973,98.82,0.2266,15.04,57.1,17.21,81.74,5.345,151.98,0.4951,0.02091,0.006142,2.097,1.441,2.038,1.337,3.482,151.67,12.18,0.7732,1.489,0.5627,2.17,396.09,0.9201,45.52,0.6987,10.79,2.209e-05,0.1931,2.689,1.126,2.065,0.1862,7.567,0.4656,7.611
2022-04-12T03:37:26,39583.64,2973.41,99.03,0.2267,15.04,57.1,17.21,81.79,5.338,151.96,0.4951,0.02087,0.006135,2.097,1.443,2.038,1.337,3.479,151.69,12.25,0.7732,1.489,0.5627,2.17,396.11,0.9209,45.53,0.6988,10.79,2.209e-05,0.1931,2.69,1.127,2.065,0.1863,7.569,0.4654,7.617
2022-04-12T03:37:56,39587.34,2974.33,99.06,0.2267,15.04,57.1,17.21,81.9,5.338,152.05,0.4959,0.02085,0.006135,2.097,1.444,2.038,1.338,3.481,151.73,12.25,0.7732,1.489,0.5627,2.172,396.23,0.921,45.53,0.6989,10.79,2.209e-05,0.1932,2.69,1.127,2.066,0.1864,7.565,0.4655,7.621
2022-04-12T03:38:26,39590.53,2974.45,99.01,0.2268,15.04,57.1,17.21,81.92,5.342,152.05,0.4959,0.02087,0.006135,2.097,1.444,2.039,1.338,3.48,151.69,12.25,0.7732,1.489,0.5627,2.171,396.12,0.921,45.54,0.699,10.79,2.21e-05,0.1932,2.69,1.127,2.066,0.1864,7.566,0.4651,7.626
2022-04-12T03:38:56,39597.18,2974.51,99.07,0.2268,15.04,57.1,17.21,81.95,5.344,152.03,0.4959,0.02088,0.006135,2.097,1.444,2.039,1.338,3.48,151.71,12.25,0.7732,1.489,0.5627,2.171,396.19,0.9207,45.53,0.6991,10.79,2.21e-05,0.1932,2.69,1.127,2.066,0.1864,7.568,0.4649,7.626
2022-04-12T03:39:26,39602.43,2974.49,99.03,0.2268,15.04,57.1,17.21,81.95,5.34,151.5,0.4959,0.02087,0.006135,2.097,1.444,2.042,1.337,3.48,151.71,12.25,0.7732,1.489,0.5627,2.171,396.33,0.9206,45.53,0.6993,10.82,2.21e-05,0.1932,2.69,1.127,2.066,0.1864,7.564,0.4648,7.621
2022-04-12T03:39:56,39615.35,2975.7,99.05,0.2268,15.04,57.1,17.22,82,5.346,151.24,0.4959,0.02089,0.006143,2.097,1.444,2.044,1.337,3.48,151.75,12.25,0.7732,1.489,0.5627,2.171,396.4,0.921,45.57,0.6994,10.83,2.211e-05,0.1933,2.691,1.128,2.068,0.1865,7.564,0.4646,7.623
2022-04-12T03:40:26,39611.09,2975.33,99.1,0.2268,15.04,57.1,17.22,82.06,5.35,151.25,0.4969,0.0209,0.006143,2.097,1.444,2.044,1.338,3.483,151.73,12.25,0.7752,1.486,0.5627,2.172,396.41,0.9217,45.57,0.6994,10.83,2.212e-05,0.1933,2.69,1.128,2.067,0.1865,7.567,0.4642,7.628
2022-04-12T03:40:56,39612.86,2975.38,99.17,0.2269,15.04,57.2,17.22,82.08,5.348,151.29,0.4969,0.02089,0.006143,2.097,1.444,2.044,1.339,3.482,151.77,12.25,0.7752,1.486,0.5627,2.171,396.4,0.9209,45.58,0.6995,10.83,2.212e-05,0.1933,2.691,1.128,2.067,0.1865,7.573,0.4649,7.623
2022-04-12T03:41:26,39619.68,2976.63,99.23,0.2269,15.04,57.2,17.23,82.08,5.336,151.4,0.4969,0.02089,0.006143,2.097,1.444,2.044,1.339,3.49,151.78,12.25,0.7752,1.486,0.5627,2.173,396.48,0.9213,45.57,0.6995,10.83,2.212e-05,0.1935,2.692,1.129,2.068,0.1866,7.575,0.4652,7.624
2022-04-12T03:41:56,39618.79,2976.43,99.24,0.2268,15.04,57.2,17.23,82.08,5.339,151.41,0.498,0.0209,0.006143,2.097,1.444,2.044,1.339,3.493,151.78,12.25,0.7752,1.486,0.5627,2.174,396.46,0.9214,45.58,0.6996,10.83,2.211e-05,0.1935,2.692,1.129,2.068,0.1865,7.572,0.4653,7.623
2022-04-12T03:42:26,39624.18,2977.03,99.24,0.2269,15.04,57.2,17.24,82.09,5.34,151.43,0.4969,0.0209,0.006143,2.097,1.443,2.044,1.34,3.493,151.78,12.25,0.7752,1.494,0.5627,2.173,396.44,0.9209,45.61,0.6996,10.84,2.212e-05,0.1935,2.692,1.129,2.069,0.1866,7.576,0.4658,7.624
2022-04-12T03:42:56,39651.13,2978.09,99.35,0.2269,15.04,57.2,17.26,82.14,5.347,151.6,0.4969,0.02091,0.006142,2.097,1.444,2.04,1.34,3.495,151.8,12.25,0.7749,1.494,0.5627,2.174,396.66,0.9218,45.63,0.7003,10.85,2.213e-05,0.1938,2.694,1.129,2.071,0.1867,7.582,0.4663,7.628
2022-04-12T03:43:26,39658.39,2977.82,99.38,0.2268,15.1,57.2,17.26,82.14,5.35,151.5,0.4973,0.02092,0.006143,2.097,1.446,2.041,1.34,3.496,151.89,12.25,0.7749,1.498,0.5627,2.174,396.59,0.9222,45.65,0.7004,10.85,2.213e-05,0.1938,2.696,1.13,2.07,0.1869,7.582,0.4663,7.628
2022-04-12T03:43:56,39700.17,2980.23,99.44,0.2269,15.1,57.2,17.27,82.25,5.352,151.7,0.4973,0.02092,0.006164,2.097,1.446,2.043,1.341,3.492,151.91,12.25,0.7749,1.499,0.5627,2.177,396.76,0.9228,45.73,0.7005,10.85,2.215e-05,0.194,2.696,1.131,2.073,0.187,7.591,0.4676,7.629
2022-04-12T03:44:26,39700.75,2980.44,99.44,0.2268,15.1,57.3,17.27,82.27,5.356,151.63,0.4973,0.02094,0.006164,2.097,1.448,2.043,1.342,3.492,151.94,12.23,0.7749,1.499,0.5627,2.178,396.77,0.9228,45.73,0.7006,10.85,2.215e-05,0.1941,2.697,1.132,2.073,0.187,7.591,0.4675,7.63
2022-04-12T03:44:56,39679.44,2978.43,99.37,0.2267,15.1,57.3,17.27,82.28,5.355,151.62,0.4974,0.02091,0.006164,2.097,1.447,2.042,1.341,3.5,151.9,12.23,0.7749,1.499,0.5627,2.177,396.77,0.9225,45.72,0.7008,10.85,2.214e-05,0.1938,2.695,1.131,2.071,0.1869,7.594,0.4673,7.629
2022-04-12T03:45:26,39716.45,2983.19,99.47,0.2268,15.1,57.3,17.28,82.32,5.352,151.64,0.4974,0.02091,0.006164,2.097,1.448,2.044,1.343,3.496,151.95,12.23,0.7749,1.496,0.5627,2.177,397.01,0.9229,45.71,0.701,10.85,2.215e-05,0.1938,2.696,1.131,2.072,0.1868,7.593,0.4678,7.631
2022-04-12T03:45:56,39711.78,2981.4,99.43,0.2268,15.11,57.3,17.27,82.3,5.351,151.69,0.4992,0.02092,0.006164,2.098,1.45,2.044,1.342,3.506,151.95,12.23,0.777,1.495,0.5627,2.176,397.02,0.9229,45.7,0.7009,10.85,2.216e-05,0.1939,2.696,1.131,2.072,0.1868,7.592,0.4679,7.64
2022-04-12T03:46:26,39726.07,2982.7,99.52,0.2268,15.11,57.3,17.29,82.36,5.353,151.75,0.4992,0.02094,0.006164,2.097,1.45,2.044,1.342,3.506,152.05,12.23,0.777,1.495,0.5627,2.179,397.2,0.9233,45.72,0.7011,10.86,2.217e-05,0.1941,2.698,1.132,2.072,0.1869,7.602,0.468,7.644
2022-04-12T03:46:56,39739.39,2982.46,99.55,0.2273,15.11,57.4,17.29,82.44,5.354,151.73,0.4986,0.02093,0.006145,2.097,1.451,2.045,1.343,3.51,152.09,12.23,0.7759,1.495,0.5627,2.18,397.22,0.9239,45.77,0.7013,10.87,2.216e-05,0.1941,2.699,1.133,2.073,0.1869,7.604,0.4684,7.645
2022-04-12T03:47:26,39734.05,2981.57,99.47,0.2272,15.11,57.4,17.29,82.44,5.359,151.78,0.4992,0.02093,0.006145,2.097,1.451,2.044,1.342,3.505,152.06,12.23,0.7759,1.495,0.5627,2.179,397.13,0.9239,45.81,0.7012,10.85,2.216e-05,0.1941,2.697,1.132,2.071,0.1869,7.6,0.4683,7.636
2022-04-12T03:47:56,39743.86,2982.37,99.46,0.2273,15.11,57.4,17.3,82.46,5.359,151.82,0.4992,0.02093,0.006145,2.097,1.45,2.045,1.343,3.505,152.08,12.23,0.7759,1.491,0.5627,2.178,397.21,0.9243,45.86,0.7014,10.85,2.216e-05,0.1941,2.698,1.132,2.072,0.1869,7.608,0.4686,7.637
2022-04-12T03:48:26,39724.45,2981.59,99.42,0.2272,15.11,57.4,17.29,82.45,5.359,151.64,0.4992,0.02093,0.006145,2.095,1.45,2.044,1.343,3.5,152.07,12.23,0.7758,1.494,0.5627,2.177,397.13,0.924,45.83,0.7015,10.85,2.215e-05,0.1939,2.695,1.132,2.072,0.1869,7.608,0.4686,7.64
2022-04-12T03:48:56,39713.74,2981.44,99.35,0.2271,15.11,57.4,17.28,82.46,5.362,151.65,0.4992,0.02092,0.006145,2.095,1.449,2.043,1.342,3.507,152.07,12.23,0.7758,1.494,0.5627,2.177,397.13,0.9233,45.82,0.7012,10.85,2.215e-05,0.1939,2.695,1.131,2.071,0.1867,7.598,0.4681,7.639
2022-04-12T03:49:26,39684.16,2980.85,99.34,0.227,15.13,57.6,17.28,82.46,5.362,151.67,0.4992,0.02091,0.006157,2.095,1.449,2.042,1.341,3.505,152.06,12.23,0.7758,1.494,0.5627,2.176,397.01,0.9233,45.8,0.7012,10.85,2.215e-05,0.1938,2.694,1.13,2.071,0.1866,7.596,0.4681,7.65
2022-04-12T03:49:56,39705.82,2981.06,99.37,0.2272,15.12,57.6,17.29,82.45,5.364,151.66,0.4995,0.0209,0.006157,2.095,1.449,2.037,1.342,3.505,152.1,12.23,0.7758,1.495,0.5627,2.177,397.02,0.9236,45.79,0.7014,10.87,2.216e-05,0.1938,2.697,1.131,2.071,0.1867,7.601,0.4685,7.657
2022-04-12T03:50:26,39706.61,2981.09,99.48,0.2272,15.12,57.6,17.28,82.46,5.364,151.66,0.4995,0.02093,0.006157,2.097,1.449,2.037,1.342,3.505,152.11,12.23,0.7758,1.495,0.5627,2.177,397.15,0.9241,45.8,0.7011,10.87,2.216e-05,0.1938,2.696,1.131,2.072,0.1869,7.603,0.4687,7.663
2022-04-12T03:50:56,39699.38,2980.65,99.51,0.2272,15.12,57.5,17.27,82.42,5.36,151.68,0.4999,0.02092,0.006157,2.097,1.449,2.037,1.342,3.501,152.11,12.23,0.7758,1.495,0.5627,2.176,397.14,0.9239,45.84,0.7012,10.88,2.216e-05,0.1939,2.696,1.131,2.072,0.1869,7.601,0.4688,7.668
2022-04-12T03:51:26,39699.63,2980.52,99.5,0.2272,15.12,57.6,17.27,82.4,5.359,151.66,0.4998,0.02092,0.006157,2.097,1.449,2.037,1.342,3.506,152.1,12.23,0.7765,1.497,0.5627,2.176,397.28,0.924,45.93,0.701,10.86,2.216e-05,0.1939,2.696,1.131,2.072,0.1869,7.601,0.4687,7.669
2022-04-12T03:51:56,39700.49,2980.41,99.51,0.2273,15.12,57.6,17.27,82.39,5.364,151.66,0.4998,0.02092,0.006151,2.097,1.45,2.037,1.342,3.506,152.1,12.23,0.7765,1.497,0.5627,2.176,397.33,0.9242,45.89,0.7009,10.86,2.216e-05,0.1939,2.696,1.13,2.072,0.1868,7.603,0.4687,7.668
2022-04-12T03:52:26,39685.35,2979.99,99.5,0.2271,15.12,57.6,17.27,82.34,5.358,151.5,0.4998,0.02091,0.006151,2.097,1.449,2.045,1.341,3.506,152.04,12.23,0.7765,1.492,0.5627,2.174,397.18,0.9234,45.9,0.7006,10.86,2.216e-05,0.1938,2.695,1.13,2.072,0.1867,7.601,0.4686,7.669
2022-04-12T03:52:56,39683.71,2979.6,99.5,0.2274,15.12,57.6,17.27,82.34,5.361,151.47,0.4998,0.02089,0.006156,2.095,1.449,2.045,1.341,3.506,152.12,12.23,0.7765,1.494,0.5402,2.174,397.31,0.9239,45.9,0.7005,10.85,2.216e-05,0.1938,2.696,1.13,2.072,0.1867,7.601,0.4679,7.664
2022-04-12T03:53:26,39700.21,2981.38,99.62,0.2275,15.13,57.5,17.27,82.36,5.359,151.56,0.4998,0.02091,0.006156,2.095,1.448,2.046,1.341,3.506,152.12,12.23,0.7765,1.497,0.5402,2.177,397.44,0.9239,46.06,0.7006,10.86,2.216e-05,0.1938,2.698,1.131,2.073,0.1867,7.601,0.4682,7.677
2022-04-12T03:53:56,39700.8,2981.54,99.65,0.2276,15.13,57.5,17.28,82.36,5.357,151.66,0.4998,0.02092,0.006156,2.095,1.447,2.046,1.343,3.503,152.17,12.23,0.7765,1.497,0.5402,2.177,397.51,0.924,46.23,0.7008,10.86,2.217e-05,0.1942,2.7,1.132,2.075,0.1868,7.615,0.4688,7.69
2022-04-12T03:54:26,39683.32,2980.54,99.51,0.2275,15.13,57.4,17.29,82.35,5.362,151.67,0.4998,0.02094,0.006156,2.095,1.448,2.045,1.343,3.503,152.17,12.23,0.7759,1.497,0.5402,2.177,397.47,0.9237,46.43,0.7003,10.84,2.217e-05,0.194,2.7,1.131,2.075,0.1868,7.611,0.4688,7.69
2022-04-12T03:54:56,39687.57,2980.68,99.51,0.2275,15.13,57.4,17.29,82.31,5.363,151.67,0.4998,0.02095,0.006156,2.095,1.448,2.045,1.342,3.506,152.18,12.23,0.7759,1.497,0.5402,2.177,397.48,0.9238,46.62,0.7003,10.84,2.217e-05,0.1943,2.707,1.131,2.077,0.1867,7.614,0.4695,7.689
2022-04-12T03:55:26,39683.74,2979.88,99.48,0.2272,15.13,57.4,17.28,82.29,5.367,151.57,0.4998,0.02092,0.00616,2.095,1.448,2.045,1.342,3.503,152.15,12.23,0.7759,1.5,0.5402,2.177,397.46,0.9237,46.56,0.6997,10.84,2.217e-05,0.1943,2.705,1.13,2.075,0.1868,7.609,0.4695,7.689
2022-04-12T03:55:56,39689.32,2979.87,99.44,0.2273,15.18,57.6,17.28,82.29,5.367,151.65,0.4998,0.02092,0.00616,2.095,1.448,2.045,1.342,3.51,152.17,12.23,0.7759,1.501,0.5402,2.176,397.44,0.9237,46.57,0.6997,10.85,2.217e-05,0.1943,2.704,1.131,2.075,0.1867,7.612,0.4697,7.691
2022-04-12T03:56:26,39691.49,2979.91,99.45,0.2273,15.18,57.6,17.27,82.29,5.366,151.61,0.4998,0.02094,0.00616,2.095,1.448,2.045,1.342,3.511,152.16,12.23,0.7759,1.503,0.5402,2.177,397.51,0.9236,46.56,0.6999,10.85,2.216e-05,0.1941,2.704,1.131,2.076,0.1867,7.61,0.4698,7.691
2022-04-12T03:56:56,39695.9,2980.13,99.53,0.2275,15.18,57.6,17.28,82.3,5.364,151.65,0.4999,0.02093,0.00616,2.095,1.448,2.046,1.343,3.506,152.22,12.23,0.7759,1.501,0.5402,2.176,397.63,0.9237,46.59,0.7001,10.85,2.217e-05,0.1941,2.705,1.132,2.076,0.1867,7.614,0.4699,7.685
2022-04-12T03:57:26,39701.89,2979.35,99.52,0.2276,15.18,57.6,17.28,82.29,5.365,151.63,0.4999,0.02093,0.00616,2.095,1.448,2.046,1.343,3.516,152.22,12.23,0.7759,1.503,0.5402,2.176,397.58,0.9237,46.66,0.6999,10.85,2.217e-05,0.1942,2.704,1.132,2.076,0.1867,7.62,0.4702,7.69
2022-04-12T03:57:56,39702.71,2979.61,99.53,0.2276,15.18,57.6,17.27,82.3,5.378,151.61,0.4999,0.02093,0.006161,2.095,1.448,2.046,1.342,3.515,152.2,12.17,0.7759,1.503,0.5402,2.176,397.58,0.9232,46.66,0.7,10.85,2.217e-05,0.1942,2.705,1.132,2.076,0.1868,7.618,0.4702,7.695
2022-04-12T03:58:26,39699.25,2979.65,99.54,0.2276,15.18,57.6,17.27,82.33,5.387,151.6,0.4999,0.02095,0.006161,2.095,1.448,2.046,1.342,3.52,152.2,12.17,0.7759,1.503,0.5402,2.177,397.66,0.9238,46.65,0.7,10.85,2.217e-05,0.1942,2.705,1.132,2.076,0.1868,7.614,0.4702,7.692
2022-04-12T03:58:56,39699.5,2979.43,99.5,0.2276,15.18,57.6,17.27,82.33,5.386,151.55,0.4999,0.02092,0.006175,2.095,1.448,2.046,1.342,3.52,152.2,12.17,0.7759,1.503,0.5403,2.177,397.75,0.9236,46.47,0.6998,10.85,2.218e-05,0.1941,2.705,1.132,2.076,0.1867,7.613,0.47,7.693
2022-04-12T03:59:26,39706.69,2980.39,99.58,0.2279,15.18,57.6,17.28,82.36,5.389,151.57,0.5007,0.02094,0.006175,2.095,1.448,2.049,1.343,3.518,152.23,12.17,0.7732,1.504,0.5403,2.178,398.09,0.9239,46.51,0.7002,10.87,2.219e-05,0.1942,2.706,1.133,2.077,0.1869,7.616,0.4702,7.696
2022-04-12T03:59:56,39730.84,2982.69,99.65,0.2284,15.18,57.6,17.3,82.47,5.397,151.6,0.5009,0.02094,0.006175,2.095,1.449,2.05,1.344,3.522,152.34,12.17,0.7757,1.504,0.5403,2.179,398.15,0.9243,46.53,0.7002,10.88,2.22e-05,0.1943,2.706,1.133,2.078,0.1869,7.615,0.4704,7.701
2022-04-12T04:00:26,39743.01,2983.34,99.66,0.229,15.18,57.6,17.3,82.54,5.402,151.62,0.501,0.02095,0.006175,2.095,1.449,2.048,1.344,3.527,152.38,12.17,0.7757,1.504,0.5403,2.181,398.2,0.9244,46.59,0.7004,10.9,2.22e-05,0.1944,2.707,1.134,2.079,0.1873,7.615,0.4706,7.706
2022-04-12T04:00:56,39756.89,2984.13,99.68,0.2289,15.18,57.6,17.32,82.59,5.417,151.69,0.5005,0.02096,0.006175,2.095,1.449,2.046,1.345,3.53,152.39,12.17,0.7757,1.524,0.5403,2.182,398.56,0.925,46.62,0.7006,10.9,2.222e-05,0.1945,2.709,1.135,2.079,0.1873,7.625,0.4715,7.707
2022-04-12T04:01:26,39757.5,2985.02,99.82,0.2291,15.18,57.6,17.32,82.6,5.413,151.77,0.501,0.02098,0.006152,2.095,1.449,2.049,1.345,3.529,152.39,12.17,0.7757,1.525,0.5403,2.183,398.76,0.9253,46.6,0.7006,10.95,2.222e-05,0.1945,2.708,1.134,2.078,0.1873,7.622,0.4715,7.707
2022-04-12T04:01:56,39768.33,2985.04,99.84,0.2292,15.18,57.7,17.33,82.63,5.415,151.78,0.4997,0.02097,0.006152,2.098,1.449,2.049,1.344,3.53,152.38,12.17,0.7757,1.525,0.5403,2.183,398.73,0.9251,46.62,0.7007,10.95,2.222e-05,0.1947,2.709,1.135,2.079,0.1874,7.63,0.4715,7.709
2022-04-12T04:02:26,39772.02,2985.14,99.84,0.2289,15.18,57.7,17.33,82.65,5.415,151.81,0.4997,0.02096,0.006152,2.098,1.451,2.049,1.345,3.532,152.41,12.17,0.7756,1.525,0.5403,2.184,398.79,0.9259,46.64,0.7008,10.95,2.223e-05,0.1947,2.71,1.135,2.079,0.1874,7.628,0.4714,7.703
2022-04-12T04:02:56,39772.77,2985.35,99.85,0.2291,15.18,57.7,17.33,82.66,5.417,151.9,0.5,0.02097,0.006152,2.098,1.451,2.049,1.345,3.538,152.44,12.17,0.7756,1.524,0.5403,2.184,398.84,0.9261,46.76,0.7009,10.97,2.223e-05,0.1948,2.71,1.134,2.081,0.1875,7.634,0.4717,7.708
2022-04-12T04:03:26,39760.01,2985.09,99.78,0.229,15.18,57.6,17.33,82.69,5.421,151.86,0.4994,0.02098,0.006152,2.098,1.451,2.049,1.345,3.526,152.4,12.17,0.7756,1.524,0.5403,2.185,398.93,0.9259,46.74,0.7008,10.95,2.223e-05,0.1947,2.709,1.134,2.08,0.1874,7.639,0.4715,7.707
2022-04-12T04:03:56,39727.38,2983.76,99.75,0.229,15.18,57.7,17.32,82.64,5.407,151.84,0.4982,0.02098,0.006167,2.098,1.45,2.05,1.344,3.525,152.42,12.17,0.7756,1.524,0.5403,2.185,398.78,0.9259,46.75,0.7007,10.95,2.222e-05,0.1947,2.708,1.134,2.08,0.1874,7.635,0.4715,7.708
2022-04-12T04:04:26,39714.43,2982.46,99.74,0.229,15.18,57.7,17.32,82.61,5.397,151.83,0.4982,0.02098,0.006167,2.098,1.45,2.049,1.344,3.522,152.36,12.17,0.776,1.51,0.5403,2.185,398.74,0.9257,46.85,0.7006,10.96,2.221e-05,0.1947,2.708,1.133,2.08,0.1874,7.629,0.4714,7.705
2022-04-12T04:04:56,39707.48,2981.6,99.73,0.229,15.1,57.7,17.33,82.59,5.391,151.79,0.4967,0.02097,0.006171,2.098,1.45,2.049,1.344,3.524,152.32,12.17,0.776,1.508,0.5403,2.184,398.62,0.9255,46.84,0.7005,10.93,2.22e-05,0.1947,2.707,1.133,2.079,0.1874,7.628,0.4716,7.707
2022-04-12T04:05:26,39707.94,2981.62,99.75,0.2289,15.1,57.6,17.33,82.58,5.393,151.84,0.497,0.02097,0.006171,2.098,1.45,2.049,1.344,3.524,152.34,12.17,0.776,1.508,0.5403,2.181,398.65,0.9263,46.82,0.7004,10.93,2.221e-05,0.1947,2.707,1.133,2.079,0.1875,7.626,0.4714,7.704
2022-04-12T04:05:56,39694.09,2980.76,99.72,0.229,15.1,57.6,17.33,82.55,5.396,151.85,0.4954,0.02097,0.006171,2.098,1.45,2.048,1.343,3.523,152.34,12.17,0.776,1.508,0.5403,2.182,398.64,0.9259,46.73,0.7004,10.93,2.221e-05,0.1947,2.706,1.132,2.079,0.1875,7.617,0.4713,7.706
2022-04-12T04:06:26,39693,2980.8,99.67,0.2289,15.1,57.6,17.33,82.52,5.393,151.75,0.4953,0.02095,0.006171,2.098,1.45,2.049,1.343,3.521,152.32,12.17,0.776,1.508,0.5403,2.182,398.63,0.9259,46.72,0.7002,10.93,2.222e-05,0.1945,2.703,1.132,2.075,0.1875,7.615,0.4716,7.707
2022-04-12T04:06:56,39688.85,2980.25,99.61,0.229,15.1,57.7,17.32,82.47,5.381,151.71,0.4945,0.02094,0.006171,2.098,1.45,2.049,1.342,3.524,152.28,12.17,0.7764,1.507,0.5403,2.182,398.57,0.9257,46.62,0.7001,10.93,2.221e-05,0.1945,2.703,1.132,2.074,0.1876,7.615,0.4714,7.702
2022-04-12T04:07:26,39699.38,2980.3,99.67,0.229,15.11,57.6,17.32,82.48,5.381,151.73,0.4941,0.02094,0.00617,2.099,1.45,2.05,1.342,3.526,152.33,12.17,0.7764,1.507,0.5403,2.182,398.61,0.9255,46.66,0.7001,10.93,2.222e-05,0.1945,2.705,1.133,2.074,0.1876,7.614,0.4714,7.707
2022-04-12T04:07:56,39688.45,2979.87,99.54,0.229,15.15,57.6,17.31,82.41,5.389,151.66,0.4952,0.02089,0.00617,2.099,1.448,2.049,1.342,3.526,152.2,12.17,0.7764,1.508,0.5403,2.178,398.49,0.9255,46.66,0.6996,10.93,2.221e-05,0.1944,2.704,1.132,2.075,0.1876,7.615,0.471,7.706
2022-04-12T04:08:26,39684.7,2979.72,99.57,0.229,15.15,57.6,17.3,82.39,5.387,151.64,0.4952,0.02088,0.00617,2.099,1.448,2.049,1.341,3.506,152.22,12.17,0.7764,1.509,0.542,2.179,398.39,0.9254,46.62,0.6996,10.93,2.221e-05,0.1944,2.703,1.131,2.074,0.1875,7.618,0.4707,7.706
2022-04-12T04:08:56,39681.99,2980.41,99.64,0.2291,15.15,57.6,17.31,82.38,5.386,151.65,0.4949,0.0209,0.00617,2.099,1.448,2.048,1.342,3.51,152.23,12.17,0.7764,1.509,0.542,2.18,398.46,0.9259,46.59,0.6996,10.93,2.222e-05,0.1944,2.704,1.132,2.074,0.1876,7.619,0.4707,7.706
2022-04-12T04:09:26,39672.94,2980.28,99.61,0.2293,15.15,57.6,17.31,82.35,5.384,151.65,0.4938,0.0209,0.00617,2.099,1.448,2.051,1.342,3.51,152.23,12.17,0.7764,1.507,0.542,2.179,398.54,0.9252,46.58,0.6994,10.9,2.222e-05,0.1944,2.703,1.132,2.074,0.1875,7.626,0.471,7.702
2022-04-12T04:09:56,39679.11,2979.5,99.57,0.2293,15.15,57.7,17.32,82.32,5.393,151.65,0.4938,0.02089,0.00617,2.099,1.448,2.051,1.342,3.51,152.21,12.17,0.7764,1.507,0.542,2.179,398.47,0.9255,46.62,0.6994,10.9,2.223e-05,0.1944,2.703,1.132,2.074,0.1876,7.622,0.4706,7.693
2022-04-12T04:10:26,39679.39,2979.52,99.52,0.2293,15.15,57.7,17.31,82.28,5.39,151.66,0.495,0.0209,0.006195,2.099,1.448,2.051,1.342,3.512,152.2,12.17,0.7765,1.507,0.542,2.179,398.49,0.9257,46.67,0.6994,10.9,2.224e-05,0.1944,2.704,1.132,2.074,0.1876,7.622,0.4705,7.692
2022-04-12T04:10:56,39679.85,2979.61,99.52,0.2294,15.15,57.7,17.31,82.26,5.388,151.68,0.4949,0.02089,0.006227,2.099,1.448,2.051,1.343,3.516,152.18,12.17,0.7765,1.511,0.542,2.179,398.37,0.9257,46.7,0.6992,10.91,2.223e-05,0.1944,2.704,1.131,2.073,0.1876,7.622,0.4703,7.687
2022-04-12T04:11:26,39680.95,2979.12,99.55,0.2295,15.15,57.7,17.31,82.25,5.395,151.66,0.4949,0.02089,0.0062,2.099,1.448,2.051,1.342,3.515,152.18,12.16,0.7765,1.509,0.542,2.18,398.48,0.9254,46.71,0.6992,10.91,2.224e-05,0.1944,2.704,1.131,2.074,0.1877,7.622,0.4706,7.682
2022-04-12T04:11:56,39665.5,2978.38,99.4,0.2292,15.15,57.7,17.29,82.15,5.398,151.46,0.4949,0.02087,0.0062,2.098,1.448,2.05,1.341,3.507,152,12.16,0.7765,1.508,0.542,2.178,398.21,0.9247,46.73,0.6992,10.89,2.223e-05,0.1944,2.703,1.131,2.073,0.1876,7.619,0.4699,7.667
2022-04-12T04:12:26,39674.86,2977.42,99.47,0.2295,15.15,57.7,17.3,82.17,5.406,151.34,0.4951,0.02088,0.0062,2.098,1.447,2.051,1.341,3.508,152,12.16,0.7765,1.508,0.542,2.177,398.16,0.9248,46.71,0.6993,10.89,2.221e-05,0.1942,2.704,1.131,2.073,0.1876,7.626,0.4702,7.67
2022-04-12T04:12:56,39675.12,2977.28,99.44,0.2295,15.15,57.6,17.3,82.17,5.407,151.82,0.495,0.0209,0.0062,2.098,1.447,2.051,1.341,3.508,152.01,12.16,0.7765,1.508,0.542,2.177,398.26,0.925,46.69,0.6991,10.91,2.221e-05,0.1944,2.703,1.131,2.074,0.1876,7.626,0.4696,7.67
2022-04-12T04:13:26,39667.93,2975.43,99.39,0.2291,15.09,57.6,17.28,82.07,5.397,151.64,0.495,0.02089,0.0062,2.098,1.447,2.05,1.34,3.498,151.92,12.16,0.7765,1.508,0.542,2.177,398.31,0.9247,46.64,0.6991,10.91,2.221e-05,0.1942,2.702,1.129,2.073,0.1876,7.626,0.4693,7.669
2022-04-12T04:13:56,39664.84,2975.43,99.37,0.229,15.09,57.6,17.28,82.07,5.403,151.42,0.495,0.02089,0.0062,2.098,1.447,2.049,1.34,3.499,151.92,12.16,0.7765,1.519,0.542,2.176,398.15,0.9248,46.65,0.699,10.91,2.22e-05,0.1943,2.699,1.129,2.072,0.1875,7.623,0.4689,7.669
2022-04-12T04:14:26,39639.98,2974.98,99.34,0.2291,15.09,57.6,17.28,82.11,5.399,151.4,0.4939,0.0209,0.0062,2.098,1.447,2.039,1.339,3.497,151.88,12.13,0.7765,1.517,0.542,2.177,398.11,0.9241,46.64,0.699,10.91,2.22e-05,0.1942,2.7,1.128,2.072,0.1875,7.623,0.4687,7.665
2022-04-12T04:14:56,39642.82,2973.36,99.31,0.2289,15.09,57.5,17.28,82.11,5.385,151.34,0.4942,0.02089,0.00621,2.096,1.446,2.039,1.339,3.496,151.85,12.13,0.7765,1.517,0.542,2.176,398.08,0.9241,46.66,0.6985,10.91,2.219e-05,0.1942,2.698,1.128,2.07,0.1875,7.623,0.4685,7.662
2022-04-12T04:15:26,39651.92,2974.02,99.45,0.2292,15.09,57.5,17.28,82.23,5.401,151.4,0.495,0.0209,0.00621,2.096,1.446,2.037,1.34,3.498,151.91,12.13,0.7767,1.52,0.542,2.177,398.31,0.9247,46.7,0.6991,10.91,2.219e-05,0.1943,2.702,1.129,2.07,0.1875,7.63,0.4689,7.662
2022-04-12T04:15:56,39654.46,2973.88,99.46,0.2291,15.09,57.5,17.29,82.25,5.395,151.54,0.495,0.0209,0.00621,2.096,1.446,2.037,1.34,3.489,151.93,12.13,0.7767,1.519,0.542,2.178,398.34,0.9255,46.7,0.6992,10.91,2.221e-05,0.1942,2.702,1.129,2.072,0.1876,7.634,0.4689,7.663
2022-04-12T04:16:26,39653.38,2974.63,99.47,0.2292,15.09,57.5,17.29,82.26,5.396,151.57,0.4953,0.0209,0.00621,2.096,1.446,2.038,1.34,3.489,151.94,12.13,0.7767,1.524,0.542,2.178,398.46,0.9255,46.68,0.6992,10.91,2.222e-05,0.1942,2.702,1.129,2.072,0.1875,7.634,0.4688,7.663
2022-04-12T04:16:56,39657.94,2975.45,99.53,0.2292,15.08,57.5,17.3,82.29,5.397,151.57,0.4974,0.02089,0.00621,2.096,1.446,2.038,1.341,3.494,151.94,12.13,0.7767,1.524,0.542,2.178,398.44,0.9255,46.67,0.6992,10.91,2.222e-05,0.1942,2.704,1.13,2.073,0.1876,7.637,0.4691,7.666
2022-04-12T04:17:26,39678.02,2976.19,99.6,0.2293,15.08,57.5,17.31,82.36,5.397,151.61,0.4974,0.0209,0.00621,2.096,1.446,2.042,1.341,3.495,151.97,12.11,0.7767,1.532,0.542,2.179,398.67,0.9259,46.68,0.6993,10.91,2.223e-05,0.1942,2.704,1.13,2.072,0.1876,7.638,0.4692,7.676
2022-04-12T04:17:56,39677.35,2976.15,99.61,0.2292,15.08,57.6,17.31,82.39,5.397,151.59,0.4974,0.02089,0.00621,2.1,1.447,2.042,1.341,3.489,152.02,12.11,0.7767,1.531,0.542,2.178,398.67,0.9264,46.69,0.6996,10.91,2.222e-05,0.1942,2.705,1.13,2.073,0.1876,7.639,0.4693,7.683
2022-04-12T04:18:26,39695.27,2979.42,99.64,0.2295,15.08,57.6,17.32,82.45,5.404,151.67,0.4976,0.02091,0.006203,2.1,1.448,2.043,1.342,3.489,152.11,12.11,0.7767,1.531,0.542,2.179,398.84,0.9261,46.69,0.6997,10.91,2.223e-05,0.1946,2.706,1.131,2.074,0.1877,7.643,0.4692,7.686
2022-04-12T04:18:56,39702.78,2981.83,99.8,0.2296,15.08,57.6,17.34,82.51,5.405,151.83,0.4969,0.02093,0.006226,2.1,1.448,2.043,1.344,3.499,152.27,12.21,0.7767,1.531,0.5652,2.181,398.96,0.9269,46.79,0.6998,10.91,2.223e-05,0.1946,2.707,1.132,2.076,0.1878,7.646,0.4694,7.688
2022-04-12T04:19:26,39713.32,2984.86,99.83,0.2297,15.12,57.5,17.35,82.55,5.412,151.89,0.4985,0.02094,0.006228,2.1,1.449,2.049,1.345,3.503,152.36,12.21,0.7767,1.533,0.5652,2.184,399.23,0.9276,46.85,0.7002,10.91,2.226e-05,0.195,2.711,1.132,2.078,0.1879,7.654,0.4696,7.688
2022-04-12T04:19:56,39720.44,2985.48,99.83,0.2297,15.12,57.5,17.35,82.57,5.409,151.92,0.4985,0.02097,0.006228,2.1,1.449,2.049,1.345,3.502,152.44,12.11,0.7764,1.533,0.5652,2.184,399.37,0.9275,46.86,0.7003,10.91,2.226e-05,0.1952,2.711,1.132,2.079,0.1879,7.658,0.4696,7.687
2022-04-12T04:20:26,39728.32,2986.89,99.96,0.2297,15.09,57.5,17.36,82.63,5.412,152.05,0.4986,0.02096,0.006228,2.1,1.451,2.05,1.345,3.502,152.45,12.11,0.7764,1.527,0.5652,2.185,399.49,0.9282,46.93,0.7006,10.91,2.227e-05,0.195,2.713,1.134,2.081,0.1881,7.66,0.4703,7.696
2022-04-12T04:20:56,39734.59,2987.18,100.01,0.2297,15.09,57.7,17.36,82.64,5.418,152.05,0.4988,0.02094,0.006228,2.099,1.451,2.05,1.346,3.513,152.43,12.11,0.7764,1.527,0.5652,2.185,399.68,0.9287,47,0.7006,10.91,2.228e-05,0.195,2.713,1.134,2.081,0.1881,7.658,0.4701,7.697
2022-04-12T04:21:26,39730.98,2985.78,100.02,0.2299,15.09,57.7,17.36,82.67,5.411,152.06,0.4991,0.02095,0.006228,2.099,1.45,2.05,1.347,3.521,152.46,12.11,0.7764,1.528,0.5652,2.185,399.68,0.928,47.01,0.7007,10.91,2.228e-05,0.195,2.713,1.134,2.08,0.188,7.664,0.4702,7.692
2022-04-12T04:21:56,39742.2,2985.92,100.03,0.23,15.09,57.7,17.36,82.69,5.411,152.1,0.4991,0.02095,0.006228,2.107,1.45,2.05,1.347,3.52,152.49,12.11,0.7764,1.527,0.5652,2.185,399.69,0.9285,46.93,0.7007,10.91,2.229e-05,0.195,2.715,1.135,2.081,0.1881,7.667,0.4705,7.692
2022-04-12T04:22:26,39744.6,2986.94,100.09,0.23,15.09,57.7,17.36,82.69,5.411,152.15,0.4993,0.02096,0.006228,2.107,1.45,2.05,1.347,3.522,152.49,12.11,0.7764,1.527,0.5652,2.186,399.76,0.9285,46.93,0.7007,10.91,2.229e-05,0.195,2.715,1.134,2.081,0.1881,7.669,0.4705,7.692
2022-04-12T04:22:56,39737.63,2986.59,100.04,0.2299,15.09,57.8,17.36,82.7,5.42,152.12,0.498,0.02094,0.006243,2.107,1.45,2.05,1.347,3.524,152.49,12.11,0.7764,1.53,0.5652,2.185,399.73,0.9278,46.91,0.7005,10.91,2.228e-05,0.195,2.715,1.135,2.081,0.1881,7.669,0.4705,7.692
2022-04-12T04:23:26,39734.48,2985.75,100.05,0.2299,15.09,57.8,17.37,82.7,5.42,152.12,0.498,0.02091,0.006243,2.107,1.449,2.053,1.347,3.52,152.51,12.11,0.7764,1.529,0.5652,2.186,399.76,0.9285,46.9,0.7005,10.91,2.229e-05,0.195,2.716,1.135,2.081,0.1881,7.667,0.4704,7.693
2022-04-12T04:23:56,39741.57,2986.29,100.09,0.2298,15.09,57.7,17.37,82.69,5.417,152.15,0.498,0.02091,0.006243,2.107,1.45,2.053,1.347,3.525,152.49,12.11,0.7756,1.529,0.5652,2.186,399.78,0.9284,46.93,0.7006,10.91,2.233e-05,0.1953,2.716,1.134,2.082,0.1882,7.67,0.4705,7.699
2022-04-12T04:24:26,39760.03,2987.75,100.12,0.2299,15.09,57.8,17.37,82.69,5.424,152.15,0.498,0.02091,0.006243,2.107,1.45,2.054,1.348,3.533,152.48,12.11,0.7756,1.527,0.5652,2.187,399.9,0.9287,46.96,0.7007,10.94,2.233e-05,0.1953,2.717,1.135,2.082,0.1882,7.674,0.4706,7.704
2022-04-12T04:24:56,39813.85,2988.71,100.32,0.23,15.09,57.8,17.37,82.74,5.435,152.23,0.498,0.02091,0.006243,2.107,1.453,2.057,1.348,3.534,152.63,12.11,0.7756,1.529,0.5652,2.19,400.21,0.9288,46.98,0.7013,10.94,2.234e-05,0.1957,2.72,1.135,2.084,0.1883,7.679,0.4708,7.707
2022-04-12T04:25:26,39820.59,2990.71,100.44,0.2301,15.11,57.8,17.39,82.78,5.438,152.28,0.5014,0.02092,0.006255,2.107,1.453,2.057,1.348,3.527,152.74,12.11,0.776,1.529,0.5652,2.191,400.44,0.9295,47.01,0.7015,10.94,2.235e-05,0.1956,2.722,1.136,2.084,0.1884,7.684,0.4708,7.711
2022-04-12T04:25:56,39836.58,2991.61,100.5,0.2305,15.11,57.8,17.41,82.82,5.446,152.41,0.5014,0.02094,0.006255,2.107,1.454,2.058,1.349,3.535,152.8,12.11,0.776,1.53,0.5652,2.192,400.49,0.9312,47.06,0.7017,10.93,2.237e-05,0.1958,2.723,1.136,2.086,0.1884,7.693,0.4709,7.714
2022-04-12T04:26:26,39853.52,2992.94,100.51,0.2305,15.11,57.9,17.42,82.84,5.48,152.49,0.5019,0.02094,0.006264,2.107,1.456,2.058,1.349,3.536,152.9,12.11,0.776,1.535,0.5652,2.193,400.78,0.9318,47.08,0.7018,10.93,2.238e-05,0.1959,2.724,1.136,2.087,0.1885,7.695,0.4707,7.714
2022-04-12T04:26:56,39833.53,2992.22,100.48,0.2305,15.11,57.7,17.4,82.84,5.462,152.53,0.5026,0.02093,0.006264,2.107,1.455,2.057,1.349,3.536,152.86,12.17,0.776,1.535,0.5652,2.193,400.79,0.9314,47.12,0.7015,10.93,2.236e-05,0.1959,2.721,1.136,2.085,0.1884,7.696,0.4704,7.72
2022-04-12T04:27:26,39833.44,2992.12,100.42,0.2304,15.11,57.6,17.39,82.85,5.448,152.53,0.5026,0.02093,0.006264,2.107,1.454,2.057,1.349,3.538,152.86,12.17,0.7764,1.535,0.5652,2.193,400.75,0.931,47.05,0.7014,10.93,2.236e-05,0.1959,2.722,1.136,2.085,0.1884,7.697,0.4702,7.719
2022-04-12T04:27:56,39828.94,2991.33,100.43,0.2303,15.11,57.6,17.4,82.93,5.454,152.52,0.5026,0.02096,0.006264,2.107,1.456,2.057,1.349,3.531,152.9,12.17,0.7764,1.536,0.5652,2.193,400.82,0.931,47.06,0.7015,10.93,2.237e-05,0.1958,2.723,1.136,2.086,0.1884,7.698,0.4699,7.717
2022-04-12T04:28:26,39814.64,2989.59,100.35,0.2302,15.16,57.6,17.39,82.97,5.444,152.53,0.5026,0.02097,0.006264,2.107,1.456,2.056,1.348,3.538,152.83,12.17,0.7764,1.531,0.5652,2.192,400.78,0.9309,46.94,0.7011,10.93,2.238e-05,0.1956,2.72,1.135,2.085,0.1884,7.696,0.4694,7.712
2022-04-12T04:28:56,39797.82,2989.22,100.42,0.2302,15.13,57.7,17.39,83.01,5.437,152.65,0.5026,0.02099,0.006264,2.107,1.453,2.055,1.349,3.539,153,12.17,0.7764,1.533,0.5652,2.191,400.75,0.9316,46.95,0.7011,10.93,2.238e-05,0.1956,2.721,1.136,2.084,0.1885,7.698,0.4698,7.711
2022-04-12T04:29:26,39798.69,2988.73,100.45,0.2304,15.15,57.7,17.39,82.97,5.429,152.76,0.5026,0.021,0.006262,2.107,1.453,2.055,1.349,3.539,152.96,12.17,0.7764,1.533,0.5652,2.191,400.72,0.9315,46.95,0.701,10.93,2.238e-05,0.1956,2.722,1.135,2.084,0.1885,7.699,0.4699,7.71
2022-04-12T04:29:56,39796.81,2988.37,100.48,0.2304,15.15,57.7,17.4,82.92,5.446,152.84,0.5018,0.02099,0.006262,2.107,1.452,2.055,1.348,3.554,153.02,12.17,0.775,1.534,0.5652,2.191,400.73,0.9316,46.97,0.7009,10.93,2.238e-05,0.1956,2.723,1.135,2.085,0.1885,7.699,0.4696,7.71
2022-04-12T04:30:26,39829.15,2990.39,100.59,0.2306,15.15,57.7,17.41,82.97,5.479,152.97,0.5018,0.02104,0.006246,2.107,1.456,2.058,1.35,3.558,153.14,12.17,0.775,1.536,0.5652,2.192,400.78,0.9319,47.06,0.7011,10.97,2.239e-05,0.196,2.727,1.136,2.088,0.1886,7.704,0.4696,7.719
2022-04-12T04:30:56,39833.41,2990.3,100.55,0.2306,15.15,57.8,17.41,82.93,5.45,152.92,0.5018,0.02104,0.006249,2.107,1.457,2.059,1.35,3.554,153.06,12.17,0.775,1.542,0.5652,2.192,400.64,0.9321,47.09,0.701,10.97,2.241e-05,0.196,2.727,1.136,2.089,0.1886,7.699,0.4695,7.716
2022-04-12T04:31:26,39824.45,2991.19,100.58,0.2305,15.15,57.8,17.41,82.88,5.462,152.86,0.5018,0.02102,0.006249,2.107,1.456,2.057,1.35,3.551,153.04,12.17,0.775,1.552,0.5652,2.192,400.66,0.9319,47.1,0.7009,10.97,2.241e-05,0.1959,2.727,1.135,2.087,0.1886,7.697,0.4694,7.716
2022-04-12T04:31:56,39815.76,2990.7,100.59,0.2303,15.15,57.8,17.4,82.81,5.467,152.88,0.5018,0.02103,0.006249,2.107,1.456,2.052,1.35,3.551,153.05,12.19,0.775,1.552,0.5652,2.192,400.63,0.9313,47.09,0.7009,10.97,2.24e-05,0.1959,2.727,1.134,2.087,0.1886,7.697,0.4698,7.717
2022-04-12T04:32:26,39801.05,2990.13,100.56,0.2302,15.18,57.8,17.4,82.8,5.456,152.87,0.5026,0.021,0.006249,2.107,1.456,2.05,1.349,3.543,153.02,12.19,0.775,1.553,0.5652,2.191,400.49,0.931,47.08,0.7008,10.92,2.24e-05,0.1959,2.725,1.134,2.087,0.1886,7.696,0.4698,7.718
2022-04-12T04:32:56,39817.91,2988.8,100.59,0.2305,15.18,57.8,17.4,82.8,5.46,152.94,0.4993,0.02105,0.006249,2.107,1.456,2.051,1.348,3.544,153.01,12.19,0.775,1.554,0.5652,2.193,400.56,0.9318,47.09,0.7006,10.93,2.241e-05,0.1958,2.727,1.134,2.087,0.1886,7.702,0.4694,7.717
2022-04-12T04:33:26,39809.49,2989.24,100.52,0.2305,15.18,57.8,17.4,82.78,5.475,152.91,0.5011,0.02104,0.006249,2.107,1.456,2.05,1.348,3.56,152.97,12.19,0.775,1.554,0.5652,2.191,400.53,0.9318,47.12,0.7002,10.93,2.241e-05,0.1958,2.726,1.134,2.086,0.1886,7.694,0.4695,7.717
2022-04-12T04:33:56,39800.7,2989.31,100.74,0.2306,15.18,57.8,17.4,82.81,5.464,152.83,0.5011,0.02102,0.006243,2.107,1.456,2.05,1.349,3.555,153.03,12.19,0.775,1.554,0.5652,2.191,400.62,0.9316,47.12,0.7004,10.93,2.241e-05,0.1958,2.726,1.134,2.087,0.1886,7.695,0.4693,7.718
2022-04-12T04:34:26,39789.32,2989.1,100.78,0.2306,15.18,57.8,17.4,82.8,5.465,152.9,0.5016,0.02102,0.00625,2.107,1.456,2.049,1.349,3.56,153.02,12.19,0.7747,1.554,0.5652,2.191,400.63,0.9317,47.12,0.7004,10.93,2.242e-05,0.1958,2.725,1.134,2.087,0.1886,7.691,0.4693,7.716
2022-04-12T04:34:56,39792.33,2989.6,100.93,0.2306,15.15,57.7,17.41,82.8,5.474,152.89,0.5022,0.02104,0.00625,2.107,1.454,2.049,1.349,3.561,153.06,12.2,0.7747,1.555,0.5652,2.19,400.71,0.9318,47.09,0.7004,10.93,2.241e-05,0.1957,2.726,1.134,2.086,0.1886,7.691,0.4693,7.713
2022-04-12T04:35:26,39786,2989.26,100.9,0.2306,15.18,57.8,17.4,82.78,5.468,152.85,0.5022,0.02103,0.00625,2.107,1.454,2.049,1.348,3.561,153.03,12.2,0.7747,1.556,0.5652,2.191,400.61,0.9318,47.06,0.7004,10.93,2.242e-05,0.1959,2.725,1.134,2.086,0.1886,7.691,0.4696,7.714
2022-04-12T04:35:56,39801.09,2990.67,100.92,0.2305,15.18,57.8,17.41,82.79,5.472,152.87,0.5016,0.02103,0.00625,2.107,1.454,2.05,1.349,3.561,153.02,12.2,0.7824,1.557,0.5652,2.191,400.61,0.9315,47.03,0.7003,10.93,2.244e-05,0.1959,2.725,1.134,2.086,0.1886,7.692,0.4699,7.719
2022-04-12T04:36:26,39798.42,2991.53,100.89,0.2305,15.12,57.8,17.41,82.8,5.471,152.92,0.5023,0.02106,0.00625,2.107,1.454,2.05,1.349,3.567,152.98,12.2,0.7824,1.554,0.5652,2.191,400.55,0.9317,47.03,0.7003,10.93,2.244e-05,0.196,2.725,1.134,2.086,0.1886,7.689,0.47,7.719
2022-04-12T04:36:56,39803.98,2991.59,100.89,0.2305,15.19,57.8,17.42,82.81,5.473,152.94,0.5023,0.02106,0.006263,2.107,1.454,2.05,1.349,3.57,153.04,12.2,0.7824,1.554,0.5652,2.191,400.63,0.9318,46.98,0.7003,10.93,2.245e-05,0.196,2.725,1.134,2.086,0.1886,7.689,0.47,7.716
2022-04-12T04:37:26,39787.16,2991.66,100.87,0.2304,15.2,57.8,17.41,82.8,5.472,152.96,0.5023,0.02105,0.006263,2.107,1.455,2.05,1.349,3.582,153.02,12.2,0.7817,1.554,0.5652,2.19,400.49,0.9318,46.96,0.7004,10.93,2.245e-05,0.196,2.725,1.133,2.085,0.1885,7.69,0.47,7.721
2022-04-12T04:37:56,39780.4,2991.55,100.87,0.2306,15.2,57.8,17.41,82.78,5.466,152.82,0.5023,0.02103,0.006263,2.107,1.455,2.049,1.349,3.58,153.01,12.2,0.7817,1.562,0.5652,2.19,400.51,0.9317,46.95,0.7003,10.93,2.245e-05,0.196,2.724,1.133,2.085,0.1886,7.696,0.4699,7.723
2022-04-12T04:38:26,39779.12,2990.71,100.85,0.2306,15.2,57.8,17.41,82.78,5.468,152.86,0.5023,0.02103,0.006263,2.107,1.454,2.049,1.349,3.58,153,12.2,0.7779,1.55,0.5652,2.189,400.52,0.9316,46.93,0.7004,10.93,2.245e-05,0.196,2.724,1.133,2.085,0.1885,7.697,0.4698,7.722
2022-04-12T04:38:56,39787.35,2991.18,100.9,0.2306,15.2,57.9,17.41,82.8,5.469,152.84,0.5026,0.02104,0.006263,2.107,1.454,2.05,1.35,3.58,152.99,12.2,0.7779,1.552,0.5652,2.19,400.5,0.9317,46.87,0.7003,10.93,2.246e-05,0.196,2.724,1.133,2.086,0.1886,7.696,0.4699,7.722
2022-04-12T04:39:26,39789.4,2991.04,100.94,0.2306,15.2,57.9,17.41,82.82,5.467,152.86,0.5026,0.02104,0.006263,2.107,1.454,2.05,1.349,3.58,152.94,12.2,0.7758,1.552,0.5652,2.19,400.49,0.9316,46.85,0.7003,10.93,2.246e-05,0.196,2.724,1.133,2.086,0.1886,7.696,0.4699,7.722
2022-04-12T04:39:56,39786.82,2990.55,100.9,0.2305,15.2,57.9,17.41,82.83,5.469,152.77,0.5016,0.02104,0.006279,2.107,1.455,2.05,1.348,3.587,152.9,12.2,0.7758,1.551,0.5652,2.19,400.47,0.9317,46.82,0.7002,10.93,2.247e-05,0.196,2.724,1.133,2.085,0.1885,7.689,0.4698,7.72
2022-04-12T04:40:26,39796.95,2991.3,100.9,0.2305,15.14,57.9,17.4,82.85,5.465,152.82,0.5016,0.02106,0.006283,2.107,1.453,2.052,1.348,3.583,152.93,12.2,0.7758,1.551,0.5652,2.19,400.68,0.9317,46.82,0.7003,10.93,2.247e-05,0.196,2.725,1.133,2.086,0.1886,7.685,0.4699,7.727
2022-04-12T04:40:56,39804.21,2992.99,100.99,0.2306,15.14,57.8,17.41,82.78,5.461,152.84,0.5016,0.02105,0.006283,2.107,1.451,2.052,1.348,3.583,152.99,12.19,0.7758,1.556,0.5652,2.192,400.89,0.9317,46.87,0.7003,10.93,2.247e-05,0.196,2.725,1.133,2.087,0.1886,7.687,0.4698,7.727
2022-04-12T04:41:26,39807.86,2992.52,100.95,0.2308,15.14,57.8,17.41,82.78,5.468,152.95,0.5016,0.02105,0.006283,2.107,1.452,2.052,1.348,3.583,153.01,12.19,0.7697,1.553,0.5652,2.193,400.83,0.9318,46.9,0.7004,10.93,2.247e-05,0.196,2.726,1.133,2.086,0.1886,7.686,0.4699,7.727
2022-04-12T04:41:56,39814.25,2992.76,100.95,0.2308,15.14,57.8,17.42,82.79,5.467,152.96,0.5026,0.02105,0.006283,2.107,1.451,2.058,1.349,3.594,153.06,12.17,0.7697,1.551,0.5652,2.193,400.89,0.9317,46.95,0.7004,10.93,2.247e-05,0.196,2.726,1.134,2.086,0.1886,7.686,0.47,7.723
2022-04-12T04:42:26,39812.67,2992.12,100.9,0.2309,15.14,57.8,17.42,82.78,5.468,152.98,0.5022,0.02103,0.006283,2.107,1.451,2.058,1.348,3.596,153.02,12.17,0.7697,1.551,0.5652,2.193,400.92,0.9318,46.9,0.7004,10.93,2.247e-05,0.196,2.725,1.134,2.086,0.1886,7.686,0.47,7.721
2022-04-12T04:42:56,39816.35,2992.48,100.92,0.231,15.21,57.9,17.43,82.81,5.465,153.1,0.5022,0.02104,0.00628,2.107,1.452,2.058,1.349,3.597,153.03,12.17,0.7697,1.554,0.5652,2.195,401.04,0.9322,46.89,0.7004,10.93,2.248e-05,0.196,2.725,1.134,2.086,0.1886,7.684,0.4702,7.726
2022-04-12T04:43:26,39855.45,2994.52,101.1,0.2313,15.21,57.9,17.44,82.89,5.472,153.14,0.5022,0.02108,0.00628,2.107,1.454,2.06,1.349,3.596,153.1,12.17,0.7697,1.548,0.5652,2.196,401.34,0.9325,46.9,0.7009,10.93,2.248e-05,0.1963,2.729,1.136,2.088,0.1887,7.692,0.4706,7.733
2022-04-12T04:43:56,39861.08,2994.68,101.12,0.2314,15.21,57.9,17.44,82.96,5.478,153.24,0.5022,0.0211,0.006286,2.107,1.454,2.06,1.351,3.59,153.69,12.17,0.7697,1.549,0.5652,2.196,401.41,0.9321,47,0.701,10.93,2.246e-05,0.1963,2.73,1.136,2.09,0.1888,7.697,0.4708,7.735
2022-04-12T04:44:26,39855.54,2996.54,101.15,0.2314,15.21,57.9,17.45,83,5.478,153.26,0.5022,0.02109,0.006286,2.107,1.453,2.06,1.351,3.594,153.72,12.17,0.7697,1.549,0.5652,2.196,401.38,0.932,46.96,0.7011,10.93,2.245e-05,0.1962,2.729,1.136,2.09,0.1888,7.698,0.4706,7.735
2022-04-12T04:44:56,39810.48,2995.47,101.07,0.2311,15.21,57.9,17.44,82.96,5.462,153.15,0.5035,0.02107,0.006286,2.104,1.451,2.057,1.35,3.581,153.66,12.17,0.7697,1.543,0.5652,2.193,401.23,0.9319,46.94,0.7004,10.93,2.244e-05,0.196,2.727,1.135,2.09,0.1887,7.697,0.4704,7.735
2022-04-12T04:45:26,39788.93,2994.05,100.9,0.2308,15.21,57.9,17.43,82.91,5.464,153.14,0.5036,0.02103,0.006286,2.101,1.452,2.056,1.35,3.586,153.49,12.17,0.7697,1.543,0.5652,2.193,401.21,0.9317,46.91,0.7001,10.93,2.244e-05,0.196,2.726,1.135,2.089,0.1886,7.69,0.4703,7.73
2022-04-12T04:45:56,39785.31,2992.93,100.84,0.2304,15.16,57.8,17.42,82.83,5.464,153.02,0.5022,0.02103,0.006286,2.101,1.451,2.048,1.35,3.581,153.46,12.17,0.7697,1.541,0.5652,2.192,401.14,0.9316,46.9,0.7001,10.93,2.244e-05,0.196,2.726,1.134,2.088,0.1886,7.691,0.4702,7.73
2022-04-12T04:46:26,39778.75,2993.02,100.84,0.2305,15.16,57.8,17.42,82.8,5.46,152.98,0.5022,0.02103,0.006281,2.101,1.45,2.053,1.349,3.58,153.38,12.17,0.7697,1.542,0.5652,2.191,400.98,0.9314,46.88,0.6999,10.93,2.247e-05,0.196,2.726,1.134,2.088,0.1885,7.689,0.4702,7.733
2022-04-12T04:46:56,39776.92,2992.76,100.79,0.2304,15.16,57.8,17.41,82.78,5.475,153.06,0.5022,0.02103,0.006281,2.101,1.45,2.053,1.349,3.576,153.35,12.23,0.7697,1.542,0.5652,2.191,400.94,0.9309,46.88,0.6998,10.93,2.247e-05,0.196,2.726,1.132,2.088,0.1885,7.681,0.4701,7.735
2022-04-12T04:47:26,39776.22,2991.97,100.79,0.2303,15.16,57.8,17.41,82.75,5.477,153.06,0.5022,0.02103,0.006281,2.101,1.45,2.052,1.349,3.567,153.31,12.23,0.7697,1.542,0.5652,2.191,400.9,0.9311,46.89,0.6998,10.93,2.248e-05,0.196,2.725,1.132,2.088,0.1885,7.678,0.4702,7.735
2022-04-12T04:47:56,39773.27,2991.82,100.79,0.2304,15.16,58.3,17.41,82.73,5.455,153.07,0.5022,0.021,0.006281,2.101,1.45,2.055,1.349,3.566,153.25,12.23,0.7697,1.531,0.5652,2.191,400.75,0.9309,46.97,0.6999,10.93,2.248e-05,0.196,2.724,1.132,2.088,0.1885,7.679,0.4702,7.734
2022-04-12T04:48:26,39780.3,2991.59,100.83,0.2303,15.16,58.2,17.41,82.72,5.444,153.08,0.5016,0.02101,0.006281,2.101,1.45,2.055,1.349,3.575,153.28,12.23,0.7697,1.525,0.5652,2.191,400.68,0.931,46.98,0.7,10.93,2.249e-05,0.196,2.725,1.131,2.088,0.1885,7.677,0.4704,7.729
2022-04-12T04:48:56,39780.33,2991.32,100.83,0.2304,15.16,58.2,17.41,82.71,5.425,153.12,0.5015,0.02102,0.006274,2.101,1.45,2.055,1.35,3.567,153.3,12.23,0.7697,1.525,0.5652,2.191,400.59,0.9306,47.07,0.7,10.93,2.249e-05,0.196,2.725,1.132,2.088,0.1885,7.677,0.4704,7.725
2022-04-12T04:49:26,39783.34,2991.61,100.9,0.2303,15.16,58.8,17.42,82.72,5.432,153.12,0.5015,0.02102,0.006274,2.101,1.451,2.055,1.35,3.566,153.31,12.23,0.7697,1.527,0.5652,2.191,400.65,0.9309,47.13,0.6999,10.93,2.249e-05,0.196,2.728,1.132,2.088,0.1885,7.679,0.4705,7.735
2022-04-12T04:49:56,39792.53,2991.71,100.89,0.2304,15.16,58.8,17.42,82.73,5.412,153.14,0.5015,0.02102,0.006273,2.101,1.451,2.056,1.35,3.566,153.36,12.23,0.7697,1.533,0.5652,2.192,400.85,0.9313,47.17,0.7001,10.93,2.249e-05,0.1964,2.729,1.132,2.09,0.1884,7.679,0.4705,7.735
2022-04-12T04:50:26,39764.82,2991.04,100.74,0.2301,15.16,58.8,17.41,82.67,5.411,153,0.5015,0.02099,0.006261,2.101,1.45,2.057,1.35,3.566,153.29,12.23,0.7697,1.539,0.5652,2.191,400.63,0.931,47.14,0.6995,10.93,2.249e-05,0.1964,2.727,1.131,2.088,0.1884,7.672,0.4705,7.73
2022-04-12T04:50:56,39792.03,2990.96,100.92,0.2302,15.16,58,17.42,82.75,5.432,153.12,0.5015,0.021,0.006261,2.104,1.45,2.054,1.35,3.57,153.29,12.25,0.7697,1.552,0.5652,2.192,400.84,0.9311,47.17,0.6999,10.93,2.249e-05,0.1963,2.729,1.132,2.088,0.1884,7.671,0.4703,7.731
2022-04-12T04:51:26,39789.74,2990.91,100.88,0.2305,15.16,57.9,17.42,82.82,5.438,153.07,0.5015,0.02102,0.006261,2.104,1.452,2.054,1.351,3.575,153.34,12.25,0.7697,1.549,0.5652,2.193,400.96,0.9313,47.25,0.7001,10.93,2.249e-05,0.1965,2.73,1.133,2.089,0.1885,7.671,0.4705,7.73
2022-04-12T04:51:56,39760.07,2991.23,100.84,0.2305,15.16,58,17.44,82.86,5.418,153.09,0.5041,0.02101,0.006261,2.104,1.451,2.052,1.351,3.574,153.29,12.26,0.7697,1.55,0.5652,2.193,401.15,0.9311,47.24,0.7,10.93,2.249e-05,0.1964,2.729,1.132,2.088,0.1884,7.671,0.4703,7.734
2022-04-12T04:52:26,39770.03,2990.92,100.75,0.2307,15.16,58,17.43,82.83,5.411,153.08,0.499,0.021,0.006261,2.104,1.452,2.054,1.351,3.569,153.27,12.26,0.7697,1.551,0.5652,2.193,401.02,0.931,47.22,0.7,10.93,2.245e-05,0.1964,2.729,1.132,2.088,0.1883,7.671,0.47,7.734
2022-04-12T04:52:56,39776.1,2991.18,100.77,0.2307,15.19,58,17.43,82.88,5.41,153.09,0.4994,0.02101,0.006261,2.102,1.452,2.054,1.352,3.573,153.34,12.25,0.7697,1.551,0.5652,2.193,401.06,0.9313,47.27,0.7001,10.93,2.245e-05,0.1964,2.731,1.132,2.088,0.1884,7.676,0.4702,7.733
2022-04-12T04:53:26,39766.12,2992.09,100.78,0.2309,15.19,58,17.44,82.89,5.406,153.1,0.4994,0.02101,0.006273,2.102,1.452,2.054,1.352,3.572,153.38,12.25,0.7697,1.557,0.5652,2.193,401.1,0.9314,47.25,0.7004,10.93,2.245e-05,0.1964,2.731,1.133,2.089,0.1884,7.679,0.4702,7.731
2022-04-12T04:53:56,39769.81,2992.04,100.85,0.231,15.19,58,17.44,82.9,5.406,153.13,0.4994,0.021,0.006273,2.102,1.453,2.055,1.352,3.568,153.37,12.25,0.7697,1.559,0.5652,2.193,401.12,0.9321,47.24,0.7003,10.93,2.246e-05,0.1963,2.732,1.132,2.089,0.1884,7.679,0.4704,7.73
2022-04-12T04:54:26,39784.83,2992.1,100.86,0.2312,15.19,58,17.44,82.9,5.408,153.15,0.4994,0.021,0.006273,2.102,1.453,2.055,1.352,3.568,153.35,12.25,0.7758,1.559,0.5652,2.192,401.2,0.9323,47.21,0.7003,10.93,2.246e-05,0.1963,2.733,1.132,2.088,0.1883,7.676,0.4703,7.731
2022-04-12T04:54:56,39798.66,2993.35,100.98,0.2314,15.19,58,17.45,82.91,5.422,153.21,0.4994,0.02107,0.006273,2.107,1.454,2.064,1.352,3.568,153.35,12.25,0.7758,1.568,0.5652,2.194,401.52,0.9326,47.22,0.7003,10.93,2.246e-05,0.1967,2.734,1.133,2.09,0.1884,7.683,0.4704,7.736
2022-04-12T04:55:26,39812.55,2994.57,101.08,0.2315,15.19,58,17.46,82.97,5.424,153.32,0.4994,0.02107,0.006273,2.107,1.455,2.067,1.352,3.572,153.49,12.25,0.7758,1.57,0.5652,2.195,401.69,0.9327,47.24,0.7004,10.96,2.248e-05,0.1969,2.737,1.133,2.092,0.1885,7.695,0.4705,7.739
2022-04-12T04:55:56,39812.2,2994.67,101.05,0.2318,15.19,58.1,17.47,83.01,5.42,153.32,0.4989,0.02108,0.006264,2.107,1.455,2.067,1.353,3.572,153.51,12.29,0.7758,1.57,0.5652,2.196,401.72,0.9328,47.25,0.7005,10.95,2.248e-05,0.1969,2.738,1.134,2.092,0.1884,7.695,0.4708,7.745
2022-04-12T04:56:26,39823.58,2995.29,101.16,0.2318,15.2,58.1,17.48,83,5.427,153.38,0.499,0.02104,0.00629,2.107,1.455,2.07,1.354,3.574,153.62,12.29,0.7817,1.57,0.5652,2.196,401.83,0.9334,47.28,0.7005,10.97,2.248e-05,0.1969,2.739,1.134,2.094,0.1884,7.694,0.4707,7.75
2022-04-12T04:56:56,39826.02,2995.4,101.19,0.2318,15.21,58.1,17.49,83,5.442,153.38,0.499,0.02105,0.00629,2.107,1.455,2.07,1.353,3.574,153.67,12.29,0.7817,1.566,0.5652,2.197,401.98,0.9333,47.3,0.7006,10.98,2.248e-05,0.1969,2.739,1.135,2.093,0.1885,7.702,0.4709,7.758
2022-04-12T04:57:26,39887.82,2998.56,101.44,0.2319,15.21,58.1,17.49,83.08,5.443,153.5,0.499,0.02107,0.00629,2.105,1.456,2.071,1.354,3.58,153.77,12.29,0.7817,1.568,0.5652,2.198,402.19,0.9348,47.32,0.7014,10.99,2.248e-05,0.1974,2.742,1.135,2.094,0.1888,7.709,0.4709,7.76
2022-04-12T04:57:56,39928.71,2999.45,101.59,0.2322,15.24,58.3,17.52,83.22,5.469,153.61,0.499,0.02108,0.00629,2.105,1.46,2.073,1.355,3.588,154.06,12.29,0.7817,1.571,0.5652,2.2,402.29,0.9354,47.48,0.7014,11.01,2.251e-05,0.1974,2.744,1.137,2.097,0.1889,7.716,0.4718,7.775
2022-04-12T04:58:26,39925.7,3000.68,101.54,0.2323,15.25,58.3,17.53,83.24,5.472,153.66,0.5013,0.02111,0.00629,2.105,1.462,2.072,1.356,3.588,154.19,12.29,0.778,1.576,0.5652,2.2,402.88,0.9359,47.62,0.7017,11.01,2.25e-05,0.1978,2.746,1.138,2.098,0.1889,7.725,0.472,7.779
2022-04-12T04:58:56,39922.31,3002.02,101.53,0.2322,15.2,58.2,17.54,83.29,5.473,153.75,0.5004,0.02108,0.00629,2.105,1.465,2.072,1.356,3.595,154.17,12.4,0.778,1.563,0.5652,2.203,402.9,0.9363,47.71,0.7018,11.02,2.25e-05,0.1978,2.747,1.139,2.098,0.1889,7.732,0.472,7.783
2022-04-12T04:59:26,39904.75,3000.53,101.52,0.2323,15.2,58.2,17.54,83.31,5.449,153.71,0.5004,0.0211,0.00632,2.105,1.474,2.066,1.355,3.581,154.23,12.4,0.778,1.565,0.5652,2.203,402.8,0.9362,47.7,0.7017,11.02,2.251e-05,0.1978,2.747,1.14,2.097,0.1889,7.734,0.4722,7.782
2022-04-12T04:59:56,39905.6,3000.63,101.53,0.2323,15.24,58.2,17.55,83.32,5.459,153.68,0.5004,0.0211,0.006291,2.105,1.469,2.066,1.356,3.581,154.21,12.35,0.7817,1.566,0.5652,2.203,402.82,0.9363,47.7,0.7018,11.01,2.252e-05,0.1978,2.747,1.14,2.098,0.1889,7.734,0.4721,7.783
2022-04-12T05:00:26,39904.53,3000.25,101.55,0.2326,15.24,58.2,17.55,83.38,5.454,153.71,0.5004,0.02111,0.0063,2.105,1.464,2.066,1.356,3.582,154.2,12.35,0.7817,1.571,0.5652,2.205,402.88,0.9372,47.74,0.7019,11.03,2.252e-05,0.1978,2.747,1.14,2.099,0.189,7.734,0.4723,7.785
2022-04-12T05:00:56,39902.36,2997.57,101.44,0.2321,15.24,58.3,17.54,83.36,5.447,153.59,0.5004,0.02109,0.0063,2.105,1.462,2.071,1.356,3.581,154.14,12.34,0.7817,1.572,0.5652,2.203,402.77,0.9364,47.8,0.7015,11.03,2.25e-05,0.1977,2.746,1.139,2.098,0.1889,7.73,0.4718,7.772
2022-04-12T05:01:26,39876.92,2995.25,101.3,0.2319,15.24,58.3,17.53,83.27,5.438,153.51,0.5004,0.02106,0.0063,2.105,1.462,2.068,1.356,3.576,154.09,12.34,0.7817,1.579,0.5652,2.203,402.72,0.9364,47.87,0.7013,11.02,2.25e-05,0.1973,2.743,1.139,2.096,0.1888,7.724,0.4719,7.772
2022-04-12T05:01:56,39876.53,2994.3,101.34,0.232,15.24,58.3,17.53,83.27,5.433,153.44,0.5004,0.02108,0.0063,2.105,1.464,2.068,1.355,3.579,154.05,12.34,0.7817,1.58,0.5652,2.202,402.68,0.9358,47.86,0.7014,11.02,2.248e-05,0.1973,2.746,1.137,2.097,0.1888,7.729,0.4722,7.777
2022-04-12T05:02:26,39882.17,2995.61,101.37,0.2319,15.24,58.3,17.54,83.28,5.438,153.56,0.502,0.02108,0.0063,2.105,1.463,2.069,1.356,3.579,154.18,12.34,0.7817,1.584,0.5652,2.203,402.72,0.9359,47.87,0.7017,11.02,2.248e-05,0.1974,2.748,1.139,2.098,0.1888,7.726,0.4722,7.771
2022-04-12T05:02:56,39901.65,2996.01,101.37,0.232,15.25,58.3,17.55,83.36,5.443,153.59,0.502,0.02112,0.0063,2.108,1.463,2.07,1.356,3.583,154.15,12.34,0.7792,1.582,0.5652,2.203,402.86,0.9364,47.93,0.7017,11.02,2.249e-05,0.1974,2.749,1.139,2.099,0.1888,7.725,0.4722,7.781
2022-04-12T05:03:26,39907.47,2996.41,101.48,0.2324,15.25,58.3,17.55,83.37,5.448,153.6,0.502,0.02114,0.0063,2.108,1.464,2.065,1.357,3.581,154.2,12.34,0.7792,1.582,0.5652,2.203,402.96,0.9372,47.93,0.7018,11.03,2.252e-05,0.1974,2.749,1.14,2.099,0.1889,7.724,0.4723,7.784
2022-04-12T05:03:56,39898.38,2996.29,101.47,0.2323,15.25,58.3,17.54,83.42,5.449,153.47,0.5029,0.02113,0.006286,2.108,1.464,2.064,1.356,3.584,154.07,12.34,0.7792,1.588,0.5652,2.201,402.84,0.9374,47.87,0.7015,11.02,2.252e-05,0.1974,2.747,1.14,2.098,0.1889,7.722,0.4722,7.792
2022-04-12T05:04:26,39936.75,2997.86,101.69,0.2327,15.25,58.3,17.55,83.51,5.447,153.58,0.502,0.02113,0.006286,2.108,1.464,2.066,1.357,3.585,154.14,12.34,0.7803,1.591,0.5652,2.202,402.95,0.9379,47.86,0.7019,11.02,2.253e-05,0.1978,2.75,1.141,2.098,0.189,7.732,0.4725,7.794
2022-04-12T05:04:56,39926.36,2997.67,101.67,0.2327,15.25,58.3,17.55,83.48,5.464,153.56,0.502,0.02115,0.006286,2.108,1.467,2.07,1.357,3.573,154.2,12.35,0.7803,1.591,0.5631,2.203,403.12,0.9374,47.88,0.7019,11.02,2.253e-05,0.1979,2.75,1.14,2.1,0.189,7.729,0.4722,7.798
2022-04-12T05:05:26,39910.59,2996.35,101.66,0.2326,15.25,58.3,17.55,83.46,5.447,153.45,0.5031,0.02113,0.006286,2.105,1.466,2.069,1.356,3.564,154.06,12.35,0.7803,1.589,0.5631,2.202,402.97,0.9367,47.75,0.7016,11.02,2.251e-05,0.1975,2.751,1.14,2.098,0.1889,7.726,0.4722,7.811
2022-04-12T05:05:56,39928.85,2997.23,101.53,0.2325,15.25,58.3,17.55,83.46,5.445,153.43,0.5017,0.0211,0.006286,2.105,1.464,2.067,1.358,3.558,154.13,12.35,0.7796,1.604,0.5631,2.204,402.93,0.9372,47.83,0.7019,11,2.252e-05,0.1978,2.753,1.141,2.099,0.1888,7.735,0.4723,7.808
2022-04-12T05:06:26,39938.21,2998.37,101.55,0.2328,15.25,58.3,17.55,83.48,5.448,153.46,0.5026,0.02114,0.006277,2.105,1.467,2.064,1.357,3.563,154.23,12.35,0.7796,1.602,0.5631,2.205,403.08,0.9373,47.92,0.7018,11.02,2.253e-05,0.1979,2.753,1.142,2.102,0.1889,7.74,0.4733,7.81
2022-04-12T05:06:56,39928.6,2998.03,101.44,0.2328,15.25,58.3,17.54,83.48,5.461,153.47,0.5028,0.02117,0.006277,2.105,1.468,2.064,1.358,3.562,154.22,12.35,0.7796,1.606,0.5631,2.205,403.18,0.9374,47.9,0.7018,11.02,2.252e-05,0.1979,2.754,1.143,2.102,0.1889,7.74,0.473,7.815
2022-04-12T05:07:26,39923.01,2997.41,101.42,0.2327,15.25,58.3,17.55,83.44,5.46,153.44,0.5033,0.02116,0.006277,2.105,1.468,2.064,1.357,3.562,154.18,12.35,0.7796,1.603,0.5631,2.203,403.29,0.9368,47.85,0.7019,11.02,2.253e-05,0.1979,2.752,1.142,2.102,0.1889,7.74,0.473,7.816
2022-04-12T05:07:56,39922.17,2997.39,101.42,0.233,15.25,58.2,17.57,83.48,5.464,153.52,0.5033,0.02116,0.006277,2.105,1.468,2.067,1.357,3.564,154.18,12.4,0.7796,1.603,0.5631,2.204,403.06,0.9366,47.86,0.702,10.98,2.253e-05,0.1979,2.751,1.142,2.101,0.1889,7.747,0.473,7.817
2022-04-12T05:08:26,39927.32,2997.43,101.23,0.2329,15.26,58.2,17.57,83.47,5.472,153.57,0.5026,0.02116,0.006277,2.105,1.468,2.067,1.357,3.564,154.17,12.4,0.7796,1.592,0.5631,2.203,403.09,0.9371,47.87,0.7021,10.98,2.254e-05,0.1978,2.751,1.142,2.102,0.189,7.75,0.4728,7.814
2022-04-12T05:08:56,39911.56,2996.27,101.25,0.2329,15.26,58.3,17.57,83.46,5.471,153.59,0.5026,0.02115,0.006277,2.105,1.468,2.066,1.357,3.558,154.08,12.4,0.7796,1.588,0.5631,2.203,402.95,0.9369,47.89,0.7021,10.98,2.253e-05,0.1978,2.751,1.142,2.101,0.1889,7.75,0.4728,7.812
2022-04-12T05:09:26,39903.89,2994.84,101.21,0.2329,15.26,58.3,17.57,83.45,5.462,153.54,0.5026,0.02115,0.006286,2.105,1.467,2.066,1.356,3.551,154.06,12.4,0.7796,1.588,0.5631,2.202,402.72,0.9365,47.9,0.7019,10.98,2.254e-05,0.1976,2.75,1.141,2.101,0.1889,7.755,0.4729,7.811
2022-04-12T05:09:56,39897.61,2994.34,101.22,0.2329,15.26,58.3,17.57,83.38,5.465,153.54,0.5026,0.02116,0.006286,2.105,1.466,2.065,1.356,3.555,154.05,12.4,0.7796,1.586,0.5631,2.203,402.62,0.9362,47.9,0.7019,10.98,2.254e-05,0.1977,2.751,1.142,2.101,0.1888,7.757,0.4732,7.808
2022-04-12T05:10:26,39905,2994.99,101.25,0.233,15.26,58.3,17.57,83.33,5.477,153.56,0.5026,0.02116,0.006286,2.103,1.466,2.065,1.357,3.556,154.07,12.4,0.7796,1.575,0.5631,2.202,402.61,0.9366,47.9,0.702,10.98,2.254e-05,0.1977,2.751,1.142,2.102,0.1889,7.762,0.4734,7.807
2022-04-12T05:10:56,39909.57,2995.8,101.25,0.2329,15.26,58.3,17.57,83.32,5.481,153.69,0.5026,0.02116,0.006286,2.103,1.466,2.068,1.357,3.556,154.07,12.4,0.7796,1.581,0.5631,2.203,402.66,0.9363,47.89,0.7022,10.98,2.254e-05,0.1977,2.751,1.143,2.103,0.1889,7.761,0.4733,7.803
2022-04-12T05:11:26,39913.08,2996.77,101.21,0.233,15.26,58.3,17.57,83.31,5.474,153.73,0.5028,0.02117,0.006286,2.103,1.466,2.068,1.357,3.556,154.19,12.4,0.7796,1.589,0.5631,2.203,402.81,0.937,47.96,0.7023,10.98,2.255e-05,0.1977,2.751,1.143,2.104,0.1889,7.756,0.4737,7.805
2022-04-12T05:11:56,39934.58,2997.46,101.28,0.233,15.29,58.3,17.58,83.38,5.479,153.71,0.502,0.02117,0.006286,2.103,1.468,2.069,1.358,3.556,154.35,12.4,0.7735,1.594,0.5631,2.204,402.94,0.9374,48.09,0.7024,10.98,2.255e-05,0.1981,2.752,1.143,2.105,0.189,7.761,0.4738,7.807
2022-04-12T05:12:26,39933.1,2997.26,101.26,0.2327,15.29,58.3,17.57,83.38,5.479,153.69,0.5037,0.02117,0.006271,2.103,1.468,2.069,1.358,3.556,154.33,12.4,0.7735,1.594,0.5631,2.204,402.9,0.9374,48.26,0.7024,10.98,2.255e-05,0.1981,2.755,1.143,2.105,0.189,7.761,0.4737,7.815
2022-04-12T05:12:56,39904,2996.04,101.16,0.2326,15.29,58.5,17.56,83.34,5.474,153.69,0.5037,0.02115,0.006271,2.105,1.467,2.067,1.357,3.555,154.29,12.4,0.7735,1.59,0.5631,2.204,402.61,0.9365,48.29,0.7024,10.98,2.254e-05,0.1981,2.753,1.143,2.104,0.1889,7.758,0.4735,7.81
2022-04-12T05:13:26,39912.15,2996.84,101.23,0.2326,15.29,58.5,17.57,83.35,5.479,153.72,0.5023,0.02116,0.006271,2.105,1.468,2.068,1.357,3.557,154.32,12.4,0.7737,1.59,0.5631,2.204,402.58,0.9364,48.37,0.7026,10.98,2.254e-05,0.1979,2.755,1.143,2.105,0.1889,7.76,0.4735,7.81
2022-04-12T05:13:56,39914.76,2997.29,101.28,0.2328,15.29,58.4,17.57,83.34,5.477,153.72,0.5023,0.02118,0.006271,2.105,1.469,2.065,1.356,3.548,154.29,12.4,0.7737,1.587,0.5631,2.205,402.58,0.9367,48.52,0.7026,10.98,2.256e-05,0.1979,2.755,1.143,2.105,0.1889,7.76,0.4733,7.808
2022-04-12T05:14:26,39914.84,2997.68,101.28,0.2327,15.28,58.4,17.57,83.33,5.487,153.68,0.5023,0.02117,0.006271,2.105,1.47,2.065,1.356,3.559,154.27,12.4,0.7737,1.587,0.5631,2.205,402.57,0.9364,48.56,0.7025,10.98,2.256e-05,0.1979,2.756,1.142,2.105,0.1889,7.761,0.4735,7.804
2022-04-12T05:14:56,39922.25,2997.85,101.3,0.2327,15.28,58.5,17.58,83.34,5.483,153.71,0.5023,0.02116,0.006271,2.105,1.471,2.066,1.356,3.559,154.3,12.4,0.7737,1.587,0.5631,2.203,402.6,0.9367,48.57,0.7025,10.98,2.256e-05,0.1979,2.756,1.143,2.106,0.1889,7.773,0.4736,7.808
2022-04-12T05:15:26,39925.47,2998.05,101.34,0.2328,15.28,58.8,17.58,83.38,5.486,153.76,0.5023,0.02116,0.006271,2.105,1.471,2.066,1.356,3.56,154.36,12.4,0.7732,1.587,0.5631,2.204,402.77,0.937,48.59,0.7026,10.98,2.257e-05,0.1979,2.757,1.143,2.106,0.189,7.782,0.4736,7.809
2022-04-12T05:15:56,39937.39,2998.84,101.34,0.2328,15.28,58.6,17.59,83.43,5.481,153.81,0.5031,0.02116,0.006277,2.105,1.471,2.072,1.357,3.56,154.44,12.4,0.7732,1.57,0.5631,2.206,402.91,0.9378,48.58,0.7026,10.98,2.257e-05,0.1981,2.758,1.143,2.107,0.1891,7.785,0.4738,7.816
2022-04-12T05:16:26,39943.71,2999.51,101.35,0.2332,15.28,58.6,17.59,83.51,5.482,153.81,0.5039,0.02117,0.006277,2.105,1.471,2.072,1.358,3.56,154.55,12.4,0.7732,1.58,0.5631,2.206,403.22,0.9384,48.51,0.7027,11.02,2.259e-05,0.1985,2.76,1.143,2.108,0.1891,7.788,0.4738,7.825
2022-04-12T05:16:56,39955.18,2999.88,101.42,0.2332,15.28,59.1,17.59,83.62,5.493,153.81,0.5039,0.02117,0.006277,2.105,1.471,2.072,1.359,3.573,154.56,12.38,0.7732,1.586,0.5631,2.206,403.32,0.9385,48.4,0.7029,11.02,2.261e-05,0.1984,2.759,1.144,2.108,0.1892,7.788,0.4742,7.825
2022-04-12T05:17:26,39973.5,3000.37,101.45,0.2333,15.14,59,17.59,83.68,5.488,153.78,0.5038,0.02118,0.006277,2.109,1.472,2.073,1.359,3.567,154.56,12.38,0.7732,1.587,0.5631,2.207,403.39,0.9386,48.44,0.703,11.02,2.261e-05,0.1984,2.759,1.144,2.108,0.1892,7.794,0.4743,7.831
2022-04-12T05:17:56,39968.94,2998.73,101.35,0.2331,15.14,58.9,17.59,83.67,5.479,153.66,0.5038,0.02116,0.006277,2.109,1.474,2.073,1.358,3.567,154.49,12.38,0.7716,1.576,0.5631,2.206,403.3,0.938,48.39,0.7027,11.01,2.26e-05,0.1983,2.756,1.144,2.107,0.1891,7.796,0.4743,7.829
2022-04-12T05:18:26,39968.24,2998.66,101.43,0.2333,15.14,58.9,17.59,83.7,5.482,153.63,0.5038,0.02115,0.006276,2.11,1.474,2.073,1.358,3.567,154.52,12.38,0.7716,1.578,0.5414,2.207,403.32,0.9381,48.43,0.7026,11.01,2.26e-05,0.1983,2.757,1.144,2.107,0.1892,7.795,0.4743,7.834
2022-04-12T05:18:56,39969.66,2999.32,101.49,0.2333,15.14,58.9,17.59,83.73,5.48,153.63,0.5038,0.02115,0.006276,2.11,1.471,2.073,1.358,3.566,154.65,12.38,0.7716,1.578,0.5414,2.207,403.39,0.9381,48.63,0.7026,11,2.26e-05,0.1983,2.759,1.144,2.108,0.1891,7.802,0.4744,7.837
2022-04-12T05:19:26,39978.87,3000.82,101.6,0.2334,15.14,58.9,17.61,83.84,5.491,153.74,0.5039,0.02118,0.006276,2.11,1.471,2.074,1.359,3.575,154.79,12.38,0.7716,1.578,0.5414,2.208,403.6,0.9388,48.64,0.7031,11,2.262e-05,0.1983,2.76,1.145,2.111,0.1892,7.804,0.4745,7.842
2022-04-12T05:19:56,39976.57,3000.9,101.82,0.2334,15.14,59.1,17.6,83.9,5.491,153.73,0.5043,0.02118,0.006276,2.11,1.472,2.08,1.36,3.578,154.79,12.38,0.7716,1.581,0.5414,2.209,403.56,0.9394,48.56,0.7032,11,2.263e-05,0.1987,2.761,1.146,2.111,0.1893,7.802,0.4747,7.845
2022-04-12T05:20:26,39984.07,3001.78,101.95,0.2334,15.14,59.1,17.61,84,5.491,153.83,0.5043,0.02118,0.006276,2.11,1.473,2.083,1.36,3.584,154.84,12.38,0.7716,1.586,0.5414,2.209,404.06,0.9396,48.48,0.7033,11.01,2.264e-05,0.1988,2.761,1.147,2.112,0.1893,7.806,0.4752,7.851
2022-04-12T05:20:56,39984.95,3001.93,101.93,0.2334,15.14,59.1,17.61,84.03,5.495,153.78,0.505,0.02119,0.006276,2.11,1.473,2.082,1.359,3.584,154.84,12.38,0.7719,1.577,0.5414,2.21,404.07,0.9404,48.56,0.7033,11.01,2.265e-05,0.1988,2.763,1.147,2.112,0.1894,7.809,0.4751,7.847
2022-04-12T05:21:26,39991.51,3002.83,101.95,0.2333,15.14,59.1,17.62,84.04,5.491,153.73,0.5063,0.0212,0.006285,2.11,1.474,2.085,1.36,3.588,154.88,12.38,0.7719,1.576,0.5414,2.21,404.36,0.9406,48.66,0.7037,11.01,2.265e-05,0.1988,2.764,1.148,2.114,0.1894,7.813,0.4755,7.851
2022-04-12T05:21:56,40003.64,3004.35,101.94,0.2335,15.14,59.1,17.63,84.08,5.499,153.81,0.5074,0.02121,0.006285,2.11,1.474,2.083,1.361,3.597,154.97,12.38,0.7719,1.576,0.5414,2.212,404.5,0.9415,48.67,0.7042,11.01,2.266e-05,0.1991,2.768,1.149,2.116,0.1894,7.818,0.4757,7.857
2022-04-12T05:22:26,40045.33,3005.9,102.03,0.2337,15.19,59.2,17.63,84.13,5.509,153.89,0.5077,0.02119,0.006285,2.11,1.477,2.089,1.362,3.6,155.04,12.38,0.7719,1.58,0.5414,2.211,404.75,0.9421,48.68,0.7048,11.04,2.266e-05,0.1993,2.771,1.149,2.118,0.1895,7.819,0.4758,7.861
2022-04-12T05:22:56,40027.1,3004.2,102.14,0.2338,15.19,59.1,17.64,84.15,5.508,153.91,0.5077,0.02109,0.006285,2.11,1.476,2.091,1.361,3.602,155.05,12.38,0.7719,1.577,0.5414,2.209,404.76,0.9421,48.59,0.7049,11.04,2.266e-05,0.1993,2.77,1.148,2.118,0.1894,7.81,0.4758,7.866
2022-04-12T05:23:26,40035.46,3005.67,102.24,0.2338,15.19,59.1,17.65,84.1,5.507,153.92,0.5124,0.02108,0.006285,2.11,1.476,2.091,1.361,3.602,155.18,12.38,0.7719,1.578,0.5414,2.21,404.81,0.9422,48.58,0.7051,11.05,2.269e-05,0.199,2.77,1.149,2.119,0.1894,7.813,0.476,7.87
2022-04-12T05:23:56,40004.68,3004.38,102.06,0.234,15.19,58.9,17.65,83.98,5.527,153.87,0.5124,0.02111,0.006285,2.11,1.478,2.089,1.362,3.6,155.14,12.38,0.7719,1.583,0.5414,2.21,404.85,0.9415,48.58,0.7059,11.06,2.269e-05,0.1992,2.771,1.149,2.119,0.1894,7.81,0.4757,7.869
2022-04-12T05:24:26,40042.46,3006.86,102.37,0.2342,15.19,58.8,17.65,84,5.541,153.83,0.5124,0.02111,0.006285,2.106,1.477,2.091,1.362,3.605,155.2,12.38,0.7712,1.584,0.5414,2.211,404.86,0.9419,48.67,0.7067,11.06,2.273e-05,0.1992,2.774,1.15,2.122,0.1896,7.818,0.4757,7.869
2022-04-12T05:24:56,40032.5,3006.08,102.4,0.2344,15.19,58.8,17.65,84.02,5.55,153.98,0.5136,0.02114,0.006285,2.108,1.482,2.093,1.363,3.607,155.18,12.38,0.7712,1.589,0.5414,2.212,404.84,0.9425,48.68,0.7067,11.07,2.274e-05,0.1994,2.775,1.15,2.121,0.1895,7.826,0.4757,7.873
2022-04-12T05:25:26,40078.42,3007.3,102.32,0.2346,15.19,59,17.67,84.16,5.555,154.04,0.5124,0.02116,0.006285,2.108,1.483,2.093,1.363,3.607,155.2,12.38,0.7768,1.59,0.5414,2.214,404.92,0.9438,48.67,0.7068,11.08,2.273e-05,0.1993,2.773,1.152,2.121,0.1895,7.84,0.4762,7.871
2022-04-12T05:25:56,40068.61,3006.8,102.24,0.2346,15.16,59,17.67,84.14,5.544,153.94,0.5133,0.02117,0.006307,2.108,1.482,2.093,1.363,3.61,155.17,12.38,0.7768,1.59,0.5414,2.213,404.98,0.9432,48.58,0.707,11.08,2.272e-05,0.1992,2.773,1.151,2.121,0.1895,7.842,0.4762,7.874
2022-04-12T05:26:26,40071.82,3007.8,102.5,0.2351,15.19,59.1,17.67,84.26,5.544,153.95,0.5133,0.02115,0.006307,2.108,1.483,2.093,1.363,3.61,155.17,12.38,0.7768,1.587,0.5414,2.214,405.14,0.9432,48.61,0.7073,11.08,2.272e-05,0.1996,2.772,1.153,2.122,0.1895,7.843,0.4764,7.877
2022-04-12T05:26:56,40112.02,3010.09,102.6,0.2352,15.19,59.1,17.69,84.3,5.555,154,0.5134,0.0212,0.006306,2.108,1.483,2.095,1.365,3.617,155.19,12.38,0.7768,1.587,0.5414,2.214,405.25,0.9437,48.65,0.7076,11.08,2.273e-05,0.1994,2.774,1.153,2.123,0.1896,7.85,0.4764,7.882
2022-04-12T05:27:26,40086.61,3008.6,102.43,0.2346,15.19,59.1,17.68,84.4,5.55,154.01,0.5134,0.0212,0.006329,2.108,1.481,2.094,1.365,3.617,155.25,12.38,0.7768,1.587,0.5414,2.213,405.11,0.9447,48.7,0.7071,11.08,2.274e-05,0.1994,2.772,1.154,2.121,0.1896,7.847,0.4771,7.877
2022-04-12T05:27:56,40066.81,3007.85,102.34,0.2343,15.19,59.1,17.67,84.47,5.547,153.99,0.5135,0.02121,0.006329,2.108,1.481,2.098,1.363,3.625,155.21,12.38,0.7768,1.587,0.5414,2.212,404.93,0.9449,48.62,0.707,11.08,2.274e-05,0.1994,2.77,1.153,2.12,0.1895,7.844,0.4771,7.872
2022-04-12T05:28:26,40066.46,3008.26,102.43,0.2342,15.19,59,17.68,84.48,5.543,154.07,0.5134,0.0212,0.006329,2.108,1.482,2.101,1.364,3.628,155.21,12.38,0.7766,1.587,0.5414,2.212,405,0.9449,48.62,0.7068,11.08,2.274e-05,0.1994,2.772,1.152,2.119,0.1896,7.849,0.4771,7.873
2022-04-12T05:28:56,40070.01,3008.29,102.39,0.2342,15.19,59.1,17.67,84.34,5.548,154.13,0.5145,0.02121,0.006329,2.108,1.483,2.102,1.364,3.638,155.26,12.38,0.7766,1.602,0.564,2.212,404.98,0.944,48.58,0.7067,11.04,2.275e-05,0.1994,2.771,1.152,2.119,0.1895,7.845,0.477,7.884
2022-04-12T05:29:26,40049.46,3009.13,102.31,0.2342,15.19,59.1,17.67,84.19,5.544,154.03,0.5147,0.02119,0.006329,2.108,1.481,2.099,1.363,3.631,155.2,12.38,0.7754,1.597,0.5521,2.21,404.86,0.943,48.58,0.7066,11.04,2.274e-05,0.1988,2.769,1.152,2.12,0.1894,7.847,0.477,7.883
2022-04-12T05:29:56,40048.91,3009.5,102.34,0.2342,15.16,59.1,17.66,84.16,5.542,153.93,0.5126,0.02119,0.006329,2.111,1.481,2.099,1.364,3.63,155.29,12.38,0.7754,1.598,0.5881,2.21,404.86,0.943,48.62,0.7065,11.04,2.275e-05,0.1988,2.77,1.153,2.12,0.1895,7.849,0.4771,7.883
2022-04-12T05:30:26,40056.27,3009.62,102.3,0.2344,15.16,59.1,17.66,84.12,5.549,153.98,0.5126,0.02121,0.006329,2.108,1.485,2.102,1.364,3.689,155.36,12.38,0.7754,1.594,0.5881,2.211,404.83,0.9438,48.64,0.7063,11.04,2.275e-05,0.1988,2.771,1.155,2.123,0.1895,7.849,0.4779,7.883
2022-04-12T05:30:56,40052.7,3008.4,102.18,0.2342,15.16,58.9,17.66,84.07,5.546,153.97,0.5127,0.0212,0.006329,2.108,1.484,2.102,1.364,3.69,155.3,12.39,0.7754,1.59,0.5881,2.21,404.57,0.9433,48.62,0.7059,11.04,2.274e-05,0.1991,2.768,1.154,2.121,0.1895,7.852,0.4777,7.882
2022-04-12T05:31:26,40010.95,3005.85,102.12,0.2338,15.16,58.9,17.63,84.02,5.535,153.87,0.5139,0.02116,0.006329,2.108,1.479,2.099,1.362,3.668,155.21,12.39,0.7754,1.584,0.5881,2.208,404.35,0.9427,48.56,0.7058,11.04,2.272e-05,0.1985,2.764,1.153,2.119,0.1893,7.846,0.4772,7.874
2022-04-12T05:31:56,40049.88,3006.91,102.14,0.2338,15.16,58.8,17.65,84.08,5.542,153.9,0.5101,0.0212,0.006329,2.108,1.479,2.101,1.363,3.677,155.44,12.41,0.776,1.586,0.5881,2.208,404.36,0.9429,48.57,0.7065,11.04,2.272e-05,0.1985,2.767,1.153,2.121,0.1894,7.849,0.4776,7.871
2022-04-12T05:32:26,40029.88,3005.88,102.12,0.2339,15.16,59,17.65,84.09,5.552,154.03,0.5101,0.0212,0.006329,2.108,1.483,2.098,1.363,3.678,155.31,12.41,0.776,1.586,0.5881,2.21,404.53,0.9434,48.57,0.7067,11.04,2.271e-05,0.1989,2.768,1.154,2.124,0.1895,7.848,0.4775,7.877
2022-04-12T05:32:56,40017.48,3005.62,102.08,0.2339,15.15,59,17.65,84.08,5.535,154.08,0.5101,0.02117,0.006316,2.108,1.481,2.097,1.363,3.678,155.28,12.41,0.776,1.586,0.5881,2.21,404.63,0.9434,48.56,0.7062,11.03,2.269e-05,0.1989,2.767,1.154,2.122,0.1894,7.847,0.4775,7.877
2022-04-12T05:33:26,40010.82,3005.46,102.05,0.2337,15.15,59,17.64,84.08,5.529,154.02,0.5101,0.02116,0.006316,2.108,1.481,2.097,1.363,3.673,155.28,12.41,0.776,1.581,0.5881,2.21,404.5,0.9432,48.52,0.7061,11.03,2.269e-05,0.199,2.765,1.153,2.122,0.1894,7.847,0.4776,7.877
2022-04-12T05:33:56,40003.7,3005.26,101.93,0.2334,15.15,59,17.64,83.99,5.522,153.98,0.5101,0.02115,0.006316,2.108,1.481,2.097,1.362,3.682,155.18,12.41,0.776,1.581,0.5881,2.209,404.5,0.9432,48.46,0.7057,11.02,2.267e-05,0.1986,2.764,1.153,2.121,0.1894,7.84,0.4776,7.876
2022-04-12T05:34:26,39993.3,3004.85,101.89,0.2335,15.15,59.2,17.64,83.94,5.534,153.88,0.5101,0.02115,0.006316,2.108,1.481,2.096,1.362,3.682,155.19,12.41,0.7765,1.578,0.5881,2.209,404.4,0.9433,48.37,0.7052,11.02,2.265e-05,0.1986,2.76,1.153,2.119,0.1893,7.823,0.4776,7.871
2022-04-12T05:34:56,40000.05,3004.81,101.97,0.2334,15.15,59.2,17.64,83.93,5.54,153.9,0.5102,0.02117,0.006316,2.108,1.481,2.097,1.362,3.705,155.29,12.41,0.7765,1.578,0.5881,2.21,404.28,0.9425,48.33,0.7052,11.01,2.266e-05,0.1986,2.759,1.153,2.12,0.1894,7.82,0.4769,7.869
2022-04-12T05:35:26,39993.96,3005.2,101.99,0.2334,15.16,59.2,17.64,84.03,5.539,153.89,0.5103,0.02117,0.00629,2.108,1.481,2.097,1.362,3.696,155.32,12.41,0.7765,1.566,0.5881,2.21,404.34,0.9425,48.3,0.705,11.01,2.267e-05,0.1986,2.758,1.154,2.119,0.1894,7.821,0.4768,7.861
2022-04-12T05:35:56,39996.57,3005.51,101.98,0.2338,15.16,59.2,17.64,84.07,5.542,153.94,0.5119,0.02119,0.006304,2.108,1.481,2.103,1.363,3.707,155.32,12.41,0.7765,1.563,0.5881,2.21,404.34,0.9422,48.32,0.705,11.01,2.266e-05,0.1986,2.761,1.155,2.12,0.1894,7.824,0.477,7.862
2022-04-12T05:36:26,39992.02,3004.66,101.97,0.2337,15.16,59.2,17.64,84.03,5.544,153.92,0.5119,0.02118,0.006304,2.108,1.481,2.102,1.363,3.705,155.31,12.41,0.7765,1.563,0.5881,2.21,404.4,0.9422,48.25,0.7049,11.01,2.267e-05,0.1986,2.758,1.154,2.12,0.1894,7.821,0.477,7.866
2022-04-12T05:36:56,39997.83,3004.99,101.96,0.2337,15.19,59.1,17.64,84.03,5.541,153.92,0.5117,0.02118,0.006304,2.107,1.48,2.103,1.362,3.711,155.37,12.41,0.7819,1.564,0.5881,2.21,404.44,0.9426,48.23,0.7048,11.01,2.267e-05,0.1986,2.759,1.154,2.119,0.1894,7.82,0.4772,7.862
2022-04-12T05:37:26,39993.18,3004.81,101.9,0.2338,15.19,59.2,17.63,84.07,5.543,153.86,0.5117,0.02116,0.006304,2.107,1.48,2.1,1.362,3.709,155.5,12.41,0.7819,1.563,0.5881,2.211,404.44,0.9421,48.2,0.7048,10.99,2.267e-05,0.1986,2.758,1.154,2.118,0.1893,7.82,0.4772,7.862
2022-04-12T05:37:56,39988.7,3004.55,101.91,0.2339,15.19,59.1,17.62,84.08,5.531,153.84,0.5117,0.02114,0.006304,2.107,1.478,2.095,1.362,3.704,155.57,12.41,0.7819,1.562,0.5881,2.21,404.38,0.9424,48.16,0.7046,10.99,2.268e-05,0.1986,2.758,1.154,2.118,0.1894,7.822,0.4772,7.861
2022-04-12T05:38:26,39973.22,3004.73,101.88,0.2338,15.19,59.1,17.62,84.06,5.533,153.83,0.5117,0.02109,0.006304,2.107,1.477,2.095,1.362,3.701,155.62,12.41,0.7778,1.562,0.5881,2.21,404.35,0.942,48.19,0.7045,10.99,2.269e-05,0.1987,2.757,1.154,2.116,0.1893,7.822,0.4774,7.861
2022-04-12T05:38:56,39971.4,3004.83,101.88,0.2338,15.19,59.1,17.61,84.01,5.509,153.8,0.5118,0.02111,0.006284,2.107,1.477,2.096,1.363,3.701,155.54,12.41,0.7778,1.562,0.5881,2.21,404.19,0.9421,48.28,0.7045,10.99,2.269e-05,0.1987,2.755,1.154,2.116,0.1894,7.808,0.4774,7.865
2022-04-12T05:39:26,39975.01,3005,101.91,0.2339,15.19,59.1,17.61,83.98,5.517,153.78,0.5118,0.02111,0.006284,2.107,1.477,2.096,1.363,3.709,155.59,12.41,0.7778,1.567,0.5881,2.21,404.18,0.9426,48.28,0.7046,11.03,2.269e-05,0.1987,2.755,1.154,2.116,0.1894,7.81,0.4774,7.865
2022-04-12T05:39:56,39983.51,3006.45,101.99,0.2341,15.19,59.2,17.61,83.98,5.521,153.85,0.5124,0.02116,0.006284,2.107,1.477,2.095,1.363,3.707,155.48,12.41,0.7781,1.569,0.5881,2.211,404.25,0.9428,48.27,0.7048,11.04,2.271e-05,0.1987,2.757,1.154,2.116,0.1894,7.801,0.4775,7.872
2022-04-12T05:40:26,39982.77,3007.28,101.97,0.2339,15.19,59.2,17.61,83.98,5.528,153.88,0.5124,0.02115,0.006284,2.108,1.477,2.095,1.363,3.705,155.46,12.41,0.7781,1.566,0.5971,2.211,404.24,0.9426,48.19,0.7048,11.04,2.272e-05,0.199,2.757,1.154,2.117,0.1894,7.809,0.4774,7.874
2022-04-12T05:40:56,39997.49,3008.57,102.21,0.2342,15.19,59.1,17.62,84.14,5.534,153.9,0.5107,0.02118,0.006284,2.106,1.48,2.098,1.363,3.702,155.6,12.41,0.7781,1.562,0.5971,2.213,404.48,0.9437,48.18,0.705,11.05,2.272e-05,0.199,2.758,1.154,2.118,0.1894,7.813,0.4776,7.881
2022-04-12T05:41:26,40013.73,3011.25,102.31,0.2342,15.19,59.1,17.63,84.2,5.525,153.96,0.5117,0.02116,0.00629,2.106,1.481,2.099,1.365,3.705,155.63,12.41,0.7781,1.562,0.5971,2.215,404.89,0.9439,48.19,0.7053,11.07,2.273e-05,0.1997,2.762,1.155,2.119,0.1895,7.814,0.4777,7.879
2022-04-12T05:41:56,40025.72,3012.19,102.35,0.2346,15.19,59.1,17.65,84.25,5.527,154.12,0.5117,0.02115,0.006301,2.106,1.482,2.099,1.367,3.703,155.69,12.41,0.7786,1.563,0.5586,2.217,405.12,0.945,48.2,0.7058,11.07,2.276e-05,0.1999,2.766,1.155,2.123,0.1896,7.818,0.4776,7.888
2022-04-12T05:42:26,40050.99,3014.8,102.36,0.2348,15.19,59.1,17.66,84.36,5.527,154.3,0.5138,0.02114,0.006301,2.106,1.482,2.101,1.368,3.705,155.7,12.41,0.7786,1.56,0.5586,2.216,405.27,0.9444,48.19,0.706,11.07,2.276e-05,0.2001,2.766,1.156,2.123,0.1896,7.835,0.4777,7.895
2022-04-12T05:42:56,40035.84,3012.92,102.43,0.2346,15.2,59.1,17.66,84.37,5.525,154.29,0.5138,0.02113,0.006307,2.106,1.482,2.1,1.367,3.691,155.61,12.4,0.7786,1.56,0.5586,2.215,405.13,0.9443,48.14,0.7058,11.07,2.276e-05,0.1998,2.765,1.155,2.121,0.1896,7.831,0.4778,7.899
2022-04-12T05:43:26,40033.47,3012.63,102.45,0.2346,15.21,59.1,17.67,84.37,5.507,154.29,0.513,0.02114,0.006307,2.111,1.482,2.102,1.367,3.683,155.51,12.4,0.7786,1.56,0.5586,2.214,405.26,0.9438,48.12,0.7057,11.07,2.276e-05,0.1998,2.763,1.155,2.121,0.1896,7.831,0.4778,7.897
2022-04-12T05:43:56,40032.41,3012.48,102.46,0.2348,15.21,59.1,17.7,84.44,5.513,154.35,0.513,0.02113,0.006307,2.111,1.482,2.105,1.367,3.681,155.58,12.4,0.7787,1.56,0.5586,2.215,405.26,0.9443,48.1,0.7057,11.07,2.276e-05,0.2003,2.764,1.155,2.122,0.1896,7.836,0.4778,7.897
2022-04-12T05:44:26,40038.9,3013.06,102.46,0.2349,15.21,59.1,17.7,84.49,5.527,154.45,0.5127,0.02115,0.006307,2.111,1.483,2.105,1.367,3.681,155.62,12.4,0.7787,1.562,0.5586,2.216,405.32,0.944,48.09,0.7057,11.07,2.277e-05,0.2003,2.765,1.155,2.124,0.1896,7.85,0.4778,7.909
2022-04-12T05:44:56,40043.71,3013.32,102.47,0.2352,15.21,59.2,17.7,84.5,5.525,154.47,0.5141,0.02115,0.006307,2.111,1.483,2.105,1.367,3.685,155.69,12.4,0.7787,1.565,0.5586,2.216,405.39,0.9447,48.12,0.7059,11.05,2.279e-05,0.2003,2.766,1.155,2.124,0.1896,7.86,0.478,7.918
2022-04-12T05:45:26,40043.26,3013.17,102.47,0.2352,15.21,59.3,17.7,84.49,5.52,154.47,0.5145,0.02115,0.006315,2.111,1.482,2.105,1.368,3.685,155.69,12.4,0.7787,1.565,0.5586,2.217,405.42,0.9451,48.16,0.7059,11.05,2.28e-05,0.2003,2.768,1.155,2.124,0.1896,7.858,0.4787,7.918
2022-04-12T05:45:56,40052.95,3014.81,102.5,0.2352,15.21,59.3,17.7,84.56,5.517,154.6,0.5145,0.02114,0.006315,2.111,1.482,2.106,1.368,3.685,155.75,12.4,0.7787,1.562,0.5586,2.218,405.49,0.9456,48.19,0.7061,11.05,2.28e-05,0.2006,2.77,1.156,2.127,0.1897,7.866,0.4792,7.917
2022-04-12T05:46:26,40057.59,3015.53,102.53,0.2353,15.21,59.3,17.71,84.61,5.514,154.57,0.5148,0.0212,0.006315,2.109,1.481,2.111,1.368,3.703,155.87,12.4,0.7787,1.56,0.5586,2.22,405.74,0.9455,48.27,0.7061,11.05,2.281e-05,0.2004,2.77,1.156,2.127,0.1897,7.869,0.4801,7.919
2022-04-12T05:46:56,40080.42,3016.38,102.73,0.2354,15.21,59.3,17.72,84.67,5.521,154.67,0.5127,0.02125,0.006315,2.111,1.482,2.112,1.37,3.704,155.86,12.4,0.7787,1.56,0.5586,2.221,406.01,0.9472,48.28,0.7067,11.05,2.284e-05,0.2007,2.771,1.157,2.128,0.1897,7.869,0.4808,7.922
2022-04-12T05:47:26,40069.26,3014.67,102.6,0.2352,15.21,59.2,17.72,84.63,5.511,154.59,0.5154,0.02127,0.006315,2.111,1.482,2.112,1.369,3.706,155.88,12.4,0.7787,1.56,0.5586,2.219,405.93,0.9465,48.3,0.7065,11.05,2.283e-05,0.2005,2.77,1.157,2.128,0.1896,7.894,0.4812,7.919
2022-04-12T05:47:56,40072.13,3014.37,102.63,0.2353,15.21,59.2,17.72,84.65,5.51,154.66,0.5154,0.02125,0.006329,2.111,1.483,2.107,1.369,3.712,155.88,12.42,0.7787,1.561,0.5586,2.218,405.96,0.9468,48.34,0.7065,11.05,2.283e-05,0.2005,2.771,1.157,2.128,0.1896,7.897,0.4812,7.915
2022-04-12T05:48:26,40076.75,3014.82,102.73,0.2353,15.21,59.2,17.72,84.68,5.512,154.71,0.5154,0.02126,0.006329,2.111,1.483,2.107,1.369,3.72,155.99,12.42,0.7799,1.561,0.5586,2.219,406.05,0.9477,48.35,0.7066,11.05,2.285e-05,0.2005,2.773,1.158,2.129,0.1896,7.9,0.4812,7.906
2022-04-12T05:48:56,40068.55,3014.53,102.7,0.2355,15.22,59.3,17.73,84.77,5.511,154.7,0.5154,0.02126,0.006329,2.111,1.483,2.106,1.369,3.721,156.2,12.4,0.7799,1.56,0.5586,2.219,406.2,0.9477,48.33,0.7067,11.05,2.285e-05,0.2006,2.773,1.158,2.13,0.1897,7.911,0.4814,7.909
2022-04-12T05:49:26,40075.14,3014.93,102.73,0.2356,15.26,59.2,17.73,84.77,5.516,154.77,0.5154,0.02128,0.006329,2.111,1.482,2.109,1.37,3.719,156.21,12.4,0.779,1.56,0.5586,2.22,406.32,0.9479,48.32,0.7067,11.05,2.285e-05,0.2008,2.776,1.159,2.13,0.1897,7.916,0.4814,7.912
2022-04-12T05:49:56,40073.22,3014.68,102.71,0.2355,15.28,58.8,17.73,84.73,5.512,154.79,0.5154,0.02126,0.006329,2.11,1.482,2.109,1.37,3.72,156.22,12.42,0.779,1.56,0.5586,2.22,406.29,0.9478,48.33,0.7067,11.05,2.285e-05,0.2009,2.775,1.158,2.13,0.1897,7.921,0.4812,7.918
2022-04-12T05:50:26,40073.48,3014.6,102.71,0.2357,15.28,58.8,17.74,84.59,5.515,154.81,0.5156,0.02127,0.006329,2.11,1.482,2.107,1.37,3.727,156.23,12.42,0.779,1.56,0.5529,2.219,406.23,0.9486,48.32,0.7067,11.05,2.286e-05,0.2007,2.775,1.158,2.129,0.1897,7.929,0.4811,7.917
2022-04-12T05:50:56,40085.19,3015.19,102.73,0.2358,15.28,58.8,17.73,84.65,5.512,154.83,0.5145,0.0213,0.006315,2.11,1.482,2.106,1.371,3.727,156.32,12.42,0.779,1.562,0.5529,2.22,406.19,0.949,48.31,0.707,11.05,2.286e-05,0.2008,2.776,1.159,2.129,0.1897,7.93,0.4811,7.918
2022-04-12T05:51:26,40085.55,3015.32,102.76,0.2359,15.28,58.9,17.73,84.67,5.517,154.82,0.5149,0.02132,0.006315,2.11,1.482,2.106,1.371,3.728,156.43,12.42,0.7782,1.561,0.5529,2.22,406.29,0.9491,48.28,0.707,11.05,2.286e-05,0.2011,2.776,1.16,2.13,0.1897,7.945,0.4813,7.913
2022-04-12T05:51:56,40100.9,3016.79,102.77,0.236,15.28,58.9,17.74,84.74,5.523,154.88,0.515,0.02135,0.006315,2.11,1.482,2.112,1.371,3.728,156.54,12.42,0.7782,1.562,0.5529,2.221,406.46,0.9499,48.29,0.7074,11.08,2.287e-05,0.2013,2.778,1.16,2.133,0.1898,7.952,0.4815,7.917
2022-04-12T05:52:26,40095.28,3015.64,102.75,0.236,15.28,58.9,17.75,84.77,5.52,154.88,0.5149,0.02135,0.006315,2.11,1.483,2.103,1.37,3.728,156.59,12.42,0.7782,1.561,0.5529,2.22,406.69,0.9497,48.29,0.7074,11.09,2.287e-05,0.2013,2.777,1.161,2.133,0.1899,7.961,0.4814,7.921
2022-04-12T05:52:56,40104.51,3017.53,102.82,0.2361,15.28,58.9,17.76,84.85,5.524,154.96,0.515,0.02135,0.006315,2.11,1.483,2.104,1.371,3.732,157.14,12.42,0.7782,1.564,0.5529,2.221,406.91,0.9496,48.3,0.7075,11.09,2.288e-05,0.2017,2.779,1.161,2.133,0.1899,7.965,0.4815,7.923
2022-04-12T05:53:26,40114.83,3017.92,102.84,0.2361,15.28,58.9,17.76,84.87,5.54,155.02,0.515,0.0214,0.006307,2.11,1.483,2.104,1.371,3.729,157.16,12.42,0.7782,1.561,0.5529,2.221,406.95,0.9497,48.3,0.7081,11.09,2.288e-05,0.2019,2.78,1.162,2.135,0.1899,7.954,0.4816,7.922
2022-04-12T05:53:56,40119.38,3017.67,102.85,0.2364,15.28,59.1,17.74,84.9,5.537,154.89,0.515,0.02144,0.006317,2.112,1.483,2.109,1.371,3.729,157.14,12.42,0.7782,1.561,0.5529,2.222,406.95,0.949,48.28,0.708,11.1,2.288e-05,0.2019,2.782,1.162,2.136,0.1898,7.953,0.4816,7.928
2022-04-12T05:54:26,40117.43,3018.67,102.85,0.2364,15.28,59.1,17.75,84.91,5.537,154.87,0.5184,0.02145,0.006317,2.112,1.484,2.109,1.371,3.735,157.22,12.42,0.7782,1.563,0.5529,2.222,406.96,0.9488,48.24,0.7084,11.1,2.288e-05,0.2019,2.781,1.163,2.136,0.1899,7.952,0.4815,7.922
2022-04-12T05:54:56,40118.24,3018.46,102.79,0.2363,15.28,59.1,17.75,84.87,5.538,154.92,0.5226,0.02145,0.006317,2.112,1.484,2.109,1.371,3.732,157.27,12.42,0.7782,1.561,0.5529,2.222,407,0.9492,48.18,0.7084,11.1,2.287e-05,0.2019,2.779,1.162,2.135,0.19,7.948,0.4808,7.931
2022-04-12T05:55:26,40126.54,3019.28,102.85,0.2359,15.3,59.2,17.75,84.77,5.547,154.98,0.5213,0.02148,0.006317,2.112,1.484,2.109,1.371,3.732,157.24,12.42,0.7782,1.562,0.5435,2.223,407.03,0.9493,48.15,0.7088,11.1,2.287e-05,0.2019,2.78,1.162,2.136,0.1899,7.948,0.4808,7.935
2022-04-12T05:55:56,40128.52,3019.16,102.88,0.236,15.3,59.2,17.75,84.76,5.545,155.05,0.5213,0.02148,0.006317,2.112,1.483,2.109,1.371,3.699,157.29,12.42,0.7793,1.562,0.5435,2.223,407.07,0.9494,48.12,0.7089,11.1,2.288e-05,0.2021,2.781,1.163,2.136,0.19,7.951,0.4808,7.946
2022-04-12T05:56:26,40131.3,3019.2,102.89,0.2361,15.3,59.2,17.76,84.79,5.557,155.14,0.5228,0.02148,0.006317,2.112,1.484,2.109,1.372,3.697,157.36,12.42,0.7793,1.562,0.5435,2.224,407.17,0.9508,48.15,0.7091,11.1,2.289e-05,0.2022,2.781,1.164,2.138,0.1902,7.958,0.4808,7.948
2022-04-12T05:56:56,40134.73,3020.15,102.95,0.2366,15.3,59.2,17.76,84.81,5.587,155.23,0.522,0.02147,0.006318,2.112,1.484,2.109,1.372,3.689,157.39,12.42,0.7793,1.562,0.5435,2.224,407.23,0.9512,48.12,0.7093,11.1,2.289e-05,0.2022,2.782,1.163,2.137,0.1901,7.962,0.4806,7.947
2022-04-12T05:57:26,40109.34,3019.31,102.86,0.2365,15.32,59.2,17.75,84.74,5.609,155.1,0.523,0.02146,0.006332,2.11,1.485,2.108,1.372,3.692,157.34,12.42,0.782,1.561,0.5435,2.223,406.83,0.9514,48.01,0.7089,11.1,2.287e-05,0.2022,2.779,1.163,2.137,0.1901,7.956,0.4802,7.943
2022-04-12T05:57:56,40091.89,3019.12,102.86,0.2364,15.32,59.2,17.75,84.74,5.619,155.1,0.523,0.02142,0.006332,2.11,1.485,2.107,1.372,3.685,157.37,12.42,0.782,1.56,0.5435,2.222,406.78,0.9505,48.01,0.7088,11.1,2.287e-05,0.2019,2.778,1.163,2.136,0.1901,7.956,0.48,7.947
2022-04-12T05:58:26,40073.41,3018.52,102.8,0.2363,15.32,59.1,17.74,84.66,5.612,155.01,0.5222,0.02139,0.00632,2.11,1.485,2.106,1.372,3.679,157.39,12.45,0.7844,1.561,0.5435,2.222,406.74,0.9495,47.99,0.7086,11.1,2.285e-05,0.2018,2.777,1.163,2.136,0.1899,7.949,0.48,7.94
2022-04-12T05:58:56,40077.81,3017.31,102.76,0.2362,15.32,59.1,17.74,84.66,5.593,155.09,0.5233,0.02146,0.006329,2.111,1.486,2.106,1.373,3.671,157.43,12.45,0.7791,1.559,0.5435,2.222,406.78,0.9501,47.88,0.7086,11.1,2.286e-05,0.2018,2.78,1.162,2.136,0.19,7.952,0.4798,7.939
2022-04-12T05:59:26,40095.14,3017.94,102.79,0.2363,15.32,59.1,17.75,84.69,5.619,155.07,0.5225,0.02145,0.006348,2.111,1.486,2.107,1.372,3.676,157.52,12.42,0.7791,1.556,0.5435,2.222,406.91,0.9501,47.94,0.7088,11.1,2.286e-05,0.2021,2.78,1.163,2.138,0.19,7.958,0.4797,7.933
2022-04-12T05:59:56,40100.25,3018.76,102.8,0.2364,15.32,59.1,17.76,84.67,5.62,155.18,0.5225,0.02147,0.006348,2.112,1.486,2.108,1.373,3.672,157.57,12.42,0.7791,1.557,0.5435,2.224,407.08,0.95,47.98,0.7089,11.11,2.287e-05,0.2021,2.779,1.163,2.138,0.19,7.961,0.4798,7.942
2022-04-12T06:00:26,40131.31,3019.82,102.94,0.2369,15.32,59.2,17.78,84.7,5.623,155.46,0.5226,0.02155,0.006359,2.112,1.487,2.112,1.375,3.686,157.64,12.45,0.7777,1.56,0.5435,2.226,407.61,0.9506,48.01,0.7091,11.14,2.288e-05,0.2021,2.782,1.164,2.141,0.1903,7.962,0.48,7.942
2022-04-12T06:00:56,40137.24,3019.85,102.89,0.237,15.34,59.2,17.77,84.78,5.647,155.43,0.5241,0.02156,0.006356,2.113,1.487,2.117,1.374,3.692,157.43,12.45,0.7777,1.563,0.5435,2.226,407.63,0.9512,47.96,0.7092,11.14,2.288e-05,0.2023,2.782,1.165,2.141,0.1903,7.957,0.4802,7.948
2022-04-12T06:01:26,40116.93,3019.52,102.78,0.2367,15.34,59.2,17.77,84.74,5.623,155.46,0.5241,0.02147,0.006356,2.113,1.487,2.116,1.373,3.691,157.4,12.45,0.7885,1.565,0.5435,2.229,407.69,0.9507,47.88,0.7091,11.14,2.286e-05,0.2023,2.78,1.164,2.14,0.1903,7.955,0.4804,7.94
2022-04-12T06:01:56,40083.23,3016.09,102.64,0.2365,15.34,59.2,17.76,84.6,5.614,155.29,0.5247,0.02143,0.006356,2.113,1.485,2.099,1.372,3.691,157.17,12.45,0.7888,1.571,0.5435,2.227,407.43,0.949,47.82,0.709,11.14,2.282e-05,0.2016,2.775,1.162,2.137,0.1901,7.947,0.4796,7.933
2022-04-12T06:02:26,40075.41,3016.42,102.65,0.2364,15.34,59.1,17.74,84.51,5.61,155.09,0.5255,0.02139,0.006356,2.113,1.484,2.099,1.372,3.686,157.18,12.45,0.7888,1.569,0.5435,2.225,407.4,0.9489,47.75,0.709,11.14,2.281e-05,0.2016,2.774,1.162,2.136,0.1901,7.938,0.4789,7.931
2022-04-12T06:02:56,40057.09,3015.34,102.62,0.2361,15.34,59.1,17.71,84.5,5.639,155.06,0.5244,0.02135,0.006356,2.113,1.483,2.111,1.37,3.68,157.09,12.45,0.7888,1.566,0.5435,2.222,407,0.9478,47.71,0.7081,11.14,2.281e-05,0.2014,2.772,1.162,2.133,0.19,7.939,0.4788,7.931
2022-04-12T06:03:26,40044.78,3014.55,102.59,0.2361,15.34,59.2,17.7,84.38,5.645,154.89,0.5244,0.02133,0.00634,2.113,1.483,2.103,1.369,3.666,156.98,12.45,0.791,1.562,0.5435,2.22,406.91,0.9473,47.71,0.7079,11.07,2.277e-05,0.2014,2.77,1.161,2.132,0.1898,7.934,0.4782,7.928
2022-04-12T06:03:56,40044.35,3013.66,102.6,0.2362,15.34,59.2,17.71,84.36,5.631,154.85,0.5244,0.02135,0.00634,2.112,1.483,2.103,1.369,3.669,156.98,12.45,0.791,1.561,0.5435,2.22,406.79,0.9474,47.74,0.7079,11.07,2.276e-05,0.2013,2.769,1.161,2.132,0.1898,7.938,0.4784,7.93
2022-04-12T06:04:26,40059.37,3014.91,102.74,0.2363,15.34,59.1,17.72,84.38,5.644,154.93,0.5229,0.02141,0.00634,2.111,1.483,2.104,1.37,3.668,157.06,12.45,0.791,1.561,0.5435,2.221,407.04,0.9481,47.77,0.7082,11.07,2.278e-05,0.2013,2.772,1.162,2.132,0.1899,7.934,0.4785,7.928
2022-04-12T06:04:56,40056.21,3014.46,102.74,0.2363,15.34,59.2,17.73,84.38,5.644,154.9,0.523,0.0214,0.00634,2.111,1.481,2.105,1.37,3.668,156.93,12.45,0.791,1.565,0.5435,2.222,407.06,0.9481,47.77,0.7082,11.07,2.278e-05,0.2015,2.773,1.162,2.131,0.1899,7.938,0.4787,7.925
2022-04-12T06:05:26,40050.63,3013.96,102.68,0.2361,15.34,59.2,17.72,84.35,5.639,154.95,0.523,0.02143,0.00634,2.111,1.481,2.107,1.369,3.669,156.88,12.45,0.791,1.566,0.5435,2.22,407.05,0.9484,47.76,0.708,11.07,2.278e-05,0.2015,2.771,1.162,2.131,0.1898,7.945,0.4783,7.93
2022-04-12T06:05:56,40047.74,3012.97,102.58,0.2359,15.34,59.2,17.72,84.28,5.65,154.81,0.5231,0.02139,0.00634,2.111,1.48,2.104,1.369,3.665,156.83,12.45,0.791,1.566,0.5435,2.219,407,0.9481,47.71,0.708,11.07,2.276e-05,0.2015,2.77,1.162,2.131,0.1899,7.938,0.4785,7.931
2022-04-12T06:06:26,40041.44,3012.78,102.56,0.2357,15.34,59.1,17.71,84.23,5.646,154.76,0.5231,0.02137,0.006351,2.111,1.479,2.103,1.369,3.665,156.85,12.43,0.7919,1.566,0.5435,2.22,406.5,0.9485,47.72,0.7081,11.07,2.276e-05,0.2015,2.773,1.162,2.131,0.1899,7.937,0.4783,7.931
2022-04-12T06:06:56,40058.59,3014.57,102.69,0.2357,15.34,59,17.71,84.3,5.643,154.93,0.5252,0.02143,0.006354,2.111,1.481,2.099,1.37,3.662,157.16,12.43,0.7919,1.566,0.5435,2.22,406.53,0.9486,47.74,0.7086,11.07,2.279e-05,0.2015,2.774,1.163,2.132,0.1899,7.936,0.4786,7.924
2022-04-12T06:07:26,40065.18,3015.52,102.77,0.2359,15.3,59,17.72,84.33,5.637,154.91,0.5252,0.02143,0.006357,2.118,1.481,2.102,1.371,3.664,157.48,12.43,0.7919,1.566,0.5435,2.222,406.49,0.9484,47.83,0.709,11.07,2.279e-05,0.2016,2.775,1.164,2.133,0.1899,7.959,0.4786,7.92
2022-04-12T06:07:56,40066.55,3014.25,102.71,0.2361,15.3,59,17.72,84.32,5.635,155,0.5264,0.02139,0.006357,2.118,1.481,2.102,1.371,3.663,157.49,12.43,0.7918,1.566,0.5435,2.221,406.47,0.9486,47.8,0.7089,11.07,2.279e-05,0.2016,2.775,1.163,2.132,0.19,7.959,0.4788,7.92
2022-04-12T06:08:26,40066.27,3015.3,102.78,0.2363,15.34,58.9,17.74,84.35,5.652,155.1,0.5255,0.02144,0.006353,2.115,1.481,2.102,1.371,3.663,157.67,12.43,0.7918,1.566,0.5435,2.22,406.53,0.9497,47.82,0.709,11.07,2.278e-05,0.2016,2.776,1.164,2.133,0.19,7.962,0.4792,7.92
2022-04-12T06:08:56,40067.59,3015.43,102.78,0.2363,15.34,59,17.74,84.4,5.655,155.07,0.5255,0.02144,0.006353,2.119,1.481,2.104,1.371,3.653,157.7,12.43,0.7918,1.566,0.5435,2.22,406.54,0.9494,47.81,0.7091,11.07,2.278e-05,0.2017,2.777,1.165,2.134,0.19,7.964,0.4791,7.92
2022-04-12T06:09:26,40074.66,3016.02,102.82,0.2364,15.34,59,17.74,84.41,5.677,155.16,0.5256,0.02142,0.006353,2.116,1.481,2.104,1.371,3.654,157.74,12.46,0.7921,1.569,0.5435,2.221,406.55,0.9496,47.83,0.7094,11.07,2.279e-05,0.2017,2.778,1.165,2.135,0.1901,7.967,0.4791,7.919
2022-04-12T06:09:56,40081.24,3016.65,102.73,0.2366,15.34,59,17.75,84.43,5.666,155.31,0.5248,0.02143,0.006353,2.116,1.481,2.105,1.372,3.654,157.77,12.46,0.7921,1.566,0.5435,2.221,406.68,0.9503,47.87,0.7095,11.09,2.28e-05,0.2018,2.779,1.166,2.135,0.19,7.973,0.4792,7.921
2022-04-12T06:10:26,40071.03,3017.44,102.71,0.2364,15.34,59,17.75,84.41,5.639,155.27,0.5248,0.02141,0.006353,2.116,1.481,2.105,1.372,3.66,157.7,12.47,0.7921,1.569,0.5435,2.222,406.66,0.9502,47.91,0.7095,11.09,2.28e-05,0.2018,2.778,1.165,2.135,0.1901,7.975,0.4792,7.923
2022-04-12T06:10:56,40072.08,3017.47,102.71,0.2363,15.34,59,17.75,84.41,5.631,155.26,0.5248,0.02143,0.006354,2.116,1.482,2.105,1.372,3.663,157.79,12.47,0.7921,1.572,0.5435,2.222,406.73,0.9505,47.92,0.7092,11.09,2.281e-05,0.2018,2.778,1.165,2.136,0.1901,7.994,0.48,7.922
2022-04-12T06:11:26,40094.41,3018.5,102.73,0.2363,15.34,59,17.77,84.49,5.626,155.35,0.5248,0.02146,0.006354,2.117,1.483,2.106,1.373,3.663,157.81,12.47,0.7921,1.573,0.5435,2.223,406.78,0.951,47.97,0.7096,11.09,2.282e-05,0.2018,2.779,1.166,2.136,0.1901,8.011,0.4804,7.925
2022-04-12T06:11:56,40104.33,3019.56,102.78,0.2366,15.34,59,17.77,84.57,5.638,155.43,0.5248,0.02147,0.006354,2.121,1.483,2.111,1.374,3.663,157.84,12.47,0.7927,1.576,0.5435,2.224,406.84,0.9513,47.98,0.7104,11.09,2.283e-05,0.2019,2.78,1.167,2.136,0.1903,8.022,0.4804,7.924
2022-04-12T06:12:26,40117.54,3020.3,102.9,0.2369,15.34,59.1,17.78,84.64,5.652,155.31,0.5268,0.02148,0.006354,2.117,1.485,2.112,1.374,3.662,157.85,12.47,0.7927,1.577,0.5435,2.226,407.37,0.9515,48.01,0.7105,11.09,2.284e-05,0.2021,2.781,1.167,2.137,0.1904,8.052,0.4812,7.93
2022-04-12T06:12:56,40137.73,3021.58,102.96,0.2372,15.35,59.1,17.8,84.7,5.645,155.33,0.5267,0.02153,0.006354,2.119,1.485,2.113,1.375,3.679,157.83,12.47,0.7927,1.577,0.5435,2.227,407.53,0.9514,48.02,0.7104,11.09,2.285e-05,0.202,2.781,1.168,2.138,0.1904,8.068,0.4811,7.935
2022-04-12T06:13:26,40134.15,3021.62,102.95,0.2372,15.36,59.1,17.8,84.81,5.651,155.4,0.5267,0.02153,0.00638,2.119,1.486,2.113,1.375,3.68,157.69,12.49,0.7927,1.58,0.5435,2.227,407.58,0.9514,48.03,0.7104,11.09,2.285e-05,0.202,2.779,1.168,2.138,0.1904,8.062,0.4812,7.938
2022-04-12T06:13:56,40134.54,3022.63,102.98,0.2373,15.36,59.4,17.81,84.81,5.647,155.42,0.5268,0.02148,0.00638,2.119,1.486,2.111,1.375,3.68,157.75,12.49,0.7927,1.581,0.5435,2.228,407.64,0.9516,48,0.7107,11.09,2.286e-05,0.202,2.778,1.169,2.137,0.1904,8.066,0.4812,7.941
2022-04-12T06:14:26,40131.56,3023.11,102.98,0.2373,15.37,59.4,17.81,84.84,5.65,155.42,0.5257,0.02145,0.006385,2.121,1.485,2.111,1.375,3.675,157.85,12.49,0.7927,1.582,0.5435,2.228,407.8,0.9516,48,0.7107,11.09,2.287e-05,0.202,2.779,1.17,2.137,0.1904,8.06,0.4812,7.94
2022-04-12T06:14:56,40134.35,3024.32,103.03,0.2373,15.37,59.3,17.81,84.88,5.654,155.45,0.5258,0.02143,0.006385,2.122,1.484,2.11,1.375,3.68,157.82,12.49,0.7911,1.585,0.5435,2.229,407.86,0.9514,47.98,0.7106,11.09,2.288e-05,0.202,2.781,1.17,2.138,0.1904,8.066,0.4812,7.939
2022-04-12T06:15:26,40127.98,3022.75,102.93,0.2373,15.37,59.3,17.79,84.91,5.655,155.48,0.5258,0.02148,0.006385,2.122,1.487,2.11,1.375,3.68,157.81,12.49,0.7911,1.585,0.5435,2.227,407.78,0.9512,47.99,0.7102,11.09,2.288e-05,0.202,2.778,1.168,2.138,0.1903,8.059,0.4812,7.938
2022-04-12T06:15:56,40129.53,3022.91,102.94,0.2372,15.38,59.1,17.79,84.96,5.645,155.45,0.5267,0.02148,0.006385,2.122,1.487,2.115,1.375,3.68,157.81,12.49,0.7919,1.585,0.5435,2.227,407.77,0.9517,48.01,0.7102,11.09,2.286e-05,0.2018,2.778,1.168,2.137,0.1904,8.053,0.4809,7.938
2022-04-12T06:16:26,40126.99,3023.4,102.97,0.2373,15.38,59.1,17.79,84.95,5.639,155.5,0.5225,0.02144,0.006385,2.122,1.485,2.115,1.375,3.68,157.77,12.46,0.7919,1.585,0.5435,2.227,407.7,0.9512,47.99,0.71,11.09,2.286e-05,0.2018,2.779,1.169,2.136,0.1903,8.048,0.4805,7.939
2022-04-12T06:16:56,40135.49,3023.32,102.99,0.2374,15.38,59.1,17.79,84.98,5.642,155.52,0.5225,0.02147,0.006385,2.122,1.486,2.115,1.374,3.68,157.8,12.46,0.7919,1.586,0.5435,2.228,407.9,0.9517,47.99,0.7104,11.09,2.287e-05,0.202,2.779,1.169,2.138,0.1904,8.047,0.4806,7.934
2022-04-12T06:17:26,40137.77,3023.46,103.01,0.2374,15.38,59.1,17.8,84.99,5.648,155.55,0.5225,0.02148,0.006385,2.124,1.487,2.115,1.374,3.688,157.97,12.46,0.7919,1.586,0.5435,2.229,407.96,0.952,47.99,0.7105,11.09,2.288e-05,0.202,2.78,1.17,2.139,0.1904,8.058,0.4806,7.939
2022-04-12T06:17:56,40148.95,3024.53,103.11,0.2377,15.38,59.2,17.79,85.11,5.658,155.6,0.5225,0.02145,0.006385,2.124,1.487,2.114,1.375,3.692,158,12.46,0.7983,1.586,0.5435,2.229,408.07,0.9523,48.02,0.7106,11.09,2.288e-05,0.202,2.781,1.17,2.14,0.1905,8.061,0.4808,7.935
2022-04-12T06:18:26,40152.45,3025.96,103.22,0.2379,15.37,59.3,17.81,85.27,5.66,155.69,0.5225,0.02145,0.006385,2.124,1.487,2.114,1.376,3.693,158.05,12.46,0.7983,1.586,0.5435,2.231,408.2,0.953,48.05,0.7108,11.11,2.289e-05,0.2027,2.781,1.172,2.143,0.1905,8.068,0.4814,7.944
2022-04-12T06:18:56,40157.85,3025.72,103.22,0.238,15.37,59.3,17.8,85.32,5.664,155.7,0.5225,0.02148,0.006385,2.124,1.487,2.117,1.376,3.703,158.06,12.46,0.7983,1.586,0.5435,2.232,408.19,0.9531,48.09,0.7109,11.11,2.29e-05,0.2026,2.781,1.174,2.142,0.1906,8.065,0.4812,7.946
2022-04-12T06:19:26,40168.44,3026.96,103.23,0.2378,15.37,59.3,17.81,85.33,5.667,155.74,0.5264,0.02146,0.006385,2.127,1.488,2.118,1.377,3.706,158.02,12.46,0.7983,1.59,0.5435,2.232,408.21,0.9533,48.09,0.7112,11.14,2.294e-05,0.2027,2.781,1.173,2.141,0.1907,8.06,0.4818,7.945
2022-04-12T06:19:56,40153.8,3025.35,103.09,0.2377,15.37,59.3,17.79,85.32,5.663,155.69,0.5271,0.02146,0.006385,2.125,1.488,2.117,1.376,3.719,157.91,12.46,0.7983,1.585,0.5435,2.23,408.03,0.9524,48.06,0.7111,11.13,2.293e-05,0.2023,2.779,1.172,2.14,0.1906,8.049,0.4818,7.938
2022-04-12T06:20:26,40113.77,3024.32,102.9,0.2376,15.37,59.2,17.78,85.32,5.632,155.54,0.5305,0.02142,0.006385,2.121,1.487,2.115,1.375,3.713,157.74,12.5,0.7983,1.588,0.5435,2.228,407.7,0.9506,48.05,0.7098,11.13,2.291e-05,0.2022,2.775,1.17,2.139,0.1905,8.034,0.4812,7.933
2022-04-12T06:20:56,40102.83,3020.84,102.86,0.2373,15.43,59.2,17.78,85.3,5.619,155.37,0.5306,0.02139,0.006385,2.121,1.486,2.115,1.373,3.712,157.65,12.5,0.7983,1.588,0.5435,2.224,407.6,0.9503,48,0.7094,11.13,2.29e-05,0.2015,2.771,1.169,2.137,0.1904,8.028,0.481,7.913
2022-04-12T06:21:26,40108.27,3020.81,102.92,0.2374,15.43,59.2,17.78,85.35,5.619,155.39,0.5292,0.02149,0.006385,2.125,1.487,2.115,1.373,3.713,157.73,12.5,0.7916,1.588,0.5435,2.224,407.61,0.9516,47.97,0.7095,11.13,2.29e-05,0.2021,2.773,1.169,2.137,0.1904,8.034,0.4811,7.914
2022-04-12T06:21:56,40112.5,3020.05,102.93,0.2374,15.42,59.1,17.78,85.39,5.626,155.37,0.529,0.0215,0.006385,2.126,1.487,2.116,1.373,3.706,157.72,12.5,0.7916,1.588,0.5435,2.226,407.65,0.9514,47.97,0.7097,11.13,2.291e-05,0.2021,2.773,1.169,2.138,0.1904,8.036,0.481,7.908
2022-04-12T06:22:26,40105.31,3020.29,102.84,0.2373,15.42,59.1,17.77,85.4,5.63,155.31,0.5294,0.0215,0.006385,2.126,1.487,2.115,1.373,3.708,157.72,12.5,0.7916,1.586,0.5435,2.226,407.63,0.951,47.97,0.7096,11.1,2.289e-05,0.202,2.772,1.169,2.137,0.1905,8.038,0.4811,7.908
2022-04-12T06:22:56,40109.59,3020.36,102.89,0.2376,15.42,59.1,17.77,85.39,5.634,155.41,0.5294,0.02151,0.006385,2.13,1.488,2.113,1.373,3.713,157.64,12.5,0.7916,1.588,0.5435,2.226,407.55,0.9516,47.96,0.7095,11.1,2.289e-05,0.202,2.772,1.168,2.137,0.1905,8.042,0.4811,7.909
2022-04-12T06:23:26,40106.67,3020.27,102.79,0.2374,15.42,59.1,17.77,85.38,5.646,155.35,0.5294,0.02151,0.006385,2.131,1.487,2.113,1.373,3.704,157.6,12.5,0.7905,1.589,0.5435,2.225,407.48,0.9511,47.96,0.7092,11.1,2.289e-05,0.202,2.771,1.167,2.137,0.1905,8.041,0.4809,7.904
2022-04-12T06:23:56,40108.14,3020.53,102.88,0.2375,15.42,59.3,17.76,85.41,5.652,155.35,0.5295,0.02152,0.006392,2.131,1.487,2.112,1.374,3.707,157.6,12.5,0.7905,1.587,0.5435,2.225,407.42,0.9513,47.91,0.7094,11.1,2.29e-05,0.202,2.772,1.168,2.137,0.1904,8.037,0.4808,7.909
2022-04-12T06:24:26,40110.83,3020.29,102.86,0.2376,15.41,59.3,17.76,85.43,5.656,155.41,0.5295,0.0215,0.006392,2.133,1.487,2.113,1.373,3.713,157.56,12.5,0.7905,1.587,0.5435,2.226,407.57,0.9517,47.9,0.7094,11.1,2.292e-05,0.2019,2.772,1.168,2.138,0.1905,8.036,0.4808,7.907
2022-04-12T06:24:56,40106.97,3019.64,102.86,0.2375,15.41,59.3,17.76,85.4,5.655,155.39,0.5295,0.02149,0.006392,2.132,1.487,2.112,1.373,3.713,157.53,12.5,0.7905,1.587,0.5435,2.225,407.52,0.9517,47.86,0.7095,11.1,2.292e-05,0.2019,2.771,1.167,2.138,0.1905,8.039,0.4808,7.906
2022-04-12T06:25:26,40105.16,3019.61,102.83,0.2374,15.41,59.3,17.75,85.27,5.659,155.29,0.5328,0.0215,0.006392,2.126,1.486,2.112,1.374,3.706,157.48,12.5,0.7905,1.585,0.5435,2.224,407.38,0.9514,47.83,0.7093,11.1,2.291e-05,0.2019,2.77,1.167,2.137,0.1905,8.042,0.481,7.903
2022-04-12T06:25:56,40107.65,3019.46,102.84,0.2373,15.41,59.2,17.75,85.22,5.651,155.35,0.5328,0.0215,0.006392,2.126,1.487,2.112,1.374,3.706,157.37,12.5,0.7905,1.585,0.5435,2.224,407.31,0.9524,47.81,0.7094,11.1,2.291e-05,0.2015,2.771,1.166,2.137,0.1905,8.047,0.4808,7.904
2022-04-12T06:26:26,40100.7,3019.17,102.84,0.2374,15.41,59.1,17.75,85.19,5.644,155.35,0.5328,0.0215,0.006392,2.131,1.487,2.112,1.374,3.696,157.32,12.41,0.7905,1.585,0.5435,2.224,407.16,0.9529,47.83,0.709,11.1,2.291e-05,0.2014,2.77,1.166,2.137,0.1904,8.042,0.4808,7.908
2022-04-12T06:26:56,40098.85,3019.08,102.83,0.2374,15.42,59.1,17.75,85.21,5.639,155.34,0.5328,0.02152,0.006392,2.132,1.487,2.112,1.374,3.695,157.3,12.41,0.7905,1.588,0.5435,2.224,407.08,0.9535,47.85,0.709,11.1,2.291e-05,0.2013,2.769,1.165,2.137,0.1903,8.048,0.4809,7.909
2022-04-12T06:27:26,40097.22,3017.87,102.83,0.2374,15.42,59,17.74,85.12,5.637,155.32,0.5329,0.02151,0.006392,2.132,1.486,2.112,1.373,3.694,157.29,12.41,0.7889,1.585,0.5435,2.225,406.98,0.9536,47.84,0.7089,11.11,2.291e-05,0.2013,2.769,1.166,2.138,0.1904,8.036,0.4809,7.905
2022-04-12T06:27:56,40084.56,3017.59,102.72,0.2374,15.42,59,17.72,85.1,5.631,155.22,0.5318,0.02146,0.006392,2.126,1.485,2.111,1.373,3.692,157.05,12.41,0.7896,1.582,0.5435,2.223,406.67,0.9526,47.82,0.7086,11.08,2.29e-05,0.201,2.769,1.165,2.136,0.1903,8.038,0.4809,7.902
2022-04-12T06:28:26,40053.31,3016.23,102.72,0.2365,15.46,59,17.71,84.96,5.628,155.08,0.5308,0.02146,0.006392,2.124,1.482,2.11,1.371,3.692,156.94,12.41,0.7896,1.575,0.5435,2.223,406.52,0.9512,47.82,0.7086,11.09,2.289e-05,0.201,2.765,1.163,2.134,0.1902,8.023,0.4796,7.891
2022-04-12T06:28:56,40053.5,3016.35,102.57,0.2361,15.46,58.9,17.71,84.87,5.631,154.94,0.5308,0.02147,0.006392,2.123,1.481,2.111,1.37,3.663,156.9,12.41,0.7896,1.574,0.5435,2.223,406.45,0.9511,47.74,0.7088,11.08,2.285e-05,0.2008,2.765,1.163,2.135,0.1901,8.02,0.4787,7.891
2022-04-12T06:29:26,39997.41,3014.79,102.44,0.236,15.46,58.9,17.69,84.84,5.625,154.73,0.5279,0.02145,0.006392,2.123,1.481,2.108,1.37,3.659,156.81,12.41,0.7904,1.574,0.5435,2.22,406.14,0.9507,47.67,0.7086,11.05,2.282e-05,0.2006,2.763,1.163,2.132,0.19,8.003,0.4787,7.89
2022-04-12T06:29:56,40005.01,3014.59,102.29,0.2359,15.46,58.8,17.68,84.84,5.624,154.65,0.5243,0.02145,0.006392,2.122,1.48,2.109,1.369,3.64,156.74,12.41,0.7904,1.573,0.5435,2.22,406.03,0.9504,47.64,0.7084,11.05,2.281e-05,0.2004,2.763,1.161,2.13,0.1899,8.007,0.4779,7.881
2022-04-12T06:30:26,39979.07,3013.61,102.21,0.2356,15.46,58.8,17.66,84.74,5.617,154.54,0.5248,0.02144,0.006392,2.121,1.478,2.107,1.368,3.642,156.66,12.5,0.7882,1.573,0.5435,2.218,405.33,0.949,47.64,0.7074,11.05,2.278e-05,0.2006,2.757,1.161,2.126,0.1897,7.985,0.4777,7.873
2022-04-12T06:30:56,39951.06,3010.77,102.11,0.2356,15.33,58.7,17.65,84.59,5.62,154.42,0.5246,0.02143,0.006374,2.12,1.477,2.109,1.368,3.64,156.58,12.5,0.7882,1.573,0.5435,2.216,405.07,0.948,47.61,0.7074,11.05,2.277e-05,0.1997,2.756,1.159,2.125,0.1896,7.967,0.4772,7.855
2022-04-12T06:31:26,39933.93,3011.91,101.94,0.2354,15.33,58.7,17.65,84.54,5.614,154.11,0.524,0.02142,0.006374,2.112,1.477,2.093,1.367,3.637,156.53,12.5,0.7882,1.573,0.5435,2.215,404.82,0.9479,47.52,0.707,11.02,2.275e-05,0.1998,2.753,1.158,2.123,0.1896,7.97,0.4772,7.852
2022-04-12T06:31:56,39927.27,3012.1,101.89,0.2353,15.3,58.6,17.63,84.51,5.622,154.1,0.5237,0.02142,0.006361,2.111,1.476,2.073,1.365,3.632,156.46,12.5,0.7882,1.575,0.5435,2.215,404.88,0.9477,47.53,0.707,11.02,2.273e-05,0.1997,2.753,1.158,2.124,0.1895,7.965,0.4769,7.852
2022-04-12T06:32:26,39921.81,3011.93,101.92,0.2354,15.3,58.6,17.64,84.48,5.61,154.22,0.5229,0.02142,0.006379,2.111,1.475,2.078,1.366,3.625,156.53,12.5,0.7891,1.575,0.5435,2.216,404.92,0.9477,47.52,0.7073,11.01,2.271e-05,0.1997,2.754,1.158,2.123,0.1895,7.954,0.4763,7.852
2022-04-12T06:32:56,39953.25,3012.93,102.25,0.2357,15.3,58.6,17.68,84.6,5.61,154.46,0.5229,0.02141,0.006329,2.116,1.476,2.078,1.368,3.625,156.65,12.5,0.7891,1.572,0.5435,2.22,405.37,0.9498,47.58,0.7079,11.01,2.274e-05,0.1997,2.76,1.16,2.126,0.1897,7.954,0.477,7.869
2022-04-12T06:33:26,39978.21,3013.96,102.36,0.236,15.3,58.6,17.69,84.72,5.605,154.62,0.5232,0.02144,0.006329,2.116,1.478,2.075,1.369,3.65,156.74,12.46,0.7891,1.572,0.5435,2.223,405.67,0.95,47.6,0.7084,11.01,2.278e-05,0.2005,2.763,1.162,2.129,0.1898,7.973,0.4775,7.883
2022-04-12T06:33:56,39983.93,3015.41,102.4,0.236,15.3,59,17.71,84.76,5.611,154.72,0.5234,0.02146,0.006341,2.116,1.475,2.083,1.371,3.651,156.77,12.46,0.7891,1.572,0.5435,2.224,405.76,0.9506,47.61,0.7085,11.01,2.279e-05,0.2004,2.763,1.163,2.13,0.1899,7.976,0.4776,7.894
2022-04-12T06:34:26,39975.37,3014.3,102.25,0.2358,15.35,59,17.7,84.72,5.603,154.68,0.5247,0.02139,0.006341,2.116,1.476,2.059,1.37,3.647,156.75,12.46,0.7885,1.574,0.5435,2.223,405.7,0.9502,47.6,0.708,11.01,2.278e-05,0.2004,2.762,1.163,2.129,0.1898,7.966,0.4776,7.894
2022-04-12T06:34:56,39939.08,3012.12,102.2,0.2355,15.3,59,17.68,84.52,5.599,154.52,0.5247,0.02139,0.006341,2.115,1.475,2.062,1.368,3.647,156.61,12.46,0.7885,1.574,0.5435,2.22,405.32,0.9489,47.58,0.7075,11.01,2.277e-05,0.2001,2.76,1.162,2.128,0.1897,7.948,0.4773,7.884
2022-04-12T06:35:26,39945.84,3013.27,102.21,0.2356,15.3,59,17.69,84.58,5.588,154.48,0.5247,0.02142,0.006341,2.115,1.473,2.051,1.368,3.641,156.6,12.46,0.7886,1.572,0.5435,2.221,405.32,0.95,47.54,0.7077,11.01,2.277e-05,0.2003,2.759,1.162,2.126,0.1897,7.956,0.4767,7.875
2022-04-12T06:35:56,39957.14,3013.74,102.21,0.2355,15.3,58.9,17.7,84.58,5.594,154.37,0.5247,0.02143,0.006341,2.115,1.472,2.048,1.369,3.646,156.62,12.46,0.7886,1.574,0.5435,2.222,405.48,0.9505,47.53,0.7078,11.01,2.276e-05,0.2003,2.761,1.162,2.127,0.1897,7.956,0.4769,7.886
2022-04-12T06:36:26,39967.06,3013.78,102.29,0.2355,15.3,58.9,17.7,84.64,5.606,154.46,0.5247,0.02144,0.006314,2.115,1.473,2.049,1.37,3.644,156.68,12.46,0.7886,1.574,0.5435,2.223,405.62,0.9521,47.53,0.708,11.01,2.278e-05,0.2003,2.763,1.163,2.128,0.1898,7.956,0.477,7.881
2022-04-12T06:36:56,39973.58,3014.02,102.31,0.2355,15.3,58.9,17.7,84.63,5.602,154.37,0.5247,0.02145,0.006321,2.115,1.473,2.05,1.371,3.641,156.54,12.46,0.7905,1.572,0.5435,2.222,405.72,0.952,47.53,0.708,11.01,2.276e-05,0.2003,2.763,1.163,2.129,0.1898,7.959,0.4771,7.881
2022-04-12T06:37:26,39970.09,3014.64,102.3,0.2359,15.3,58.9,17.7,84.65,5.6,154.38,0.5226,0.02145,0.006321,2.115,1.473,2.047,1.371,3.641,156.53,12.46,0.7858,1.572,0.5435,2.222,405.61,0.9529,47.53,0.7077,11.01,2.276e-05,0.2008,2.763,1.162,2.129,0.1897,7.95,0.4772,7.882
2022-04-12T06:37:56,39952.77,3013.14,102.18,0.2359,15.3,59,17.7,84.61,5.595,154.21,0.5223,0.02143,0.006314,2.115,1.473,2.046,1.371,3.633,156.46,12.46,0.7858,1.572,0.5435,2.221,405.55,0.9513,47.48,0.7074,11.01,2.275e-05,0.2003,2.761,1.162,2.128,0.1897,7.942,0.4771,7.88
2022-04-12T06:38:26,39952.06,3012.95,102.18,0.236,15.36,59,17.69,84.58,5.592,154.22,0.519,0.02143,0.006308,2.115,1.473,2.046,1.369,3.632,156.44,12.46,0.7959,1.572,0.5435,2.221,405.28,0.9517,47.43,0.7068,11.01,2.274e-05,0.2003,2.761,1.162,2.128,0.1896,7.935,0.4771,7.88
2022-04-12T06:38:56,39946.11,3012.74,102.18,0.2359,15.36,59,17.68,84.57,5.596,154.18,0.5182,0.02142,0.006299,2.115,1.473,2.048,1.37,3.633,156.42,12.46,0.7959,1.56,0.5435,2.22,405.17,0.9504,47.45,0.7059,11.01,2.273e-05,0.2002,2.76,1.162,2.127,0.1895,7.935,0.4769,7.881
2022-04-12T06:39:26,39949.38,3012.72,102.16,0.236,15.36,59,17.69,84.52,5.596,154.25,0.5182,0.02141,0.006299,2.115,1.472,2.049,1.369,3.628,156.48,12.46,0.7959,1.559,0.5435,2.221,405.22,0.9514,47.47,0.7052,11.01,2.275e-05,0.2003,2.76,1.162,2.127,0.1895,7.937,0.4768,7.886
2022-04-12T06:39:56,39974.19,3014.67,102.25,0.236,15.36,59,17.71,84.6,5.629,154.37,0.5181,0.02145,0.006306,2.115,1.472,2.056,1.371,3.633,156.58,12.46,0.7959,1.559,0.5435,2.222,405.25,0.9518,47.51,0.7055,11.02,2.277e-05,0.2003,2.762,1.163,2.129,0.1896,7.944,0.477,7.888
2022-04-12T06:40:26,39949.62,3013.84,102.22,0.2362,15.36,59,17.7,84.55,5.616,154.37,0.5181,0.02145,0.006306,2.115,1.472,2.055,1.37,3.632,156.57,12.5,0.7959,1.559,0.5435,2.219,405.23,0.9515,47.5,0.7055,11.02,2.275e-05,0.2003,2.76,1.163,2.128,0.1895,7.944,0.477,7.882
2022-04-12T06:40:56,39959.73,3013.87,102.2,0.2365,15.3,59,17.71,84.56,5.619,154.37,0.5181,0.02146,0.006306,2.121,1.472,2.056,1.371,3.642,156.57,12.5,0.7959,1.559,0.5435,2.221,405.25,0.9512,47.53,0.7056,11.02,2.275e-05,0.2005,2.762,1.163,2.129,0.1896,7.936,0.4771,7.88
2022-04-12T06:41:26,39972.58,3014.35,102.23,0.2365,15.3,59,17.71,84.58,5.623,154.38,0.518,0.02148,0.006306,2.121,1.472,2.057,1.371,3.642,156.56,12.5,0.7988,1.554,0.5435,2.221,405.33,0.9511,47.59,0.7058,11.02,2.276e-05,0.2005,2.761,1.163,2.129,0.1896,7.936,0.4776,7.882
2022-04-12T06:41:56,39972.72,3014.36,102.23,0.2366,15.3,59,17.71,84.58,5.62,154.43,0.5174,0.02148,0.006306,2.121,1.473,2.057,1.371,3.645,156.53,12.5,0.7988,1.554,0.5435,2.222,405.3,0.9511,47.59,0.7057,11.03,2.276e-05,0.2005,2.761,1.163,2.129,0.1896,7.936,0.4775,7.879
2022-04-12T06:42:26,39949.98,3012.2,102.2,0.2365,15.45,59,17.69,84.53,5.626,154.39,0.5174,0.02147,0.006306,2.121,1.473,2.059,1.369,3.634,156.45,12.5,0.7988,1.556,0.5435,2.221,405.24,0.9506,47.51,0.7055,11.03,2.275e-05,0.2004,2.76,1.162,2.128,0.1895,7.917,0.4773,7.886
2022-04-12T06:42:56,39892.49,3009.67,101.85,0.2358,15.45,58.8,17.66,84.44,5.608,154.19,0.5166,0.02143,0.006306,2.121,1.47,2.053,1.368,3.629,156.3,12.5,0.7984,1.551,0.5435,2.216,404.67,0.9488,47.51,0.7047,11.03,2.271e-05,0.1999,2.753,1.16,2.125,0.1894,7.908,0.4766,7.871
2022-04-12T06:43:26,39883.82,3007.79,101.78,0.2355,15.33,58.8,17.65,84.31,5.595,154.17,0.5155,0.02142,0.006306,2.119,1.469,2.047,1.367,3.62,156.08,12.5,0.7974,1.548,0.5435,2.214,404.62,0.9483,47.5,0.7046,11.01,2.27e-05,0.1999,2.751,1.16,2.123,0.1893,7.888,0.4761,7.865
2022-04-12T06:43:56,39869.69,3006.62,101.79,0.2352,15.29,58.6,17.64,84.28,5.585,153.9,0.5143,0.02141,0.006306,2.119,1.469,2.045,1.365,3.612,155.91,12.5,0.7974,1.548,0.5435,2.214,404.29,0.9479,47.45,0.7042,10.99,2.27e-05,0.1998,2.751,1.159,2.122,0.1892,7.881,0.4759,7.862
2022-04-12T06:44:26,39879.39,3008.27,101.92,0.2354,15.26,58.7,17.65,84.28,5.593,153.92,0.5143,0.02139,0.006289,2.119,1.466,2.045,1.366,3.607,155.91,12.5,0.7974,1.548,0.5469,2.214,404.28,0.9481,47.39,0.7045,10.99,2.268e-05,0.2,2.753,1.159,2.121,0.1892,7.88,0.4761,7.86
2022-04-12T06:44:56,39859.38,3007.71,101.89,0.2353,15.26,58.6,17.65,84.28,5.589,154.03,0.5168,0.02141,0.006289,2.119,1.466,2.047,1.366,3.607,155.86,12.5,0.7974,1.548,0.5469,2.214,404.21,0.9476,47.37,0.7042,10.99,2.267e-05,0.1998,2.752,1.159,2.122,0.1892,7.881,0.4758,7.861
2022-04-12T06:45:26,39860.65,3007.03,101.78,0.2348,15.31,58.6,17.64,84.26,5.582,153.93,0.5168,0.0214,0.006289,2.119,1.466,2.048,1.366,3.607,155.81,12.5,0.7974,1.549,0.5469,2.213,404.21,0.9472,47.4,0.7035,11,2.268e-05,0.1998,2.751,1.158,2.122,0.1891,7.878,0.4758,7.86
2022-04-12T06:45:56,39864.06,3006.54,101.82,0.2351,15.31,58.6,17.64,84.3,5.583,153.98,0.5168,0.02137,0.006289,2.119,1.466,2.049,1.366,3.6,155.8,12.5,0.7974,1.548,0.5469,2.212,404.08,0.9471,47.39,0.7035,11,2.268e-05,0.1997,2.749,1.158,2.121,0.1891,7.878,0.4754,7.86
2022-04-12T06:46:26,39875.52,3007.91,101.98,0.2353,15.31,58.6,17.65,84.36,5.588,154.01,0.5168,0.02139,0.006289,2.119,1.466,2.049,1.366,3.6,155.87,12.5,0.7999,1.55,0.5469,2.214,404.36,0.9481,47.41,0.7036,11.03,2.27e-05,0.1997,2.751,1.159,2.123,0.1892,7.884,0.4758,7.867
2022-04-12T06:46:56,39893.41,3008.17,102.01,0.2355,15.31,58.6,17.65,84.45,5.588,154.03,0.5168,0.02141,0.006289,2.119,1.467,2.053,1.368,3.6,156,12.5,0.7999,1.55,0.5469,2.214,404.41,0.9483,47.5,0.7036,11.03,2.27e-05,0.2,2.752,1.159,2.124,0.1893,7.891,0.4763,7.867
2022-04-12T06:47:26,39894.9,3008.88,102,0.2353,15.31,58.6,17.65,84.46,5.591,153.96,0.5173,0.02139,0.006289,2.119,1.467,2.053,1.367,3.612,155.98,12.5,0.7992,1.55,0.5469,2.214,404.45,0.9473,47.52,0.7034,11.03,2.27e-05,0.1999,2.753,1.159,2.124,0.1892,7.887,0.4761,7.863
2022-04-12T06:47:56,39901.51,3009.83,102,0.2355,15.31,58.6,17.65,84.46,5.599,154.03,0.5173,0.02141,0.006289,2.119,1.468,2.054,1.369,3.626,156.06,12.5,0.8011,1.55,0.5469,2.215,404.46,0.9478,47.51,0.7033,11.03,2.271e-05,0.1999,2.753,1.16,2.124,0.1892,7.892,0.4762,7.863
2022-04-12T06:48:26,39897.94,3008.88,101.98,0.2355,15.31,58.6,17.64,84.42,5.589,154.16,0.5173,0.0214,0.006289,2.119,1.468,2.054,1.368,3.624,156,12.5,0.8011,1.56,0.5469,2.215,404.5,0.9478,47.47,0.7033,11.03,2.27e-05,0.1999,2.751,1.159,2.124,0.1892,7.892,0.4761,7.862
2022-04-12T06:48:56,39900.79,3008.58,101.99,0.2355,15.31,58.5,17.65,84.42,5.59,154.17,0.5173,0.0214,0.006289,2.119,1.469,2.054,1.368,3.619,156.02,12.5,0.8011,1.563,0.5469,2.215,404.55,0.9473,47.47,0.703,11.03,2.27e-05,0.2001,2.751,1.159,2.124,0.1892,7.892,0.476,7.866
2022-04-12T06:49:26,39901.79,3008.52,102,0.2349,15.31,58.5,17.65,84.42,5.592,154.07,0.5173,0.0214,0.006289,2.119,1.469,2.055,1.368,3.62,156.02,12.5,0.7971,1.563,0.5469,2.213,404.4,0.9467,47.48,0.7026,11.03,2.27e-05,0.2001,2.751,1.159,2.124,0.1893,7.884,0.4759,7.863
2022-04-12T06:49:56,39887.64,3006.35,102.05,0.235,15.31,58.5,17.65,84.45,5.58,154.18,0.5177,0.02142,0.006272,2.119,1.468,2.054,1.368,3.62,155.83,12.5,0.7971,1.561,0.5557,2.214,404.39,0.9469,47.48,0.7031,11.03,2.271e-05,0.2,2.751,1.158,2.123,0.1892,7.883,0.4759,7.861
2022-04-12T06:50:26,39875.48,3005.2,102.02,0.2347,15.31,58.5,17.64,84.34,5.583,154.07,0.5177,0.02138,0.006272,2.119,1.469,2.053,1.366,3.609,155.76,12.5,0.7971,1.561,0.5557,2.213,404.24,0.9458,47.47,0.7026,11.04,2.272e-05,0.1998,2.747,1.158,2.121,0.1892,7.867,0.4758,7.859
2022-04-12T06:50:56,39873.54,3004.73,101.82,0.2345,15.31,58.6,17.64,84.26,5.576,153.9,0.5177,0.02137,0.006272,2.119,1.468,2.051,1.365,3.608,155.66,12.5,0.7971,1.561,0.5557,2.212,403.98,0.9454,47.38,0.7025,11.04,2.269e-05,0.1997,2.747,1.158,2.119,0.189,7.867,0.4758,7.853
2022-04-12T06:51:26,39878.8,3005.69,101.84,0.2349,15.31,58.6,17.63,84.29,5.579,154.07,0.5177,0.02138,0.006272,2.119,1.468,2.051,1.366,3.608,155.71,12.5,0.8015,1.561,0.5557,2.213,404.08,0.9458,47.44,0.7027,11.04,2.271e-05,0.1997,2.744,1.159,2.12,0.1891,7.866,0.4756,7.853
2022-04-12T06:51:56,39876.62,3005.46,101.97,0.2347,15.31,58.6,17.63,84.35,5.577,153.81,0.5177,0.02136,0.006272,2.119,1.468,2.056,1.367,3.608,155.7,12.5,0.8015,1.564,0.5557,2.212,404.29,0.9457,47.35,0.7026,11.04,2.271e-05,0.1999,2.744,1.158,2.122,0.1891,7.867,0.4753,7.853
2022-04-12T06:52:26,39890.75,3005.44,101.98,0.2345,15.32,58.6,17.64,84.38,5.586,153.84,0.5177,0.02139,0.006275,2.119,1.468,2.052,1.367,3.615,155.71,12.5,0.8015,1.561,0.5557,2.214,404.36,0.9456,47.34,0.7025,11.04,2.271e-05,0.1999,2.744,1.159,2.122,0.1891,7.868,0.4751,7.85
2022-04-12T06:52:56,39885.21,3004.23,101.92,0.2346,15.32,58.6,17.63,84.35,5.585,153.87,0.5169,0.02138,0.006275,2.119,1.468,2.056,1.366,3.614,155.72,12.5,0.8015,1.56,0.5557,2.213,404.22,0.9459,47.41,0.7022,11.04,2.272e-05,0.1998,2.744,1.159,2.121,0.1891,7.865,0.4749,7.859
2022-04-12T06:53:26,39884.47,3004.97,101.92,0.2346,15.32,58.6,17.63,84.35,5.585,153.84,0.5169,0.02143,0.006277,2.119,1.468,2.056,1.365,3.619,155.77,12.52,0.8059,1.562,0.5557,2.214,404.22,0.9449,47.51,0.7023,11.04,2.271e-05,0.1998,2.744,1.158,2.121,0.1891,7.862,0.4744,7.858
2022-04-12T06:53:56,39868.79,3003.57,101.81,0.2345,15.32,58.6,17.62,84.28,5.577,153.72,0.5169,0.02144,0.006277,2.119,1.468,2.052,1.365,3.609,155.68,12.52,0.8059,1.562,0.5557,2.211,404.12,0.9449,47.5,0.7018,11.04,2.271e-05,0.1998,2.742,1.157,2.12,0.1891,7.852,0.4741,7.854
2022-04-12T06:54:26,39873.11,3003.72,101.81,0.2343,15.32,58.6,17.62,84.25,5.595,153.69,0.5169,0.02144,0.006277,2.117,1.466,2.053,1.365,3.61,155.76,12.5,0.8059,1.559,0.5557,2.213,404.05,0.9451,47.47,0.7017,11.04,2.27e-05,0.1998,2.744,1.157,2.12,0.1889,7.851,0.4744,7.853
2022-04-12T06:54:56,39895.63,3005.27,101.85,0.2348,15.32,58.6,17.63,84.29,5.596,153.83,0.5169,0.02148,0.006277,2.122,1.467,2.054,1.365,3.614,155.89,12.5,0.8059,1.559,0.5557,2.214,404.45,0.9456,47.44,0.702,11.04,2.272e-05,0.1998,2.745,1.159,2.123,0.1891,7.852,0.4746,7.854
2022-04-12T06:55:26,39888.24,3004.83,101.97,0.2346,15.3,58.6,17.62,84.29,5.586,153.73,0.5174,0.02143,0.006277,2.122,1.467,2.053,1.365,3.614,155.77,12.5,0.8102,1.559,0.5557,2.212,404.3,0.9453,47.39,0.7021,11.04,2.272e-05,0.1996,2.743,1.158,2.122,0.1891,7.852,0.4745,7.856
2022-04-12T06:55:56,39881.74,3003.12,101.94,0.2344,15.3,58.5,17.62,84.32,5.584,153.6,0.5153,0.02147,0.00626,2.122,1.466,2.053,1.366,3.614,155.78,12.5,0.815,1.559,0.5557,2.211,404.22,0.9455,47.37,0.702,11.04,2.271e-05,0.1996,2.742,1.158,2.122,0.189,7.852,0.4744,7.857
2022-04-12T06:56:26,39881.35,3003.14,101.95,0.2344,15.3,58.5,17.62,84.3,5.584,153.61,0.5152,0.02145,0.00626,2.122,1.466,2.053,1.365,3.617,155.78,12.5,0.815,1.558,0.5557,2.211,404.19,0.9454,47.35,0.702,11.04,2.271e-05,0.1997,2.741,1.158,2.12,0.189,7.847,0.4744,7.857
2022-04-12T06:56:56,39890.62,3003.53,102.01,0.2348,15.3,58.5,17.63,84.31,5.586,153.64,0.5155,0.02144,0.00626,2.122,1.467,2.054,1.365,3.619,155.88,12.5,0.8212,1.56,0.5557,2.212,404.18,0.946,47.36,0.702,11.04,2.273e-05,0.1998,2.743,1.158,2.121,0.1891,7.85,0.4745,7.854
2022-04-12T06:57:26,39888.88,3003.68,102,0.2347,15.3,58.5,17.63,84.29,5.584,153.6,0.5151,0.02144,0.00626,2.122,1.467,2.058,1.366,3.627,155.81,12.5,0.8246,1.555,0.5557,2.212,404.29,0.9462,47.36,0.7019,11.04,2.273e-05,0.1998,2.743,1.158,2.121,0.1888,7.851,0.4745,7.853
2022-04-12T06:57:56,39893.15,3003.63,101.96,0.2346,15.29,58.5,17.63,84.24,5.58,153.64,0.5155,0.02145,0.00626,2.122,1.467,2.061,1.366,3.625,155.78,12.5,0.8246,1.558,0.5557,2.211,404.38,0.9454,47.36,0.7019,11.04,2.273e-05,0.1999,2.744,1.158,2.121,0.1888,7.851,0.4739,7.857
2022-04-12T06:58:26,39897.38,3004.07,101.94,0.2348,15.29,58.5,17.63,84.21,5.577,153.75,0.5156,0.02145,0.006269,2.122,1.467,2.061,1.366,3.625,155.81,12.5,0.8246,1.559,0.5557,2.21,404.31,0.9458,47.32,0.7019,11.04,2.273e-05,0.1999,2.742,1.159,2.121,0.1888,7.847,0.4741,7.857
2022-04-12T06:58:56,39914.56,3004.75,102.01,0.2348,15.29,58.5,17.64,84.24,5.578,153.79,0.5152,0.02144,0.006269,2.122,1.467,2.062,1.367,3.625,155.92,12.5,0.8246,1.559,0.5557,2.211,404.41,0.9461,47.36,0.7019,11.04,2.274e-05,0.1999,2.744,1.159,2.121,0.1889,7.85,0.4743,7.856
2022-04-12T06:59:26,39923.82,3005.8,102.12,0.2346,15.29,58.5,17.65,84.3,5.596,153.96,0.5169,0.02149,0.006271,2.122,1.467,2.061,1.368,3.635,155.99,12.5,0.815,1.559,0.5557,2.212,404.55,0.9468,47.37,0.7023,11.04,2.274e-05,0.2002,2.745,1.161,2.123,0.189,7.859,0.4743,7.86
2022-04-12T06:59:56,39926.52,3005.36,102.12,0.2346,15.29,58.5,17.65,84.35,5.59,154.02,0.5174,0.02148,0.006271,2.122,1.467,2.061,1.368,3.633,155.99,12.5,0.815,1.562,0.5557,2.213,404.75,0.9466,47.37,0.7024,11.04,2.274e-05,0.2002,2.746,1.161,2.123,0.189,7.858,0.4743,7.861
2022-04-12T07:00:26,39923.89,3005.7,102.15,0.2345,15.27,58.5,17.65,84.47,5.593,153.89,0.5174,0.02148,0.006271,2.122,1.467,2.062,1.367,3.629,155.98,12.5,0.8143,1.562,0.5557,2.213,404.77,0.9466,47.35,0.7022,11.04,2.275e-05,0.2002,2.743,1.16,2.122,0.1889,7.854,0.4743,7.861
2022-04-12T07:00:56,39912.73,3004.9,102.04,0.2344,15.27,58.5,17.64,84.52,5.6,153.92,0.5154,0.02147,0.006271,2.122,1.467,2.061,1.367,3.63,155.94,12.5,0.8189,1.562,0.5557,2.212,404.74,0.9466,47.34,0.7021,11.04,2.276e-05,0.2001,2.742,1.16,2.123,0.1889,7.856,0.4744,7.867
2022-04-12T07:01:26,39934.21,3006.21,102.14,0.2346,15.27,58.5,17.65,84.54,5.597,153.94,0.5154,0.02148,0.006271,2.122,1.466,2.062,1.367,3.637,156.08,12.5,0.8296,1.563,0.5557,2.213,404.81,0.9475,47.36,0.7024,11.04,2.277e-05,0.2003,2.741,1.162,2.124,0.189,7.863,0.4744,7.863
2022-04-12T07:01:56,39916.9,3003.55,102,0.2344,15.27,58.5,17.64,84.54,5.595,153.85,0.5154,0.02147,0.006271,2.122,1.466,2.061,1.367,3.627,156.1,12.5,0.8296,1.556,0.5557,2.212,404.63,0.9465,47.36,0.702,11.04,2.275e-05,0.1999,2.738,1.161,2.123,0.189,7.859,0.4737,7.862
2022-04-12T07:02:26,39944.68,3005.85,102.13,0.2345,15.27,58.5,17.65,84.56,5.595,154.05,0.5154,0.02147,0.006262,2.121,1.467,2.062,1.368,3.625,156.18,12.5,0.8296,1.556,0.5557,2.213,404.83,0.947,47.4,0.7023,11.04,2.277e-05,0.1999,2.741,1.162,2.124,0.189,7.862,0.4743,7.862
2022-04-12T07:02:56,39924.96,3004.47,102.03,0.2345,15.27,58.5,17.64,84.47,5.596,154,0.5154,0.02148,0.006262,2.121,1.467,2.063,1.367,3.632,156.04,12.5,0.8296,1.556,0.5557,2.212,404.7,0.9461,47.45,0.7022,11.04,2.278e-05,0.2,2.74,1.16,2.123,0.189,7.86,0.474,7.863
2022-04-12T07:03:26,39889.73,3002.09,101.88,0.2341,15.3,58.5,17.63,84.34,5.591,153.88,0.5158,0.02146,0.006259,2.121,1.467,2.061,1.366,3.631,155.97,12.49,0.8296,1.556,0.5557,2.21,404.42,0.9445,47.4,0.7017,11.04,2.275e-05,0.1997,2.735,1.159,2.122,0.1889,7.851,0.4739,7.856
2022-04-12T07:03:56,39892.7,3002.44,101.93,0.2339,15.28,58.5,17.62,84.29,5.589,153.89,0.5158,0.02145,0.006258,2.121,1.466,2.061,1.365,3.631,155.93,12.49,0.8385,1.554,0.5557,2.209,404.23,0.9447,47.39,0.7017,11.04,2.273e-05,0.1996,2.735,1.159,2.121,0.1888,7.849,0.4738,7.852
2022-04-12T07:04:26,39889.22,3002.52,101.94,0.234,15.28,58.5,17.61,84.25,5.585,153.9,0.5146,0.02145,0.006254,2.121,1.464,2.062,1.365,3.618,155.91,12.49,0.8385,1.554,0.5557,2.209,404.11,0.9444,47.35,0.7012,11.01,2.274e-05,0.1996,2.735,1.157,2.121,0.1888,7.837,0.4733,7.851
2022-04-12T07:04:56,39892.57,3002.34,101.92,0.2341,15.28,58.6,17.62,84.22,5.584,153.9,0.5151,0.02146,0.006254,2.121,1.466,2.057,1.365,3.618,155.94,12.49,0.8385,1.554,0.5557,2.209,404.17,0.9446,47.34,0.7012,11.01,2.274e-05,0.1996,2.735,1.158,2.121,0.1888,7.824,0.4732,7.851
2022-04-12T07:05:26,39883.39,3001.24,101.91,0.2338,15.28,58.6,17.61,84.21,5.581,153.86,0.5122,0.02144,0.006254,2.121,1.467,2.057,1.364,3.618,155.79,12.49,0.8385,1.515,0.5557,2.209,404.21,0.9441,47.31,0.701,11.01,2.273e-05,0.1995,2.734,1.157,2.12,0.1887,7.818,0.4729,7.851
2022-04-12T07:05:56,39880.94,3000.44,101.9,0.2338,15.28,58.6,17.62,84.2,5.582,153.9,0.5119,0.02145,0.006254,2.121,1.466,2.057,1.365,3.624,155.86,12.49,0.8385,1.513,0.5557,2.208,404.15,0.9444,47.3,0.701,11.01,2.272e-05,0.1994,2.731,1.157,2.119,0.1887,7.82,0.4727,7.844
2022-04-12T07:06:26,39881.46,3000.46,101.82,0.2339,15.28,58.6,17.62,84.26,5.58,153.91,0.5112,0.02146,0.006254,2.121,1.466,2.057,1.365,3.622,155.86,12.49,0.8385,1.516,0.5557,2.208,404.12,0.9444,47.31,0.7008,11.01,2.272e-05,0.1996,2.732,1.157,2.12,0.1888,7.822,0.4727,7.844
2022-04-12T07:06:56,39873.01,2999.98,101.76,0.2337,15.28,58.5,17.61,84.21,5.582,153.83,0.5111,0.02144,0.006254,2.121,1.466,2.057,1.365,3.622,155.65,12.49,0.8385,1.517,0.5557,2.207,403.93,0.9439,47.3,0.7008,11.01,2.271e-05,0.1996,2.731,1.156,2.12,0.1888,7.816,0.4728,7.843
2022-04-12T07:07:26,39887.87,2999.14,102.02,0.234,15.28,58.6,17.62,84.28,5.579,153.95,0.511,0.02146,0.006264,2.122,1.467,2.065,1.365,3.63,155.67,12.49,0.8385,1.522,0.5557,2.208,404.21,0.9444,47.27,0.7009,11.01,2.273e-05,0.1995,2.734,1.157,2.12,0.1888,7.813,0.4727,7.848
2022-04-12T07:07:56,39906.8,3000.47,102.05,0.2342,15.28,58.6,17.63,84.25,5.589,154.14,0.511,0.02148,0.006274,2.122,1.468,2.066,1.365,3.634,155.78,12.49,0.8332,1.522,0.5557,2.21,404.36,0.9447,47.31,0.7014,11.01,2.274e-05,0.1997,2.734,1.157,2.121,0.189,7.814,0.473,7.851
2022-04-12T07:08:26,39925.12,3001.95,101.97,0.2342,15.28,58.6,17.62,84.27,5.581,154.12,0.5138,0.02148,0.006274,2.122,1.469,2.067,1.366,3.637,155.8,12.52,0.8332,1.519,0.5557,2.21,404.41,0.9458,47.34,0.7012,11.01,2.275e-05,0.1996,2.735,1.158,2.122,0.1889,7.817,0.473,7.857
2022-04-12T07:08:56,39934.52,3003.33,101.98,0.2342,15.28,58.6,17.63,84.27,5.585,154.11,0.5142,0.02143,0.006274,2.122,1.469,2.068,1.366,3.642,155.82,12.52,0.8332,1.516,0.5557,2.209,404.38,0.9459,47.35,0.7012,11.05,2.275e-05,0.1997,2.735,1.158,2.122,0.189,7.826,0.473,7.852
2022-04-12T07:09:26,39933.49,3002.78,101.98,0.2342,15.28,58.6,17.62,84.25,5.583,154.04,0.5142,0.02143,0.006274,2.122,1.469,2.068,1.366,3.642,155.81,12.5,0.8332,1.518,0.5557,2.209,404.3,0.9453,47.3,0.7008,11.07,2.275e-05,0.1997,2.735,1.157,2.122,0.189,7.817,0.473,7.853
2022-04-12T07:09:56,39943.57,3003.43,102.06,0.2343,15.28,58.5,17.63,84.26,5.584,154.15,0.5142,0.02141,0.006274,2.122,1.47,2.068,1.367,3.644,155.92,12.5,0.8332,1.517,0.5557,2.21,404.5,0.9456,47.29,0.7011,11.07,2.274e-05,0.1997,2.737,1.157,2.122,0.189,7.825,0.4735,7.857
2022-04-12T07:10:26,39943.99,3003.01,102.07,0.2344,15.28,58.5,17.63,84.28,5.584,154.17,0.5133,0.02144,0.006273,2.122,1.469,2.063,1.367,3.644,155.95,12.5,0.8332,1.519,0.5557,2.211,404.53,0.946,47.29,0.7014,11.07,2.273e-05,0.1998,2.737,1.157,2.123,0.189,7.829,0.4735,7.859
2022-04-12T07:10:56,39951.59,3004.4,102.07,0.235,15.28,58.5,17.64,84.33,5.589,154.36,0.5132,0.02145,0.006273,2.122,1.469,2.063,1.368,3.645,156.02,12.5,0.8312,1.518,0.5557,2.213,404.97,0.9462,47.31,0.7016,11.07,2.274e-05,0.2003,2.74,1.158,2.125,0.1891,7.839,0.474,7.862
2022-04-12T07:11:26,39966.47,3005.11,102.07,0.2351,15.28,58.6,17.65,84.39,5.597,154.33,0.5135,0.02147,0.006286,2.122,1.469,2.065,1.368,3.645,156.09,12.5,0.8313,1.52,0.5557,2.214,405.21,0.9468,47.32,0.7017,11.07,2.274e-05,0.2003,2.741,1.158,2.125,0.1891,7.843,0.4741,7.872
2022-04-12T07:11:56,39980.75,3007.04,102.09,0.2353,15.28,59,17.65,84.43,5.6,154.5,0.5135,0.02146,0.006294,2.122,1.471,2.065,1.368,3.652,156.68,12.5,0.8313,1.525,0.5557,2.215,405.37,0.9477,47.38,0.7021,11.07,2.276e-05,0.2006,2.742,1.159,2.126,0.1891,7.853,0.4746,7.879
2022-04-12T07:12:26,39959.5,3006.01,102.08,0.2353,15.28,59,17.65,84.42,5.597,154.44,0.5154,0.02146,0.006294,2.12,1.471,2.064,1.368,3.652,156.45,12.5,0.8313,1.526,0.5557,2.213,405.42,0.9475,47.37,0.7021,11.07,2.276e-05,0.2006,2.74,1.158,2.126,0.1892,7.853,0.4745,7.877
2022-04-12T07:12:56,39985.16,3008.05,102.15,0.2355,15.28,59,17.65,84.42,5.602,154.51,0.5142,0.02149,0.006295,2.12,1.472,2.068,1.368,3.659,156.66,12.5,0.8313,1.528,0.5557,2.212,405.5,0.9471,47.42,0.7021,11.07,2.279e-05,0.2006,2.742,1.158,2.127,0.1891,7.855,0.4747,7.884
2022-04-12T07:13:26,39950.03,3006.52,102.02,0.2355,15.29,58.9,17.64,84.32,5.584,154.39,0.5158,0.02146,0.006295,2.119,1.472,2.067,1.367,3.659,156.54,12.5,0.8313,1.526,0.5557,2.21,405.37,0.9459,47.4,0.7021,11.07,2.277e-05,0.2004,2.74,1.158,2.126,0.1892,7.851,0.4743,7.877
2022-04-12T07:13:56,39949.55,3006.94,102.07,0.2354,15.29,58.9,17.64,84.3,5.592,154.38,0.5158,0.02148,0.006295,2.119,1.471,2.072,1.367,3.659,156.59,12.5,0.8313,1.527,0.5557,2.211,405.26,0.9459,47.39,0.7017,11.07,2.277e-05,0.2004,2.741,1.158,2.126,0.1891,7.856,0.4745,7.876
2022-04-12T07:14:26,39990.44,3008.79,102.09,0.2355,15.29,59.1,17.65,84.37,5.596,154.64,0.5158,0.02151,0.006295,2.122,1.471,2.074,1.367,3.679,156.82,12.5,0.8341,1.527,0.5557,2.213,405.45,0.9463,47.39,0.7024,11.07,2.281e-05,0.2004,2.743,1.158,2.128,0.1892,7.852,0.4748,7.883
2022-04-12T07:14:56,40026.56,3010.11,102.1,0.2359,15.29,59,17.67,84.43,5.608,154.75,0.5159,0.02154,0.006295,2.122,1.475,2.076,1.369,3.67,156.77,12.5,0.8341,1.527,0.5557,2.216,405.81,0.9474,47.46,0.7028,11.07,2.281e-05,0.2009,2.745,1.158,2.131,0.1892,7.856,0.4751,7.88
2022-04-12T07:15:26,40011.92,3008.32,102.29,0.2358,15.29,59,17.66,84.51,5.602,154.71,0.5159,0.02152,0.006295,2.122,1.475,2.072,1.369,3.673,156.69,12.51,0.8341,1.531,0.5557,2.216,405.79,0.947,47.49,0.7025,11.07,2.282e-05,0.2009,2.748,1.16,2.13,0.1893,7.886,0.4751,7.889
2022-04-12T07:15:56,40011.79,3008.89,102.26,0.236,15.29,59,17.67,84.53,5.614,154.7,0.5159,0.0215,0.006309,2.122,1.475,2.072,1.369,3.67,156.77,12.51,0.8326,1.532,0.5557,2.216,405.84,0.947,47.49,0.7028,11.07,2.282e-05,0.201,2.748,1.16,2.13,0.1892,7.888,0.4758,7.884
2022-04-12T07:16:26,40014.4,3008.91,102.23,0.236,15.29,59,17.68,84.51,5.618,154.65,0.5156,0.0215,0.006309,2.122,1.475,2.073,1.368,3.67,156.79,12.51,0.8326,1.533,0.5557,2.216,405.75,0.9472,47.5,0.7031,11.07,2.282e-05,0.2008,2.747,1.16,2.13,0.1892,7.893,0.4759,7.887
2022-04-12T07:16:56,40013.8,3009.08,102.24,0.2358,15.32,59,17.68,84.52,5.619,154.7,0.5148,0.02148,0.00633,2.122,1.475,2.073,1.369,3.67,156.79,12.51,0.8326,1.533,0.5557,2.216,405.91,0.9469,47.51,0.7036,11.07,2.283e-05,0.2008,2.747,1.161,2.131,0.1892,7.897,0.4761,7.888
2022-04-12T07:17:26,40026.3,3010.68,102.34,0.236,15.32,59.1,17.68,84.54,5.625,154.69,0.5148,0.02151,0.00633,2.124,1.476,2.073,1.37,3.673,156.75,12.51,0.8326,1.533,0.5557,2.217,406.09,0.9481,47.53,0.7037,11.07,2.284e-05,0.2011,2.748,1.161,2.132,0.1893,7.9,0.4761,7.888
2022-04-12T07:17:56,40020.23,3009.36,102.22,0.2359,15.32,59,17.67,84.56,5.622,154.71,0.517,0.0215,0.00633,2.124,1.476,2.073,1.369,3.673,156.7,12.51,0.8326,1.531,0.5557,2.216,405.87,0.9475,47.55,0.7036,11.07,2.284e-05,0.201,2.746,1.16,2.132,0.1892,7.91,0.476,7.89
2022-04-12T07:18:26,39999.78,3009.38,102.16,0.2356,15.32,59,17.66,84.52,5.615,154.72,0.5171,0.02146,0.00633,2.124,1.475,2.072,1.368,3.665,156.64,12.51,0.8326,1.531,0.5557,2.214,405.92,0.9476,47.53,0.7033,11.07,2.285e-05,0.2008,2.745,1.16,2.131,0.1892,7.906,0.476,7.887
2022-04-12T07:18:56,39982.22,3007.25,102.08,0.2352,15.32,58.9,17.65,84.45,5.609,154.58,0.5169,0.02144,0.00633,2.124,1.474,2.071,1.368,3.656,156.56,12.51,0.8326,1.531,0.5557,2.215,405.68,0.9471,47.52,0.7031,11.07,2.284e-05,0.2005,2.743,1.159,2.13,0.1891,7.9,0.4757,7.872
2022-04-12T07:19:26,39987.08,3006.94,102.18,0.2351,15.32,58.9,17.65,84.44,5.597,154.55,0.5169,0.02145,0.006312,2.124,1.474,2.069,1.368,3.65,156.61,12.51,0.8326,1.531,0.5557,2.214,405.56,0.9474,47.54,0.7031,11.05,2.284e-05,0.2005,2.744,1.159,2.129,0.1891,7.906,0.4757,7.87
2022-04-12T07:19:56,40023.47,3009.72,102.29,0.2352,15.36,58.9,17.67,84.52,5.608,154.69,0.5168,0.02148,0.006312,2.124,1.474,2.07,1.37,3.666,156.75,12.51,0.8319,1.531,0.5557,2.218,405.86,0.9483,47.54,0.7037,11.05,2.286e-05,0.2009,2.747,1.161,2.132,0.1892,7.906,0.4763,7.871
2022-04-12T07:20:26,40064.9,3012.34,102.43,0.2359,15.36,58.9,17.7,84.61,5.614,154.8,0.5194,0.02153,0.006312,2.124,1.476,2.073,1.37,3.675,156.97,12.51,0.8319,1.535,0.5557,2.218,405.93,0.9497,47.56,0.704,11.05,2.287e-05,0.2011,2.75,1.163,2.135,0.1892,7.933,0.4764,7.885
2022-04-12T07:20:56,40074.22,3013.64,102.46,0.2359,15.34,58.9,17.71,84.65,5.615,155.1,0.5186,0.02151,0.006312,2.124,1.478,2.073,1.371,3.675,156.97,12.51,0.8319,1.535,0.5557,2.219,406.33,0.9499,47.62,0.7046,11.07,2.288e-05,0.2012,2.75,1.164,2.135,0.1894,7.938,0.4768,7.887
2022-04-12T07:21:26,40102.98,3014.59,102.47,0.2361,15.34,59.2,17.71,84.66,5.616,155.15,0.5186,0.02151,0.006312,2.124,1.48,2.075,1.371,3.677,156.97,12.51,0.8331,1.535,0.5557,2.219,406.46,0.9502,47.63,0.7048,11.06,2.288e-05,0.2011,2.752,1.164,2.135,0.1895,7.942,0.4767,7.887
2022-04-12T07:21:56,40093.72,3014.41,102.45,0.2362,15.34,59.2,17.71,84.69,5.616,155.09,0.5215,0.02149,0.006312,2.127,1.48,2.074,1.372,3.679,156.96,12.51,0.8331,1.536,0.5557,2.219,406.42,0.9505,47.63,0.7048,11.06,2.289e-05,0.201,2.751,1.164,2.135,0.1895,7.936,0.4767,7.89
2022-04-12T07:22:26,40072.84,3013.7,102.34,0.2362,15.34,59.2,17.7,84.65,5.613,155.12,0.5249,0.02149,0.006313,2.133,1.478,2.071,1.371,3.671,156.89,12.5,0.8331,1.535,0.5557,2.218,406.27,0.9499,47.62,0.7047,11.06,2.289e-05,0.201,2.749,1.164,2.135,0.1895,7.919,0.4768,7.887
2022-04-12T07:22:56,40103.11,3014.22,102.5,0.2361,15.34,59.3,17.71,84.75,5.621,155.21,0.5248,0.02148,0.0063,2.132,1.479,2.073,1.372,3.675,156.95,12.5,0.8331,1.535,0.5557,2.22,406.35,0.9507,47.65,0.7053,11.06,2.29e-05,0.2008,2.752,1.165,2.136,0.1895,7.917,0.4771,7.889
2022-04-12T07:23:26,40102.96,3015.08,102.65,0.2361,15.36,59.3,17.7,84.79,5.619,155.24,0.5248,0.0215,0.0063,2.138,1.479,2.075,1.372,3.671,156.95,12.5,0.8334,1.535,0.5557,2.22,406.47,0.9508,47.66,0.7052,11.06,2.291e-05,0.201,2.752,1.165,2.136,0.1895,7.921,0.477,7.896
2022-04-12T07:23:56,40099.8,3015.27,102.67,0.2361,15.36,59.4,17.7,84.78,5.618,155.19,0.5243,0.02151,0.0063,2.135,1.48,2.074,1.372,3.677,156.94,12.5,0.8334,1.538,0.5557,2.219,406.43,0.9508,47.66,0.7051,11.06,2.291e-05,0.201,2.752,1.164,2.136,0.1895,7.921,0.4771,7.895
2022-04-12T07:24:26,40114.49,3015.41,102.67,0.2357,15.36,59.4,17.71,84.76,5.614,155.19,0.5245,0.02151,0.0063,2.135,1.48,2.076,1.371,3.679,156.86,12.5,0.8334,1.538,0.5557,2.219,406.36,0.9508,47.66,0.7051,11.06,2.29e-05,0.2008,2.753,1.16,2.136,0.1895,7.913,0.477,7.896
2022-04-12T07:24:56,40113.89,3015.79,102.69,0.2355,15.36,59.3,17.71,84.76,5.622,155.09,0.5243,0.02154,0.0063,2.135,1.48,2.075,1.372,3.679,156.88,12.5,0.8334,1.539,0.5557,2.219,406.51,0.951,47.69,0.7051,11.06,2.291e-05,0.2009,2.754,1.159,2.136,0.1895,7.914,0.4769,7.897
2022-04-12T07:25:26,40109.82,3015.2,102.63,0.2355,15.36,59.3,17.71,84.73,5.62,155.1,0.5243,0.02153,0.0063,2.136,1.481,2.075,1.371,3.673,156.85,12.55,0.8327,1.539,0.5557,2.218,406.46,0.9514,47.7,0.7051,11.06,2.291e-05,0.2009,2.753,1.158,2.136,0.1895,7.911,0.4768,7.898
2022-04-12T07:25:56,40105.84,3015.36,102.63,0.2353,15.37,59.3,17.71,84.69,5.624,155.07,0.5238,0.02152,0.006313,2.136,1.481,2.077,1.371,3.676,156.84,12.55,0.8327,1.539,0.5557,2.219,406.48,0.9514,47.71,0.7053,11.06,2.291e-05,0.2008,2.752,1.157,2.136,0.1896,7.913,0.4768,7.892
2022-04-12T07:26:26,40120.13,3016.04,102.74,0.2355,15.37,59.4,17.71,84.71,5.613,155.12,0.5238,0.02153,0.006313,2.136,1.481,2.078,1.371,3.671,156.9,12.55,0.8327,1.539,0.5557,2.219,406.51,0.9517,47.71,0.7054,11.06,2.29e-05,0.201,2.752,1.158,2.137,0.1896,7.909,0.4768,7.899
2022-04-12T07:26:56,40113.85,3015.69,102.7,0.2354,15.38,59.3,17.71,84.67,5.618,155.04,0.5238,0.02153,0.006313,2.136,1.48,2.078,1.371,3.665,156.93,12.55,0.8327,1.537,0.5557,2.219,406.45,0.9515,47.69,0.7052,11.06,2.29e-05,0.2009,2.753,1.159,2.136,0.1895,7.913,0.4766,7.898
2022-04-12T07:27:26,40138.23,3016.56,102.73,0.2358,15.38,59.3,17.71,84.74,5.609,155.21,0.5238,0.02153,0.006313,2.136,1.481,2.076,1.372,3.679,156.93,12.55,0.8332,1.541,0.5557,2.22,406.68,0.9517,47.74,0.7054,11.06,2.292e-05,0.2011,2.756,1.16,2.138,0.1896,7.915,0.4769,7.905
2022-04-12T07:27:56,40152.72,3017.06,102.75,0.2357,15.38,59.3,17.73,84.84,5.618,155.25,0.5238,0.02154,0.006313,2.135,1.482,2.077,1.372,3.684,157.03,12.55,0.8332,1.541,0.5557,2.221,406.78,0.9518,47.78,0.7055,11.06,2.292e-05,0.201,2.756,1.161,2.138,0.1896,7.92,0.477,7.914
2022-04-12T07:28:26,40153.81,3019.42,102.91,0.2358,15.38,59.4,17.74,84.88,5.621,155.19,0.5246,0.02151,0.006313,2.137,1.484,2.077,1.373,3.681,157.03,12.55,0.8332,1.54,0.5557,2.223,406.94,0.953,47.82,0.7058,11.09,2.293e-05,0.2012,2.758,1.162,2.14,0.1897,7.922,0.4771,7.909
2022-04-12T07:28:56,40148.61,3018.59,102.74,0.2359,15.38,59.4,17.73,84.86,5.609,155.03,0.5264,0.02149,0.006322,2.137,1.483,2.074,1.372,3.681,157.02,12.55,0.8332,1.541,0.5557,2.221,406.91,0.9525,47.82,0.7059,11.09,2.291e-05,0.2009,2.757,1.162,2.139,0.1896,7.916,0.4769,7.91
2022-04-12T07:29:26,40146.88,3018.1,102.74,0.2356,15.38,59.3,17.72,84.85,5.614,154.99,0.5265,0.02151,0.006324,2.137,1.482,2.074,1.372,3.683,157.02,12.55,0.8332,1.539,0.5557,2.22,406.92,0.9527,47.81,0.7059,11.09,2.29e-05,0.2009,2.757,1.161,2.138,0.1896,7.903,0.4769,7.911
2022-04-12T07:29:56,40151.91,3018.78,102.75,0.2357,15.38,59.3,17.72,84.86,5.615,155.04,0.5266,0.02149,0.006326,2.137,1.482,2.077,1.372,3.68,157.06,12.55,0.8332,1.539,0.5557,2.221,406.99,0.9527,47.8,0.7059,11.09,2.29e-05,0.2011,2.758,1.161,2.139,0.1898,7.903,0.4769,7.913
2022-04-12T07:30:26,40159.18,3018.36,102.74,0.2358,15.38,59.4,17.73,84.87,5.615,155.05,0.5279,0.0215,0.006326,2.142,1.482,2.075,1.373,3.68,157.07,12.55,0.8323,1.538,0.5557,2.222,407.16,0.9529,47.8,0.7061,11.09,2.291e-05,0.2011,2.759,1.161,2.139,0.1897,7.902,0.477,7.918
2022-04-12T07:30:56,40157.46,3018.42,102.67,0.2358,15.38,59.4,17.72,84.9,5.619,155.12,0.5273,0.02151,0.006326,2.143,1.483,2.075,1.372,3.678,157.04,12.55,0.8323,1.541,0.5557,2.221,407.12,0.9524,47.72,0.706,11.09,2.291e-05,0.2009,2.757,1.162,2.138,0.1897,7.908,0.4768,7.912
2022-04-12T07:31:26,40124.26,3016.35,102.57,0.2357,15.38,59.2,17.72,84.82,5.607,155.04,0.5273,0.0215,0.006326,2.14,1.481,2.073,1.37,3.676,156.92,12.55,0.8323,1.54,0.5557,2.219,406.82,0.9518,47.65,0.7056,11.09,2.288e-05,0.2007,2.754,1.16,2.136,0.1897,7.901,0.4768,7.911
2022-04-12T07:31:56,40111.94,3015.34,102.55,0.2357,15.38,59.2,17.71,84.79,5.607,155.02,0.5268,0.02146,0.006326,2.14,1.481,2.073,1.37,3.667,156.9,12.55,0.8318,1.54,0.5557,2.219,406.62,0.9515,47.62,0.7049,11.09,2.288e-05,0.2007,2.752,1.159,2.136,0.1896,7.892,0.4765,7.913
2022-04-12T07:32:26,40109.97,3015.29,102.45,0.2353,15.38,59.2,17.71,84.78,5.604,154.99,0.5264,0.02148,0.006326,2.14,1.481,2.072,1.37,3.67,156.86,12.56,0.8318,1.54,0.5557,2.219,406.64,0.9514,47.6,0.7041,11.07,2.288e-05,0.2007,2.751,1.159,2.135,0.1896,7.892,0.4761,7.915
2022-04-12T07:32:56,40106.88,3015.24,102.44,0.2352,15.39,59.2,17.71,84.77,5.605,154.94,0.5268,0.02148,0.006313,2.14,1.48,2.072,1.371,3.67,156.67,12.56,0.8314,1.528,0.5557,2.219,406.67,0.9511,47.54,0.7039,11.07,2.288e-05,0.2004,2.75,1.159,2.135,0.1896,7.883,0.4755,7.916
2022-04-12T07:33:26,40094.89,3014.93,102.44,0.2352,15.36,59.2,17.69,84.78,5.613,154.88,0.5269,0.02145,0.006327,2.14,1.481,2.074,1.37,3.669,156.78,12.56,0.8314,1.532,0.5557,2.218,406.67,0.9508,47.52,0.7033,11.06,2.287e-05,0.2003,2.749,1.159,2.134,0.1896,7.883,0.4757,7.916
2022-04-12T07:33:56,40118.82,3015.76,102.52,0.2354,15.36,59.3,17.7,84.83,5.608,154.92,0.5273,0.02148,0.0063,2.14,1.479,2.075,1.371,3.67,156.8,12.56,0.8314,1.533,0.5557,2.22,406.78,0.9513,47.54,0.7037,11.06,2.288e-05,0.2005,2.749,1.159,2.135,0.1897,7.883,0.4757,7.916
2022-04-12T07:34:26,40115.81,3015.74,102.55,0.2353,15.36,59.3,17.7,84.86,5.609,155.02,0.5269,0.0215,0.0063,2.142,1.479,2.075,1.372,3.681,156.81,12.56,0.8314,1.533,0.5557,2.22,406.76,0.9516,47.58,0.7038,11.06,2.288e-05,0.2005,2.75,1.16,2.135,0.1897,7.881,0.4759,7.918
2022-04-12T07:34:56,40124.88,3016.18,102.55,0.2353,15.36,59.3,17.7,84.86,5.615,155.09,0.527,0.02147,0.0063,2.142,1.479,2.076,1.372,3.683,156.78,12.56,0.8314,1.533,0.5557,2.219,406.84,0.9514,47.59,0.7037,11.06,2.288e-05,0.2005,2.75,1.159,2.135,0.1897,7.879,0.4762,7.924
2022-04-12T07:35:26,40117.62,3015.26,102.49,0.2351,15.36,59.1,17.7,84.85,5.606,155.05,0.527,0.02147,0.0063,2.142,1.479,2.072,1.372,3.679,156.78,12.56,0.8314,1.533,0.5557,2.219,406.87,0.9516,47.61,0.7035,11.06,2.286e-05,0.2004,2.748,1.159,2.135,0.1896,7.879,0.4761,7.927
2022-04-12T07:35:56,40115.07,3015.47,102.49,0.2351,15.32,59.2,17.69,84.82,5.602,154.92,0.5277,0.02149,0.0063,2.142,1.481,2.072,1.37,3.682,156.78,12.56,0.8269,1.539,0.5557,2.219,406.87,0.9512,47.57,0.7036,11.06,2.287e-05,0.2004,2.748,1.159,2.135,0.1896,7.875,0.476,7.926
2022-04-12T07:36:26,40115.8,3015.37,102.5,0.2351,15.32,59.1,17.7,84.83,5.6,154.93,0.5277,0.02149,0.0063,2.142,1.481,2.072,1.371,3.684,156.74,12.56,0.8269,1.542,0.5557,2.219,406.75,0.9516,47.51,0.7038,11.06,2.283e-05,0.2004,2.748,1.159,2.135,0.1896,7.873,0.4761,7.926
2022-04-12T07:36:56,40117.67,3015.72,102.51,0.2351,15.31,59.1,17.7,84.8,5.606,154.91,0.5277,0.02149,0.0063,2.142,1.483,2.072,1.371,3.687,156.78,12.56,0.8269,1.543,0.5557,2.219,406.69,0.9512,47.47,0.7038,11.06,2.281e-05,0.2004,2.749,1.159,2.135,0.1899,7.867,0.4762,7.926
2022-04-12T07:37:26,40125.68,3016.26,102.51,0.2351,15.32,59.1,17.71,84.79,5.595,154.97,0.5277,0.0215,0.0063,2.142,1.482,2.072,1.371,3.684,156.81,12.56,0.826,1.543,0.5557,2.22,406.71,0.9518,47.47,0.704,11.06,2.282e-05,0.2004,2.75,1.159,2.135,0.19,7.87,0.4764,7.926
2022-04-12T07:37:56,40108.3,3014.64,102.44,0.2351,15.32,59.2,17.7,84.78,5.594,154.93,0.5277,0.02148,0.0063,2.141,1.482,2.071,1.371,3.686,156.8,12.56,0.826,1.543,0.5557,2.219,406.71,0.951,47.42,0.7036,11.06,2.282e-05,0.2005,2.748,1.159,2.135,0.1901,7.868,0.4763,7.93
2022-04-12T07:38:26,40101.51,3014.87,102.43,0.235,15.32,59.1,17.7,84.78,5.59,154.87,0.526,0.02146,0.0063,2.14,1.482,2.07,1.37,3.689,156.76,12.56,0.8235,1.541,0.5557,2.218,406.51,0.9509,47.4,0.7032,11.06,2.282e-05,0.2005,2.748,1.159,2.133,0.19,7.867,0.4758,7.928
2022-04-12T07:38:56,40093.63,3013.89,102.31,0.2346,15.32,59.2,17.69,84.72,5.586,154.81,0.526,0.02145,0.0063,2.14,1.482,2.07,1.37,3.684,156.6,12.56,0.8235,1.535,0.5557,2.215,406.29,0.9498,47.38,0.7026,11.06,2.281e-05,0.2001,2.746,1.158,2.131,0.1899,7.856,0.4759,7.929
2022-04-12T07:39:26,40092.54,3014.05,102.34,0.2345,15.32,59.2,17.69,84.64,5.584,154.88,0.5258,0.02145,0.006316,2.14,1.482,2.07,1.369,3.683,156.71,12.56,0.8235,1.535,0.5557,2.215,406.35,0.9495,47.4,0.7025,11.06,2.281e-05,0.2001,2.745,1.158,2.131,0.19,7.852,0.4756,7.927
2022-04-12T07:39:56,40095.87,3014.76,102.4,0.2348,15.29,59.2,17.69,84.62,5.585,154.87,0.5261,0.02147,0.006316,2.14,1.482,2.07,1.369,3.675,156.75,12.56,0.8235,1.539,0.563,2.216,406.35,0.9496,47.43,0.7025,11.07,2.282e-05,0.2001,2.746,1.158,2.132,0.19,7.864,0.4757,7.927
2022-04-12T07:40:26,40096.51,3014.45,102.43,0.2349,15.29,59,17.7,84.63,5.581,154.87,0.5256,0.02151,0.006316,2.14,1.482,2.069,1.369,3.672,156.69,12.56,0.8235,1.539,0.563,2.217,406.22,0.9497,47.43,0.7028,11.07,2.282e-05,0.2001,2.747,1.158,2.131,0.19,7.87,0.4758,7.926
2022-04-12T07:40:56,40108.26,3014.93,102.53,0.235,15.31,59.1,17.71,84.73,5.596,155.01,0.5256,0.02152,0.006316,2.141,1.482,2.069,1.371,3.662,156.82,12.56,0.8235,1.542,0.563,2.218,406.48,0.9499,47.46,0.7029,11.07,2.282e-05,0.2001,2.749,1.159,2.132,0.19,7.874,0.4761,7.928
2022-04-12T07:41:26,40109.81,3014.92,102.57,0.2349,15.31,59.1,17.71,84.77,5.588,155.04,0.5264,0.02153,0.006316,2.141,1.482,2.069,1.371,3.671,156.83,12.56,0.8235,1.542,0.563,2.219,406.58,0.9502,47.49,0.7029,11.07,2.28e-05,0.2001,2.75,1.159,2.133,0.1901,7.877,0.4762,7.93
2022-04-12T07:41:56,40107.07,3014.42,102.5,0.2349,15.31,59.1,17.7,84.72,5.589,155.03,0.5269,0.0215,0.006316,2.141,1.482,2.069,1.37,3.672,156.79,12.56,0.8235,1.542,0.563,2.217,406.47,0.9495,47.45,0.7028,11.07,2.279e-05,0.2001,2.748,1.158,2.132,0.1901,7.878,0.4765,7.934
2022-04-12T07:42:26,40096.75,3013.81,102.48,0.2349,15.31,59,17.7,84.73,5.588,154.98,0.5262,0.02147,0.006321,2.141,1.482,2.069,1.37,3.678,156.74,12.56,0.8235,1.541,0.563,2.217,406.22,0.9497,47.41,0.7024,11.07,2.277e-05,0.2002,2.747,1.158,2.131,0.19,7.877,0.4763,7.935
2022-04-12T07:42:56,40117.92,3015.34,102.65,0.2349,15.31,59.1,17.7,84.78,5.591,155.07,0.5262,0.02151,0.006321,2.141,1.482,2.07,1.371,3.679,156.87,12.53,0.8235,1.542,0.563,2.22,406.6,0.9506,47.39,0.7028,11.07,2.275e-05,0.2004,2.748,1.159,2.133,0.1901,7.872,0.4768,7.937
2022-04-12T07:43:26,40124.96,3015.56,102.62,0.2351,15.24,59.1,17.71,84.81,5.595,155.08,0.5266,0.0215,0.006321,2.141,1.482,2.07,1.372,3.679,156.9,12.53,0.8235,1.543,0.563,2.22,406.65,0.9507,47.4,0.7031,11.07,2.275e-05,0.2004,2.749,1.159,2.135,0.1902,7.875,0.4769,7.939
2022-04-12T07:43:56,40113.96,3015.66,102.63,0.235,15.24,59.1,17.71,84.87,5.592,155.04,0.5266,0.0215,0.006321,2.141,1.482,2.069,1.371,3.677,156.91,12.53,0.8229,1.543,0.563,2.218,406.61,0.9506,47.36,0.703,11.07,2.276e-05,0.2004,2.75,1.16,2.134,0.1901,7.873,0.4766,7.934
2022-04-12T07:44:26,40106.84,3014.96,102.49,0.2348,15.24,59.1,17.71,84.84,5.592,155.04,0.5267,0.02148,0.006321,2.141,1.482,2.072,1.37,3.673,156.82,12.53,0.8229,1.541,0.563,2.218,406.52,0.9495,47.33,0.7028,11.07,2.272e-05,0.2003,2.749,1.158,2.133,0.1902,7.866,0.4762,7.937
2022-04-12T07:44:56,40102.7,3014.39,102.45,0.2347,15.24,59,17.7,84.74,5.588,155.02,0.5267,0.02146,0.006321,2.141,1.482,2.071,1.37,3.674,156.75,12.53,0.8229,1.541,0.563,2.218,406.51,0.9495,47.33,0.7027,11.07,2.272e-05,0.2003,2.749,1.158,2.133,0.1901,7.863,0.476,7.932
2022-04-12T07:45:26,40121.28,3015.78,102.55,0.235,15.24,59,17.7,84.72,5.591,155.04,0.5267,0.02153,0.006321,2.14,1.482,2.072,1.371,3.674,156.73,12.53,0.8222,1.541,0.563,2.22,406.54,0.9507,47.31,0.7031,11.07,2.274e-05,0.2003,2.751,1.159,2.133,0.1903,7.873,0.4761,7.932
2022-04-12T07:45:56,40110.91,3014.62,102.46,0.2349,15.24,59,17.7,84.67,5.584,155.01,0.5267,0.02151,0.006321,2.14,1.482,2.072,1.37,3.674,156.7,12.53,0.8223,1.541,0.563,2.218,406.46,0.9501,47.3,0.7028,11.07,2.274e-05,0.2003,2.75,1.158,2.133,0.1902,7.87,0.476,7.936
2022-04-12T07:46:26,40136.99,3016.62,102.61,0.2351,15.24,59,17.71,84.63,5.601,155.07,0.5278,0.02151,0.006321,2.14,1.483,2.073,1.371,3.677,156.69,12.53,0.8192,1.541,0.563,2.219,406.53,0.9512,47.31,0.7033,11.07,2.276e-05,0.2003,2.752,1.159,2.134,0.1903,7.879,0.4765,7.936
2022-04-12T07:46:56,40140.39,3017.05,102.66,0.2352,15.24,59,17.72,84.64,5.605,155.11,0.5278,0.02152,0.006328,2.14,1.485,2.074,1.371,3.676,156.75,12.53,0.8192,1.545,0.563,2.219,406.67,0.9515,47.4,0.7032,11.07,2.277e-05,0.2003,2.753,1.16,2.135,0.1902,7.882,0.4765,7.943
2022-04-12T07:47:26,40152.89,3018.56,102.76,0.2353,15.24,59,17.72,84.7,5.601,155.09,0.5277,0.02154,0.006328,2.14,1.485,2.075,1.372,3.677,156.84,12.53,0.8274,1.545,0.563,2.221,406.84,0.9519,47.45,0.7034,11.07,2.279e-05,0.2003,2.755,1.16,2.136,0.1903,7.883,0.4765,7.941
2022-04-12T07:47:56,40149.18,3018.73,102.72,0.2354,15.24,59.1,17.72,84.68,5.597,155.09,0.5268,0.02153,0.006328,2.14,1.485,2.077,1.372,3.677,156.82,12.57,0.8288,1.546,0.563,2.22,407.02,0.9516,47.45,0.7033,11.07,2.274e-05,0.2003,2.755,1.16,2.136,0.1903,7.895,0.476,7.946
2022-04-12T07:48:26,40146.6,3018.02,102.68,0.2353,15.31,59.1,17.71,84.66,5.595,155.12,0.5269,0.02153,0.006328,2.14,1.485,2.077,1.372,3.677,156.81,12.57,0.8288,1.548,0.5632,2.22,406.96,0.9513,47.43,0.7033,11.07,2.275e-05,0.2007,2.755,1.16,2.136,0.1903,7.898,0.4757,7.946
2022-04-12T07:48:56,40138.08,3018.38,102.67,0.2352,15.31,59,17.71,84.64,5.595,155.13,0.5269,0.02153,0.006328,2.14,1.485,2.077,1.372,3.672,156.8,12.53,0.8288,1.546,0.5632,2.22,406.88,0.9512,47.42,0.7034,11.07,2.274e-05,0.2007,2.753,1.16,2.136,0.1903,7.892,0.4758,7.947
2022-04-12T07:49:26,40141.9,3018.58,102.65,0.2353,15.31,59.1,17.71,84.63,5.588,155.11,0.5269,0.02152,0.006328,2.14,1.485,2.077,1.372,3.663,156.77,12.53,0.8244,1.548,0.5632,2.22,406.95,0.9512,47.44,0.7035,11.07,2.274e-05,0.2007,2.754,1.16,2.135,0.1903,7.891,0.4755,7.949
2022-04-12T07:49:56,40145.56,3019.04,102.66,0.2353,15.31,59,17.71,84.63,5.587,155.2,0.5269,0.02153,0.006328,2.14,1.485,2.069,1.372,3.664,156.77,12.53,0.8244,1.548,0.5632,2.22,407.02,0.9513,47.5,0.7038,11.07,2.276e-05,0.2005,2.754,1.16,2.135,0.1902,7.895,0.4755,7.948
2022-04-12T07:50:26,40145.04,3019.92,102.72,0.2355,15.31,59,17.71,84.63,5.589,155.19,0.5269,0.02154,0.006328,2.139,1.485,2.066,1.372,3.664,156.77,12.53,0.8244,1.548,0.5632,2.22,407.05,0.9515,47.58,0.7041,11.07,2.276e-05,0.2005,2.754,1.16,2.135,0.1903,7.898,0.4754,7.952
2022-04-12T07:50:56,40140.27,3019.84,102.71,0.2355,15.31,59,17.71,84.65,5.593,155.21,0.5269,0.02153,0.006328,2.132,1.484,2.066,1.372,3.664,156.77,12.53,0.8244,1.549,0.5632,2.221,407.11,0.9514,47.59,0.7042,11.06,2.276e-05,0.2005,2.753,1.16,2.135,0.1903,7.897,0.4755,7.953
2022-04-12T07:51:26,40145.67,3020.23,102.7,0.2355,15.18,59.1,17.71,84.64,5.586,155.22,0.5269,0.02153,0.006338,2.132,1.485,2.063,1.373,3.67,156.75,12.53,0.8244,1.549,0.5632,2.221,407.17,0.9519,47.59,0.7045,11.06,2.276e-05,0.2005,2.753,1.16,2.135,0.1904,7.9,0.4757,7.953
2022-04-12T07:51:56,40142.33,3020.83,102.71,0.2355,15.18,59.2,17.71,84.64,5.589,155.21,0.5269,0.02154,0.006338,2.132,1.484,2.063,1.373,3.664,156.73,12.57,0.8244,1.548,0.5632,2.221,407.22,0.9526,47.57,0.7042,11.06,2.276e-05,0.2005,2.753,1.16,2.134,0.1903,7.896,0.4755,7.949
2022-04-12T07:52:26,40135.89,3020.99,102.7,0.2353,15.26,59.3,17.71,84.62,5.588,155.18,0.5269,0.02151,0.006338,2.132,1.484,2.063,1.372,3.666,156.73,12.57,0.8268,1.548,0.5632,2.22,407.17,0.9526,47.58,0.7043,11.06,2.276e-05,0.2007,2.753,1.16,2.135,0.1904,7.895,0.4757,7.951
2022-04-12T07:52:56,40140.21,3021.06,102.74,0.2353,15.26,59.3,17.71,84.62,5.583,155.19,0.5269,0.02155,0.006338,2.132,1.485,2.063,1.372,3.665,156.71,12.59,0.8268,1.548,0.5632,2.221,407.14,0.9528,47.59,0.7045,11.06,2.277e-05,0.2006,2.753,1.16,2.135,0.1903,7.896,0.4761,7.965
2022-04-12T07:53:26,40120.05,3021.21,102.73,0.2352,15.26,59.3,17.7,84.63,5.58,155.15,0.5269,0.02153,0.006338,2.132,1.486,2.062,1.373,3.668,156.59,12.59,0.824,1.547,0.5632,2.219,407.11,0.9531,47.58,0.7043,11.06,2.276e-05,0.2004,2.752,1.16,2.134,0.1902,7.89,0.4763,7.966
2022-04-12T07:53:56,40089.92,3020.27,102.56,0.2349,15.26,59.2,17.7,84.6,5.582,155.15,0.5257,0.02151,0.006338,2.132,1.485,2.061,1.371,3.658,156.45,12.57,0.8225,1.548,0.5632,2.219,406.83,0.9524,47.52,0.704,11.05,2.275e-05,0.2004,2.75,1.159,2.132,0.1902,7.876,0.4761,7.954
2022-04-12T07:54:26,40104.67,3021.59,102.72,0.2348,15.26,59.2,17.7,84.59,5.58,155.19,0.5261,0.02155,0.006338,2.131,1.485,2.061,1.372,3.663,156.5,12.57,0.8225,1.548,0.5632,2.221,406.96,0.9527,47.53,0.7043,11.05,2.276e-05,0.2004,2.752,1.159,2.133,0.1901,7.88,0.4762,7.952
2022-04-12T07:54:56,40119.3,3022.68,102.73,0.2349,15.26,59.1,17.7,84.59,5.587,155.26,0.5261,0.02155,0.006338,2.131,1.485,2.062,1.373,3.669,156.55,12.57,0.8225,1.548,0.5632,2.222,406.99,0.9532,47.52,0.7044,11.05,2.277e-05,0.2006,2.752,1.16,2.134,0.1902,7.876,0.4764,7.968
2022-04-12T07:55:26,40134.86,3023.82,102.79,0.2353,15.26,59.2,17.72,84.66,5.588,155.24,0.5268,0.02158,0.006338,2.131,1.486,2.063,1.374,3.663,156.72,12.57,0.8225,1.549,0.563,2.223,407.05,0.9534,47.56,0.7045,11.05,2.277e-05,0.2006,2.753,1.16,2.135,0.1903,7.88,0.4767,7.967
2022-04-12T07:55:56,40133.86,3024.42,102.77,0.2354,15.26,59.2,17.71,84.7,5.592,155.25,0.5268,0.02154,0.006338,2.131,1.487,2.063,1.374,3.668,156.7,12.57,0.8225,1.55,0.563,2.225,407.32,0.9535,47.56,0.7045,11.05,2.278e-05,0.2007,2.753,1.161,2.135,0.1904,7.881,0.4767,7.972
2022-04-12T07:56:26,40137.55,3024.89,102.84,0.2356,15.26,59.2,17.71,84.74,5.591,155.33,0.5268,0.02158,0.006338,2.136,1.487,2.063,1.375,3.668,156.72,12.57,0.8225,1.546,0.563,2.225,407.3,0.9536,47.57,0.7045,11.05,2.28e-05,0.2007,2.755,1.162,2.135,0.1904,7.887,0.4769,7.973
2022-04-12T07:56:56,40145.57,3025.12,102.88,0.2355,15.26,59.2,17.72,84.75,5.593,155.32,0.5268,0.0216,0.006339,2.136,1.487,2.058,1.376,3.668,156.74,12.57,0.8225,1.548,0.5689,2.227,407.28,0.954,47.59,0.7044,11.11,2.281e-05,0.2007,2.755,1.162,2.135,0.1904,7.887,0.4772,7.974
2022-04-12T07:57:26,40145.63,3025.54,102.84,0.2355,15.26,59.2,17.72,84.79,5.593,155.37,0.5268,0.02159,0.006339,2.137,1.487,2.057,1.376,3.667,156.75,12.57,0.8242,1.55,0.5689,2.226,407.32,0.9544,47.58,0.7044,11.11,2.281e-05,0.2009,2.755,1.162,2.136,0.1904,7.888,0.4769,7.974
2022-04-12T07:57:56,40152.49,3023.85,102.88,0.2357,15.26,59.4,17.73,84.82,5.603,155.42,0.5266,0.02155,0.006339,2.137,1.487,2.062,1.374,3.667,156.77,12.57,0.8209,1.55,0.5689,2.226,407.27,0.9544,47.57,0.7045,11.1,2.281e-05,0.2007,2.756,1.162,2.135,0.1904,7.891,0.4768,7.973
2022-04-12T07:58:26,40145.98,3023.65,102.98,0.2358,15.28,59.3,17.71,84.82,5.597,155.36,0.5266,0.02158,0.006339,2.137,1.487,2.057,1.373,3.659,156.7,12.57,0.8209,1.549,0.5782,2.226,407.23,0.9542,47.54,0.7044,11.1,2.28e-05,0.2006,2.755,1.161,2.135,0.1904,7.891,0.4768,7.973
2022-04-12T07:58:56,40163.11,3023.95,102.95,0.2359,15.28,59.3,17.71,84.8,5.598,155.38,0.5257,0.02157,0.006339,2.137,1.487,2.058,1.373,3.659,156.7,12.8,0.8209,1.551,0.5673,2.225,407.2,0.9539,47.55,0.7045,11.1,2.28e-05,0.2006,2.756,1.161,2.135,0.1903,7.891,0.4767,7.973
2022-04-12T07:59:26,40172.06,3025.01,102.96,0.2359,15.28,59.3,17.72,84.77,5.602,155.39,0.5269,0.02159,0.006341,2.135,1.488,2.059,1.374,3.659,156.71,12.8,0.8209,1.548,0.5673,2.228,407.16,0.954,47.56,0.7045,11.11,2.281e-05,0.2007,2.756,1.161,2.135,0.1904,7.905,0.477,7.973
2022-04-12T07:59:56,40167.54,3024.79,102.96,0.2358,15.28,59.3,17.72,84.77,5.6,155.38,0.5264,0.02163,0.006341,2.135,1.488,2.064,1.374,3.659,156.71,12.82,0.8238,1.548,0.5719,2.227,407.2,0.9545,47.55,0.7048,11.11,2.28e-05,0.2007,2.756,1.161,2.135,0.1904,7.905,0.4771,7.969
2022-04-12T08:00:26,40160.27,3024.73,102.94,0.2359,15.28,59.4,17.72,84.78,5.599,155.33,0.5264,0.02164,0.006348,2.135,1.489,2.063,1.373,3.654,156.66,12.82,0.8238,1.549,0.5719,2.226,407.18,0.9543,47.53,0.7046,11.12,2.281e-05,0.2007,2.753,1.161,2.134,0.1904,7.9,0.4771,7.97
2022-04-12T08:00:56,40125.48,3022.58,102.82,0.2358,15.33,59.3,17.71,84.72,5.598,155.31,0.5254,0.02157,0.006343,2.135,1.487,2.062,1.373,3.655,156.62,12.9,0.8238,1.545,0.5719,2.224,407.1,0.9537,47.49,0.7043,11.12,2.28e-05,0.2006,2.752,1.16,2.132,0.19,7.89,0.4771,7.966
2022-04-12T08:01:26,40143.07,3022.91,102.97,0.2359,15.33,59.3,17.71,84.71,5.598,155.35,0.525,0.02162,0.006343,2.135,1.487,2.062,1.373,3.65,156.64,12.9,0.8238,1.545,0.5719,2.226,407.08,0.9542,47.5,0.7042,11.12,2.28e-05,0.2004,2.753,1.16,2.132,0.1902,7.883,0.477,7.961
2022-04-12T08:01:56,40142.47,3022.85,102.94,0.236,15.33,59.2,17.72,84.71,5.603,155.39,0.5248,0.02162,0.006343,2.135,1.487,2.062,1.374,3.65,156.63,12.88,0.8238,1.548,0.5719,2.226,407.08,0.9537,47.5,0.7041,11.12,2.281e-05,0.2005,2.756,1.16,2.132,0.1902,7.879,0.4776,7.961
2022-04-12T08:02:26,40143.87,3022.42,102.98,0.2363,15.33,59.3,17.73,84.77,5.597,155.46,0.5248,0.02162,0.006343,2.135,1.488,2.064,1.373,3.651,156.64,12.88,0.8207,1.548,0.5719,2.226,407.22,0.9537,47.5,0.7042,11.12,2.281e-05,0.2005,2.757,1.16,2.133,0.1902,7.883,0.4777,7.972
2022-04-12T08:02:56,40149.03,3022.62,102.96,0.2364,15.33,59.3,17.73,84.81,5.602,155.43,0.5247,0.02162,0.006343,2.132,1.488,2.064,1.374,3.646,156.66,12.88,0.8207,1.549,0.5719,2.227,407.17,0.9541,47.53,0.7043,11.12,2.281e-05,0.2004,2.759,1.16,2.134,0.1903,7.884,0.478,7.971
2022-04-12T08:03:26,40136.4,3021.82,102.91,0.2362,15.32,59.4,17.73,84.79,5.597,155.39,0.5247,0.02164,0.006335,2.132,1.488,2.035,1.373,3.645,156.65,12.88,0.8207,1.547,0.5673,2.226,407.16,0.9534,47.51,0.7042,11.12,2.28e-05,0.2004,2.757,1.16,2.133,0.1903,7.877,0.4778,7.973
2022-04-12T08:03:56,40121.18,3021.16,102.83,0.2361,15.32,59.4,17.71,84.74,5.597,155.14,0.5247,0.02161,0.006335,2.132,1.488,2.021,1.372,3.638,156.55,12.88,0.8207,1.547,0.5673,2.225,407.05,0.9527,47.51,0.7039,11.12,2.278e-05,0.2002,2.753,1.158,2.131,0.1902,7.865,0.4773,7.972
2022-04-12T08:04:26,40110.47,3020.51,102.81,0.2358,15.25,59.4,17.72,84.7,5.596,155.19,0.5247,0.02162,0.006335,2.132,1.488,2.016,1.371,3.635,156.53,12.88,0.8207,1.547,0.5673,2.225,407.01,0.9527,47.45,0.7038,11.12,2.277e-05,0.2003,2.753,1.158,2.131,0.1902,7.861,0.4773,7.968
2022-04-12T08:04:56,40130.81,3020.99,102.92,0.2356,15.25,59.4,17.72,84.7,5.597,155.23,0.5247,0.02163,0.006335,2.132,1.487,2.028,1.373,3.636,156.57,13.04,0.8207,1.547,0.5673,2.226,407.1,0.953,47.41,0.7041,11.12,2.278e-05,0.2002,2.754,1.159,2.131,0.1901,7.863,0.4768,7.965
2022-04-12T08:05:26,40171.37,3026.06,103.12,0.2364,15.25,59.5,17.75,84.84,5.61,155.56,0.5236,0.0217,0.006335,2.132,1.491,2.035,1.375,3.646,156.75,13.04,0.8207,1.543,0.5673,2.229,407.56,0.955,47.51,0.7053,11.12,2.282e-05,0.2008,2.76,1.161,2.136,0.1904,7.884,0.478,7.973
2022-04-12T08:05:56,40174.37,3025.99,103.16,0.2366,15.25,59.5,17.76,84.88,5.613,155.58,0.5236,0.02168,0.006335,2.136,1.491,2.037,1.375,3.647,156.8,13.04,0.8217,1.545,0.5673,2.23,407.68,0.9561,47.58,0.7054,11.12,2.283e-05,0.201,2.761,1.162,2.136,0.1907,7.889,0.4785,7.973
2022-04-12T08:06:26,40200.22,3026.68,103.17,0.2365,15.25,59.5,17.77,84.92,5.61,155.57,0.5236,0.0217,0.006361,2.136,1.491,2.045,1.375,3.647,156.89,13.04,0.8217,1.545,0.5673,2.23,408.12,0.9563,47.58,0.7056,11.12,2.284e-05,0.2013,2.761,1.163,2.137,0.1907,7.897,0.4788,7.979
2022-04-12T08:06:56,40199.6,3026.79,103.14,0.2366,15.26,59.5,17.77,84.91,5.61,155.58,0.5236,0.02165,0.00637,2.136,1.491,2.05,1.375,3.642,156.86,13.04,0.8217,1.552,0.5673,2.23,408.14,0.9559,47.59,0.7055,11.12,2.284e-05,0.201,2.761,1.163,2.137,0.1906,7.896,0.4788,7.98
2022-04-12T08:07:26,40181.67,3024.74,102.99,0.2365,15.26,59.4,17.74,84.77,5.597,155.4,0.5236,0.02163,0.00637,2.136,1.489,2.044,1.373,3.631,156.76,13.04,0.8217,1.551,0.5673,2.227,407.74,0.9549,47.55,0.7052,11.12,2.281e-05,0.2011,2.759,1.162,2.135,0.1906,7.881,0.4781,7.983
2022-04-12T08:07:56,40131.43,3023.13,102.83,0.2358,15.27,59.5,17.73,84.74,5.594,155.16,0.5241,0.02158,0.006358,2.136,1.487,2.043,1.372,3.633,156.66,13.04,0.8196,1.548,0.5673,2.225,407.57,0.9537,47.5,0.7042,11.1,2.279e-05,0.2005,2.758,1.161,2.132,0.1904,7.865,0.4777,7.98
2022-04-12T08:08:26,40148.69,3021.56,102.99,0.2358,15.31,59.5,17.75,84.79,5.601,155.22,0.5241,0.02161,0.006351,2.135,1.487,2.046,1.373,3.632,156.63,13.04,0.8196,1.554,0.5673,2.226,407.54,0.9539,47.51,0.7042,11.1,2.28e-05,0.2006,2.756,1.16,2.134,0.1904,7.873,0.4783,7.977
2022-04-12T08:08:56,40139.92,3021.42,102.95,0.2357,15.31,59.5,17.75,84.72,5.596,155.24,0.5257,0.0216,0.006348,2.135,1.487,2.047,1.373,3.628,156.53,13.04,0.8196,1.554,0.5673,2.226,407.34,0.9538,47.52,0.7042,11.1,2.28e-05,0.2008,2.755,1.16,2.134,0.1904,7.87,0.4783,7.977
2022-04-12T08:09:26,40142.29,3021.35,103,0.2358,15.31,59.5,17.74,84.7,5.596,155.31,0.5254,0.02158,0.006348,2.135,1.487,2.047,1.373,3.627,156.63,13.04,0.8196,1.554,0.5673,2.227,407.29,0.9535,47.6,0.7043,11.11,2.281e-05,0.2008,2.756,1.16,2.134,0.1905,7.872,0.4783,7.976
2022-04-12T08:09:56,40150.32,3021.21,103.02,0.2358,15.31,59.5,17.75,84.71,5.601,155.3,0.5236,0.02161,0.006348,2.139,1.487,2.047,1.373,3.63,156.65,12.88,0.8196,1.557,0.5673,2.227,407.43,0.9538,47.64,0.7043,11.11,2.281e-05,0.2008,2.764,1.161,2.136,0.1904,7.87,0.4783,7.979
2022-04-12T08:10:26,40167.75,3022.15,103.05,0.2363,15.31,59.5,17.76,84.76,5.601,155.4,0.5236,0.02162,0.006348,2.139,1.487,2.051,1.374,3.63,156.83,12.88,0.8196,1.556,0.5673,2.228,407.58,0.9545,47.73,0.7044,11.11,2.282e-05,0.201,2.767,1.162,2.138,0.1904,7.873,0.4793,7.979
2022-04-12T08:10:56,40172.14,3022.6,103.08,0.2362,15.25,59.4,17.76,84.79,5.6,155.42,0.5239,0.02165,0.006348,2.139,1.487,2.051,1.375,3.636,156.86,12.81,0.8196,1.557,0.5673,2.23,407.7,0.9548,47.75,0.7045,11.13,2.282e-05,0.201,2.768,1.162,2.138,0.1904,7.877,0.4792,7.989
2022-04-12T08:11:26,40186.41,3022.92,103.14,0.2361,15.28,59.5,17.77,84.83,5.595,155.45,0.5251,0.02165,0.006348,2.139,1.487,2.052,1.375,3.641,156.89,12.81,0.8196,1.557,0.5673,2.23,407.96,0.9548,47.78,0.7044,11.14,2.284e-05,0.2011,2.767,1.162,2.138,0.1904,7.881,0.4797,7.994
2022-04-12T08:11:56,40196.56,3024.4,103.25,0.2361,15.28,59.5,17.77,84.92,5.597,155.65,0.526,0.02166,0.006364,2.139,1.487,2.052,1.375,3.641,157.03,12.81,0.8187,1.557,0.5673,2.231,408.29,0.9551,47.78,0.7045,11.15,2.284e-05,0.2014,2.77,1.163,2.138,0.1904,7.883,0.4799,8.004
2022-04-12T08:12:26,40302.16,3025.59,103.44,0.2363,15.28,59.6,17.78,85.01,5.598,155.84,0.526,0.02167,0.006364,2.141,1.49,2.058,1.375,3.641,157.39,12.81,0.8187,1.557,0.5673,2.231,408.21,0.9563,47.83,0.7046,11.16,2.285e-05,0.2014,2.77,1.163,2.139,0.1906,7.891,0.4799,8.005
2022-04-12T08:12:56,40280,3029.25,103.47,0.2368,15.28,59.7,17.81,85.11,5.617,155.86,0.5272,0.02173,0.006364,2.141,1.493,2.057,1.378,3.641,157.45,12.81,0.8187,1.56,0.5673,2.236,408.83,0.957,47.85,0.7056,11.18,2.289e-05,0.2016,2.773,1.164,2.141,0.1907,7.913,0.4801,8.013
2022-04-12T08:13:26,40274.36,3029.28,103.4,0.2368,15.28,59.7,17.81,85.18,5.615,155.97,0.5262,0.02172,0.006364,2.141,1.492,2.057,1.378,3.653,157.47,12.81,0.8187,1.559,0.5673,2.236,408.95,0.9573,47.83,0.7057,11.18,2.29e-05,0.2018,2.77,1.164,2.141,0.1909,7.913,0.4801,8.025
2022-04-12T08:13:56,40276.23,3029,103.42,0.2369,15.28,59.7,17.8,85.22,5.612,156.02,0.5272,0.02175,0.006364,2.141,1.492,2.057,1.378,3.653,157.55,12.86,0.8183,1.559,0.5673,2.236,408.87,0.9564,47.82,0.7058,11.18,2.29e-05,0.2017,2.77,1.167,2.141,0.1908,7.912,0.4811,8.028
2022-04-12T08:14:26,40293.39,3030.86,103.54,0.237,15.28,59.8,17.82,85.24,5.608,156.03,0.5272,0.02172,0.006388,2.142,1.492,2.058,1.378,3.653,157.54,12.86,0.8183,1.558,0.5673,2.236,409.02,0.9562,47.83,0.7059,11.18,2.29e-05,0.2016,2.773,1.167,2.144,0.1908,7.923,0.4816,8.023
2022-04-12T08:14:56,40283.18,3030.76,103.48,0.2371,15.3,59.8,17.82,85.3,5.614,155.93,0.5308,0.02173,0.006378,2.142,1.493,2.059,1.378,3.66,157.54,12.87,0.8183,1.558,0.5673,2.236,408.91,0.9564,47.87,0.7062,11.18,2.289e-05,0.2017,2.772,1.167,2.143,0.1909,7.924,0.4815,8.024
2022-04-12T08:15:26,40293.43,3031.36,103.52,0.2371,15.3,59.8,17.83,85.31,5.609,155.92,0.5325,0.02171,0.006378,2.142,1.493,2.06,1.378,3.66,157.62,12.87,0.8176,1.558,0.5673,2.236,408.97,0.9565,47.86,0.7062,11.18,2.289e-05,0.2017,2.771,1.166,2.143,0.191,7.925,0.4815,8.029
2022-04-12T08:15:56,40286.56,3030.7,103.46,0.2372,15.3,59.6,17.83,85.32,5.609,155.87,0.533,0.02172,0.006376,2.142,1.493,2.059,1.378,3.661,157.57,12.88,0.8176,1.557,0.5673,2.236,409,0.9561,47.81,0.7061,11.18,2.29e-05,0.2017,2.77,1.166,2.143,0.191,7.926,0.4815,8.023
2022-04-12T08:16:26,40292.58,3031,103.44,0.2372,15.41,59.7,17.84,85.37,5.6,156.04,0.533,0.02171,0.006376,2.143,1.492,2.06,1.377,3.659,157.64,12.88,0.8176,1.557,0.5673,2.236,409.03,0.9565,47.77,0.706,11.18,2.291e-05,0.2019,2.771,1.166,2.143,0.191,7.926,0.4817,8.027
2022-04-12T08:16:56,40288.57,3032.65,103.45,0.2372,15.41,59.7,17.84,85.36,5.604,156.07,0.5329,0.02171,0.006376,2.142,1.493,2.062,1.378,3.664,157.57,12.84,0.8176,1.557,0.5673,2.236,409.06,0.9565,47.73,0.7062,11.18,2.291e-05,0.2019,2.771,1.166,2.143,0.191,7.927,0.4817,8.029
2022-04-12T08:17:26,40284.76,3032.84,103.42,0.2372,15.41,59.7,17.84,85.38,5.604,156.06,0.5329,0.02167,0.006376,2.142,1.493,2.062,1.378,3.659,157.55,12.84,0.8174,1.557,0.5673,2.236,409.07,0.9562,47.7,0.7061,11.18,2.291e-05,0.2017,2.77,1.166,2.143,0.191,7.927,0.4817,8.027
2022-04-12T08:17:56,40238.09,3031.66,103.31,0.2369,15.41,59.8,17.84,85.43,5.603,155.94,0.5329,0.02167,0.006376,2.145,1.494,2.059,1.378,3.659,157.6,12.84,0.8174,1.559,0.5673,2.237,408.73,0.956,47.72,0.706,11.18,2.29e-05,0.2021,2.771,1.166,2.144,0.191,7.932,0.4817,8.019
2022-04-12T08:18:26,40228.2,3029.98,103.2,0.2367,15.41,59.8,17.81,85.37,5.596,155.82,0.5364,0.02164,0.006376,2.145,1.493,2.059,1.375,3.652,157.35,12.84,0.8174,1.559,0.5673,2.233,408.6,0.9547,47.69,0.7059,11.14,2.29e-05,0.2016,2.765,1.164,2.141,0.1908,7.92,0.4812,8.016
2022-04-12T08:18:56,40207.52,3028.88,103.2,0.2366,15.52,59.5,17.8,85.22,5.593,155.75,0.5346,0.02159,0.006368,2.145,1.494,2.058,1.375,3.652,157.37,12.84,0.8174,1.559,0.5673,2.232,408.26,0.9545,47.6,0.7055,11.14,2.286e-05,0.2016,2.764,1.163,2.14,0.1908,7.914,0.4809,8.017
2022-04-12T08:19:26,40174.28,3027.86,103.14,0.2363,15.52,59.5,17.79,85.14,5.591,155.72,0.5323,0.02157,0.006368,2.144,1.49,2.056,1.374,3.64,157.34,12.84,0.8174,1.559,0.5673,2.23,408.06,0.9541,47.6,0.7049,11.14,2.285e-05,0.2013,2.763,1.163,2.138,0.1907,7.904,0.4809,8.007
2022-04-12T08:19:56,40184.08,3028.05,103.24,0.2364,15.52,59.6,17.79,85.13,5.594,155.81,0.5323,0.02159,0.006388,2.144,1.489,2.057,1.375,3.642,157.34,12.87,0.8174,1.559,0.5673,2.23,408.01,0.9543,47.6,0.7051,11.13,2.285e-05,0.2015,2.763,1.163,2.139,0.1907,7.905,0.4811,7.997
2022-04-12T08:20:26,40186.86,3029.28,103.27,0.2366,15.52,59.7,17.8,85.17,5.594,155.8,0.5327,0.02163,0.006372,2.144,1.489,2.057,1.374,3.64,157.4,12.87,0.8174,1.559,0.5673,2.23,408.23,0.954,47.64,0.7052,11.13,2.284e-05,0.2014,2.765,1.164,2.139,0.1908,7.912,0.481,7.997
2022-04-12T08:20:56,40179.41,3028.44,103.38,0.2366,15.52,59.7,17.78,85.17,5.591,155.77,0.5327,0.02163,0.006372,2.144,1.489,2.056,1.374,3.639,157.36,12.87,0.8174,1.553,0.5673,2.228,408.02,0.9539,47.64,0.7052,11.13,2.284e-05,0.2014,2.765,1.164,2.139,0.1907,7.914,0.481,8.001
2022-04-12T08:21:26,40183.11,3027.72,103.37,0.2365,15.52,59.7,17.77,85.17,5.591,155.75,0.5327,0.02165,0.006372,2.144,1.489,2.054,1.374,3.644,157.32,12.87,0.8174,1.553,0.5673,2.226,407.98,0.9536,47.64,0.7054,11.13,2.284e-05,0.2014,2.765,1.164,2.14,0.1907,7.917,0.481,8.006
2022-04-12T08:21:56,40185.97,3027.89,103.37,0.2365,15.45,59.8,17.77,85.18,5.591,155.76,0.5325,0.02167,0.006372,2.144,1.489,2.054,1.374,3.639,157.36,12.87,0.8174,1.554,0.5673,2.226,407.74,0.9539,47.65,0.7056,11.13,2.285e-05,0.2013,2.766,1.165,2.139,0.1907,7.915,0.4809,7.999
2022-04-12T08:22:26,40164.41,3027.35,103.28,0.2364,15.41,59.8,17.77,85.18,5.59,155.79,0.5325,0.02168,0.006372,2.144,1.489,2.053,1.374,3.634,157.37,12.87,0.8211,1.552,0.5673,2.225,407.72,0.9533,47.68,0.7056,11.13,2.285e-05,0.2013,2.764,1.165,2.139,0.1908,7.908,0.4804,8
2022-04-12T08:22:56,40160.34,3026.91,103.25,0.2362,15.41,59.8,17.76,85.15,5.59,155.77,0.5312,0.02164,0.006379,2.144,1.489,2.053,1.374,3.634,157.31,12.83,0.8211,1.553,0.5673,2.225,407.35,0.9526,47.63,0.7053,11.13,2.284e-05,0.2013,2.762,1.163,2.139,0.1907,7.903,0.4802,7.987
2022-04-12T08:23:26,40157.01,3024.74,103.18,0.2361,15.41,59.8,17.76,85.15,5.585,155.75,0.5308,0.02165,0.006379,2.143,1.487,2.052,1.373,3.632,157.28,12.83,0.8211,1.551,0.5673,2.225,407.39,0.9527,47.63,0.7051,11.12,2.283e-05,0.2011,2.761,1.163,2.137,0.1907,7.901,0.4803,7.986
2022-04-12T08:23:56,40149.97,3024.04,103.17,0.236,15.44,59.7,17.75,85.13,5.587,155.73,0.5307,0.02163,0.00638,2.143,1.486,2.056,1.372,3.631,157.17,12.83,0.8211,1.551,0.5673,2.224,407.22,0.9527,47.62,0.7051,11.12,2.282e-05,0.201,2.76,1.163,2.136,0.1906,7.901,0.4802,7.985
2022-04-12T08:24:26,40129.34,3023.87,103.21,0.236,15.4,59.6,17.74,85.1,5.582,155.65,0.5301,0.02164,0.006379,2.143,1.483,2.055,1.372,3.634,157.15,12.83,0.8179,1.55,0.5673,2.224,407.19,0.9528,47.59,0.7049,11.11,2.282e-05,0.2011,2.761,1.162,2.136,0.1906,7.897,0.4802,7.978
2022-04-12T08:24:56,40139.66,3024.09,103.17,0.2359,15.4,59.6,17.74,85.1,5.589,155.7,0.5301,0.02163,0.006379,2.143,1.485,2.056,1.373,3.63,157.35,12.83,0.8179,1.55,0.5673,2.224,407.38,0.9532,47.57,0.7051,11.11,2.283e-05,0.2011,2.762,1.163,2.137,0.1906,7.898,0.4802,7.98
2022-04-12T08:25:26,40128.38,3022.79,103.08,0.2358,15.4,59.6,17.73,85.02,5.585,155.65,0.5301,0.02162,0.006379,2.143,1.487,2.057,1.371,3.632,157.34,12.83,0.8179,1.55,0.5673,2.223,407.35,0.9528,47.57,0.705,11.11,2.282e-05,0.2011,2.76,1.161,2.137,0.1905,7.89,0.4805,7.979
2022-04-12T08:25:56,40142.66,3023.82,103.11,0.2359,15.4,59.8,17.73,85.04,5.583,155.62,0.5301,0.02162,0.006379,2.143,1.486,2.058,1.372,3.632,157.36,12.83,0.8179,1.551,0.5673,2.223,407.36,0.9526,47.61,0.7054,11.1,2.283e-05,0.2011,2.761,1.162,2.136,0.1906,7.891,0.4804,7.982
2022-04-12T08:26:26,40139.16,3023.35,103.15,0.236,15.4,59.8,17.73,85.06,5.588,155.63,0.5301,0.02164,0.006379,2.143,1.487,2.058,1.372,3.633,157.26,12.83,0.8179,1.552,0.5673,2.224,407.07,0.9527,47.64,0.7055,11.1,2.283e-05,0.2011,2.76,1.162,2.136,0.1906,7.886,0.4803,7.988
2022-04-12T08:26:56,40123.66,3022.44,103.04,0.2358,15.4,59.7,17.73,85.03,5.587,155.62,0.5313,0.02161,0.00638,2.14,1.487,2.057,1.372,3.633,157.25,12.83,0.8179,1.552,0.5673,2.224,406.9,0.953,47.62,0.7054,11.1,2.283e-05,0.2011,2.759,1.162,2.135,0.1906,7.88,0.4803,7.976
2022-04-12T08:27:26,40128.77,3022.66,103.12,0.2358,15.4,59.7,17.73,84.99,5.59,155.66,0.5313,0.02162,0.00638,2.14,1.488,2.057,1.371,3.633,157.21,12.83,0.8179,1.552,0.5673,2.224,406.94,0.9531,47.61,0.705,11.1,2.282e-05,0.2014,2.759,1.162,2.136,0.1906,7.877,0.4803,7.98
2022-04-12T08:27:56,40118.15,3023.01,103.1,0.2358,15.4,59.8,17.72,84.98,5.586,155.69,0.5313,0.0216,0.006377,2.14,1.488,2.057,1.371,3.633,157.18,12.83,0.8179,1.552,0.5673,2.224,406.94,0.9523,47.59,0.705,11.1,2.282e-05,0.2012,2.76,1.161,2.136,0.1906,7.876,0.4802,7.977
2022-04-12T08:28:26,40112.8,3022.62,103.08,0.2357,15.4,59.6,17.72,84.95,5.587,155.72,0.5313,0.02159,0.006377,2.14,1.488,2.057,1.371,3.629,157.17,12.83,0.8054,1.55,0.5673,2.224,406.81,0.9524,47.58,0.705,11.1,2.282e-05,0.2012,2.759,1.161,2.136,0.1906,7.872,0.4799,7.98
2022-04-12T08:28:56,40112.26,3022.42,103.03,0.2356,15.47,59.6,17.72,84.94,5.579,155.73,0.5314,0.02158,0.006377,2.14,1.489,2.057,1.371,3.631,157.18,12.83,0.8054,1.55,0.5673,2.224,406.83,0.9529,47.57,0.705,11.1,2.283e-05,0.2011,2.758,1.161,2.135,0.1906,7.87,0.4796,7.975
2022-04-12T08:29:26,40114.42,3022.59,103.04,0.2356,15.47,59.6,17.72,84.93,5.587,155.79,0.5322,0.02158,0.006377,2.138,1.49,2.057,1.372,3.634,157.25,12.83,0.8054,1.55,0.5673,2.224,406.79,0.9531,47.58,0.7049,11.1,2.283e-05,0.2013,2.758,1.161,2.135,0.1906,7.869,0.4797,7.974
2022-04-12T08:29:56,40124.04,3023.53,103.13,0.2357,15.51,59.8,17.73,84.95,5.591,155.7,0.5321,0.02156,0.006377,2.138,1.49,2.058,1.372,3.638,157.25,12.83,0.8054,1.547,0.5673,2.225,406.9,0.9529,47.62,0.7049,11.1,2.284e-05,0.2012,2.759,1.162,2.136,0.1907,7.869,0.4796,7.976
2022-04-12T08:30:26,40132.03,3023.7,103.16,0.2358,15.51,59.8,17.73,84.99,5.588,155.75,0.5324,0.02155,0.006368,2.138,1.489,2.059,1.372,3.638,157.2,12.83,0.8054,1.546,0.5673,2.225,407.05,0.9536,47.63,0.7051,11.1,2.283e-05,0.2012,2.761,1.163,2.137,0.1907,7.875,0.4795,7.979
2022-04-12T08:30:56,40150.59,3024.57,103.14,0.236,15.51,59.9,17.74,84.97,5.59,155.79,0.5312,0.02156,0.006368,2.138,1.489,2.054,1.372,3.638,157.18,12.83,0.8099,1.544,0.5673,2.226,406.95,0.9534,47.63,0.7052,11.1,2.283e-05,0.2012,2.761,1.163,2.136,0.1907,7.879,0.4795,7.978
2022-04-12T08:31:26,40151.22,3024.73,103.19,0.2361,15.51,59.9,17.74,85.01,5.593,155.87,0.5322,0.02156,0.006372,2.139,1.489,2.054,1.373,3.646,157.14,12.83,0.8099,1.544,0.5673,2.224,406.99,0.9537,47.66,0.7054,11.12,2.284e-05,0.2012,2.761,1.164,2.136,0.1908,7.883,0.4794,7.994
2022-04-12T08:31:56,40124.74,3023.45,103.03,0.2357,15.51,59.8,17.74,84.94,5.585,155.68,0.5321,0.02152,0.00637,2.139,1.487,2.052,1.372,3.641,157.1,12.83,0.8099,1.544,0.5673,2.223,406.98,0.9523,47.65,0.7051,11.12,2.282e-05,0.2011,2.758,1.162,2.135,0.1907,7.878,0.479,7.996
2022-04-12T08:32:26,40141.52,3024.89,103.1,0.236,15.51,59.8,17.74,84.94,5.588,155.82,0.5318,0.02152,0.006351,2.139,1.488,2.052,1.373,3.644,157.17,12.83,0.8099,1.543,0.5673,2.224,407.2,0.9529,47.66,0.7052,11.16,2.283e-05,0.2013,2.76,1.162,2.136,0.1907,7.885,0.4793,7.998
2022-04-12T08:32:56,40142.45,3025.03,103.08,0.236,15.51,59.8,17.73,84.99,5.586,155.81,0.5319,0.02154,0.006351,2.139,1.488,2.056,1.372,3.647,157.18,12.83,0.8099,1.543,0.5673,2.225,407.37,0.9527,47.7,0.7051,11.16,2.285e-05,0.2013,2.762,1.163,2.136,0.1907,7.887,0.4793,7.991
2022-04-12T08:33:26,40153.73,3026.12,103.1,0.236,15.51,59.8,17.74,85.02,5.598,155.8,0.5324,0.02155,0.006351,2.141,1.488,2.059,1.373,3.647,157.25,12.83,0.8099,1.543,0.5673,2.224,407.43,0.9527,47.71,0.7055,11.16,2.285e-05,0.2013,2.763,1.163,2.137,0.1908,7.889,0.4793,7.992
2022-04-12T08:33:56,40165.55,3026.36,103.22,0.236,15.51,59.8,17.76,85.08,5.596,155.8,0.5324,0.02156,0.006351,2.141,1.489,2.058,1.373,3.643,157.32,12.83,0.808,1.55,0.5673,2.227,407.51,0.9531,47.73,0.7054,11.18,2.285e-05,0.2014,2.764,1.163,2.138,0.1908,7.909,0.4804,8
2022-04-12T08:34:26,40186.28,3026.54,103.18,0.2361,15.53,59.9,17.76,85.1,5.594,155.89,0.5324,0.02154,0.006351,2.141,1.489,2.059,1.375,3.64,157.35,12.83,0.808,1.55,0.5646,2.228,407.85,0.9533,47.74,0.7055,11.18,2.285e-05,0.2014,2.765,1.164,2.14,0.1908,7.912,0.4802,7.999
2022-04-12T08:34:56,40173.62,3026.55,103.17,0.236,15.4,59.9,17.74,85.07,5.592,155.91,0.5324,0.02153,0.006351,2.141,1.488,2.058,1.374,3.643,157.25,12.83,0.808,1.548,0.5646,2.227,407.84,0.9532,47.73,0.7056,11.18,2.287e-05,0.2013,2.764,1.164,2.138,0.1908,7.913,0.4802,7.993
2022-04-12T08:35:26,40183.43,3026.53,103.14,0.2359,15.4,59.9,17.75,85.07,5.592,155.93,0.5324,0.02154,0.006366,2.141,1.489,2.059,1.374,3.644,157.26,12.83,0.808,1.548,0.5646,2.228,408,0.9531,47.69,0.7057,11.18,2.287e-05,0.2013,2.763,1.164,2.139,0.1908,7.909,0.4804,7.994
2022-04-12T08:35:56,40177.1,3026.93,103.19,0.2359,15.48,59.8,17.75,85.07,5.593,155.96,0.5323,0.02152,0.006355,2.141,1.489,2.059,1.373,3.644,157.25,12.85,0.807,1.548,0.5646,2.228,407.93,0.9523,47.69,0.7058,11.18,2.287e-05,0.2014,2.763,1.164,2.138,0.1909,7.909,0.4804,7.999
2022-04-12T08:36:26,40180.07,3027.28,103.18,0.236,15.49,59.9,17.75,85.08,5.597,156.09,0.5327,0.02153,0.00635,2.141,1.488,2.059,1.374,3.644,157.21,12.85,0.8074,1.55,0.5646,2.229,407.84,0.9529,47.68,0.7057,11.18,2.287e-05,0.2018,2.763,1.165,2.138,0.191,7.923,0.4804,7.994
2022-04-12T08:36:56,40177.64,3026.95,103.14,0.236,15.49,59.9,17.76,85.07,5.6,156.07,0.5329,0.02153,0.00635,2.144,1.489,2.056,1.374,3.639,157.18,12.87,0.8141,1.549,0.5646,2.229,407.86,0.9524,47.67,0.7058,11.18,2.287e-05,0.2016,2.764,1.164,2.139,0.191,7.925,0.4808,7.999
2022-04-12T08:37:26,40196.77,3029.06,103.2,0.2362,15.49,59.9,17.77,85.1,5.6,156.08,0.533,0.02153,0.00635,2.144,1.489,2.054,1.375,3.642,157.24,12.87,0.8098,1.549,0.5646,2.229,407.85,0.954,47.7,0.7061,11.18,2.288e-05,0.2017,2.766,1.165,2.14,0.1911,7.935,0.4808,8.001
2022-04-12T08:37:56,40192.31,3028.49,103.16,0.2361,15.49,60,17.77,85.11,5.594,156.09,0.533,0.02153,0.00635,2.144,1.489,2.057,1.375,3.646,157.27,12.87,0.8153,1.551,0.5646,2.23,407.93,0.9536,47.72,0.7061,11.18,2.288e-05,0.2018,2.764,1.165,2.14,0.1911,7.929,0.4806,8.002
2022-04-12T08:38:26,40192.92,3028.76,103.17,0.236,15.49,60,17.76,85.12,5.599,156.14,0.533,0.02153,0.00635,2.144,1.489,2.057,1.375,3.644,157.19,12.87,0.8153,1.551,0.5646,2.228,407.83,0.9536,47.69,0.7061,11.18,2.289e-05,0.2018,2.764,1.165,2.139,0.1911,7.929,0.4807,8.008
2022-04-12T08:38:56,40211.38,3028.79,103.2,0.2362,15.49,60,17.76,85.13,5.602,156.12,0.533,0.02153,0.00635,2.144,1.489,2.059,1.375,3.644,157.18,12.88,0.8153,1.551,0.5646,2.228,408,0.9533,47.67,0.7061,11.18,2.289e-05,0.2018,2.763,1.166,2.139,0.1911,7.927,0.4805,8.012
2022-04-12T08:39:26,40211.35,3029.92,103.2,0.2362,15.45,60,17.77,85.13,5.595,156.1,0.5349,0.02153,0.006352,2.144,1.489,2.059,1.375,3.634,157.21,12.88,0.8153,1.551,0.5646,2.229,408.02,0.9535,47.66,0.7061,11.18,2.29e-05,0.2017,2.762,1.165,2.139,0.1911,7.925,0.4805,8.012
2022-04-12T08:39:56,40211.78,3030.14,103.2,0.2362,15.47,60,17.77,85.16,5.598,156.09,0.5349,0.02153,0.006367,2.142,1.489,2.059,1.375,3.635,157.21,12.88,0.8153,1.551,0.5646,2.229,408.01,0.9535,47.63,0.7062,11.18,2.291e-05,0.2017,2.763,1.165,2.139,0.1911,7.928,0.4803,8.017
2022-04-12T08:40:26,40216.43,3030.49,103.21,0.2363,15.47,60,17.77,85.17,5.595,156.14,0.5323,0.02153,0.006367,2.142,1.489,2.059,1.375,3.636,157.22,12.88,0.8153,1.551,0.5646,2.232,408.19,0.9533,47.68,0.7062,11.18,2.292e-05,0.2019,2.764,1.165,2.14,0.1911,7.936,0.4803,8.021
2022-04-12T08:40:56,40233.41,3031.37,103.31,0.2364,15.47,60,17.79,85.2,5.601,156.19,0.5319,0.02158,0.006367,2.142,1.491,2.062,1.375,3.636,157.21,12.88,0.8153,1.551,0.5646,2.233,408.34,0.9537,47.65,0.7065,11.18,2.293e-05,0.2019,2.763,1.165,2.141,0.1912,7.94,0.4804,8.022
2022-04-12T08:41:26,40273.52,3032.78,103.36,0.2365,15.47,60,17.79,85.26,5.6,156.24,0.5319,0.02156,0.006367,2.142,1.493,2.064,1.375,3.636,157.28,12.88,0.8052,1.552,0.5646,2.234,408.37,0.9544,47.67,0.7066,11.19,2.294e-05,0.202,2.766,1.166,2.142,0.1912,7.945,0.4807,8.031
2022-04-12T08:41:56,40255.58,3031.78,103.24,0.2365,15.47,60,17.78,85.26,5.6,156.17,0.5322,0.02158,0.006367,2.142,1.493,2.063,1.375,3.636,157.24,12.87,0.8052,1.553,0.5646,2.233,408.52,0.9548,47.66,0.7065,11.2,2.292e-05,0.2016,2.765,1.166,2.143,0.1911,7.946,0.4804,8.029
2022-04-12T08:42:26,40281.06,3032.34,103.31,0.2365,15.51,60,17.8,85.31,5.596,156.22,0.5332,0.02155,0.006367,2.145,1.493,2.064,1.375,3.638,157.32,12.87,0.8094,1.552,0.5646,2.236,408.62,0.9552,47.71,0.7067,11.21,2.292e-05,0.2018,2.766,1.167,2.144,0.1912,7.947,0.4807,8.035
2022-04-12T08:42:56,40275.59,3031.9,103.28,0.2362,15.51,60,17.8,85.36,5.596,156.26,0.5337,0.02156,0.006369,2.145,1.493,2.067,1.376,3.637,157.25,12.84,0.8094,1.551,0.5646,2.235,408.42,0.9545,47.71,0.7067,11.21,2.291e-05,0.2018,2.765,1.166,2.143,0.1912,7.949,0.4807,8.029
2022-04-12T08:43:26,40234.32,3030.8,103.26,0.2359,15.51,60,17.79,85.31,5.595,156.15,0.5337,0.02153,0.006369,2.141,1.491,2.064,1.374,3.635,157.18,12.84,0.8094,1.551,0.5646,2.233,408.34,0.9538,47.66,0.7067,11.21,2.289e-05,0.2015,2.763,1.165,2.142,0.1911,7.948,0.4806,8.03
2022-04-12T08:43:56,40234.58,3029.58,103.24,0.2358,15.51,60,17.78,85.24,5.587,156.15,0.5337,0.02152,0.006369,2.141,1.491,2.064,1.374,3.635,157.18,12.84,0.8094,1.551,0.5646,2.232,408.33,0.9535,47.64,0.7067,11.22,2.289e-05,0.2014,2.76,1.164,2.142,0.1911,7.943,0.4806,8.027
2022-04-12T08:44:26,40252.58,3029.76,103.27,0.2358,15.51,60,17.79,85.26,5.595,156.26,0.5309,0.02155,0.006369,2.141,1.491,2.065,1.374,3.635,157.18,12.84,0.8091,1.551,0.5646,2.233,408.43,0.9537,47.65,0.7066,11.23,2.29e-05,0.2014,2.762,1.165,2.142,0.1912,7.942,0.4803,8.027
2022-04-12T08:44:56,40260.53,3029.79,103.27,0.2362,15.51,60,17.79,85.28,5.606,156.29,0.531,0.02154,0.006369,2.141,1.492,2.063,1.375,3.636,157.29,12.84,0.8091,1.557,0.5646,2.233,408.55,0.9543,47.67,0.7069,11.24,2.291e-05,0.2015,2.762,1.166,2.142,0.1912,7.943,0.4811,8.024
2022-04-12T08:45:26,40251.36,3028.94,103.26,0.2363,15.51,60,17.79,85.29,5.603,156.26,0.531,0.02153,0.006365,2.141,1.492,2.062,1.375,3.636,157.28,12.84,0.8091,1.555,0.5646,2.233,408.57,0.9537,47.64,0.7062,11.23,2.29e-05,0.2015,2.761,1.165,2.142,0.1912,7.942,0.4809,8.027
2022-04-12T08:45:56,40243.89,3028.98,103.23,0.2363,15.51,60.1,17.78,85.3,5.589,156.24,0.5308,0.02154,0.006385,2.141,1.489,2.065,1.375,3.634,157.28,12.84,0.809,1.554,0.5646,2.234,408.52,0.9538,47.62,0.7059,11.23,2.29e-05,0.2013,2.761,1.166,2.142,0.1912,7.943,0.481,8.025
2022-04-12T08:46:26,40246.91,3029.4,103.36,0.2363,15.51,60,17.79,85.29,5.601,156.25,0.5304,0.02154,0.006385,2.141,1.49,2.065,1.376,3.635,157.3,12.84,0.809,1.552,0.5646,2.235,408.47,0.9537,47.64,0.7059,11.24,2.29e-05,0.2013,2.761,1.166,2.142,0.1912,7.941,0.481,8.025
2022-04-12T08:46:56,40226.86,3028.19,103.25,0.236,15.51,59.9,17.78,85.24,5.6,156.26,0.5302,0.02154,0.006385,2.141,1.49,2.064,1.375,3.635,157.22,12.84,0.809,1.552,0.5646,2.234,408.34,0.9538,47.58,0.7057,11.25,2.289e-05,0.2013,2.759,1.165,2.141,0.1912,7.94,0.4811,8.029
2022-04-12T08:47:26,40234.8,3028.82,103.26,0.2361,15.54,59.9,17.77,85.22,5.596,156.24,0.5302,0.02152,0.006385,2.141,1.489,2.065,1.375,3.635,157.26,12.84,0.809,1.548,0.5646,2.234,408.35,0.9532,47.52,0.7057,11.24,2.289e-05,0.2012,2.759,1.165,2.141,0.1912,7.936,0.4811,8.019
2022-04-12T08:47:56,40229.14,3028.11,103.19,0.236,15.54,59.9,17.77,85.16,5.596,156.26,0.5293,0.02154,0.006385,2.141,1.489,2.065,1.375,3.635,157.25,12.85,0.8121,1.552,0.5646,2.233,408.4,0.9529,47.54,0.7057,11.24,2.289e-05,0.2014,2.758,1.164,2.141,0.1912,7.935,0.4813,8.02
2022-04-12T08:48:26,40219.81,3027.19,103.13,0.2361,15.54,59.9,17.77,85.09,5.594,156.17,0.5293,0.02153,0.006376,2.141,1.487,2.064,1.375,3.634,157.26,12.85,0.8121,1.549,0.5646,2.232,408.32,0.9525,47.55,0.7057,11.24,2.289e-05,0.2013,2.756,1.165,2.141,0.1912,7.933,0.4817,8.016
2022-04-12T08:48:56,40190.98,3026.08,103.06,0.236,15.54,59.9,17.76,85.03,5.593,156.12,0.5293,0.02155,0.006376,2.141,1.486,2.063,1.374,3.628,157.1,12.85,0.8121,1.545,0.5646,2.23,408.2,0.9523,47.55,0.7054,11.24,2.288e-05,0.201,2.754,1.164,2.139,0.1911,7.926,0.4816,8.014
2022-04-12T08:49:26,40219.18,3028.27,103.18,0.2362,15.54,60,17.77,85.04,5.61,156.3,0.5293,0.02156,0.006376,2.141,1.484,2.064,1.375,3.635,157.23,12.85,0.8073,1.545,0.5646,2.231,408.38,0.9529,47.55,0.7056,11.26,2.288e-05,0.201,2.757,1.165,2.141,0.1912,7.936,0.4825,8.012
2022-04-12T08:49:56,40209.29,3027.62,103.11,0.2361,15.49,60,17.77,85.09,5.612,156.34,0.5293,0.02156,0.00636,2.141,1.485,2.064,1.375,3.634,157.21,12.85,0.8073,1.548,0.5646,2.232,408.45,0.9531,47.54,0.7057,11.26,2.289e-05,0.2013,2.755,1.165,2.141,0.1912,7.927,0.4821,8.014
2022-04-12T08:50:26,40210.4,3027.68,103.04,0.2363,15.49,60,17.79,85.1,5.615,156.39,0.5295,0.02156,0.006367,2.141,1.484,2.064,1.376,3.636,157.2,12.85,0.8121,1.55,0.5646,2.232,408.48,0.9532,47.54,0.7058,11.26,2.289e-05,0.2013,2.756,1.165,2.141,0.1912,7.926,0.4825,8.014
2022-04-12T08:50:56,40211.16,3026.88,102.97,0.2363,15.49,60,17.78,85.11,5.608,156.34,0.5295,0.02154,0.006367,2.141,1.484,2.064,1.374,3.635,157.16,12.85,0.8121,1.55,0.5646,2.229,408.42,0.9536,47.5,0.7058,11.24,2.288e-05,0.2013,2.755,1.165,2.141,0.1912,7.925,0.4828,8.02
2022-04-12T08:51:26,40206.67,3026.53,102.97,0.2362,15.49,60,17.78,85.08,5.606,156.31,0.5295,0.02152,0.00636,2.141,1.484,2.063,1.374,3.638,157.1,12.85,0.8121,1.547,0.5646,2.229,408.22,0.953,47.47,0.7056,11.24,2.287e-05,0.2012,2.755,1.165,2.14,0.1912,7.923,0.4828,8.016
2022-04-12T08:51:56,40212.71,3027.12,102.99,0.2361,15.49,59.9,17.79,85.08,5.61,156.33,0.5295,0.02152,0.00636,2.141,1.482,2.064,1.375,3.638,157.16,12.88,0.8069,1.547,0.5646,2.229,408.25,0.9535,47.47,0.7057,11.23,2.288e-05,0.2012,2.755,1.166,2.141,0.1912,7.921,0.4829,8.016
2022-04-12T08:52:26,40210.36,3027.21,102.96,0.2361,15.51,59.9,17.79,85.07,5.603,156.35,0.5295,0.02151,0.00636,2.141,1.484,2.064,1.376,3.638,157.15,12.88,0.8069,1.547,0.5646,2.228,408.15,0.9534,47.46,0.7057,11.23,2.287e-05,0.2012,2.755,1.166,2.141,0.1912,7.919,0.4828,8.015
2022-04-12T08:52:56,40215.48,3027.36,102.96,0.2361,15.51,59.9,17.79,85.08,5.611,156.31,0.5297,0.02151,0.00636,2.141,1.485,2.064,1.376,3.637,157.12,12.88,0.8069,1.547,0.5646,2.227,408.23,0.9535,47.45,0.7059,11.23,2.287e-05,0.2012,2.756,1.166,2.141,0.1912,7.919,0.4829,8.02
2022-04-12T08:53:26,40215.43,3027.34,102.96,0.2363,15.51,59.7,17.78,85.08,5.609,156.33,0.5297,0.02152,0.00636,2.141,1.485,2.067,1.375,3.633,157.17,12.88,0.8058,1.549,0.5646,2.226,408.28,0.9535,47.44,0.7059,11.23,2.287e-05,0.2013,2.755,1.166,2.141,0.1912,7.92,0.4827,8.019
2022-04-12T08:53:56,40215.82,3027.38,102.96,0.2363,15.51,59.7,17.79,85.11,5.607,156.33,0.5304,0.02152,0.00636,2.141,1.485,2.067,1.375,3.633,157.17,12.88,0.8058,1.549,0.5646,2.228,408.23,0.9532,47.45,0.7059,11.23,2.287e-05,0.2013,2.755,1.166,2.141,0.1912,7.919,0.4826,8.015
2022-04-12T08:54:26,40225.77,3028.66,103.05,0.2365,15.51,59.7,17.79,85.15,5.609,156.4,0.5307,0.02153,0.00636,2.141,1.485,2.064,1.376,3.63,157.18,12.88,0.8058,1.549,0.5646,2.229,408.14,0.9537,47.45,0.706,11.19,2.289e-05,0.2013,2.756,1.167,2.142,0.1912,7.92,0.4826,8.014
2022-04-12T08:54:56,40233.13,3028.76,103.06,0.2366,15.51,59.7,17.8,85.19,5.619,156.39,0.5307,0.02155,0.006338,2.144,1.485,2.062,1.376,3.626,157.2,12.88,0.8058,1.55,0.5646,2.23,408.16,0.9544,47.46,0.7063,11.22,2.29e-05,0.2016,2.757,1.167,2.142,0.1912,7.927,0.4827,8.005
2022-04-12T08:55:26,40234.88,3028.68,103.03,0.2364,15.53,59.8,17.8,85.2,5.613,156.45,0.5307,0.02152,0.006356,2.142,1.486,2.062,1.377,3.626,157.19,12.88,0.8058,1.552,0.5646,2.23,408.24,0.9539,47.43,0.7066,11.22,2.289e-05,0.2016,2.756,1.167,2.142,0.1912,7.927,0.4829,8.017
2022-04-12T08:55:56,40237.83,3029.41,103.02,0.2362,15.55,59.8,17.8,85.22,5.614,156.46,0.5307,0.02153,0.006356,2.142,1.486,2.068,1.376,3.626,157.24,12.89,0.8058,1.552,0.5645,2.23,408.24,0.9545,47.42,0.7068,11.22,2.29e-05,0.2016,2.757,1.167,2.142,0.1912,7.926,0.483,8.018
2022-04-12T08:56:26,40237,3029.54,103.02,0.2362,15.55,59.9,17.8,85.21,5.615,156.42,0.5321,0.02154,0.006356,2.142,1.486,2.068,1.377,3.626,157.23,12.89,0.8058,1.552,0.5645,2.23,408.33,0.9546,47.39,0.7069,11.24,2.29e-05,0.2016,2.756,1.167,2.141,0.1912,7.927,0.4833,8.019
2022-04-12T08:56:56,40230.97,3028.77,102.98,0.2362,15.55,59.9,17.8,85.21,5.621,156.35,0.5321,0.02154,0.006356,2.142,1.486,2.071,1.376,3.63,157.23,12.86,0.8058,1.552,0.5645,2.229,408.32,0.9547,47.42,0.7069,11.24,2.29e-05,0.2016,2.756,1.167,2.141,0.1912,7.924,0.4831,8.017
2022-04-12T08:57:26,40230.62,3028.76,103.01,0.2361,15.55,59.9,17.8,85.21,5.616,156.35,0.5321,0.02153,0.006356,2.142,1.486,2.068,1.376,3.629,157.19,12.86,0.8074,1.552,0.5645,2.228,408.23,0.9544,47.42,0.707,11.24,2.288e-05,0.2016,2.755,1.167,2.14,0.1912,7.927,0.4829,8.017
2022-04-12T08:57:56,40220.37,3028.49,102.99,0.2361,15.55,59.9,17.79,85.21,5.611,156.34,0.5321,0.02153,0.006342,2.141,1.486,2.067,1.376,3.629,157.17,12.88,0.8074,1.551,0.5645,2.228,408.29,0.9542,47.42,0.7068,11.23,2.288e-05,0.2016,2.755,1.166,2.14,0.1912,7.925,0.4829,8.019
2022-04-12T08:58:26,40196.27,3026.53,103,0.2361,15.53,59.9,17.78,85.17,5.611,156.3,0.5321,0.02151,0.006342,2.141,1.486,2.066,1.375,3.62,157.11,12.88,0.8074,1.546,0.5645,2.226,408.28,0.9541,47.39,0.7069,11.23,2.289e-05,0.2012,2.752,1.165,2.14,0.1912,7.922,0.4829,8.019
2022-04-12T08:58:56,40185.03,3025.43,102.94,0.2361,15.53,59.9,17.77,85.14,5.612,156.3,0.5303,0.02151,0.00635,2.141,1.484,2.066,1.375,3.617,157.08,12.81,0.8074,1.544,0.5645,2.225,407.96,0.9535,47.38,0.7066,11.2,2.288e-05,0.2011,2.75,1.165,2.138,0.1912,7.917,0.4829,8.019
2022-04-12T08:59:26,40192.43,3027.05,103,0.2363,15.55,59.9,17.77,85.11,5.611,156.31,0.5303,0.02152,0.006324,2.141,1.484,2.066,1.375,3.617,157.11,12.81,0.8101,1.544,0.5645,2.227,408.07,0.9532,47.39,0.7068,11.2,2.288e-05,0.2011,2.751,1.165,2.139,0.1912,7.917,0.4831,8.018
2022-04-12T08:59:56,40187.3,3026.94,103,0.2364,15.55,59.8,17.77,85.12,5.608,156.33,0.5297,0.02152,0.006324,2.141,1.484,2.065,1.376,3.618,157.12,12.81,0.804,1.544,0.5645,2.226,408.08,0.9535,47.4,0.7069,11.21,2.288e-05,0.2011,2.751,1.166,2.139,0.1913,7.915,0.4832,8.014
2022-04-12T09:00:26,40199.3,3027.62,103.09,0.2368,15.55,59.8,17.79,85.14,5.616,156.35,0.5295,0.02152,0.006324,2.14,1.484,2.066,1.376,3.617,157.13,12.81,0.804,1.543,0.5645,2.228,408.18,0.954,47.41,0.7071,11.21,2.288e-05,0.2011,2.755,1.167,2.14,0.1914,7.921,0.4831,8.02
2022-04-12T09:00:56,40183.49,3024.91,102.88,0.2363,15.55,59.8,17.77,85.1,5.613,156.16,0.5295,0.0215,0.006324,2.14,1.483,2.066,1.375,3.618,157.07,12.8,0.804,1.542,0.5645,2.225,408.12,0.9538,47.4,0.7069,11.21,2.287e-05,0.2012,2.753,1.166,2.14,0.1912,7.906,0.4824,8.019
2022-04-12T09:01:26,40149.46,3022.73,102.71,0.2362,15.55,59.8,17.76,84.94,5.608,155.96,0.529,0.02151,0.006324,2.137,1.483,2.064,1.374,3.611,157.03,12.8,0.804,1.543,0.5645,2.224,407.89,0.9523,47.3,0.7064,11.15,2.286e-05,0.2012,2.752,1.163,2.137,0.1911,7.893,0.4812,8.014
2022-04-12T09:01:56,40140.3,3018.58,102.64,0.2359,15.53,59.8,17.75,84.9,5.606,155.87,0.5295,0.02149,0.006312,2.135,1.481,2.069,1.373,3.611,157.04,12.8,0.804,1.543,0.5645,2.222,407.88,0.9521,47.29,0.7063,11.15,2.283e-05,0.2008,2.746,1.162,2.135,0.1909,7.885,0.4811,8.011
2022-04-12T09:02:26,40147.32,3019.35,102.7,0.2358,15.53,59.8,17.75,84.93,5.605,155.99,0.5278,0.02151,0.006312,2.135,1.481,2.069,1.372,3.614,157.08,12.8,0.804,1.54,0.5645,2.223,407.57,0.9522,47.3,0.7063,11.16,2.284e-05,0.2006,2.748,1.162,2.136,0.191,7.886,0.4814,8
2022-04-12T09:02:56,40156.06,3018.1,102.73,0.2357,15.55,59.8,17.76,84.98,5.61,155.95,0.5278,0.02149,0.006319,2.135,1.481,2.067,1.373,3.622,157.08,12.8,0.804,1.541,0.5645,2.224,407.75,0.9517,47.34,0.7064,11.17,2.284e-05,0.2009,2.748,1.162,2.137,0.1911,7.885,0.4814,8.005
2022-04-12T09:03:26,40149.05,3019.65,102.72,0.2359,15.55,59.8,17.76,84.95,5.612,155.94,0.5291,0.02148,0.006332,2.135,1.481,2.066,1.373,3.622,157.07,12.8,0.804,1.543,0.5645,2.225,407.7,0.9521,47.34,0.7064,11.17,2.285e-05,0.2007,2.748,1.162,2.136,0.1911,7.885,0.4815,8.009
2022-04-12T09:03:56,40151.43,3019.72,102.68,0.2359,15.55,59.9,17.76,84.94,5.614,155.97,0.5299,0.02147,0.006329,2.135,1.481,2.075,1.374,3.614,157.08,12.8,0.8024,1.541,0.5645,2.224,407.71,0.9521,47.38,0.7066,11.17,2.284e-05,0.2007,2.747,1.162,2.136,0.1911,7.885,0.4812,8.009
2022-04-12T09:04:26,40149.82,3019.52,102.62,0.2358,15.55,59.9,17.75,84.92,5.591,155.91,0.53,0.02148,0.006329,2.135,1.481,2.075,1.373,3.615,157.08,12.8,0.8024,1.536,0.5645,2.225,407.7,0.9515,47.38,0.7063,11.17,2.284e-05,0.2007,2.747,1.161,2.136,0.1911,7.879,0.4811,8.007
2022-04-12T09:04:56,40133.52,3017.96,102.51,0.2356,15.55,59.9,17.75,84.87,5.583,155.86,0.53,0.02146,0.006307,2.135,1.481,2.074,1.373,3.615,156.96,12.8,0.8024,1.538,0.5645,2.224,407.53,0.9511,47.35,0.7061,11.17,2.282e-05,0.2006,2.745,1.161,2.136,0.191,7.877,0.4812,7.994
2022-04-12T09:05:26,40138.09,3018.7,102.51,0.2357,15.47,59.9,17.76,84.87,5.586,155.81,0.5292,0.02142,0.006307,2.138,1.48,2.075,1.373,3.613,156.89,12.8,0.8024,1.542,0.5645,2.224,407.52,0.9506,47.36,0.7062,11.17,2.282e-05,0.2006,2.746,1.161,2.136,0.191,7.877,0.4812,7.98
2022-04-12T09:05:56,40134.56,3018.99,102.52,0.2358,15.47,59.9,17.75,84.84,5.584,155.74,0.5302,0.02137,0.006307,2.138,1.48,2.075,1.373,3.616,156.83,12.8,0.8024,1.542,0.5645,2.223,407.68,0.9505,47.34,0.7062,11.17,2.281e-05,0.2006,2.745,1.161,2.135,0.191,7.871,0.4812,7.974
2022-04-12T09:06:26,40078.89,3016.79,102.35,0.2357,15.47,59.7,17.7,84.74,5.581,155.63,0.5284,0.02136,0.006307,2.135,1.477,2.075,1.373,3.616,156.71,12.8,0.8024,1.538,0.5645,2.222,407.17,0.9496,47.28,0.7059,11.12,2.28e-05,0.2004,2.743,1.158,2.135,0.1909,7.843,0.4809,7.973
2022-04-12T09:06:56,40096.86,3017.58,102.36,0.2356,15.47,59.6,17.7,84.73,5.581,155.78,0.5284,0.02135,0.006307,2.135,1.478,2.075,1.373,3.616,156.66,12.8,0.8024,1.538,0.5645,2.22,407.11,0.9486,47.27,0.7053,11.12,2.28e-05,0.2004,2.742,1.159,2.133,0.1908,7.842,0.4809,7.963
2022-04-12T09:07:26,40092.86,3017.11,102.36,0.2353,15.47,59.5,17.7,84.71,5.577,156.06,0.5292,0.02137,0.006307,2.135,1.478,2.075,1.372,3.612,156.62,12.76,0.8011,1.538,0.5645,2.22,407.05,0.9485,47.26,0.7052,11.14,2.278e-05,0.2004,2.742,1.159,2.133,0.1908,7.829,0.4797,7.966
2022-04-12T09:07:56,40080.51,3017,102.31,0.2351,15.49,59.4,17.7,84.65,5.573,156.16,0.5277,0.02135,0.00631,2.135,1.478,2.076,1.371,3.604,156.54,12.76,0.8011,1.537,0.5645,2.219,407.01,0.9479,47.22,0.7051,11.11,2.278e-05,0.2001,2.741,1.159,2.132,0.1908,7.831,0.4797,7.964
2022-04-12T09:08:26,40084.59,3017.52,102.45,0.2352,15.49,59.4,17.7,84.67,5.577,156.09,0.5291,0.02138,0.00631,2.135,1.477,2.071,1.371,3.604,156.5,12.77,0.8011,1.537,0.5645,2.221,407.01,0.948,47.19,0.7051,11.11,2.278e-05,0.2002,2.742,1.159,2.133,0.1909,7.833,0.4794,7.969
2022-04-12T09:08:56,40096.01,3017.45,102.47,0.2353,15.49,59.6,17.7,84.67,5.579,155.95,0.5291,0.0214,0.00631,2.135,1.478,2.071,1.372,3.607,156.5,12.77,0.8011,1.537,0.5645,2.22,407.09,0.9483,47.18,0.7053,11.11,2.278e-05,0.2003,2.743,1.159,2.133,0.1909,7.837,0.4797,7.969
2022-04-12T09:09:26,40088.84,3017.96,102.4,0.2353,15.47,59.5,17.7,84.65,5.567,156.06,0.5262,0.02141,0.00631,2.135,1.478,2.073,1.372,3.606,156.49,12.8,0.8015,1.534,0.5645,2.22,407.08,0.9482,47.15,0.7053,11.11,2.278e-05,0.2003,2.742,1.159,2.133,0.1908,7.837,0.4797,7.965
2022-04-12T09:09:56,40065.01,3016.99,102.3,0.2351,15.47,59.5,17.69,84.59,5.564,156.1,0.5252,0.0214,0.00631,2.135,1.478,2.075,1.371,3.607,156.47,12.8,0.8015,1.534,0.5645,2.219,406.82,0.9476,47.15,0.705,11.08,2.277e-05,0.2003,2.741,1.158,2.132,0.1908,7.833,0.4796,7.959
2022-04-12T09:10:26,40073.15,3017.31,102.38,0.2353,15.47,59.5,17.7,84.61,5.565,156.06,0.5254,0.02139,0.00631,2.135,1.478,2.075,1.371,3.61,156.48,12.76,0.8015,1.534,0.5645,2.22,406.8,0.9475,47.16,0.705,11.07,2.278e-05,0.2003,2.742,1.159,2.132,0.1908,7.829,0.4798,7.962
2022-04-12T09:10:56,40102.7,3019.21,102.4,0.2354,15.47,59.7,17.7,84.67,5.575,156.19,0.5254,0.0214,0.00631,2.135,1.481,2.078,1.373,3.61,156.54,12.76,0.8015,1.538,0.5645,2.221,406.86,0.9482,47.17,0.7052,11.07,2.281e-05,0.2004,2.743,1.16,2.133,0.1909,7.832,0.4802,7.963
2022-04-12T09:11:26,40093.25,3019.08,102.41,0.2353,15.47,59.7,17.7,84.68,5.577,156.2,0.5248,0.02142,0.00631,2.135,1.48,2.077,1.372,3.612,156.51,12.8,0.8015,1.537,0.5645,2.221,406.94,0.9486,47.18,0.7052,11.11,2.281e-05,0.2004,2.742,1.16,2.133,0.1909,7.836,0.4801,7.963
2022-04-12T09:11:56,40084.44,3018.51,102.36,0.2351,15.5,59.7,17.7,84.66,5.576,156.19,0.5248,0.0214,0.00631,2.135,1.479,2.077,1.372,3.613,156.45,12.8,0.8052,1.535,0.5645,2.219,406.77,0.9475,47.17,0.7049,11.11,2.281e-05,0.2002,2.741,1.159,2.132,0.1909,7.834,0.4799,7.961
2022-04-12T09:12:26,40082.49,3017.15,102.54,0.2351,15.5,59.7,17.7,84.64,5.574,156.26,0.5248,0.02139,0.00631,2.135,1.479,2.077,1.372,3.612,156.45,12.8,0.8052,1.533,0.5645,2.22,406.72,0.9475,47.15,0.705,11.11,2.28e-05,0.2003,2.742,1.159,2.132,0.1908,7.832,0.4797,7.957
2022-04-12T09:12:56,40062.79,3016.19,102.43,0.235,15.5,59.7,17.68,84.59,5.569,156.18,0.5248,0.02141,0.00631,2.135,1.477,2.075,1.372,3.607,156.39,12.8,0.807,1.534,0.5645,2.22,406.48,0.9465,47.13,0.7049,11.11,2.279e-05,0.2002,2.742,1.159,2.132,0.1908,7.829,0.4797,7.959
2022-04-12T09:13:26,40061.47,3015.95,102.43,0.2348,15.49,59.7,17.68,84.57,5.576,156.16,0.5248,0.02139,0.00631,2.135,1.477,2.075,1.371,3.605,156.35,12.8,0.807,1.532,0.5645,2.219,406.34,0.9456,47.11,0.7046,11.11,2.278e-05,0.2002,2.742,1.159,2.131,0.1907,7.826,0.4796,7.947
2022-04-12T09:13:56,40091.55,3017.51,102.57,0.235,15.5,59.5,17.69,84.6,5.579,156.24,0.5238,0.0214,0.00631,2.136,1.478,2.077,1.372,3.614,156.38,12.8,0.8088,1.533,0.5645,2.22,406.41,0.9468,47.11,0.7047,11.11,2.279e-05,0.2003,2.742,1.16,2.132,0.1909,7.836,0.48,7.953
2022-04-12T09:14:26,40077.35,3016.93,102.55,0.2349,15.5,59.5,17.68,84.6,5.577,156.22,0.5225,0.02139,0.00631,2.136,1.478,2.076,1.372,3.607,156.32,12.8,0.8088,1.532,0.5645,2.22,406.51,0.9458,47.12,0.7046,11.11,2.279e-05,0.2003,2.743,1.159,2.132,0.1908,7.842,0.48,7.953
2022-04-12T09:14:56,40087.89,3016.39,102.56,0.2349,15.5,59.5,17.68,84.6,5.579,156.25,0.5225,0.02139,0.00631,2.136,1.478,2.077,1.372,3.607,156.34,12.8,0.8088,1.532,0.5645,2.22,406.57,0.9455,47.1,0.7045,11.11,2.278e-05,0.2003,2.743,1.16,2.132,0.1908,7.844,0.4798,7.951
2022-04-12T09:15:26,40082.11,3015.52,102.66,0.235,15.5,59.5,17.68,84.66,5.576,156.27,0.5227,0.02139,0.00631,2.136,1.477,2.071,1.372,3.61,156.32,12.77,0.8088,1.532,0.5645,2.221,406.39,0.9451,47.1,0.7046,11.11,2.276e-05,0.2003,2.743,1.16,2.133,0.1908,7.848,0.4801,7.95
2022-04-12T09:15:56,40092.83,3015.86,102.73,0.2352,15.46,59.5,17.69,84.71,5.582,156.28,0.5164,0.0214,0.00631,2.136,1.478,2.072,1.373,3.61,156.4,12.77,0.8052,1.538,0.5645,2.222,406.67,0.9454,47.12,0.7049,11.11,2.277e-05,0.2004,2.746,1.16,2.134,0.1909,7.867,0.4803,7.964
2022-04-12T09:16:26,40095.76,3018.52,102.82,0.2351,15.46,59.5,17.7,84.75,5.582,156.4,0.5166,0.0214,0.00631,2.136,1.478,2.072,1.373,3.611,156.45,12.77,0.8052,1.538,0.5645,2.222,406.85,0.9462,47.15,0.7054,11.11,2.277e-05,0.2004,2.747,1.162,2.134,0.1911,7.876,0.4805,7.96
2022-04-12T09:16:56,40077.24,3018.16,102.66,0.235,15.46,59.6,17.7,84.76,5.575,156.55,0.5166,0.0214,0.00631,2.136,1.478,2.069,1.373,3.611,156.42,12.77,0.8052,1.538,0.5645,2.222,406.81,0.9452,47.19,0.7051,11.12,2.278e-05,0.2005,2.744,1.161,2.134,0.191,7.871,0.4807,7.961
2022-04-12T09:17:26,40071.54,3017.43,102.65,0.235,15.46,59.6,17.7,84.65,5.573,156.36,0.5156,0.02139,0.00631,2.136,1.478,2.069,1.372,3.608,156.33,12.77,0.8052,1.536,0.5645,2.221,406.7,0.9455,47.17,0.7049,11.12,2.277e-05,0.2003,2.744,1.16,2.133,0.191,7.867,0.4803,7.954
2022-04-12T09:17:56,40069.8,3017.55,102.63,0.2348,15.46,59.6,17.7,84.64,5.573,156.71,0.5156,0.02138,0.00631,2.136,1.478,2.069,1.372,3.611,156.35,12.77,0.8061,1.536,0.5645,2.221,406.71,0.9446,47.18,0.7048,11.12,2.277e-05,0.2003,2.743,1.16,2.133,0.191,7.865,0.4804,7.952
2022-04-12T09:18:26,40066.61,3018.48,102.63,0.2348,15.46,59.6,17.7,84.65,5.578,156.74,0.5156,0.02138,0.00631,2.136,1.478,2.069,1.372,3.611,156.4,12.8,0.8061,1.535,0.5645,2.22,406.68,0.9441,47.17,0.7049,11.11,2.276e-05,0.2003,2.744,1.16,2.133,0.1909,7.848,0.4802,7.95
2022-04-12T09:18:56,40077.95,3018.74,102.64,0.2347,15.46,59.7,17.7,84.69,5.584,156.81,0.5156,0.0214,0.00631,2.136,1.477,2.072,1.372,3.611,156.42,12.8,0.8061,1.54,0.5645,2.223,406.71,0.9445,47.19,0.7049,11.11,2.276e-05,0.2003,2.746,1.161,2.134,0.191,7.852,0.4803,7.95
2022-04-12T09:19:26,40077.23,3018.92,102.68,0.2347,15.46,59.7,17.71,84.63,5.579,157.32,0.5156,0.0214,0.00631,2.136,1.478,2.072,1.372,3.608,156.4,12.89,0.8062,1.539,0.5645,2.221,406.76,0.9446,47.2,0.7048,11.11,2.277e-05,0.2003,2.745,1.16,2.134,0.191,7.855,0.4804,7.951
2022-04-12T09:19:56,40074.69,3018.03,102.62,0.2346,15.46,59.6,17.71,84.61,5.576,157.21,0.5149,0.02139,0.00631,2.136,1.477,2.071,1.372,3.608,156.41,12.89,0.8062,1.539,0.5645,2.221,406.73,0.9441,47.2,0.7049,11.11,2.277e-05,0.2003,2.744,1.161,2.133,0.191,7.857,0.4803,7.951
2022-04-12T09:20:26,40082.43,3018.17,102.74,0.2347,15.46,59.6,17.7,84.64,5.574,157.15,0.5149,0.0214,0.00631,2.136,1.477,2.071,1.372,3.608,156.43,12.86,0.8062,1.539,0.5645,2.221,406.83,0.9441,47.2,0.7053,11.11,2.277e-05,0.2003,2.745,1.162,2.134,0.191,7.859,0.4806,7.951
2022-04-12T09:20:56,40059.67,3016.49,102.62,0.2344,15.53,59.6,17.69,84.65,5.567,157.28,0.516,0.02137,0.00631,2.136,1.477,2.074,1.371,3.609,156.33,12.86,0.8062,1.537,0.5645,2.22,406.68,0.944,47.19,0.705,11.11,2.277e-05,0.2004,2.743,1.161,2.132,0.1909,7.857,0.4806,7.951
2022-04-12T09:21:26,40063,3016.76,102.63,0.2344,15.53,59.6,17.7,84.61,5.566,157.45,0.516,0.02135,0.00631,2.136,1.477,2.074,1.371,3.602,156.36,12.84,0.8062,1.536,0.5645,2.22,406.55,0.9433,47.19,0.705,11.11,2.277e-05,0.2004,2.742,1.16,2.132,0.1909,7.847,0.4806,7.951
2022-04-12T09:21:56,40067.92,3016.02,102.69,0.2345,15.52,59.7,17.7,84.58,5.558,157.87,0.516,0.02134,0.00631,2.136,1.476,2.075,1.371,3.601,156.4,12.84,0.8062,1.537,0.5645,2.221,406.42,0.9431,47.18,0.705,11.11,2.277e-05,0.2004,2.744,1.161,2.132,0.1909,7.848,0.4806,7.951
2022-04-12T09:22:26,40063.61,3016.06,102.7,0.2346,15.52,59.7,17.7,84.57,5.565,158.24,0.516,0.02135,0.00631,2.136,1.476,2.074,1.371,3.601,156.42,12.84,0.8064,1.537,0.5645,2.221,406.46,0.9433,47.18,0.7049,11.11,2.276e-05,0.2004,2.744,1.161,2.133,0.1909,7.846,0.4806,7.95
2022-04-12T09:22:56,40058.18,3015.75,102.61,0.2344,15.52,59.7,17.69,84.54,5.562,156.86,0.516,0.02133,0.00631,2.136,1.476,2.077,1.37,3.601,156.41,12.84,0.8146,1.537,0.5645,2.22,406.33,0.943,47.18,0.7046,11.11,2.276e-05,0.2004,2.743,1.16,2.132,0.1909,7.839,0.4807,7.95
2022-04-12T09:23:26,40058.13,3015.57,102.55,0.2343,15.48,59.7,17.69,84.48,5.557,156.35,0.516,0.02132,0.00631,2.136,1.475,2.077,1.371,3.601,156.32,12.84,0.8069,1.537,0.5645,2.219,406.23,0.9419,47.17,0.7044,11.11,2.276e-05,0.2003,2.742,1.159,2.132,0.1909,7.83,0.4801,7.945
2022-04-12T09:23:56,40078.95,3016.85,102.63,0.2345,15.48,59.6,17.69,84.5,5.552,155.88,0.5149,0.02134,0.00631,2.136,1.475,2.074,1.371,3.598,156.36,12.84,0.8069,1.549,0.5645,2.22,406.31,0.943,47.19,0.7046,11.1,2.277e-05,0.2006,2.742,1.16,2.133,0.1908,7.83,0.48,7.945
2022-04-12T09:24:26,40088.31,3016.17,102.65,0.2345,15.48,59.7,17.7,84.52,5.557,155.82,0.5149,0.02134,0.00631,2.136,1.475,2.077,1.371,3.59,156.4,12.81,0.8069,1.549,0.5582,2.221,406.4,0.9425,47.22,0.7045,11.1,2.277e-05,0.2006,2.743,1.16,2.133,0.1908,7.834,0.4801,7.943
2022-04-12T09:24:56,40087.51,3016.45,102.65,0.2344,15.48,59.7,17.7,84.54,5.553,155.72,0.5149,0.02134,0.00631,2.136,1.474,2.075,1.371,3.59,156.41,12.81,0.8069,1.549,0.5582,2.221,406.44,0.9435,47.22,0.7049,11.1,2.275e-05,0.2006,2.742,1.16,2.133,0.1909,7.838,0.4799,7.945
2022-04-12T09:25:26,40097.87,3017.5,102.67,0.2344,15.48,59.7,17.71,84.56,5.562,155.69,0.5149,0.02138,0.006317,2.136,1.474,2.075,1.372,3.59,156.5,12.81,0.8069,1.549,0.5582,2.221,406.63,0.9436,47.25,0.7048,11.1,2.277e-05,0.2006,2.743,1.16,2.134,0.1908,7.846,0.4799,7.944
2022-04-12T09:25:56,40103.16,3018.14,102.77,0.2345,15.48,59.7,17.71,84.59,5.561,155.61,0.5149,0.02139,0.006317,2.136,1.476,2.075,1.371,3.59,156.47,12.81,0.8084,1.55,0.5582,2.221,406.73,0.9441,47.29,0.7047,11.1,2.277e-05,0.2004,2.744,1.16,2.133,0.1909,7.85,0.48,7.948
2022-04-12T09:26:26,40136.67,3019.12,102.83,0.2345,15.48,59.7,17.72,84.61,5.559,155.64,0.5149,0.02137,0.006317,2.136,1.476,2.076,1.372,3.588,156.48,12.81,0.8084,1.551,0.5582,2.223,406.99,0.9448,47.3,0.7055,11.1,2.276e-05,0.2006,2.745,1.16,2.134,0.1908,7.851,0.48,7.951
2022-04-12T09:26:56,40142.72,3019.51,102.86,0.2345,15.48,59.8,17.72,84.62,5.565,155.63,0.5153,0.02137,0.006317,2.136,1.477,2.077,1.373,3.586,156.45,12.81,0.8084,1.551,0.5582,2.224,407.04,0.9454,47.34,0.7056,11.1,2.277e-05,0.2006,2.747,1.162,2.135,0.1909,7.853,0.4802,7.957
2022-04-12T09:27:26,40136.24,3020.14,102.86,0.2347,15.48,59.7,17.73,84.64,5.555,155.24,0.5158,0.02138,0.006317,2.136,1.476,2.076,1.372,3.592,156.43,12.84,0.8084,1.551,0.5582,2.222,406.94,0.945,47.36,0.7056,11.1,2.277e-05,0.2006,2.747,1.162,2.135,0.191,7.851,0.48,7.958
2022-04-12T09:27:56,40138.17,3019.95,102.85,0.2347,15.48,59.7,17.73,84.65,5.559,155.43,0.5165,0.02135,0.006317,2.136,1.476,2.076,1.373,3.584,156.41,12.84,0.8094,1.553,0.5582,2.222,407.05,0.9447,47.34,0.7056,11.1,2.277e-05,0.2006,2.747,1.162,2.136,0.191,7.851,0.48,7.959
2022-04-12T09:28:26,40146.07,3020.33,102.88,0.2347,15.48,59.7,17.73,84.64,5.56,155.9,0.5165,0.02135,0.006317,2.136,1.476,2.077,1.373,3.587,156.32,12.84,0.8094,1.553,0.5582,2.221,407.18,0.9449,47.33,0.7056,11.1,2.277e-05,0.2006,2.748,1.162,2.135,0.191,7.851,0.48,7.958
2022-04-12T09:28:56,40149.7,3020.9,102.91,0.2348,15.48,59.9,17.75,84.65,5.558,156.19,0.5153,0.02136,0.006317,2.136,1.476,2.077,1.373,3.585,156.33,12.84,0.8094,1.554,0.5582,2.222,407.33,0.9451,47.34,0.7056,11.1,2.277e-05,0.2006,2.748,1.162,2.136,0.191,7.848,0.48,7.96
2022-04-12T09:29:26,40144.65,3019.07,102.86,0.2348,15.48,59.9,17.76,84.65,5.547,156.33,0.5161,0.02134,0.006317,2.136,1.477,2.077,1.371,3.591,156.32,12.84,0.8094,1.553,0.5582,2.221,407.23,0.9446,47.35,0.7055,11.1,2.276e-05,0.2005,2.747,1.162,2.136,0.191,7.844,0.4799,7.96
2022-04-12T09:29:56,40139.63,3019.82,102.85,0.2348,15.48,59.8,17.75,84.64,5.552,156.32,0.5159,0.02135,0.006317,2.136,1.477,2.076,1.373,3.592,156.29,12.84,0.8094,1.553,0.5582,2.221,407.27,0.9447,47.34,0.7055,11.1,2.276e-05,0.2005,2.747,1.161,2.136,0.191,7.842,0.4798,7.958
2022-04-12T09:30:26,40170.4,3021.7,102.96,0.235,15.48,59.8,17.76,84.73,5.552,156.42,0.5159,0.02138,0.006317,2.136,1.477,2.078,1.373,3.588,156.42,12.86,0.8091,1.553,0.5582,2.224,407.48,0.9452,47.42,0.7059,11.1,2.279e-05,0.2005,2.751,1.162,2.138,0.1911,7.856,0.4802,7.96
2022-04-12T09:30:56,40174.85,3022,102.99,0.2352,15.48,59.8,17.77,84.75,5.554,156.42,0.5157,0.02138,0.006339,2.136,1.478,2.078,1.374,3.588,156.45,12.86,0.8091,1.551,0.5582,2.225,407.55,0.946,47.42,0.706,11.1,2.28e-05,0.2007,2.751,1.162,2.138,0.1911,7.863,0.4804,7.966
2022-04-12T09:31:26,40161.57,3021.23,102.97,0.2353,15.68,59.8,17.76,84.73,5.549,156.33,0.5152,0.02136,0.006343,2.136,1.477,2.078,1.373,3.588,156.48,12.87,0.8091,1.548,0.5582,2.224,407.53,0.9464,47.41,0.7059,11.1,2.28e-05,0.2007,2.75,1.162,2.138,0.1911,7.863,0.4804,7.962
2022-04-12T09:31:56,40163.47,3021.33,102.99,0.2352,15.68,59.8,17.75,84.71,5.548,156.25,0.5157,0.02135,0.006343,2.136,1.477,2.078,1.373,3.588,156.41,12.87,0.8092,1.548,0.5582,2.224,407.27,0.9466,47.44,0.7059,11.14,2.279e-05,0.2007,2.75,1.163,2.137,0.1911,7.856,0.4804,7.956
2022-04-12T09:32:26,40164.57,3021.7,102.88,0.2353,15.68,59.8,17.75,84.68,5.547,156.28,0.5157,0.02134,0.006343,2.136,1.477,2.078,1.373,3.59,156.42,12.87,0.8092,1.546,0.5582,2.223,407.21,0.9464,47.43,0.7059,11.14,2.278e-05,0.2007,2.749,1.162,2.136,0.1911,7.855,0.4806,7.956
2022-04-12T09:32:56,40163.2,3021.51,102.87,0.2351,15.68,59.8,17.74,84.65,5.549,156.17,0.5151,0.02134,0.006343,2.136,1.477,2.078,1.372,3.588,156.38,12.87,0.8092,1.546,0.5582,2.223,407.12,0.9464,47.41,0.7057,11.14,2.279e-05,0.2007,2.748,1.161,2.137,0.1911,7.855,0.4804,7.954
2022-04-12T09:33:26,40138.4,3020.1,102.83,0.2349,15.68,59.8,17.71,84.59,5.543,156.14,0.5143,0.02132,0.006343,2.136,1.477,2.076,1.372,3.588,156.18,12.87,0.8092,1.548,0.5582,2.223,406.96,0.9461,47.33,0.7055,11.14,2.276e-05,0.2007,2.744,1.16,2.136,0.191,7.841,0.4805,7.953
2022-04-12T09:33:56,40118.32,3019.34,102.81,0.2347,15.68,59.8,17.7,84.55,5.549,155.9,0.5148,0.02131,0.006343,2.136,1.477,2.072,1.371,3.588,156.06,12.87,0.8092,1.543,0.5582,2.218,406.78,0.9459,47.3,0.7053,11.14,2.276e-05,0.2003,2.743,1.16,2.134,0.1909,7.839,0.4802,7.953
2022-04-12T09:34:26,40118.19,3019.07,102.69,0.2345,15.61,59.8,17.69,84.54,5.533,155.88,0.5148,0.02134,0.00633,2.136,1.474,2.072,1.37,3.581,156.04,12.87,0.809,1.543,0.5582,2.218,406.76,0.9446,47.31,0.7054,11.14,2.275e-05,0.2003,2.744,1.159,2.134,0.191,7.837,0.4803,7.95
2022-04-12T09:34:56,40117.23,3018.97,102.68,0.2347,15.59,59.8,17.69,84.53,5.541,155.88,0.5156,0.02134,0.00633,2.136,1.473,2.071,1.37,3.58,156.06,12.87,0.809,1.543,0.5582,2.219,406.78,0.9446,47.29,0.7053,11.14,2.274e-05,0.2003,2.745,1.159,2.133,0.1909,7.836,0.4803,7.948
2022-04-12T09:35:26,40119.85,3018.98,102.72,0.2345,15.59,59.8,17.7,84.54,5.551,156.01,0.5156,0.02137,0.006329,2.136,1.473,2.071,1.37,3.579,156.14,12.87,0.809,1.541,0.5582,2.219,406.75,0.9458,47.31,0.7054,11.14,2.273e-05,0.2003,2.744,1.159,2.134,0.191,7.842,0.4804,7.951
2022-04-12T09:35:56,40121.78,3018.6,102.72,0.2345,15.59,59.8,17.7,84.52,5.546,155.91,0.5157,0.02138,0.006329,2.136,1.473,2.071,1.371,3.576,156.13,12.87,0.809,1.541,0.5582,2.218,406.85,0.9457,47.3,0.7054,11.14,2.272e-05,0.2003,2.745,1.159,2.134,0.191,7.846,0.4807,7.95
2022-04-12T09:36:26,40119.38,3018.75,102.72,0.2348,15.59,59.8,17.69,84.52,5.545,155.91,0.5157,0.02139,0.006338,2.136,1.474,2.071,1.371,3.577,156.17,12.87,0.809,1.542,0.5582,2.218,406.94,0.9458,47.3,0.7055,11.19,2.272e-05,0.2003,2.745,1.159,2.134,0.191,7.845,0.4807,7.946
2022-04-12T09:36:56,40136.37,3019.54,102.86,0.2349,15.59,59.8,17.68,84.54,5.548,155.92,0.5158,0.02139,0.006338,2.136,1.475,2.071,1.372,3.58,156.27,12.87,0.8053,1.542,0.5582,2.22,407.15,0.9465,47.29,0.7059,11.19,2.272e-05,0.2005,2.748,1.16,2.135,0.1911,7.858,0.4807,7.959
2022-04-12T09:37:26,40137.21,3020.21,102.84,0.2351,15.63,59.9,17.68,84.57,5.547,155.95,0.5158,0.0214,0.006338,2.136,1.475,2.072,1.373,3.583,156.35,12.87,0.8053,1.542,0.5582,2.221,407.16,0.9464,47.32,0.7058,11.2,2.273e-05,0.2005,2.747,1.16,2.136,0.1911,7.858,0.4807,7.96
2022-04-12T09:37:56,40138.66,3020.73,102.79,0.2351,15.63,59.9,17.68,84.56,5.541,155.97,0.5158,0.02138,0.006338,2.136,1.474,2.074,1.372,3.59,156.33,12.87,0.8053,1.542,0.5582,2.221,407.09,0.9463,47.33,0.7057,11.2,2.273e-05,0.2005,2.747,1.161,2.137,0.1911,7.86,0.481,7.961
2022-04-12T09:38:26,40171.92,3022.4,103.01,0.2354,15.59,60.1,17.7,84.61,5.548,156.28,0.5158,0.02135,0.006338,2.136,1.475,2.076,1.374,3.59,156.53,12.87,0.8099,1.543,0.5582,2.225,407.42,0.9484,47.47,0.7061,11.2,2.275e-05,0.2005,2.75,1.162,2.137,0.1912,7.874,0.4813,7.962
2022-04-12T09:38:56,40192.8,3023.85,103.01,0.2354,15.6,60.1,17.7,84.67,5.548,156.36,0.5158,0.02135,0.006334,2.138,1.477,2.077,1.374,3.596,156.67,12.87,0.8099,1.543,0.5582,2.226,407.63,0.9486,47.46,0.7064,11.19,2.277e-05,0.2009,2.752,1.162,2.141,0.1912,7.876,0.4813,7.962
2022-04-12T09:39:26,40186.16,3023.94,103.01,0.2355,15.6,60.1,17.71,84.7,5.551,156.35,0.5156,0.02133,0.006334,2.138,1.477,2.077,1.374,3.597,156.6,12.87,0.8099,1.55,0.5582,2.228,407.67,0.9485,47.47,0.7062,11.2,2.277e-05,0.2009,2.752,1.163,2.141,0.1912,7.879,0.4815,7.964
2022-04-12T09:39:56,40197.14,3024.91,103.05,0.2355,15.6,60.1,17.71,84.76,5.549,156.36,0.5168,0.02135,0.006334,2.138,1.477,2.081,1.375,3.598,156.66,12.87,0.8112,1.551,0.5582,2.229,407.76,0.9486,47.51,0.7061,11.2,2.277e-05,0.2008,2.753,1.163,2.141,0.1912,7.878,0.4815,7.966
2022-04-12T09:40:26,40208.83,3025.52,103.07,0.2356,15.48,60.1,17.72,84.8,5.555,156.5,0.5168,0.02132,0.006334,2.138,1.477,2.081,1.375,3.598,156.7,12.87,0.8112,1.551,0.558,2.23,407.72,0.9488,47.54,0.7062,11.2,2.279e-05,0.2008,2.753,1.163,2.141,0.1912,7.877,0.4815,7.969
2022-04-12T09:40:56,40191.55,3024.75,103.03,0.2356,15.47,60.1,17.72,84.81,5.547,156.28,0.5156,0.02122,0.006331,2.138,1.477,2.084,1.374,3.599,156.51,12.87,0.8112,1.551,0.558,2.228,407.71,0.9486,47.53,0.7061,11.2,2.279e-05,0.2008,2.751,1.163,2.14,0.1911,7.877,0.4818,7.969
2022-04-12T09:41:26,40205.36,3025.03,103.03,0.2357,15.53,60,17.71,84.82,5.555,156.29,0.517,0.02123,0.006331,2.138,1.477,2.085,1.374,3.602,156.49,12.87,0.8146,1.549,0.558,2.229,407.74,0.9487,47.52,0.7062,11.2,2.279e-05,0.2009,2.753,1.164,2.14,0.1911,7.882,0.4818,7.969
2022-04-12T09:41:56,40184.38,3023.27,103.02,0.2354,15.53,60,17.7,84.68,5.549,156.23,0.517,0.02112,0.006331,2.138,1.475,2.083,1.373,3.593,156.39,12.87,0.8146,1.546,0.558,2.227,407.59,0.948,47.5,0.7059,11.19,2.277e-05,0.2007,2.751,1.162,2.139,0.1912,7.871,0.4813,7.969
2022-04-12T09:42:26,40183.21,3022.31,102.96,0.2354,15.53,60,17.7,84.63,5.55,156.23,0.517,0.02112,0.006331,2.138,1.475,2.083,1.373,3.579,156.4,12.87,0.8146,1.544,0.558,2.227,407.42,0.9474,47.46,0.7057,11.19,2.276e-05,0.2007,2.75,1.162,2.139,0.1911,7.87,0.4809,7.965
2022-04-12T09:42:56,40181.43,3022.05,103,0.2355,15.53,59.9,17.7,84.63,5.551,156.23,0.517,0.02112,0.006331,2.138,1.475,2.083,1.373,3.58,156.43,12.87,0.8146,1.544,0.558,2.227,407.36,0.9477,47.46,0.7057,11.19,2.279e-05,0.2007,2.75,1.162,2.139,0.1912,7.871,0.4811,7.966
2022-04-12T09:43:26,40169.56,3021.63,102.95,0.2355,15.53,59.9,17.7,84.62,5.549,156.12,0.517,0.02112,0.006331,2.135,1.476,2.075,1.372,3.58,156.4,12.87,0.8146,1.544,0.558,2.226,407.4,0.9471,47.44,0.7056,11.18,2.278e-05,0.2007,2.749,1.162,2.138,0.1912,7.872,0.481,7.97
2022-04-12T09:43:56,40163.01,3021.29,102.88,0.2354,15.53,59.9,17.7,84.62,5.544,156.08,0.517,0.02111,0.00631,2.135,1.475,2.074,1.373,3.578,156.4,12.87,0.8146,1.544,0.558,2.225,407.39,0.9473,47.42,0.7055,11.18,2.278e-05,0.2007,2.749,1.161,2.138,0.191,7.871,0.481,7.969
2022-04-12T09:44:26,40172.43,3023.27,102.9,0.2357,15.48,60,17.71,84.63,5.544,156.08,0.517,0.02105,0.006325,2.135,1.475,2.075,1.373,3.578,156.47,12.87,0.8108,1.544,0.558,2.227,407.51,0.9473,47.42,0.7056,11.2,2.277e-05,0.2006,2.751,1.161,2.138,0.1911,7.875,0.4811,7.972
2022-04-12T09:44:56,40184.01,3023.47,102.91,0.2357,15.44,59.9,17.7,84.65,5.554,156.06,0.5167,0.02107,0.006325,2.135,1.478,2.076,1.373,3.582,156.5,12.87,0.8108,1.548,0.558,2.226,407.53,0.9476,47.42,0.7058,11.23,2.278e-05,0.2007,2.75,1.162,2.14,0.1911,7.882,0.4816,7.971
2022-04-12T09:45:26,40192.16,3023.85,102.85,0.2358,15.44,59.9,17.7,84.63,5.554,156.18,0.5167,0.02109,0.006325,2.135,1.478,2.076,1.374,3.583,156.53,12.97,0.8108,1.548,0.558,2.227,407.66,0.9484,47.43,0.7058,11.23,2.278e-05,0.2007,2.75,1.162,2.14,0.1912,7.879,0.4816,7.98
2022-04-12T09:45:56,40186.26,3023.63,102.88,0.2359,15.44,60.1,17.7,84.59,5.55,156.2,0.5167,0.02102,0.006325,2.135,1.478,2.076,1.373,3.581,156.53,12.97,0.8113,1.548,0.558,2.227,407.59,0.948,47.43,0.7056,11.23,2.277e-05,0.2008,2.751,1.162,2.139,0.1911,7.879,0.4818,7.979
2022-04-12T09:46:26,40190.15,3023.18,102.91,0.2359,15.44,60.1,17.7,84.59,5.549,156.31,0.5167,0.02102,0.006325,2.136,1.478,2.075,1.374,3.581,156.61,12.97,0.8113,1.547,0.558,2.227,407.65,0.9483,47.44,0.706,11.21,2.277e-05,0.2008,2.751,1.162,2.139,0.1912,7.883,0.4819,7.981
2022-04-12T09:46:56,40178.23,3021.92,102.87,0.2357,15.44,60.1,17.7,84.52,5.552,156.22,0.5167,0.02102,0.006336,2.136,1.478,2.075,1.372,3.58,156.56,12.97,0.8107,1.547,0.558,2.227,407.55,0.9485,47.45,0.7058,11.23,2.277e-05,0.2006,2.75,1.161,2.139,0.1911,7.884,0.4816,7.987
2022-04-12T09:47:26,40178.12,3022.2,102.79,0.2358,15.44,60,17.7,84.5,5.552,156.17,0.5167,0.021,0.006336,2.136,1.478,2.075,1.372,3.582,156.57,12.97,0.8107,1.545,0.558,2.227,407.48,0.9478,47.46,0.7058,11.24,2.277e-05,0.2006,2.749,1.161,2.139,0.1911,7.88,0.4817,7.985
2022-04-12T09:47:56,40176.98,3022.13,102.76,0.2357,15.38,60,17.7,84.49,5.552,156.15,0.5167,0.021,0.006336,2.136,1.478,2.075,1.373,3.58,156.56,12.97,0.8107,1.545,0.558,2.226,407.48,0.9479,47.46,0.7057,11.25,2.277e-05,0.2006,2.75,1.161,2.138,0.1911,7.874,0.4816,7.987
2022-04-12T09:48:26,40178.07,3023.34,102.83,0.2358,15.4,60,17.71,84.52,5.553,156.27,0.5167,0.02096,0.006336,2.136,1.478,2.075,1.372,3.583,156.61,12.97,0.8107,1.542,0.558,2.227,407.59,0.948,47.47,0.7058,11.25,2.278e-05,0.2008,2.751,1.161,2.14,0.1911,7.871,0.4817,7.994
2022-04-12T09:48:56,40156.81,3020.55,102.65,0.2353,15.43,60,17.69,84.44,5.553,156.09,0.5167,0.02091,0.006336,2.136,1.478,2.074,1.371,3.579,156.5,12.97,0.8107,1.54,0.558,2.224,407.4,0.947,47.44,0.7053,11.24,2.275e-05,0.2008,2.747,1.16,2.137,0.1911,7.862,0.4813,7.992
2022-04-12T09:49:26,40140.38,3020.34,102.66,0.2353,15.43,60,17.69,84.44,5.545,156.13,0.5155,0.02084,0.006336,2.135,1.477,2.073,1.372,3.58,156.51,12.97,0.8096,1.54,0.558,2.223,407.22,0.9468,47.42,0.7051,11.29,2.275e-05,0.2008,2.747,1.159,2.137,0.1911,7.859,0.4816,7.983
2022-04-12T09:49:56,40167.12,3022.67,102.84,0.2356,15.4,60,17.7,84.51,5.554,156.19,0.5154,0.02082,0.00634,2.135,1.477,2.074,1.372,3.578,156.53,12.97,0.8096,1.541,0.558,2.224,407.31,0.9476,47.46,0.7051,11.29,2.277e-05,0.2008,2.748,1.161,2.138,0.1911,7.861,0.4816,7.99
2022-04-12T09:50:26,40169.34,3023.17,102.84,0.2355,15.4,60.1,17.7,84.51,5.554,156.12,0.5155,0.02084,0.00634,2.135,1.478,2.08,1.372,3.581,156.6,12.97,0.8096,1.541,0.558,2.226,407.52,0.9481,47.51,0.705,11.31,2.277e-05,0.2007,2.75,1.161,2.139,0.1911,7.866,0.4817,7.992
2022-04-12T09:50:56,40175.12,3023.49,102.92,0.2357,15.38,60.1,17.71,84.55,5.553,156.23,0.5155,0.02085,0.00634,2.135,1.478,2.081,1.373,3.579,156.64,12.97,0.8096,1.541,0.558,2.227,407.85,0.9484,47.53,0.7053,11.35,2.278e-05,0.2007,2.75,1.162,2.139,0.1911,7.873,0.4817,7.991
2022-04-12T09:51:26,40180.06,3024.21,102.95,0.2357,15.38,60.1,17.7,84.59,5.554,156.2,0.5155,0.02085,0.00634,2.135,1.478,2.08,1.373,3.577,156.66,12.97,0.8093,1.543,0.558,2.229,407.97,0.9487,47.55,0.7054,11.37,2.278e-05,0.2007,2.75,1.162,2.14,0.1911,7.883,0.4817,7.994
2022-04-12T09:51:56,40177.92,3024.55,102.95,0.2357,15.38,60,17.71,84.59,5.559,156.21,0.5155,0.02087,0.00634,2.135,1.478,2.08,1.373,3.576,156.67,12.97,0.8093,1.543,0.558,2.228,407.94,0.9487,47.57,0.7055,11.37,2.279e-05,0.2007,2.751,1.162,2.14,0.1911,7.888,0.482,7.995
2022-04-12T09:52:26,40171.33,3024.65,103,0.2358,15.38,60,17.71,84.59,5.559,156.16,0.5155,0.02086,0.00634,2.135,1.478,2.079,1.373,3.577,156.73,12.97,0.8093,1.543,0.558,2.228,407.97,0.9486,47.59,0.7057,11.36,2.279e-05,0.2007,2.752,1.162,2.141,0.1911,7.89,0.4822,8
2022-04-12T09:52:56,40150.19,3022.92,102.89,0.2358,15.38,60,17.7,84.53,5.545,156.01,0.5144,0.02089,0.00633,2.135,1.478,2.078,1.373,3.573,156.66,12.97,0.8093,1.543,0.558,2.224,407.8,0.9479,47.56,0.7053,11.42,2.279e-05,0.2005,2.748,1.16,2.138,0.1911,7.901,0.4818,7.996
2022-04-12T09:53:26,40145.28,3022.76,102.87,0.2357,15.38,60,17.69,84.49,5.542,156,0.515,0.02088,0.00633,2.135,1.478,2.078,1.372,3.572,156.61,12.97,0.8103,1.54,0.558,2.222,407.62,0.9473,47.49,0.705,11.45,2.278e-05,0.2005,2.748,1.159,2.137,0.1911,7.899,0.4811,7.992
2022-04-12T09:53:56,40143.17,3021.37,102.81,0.2353,15.38,60,17.68,84.48,5.54,155.93,0.5151,0.02088,0.00631,2.135,1.478,2.078,1.372,3.569,156.58,12.97,0.8103,1.54,0.558,2.223,407.55,0.947,47.48,0.7049,11.44,2.276e-05,0.2005,2.748,1.159,2.137,0.191,7.899,0.4813,7.989
2022-04-12T09:54:26,40146.96,3022.58,102.83,0.2354,15.38,60,17.69,84.52,5.538,155.95,0.5159,0.02088,0.006293,2.135,1.477,2.078,1.372,3.569,156.67,12.97,0.8103,1.54,0.558,2.221,407.54,0.9473,47.48,0.7051,11.42,2.277e-05,0.2004,2.748,1.159,2.136,0.1912,7.901,0.4809,7.997
2022-04-12T09:54:56,40181.44,3023.26,103.01,0.2357,15.38,60.1,17.7,84.57,5.55,155.98,0.5157,0.02091,0.006295,2.137,1.477,2.08,1.372,3.571,156.72,12.97,0.8103,1.545,0.558,2.22,407.55,0.9478,47.51,0.7051,11.4,2.279e-05,0.2004,2.749,1.16,2.137,0.1912,7.917,0.4813,7.997
2022-04-12T09:55:26,40210.49,3024.63,103.09,0.236,15.38,60.1,17.71,84.66,5.555,156.21,0.5156,0.02095,0.006295,2.137,1.48,2.082,1.374,3.577,156.81,13,0.8103,1.546,0.558,2.222,407.99,0.9484,47.56,0.7054,11.49,2.281e-05,0.2008,2.753,1.161,2.14,0.1913,7.921,0.4818,8.01
2022-04-12T09:55:56,40221.38,3026.79,103.17,0.2361,15.38,60.1,17.72,84.76,5.569,156.35,0.5156,0.02093,0.006313,2.137,1.48,2.082,1.375,3.578,156.82,13,0.8103,1.548,0.558,2.224,408.09,0.9486,47.57,0.7056,11.45,2.281e-05,0.2008,2.754,1.162,2.14,0.1913,7.923,0.4821,8.018
2022-04-12T09:56:26,40230.72,3027.74,103.25,0.2359,15.38,60.2,17.72,84.81,5.566,156.34,0.5161,0.02096,0.006316,2.137,1.479,2.083,1.375,3.581,156.8,13,0.8103,1.549,0.558,2.225,408.19,0.9487,47.56,0.7056,11.4,2.283e-05,0.2009,2.754,1.162,2.14,0.1912,7.919,0.4819,8.015
2022-04-12T09:56:56,40227.05,3026.69,103.19,0.2359,15.38,60.2,17.73,84.81,5.561,156.32,0.5165,0.02096,0.006321,2.137,1.48,2.083,1.376,3.58,156.84,13,0.8103,1.548,0.558,2.225,408.19,0.9486,47.56,0.7056,11.4,2.282e-05,0.2009,2.753,1.162,2.14,0.1912,7.918,0.4818,8.02
2022-04-12T09:57:26,40216.27,3025.96,103.2,0.2359,15.38,60.1,17.72,84.8,5.563,156.37,0.5161,0.02093,0.006321,2.137,1.48,2.082,1.376,3.584,156.89,13,0.8103,1.551,0.558,2.225,408.07,0.9497,47.55,0.7057,11.4,2.282e-05,0.2009,2.752,1.162,2.14,0.1913,7.919,0.4818,8.017
2022-04-12T09:57:56,40218.97,3026.19,103.2,0.2359,15.38,60.1,17.72,84.81,5.563,156.39,0.5161,0.02094,0.006321,2.137,1.48,2.083,1.375,3.584,156.93,13,0.8103,1.55,0.558,2.226,408.04,0.9497,47.51,0.7056,11.39,2.282e-05,0.2009,2.753,1.162,2.141,0.1913,7.919,0.4822,8.019
2022-04-12T09:58:26,40227.21,3027.68,103.22,0.2362,15.38,60.1,17.73,84.86,5.559,156.43,0.5182,0.02094,0.006321,2.137,1.48,2.083,1.375,3.584,157,13,0.8118,1.55,0.558,2.226,408.2,0.9504,47.56,0.7058,11.39,2.283e-05,0.2014,2.761,1.163,2.142,0.1913,7.923,0.4821,8.015
2022-04-12T09:58:56,40236.44,3027.71,103.22,0.2363,15.38,60.2,17.73,84.87,5.569,156.41,0.5181,0.02096,0.006321,2.135,1.48,2.083,1.377,3.59,157.05,13,0.8118,1.55,0.558,2.227,408.24,0.9505,47.55,0.7059,11.41,2.284e-05,0.2015,2.763,1.163,2.144,0.1913,7.925,0.4821,8.015
2022-04-12T09:59:26,40216.83,3026.56,103.25,0.2362,15.38,60.1,17.72,84.88,5.564,156.43,0.5181,0.02097,0.006321,2.135,1.48,2.083,1.376,3.592,157.15,13,0.8111,1.55,0.558,2.225,408.16,0.9503,47.55,0.7059,11.41,2.284e-05,0.2015,2.76,1.163,2.144,0.1913,7.939,0.4821,8.019
2022-04-12T09:59:56,40209.08,3026.08,103.23,0.2361,15.35,60.1,17.72,84.88,5.546,156.32,0.5181,0.02099,0.006301,2.135,1.481,2.086,1.375,3.59,157.15,13,0.8132,1.55,0.558,2.224,408.11,0.9503,47.53,0.7057,11.46,2.283e-05,0.2012,2.761,1.163,2.142,0.1913,7.939,0.4821,8.019
2022-04-12T10:00:26,40206.57,3025.8,103.23,0.236,15.35,60.1,17.72,84.84,5.553,156.32,0.5181,0.02099,0.006302,2.135,1.481,2.085,1.375,3.589,157.16,13,0.8132,1.55,0.558,2.223,407.97,0.9499,47.49,0.7054,11.47,2.283e-05,0.2013,2.761,1.163,2.143,0.1912,7.935,0.482,8.018
2022-04-12T10:00:56,40212.43,3026.08,103.21,0.2361,15.35,60.1,17.73,84.81,5.555,156.29,0.5183,0.021,0.006302,2.136,1.481,2.085,1.374,3.589,157.19,13,0.8137,1.55,0.558,2.224,408,0.9502,47.5,0.7053,11.47,2.283e-05,0.2013,2.761,1.162,2.143,0.1912,7.945,0.4824,8.013
2022-04-12T10:01:26,40215.92,3025.69,103.19,0.2363,15.35,60.1,17.72,84.82,5.549,156.27,0.5183,0.02102,0.006302,2.136,1.481,2.086,1.375,3.592,157.18,13,0.8137,1.55,0.558,2.224,408.14,0.9502,47.49,0.7054,11.53,2.285e-05,0.2013,2.761,1.163,2.142,0.1913,7.945,0.4824,8.014
2022-04-12T10:01:56,40220.28,3026.27,103.19,0.2364,15.35,60.1,17.73,84.82,5.553,156.28,0.5183,0.02102,0.006302,2.136,1.48,2.086,1.375,3.592,157.17,13,0.8137,1.55,0.558,2.225,408.14,0.9501,47.51,0.7054,11.54,2.285e-05,0.2013,2.761,1.163,2.143,0.1912,7.954,0.4831,8.014
2022-04-12T10:02:26,40223.78,3026.81,103.28,0.2364,15.35,60.1,17.73,84.84,5.561,156.32,0.5183,0.02101,0.006302,2.136,1.48,2.086,1.375,3.596,157.18,12.99,0.8117,1.55,0.558,2.226,408.35,0.9504,47.51,0.7054,11.57,2.287e-05,0.2013,2.763,1.163,2.144,0.1913,7.967,0.4832,8.013
2022-04-12T10:02:56,40237.01,3027.35,103.31,0.2366,15.35,60.1,17.74,84.84,5.558,156.35,0.5183,0.02102,0.006302,2.136,1.481,2.087,1.375,3.595,157.19,12.99,0.8076,1.55,0.558,2.227,408.3,0.9508,47.55,0.7055,11.59,2.287e-05,0.2013,2.764,1.164,2.145,0.1913,7.966,0.4833,8.013
2022-04-12T10:03:26,40233.83,3027.63,103.33,0.2365,15.35,60.1,17.74,84.89,5.562,156.45,0.5183,0.02104,0.006298,2.141,1.48,2.087,1.375,3.596,157.16,12.96,0.8076,1.55,0.558,2.226,408.35,0.9507,47.56,0.7054,11.59,2.289e-05,0.2016,2.765,1.164,2.144,0.1912,7.955,0.4832,8.019
2022-04-12T10:03:56,40223.48,3027.22,103.33,0.2364,15.38,60.1,17.74,84.9,5.56,156.4,0.5183,0.02103,0.006298,2.141,1.479,2.08,1.375,3.596,157.14,12.96,0.8146,1.55,0.558,2.225,408.27,0.9501,47.57,0.7054,11.54,2.289e-05,0.2015,2.764,1.164,2.144,0.1913,7.95,0.4832,8.016
2022-04-12T10:04:26,40218.69,3026.57,103.33,0.2363,15.38,60.1,17.74,84.9,5.551,156.35,0.5158,0.02098,0.006298,2.134,1.479,2.073,1.375,3.597,157.12,12.96,0.8146,1.55,0.558,2.225,408.16,0.9507,47.56,0.7052,11.54,2.289e-05,0.2014,2.764,1.164,2.143,0.1913,7.939,0.4826,8.012
2022-04-12T10:04:56,40211.68,3026.61,103.3,0.2362,15.38,60.1,17.73,84.88,5.556,156.33,0.5157,0.02097,0.006298,2.134,1.48,2.073,1.375,3.6,157.14,12.96,0.8146,1.55,0.558,2.225,408.08,0.9507,47.54,0.7051,11.54,2.29e-05,0.2014,2.764,1.164,2.143,0.1913,7.935,0.4824,8.015
2022-04-12T10:05:26,40191.23,3025.87,103.25,0.236,15.38,60.1,17.73,84.86,5.545,156.29,0.5157,0.02097,0.006298,2.134,1.48,2.069,1.375,3.599,157.12,12.96,0.8182,1.55,0.558,2.223,408.02,0.9505,47.52,0.705,11.54,2.29e-05,0.2014,2.764,1.164,2.143,0.1913,7.934,0.4824,8.007
2022-04-12T10:05:56,40173.41,3024.06,103.12,0.2356,15.38,59.8,17.71,84.75,5.547,156.22,0.5156,0.02094,0.006298,2.134,1.48,2.068,1.374,3.598,157.03,12.96,0.8182,1.55,0.558,2.221,407.71,0.9496,47.48,0.7047,11.52,2.289e-05,0.2011,2.762,1.163,2.142,0.1912,7.926,0.4817,8.006
2022-04-12T10:06:26,40170.89,3023.23,103.16,0.2357,15.33,59.8,17.7,84.73,5.537,156.05,0.5154,0.02095,0.006298,2.134,1.479,2.067,1.373,3.601,157.05,12.96,0.8182,1.55,0.558,2.221,407.65,0.9493,47.48,0.7047,11.53,2.289e-05,0.2011,2.762,1.163,2.142,0.1912,7.925,0.4814,8.005
2022-04-12T10:06:56,40167.98,3022.94,103.15,0.2357,15.33,59.8,17.7,84.68,5.537,156.05,0.5149,0.02095,0.006298,2.134,1.479,2.064,1.373,3.601,157.05,12.96,0.8182,1.55,0.558,2.222,407.64,0.9493,47.48,0.7045,11.53,2.289e-05,0.2011,2.761,1.162,2.142,0.1912,7.919,0.4813,8.003
2022-04-12T10:07:26,40166.62,3022.06,103.08,0.2357,15.33,59.8,17.7,84.65,5.533,156.05,0.5149,0.02093,0.006298,2.134,1.479,2.062,1.374,3.602,157.02,12.96,0.8182,1.55,0.558,2.222,407.62,0.9485,47.49,0.7045,11.54,2.289e-05,0.2011,2.761,1.163,2.141,0.1911,7.919,0.4813,8.002
2022-04-12T10:07:56,40161.7,3021.24,103.03,0.2358,15.33,59.8,17.69,84.68,5.53,156.11,0.5142,0.02092,0.006298,2.134,1.478,2.064,1.374,3.601,157.01,12.96,0.8198,1.548,0.558,2.222,407.54,0.9484,47.49,0.7045,11.56,2.289e-05,0.2011,2.761,1.163,2.141,0.1911,7.917,0.4811,7.997
2022-04-12T10:08:26,40172.91,3021.27,103.12,0.2359,15.33,59.8,17.69,84.72,5.532,156.15,0.5138,0.02093,0.006305,2.134,1.478,2.064,1.374,3.607,157.07,12.96,0.8198,1.55,0.558,2.222,407.58,0.9493,47.51,0.7045,11.58,2.289e-05,0.2011,2.764,1.164,2.142,0.1912,7.917,0.481,7.983
2022-04-12T10:08:56,40176.3,3021.9,103.13,0.2361,15.33,59.7,17.7,84.75,5.54,156.12,0.5133,0.02091,0.006305,2.134,1.478,2.062,1.374,3.612,157.09,12.96,0.8198,1.55,0.558,2.222,407.68,0.9494,47.51,0.7045,11.57,2.29e-05,0.2013,2.766,1.164,2.143,0.1912,7.92,0.481,7.987
2022-04-12T10:09:26,40166.44,3020.65,103.12,0.2359,15.35,59.5,17.69,84.78,5.534,156.06,0.5133,0.02086,0.006305,2.134,1.478,2.062,1.374,3.601,157.11,12.96,0.8198,1.549,0.558,2.221,407.47,0.9494,47.52,0.7047,11.57,2.29e-05,0.2013,2.765,1.163,2.143,0.1912,7.921,0.4806,7.987
2022-04-12T10:09:56,40179.36,3022.86,103.15,0.2361,15.37,59.6,17.7,84.79,5.534,156.12,0.5145,0.02086,0.006305,2.134,1.478,2.062,1.375,3.613,157.11,12.96,0.8198,1.55,0.558,2.224,407.54,0.9494,47.53,0.705,11.53,2.29e-05,0.2014,2.768,1.165,2.143,0.1912,7.926,0.4809,7.983
2022-04-12T10:10:26,40171.51,3021.94,103.2,0.2361,15.37,59.5,17.69,84.81,5.533,156.07,0.5145,0.02089,0.006305,2.136,1.478,2.062,1.375,3.616,157.17,12.96,0.8198,1.548,0.558,2.223,407.62,0.9497,47.51,0.705,11.53,2.29e-05,0.2013,2.768,1.164,2.144,0.1912,7.925,0.4809,7.987
2022-04-12T10:10:56,40159.93,3021.25,103.1,0.2361,15.37,59.5,17.69,84.89,5.536,156.31,0.5141,0.02087,0.006305,2.136,1.477,2.061,1.375,3.614,157.22,12.96,0.8246,1.548,0.558,2.223,407.48,0.9486,47.51,0.7049,11.53,2.29e-05,0.2012,2.767,1.164,2.143,0.1912,7.936,0.4807,7.984
2022-04-12T10:11:26,40164.04,3022.27,103.24,0.2362,15.37,59.5,17.69,84.94,5.539,156.33,0.5141,0.02088,0.006294,2.136,1.477,2.062,1.375,3.615,157.27,12.96,0.8246,1.546,0.558,2.224,407.45,0.949,47.56,0.705,11.54,2.29e-05,0.2012,2.768,1.164,2.144,0.1912,7.94,0.4806,7.979
2022-04-12T10:11:56,40163.79,3022.33,103.24,0.2362,15.37,59.6,17.7,84.98,5.546,156.32,0.514,0.02089,0.006288,2.136,1.477,2.062,1.376,3.619,157.26,12.96,0.8246,1.549,0.558,2.225,407.69,0.949,47.55,0.7048,11.54,2.29e-05,0.2012,2.769,1.165,2.146,0.1913,7.938,0.4807,7.977
2022-04-12T10:12:26,40155.01,3021.92,103.02,0.2362,15.37,59.6,17.69,84.99,5.546,156.26,0.5141,0.02089,0.006293,2.136,1.477,2.061,1.374,3.616,157.27,12.96,0.8232,1.548,0.558,2.223,407.52,0.9488,47.53,0.7046,11.57,2.29e-05,0.2014,2.77,1.164,2.145,0.1912,7.939,0.481,7.976
2022-04-12T10:12:56,40160.74,3022.07,103.02,0.2362,15.37,59.7,17.69,85.02,5.549,156.23,0.5141,0.0209,0.006293,2.136,1.477,2.064,1.375,3.619,157.27,12.96,0.8232,1.55,0.558,2.223,407.55,0.9483,47.5,0.7047,11.58,2.29e-05,0.2014,2.771,1.165,2.146,0.1912,7.938,0.4811,7.973
2022-04-12T10:13:26,40166.18,3022.53,103.05,0.2362,15.37,59.7,17.69,85.04,5.553,156.17,0.5141,0.0209,0.006285,2.136,1.477,2.064,1.375,3.616,157.27,13.04,0.8232,1.548,0.5582,2.224,407.51,0.949,47.48,0.7046,11.56,2.29e-05,0.2014,2.77,1.165,2.145,0.1913,7.938,0.4812,7.979
2022-04-12T10:13:56,40181.27,3023,103.19,0.2362,15.37,59.7,17.69,85.06,5.572,156.24,0.5141,0.0209,0.006281,2.136,1.477,2.065,1.375,3.621,157.31,13.04,0.8232,1.55,0.5582,2.226,407.54,0.9491,47.5,0.7048,11.56,2.289e-05,0.2014,2.772,1.165,2.146,0.1912,7.942,0.4813,7.976
2022-04-12T10:14:26,40180.32,3022.2,103.21,0.2362,15.37,59.7,17.68,85.12,5.575,156.21,0.5144,0.02092,0.006291,2.136,1.478,2.065,1.376,3.62,157.26,13.01,0.8216,1.548,0.5582,2.224,407.76,0.9491,47.54,0.7049,11.56,2.289e-05,0.2014,2.772,1.166,2.147,0.1912,7.954,0.4816,7.978
2022-04-12T10:14:56,40165.83,3022.05,103.12,0.2362,15.37,59.7,17.67,85.11,5.574,156.2,0.5134,0.02092,0.006291,2.136,1.477,2.064,1.375,3.613,157.22,13.01,0.8216,1.55,0.5582,2.224,407.52,0.9487,47.49,0.7046,11.56,2.29e-05,0.2014,2.77,1.165,2.145,0.1912,7.947,0.4814,7.975
2022-04-12T10:15:26,40166.87,3021.97,103.12,0.2362,15.31,59.7,17.68,85.1,5.572,156.2,0.5134,0.02095,0.006289,2.136,1.477,2.064,1.375,3.613,157.25,13.04,0.8216,1.55,0.5582,2.224,407.66,0.9484,47.45,0.7046,11.56,2.29e-05,0.2014,2.77,1.165,2.145,0.1912,7.95,0.4814,7.977
2022-04-12T10:15:56,40168.13,3022.44,103.11,0.2363,15.27,59.7,17.69,85.15,5.58,156.29,0.514,0.02097,0.006288,2.136,1.477,2.067,1.375,3.619,157.18,13.04,0.8216,1.55,0.5582,2.224,407.82,0.9494,47.43,0.7048,11.56,2.292e-05,0.2015,2.769,1.165,2.146,0.1912,7.946,0.4815,7.975
2022-04-12T10:16:26,40169.54,3022.29,103.09,0.236,15.31,59.7,17.68,85.15,5.578,156.24,0.5147,0.02096,0.006292,2.136,1.477,2.067,1.376,3.608,157.17,13.04,0.8223,1.548,0.5582,2.223,407.72,0.9486,47.44,0.7046,11.63,2.292e-05,0.2014,2.768,1.165,2.145,0.1912,7.938,0.4811,7.975
2022-04-12T10:16:56,40160.69,3020.59,103.07,0.2358,15.31,59.7,17.67,85.04,5.58,156.19,0.5147,0.02096,0.006292,2.136,1.477,2.067,1.374,3.609,157.04,13.04,0.8223,1.548,0.5582,2.222,407.57,0.9474,47.41,0.7045,11.58,2.29e-05,0.2014,2.767,1.164,2.144,0.1912,7.931,0.4809,7.974
2022-04-12T10:17:26,40149.75,3020.45,102.93,0.2358,15.31,59.6,17.67,85.01,5.571,156.15,0.5147,0.02095,0.006292,2.136,1.476,2.06,1.374,3.607,156.99,13.04,0.8223,1.546,0.5582,2.221,407.57,0.9472,47.41,0.7043,11.59,2.289e-05,0.2014,2.764,1.164,2.144,0.1912,7.918,0.4809,7.972
2022-04-12T10:17:56,40144.5,3020.16,102.9,0.2358,15.31,59.2,17.66,84.93,5.559,156.11,0.5147,0.02093,0.006292,2.136,1.476,2.06,1.374,3.607,156.91,13.04,0.8223,1.548,0.5582,2.221,407.35,0.9469,47.35,0.7042,11.56,2.289e-05,0.2012,2.761,1.164,2.143,0.1911,7.918,0.4808,7.964
2022-04-12T10:18:26,40114.01,3018.38,102.89,0.2354,15.31,59.3,17.64,84.89,5.552,156.06,0.5147,0.0209,0.006292,2.132,1.476,2.057,1.373,3.603,156.85,13,0.8239,1.548,0.5582,2.22,407.17,0.9464,47.34,0.7039,11.55,2.289e-05,0.201,2.76,1.163,2.141,0.191,7.913,0.4805,7.968
2022-04-12T10:18:56,40113.21,3017.65,102.76,0.2353,15.31,59.3,17.59,84.84,5.55,155.92,0.5127,0.0209,0.006292,2.132,1.475,2.057,1.372,3.602,156.8,13,0.8239,1.546,0.5582,2.218,407.15,0.9465,47.33,0.7038,11.55,2.286e-05,0.2007,2.759,1.162,2.141,0.191,7.914,0.4805,7.965
2022-04-12T10:19:26,40124.06,3018.08,102.84,0.2353,15.2,59.2,17.59,84.84,5.568,155.86,0.5127,0.02089,0.006282,2.133,1.475,2.056,1.372,3.599,156.87,13,0.8239,1.547,0.5582,2.219,407.09,0.9467,47.33,0.7038,11.56,2.286e-05,0.2009,2.761,1.163,2.141,0.191,7.915,0.4804,7.966
2022-04-12T10:19:56,40120.93,3017.24,102.76,0.2351,15.2,59.2,17.59,84.83,5.568,155.82,0.513,0.02089,0.006282,2.133,1.475,2.056,1.372,3.599,156.84,13,0.8229,1.547,0.5582,2.219,407.13,0.9471,47.33,0.7037,11.56,2.284e-05,0.2009,2.761,1.162,2.141,0.1911,7.912,0.4803,7.964
2022-04-12T10:20:26,40126.25,3017.39,102.79,0.2351,15.2,59.2,17.6,84.82,5.566,155.81,0.5136,0.02091,0.006282,2.133,1.475,2.056,1.373,3.594,156.84,13,0.8229,1.547,0.5582,2.219,407.12,0.9472,47.34,0.7038,11.51,2.284e-05,0.2009,2.761,1.163,2.141,0.1911,7.913,0.4804,7.967
2022-04-12T10:20:56,40141.22,3017.64,102.87,0.2354,15.2,59.2,17.6,84.85,5.567,155.83,0.5135,0.02092,0.006282,2.133,1.476,2.057,1.373,3.594,156.86,13,0.8229,1.548,0.5582,2.219,407.2,0.9473,47.35,0.7038,11.49,2.284e-05,0.2009,2.76,1.163,2.141,0.1911,7.915,0.4805,7.968
2022-04-12T10:21:26,40147.19,3018.34,102.88,0.2354,15.2,59,17.6,84.86,5.573,155.91,0.5135,0.02093,0.006282,2.133,1.476,2.06,1.373,3.582,156.87,12.85,0.8229,1.548,0.5582,2.22,407.37,0.9478,47.36,0.7038,11.53,2.285e-05,0.2009,2.76,1.164,2.142,0.1911,7.921,0.481,7.971
2022-04-12T10:21:56,40136.65,3017.47,102.83,0.2354,15.2,59.1,17.6,84.86,5.568,155.89,0.5129,0.02093,0.006282,2.133,1.477,2.059,1.373,3.582,156.83,12.85,0.8229,1.547,0.5582,2.22,407.28,0.9473,47.37,0.7038,11.52,2.285e-05,0.2009,2.759,1.164,2.142,0.1911,7.923,0.4812,7.974
2022-04-12T10:22:26,40142.77,3017.88,102.82,0.2354,15.2,59.1,17.61,84.84,5.562,155.87,0.5112,0.02093,0.006282,2.137,1.477,2.057,1.374,3.58,156.83,12.85,0.8229,1.547,0.5582,2.22,407.26,0.9475,47.39,0.7037,11.52,2.286e-05,0.2009,2.76,1.164,2.141,0.1911,7.921,0.4812,7.972
2022-04-12T10:22:56,40127.79,3017.1,102.77,0.2353,15.2,59.1,17.6,84.77,5.561,155.8,0.5127,0.02092,0.006294,2.137,1.477,2.056,1.373,3.587,156.72,12.85,0.8229,1.547,0.5582,2.22,407.21,0.9466,47.38,0.7036,11.52,2.286e-05,0.2009,2.759,1.164,2.141,0.1911,7.916,0.4812,7.966
2022-04-12T10:23:26,40124.67,3016.85,102.78,0.2352,15.2,59.1,17.6,84.73,5.563,155.77,0.5127,0.02092,0.006293,2.137,1.476,2.056,1.372,3.581,156.69,12.85,0.826,1.547,0.5582,2.219,407.14,0.9465,47.37,0.7035,11.5,2.285e-05,0.2008,2.759,1.164,2.141,0.191,7.911,0.4812,7.966
2022-04-12T10:23:56,40123.64,3015.94,102.79,0.2352,15.22,59,17.58,84.69,5.562,155.75,0.5118,0.0209,0.006293,2.137,1.475,2.056,1.372,3.578,156.51,12.85,0.8266,1.545,0.5582,2.219,407.15,0.9465,47.36,0.7035,11.5,2.285e-05,0.2008,2.758,1.164,2.141,0.191,7.904,0.4807,7.968
2022-04-12T10:24:26,40123.83,3015.46,102.77,0.2352,15.22,59,17.55,84.66,5.562,155.67,0.5122,0.02089,0.006294,2.135,1.475,2.056,1.372,3.577,156.48,12.85,0.8266,1.545,0.5582,2.218,406.97,0.9467,47.37,0.7034,11.5,2.287e-05,0.2008,2.757,1.163,2.14,0.191,7.887,0.4807,7.965
2022-04-12T10:24:56,40123.43,3015.05,102.83,0.235,15.22,59,17.55,84.68,5.56,155.71,0.5122,0.02089,0.006294,2.135,1.475,2.056,1.371,3.575,156.51,12.85,0.8274,1.546,0.5582,2.218,406.84,0.9464,47.36,0.7033,11.5,2.286e-05,0.2007,2.756,1.163,2.139,0.1909,7.889,0.4807,7.964
2022-04-12T10:25:26,40123.21,3014.66,102.81,0.2349,15.22,58.9,17.55,84.7,5.552,155.82,0.5122,0.0209,0.006294,2.135,1.475,2.056,1.371,3.571,156.49,12.85,0.8274,1.546,0.5582,2.218,406.79,0.9463,47.32,0.7034,11.5,2.286e-05,0.2008,2.756,1.163,2.139,0.1909,7.89,0.4808,7.972
2022-04-12T10:25:56,40110.75,3014.43,102.73,0.2349,15.24,58.9,17.54,84.69,5.552,155.79,0.5114,0.02089,0.006294,2.135,1.475,2.055,1.371,3.568,156.41,12.85,0.8265,1.546,0.5582,2.217,406.65,0.9464,47.33,0.7033,11.47,2.285e-05,0.2008,2.755,1.163,2.138,0.1909,7.885,0.481,7.972
2022-04-12T10:26:26,40110.23,3013.58,102.7,0.2347,15.23,58.9,17.54,84.68,5.558,155.79,0.5114,0.02089,0.006294,2.135,1.475,2.055,1.371,3.569,156.43,12.88,0.8265,1.546,0.5582,2.216,406.61,0.9468,47.31,0.7033,11.47,2.285e-05,0.2006,2.754,1.163,2.138,0.1909,7.885,0.4806,7.968
2022-04-12T10:26:56,40101.57,3013.01,102.62,0.2344,15.23,58.9,17.55,84.65,5.558,155.47,0.5114,0.02087,0.006294,2.135,1.475,2.054,1.371,3.566,156.33,12.88,0.8265,1.546,0.5582,2.214,406.45,0.9458,47.28,0.7032,11.46,2.285e-05,0.2005,2.752,1.162,2.137,0.1909,7.883,0.4801,7.968
2022-04-12T10:27:26,40103.88,3012.9,102.51,0.2345,15.2,58.9,17.54,84.64,5.543,155.37,0.5114,0.02084,0.006294,2.135,1.475,2.054,1.37,3.567,156.33,12.88,0.8265,1.546,0.5582,2.214,406.37,0.9458,47.23,0.7031,11.44,2.284e-05,0.2001,2.752,1.161,2.136,0.1909,7.873,0.4802,7.97
2022-04-12T10:27:56,40123.69,3015.38,102.57,0.2347,15.2,58.9,17.54,84.7,5.548,155.51,0.5114,0.02089,0.006294,2.135,1.475,2.058,1.371,3.564,156.39,12.87,0.8264,1.548,0.5582,2.215,406.61,0.9465,47.25,0.7036,11.49,2.286e-05,0.2002,2.755,1.162,2.137,0.1909,7.876,0.4807,7.975
2022-04-12T10:28:26,40117.36,3015.43,102.58,0.2348,15.2,58.9,17.55,84.73,5.55,155.54,0.5103,0.02088,0.006294,2.135,1.475,2.058,1.371,3.566,156.48,12.87,0.8254,1.548,0.5582,2.215,406.73,0.9465,47.26,0.7036,11.47,2.287e-05,0.2002,2.754,1.162,2.139,0.1909,7.876,0.4808,7.971
2022-04-12T10:28:56,40114.56,3015.37,102.62,0.2347,15.2,58.9,17.54,84.69,5.556,155.51,0.5103,0.0209,0.006294,2.135,1.475,2.057,1.371,3.566,156.46,12.87,0.8254,1.548,0.5582,2.214,406.75,0.9465,47.29,0.7036,11.47,2.286e-05,0.2002,2.753,1.162,2.138,0.1909,7.88,0.481,7.976
2022-04-12T10:29:26,40123.29,3015.36,102.66,0.2347,15.25,58.9,17.54,84.63,5.554,155.53,0.5103,0.02092,0.006275,2.133,1.475,2.054,1.371,3.566,156.47,12.87,0.8254,1.548,0.5582,2.214,406.83,0.9468,47.3,0.7039,11.48,2.286e-05,0.2002,2.754,1.162,2.139,0.1909,7.885,0.4812,7.985
2022-04-12T10:29:56,40122.62,3014.27,102.64,0.2346,15.18,58.9,17.54,84.61,5.559,155.48,0.5104,0.02091,0.006275,2.126,1.475,2.053,1.37,3.566,156.51,12.87,0.8264,1.545,0.5582,2.214,406.84,0.9466,47.3,0.7039,11.47,2.287e-05,0.1999,2.753,1.161,2.138,0.1908,7.886,0.481,7.985
2022-04-12T10:30:26,40126.84,3015.22,102.64,0.2347,15.18,58.8,17.54,84.62,5.546,155.44,0.5104,0.02088,0.006275,2.129,1.474,2.054,1.37,3.566,156.51,12.87,0.8264,1.545,0.5582,2.214,406.93,0.9468,47.29,0.704,11.47,2.288e-05,0.1999,2.754,1.161,2.139,0.1909,7.886,0.4804,7.985
2022-04-12T10:30:56,40131,3015.19,102.72,0.2347,15.2,58.9,17.54,84.61,5.55,155.4,0.5104,0.02089,0.006275,2.129,1.475,2.054,1.371,3.563,156.58,12.87,0.8264,1.545,0.5582,2.214,407.04,0.9465,47.29,0.7043,11.47,2.289e-05,0.2001,2.754,1.161,2.138,0.191,7.889,0.4808,7.981
2022-04-12T10:31:26,40132.11,3015.5,102.71,0.2348,15.2,58.9,17.55,84.56,5.55,155.39,0.5099,0.02092,0.006275,2.129,1.476,2.054,1.37,3.565,156.56,12.87,0.8264,1.545,0.5582,2.215,406.98,0.9466,47.29,0.7043,11.5,2.292e-05,0.2002,2.756,1.162,2.139,0.191,7.882,0.4805,7.992
2022-04-12T10:31:56,40152.74,3015.76,102.73,0.2348,15.2,58.9,17.55,84.59,5.564,155.51,0.5096,0.02092,0.006255,2.129,1.476,2.055,1.371,3.575,156.64,12.85,0.8264,1.545,0.5582,2.216,407.16,0.9466,47.31,0.7045,11.5,2.293e-05,0.2002,2.758,1.163,2.14,0.191,7.886,0.4805,7.993
2022-04-12T10:32:26,40155.76,3016.3,102.83,0.2351,15.2,58.9,17.56,84.6,5.559,155.68,0.5091,0.02088,0.006255,2.129,1.476,2.058,1.373,3.574,156.65,12.85,0.8265,1.545,0.5582,2.217,407.21,0.9475,47.3,0.7045,11.5,2.295e-05,0.2002,2.758,1.163,2.142,0.1911,7.893,0.4808,7.996
2022-04-12T10:32:56,40137.67,3016.2,102.8,0.2348,15.2,58.8,17.56,84.55,5.554,155.56,0.509,0.02086,0.006275,2.132,1.476,2.057,1.373,3.566,156.61,12.85,0.8265,1.545,0.5582,2.215,407.21,0.9468,47.32,0.7047,11.5,2.3e-05,0.2002,2.758,1.163,2.14,0.191,7.889,0.4809,7.997
2022-04-12T10:33:26,40137.57,3016.15,102.8,0.2349,15.24,58.8,17.56,84.53,5.552,155.6,0.5089,0.02088,0.006275,2.132,1.477,2.057,1.372,3.567,156.59,12.85,0.8274,1.548,0.5582,2.216,407.13,0.9469,47.32,0.7048,11.5,2.303e-05,0.2002,2.758,1.163,2.14,0.191,7.886,0.4808,7.997
2022-04-12T10:33:56,40162.37,3017.28,102.85,0.2348,15.24,58.9,17.55,84.51,5.568,155.67,0.5092,0.02089,0.006275,2.132,1.477,2.058,1.373,3.567,156.63,12.85,0.8268,1.548,0.5582,2.217,407.17,0.9474,47.32,0.7049,11.49,2.313e-05,0.2002,2.759,1.164,2.141,0.1911,7.881,0.4808,7.996
2022-04-12T10:34:26,40175.91,3017.77,102.91,0.2349,15.24,58.9,17.56,84.59,5.563,155.87,0.509,0.02091,0.006275,2.129,1.477,2.059,1.373,3.568,156.69,12.85,0.8268,1.548,0.5582,2.217,407.2,0.9474,47.36,0.7051,11.49,2.314e-05,0.2005,2.762,1.165,2.141,0.191,7.904,0.4808,7.991
2022-04-12T10:34:56,40174.91,3017.48,102.9,0.2353,15.24,58.9,17.56,84.61,5.558,156.03,0.5092,0.02089,0.006275,2.129,1.478,2.059,1.374,3.569,156.74,12.85,0.8268,1.548,0.5582,2.217,407.22,0.9472,47.38,0.7054,11.49,2.318e-05,0.2006,2.762,1.165,2.142,0.1911,7.907,0.4811,7.992
2022-04-12T10:35:26,40187.38,3018.57,103,0.2354,15.24,58.9,17.57,84.7,5.562,156.09,0.5082,0.02091,0.006286,2.129,1.478,2.06,1.374,3.57,156.83,12.85,0.827,1.548,0.5582,2.218,407.4,0.9477,47.39,0.7057,11.53,2.32e-05,0.2006,2.763,1.166,2.143,0.1912,7.921,0.4818,7.994
2022-04-12T10:35:56,40198.55,3019.4,103.02,0.2359,15.25,59,17.57,84.74,5.56,156.14,0.5106,0.02093,0.006286,2.13,1.479,2.06,1.375,3.579,156.87,12.87,0.827,1.546,0.5582,2.22,407.52,0.9486,47.4,0.7062,11.54,2.323e-05,0.2008,2.764,1.165,2.144,0.1911,7.927,0.4819,7.993
2022-04-12T10:36:26,40222.6,3020.04,103.05,0.236,15.25,59,17.58,84.81,5.564,156.33,0.511,0.02096,0.006286,2.13,1.479,2.062,1.377,3.58,156.95,12.87,0.8254,1.547,0.5582,2.221,407.61,0.9488,47.44,0.7063,11.53,2.324e-05,0.2008,2.766,1.165,2.145,0.1912,7.933,0.4822,7.998
2022-04-12T10:36:56,40221.25,3020.43,103.04,0.2359,15.25,59,17.59,84.82,5.573,156.27,0.511,0.02097,0.006286,2.13,1.48,2.062,1.377,3.581,156.95,12.87,0.8254,1.546,0.5582,2.222,407.67,0.9487,47.43,0.7063,11.51,2.32e-05,0.2009,2.767,1.166,2.145,0.1912,7.937,0.4823,7.996
2022-04-12T10:37:26,40223.21,3021.81,103.01,0.2359,15.29,59,17.59,84.86,5.567,156.24,0.5107,0.02094,0.006286,2.133,1.48,2.065,1.377,3.581,156.99,12.87,0.8254,1.547,0.5582,2.221,407.71,0.9487,47.44,0.7063,11.51,2.319e-05,0.2009,2.768,1.167,2.145,0.1912,7.938,0.4826,7.993
2022-04-12T10:37:56,40202.66,3021.51,103,0.2358,15.3,59.1,17.59,84.86,5.564,156.11,0.5106,0.02092,0.006286,2.133,1.48,2.064,1.377,3.577,156.87,12.87,0.8254,1.548,0.5582,2.221,407.72,0.9483,47.41,0.7061,11.49,2.32e-05,0.2007,2.765,1.166,2.144,0.1912,7.937,0.4827,7.993
2022-04-12T10:38:26,40199.64,3020.54,102.99,0.2357,15.3,59.1,17.59,84.8,5.565,156.08,0.508,0.02095,0.006286,2.133,1.479,2.064,1.377,3.579,156.89,12.87,0.8254,1.548,0.5582,2.221,407.6,0.9482,47.42,0.7062,11.49,2.321e-05,0.2007,2.765,1.165,2.144,0.1911,7.936,0.4824,7.993
2022-04-12T10:38:56,40206.09,3020.4,103.01,0.2357,15.36,59.1,17.59,84.77,5.578,156.46,0.508,0.02096,0.006286,2.133,1.479,2.065,1.377,3.581,156.94,12.87,0.8254,1.548,0.5582,2.221,407.68,0.9484,47.4,0.706,11.49,2.321e-05,0.2007,2.767,1.166,2.144,0.1911,7.939,0.4823,7.989
2022-04-12T10:39:26,40217.69,3021.05,103.07,0.2361,15.36,59.1,17.6,84.81,5.57,156.53,0.5087,0.02099,0.006286,2.133,1.48,2.065,1.377,3.581,156.97,12.87,0.8254,1.548,0.5582,2.221,407.84,0.9494,47.4,0.7064,11.49,2.322e-05,0.2007,2.768,1.167,2.145,0.1912,7.94,0.4825,7.986
2022-04-12T10:39:56,40243.97,3022.86,103.06,0.2364,15.36,59.3,17.61,84.85,5.57,156.58,0.5086,0.02104,0.006289,2.133,1.48,2.067,1.378,3.586,157.05,12.85,0.8287,1.55,0.5582,2.222,408.03,0.9498,47.44,0.7068,11.53,2.326e-05,0.2012,2.77,1.167,2.147,0.1914,7.945,0.4832,7.99
2022-04-12T10:40:26,40243.07,3023.09,103.04,0.2363,15.36,59.3,17.63,84.89,5.565,156.53,0.5086,0.02106,0.006289,2.133,1.48,2.066,1.378,3.583,157.19,12.85,0.8287,1.55,0.5582,2.222,408.07,0.9495,47.46,0.7067,11.53,2.322e-05,0.2012,2.769,1.168,2.146,0.1913,7.942,0.4835,7.989
2022-04-12T10:40:56,40228.8,3022.84,103.01,0.2363,15.36,59.3,17.63,84.88,5.565,156.37,0.5086,0.02106,0.00628,2.133,1.48,2.066,1.378,3.576,157.15,12.87,0.8287,1.551,0.5582,2.221,407.95,0.9494,47.44,0.7067,11.53,2.322e-05,0.2011,2.768,1.168,2.145,0.1912,7.938,0.4833,7.985
2022-04-12T10:41:26,40185.17,3020.29,102.89,0.2359,15.36,59.3,17.61,84.79,5.56,156.12,0.5087,0.021,0.00628,2.133,1.478,2.066,1.377,3.576,156.97,12.87,0.8278,1.541,0.5582,2.22,407.76,0.9488,47.37,0.7061,11.48,2.32e-05,0.2007,2.764,1.166,2.143,0.1912,7.932,0.4827,7.979
2022-04-12T10:41:56,40191.19,3020.18,102.93,0.2361,15.36,59.3,17.61,84.71,5.56,156.03,0.5087,0.02098,0.00628,2.133,1.478,2.066,1.377,3.576,157.01,12.87,0.8278,1.541,0.5582,2.22,407.65,0.9489,47.39,0.7063,11.48,2.319e-05,0.2008,2.765,1.167,2.144,0.1911,7.928,0.483,7.979
2022-04-12T10:42:26,40199.22,3020.81,102.93,0.2361,15.36,59.2,17.62,84.73,5.565,156.12,0.5087,0.02102,0.00628,2.133,1.479,2.067,1.377,3.575,157.08,12.87,0.8278,1.543,0.5582,2.22,407.68,0.9494,47.39,0.7064,11.48,2.321e-05,0.2011,2.768,1.167,2.145,0.1911,7.932,0.4833,7.978
2022-04-12T10:42:56,40195.03,3020.81,102.93,0.2362,15.36,59.2,17.62,84.76,5.568,156.18,0.51,0.02105,0.00628,2.133,1.481,2.067,1.377,3.576,157.06,12.87,0.8278,1.545,0.5582,2.219,407.67,0.9491,47.42,0.7064,11.48,2.323e-05,0.2011,2.768,1.167,2.146,0.1912,7.925,0.4833,7.978
2022-04-12T10:43:26,40190.79,3020.18,102.93,0.2361,15.36,59.1,17.62,84.79,5.548,156.11,0.5101,0.02105,0.006289,2.133,1.481,2.068,1.377,3.575,157.05,12.87,0.8278,1.543,0.5582,2.22,407.62,0.9493,47.41,0.7064,11.48,2.323e-05,0.2011,2.768,1.167,2.146,0.1912,7.924,0.4831,7.973
2022-04-12T10:43:56,40190.88,3020.22,102.96,0.2362,15.36,59.1,17.62,84.82,5.538,156.07,0.5101,0.02104,0.006289,2.13,1.48,2.068,1.378,3.575,157.05,12.87,0.8254,1.543,0.5582,2.22,407.67,0.9491,47.43,0.7064,11.48,2.323e-05,0.2011,2.768,1.167,2.146,0.1912,7.926,0.4833,7.974
2022-04-12T10:44:26,40193.19,3020.28,102.98,0.2362,15.36,59.1,17.62,84.85,5.536,155.92,0.5101,0.021,0.006289,2.128,1.48,2.068,1.378,3.576,157.08,12.87,0.8254,1.543,0.5582,2.219,407.7,0.9497,47.42,0.7064,11.48,2.322e-05,0.2011,2.767,1.167,2.146,0.1912,7.926,0.483,7.978
2022-04-12T10:44:56,40192.6,3020.31,102.98,0.2363,15.36,59.1,17.62,84.82,5.538,155.92,0.5101,0.02101,0.006289,2.131,1.48,2.068,1.378,3.577,157.15,12.87,0.8254,1.543,0.5582,2.219,407.63,0.9494,47.39,0.7063,11.48,2.32e-05,0.2011,2.767,1.166,2.146,0.1912,7.926,0.4831,7.977
2022-04-12T10:45:26,40222.8,3020.64,103.02,0.2367,15.36,59.1,17.63,84.84,5.542,156.07,0.5101,0.02105,0.006289,2.132,1.48,2.07,1.379,3.579,157.15,12.87,0.8258,1.545,0.5582,2.22,407.61,0.9497,47.38,0.7063,11.52,2.32e-05,0.2011,2.77,1.167,2.147,0.1912,7.927,0.483,7.975
2022-04-12T10:45:56,40248.19,3022.26,103.09,0.2367,15.36,59.2,17.63,84.89,5.539,156.17,0.5101,0.02108,0.006289,2.132,1.482,2.071,1.379,3.584,157.19,12.87,0.8258,1.549,0.5582,2.221,407.84,0.9503,47.42,0.7065,11.52,2.324e-05,0.2011,2.772,1.167,2.148,0.1913,7.927,0.4831,7.98
2022-04-12T10:46:26,40236.7,3021.13,103.07,0.2367,15.36,59.3,17.63,84.84,5.548,156.13,0.5101,0.02104,0.006301,2.132,1.483,2.07,1.379,3.586,157.15,12.87,0.8258,1.547,0.5582,2.22,407.76,0.9503,47.4,0.7064,11.52,2.325e-05,0.2013,2.77,1.167,2.148,0.1913,7.941,0.4839,7.98
2022-04-12T10:46:56,40226.4,3020.83,103.05,0.2366,15.36,59.3,17.63,84.81,5.559,156.04,0.5124,0.02104,0.006301,2.132,1.482,2.069,1.378,3.586,157.1,12.87,0.8258,1.546,0.5582,2.219,407.92,0.9504,47.4,0.7063,11.52,2.326e-05,0.2014,2.771,1.166,2.152,0.1912,7.938,0.4839,7.984
2022-04-12T10:47:26,40198.33,3018.85,103.02,0.2365,15.36,59.3,17.62,84.73,5.502,155.9,0.5127,0.02097,0.006301,2.132,1.482,2.069,1.376,3.576,157.03,12.87,0.8258,1.545,0.5582,2.217,407.52,0.9488,47.37,0.7059,11.52,2.324e-05,0.2009,2.769,1.166,2.149,0.1912,7.928,0.4838,7.975
2022-04-12T10:47:56,40197.69,3019.13,102.79,0.2365,15.36,59.3,17.62,84.69,5.491,155.94,0.5127,0.02097,0.006301,2.132,1.482,2.069,1.377,3.577,157.05,12.87,0.8267,1.544,0.5582,2.216,407.27,0.949,47.35,0.7058,11.54,2.321e-05,0.2009,2.77,1.166,2.149,0.1911,7.925,0.4839,7.974
2022-04-12T10:48:26,40216.07,3020.09,102.93,0.2367,15.36,59.3,17.62,84.7,5.494,155.96,0.5127,0.02101,0.006301,2.128,1.482,2.069,1.378,3.58,157.11,12.87,0.8267,1.544,0.5582,2.218,407.39,0.9495,47.36,0.7062,11.53,2.324e-05,0.2009,2.772,1.167,2.15,0.1911,7.931,0.4843,7.978
2022-04-12T10:48:56,40205.23,3019.04,102.82,0.2367,15.36,59.2,17.62,84.71,5.491,155.99,0.5127,0.021,0.006305,2.128,1.482,2.069,1.378,3.579,157.1,12.87,0.8267,1.544,0.5582,2.217,407.39,0.9489,47.38,0.7059,11.53,2.322e-05,0.2011,2.771,1.166,2.149,0.1911,7.928,0.4843,7.978
2022-04-12T10:49:26,40202.19,3018.88,102.87,0.2367,15.34,59.2,17.62,84.76,5.484,155.98,0.5127,0.02099,0.006305,2.128,1.482,2.068,1.378,3.577,157.14,12.87,0.8254,1.544,0.5582,2.218,407.39,0.9491,47.38,0.7058,11.53,2.322e-05,0.2012,2.771,1.166,2.148,0.1911,7.93,0.4842,7.973
2022-04-12T10:49:56,40205.02,3018.96,102.82,0.2367,15.34,59.2,17.62,84.77,5.484,155.89,0.5087,0.021,0.006305,2.128,1.482,2.069,1.378,3.581,157.14,12.87,0.8273,1.544,0.5582,2.218,407.24,0.9489,47.37,0.7056,11.53,2.32e-05,0.2012,2.772,1.166,2.148,0.1911,7.93,0.4847,7.979
2022-04-12T10:50:26,40207.13,3019.06,102.86,0.2366,15.27,59.2,17.62,84.75,5.481,155.97,0.5087,0.02097,0.006305,2.131,1.482,2.069,1.378,3.578,157.14,12.87,0.8273,1.544,0.5582,2.218,407.32,0.9489,47.36,0.7057,11.62,2.32e-05,0.2012,2.772,1.166,2.149,0.1911,7.936,0.4862,7.976
2022-04-12T10:50:56,40208.23,3019.41,102.87,0.2368,15.32,59.2,17.62,84.75,5.471,156.01,0.5087,0.021,0.006305,2.131,1.482,2.069,1.378,3.579,157.15,12.87,0.8254,1.543,0.5582,2.219,407.24,0.9485,47.36,0.7057,11.61,2.32e-05,0.2011,2.772,1.166,2.148,0.1912,7.936,0.4862,7.98
2022-04-12T10:51:26,40219.2,3020.28,102.92,0.237,15.32,59.2,17.62,84.79,5.478,156.04,0.5087,0.02104,0.006301,2.134,1.482,2.07,1.379,3.578,157.23,12.87,0.8254,1.543,0.5582,2.219,407.4,0.9491,47.42,0.7057,11.6,2.32e-05,0.2011,2.775,1.166,2.149,0.1912,7.935,0.4867,7.976
2022-04-12T10:51:56,40233.73,3020.98,102.94,0.237,15.32,59.2,17.63,84.8,5.481,156.06,0.5087,0.02104,0.006286,2.134,1.483,2.07,1.38,3.585,157.24,12.87,0.8254,1.545,0.5582,2.219,407.59,0.9497,47.43,0.7059,11.61,2.321e-05,0.2014,2.776,1.167,2.151,0.1913,7.941,0.4868,7.976
2022-04-12T10:52:26,40227.9,3021.51,103.09,0.237,15.32,59.2,17.64,84.83,5.48,156.13,0.5087,0.02105,0.006286,2.134,1.483,2.066,1.381,3.581,157.24,12.87,0.8254,1.549,0.5582,2.22,407.73,0.9497,47.46,0.7059,11.61,2.321e-05,0.2015,2.776,1.167,2.152,0.1913,7.944,0.4868,7.978
2022-04-12T10:52:56,40224.87,3021.68,103.1,0.237,15.32,59.2,17.65,84.83,5.48,156.18,0.5091,0.02105,0.006286,2.134,1.483,2.069,1.382,3.581,157.24,12.87,0.8254,1.54,0.5582,2.22,407.81,0.9501,47.48,0.7059,11.62,2.321e-05,0.2016,2.777,1.167,2.154,0.1913,7.946,0.4867,7.992
2022-04-12T10:53:26,40224.83,3021.97,103.07,0.237,15.33,59.2,17.65,84.85,5.482,156.15,0.512,0.02105,0.006286,2.134,1.483,2.069,1.383,3.581,157.25,12.87,0.8254,1.537,0.5582,2.221,407.71,0.9499,47.49,0.7057,11.64,2.32e-05,0.2018,2.777,1.167,2.154,0.1913,7.944,0.4867,7.993
2022-04-12T10:53:56,40223.66,3021.45,103.05,0.2371,15.33,59.2,17.64,84.85,5.483,156.1,0.5121,0.02105,0.006286,2.134,1.483,2.069,1.381,3.579,157.25,12.87,0.8275,1.537,0.5582,2.221,407.61,0.9499,47.49,0.7059,11.64,2.33e-05,0.2019,2.775,1.167,2.154,0.1912,7.946,0.4869,7.994
2022-04-12T10:54:26,40224.82,3021.85,103.06,0.237,15.27,59.2,17.64,84.86,5.481,156.13,0.5121,0.02105,0.006286,2.134,1.483,2.069,1.381,3.576,157.23,12.87,0.8275,1.539,0.5582,2.221,407.59,0.9498,47.53,0.7061,11.64,2.329e-05,0.2019,2.775,1.167,2.154,0.1913,7.947,0.4869,7.994
2022-04-12T10:54:56,40225.74,3021.47,103.09,0.2371,15.32,59.2,17.64,84.87,5.479,156.1,0.5114,0.02105,0.006294,2.133,1.484,2.069,1.382,3.577,157.25,12.87,0.8275,1.539,0.5582,2.221,407.73,0.9492,47.55,0.7062,11.63,2.33e-05,0.2019,2.775,1.167,2.154,0.1912,7.954,0.487,7.993
2022-04-12T10:55:26,40216.15,3021.46,103.1,0.2368,15.32,59.3,17.65,84.92,5.48,156.08,0.5083,0.02104,0.006305,2.133,1.484,2.066,1.382,3.577,157.25,12.87,0.8275,1.539,0.5582,2.22,407.74,0.9494,47.53,0.7063,11.61,2.33e-05,0.2019,2.775,1.167,2.154,0.1912,7.952,0.4871,7.992
2022-04-12T10:55:56,40212.51,3020.84,103.06,0.2369,15.32,59.3,17.65,84.93,5.483,156.08,0.5095,0.02104,0.006305,2.133,1.484,2.066,1.382,3.58,157.18,12.87,0.8275,1.535,0.5582,2.22,407.67,0.9493,47.51,0.7061,11.59,2.334e-05,0.2019,2.775,1.166,2.153,0.1912,7.954,0.487,7.992
2022-04-12T10:56:26,40184.35,3018.89,102.98,0.2365,15.32,59.3,17.63,84.92,5.477,155.98,0.5095,0.02104,0.006305,2.133,1.483,2.065,1.382,3.576,157.13,12.87,0.8275,1.529,0.5582,2.219,407.45,0.9488,47.48,0.7058,11.59,2.346e-05,0.2016,2.771,1.165,2.153,0.1913,7.945,0.4871,7.99
2022-04-12T10:56:56,40159.56,3018.35,102.87,0.2363,15.32,59.3,17.6,84.83,5.483,155.84,0.5092,0.02101,0.006305,2.133,1.483,2.067,1.38,3.572,157.05,12.87,0.8275,1.526,0.5582,2.217,407.18,0.9475,47.43,0.7054,11.63,2.346e-05,0.2014,2.769,1.164,2.151,0.1911,7.938,0.4866,7.988
2022-04-12T10:57:26,40160.75,3017.78,102.89,0.2362,15.32,59.2,17.6,84.74,5.488,155.82,0.5091,0.02097,0.006305,2.133,1.483,2.067,1.379,3.568,156.95,12.87,0.8269,1.524,0.5582,2.217,407.12,0.9482,47.38,0.7053,11.71,2.342e-05,0.2014,2.769,1.163,2.151,0.191,7.925,0.4865,7.995
2022-04-12T10:57:56,40145.97,3016.87,102.87,0.236,15.32,59.2,17.6,84.74,5.486,155.83,0.5081,0.02095,0.006305,2.133,1.479,2.066,1.379,3.57,156.85,12.87,0.8269,1.523,0.5582,2.216,406.93,0.948,47.36,0.7053,11.72,2.339e-05,0.2014,2.768,1.162,2.15,0.191,7.929,0.4865,7.992
2022-04-12T10:58:26,40141.6,3016.02,102.89,0.236,15.32,59.2,17.59,84.72,5.486,155.8,0.5081,0.02094,0.006275,2.131,1.477,2.066,1.38,3.57,156.8,12.87,0.8269,1.523,0.5582,2.216,406.9,0.948,47.35,0.7052,11.72,2.339e-05,0.2014,2.768,1.161,2.148,0.191,7.927,0.4865,7.985
2022-04-12T10:58:56,40144.79,3016.78,102.94,0.2361,15.32,59.1,17.59,84.69,5.487,155.83,0.5067,0.02093,0.006269,2.132,1.478,2.066,1.38,3.566,156.83,12.87,0.8275,1.524,0.5582,2.217,407.02,0.9481,47.35,0.705,11.67,2.339e-05,0.2015,2.768,1.162,2.15,0.191,7.928,0.4865,7.984
2022-04-12T10:59:26,40149.59,3016.84,102.94,0.236,15.32,59.1,17.6,84.69,5.484,155.89,0.5085,0.02092,0.006269,2.132,1.478,2.066,1.381,3.568,156.82,12.87,0.8254,1.527,0.5582,2.217,407.02,0.9486,47.37,0.7051,11.69,2.34e-05,0.2015,2.768,1.162,2.15,0.1911,7.932,0.4865,7.985
2022-04-12T10:59:56,40145.57,3017.38,102.94,0.236,15.32,59.1,17.6,84.66,5.487,155.93,0.5077,0.02095,0.006269,2.132,1.476,2.066,1.381,3.571,156.82,12.87,0.8254,1.524,0.5582,2.217,407.05,0.9483,47.38,0.7052,11.66,2.339e-05,0.2015,2.768,1.162,2.15,0.1911,7.937,0.4864,7.994
2022-04-12T11:00:26,40147.64,3017.36,103,0.236,15.26,59.1,17.6,84.68,5.489,156.04,0.5077,0.02097,0.006269,2.132,1.476,2.066,1.381,3.571,156.83,12.87,0.8254,1.524,0.5582,2.217,407.22,0.9485,47.41,0.7051,11.66,2.339e-05,0.2015,2.768,1.162,2.15,0.1911,7.94,0.4859,7.999
2022-04-12T11:00:56,40145.67,3016.81,103.01,0.2357,15.29,59.2,17.6,84.68,5.489,155.83,0.509,0.02099,0.006269,2.13,1.477,2.065,1.382,3.573,156.83,12.87,0.8254,1.528,0.5582,2.216,407.19,0.9487,47.4,0.7051,11.66,2.335e-05,0.2017,2.767,1.162,2.15,0.1912,7.931,0.4851,7.996
2022-04-12T11:01:26,40143.08,3017.16,103.03,0.2358,15.29,59.2,17.6,84.64,5.487,155.77,0.5088,0.02098,0.006269,2.13,1.477,2.065,1.382,3.57,156.83,12.87,0.8254,1.528,0.5582,2.216,406.92,0.9489,47.42,0.7052,11.66,2.334e-05,0.2017,2.767,1.162,2.149,0.1911,7.933,0.4849,7.997
2022-04-12T11:01:56,40143.16,3016.93,103.04,0.2358,15.29,59.2,17.6,84.63,5.489,155.77,0.509,0.02098,0.006269,2.13,1.477,2.065,1.382,3.57,156.82,12.87,0.8254,1.528,0.5582,2.216,406.85,0.9486,47.41,0.7051,11.69,2.335e-05,0.2016,2.767,1.162,2.149,0.1911,7.929,0.4846,7.994
2022-04-12T11:02:26,40144.79,3016.03,103.04,0.2358,15.29,59.1,17.6,84.64,5.488,155.81,0.509,0.02098,0.006269,2.13,1.477,2.065,1.383,3.569,156.84,12.87,0.8254,1.529,0.5582,2.216,406.84,0.9486,47.44,0.7051,11.69,2.334e-05,0.2016,2.767,1.162,2.15,0.1911,7.923,0.4846,7.997
2022-04-12T11:02:56,40135.95,3015.7,103,0.2358,15.29,59.1,17.6,84.6,5.489,155.67,0.509,0.02099,0.006269,2.13,1.478,2.062,1.382,3.569,156.83,12.87,0.8254,1.528,0.5582,2.215,406.81,0.9476,47.43,0.705,11.71,2.334e-05,0.2015,2.767,1.162,2.15,0.1911,7.918,0.4844,7.994
2022-04-12T11:03:26,40135.9,3015.8,103.03,0.2359,15.29,59.1,17.6,84.61,5.484,155.64,0.509,0.02097,0.006269,2.13,1.476,2.062,1.382,3.572,156.83,12.87,0.8254,1.528,0.5582,2.215,406.81,0.9477,47.45,0.7052,11.72,2.333e-05,0.2015,2.767,1.162,2.15,0.1911,7.916,0.4842,7.992
2022-04-12T11:03:56,40135.49,3015.77,103.04,0.2359,15.29,59.1,17.6,84.64,5.489,155.63,0.509,0.02095,0.006269,2.13,1.47,2.062,1.382,3.568,156.84,12.87,0.8254,1.528,0.5582,2.215,406.8,0.9473,47.5,0.7052,11.72,2.331e-05,0.2015,2.768,1.162,2.151,0.1911,7.918,0.4838,7.992
2022-04-12T11:04:26,40126.72,3015.17,103.04,0.2359,15.27,59.2,17.6,84.63,5.489,155.62,0.509,0.02092,0.006269,2.13,1.469,2.062,1.382,3.57,156.84,12.87,0.8254,1.528,0.5582,2.216,406.72,0.9471,47.5,0.7051,11.75,2.333e-05,0.2014,2.766,1.162,2.15,0.1911,7.918,0.4837,7.991
2022-04-12T11:04:56,40139.55,3015.91,103.05,0.236,15.27,59.2,17.6,84.64,5.495,155.61,0.5083,0.02094,0.006269,2.13,1.469,2.062,1.383,3.567,156.62,12.87,0.8254,1.525,0.5582,2.216,406.89,0.9471,47.53,0.7052,11.72,2.335e-05,0.2014,2.766,1.162,2.151,0.1911,7.91,0.4837,7.992
2022-04-12T11:05:26,40134.62,3015.61,103.07,0.2359,15.27,59.3,17.61,84.63,5.489,155.64,0.5088,0.02097,0.006269,2.13,1.469,2.065,1.383,3.566,156.63,12.87,0.8254,1.526,0.5582,2.215,406.82,0.9474,47.52,0.7054,11.7,2.333e-05,0.2014,2.765,1.163,2.15,0.1911,7.915,0.484,7.985
2022-04-12T11:05:56,40128.36,3015.68,103.06,0.2358,15.27,59.3,17.61,84.63,5.488,155.78,0.5088,0.02095,0.006269,2.13,1.469,2.062,1.383,3.567,156.62,12.87,0.8254,1.526,0.5582,2.216,406.77,0.9478,47.51,0.7054,11.73,2.333e-05,0.2014,2.765,1.163,2.15,0.1911,7.915,0.4844,7.984
2022-04-12T11:06:26,40128.74,3015.69,103.07,0.2357,15.27,59.3,17.61,84.65,5.491,155.77,0.5088,0.02094,0.006284,2.128,1.468,2.059,1.383,3.568,156.66,12.87,0.8254,1.526,0.5582,2.217,406.86,0.9474,47.46,0.7053,11.71,2.333e-05,0.2013,2.765,1.163,2.149,0.1911,7.915,0.4843,7.986
2022-04-12T11:06:56,40136.74,3015.95,103.03,0.2358,15.25,59.3,17.61,84.66,5.491,155.7,0.5088,0.02094,0.006281,2.128,1.469,2.059,1.383,3.571,156.65,12.87,0.8254,1.528,0.5582,2.217,406.87,0.9479,47.44,0.7053,11.71,2.333e-05,0.2013,2.765,1.163,2.149,0.1911,7.911,0.4846,7.988
2022-04-12T11:07:26,40129.91,3014.94,103,0.2357,15.25,59.3,17.6,84.66,5.491,155.62,0.5088,0.02092,0.006281,2.127,1.468,2.059,1.382,3.571,156.58,12.87,0.8254,1.527,0.5582,2.215,406.8,0.9476,47.38,0.7053,11.69,2.333e-05,0.2014,2.764,1.163,2.149,0.1911,7.904,0.4842,7.985
2022-04-12T11:07:56,40128.84,3014.92,102.98,0.2356,15.25,59.2,17.61,84.63,5.49,155.56,0.5088,0.02094,0.006281,2.127,1.467,2.062,1.383,3.568,156.53,12.87,0.8254,1.527,0.5582,2.213,406.62,0.9478,47.37,0.7053,11.69,2.333e-05,0.2014,2.763,1.162,2.149,0.1912,7.9,0.4833,7.988
2022-04-12T11:08:26,40119.63,3014.61,102.9,0.2354,15.25,59.2,17.6,84.58,5.49,155.51,0.5086,0.02088,0.006281,2.127,1.466,2.062,1.382,3.561,156.53,12.87,0.8254,1.527,0.5582,2.212,406.6,0.9471,47.31,0.7051,11.66,2.331e-05,0.2014,2.759,1.161,2.147,0.1911,7.893,0.4829,7.989
2022-04-12T11:08:56,40122.84,3014.92,103.03,0.2354,15.25,59.3,17.59,84.56,5.488,155.51,0.5081,0.02093,0.006281,2.127,1.466,2.062,1.382,3.564,156.54,12.87,0.8254,1.527,0.5582,2.214,406.71,0.9467,47.31,0.7051,11.66,2.331e-05,0.2014,2.76,1.162,2.148,0.191,7.889,0.4826,7.982
2022-04-12T11:09:26,40126.05,3015.08,103.03,0.2355,15.27,59.3,17.6,84.56,5.487,155.41,0.5081,0.02093,0.006276,2.127,1.465,2.062,1.383,3.564,156.55,12.87,0.8254,1.527,0.5582,2.212,406.86,0.9471,47.3,0.7052,11.63,2.332e-05,0.2014,2.761,1.162,2.148,0.1911,7.891,0.4826,7.988
2022-04-12T11:09:56,40116.95,3014.78,103,0.2356,15.27,59.3,17.59,84.54,5.486,155.33,0.5081,0.02089,0.006276,2.132,1.465,2.061,1.384,3.56,156.52,12.87,0.8254,1.526,0.5582,2.212,406.8,0.9472,47.29,0.7051,11.63,2.331e-05,0.2014,2.76,1.161,2.147,0.191,7.892,0.4822,7.985
2022-04-12T11:10:26,40124.65,3013.95,103.05,0.2357,15.27,59.3,17.59,84.55,5.483,155.39,0.5081,0.02088,0.006276,2.132,1.466,2.062,1.383,3.568,156.54,12.87,0.8254,1.526,0.5582,2.213,406.78,0.9472,47.3,0.7053,11.66,2.33e-05,0.2014,2.76,1.161,2.147,0.191,7.895,0.482,7.987
2022-04-12T11:10:56,40133.92,3014,103.05,0.2357,15.27,59.3,17.6,84.54,5.487,155.48,0.5081,0.02091,0.006276,2.129,1.467,2.062,1.383,3.561,156.57,12.87,0.8254,1.523,0.5582,2.213,406.72,0.947,47.31,0.7054,11.64,2.332e-05,0.2014,2.761,1.162,2.147,0.1911,7.897,0.482,7.986
2022-04-12T11:11:26,40137.2,3014.27,103.13,0.2357,15.27,59.3,17.6,84.55,5.489,155.48,0.5082,0.02093,0.006276,2.129,1.467,2.063,1.384,3.564,156.6,12.87,0.8018,1.527,0.5582,2.213,406.82,0.9478,47.34,0.7057,11.64,2.334e-05,0.2015,2.76,1.162,2.149,0.1911,7.908,0.4823,7.989
2022-04-12T11:11:56,40146.49,3015.06,103.17,0.2358,15.27,59.3,17.6,84.58,5.49,155.5,0.5082,0.02093,0.006276,2.124,1.467,2.063,1.384,3.567,156.58,12.87,0.8018,1.527,0.5582,2.214,406.93,0.9481,47.34,0.7057,11.64,2.335e-05,0.2015,2.761,1.162,2.149,0.1911,7.917,0.4823,7.991
2022-04-12T11:12:26,40139.73,3014.57,103.17,0.2357,15.27,59.3,17.61,84.59,5.484,155.49,0.5082,0.02094,0.006276,2.124,1.466,2.062,1.384,3.567,156.46,12.87,0.8,1.527,0.5582,2.214,406.96,0.9479,47.32,0.7056,11.65,2.335e-05,0.2015,2.76,1.163,2.149,0.1911,7.923,0.4824,7.986
2022-04-12T11:12:56,40140.17,3014.14,103.17,0.2355,15.27,59.2,17.6,84.58,5.493,155.44,0.5082,0.02091,0.006276,2.124,1.466,2.062,1.384,3.563,156.38,12.87,0.8,1.528,0.5582,2.214,406.84,0.9479,47.3,0.7056,11.64,2.345e-05,0.2015,2.76,1.163,2.149,0.1912,7.923,0.4823,7.989
2022-04-12T11:13:26,40126.66,3013.78,103.16,0.2356,15.27,59.3,17.6,84.61,5.489,155.45,0.5082,0.02091,0.006276,2.124,1.467,2.062,1.385,3.565,156.35,12.87,0.8,1.528,0.5582,2.213,406.79,0.9478,47.29,0.7055,11.64,2.372e-05,0.2015,2.76,1.163,2.149,0.1912,7.921,0.4823,7.986
2022-04-12T11:13:56,40129.85,3013.93,103.19,0.2358,15.27,59.2,17.6,84.69,5.491,155.45,0.5082,0.02091,0.006276,2.124,1.467,2.062,1.384,3.556,156.42,12.87,0.8,1.526,0.5582,2.214,406.92,0.9476,47.32,0.7056,11.68,2.386e-05,0.2015,2.761,1.163,2.149,0.1912,7.926,0.4824,7.984
2022-04-12T11:14:26,40127.53,3014.01,103.24,0.2358,15.27,59.3,17.61,84.7,5.487,155.42,0.5086,0.02091,0.006258,2.124,1.467,2.062,1.385,3.564,156.44,12.87,0.8,1.526,0.5582,2.214,407.07,0.9477,47.3,0.7057,11.68,2.389e-05,0.2015,2.762,1.163,2.149,0.1911,7.927,0.4827,7.988
2022-04-12T11:14:56,40141.41,3014.02,103.27,0.2359,15.28,59.3,17.61,84.7,5.49,155.41,0.5087,0.0209,0.006269,2.124,1.467,2.063,1.385,3.565,156.44,12.87,0.7959,1.521,0.5582,2.214,407.04,0.948,47.3,0.7059,11.68,2.4e-05,0.2017,2.763,1.164,2.15,0.1912,7.935,0.483,7.989
2022-04-12T11:15:26,40146.65,3015.34,103.6,0.236,15.28,59.3,17.63,84.73,5.49,155.56,0.5087,0.02088,0.006269,2.127,1.467,2.063,1.387,3.563,156.48,12.87,0.7959,1.524,0.5582,2.216,407.31,0.9486,47.32,0.7063,11.68,2.412e-05,0.2017,2.767,1.165,2.151,0.1913,7.94,0.4833,7.986
2022-04-12T11:15:56,40160.27,3016.34,103.98,0.2363,15.28,59.3,17.65,84.78,5.491,155.82,0.509,0.02091,0.006269,2.127,1.468,2.064,1.387,3.563,156.62,12.83,0.7992,1.524,0.5582,2.22,407.51,0.9507,47.38,0.7068,11.68,2.441e-05,0.2024,2.77,1.166,2.154,0.1912,7.944,0.4841,7.992
2022-04-12T11:16:26,40181.34,3017.3,104.27,0.2366,15.28,59.4,17.66,84.83,5.495,155.94,0.5124,0.02092,0.006269,2.127,1.468,2.065,1.39,3.563,156.66,12.83,0.7992,1.524,0.5582,2.221,407.74,0.9514,47.44,0.7072,11.62,2.451e-05,0.2026,2.773,1.167,2.157,0.1913,7.945,0.4848,7.994
2022-04-12T11:16:56,40173.84,3017.47,104.57,0.2366,15.28,59.4,17.66,84.9,5.495,155.96,0.5113,0.02092,0.006269,2.127,1.469,2.065,1.391,3.563,156.77,12.87,0.7992,1.526,0.5582,2.221,407.83,0.9517,47.46,0.7074,11.57,2.478e-05,0.2027,2.774,1.166,2.158,0.1916,7.941,0.4849,7.996
2022-04-12T11:17:26,40178.02,3017.19,104.49,0.2366,15.28,59.5,17.65,84.92,5.493,155.94,0.5116,0.02092,0.006269,2.127,1.469,2.066,1.396,3.563,156.89,12.87,0.7992,1.526,0.5582,2.221,407.89,0.9515,47.48,0.7077,11.57,2.485e-05,0.2027,2.777,1.168,2.159,0.1916,7.942,0.4849,7.997
2022-04-12T11:17:56,40210.03,3017.5,104.48,0.2367,15.31,59.5,17.66,84.91,5.496,155.94,0.5116,0.02092,0.006284,2.127,1.469,2.084,1.396,3.568,156.88,12.87,0.7992,1.528,0.5582,2.22,408.2,0.9517,47.47,0.7076,11.57,2.472e-05,0.2032,2.777,1.168,2.16,0.1916,7.943,0.485,8
2022-04-12T11:18:26,40210.12,3017.83,104.41,0.2369,15.31,59.5,17.66,84.95,5.499,156.03,0.5116,0.02096,0.006294,2.127,1.47,2.089,1.399,3.566,156.96,12.87,0.7992,1.528,0.5582,2.221,408.12,0.9521,47.47,0.7079,11.64,2.478e-05,0.2033,2.78,1.168,2.161,0.1917,7.95,0.485,8.001
2022-04-12T11:18:56,40201.27,3018.81,104.23,0.2369,15.31,59.6,17.67,84.94,5.503,155.97,0.5116,0.02096,0.006284,2.127,1.471,2.094,1.393,3.571,156.92,12.87,0.7992,1.528,0.5582,2.22,408.26,0.952,47.48,0.7079,11.64,2.46e-05,0.2029,2.779,1.167,2.159,0.1916,7.942,0.4846,8.001
2022-04-12T11:19:26,40199.78,3018.25,104.39,0.2368,15.31,59.6,17.67,84.96,5.504,155.98,0.5116,0.02094,0.006284,2.127,1.471,2.094,1.391,3.57,157.04,12.87,0.7973,1.525,0.5582,2.221,408.23,0.952,47.48,0.7078,11.62,2.461e-05,0.2029,2.78,1.168,2.161,0.1916,7.944,0.4848,8.002
2022-04-12T11:19:56,40201.72,3018.88,104.38,0.2368,15.31,59.6,17.68,85.06,5.491,156.12,0.5116,0.02094,0.006269,2.127,1.471,2.094,1.394,3.575,157.19,12.87,0.7973,1.524,0.5582,2.222,408.25,0.9524,47.52,0.7085,11.63,2.468e-05,0.2036,2.781,1.169,2.164,0.1918,7.943,0.4849,8.001
2022-04-12T11:20:26,40201.01,3018.38,104.31,0.2369,15.29,59.6,17.69,85.04,5.491,156.09,0.512,0.02092,0.006269,2.127,1.472,2.091,1.394,3.578,157.29,12.87,0.7973,1.526,0.5582,2.221,408.28,0.9526,47.53,0.7086,11.63,2.483e-05,0.204,2.782,1.168,2.164,0.1917,7.946,0.4849,8.007
2022-04-12T11:20:56,40197.59,3017.73,104.26,0.2367,15.29,59.6,17.68,85,5.483,155.98,0.512,0.02093,0.006269,2.127,1.472,2.091,1.394,3.578,157.27,12.87,0.7973,1.526,0.5582,2.22,408.21,0.9522,47.51,0.7079,11.62,2.481e-05,0.2035,2.782,1.168,2.162,0.1917,7.945,0.4849,8
2022-04-12T11:21:26,40190.09,3017.82,103.9,0.2367,15.29,59.5,17.68,85,5.494,155.96,0.512,0.02094,0.006269,2.127,1.472,2.091,1.394,3.573,157.23,12.87,0.797,1.523,0.5582,2.22,408.14,0.9525,47.49,0.7078,11.62,2.481e-05,0.2035,2.781,1.167,2.163,0.1917,7.945,0.4849,7.999
2022-04-12T11:21:56,40184.92,3018.02,103.85,0.2368,15.29,59.5,17.67,85.02,5.49,155.9,0.512,0.02093,0.006269,2.127,1.472,2.09,1.395,3.573,157.24,12.85,0.797,1.524,0.5582,2.221,408.03,0.9528,47.52,0.7078,11.61,2.477e-05,0.2035,2.781,1.167,2.164,0.1917,7.941,0.4848,7.998
2022-04-12T11:22:26,40177.43,3016.62,103.86,0.2368,15.29,59.5,17.67,85,5.489,155.94,0.512,0.02092,0.006278,2.127,1.473,2.09,1.395,3.576,157.26,12.85,0.797,1.526,0.5582,2.221,408.04,0.9527,47.51,0.7077,11.61,2.477e-05,0.2035,2.781,1.167,2.164,0.1917,7.944,0.4849,7.997
2022-04-12T11:22:56,40187.8,3017.43,103.87,0.237,15.29,59.5,17.67,85.06,5.497,156.12,0.5143,0.02094,0.006278,2.127,1.473,2.091,1.395,3.581,157.37,12.85,0.797,1.529,0.5582,2.22,408.04,0.953,47.54,0.708,11.61,2.49e-05,0.2036,2.784,1.168,2.167,0.1917,7.951,0.4849,8.003
2022-04-12T11:23:26,40189.65,3017.76,103.94,0.2371,15.29,59.5,17.67,85.13,5.504,156.14,0.5138,0.02092,0.006278,2.127,1.473,2.091,1.398,3.581,157.38,12.85,0.797,1.529,0.5582,2.221,408.01,0.9534,47.57,0.7081,11.61,2.496e-05,0.2038,2.788,1.168,2.171,0.1918,7.956,0.4849,8.005
2022-04-12T11:23:56,40190.57,3018,103.9,0.2373,15.29,59.5,17.71,85.13,5.491,156.16,0.5138,0.02093,0.006278,2.127,1.473,2.093,1.398,3.581,157.41,12.85,0.797,1.529,0.5582,2.221,408.14,0.9537,47.59,0.7081,11.61,2.503e-05,0.2038,2.788,1.169,2.171,0.1921,7.953,0.4851,8.005
2022-04-12T11:24:26,40192.4,3018.28,103.93,0.2373,15.29,59.5,17.71,85.14,5.489,156.08,0.5145,0.02093,0.006278,2.127,1.473,2.096,1.398,3.585,157.4,12.85,0.7962,1.529,0.5582,2.222,408.11,0.9539,47.57,0.708,11.63,2.493e-05,0.2039,2.79,1.168,2.175,0.1922,7.951,0.485,8.001
2022-04-12T11:24:56,40188,3018.25,103.94,0.2373,15.27,59.6,17.7,85.11,5.496,156.03,0.514,0.02096,0.006279,2.127,1.472,2.091,1.398,3.578,157.36,12.86,0.7962,1.529,0.5582,2.221,407.99,0.9539,47.57,0.7081,11.63,2.486e-05,0.2039,2.79,1.168,2.175,0.1923,7.949,0.4849,8.002
2022-04-12T11:25:26,40194.99,3019.33,104.11,0.2374,15.27,59.6,17.71,85.11,5.492,156.13,0.5145,0.02099,0.006279,2.127,1.474,2.091,1.401,3.588,157.47,12.86,0.7962,1.529,0.5582,2.222,408.05,0.9544,47.6,0.7087,11.63,2.504e-05,0.2043,2.791,1.169,2.176,0.1923,7.956,0.4855,8.003
2022-04-12T11:25:56,40193.32,3019.23,104.2,0.2375,15.3,59.6,17.72,85.12,5.491,156.13,0.5145,0.02099,0.006305,2.127,1.474,2.091,1.401,3.587,157.5,12.86,0.7962,1.531,0.5582,2.222,408.33,0.9548,47.61,0.7089,11.63,2.504e-05,0.2048,2.794,1.17,2.177,0.1924,7.963,0.4859,8.005
2022-04-12T11:26:26,40216.8,3019.97,104.24,0.2375,15.3,59.7,17.72,85.13,5.501,156.23,0.5148,0.02105,0.006305,2.127,1.474,2.092,1.403,3.587,157.47,12.86,0.7962,1.532,0.5582,2.223,408.48,0.9549,47.68,0.709,11.63,2.506e-05,0.2048,2.795,1.17,2.176,0.1923,7.967,0.4859,8.007
2022-04-12T11:26:56,40212.28,3020.94,104.28,0.2377,15.3,59.7,17.73,85.14,5.496,156.25,0.5158,0.02103,0.006305,2.127,1.474,2.092,1.402,3.587,157.47,12.86,0.7966,1.536,0.5582,2.223,408.53,0.9555,47.73,0.7094,11.63,2.502e-05,0.205,2.794,1.17,2.174,0.1927,7.966,0.4859,8.01
2022-04-12T11:27:26,40222.18,3022.07,104.34,0.2377,15.3,59.7,17.73,85.14,5.503,156.44,0.5159,0.02108,0.006305,2.129,1.474,2.095,1.404,3.59,157.65,12.86,0.7966,1.536,0.5582,2.228,408.55,0.9555,47.75,0.7094,11.63,2.505e-05,0.2052,2.797,1.172,2.18,0.1927,7.972,0.486,8.013
2022-04-12T11:27:56,40229.9,3023.35,104.37,0.2378,15.3,59.8,17.78,85.17,5.504,156.42,0.5163,0.02109,0.006305,2.129,1.475,2.096,1.405,3.588,157.84,12.86,0.7966,1.537,0.5582,2.228,408.88,0.9563,47.76,0.7091,11.63,2.516e-05,0.2052,2.799,1.173,2.183,0.1928,7.964,0.4864,8.023
2022-04-12T11:28:26,40226.35,3024.21,104.39,0.2379,15.29,59.7,17.79,85.19,5.502,156.46,0.5159,0.02109,0.006312,2.129,1.476,2.098,1.405,3.59,157.8,12.86,0.7966,1.537,0.5582,2.229,408.93,0.9563,47.77,0.7092,11.63,2.514e-05,0.2052,2.799,1.172,2.184,0.1928,7.95,0.4861,8.02
2022-04-12T11:28:56,40237.28,3026.4,104.37,0.2379,15.27,59.7,17.8,85.25,5.5,156.55,0.5165,0.02109,0.006312,2.129,1.476,2.099,1.406,3.59,157.89,12.86,0.7966,1.537,0.5582,2.23,408.9,0.9566,47.78,0.7093,11.63,2.514e-05,0.2051,2.797,1.173,2.184,0.1928,7.95,0.4863,8.023
2022-04-12T11:29:26,40244.76,3027.36,104.48,0.2381,15.27,59.7,17.8,85.3,5.51,156.67,0.5165,0.02109,0.006312,2.129,1.477,2.1,1.406,3.6,157.98,12.86,0.7966,1.541,0.5582,2.231,408.98,0.9572,47.8,0.7097,11.61,2.513e-05,0.2051,2.799,1.174,2.184,0.1929,7.953,0.4866,8.032
2022-04-12T11:29:56,40281.57,3031.51,104.64,0.2385,15.27,59.8,17.8,85.43,5.51,156.81,0.5164,0.0211,0.006312,2.129,1.477,2.101,1.406,3.649,158,12.87,0.7982,1.542,0.5582,2.234,409.18,0.9574,47.87,0.7099,11.61,2.497e-05,0.2058,2.802,1.176,2.186,0.1929,7.966,0.4868,8.036
2022-04-12T11:30:26,40288.17,3032.73,104.64,0.2387,15.27,59.9,17.79,85.45,5.515,156.88,0.5168,0.0211,0.006312,2.129,1.477,2.102,1.406,3.64,158.01,12.87,0.7982,1.543,0.5582,2.235,409.13,0.9573,47.88,0.71,11.61,2.5e-05,0.2058,2.801,1.176,2.186,0.1928,7.969,0.4865,8.04
2022-04-12T11:30:56,40301.39,3033.66,104.8,0.2388,15.27,60,17.81,85.63,5.517,156.92,0.5156,0.02116,0.006341,2.129,1.478,2.103,1.407,3.645,158.1,12.87,0.7982,1.545,0.5582,2.237,409.28,0.9571,47.89,0.7104,11.61,2.489e-05,0.2059,2.803,1.178,2.188,0.193,7.978,0.4868,8.054
2022-04-12T11:31:26,40306.27,3032.92,104.86,0.2389,15.27,60,17.81,85.72,5.525,156.94,0.5156,0.02116,0.006341,2.129,1.479,2.103,1.409,3.64,158.23,12.87,0.7982,1.545,0.5582,2.238,409.68,0.9574,47.92,0.7104,11.61,2.487e-05,0.206,2.805,1.178,2.192,0.193,7.986,0.4868,8.059
2022-04-12T11:31:56,40317.7,3032.8,104.95,0.2388,15.33,60.1,17.81,85.81,5.534,156.91,0.5168,0.02116,0.006347,2.131,1.479,2.103,1.41,3.64,158.28,12.83,0.7982,1.545,0.5582,2.239,409.74,0.9569,47.91,0.7105,11.63,2.486e-05,0.2063,2.805,1.178,2.194,0.193,8.006,0.4868,8.064
2022-04-12T11:32:26,40319.1,3031.95,104.86,0.2388,15.38,60.1,17.8,85.89,5.532,156.92,0.5187,0.02116,0.006347,2.131,1.48,2.103,1.41,3.64,158.36,12.83,0.7958,1.545,0.5582,2.239,409.76,0.9565,47.87,0.7105,11.63,2.483e-05,0.206,2.8,1.178,2.192,0.193,8.019,0.4868,8.064
2022-04-12T11:32:56,40351.95,3035.43,104.91,0.2389,15.38,60.1,17.81,86.06,5.537,157.05,0.5186,0.02116,0.006347,2.131,1.481,2.108,1.411,3.657,158.47,12.83,0.7958,1.547,0.5591,2.239,409.96,0.956,47.88,0.7106,11.63,2.482e-05,0.2061,2.798,1.178,2.19,0.193,8.023,0.487,8.072
2022-04-12T11:33:26,40363.76,3036.08,105.1,0.239,15.38,60.1,17.81,86.37,5.537,157.1,0.5186,0.02116,0.006347,2.132,1.482,2.111,1.414,3.654,158.49,12.83,0.7958,1.548,0.5591,2.24,410.14,0.9582,47.94,0.7118,11.66,2.481e-05,0.2066,2.8,1.178,2.191,0.1931,8.029,0.487,8.07
2022-04-12T11:33:56,40361.24,3036.17,104.95,0.239,15.38,60.1,17.82,86.24,5.533,157.02,0.5191,0.02117,0.006347,2.132,1.483,2.106,1.414,3.643,158.46,12.83,0.7958,1.549,0.5591,2.24,410.13,0.958,47.94,0.7118,11.66,2.468e-05,0.2063,2.802,1.18,2.189,0.193,8.026,0.4871,8.07
2022-04-12T11:34:26,40374.17,3037.76,105.06,0.2392,15.38,60.2,17.82,86.34,5.535,156.98,0.5199,0.02119,0.006355,2.132,1.485,2.106,1.415,3.639,158.52,12.83,0.8007,1.55,0.5591,2.24,410.14,0.9583,47.93,0.7119,11.68,2.464e-05,0.206,2.802,1.18,2.188,0.1929,8.034,0.4873,8.074
2022-04-12T11:34:56,40385.99,3037.97,105.06,0.2393,15.39,60.2,17.83,86.42,5.536,157.09,0.5199,0.02119,0.006355,2.137,1.485,2.109,1.416,3.627,158.53,12.87,0.8007,1.547,0.5591,2.24,410.14,0.9593,47.93,0.7121,11.69,2.465e-05,0.2058,2.802,1.18,2.188,0.1929,8.039,0.4874,8.074
2022-04-12T11:35:26,40390.48,3038.24,105,0.2393,15.39,60.2,17.83,86.41,5.538,157.01,0.5199,0.02122,0.006355,2.137,1.486,2.109,1.415,3.634,158.56,12.87,0.8007,1.549,0.5591,2.239,410.22,0.9597,47.92,0.7121,11.7,2.465e-05,0.2055,2.8,1.18,2.188,0.193,8.039,0.4874,8.074
2022-04-12T11:35:56,40370.12,3038.05,104.92,0.2393,15.38,60.2,17.83,86.39,5.54,157.02,0.529,0.02119,0.006355,2.137,1.485,2.106,1.412,3.624,158.35,12.87,0.8005,1.544,0.5591,2.236,410.15,0.9585,47.91,0.7117,11.66,2.47e-05,0.2055,2.797,1.178,2.182,0.1929,8.038,0.4871,8.07
2022-04-12T11:36:26,40340.59,3036.97,104.9,0.2389,15.39,60.2,17.8,86.36,5.533,156.94,0.5272,0.02114,0.006355,2.139,1.485,2.101,1.412,3.618,158.23,12.87,0.8005,1.543,0.5591,2.234,409.5,0.9584,47.87,0.7116,11.66,2.466e-05,0.2051,2.792,1.176,2.18,0.1928,8.027,0.4871,8.064
2022-04-12T11:36:56,40352.72,3035.5,105.04,0.239,15.39,59.9,17.82,86.41,5.535,157.03,0.5257,0.02118,0.00633,2.139,1.487,2.096,1.415,3.618,158.35,12.87,0.8008,1.543,0.5591,2.236,409.78,0.9592,47.84,0.7119,11.66,2.469e-05,0.2051,2.794,1.176,2.18,0.1928,8.034,0.4871,8.063
2022-04-12T11:37:26,40348.66,3034.91,105.03,0.2389,15.39,59.9,17.82,86.57,5.535,157.07,0.5257,0.02117,0.00633,2.139,1.487,2.096,1.413,3.616,158.47,12.87,0.8008,1.549,0.5636,2.236,409.67,0.9596,47.82,0.7115,11.7,2.472e-05,0.2051,2.792,1.177,2.18,0.1928,8.027,0.4865,8.069
2022-04-12T11:37:56,40338.45,3034.94,104.97,0.2389,15.39,59.9,17.83,86.58,5.539,156.95,0.5248,0.0212,0.006334,2.139,1.487,2.095,1.413,3.615,158.43,12.87,0.8013,1.547,0.5636,2.236,409.5,0.9595,47.78,0.7113,11.7,2.471e-05,0.205,2.792,1.176,2.177,0.1927,8.021,0.4865,8.066
2022-04-12T11:38:26,40313.46,3032.67,104.95,0.2388,15.39,59.8,17.82,86.5,5.529,156.86,0.5253,0.02118,0.006334,2.139,1.487,2.093,1.411,3.616,158.37,12.87,0.8013,1.542,0.5636,2.235,409.44,0.9593,47.75,0.7114,11.66,2.472e-05,0.205,2.791,1.175,2.175,0.1927,8.016,0.4855,8.069
2022-04-12T11:38:56,40308.27,3031.97,104.82,0.2388,15.39,59.8,17.81,86.38,5.534,156.73,0.5248,0.02116,0.006334,2.14,1.486,2.096,1.41,3.613,158.3,12.87,0.799,1.542,0.5636,2.235,409.34,0.9589,47.78,0.7114,11.67,2.471e-05,0.205,2.79,1.174,2.174,0.1926,8.016,0.4852,8.063
2022-04-12T11:39:26,40309.15,3032.09,104.77,0.2388,15.39,59.9,17.82,86.38,5.53,156.78,0.5248,0.02115,0.006334,2.14,1.486,2.096,1.412,3.61,158.5,12.87,0.799,1.542,0.5636,2.236,409.39,0.9587,47.78,0.7115,11.65,2.469e-05,0.205,2.789,1.174,2.173,0.1925,8.015,0.4851,8.062
2022-04-12T11:39:56,40319.86,3032.9,104.99,0.239,15.39,59.9,17.82,86.46,5.544,157.02,0.5245,0.02121,0.006334,2.14,1.488,2.097,1.413,3.613,158.58,12.87,0.7977,1.544,0.5636,2.237,409.69,0.9597,47.85,0.7118,11.66,2.471e-05,0.2051,2.793,1.176,2.176,0.1925,8.029,0.4858,8.069
2022-04-12T11:40:26,40321.85,3033.34,104.89,0.2389,15.39,59.9,17.8,86.36,5.543,156.85,0.525,0.02119,0.006335,2.14,1.487,2.097,1.414,3.611,158.37,12.87,0.7977,1.545,0.5636,2.237,409.89,0.9598,47.82,0.7114,11.66,2.469e-05,0.2051,2.791,1.175,2.174,0.1926,8.026,0.4855,8.072
2022-04-12T11:40:56,40331.86,3033.69,104.91,0.239,15.42,59.9,17.81,86.24,5.547,156.91,0.525,0.0212,0.006335,2.14,1.487,2.096,1.414,3.615,158.39,12.87,0.7977,1.545,0.5636,2.238,410.03,0.9598,47.83,0.7115,11.66,2.468e-05,0.2051,2.792,1.176,2.176,0.1926,8.029,0.4853,8.072
2022-04-12T11:41:26,40329.57,3033.3,104.93,0.2391,15.42,59.9,17.81,86.17,5.545,156.86,0.525,0.02121,0.006325,2.136,1.487,2.096,1.414,3.615,158.4,12.87,0.7974,1.547,0.5622,2.238,409.99,0.9603,47.83,0.7116,11.67,2.473e-05,0.2051,2.793,1.176,2.176,0.1926,8.024,0.4853,8.075
2022-04-12T11:41:56,40330.39,3034.43,105.01,0.2392,15.42,59.9,17.81,86.16,5.544,156.86,0.525,0.02126,0.006335,2.136,1.487,2.101,1.414,3.615,158.4,12.87,0.7974,1.548,0.5622,2.238,410.01,0.9605,47.82,0.7117,11.65,2.471e-05,0.2047,2.793,1.176,2.176,0.1926,8.017,0.4852,8.073
2022-04-12T11:42:26,40358.67,3034.97,105.02,0.2392,15.42,59.8,17.81,86.11,5.541,156.92,0.525,0.02127,0.006332,2.136,1.488,2.105,1.414,3.613,158.51,12.87,0.7974,1.548,0.5622,2.239,410.15,0.9606,47.82,0.7115,11.65,2.469e-05,0.2049,2.793,1.177,2.177,0.1926,8.02,0.4851,8.084
2022-04-12T11:42:56,40347.97,3034.12,104.85,0.2392,15.42,59.8,17.82,86.02,5.544,156.79,0.5224,0.02126,0.006332,2.136,1.487,2.105,1.412,3.612,158.45,12.87,0.7974,1.541,0.5622,2.238,410,0.961,47.83,0.7111,11.65,2.469e-05,0.2049,2.791,1.177,2.175,0.1926,8.012,0.4849,8.084
2022-04-12T11:43:26,40312.24,3031.53,104.74,0.2391,15.42,59.8,17.78,85.97,5.532,156.6,0.5224,0.02124,0.006332,2.136,1.486,2.103,1.413,3.612,158.44,12.87,0.7992,1.541,0.5622,2.237,409.9,0.9604,47.75,0.7108,11.65,2.458e-05,0.2044,2.789,1.177,2.173,0.1925,8.011,0.4848,8.081
2022-04-12T11:43:56,40311.5,3031.14,104.67,0.239,15.39,59.8,17.78,85.94,5.522,156.55,0.5227,0.0212,0.006332,2.14,1.485,2.103,1.413,3.61,158.33,12.87,0.7992,1.541,0.5622,2.236,409.77,0.9606,47.71,0.7105,11.65,2.455e-05,0.2044,2.788,1.177,2.17,0.1924,8.008,0.4848,8.072
2022-04-12T11:44:26,40316.32,3031.2,104.68,0.239,15.39,59.9,17.78,85.9,5.537,156.49,0.523,0.02121,0.006332,2.14,1.485,2.103,1.413,3.611,158.33,12.87,0.7992,1.544,0.5622,2.237,409.78,0.9602,47.7,0.7105,11.65,2.462e-05,0.2041,2.788,1.177,2.17,0.1924,8.007,0.4848,8.069
2022-04-12T11:44:56,40346.28,3034.19,104.79,0.239,15.39,59.9,17.78,85.89,5.532,156.67,0.523,0.0212,0.006332,2.138,1.484,2.104,1.412,3.613,158.43,12.87,0.7992,1.544,0.5622,2.238,409.93,0.9608,47.72,0.7106,11.65,2.47e-05,0.2043,2.79,1.176,2.171,0.1924,8.013,0.485,8.077
2022-04-12T11:45:26,40354.11,3034.5,104.86,0.2393,15.39,60,17.79,85.98,5.528,156.79,0.523,0.02127,0.006332,2.138,1.484,2.105,1.413,3.613,158.46,12.87,0.7992,1.544,0.5622,2.239,409.99,0.9614,47.75,0.7107,11.65,2.473e-05,0.2045,2.791,1.177,2.171,0.1925,8.011,0.4856,8.08
2022-04-12T11:45:56,40366.09,3035.77,104.89,0.2396,15.39,60.1,17.8,86.09,5.535,157,0.5227,0.02129,0.006332,2.138,1.484,2.105,1.415,3.613,158.55,12.87,0.7986,1.516,0.5622,2.241,410.19,0.9622,47.78,0.7109,11.65,2.472e-05,0.2045,2.792,1.178,2.172,0.1926,8.018,0.4861,8.086
2022-04-12T11:46:26,40371.48,3036.15,104.94,0.2396,15.49,60.1,17.79,86.08,5.53,156.95,0.5246,0.02126,0.006326,2.138,1.485,2.109,1.414,3.618,158.49,12.87,0.7986,1.517,0.5622,2.24,410.49,0.9624,47.78,0.7111,11.72,2.473e-05,0.2045,2.792,1.178,2.173,0.1926,8.023,0.4861,8.087
2022-04-12T11:46:56,40384.11,3036.66,105.03,0.2398,15.49,60.1,17.8,86.07,5.53,156.99,0.5246,0.02127,0.006326,2.138,1.485,2.111,1.415,3.629,158.56,12.87,0.7986,1.518,0.5622,2.241,410.66,0.9632,47.85,0.7113,11.72,2.472e-05,0.2045,2.792,1.179,2.172,0.1926,8.023,0.486,8.086
2022-04-12T11:47:26,40386.45,3037.11,105.05,0.2395,15.49,60.1,17.8,86.09,5.536,156.98,0.5242,0.02127,0.006326,2.142,1.487,2.114,1.415,3.629,158.57,12.87,0.7986,1.522,0.5622,2.24,411.31,0.9627,47.92,0.7114,11.72,2.471e-05,0.2045,2.791,1.18,2.172,0.1927,8.026,0.4861,8.093
2022-04-12T11:47:56,40331.34,3032.24,104.77,0.2392,15.49,60,17.78,85.93,5.513,156.5,0.5263,0.0212,0.006326,2.139,1.485,2.103,1.41,3.629,158.31,12.87,0.7988,1.509,0.5622,2.237,410.86,0.9618,47.89,0.7111,11.72,2.466e-05,0.2039,2.785,1.179,2.167,0.1925,8.026,0.4855,8.084
2022-04-12T11:48:26,40315.07,3029.59,104.46,0.2388,15.44,59.8,17.74,85.78,5.502,156.25,0.5252,0.02117,0.006326,2.139,1.482,2.102,1.406,3.616,158.17,12.87,0.7988,1.508,0.5622,2.235,410.43,0.9596,47.73,0.7106,11.64,2.455e-05,0.2037,2.782,1.175,2.165,0.1923,7.989,0.4841,8.073
2022-04-12T11:48:56,40317.05,3029.58,104.38,0.2387,15.44,59.8,17.73,85.74,5.505,156.25,0.5252,0.02119,0.006326,2.139,1.482,2.103,1.404,3.62,158.13,12.87,0.7988,1.505,0.5622,2.235,410.29,0.9601,47.63,0.7102,11.64,2.458e-05,0.2036,2.782,1.175,2.162,0.192,7.984,0.4842,8.07
2022-04-12T11:49:26,40318.64,3030.04,104.51,0.2386,15.44,59.7,17.74,85.81,5.503,156.33,0.5264,0.02121,0.006323,2.141,1.481,2.103,1.405,3.623,158.18,12.87,0.7981,1.505,0.5622,2.237,410.32,0.9602,47.63,0.7105,11.64,2.46e-05,0.2038,2.783,1.175,2.164,0.192,7.982,0.4837,8.069
2022-04-12T11:49:56,40328.06,3031.57,104.61,0.2388,15.44,59.7,17.74,85.83,5.508,156.25,0.5264,0.02123,0.006301,2.141,1.482,2.101,1.405,3.627,157.98,12.87,0.7981,1.505,0.5622,2.239,410.74,0.961,47.64,0.7105,11.64,2.463e-05,0.2039,2.782,1.175,2.164,0.192,7.983,0.4832,8.079
2022-04-12T11:50:26,40324.32,3030.7,104.6,0.2387,15.44,59.7,17.74,85.77,5.508,156.26,0.5278,0.02121,0.006301,2.141,1.483,2.101,1.405,3.626,157.93,12.87,0.7981,1.506,0.5575,2.238,410.73,0.9614,47.61,0.7103,11.64,2.463e-05,0.2039,2.782,1.175,2.164,0.192,7.986,0.4831,8.077
2022-04-12T11:50:56,40336.64,3031.76,104.62,0.2389,15.44,59.7,17.75,85.78,5.51,156.23,0.5278,0.02121,0.006301,2.141,1.485,2.102,1.407,3.626,157.98,12.83,0.7981,1.506,0.5575,2.24,410.77,0.9628,47.61,0.7101,11.63,2.463e-05,0.2039,2.784,1.176,2.165,0.192,7.995,0.4833,8.077
2022-04-12T11:51:26,40392.44,3032.79,104.91,0.2389,15.46,60.1,17.78,85.87,5.522,156.59,0.5285,0.02127,0.006301,2.141,1.487,2.11,1.408,3.636,158.22,12.83,0.7981,1.51,0.5575,2.244,411.11,0.9657,47.69,0.7104,11.61,2.461e-05,0.2045,2.787,1.178,2.166,0.1923,8.007,0.4833,8.087
2022-04-12T11:51:56,40395.73,3034.69,105.02,0.2395,15.46,60,17.79,86,5.524,156.87,0.5289,0.02129,0.006301,2.141,1.486,2.11,1.41,3.64,158.21,12.83,0.7981,1.51,0.5575,2.245,411.55,0.9665,47.71,0.7106,11.61,2.465e-05,0.2042,2.788,1.178,2.167,0.1924,8.011,0.4842,8.089
2022-04-12T11:52:26,40402.61,3038.69,104.98,0.2394,15.46,60.1,17.79,85.99,5.527,157.02,0.5286,0.02129,0.006302,2.141,1.486,2.111,1.41,3.641,158.25,12.82,0.7981,1.509,0.5575,2.245,411.62,0.9668,47.7,0.711,11.61,2.463e-05,0.2039,2.789,1.179,2.166,0.1925,8.018,0.4838,8.091
2022-04-12T11:52:56,40410.12,3038.73,105.06,0.2394,15.46,60.1,17.79,86.05,5.525,156.93,0.5287,0.02125,0.006302,2.141,1.486,2.113,1.409,3.64,158.25,12.87,0.7981,1.51,0.5575,2.245,411.76,0.9671,47.71,0.7113,11.61,2.466e-05,0.2042,2.789,1.179,2.166,0.1925,8.017,0.4833,8.095
2022-04-12T11:53:26,40411.6,3038.24,105.09,0.2396,15.46,60.1,17.79,86.17,5.527,156.96,0.5302,0.02126,0.006311,2.141,1.487,2.113,1.408,3.636,158.19,12.87,0.7981,1.51,0.5575,2.245,411.67,0.9665,47.68,0.7114,11.61,2.481e-05,0.2041,2.788,1.179,2.165,0.1925,8.014,0.4831,8.102
2022-04-12T11:53:56,40396.57,3037.87,105.01,0.2394,15.46,60.1,17.78,86.09,5.527,156.96,0.5274,0.02123,0.006311,2.141,1.487,2.112,1.407,3.638,158.17,12.87,0.7981,1.51,0.5575,2.245,411.62,0.9647,47.61,0.7114,11.59,2.488e-05,0.2041,2.786,1.18,2.164,0.1925,8.013,0.483,8.101
2022-04-12T11:54:26,40403.62,3038.4,105.11,0.2394,15.46,60.3,17.79,86.09,5.515,157.02,0.5261,0.02123,0.006311,2.14,1.488,2.113,1.408,3.639,158.2,12.87,0.7981,1.51,0.5575,2.246,411.58,0.9647,47.62,0.7114,11.59,2.484e-05,0.204,2.787,1.18,2.165,0.1924,8.016,0.4829,8.107
2022-04-12T11:54:56,40399.54,3038.33,105.12,0.2393,15.46,60.2,17.79,86.09,5.517,157.01,0.5261,0.02119,0.006311,2.14,1.487,2.112,1.406,3.638,158.19,12.87,0.7981,1.51,0.5575,2.245,411.53,0.9649,47.63,0.7112,11.59,2.482e-05,0.2038,2.787,1.18,2.166,0.1924,8.026,0.4829,8.104
2022-04-12T11:55:26,40361.13,3034.83,105.08,0.239,15.46,60.2,17.78,85.95,5.51,156.71,0.5252,0.02117,0.006311,2.14,1.485,2.11,1.404,3.635,158.01,12.87,0.7988,1.509,0.5575,2.244,410.97,0.9646,47.6,0.7104,11.56,2.48e-05,0.2038,2.783,1.178,2.164,0.1922,8.025,0.4828,8.097
2022-04-12T11:55:56,40362.22,3036.49,105.03,0.2391,15.46,60.2,17.78,85.91,5.51,156.84,0.5246,0.02117,0.006322,2.142,1.485,2.096,1.404,3.639,158.1,12.87,0.7988,1.511,0.5575,2.246,411.12,0.9643,47.59,0.7111,11.57,2.474e-05,0.2037,2.785,1.178,2.164,0.1922,8.028,0.4829,8.092
2022-04-12T11:56:26,40361.87,3040.04,105.26,0.2397,15.46,60.2,17.78,86.02,5.515,157.07,0.5247,0.02123,0.006322,2.142,1.487,2.096,1.405,3.638,158.18,12.87,0.7988,1.511,0.5575,2.248,411.38,0.9663,47.63,0.7115,11.59,2.477e-05,0.2041,2.787,1.178,2.167,0.1923,8.041,0.4836,8.101
2022-04-12T11:56:56,40366.45,3040.48,105.49,0.2396,15.46,60.1,17.8,86.11,5.512,157.14,0.5247,0.02124,0.006322,2.142,1.487,2.098,1.408,3.638,158.24,12.87,0.7988,1.511,0.5575,2.249,411.56,0.9668,47.72,0.7117,11.59,2.478e-05,0.2042,2.787,1.18,2.168,0.1924,8.041,0.4836,8.103
2022-04-12T11:57:26,40372.91,3039.45,105.49,0.2397,15.46,60.1,17.8,86.16,5.517,157.19,0.5247,0.02116,0.006322,2.142,1.487,2.098,1.413,3.643,158.35,12.87,0.7988,1.516,0.5575,2.248,411.57,0.967,47.72,0.7115,11.59,2.478e-05,0.2042,2.787,1.18,2.168,0.1925,8.046,0.4838,8.102
2022-04-12T11:57:56,40352.07,3039.91,105.57,0.2397,15.46,60,17.8,86.17,5.511,157.22,0.5248,0.02114,0.006322,2.142,1.486,2.097,1.416,3.648,158.28,12.87,0.7988,1.519,0.5575,2.249,411.42,0.9668,47.69,0.7114,11.61,2.482e-05,0.2041,2.787,1.181,2.168,0.1925,8.046,0.4836,8.107
2022-04-12T11:58:26,40347.84,3039.16,105.53,0.2395,15.49,60,17.79,86.16,5.515,157.21,0.5248,0.02113,0.00631,2.142,1.486,2.094,1.415,3.646,158.34,12.87,0.799,1.52,0.5575,2.247,411.4,0.9665,47.66,0.7113,11.61,2.482e-05,0.2041,2.786,1.181,2.167,0.1924,8.036,0.4835,8.108
2022-04-12T11:58:56,40349.45,3038.93,105.62,0.2395,15.49,60,17.79,86.15,5.508,157.2,0.5248,0.02114,0.00631,2.142,1.486,2.094,1.415,3.643,158.31,12.87,0.799,1.52,0.5575,2.247,411.35,0.9653,47.66,0.7113,11.63,2.482e-05,0.2041,2.786,1.181,2.167,0.1925,8.038,0.4835,8.109
2022-04-12T11:59:26,40357.32,3038.94,105.6,0.2393,15.49,60,17.79,86.17,5.515,157.18,0.5251,0.02118,0.00632,2.142,1.486,2.1,1.416,3.646,158.29,12.87,0.799,1.52,0.5575,2.248,411.37,0.9653,47.64,0.7114,11.62,2.483e-05,0.2041,2.788,1.181,2.168,0.1924,8.036,0.4835,8.115
2022-04-12T11:59:56,40372.29,3040.52,105.58,0.2395,15.48,60,17.81,86.22,5.515,157.19,0.5242,0.02117,0.00632,2.142,1.487,2.099,1.416,3.648,158.37,12.87,0.799,1.52,0.5575,2.248,411.53,0.9659,47.64,0.7115,11.62,2.486e-05,0.2044,2.787,1.182,2.169,0.1925,8.048,0.4838,8.113
2022-04-12T12:00:26,40388.02,3040.76,105.59,0.2395,15.46,60,17.81,86.29,5.513,157.18,0.5242,0.02123,0.00632,2.142,1.487,2.1,1.415,3.648,158.43,12.87,0.8036,1.52,0.5575,2.248,411.75,0.9669,47.66,0.7116,11.65,2.488e-05,0.2044,2.788,1.182,2.169,0.1925,8.049,0.484,8.117
2022-04-12T12:00:56,40391.2,3040.26,105.59,0.2395,15.46,60,17.81,86.25,5.512,157.24,0.5253,0.02122,0.00632,2.142,1.487,2.1,1.417,3.652,158.41,12.87,0.8036,1.52,0.5575,2.247,411.7,0.9667,47.71,0.7119,11.65,2.485e-05,0.2044,2.788,1.183,2.169,0.1925,8.05,0.4842,8.118
2022-04-12T12:01:26,40384.47,3040.27,105.67,0.2396,15.48,60,17.8,86.18,5.516,157.22,0.5255,0.02119,0.00632,2.142,1.487,2.1,1.418,3.649,158.36,12.87,0.8036,1.519,0.5575,2.246,411.72,0.9668,47.68,0.7119,11.7,2.498e-05,0.2044,2.787,1.183,2.168,0.1924,8.05,0.4841,8.118
2022-04-12T12:01:56,40352.23,3039.62,105.6,0.2394,15.48,59.9,17.79,86.11,5.514,157.08,0.5251,0.02115,0.006311,2.142,1.487,2.092,1.418,3.649,158.23,12.86,0.8036,1.519,0.5575,2.246,411.6,0.9657,47.65,0.7119,11.7,2.507e-05,0.204,2.786,1.182,2.168,0.1924,8.031,0.484,8.11
2022-04-12T12:02:26,40342.46,3037.8,105.59,0.2391,15.48,59.9,17.79,86.02,5.516,157.04,0.5251,0.02115,0.006313,2.142,1.486,2.092,1.417,3.643,158.21,12.86,0.8004,1.519,0.5575,2.247,411.51,0.9653,47.63,0.7117,11.75,2.499e-05,0.204,2.785,1.181,2.168,0.1923,8.03,0.4839,8.104
2022-04-12T12:02:56,40346.77,3037.62,105.66,0.2391,15.48,59.9,17.78,86.02,5.519,157.04,0.5251,0.02115,0.006313,2.142,1.485,2.092,1.418,3.643,158.23,12.86,0.8004,1.519,0.5575,2.248,411.57,0.9652,47.62,0.7105,11.73,2.5e-05,0.204,2.785,1.181,2.168,0.1923,8.028,0.484,8.107
2022-04-12T12:03:26,40396.62,3041.23,105.81,0.2393,15.46,59.9,17.79,86.08,5.522,157.14,0.5251,0.02116,0.006309,2.142,1.487,2.1,1.419,3.647,158.28,12.86,0.8004,1.521,0.5575,2.25,411.65,0.9652,47.64,0.7105,11.79,2.495e-05,0.2044,2.79,1.183,2.171,0.1924,8.036,0.4843,8.109
2022-04-12T12:03:56,40383.93,3042.34,105.93,0.2394,15.46,59.9,17.8,86.18,5.532,157.18,0.525,0.02116,0.006309,2.142,1.487,2.1,1.418,3.647,158.31,12.86,0.7996,1.521,0.5575,2.251,411.95,0.9658,47.68,0.7104,11.75,2.498e-05,0.2042,2.789,1.183,2.17,0.1924,8.04,0.4843,8.11
2022-04-12T12:04:26,40364.14,3042.51,105.8,0.2393,15.46,59.9,17.79,86.16,5.523,157.1,0.525,0.02117,0.006309,2.142,1.485,2.099,1.417,3.647,158.3,12.86,0.7996,1.521,0.5575,2.25,411.83,0.9655,47.69,0.7104,11.75,2.497e-05,0.204,2.788,1.184,2.17,0.1924,8.049,0.4841,8.118
2022-04-12T12:04:56,40361.51,3042.63,105.82,0.2392,15.46,60,17.79,86.1,5.523,156.95,0.5234,0.02115,0.006309,2.142,1.485,2.098,1.417,3.641,158.35,12.87,0.7996,1.521,0.5575,2.25,411.76,0.9648,47.69,0.7103,11.73,2.496e-05,0.204,2.787,1.184,2.17,0.1924,8.057,0.4845,8.118
2022-04-12T12:05:26,40356.46,3042.1,105.82,0.2392,15.46,60.2,17.78,86.09,5.523,156.89,0.5226,0.02114,0.006309,2.145,1.486,2.098,1.416,3.642,158.27,12.87,0.7996,1.52,0.5575,2.25,411.73,0.9646,47.69,0.7099,11.73,2.491e-05,0.204,2.786,1.183,2.169,0.1923,8.055,0.4848,8.112
2022-04-12T12:05:56,40398.49,3043.89,105.9,0.2396,15.48,60.2,17.81,86.16,5.532,157.22,0.52,0.02119,0.006314,2.143,1.488,2.103,1.419,3.642,158.48,12.87,0.7996,1.524,0.5575,2.253,411.88,0.9652,47.76,0.7106,11.77,2.496e-05,0.2043,2.792,1.185,2.172,0.1925,8.07,0.4851,8.114
2022-04-12T12:06:26,40402.8,3046.33,106.28,0.2397,15.48,60.2,17.84,86.22,5.54,157.2,0.5199,0.02115,0.006314,2.143,1.488,2.103,1.419,3.642,158.55,12.87,0.7998,1.527,0.5575,2.254,412.03,0.9679,47.74,0.7108,11.77,2.495e-05,0.2043,2.793,1.185,2.174,0.1926,8.071,0.4848,8.115
2022-04-12T12:06:56,40403.68,3046.22,106.26,0.2395,15.48,60.1,17.84,86.28,5.538,157.33,0.519,0.02115,0.006315,2.143,1.488,2.103,1.42,3.639,158.54,12.87,0.7998,1.528,0.5575,2.255,412.01,0.9683,47.76,0.7111,11.75,2.496e-05,0.2043,2.792,1.186,2.175,0.1926,8.074,0.485,8.124
2022-04-12T12:07:26,40403.87,3045.38,106.26,0.2394,15.48,60.1,17.84,86.28,5.539,157.23,0.519,0.02113,0.006318,2.143,1.487,2.103,1.419,3.643,158.52,12.87,0.7986,1.529,0.5575,2.254,411.96,0.9679,47.72,0.711,11.75,2.496e-05,0.2043,2.792,1.186,2.174,0.1926,8.057,0.4847,8.124
2022-04-12T12:07:56,40398.78,3044.58,106.18,0.2393,15.48,60.1,17.83,86.26,5.535,157.35,0.5188,0.02113,0.006318,2.143,1.49,2.103,1.419,3.647,158.57,12.87,0.8026,1.528,0.5575,2.253,411.95,0.9681,47.66,0.711,11.71,2.496e-05,0.2048,2.791,1.186,2.174,0.1926,8.047,0.4847,8.124
2022-04-12T12:08:26,40405.01,3044.82,106.19,0.2392,15.48,60.1,17.84,86.27,5.536,157.38,0.5188,0.02112,0.006318,2.149,1.491,2.103,1.419,3.646,158.57,12.87,0.8026,1.528,0.5575,2.253,412.02,0.9683,47.64,0.7111,11.71,2.497e-05,0.2048,2.792,1.186,2.175,0.1926,8.048,0.4847,8.119
2022-04-12T12:08:56,40408.08,3046.4,106.3,0.2392,15.48,60.1,17.85,86.34,5.536,157.43,0.5181,0.02113,0.006335,2.15,1.49,2.104,1.42,3.646,158.6,12.87,0.8031,1.528,0.5575,2.254,412.03,0.9683,47.65,0.7112,11.7,2.499e-05,0.2052,2.793,1.187,2.175,0.1926,8.048,0.4848,8.12
2022-04-12T12:09:26,40413.91,3046.9,106.32,0.2393,15.47,60.2,17.86,86.38,5.526,157.43,0.5188,0.02115,0.006327,2.15,1.491,2.104,1.419,3.646,158.66,12.87,0.8031,1.529,0.5575,2.254,412.22,0.9692,47.69,0.7113,11.7,2.5e-05,0.2052,2.793,1.187,2.175,0.1926,8.053,0.485,8.12
2022-04-12T12:09:56,40417.43,3047.52,106.31,0.2393,15.47,60.5,17.84,86.4,5.519,157.37,0.5194,0.02115,0.006327,2.155,1.491,2.104,1.42,3.643,158.72,12.87,0.8031,1.528,0.5575,2.254,412.34,0.9686,47.7,0.7114,11.7,2.5e-05,0.2055,2.794,1.187,2.176,0.1926,8.057,0.4851,8.124
2022-04-12T12:10:26,40390.6,3045.1,106.24,0.239,15.47,60.4,17.84,86.35,5.522,157.26,0.5194,0.02114,0.006327,2.152,1.49,2.103,1.419,3.645,158.64,12.87,0.8031,1.528,0.5575,2.253,412.06,0.9675,47.69,0.7108,11.7,2.501e-05,0.2051,2.793,1.186,2.174,0.1926,8.048,0.4849,8.128
2022-04-12T12:10:56,40396.38,3045.45,106.33,0.239,15.47,60.3,17.84,86.39,5.529,157.37,0.5202,0.02113,0.006327,2.152,1.488,2.103,1.419,3.65,158.75,12.87,0.8031,1.529,0.5575,2.254,412.05,0.9684,47.73,0.7111,11.71,2.508e-05,0.2052,2.794,1.186,2.175,0.1926,8.052,0.4852,8.123
2022-04-12T12:11:26,40395.91,3045.1,106.34,0.2389,15.47,60.4,17.84,86.39,5.515,157.35,0.5192,0.02117,0.006327,2.152,1.488,2.103,1.419,3.648,158.77,12.87,0.8031,1.529,0.5575,2.254,412.24,0.9686,47.77,0.7111,11.73,2.515e-05,0.2052,2.795,1.186,2.176,0.1925,8.06,0.4851,8.128
2022-04-12T12:11:56,40362.3,3043.73,106.27,0.2389,15.5,60.2,17.84,86.42,5.521,157.22,0.5188,0.02114,0.006335,2.15,1.488,2.102,1.419,3.65,158.7,12.87,0.7988,1.528,0.5575,2.252,412.09,0.9694,47.78,0.7106,11.75,2.533e-05,0.2051,2.792,1.185,2.176,0.1924,8.062,0.4847,8.12
2022-04-12T12:12:26,40342.47,3043.29,106.26,0.2385,15.5,60.2,17.83,86.27,5.521,157.12,0.5188,0.02113,0.006335,2.149,1.488,2.096,1.417,3.65,158.56,12.87,0.7988,1.525,0.5575,2.25,411.95,0.9674,47.73,0.7101,11.76,2.518e-05,0.2051,2.79,1.184,2.174,0.1924,8.049,0.4846,8.124
2022-04-12T12:12:56,40342.88,3040.31,106.19,0.2383,15.5,60.2,17.81,86.18,5.522,156.98,0.5187,0.02111,0.006324,2.149,1.488,2.096,1.416,3.647,158.41,12.87,0.7988,1.526,0.5575,2.247,411.84,0.9667,47.7,0.7098,11.73,2.509e-05,0.2051,2.788,1.183,2.173,0.1924,8.03,0.4841,8.124
2022-04-12T12:13:26,40337.66,3038.96,106.07,0.2383,15.5,60.2,17.8,86.08,5.523,156.8,0.5186,0.02111,0.006347,2.149,1.488,2.098,1.416,3.642,158.37,12.87,0.7988,1.526,0.5575,2.247,411.67,0.9669,47.69,0.7097,11.73,2.514e-05,0.2051,2.786,1.182,2.17,0.1923,8.021,0.4842,8.124
2022-04-12T12:13:56,40312.83,3038.1,105.87,0.2379,15.5,60.2,17.8,86.04,5.516,156.62,0.5186,0.0211,0.006347,2.149,1.487,2.097,1.416,3.644,158.27,12.87,0.8,1.526,0.5575,2.244,411.55,0.9662,47.64,0.7094,11.73,2.513e-05,0.2043,2.781,1.181,2.168,0.1922,8.02,0.4837,8.117
2022-04-12T12:14:26,40329.54,3038.81,105.93,0.2379,15.5,60.1,17.78,86.02,5.522,156.54,0.5186,0.02111,0.006347,2.149,1.487,2.098,1.417,3.644,158.32,12.88,0.8,1.526,0.5575,2.246,411.55,0.9669,47.61,0.7094,11.73,2.512e-05,0.2042,2.782,1.181,2.167,0.1922,8.012,0.4832,8.112
2022-04-12T12:14:56,40315.4,3038.58,105.93,0.2379,15.51,60.1,17.78,85.99,5.517,156.54,0.5164,0.02112,0.006347,2.149,1.487,2.097,1.417,3.644,158.3,12.88,0.8,1.524,0.5575,2.246,411.31,0.9673,47.59,0.7093,11.73,2.512e-05,0.204,2.779,1.18,2.165,0.1922,7.994,0.4827,8.111
2022-04-12T12:15:26,40312.63,3038.28,106,0.2374,15.51,60.1,17.77,85.93,5.512,156.39,0.5164,0.02114,0.006347,2.149,1.487,2.097,1.416,3.644,158.26,12.81,0.7997,1.518,0.5575,2.242,411.27,0.9677,47.52,0.7089,11.75,2.502e-05,0.2039,2.778,1.178,2.164,0.1922,7.982,0.4827,8.108
2022-04-12T12:15:56,40308.25,3037.2,106.03,0.2373,15.51,60.1,17.76,85.78,5.518,156.33,0.5164,0.02116,0.006344,2.15,1.483,2.097,1.415,3.64,158.17,12.81,0.7997,1.519,0.5575,2.241,410.82,0.9668,47.46,0.7086,11.75,2.499e-05,0.2036,2.777,1.176,2.163,0.1921,7.972,0.481,8.105
2022-04-12T12:16:26,40301.41,3037.12,106.01,0.2372,15.51,60.1,17.75,85.74,5.518,156.16,0.5164,0.02117,0.006344,2.152,1.483,2.096,1.412,3.637,158.1,12.81,0.7997,1.518,0.5575,2.24,410.84,0.9653,47.44,0.7079,11.73,2.497e-05,0.2033,2.771,1.175,2.161,0.1919,7.97,0.4811,8.103
2022-04-12T12:16:56,40306.06,3038.13,106,0.2372,15.51,60.1,17.74,85.66,5.517,156.27,0.5164,0.02122,0.006344,2.148,1.483,2.097,1.411,3.638,158.02,12.81,0.7997,1.517,0.5575,2.241,410.81,0.965,47.4,0.7078,11.73,2.487e-05,0.2034,2.771,1.175,2.161,0.1918,7.963,0.481,8.098
2022-04-12T12:17:26,40317.94,3037.75,106.08,0.2374,15.45,60.1,17.75,85.68,5.511,156.26,0.5142,0.02123,0.006344,2.148,1.483,2.091,1.412,3.638,158.07,12.81,0.7997,1.518,0.5575,2.243,410.9,0.9642,47.44,0.708,11.77,2.483e-05,0.2037,2.771,1.175,2.161,0.1919,7.972,0.4811,8.096
2022-04-12T12:17:56,40302.17,3036.58,106.12,0.2373,15.47,59.9,17.76,85.76,5.515,156.26,0.5142,0.02118,0.006344,2.148,1.481,2.088,1.413,3.635,158.02,12.81,0.7997,1.518,0.5575,2.243,410.74,0.9636,47.43,0.7076,11.77,2.485e-05,0.2036,2.771,1.174,2.159,0.1919,7.972,0.4815,8.094
2022-04-12T12:18:26,40293.4,3035.68,106.02,0.237,15.47,59.9,17.75,85.66,5.518,156.19,0.5147,0.02119,0.006344,2.153,1.481,2.088,1.41,3.626,157.65,12.81,0.7997,1.517,0.5575,2.241,410.63,0.9632,47.41,0.7068,11.77,2.483e-05,0.2033,2.769,1.173,2.159,0.1918,7.952,0.4808,8.097
2022-04-12T12:18:56,40288.47,3033.79,106.01,0.2367,15.17,60,17.74,85.53,5.511,156.06,0.5136,0.02118,0.006343,2.155,1.482,2.088,1.409,3.625,157.62,12.81,0.7986,1.515,0.5575,2.239,410.45,0.9625,47.39,0.7061,11.73,2.477e-05,0.2031,2.768,1.172,2.158,0.1918,7.947,0.4802,8.089
2022-04-12T12:19:26,40291.59,3034.46,105.98,0.2368,15.17,60,17.75,85.51,5.51,155.99,0.5143,0.02117,0.006342,2.155,1.482,2.088,1.411,3.625,157.63,12.81,0.7986,1.515,0.5575,2.24,410.52,0.9627,47.42,0.7065,11.73,2.475e-05,0.2031,2.771,1.171,2.16,0.1918,7.941,0.4797,8.087
2022-04-12T12:19:56,40286.12,3033.17,105.88,0.2367,15.17,59.7,17.74,85.48,5.513,155.89,0.5143,0.02114,0.006342,2.155,1.481,2.088,1.41,3.617,157.64,12.81,0.8012,1.515,0.5575,2.24,410.45,0.9619,47.42,0.7062,11.73,2.473e-05,0.2031,2.77,1.171,2.159,0.1918,7.945,0.4797,8.086
2022-04-12T12:20:26,40292.35,3033.46,105.89,0.2368,15.17,59.8,17.74,85.46,5.51,155.91,0.5143,0.02114,0.006342,2.155,1.481,2.088,1.409,3.619,157.71,12.81,0.8012,1.515,0.5575,2.24,410.49,0.9615,47.44,0.7064,11.73,2.474e-05,0.2032,2.77,1.17,2.159,0.1918,7.944,0.4795,8.09
2022-04-12T12:20:56,40284.11,3033.17,105.89,0.2368,15.17,59.8,17.75,85.35,5.51,155.91,0.5143,0.02114,0.006342,2.156,1.481,2.088,1.409,3.615,157.76,12.81,0.8012,1.513,0.5575,2.239,410.43,0.9622,47.44,0.7062,11.73,2.475e-05,0.2032,2.77,1.17,2.159,0.1918,7.938,0.4792,8.092
2022-04-12T12:21:26,40286.73,3032.97,105.81,0.2368,15.25,59.8,17.76,85.31,5.507,155.91,0.5143,0.02113,0.006342,2.156,1.479,2.091,1.41,3.618,157.73,12.81,0.8012,1.513,0.5575,2.238,410.4,0.9623,47.43,0.7063,11.73,2.471e-05,0.2032,2.769,1.169,2.159,0.1918,7.937,0.4792,8.092
2022-04-12T12:21:56,40272.7,3032.31,105.7,0.2367,15.24,59.7,17.74,85.29,5.507,155.81,0.5143,0.02113,0.00634,2.156,1.478,2.087,1.409,3.619,157.68,12.81,0.8012,1.513,0.5575,2.238,410.38,0.9619,47.43,0.7062,11.73,2.472e-05,0.203,2.768,1.169,2.159,0.1918,7.928,0.4793,8.091
2022-04-12T12:22:26,40273.92,3031.84,105.62,0.2363,15.24,59.6,17.75,85.25,5.503,155.78,0.5142,0.02111,0.00634,2.156,1.478,2.087,1.409,3.618,157.64,12.88,0.798,1.513,0.5575,2.237,410.17,0.9613,47.39,0.706,11.73,2.472e-05,0.2026,2.766,1.165,2.156,0.1918,7.915,0.4793,8.09
2022-04-12T12:22:56,40258.55,3030.34,105.41,0.2359,15.13,59.6,17.73,85.23,5.503,155.57,0.5092,0.02111,0.006338,2.156,1.477,2.084,1.406,3.616,157.59,12.88,0.798,1.513,0.5575,2.229,410.02,0.9605,47.38,0.7057,11.69,2.475e-05,0.2024,2.763,1.164,2.154,0.1915,7.907,0.4768,8.087
2022-04-12T12:23:26,40254.27,3030.83,105.12,0.2357,15.13,59.6,17.72,85.08,5.497,155.39,0.5094,0.02109,0.006338,2.155,1.475,2.084,1.406,3.614,157.49,12.88,0.798,1.51,0.5575,2.228,409.86,0.9593,47.28,0.7054,11.68,2.474e-05,0.2023,2.76,1.161,2.153,0.1914,7.897,0.4745,8.079
2022-04-12T12:23:56,40249.65,3028.32,104.88,0.2356,15.13,59.6,17.7,85.04,5.492,155.22,0.5094,0.02108,0.006338,2.156,1.475,2.082,1.405,3.612,157.27,12.88,0.798,1.508,0.5575,2.226,409.61,0.9595,47.34,0.7051,11.65,2.473e-05,0.2022,2.759,1.159,2.153,0.1913,7.889,0.4742,8.081
2022-04-12T12:24:26,40250.01,3029.84,104.91,0.2356,15.13,59.7,17.7,85.06,5.487,155.15,0.5085,0.02108,0.006338,2.156,1.474,2.082,1.404,3.61,157.24,12.88,0.8006,1.507,0.5575,2.227,409.58,0.9595,47.46,0.705,11.69,2.477e-05,0.2022,2.759,1.158,2.154,0.1912,7.89,0.4743,8.075
2022-04-12T12:24:56,40258.22,3032.16,104.94,0.2357,15.13,59.6,17.71,85.17,5.455,155.29,0.5085,0.02109,0.006338,2.155,1.474,2.082,1.405,3.612,157.43,12.88,0.8006,1.51,0.5575,2.23,409.93,0.9597,47.54,0.7056,11.7,2.479e-05,0.2023,2.762,1.159,2.154,0.1914,7.897,0.4753,8.08
2022-04-12T12:25:26,40270.61,3032.06,105.34,0.2363,15.17,59.6,17.72,85.2,5.418,155.44,0.5085,0.02109,0.00632,2.155,1.475,2.083,1.406,3.609,157.51,12.88,0.8006,1.51,0.5575,2.235,410,0.9606,47.52,0.706,11.7,2.48e-05,0.2023,2.763,1.161,2.157,0.1913,7.903,0.4757,8.08
2022-04-12T12:25:56,40265.49,3030.94,105.39,0.2363,15.16,59.7,17.72,85.09,5.425,155.59,0.5085,0.0211,0.00632,2.155,1.476,2.08,1.405,3.609,157.59,12.88,0.8006,1.501,0.5575,2.233,410.1,0.9605,47.49,0.7059,11.7,2.48e-05,0.2022,2.764,1.16,2.156,0.1914,7.899,0.4749,8.074
2022-04-12T12:26:26,40231.37,3028.63,105.25,0.2358,15.16,59.7,17.72,85.01,5.408,155.57,0.5085,0.02107,0.00632,2.154,1.472,2.075,1.403,3.608,157.43,12.88,0.8006,1.496,0.5575,2.231,409.89,0.9598,47.46,0.7052,11.7,2.477e-05,0.2019,2.762,1.159,2.155,0.1913,7.887,0.4749,8.067
2022-04-12T12:26:56,40244.73,3030.18,105.42,0.236,15.13,59.6,17.71,85.02,5.431,155.65,0.5086,0.02111,0.00632,2.154,1.473,2.073,1.405,3.608,157.54,12.88,0.8006,1.499,0.5575,2.234,409.89,0.9609,47.44,0.7055,11.64,2.48e-05,0.2022,2.761,1.16,2.157,0.1913,7.885,0.4751,8.069
2022-04-12T12:27:26,40264.1,3032.09,105.56,0.2361,15.16,59.6,17.72,85.07,5.433,155.68,0.5086,0.0211,0.00632,2.154,1.474,2.074,1.405,3.608,157.67,12.87,0.798,1.501,0.5575,2.236,410.13,0.9622,47.48,0.7056,11.64,2.488e-05,0.2023,2.762,1.161,2.156,0.1914,7.9,0.4758,8.072
2022-04-12T12:27:56,40279.81,3033.34,105.66,0.2362,15.16,59.6,17.73,85.09,5.438,155.87,0.5086,0.02111,0.00632,2.156,1.476,2.075,1.405,3.608,157.73,12.87,0.798,1.501,0.5575,2.237,410.36,0.9629,47.5,0.706,11.64,2.491e-05,0.2023,2.763,1.161,2.157,0.1915,7.918,0.4762,8.075
2022-04-12T12:28:26,40252.07,3031.26,105.58,0.2363,15.16,59.6,17.72,85.1,5.421,155.77,0.5087,0.02111,0.00632,2.156,1.473,2.073,1.404,3.608,157.65,12.87,0.798,1.495,0.5575,2.237,410.23,0.9627,47.51,0.7057,11.64,2.489e-05,0.2023,2.762,1.161,2.155,0.1915,7.914,0.4761,8.071
2022-04-12T12:28:56,40257.48,3031.76,105.76,0.2363,15.16,59.6,17.73,85.12,5.433,155.82,0.5087,0.02107,0.006332,2.156,1.475,2.074,1.406,3.611,157.64,12.87,0.798,1.495,0.5575,2.237,410.58,0.9631,47.54,0.7057,11.64,2.484e-05,0.2027,2.765,1.162,2.157,0.1915,7.92,0.4763,8.075
2022-04-12T12:29:26,40274.62,3031.53,105.76,0.2363,15.16,59.5,17.72,85.13,5.426,155.64,0.5087,0.02106,0.006327,2.156,1.476,2.075,1.406,3.61,157.41,12.87,0.798,1.495,0.5575,2.236,410.67,0.963,47.54,0.7061,11.58,2.486e-05,0.2026,2.765,1.163,2.158,0.1915,7.925,0.4762,8.075
2022-04-12T12:29:56,40290.93,3033.18,105.77,0.2364,15.16,59.6,17.73,85.12,5.429,155.68,0.5114,0.02109,0.006315,2.156,1.476,2.076,1.406,3.61,157.49,12.87,0.8,1.504,0.5575,2.238,410.79,0.9638,47.55,0.7065,11.63,2.486e-05,0.2025,2.767,1.163,2.157,0.1915,7.926,0.4762,8.075
2022-04-12T12:30:26,40557.17,3058.13,106.79,0.238,15.16,60,17.83,85.66,5.445,156.83,0.5117,0.02111,0.006315,2.159,1.483,2.093,1.417,3.639,158.14,12.82,0.8,1.513,0.5575,2.252,412.12,0.969,47.73,0.7097,11.63,2.493e-05,0.2025,2.787,1.166,2.164,0.1919,7.971,0.4787,8.095
2022-04-12T12:30:56,40580.08,3064.98,106.86,0.2385,15.2,60,17.89,86.04,5.47,157.23,0.5188,0.0212,0.006388,2.163,1.49,2.095,1.419,3.649,158.18,12.82,0.8018,1.533,0.5575,2.257,413.24,0.9716,47.97,0.7119,11.63,2.512e-05,0.2046,2.797,1.17,2.175,0.1925,8.02,0.4819,8.122
2022-04-12T12:31:26,40443.59,3057.23,106.48,0.2377,15.23,60,17.85,85.82,5.457,156.99,0.5214,0.02122,0.006389,2.16,1.489,2.088,1.419,3.653,158.02,12.88,0.8018,1.529,0.5575,2.25,412.6,0.9716,47.85,0.711,11.67,2.505e-05,0.204,2.792,1.171,2.175,0.1924,7.997,0.4807,8.129
2022-04-12T12:31:56,40361.01,3050.3,106.16,0.2362,15.14,59.7,17.78,85.41,5.435,156.55,0.5214,0.02115,0.006313,2.145,1.481,2.083,1.417,3.649,157.63,12.88,0.8,1.528,0.5575,2.243,411.81,0.9676,47.66,0.7102,11.56,2.498e-05,0.2031,2.783,1.168,2.168,0.1922,7.95,0.48,8.117
2022-04-12T12:32:26,40411.95,3053.81,106.73,0.2366,15.14,60,17.84,85.48,5.502,157.06,0.5167,0.02121,0.006313,2.145,1.485,2.086,1.414,3.659,158.06,12.84,0.8,1.539,0.5575,2.251,412.03,0.9714,47.81,0.7106,11.63,2.507e-05,0.2044,2.795,1.171,2.172,0.1926,7.995,0.481,8.128
2022-04-12T12:32:56,40486.55,3054.2,106.61,0.2368,15.14,60,17.83,85.86,5.524,156.97,0.519,0.02119,0.006385,2.145,1.49,2.09,1.414,3.668,158.14,12.84,0.8,1.539,0.5575,2.254,412.35,0.9709,47.94,0.7109,11.61,2.506e-05,0.2043,2.797,1.172,2.176,0.1925,8.029,0.481,8.136
2022-04-12T12:33:26,40540.35,3053.42,106.91,0.2385,15.14,60.1,17.87,86.19,5.542,157.43,0.5207,0.02127,0.006354,2.145,1.494,2.093,1.415,3.685,158.15,12.84,0.8,1.536,0.5575,2.256,413.93,0.9726,48.01,0.7124,11.64,2.508e-05,0.2046,2.8,1.174,2.177,0.1927,8.061,0.4823,8.148
2022-04-12T12:33:56,40570.7,3054.28,107.08,0.2383,15.14,60.1,17.87,86.29,5.579,157.16,0.5207,0.02131,0.006354,2.145,1.493,2.095,1.416,3.669,158.17,12.84,0.8,1.534,0.5575,2.256,414.07,0.9728,48.03,0.7133,11.64,2.511e-05,0.2045,2.802,1.174,2.178,0.1928,8.091,0.4828,8.156
2022-04-12T12:34:26,40618.68,3056.32,107.38,0.2386,15.14,60.2,17.89,86.43,5.596,157.19,0.5212,0.02127,0.006354,2.16,1.494,2.103,1.416,3.667,158.36,12.84,0.8,1.539,0.5575,2.258,414.02,0.9732,48.09,0.7136,11.64,2.514e-05,0.2049,2.805,1.176,2.179,0.1929,8.105,0.4836,8.166
2022-04-12T12:34:56,40615.72,3059.5,107.51,0.2384,15.2,60.2,17.89,86.43,5.599,157.05,0.521,0.02131,0.006354,2.16,1.494,2.103,1.417,3.676,158.32,12.84,0.8,1.537,0.5575,2.258,414.47,0.9734,48.11,0.7134,11.65,2.514e-05,0.2049,2.804,1.176,2.185,0.1929,8.106,0.4836,8.174
2022-04-12T12:35:26,40553.42,3058.99,107.12,0.2389,15.23,60.2,17.88,86.36,5.694,156.74,0.521,0.02132,0.006354,2.16,1.494,2.099,1.415,3.678,158.18,12.84,0.8,1.537,0.5575,2.256,414.19,0.9729,48.16,0.713,11.61,2.509e-05,0.2044,2.804,1.176,2.183,0.1928,8.108,0.483,8.174
2022-04-12T12:35:56,40499.27,3055.29,107.08,0.2388,15.23,60.2,17.84,86.2,5.643,156.57,0.5207,0.02126,0.006354,2.16,1.488,2.1,1.414,3.663,158.1,12.84,0.8003,1.527,0.5575,2.252,413.56,0.9705,48.06,0.7129,11.57,2.508e-05,0.2045,2.798,1.176,2.18,0.1927,8.09,0.4831,8.168
2022-04-12T12:36:26,40504.87,3055.97,106.86,0.2387,15.24,60.2,17.85,86.23,5.674,156.53,0.5219,0.02128,0.006353,2.155,1.488,2.101,1.413,3.662,158.03,12.84,0.8003,1.533,0.5575,2.251,413.64,0.971,48.07,0.7131,11.57,2.504e-05,0.2046,2.797,1.176,2.18,0.1926,8.089,0.4832,8.152
2022-04-12T12:36:56,40436.12,3051.19,106.66,0.2382,15.25,60,17.83,86.17,5.626,156.37,0.5223,0.02129,0.006353,2.155,1.486,2.097,1.413,3.662,157.93,12.84,0.8003,1.529,0.5575,2.25,413.54,0.9696,48.01,0.7118,11.57,2.505e-05,0.2041,2.793,1.174,2.177,0.1925,8.075,0.4822,8.143
2022-04-12T12:37:26,40426.23,3049.5,106.58,0.2382,15.28,60,17.83,86.12,5.631,156.43,0.5249,0.02123,0.006353,2.155,1.487,2.097,1.412,3.671,157.88,12.88,0.8003,1.533,0.5575,2.249,413.13,0.9694,48,0.7119,11.57,2.505e-05,0.2041,2.792,1.173,2.177,0.1925,8.073,0.4819,8.15
2022-04-12T12:37:56,40417.88,3047.61,106.6,0.2384,15.28,60,17.83,86.11,5.615,156.37,0.5249,0.02123,0.006353,2.155,1.484,2.096,1.412,3.667,157.84,12.88,0.8003,1.53,0.5575,2.249,413.01,0.9699,47.97,0.7114,11.57,2.509e-05,0.2039,2.79,1.173,2.174,0.1924,8.06,0.4818,8.157
2022-04-12T12:38:26,40439.28,3050.47,106.82,0.2388,15.24,60,17.84,86.16,5.609,156.53,0.5217,0.02127,0.006353,2.155,1.488,2.103,1.413,3.667,157.94,12.83,0.8003,1.529,0.5575,2.253,413.22,0.9705,47.98,0.712,11.57,2.541e-05,0.2041,2.792,1.175,2.176,0.1925,8.068,0.4818,8.16
2022-04-12T12:38:56,40455.95,3049.33,106.82,0.2388,15.34,60.1,17.85,86.24,5.557,156.57,0.5222,0.0213,0.006347,2.155,1.488,2.106,1.415,3.667,157.95,12.83,0.801,1.532,0.5575,2.254,413.4,0.9708,48.01,0.7122,11.57,2.538e-05,0.2042,2.797,1.175,2.178,0.1925,8.071,0.4833,8.166
2022-04-12T12:39:26,40466.96,3048.8,106.79,0.2389,15.55,60.1,17.86,86.24,5.599,156.53,0.5247,0.02133,0.006358,2.161,1.489,2.108,1.415,3.67,157.98,12.83,0.801,1.532,0.5575,2.255,413.62,0.9704,48.06,0.7124,11.57,2.538e-05,0.2044,2.797,1.176,2.177,0.1926,8.077,0.4831,8.162
2022-04-12T12:39:56,40492.82,3052.02,106.83,0.2392,15.55,60.2,17.87,86.3,5.63,156.8,0.5247,0.02133,0.006358,2.163,1.49,2.109,1.415,3.687,158.01,12.83,0.801,1.53,0.5575,2.259,413.66,0.9704,48.1,0.7126,11.57,2.552e-05,0.2044,2.8,1.177,2.179,0.1927,8.095,0.4835,8.164
2022-04-12T12:40:26,40503.48,3055.67,107.13,0.2393,15.5,60.2,17.88,86.34,5.649,156.71,0.5245,0.02134,0.006366,2.163,1.49,2.115,1.417,3.684,157.99,12.83,0.8016,1.533,0.5575,2.259,413.85,0.9718,48.15,0.713,11.56,2.547e-05,0.2045,2.801,1.177,2.18,0.1928,8.102,0.4834,8.169
2022-04-12T12:40:56,40516.35,3052.51,107.01,0.2392,15.51,60.3,17.88,86.58,5.655,156.44,0.5242,0.02135,0.006368,2.166,1.493,2.116,1.417,3.685,157.94,12.83,0.8016,1.535,0.5575,2.258,413.82,0.9706,48.1,0.7121,11.56,2.55e-05,0.2041,2.801,1.177,2.179,0.1927,8.099,0.4837,8.177
2022-04-12T12:41:26,40521.52,3055.66,107.02,0.2393,15.44,60.3,17.88,86.67,5.674,156.6,0.5243,0.02137,0.006364,2.166,1.493,2.116,1.417,3.686,157.94,12.88,0.8007,1.533,0.5575,2.259,414.04,0.9706,48.09,0.7124,11.56,2.55e-05,0.2041,2.801,1.177,2.181,0.1928,8.1,0.4837,8.176
2022-04-12T12:41:56,40508.88,3055.55,106.91,0.2393,15.44,60.3,17.87,86.77,5.711,156.62,0.524,0.02137,0.006364,2.166,1.493,2.118,1.417,3.688,158.09,12.88,0.8007,1.533,0.5575,2.258,413.92,0.9704,48.1,0.7121,11.54,2.556e-05,0.2043,2.801,1.177,2.18,0.1928,8.104,0.4836,8.176
2022-04-12T12:42:26,40460.31,3053.87,106.9,0.239,15.44,60.3,17.85,86.81,5.693,156.39,0.5238,0.02124,0.006368,2.166,1.49,2.116,1.417,3.683,157.96,12.88,0.8007,1.532,0.5575,2.255,413.43,0.9698,48.04,0.7119,11.53,2.558e-05,0.2041,2.799,1.175,2.178,0.1926,8.095,0.4836,8.167
2022-04-12T12:42:56,40491.33,3055.27,107.26,0.2397,15.44,60.1,17.87,87.02,5.698,156.63,0.5239,0.02133,0.006362,2.168,1.491,2.117,1.417,3.688,158.23,12.88,0.8007,1.532,0.5575,2.257,413.77,0.9705,48.05,0.7127,11.53,2.566e-05,0.2049,2.803,1.177,2.182,0.1927,8.109,0.4838,8.171
2022-04-12T12:43:26,40539.87,3061.55,107.31,0.2401,15.44,60.3,17.88,87.48,5.695,156.85,0.524,0.02137,0.006358,2.171,1.492,2.12,1.42,3.69,158.56,12.88,0.8007,1.538,0.5575,2.262,414.15,0.972,48.18,0.7133,11.57,2.566e-05,0.2051,2.807,1.18,2.183,0.1928,8.134,0.4839,8.173
2022-04-12T12:43:56,40514.66,3060.76,107.18,0.24,15.44,60.3,17.87,87.46,5.69,156.89,0.5239,0.02133,0.006358,2.171,1.492,2.12,1.418,3.694,158.56,12.88,0.8011,1.539,0.5575,2.261,413.92,0.9714,48.17,0.7129,11.55,2.565e-05,0.2047,2.806,1.178,2.183,0.1927,8.13,0.4847,8.184
2022-04-12T12:44:26,40537.32,3063.38,107.42,0.24,15.54,60.3,17.9,87.44,5.706,156.88,0.5232,0.02133,0.006342,2.171,1.493,2.121,1.418,3.694,158.63,12.88,0.8011,1.543,0.5575,2.262,414.33,0.9715,48.2,0.7133,11.56,2.565e-05,0.2052,2.808,1.179,2.184,0.1927,8.128,0.4854,8.193
2022-04-12T12:44:56,40519.9,3061.87,107.42,0.2398,15.54,60.3,17.88,87.38,5.719,156.79,0.5237,0.02137,0.006374,2.171,1.495,2.138,1.418,3.712,158.63,12.88,0.8011,1.54,0.5575,2.259,414.62,0.9716,48.2,0.7134,11.59,2.572e-05,0.2051,2.807,1.18,2.184,0.1927,8.133,0.4851,8.198
2022-04-12T12:45:26,40534.16,3064.07,107.83,0.2399,15.55,60.3,17.89,87.51,5.703,156.94,0.5237,0.02141,0.006376,2.171,1.494,2.134,1.42,3.691,158.77,12.9,0.8065,1.543,0.5575,2.261,414.53,0.9721,48.27,0.714,11.59,2.577e-05,0.2052,2.808,1.181,2.184,0.1928,8.15,0.4849,8.202
2022-04-12T12:45:56,40528.4,3062.8,107.67,0.2411,15.55,60.4,17.89,87.52,5.716,157.03,0.5243,0.02141,0.006376,2.171,1.494,2.131,1.419,3.704,158.88,12.9,0.8065,1.542,0.5575,2.261,414.56,0.9724,48.27,0.7137,11.57,2.585e-05,0.2051,2.809,1.18,2.184,0.1928,8.167,0.4853,8.198
2022-04-12T12:46:26,40531.3,3062.72,107.58,0.241,15.57,60.4,17.9,87.48,5.712,157.04,0.525,0.02145,0.006376,2.171,1.494,2.128,1.419,3.704,158.84,12.9,0.8065,1.542,0.5575,2.261,414.56,0.9728,48.27,0.7138,11.57,2.585e-05,0.2052,2.809,1.18,2.184,0.1927,8.165,0.4863,8.198
2022-04-12T12:46:56,40494.49,3060.23,107.5,0.2407,15.57,60.4,17.89,87.32,5.708,156.92,0.5238,0.02144,0.006376,2.168,1.494,2.122,1.415,3.7,158.74,12.9,0.8065,1.54,0.5575,2.26,414.3,0.9722,48.24,0.7135,11.6,2.587e-05,0.2049,2.808,1.178,2.182,0.1928,8.157,0.486,8.2
2022-04-12T12:47:26,40501.34,3061.03,107.5,0.2409,15.56,60.3,17.89,87.29,5.699,156.85,0.5238,0.02145,0.006376,2.168,1.494,2.123,1.416,3.699,158.66,12.9,0.8102,1.541,0.5575,2.259,414.56,0.9716,48.21,0.7135,11.6,2.579e-05,0.2049,2.806,1.178,2.183,0.1927,8.152,0.4857,8.199
2022-04-12T12:47:56,40495.06,3060.57,107.48,0.241,15.56,60.3,17.88,87.27,5.692,156.66,0.5247,0.02143,0.006376,2.168,1.495,2.125,1.415,3.71,158.63,12.9,0.8102,1.54,0.5575,2.259,414.45,0.9709,48.15,0.7135,11.6,2.579e-05,0.2048,2.804,1.177,2.18,0.1927,8.134,0.4856,8.197
2022-04-12T12:48:26,40521.82,3062.99,107.4,0.2415,15.56,60.5,17.9,87.33,5.697,156.88,0.5354,0.02145,0.006384,2.168,1.495,2.128,1.417,3.712,158.76,12.9,0.8102,1.545,0.5575,2.262,414.7,0.9722,48.21,0.7142,11.6,2.595e-05,0.2052,2.807,1.179,2.181,0.1928,8.153,0.486,8.197
2022-04-12T12:48:56,40540.46,3063.34,107.44,0.2424,15.56,60.4,17.91,87.4,5.699,156.97,0.5353,0.02149,0.006367,2.167,1.496,2.132,1.418,3.713,158.8,12.9,0.8102,1.542,0.5575,2.267,414.79,0.9728,48.24,0.714,11.6,2.628e-05,0.2051,2.807,1.179,2.182,0.1928,8.159,0.486,8.2
2022-04-12T12:49:26,40540.42,3063.57,107.43,0.2428,15.56,60.4,17.92,87.46,5.705,157.03,0.5352,0.02144,0.006408,2.167,1.496,2.129,1.418,3.716,158.84,12.9,0.8102,1.545,0.5575,2.267,414.91,0.9727,48.28,0.7136,11.6,2.664e-05,0.2054,2.809,1.18,2.183,0.1929,8.166,0.486,8.199
2022-04-12T12:49:56,40544.05,3062.97,107.41,0.2428,15.56,60.4,17.92,87.4,5.705,157.02,0.5356,0.02145,0.006408,2.168,1.496,2.132,1.417,3.719,158.76,12.9,0.8102,1.544,0.5575,2.266,415.09,0.9721,48.32,0.7136,11.6,2.665e-05,0.205,2.809,1.178,2.183,0.1929,8.17,0.486,8.199
2022-04-12T12:50:26,40480.64,3061.09,107.23,0.243,15.56,60.4,17.89,87.26,5.695,156.81,0.5352,0.02144,0.006408,2.168,1.494,2.131,1.416,3.707,158.67,12.92,0.8102,1.53,0.5575,2.261,414.78,0.9705,48.33,0.7127,11.55,2.678e-05,0.2047,2.803,1.178,2.179,0.1928,8.152,0.4861,8.198
2022-04-12T12:50:56,40528.21,3062.75,107.37,0.2437,15.58,60.4,17.91,87.31,5.73,156.96,0.5526,0.02146,0.006408,2.168,1.492,2.132,1.418,3.712,158.82,12.92,0.8102,1.53,0.5575,2.264,415.11,0.9719,48.33,0.7136,11.59,2.688e-05,0.2053,2.808,1.178,2.181,0.1928,8.161,0.4862,8.203
2022-04-12T12:51:26,40552.87,3062.45,107.41,0.2439,15.62,60.1,17.92,87.33,5.745,156.98,0.5537,0.0215,0.006408,2.168,1.494,2.128,1.418,3.712,158.79,12.92,0.8102,1.54,0.5575,2.264,415.19,0.972,48.36,0.714,11.59,2.688e-05,0.2055,2.808,1.178,2.182,0.1928,8.169,0.4864,8.205
2022-04-12T12:51:56,40556.02,3063.11,107.4,0.243,15.62,60.3,17.93,87.4,5.758,157.06,0.5683,0.02151,0.006408,2.168,1.495,2.129,1.419,3.708,158.74,12.92,0.8084,1.534,0.5575,2.266,415.23,0.972,48.38,0.7141,11.59,2.684e-05,0.2057,2.809,1.178,2.183,0.1928,8.17,0.4864,8.207
2022-04-12T12:52:26,40591.3,3063.77,107.52,0.2428,15.67,60.4,17.93,87.63,5.759,157.25,0.5696,0.02152,0.006379,2.168,1.497,2.128,1.419,3.71,158.77,12.92,0.8084,1.539,0.5575,2.267,415.39,0.9726,48.41,0.7142,11.59,2.69e-05,0.2058,2.812,1.18,2.183,0.1929,8.172,0.487,8.21
2022-04-12T12:52:56,40602.01,3066.62,107.91,0.2427,15.69,60.5,17.94,87.84,5.798,157.41,0.5607,0.02154,0.006388,2.171,1.505,2.131,1.421,3.709,158.99,12.92,0.8084,1.542,0.5575,2.268,415.77,0.9739,48.45,0.7147,11.64,2.708e-05,0.2061,2.814,1.181,2.185,0.1931,8.195,0.4881,8.219
2022-04-12T12:53:26,40606.97,3065.68,107.9,0.2428,15.7,60.5,17.94,87.8,5.816,157.52,0.5606,0.02155,0.006403,2.171,1.506,2.131,1.422,3.715,158.93,12.92,0.8084,1.537,0.5575,2.268,415.7,0.9737,48.5,0.7171,11.62,2.691e-05,0.206,2.816,1.181,2.185,0.1931,8.19,0.4882,8.22
2022-04-12T12:53:56,40601.87,3067.15,108.08,0.2439,15.7,60.9,17.95,87.84,5.81,157.71,0.561,0.02153,0.006403,2.171,1.504,2.131,1.423,3.709,158.94,12.92,0.8084,1.54,0.5575,2.277,415.75,0.9741,48.49,0.7175,11.62,2.69e-05,0.206,2.816,1.182,2.184,0.1931,8.192,0.4882,8.222
2022-04-12T12:54:26,40603.49,3068.04,108.06,0.2438,15.7,60.8,17.95,87.93,5.815,157.94,0.5564,0.02154,0.006408,2.171,1.506,2.131,1.425,3.701,158.92,12.92,0.8084,1.54,0.5575,2.269,415.71,0.9738,48.72,0.7173,11.62,2.7e-05,0.2063,2.818,1.182,2.185,0.1931,8.188,0.4886,8.23
2022-04-12T12:54:56,40563.11,3067.07,108.04,0.2444,15.67,60.8,17.94,87.94,5.836,157.78,0.5564,0.02152,0.006408,2.17,1.506,2.13,1.424,3.712,158.94,12.92,0.8088,1.54,0.5575,2.271,415.52,0.9738,48.66,0.7167,11.62,2.688e-05,0.2063,2.815,1.181,2.186,0.1931,8.188,0.4888,8.222
2022-04-12T12:55:26,40579.9,3069.2,108.06,0.2444,15.67,60.9,17.95,88.01,5.844,157.89,0.5538,0.02151,0.006408,2.17,1.506,2.133,1.424,3.706,158.99,12.92,0.811,1.54,0.5608,2.27,415.66,0.9744,48.57,0.7166,11.61,2.68e-05,0.2063,2.815,1.181,2.187,0.1931,8.186,0.4889,8.224
2022-04-12T12:55:56,40579.32,3069.1,108.05,0.244,15.67,61,17.95,87.97,5.843,158.03,0.5525,0.02152,0.00643,2.17,1.508,2.139,1.425,3.706,159.06,12.92,0.8143,1.544,0.5608,2.269,415.49,0.9756,48.45,0.7167,11.61,2.681e-05,0.2063,2.816,1.181,2.188,0.1931,8.204,0.489,8.23
2022-04-12T12:56:27,40582.43,3069.77,108.07,0.2437,15.67,61,17.95,88.01,5.83,157.98,0.5524,0.02157,0.00643,2.17,1.509,2.134,1.425,3.711,159.13,12.93,0.8143,1.543,0.5608,2.27,415.53,0.9756,48.48,0.7166,11.61,2.668e-05,0.2063,2.819,1.181,2.188,0.1932,8.209,0.4905,8.228
2022-04-12T12:56:56,40616.83,3071.97,108.25,0.2438,15.67,61.1,17.97,88.21,5.825,158.23,0.5524,0.02161,0.00643,2.171,1.51,2.137,1.426,3.712,159.31,12.93,0.8143,1.545,0.5608,2.273,415.74,0.9769,48.52,0.7174,11.61,2.661e-05,0.2067,2.822,1.183,2.189,0.1932,8.207,0.4909,8.227
2022-04-12T12:57:26,40585.36,3074.48,108,0.2433,15.67,61.1,17.96,88.15,5.832,158.12,0.5523,0.02158,0.00643,2.171,1.512,2.135,1.426,3.716,159.25,12.93,0.8143,1.545,0.5608,2.271,415.8,0.9765,48.49,0.7171,11.61,2.661e-05,0.2066,2.821,1.183,2.189,0.1933,8.209,0.4909,8.232
2022-04-12T12:57:56,40591.82,3074.91,108.04,0.2433,15.67,61.1,17.98,88.13,5.824,158.19,0.5518,0.0216,0.00643,2.171,1.512,2.138,1.427,3.719,159.27,12.93,0.8104,1.543,0.5608,2.272,415.79,0.9771,48.5,0.7176,11.61,2.664e-05,0.2065,2.821,1.184,2.19,0.1933,8.219,0.4908,8.229
2022-04-12T12:58:26,40595.93,3075.02,107.97,0.2435,15.69,61.1,17.99,88.23,5.812,158.43,0.5526,0.02162,0.006413,2.171,1.512,2.137,1.428,3.719,159.34,12.93,0.8104,1.544,0.5608,2.272,415.81,0.9772,48.5,0.7177,11.61,2.666e-05,0.2066,2.822,1.184,2.191,0.1933,8.232,0.4909,8.234
2022-04-12T12:58:56,40589.03,3074.8,107.93,0.2435,15.65,61.2,17.98,88.26,5.814,158.45,0.5525,0.02161,0.006419,2.171,1.512,2.139,1.428,3.719,159.41,12.93,0.8104,1.545,0.5608,2.272,415.79,0.9782,48.51,0.7179,11.61,2.676e-05,0.2068,2.823,1.184,2.191,0.1934,8.247,0.4908,8.234
2022-04-12T12:59:26,40594.74,3076.69,107.89,0.2434,15.65,61.2,18.01,88.34,5.84,158.36,0.554,0.0216,0.006419,2.171,1.514,2.139,1.428,3.719,159.59,12.93,0.8145,1.548,0.5608,2.272,416.31,0.9797,48.54,0.7182,11.65,2.678e-05,0.207,2.824,1.185,2.192,0.1935,8.263,0.4906,8.239
2022-04-12T12:59:56,40593.31,3077.3,107.94,0.2434,15.66,61.2,18.01,88.24,5.845,158.58,0.5564,0.0216,0.006419,2.173,1.513,2.139,1.428,3.744,159.64,12.93,0.8145,1.548,0.5608,2.272,416.41,0.9804,48.57,0.718,11.68,2.667e-05,0.207,2.823,1.185,2.192,0.1935,8.262,0.491,8.24
2022-04-12T13:00:26,40606.71,3078.01,107.94,0.2434,15.69,61.2,18.02,88.19,5.867,158.64,0.5569,0.02159,0.006419,2.173,1.515,2.14,1.428,3.746,159.8,12.93,0.8145,1.549,0.5608,2.272,416.57,0.98,48.56,0.7183,11.69,2.664e-05,0.207,2.823,1.187,2.191,0.1936,8.26,0.4906,8.238
2022-04-12T13:00:56,40573.67,3077.95,107.89,0.2429,15.7,61.1,18,88.05,5.876,158.63,0.5569,0.02161,0.006419,2.174,1.514,2.138,1.428,3.754,159.66,12.93,0.8103,1.546,0.5608,2.269,416.37,0.9794,48.52,0.7178,11.69,2.657e-05,0.2066,2.819,1.187,2.189,0.1935,8.256,0.4901,8.24
2022-04-12T13:01:26,40556.56,3075.95,107.59,0.2426,15.7,61.1,17.97,87.96,5.849,158.57,0.5566,0.02162,0.006419,2.175,1.509,2.137,1.426,3.759,159.62,12.94,0.8103,1.541,0.5608,2.268,416.17,0.9786,48.49,0.7177,11.72,2.653e-05,0.2062,2.817,1.185,2.188,0.1936,8.229,0.4891,8.236
2022-04-12T13:01:56,40559.84,3072.92,107.7,0.2424,15.72,61.2,17.97,87.87,5.86,158.62,0.555,0.02164,0.006436,2.177,1.512,2.137,1.426,3.76,159.57,12.94,0.8103,1.546,0.5608,2.269,415.94,0.9778,48.42,0.7178,11.74,2.653e-05,0.2062,2.817,1.184,2.188,0.1935,8.209,0.4885,8.236
2022-04-12T13:02:26,40590.87,3075.8,107.85,0.2425,15.72,61.2,17.97,87.9,5.864,158.74,0.557,0.02169,0.006436,2.177,1.512,2.138,1.427,3.77,159.58,12.96,0.8103,1.547,0.5608,2.27,416.22,0.9778,48.47,0.7183,11.75,2.645e-05,0.2064,2.818,1.185,2.188,0.1936,8.211,0.4885,8.241
2022-04-12T13:02:56,40606.09,3077.24,107.94,0.2426,15.72,61,17.98,87.98,5.865,158.78,0.5571,0.02168,0.006426,2.177,1.513,2.142,1.428,3.775,159.61,12.96,0.816,1.55,0.5608,2.272,416.39,0.9783,48.52,0.7184,11.75,2.645e-05,0.2065,2.821,1.187,2.19,0.1936,8.216,0.4891,8.257
2022-04-12T13:03:26,40596.31,3080.83,107.96,0.2425,15.72,61.1,17.98,88.17,5.86,158.78,0.5587,0.02168,0.006426,2.177,1.515,2.145,1.429,3.772,159.64,12.96,0.816,1.553,0.5608,2.273,416.59,0.9782,48.56,0.7184,11.78,2.664e-05,0.2067,2.824,1.187,2.191,0.1937,8.217,0.489,8.259
2022-04-12T13:03:56,40591.96,3080.49,107.93,0.2425,15.72,61,17.98,88.11,5.849,158.88,0.5584,0.0217,0.006438,2.177,1.516,2.142,1.428,3.762,159.61,12.96,0.816,1.552,0.5608,2.273,416.45,0.9775,48.58,0.7179,11.82,2.662e-05,0.2063,2.822,1.187,2.191,0.1937,8.212,0.489,8.256
2022-04-12T13:04:26,40579.26,3078.04,107.85,0.2423,15.77,61.1,17.98,87.96,5.816,159.02,0.557,0.0217,0.006438,2.177,1.518,2.14,1.427,3.764,159.68,12.96,0.816,1.553,0.5608,2.271,416.37,0.9768,48.6,0.7179,11.82,2.671e-05,0.2063,2.821,1.186,2.19,0.1936,8.203,0.4888,8.256
2022-04-12T13:04:56,40590.24,3079.24,108,0.2424,15.77,61.1,17.98,87.97,5.816,159.14,0.557,0.02168,0.006438,2.177,1.518,2.141,1.427,3.76,159.66,12.96,0.8218,1.553,0.5608,2.271,416.32,0.9768,48.6,0.7179,11.83,2.664e-05,0.2061,2.821,1.184,2.189,0.1937,8.205,0.4893,8.251
2022-04-12T13:05:26,40600.25,3079.76,108.13,0.2425,15.77,61.1,17.98,87.98,5.833,159.22,0.5546,0.02169,0.006438,2.177,1.519,2.141,1.428,3.755,159.66,12.94,0.82,1.553,0.5608,2.272,416.39,0.9768,48.69,0.7187,11.83,2.665e-05,0.2061,2.822,1.184,2.19,0.1937,8.208,0.4906,8.253
2022-04-12T13:05:56,40588.89,3076.63,107.99,0.2425,15.82,61.1,17.98,87.97,5.827,159.17,0.5547,0.02169,0.006438,2.177,1.518,2.146,1.427,3.753,159.54,12.94,0.82,1.551,0.5608,2.271,416.25,0.977,48.7,0.7187,11.82,2.672e-05,0.2062,2.821,1.184,2.19,0.1937,8.207,0.4906,8.262
2022-04-12T13:06:26,40559.42,3074.6,108,0.2423,15.82,61.2,17.96,87.9,5.816,158.67,0.5547,0.02168,0.006477,2.179,1.518,2.144,1.428,3.759,159.52,12.97,0.82,1.552,0.5608,2.27,416.05,0.9773,48.69,0.7189,11.84,2.676e-05,0.2058,2.821,1.184,2.189,0.1937,8.201,0.4911,8.257
2022-04-12T13:06:56,40551.8,3074.28,108.05,0.2423,15.92,61.2,17.95,87.81,5.824,158.56,0.5536,0.02169,0.006478,2.179,1.517,2.144,1.428,3.759,159.47,12.97,0.82,1.555,0.5608,2.27,416.04,0.9767,48.68,0.7187,11.87,2.679e-05,0.2059,2.822,1.183,2.189,0.1937,8.193,0.4904,8.251
2022-04-12T13:07:26,40525.92,3072.27,108.31,0.242,15.92,61.2,17.94,87.76,5.813,158.5,0.5514,0.02167,0.006478,2.177,1.519,2.143,1.427,3.747,159.48,12.97,0.82,1.552,0.5608,2.268,415.82,0.9772,48.67,0.7186,11.86,2.689e-05,0.2059,2.82,1.182,2.188,0.1937,8.191,0.4903,8.255
2022-04-12T13:07:56,40533.08,3072.73,108.3,0.2421,15.92,61.2,17.95,87.82,5.814,158.49,0.5511,0.02166,0.006469,2.177,1.517,2.143,1.43,3.746,159.45,12.97,0.82,1.55,0.5608,2.268,415.97,0.9778,48.6,0.7187,11.87,2.681e-05,0.2057,2.821,1.181,2.188,0.1937,8.195,0.4897,8.256
2022-04-12T13:08:26,40489.04,3068.88,108.25,0.2419,15.89,61.1,17.93,87.71,5.809,158.77,0.5511,0.02164,0.006451,2.177,1.515,2.141,1.429,3.749,159.38,12.97,0.825,1.548,0.5608,2.268,415.72,0.9775,48.59,0.7186,11.85,2.68e-05,0.2055,2.821,1.18,2.185,0.1935,8.179,0.4893,8.256
2022-04-12T13:08:56,40489.94,3067.98,108.27,0.2418,15.99,61.1,17.93,87.7,5.795,158.76,0.5503,0.02159,0.006436,2.177,1.515,2.141,1.432,3.744,159.22,12.97,0.825,1.55,0.5608,2.266,415.66,0.9766,48.59,0.7186,11.85,2.676e-05,0.2056,2.822,1.18,2.186,0.1935,8.176,0.4895,8.251
2022-04-12T13:09:26,40526.38,3068.82,108.36,0.2419,15.99,61.3,17.95,87.74,5.782,158.85,0.5508,0.02163,0.006436,2.179,1.515,2.14,1.433,3.753,159.25,12.97,0.825,1.553,0.5608,2.268,415.61,0.9776,48.57,0.7186,11.87,2.693e-05,0.2055,2.823,1.18,2.186,0.1933,8.181,0.4896,8.245
2022-04-12T13:09:56,40538.02,3069.64,108.31,0.2424,15.99,61.2,17.96,87.86,5.793,159,0.553,0.02169,0.006449,2.179,1.516,2.14,1.435,3.75,159.34,12.97,0.827,1.552,0.5606,2.269,416.06,0.9781,48.58,0.719,11.87,2.698e-05,0.2057,2.822,1.181,2.188,0.1934,8.181,0.49,8.248
2022-04-12T13:10:26,40534.41,3069.17,108.23,0.2427,16.02,61.2,17.96,87.91,5.797,158.83,0.553,0.02164,0.00645,2.179,1.518,2.141,1.435,3.75,159.24,12.97,0.827,1.551,0.5606,2.267,416.22,0.9766,48.59,0.7188,11.9,2.702e-05,0.2057,2.822,1.181,2.187,0.1935,8.183,0.4898,8.252
2022-04-12T13:10:56,40493.03,3068.53,108.13,0.2421,16.03,61.3,17.94,87.78,5.791,158.42,0.5514,0.0216,0.006459,2.176,1.516,2.139,1.435,3.741,159.14,12.97,0.827,1.554,0.5606,2.264,415.74,0.9754,48.53,0.7183,11.89,2.696e-05,0.2057,2.82,1.179,2.185,0.1933,8.18,0.489,8.246
2022-04-12T13:11:26,40473.78,3066.07,107.88,0.2419,16.03,61.1,17.93,87.69,5.786,158.4,0.5511,0.0216,0.006459,2.176,1.515,2.141,1.433,3.732,159.1,12.97,0.827,1.554,0.5606,2.263,415.51,0.9736,48.45,0.7175,11.89,2.701e-05,0.2053,2.815,1.177,2.184,0.1931,8.154,0.4883,8.245
2022-04-12T13:11:56,40475.71,3070.56,107.85,0.2419,15.99,61.1,17.94,87.82,5.794,158.28,0.5511,0.02164,0.006459,2.176,1.516,2.141,1.434,3.736,159.24,12.97,0.827,1.556,0.5606,2.266,415.52,0.9744,48.43,0.7174,11.91,2.693e-05,0.2056,2.815,1.178,2.185,0.1932,8.158,0.4878,8.245
2022-04-12T13:12:26,40465.22,3068.37,107.63,0.2417,15.99,61.1,17.91,87.72,5.801,158.04,0.551,0.02161,0.006459,2.177,1.515,2.14,1.432,3.733,159.15,12.97,0.827,1.554,0.5606,2.265,415.31,0.9735,48.4,0.7169,11.96,2.689e-05,0.2056,2.81,1.178,2.182,0.1932,8.143,0.4879,8.236
2022-04-12T13:12:56,40489.82,3070.52,107.77,0.2423,15.99,61.1,17.93,87.73,5.826,158.31,0.5522,0.02165,0.006459,2.177,1.515,2.142,1.432,3.738,159.22,12.97,0.827,1.554,0.5606,2.267,415.61,0.9743,48.39,0.7172,11.94,2.688e-05,0.2055,2.812,1.179,2.185,0.1933,8.135,0.4876,8.236
2022-04-12T13:13:26,40472.33,3066.49,107.72,0.2422,16.04,61,17.92,87.69,5.837,158.11,0.5518,0.02163,0.006459,2.177,1.511,2.141,1.433,3.742,159.2,12.97,0.827,1.554,0.5606,2.266,415.35,0.9743,48.34,0.7172,11.96,2.685e-05,0.2055,2.811,1.178,2.183,0.1933,8.135,0.4871,8.239
2022-04-12T13:13:56,40458.3,3065.73,107.67,0.2419,16.1,60.8,17.91,87.56,5.79,158.02,0.5509,0.02153,0.006469,2.177,1.512,2.14,1.433,3.742,159.1,12.97,0.8318,1.554,0.5606,2.264,415.15,0.9736,48.31,0.717,11.95,2.684e-05,0.2055,2.81,1.177,2.182,0.1933,8.138,0.4873,8.237
2022-04-12T13:14:26,40528.1,3066.94,107.59,0.2421,16.01,60.9,17.92,87.57,5.8,158.05,0.5509,0.0216,0.006467,2.177,1.512,2.143,1.433,3.742,159.09,13,0.8318,1.555,0.5606,2.265,415.39,0.9745,48.33,0.7171,11.96,2.682e-05,0.2056,2.812,1.177,2.183,0.1932,8.148,0.4873,8.233
2022-04-12T13:14:56,40519.23,3068.47,107.67,0.2426,16.01,60.9,17.94,87.59,5.8,158.26,0.5503,0.02162,0.006467,2.181,1.513,2.145,1.435,3.739,159.11,13,0.8318,1.555,0.5606,2.265,415.33,0.9744,48.36,0.7173,11.95,2.682e-05,0.2055,2.813,1.178,2.185,0.1933,8.152,0.4873,8.23
2022-04-12T13:15:26,40474.69,3065.95,107.63,0.2424,16.1,60.9,17.93,87.54,5.803,158.09,0.5516,0.0216,0.006476,2.181,1.511,2.144,1.433,3.737,158.93,12.98,0.8318,1.555,0.5606,2.263,415.38,0.9739,48.39,0.7166,11.95,2.683e-05,0.2055,2.81,1.177,2.184,0.1933,8.134,0.4877,8.23
2022-04-12T13:15:56,40499.02,3066.53,107.67,0.2425,16.02,60.7,17.94,87.59,5.82,158.23,0.5504,0.02158,0.006463,2.181,1.511,2.144,1.436,3.73,159,12.98,0.8323,1.555,0.5606,2.266,415.45,0.9747,48.38,0.7168,11.95,2.711e-05,0.2052,2.815,1.178,2.186,0.1933,8.139,0.4882,8.233
2022-04-12T13:16:26,40536.06,3074.09,107.93,0.2429,16.09,60.7,17.96,87.73,5.83,158.42,0.5504,0.02162,0.006464,2.184,1.516,2.146,1.438,3.735,159.03,12.98,0.8323,1.556,0.5606,2.271,415.83,0.9753,48.4,0.7184,12,2.73e-05,0.206,2.82,1.18,2.19,0.1934,8.148,0.4885,8.238
2022-04-12T13:16:56,40533.14,3072.89,107.92,0.2432,16.09,60.9,17.96,87.8,5.823,158.43,0.5509,0.02164,0.006464,2.184,1.517,2.146,1.439,3.74,159.33,12.98,0.8323,1.556,0.5606,2.27,416.07,0.9759,48.42,0.7184,11.96,2.728e-05,0.2058,2.82,1.18,2.189,0.1935,8.152,0.4882,8.236
2022-04-12T13:17:26,40541.59,3073.06,107.87,0.2443,16.09,60.9,17.95,87.74,5.822,158.39,0.551,0.02162,0.00648,2.177,1.516,2.15,1.438,3.739,159.28,12.98,0.8323,1.555,0.5606,2.27,416.13,0.9766,48.4,0.7187,11.95,2.736e-05,0.2057,2.82,1.18,2.189,0.1935,8.152,0.4883,8.239
2022-04-12T13:17:56,40545.87,3072.75,107.94,0.2441,16.09,60.7,17.96,87.69,5.821,158.44,0.5512,0.0216,0.00648,2.177,1.516,2.15,1.439,3.735,159.18,12.98,0.8323,1.558,0.5606,2.271,416.17,0.9769,48.4,0.7194,11.96,2.749e-05,0.2058,2.818,1.18,2.189,0.1935,8.152,0.4882,8.239
2022-04-12T13:18:26,40530.23,3069.79,107.84,0.2441,16.09,60.8,17.96,87.68,5.818,158.52,0.5512,0.02158,0.00648,2.176,1.514,2.15,1.44,3.739,159.2,12.98,0.8337,1.558,0.5606,2.27,416.18,0.9767,48.38,0.7194,11.95,2.768e-05,0.2058,2.817,1.18,2.19,0.1935,8.154,0.488,8.24
2022-04-12T13:18:56,40545.05,3072.17,107.97,0.2444,16.09,60.8,17.97,87.72,5.82,158.52,0.5509,0.02157,0.00648,2.176,1.514,2.151,1.44,3.739,159.19,12.98,0.8337,1.558,0.5606,2.272,416.3,0.9771,48.41,0.7201,11.96,2.764e-05,0.2058,2.819,1.18,2.19,0.1935,8.153,0.4883,8.239
2022-04-12T13:19:26,40540.97,3071.33,107.95,0.2445,16,60.8,17.97,87.72,5.816,158.54,0.5517,0.02156,0.00648,2.176,1.515,2.152,1.441,3.739,159.13,13.04,0.8352,1.554,0.5606,2.272,416.18,0.9768,48.38,0.7202,12.03,2.761e-05,0.2058,2.819,1.181,2.19,0.1935,8.152,0.4883,8.233
2022-04-12T13:19:56,40536.77,3069.27,107.93,0.2441,16,60.9,17.97,87.67,5.814,158.43,0.5511,0.02153,0.006517,2.176,1.514,2.152,1.441,3.732,159.07,13.04,0.8321,1.554,0.5606,2.269,416.01,0.9742,48.38,0.7203,12.02,2.775e-05,0.206,2.818,1.179,2.19,0.1935,8.143,0.4885,8.236
2022-04-12T13:20:26,40461.88,3068.67,107.74,0.2439,16,60.7,17.94,87.52,5.801,158.27,0.5509,0.02152,0.006515,2.176,1.513,2.147,1.439,3.733,158.97,13.04,0.832,1.554,0.5606,2.267,415.83,0.9731,48.32,0.7192,12,2.772e-05,0.206,2.813,1.178,2.188,0.1933,8.137,0.4876,8.226
2022-04-12T13:20:56,40449.19,3066.62,107.44,0.2437,16,60.6,17.92,87.48,5.793,158.13,0.5502,0.02146,0.006515,2.177,1.513,2.146,1.438,3.754,158.85,13.04,0.8318,1.551,0.5606,2.265,415.58,0.9721,48.28,0.7176,12.02,2.774e-05,0.2059,2.812,1.177,2.189,0.1931,8.132,0.487,8.221
2022-04-12T13:21:26,40460.85,3067.54,107.65,0.2437,16,60.7,17.93,87.39,5.796,158.1,0.5502,0.02146,0.0065,2.177,1.513,2.144,1.439,3.76,158.85,13.04,0.8318,1.552,0.5606,2.268,415.41,0.9717,48.27,0.7175,12.02,2.782e-05,0.2056,2.813,1.177,2.191,0.193,8.137,0.4866,8.21
2022-04-12T13:21:56,40474.5,3067.02,107.67,0.2439,15.92,60.7,17.91,87.38,5.801,158.04,0.5502,0.02145,0.006486,2.177,1.514,2.145,1.441,3.764,158.82,13.04,0.8301,1.552,0.5606,2.269,415.53,0.9713,48.26,0.7176,12.02,2.792e-05,0.2061,2.813,1.175,2.191,0.193,8.132,0.4867,8.207
2022-04-12T13:22:26,40471.37,3067.47,107.78,0.2443,15.92,60.6,17.91,87.35,5.8,158.05,0.5509,0.02143,0.006482,2.176,1.514,2.145,1.44,3.778,158.77,13.05,0.8301,1.552,0.5606,2.269,415.36,0.9713,48.22,0.7178,12.02,2.794e-05,0.2061,2.814,1.175,2.191,0.1929,8.133,0.4869,8.199
2022-04-12T13:22:56,40477.29,3067.27,107.79,0.2444,15.92,60.7,17.92,87.36,5.808,158.11,0.5501,0.02143,0.006482,2.176,1.514,2.145,1.443,3.778,158.8,13.05,0.8301,1.552,0.5606,2.27,415.28,0.9723,48.22,0.7183,12.03,2.787e-05,0.2061,2.814,1.175,2.19,0.193,8.146,0.4866,8.19
2022-04-12T13:23:26,40486.06,3068.54,107.73,0.2445,15.92,60.7,17.92,87.34,5.8,158.15,0.551,0.02145,0.006479,2.176,1.515,2.149,1.443,3.778,158.77,13.05,0.8289,1.55,0.5606,2.27,415.26,0.9715,48.22,0.7181,12.06,2.81e-05,0.2061,2.814,1.174,2.19,0.193,8.146,0.4863,8.192
2022-04-12T13:23:56,40512.71,3069.94,107.91,0.2446,15.92,60.7,17.93,87.39,5.799,158.2,0.5511,0.02146,0.00648,2.176,1.515,2.151,1.445,3.771,158.78,13.05,0.8289,1.55,0.5606,2.271,415.26,0.9715,48.26,0.7182,12.05,2.804e-05,0.2061,2.815,1.175,2.191,0.193,8.153,0.4863,8.194
2022-04-12T13:24:26,40506.83,3070.03,108.11,0.2444,15.92,60.7,17.93,87.38,5.799,158.1,0.5506,0.02146,0.006476,2.176,1.514,2.151,1.445,3.775,158.75,13.07,0.8289,1.555,0.5606,2.271,415.16,0.9716,48.23,0.7182,12.04,2.813e-05,0.2061,2.816,1.175,2.19,0.1931,8.141,0.4859,8.187
2022-04-12T13:24:56,40510.96,3071.49,108.22,0.2444,15.88,60.7,17.93,87.31,5.796,158.14,0.5506,0.02146,0.006476,2.183,1.515,2.151,1.449,3.776,158.73,13.07,0.8289,1.555,0.5606,2.272,415.35,0.9714,48.25,0.7183,12.04,2.817e-05,0.2061,2.818,1.175,2.19,0.1931,8.142,0.486,8.184
2022-04-12T13:25:26,40499.29,3069.79,108.16,0.2444,15.88,60.7,17.93,87.3,5.791,158.26,0.5506,0.02147,0.006487,2.183,1.515,2.15,1.449,3.781,158.67,13.1,0.8289,1.553,0.5606,2.272,415.34,0.9714,48.21,0.7182,12.02,2.814e-05,0.2061,2.816,1.174,2.19,0.193,8.133,0.4864,8.179
2022-04-12T13:25:56,40490.32,3069.67,108.24,0.2442,15.88,60.8,17.94,87.28,5.786,158.25,0.5505,0.02148,0.006467,2.183,1.514,2.144,1.451,3.785,158.65,13.1,0.8268,1.553,0.5606,2.271,415.19,0.9707,48.19,0.7182,12.02,2.815e-05,0.206,2.816,1.175,2.19,0.193,8.131,0.4864,8.181
2022-04-12T13:26:26,40496.27,3070.16,108.28,0.244,15.88,60.8,17.93,87.29,5.783,158.2,0.551,0.02147,0.00645,2.183,1.514,2.149,1.451,3.778,158.72,13.04,0.8268,1.553,0.5606,2.272,414.95,0.9709,48.17,0.718,12.01,2.816e-05,0.2063,2.818,1.175,2.191,0.193,8.129,0.4863,8.173
2022-04-12T13:26:56,40489.57,3070.07,108.27,0.2438,15.88,60.7,17.94,87.27,5.787,158.16,0.551,0.02147,0.00645,2.181,1.515,2.149,1.45,3.782,158.71,13.04,0.8268,1.556,0.5606,2.272,414.85,0.9716,48.18,0.718,12.02,2.823e-05,0.2063,2.818,1.175,2.191,0.193,8.126,0.4863,8.179
2022-04-12T13:27:26,40489.29,3070.45,108.48,0.2439,15.99,60.8,17.95,87.25,5.803,158.07,0.5509,0.02152,0.00646,2.181,1.514,2.149,1.451,3.782,158.72,13.06,0.8268,1.554,0.5606,2.272,414.94,0.9717,48.19,0.7181,12.01,2.824e-05,0.2062,2.818,1.176,2.191,0.1931,8.13,0.4865,8.179
2022-04-12T13:27:56,40518.74,3071.63,108.58,0.244,15.99,60.6,17.95,87.34,5.799,158.18,0.551,0.02158,0.006444,2.184,1.515,2.15,1.457,3.783,158.8,13.06,0.8268,1.554,0.5606,2.273,415.01,0.9715,48.18,0.7188,12.02,2.843e-05,0.2061,2.819,1.177,2.192,0.1931,8.139,0.4868,8.174
2022-04-12T13:28:26,40533.39,3075.34,108.92,0.244,15.99,60.6,17.97,87.4,5.809,158.27,0.5505,0.02164,0.006456,2.184,1.516,2.152,1.461,3.779,158.91,13,0.8268,1.556,0.5606,2.275,415.34,0.9721,48.2,0.7192,12.04,2.846e-05,0.2065,2.822,1.178,2.192,0.1932,8.14,0.4873,8.173
2022-04-12T13:28:56,40553.96,3075.76,108.89,0.2439,15.99,60.8,17.97,87.47,5.849,158.47,0.5508,0.02166,0.006456,2.183,1.517,2.153,1.466,3.78,158.95,13,0.8268,1.556,0.5606,2.276,415.47,0.9721,48.23,0.7199,12.06,2.851e-05,0.2064,2.824,1.178,2.194,0.1932,8.141,0.4876,8.173
2022-04-12T13:29:26,40537.39,3071.29,108.59,0.2436,15.99,60.8,17.96,87.26,5.83,158.35,0.5516,0.02164,0.006462,2.183,1.517,2.152,1.465,3.779,158.77,12.95,0.8268,1.554,0.5606,2.275,415.15,0.9712,48.22,0.7192,12.06,2.855e-05,0.2065,2.822,1.176,2.192,0.1931,8.125,0.4874,8.168
2022-04-12T13:29:56,40532.57,3072.23,108.7,0.2434,15.88,60.8,17.97,87.28,5.84,158.34,0.5516,0.02153,0.006462,2.183,1.516,2.151,1.468,3.778,158.71,12.95,0.8289,1.552,0.5606,2.275,415.26,0.9715,48.23,0.7196,12.06,2.853e-05,0.2061,2.823,1.176,2.192,0.1931,8.117,0.4871,8.166
2022-04-12T13:30:26,40511.85,3071.77,108.58,0.2435,15.96,60.7,17.97,87.28,5.838,158.29,0.5515,0.02159,0.006462,2.183,1.517,2.15,1.468,3.778,158.71,13.05,0.8289,1.553,0.5606,2.275,415.06,0.9711,48.21,0.7197,12.06,2.864e-05,0.2061,2.821,1.176,2.192,0.193,8.119,0.4872,8.159
2022-04-12T13:30:56,40490.74,3067.72,108.56,0.2433,15.96,60.6,17.97,87.16,5.801,158.19,0.5524,0.02155,0.006507,2.183,1.512,2.149,1.468,3.778,158.7,13.05,0.8289,1.549,0.5606,2.273,414.77,0.9696,48.2,0.7195,12.06,2.879e-05,0.2059,2.818,1.175,2.19,0.193,8.114,0.4868,8.15
2022-04-12T13:31:26,40495.78,3069.75,108.81,0.2434,15.93,60.7,17.95,87.14,5.804,158.25,0.5549,0.02152,0.0065,2.175,1.516,2.15,1.465,3.778,158.79,13.05,0.8254,1.55,0.5606,2.274,414.72,0.9699,48.19,0.7187,12,2.882e-05,0.2058,2.818,1.175,2.191,0.193,8.11,0.4869,8.148
2022-04-12T13:31:56,40473.18,3066.25,108.85,0.2432,15.96,60.7,17.95,87.13,5.791,158.15,0.5547,0.02152,0.006495,2.175,1.513,2.148,1.465,3.778,158.68,13.05,0.8254,1.551,0.5606,2.272,414.59,0.9688,48.2,0.718,12,2.893e-05,0.2057,2.817,1.174,2.189,0.1931,8.104,0.4865,8.146
2022-04-12T13:32:26,40479.08,3065.52,108.86,0.2431,15.96,60.7,17.95,87.11,5.788,158.16,0.5557,0.0215,0.006495,2.175,1.512,2.152,1.465,3.765,158.64,13.05,0.8254,1.553,0.5606,2.272,414.54,0.9696,48.22,0.7175,12.03,2.903e-05,0.2057,2.816,1.173,2.187,0.193,8.11,0.4865,8.14
2022-04-12T13:32:56,40472.42,3065.08,109.17,0.2431,15.96,60.7,17.96,87.06,5.793,158.34,0.5574,0.02151,0.006496,2.175,1.512,2.152,1.471,3.753,158.67,13.05,0.8254,1.555,0.5606,2.272,414.52,0.9692,48.22,0.7174,12.05,2.915e-05,0.2057,2.815,1.172,2.188,0.193,8.111,0.4869,8.136
2022-04-12T13:33:26,40418.87,3063.71,109.08,0.2423,15.96,60.6,17.95,86.94,5.782,158.2,0.5603,0.02155,0.006499,2.175,1.508,2.144,1.472,3.748,158.66,13.05,0.8254,1.553,0.5606,2.268,414.22,0.9683,48.21,0.7172,12.05,2.919e-05,0.2057,2.812,1.171,2.185,0.193,8.102,0.4869,8.136
2022-04-12T13:33:56,40346.6,3061.87,108.66,0.2413,15.96,60.5,17.91,86.82,5.767,157.67,0.5602,0.0214,0.006463,2.169,1.504,2.138,1.468,3.735,158.45,13.05,0.825,1.546,0.5606,2.263,413.77,0.9676,48.11,0.7165,12.02,2.918e-05,0.2046,2.807,1.169,2.181,0.1928,8.089,0.485,8.116
2022-04-12T13:34:26,40294.42,3054.66,108.24,0.2413,15.89,60.2,17.9,86.78,5.753,157.5,0.5537,0.02135,0.006463,2.169,1.503,2.136,1.468,3.735,158.12,13.05,0.825,1.545,0.5606,2.261,413.26,0.9669,47.96,0.7147,12.04,2.909e-05,0.2044,2.803,1.169,2.179,0.1925,8.076,0.485,8.115
2022-04-12T13:34:56,40332.36,3060.79,108.52,0.241,15.89,60.3,17.86,86.86,5.738,157.42,0.5531,0.02135,0.006465,2.169,1.504,2.138,1.47,3.735,157.87,13.05,0.821,1.543,0.5606,2.266,413.19,0.9672,47.99,0.7156,12.03,2.908e-05,0.2044,2.805,1.168,2.179,0.1923,8.072,0.4837,8.114
2022-04-12T13:35:26,40334.86,3060.41,108.43,0.2411,15.87,60.4,17.88,86.84,5.743,157.44,0.5531,0.02143,0.006486,2.169,1.504,2.138,1.47,3.735,157.76,13.03,0.821,1.542,0.5606,2.265,413.36,0.9673,47.99,0.715,12.03,2.907e-05,0.2042,2.805,1.169,2.182,0.1922,8.06,0.4815,8.118
2022-04-12T13:35:56,40327.2,3059.52,108.3,0.2408,15.83,60.3,17.87,86.78,5.737,157.37,0.5513,0.0214,0.006486,2.169,1.503,2.137,1.473,3.73,157.63,13.03,0.821,1.543,0.5606,2.262,413.37,0.9679,47.98,0.715,12.03,2.898e-05,0.2044,2.807,1.168,2.181,0.1923,8.064,0.4808,8.109
2022-04-12T13:36:26,40278.75,3054.58,108.04,0.2406,15.83,60.3,17.86,86.6,5.734,157.09,0.5515,0.02141,0.006486,2.165,1.503,2.135,1.47,3.723,157.45,13.03,0.8176,1.537,0.5606,2.259,413.09,0.9662,47.88,0.7144,12.04,2.894e-05,0.2039,2.801,1.166,2.178,0.1922,8.042,0.48,8.11
2022-04-12T13:36:56,40280.91,3055.63,108,0.2405,15.83,60.2,17.86,86.51,5.695,157.06,0.5503,0.02133,0.006486,2.162,1.501,2.13,1.468,3.724,157.41,13.03,0.8176,1.537,0.5606,2.259,412.89,0.9657,47.87,0.7147,12.02,2.9e-05,0.2038,2.799,1.166,2.176,0.1921,8.032,0.4801,8.101
2022-04-12T13:37:26,40293.64,3059.52,108.13,0.241,15.83,60.2,17.87,86.55,5.665,157.18,0.5503,0.0213,0.006486,2.162,1.503,2.13,1.466,3.722,157.31,13.03,0.8176,1.539,0.5606,2.262,412.99,0.9674,47.89,0.715,12.03,2.908e-05,0.204,2.802,1.167,2.178,0.1921,8.043,0.4801,8.102
2022-04-12T13:37:56,40191.18,3053.4,108.02,0.2403,15.83,60.1,17.83,86.36,5.639,156.92,0.5505,0.02126,0.006452,2.158,1.5,2.125,1.464,3.718,157.16,13.03,0.8176,1.533,0.5606,2.257,412.44,0.9658,47.81,0.7144,12.03,2.915e-05,0.2034,2.793,1.166,2.173,0.192,8.021,0.4802,8.102
2022-04-12T13:38:26,40205.03,3053.9,107.98,0.2398,15.83,60.1,17.84,86.34,5.623,156.8,0.5491,0.02123,0.006452,2.158,1.5,2.131,1.458,3.718,157.16,13.03,0.8171,1.531,0.5606,2.256,412.36,0.9657,47.78,0.7138,12.03,2.921e-05,0.2033,2.79,1.165,2.172,0.1917,8.016,0.4802,8.1
2022-04-12T13:38:56,40239.58,3058.01,107.97,0.2398,15.83,60.2,17.85,86.52,5.625,156.97,0.5498,0.02123,0.00644,2.163,1.499,2.139,1.458,3.717,157.25,12.99,0.8171,1.536,0.5606,2.259,412.69,0.9657,47.82,0.7139,12.04,2.916e-05,0.2036,2.795,1.166,2.174,0.1918,8.014,0.4797,8.097
2022-04-12T13:39:26,40293.29,3060.31,107.99,0.2399,15.78,60.1,17.86,86.52,5.646,157.16,0.5497,0.02123,0.006469,2.163,1.501,2.142,1.46,3.719,157.32,12.99,0.8171,1.542,0.5606,2.26,413.07,0.9668,47.88,0.7147,12.04,2.912e-05,0.2039,2.798,1.167,2.176,0.1919,8.015,0.4804,8.098
2022-04-12T13:39:56,40314.18,3060.36,107.91,0.2403,15.81,60.1,17.86,86.55,5.642,157.11,0.549,0.02128,0.006469,2.166,1.501,2.141,1.461,3.719,157.38,12.99,0.8171,1.545,0.5606,2.261,413.16,0.9661,47.91,0.715,12.06,2.916e-05,0.204,2.798,1.168,2.176,0.1919,8.024,0.4808,8.1
2022-04-12T13:40:26,40289.08,3059.13,107.9,0.2402,15.81,60.4,17.87,86.51,5.647,157.01,0.5495,0.02129,0.006469,2.166,1.501,2.139,1.46,3.715,157.33,12.99,0.8171,1.542,0.5606,2.261,413.22,0.9659,47.9,0.7151,12.06,2.926e-05,0.2038,2.797,1.169,2.176,0.1919,8.027,0.4816,8.099
2022-04-12T13:40:56,40264.59,3055.36,107.72,0.2398,15.85,60.2,17.86,86.33,5.625,156.86,0.5483,0.02123,0.006469,2.166,1.499,2.135,1.457,3.708,157.27,12.99,0.8171,1.538,0.5606,2.258,413.14,0.9653,47.88,0.7146,12.06,2.929e-05,0.2036,2.792,1.167,2.173,0.1918,8.016,0.481,8.099
2022-04-12T13:41:26,40255.21,3054.77,107.81,0.2398,15.78,60.2,17.84,86.27,5.631,156.81,0.5482,0.02122,0.006469,2.166,1.5,2.134,1.457,3.711,157.25,12.99,0.815,1.537,0.5607,2.257,412.52,0.965,47.83,0.7144,12.04,2.927e-05,0.2036,2.794,1.166,2.173,0.1918,8.015,0.4807,8.094
2022-04-12T13:41:56,40240.42,3056.21,107.84,0.2397,15.78,60.2,17.85,86.32,5.621,156.7,0.5465,0.02123,0.006464,2.166,1.498,2.133,1.457,3.7,157.27,12.98,0.815,1.533,0.5607,2.258,412.61,0.9655,47.83,0.7146,12.07,2.926e-05,0.2037,2.794,1.167,2.173,0.1918,8.013,0.4809,8.093
2022-04-12T13:42:26,40244.17,3056.02,107.83,0.2399,15.78,60.2,17.85,86.39,5.649,156.72,0.5471,0.0212,0.006464,2.166,1.498,2.135,1.458,3.695,157.32,12.98,0.815,1.533,0.5607,2.258,412.61,0.966,47.84,0.7147,12.07,2.918e-05,0.2037,2.795,1.167,2.174,0.1918,8.013,0.4811,8.085
2022-04-12T13:42:56,40261.82,3057.62,107.87,0.2401,15.78,60.2,17.86,86.41,5.649,156.82,0.5476,0.02124,0.006464,2.163,1.498,2.135,1.459,3.701,157.33,12.98,0.8184,1.533,0.5607,2.259,412.75,0.9654,47.88,0.7148,12.08,2.894e-05,0.2038,2.796,1.168,2.175,0.1919,8.027,0.4813,8.087
2022-04-12T13:43:26,40291.91,3058.5,108.01,0.2401,15.77,60.3,17.88,86.44,5.664,156.98,0.5476,0.02127,0.006464,2.163,1.499,2.132,1.459,3.705,157.39,12.98,0.8184,1.536,0.5607,2.26,412.79,0.9662,47.84,0.7151,12.08,2.896e-05,0.2039,2.799,1.168,2.175,0.1919,8.029,0.4816,8.096
2022-04-12T13:43:56,40276.05,3057.11,107.92,0.24,15.77,60.3,17.88,86.51,5.664,156.91,0.5467,0.02125,0.006464,2.163,1.5,2.134,1.46,3.707,157.36,12.98,0.8184,1.534,0.5607,2.26,412.94,0.9662,47.85,0.7153,12.09,2.899e-05,0.2038,2.798,1.168,2.175,0.1919,8.031,0.4816,8.098
2022-04-12T13:44:26,40285.16,3057.07,107.99,0.24,15.77,60.2,17.87,86.51,5.67,156.97,0.5461,0.02124,0.006464,2.16,1.5,2.134,1.46,3.71,157.38,12.98,0.8186,1.533,0.5607,2.261,413.15,0.966,47.83,0.7153,12.09,2.892e-05,0.2039,2.797,1.168,2.173,0.1919,8.034,0.4818,8.098
2022-04-12T13:44:56,40296.82,3057.53,108.04,0.2403,15.77,60.2,17.87,86.49,5.692,156.98,0.5459,0.02125,0.006472,2.16,1.5,2.135,1.459,3.719,157.44,13.03,0.8186,1.532,0.5607,2.261,413.08,0.9657,47.85,0.7155,12.1,2.895e-05,0.2038,2.797,1.169,2.174,0.1919,8.037,0.4818,8.091
2022-04-12T13:45:26,40347.7,3057.25,107.83,0.2404,15.77,60.2,17.88,86.57,5.695,157.03,0.5459,0.02126,0.006463,2.16,1.501,2.14,1.459,3.714,157.45,13.03,0.8185,1.538,0.5607,2.262,413.36,0.9661,47.85,0.716,12.1,2.885e-05,0.2038,2.798,1.17,2.174,0.192,8.038,0.4821,8.094
2022-04-12T13:45:56,40364.61,3060.02,107.92,0.2408,15.84,60.2,17.89,86.61,5.715,157.15,0.5464,0.02126,0.006464,2.16,1.502,2.141,1.46,3.72,157.45,13.03,0.8185,1.542,0.5607,2.263,413.42,0.9661,47.87,0.7164,12.1,2.868e-05,0.2039,2.8,1.171,2.175,0.192,8.04,0.4826,8.095
2022-04-12T13:46:26,40412.63,3058.68,107.98,0.2409,15.84,60.2,17.9,86.64,5.729,157.3,0.5449,0.02126,0.006464,2.16,1.5,2.143,1.46,3.735,157.56,13.03,0.8185,1.543,0.5607,2.264,413.43,0.9673,47.89,0.7169,12.12,2.875e-05,0.2038,2.801,1.173,2.175,0.192,8.047,0.4825,8.112
2022-04-12T13:46:56,40413.82,3057.92,108,0.2411,15.86,60.2,17.89,86.7,5.728,157.42,0.5473,0.02129,0.006482,2.16,1.501,2.143,1.462,3.742,157.58,13.03,0.8185,1.543,0.5607,2.265,413.89,0.9675,47.9,0.7169,12.09,2.872e-05,0.2039,2.801,1.173,2.175,0.192,8.049,0.4828,8.129
2022-04-12T13:47:26,40449.96,3059.8,108.09,0.2418,15.83,60.6,17.9,86.83,5.737,157.57,0.5475,0.02134,0.006486,2.175,1.501,2.139,1.466,3.739,157.69,13.03,0.815,1.543,0.5607,2.269,414.07,0.9692,48.02,0.7175,12.09,2.86e-05,0.2041,2.807,1.175,2.176,0.1921,8.05,0.4831,8.149
2022-04-12T13:47:56,40453.14,3059.53,108.21,0.242,15.86,60.7,17.91,86.95,5.745,157.63,0.5507,0.02138,0.006487,2.175,1.503,2.142,1.466,3.747,157.82,13.03,0.815,1.545,0.5607,2.27,414.45,0.9691,48.05,0.7173,12.1,2.856e-05,0.2044,2.806,1.176,2.177,0.1922,8.059,0.4844,8.157
2022-04-12T13:48:26,40458.73,3058.1,108.18,0.2422,15.86,60.7,17.93,86.97,5.735,157.65,0.5505,0.02142,0.006487,2.175,1.505,2.139,1.466,3.739,157.81,13.03,0.8222,1.545,0.5607,2.268,414.31,0.9683,48.02,0.7172,12.1,2.857e-05,0.2044,2.805,1.176,2.177,0.1923,8.069,0.4845,8.156
2022-04-12T13:48:56,40439.25,3058.44,108.33,0.2421,15.84,60.6,17.96,86.99,5.735,157.6,0.5505,0.02139,0.006481,2.175,1.504,2.138,1.468,3.741,157.81,13.03,0.8222,1.545,0.5607,2.268,414.36,0.9677,48.01,0.7171,12.1,2.86e-05,0.2044,2.806,1.176,2.177,0.1922,8.068,0.4846,8.162
2022-04-12T13:49:26,40446.55,3059.28,108.35,0.2421,15.84,60.6,17.96,86.98,5.718,157.66,0.5492,0.02139,0.00649,2.175,1.503,2.138,1.469,3.743,157.83,13.03,0.8222,1.542,0.5607,2.269,414.49,0.9679,48.02,0.7173,12.1,2.869e-05,0.2045,2.807,1.176,2.178,0.1923,8.075,0.4848,8.162
2022-04-12T13:49:56,40388.32,3056.6,108.11,0.2416,15.85,60.6,17.93,86.92,5.696,157.55,0.5485,0.02137,0.00649,2.167,1.502,2.135,1.469,3.738,157.77,13.03,0.8224,1.538,0.5607,2.268,414.41,0.9673,47.96,0.7171,12.03,2.853e-05,0.2045,2.803,1.175,2.177,0.1922,8.066,0.4838,8.163
2022-04-12T13:50:26,40403.05,3057.04,108.15,0.2417,15.85,60.6,17.92,86.84,5.696,157.49,0.5483,0.02132,0.006492,2.167,1.503,2.136,1.468,3.736,157.77,13.03,0.8224,1.538,0.5607,2.267,414.28,0.968,47.98,0.7167,12.03,2.846e-05,0.2041,2.803,1.175,2.176,0.1922,8.065,0.4837,8.163
2022-04-12T13:50:56,40402.25,3057.82,108.34,0.2419,15.94,60.4,17.93,86.85,5.694,157.48,0.5483,0.0213,0.006492,2.167,1.5,2.136,1.468,3.738,157.79,13.03,0.8224,1.541,0.5607,2.269,414.37,0.9681,47.98,0.7165,12.04,2.844e-05,0.2041,2.803,1.176,2.175,0.1921,8.068,0.4835,8.158
2022-04-12T13:51:26,40436.08,3057.93,108.32,0.2422,15.97,60.5,17.93,86.94,5.711,157.54,0.5479,0.02139,0.006498,2.167,1.501,2.138,1.469,3.734,157.84,13.03,0.8224,1.541,0.5607,2.27,414.44,0.9689,48.03,0.7168,12.04,2.839e-05,0.2044,2.807,1.177,2.178,0.1921,8.074,0.4841,8.166
2022-04-12T13:51:56,40436.25,3057.26,108.32,0.2421,15.97,60.5,17.94,86.97,5.713,157.46,0.551,0.02141,0.006498,2.167,1.501,2.135,1.469,3.735,157.8,13.03,0.8224,1.543,0.5607,2.27,414.42,0.9688,48.03,0.7167,12.01,2.828e-05,0.2044,2.806,1.177,2.178,0.1923,8.076,0.484,8.166
2022-04-12T13:52:26,40427.19,3057.76,108.38,0.2418,15.97,60.5,17.93,86.95,5.716,157.47,0.5497,0.02138,0.006497,2.167,1.501,2.135,1.467,3.74,157.82,13.03,0.8278,1.537,0.5607,2.269,414.42,0.9694,48.04,0.7166,12.01,2.828e-05,0.2044,2.807,1.177,2.177,0.1923,8.074,0.4844,8.168
2022-04-12T13:52:56,40450.54,3058.42,108.46,0.2419,15.97,60.6,17.93,86.95,5.716,157.49,0.5497,0.02141,0.006497,2.169,1.501,2.136,1.467,3.74,157.84,13.03,0.8278,1.536,0.5607,2.27,414.45,0.9694,48.08,0.7167,12.03,2.825e-05,0.2044,2.808,1.178,2.177,0.1923,8.074,0.4845,8.164
2022-04-12T13:53:26,40448.01,3058.87,108.49,0.2419,15.97,60.5,17.93,86.97,5.728,157.49,0.5487,0.02141,0.006497,2.169,1.502,2.136,1.466,3.74,157.86,13.03,0.8213,1.537,0.5607,2.27,414.65,0.9688,48.11,0.7167,12.03,2.83e-05,0.2045,2.809,1.178,2.177,0.1923,8.074,0.4843,8.161
2022-04-12T13:53:56,40469.3,3060.4,108.45,0.2417,15.92,60.5,17.93,86.94,5.724,157.47,0.5496,0.02142,0.006497,2.169,1.502,2.137,1.464,3.74,157.87,13.03,0.8207,1.537,0.5607,2.27,414.69,0.9694,48.14,0.7167,12.02,2.835e-05,0.2045,2.809,1.179,2.178,0.1924,8.078,0.4844,8.162
2022-04-12T13:54:26,40460.12,3059.1,108.42,0.2414,15.92,60.5,17.93,86.92,5.731,157.48,0.5496,0.02147,0.006497,2.169,1.502,2.136,1.463,3.74,157.84,13.03,0.82,1.537,0.5607,2.272,414.77,0.9691,48.12,0.7167,12.02,2.845e-05,0.2045,2.809,1.179,2.178,0.1924,8.079,0.4849,8.163
2022-04-12T13:54:56,40442.96,3059.44,108.42,0.2414,16,60.5,17.94,86.91,5.735,157.47,0.5496,0.02146,0.006491,2.169,1.501,2.135,1.463,3.74,157.8,13.03,0.82,1.539,0.5607,2.271,414.67,0.969,48.14,0.7165,12.02,2.848e-05,0.2045,2.808,1.178,2.177,0.1923,8.077,0.4849,8.159
2022-04-12T13:55:26,40421.86,3058.85,108.44,0.2415,15.94,60.5,17.94,86.88,5.735,157.4,0.5496,0.02145,0.006494,2.164,1.498,2.134,1.462,3.74,157.79,13.03,0.82,1.538,0.5607,2.27,414.56,0.9684,48.13,0.7162,12.04,2.848e-05,0.2045,2.806,1.177,2.177,0.1924,8.077,0.4851,8.149
2022-04-12T13:55:56,40446.66,3060.18,108.5,0.2412,15.94,60.5,17.94,86.88,5.736,157.44,0.5496,0.02142,0.006494,2.164,1.499,2.136,1.464,3.74,157.83,13.04,0.82,1.538,0.5607,2.27,414.64,0.9688,48.13,0.7161,12.07,2.848e-05,0.2045,2.808,1.177,2.177,0.1924,8.075,0.4853,8.137
2022-04-12T13:56:26,40450.17,3059.57,108.49,0.2409,15.92,60.5,17.95,86.93,5.731,157.47,0.5503,0.02147,0.006504,2.165,1.499,2.139,1.464,3.721,157.79,13.04,0.82,1.538,0.5607,2.27,414.7,0.9685,48.11,0.7161,12.07,2.84e-05,0.2048,2.807,1.178,2.178,0.1923,8.074,0.4854,8.142
2022-04-12T13:56:56,40453.09,3059.39,108.52,0.2408,15.92,60.5,17.95,86.91,5.738,157.57,0.5501,0.02144,0.006504,2.165,1.498,2.139,1.463,3.73,157.8,13.03,0.82,1.541,0.5607,2.27,414.76,0.9686,48.11,0.7162,12.06,2.843e-05,0.2048,2.808,1.178,2.178,0.1924,8.075,0.4854,8.141
2022-04-12T13:57:26,40465.28,3058.59,108.53,0.2411,15.92,60.5,17.96,86.89,5.737,157.55,0.5501,0.02145,0.006504,2.165,1.498,2.14,1.464,3.737,157.82,13.03,0.82,1.542,0.5607,2.27,414.81,0.9691,48.12,0.7161,12.06,2.846e-05,0.2048,2.808,1.179,2.178,0.1924,8.084,0.4855,8.146
2022-04-12T13:57:56,40440.25,3057.94,108.36,0.241,15.92,60.5,17.95,86.75,5.725,157.56,0.5501,0.02142,0.006504,2.165,1.498,2.138,1.463,3.745,157.78,13.03,0.8233,1.542,0.5607,2.269,414.79,0.9687,48.04,0.7154,12.05,2.839e-05,0.2048,2.807,1.178,2.178,0.1923,8.076,0.4853,8.144
2022-04-12T13:58:26,40401.96,3055.89,108.09,0.2408,15.92,60.6,17.95,86.72,5.715,157.47,0.55,0.02138,0.006504,2.165,1.497,2.136,1.461,3.738,157.63,13.03,0.8233,1.535,0.5607,2.267,414.62,0.9682,47.99,0.7147,12.05,2.828e-05,0.2044,2.803,1.176,2.176,0.1922,8.061,0.4853,8.137
2022-04-12T13:58:56,40405.83,3054.49,108.08,0.2407,15.97,60.6,17.94,86.59,5.715,157.38,0.55,0.02137,0.006502,2.165,1.497,2.137,1.458,3.74,157.53,13.03,0.8233,1.535,0.5607,2.263,414.48,0.9679,47.94,0.7159,12.05,2.816e-05,0.2042,2.804,1.176,2.175,0.1923,8.049,0.485,8.136
2022-04-12T13:59:26,40396.77,3054.35,108.08,0.2409,16.01,60.6,17.94,86.57,5.732,157.51,0.5477,0.02138,0.006505,2.162,1.498,2.136,1.459,3.734,157.52,13.03,0.82,1.535,0.5607,2.264,414.17,0.9677,47.95,0.7158,12.05,2.81e-05,0.2042,2.805,1.176,2.175,0.1923,8.047,0.4847,8.137
2022-04-12T13:59:56,40400.1,3052.86,108,0.2407,16.01,60.5,17.94,86.49,5.732,157.42,0.5464,0.02141,0.006505,2.162,1.497,2.12,1.458,3.722,157.49,13.04,0.822,1.536,0.5607,2.262,414.2,0.9677,47.91,0.7156,12.05,2.796e-05,0.2042,2.803,1.175,2.174,0.1923,8.041,0.4846,8.135
2022-04-12T14:00:26,40392.72,3051.77,107.83,0.2406,15.87,60.6,17.93,86.4,5.727,157.02,0.5452,0.02143,0.006511,2.165,1.497,2.12,1.457,3.717,157.45,13.04,0.822,1.536,0.5607,2.262,414.19,0.9675,47.89,0.7155,12.05,2.791e-05,0.2042,2.803,1.174,2.174,0.1922,8.04,0.4846,8.14
2022-04-12T14:00:56,40358.82,3050.49,107.66,0.2402,15.86,60.3,17.91,86.35,5.718,156.88,0.5452,0.02144,0.006495,2.165,1.495,2.118,1.456,3.722,157.34,13.04,0.822,1.535,0.5607,2.258,414.07,0.9665,47.85,0.7151,12.05,2.788e-05,0.2039,2.8,1.173,2.171,0.1921,8.032,0.4837,8.121
2022-04-12T14:01:26,40363.04,3049.3,107.67,0.2401,15.86,60.1,17.9,86.35,5.707,156.89,0.5465,0.02142,0.006493,2.165,1.495,2.112,1.454,3.719,157.36,13.04,0.822,1.535,0.5607,2.258,413.92,0.9658,47.82,0.715,12.06,2.786e-05,0.2039,2.799,1.172,2.171,0.1922,8.029,0.4838,8.124
2022-04-12T14:01:56,40346.73,3045.35,107.66,0.2401,15.86,60.1,17.9,86.32,5.696,156.89,0.5442,0.0214,0.006493,2.165,1.493,2.111,1.454,3.717,157.32,13.04,0.8207,1.535,0.5607,2.258,413.6,0.9659,47.81,0.7147,12.01,2.786e-05,0.2037,2.797,1.172,2.17,0.1921,8.027,0.483,8.118
2022-04-12T14:02:26,40362.17,3047.52,107.66,0.2401,15.86,60.1,17.89,86.24,5.705,156.82,0.5442,0.02141,0.006493,2.165,1.492,2.112,1.455,3.715,157.33,13.04,0.8207,1.538,0.5607,2.258,413.64,0.9664,47.78,0.715,12,2.781e-05,0.2037,2.797,1.171,2.172,0.1922,8.024,0.4823,8.119
2022-04-12T14:02:56,40315,3044.09,107.6,0.24,15.86,60.2,17.86,86.08,5.695,156.62,0.5461,0.0214,0.006493,2.159,1.492,2.109,1.453,3.715,157.22,13.03,0.8207,1.538,0.5607,2.255,413.27,0.9644,47.75,0.7144,12,2.776e-05,0.2035,2.794,1.17,2.169,0.1919,8.014,0.4816,8.115
2022-04-12T14:03:26,40316.63,3041.14,107.36,0.2392,15.86,60.1,17.85,85.97,5.684,156.54,0.5457,0.02138,0.006493,2.156,1.491,2.109,1.45,3.691,156.91,13.03,0.8185,1.532,0.5607,2.252,413.11,0.9638,47.68,0.7141,12,2.767e-05,0.2027,2.79,1.169,2.167,0.1918,8.013,0.4808,8.091
2022-04-12T14:03:56,40307.38,3038.39,107.36,0.2393,15.86,60.1,17.84,85.82,5.675,156.5,0.5422,0.02136,0.006493,2.156,1.491,2.106,1.45,3.679,156.85,13.03,0.8176,1.532,0.5607,2.251,412.94,0.9635,47.64,0.7133,12,2.783e-05,0.2027,2.788,1.168,2.165,0.1917,7.985,0.4809,8.081
2022-04-12T14:04:26,40336.04,3040.33,107.39,0.2393,15.86,60.2,17.84,85.84,5.661,156.66,0.5422,0.0214,0.00641,2.156,1.492,2.108,1.45,3.684,156.98,13.03,0.8176,1.532,0.5607,2.252,413.06,0.9644,47.67,0.7133,12,2.772e-05,0.2024,2.789,1.168,2.166,0.1918,7.988,0.481,8.084
2022-04-12T14:04:56,40320.14,3039.63,107.42,0.2396,15.92,60.2,17.86,85.75,5.669,156.67,0.5416,0.0214,0.006423,2.156,1.492,2.107,1.448,3.684,156.98,13.03,0.8176,1.532,0.5607,2.252,412.92,0.9652,47.66,0.7134,11.97,2.769e-05,0.2028,2.789,1.167,2.167,0.1918,7.986,0.4809,8.084
2022-04-12T14:05:26,40311.11,3039.35,107.3,0.2396,15.92,60.1,17.85,85.72,5.647,156.62,0.5399,0.02141,0.00642,2.156,1.491,2.107,1.449,3.689,156.96,13.03,0.8176,1.529,0.5607,2.252,412.92,0.965,47.66,0.7137,11.92,2.785e-05,0.2028,2.789,1.167,2.167,0.1918,7.986,0.4809,8.083
2022-04-12T14:05:56,40321.43,3039.71,107.35,0.2395,15.92,60.1,17.87,85.76,5.645,156.64,0.5405,0.02142,0.00642,2.161,1.491,2.107,1.448,3.684,156.87,13.01,0.8173,1.534,0.5607,2.253,412.98,0.965,47.7,0.7137,11.92,2.798e-05,0.2028,2.792,1.167,2.167,0.1918,7.99,0.4808,8.074
2022-04-12T14:06:26,40354.62,3043,107.48,0.2397,15.92,60.1,17.9,86,5.67,156.97,0.5405,0.02146,0.006419,2.161,1.494,2.104,1.449,3.708,156.96,13.01,0.8173,1.534,0.5607,2.26,413.19,0.9661,47.81,0.7141,11.92,2.778e-05,0.2034,2.794,1.17,2.169,0.192,8.012,0.4811,8.086
2022-04-12T14:06:56,40353.81,3044.39,107.44,0.2401,15.92,60.1,17.9,86.02,5.674,157.1,0.54,0.02146,0.006429,2.157,1.494,2.109,1.449,3.705,156.99,13,0.8173,1.533,0.5607,2.259,413.48,0.9662,47.81,0.7143,11.93,2.775e-05,0.2035,2.795,1.17,2.17,0.1922,8.01,0.4823,8.088
2022-04-12T14:07:26,40319.92,3042.94,106.84,0.2401,15.87,60,17.89,85.95,5.675,156.82,0.5411,0.02139,0.006431,2.157,1.493,2.105,1.448,3.706,157.01,13,0.8173,1.529,0.5607,2.256,413.43,0.9658,47.72,0.7139,11.93,2.775e-05,0.2031,2.791,1.17,2.169,0.1921,7.996,0.4818,8.079
2022-04-12T14:07:56,40281.8,3039.41,106.54,0.2392,15.87,60,17.87,85.73,5.659,156.79,0.5416,0.02133,0.006431,2.157,1.491,2.103,1.445,3.688,156.89,13.07,0.815,1.532,0.5607,2.253,412.92,0.9651,47.71,0.7133,11.87,2.757e-05,0.2028,2.789,1.168,2.166,0.192,7.985,0.4812,8.08
2022-04-12T14:08:26,40288.6,3040.07,106.7,0.2391,15.94,60,17.86,85.69,5.658,156.67,0.5415,0.02136,0.00641,2.157,1.491,2.103,1.446,3.697,156.89,13.07,0.815,1.532,0.5607,2.254,412.9,0.965,47.65,0.7132,11.9,2.761e-05,0.2029,2.789,1.168,2.166,0.1919,7.972,0.4803,8.073
2022-04-12T14:08:56,40268.84,3040.65,106.43,0.2391,15.88,60,17.86,85.63,5.66,156.64,0.5415,0.02132,0.00641,2.157,1.492,2.102,1.446,3.689,156.84,13.07,0.815,1.527,0.5607,2.254,412.9,0.9639,47.63,0.7132,11.9,2.774e-05,0.2028,2.787,1.167,2.166,0.1919,7.962,0.4797,8.072
2022-04-12T14:09:26,40277.87,3041.81,106.61,0.2391,15.88,60,17.86,85.63,5.667,156.68,0.5412,0.02139,0.006406,2.157,1.491,2.103,1.446,3.69,156.86,13.07,0.815,1.527,0.5607,2.256,412.89,0.9643,47.59,0.713,11.9,2.783e-05,0.2028,2.788,1.167,2.167,0.1919,7.963,0.4795,8.071
2022-04-12T14:09:56,40247.18,3040.33,106.72,0.239,15.88,60,17.86,85.62,5.661,156.53,0.5392,0.02141,0.006413,2.157,1.49,2.101,1.446,3.69,156.83,13.07,0.817,1.528,0.5607,2.255,412.97,0.9641,47.59,0.713,11.9,2.793e-05,0.2031,2.788,1.166,2.167,0.1919,7.961,0.4793,8.066
2022-04-12T14:10:26,40269.61,3044.23,106.99,0.2393,15.88,60.1,17.87,85.73,5.665,156.66,0.5391,0.02143,0.006408,2.157,1.489,2.102,1.447,3.69,156.98,13.07,0.817,1.528,0.5607,2.258,413.2,0.9649,47.63,0.7134,11.9,2.8e-05,0.2033,2.79,1.168,2.169,0.192,7.974,0.4805,8.077
2022-04-12T14:10:56,40281.45,3045.09,107.16,0.2393,15.88,60,17.88,85.72,5.651,156.75,0.5408,0.02144,0.00641,2.157,1.489,2.103,1.45,3.69,156.99,13.07,0.817,1.528,0.5607,2.259,413.27,0.9645,47.64,0.7136,11.9,2.796e-05,0.2034,2.796,1.168,2.17,0.1921,7.98,0.4808,8.073
2022-04-12T14:11:26,40284.83,3044.71,107.36,0.2394,15.88,60,17.89,85.78,5.645,156.89,0.541,0.02142,0.00641,2.157,1.489,2.104,1.449,3.69,156.98,13.07,0.817,1.529,0.5607,2.261,413.25,0.9652,47.65,0.7133,11.95,2.798e-05,0.2034,2.795,1.168,2.17,0.1921,7.979,0.4807,8.074
2022-04-12T14:11:56,40263.84,3043.7,107.21,0.2392,15.88,60,17.9,85.74,5.646,156.95,0.5399,0.02135,0.006423,2.142,1.489,2.103,1.449,3.69,156.91,13.07,0.815,1.532,0.5607,2.261,413.19,0.9646,47.63,0.7129,11.94,2.795e-05,0.2035,2.792,1.167,2.169,0.192,7.978,0.4808,8.073
2022-04-12T14:12:26,40218.56,3039.82,107.08,0.2391,15.87,60.1,17.89,85.57,5.629,156.82,0.5397,0.02135,0.006423,2.134,1.488,2.1,1.448,3.686,156.87,13.07,0.8147,1.529,0.5607,2.256,413.13,0.9638,47.57,0.7124,11.94,2.776e-05,0.2031,2.788,1.166,2.167,0.1917,7.961,0.4801,8.061
2022-04-12T14:12:56,40203.89,3041.07,107.09,0.2387,15.86,60.1,17.87,85.62,5.626,156.73,0.5385,0.02134,0.006423,2.118,1.487,2.099,1.445,3.686,156.84,13.04,0.8147,1.527,0.5607,2.255,412.87,0.9638,47.57,0.7122,11.94,2.762e-05,0.2031,2.788,1.165,2.167,0.1917,7.96,0.4799,8.058
2022-04-12T14:13:26,40180.84,3040.37,106.82,0.2386,15.86,60,17.87,85.58,5.606,156.63,0.5381,0.02133,0.006423,2.122,1.486,2.098,1.444,3.69,156.65,13.04,0.8147,1.523,0.5607,2.253,412.64,0.9633,47.53,0.7119,11.94,2.77e-05,0.2031,2.786,1.164,2.167,0.1916,7.954,0.4787,8.056
2022-04-12T14:13:56,40165.69,3037.42,106.7,0.2381,15.86,60,17.86,85.51,5.598,156.49,0.5386,0.0213,0.006423,2.115,1.486,2.1,1.443,3.691,156.49,13,0.8147,1.522,0.5607,2.25,412.53,0.9626,47.5,0.7117,11.91,2.76e-05,0.2026,2.785,1.163,2.164,0.1915,7.945,0.4787,8.056
2022-04-12T14:14:26,40177.12,3040.47,106.79,0.2383,15.86,60,17.87,85.53,5.557,156.47,0.5385,0.02128,0.006409,2.115,1.485,2.1,1.443,3.687,156.4,13,0.8147,1.523,0.5607,2.251,412.63,0.9626,47.46,0.7118,11.89,2.766e-05,0.2026,2.784,1.163,2.164,0.1916,7.944,0.4781,8.055
2022-04-12T14:14:56,40210.45,3044.05,106.96,0.2385,15.86,60.1,17.87,85.59,5.542,156.67,0.538,0.02129,0.006409,2.113,1.485,2.102,1.443,3.688,156.44,13,0.8147,1.526,0.5607,2.255,412.84,0.9634,47.53,0.7121,11.89,2.766e-05,0.203,2.787,1.163,2.166,0.1917,7.959,0.4784,8.06
2022-04-12T14:15:26,40193.73,3043.57,106.96,0.2387,15.86,60,17.88,85.61,5.556,156.65,0.538,0.02128,0.006409,2.112,1.486,2.104,1.445,3.687,156.42,13,0.8147,1.527,0.5607,2.255,412.95,0.9634,47.48,0.7119,11.89,2.764e-05,0.2029,2.786,1.163,2.166,0.1918,7.96,0.4784,8.062
2022-04-12T14:15:56,40154.83,3039.77,106.56,0.2382,15.86,59.9,17.86,85.42,5.555,156.34,0.5374,0.0212,0.006409,2.107,1.484,2.102,1.44,3.675,156.31,13.02,0.8147,1.523,0.5607,2.25,412.64,0.9619,47.46,0.7113,11.89,2.746e-05,0.2025,2.781,1.162,2.162,0.1917,7.939,0.4777,8.049
2022-04-12T14:16:26,40153.96,3039.68,106.45,0.2376,15.86,59.9,17.85,85.4,5.561,156.32,0.5374,0.02128,0.006409,2.106,1.484,2.102,1.44,3.675,156.22,13.02,0.8147,1.522,0.5607,2.25,412.51,0.9619,47.37,0.7112,11.85,2.742e-05,0.2025,2.778,1.162,2.159,0.1915,7.93,0.4762,8.05
2022-04-12T14:16:56,40158.17,3040.05,106.51,0.2377,15.77,60,17.84,85.37,5.579,156.31,0.5373,0.02126,0.006415,2.106,1.484,2.102,1.44,3.665,156.21,13.02,0.8119,1.522,0.5607,2.25,412.51,0.9616,47.39,0.7111,11.84,2.733e-05,0.2022,2.778,1.162,2.16,0.1916,7.929,0.4765,8.046
2022-04-12T14:17:26,40157.73,3039.29,106.48,0.2377,15.77,59.9,17.82,85.32,5.584,156.29,0.5343,0.02126,0.006415,2.106,1.483,2.102,1.439,3.663,156.11,13.02,0.8119,1.521,0.5607,2.248,412.37,0.9615,47.38,0.7106,11.87,2.733e-05,0.2021,2.776,1.16,2.158,0.1916,7.918,0.4765,8.049
2022-04-12T14:17:56,40166.65,3040.43,106.43,0.2377,15.77,59.9,17.82,85.33,5.59,156.42,0.5343,0.02126,0.006415,2.106,1.483,2.1,1.441,3.653,156.2,13.02,0.8119,1.526,0.5651,2.249,412.52,0.9615,47.42,0.7107,11.88,2.736e-05,0.2024,2.779,1.161,2.159,0.1916,7.921,0.4761,8.031
2022-04-12T14:18:26,40161.28,3039.62,106.29,0.2377,15.75,59.9,17.83,85.31,5.583,156.47,0.5343,0.02121,0.006415,2.106,1.492,2.1,1.441,3.655,156.27,13.02,0.8116,1.527,0.5651,2.249,412.57,0.9615,47.39,0.711,11.88,2.744e-05,0.2023,2.778,1.161,2.159,0.1916,7.924,0.4762,8.033
2022-04-12T14:18:56,40160.27,3042.49,106.3,0.2372,15.75,59.9,17.83,85.34,5.583,156.46,0.5332,0.02125,0.006415,2.106,1.493,2.1,1.441,3.655,156.36,13.05,0.8116,1.527,0.5651,2.248,412.6,0.9605,47.4,0.7109,11.88,2.761e-05,0.2025,2.777,1.161,2.159,0.1916,7.918,0.4763,8.034
2022-04-12T14:19:26,40116.08,3039.42,106.25,0.2367,15.75,59.7,17.81,85.25,5.561,156.39,0.5332,0.02123,0.006415,2.111,1.49,2.097,1.439,3.653,156.17,13.05,0.8116,1.507,0.5651,2.246,412.14,0.9597,47.38,0.7101,11.88,2.766e-05,0.2021,2.774,1.16,2.157,0.1915,7.911,0.4759,8.024
2022-04-12T14:19:56,40080.23,3036.02,105.93,0.2363,15.72,59.7,17.79,85.09,5.527,155.99,0.5332,0.02119,0.006401,2.111,1.486,2.095,1.438,3.647,156.12,13.01,0.8116,1.504,0.5651,2.242,411.97,0.9575,47.36,0.7094,11.81,2.767e-05,0.2017,2.768,1.157,2.155,0.1914,7.897,0.4752,8.019
2022-04-12T14:20:26,40083.54,3035.74,105.83,0.2363,15.72,59.6,17.78,85.05,5.519,156.01,0.5332,0.02125,0.006391,2.111,1.486,2.096,1.436,3.64,156.11,13.01,0.8116,1.504,0.5651,2.242,411.83,0.9569,47.35,0.7096,11.83,2.764e-05,0.2017,2.769,1.156,2.155,0.1912,7.896,0.4747,8.014
2022-04-12T14:20:56,40106.46,3036.4,105.93,0.2367,15.72,59.6,17.79,85.03,5.509,156.14,0.5332,0.02123,0.006384,2.111,1.486,2.094,1.437,3.642,156.22,13.01,0.807,1.509,0.5651,2.244,411.94,0.9578,47.32,0.7099,11.85,2.762e-05,0.2017,2.772,1.157,2.156,0.1913,7.898,0.4747,8.017
2022-04-12T14:21:26,40123.45,3038.29,105.93,0.2367,15.72,59.5,17.79,85.13,5.531,156.21,0.533,0.02125,0.006384,2.111,1.488,2.092,1.437,3.642,156.22,13.01,0.8018,1.509,0.5651,2.243,412.05,0.958,47.37,0.7098,11.87,2.761e-05,0.2021,2.772,1.158,2.155,0.1912,7.902,0.4748,8.012
2022-04-12T14:21:56,40129.83,3040.93,106.04,0.2368,15.72,59.4,17.8,85.18,5.541,156.32,0.533,0.02127,0.006384,2.114,1.491,2.098,1.438,3.642,156.39,13.01,0.8018,1.513,0.5651,2.245,412.11,0.9582,47.38,0.71,11.87,2.747e-05,0.2021,2.773,1.159,2.156,0.1914,7.909,0.4748,8.012
2022-04-12T14:22:26,40129.98,3041.07,106.17,0.2365,15.72,59.5,17.8,85.22,5.541,156.34,0.5324,0.02126,0.006384,2.117,1.492,2.098,1.438,3.655,156.4,13.01,0.8018,1.514,0.5651,2.246,412.23,0.9582,47.44,0.7102,11.87,2.751e-05,0.2025,2.773,1.159,2.157,0.1914,7.913,0.4758,8.02
2022-04-12T14:22:56,40090.65,3038.3,106.09,0.2364,15.72,59.4,17.78,85.18,5.532,156.16,0.5343,0.02121,0.006384,2.117,1.489,2.096,1.438,3.65,156.32,13.01,0.8018,1.511,0.5727,2.243,411.91,0.9568,47.39,0.71,11.82,2.753e-05,0.2025,2.771,1.159,2.155,0.1913,7.91,0.4756,8.012
2022-04-12T14:23:26,40062.33,3035.88,105.84,0.236,15.67,59.2,17.77,85.06,5.534,156.07,0.5338,0.02115,0.006384,2.117,1.486,2.097,1.437,3.634,156.24,13.01,0.8018,1.51,0.5727,2.243,411.71,0.9559,47.34,0.7093,11.82,2.743e-05,0.2021,2.767,1.157,2.154,0.1912,7.898,0.4749,8.009
2022-04-12T14:23:56,40032.66,3034.42,105.63,0.2357,15.6,59.2,17.75,84.89,5.524,155.88,0.5336,0.02111,0.006372,2.117,1.485,2.096,1.434,3.63,156.11,13.01,0.8018,1.506,0.5748,2.235,411.16,0.9541,47.22,0.7088,11.78,2.733e-05,0.2015,2.762,1.155,2.151,0.191,7.876,0.4729,8.008
2022-04-12T14:24:26,39991.54,3029.45,105.35,0.235,15.6,59.2,17.7,84.77,5.517,155.24,0.5301,0.02106,0.006369,2.109,1.484,2.096,1.433,3.618,155.69,13.01,0.8049,1.5,0.5748,2.229,411.08,0.9531,47.12,0.7075,11.71,2.721e-05,0.2007,2.76,1.151,2.146,0.1908,7.876,0.4728,7.993
2022-04-12T14:24:56,39978.71,3027.4,105.32,0.2345,15.63,58.9,17.67,84.39,5.516,154.96,0.5277,0.02105,0.006337,2.109,1.478,2.087,1.431,3.607,155.5,13.01,0.8049,1.496,0.5748,2.226,410.31,0.9521,47.01,0.7071,11.7,2.718e-05,0.2002,2.749,1.149,2.144,0.1906,7.853,0.471,7.987
2022-04-12T14:25:26,39972.53,3026.44,105.41,0.2346,15.57,58.8,17.68,84.45,5.517,155.16,0.5281,0.02107,0.006337,2.105,1.477,2.085,1.431,3.608,155.34,13.01,0.8049,1.498,0.5748,2.228,410.24,0.953,46.99,0.7071,11.7,2.719e-05,0.2005,2.75,1.151,2.143,0.1906,7.856,0.4712,7.991
2022-04-12T14:25:56,39970.36,3027.18,105.41,0.2346,15.58,58.8,17.69,84.45,5.516,155.05,0.5281,0.02105,0.006349,2.105,1.476,2.085,1.432,3.611,155.28,13,0.8049,1.5,0.5748,2.228,410.24,0.9527,47.03,0.7074,11.7,2.711e-05,0.2006,2.75,1.15,2.143,0.1907,7.859,0.4714,7.992
2022-04-12T14:26:26,39974.78,3025.38,105.42,0.2346,15.58,58.7,17.69,84.45,5.511,155.01,0.5267,0.02105,0.006349,2.105,1.476,2.085,1.431,3.604,155.32,13,0.8059,1.5,0.5748,2.229,410.31,0.9527,47.03,0.7075,11.73,2.704e-05,0.2006,2.75,1.151,2.141,0.1907,7.857,0.4715,7.99
2022-04-12T14:26:56,39987.22,3026.31,105.71,0.2347,15.58,58.7,17.68,84.37,5.514,155.06,0.528,0.021,0.006347,2.105,1.477,2.086,1.43,3.601,155.46,13.01,0.8059,1.5,0.5748,2.229,410.43,0.9528,47.02,0.7074,11.75,2.695e-05,0.2007,2.749,1.151,2.139,0.1907,7.858,0.4713,7.985
2022-04-12T14:27:26,39971.7,3024.5,105.67,0.2346,15.58,58.8,17.67,84.32,5.512,155.09,0.526,0.02085,0.006347,2.105,1.476,2.085,1.43,3.606,155.4,13.01,0.8059,1.495,0.5748,2.228,410.46,0.9532,46.99,0.7074,11.76,2.69e-05,0.2006,2.747,1.151,2.138,0.1905,7.851,0.4708,7.984
2022-04-12T14:27:56,39950.62,3021.71,105.63,0.2346,15.58,58.8,17.66,84.16,5.513,154.91,0.526,0.0209,0.006347,2.105,1.476,2.084,1.43,3.601,155.16,13.01,0.8039,1.493,0.5748,2.222,409.88,0.9514,46.97,0.7067,11.74,2.679e-05,0.1997,2.741,1.15,2.137,0.1905,7.85,0.4708,7.976
2022-04-12T14:28:26,39900.81,3017.31,105.35,0.2345,15.58,58.7,17.63,84.07,5.502,154.63,0.5259,0.02077,0.006347,2.105,1.473,2.08,1.429,3.6,154.61,13.01,0.8039,1.491,0.5748,2.216,409.42,0.9488,46.75,0.7058,11.71,2.68e-05,0.1994,2.737,1.147,2.134,0.1903,7.842,0.4686,7.959
2022-04-12T14:28:56,39883.73,3017.56,105.33,0.2336,15.58,58.7,17.59,83.93,5.497,154.36,0.5178,0.02075,0.006347,2.1,1.472,2.082,1.428,3.6,154.56,13.01,0.8039,1.491,0.5748,2.213,408.85,0.9469,46.73,0.7048,11.64,2.672e-05,0.199,2.735,1.145,2.13,0.1902,7.842,0.4671,7.943
2022-04-12T14:29:26,39849.71,3016.59,105.15,0.2335,15.45,58.6,17.59,83.77,5.503,154.24,0.5171,0.02079,0.006347,2.1,1.469,2.077,1.423,3.592,154.47,13.01,0.8039,1.49,0.5748,2.214,408.7,0.9465,46.68,0.7047,11.68,2.675e-05,0.1991,2.735,1.146,2.129,0.1899,7.812,0.4674,7.945
2022-04-12T14:29:56,39856.77,3017.05,105.18,0.2335,15.47,58.6,17.6,83.75,5.504,154.23,0.517,0.02087,0.00631,2.1,1.467,2.077,1.423,3.592,154.54,13,0.8039,1.489,0.5748,2.214,408.62,0.9472,46.71,0.7045,11.68,2.682e-05,0.1993,2.736,1.147,2.13,0.1896,7.815,0.4682,7.942
2022-04-12T14:30:26,39883.95,3019.67,105.22,0.2336,15.47,58.6,17.61,83.79,5.514,154.25,0.517,0.02089,0.006321,2.103,1.467,2.078,1.424,3.592,154.66,13,0.8004,1.489,0.5748,2.215,408.99,0.9474,46.71,0.7052,11.68,2.692e-05,0.1993,2.74,1.148,2.132,0.1896,7.825,0.4692,7.952
2022-04-12T14:30:56,39914.11,3023.4,105.7,0.2346,15.43,58.8,17.64,83.92,5.539,154.52,0.5194,0.02093,0.006321,2.103,1.473,2.08,1.425,3.592,154.86,13,0.8004,1.495,0.5748,2.219,409.25,0.9503,46.81,0.7065,11.68,2.692e-05,0.2,2.743,1.15,2.134,0.1899,7.835,0.47,7.957
2022-04-12T14:31:26,39920.12,3022.69,105.8,0.2345,15.43,58.8,17.64,83.92,5.536,154.52,0.5192,0.02087,0.006334,2.103,1.475,2.08,1.429,3.618,154.76,13,0.8004,1.492,0.5748,2.224,409.55,0.9502,46.86,0.7065,11.76,2.689e-05,0.2,2.743,1.151,2.137,0.1899,7.839,0.4702,7.97
2022-04-12T14:31:56,39891.19,3019.05,105.54,0.2342,15.42,58.8,17.63,83.89,5.525,154.39,0.5193,0.02082,0.006334,2.103,1.473,2.079,1.426,3.61,154.65,13,0.8004,1.491,0.5748,2.223,409.33,0.9494,46.81,0.7056,11.76,2.678e-05,0.1994,2.738,1.151,2.133,0.1899,7.842,0.4695,7.966
2022-04-12T14:32:26,39910.74,3020.62,105.69,0.2346,15.42,58.8,17.63,83.81,5.536,154.34,0.5192,0.02088,0.006311,2.103,1.471,2.08,1.428,3.612,154.64,13,0.8004,1.497,0.5748,2.224,409.49,0.9506,46.75,0.7059,11.76,2.685e-05,0.1997,2.74,1.151,2.134,0.1899,7.84,0.4687,7.98
2022-04-12T14:32:56,39901.82,3019.21,105.65,0.2345,15.42,58.8,17.62,83.72,5.517,154.25,0.5191,0.02087,0.006311,2.103,1.471,2.076,1.427,3.602,154.59,13,0.8004,1.496,0.5748,2.224,409.31,0.9508,46.81,0.7057,11.76,2.681e-05,0.1996,2.739,1.152,2.134,0.19,7.841,0.4687,7.981
2022-04-12T14:33:26,39928.25,3021.25,105.9,0.2345,15.42,58.8,17.62,83.74,5.515,154.37,0.5191,0.02081,0.00631,2.102,1.472,2.077,1.429,3.612,154.62,13,0.8004,1.496,0.5748,2.229,409.5,0.9509,46.86,0.7066,11.79,2.691e-05,0.2,2.744,1.152,2.136,0.1899,7.847,0.4689,7.985
2022-04-12T14:33:56,39916.79,3020.37,105.8,0.235,15.42,58.8,17.62,83.67,5.517,154.4,0.5187,0.02079,0.006314,2.102,1.47,2.077,1.43,3.617,154.44,13,0.8004,1.495,0.5748,2.227,409.45,0.9513,46.86,0.7065,11.78,2.688e-05,0.1999,2.743,1.152,2.137,0.19,7.851,0.4693,7.989
2022-04-12T14:34:26,39919.94,3022.3,105.85,0.2351,15.42,58.8,17.63,83.63,5.511,154.44,0.5197,0.0208,0.006314,2.103,1.47,2.077,1.43,3.597,154.49,13,0.7997,1.495,0.5748,2.228,409.39,0.9512,46.84,0.7068,11.75,2.691e-05,0.1999,2.743,1.152,2.137,0.19,7.857,0.4692,7.99
2022-04-12T14:34:56,39958.08,3024.03,105.91,0.2354,15.39,58.9,17.65,83.85,5.528,154.74,0.5217,0.02085,0.006314,2.103,1.473,2.079,1.431,3.597,154.6,13,0.7997,1.495,0.5748,2.233,409.53,0.9518,46.87,0.7075,11.75,2.694e-05,0.2003,2.749,1.152,2.14,0.1901,7.87,0.47,7.993
2022-04-12T14:35:26,40000.32,3028.55,105.96,0.2349,15.39,58.9,17.67,83.89,5.539,155.01,0.5218,0.02088,0.006306,2.103,1.478,2.087,1.433,3.621,154.67,13,0.7997,1.506,0.5967,2.235,409.76,0.9535,46.98,0.7081,11.79,2.697e-05,0.2005,2.754,1.154,2.143,0.1904,7.884,0.4704,8.006
2022-04-12T14:35:56,40036.61,3029.57,106.55,0.2332,15.39,59,17.69,84,5.543,155.03,0.5225,0.02102,0.006306,2.104,1.48,2.089,1.436,3.628,154.68,13,0.7997,1.507,0.5967,2.238,410.13,0.9537,47.07,0.7086,11.86,2.698e-05,0.2009,2.756,1.156,2.144,0.1906,7.898,0.471,8.009
2022-04-12T14:36:26,40013.54,3026.59,106.38,0.2334,15.39,59,17.68,84.11,5.545,154.91,0.5255,0.02102,0.00635,2.104,1.479,2.088,1.432,3.627,154.66,13,0.7997,1.505,0.5967,2.235,410.41,0.9521,47.05,0.7083,11.79,2.698e-05,0.2007,2.752,1.155,2.143,0.1905,7.88,0.4712,8.009
2022-04-12T14:36:56,40026.57,3027.42,106.37,0.2335,15.39,59,17.69,84.11,5.542,154.91,0.5264,0.02104,0.006332,2.104,1.478,2.088,1.431,3.623,154.6,13.02,0.805,1.505,0.5967,2.234,410.38,0.9517,47.05,0.7081,11.8,2.685e-05,0.2004,2.754,1.156,2.142,0.1905,7.885,0.4712,8.002
2022-04-12T14:37:26,39981.68,3023.95,106.25,0.2334,15.4,59,17.67,84.05,5.547,154.73,0.5264,0.02098,0.006332,2.104,1.478,2.086,1.43,3.622,154.47,13.02,0.805,1.495,0.5967,2.232,410.15,0.9512,47.04,0.7076,11.78,2.675e-05,0.2004,2.751,1.154,2.142,0.1904,7.877,0.471,8
2022-04-12T14:37:56,39979.55,3024.38,106.29,0.2331,15.39,58.9,17.67,84.05,5.521,154.6,0.5255,0.02102,0.006332,2.104,1.477,2.086,1.429,3.627,154.41,13.02,0.804,1.497,0.5967,2.23,410.02,0.9515,47.01,0.7074,11.75,2.668e-05,0.2,2.75,1.154,2.141,0.1905,7.88,0.4707,7.993
2022-04-12T14:38:26,39935.81,3020.41,106.25,0.233,15.39,58.9,17.64,84,5.531,154.43,0.524,0.02096,0.006332,2.094,1.475,2.083,1.426,3.627,154.21,13.02,0.804,1.495,0.5967,2.226,409.61,0.9505,46.96,0.7071,11.74,2.666e-05,0.1997,2.745,1.151,2.139,0.1903,7.861,0.4697,7.977
2022-04-12T14:38:56,39940.3,3022.53,106.2,0.2327,15.36,58.8,17.63,83.98,5.498,154.42,0.524,0.02094,0.006332,2.094,1.476,2.084,1.427,3.614,154.33,13.02,0.804,1.495,0.5967,2.228,409.52,0.9513,46.93,0.7067,11.75,2.667e-05,0.1999,2.747,1.152,2.139,0.1903,7.865,0.4697,7.98
2022-04-12T14:39:26,39991.11,3023.35,106.43,0.2331,15.41,58.7,17.64,84.08,5.497,154.62,0.5239,0.02095,0.006302,2.094,1.476,2.084,1.428,3.614,154.29,13.02,0.804,1.499,0.5665,2.234,409.75,0.9517,46.98,0.707,11.77,2.668e-05,0.2002,2.752,1.153,2.143,0.1905,7.868,0.4705,7.979
2022-04-12T14:39:56,39993.32,3023.57,106.46,0.2333,15.41,58.8,17.65,84.12,5.494,154.75,0.5237,0.02096,0.006302,2.098,1.479,2.084,1.429,3.614,154.36,13.01,0.804,1.498,0.5665,2.236,409.87,0.9521,46.99,0.7071,11.78,2.667e-05,0.2002,2.752,1.154,2.142,0.1905,7.872,0.4709,7.984
2022-04-12T14:40:26,39996.85,3024.01,106.31,0.2329,15.34,59,17.65,84.04,5.488,154.69,0.5269,0.02094,0.00631,2.097,1.479,2.087,1.428,3.618,154.31,13.01,0.807,1.495,0.5665,2.234,409.87,0.952,46.98,0.707,11.78,2.672e-05,0.2001,2.752,1.153,2.14,0.1906,7.868,0.4705,7.973
2022-04-12T14:40:56,40002.07,3024.61,106.39,0.233,15.42,59,17.66,84.07,5.48,154.81,0.5248,0.02097,0.006312,2.097,1.48,2.082,1.429,3.618,154.48,13.02,0.807,1.496,0.5665,2.236,409.98,0.9518,46.97,0.707,11.78,2.673e-05,0.2004,2.752,1.153,2.141,0.1906,7.873,0.4714,7.977
2022-04-12T14:41:26,39965.98,3023.63,106.16,0.233,15.44,58.9,17.64,84.02,5.473,154.69,0.5248,0.02091,0.006312,2.093,1.478,2.08,1.426,3.606,154.31,13.02,0.807,1.494,0.5665,2.235,409.85,0.9513,46.94,0.7065,11.73,2.678e-05,0.2003,2.748,1.152,2.14,0.1906,7.862,0.4712,7.976
2022-04-12T14:41:56,39987.68,3023.48,106.29,0.2329,15.44,58.9,17.65,83.95,5.482,154.7,0.5239,0.02092,0.006312,2.093,1.478,2.081,1.427,3.611,154.42,13.01,0.807,1.492,0.5665,2.233,409.81,0.9508,46.95,0.7065,11.74,2.675e-05,0.2003,2.748,1.152,2.14,0.1905,7.857,0.4715,7.976
2022-04-12T14:42:26,39995.95,3023.67,106.29,0.2328,15.4,58.9,17.65,83.95,5.484,154.71,0.5248,0.02092,0.006312,2.093,1.479,2.084,1.426,3.604,154.48,13.01,0.8009,1.492,0.5665,2.232,409.88,0.9502,46.92,0.7064,11.74,2.673e-05,0.2003,2.748,1.152,2.14,0.1906,7.851,0.4716,7.972
2022-04-12T14:42:56,39985.78,3023.86,106.28,0.2328,15.4,58.9,17.65,83.97,5.487,154.67,0.5226,0.02092,0.006312,2.093,1.48,2.084,1.425,3.612,154.49,13.04,0.8009,1.494,0.5665,2.232,409.78,0.9507,46.92,0.7063,11.74,2.671e-05,0.2004,2.749,1.152,2.14,0.1906,7.85,0.4716,7.973
2022-04-12T14:43:26,39959.87,3021.43,106,0.2318,15.4,58.7,17.63,83.91,5.473,154.5,0.5225,0.02089,0.006312,2.093,1.477,2.082,1.423,3.61,154.44,13.04,0.8009,1.487,0.5665,2.229,409.76,0.95,46.95,0.7054,11.7,2.668e-05,0.2001,2.745,1.151,2.137,0.1905,7.838,0.4718,7.973
2022-04-12T14:43:56,39954.5,3022.52,105.95,0.2319,15.4,58.8,17.63,83.9,5.489,154.54,0.5207,0.02091,0.006312,2.094,1.476,2.082,1.423,3.61,154.46,13.04,0.8009,1.489,0.5665,2.231,409.75,0.95,46.94,0.7053,11.71,2.659e-05,0.2004,2.745,1.15,2.137,0.1905,7.841,0.4712,7.968
2022-04-12T14:44:26,39952.39,3021.39,105.94,0.2319,15.4,58.8,17.63,83.82,5.484,154.49,0.5207,0.02088,0.006298,2.094,1.476,2.082,1.422,3.598,154.39,13.04,0.8013,1.488,0.5665,2.23,409.65,0.95,46.92,0.7054,11.69,2.651e-05,0.2001,2.745,1.15,2.137,0.1905,7.838,0.4717,7.963
2022-04-12T14:44:56,39960.71,3022.39,106.02,0.2321,15.38,58.8,17.62,83.85,5.483,154.53,0.5203,0.02086,0.006299,2.092,1.476,2.082,1.424,3.601,154.47,13.04,0.8013,1.488,0.5665,2.231,409.69,0.9496,46.95,0.7055,11.7,2.649e-05,0.2001,2.746,1.151,2.138,0.1906,7.845,0.4717,7.967
2022-04-12T14:45:26,39937.31,3020.73,105.97,0.2319,15.4,58.9,17.61,83.77,5.476,154.48,0.5203,0.02084,0.006301,2.092,1.475,2.081,1.423,3.601,154.39,13.04,0.8013,1.491,0.5665,2.229,409.62,0.9495,46.94,0.7051,11.7,2.659e-05,0.2001,2.742,1.15,2.137,0.1906,7.839,0.4716,7.966
2022-04-12T14:45:56,39961.55,3021.4,106.06,0.2318,15.4,58.9,17.6,83.75,5.479,154.42,0.5192,0.02087,0.006301,2.092,1.475,2.082,1.422,3.598,154.39,13.01,0.8013,1.491,0.6025,2.228,409.59,0.9498,46.9,0.7054,11.7,2.656e-05,0.2001,2.743,1.149,2.137,0.1906,7.838,0.4709,7.963
2022-04-12T14:46:26,39989.89,3022.5,106.12,0.2325,15.4,58.9,17.62,83.93,5.485,154.79,0.5199,0.02089,0.006301,2.094,1.478,2.084,1.422,3.601,154.7,13.01,0.8013,1.491,0.6025,2.232,409.97,0.9503,46.97,0.7061,11.72,2.655e-05,0.2001,2.749,1.151,2.141,0.1908,7.855,0.4721,7.975
2022-04-12T14:46:56,39993.36,3026.95,106.42,0.2327,15.4,58.9,17.63,84.08,5.51,154.95,0.5199,0.02088,0.006301,2.094,1.479,2.084,1.425,3.608,154.91,13.01,0.8013,1.496,0.6025,2.237,410.19,0.9506,47.05,0.7063,11.73,2.664e-05,0.201,2.751,1.153,2.141,0.1909,7.859,0.4726,7.975
2022-04-12T14:47:26,40006.39,3026.59,106.32,0.2326,15.4,58.9,17.65,84.02,5.498,154.86,0.5193,0.02087,0.006301,2.094,1.48,2.085,1.427,3.608,154.88,13.01,0.8013,1.5,0.6025,2.237,410.41,0.9507,47.07,0.7061,11.72,2.666e-05,0.2009,2.75,1.153,2.141,0.191,7.864,0.4727,7.98
2022-04-12T14:47:56,40016.97,3026.63,106.31,0.2326,15.4,58.9,17.66,84.14,5.499,154.82,0.5193,0.02086,0.006301,2.094,1.479,2.084,1.426,3.61,154.96,13.01,0.8013,1.5,0.6025,2.237,410.41,0.9513,47.08,0.7063,11.72,2.669e-05,0.2011,2.753,1.153,2.142,0.191,7.868,0.4723,7.981
2022-04-12T14:48:26,39990.67,3025.52,106.08,0.2327,15.38,59,17.64,84.18,5.481,154.8,0.5226,0.02085,0.006329,2.094,1.478,2.082,1.426,3.609,154.89,13.01,0.8021,1.496,0.6025,2.237,410.5,0.9501,47.03,0.7059,11.73,2.671e-05,0.2008,2.752,1.152,2.141,0.1909,7.86,0.4725,7.983
2022-04-12T14:48:56,39966.09,3025.6,106,0.2327,15.4,59,17.64,84.14,5.48,154.71,0.5226,0.02088,0.006315,2.094,1.477,2.083,1.424,3.603,154.82,13.01,0.8021,1.496,0.6025,2.235,410.45,0.9499,47.01,0.7055,11.73,2.666e-05,0.2009,2.75,1.152,2.141,0.1909,7.851,0.4722,7.995
2022-04-12T14:49:26,39957.88,3025.3,105.89,0.232,15.4,59.1,17.63,84.04,5.478,154.64,0.5237,0.02086,0.006315,2.094,1.477,2.082,1.423,3.603,154.78,13.01,0.8051,1.496,0.6025,2.234,409.99,0.9499,46.95,0.705,11.73,2.662e-05,0.2007,2.75,1.15,2.139,0.1909,7.842,0.472,7.998
2022-04-12T14:49:56,39966.07,3023.56,105.87,0.2321,15.4,59.1,17.63,83.98,5.48,154.61,0.5229,0.02087,0.006314,2.093,1.477,2.083,1.423,3.603,154.77,13.01,0.8005,1.494,0.6025,2.233,409.97,0.9495,46.97,0.705,11.68,2.664e-05,0.2007,2.749,1.15,2.139,0.1908,7.837,0.4716,7.994
2022-04-12T14:50:26,39975.32,3023.35,105.91,0.2322,15.36,59.1,17.62,83.98,5.495,154.61,0.523,0.02087,0.006304,2.093,1.477,2.083,1.423,3.604,154.79,13.01,0.8005,1.495,0.6025,2.234,409.85,0.9496,46.98,0.705,11.64,2.664e-05,0.2007,2.75,1.15,2.139,0.1909,7.84,0.4717,7.991
2022-04-12T14:50:56,39960.81,3022.21,105.69,0.2321,15.36,59.1,17.61,83.92,5.488,154.62,0.523,0.02085,0.006304,2.093,1.476,2.085,1.421,3.602,154.75,13.01,0.8005,1.491,0.6025,2.231,409.69,0.9497,46.96,0.7048,11.64,2.661e-05,0.2004,2.746,1.149,2.139,0.1908,7.84,0.4706,7.99
2022-04-12T14:51:26,39923.66,3020.03,105.57,0.2316,15.36,59.1,17.61,83.9,5.493,154.52,0.523,0.02082,0.006304,2.093,1.475,2.083,1.42,3.602,154.8,13.01,0.798,1.491,0.6025,2.23,409.61,0.949,46.94,0.7045,11.62,2.652e-05,0.2002,2.746,1.149,2.137,0.1908,7.838,0.4698,7.984
2022-04-12T14:51:56,39930.96,3018.02,105.57,0.2315,15.36,59.1,17.59,83.77,5.487,154.47,0.5226,0.02082,0.006304,2.093,1.474,2.085,1.416,3.593,154.71,13.01,0.798,1.489,0.6025,2.227,409.36,0.9478,46.89,0.7036,11.61,2.643e-05,0.2002,2.742,1.147,2.136,0.1906,7.801,0.4693,7.98
2022-04-12T14:52:26,39944.28,3019.81,105.48,0.2316,15.36,59.1,17.6,83.8,5.494,154.39,0.5204,0.02081,0.006304,2.093,1.474,2.086,1.418,3.594,154.75,13.01,0.798,1.489,0.6025,2.229,409.11,0.948,46.89,0.704,11.6,2.631e-05,0.2002,2.743,1.147,2.136,0.1906,7.807,0.4695,7.973
2022-04-12T14:52:56,39986.17,3022.53,105.58,0.2318,15.45,59.1,17.61,83.91,5.489,154.54,0.5204,0.02083,0.00629,2.095,1.475,2.088,1.419,3.6,154.85,13.02,0.798,1.49,0.6025,2.233,409.36,0.9493,46.89,0.7044,11.64,2.643e-05,0.2005,2.747,1.149,2.138,0.1908,7.818,0.4694,7.978
2022-04-12T14:53:26,39980.98,3022.83,105.53,0.2318,15.45,59.1,17.62,83.95,5.487,154.79,0.5215,0.02085,0.00629,2.095,1.475,2.088,1.419,3.6,154.89,13.02,0.798,1.49,0.6025,2.233,409.6,0.9497,46.91,0.7046,11.64,2.644e-05,0.2006,2.746,1.149,2.139,0.1909,7.828,0.4701,7.982
2022-04-12T14:53:56,39993.86,3024.85,105.65,0.2319,15.45,59.1,17.62,83.96,5.485,154.78,0.521,0.02084,0.006299,2.095,1.475,2.088,1.419,3.598,154.93,13.06,0.798,1.497,0.6025,2.233,409.67,0.9498,46.91,0.7047,11.63,2.656e-05,0.2008,2.747,1.15,2.139,0.1908,7.826,0.4701,7.981
2022-04-12T14:54:26,39989.67,3024.6,105.72,0.2319,15.45,59.1,17.63,83.97,5.488,154.79,0.5198,0.02084,0.006299,2.091,1.475,2.088,1.42,3.598,154.96,13.06,0.7979,1.497,0.6025,2.233,409.71,0.9499,46.91,0.7046,11.63,2.655e-05,0.2009,2.749,1.15,2.14,0.1909,7.815,0.4701,7.986
2022-04-12T14:54:56,39986.96,3024.79,105.7,0.2318,15.45,59.1,17.63,83.96,5.475,154.74,0.5199,0.02081,0.006299,2.091,1.475,2.088,1.419,3.597,154.96,13.06,0.7979,1.494,0.6025,2.233,409.62,0.9499,46.91,0.7046,11.63,2.653e-05,0.2007,2.748,1.149,2.14,0.1909,7.818,0.4698,7.981
2022-04-12T14:55:26,39972.11,3022.47,105.55,0.2316,15.44,59.2,17.62,83.87,5.474,154.61,0.5191,0.02081,0.006299,2.091,1.474,2.087,1.418,3.597,154.87,13.06,0.7985,1.49,0.6025,2.232,409.51,0.9497,46.9,0.7043,11.62,2.649e-05,0.2003,2.747,1.148,2.139,0.1908,7.811,0.4696,7.982
2022-04-12T14:55:56,39990.34,3024.77,105.72,0.2319,15.44,59.2,17.64,83.9,5.474,154.61,0.519,0.02082,0.006299,2.091,1.474,2.084,1.418,3.597,154.94,13.05,0.7985,1.495,0.6025,2.233,409.59,0.9501,46.9,0.7047,11.62,2.658e-05,0.2003,2.749,1.149,2.139,0.1908,7.819,0.4697,7.986
2022-04-12T14:56:26,40026.38,3027.08,105.93,0.2323,15.44,59.2,17.66,83.93,5.47,154.91,0.5202,0.02087,0.006329,2.094,1.475,2.086,1.42,3.609,155.05,13.05,0.7985,1.495,0.6025,2.239,410.13,0.9508,46.92,0.7052,11.68,2.656e-05,0.2009,2.753,1.15,2.141,0.1909,7.827,0.4702,7.993
2022-04-12T14:56:56,40027.9,3027.33,105.98,0.2325,15.43,59.2,17.67,84.13,5.49,155.05,0.5202,0.02087,0.00631,2.094,1.477,2.086,1.42,3.612,155.16,13.05,0.7985,1.495,0.6057,2.24,410.2,0.9512,46.94,0.7058,11.67,2.657e-05,0.2009,2.754,1.15,2.143,0.1909,7.846,0.4706,7.995
2022-04-12T14:57:26,40020.82,3026.66,105.9,0.2326,15.43,59.2,17.66,84.08,5.489,154.99,0.5213,0.02085,0.00631,2.094,1.478,2.085,1.418,3.623,155.24,13.05,0.7985,1.5,0.6057,2.24,410.17,0.9508,46.97,0.7056,11.65,2.658e-05,0.2008,2.753,1.151,2.142,0.1909,7.847,0.4708,7.996
2022-04-12T14:57:56,40017.43,3026.98,105.89,0.2324,15.43,59.2,17.67,84.1,5.484,154.97,0.5214,0.02088,0.00631,2.094,1.479,2.085,1.418,3.623,155.27,13.05,0.7988,1.499,0.6057,2.24,410.17,0.9509,46.96,0.7056,11.65,2.662e-05,0.2009,2.754,1.15,2.142,0.1909,7.843,0.4714,7.997
2022-04-12T14:58:26,40010.44,3026.41,105.81,0.2325,15.43,59.3,17.67,84.1,5.492,154.95,0.5222,0.02089,0.00631,2.094,1.479,2.085,1.417,3.619,155.29,13.05,0.7988,1.499,0.6057,2.24,410.17,0.9509,46.98,0.7056,11.67,2.659e-05,0.2008,2.754,1.15,2.142,0.1909,7.842,0.4715,7.992
2022-04-12T14:58:56,40017.32,3028.05,105.88,0.2328,15.43,59.3,17.68,84.16,5.489,155,0.5222,0.0209,0.00631,2.094,1.479,2.086,1.418,3.621,155.34,13.05,0.7928,1.499,0.6057,2.24,410.2,0.9516,46.99,0.7059,11.64,2.658e-05,0.2009,2.756,1.15,2.143,0.1909,7.844,0.4716,7.991
2022-04-12T14:59:26,40008.1,3027.93,105.74,0.2326,15.38,59.3,17.67,84.13,5.487,154.87,0.523,0.02088,0.006318,2.093,1.479,2.085,1.417,3.621,155.4,13.05,0.7973,1.496,0.6057,2.239,410.18,0.9511,46.97,0.7055,11.64,2.657e-05,0.2009,2.755,1.149,2.143,0.1908,7.836,0.4715,7.991
2022-04-12T14:59:56,39978.87,3026.38,105.62,0.2325,15.38,59.2,17.65,84.05,5.479,154.74,0.523,0.02087,0.006318,2.089,1.479,2.086,1.416,3.615,155.32,13.05,0.794,1.495,0.6057,2.238,410.03,0.9506,46.92,0.7052,11.61,2.655e-05,0.2004,2.752,1.149,2.141,0.1907,7.83,0.4708,7.99
2022-04-12T15:00:26,39987.71,3026.67,105.64,0.2326,15.38,59.2,17.65,84.04,5.478,154.71,0.523,0.02089,0.006318,2.089,1.478,2.087,1.416,3.615,155.34,13.05,0.794,1.495,0.6057,2.237,410.07,0.9504,46.91,0.7054,11.61,2.662e-05,0.2005,2.752,1.148,2.141,0.1907,7.831,0.4711,7.983
2022-04-12T15:00:56,39966.88,3025.62,105.63,0.2328,15.38,59.3,17.64,83.96,5.477,154.65,0.523,0.02088,0.006318,2.089,1.476,2.086,1.415,3.608,155.34,13.05,0.794,1.5,0.6057,2.236,409.96,0.9503,46.88,0.7053,11.61,2.645e-05,0.2003,2.752,1.148,2.14,0.1908,7.83,0.4713,7.981
2022-04-12T15:01:26,40013.16,3029.02,105.92,0.2334,15.38,59.3,17.66,84.09,5.485,154.77,0.523,0.02091,0.006318,2.089,1.477,2.088,1.417,3.61,155.47,13.05,0.794,1.5,0.6057,2.24,410.29,0.9509,46.92,0.7063,11.63,2.647e-05,0.2007,2.756,1.151,2.142,0.1908,7.845,0.4715,7.987
2022-04-12T15:01:56,40018.47,3029.52,105.94,0.2334,15.38,59.4,17.67,84.2,5.486,154.9,0.5234,0.02093,0.006305,2.089,1.478,2.089,1.418,3.611,155.46,13.05,0.8005,1.501,0.6057,2.24,410.41,0.9514,46.95,0.7066,11.64,2.659e-05,0.2007,2.756,1.152,2.143,0.1908,7.85,0.4722,7.989
2022-04-12T15:02:26,40017.61,3029.15,105.92,0.2334,15.43,59.3,17.67,84.21,5.495,154.87,0.522,0.02093,0.006305,2.097,1.478,2.089,1.417,3.61,155.46,13.05,0.7994,1.501,0.6057,2.241,410.2,0.9513,46.93,0.7063,11.65,2.663e-05,0.2009,2.756,1.153,2.142,0.1908,7.85,0.472,8.003
2022-04-12T15:02:56,40050.01,3030.42,106.14,0.2338,15.43,59.4,17.69,84.3,5.507,154.91,0.5219,0.02093,0.006305,2.097,1.479,2.09,1.417,3.61,155.54,13.03,0.7994,1.503,0.6057,2.243,410.27,0.952,46.93,0.7068,11.65,2.681e-05,0.2009,2.759,1.154,2.143,0.1908,7.853,0.4726,8.006
2022-04-12T15:03:26,40053.21,3030.6,106.15,0.2339,15.43,59.4,17.7,84.32,5.513,154.94,0.5222,0.02093,0.006305,2.097,1.479,2.088,1.418,3.611,155.52,13.03,0.7994,1.503,0.6057,2.243,410.72,0.952,46.97,0.707,11.66,2.685e-05,0.2012,2.76,1.154,2.145,0.1908,7.86,0.473,8.017
2022-04-12T15:03:56,40053.86,3031.82,106.26,0.2341,15.43,59.5,17.7,84.35,5.512,154.96,0.5236,0.02091,0.006305,2.1,1.481,2.087,1.42,3.611,155.53,13.05,0.7991,1.505,0.6057,2.246,410.98,0.952,46.96,0.7071,11.66,2.687e-05,0.201,2.76,1.155,2.144,0.1908,7.864,0.4731,8.038
2022-04-12T15:04:26,40066.34,3032.6,106.21,0.2342,15.43,59.6,17.7,84.44,5.522,154.98,0.5238,0.02095,0.006306,2.1,1.48,2.085,1.422,3.629,155.54,13.05,0.7991,1.506,0.6057,2.246,411.07,0.9525,46.98,0.7073,11.68,2.688e-05,0.2013,2.76,1.155,2.147,0.1908,7.865,0.4734,8.048
2022-04-12T15:04:56,40071.93,3032.84,106.32,0.2343,15.49,59.6,17.71,84.64,5.519,155.05,0.5238,0.02097,0.006306,2.081,1.48,2.085,1.422,3.631,155.51,13.05,0.7991,1.506,0.6057,2.246,411.35,0.9529,46.97,0.7075,11.73,2.69e-05,0.2015,2.763,1.156,2.147,0.1909,7.88,0.4735,8.059
2022-04-12T15:05:26,40099.12,3033.98,106.32,0.2346,15.49,59.6,17.71,84.62,5.536,155.05,0.5238,0.02098,0.006306,2.07,1.48,2.087,1.423,3.631,155.52,13.05,0.799,1.506,0.6057,2.246,411.41,0.9535,46.94,0.7081,11.7,2.691e-05,0.2016,2.763,1.157,2.147,0.1909,7.882,0.4733,8.062
2022-04-12T15:05:56,40073.48,3031.92,106.23,0.2341,15.51,59.6,17.7,84.63,5.533,155,0.5237,0.02094,0.006306,2.075,1.48,2.085,1.423,3.631,155.5,13.05,0.799,1.506,0.6057,2.243,411.41,0.9527,46.9,0.708,11.7,2.69e-05,0.2014,2.762,1.156,2.145,0.1908,7.881,0.4734,8.05
2022-04-12T15:06:26,40045.04,3028.92,106.08,0.2339,15.51,59.4,17.67,84.58,5.511,154.71,0.5237,0.02091,0.006306,2.063,1.48,2.087,1.419,3.617,155.32,13.05,0.7978,1.505,0.6057,2.241,411.15,0.952,46.86,0.7068,11.66,2.676e-05,0.2009,2.76,1.156,2.145,0.1906,7.873,0.4733,8.038
2022-04-12T15:06:56,40057.11,3030.29,106.15,0.2337,15.51,59.2,17.68,84.54,5.516,154.69,0.5204,0.02091,0.006306,2.063,1.483,2.087,1.42,3.61,155.38,13.05,0.7978,1.505,0.6057,2.241,411.06,0.952,46.8,0.7071,11.66,2.675e-05,0.2009,2.758,1.155,2.144,0.1906,7.87,0.4732,8.019
2022-04-12T15:07:26,40052.89,3031.8,106.14,0.2339,15.51,59.2,17.69,84.62,5.513,154.85,0.5229,0.02093,0.006293,2.065,1.482,2.087,1.421,3.614,155.39,13.05,0.798,1.512,0.5947,2.242,411.16,0.952,46.81,0.707,11.7,2.677e-05,0.201,2.761,1.155,2.145,0.1906,7.882,0.4732,8.024
2022-04-12T15:07:56,40043.58,3031.94,106.15,0.2339,15.51,59.3,17.69,84.67,5.509,154.8,0.5257,0.02092,0.006293,2.065,1.484,2.087,1.42,3.614,155.41,13.05,0.794,1.509,0.59,2.242,411.21,0.9525,46.81,0.7073,11.72,2.677e-05,0.2012,2.761,1.155,2.145,0.1907,7.881,0.473,8.021
2022-04-12T15:08:26,40032.23,3032.05,106.18,0.2339,15.47,59.2,17.69,84.73,5.508,154.76,0.5257,0.02092,0.006293,2.062,1.485,2.086,1.421,3.616,155.46,13.05,0.794,1.51,0.59,2.242,411.28,0.9525,46.79,0.7074,11.72,2.681e-05,0.2011,2.76,1.155,2.145,0.1907,7.877,0.4731,8.022
2022-04-12T15:08:56,40031.22,3030.82,106.04,0.2337,15.47,59.2,17.68,84.71,5.511,154.65,0.5259,0.02091,0.006293,2.057,1.483,2.086,1.421,3.621,155.48,13.05,0.794,1.511,0.59,2.242,411.3,0.952,46.76,0.7074,11.72,2.681e-05,0.201,2.759,1.154,2.145,0.1907,7.879,0.473,8.021
2022-04-12T15:09:26,40004.35,3028.3,105.86,0.2334,15.47,59.1,17.67,84.63,5.509,154.6,0.5256,0.0209,0.006293,2.044,1.483,2.087,1.419,3.614,155.38,13.05,0.794,1.508,0.59,2.239,410.95,0.9518,46.74,0.7069,11.72,2.678e-05,0.2009,2.756,1.153,2.144,0.1907,7.87,0.4727,8.019
